:020000040800F2
:10000000F0FF0120B59804081D990408B981030880
:100010001D9904081D9904081D990408000000009A
:100020000000000000000000000000001D9904080E
:100030001D990408000000001D990408B17C030804
:100040001D9904081D9904081D9904081D990408A8
:100050001D9904081D990408458303083D8303087E
:10006000358303082D83030825830308618D040865
:10007000518D0408418D0408318D04081D8D04083C
:10008000098D0408F58C04081D9904081D990408BD
:1000900099C400081D9904081D9904081D830308CC
:1000A00009710408D9710408F97004080172040880
:1000B000C9710408B9710408A971040829920408D7
:1000C00035920408119204081D9204081D99040831
:1000D0001D9904083D7D03082D7D03081D7D03083F
:1000E000158303081D9904081D9904081D99040827
:1000F000297104081D990408197104081D99040840
:100100001D9904081D990408997104081D99040893
:100110000D7D0308FD7C03082D71040859BC0008FF
:10012000CD8C0408B98C0408A58C0408918C0408B3
:100130007D8C04081D9904081D9904081D99040864
:100140001D9904081D9904081D9904081D990408A7
:100150001D9904081D9904081D9904081D99040897
:100160001D9904081D9904081D9904081D99040887
:100170001D9904081D9904081D9904081D99040877
:10018000E97004081D990408E1910408ED91040840
:100190001D990408000000001D9904081D99040819
:1001A0001D9904081D9904081D9904081D99040847
:1001B000F9910408059204081D9904081D99040882
:1001C000E18C0408698C0408558C0408418C0408EF
:0801D0001D9904081D990408A3
:0801D800149404000100000072
:08280000082800080040000850
:04400000FFFFFFFFC0
:106000001148002302461178032902F1060215D037
:106010000133062BF7D1436A052B0ED05A1C03EB34
:106020004303426200EB4303032040F2EB3140F2B2
:10603000FF32187059809A807047704703EB430312
:1060400000EB4303F0E700BFC80C00200A44914274
:1060500017D010B40139541E11F8013F08225840DE
:10606000430010F0800F08BF400083F0D50314BF39
:10607000D8B2C0B2013AF3D1A142EDD15DF8044BE0
:1060800070477047037870B42BB30246C0F1010526
:10609000531912F8014FDBB2002CF9D101335B0028
:1060A0000E4C0B80032284F8283084F829200178D4
:1060B00079B1022300265A1CE51854FA82F285F8B9
:1060C000281082F8286010F8011F0233DBB2002983
:1060D000F1D170BC70470223E2E700BFC80C00207A
:1060E000826D136A5B681B78FF2B08D090F8D03064
:1060F000013BDBB280F8D0301BB10120704700209B
:106100007047126A526802201370704770B4C30857
:106110000D4CE25C00F00706B24004EBD004D2B2B2
:106120000020C6F108038B4228BF0B46C3F10805C7
:106130002A419840C91A40EA02004FF0000614F8BC
:10614000012FEED170BC7047300E002030B5EFF358
:106150001181802383F312880A4AD2F8FC31D2F8E5
:106160000042D2F8FC01D2F80052CAB282F3118880
:10617000013BA84294BF4FF4006000201B1B184451
:1061800030BD00BFC80C0020012380F8513070479B
:10619000014BD3F804027047C80C0020012070475F
:1061A000014BC3E982217047C80C0020014BC3E9B1
:1061B00084217047C80C002070477047212838B5EB
:1061C00005D0222827D020280FD0002038BD002954
:1061D000FBD0072AF9D1174B1C6818795A799B799B
:1061E0000C6008714A718B71EFE70029EDD0072A26
:1061F000EBD111480F4B0C79D0F80C224D791C7162
:106200008C7909685D719C711960002ADDD0D0F825
:1062100008029047D9E70029D7D0022AD5D1064AEB
:10622000D2F81432002BD0D00988D2F81002984747
:10623000CBE700BF00000020C80C00200020704702
:106240000A2303800048704708000020642303806D
:106250000048704714000020012901D00020704739
:10626000014BD3F89030184700000020012901D0DD
:1062700008F0F8BB014BD3F88C3018470000002021
:10628000014BD3F8883018470000002010B40B7879
:1062900003F00303012B0A46044605D0022B0BD062
:1062A00000205DF8044B70478B8843B920461146A7
:1062B0005DF8044B0AF0C2BC8B88832BF6D0034BED
:1062C0005DF8044BD3F88030184700BF0000002071
:1062D00038B5054B0446DB6F0D46984729462046E6
:1062E00009F07EFB002038BD0000002038B5054BCA
:1062F00004469B6F0D4698472946204609F0A2FBAD
:10630000002038BD000000200023F0B452004F1CD4
:106310001E46B0F1204F4FEA107404F130052ABF39
:106320003734CD54CC54FE5402339A424FEA001015
:10633000EFD1F0BC704700BF08B50248FFF7A2FEDE
:10634000014808BD68220508F00C002008B5024885
:10635000FFF798FE014808BD78220508F00C0020E0
:106360000B4A0C4B10681B681A22C0180A8001D116
:106370000948704710B5094B09491C680822FFF706
:10638000C3FF204607490422FFF7BEFF024810BDA5
:106390009075FF1F9875FF1FB00000209475FF1FB8
:1063A000B2000020C200002008B50248FFF76AFED4
:1063B000014808BD84220508F00C002008B50248F9
:1063C000FFF760FE014808BD90220508F00C002090
:1063D000042301480B807047CC000020A0B18268E4
:1063E0000D4B12B107229A7070471978DA600329B1
:1063F0004FF004000CBF80214FF48071C3E90111FC
:106400001A611A7598707047034B41F2E4710122CA
:106410005A545A70704700BF406800200378022B1E
:1064200010D0006908B9012070470C4B1B78032B72
:106430000EBF0B4B80B24FF6F773984294BF00200B
:10644000012070470549436841F650028A58B3EB72
:10645000422F2CBF01200020704700BF4068002061
:10646000F7FFFF0F0378022B14D030B4104A4368B3
:10647000006941F6480402F5C2511559096841F610
:106480003C042B4012595B0A023801FB00301044D7
:1064900030BC7047064B426841F6340141F630008B
:1064A0005958185800EB410000EB5220704700BFCC
:1064B0004068002000487047180E0020034B93F8F6
:1064C0004C01032894BF002001207047C80C002015
:1064D000836D1B6A5B681B78FF2B0AD190F8D03064
:1064E000002B03F1FF3380F8D03014BF01200220CD
:1064F00070470020704700BF034B93F84C010038F1
:1065000018BF0120704700BFC80C00202DE9F843D8
:10651000884600294FD04718284C07F1FF39461EFE
:106520008025EFF3118185F31288D4F8FC21D4F88B
:106530000002D4F8FC31D4F800C2C9B281F311884A
:10654000634594BF4FF400630023121A1344012BD8
:106550001AD1012031F0A2FBEFF3118185F31288EB
:10656000D4F8FC21D4F80002D4F8FC31D4F800723D
:10657000C9B281F31188BB4294BF4FF4006300237A
:10658000121A1344012BE4D0EFF3118285F3128821
:10659000D4F8003216F8011F2344D2B283F818123F
:1065A000D4F800320133C3F30A03C4F8003282F393
:1065B00011884E45B5D14046BDE8F883C80C00208F
:1065C000F8B590F85050002380F85030D5B10F4EF8
:1065D00096F88C2C032A17D1D6F8C47C00F13C0421
:1065E00029462046FFF792FFD6F8C43CDB1B322B2E
:1065F000A5EB0005044401D8002DF1D1B5FA85F0D2
:106600004009F8BD0120FCE71846FAE7C80C002055
:10661000002280F85120D3E790F85020531C024408
:10662000DBB280F8503082F83C1090F851200AB16B
:10663000132B00D9C4E77047F8B50C4E96F88C3C84
:10664000032B0D4614460FD1D6F8C47C002C0BDD6D
:1066500021462846FFF75AFFD6F8C43CDB1B322BF5
:10666000A4EB00040544F1D9F8BD00BFC80C00201C
:1066700010B5134A134B8CB00821069302F5C07075
:10668000002382F8F8110DF1070401226944CDE9D5
:106690000733CDE9034202938DF8143009930B932D
:1066A0008DF8282032F0BEF8074832F0D9FA9DF86C
:1066B0000700A0F1FF00B0FA80F040090CB010BD57
:1066C000C80C0020E1600008480E002070B592B0B0
:1066D0000B0E0D0C40F04006952204468DF8081074
:1066E000080A01A98DF805308DF80650002306250B
:1066F0008DF807008DF809200DF1030001220391A8
:1067000015498DF80460CDE90733CDE90D33CDE9A6
:10671000090204938DF818308DF82C300F931193E3
:1067200005958DF840200C91FFF7A2FF00B984B9C0
:106730000A4C082304F5C07003A984F8F83132F03C
:1067400071F804F5C07032F08BFA9DF8030012B0B6
:1067500070BDFF2012B070BDD1640008C80C0020CD
:1067600030B5114A114B8DB002F5C0740146069345
:106770002046002382F8F8110DF10705012202A935
:10678000CDE90733CDE9035202938DF81430099314
:106790000B938DF8282032F045F8204632F060FA4D
:1067A0009DF807000DB030BDC80C0020D164000872
:1067B00070B51D4D90B00024FD2201260DF103039C
:1067C00001A905F5C0708DF803200693CDE90144B9
:1067D000CDE90A44CDE90C44C5F848418DF8104094
:1067E000059407948DF824400F94039608968DF82D
:1067F000386032F017F805F5C07032F031FA3046E3
:10680000FFF7AEFFFF2809D0D5F8C43CC5F83C31EE
:106810002046092385F84C3110B070BD04230220B6
:1068200085F84C3110B070BDC80C002070B506461C
:1068300090B008200D46FFF793FFFF2823D0FE28D5
:1068400002D0022010B070BD00240222012301A951
:106850000E4808928DF83830CDE90544CDE90A4458
:10686000CDE90C440296039501948DF810400794ED
:106870008DF824400F9431F0D5FF044832F0F0F940
:10688000204610B070BD012010B070BD480E002031
:106890002DE9F84F4D4B984210D003F5685308335B
:1068A000984255D04A4B0020A3F8300DA3F83C0D78
:1068B000C3F8340DC3F8380DBDE8F88F444C454F8C
:1068C000DFF81C810223C4F8C83C04F6CC4600253E
:1068D000D7F8D030AB42294605F1010503D0D4F8F2
:1068E0004C0D3FF0B7F994F8503DD4F84C2D86F894
:1068F00024303262304641463FF0C0FBD4F8C83CF9
:106900009D4206F13006E3DB002384F83E3DD4F8D7
:10691000C81CB4F8D02CD4F8D83CD4F8D40CB4F8B3
:10692000DC5CC4F85C3D12FB01F203FB01F3A4F84C
:10693000302DB4F8D21C284AC4F8340DC4F8383DC0
:10694000A4F83C5DA4F8321DC4F82C2D0120B3E757
:106950001F4C204F0223C4F8C83C04F6CC454FF02E
:10696000000B4FF4806A4FF040094FF40068D7F8ED
:10697000D02001265A455946B34403D0D4F84C0DD3
:106980003FF068F9D4F84C1D94F8502D296285F831
:1069900024204FF400314FF00062C5E90212A5F83F
:1069A00004A0A5F81090A5F80680AE74FFF728FBA8
:1069B00028466E763FF0AEFAD4F8C82C074B45F85F
:1069C000303B9345D3DB84F83E6DA0E71971EF00AF
:1069D000C80C00200000002060CC040834CC04085F
:1069E0001940EF002DE9F04103792C4C002B14BF26
:1069F000012200228AB084F8782104D184F84C3135
:106A00000AB0BDE8F081054604F5C07795F900109D
:106A1000384632F027F8AD789DBB214B2148C4F8A9
:106A200088514FF00108C4F8F43184F88C8132F0B9
:106A30005BF81D4E03464FF47A70A4F8843131F0B0
:106A40002DF9D4F8880131F0D7FA0FCE6D460FC575
:106A50000FCE0FC596E8030085E803006946384667
:106A600031F0E0FE384632F0FBF8D4F8C42C84F85C
:106A70004C810023C4F83C2184F840310AB0BDE8C1
:106A8000F081284631F000FA054608B11E23C38084
:106A90000D21284631F068FABFE700BFC80C00207E
:106AA000F00D0020801A06008CCC04080F4B07B5AF
:106AB000D3F8D4205208B2FBF1F3B3F5803F02D3F0
:106AC000012AF7D8F9E799B2019040F0FBFC084998
:106AD000084A019841F2CC53CA5001F5AE51002248
:106AE0000C3103B05DF804EB40F0D0BB0000002097
:106AF000C80C00209198010810B5074C04F5C0702F
:106B000032F0AEF80A2031F0BDF8D4F88801BDE8C3
:106B1000104031F071BA00BFC80C00202DE9F843D5
:106B20001B4C94F84C61042E0546894690461F463E
:106B300008D0082E02D00020BDE8F883FFF738FE09
:106B40000228F8D1D4F8880131F050FA94F8423193
:106B5000A3B969021120FFF7B9FDA8B9D4F8C43C64
:106B6000C4F828910522C4E94D87C4F82C5184F853
:106B70004C21C4F83C310120BDE8F883294611209E
:106B8000FFF7A4FD0028E9D0FFF7B6FFD3E700BF69
:106B9000C80C002010B50C4640F0F2FF58B9084B65
:106BA00093F8DC34012B4FF012030BBF0548064865
:106BB0002380238010BD12230448238010BD00BF12
:106BC000C01D002000010020EC000020D8000020A3
:106BD00010B509F041FF104C58B194F84C31032B1B
:106BE00013D894F840310133DBB2072B84F84031DD
:106BF00003D9002384F84C3110BDD4F8C43CC4F848
:106C00003C31012384F84C3110BD044831F06CFF55
:106C1000A4F88401E5E700BFC80C0020801A060034
:106C200070B51E4C94F84C31042B06460D4609D025
:106C3000082B23D1D4F8443183422DD0FFF7B8FD7F
:106C400002281BD1D4F8880131F0D0F90021372077
:106C5000FFF73CFD29461720FFF738FDB0B994F83F
:106C600042316BB971021920FFF730FD70B908236A
:106C7000C4E9516584F84C31022070BD012070BD1B
:106C800031461920FFF722FD0028F0D0FFF734FF2E
:106C9000FFF79EFF032070BD022070BDC80C0020CE
:106CA0002DE9F8432A4C0546884617461E4694F8B7
:106CB0004C01042831D0082807D1D4F84431AB4224
:106CC00006D0FFF775FD0228F1D00120BDE8F8835A
:106CD000FC22204BDFF884901F4883F8E024C9F899
:106CE0003C8131F0CFFD002814BF4FF400734FF406
:106CF00080731948C9F8443109F58A7131F092FD61
:106D000001220623C4E94A85C4E94D7684F830217E
:106D100084F84C310020BDE8F883D4F8880131F0C4
:106D200065F994F8423153B969021820FFF7CEFC97
:106D300038B994F84C31082BCAD0FE22C9E729464D
:106D4000F3E7FFF7D9FEFFF743FF0320BEE700BFDD
:106D5000C80C0020C01D0020480E002000000020AC
:106D60002DE9F047D04C94F8786194B0002E00F0F3
:106D7000958194F84C2104F5C07704F5B478531E3E
:106D8000082B00F2A480DFE813F0390062002E0126
:106D9000A2009000B4001B00A2000900FFF768FCED
:106DA000002840F04282D4F83C31D4F8C42CFA33A5
:106DB000934280F08980FFF70BFF94F84C21DEE7C7
:106DC000FFF756FC0028EED0D4F848310022012B02
:106DD00084F8402140F24082D4F84421013B511C08
:106DE000C4E95113082284F84C21A2F10806B6FA2E
:106DF00086F67609304614B0BDE8F087D4F88801ED
:106E000031F0F4F800210846FFF760FC0546FFF773
:106E100073FE012D58D1D4F888014FF0000984F891
:106E2000419131F0E3F840F2AB110820FFF74EFC3E
:106E3000052800F07A81012800F03C81FFF75CFE14
:106E400094F84121002ACED0022384F84C31D4F8A2
:106E5000880131F0CBF894F84131022B0CBF4FF090
:106E60008045002500213720FFF730FC29462920E6
:106E7000FFF72CFC0546FFF73FFE2DBB94F8413190
:106E8000022B00F0818184F84251D4F8880131F05E
:106E9000ADF800210920FFF719FC002872D0FFF798
:106EA0002BFE94F84C21531E11E0D4F828014FF426
:106EB0000071FFF7BBFC012800F01B81022800F0E5
:106EC0002081002800F04C8194F84C21531EDBB245
:106ED000022B0AD8D4F8C43CD4F83C115B1AC82B56
:106EE00083D9FFF775FE94F84C21042A7FF47DAF17
:106EF00080E7D4F880316D481D6A31F0C3FC00286A
:106F000000F01681B5FA85F56D09002DDCD004A9D5
:106F100000250DF10F0302224FF0010905913846BB
:106F200005A9CDE90B390792CDE90955CDE90E55F3
:106F3000CDE91055ADF8105006958DF820508DF81C
:106F4000345013958DF8489031F06CFC384631F090
:106F500087FE9DF80F3003F01F03052B00F06E81B4
:106F6000FFF736FED4F834A1BAF1000F00F0DA8052
:106F70002A46D4F83831D4F82C114846D04794F832
:106F80004C21FCE610214046FFF750FC0546002846
:106F900085D101217F20FFF7B9F8012881467FF4D0
:106FA0007EAF28460221FFF7B1F8002800F01E81CD
:106FB00001287FF474AF16213A20FFF7A7F80130BB
:106FC0008002C4F85001FFF797FDD4F8880131F032
:106FD0000DF800210A20FFF779FB002840F0FF8020
:106FE000032384F84C31102105A8FFF71FFC00286B
:106FF0007FF46AAF9DF821309DF822109DF81C2087
:107000009DF815509DF816001B01DBB243EA1113E1
:1070100003F5FA63A4F86231DDF81D3001F00F01C9
:1070200084F864111BBA110902F00F0240EA05202E
:1070300084F8601184F861219DF814109DF81720E0
:10704000C4F85C31069BC4F85831A4F8540184F8A4
:10705000561184F85721FFF74FFD94F8423173B968
:10706000D4F8880130F0C2FF4FF400711020FFF710
:107070002DFB0546FFF740FD002D7FF49CAE0C482C
:1070800031F032FD00220423A4F884013046C4F814
:10709000482184F84C3114B0BDE8F087304684F8BC
:1070A0004C6114B0BDE8F087C80C0020480E0020E9
:1070B00040787D01042304AA8DF8340005A96E48A8
:1070C00007930692CDE90999CDE90B99CDF8149073
:1070D0008DF82090CDF8389031F0A4FB664831F05F
:1070E000BFFD9DF81330AB2B04BF022384F8413160
:1070F000A4E6D4F83C31D4F8C42C64339342BFF4F2
:10710000E3AEFFF7F9FCFFF763FDD4F834514DB15E
:1071100000221046D4F83831D4F82C11A84794F83E
:107120004C212CE694F84C2129E684F8415185E65F
:10713000D4F8283194F83011024603EB0121384687
:107140004FF4807331F072FD94F830310133DBB2CB
:10715000A3F10205B5FA85F584F830316D09D4E65E
:107160000190FFF7C9FCD4F83451019884F840012C
:10717000042384F84C31002D3FF43CAED4E94A217D
:10718000D4F83831A8479FE6D4F8880130F02EFFB4
:1071900029463A20FFF79AFA04A9042281460123DE
:1071A0000691384605A9CDE90955CDE90B55059558
:1071B0008DF820500E9507928DF8343031F032FB67
:1071C000384631F04DFDB9F1000F08D1FFF794FCBE
:1071D000049B1BBAC3F3807384F8423155E6FFF772
:1071E0008BFCFFF7F5FC94F84C21C8E504212C201A
:1071F000FEF78CFF032105464E20FEF787FF0C218A
:1072000082463620FEF782FF0AF1020A431C03FA87
:107210000AF309FA05F0A3FB0001430A43EAC1534C
:10722000C4F85031FFF768FCCFE60190FFF764FC2B
:1072300001980423064684F84C31DBE5D4F8345138
:10724000D4F8C43CC4F83C31072284F84C21002D0A
:107250003FF4CBAD484691E708D0042384F84C3185
:10726000FFF74AFC94F84C21531E30E6FFF7A0FAD2
:1072700002287FF429AE12E6480E002043090122BD
:1072800000F01F00013B86B002FA00F0042B0CD87E
:10729000DFE803F0161F28030D00174BDA6D0243D9
:1072A000DA65DA6D10400190019B06B07047124B11
:1072B0009A6C02439A649A6C10400590059BF4E71F
:1072C0000D4BDA6C0243DA64DA6C10400490049BD4
:1072D000EBE7094B1A6E02431A661A6E10400390D0
:1072E000039BE2E7044B9A6D02439A659A6D104046
:1072F0000290029BD9E700BF0010024008B50121AF
:10730000032040F013FC72B63EF03EFBF0B5D0F81F
:1073100000C0134CDCF8045085B0254045EA010458
:107320000A9F039344F0004444F490341546CCF88B
:10733000044019463A4606460BF060FB68B93168CE
:10734000039B8D6202460097304640210BF086FB7E
:10735000003818BF012005B0F0BD012005B0F0BD18
:10736000009800FCF8B5144F04460D460AE09B69EE
:10737000DB0602D50BF000FBD8B9D7F8E4345B1B71
:107380000A2B09D823689E69B6062A464FF00A01DF
:107390002046ECD50020F8BD636C202100220B4371
:1073A000636484F8402084F8411084F8422001206E
:1073B000F8BD0120F8BD00BFC01D0020164BDB68E2
:1073C000C3F3022310B4C3F107041A1D042C28BF11
:1073D0000424062A4FF0FF3202FA04F28CBF033B6A
:1073E000002321EA0201002801FA03F10ADB00F17F
:1073F000604000F561400901C9B280F800135DF8F2
:10740000044B7047054B00F00F0009010344C9B25B
:1074100019765DF8044B704700ED00E0FCEC00E0ED
:10742000284B294AD3F8D430284910B5A2FB0323AE
:10743000274CDB0C82B00022013BC4F8E81404F5B1
:107440009D6041F28731C4F8EC34C4F8F414C4F8F8
:10745000F824C4F8F0240AF029FC1E4B9A6D42F07F
:1074600020029A659B6D03F02003019306213720CB
:10747000019BFFF7A3FF1849D4F8E834174A4FF4EB
:1074800000004860D96841F00101D96099680A405C
:10749000062A06D0B2F5803F03D01A6842F00102F6
:1074A0001A600F4B0F49D3F8A82C002003F506747F
:1074B000C2E98114C2F81002C3F81402C3F80C0226
:1074C00002B010BD0000002083DE1B43001400400A
:1074D000C01D00200010024000E100E00700010094
:1074E000C80C0020E8220020F0B589B00D46044603
:1074F00030F006FF031E1CDB164A174E1A4406EB3B
:10750000830392F88070C3F8285D204630F01EFF98
:107510003E44A588114A2068002303A9CDE905331C
:107520000793CDE903520BF015FB96F8683DF02B5D
:1075300001D809B0F0BD0A4B0321D8570190F023C0
:1075400086F8683DFFF73AFF01980CF0BDFA09B0E4
:10755000F0BD00BF34CC0408C01D00200000111095
:10756000E0220508B0B10C49D1F8703D102B03D1D1
:107570000521002030F094BE03EB43020A4482F858
:10758000740D202082F8750D0120034482F8760DD9
:10759000C1F8703D704700BFC01D00208078E1E752
:1075A0002DE9F04FDFF8A4B089B0542200210BF68A
:1075B000A45045F0ABF940F24C421B490BF6F85091
:1075C00044F042FA194B93F84C211AB193F84D212B
:1075D0008BF8A42D93F84E211AB193F84F218BF814
:1075E000C82D93F852211AB193F853218BF8BC2D72
:1075F00093F850211AB193F851218BF8B02D0C4912
:107600000C4A0D481288098800880C4DC3F868118F
:107610000B4C0C4EC3F86401511A00270A4A92FB26
:10762000F1F2C3F86C2118E0C4CC0408B82E002095
:10763000A875FF1FCA75FF1FAA75FF1F000021C391
:1076400034CC0408642B002080380100C01D0020C9
:107650000137072F06F10C0628D0042F00F04B81CC
:10766000052F00F0708130780028F1D0BA4A00234D
:107670000133312BECD012F80C1F8842F8D103EB08
:10768000430CB64904EB8C0C00220868DC3128B1AD
:107690009CF8DD041041C00700F178840132052A0E
:1076A000F3D10137072F06F10C06D6D1AC4CDFF829
:1076B000DC82DFF8DCA2DFF8DC92AA4FAA4E0025BC
:1076C00054F8083C002B00F0AF80D4F8D020002AFA
:1076D00000F0AA80DC2202FB05B22360D2F85C1E17
:1076E00041F00201C2F85C1E9A6812F0040F9A6819
:1076F00040F05C81110700F15981DA6842F4001210
:10770000DA6020460CF0EEF9002800F0FB812368D7
:1077100096495A68DFF880C202EA08025A6040F2CD
:10772000FF721A609A6822F0A0429A609A6842F04A
:1077300000529A60DA6802EA0A02DA60DA6842F015
:107740000042DA601A6902EA08021A615A6902F014
:1077500080425A619A6902F078429A611A6A02F08C
:10776000F0221A625A6A02F0FF225A629A6A02F002
:10777000FF229A621A6B02EA09021A635A6B3A40B4
:107780005A639A6B3A409A63DA6B22F4FB6222F0F6
:107790000702DA631A6E0A401A665A6E0A405A667F
:1077A0009A6E0A409A66DA6E1140D966D3F8A02024
:1077B00002EA0C02C3F8A020D3F8A42002EA0C02CB
:1077C000C3F8A420D3F8B02002EA0C02C3F8B0201A
:1077D000D3F8B420B3F1A04F22F07F12C3F8B42045
:1077E000634A00F05582934200F05D82614B62492A
:1077F000624A9B68896892680B431343DB0704D491
:107800005F4B9A685F490A409A60DC2202FB05B22E
:107810000023C2F8603EC4E91933C2F85C3E84F824
:107820005830002840F097800135052D04F1DC0424
:107830007FF446AF0024DFF86491274659F8743C82
:1078400023B1D9F86430002B40F0D5800137052FE3
:1078500009F1DC09F2D10026404DDFF844814A4F9E
:1078600034462B68002B00F0F681D5F8D820002A8A
:1078700000F0F181A968B1F1A04F00F01282DFF8A9
:10788000F0C0394B3E48614518BF03469B68886885
:1078900040072FD495F8600001282BD003F01F0378
:1078A0000120092B85F8600000F2648340F221205A
:1078B000D840C00740F15E83886810F0010040F0B6
:1078C0004281D1F808E0DFF8DCC01EEA0C0F00F0BE
:1078D0002081DC2303FB04B4D4F85C3E84F8580E0A
:1078E00043F01003C4F85C3ED4F8603E43F001035B
:1078F000C4F8603EFEE74FF0000C62464FF4803162
:10790000AE46DC2303FB02B23078D2F8D03E86F8D4
:1079100001C00B434FF0070C0121C6F804E0C2F888
:10792000D03E86F80AC0717200283FF491AE30F064
:10793000ABFAFB1DDBB210B100228371C2710321CF
:1079400030F012FB84E64FF0000CDFF85CE062469A
:107950004FF48021D5E7FEE710D10408B82B0020B2
:10796000C02B0020200882E00003005000F0FF033D
:1079700000010050000400500005005000060050B7
:1079800000070050E01000FEC0FFFF7F00F8FFFF7F
:1079900004000080300882E00000F8FF2C2C00205A
:1079A000FEF0FFFF3F000080000084CBDA68920108
:1079B00005D5A18B40F20112914200F0C5829A6870
:1079C000520703D59A68910740F10A849A68120712
:1079D00003D59A68910740F1AE820C21DBF8E404EC
:1079E00005E0DBF8E424121A052A00F23D819A68CA
:1079F0000A42F6D181E619F8700CFFF73FFCD9F87E
:107A0000643059F8742C49F86C2C99085A0801F024
:107A1000333102F077320A44D9089B1A01F011324F
:107A20009B1A03EB131303F00F33FF22B3FBF2F2A5
:107A3000C2EB02229B1A002249E9192249E91022CD
:107A40004FF40020DC2149F84C3C49F8680C012334
:107A500049F85C2C09F8502C09F8482C09F82C2C12
:107A6000059201FB07B108204FF4805249F8583CB9
:107A700009F84F3C09F8343C49F8540C49F8302CCB
:107A8000D1F85C3E002B00F07C8259F86C3C9A687F
:107A9000960005D59A6822F0204222F03F029A60B3
:107AA0009A68D50016D49A6883498448D1F8D410CE
:107AB000B1FBF0F122F0104222F03F0242F080527E
:107AC0009A600591059A2AB1059A013A0592059A9C
:107AD000002AF9D19A68D00040F11D8200259A68E9
:107AE000510740F1FD80DC2303FB07B3D3F85C3E74
:107AF000DC2303FB07B3D3F85C2E42F01002C3F87B
:107B00005C2EFEE7DC2303FB05B30122C3F85C2EE9
:107B1000FDE58868384040F001008860DBF8E4C487
:107B20000EE08868C00704D48868384040F001003F
:107B30008860DBF8E404A0EB0C00022800F2EF837D
:107B40000868C007EDD54FF0DC0C0CFB04BCDFF877
:107B50008CE1DCF85C0E00EA080040F480707145AE
:107B6000CCF85C0E00F01E825548814200F01A826B
:107B7000DC2303FB04B3D3F85C0E20F48010C3F8BD
:107B80005C0EDC2303FB04B34FEA920ED3F85C0EC9
:107B900010F480501CBFD3F8600E20F00600C3F82C
:107BA000600EE86D474BC362474B0363474B43632B
:107BB0001C230B60D1F804C053080EF0333E03F0D1
:107BC000773373444FF000094CF0100E4FEAD20C9B
:107BD00085F86090D31AC1F804E00CF01132D1F8A6
:107BE0000CE09B1A03EB1313394A03F00F334EF0EA
:107BF000010E4FF0FF0CB3FBFCFCCCEB0C2CA3EB09
:107C00000C03C1F80CE002EB460240310BF0F4FD2E
:107C1000AA6893683B4043F004039360002840F057
:107C20007C83D5F8D8302B4A5908980800F03330B7
:107C300001F077310144D8085B1A00F011315B1A6A
:107C400003EB131303F00F33A2FB0312D209C2EBB1
:107C500002229B1A1E440134052C05F1DC057FF439
:107C600000AE09B0BDE8F08FDC2202FB05B20120B6
:107C7000D2F85C1E41F01001C2F85C1ED2F8601E02
:107C80000143C2F8601EDA6842F40012DA603EE591
:107C90009B6892681343DB073FF5B7ADB268334684
:107CA000B0E50D4BF2E54FF0A04292689B6813439C
:107CB000DA07F3D5A9E500BF00000020400D03005E
:107CC00000050050C1ED0008BDED0008A9ED000859
:107CD000002E0120818080800003005000010050B0
:107CE000DC2202FB07B2D2F85C1ECE063FF500AFE5
:107CF000D2F85C1E21F4817141F00201C2F85C1ED1
:107D00009A68D2071AD4B3F1A04F00F07382CB4A1D
:107D1000934200F07882CA48CA4902F540729268DC
:107D20008068896802430A43D60707D4C648826838
:107D300059F8681C22F47C120A43826059E9191030
:107D400059F8302C02430A4319F84F0C19F8481C13
:107D500042EA4032012942EA014204D159F8441C66
:107D6000013942EA414259F8401C29B159F83C0C0A
:107D700001F4787101430A43DE68B44959F8380CBC
:107D800031400A43DA601A6922F0406202431A6104
:107D900099689A6801F0040102F008020A4327D1A9
:107DA000D96819F8342C19F8506C59F85C0C21F486
:107DB0008041520021F0020142EA86320A43DA6031
:107DC0001A69002840F0898222F480321A61D3F8BF
:107DD000C02022F47F5222F03F02C3F8C02019F8DD
:107DE0002C2C012A00F086821A6922F001021A6105
:107DF00059F8582C012A00F067821A6B22F00F0202
:107E00001A63DC2606FB07B606F65C68D6F85C3E0D
:107E100023F0030343F00103C6F85C3E002D40F05D
:107E2000DE8119F8143C0695012B00F0D781A9F1E9
:107E30006C0303931846012309F8143C0BF052FE1F
:107E4000002840F0C381D6F85C3E814923F4885372
:107E500023F0020343F00203C6F85C3E59F86C2C91
:107E6000936823F0404323F03F0343F000439360C3
:107E70009368002BC0F21282DC2101FB07B10022C3
:107E8000D1F85C3E734DDFF8C0A1DFF8DCC1009291
:107E900023F0030343F00103C1F85C3E012609F817
:107EA000142C06E0009B0133072B00930CF10C0C03
:107EB0007CD09CF80930002BF4D09CF90130BB42F7
:107EC000F0D1654B8CF8084003EB860219F8143C9E
:107ED000611C4FF00008D2F828470191721C012B59
:107EE0000292CDF81C80DCF8042013D059F86C3CC9
:107EF0009968012009F8140C480740F1B780DC2389
:107F000003FB07B3D3F85C2E83F8588E42F02002AF
:107F1000C3F85C2EFEE7DC2202FB07B20125D2F893
:107F20005C1E41F01001C2F85C1ED2F8601E2943AD
:107F3000C2F8601ED3E59A6822F0004222F03F02A8
:107F400042F020029A6048E51A68500607D4434A76
:107F500002E0013A3FF488AE19684906F9D540229B
:107F60001A609A68500703D59A68900740F15381C8
:107F7000042133E5DC2303FB04B4002384F8583EDA
:107F8000B8E4C1F8603E09F8143C7EE50C2101FB21
:107F90000343012193F8E404D3F8E0E481404FFA6D
:107FA00082FCAEE4002B7FF4ECADE1E52C4B3B44CE
:107FB000FEB293F910203146022030F07DFAD0F85D
:107FC00004800546404630F0E1FB264A2421431E4A
:107FD00001FB0323864693F8801100297FF441AE0C
:107FE00001364FF0060C83F8816183F880C10028C8
:107FF0003FF437AEAB68C9F8043080232022C9F8BB
:1080000010304FF480764FF480534FF48065C9E907
:108010000723C9E90211C9E90565C9F8008040F0E4
:1080200033F948460BF044FC48460BF0B5FC039B83
:1080300049F8189CC9F8283008E400BF0001005036
:108040000005005000060050000700500740F0FFF8
:1080500001DE04000003005034CC0408000040A3FB
:108060000430002000000020642B00204FEA941E02
:108070000EF00C0E03F1300604F01F045EF80680CB
:108080001F20A040C2F3846101FA04F428EA000032
:1080900020434EF806009C68986804F0040400F041
:1080A0000800204354D1D60D03F1140406F0040651
:1080B000C2F3045856F804E0072000FA08F040EA3A
:1080C0000E003051586920F000405861D868186E91
:1080D000186EC2F31204C0F38460002C00F0B1806B
:1080E00092FAA2F1B1FA81F1884200F09D80596EB6
:1080F000596E03F16000C1F3846103F1640492FAE4
:10810000A2F6B6FA86F68E4203D1216821F000412C
:1081100021608168816800F10804C1F3846192FAEA
:10812000A2F6B6FA86F68E4203D1216821F000410C
:108130002160C168C4680C30C4F3846492FAA2F16F
:10814000B1FA81F1A14203D1016821F0004101603F
:108150009968C90707D4D3F8B010C2F3120021EA16
:108160000001C3F8B01099490A4229D0B3F1A04FD9
:1081700000F0278196498B420CBF29465146954C09
:108180008868A24200F0E07100F0F780924CA242B1
:1081900000F0F380914CA24240F0D780C6010FD48A
:1081A000B3F1A04F00F0CF80894A93420CBF2A461A
:1081B0005246936823F0E0730B4343F0807393605F
:1081C0000023DDE9014609F8143C6BE6D8F80030DD
:1081D00086F8585E43F01003C8F80030FEE790E4DC
:1081E0009A6822F0004222F03F0242F010029A60A8
:1081F000FFF7ECBB76499A6889680A43D1073FF5D7
:108200009DAD774893E54FF0A042926899680A4384
:10821000D207F6D592E59A6822F0004222F03F029A
:1082200042F010029A60A3E6196E184621F0004150
:1082300040F8601F596E596E03F16404C1F3846104
:108240005DE781421DD0586E5C6E03F16000C4F39F
:10825000846403F16406A14203D1346824F000442D
:10826000346084688468C4F38464A14203D1846860
:1082700024F000448460C468C4680C30C4F384648F
:1082800060E71C6E184624F0004440F8604F5C6EB6
:108290005C6E03F16406C4F38464DCE7069B01337F
:1082A0000693069B8B427FF6E3ADDC2303FB07B30B
:1082B0000021D3F85C2E83F8581E22F0120242F0FF
:1082C0001002C3F85C2E89E7196B59F84C2C21F089
:1082D0000F01013A0A431A6393E542F480321A61AE
:1082E000D3F8C02022F47F5222F03F020243C3F8A9
:1082F000C02074E559E90A211E6959F8200C26F4BA
:10830000FF660A4326F0040659F81C1C3243024358
:108310000A4342F001021A616AE5FFF7EBBADC2377
:1083200003FB04B40022D4F85C3E84F8582E43F0DA
:108330001003C4F85C3ED4F8603E43F00103C4F877
:10834000603EFFF7D7BA2A4633E7264CA2427FF4B5
:1083500037AF44023FF534AF1D4A93423FF430AF8C
:10836000B3F1A04F0CBF2B4653469A6822F0E0723F
:108370000A4342F480029A6022E700023FF520AFF0
:10838000B3F1A04F1FD0184A93427FF419AF504663
:108390008268164B164CD3F8D430B3FBF4F322F0BA
:1083A000E0720A430C2142F4000201FB03F38260F5
:1083B000079302E0079B013B0793079B002BF9D132
:1083C000FEE62946DBE62846E2E700BF000008801B
:1083D00000010050000021C31000C090000052C7EF
:1083E00000030050000084CB000600500000002075
:1083F000400D0300F0B5D0F800C0134CDCF8045079
:1084000085B0254045EA01040A9F039344F00144E6
:1084100044F490341546CCF8044019463A460646D2
:108420000AF0ECFA68B93168039B8D620246009746
:10843000304680210AF012FB003818BF012005B039
:10844000F0BD012005B0F0BD009800FC0128B5EE9C
:10845000C00A10D0F1EE10FA0BDD9FED177ADFEDB8
:10846000177AE0EE077AFCEEE77A17EE903A98B2C8
:10847000704700207047F1EE10FA0BDD9FED107A87
:10848000DFED107AE0EE077AFCEEE77A17EE903A2D
:1084900098B27047EDD5F7EE007A30EE270A9FEDDF
:1084A0000A7ADFED0A7AE0EE077AFCEEE77A17EE59
:1084B000903A98B2704700BF00E0F9440000404293
:1084C00000C079440000834400C079C400E08244C5
:1084D00070B5464E96F8704104EB840306EB8303B7
:1084E000A50093F87431032B6ED8DFE803F0592907
:1084F0001E02254406EB8505D5F87801002870D1C9
:1085000096F8C4319C425FD0013404F003029342D8
:1085100086F8702158D002EB820406EB8404022313
:10852000C4F8780184F8743170BD2B1906EB83030D
:10853000D3F8782172B1013AC3F87821002070BDD8
:108540002B1906EB8303D3F87821002AF3D10222FA
:1085500083F87421254406EB850595F88031013BAD
:10856000DBB285F880318BBB214B96F8C461D3F820
:10857000A413D5F87C01621C02F003024B1E0324F5
:10858000B242034485F87441B3FBF1F0C5F87801B9
:108590001AD0994218D80138C5F87801012070BD69
:1085A00031F03AF880B1124B2C44D3F8A42306EBF7
:1085B0008404012102F51C5384F874110F33B3FBBA
:1085C000F2F3C4F8783170BD012070BD084BD3F8C8
:1085D000A423012002F2E733B3FBF2F3C5F87831AC
:1085E00070BD0138C5F87801002070BDB82E00209C
:1085F0000000002090F83C30012B00F0D381F0B453
:108600000223012480F83C4080F83D30142A4ED8E3
:10861000DFE812F056004D004D004D00A0004D0067
:108620004D004D0080014D004D004D00EC004D000F
:108630004D004D0038014D004D004D001500036800
:10864000D1F808C01D6A0F68B04E25F480151D6270
:108650001C6A5D681A6D22F0807224F4001422F402
:10866000E042B34244EA0C5442EA072208D006F53D
:108670000066B34204D006F54066B34240F0AC81D8
:108680004E6925F4802545EA86254E685D601A65A9
:10869000DE641C621C6D0D6944F400641C65196D78
:1086A00021F4806119651A6D42EA05221A650023DA
:1086B000012280F83D2080F83C30F0BC184670471D
:1086C0000368D1F808C01D6A0F68904E25F00105B7
:1086D0001D621A6A5D689C6924F4803422F00202EB
:1086E00024F07304B34242EA0C0244EA070413D0B4
:1086F00006F50066B3420FD006F54066B3420BD0D4
:1087000006F58066B34207D006F58066B34203D013
:1087100006F50066B3420BD1CE6822F00802324360
:10872000D1E9056725F440753E4322F00402354344
:108730004E685D609C615E631A629C690D6944F0DD
:1087400008049C61996921F0040199619A692A439E
:108750009A61ACE70368D1F808C01D6A0F686B4ED8
:1087600025F010051D621C6A5D689A6922F080720E
:1087700024F0200422F4E642B34244EA0C1442EA14
:10878000072200F0218106F50066B34200F01C814B
:1087900006F5E056B34200F03F815D4EB3420BD088
:1087A00006F58066B34207D006F58066B34203D073
:1087B00006F50066B34206D1D1E9056725F44065A8
:1087C0003E4345EA86054E685D609A619E631C6281
:1087D0009C690D6944F400649C61996921F480618D
:1087E00099619A6942EA05229A6160E70368D1F8C3
:1087F00008C01D6A0F68454E25F480551D621C6A2D
:108800005D68DA6922F0807224F4005422F4E642B2
:10881000B34244EA0C3442EA072200F0CD8006F568
:108820000066B34200F0C88006F5E056B34200F09F
:10883000EB80374EB3420BD006F58066B34207D0CB
:1088400006F58066B34203D006F50066B34206D152
:10885000D1E9056725F440453E4345EA86154E6853
:108860005D60DA611E641C62DC690D6944F40064B9
:10887000DC61D96921F48061D961DA6942EA0522B3
:10888000DA6114E70368D1F808C01D6A0F681F4E4B
:1088900025F480351D621C6A5D681A6D22F48032F1
:1088A00024F4003422F07002B34244EA0C4442EA59
:1088B000070213D006F50066B3420FD006F54066F6
:1088C000B3420BD006F58066B34207D006F580664A
:1088D000B34203D006F50066B34204D14E6925F4D5
:1088E000803545EA06254E685D601A659E641C6207
:1088F0001C6D0D6944F008041C65196D21F004011C
:1089000019651A6D2A431A65D1E600BF002C014093
:10891000004001400368D1F808C01D6A0F68424E4C
:1089200025F480751D621C6A5D68DA6922F4803264
:1089300024F4007422F07302B34244EA0C2442EAA5
:10894000070231D006F50066B3422DD006F5E05699
:10895000B34251D0354EB3420BD006F58066B342D8
:1089600007D006F58066B34203D006F50066B34231
:1089700006D1D1E9056725F440553E4345EA061581
:108980004E685D60DA61DE631C62DC690D6944F08B
:108990000804DC61D96921F00401D961DA692A434C
:1089A000DA6184E602207047CE6824F4006444EA69
:1089B000062424F48064DCE7CE6824F4004444EA0E
:1089C000063424F4804443E7CE6824F0800444EA6B
:1089D000061424F04004EFE606F58066B3423FF447
:1089E0004FAE06F58066B3423FF44AAE06F5006628
:1089F000B3427FF44AAE43E6CE6824F4006444EA0E
:108A0000062424F48064A5E7CE6824F4004444EAF4
:108A1000063424F480440CE7CE6824F0800444EA51
:108A2000061424F04004B8E6002C01400040014048
:108A300003689B0AA3F58013542B00D970470D4A95
:108A4000134493F844370B2BF8D830B50A4C4279CD
:108A500085B0002914BF0025022504EB8310694668
:108A600000230124CDE90054CDE9023308F0CEFF04
:108A700005B030BD34CC0408803000200D4BD3F855
:108A8000D42010B5520804464FF6FF713EF01AFD8F
:108A900020460021FFF7CCFF0749084A41F2D05396
:108AA0002046CA5001F5AE51BDE8104000221031F9
:108AB0003EF0ECBB00000020C80C00200D65010852
:108AC0000F4B104AD3F8D430A2FB03239B09013B80
:108AD000B3F1807F11D210B50B4A0C4953600024CA
:108AE0000723F02081F8230094600F214FF0FF301E
:108AF0001360FEF763FC204610BD0120704700BFE5
:108B000000000020D34D621010E000E000ED00E016
:108B100003681878012801D000207047074A93F9AC
:108B20000430642101FB032393F86125202AF4D14A
:108B3000D3F820359869C0F3C0307047B82E0020B4
:108B400010B50C4CD4F898361B78022B10D1D4F801
:108B5000A0062FF051FAD4F8A00608B12123C38053
:108B600001212FF001FA04482FF0BEFFA4F89C0663
:108B700010BD00BFB82E00208096980030B583B09D
:108B80000D46012301460DF107020446074830F067
:108B90002DF99DF8072035EA020304D003482A4343
:108BA000214630F0F7FB03B030BD00BF5035002048
:108BB00038B505460A460C460648294630F004F802
:108BC00045F0800103482FF0A7FF231A584258416F
:108BD00038BD00BF5035002070B50D4CD4F8985604
:108BE0002E78022E134607D00A46014604F5D360BC
:108BF000BDE8704030F0FAB82A6A0AB1002070BDB2
:108C00000A46014604F5D3602FF0AEFF012070BD87
:108C1000B82E002003681B78022B4FF0010201D010
:108C200030F012BB2FF0F8BF13B53A4C0023D4F844
:108C300050278DF80730137803F0FD01012905D185
:108C400094F8541711B90C2184F85417022B1ED034
:108C5000032B2ED001220B212F483DF087FD04204D
:108C60002FF01CF82C4801230DF1070200213DF0E4
:108C70009FFD002839D09DF80730482B35D1274B70
:108C8000C4F84437264BC4F8483702B010BDD4F8B6
:108C900058072FF0B1F9D4F8580708B13423C3802E
:108CA00001212FF061F91F482FF01EFFA4F854078F
:108CB000D0E7D4F8E03B506846F2A81119610023D0
:108CC00080F86830122237213DF024FDD4F8503767
:108CD0000D22586824213DF01DFDD4F85037302274
:108CE00058686A213DF016FDB4E7D4F850371A7879
:108CF000022A03D0032A07D00020C6E7D4F8580779
:108D00002FF070FD0020C0E75868102237213DF099
:108D100001FDF1E7B82E0020083600200F68040896
:108D2000916804088096980010B58CB000234CF22E
:108D30000502044601A9CDE90633CDE90833ADF8B3
:108D400000208DF8023003220B930123CDE903129A
:108D50008DF814308DF82830CDF808D02FF080FF32
:108D6000204602A92FF05EFD20462FF079FF9DF8E6
:108D700006000CB010BD00BF2DE9F041714C724EE1
:108D800082B020462422002143F0C0FD96F8E15D28
:108D900000236362002D38D1D4F82C3D53B39B6A75
:108DA00043B36A489847836823B30388654C013B03
:108DB0009BB22146204600220678032E00F10600D1
:108DC0001CD00132062AF7D100220878022801F1CE
:108DD000060100F097800132062AF6D1616A052962
:108DE00008D0481C02FB01426062022000219380EF
:108DF00010705180284602B0BDE8F081062303FBC5
:108E000002425388013B9BB2DEE796F8E00D06F67E
:108E1000E853C6F8E43D08B90025BDE72FF034F863
:108E2000C6F8F00D18B1837913F0BF0FF4D12946BD
:108E300047482FF017FE05460028EDD0D6F8E43D50
:108E4000424A98685A6708B12023C3800D212FF049
:108E50008BF8D6F8E43D98682FF0CEF83D48D6F868
:108E6000E47D2FF041FE4FF00108B8803220C4F8B5
:108E70004C7D84F8508D2EF011FF0423D6F8E40DBC
:108E800000270DEB03029F2101972FF06DFE9DF847
:108E900005709DF804309DF806102C483F0247EA03
:108EA00003470F4339463DF0E9F800287FF474AFDB
:108EB0003846FDF7EDFC034600287FF46DAF9DF8C2
:108EC00006009DF805209DF80710000240EA0240C8
:108ED000214A0843904219D0A4F8303DA4F83C3D03
:108EE000C4F8343DC4F8383DFDF7D2FC07460028ED
:108EF0007FF452AF96F8E00D2EF0C6FF2FF072FC13
:108F00003D4649E7062101FB02426EE7134BC4F8D8
:108F1000303D4FF4003140234FF00062A4F83C3D57
:108F2000C4F8341DC4F8382D84F83E8DFDF768F878
:108F3000064884F8458D3CF0EDFF094BC4F82C3D04
:108F40002AE700BFC80C0020B82E0020F41900202A
:108F5000A03C0020404B4C0021AAEF000004000878
:108F600034CC0408114BD3F8C01C91F82802012816
:108F70001AD00A68B2F858306FEA43436FEA534395
:108F80009BB210B4A2F85830B2F840309BB243F410
:108F90003F43002443F08003A2F8403081F8284288
:108FA00020465DF8044B7047704700BFC80C002096
:108FB0002DE9F041774C784F784BC4F8603E41F290
:108FC000890541F2D00207F61821665DA15004F52B
:108FD000666C00220221082088B0C7F8C0CCC4F813
:108FE000640EC4F8681EC4F8701EC4F8742EC4F869
:108FF000782EC4F87C2EC4F8802E002E74D0032165
:109000006155B3F8405044F27F0129401646A3F859
:109010004010002215464FF0010C04EB4211971C42
:1090200081F8882EA1F8962E013204EB4717D2B2B0
:10903000904281F889CE81F88B5EC1F8985EC1F8C4
:109040009C5EC7F8605EE8D80022154604EB42112A
:1090500002F10A0781F8882F013204EB4717D2B2D8
:10906000904281F8895F81F88B5FC1F8985FC1F801
:109070009C5FC7F8605EE9D800210120A3F840009A
:10908000A3F84010A3F84410A3F85010B3F8402000
:1090900092B242F43F4241F2890542F08002864298
:1090A000A3F8402084F8841E60555FD0142300206C
:1090B00054259421D422A4F88E3F4FF48A7384F867
:1090C000940F84F8940E84F8B40E84F8B40F84F8E6
:1090D000D40EA4F88E5EA4F8AE1EA4F8AE2FA4F8A9
:1090E000CE3E08B0BDE8F08106F0FF072C4E079792
:1090F000F36C43F00103F364F36C049103F0010398
:1091000041F2880202930299A7544FF4C0534FF0E2
:10911000030803A94FF0904003930597CDF81880FA
:1091200009F018FDB36D43F40003B365B36D03F4A8
:109130000003019306211420019BFEF73FF9194A11
:10914000D4F8603ED4F8640E4FF48011116004F836
:109150000580B3F84010D4F87C6E44F27F020A40D8
:10916000A3F8402000287FF454AF85E70E4A117021
:10917000B3F8542041F2C80192B242F001026650A5
:10918000A3F85420B3F8542092B242F00202A3F89C
:1091900054208BE7B82E0020C80C0020005C004053
:1091A0000010024000E100E0783F002010B5194CAB
:1091B00014F8230C90B9184B83F87901C3F87C019B
:1091C00014F8203C012B20D054F81C3C0BB313495D
:1091D0005B68BDE81040A1F10C0018472EF054FE6A
:1091E00014F8212C0C49003A18BF012281F879218A
:1091F000C1F87C010028E3D01F22C28020212EF07C
:10920000B3FE14F8203C012BDED1054B44F81C3C86
:10921000DDE710BDB03F0020C80C0020983F0020C3
:10922000A803002091B10A6B824214D9144BDA6A68
:10923000914220D34C3991421DD30B6B9842F9D304
:109240008B6B9842F6D80B46184670470C4BD96A80
:109250000A6B904212D30B680BB9F5E70A6B904288
:109260000B4602D38A6B9042EED951F84C3F002B4B
:10927000F4D1184670470023184670470A46D9E7CC
:10928000B03F00202DE9F047CC0143D10346224AEC
:1092900043F8082B4FF0FF324260022418467E2626
:1092A000DFF87880D8F830902644013E051D494605
:1092B0006FF070474FF0010A08E0A3421CD0631C16
:1092C00045F8043C321B1C460435CAB10B6BA34263
:1092D00002D88B6BA34204D22046FFF7A3FF0146BE
:1092E00090B10A794B6B002AE7D1A34204D0E6D2B1
:1092F00045F8042C631CE5E745F8047C631CE1E7B2
:10930000C8F83010BDE8F08745F804AC321B631C88
:109310004946D8E78026C3E7F8FFFF0FB03F00209B
:1093200038B507EE901A2DED028B9FED2A8AF8EEE4
:10933000677A20EE080A154627EE808AF0EE608AEA
:10934000B0EE480A044637F0C9FCF0EE407AB0EEC1
:10935000480AB0EE678A37F0ADFCF6EE007A28EEE8
:10936000278A012D88EE286A28D0B7EE007A77EE9A
:10937000406AB8EE005A66EEA77A77EE465A20EEBB
:10938000050AB7EE005A36EE056ABDEC028B85EE93
:10939000067A84ED095A67EE877A67EE266A27EE29
:1093A000000A25EE877AC4ED007AC4ED027AC4ED96
:1093B000016A84ED030A84ED047A38BDF8EE006A90
:1093C00060EE266AF7EE007A77EEC65AB0EE660ACD
:1093D000D7E700BF27D4D2362DE9F04FCC4C2DED86
:1093E000048B94F8393094F8509094ED125AD4EDDF
:1093F000134A002B87B014BF022301230293B9F153
:10940000000F00F08081F7EE007AB4EE675AF1EEBB
:1094100010FA14BF012200229945CDE90329C0F2B8
:109420006082F4EE674AF1EE10FA14BF01230023C4
:109430000593216EB74ADFEDB85ADFEDB86ADFED6C
:10944000B83A9FEDB83ADFEDB82A9FEDB82A9FED04
:10945000B81A9FEDB80ADFEDB81A019107EE901A1D
:10946000B8EE677A0025F7EE007A87EEA48A02F15B
:10947000110302F1100E02F1910884F85150C7EE69
:10948000850A86EE874A25EE255A64EEA54A55E000
:109490004FF08C0A0AFB054A4CF2503B5E458AF8B5
:1094A000200800F2E68007EE906A9FEDA46AF8EECD
:1094B000676A86EE267A009E8C2000FB0580092EC6
:1094C00080ED017A40F2168142F21070864200F27D
:1094D000148107EE906AB8EE677A27EE037A8C2043
:1094E00000FB0580BCF1090F80ED047A40F2C480D6
:1094F000BCF57A7F00F2048107EE90CAB8EE677A75
:109500008C2000FB0580632980ED027A40F2AE805A
:1095100007EE901AF8EE677AF4EEC47AF1EE10FADC
:1095200088BFF0EE447A8C2000FB05800135C0ED49
:10953000037AEDB2964503F102036AD012F8010FE7
:109540000028F7D01E88002EF4D0198C0091002935
:10955000F0D04845B3F840C0B3F8601098D907EE92
:1095600090CAB8EEE77A07EE901AF8EEE77A0A2882
:1095700027EE236A67EEA36A00F08180A0F10B0C4E
:10958000BCF1070F00F2DE80B9F1000FD2D0A0F1DC
:109590000A014FF08C0C0CFB054007EE901A4CF2C0
:1095A000503C664598BF07EE106AF8EEE77A98BF20
:1095B000B8EE479A67EE858A88BFB0EE409A88EE8B
:1095C000897A00994FF0010A80F820A88C2000FBCE
:1095D0000580092980ED017A40F2748142F2107011
:1095E000814200F2668107EE101AF8EE478A26EEF5
:1095F000277A28EE836AB4EEE27AF1EE10FA88BF99
:10960000B0EE627AF2EE048A66EEA77AB4EEE87AF9
:10961000D3E0019984F851501DB38C23DFF82081E9
:10962000002703FB05F54FF00009A8F1780606F1C5
:10963000140058ED1A0A18ED1C0A0122FFF770FEFB
:10964000283677603760F760B760464501D0216EF5
:10965000EDE709F18C094D4508F18C0801D0216E28
:10966000E3E707B0BDEC048BBDE8F08FF0EE427A83
:1096700059E7B0EE617A1EE7B2EE047A40E703994B
:1096800000293FF457AF4CF2503C66459ABF07EEB5
:10969000906AB8EE677AB0EE407AC5EE877A8C2091
:1096A00000FB054000994FF0010A80F820A88C20AB
:1096B00000FB05800929C0ED017A40F2068142F2E3
:1096C0001070814200F2F88007EE901AF8EE677A87
:1096D00026EE207AF2EE048AB4EEE27AF1EE10FA87
:1096E00088BFB0EE627A27EE836AB4EEE87A66EE5F
:1096F000A07A62E0B2EE047AEFE6B0EE417AECE6F0
:10970000B0EE627AFCE6CDE90399CDF8149090E6CC
:10971000B03F00203F470020ABAA264300BADB48F9
:109720008988883C0AD7233C00007A440000C8425C
:1097300000401C46005043473EC3AE395555854155
:1097400048480020142853D1059900293FF4F2AE6F
:109750004CF2503C66459ABF07EE906AB8EE677AC5
:10976000B0EE407AC5EE877A8C2000FB0540029966
:1097700080F8201800998C2000FB05800929C0ED95
:10978000017A40F2A88042F21070814200F2A68075
:1097900007EE901AF8EE677A28EE067AF2EE048A5F
:1097A000B4EEE27AF1EE10FA27EE836A88BFB0EEEB
:1097B000627A68EE267AB4EEE87AF1EE10FA4FF0AB
:1097C0008C00F4EEC27A00FB0580B8BFB0EE687A78
:1097D000F1EE10FA80ED046A80ED027A3FF546AFB3
:1097E000F4EEC47AF1EE10FA88BFF0EE447A9AE60D
:1097F000A0F1150CBCF1070F3FF69CAE0299049F37
:10980000B9423FF797AE143807EE900A4CF2503C3D
:10981000664598BF07EE106AF8EEE77A98BFB8EE93
:10982000477A27EEA49A88BFB0EE407AC9EE078A3D
:109830008C2000FB054080F8201800998C2000FB4C
:1098400005800929C0ED018A39D942F210708142A0
:109850003ED807EE101AB8EE477A26EE276AF2EEE7
:10986000048AB4EEE26AF1EE10FA88BFB0EE626AE2
:1098700066EEA77AB4EEE86AF1EE10FA27EE037A04
:109880004FF08C00F4EEC27A00FB0580B8BFB0EE5A
:10989000686AF1EE10FA80ED047A80ED026A3FF515
:1098A000E5AEB4EEE74AF1EE10FA98BFF0EE447A76
:1098B00039E6F0EE418A9AE6F0EE417A08E7B2EE38
:1098C000047ACAE7F2EE048A91E6F2EE047AFFE641
:1098D000B0EE417AC1E7F2EE047A5DE7F0EE417A4C
:1098E0005AE701220023CDE90423A2E52DE9F04F38
:1098F0002DED028BDFF88481DFF884A19FED5B8A78
:1099000085B008F12C0408F118090127FEB218F8F7
:10991000010B324657212CF035FA0546002800F09D
:109920008B800068A5600123B0F1804F04F8283CCB
:1099300004D04F4BC31AB3FA83F35B0904F8273CF6
:109940003DF0A4FB14F8273C07EE900A002BF8EE3C
:10995000677A4FF0000314BF01214FF480714FF478
:109960000052286844F8083C44E9062344F8101CD7
:1099700044ED087A3DF08AFBAAFB0030C3080122BF
:1099800018F8010C44F80C3C04ED098A24F81C2C4E
:1099900024F81A2C2EF078FAE06010B15723C67123
:1099A00083716A7A42212EF0BDFA28683DF06EFB81
:1099B0000021024628463DF085FD14F8273C002B87
:1099C00045D021462B4B41F8043D002228463DF06E
:1099D0005DFC28683DF0D0FD834670B10023012175
:1099E000CDE901130422039269466A79009308F0D5
:1099F0000DF86979584608F0D7F8A26854F8103C79
:109A0000126899F8CC00013E591EF6B2916201230A
:109A100000214FF0FF3C4FF40055B042C2F82CC07B
:109A2000536144E9065124F81C3C24F81A3C44F8DC
:109A3000081C01D12CF016F90137052F04F1380468
:109A40007FF464AF05B0BDEC028BBDE8F08F0A482F
:109A5000DFF830C044F8040C63602246211F28461A
:109A6000C4F800C03DF012FCB3E700BF00000000E6
:109A7000000C0040D5490308094B03089050002012
:109A80001F85EB51895C03080C480D4BD0F8E8109A
:109A900010B40C4CC0F8D8308A1E2231B0F8063110
:109AA0001B01A4FB03C3DB08A3F5B06322F8023F4C
:109AB0009142F3D15DF8044B704700BFA8500020DD
:109AC000C1B90108CDCCCCCC70B5084C251D2E46B3
:109AD00014F8010B22F034FE28B1037905F8013B9C
:109AE000B442F5D170BDFF23F8E700BFCC51002090
:109AF0002DE9F0471D4F012607F10805B2464FF04A
:109B00003B094FF0000817F8010B2EF0BDF9044691
:109B100090B180F80690C671FB7803F07F02012AAD
:109B200018D013F0800F20460DD185F804802EF058
:109B30005DFA85F805802C600136052E05F10805D3
:109B4000E1D1BDE8F08785F804A02EF055FA85F83C
:109B500005A0F0E71B0605D4012120462EF004FAEB
:109B6000FB78DEE72EF048FAF6E700BFD45100207C
:109B70002DE9F047D1F800908AB007464846BDF875
:109B800048800C4692461E463DF0F6FC002839D02F
:109B900031465246054648463DF0FEFB6179206855
:109BA00001913DF0E9FC267A0199D8B17300F600E5
:109BB0000A4603F0020306F008064FF480714FF0E6
:109BC000600C0593069600234FF40076089103A9D4
:109BD0000996CDF81080CDF80CC00793FEF70AFD6A
:109BE000267A6179B30728460FD408F021F8284671
:109BF00008F0D6F8236862797B6034339818002126
:109C0000386099500AB0BDE8F08707F0CBFEEEE768
:109C10001249134AD1F8E40405E0D1F8E4341B1AE0
:109C2000B3F57A7F0FD81369DB03F6D413694CF2CE
:109C3000FA310B4009D1106910F0010004D0012164
:109C4000184611617047032070470648D0F8D013BA
:109C50001943C0F8D013012013617047C01D0020C4
:109C60000020024000000020014488420ED010B4C1
:109C70000346074C074813F8012B04FB00F09942F8
:109C800080EA0200F7D15DF8044B70470148704745
:109C900093010001C59D1C812DE9F041204D95F8EF
:109CA0005B3185F8543105F5AC7705F5AE760024C7
:109CB0004FF0050817F8010B20BB30600134032C6E
:109CC00006F10406F6D195F85411D5F85C01C943A4
:109CD00001F001012EF010FA95F85411D5F8600149
:109CE00081F00201C1F340012EF006FA95F85411FB
:109CF000D5F8640181F00401BDE8F041C1F38001B1
:109D00002EF0FAB92EF0C0F8013401213060E3B230
:109D100010B180F80680C37130682EF025F9CEE7C7
:109D2000A8500020F0B5284CB4F86C51A4F86E513E
:109D300083B0EDB994F868012EF0A6F894F8692183
:109D4000C4F87001003A18BF012284F8742148B1A8
:109D500094F86A112B22002914BF11210121C2801D
:109D60002EF002F9002003B0BDE8F0402EF0CCB98F
:109D700094F86871002238462B212CF003F806462F
:109D800038462EF081F8E0B1DEB12B22C4F88C0108
:109D9000C280727A02212EF0C5F80C4AB2FBF5F3AC
:109DA000C3F34F0000909BB2314604F5BC70A4F899
:109DB0009051FFF7DDFED4F878210023136084F87A
:109DC000893103B0F0BD00BFA850002040420F0011
:109DD0002DE9F84F254C94F89C3184F8923104F227
:109DE0009317002604F5D8745FFA86FB0BF101087F
:109DF0005FFA88F8012117F8010F42460E448A469F
:109E00002BF0C0FF4FF00009054648B3387804F83E
:109E10000E9C04F80D9C04F80FBC04F810AC44F838
:109E2000045C2EF031F8022118B180F806A080F809
:109E300007806A7A2EF076F80D4A002128463DF018
:109E400041FB0C4B23600C4B221D21462846C4E9E4
:109E500001393DF01BFA697928684A461EF04AFF2D
:109E6000082E04F11C04BFD1BDE8F88FA8500020D3
:109E700040420F00358D0208155B020870B52C4C6E
:109E80002C4B94F8C802C4F8C03200220221C4E965
:109E9000A022C4F88822C4F8BC22A4F8C4222BF063
:109EA00071FF002837D00668054604F5337304F5C2
:109EB0004B715A7C12B15A6896422DD018338B429E
:109EC000F7D1002394F8C802C4F8AC5184F8A0314B
:109ED0002DF0DAFF08B10223C3806A7A02212EF046
:109EE00021F82846144A00213DF0ECFA134A14499F
:109EF000C4F8B0110026111F2846124BC4F8B43123
:109F0000C4F8B8613DF0C2F9697928683246BDE805
:109F100070401EF0EFBE70BD30463DF0B7F8B36A3A
:109F2000094A0133B0FBF3F082F8EC03C9E700BF44
:109F3000A850002000FFFF0040420F005C520020AC
:109F40003D5B0208D95C0208000000202DE9F04FBB
:109F5000DFF838932DED068B99F8BE4395B0032CAE
:109F6000029000F2A480B74E99F8C4730FCE09F5A1
:109F700063750FC50FCE0FC533682B600022012318
:109F8000022C89F8443F89F8EC2340F0D881DFEDBA
:109F9000AE8AF0EE689AAD4AAD49AE4BC9F8A4134B
:109FA000002FAD49C9F89C1316BF134600220122A9
:109FB000039239EEA87AF5EE006A86EE87AAC9F810
:109FC000A033A64B002503F1FD0B1C46DFEDA47A60
:109FD0009FEDA49A68EEA78A029BAB4263DD1BF853
:109FE00001AB6F1C5FFA87F84246504603212BF005
:109FF000C9FE0646002800F0B38450462DF044FF09
:10A00000606118B1032380F807808371727A02219E
:10A010002DF088FF039B002B00F0C381B9F8BC33FF
:10A02000306807EE903AF8EEE77AFCEEE77A17EE42
:10A03000908A3DF02BF8B0FBF8F202F57F42FF3238
:10A04000120CB0FBF2F2B2FBF8F307EE902AF8EE36
:10A05000676A002026EEA87A009069EE477A9BB2E4
:10A06000E6EEA97A3146204684ED027AC4ED037A01
:10A07000FFF77EFD002D00F08F816168774B02E0D5
:10A080009C4200F089815A688A4203F11803F7D193
:10A09000012383F001030122042F237462743D46DF
:10A0A00004F1180498D1704EC9F8F4639CE0631F62
:10A0B000DAB2032A00F2908099F8C72301239A426A
:10A0C00089F8443F89F8EC3300F0E780022A00F079
:10A0D000E180664E99F8C6730FCE09F5577509955C
:10A0E0000FC50FCE0FC532682A603A1E18BF012275
:10A0F0005F4B89F8EE23072CC9F86C3300F26981B5
:10A10000042C0ED999F8C5335A4AC9F8F823012B03
:10A1100005D0022B06BFB7FA87F35B09002389F845
:10A12000FC33DFF86CB1ABF2F4630393ABF2F7539B
:10A1300004934FF0000A029B534540F3E3825FFA19
:10A140008AF307935D1C049B13F8016B0493EDB233
:10A150002A46304603212BF015FE0446002835D050
:10A1600030462DF091FE039B586110B10323C57159
:10A17000837199F8BE3305932046277A2EF07AF939
:10A1800099F8FC330646002800F02A810693002B3C
:10A1900040F02981D0F80480B8F1000F16D0404675
:10A1A0002EF0F4FA344A0890431E242101FB0323C5
:10A1B00093F8802152B90322B16883F8815183F862
:10A1C0008021089B0A91002B40F034811F4B2B4AC1
:10A1D000C9E9DC320023AFE00022032B89F8442FC9
:10A1E00020D8012389F8EC33D9F8F433EBB1029885
:10A1F00083F824000121002283F8251083F826200B
:10A200009A62014648B12C3319441D4A084612F897
:10A21000011B03F8011B9842F9D115B0BDEC068B68
:10A22000BDE8F08F89F8EC23DEE7164D164C0FCD14
:10A230000FC40FCD0FC42B6844F82039C9F8F4437C
:10A24000EBE700BFF8D40408282930389140030810
:10A25000F55E0208215D0208954003087453002052
:10A260006F12833A00007A4434540020B0D40408BA
:10A27000ED7604082D410308000000208D400308FE
:10A28000685400208CD40408385F0020A8500020B7
:10A29000685A0020082C00F055826C4E6C4D99F8DD
:10A2A000C67389F8C04E0FCE0FC50FCE0FC5002163
:10A2B0007F1A029A3368C9F8F02318BF012765484E
:10A2C0002B604FF44C7205F67836A5F1800889F8BA
:10A2D000EE737D3589F8EF130F4642F017FBD9F87E
:10A2E000F033BB4256DD15F8014B20462BF0D2FD72
:10A2F000824620462DF0C8FD9AF808B099F8EE3352
:10A300000BF0010A0AF1010A044689F8EDA30BB12A
:10A310008BF0010B002C00F0F781A37913F0BF0F35
:10A3200015D04D494D4A4E4BC9F84433C9E9CF12B7
:10A33000012389F8EF330023C9F8F43354E7032CE1
:10A3400040F0F081DFED478ADFED479A23E62046B3
:10A350002DF0D6FF4FEA4A1A01374AF001014FF0BB
:10A36000030371617060F46086F810B0E771A37147
:10A3700020462DF0F9FD1BF0010F20460ED02DF0E8
:10A3800035FEF368C8F81430042F06F1200608F1F2
:10A390001808A4D12E4BCFE700237AE62DF02CFE2F
:10A3A000EFE7B0EE4A0A3FF0D9FE3068B0EE408ADF
:10A3B0003CF06CFEFCEEC87A4FF6FF7317EE902A65
:10A3C000B0FBF2F202F57F42FF32120CB0FBF2F268
:10A3D0003BE6082C7FF4A5AE244BC9F8F833A0E681
:10A3E000002B3FF4F3AED4F81480B8F1000F3FF423
:10A3F000EDAE40462EF0CAF9A2691D4B0A92451EE9
:10A40000242202FB0535089095F88061382E00F073
:10A41000AE8120683DF0C4F8C0B2002E7FF4D6AE05
:10A42000382385F88031089B85F88101002B3FF4A3
:10A43000CDAE069699F8FD6325680E48CBF82881C5
:10A44000002E00F0A7810022034619E0D4D40408AE
:10A45000D4530020E03F01209540030891400308B9
:10A460008D400308ACC5A737ACC5A736FD4003082F
:10A4700000000020A85400200132B24200F08A817E
:10A4800019688D4203F1B803F6D1D6B2B82306FBA2
:10A490000303079ACBF82C3199F8FD338BF8B520DC
:10A4A000013B207907932DF0EFFC99F8EE2307F09C
:10A4B0000103591C0AB187F00107490141F00E015F
:10A4C000CBF8B810CBF80840627A2DF02BFD079B33
:10A4D0009E4200F0FA81059B063B0B930023CBE9DB
:10A4E0003F33CBE94133CBE94333CBF814310BF1A4
:10A4F000F80308EE103A17F002034FF060020C93D5
:10A500004FEA4703CBF8F82003F002034FF00102B3
:10A5100000F06681CBF80C31CBF8002100274FF416
:10A520008033CBE947370A220223CBF80471CBF8FA
:10A530001821CBF8243163790C2B00F23D81C74AF6
:10A5400099F8FC1302EB8302D2F80878CBF8E87094
:10A55000002900F00B82DBF82C31C3F8A880CBF87F
:10A560002881069B002B00F093810BF1BC000D901D
:10A5700007F07AF899F8FC330D98002B00F05C8115
:10A58000B74A21684FF4907303FB0623DBF82C21B4
:10A5900001F57871C2F8B030CBF8C0300A9BCBF827
:10A5A000E030CBF8BC10059B082B0CBF0623122310
:10A5B000CBF8DC300023CBE932334FF400731022A8
:10A5C000CBF8D4304FF40053CBF8C420CBF8E430B0
:10A5D0008022069BCBF8D0204FF40062CBF8D82025
:10A5E000002B00F015819DF82C30CBF82881022B30
:10A5F00000F2DD80994A02EB8303059AD3F8FC3719
:10A60000082A984AB2FBF3F303F12303CBF8F030A6
:10A610000CBF5F221322DBF82C3158469A803CF0A5
:10A62000D1FF99F8FC33002B00F0AC80069B002B87
:10A6300000F0A88018EE102A3946284606F0E4FDFE
:10A64000012F00F0D680042F00F03781102F00F08A
:10A650009381402F00F0A581B7F5807F00F0AF8196
:10A66000B7F5806F00F0B381B7F5805F00F0B78178
:10A67000B7F5804F00F0BB81B7F5803F00F0BF8198
:10A680002B6D43F400632B6505F11800092376490F
:10A69000764AC95C12F803C00B58042202FA0CF285
:10A6A00023EA02030B502B6843F001032B600C9B41
:10A6B000002B78D02B6A43EA87072F62079B9E42C4
:10A6C0000BD16B6C43F400436B642B6843F0800345
:10A6D0002B602B6843F001032B6099F8EE33002BBD
:10A6E00040F08F80039A01230AF1010A8BF80F30A2
:10A6F0005374BAF1040F02F118030BF59A7B03931C
:10A700007FF419AD099B17E620462DF0F9FD4FEABD
:10A710004A1A4AF00101013771617060F46086F8ED
:10A7200010B025E6002C40F07281DFED518A5149CE
:10A73000514A0393C9F8A413504BC9F89C23F0EE77
:10A74000689A36E44E4D99F8C6630FCD09F55774F3
:10A7500009940FC40FCD0FC4003E2A68494B2260F4
:10A7600018BF012689F8EE63C9F86C3334E6206817
:10A770003CF016FF95F8813183427FF427AD012329
:10A78000069357E608989BF8B5303F4990223DF074
:10A790005FFD4FE7B82202FB0692731CC2F800541B
:10A7A00089F8FD3372E62B6A1F432F6286E78D23FB
:10A7B000CBF8F03013222EE799F8FC33CBF8E87091
:10A7C000002B7FF4C8AE1F461946DBF82C21ABF8EE
:10A7D0000C10B2F8B43023EA0103A2F8B430C0E69A
:10A7E000CBF808314FF48073CBF8FC20CBF8103154
:10A7F00094E6AB6943F00803AB6105F11800002350
:10A8000045E72368627934334FF6FF71995069E761
:10A810005FFA88F30246A3F1080128F0FF00142331
:10A82000B1FBF3F1013106F02DFFD8F8003043F011
:10A830000203C8F80030D6E6144A0A9BCBF8E03091
:10A84000582303FB0A23CBF83031CBF8C030236800
:10A85000627934331344CBF8BC30A4E634CC04081A
:10A860008035012000D0121368D504085CD5040897
:10A870006F12833AF55E0208954003089140030881
:10A88000B0D40408ED760408CD4C0408803E0120C5
:10A89000D8F800305FFA88F123F001031422C8F8D9
:10A8A000003028F0FF000839B1FBF2F1013106F069
:10A8B00027FF08983DF0E8FC57E6AB6943F0080332
:10A8C000AB6105F118000123E1E600234FF0FF32F0
:10A8D000ADF83C30109312938DF84C3011924F4AE2
:10A8E00052F83320954264D001330C2BF7D100206D
:10A8F000FCF7C4FC2B6823F001032B60059B284662
:10A900009A1F0B923CF0C2FB9DF82C3007EE900A88
:10A91000022BF8EE677A37D8414ADFED426A02EB44
:10A92000830303F2FC7292ED007AB8EE477A87EE69
:10A93000870A30EE260A3FF0D9FC059B0138082B28
:10A94000ADF83C0014BF13225F2200230FA9284654
:10A95000119212938DF84C30109306F023FEBDE552
:10A96000314A324BC9E9E832FFF79EBB2C4A02EB71
:10A970004303B3F83C1828E7AB6943F40063AB61C9
:10A9800005F11800022382E69FED297A9FED250A42
:10A99000A7EE870A3FF0AAFC0138ADF83C0013226D
:10A9A000D3E7AB6943F00803AB6105F1180003235B
:10A9B0006DE61B4A02EBC30393F8A00798E7EB6927
:10A9C00043F00803EB6105F1180004235FE6EB692F
:10A9D00043F00803EB6105F11800052357E6EB6926
:10A9E00043F40063EB6105F1180006234FE6EB69C1
:10A9F00043F00803EB6105F11800072347E62B6DD0
:10AA000043F008032B6505F1180008233FE6DFED4E
:10AA1000098AF0EE689AFFF7BEBA00BFD0D30408E7
:10AA200034CC04080AD7233C295E0208914003086D
:10AA3000FCF4B2346F12033970B5524E96F800012F
:10AA400096F801512DF020FA60B12D23C38020210A
:10AA500004462DF089FA0A202DF014F920462DF035
:10AA600045FC18B9D6F8483FDA0000D570BD013D65
:10AA7000092DFBD896F8FF40CCB9402026F056F9B6
:10AA80000028F3D090F9043096F8D110092BC8BFF4
:10AA9000143B33440A2993F84C4F66D093F8583F3F
:10AAA00096F8FE20002A08BF1C46002CDED0204667
:10AAB0002DF0EAF9054608B12D23C380012128466F
:10AAC0002DF052FA012108462DF05CFB01212846A9
:10AAD0002DF012FB3C202DF0E1F8002101202DF09B
:10AAE00051FB96F801311BB30024002108462DF0DC
:10AAF00049FB002102202DF045FB002128462DF0C6
:10AB0000FBFA78202DF0BEF8012100202DF03AFB51
:10AB1000012102202DF036FB012128462DF0ECFA10
:10AB200078202DF0AFF896F8013101349C42DCDB3F
:10AB300096F8FF308BB9D6F8003103F0FF13B3F568
:10AB4000803F93D1D6F8483F13F080538ED186F8DA
:10AB50000131BDE8704036F081BA32202DF09EF808
:10AB6000284600212DF000FAE5E7D6F8703F5B0596
:10AB70007FF57CAF0CF096F900287FF477AF002CBE
:10AB800095D173E7A850002070B4344890F8743F12
:10AB9000A3F13001092957D800F67474224600F653
:10ABA000837012F8015FA5F13001092904D88242AF
:10ABB000F7D1002070BC7047141B022C4ADD2848D6
:10ABC000002101E010F8013B01EB810103EB41039F
:10ABD000161A303B022E044603F0FF01F2DC214B33
:10ABE00003FB01F1A2424FF000030DD903EB8303F5
:10ABF00014F8016B5B00303B3344A24203F0FF03C7
:10AC0000F4D1194800FB03F32E2D06D01748A0FB02
:10AC1000032301EB930070BC704701320420002431
:10AC2000157804EB8404303D6400092D00F1FF30F9
:10AC3000A4B202D82C44A4B2013210F0FF00EFD12C
:10AC4000642202FB0433E1E700211D4600F6747222
:10AC50000B46D9E7064C0021C4E700BFA8500020EE
:10AC60001D6000208096980040420F00ABAAAAAA5F
:10AC70001C60002038B504460D460A460068FF21D6
:10AC800041F044FE21682944216038BD83B50C465B
:10AC90001646054626F014F8204626F011F8002145
:10ACA000204B0846002E08BF1E462DF06BFA0021EF
:10ACB00001202DF067FA28462DF064F8B0B101218B
:10ACC00000202DF05FFA28462DF054F80746204664
:10ACD0002DF054F80028FAD0394620462DF078F8A7
:10ACE0003846B047002108462DF04CFA20462DF09A
:10ACF00049F80028DFD0012100202DF043FA20463A
:10AD00002DF038F80146284601912DF037F80199C9
:10AD10000028F8D028462DF05BF8002108462DF0D9
:10AD200031FAC8E791C70208F0B50023C1E9003342
:10AD3000C1E902330B61D0E900258DB007AEDFF821
:10AD400098E0C2F3056C37464CFA03F0C0073C4666
:10AD500004D513F80E0004F8010B27460133062B27
:10AD6000F2D11B4CDFF874E0C2F303200023205C17
:10AD70003B708DF82400C2F3073C0DF125074CFA17
:10AD800003F0C0073C4604D513F80E0004F8010B8D
:10AD900027460133082BF2D100233B70C5F3435CF7
:10ADA000C5F3434409AB0846C5F34F05C2F303514D
:10ADB000CDE902150193CDE9044C02F00F030549DA
:10ADC0000096C2F3031235F0BDFC0DB0F0BD00BF1C
:10ADD000D0220508A8220508D8220508C4220508A3
:10ADE00070B5094CD4F8842F054662B10026D4F81A
:10ADF000840F2D2101362EF0E5FBAE42F7DBBDE8D6
:10AE0000704031F0F5B870BDA8500020074B4FF4EA
:10AE10007A7003F114014FF4FA6223F8040C23F85A
:10AE2000022C04338B42F8D1704700BF34600020FD
:10AE30002DE9F04FCDB2002185B0074608461646F1
:10AE40002DF0A0F9002101202DF09CF92CF0EAFF53
:10AE5000022E09D0042E44F6C01818BF4FF49648AD
:10AE6000032D06D900200BE0FF2D4FF41648F7D133
:10AE70000326CE4C94F89C3F2BB90020C4F8A00FB9
:10AE800005B0BDE8F08F032E14D02544002295F8BC
:10AE9000C90303212AF076FF0028EED0C44DC5F87F
:10AEA000A40D037A9A07E8D400683CF065FB41F2F0
:10AEB000B053E85041F2C753BD4D94F89C0FEE5487
:10AEC000002203212AF05EFF41F2A813E850002877
:10AED000D3D000683CF050FB41F2AC534FF4806299
:10AEE000E850B44BC5F8603DC5F86C2D0323C5F898
:10AEF000702D41F2B852A5F8643D0023AB5441F2E5
:10AF0000B4524FF0010A25F802A005F5AE5205F63D
:10AF1000A851136041F2C452C5F8741DAB5241F2FE
:10AF2000C65201F20441032EAB54C5F8688DC5F832
:10AF30008C3DC5F8803DC5F87C3DC5F8781DC5F849
:10AF4000883DC5F8843D05F556690ED0D5F8A4BDF9
:10AF50009BF804002CF098FFC5F8A00D58460EF0A1
:10AF600042FC514648460EF04DFC32202CF096FE35
:10AF7000012E0AD141F2A8134146E858FBF796FD8D
:10AF8000D5F8A40DFDF77AFD0BE0022E3DD1D5F8E2
:10AF9000A40D0EF01CFC41F2A8134146E858FBF743
:10AFA00085FDC4F8A09F4FF0060A022E12D0D4F8F7
:10AFB000A00F2CF0E7FE68B1012100202DF0E2F88F
:10AFC000D4F8A00F2CF0DEFE0146002840F0868069
:10AFD0002DF0D8F838462CF0D5FE80B10121084676
:10AFE0002DF0D0F84FF0050B4FF0000838462CF04C
:10AFF000C9FE014600287AD101202DF0C3F8042EA5
:10B00000D5D005202CF04AFECFE7032E5ED141F2C9
:10B01000C8534FF0000A05F803A0514666482022A5
:10B0200041F074FC8DF80FA0DFF894A19DF80F306B
:10B03000032B0AD9614801210EF0E4FB41F2A81369
:10B040004146E858FBF732FDABE79DF80F3003EBC4
:10B05000430304EBC30393F8DD3283B39DF80F3051
:10B0600003EB430304EBC303D3F8E0323BB39DF897
:10B070000F30234493F8C90308B3002203212AF0B8
:10B0800081FE8346D8B10EF0A2FB9DF80F309AF8EE
:10B09000002003EB430304EBC30304EBC201D3F82A
:10B0A000E032C1F8A43F9BF80830DB0748BF01231A
:10B0B00002F1010248BF81F8A83F8AF800209DF8FC
:10B0C0000F300133DBB28DF80F30AFE7042E7FF481
:10B0D00068AFD5F8A40D0EF07AFB4BE7D4F8A00FBB
:10B0E0002CF048FE014638462CF072FE68E73846E0
:10B0F0002CF040FE94F8D23F01468BB9242803D1AE
:10B100004FF0010384F8D23F012E04D1384601915B
:10B110002CF05EFE0199D4F8A00F2CF059FE65E7E3
:10B12000012B06D14D280CBF0223002384F8D23F07
:10B13000EAE7022B06D13C280CBF0323002384F846
:10B14000D23FE1E7032B10D10A2802D984F8D28F2D
:10B15000DAE7042384F8C50F84F8C48F84F8C78F16
:10B1600084F8C60F84F8D23FCEE7042B09D194F8B7
:10B17000C63F84F8D30F434084F8C63F84F8D2BF5B
:10B18000C2E7052BC0D194F8C43F94F8C59F94F84A
:10B19000C60F4B4516D25A1C2344484084F8C60FAC
:10B1A00084F8C42F83F8C81FAEE700BFA850002062
:10B1B000C80C00201CD504084C600020281A002070
:10B1C000902200208842C1D194F8D33F84F8D2AFB6
:10B1D000F42B99D1B9F1000F96D12421384684F887
:10B1E000D29F2CF0F5FD4D2138462CF0F1FD3E218B
:10B1F00038462CF0EDFD494638462CF0E9FDF421A7
:10B2000038462CF0E5FDF42138462CF0E1FD032E04
:10B2100012D0D5F8A44D20463BF0FAFF494620460F
:10B220003CF00EF8207920210EF0C0FAD5F8A40DDC
:10B230004A4649463CF02AF841F2A8130022E85851
:10B2400011463CF023F801201AE600BF70B5214DED
:10B25000D5F8F43393F82620DAB11B699847E0B1AA
:10B26000D5F8F43393F824208AB105F6D476002477
:10B270001A19E0B29B6992F82C10B6EC010A9847B3
:10B28000D5F8F43393F8242001349442F0DB5B6961
:10B29000984795F8E43F332B00D070BD95F8EE3316
:10B2A000002BFAD0D5F8F43393F82430042B1E4643
:10B2B000A8BF0426002BF0D00024074D23461846D3
:10B2C0003CF04CFB0134E3B29E4245F8040BF6D847
:10B2D00070BD00BFA85000209060002070B51D4CCC
:10B2E000096854F8EC5C1C4E54F8F04CD6EDFC7A2E
:10B2F000DFED1A6A491B00EE901A0168F8EEE00AC9
:10B30000091B60EEA70A00EE101A20EEA07AB8EE34
:10B31000C00A1C46A0EE007AB1EE400AF1EEC77AF0
:10B3200067EEA67AFCEEE77AC2ED007A35F054FCBF
:10B330009FED0B7ADFED0B7AE0EE077AFDEEE77A10
:10B3400017EE902A002ABCBF02F50C42A032226000
:10B3500070BD00BFA0610020000000202C7D8E3F4A
:10B36000A00CB34500A00C4638B50F4C14F8D11C06
:10B3700001F03F018B1C024601F10A0504F8D33CA1
:10B3800004F8D65CA4F1D80004F8D52C083117F0E5
:10B390003BFA254405F8DA0C14F8D63C1C44000AA4
:10B3A00004F8D90C38BD00BFA06100202DE9F04F92
:10B3B000CF4C91B004F2213300904FF0000A04F119
:10B3C000A505019354F80B0C002800F053812CF0D4
:10B3D000D9FC0646002800F0AB82C64BD3F8C43C2B
:10B3E00044F8073CE027002304F8033C07FB0AF776
:10B3F00054F80B0C2CF0C6FC002800F03B8154F8EC
:10B400000B0C2CF0B7FC14F8023C5A1E06460B2A13
:10B410000DD8DFE812F01F003A004500520082000C
:10B4200099003A0177019601A101CC01E401242899
:10B430000CD0009A3AB995F85E22824240F0D5814C
:10B44000012204F8032C0D2BD2D184E0012304F84F
:10B45000023CCDE700234D28C4F8C53084F8CD3038
:10B4600084F8CE3004D0582808D004F8023CBFE756
:10B47000022204F8022C84F8C430B9E7032304F84C
:10B48000023C022384F8C430B2E704233C2804F8C9
:10B49000023C0AD03E2E0CD0002304F8023CA7E761
:10B4A0000A233C2804F8023CF4D1002304F8013CB0
:10B4B0009EE7012304F8013C9AE7D4F8C510EB1984
:10B4C0000B444A1CC4F8C52003F8A50C94F8CD0021
:10B4D000022A80EA060084F8CD0089D12378C02BA7
:10B4E000DAD86278FF2A08D1052BD5D9012384F850
:10B4F000C430072304F8023C7AE7A4F8C1200022F4
:10B500009342C4F8C93014BF0523062384F8C3202E
:10B51000C4F8C52004F8023C6AE7D4F8C510EB195A
:10B520000B444A1CC4F8C52003F8A50C94F8CD00C0
:10B53000D4F8C93070409A4284F8CD007FF458AFF7
:10B54000062304F8023C53E794F8CD308342A3D19C
:10B550000D2304F8023C14F8017C002F40F0CA814E
:10B56000654B08940FCB04AE86E80F00D4F8C930C1
:10B57000D4F8D100ADF82A7023440993B4F8C1304F
:10B58000ADF8283094F8C3308DF82C304FF0010915
:10B5900003AB324608A98DF82D90039725F0AEFE37
:10B5A000002860D0049EDFF858B194F8C480059656
:10B5B000102239460CA8CDF810B041F0A7F924228A
:10B5C0008DF830204D4A12F808208DF83120BDF951
:10B5D0001A20531C0CBF21223E22A6EB0B068DF82D
:10B5E0003220B8F1000F40F01581BDF818308DF809
:10B5F0003430FE2E40F3FF80ADF83560FF234FF06E
:10B6000007098DF833300DF13302A9F10303013B33
:10B6100080F0F5803A4A3346002B00F3F5808DF830
:10B620000880012754F80B0C2CF0A0FB002800F038
:10B63000568154F80B0C2CF08FFB54F80B0C4A4637
:10B640000CA92CF0A3FB2E4954F80B0C32462CF01D
:10B650009DFB54F80B0C3A4602A92CF097FB54F8CA
:10B660000B0C2CF073FB039E002304F8023C002E0D
:10B6700040F056810AF1010ABAF1030F04F1E00427
:10B680007FF4A0AE11B0BDE8F08FD4F8C520EB195F
:10B69000134402F10108C4F8C58003F8A50C94F81E
:10B6A000CD3001464340D52294F8CE0084F8CD3009
:10B6B00035F054FBB8F1070F84F8CE007FF498AE54
:10B6C000B4F80530C02B3FF6E7AEB4F80320A4F879
:10B6D000C120A27884F8C32000229342C4F8C93064
:10B6E00014BF08230923C4F8C52004F8023C7FE6F0
:10B6F000FB600020C80C00204CD50408C0220508BF
:10B70000C81D01200146D52294F8CE0035F026FB55
:10B7100094F8CD30D4F8C51084F8CE00734084F886
:10B72000CD30EB190B444A1CC4F8C52003F8A56CB6
:10B73000D4F8C9309A427FF45BAE092304F8023C86
:10B7400056E694F8CD30434084F8CD3094F8CE30AE
:10B7500083427FF4A1AEF3E6D4F8C520EB1913447D
:10B7600002F10108C4F8C58003F8A50C0146D522F2
:10B7700094F8CE0035F0F2FAB8F1050F84F8CE0057
:10B780007FF436AEB4F80120B4F80330A4F8C12039
:10B79000227884F8C32000229342C4F8C93014BF31
:10B7A0000B230C23C4F8C52004F8023C20E6014614
:10B7B000D52294F8CE0035F0D1FAD4F8C51084F82B
:10B7C000CE00EB190B444A1CC4F8C52003F8A56C45
:10B7D000D4F8C9309A427FF40BAE0C2345E694F8B6
:10B7E000CE3083427FF458AEB2E6232804BF022253
:10B7F00004F8032C27E6F3B24FF0050901E712F82D
:10B80000011B88EA010802E712F8011B013B88EAE4
:10B81000010801E7B8F1010F43D1B21DFE2A4FF034
:10B82000FF038DF83430D8BFD3B28DF833309DF894
:10B830001C30C8BFADF83A208DF835304FF0050206
:10B84000BDF81830ADF836300DF135014FF000007D
:10B85000CCBF4FF00C094FF00A09ADF83860FAF789
:10B86000F5FB32464F49FAF7F1FBB0468DF8080078
:10B87000A9F103030DF13302013B08D2494BB8F1A2
:10B88000000F08DC78408DF809000227CAE612F89C
:10B89000011B4F40F0E713F8012B08F1FF38574028
:10B8A000EDE7B8F1020F7FF4DEAE9DF81C208DF8B5
:10B8B0003320BDF81820ADF834200DF133010522F6
:10B8C0003846ADF83660FAF7C1FB32465946FAF70A
:10B8D000BDFB4F468DF808004FF00809A2E654F86A
:10B8E0000B0C2CF04BFA09EB06033B4483427FF729
:10B8F000A0AEB8E6012F4FF0000602D004F8026CAB
:10B90000B8E6D4F8C9300C9423440D930CA8B4F8CD
:10B91000C130CDE90E66ADF838301BF037FAEDE7EF
:10B9200054F80B0C25F0CCF954F80B0CB047A1E6F9
:10B9300014F8033C002B3FF49DAE1B4A54F8071C3F
:10B94000D2F8C42C521A632A7FF694AE012B27D06A
:10B95000022B7FF48FAE012254F80B3C85F8602255
:10B96000124A1348C5E99B23C5E999334023114A7C
:10B97000A5F87832019BC5F874320F4BC2F8843FAA
:10B98000C5F8BC3230F038FB4FF4005025F0AEFC67
:10B990000A4830F027FB85F8C06285F8C16269E685
:10B9A000FBF7ACFCC81D0120C80C0020CD7D0308AE
:10B9B000E8220508A85000200C6400201E2305087A
:10B9C000264A9FED276AB2F9EC32B2F9C602B2F903
:10B9D000EE12D2EDB35AD2EDB46A10B4B2F9C44249
:10B9E000E31A07EE903A431AF8EEE77A07EE103AB8
:10B9F000B4F5617FD5EE867A66EE866AB8EEC77AD0
:10BA000020DD9FED186A37EE667A77EE867A00F5CC
:10BA100048709FED156AD2EDC26AD2F874335DF8B2
:10BA2000044BC2F8443380B2B0F5C86F88BFF0EE63
:10BA3000467A66EEA77A26EE877AC2EDCF7A82ED55
:10BA4000D07A704714F5617FB7BF9FED066A36EE76
:10BA5000C77A37EE667A77EEC67AD8E7A06100201B
:10BA60000000E1430000E144000000001D4991F89E
:10BA7000742FA2B3F0B4002605463346304637464D
:10BA80001BB991F8744F2D2C23D02E2A19D0CA1827
:10BA900000EB800092F8744FA4F13002092A4FEABB
:10BAA00040009CBFA0F13002A0180E2B14D8013327
:10BAB000CA1892F8742F002AE2D106B14042F0BCB5
:10BAC00070470133002DF8D0CA182A4482F8747FD9
:10BAD000DDE701231E46EBE70020F0BC70470020A5
:10BAE000704700BFA850002010B51C202CF0CCF9E6
:10BAF000112104462CF038FA20462CF077FAC820A1
:10BB00002CF0CCF82046BDE810402CF075BA00BFF0
:10BB100008B500202CF0B8F9054BC3F80C0408B1A7
:10BB20002A23C380BDE8084040212CF01DBA00BF85
:10BB3000A0610020D0F8A80270B500EB41150024E8
:10BB4000C5E9503485F82811C5F83C2185F829410C
:10BB500005F59471006805F023FA204670BD00BF1A
:10BB60000E48D0F8A83C10B5A3B190F8284AD3F8F5
:10BB7000042200F6182034B1402301210024FFF7ED
:10BB8000D9FF204610BD4FF400730121FFF7D2FF0B
:10BB9000204610BD0224204610BD00BFC80C002066
:10BBA00038B50C4DD5F8043263B10B49D1F81024E7
:10BBB000013B12F8014BC5F80432C1F8102404709F
:10BBC00013B10123184638BDFFF7CAFF01231846F9
:10BBD00038BD00BFC80C0020A061002013B5074C81
:10BBE000D4F8103403B9FEE701A8FFF7D9FF002805
:10BBF000F6D09DF8040002B010BD00BFA061002087
:10BC000010B50B68064C074AC4F80432C2F8100499
:10BC10000BB1002010BDFFF7A3FF002010BD00BF37
:10BC2000C80C0020A0610020D0F8A802F8B501F0EF
:10BC3000070600EB4614002523640123E2636564D4
:10BC400084F8286084F8293021462831006805F0FE
:10BC5000A7F92846F8BD00BFF8B5784CD4F8E83409
:10BC60001A69970702D5DA68960775D41A695507D5
:10BC700002D5DA68500767D41A69110702D5DA6865
:10BC8000120759D41A69D70602D5DA68D6064BD4FA
:10BC90001A69D50702D5DA68D00769D41A6911067E
:10BCA00005D5DA68120644BF6FF080021A611A697E
:10BCB000D70505D5DA68160644BF6FF480721A619D
:10BCC0001A69550605D5DA68540644BF6FF040027C
:10BCD0001A611A69900605D5DA68910644BF6FF0BB
:10BCE00020021A611A69D20205D5DA68D70244BF68
:10BCF0006FF480121A611A69960205D5DA68950206
:10BD000044BF6FF400121A611A69540205D5DA684B
:10BD1000500244BF6FF480021A611A69110202D501
:10BD2000DA68120220D4F8BD6FF010021A61002206
:10BD3000D96984F80425ABE76FF008021A61002284
:10BD4000D96984F804259DE76FF004021A61002286
:10BD5000996984F804258FE76FF002021A610022C6
:10BD6000996984F8042581E76FF400021A61F8BD2F
:10BD7000334A6FF00101934219618FD1314DD5F8EB
:10BD8000A81CD1F81422002A88D12F4FD7F8140408
:10BD900088B1D5F8FC610644C5F8FC61D5F8FC61B2
:10BDA000B6F5006F08BFC5F8FC2100F03F00002287
:10BDB000C7F81424C8B3D5F8FC01D5F80022904286
:10BDC0003FF46CAFD5F8FC01D5F80022904226D99B
:10BDD000D5F8FC61C6F50066D5F8FC211B48D1F802
:10BDE00014C2B6F5007F28BF4FF400760244C1F8B4
:10BDF0001062C1F80822BCF1000F7FF44FAF01239D
:10BE0000C1F8143200F50060B3B28121C5F8486A68
:10BE1000FFF70AFFD4F8E834C7F814643EE7D5F812
:10BE20000062D5F8FC21B61AD6E7D5F8FC41074ADE
:10BE3000C1F810022244C1F808222FE7C01D0020DB
:10BE400000140040C80C0020A0610020E00E00207B
:10BE5000D0F8A832586801F00702824234D80806A8
:10BE600010B429D403EB4110002400F5947180F83C
:10BE7000294101240A708C7093F82802A04218D03E
:10BE800083F828424A7818680978FAB130F82120F6
:10BE900022F4E04222F040021204120C82F010025E
:10BEA00042F4004242F0800220F82120002083F872
:10BEB00028025DF8044B704703EB42100124014651
:10BEC00080F829402831D4E70220704730F821203B
:10BED00022F4804222F070021204120C82F480528A
:10BEE00042F4004242F0800220F82120DEE700BF49
:10BEF00010B580210446FFF7ABFF20460021BDE8C6
:10BF00001040A5E7D0F8A82211F0800F01F007013A
:10BF100030B402EB411040F09080002480F82941B9
:10BF200000F59473197092F8280201282FD001218E
:10BF300082F82812187B116858BB1C78587831F8A1
:10BF4000245000287FD16D0401EB840010D531F816
:10BF5000240020F4E04020F070000004000C40F4C5
:10BF6000404040F0800021F82400187801EB800068
:10BF7000038823F4804323F070031B041B0C43F459
:10BF8000004343F080030380002082F8280230BC85
:10BF9000704758781D78002870D131F8250040048A
:10BFA00001EB850410D531F8250020F4E04020F0A5
:10BFB00070000004000C40F4404040F0800021F884
:10BFC00025001C7801EB8404208845060ED52088C6
:10BFD00020F4E04020F070000004000C40F4004029
:10BFE00040F0C00020801C7801EB8404208820F4FD
:10BFF000E04020F070000004000C40F4004040F0ED
:10C00000C00020801D7831F8250020F4804020F009
:10C010007000000448F28004000C204321F8250041
:10C02000187831F8203023F4E04323F040031B0458
:10C030001B0C234321F82030A6E70124034680F897
:10C04000294028336EE76D0601EB840010D531F8E6
:10C05000240020F4E04020F070000004000C40F4C4
:10C06000004040F0C00021F82400187801EB800067
:10C07000038823F4E04323F040037EE731F82500F2
:10C08000400401EB850410D531F8250020F4E04090
:10C0900020F070000004000C40F4404040F08000AC
:10C0A00021F825001C7801EB8404208840060ED579
:10C0B000208820F4E04020F070000004000C40F4E0
:10C0C000004040F0C00020801C7801EB84042088F0
:10C0D00020F4E04020F070000004000C40F44040E8
:10C0E00040F0800020801D7831F8250020F4E040E9
:10C0F00020F04000000448F28004000C204321F8A6
:10C100002500187831F8203023F4804323F07003A1
:10C110001B041B0C234321F8203035E7F0B4D0F882
:10C12000A85211F0800F01F0070105EB411040F01B
:10C130000481002680F8296100F5947460782170EC
:10C140002361E27000B1E181022A04BF0023237160
:10C1500095F82802012878D0012385F82832207824
:10C160002B68E17833F8202022F4EC4222F07002B0
:10C17000120401294FEA124200F07781032900F0EE
:10C180006E81002900F06E8148F280010A4323F895
:10C1900020202778BE483EB233F8262092B20240D3
:10C1A0003A430A4323F82620227B002A4FD16278A3
:10C1B000002A40F0C880B3F85020E188207803F2CC
:10C1C000044616FA82F221F0010122F83010B3F889
:10C1D00050202078216903F2064616FA82F202EB1B
:10C1E000C002002940F04481118821F4F8416FEA2F
:10C1F00041416FEA51411180217833F82100400418
:10C2000003EB810210D533F8212022F4E04222F022
:10C2100070021204120C42F4404242F0800223F8F1
:10C220002120227803EB8202138823F4804323F039
:10C2300070031B041B0C83F4405343F4004343F08E
:10C2400080031380002085F82802F0BC7047217815
:10C2500033F8212092B2024042F4014242F08002BF
:10C2600023F82120B3F850202189267803F5806730
:10C2700017FA82F221F0010122F83610B3F85020AB
:10C280006189267803F2044717FA82F221F001014E
:10C2900022F8361062782678002A40F0898033F838
:10C2A0002620570403EB86010CD533F8262092B2E2
:10C2B000104040F4404040F0800023F826002178F0
:10C2C00003EB81010A8852060ED50A8822F4E04267
:10C2D00022F070021204120C42F4004242F0C0023A
:10C2E0000A80217803EB81010A8822F4E04222F0DF
:10C2F00070021204120C42F4004242F0C0020A80A2
:10C30000207833F8202022F4804222F070021204B8
:10C31000120C48F2800182F440520A4323F8202094
:10C32000207833F8202022F4E04222F04002120468
:10C33000120C0A4323F8202084E70126044680F8E3
:10C3400029602834FAE6B3F85020E188267803F50E
:10C35000806717FA82F221F0010122F83610217865
:10C3600033F82160770603EB81020CD533F82120E6
:10C3700092B2104040F4004040F0C00023F8210089
:10C38000227803EB8202E378012B138823F4E04345
:10C3900023F040034FEA03434FEA13433FF44DAF0A
:10C3A00083F0200343F4004343F08003138049E704
:10C3B00033F82620570403EB86010CD533F82620EA
:10C3C00092B2104040F4404040F0800023F8260034
:10C3D000217803EB81010A8852060ED50A8822F4DF
:10C3E000E04222F070021204120C42F4004242F0C9
:10C3F000C0020A80217803EB81010A8822F4E0421E
:10C4000022F070021204120C42F4404242F0800208
:10C410000A80E2782178012A33F8212022F4E042D0
:10C4200022F040024FEA02424FEA124218BF82F065
:10C43000200242F4004242F0800223F821202178B9
:10C4400033F8212022F4804222F070021204120CF0
:10C4500042F4004242F0800223F82120F2E642F446
:10C46000C06291E642F400728EE642F480628BE68E
:10C470003D2906D84808CE0748BF01308002108009
:10C48000BAE60448490940EA81211180B4E600BFB8
:10C490008F8FFFFF0080FFFF2DE9F04FC94CD4F8CC
:10C4A000600EB0F844301E0485B000F1D980B0F8B9
:10C4B0004430590500F18C80B0F844305A0407D557
:10C4C000B0F8443023F480431B041B0CA0F8443024
:10C4D000B0F844309B0407D5B0F8443023F400533F
:10C4E0001B041B0CA0F84430B0F84430DF042CD5FA
:10C4F000B0F84030B44A23F004031B041B0CA0F82E
:10C500004030B0F8403023F008031B041B0CA0F8A7
:10C5100040301378012B04BF00231370D4F8783E09
:10C5200023B1AA4A136923F00603136141F2D00331
:10C53000E35893F8752283F87422B0F8443023F45A
:10C5400080531B041B0CA0F84430B0F844301E0587
:10C5500000F10482B0F84430190625D5B0F8443013
:10C56000994A23F080031B041B0CA0F84430137875
:10C57000002B40F08B82B0F840309BB243F00403B4
:10C58000A0F84030B0F840309BB243F008030121DE
:10C59000A0F840301170B0F8543041F2C402C3F337
:10C5A0008D0303F03C03A350B0F844309A0500F12A
:10C5B000BA81B0F84430DB0507D5B0F8443023F435
:10C5C00080731B041B0CA0F8443005B0BDE8F08F4D
:10C5D000B0F84430D4F8682E23F480631B041B0C9D
:10C5E000022AA0F844303AD141F2D0030126E5589E
:10C5F000002240231F4611462E742846FFF78EFD69
:10C600003B460022C5F84461C5F850712846802198
:10C61000FFF784FDD5F8A022AE6100236F6285F894
:10C620007462C5F86C326B60C5F87C32002A00F089
:10C630000A83D5F88C3228465B680021984741F27E
:10C640008803D4F8600EE25C012A3FF435AF002283
:10C65000802184F8842EA0F84C10E2542CE7FEE7E9
:10C66000B0F844301D047FF522AF04F56663DFF8AF
:10C6700064B103F50C7712E013F0100F038800F09B
:10C68000AB8019059AB200F1F480110400F1BB816E
:10C69000D4F8600EB0F844301D047FF508AFB0F850
:10C6A0004450ABB215F00F05E6D02EB230F826306C
:10C6B0001FFA83FA1B043ED41AF0800FD4F8600EE0
:10C6C000E8D030F826309BB203EA0B0343F4004372
:10C6D00020F8263004EB4516B0F8502096F8881E56
:10C6E000D6F89C3E00F2024C1CFA82F2023532F877
:10C6F000312004EB4515C2F30902D5F860CEC5F828
:10C70000642E1344C6F89C3EBCF1000F40F09780A5
:10C710002F4B1B68002900F0CE81D3F88C22526980
:10C72000002AB7D093F87452032DB3D1184690471E
:10C73000D4F8600EAEE730F8262040F68F73134031
:10C7400043F0800320F8263004EB45194FEA4518E2
:10C7500099F8943F002B40F03181B0F8503099F8AF
:10C76000882F00F2064111FA83F333F83230C3F315
:10C770000903002B40F0E98105F10A0E04EB4E1E7F
:10C7800004EB0800DEF8641ED0F89C2FDEF860CEC3
:10C7900019441A44CEF8641EC0F89C2FBCF1000F57
:10C7A00004D0D0F8981F8B4280F00482A044084B3C
:10C7B00098F8881F186804EB4113D3F89C2F04F0F5
:10C7C0007DFB79E7B82E0020783F002000ED00E0E7
:10C7D000883F00200F8FFFFF9BB203EA0B0343F457
:10C7E0000043D4F89C1E0380B0F8502094F8885E73
:10C7F00040F2024310FA82F003EBC503D74AC35A52
:10C800001068C3F309031944C4F8A43EC4F89C1E7D
:10C8100004F000FB94F8843E002B3FF439AFD4F8C9
:10C82000A03E002B7FF434AF94F8842ED4F8600E31
:10C8300042F08002A0F84C2084F8843E2AE701F000
:10C840000706B21C04EB42120021C2F860CEC2F807
:10C85000641EC34A04EB461502EB4611012228313F
:10C86000C5F89C3E85F8886E85F8892E04F098FB03
:10C870000EE7B0F8501094F8886FB4F88E2F40F29D
:10C88000064310FA81F103EBC603CB5A3946C3F3D2
:10C890000903C4F8A43F04F05FFBD4F8600E3E6CBB
:10C8A000028840F68F73134043F08003038097F8AB
:10C8B00003807979FB7997F800E097F8029097F870
:10C8C00004C0BA7986F880E209EB08290CEB012C48
:10C8D00002EB03220EF01F03012192B297F80180B0
:10C8E000C6F86C121FFA89F91FFA8CFC012BA6F806
:10C8F0008292A6F884C2A6F88622C6F8702286F82C
:10C90000818206F5207100F07481022B00F0F18025
:10C91000002B00F004810EF080013046FFF798FAFA
:10C92000D4F8600EB6E6B0F8443041F2D00223F4F9
:10C9300000731B04A2581B0CA0F8443092F8743208
:10C94000032B7FF436AED2F88C32DB69002B3FF438
:10C9500030AE10469847D4F8600E2AE6B0F8403062
:10C960009BB243F00803A0F84030B0F8443023F401
:10C9700000631B041B0CA0F84430B0F840309BB29D
:10C9800043F00403A0F84030B0F84430DD043FF534
:10C99000E1AD41F2D003D4F8782EE35893F8741245
:10C9A00083F87512042183F87412002A3FF4D2AD83
:10C9B0006C4A136943F006031361CBE599F8883F8D
:10C9C0001AB2990030F8222012F4804FB0F85020AB
:10C9D00079D100F2064C1CFA82F232F83330C3F3FC
:10C9E0000903002B40F0BB82D4F8600E425A22F4B7
:10C9F000E04222F070021204120C42F4004242F0B3
:10CA0000C0024252B8E6028840F68F73134043F0EA
:10CA100080030380B0F8502094F8881F40F206434A
:10CA200010FA82F203EBC103D35AC3F30903C4F82B
:10CA3000A43F002B40F09880D4F89C2F474B002156
:10CA4000186804F03BFAD4F8600ED4F8982FB0F8C8
:10CA5000503000F206419BB2002A40F0A280CA5A30
:10CA600022F4F8426FEA42426FEA5242CA52038805
:10CA700023F4804323F070031B041B0C83F4405306
:10CA800043F4004343F08003038003E641F2D00304
:10CA9000D4F8782EE35893F8741283F875120421B1
:10CAA00083F87412002A3FF47FAD2E4A136943F0D5
:10CAB0000603136178E5D4F89C1E184604F0AAF921
:10CAC000D4F8600EE6E500F2024C1CFA82F232F86D
:10CAD0003330C3F30903002B86D0B9F8902F0193AC
:10CAE000D9F89C1F04F038FA99F8881F019B890037
:10CAF0007AE70EF06003202B00F02882402B00F034
:10CB00002582002B00F0698180213046FFF7A0F9D3
:10CB100029463046FFF79CF9D4F8600EBAE50EF0CE
:10CB20006005202D00F01282402D00F00F824DB3E1
:10CB3000802130460193FFF78BF9019B304619465F
:10CB4000FFF786F9D4F8600EA4E5B9F88E2FD9F86E
:10CB50009C1F019304F000FA019B0DE6883F002022
:10CB6000183D002000ED00E0B4F88E2FD4F89C1F93
:10CB700004F0F2F9D4F89C2FD4F8A43F1A44C4F876
:10CB80009C2F5BE7B8F1090F7AD8DFE818F0DF00D7
:10CB9000CD007900C1007900F600B5007900A2004F
:10CBA00084003D2A49D85508D20748BF0135AD0257
:10CBB000CD525CE790F888EFD4F8600E0EF0070EC7
:10CBC0000EF10A0304EB4313002104EB4E18C3F8E3
:10CBD00060CEC3F8641EC64B88F8891F03EB4E1164
:10CBE00001F59471C8F89C2F88F888EF04F0D8F903
:10CBF00062E50EF06003402B02D01EF0400F83D19F
:10CC000096F87432013B022B3AD85FFA8CFCBCF1E7
:10CC1000030F35D8D6F88C3230469B689847B6F863
:10CC20008632002B7FF434AD00287FF431AD3046DE
:10CC300003F024FFD4F8600E2CE5AE4D520945EA0E
:10CC40008222CA5213E7D5F89032002B7FF4F1AC60
:10CC5000D5F89832002B7FF4ECACF0E4002D00F016
:10CC6000708271680129E2D0C9B2304604F062F9DD
:10CC700098F818147160304604F064F90228D6D18F
:10CC800080213046FFF7E4F830460021FFF7E0F856
:10CC9000D4F8600EFEE45FFA89F5DFF85C82012DBE
:10CCA00088F81854ECD896F87432022B00F03182D0
:10CCB000032BD3D080213046FFF7CAF8002130463D
:10CCC000FFF7C6F82946304604F034F9D4F8600E70
:10CCD000E0E4012AD4D196F87432022B00F2D2811A
:10CCE000002BCDD03146002341F8083F304603F0F9
:10CCF000D1FED4F8600ECDE44FEA1923013B062B98
:10CD000000F2A280DFE803F0A9DED4A0A0CABE0032
:10CD1000B9F1010F7FF4BEACC6F87C92304603F047
:10CD2000ADFED4F8600EB5E496F87432013B022BE8
:10CD3000A6D8B9F1010F7FF4ADAC0023C6F87C3260
:10CD4000304603F09BFED4F8600EA3E496F87432EC
:10CD5000013B022B94D8022A92D1D6F87C320122D0
:10CD6000F2600BB10323F360022206F10C0130469E
:10CD700003F090FED4F8600E8CE45CEA02057FF4C8
:10CD80007FAFB9F17F0F3FF67BAF96F87432032B7C
:10CD90003FF4BAAED6F8A8325FFA89F286F8762266
:10CDA00093F8281201290BD083F82420B9F1000F41
:10CDB00003D11A688021A2F84C10002283F828229F
:10CDC000304603F05BFEB9F1000F00F0CA81022388
:10CDD000D4F8600E86F874325CE4B8F1010F5FFAA3
:10CDE0008CF100F0D280B8F1030F00F0BC80B8F1F4
:10CDF000000F7FF445AF96F87432022B00F04D819E
:10CE0000032B40F033811CF0800F40F0688101F06B
:10CE10000F03142202FB0363D3F84431002B00F00C
:10CE2000258101F07F0002FB006303F5A073002859
:10CE300040F0908100221A6019463046022203F029
:10CE400029FED4F8600E25E480213046FFF700F873
:10CE500030460021FEF7FCFF1AE4D6F88832307C19
:10CE60001B680DF10E019847BDF80E30002B00F045
:10CE70003081B6F88622002A40F02281304603F045
:10CE8000FDFD05E4337C002BDED1D6F88C320DF1AC
:10CE90000E001B6B984707234370E5E7337C002B9C
:10CEA000D2D1D6F88C320DF10E005B6B9847DBE7E0
:10CEB0005FFA89F9B9F1050FC6D8DFE809F03F3705
:10CEC000271F2F10337C002B40F03281D6F88C3294
:10CED0000DF10E009B6A984702234370C4E7D6F811
:10CEE0008832307C9B690DF10E019847BCE700BF8A
:10CEF000183D00200080FFFFA0610020D6F8883296
:10CF0000307C1B690DF10E019847ADE7D6F88832E9
:10CF1000307CDB680DF10E019847A5E7D6F8883222
:10CF2000307C5B690DF10E0198479DE7D6F8883299
:10CF3000307C9B680DF10E01984795E7D6F8883252
:10CF4000307C5B680DF10E0198478DE7D6F88C3286
:10CF500030469B689847D4F8600EFFF79BBBB9F842
:10CF6000922F0193BCE596F87432022B6FD0032BFD
:10CF70007FF486AE4B063FF45AAE59EA02037FF4C3
:10CF800056AE3046FEF764FF51E696F87432022B37
:10CF90005DD0032B7FF474AEB9F1000F7FF47AAB50
:10CFA0004D063FF444AED6F8A822536801F00F00B6
:10CFB00098423FF63CAE01F0070302EB43101CF031
:10CFC000800F034640F0D68001F0070180F82991D8
:10CFD00000F5947300201970987092F828120129B6
:10CFE0003FF425AE012182F82812197B59BB5878ED
:10CFF00011681D78002800F0C48031F82500400633
:10D000000DD531F8250020F4E04020F07000000438
:10D01000000C40F4004040F0C00021F82500D87812
:10D02000012810D0187831F8203023F4E04323F0A1
:10D0300040031B041B0C83F0200343F4004343F024
:10D04000800321F82030002382F82832EFE511F028
:10D050007F053FF459AD3046FEF7FAFE3046802199
:10D06000FEF7F6FED4F8600EFFF714BB80213046C1
:10D07000FEF7EEFE41463046FEF7EAFED4F8600EBB
:10D08000FFF708BB032B7FF4FBAD311D304603F0E7
:10D0900001FDD4F8600EFFF7FDBA4806E6D11CF09A
:10D0A000800F14BF06F1140106F5A071002330466D
:10D0B0000B60022203F0EEFCD4F8600EFFF7EABA30
:10D0C0009A4228BF1A4601463046ADF80E2003F0BA
:10D0D000E1FCB6F88632002B7FF4DAAACEE601F046
:10D0E0000F02142303FB02629269002ABED001F0F2
:10D0F0007F0101FB0333334400293FF49BAED6F894
:10D10000A82202EB411292F82A208AB301221A6067
:10D1100092E6002D3FF48BAD01210323716086F868
:10D120007432304603F00EFF02287FF480ADA7E58D
:10D13000D6F88C320DF10E00DB6A9847022343705B
:10D1400092E602237560294686F87432304603F071
:10D15000F1FE6CE5D6F8A82202EB411292F82A21E2
:10D16000D3E70123D4F8600E86F87432FFF792BA41
:10D170001A6061E6012501F00701283380F8295083
:10D1800028E731F825C01CF4804F28460ED031F82E
:10D19000250020F4E04020F070000004000C40F472
:10D1A000404040F0800021F82500187800B231F8A6
:10D1B000203023F4804323F070031B041B0C83F402
:10D1C000405343F4004343F0800321F820303AE712
:10D1D0002DE9F0414FF0FF35324A33482C46002309
:10D1E00004E001330B2B02F1100215D0917A0429CF
:10D1F000F7D103F5B17100EB0111C979CF07F0D474
:10D20000661C116801D0A942EBD21C4601330B2BDE
:10D210000D4602F11002E9D1631C02D10120BDE8E4
:10D22000F081214D04F5B17705EB07139988F1B929
:10D23000DFF880802601AB1958F81C2C1B491669B1
:10D240001B4A41F2186001EB442118580023B047F3
:10D25000D0B1022808D141F2CC6205EB0717AB58D8
:10D26000013B0121AB50B9710020BDE8F081DFF82E
:10D27000448005EB041358F81C2C41F21860D26866
:10D28000185826019047D6E741F2CC6205EB071704
:10D29000AB580321B97141F2D061013B0124AB507D
:10D2A0006C54BCE75C7E0020406800205868002079
:10D2B000D1D20008B03F0020044B41F2E472995CE7
:10D2C00009B90121995401225A7070474068002021
:10D2D00038B5174D174B41F2D0640020285504E0B3
:10D2E00001300B2803F1100314D053F80E4C8C427C
:10D2F000F6D11C78032CF3D16AB10F4B03EB40231A
:10D300009A4201D0FFF7D8FF00F5B17005EB00108D
:10D310000123837138BD41F2CC6100F5B1736A58C5
:10D3200005EB03130420013298716A5038BD00BF29
:10D3300040680020667E00205868002038B5134BF6
:10D3400000209C7B14B11D688D4205D001300B2854
:10D3500003F11003F5D138BD72B10D4B03EB40233F
:10D360009A4210D0FFF7A8FF0A4B00F5B17003EB0B
:10D3700000100123837138BD064B00F5B17003EB3B
:10D380000010827138BD022CECD1EDE7587E0020F0
:10D3900058680020406800202DE9F84F12F0020E76
:10D3A0009B4606D028B9FFF787FF02252846BDE82F
:10D3B000F88F804C41F638056559002D5BD14FF050
:10D3C000FF367D4FB146B046B24600253B689842D5
:10D3D00000F0B68097F80EC0BCF1000F5BD0BCF136
:10D3E000010F15D105F5B17C04EB0C1C9CF807C0AE
:10D3F0001CF0010F0CD11CF07E0F09D15FEADC1389
:10D4000040F0A880D7F808C0D44501D2E246A9462A
:10D4100001350B2D07F11007D8D1751C04D1B8F1D7
:10D42000FF3F00F09F80464641F2C86806F5B1779D
:10D4300054F80850013544F8085004EB061C41F23A
:10D440001C694FEA07184CF8095044F8085041F29B
:10D45000186904EB07154FF000084CF80900C5F8EF
:10D46000048004EB0715AD79042D9CD8DFE805F0A6
:10D470001A330F334D0004F5C25741F63C063F689E
:10D48000A65907FB0565A84299D3FFF715FF0025AC
:10D490002846BDE8F88F2E4601350B2D07F1100701
:10D4A00094D1BAE712F0010C70D104EB0710D5103B
:10D4B00090F80780BBF1030F65F3C71880F8078069
:10D4C00062D94FF6FF7083455B4628BF03469BB287
:10D4D00004EB07108380BEF1000F16D004EB061397
:10D4E00003F5B0531833987B04280ED041F2C86579
:10D4F0004FF0040C60590130605141F2CC65586026
:10D5000083F80EC0635901336351500705D504EB0E
:10D510000710C37943F00103C371D30608D504EBA8
:10D520000714E379C3F34502013262F34603E37162
:10D53000224B012503EB46260E602846BDE8F88FF6
:10D5400005F5B17704EB07164FEA071CB67986B9E3
:10D550002E4669E7A84601350B2D07F110077FF429
:10D5600035AF5AE7B9F1FF3F18BF4E467FF45CAFC5
:10D570008DE741F2C8682E4654F80850013544F84A
:10D58000085044F80C506CE76346A1E70C4B0B497C
:10D5900053F81C3C0B4AD3F8088001EB46210023CA
:10D5A000C04700283FF473AF04EB07140223A371B4
:10D5B000FCE600BF40680020587E0020586800202C
:10D5C000B03F00203DD30008F0B5124D2B7841F656
:10D5D0003002022B0BBF070AC0F3D417C4B200F00D
:10D5E0007F04A85883B00E4600230122384401A9C5
:10D5F000FFF7D2FE01280AD12B78022B019B16BF20
:10D6000053F8243033F8143023F07043336003B000
:10D61000F0BD00BF4068002010B5144602070B465D
:10D6200010D50B4941F2C472581C8B58834204D365
:10D6300005D100232360012010BDFFF73DFE2060CF
:10D64000012010BD21461846BDE81040BCE700BFD0
:10D65000406800202DE9F0414268C2F308030B4402
:10D66000B3F5007F82B004460D4657D390F91A30C7
:10D67000591C0AD0304A03F5B17302EB0313FF21A2
:10D68000DA796FF30002DA71817694F91B305A1C53
:10D690000FD0294A03F5B17302EB0313FF20DA79A7
:10D6A000C2F34501013921EAE17161F34602DA7101
:10D6B000E0762378022B37D01F4A02F5C2531B684D
:10D6C000B5EB432F4FEA432824DC41F64803676853
:10D6D000D6583E407342AB421CDCAB19434511D3D4
:10D6E0002169207E01AAFFF797FF012812D1676800
:10D6F000236963614744019B2361A5EB0801BF1BBC
:10D7000067608D192046F8F789FE20B93D446560B1
:10D71000012000E0002002B0BDE8F0811544456022
:10D72000012002B0BDE8F0816168012029446160F8
:10D7300002B0BDE8F08100BF4068002070B515461A
:10D7400004460E46FFF786FF50B994F8280028B922
:10D75000022384F82830C4E90B5670BD022070BD46
:10D760001DB12046A847012070BD012070BD00BF3B
:10D7700010B4D0E9011390F91A208B4238BF0B4640
:10D78000511C83600AD0144B02F5B17203EB0212F4
:10D79000FF21D3796FF30003D371817690F91B30A9
:10D7A0005A1C0FD00C4A03F5B17302EB0313FF248C
:10D7B000DA79C2F34501013921EAE17161F34602E8
:10D7C000DA71C4760022436A5DF8044B426142601C
:10D7D00011460361B2E700BF4068002038B544221B
:10D7E000002111483FF092F8104B41F602011A78DF
:10D7F0004FF6FF745C52022A41F2E87118BF03220F
:10D8000003F5C05041F64C055A5441F60C0441F65C
:10D81000010203215D5900F8181910211D51995476
:10D82000FFF7A6FF012038BD2880002040680020B7
:10D830002DE9F041B1F904300F2B82B00C461646A9
:10D84000054632D02846F8F70DFE95F91B80B8F151
:10D85000FF3F074633D02D4B41F2186203EB08110E
:10D860008A58904211D1183303EB4823A188013123
:10D8700009B203EB4113A18028463360F8F7F2FDAB
:10D880002060012002B0BDE8F081FFF715FD2846B9
:10D89000F8F7C4FD28B100230120336002B0BDE8D1
:10D8A000F081002002B0BDE8F0814FF40071FFF775
:10D8B000D1FE0028F5D04FF6FF73A380C2E72846BB
:10D8C000F8F7ACFD0028E2D10FB9FFF7F5FC3846B8
:10D8D0000023112201A9FFF75FFD0128D7D1019B89
:10D8E0000B4A9A1A48BF02F2FF12B2F5B05F4FEA34
:10D8F000622106D24FFA81F885F81B80002BB5D142
:10D90000C5E7FFF7D9FC019BF6E700BF40680020A0
:10D910005868002030B50446C06983B010B90120B2
:10D9200003B030BD0D460023032201A9FFF734FDEB
:10D930000128F5D1B4F92030002B03DAFFF7BCFC45
:10D940000220EDE7019A012D4FEA431102EB431348
:10D9500003D0022D12D1E5255554A268DA61227850
:10D96000032A04D100221A775A779A77DA77626A03
:10D970005A83C2F30F429A8203B030BDE268DA6183
:10D98000EDE700BF10B50378023B012B0446037E90
:10D9900002D913F0060F5AD198063AD494F91A30E6
:10D9A000591C0AD02D4A03F5B17302EB0313FF2172
:10D9B000DA796FF30002DA71A17694F91B305A1C00
:10D9C0000FD0264A03F5B17302EB0313FF20DA7977
:10D9D000C2F34501013921EAE17161F34602DA71CE
:10D9E000E076237E1B070BD51C4841F2C873C35C4D
:10D9F000072B01D0FFF760FC41F2C8730022C2542C
:10DA0000E26A0023237084F82830FAB1BDE81040A0
:10DA1000104700231249E0691A018A58904206D043
:10DA200001330B2BBAD01A018A589042F8D10B4A15
:10DA300003F5B17302EB0313DA79C2F3450101393F
:10DA400021EAE17161F34602DA71A7E710BD012115
:10DA5000FFF760FF0128F9D1237E9DE74068002091
:10DA6000587E002030B1027822B190F828201AB1F7
:10DA7000002070470120704710B5D0E90142A24252
:10DA8000C16238BF22460321826080F82810FFF768
:10DA900079FF012010BD00BF2DE9F04FDFF868913C
:10DAA0008A4699F80010DAF800300229174683B048
:10DAB000834641F6300240F08B8059F80250DEB2C6
:10DAC000A6EB030805EB1325B8444FF4807290448D
:10DAD000BB4208F1FF38B8FBF2F875D2A84403291D
:10DAE00006EB0704A4EB03040CBF80224FF4807202
:10DAF000944228BF1446A8EB050366B994422CBF94
:10DB00000A220B2201A92846FFF746FC012809D06A
:10DB100003B0BDE8F08F0B2201A92846FFF73CFCBB
:10DB20000128F5D199F80020DAF80010022A01F155
:10DB3000010321D0A64210D2019906F18042013A98
:10DB4000081F00EB840001EB820242F8043F82428E
:10DB500003F10103F9D1DAF80010A61B7318BBF129
:10DB6000010FCAF800301BD09F4205F101052BD9E7
:10DB700099F800100026B2E7A642EED2DDF804C004
:10DB800006F10042013AACF1020000EB44000CEB5C
:10DB9000420222F8023F904203F10103F9D1DCE78F
:10DBA000BB42E1D199F80030022B21D004F180442E
:10DBB000019B013C4FF0FF3243F82420DAF800309B
:10DBC0009F4205F10105D3D8012003B0BDE8F08FD5
:10DBD00059F8022003F07F060329C3F3D415A6EBFE
:10DBE00003081544B84414BF4FF4807280226EE7D6
:10DBF00004F10044019B013C4FF6FF72584623F8A4
:10DC0000142003B0BDE8F08F406800202DE9F041FA
:10DC100090F838300446032B51D8DFE803F0023285
:10DC20003B462D4BC0681978E76A03F5C2520329B9
:10DC300011680CBF80264FF4807601FB06F141F29B
:10DC4000C47C00EB412041F2A87841F2AC7E53F84D
:10DC50000C20E06053F80E0053F808502261A5EB49
:10DC60004125A0EB4121901943F8085043F80E10CC
:10DC700043F80C00C4E90C205FBB6262012384F806
:10DC8000383016480021FFF745FE012811D1022344
:10DC900084F83830626B04F130010120FFF7FCFE9C
:10DCA000012806D1032384F8383000212046FFF7ED
:10DCB00031FE431EDBB2012B02D9BDE8F081022008
:10DCC00094F82830062B04BF002384F82830BDE8E0
:10DCD000F081921B2263D1E740680020E07F0020A2
:10DCE0002DE9F04FDFF8248198F80060012887B013
:10DCF0008CBF00230123032E02930C460B681546AC
:10DD000039D0022E62D14FF480724FEA1329DFB26C
:10DD100001920138012823D8012203929D421AD989
:10DD2000384E06F1880A06F11C0B32681AB1DBF88E
:10DD3000001099424ED0DAF800000023484409222E
:10DD400005A9FFF729FB01281FD002280FD020B119
:10DD500023689D42E9D82560032007B0BDE8F08F15
:10DD600087B1FFF7A9FA022007B0BDE8F08F0220C3
:10DD700007B0BDE8F08F80220192C3F3D41903F0FD
:10DD80007F07C6E7019A0392C8E7DDE902C1059A59
:10DD9000DDF804E098F80030022B14D0032BE6D114
:10DDA00052F8273023F07043B3FA83F35B096345DD
:10DDB0000F44236823D00B4477452360EAD309F14D
:10DDC00001090027C5E732F81730EDE74FF48072FC
:10DDD0000192D2E70C490968013A02EB412249025B
:10DDE000B2FBF1F203991344B3FBF1F201FB1232DF
:10DDF0000AB10B449B1A9D42236096D8ABE7AB4215
:10DE0000ABD3A8E7E87F0020808000204068002096
:10DE1000F0B5104D2B7841F63002022B0BBF070AEC
:10DE2000C0F3D417C4B200F07F04A85883B00E46E4
:10DE300000230322384401A9FFF7AEFA012807D1D5
:10DE40002B78022B019B0CBF23F8146043F824604D
:10DE500003B0F0BD406800202DE9F04390F83C305D
:10DE6000002983B0044614BF02210021042B7BD873
:10DE7000DFE803F0030C3C476900FFF74BFD012886
:10DE800070D1626B002A75D184F83C00404EDFF8F7
:10DE90000881404D4FF6F7771DE01FFA80F9B9452C
:10DEA00094BF4FF000094FF0010901A9B9F1000F2B
:10DEB00046D1FFF789FB0128494650D1206BFFF777
:10DEC000A7FF01284BD1019B2A682363013B9342A2
:10DED00028BF13462B603378206B032BDDD14045E0
:10DEE00094BF4FF000094FF00109DEE7426B04F1E7
:10DEF00030010020FFF7D0FD012833D1032384F83F
:10DF00003C30234BE16A41F2C47003F5C2521D5804
:10DF10001268195041F2A87741F2AC76D8596D1ABF
:10DF2000995902FB05F200EB422501EB422203F571
:10DF3000BD500021DD519A51FFF7ECFC012811D1B1
:10DF4000042384F83C3094F82830042B04BF0023C9
:10DF500084F82830A36B8BB120469847012003B08A
:10DF6000BDE8F0830228FAD194F82830042B09D0B8
:10DF70000220F4E7022384F83C30B8E7012003B024
:10DF8000BDE8F083002384F828300220E7E700BFD3
:10DF90004068002084800020F7FFFF0F38B590F81C
:10DFA00034300446052B46D8DFE803F01F033F104A
:10DFB0001963006B4FF0FF31FFF72AFF01283AD1B8
:10DFC000E06A002839D1032384F834300021204648
:10DFD000FFF7A0FC01282ED1042384F8343094F8F4
:10DFE0002830082B2DD0012038BD41F63803224DB2
:10DFF000EA5800F1300102320120FFF771FE0128DA
:10E0000024D00238C0B2012815D8052384F8343052
:10E0100094F82830082B04BF002384F8283041F2FC
:10E02000E5730122EA54022038BDC06A216BFFF774
:10E03000EFFE0128C7D0002038BD022384F8343019
:10E04000F4E7002384F82830012038BD05F5C252DA
:10E05000E3681168D4E90B2003EB412341F6440146
:10E060006850C4E9033002B96062012384F8343097
:10E07000A0E7014DCCE700BF406800202DE9F04F3C
:10E08000436883B0C3F308081646002A00F0E18015
:10E09000714B05468946A3F1180B4FF0000AC8F5ED
:10E0A000007495F91A70B44228BF3446791C28468A
:10E0B0002ED0F8F7D7F90BEB071341F218629B58F3
:10E0C000984205D0FFF7F8F8504603B0BDE8F08F4E
:10E0D000614B03EB47202246494640443DF0B4FCE7
:10E0E000002221462846FFF729FBA2440028EBD056
:10E0F0002B7E1B0706D5594B2A691B689A4201D310
:10E10000FFF7DAF8361BA1444FF00008C7D1DBE770
:10E11000F8F784F9002849D12846F8F7A3F9696887
:10E12000C1F308032BBB21F4FF7323F0010303F5B4
:10E130000072AB689A422CBF062207222B7E03F0A6
:10E140000C030C2B1CD0002301A9FFF725F9012893
:10E15000BAD10198404BC31A48BF03F2FF13B3F57D
:10E16000B05F4FEA63224FD257B2AF760028B2D1E8
:10E17000AAE72B7E03F00C030C2B4FF00702E2D131
:10E180009BF800C0364BBCF1030F1B680CBF4FF06F
:10E19000800C4FF4807C03FB0CF34FEA432C0CF112
:10E1A000FF3C0CEA0101A3EB5123CDE72B7E1A07BC
:10E1B0002ED59BF800102A4B95F828201B680329C0
:10E1C0000CBF80214FF4807103FB01F3062A4FEA54
:10E1D00043233FF479AF23490868834230D891F84C
:10E1E0003D30002B7FF470AF002A7FF46DAF6B6978
:10E1F00085F83820062185F82810EB622846FFF7BD
:10E2000005FD012888D05FE7FFF756F80198ACE7D5
:10E21000154B1A78002A7FF457AF95F82820002A6A
:10E220007FF452AF082185F8342085F82810D3F800
:10E230005F206B692846C5E90B32FFF7AFFEE0E7C8
:10E2400041F2E573012250460BF8032003B0BDE80C
:10E25000F08F924638E700BF586800200480002005
:10E2600080800020E87F0020258000202DE9F043F9
:10E2700090F8384083B00546032C00F29F80DFE819
:10E2800004F0021A890BFFF789FE012811D0022839
:10E290000BD1032385F838302B6C002085F828003B
:10E2A000002B00F0878098470224204603B0BDE889
:10E2B000F08385F838002B78022B77D0404A6F68BE
:10E2C00041F64803D3581F40C7F34F272846F8F7B5
:10E2D000C9F8DFF8F08006463F1A0AE0D8F80030A7
:10E2E000013B99454AD2FFF7B5F908B9FEF7E4FFBB
:10E2F0000136022201A900233046FFF74DF8BC1970
:10E3000001281FFA84F94FF400724FF0000104460F
:10E31000CBD101983EF0FAFAEB694FF40071284630
:10E32000002BDBD06B68002BD8D1019B4FF0203243
:10E330004FF02E0C1A605A6083F800C0C3F8072013
:10E340004FF0100E6C6A1A625A6283F820C083F88C
:10E3500021C0C3F8272083F80BE0EA6B5C83C2F38B
:10E360000F4CC4F30F4483F82BE09C825A87A3F828
:10E3700034C0D8F80030013B9945B4D3C3EBC35344
:10E3800059022846FFF766F908B9FEF795FF022300
:10E3900085F838302B6C002285F8282063B1284698
:10E3A00098470124204603B0BDE8F0836F68C7F3A7
:10E3B0004F278BE7022478E7012476E7002474E7EF
:10E3C00040680020808000202DE9F04F90F8303028
:10E3D00089B00446042B00F2A880DFE813F0A900FE
:10E3E000B20005008A00E800B64D41F61003EB5C70
:10E3F000002B40F09A80B44F04F11C09B84607F195
:10E40000380BBA4601AE324649464046FFF710FA8D
:10E41000012840F018810198002800F0FA80037864
:10E42000E52B01D0002BEED1A84A821A48BF02F298
:10E43000FF12B2F5B05F4FEA622380F03C811B010E
:10E44000A34A13449A7B042A0CD041F2C8610426E3
:10E450006A5801326A5041F2CC615A609E736B581F
:10E4600001336B5041F60202AB565E1C09D003F536
:10E47000B17305EB0313FF26D979AE546FF3000196
:10E48000D97141F603016B565A1C0ED003F5B173D6
:10E4900005EB0313FF26DA796E54C2F34501013907
:10E4A00021EAE17161F34602DA71202200213EF097
:10E4B0002DFA2346019A53F8311F586850601160B5
:10E4C00019899B7A93721181019B627EDA7205A889
:10E4D0002EF0CAFABDF81430002B40F02F8144F220
:10E4E0008172019903200A82CB810A83CB8284F84E
:10E4F0003000237E980600F1A9802046FFF738F906
:10E500002369002B00F0AE80237E03F0F70213F0A6
:10E510000403227640F0B480122A00F0BA8000236F
:10E5200084F828302046E36A984709B0BDE8F08FA8
:10E530006548FFF71DF94FF6FF720123228484F826
:10E540003030614F04F11C0801AE04F1310932464C
:10E5500041463846FFF76CF901282FD00228E4D154
:10E56000584D41F60202AB56591C09D003F5B17360
:10E5700005EB0313FF20D979A8546FF30001D9717B
:10E5800041F603016B565F1C0ED003F5B17305EB2A
:10E590000313FF20DA796854C2F34501013921EAF7
:10E5A000E17161F34602DA71042384F8303000200F
:10E5B000E36A2070984709B0BDE8F08F019D0B22F7
:10E5C00049462846002D00F087802B78002B00F06C
:10E5D000838095F80BA01AF0080FB8D13EF0B5FA79
:10E5E0000028B4D1637E8AEA0303DB0640F1C780CA
:10E5F000344D41F602016B565F1CC1D003F5B17377
:10E6000005EB0313FF26DA796E5460F30002DA712A
:10E61000B6E73B782F49022B4FF009025046C3D092
:10E620000B78002BC0D1C1E905330A708BF800309C
:10E630004A6B0B7351F8143CC1E90132FFF716FE27
:10E6400001283FF4E0AE0228AED06EE7E069002377
:10E65000112205A9FEF7A0FE01283FF44EAF09B034
:10E66000BDE8F08F237E19077FF559AF154A41F2B7
:10E67000C873D15C00297FF458AF0721D1544EE70D
:10E680000023E26AA16884F828302046FFF756F894
:10E690004BE7626AE06AA0630421C4E90233C4E97B
:10E6A0000B2284F83C30636384F8281063622046B0
:10E6B000FFF75EF839E7FEF7FFFD01986FF00F03F3
:10E6C000BEE600BF40680020288000205868002077
:10E6D000587E002050800020474D41F60202AB5684
:10E6E0005E1C09D003F5B17305EB0313FF20D97944
:10E6F000A8546FF30001D97141F603016B56581C01
:10E700000ED003F5B17305EB0313FF20DA796854DB
:10E71000C2F34501013921EAE17161F34602DA7180
:10E72000237EDA067FF540AF3448FFF721F84FF635
:10E73000FF720223228484F8303056E6304B05A95C
:10E74000B3F91C2402A82EF0ADF99DF80C309DF809
:10E750000D609DF80A509DF80B20BDF808109DF83B
:10E760000E00DB0243EA461342EA4512A1F2BC71F5
:10E7700043EA500342EA41229BB292B2B1E6A98A2F
:10E780006B8B204A43EA014312686362EB69A36022
:10E790005202B3FBF2F102FB113109B113445B1ACF
:10E7A000154DE36041F6020184F819A06B565E1C1A
:10E7B00009D003F5B17305EB0313FF20DA79685430
:10E7C0006FF30002DA7141F603016B56581C0ED04C
:10E7D00003F5B17305EB0313FF20DA796854C2F334
:10E7E0004501013921EAE17161F34602DA7103233F
:10E7F00084F830307DE600BF40680020288000208B
:10E80000A0610020808000202DE9F04390F828309E
:10E81000013B83B00446082B41D8DFE803F04805EC
:10E820004D525865406A4300384B4668056B41F6C7
:10E83000480103F5C2525F5813683740EA19B2EB3A
:10E84000432F4FEA432816D258E02169207EFEF775
:10E85000E3FE012823D1256B666823696361A5EB7C
:10E8600008053D444644F61B019B6660A8452563A8
:10E870004F46236142D82046F7F7D0FD01AA8146D2
:10E880000028E2D06668A368E26A9E4238BF1E464E
:10E890000023A66084F828300AB12046904703B0D0
:10E8A000BDE8F083FFF7E2FC03B0BDE8F083FFF7BB
:10E8B0008BFD03B0BDE8F083FFF764F803B0BDE85B
:10E8C000F0830021FFF7C8FA03B0BDE8F08301210F
:10E8D000FFF7C2FA0128E2D10023216C84F8283026
:10E8E0002046FFF7BFF8DAE7FFF790F903B0BDE87D
:10E8F000F083FFF753FB03B0BDE8F0832046F7F742
:10E900008DFD0028BFD12E446660BCE74068002022
:10E910002DE9F04704460D469046002144221E464C
:10E92000089F3DF0F3FF01234FF6FF7226766283C6
:10E9300084F828302B782E2B4CD02E4604F1310A47
:10E94000307804F1390968B12E280BD02EF026F961
:10E95000C0B20AF8010BCA4506F1010607D03078AB
:10E960000028F1D120200AF8010BCA45F7D13078F0
:10E970002E2808BF707804F1380908BF013604F169
:10E980003B0A58B12EF00AF9C0B209F8010FD1457F
:10E9900006F1010607D030780028F3D1202009F8CD
:10E9A000010FD145F7D118F0100F14BF0323012335
:10E9B00084F819802370E7622B782E2B26D16B7890
:10E9C00023BB0323204684F83030FFF7FDFC2046AC
:10E9D000BDE8F0876B78002BAFD1114B41F2F47298
:10E9E00041F60C0041F2F0719A5818585958E260FB
:10E9F00041F601026062A1609A5C627641F2E872BF
:10EA00009B5C2370E7622B782E2BD8D00023204606
:10EA100084F83030FFF7D8FC2046BDE8F08700BF0F
:10EA200040680020000000000A230380004870476F
:10EA3000F4030020202303800048704700040020D6
:10EA400020230380004870472004002020230380F7
:10EA500000487047400400200A23038000487047A4
:10EA600060040020D0F898220023184613737047E2
:10EA700022230380004870476C0400202223038077
:10EA8000004870479004002022230380004870470C
:10EA9000B40400200A23038000487047D8040020F3
:10EAA0004323038000487047E4040020432303808D
:10EAB0000048704728050020432303800048704722
:10EAC0006C050020D0F8943283B110B5D0F8904294
:10EAD00094F80002FF2807D09B6894F80122214691
:10EAE0009847FF2384F80032002010BD00207047B3
:10EAF00038B5D0E9A432D0F8A842D568D3F80402DA
:10EB000001F0070104EB411203F50371D2F844212F
:10EB1000C3F80C22A847002038BD00BF836A00223A
:10EB2000A3F85E20A3F85620704700BF836A1A68D6
:10EB300010B4D3F88040D3F884009168090601D559
:10EB4000212C1FD09168490601D5222808D0D3F87E
:10EB500088205DF8044B42F01002C3F8882070470B
:10EB60000020A3F85E00116821F490711160916893
:10EB700021F0805121F0010120249160D866C3F872
:10EB80008440E4E70021A3F85610116821F0C00189
:10EB900011609168202421F400019160C3F8804045
:10EBA000D0E700BF704700BF704700BF03681B6815
:10EBB00013F0200312D1816A0A68A1F85E3013684D
:10EBC00023F480731360936823F0010393609368C8
:10EBD000202023F040039360C1F88400704700BFF9
:10EBE00003681B6813F020030BD1816A0A68A1F83F
:10EBF0005630936823F080039360136843F040031A
:10EC000013607047836A0121002283F83D101A7750
:10EC1000704700BF836A012283F83D20704700BF20
:10EC200011F0010307D090F8413003F02803282B9E
:10EC30000CBF4223F2238A0709D590F8412002F045
:10EC40002802282A0CBF43F0440343F0F4034A0788
:10EC500001680A6848BF43F0B80322EA03030B6067
:10EC6000704700BFC16838B5036802299A699C697A
:10EC70009A68DD680DD1C2F3C21282EA144212F022
:10EC8000060206D1816C01318164816C022907D0B2
:10EC900038BD0421FFF7C4FF002380F8403038BDA1
:10ECA00008218264D96180F8402038BD836AD3E9A5
:10ECB0000E01002282638A6393F84120602A04BF18
:10ECC000202283F84120704708B5144BC3622022EC
:10ECD00000230363436380F8412080F842304B07F0
:10ECE00012D50268436A526A1A70436A028D013370
:10ECF00043624AB1438D013B9BB24385436C013A69
:10ED000043F00403028543640721FFF789FF02688B
:10ED100010210023D16180F8403008BD0000FFFFC2
:10ED200038B5002580F8425090F84130292B04D0A6
:10ED300090F841302A2B0BD038BD2822212380F8AF
:10ED4000412001210363FFF76BFF80F8405038BD7D
:10ED50002822222380F8412002210363FFF760FF6D
:10ED600080F8405038BD00BF38B5002580F84250CB
:10ED700090F84130212B4FF020020AD0122380F866
:10ED80004120456302210363FFF74AFF80F84050AA
:10ED900038BD112380F84120456301210363FFF74B
:10EDA0003FFF80F8405038BD836ADA6D42F0400280
:10EDB000DA651A6E42F004021A667047704700BFA7
:10EDC000836ADA6D12F0500FDA6D1AD1196842F4C5
:10EDD0000072DA650A6812F0080FCA6816D012F4D9
:10EDE000406F15D1CA68920412D4DA6D22F4807291
:10EDF000DA65DA6DD1040BD4DA6D42F00102DA651E
:10EE00007047D20604D45B6D5B6B18479007ECD556
:10EE1000704700BF30B40F4B0F4C104D93F82E10BD
:10EE2000247818634FF49A7202FB0152181D0025D2
:10EE300083F82C5018600A250120092C83F82D50E6
:10EE4000907083F82F0002D1054B0144196030BC4B
:10EE5000704700BF988000208C600020685A002016
:10EE600090600020074A084992F82E300978013353
:10EE7000DBB2994282F82E3004BF002382F82E3094
:10EE8000704700BF98800020004000200A4B93F894
:10EE90002C1093F82D2091420DD210B493F82C2011
:10EEA0001C68511CD2B2C0B2C9B283F82C10A05455
:10EEB0005DF8044B7047704798800020FD2870B5BE
:10EEC00022D0F02804D0EF2822D00224204670BDA2
:10EED000114D0320052641282E444FF0000405F172
:10EEE000010580F080030DD0042B0BD9FFF7E6FF5E
:10EEF0002044B542C4B2E9D015F8010B412880F096
:10EF00008003F1D10420F3E7044D0B200426E2E74F
:10EF1000034D0C200626DEE7442305084C23050894
:10EF20003C2305080E4B9A6BB3F93400530707D402
:10EF300000EB8000400080B200F5C87080B27047DE
:10EF4000084B094AD3F8A030323382FB0312D8179A
:10EF5000C0EBA20080B200F5C87080B2704700BF5D
:10EF600098800020503500206766666600B5062947
:10EF700083B00A464FF03203014628BF06220DF146
:10EF800001008DF800303CF05FFD034B6846DB6B01
:10EF9000984703B05DF804FB988000205E2810B508
:10EFA0000ED05D2804D00B4BBDE810401B6C1847F9
:10EFB000084C236C9847236C3D20BDE8104018474F
:10EFC000044C5D20236C9847236C3E20BDE8104024
:10EFD000184700BF9880002070B5D0F8A0420B4AB7
:10EFE00084F8381200230546C4F82C22237204F555
:10EFF0000B720D238121FCF717FE04F503722846DE
:10F000001F23BDE870400121FCF794BD55534253C6
:10F010002DE9F047137882B0914604468A465A2B70
:10F020005CD8DFE813F0CE005B005B007F005B0084
:10F030005B005B005B005B005B005B005B005B00F8
:10F040005B005B005B005B005B00B4005B005B008F
:10F050005B005B005B005B005B00A70176005B0070
:10F060005B0076005B005B005B005B00CA015B003D
:10F07000F4015B005B003A015B00E0005B005B00B9
:10F080005B005B0027015B005B005B005B005B00DB
:10F090005B005B005B005B005B005B005B005B0098
:10F0A0005B005B005B005B005B005B005B005B0088
:10F0B0005B005B005B005B005B005B005B005B0078
:10F0C0005B005B005B005B005B005B005B005B0068
:10F0D0005B005B005B005B005B001302D0F8A022CA
:10F0E00092F85D3202EBC3010133DBB20020042B46
:10F0F0004FF0050481F83C4281F840024FF0FF35A3
:10F1000014BF82F85D3282F85D02284602B0BDE885
:10F11000F087D0F8A032002005465881284602B07A
:10F12000BDE8F087D0F8A042002104F10B0304F100
:10F130001D0003F8011F8342FBD194F85C3294F860
:10F140005D027025257398424FF00C05E57412D0CE
:10F1500004EBC300013390F83C52A57390F8415280
:10F160002576DBB290F840026076042B14BF84F859
:10F170005C3284F85C121223638199F80430122BFC
:10F1800098BF63810025284602B0BDE8F08799F852
:10F190000130D0F8A052DB0740F17B81072205F156
:10F1A0001203D44E6A8105F10B04C3F106008321DA
:10F1B00000E0B15C03F80119C218A34292B2F8D181
:10F1C000E0E7D0F8A062D6F81472002F40F01F825A
:10F1D000D0F8A43208469B6898470546002840F0BE
:10F1E0004C82708191E7D0F8A062357A002D40F012
:10F1F000858196F91832002BC0F26A81D0F8A432CA
:10F2000008469B6898470746002840F07882D4F863
:10F21000A4325046DB6898470546002840F05A82E1
:10F22000D9F80210D4F8A00209BAC6F86412B9F8E5
:10F230000730D0F860225BBA9BB219449142C6F8FD
:10F24000683200F26E82B6F85E12D6F8142203FB22
:10F2500001F3934240F09181B3F5007F28BF4FF452
:10F26000007301219BB22046317206F10C02FCF7BB
:10F2700061FC4AE799F80150D0F8A03215F002007D
:10F2800040F01682D3E99924D3F8601222448A42CE
:10F2900000F2E2815881054637E7D0F8A08298F85D
:10F2A0000860002E40F0288198F91832002B80F277
:10F2B000C181D0F8A43208469B68984705460028CB
:10F2C00040F03682D9F80200D4F8A06200BAC8F83B
:10F2D0006402B9F80730D6F860225BBA9BB21844D2
:10F2E0009042C8F8683200F2F380B8F85E02D8F8AD
:10F2F000142203FB00F39A424FF0020088F8080042
:10F3000040F0E680B6F85E32D6F86872D4F8A4020F
:10F31000D6F8642205694FF4007C07FB03F76745C4
:10F3200006F10C0928BF67465046A8F80AC04946AE
:10F33000B7FBF3F39BB2A8470028C0F25481BBB2DD
:10F340004A4681212046FCF76FFCD6E99910D6F891
:10F350003422B6F85E32B7FBF3F3D71B1944C51A53
:10F36000C6E99915C6F83472002D7FF40BAF03235C
:10F370003372CAE6D0F8A0725E4E082207F113037A
:10F380007A81C3F1070507F10B00002200E0127A31
:10F3900003F80129EA18984216FA82F2F7D1D4F854
:10F3A000A4325046DB68984700283FF4EBAEBB7BA5
:10F3B00063F07F03BB730025A7E6D0F8A0620025A9
:10F3C00006F10B0306F1170203F8015F9A42FBD125
:10F3D000D4F8A43250465B680DF1020201A99847A7
:10F3E000002840F0DA80019BBDF80220013B190E95
:10F3F0001D0C1C0A52BAF374082031740C2302212C
:10F400007574B474F282F073B1827381BAE6D0E994
:10F41000A86308465B6806F25E2206F518719847F5
:10F420000546002840F0CC80D6F86032B6F85E225F
:10F430003082013B190E180C52BAF37331731B0A58
:10F4400008217073B373728271815EE6D0F8A07286
:10F45000284E082207F113037A81C3F1070507F14B
:10F460000B00002200E0127C03F80129EA18984200
:10F4700016FA82F2F7D1D4F8A4325046DB689847E6
:10F4800000283FF47FAEFB7B63F07F03FB73002516
:10F490003BE6D0F8A40299F80430C06901EBC10141
:10F4A00000EB810002790532934228BF13466B813D
:10F4B000002B3FF467AE013B99B24B1C0C31034467
:10F4C0006A1813F8011D02F801199842F9D159E69A
:10F4D00096F85D321A46013306EBC202DBB2052113
:10F4E000042B82F8405282F83C1200F0A08086F88B
:10F4F0005D3247E688D50408464603E7B6F85E3233
:10F50000D6F86872D0F8A402D6F86422456907FBE1
:10F5100003F7B7F5007F06F10C0828BF4FF400771A
:10F520000846B7FBF3F341469BB2A8470028C0F258
:10F530001F81D6E99925D6F83432B6F85E02B7FBBA
:10F54000F0F1DB1B0A446D1AC6E99925C6F834327E
:10F5500025B920462946FFF73FFDD6E505FB00F516
:10F56000B5F5007F28BF4FF40075ABB24246204688
:10F570000121FCF7DFFA0025C7E590F85D3200EBCA
:10F58000C3020133DBB20521042B82F8405282F81A
:10F590003C1239D080F85D32F4E5D4F8A02292F81C
:10F5A0005D3202EBC3010133DBB20220042B81F890
:10F5B000405281F83C0200F0D08082F85D32E1E5F3
:10F5C000D4F8A02292F85D3202EBC3010133DBB222
:10F5D00002200025042B81F83C0281F84052ECD136
:10F5E00082F85D5291E5D4F8A02292F85D3202EBE8
:10F5F000C30101330420DBB20025834281F83C02C1
:10F6000081F84052D9D1EBE780F85D527DE596F85C
:10F610005D321A46013306EBC202DBB2052100253A
:10F62000042B82F83C1282F840527FF460AF86F8D7
:10F630005D526AE598F85D321A46013308EBC20262
:10F64000DBB20521042B82F8406282F83C1200F004
:10F65000878088F85D3295E593F85D221146013286
:10F6600003EBC101D2B20524042A81F8400281F8DB
:10F670003C4279D083F85D2284E5D4F8A02292F848
:10F680005D3219460133DBB202EBC101042B4FF0AE
:10F69000020081F8407281F83C0218BF82F85D32A6
:10F6A0004FF0050308BF82F85D72002533722CE528
:10F6B00093F85D221146013203EBC101D2B205205D
:10F6C0000025042A81F83C0281F84052D2D183F807
:10F6D0005D521AE5D4F8A02292F85D321946013342
:10F6E00002EBC101DBB20220042B81F8407281F8E9
:10F6F0003C027FF462AF82F85D723D4605E5D4F8C6
:10F70000A02292F85D321946013302EBC101DBB24F
:10F710000220042B81F8405281F83C027FF44DAF67
:10F720005EE790F85D321A4600EBC202013329E72A
:10F73000D4F8A02292F85D321946013302EBC101E0
:10F74000DBB20220042B81F8406281F83C027FF496
:10F7500034AF82F85D623546D7E482F85D5211E538
:10F7600088F85D623546D0E483F85D020546CCE456
:10F77000D4F8A02292F85D32194602EBC1010133A0
:10F7800038E700BF10B5D0F8A0120B7A022B07D0D3
:10F79000033B012B02D80021FFF71EFC002010BD07
:10F7A00001F21B2291F819120446FFF731FC0028E0
:10F7B000F4DA20460121FFF70FFCEFE7F8B5D0F8A7
:10F7C0009032D3B101EB810700EB8707FA694AB1A8
:10F7D000D0F8A84204EB4116B56BB2FBF5F405FB7B
:10F7E00014241CB10020C3F81402F8BDFC612346A8
:10F7F0002246FCF719FA2046F8BD0220F8BD00BFEA
:10F8000070B5D0F8A05295F81832044613B9D5F85F
:10F8100014323BB981212046FCF71AFB6B7A022B8C
:10F8200007D070BD6B7A002BF4D10121FCF710FBDF
:10F83000F0E705F5037220461F23BDE87040012163
:10F84000FCF778B9F8B5D0F8A042267A05465EB143
:10F85000012E07D194F8191204F21B22FFF7D8FBEE
:10F86000002833DB0020F8BDD0F8A832D4F81012FD
:10F87000D3F86431D4F814221F2BC4E98C1208D1B8
:10F880002F4BD4F80C229A4203D194F81912012973
:10F8900021D994F85D3204EBC3020133DBB2042BAF
:10F8A0004FF000014FF0050082F83C0282F8401250
:10F8B00018BF84F85D324FF00203284608BF84F871
:10F8C0005D126372FFF79CFF0020F8BD28460121FE
:10F8D000FFF782FBC6E794F81A32013B0F2BD8D80A
:10F8E00004F21B22FFF794FB0028237A1EDB013B66
:10F8F000022BB7D96189F9B1D5F8A072D7F81422D3
:10F90000D7F8343287F838629142A3EB01060B46F0
:10F9100028BF13460421397204F10C022846C7F8A7
:10F9200034629BB28121FCF77FF99BE7052BCDD098
:10F930002846FFF765FF95E72846FFF74DFB91E75F
:10F940005553424370B5037C194AC0F8A0220446BF
:10F9500023BB01214FF400730D460222FCF7DEFBAE
:10F96000C4F858514FF40073022281212046FCF75D
:10F97000D5FBD4F8A062E56200253581A6F85C527B
:10F98000D4F8A43228461B68984706F5037220462F
:10F990001F230121FCF7CEF8284670BD012140232A
:10F9A0000D460222FCF7BAFBC4F858514023DBE7AE
:10F9B000DC80002038B5044600250121FCF7A2FABE
:10F9C0008121C4F858512046FCF79CFAD4F8A002D3
:10F9D000E5623CF0EBF8C4F8A052284638BD00BF01
:10F9E00038B504468321FCF78DFAD4F89802002537
:10F9F000656518B13CF0DAF8C4F89852002038BDBB
:10FA000038B5044600258121FCF77CFA0121E56226
:10FA10002046FCF777FAC4F8585120468221FCF7BB
:10FA200071FAD4F8903225644BB1D4F894325B6803
:10FA30009847D4F890023CF0B9F8C4F890520020EE
:10FA400038BD00BF10B50823044603228321FCF70C
:10FA500065FB0123636510203CF0A0F8C4F8980210
:10FA600018B103460020187310BD022010BD00BF5E
:10FA70002DE9F041037C0446C3BB01254FF400731C
:10FA800002228121FCF74AFBE56229464FF400730C
:10FA900002222046FCF742FBC4F8585108230322F7
:10FAA000822120464FF00108FCF738FBC4F8408063
:10FAB0004FF407703CF072F80546C4F8900260B34A
:10FAC000D4F894321B689847267CD5F80422002786
:10FAD000C5F814724146C5F818722046B6B14023E5
:10FAE0003E46FCF727F83046BDE8F081012540236B
:10FAF00002228121FCF712FBE56229464023022203
:10FB00002046FCF70BFBC4F85851C7E74FF40073CD
:10FB1000FCF710F83046BDE8F0814646E3E700BF49
:10FB200007EE900ADFED196A9FED197A9FED196AC9
:10FB3000F8EEE77A67EEA67A37EE677AC7EE876A5D
:10FB4000F4EEC66AF1EE10FA1DD49FED130A08B563
:10FB500026EE800A3AF016FCDFED106ADFED107A2F
:10FB60009FED107AE0EE267AF7EE006A86EEA70A9D
:10FB7000B4EEC70AF1EE10FA02D430EE470A08BD1F
:10FB80009FED090A08BD9FED080A70473333533AC9
:10FB90003333534075029A3B52DF593E2CBB8439B4
:10FBA0000FCF5B3B33938843000000002DE9F04FFB
:10FBB000A54C2DED068BD4F8B03289B06BB1A34AB9
:10FBC000126892F8262042B194F8B422012A054620
:10FBD00008D0022A34D0032A70D009B0BDEC068BBD
:10FBE000BDE8F08F9A4894F82F30A0FB05208009DB
:10FBF000002B00F0A780012BEFD1226B64329042E2
:10FC0000C0F0538294F82E2004EB021292F8C01236
:10FC1000FF2905D08F4D013182F8C01285F8BB3124
:10FC2000FFF720F9FFF7F6F88B4B1B78092BD4D19F
:10FC3000D4F80433894A0133C4F804335360CCE761
:10FC4000D4F808238649821A8A4210DD94F82E20BF
:10FC500004EB021292F8C012FF2906D07D48013150
:10FC600082F8C012012280F8BB21C4F80853DFF8E3
:10FC7000E8B1DFED7C8A9FED7C8ADFF800A21846B0
:10FC800004E0013A84F80C23D4F8B00228F07AF8A2
:10FC9000002800F09A80D4F8B00228F06BF894F8AD
:10FCA0000C23002AEDD194F80D33002B55D19B285D
:10FCB000EAD10123207184F80D33E5E7D4F8082355
:10FCC0006749821A8A4210DD94F82E2004EB021252
:10FCD00092F8C012FF2906D05E48013182F8C012A6
:10FCE000012280F8BB21C4F80853DFF86CB15F4EE5
:10FCF0005A4FDFF88881184607E04B2803D10123CB
:10FD0000207184F80D33D4F8B00228F03BF80028B5
:10FD100000F08880D4F8B00228F02CF894F80D3365
:10FD2000002BEAD0012B49D0022B00F05A81032B83
:10FD300000F09681252B1BD8E2180133107184F84E
:10FD40000D33E0E74A4B9D427FF647AF09B0BDEC6B
:10FD5000068BBDE8F04FFFF75DB8012B40F09280B5
:10FD60009B2800F085810223607184F80D338BE7B6
:10FD70004048D4F826C0002300F1220E84F80D3349
:10FD80004FF0FF3210F8013F5A40082342F30001C0
:10FD90003140013B81EA5202F8D17045F2D1D243A1
:10FDA000944500F026819BF80030092BABD1D4F8A4
:10FDB00000330133C4F80033BB60A4E74F2800F0E0
:10FDC0005D81002384F80D339DE79BF80030092BFB
:10FDD0000AD194F82E30214A94F80D13516004EBA7
:10FDE000031393F8C032D360D4F81023D4F8C4328C
:10FDF000C4F81053AD1A03FB05F307EE903A94EDE7
:10FE0000C57A9FED1D0AF8EEE77AF2EE046AA7EED6
:10FE1000A67A27EE000A84EDC57A3AF067FAC4F8AC
:10FE2000C802DAE69BF80030092B7FF4D6AE94F8CE
:10FE30002E2094F80D13094B04EB0214596094F82A
:10FE4000C022DA60C9E600BF988000209C540020E0
:10FE5000D34D6210F40300208C60002090600020DD
:10FE600090D003000000043C0000C8422083B8ED9D
:10FE70003F4B4C009B800020BFB5982F1F85EB5156
:10FE800000000000591CC9B22344132984F80D1343
:10FE900018717FF4F9AE237A84F80D23032B00F256
:10FEA0009380A67A032E00F28F80227B032A00F231
:10FEB0008B80E17B0E2900F28780677C0E2F00F299
:10FEC0008380E07C01900E287ED894F81580B8F1EC
:10FED0000E0F79D894F8BD0294F810C094F80D90E4
:10FEE00094F812E009EE100A607A0390A07B049067
:10FEF000607902900398120440EA0323049842EACE
:10FF000009224CEA01214EEA072EB4F8BAC209B21E
:10FF100042EA0007A2790392B8EEC99AE279049204
:10FF200007EE901AE27A0592E6450FFA83F9F8EEA9
:10FF3000E79A29EE289A0FFA8EF300F233811FED2B
:10FF400030AA019A237D43EA0220FFF7E9FD00234E
:10FF500084F8C032F0EE40AA3AF0C8F929EE890AD6
:10FF600084F8C10207903AF0C1F92AEE080AA4F811
:10FF7000C20206903AF0BAF9AAFB07314909A37DFB
:10FF80000193632FDDE90632C4F8C402A4F8CC1251
:10FF900002DDB9F1310F02DC0021C4F8C4129BF874
:10FFA00000C0BCF1090F00F02881BCF10C0F40F03B
:10FFB0000C81059B43EA06229A4BC3E9007912B2F1
:10FFC0009A60C4F808535FE69BF80030092B7FF471
:10FFD0005BAED4F80033934A0133C4F80033936026
:10FFE00052E644287FF4EDAE0323A07184F80D336C
:10FFF00089E6227BD4F808C0A17B207D019294F889
:020000040801F1
:100000000F9094F80DA0029084F8C032A8FB0C2346
:10001000019A94F815E09BF8000041EA0929029939
:1000200042EA0A2241EA0E2E5B09A17FA4F8CC32F3
:1000300012B20928C4E9B19E94F81BA094F81AE002
:10004000E37FA4F8C22284F8C11227D00C281AD169
:100050004EEA0A23BB60C7F800C0C4F8085352E652
:100060004C287FF4AEAE0423E07184F80D334AE6E9
:100070000B2384F80D2384F80C3305E6022360710A
:1000800084F80D333FE60D28E7D101EB810103EB46
:10009000830349005B00C7E90013DEE792B2C7E9BA
:1000A00004C1BA61C7F81C90D7E794F82C2094F8E3
:1000B0002D309A427FF491ADE51C04F10C0600222C
:1000C00015F8013F08215A40530012F0800F08BF75
:1000D000520083F0070314BFDAB2D2B20139F3D170
:1000E000B542EDD1637B934238D194F82E7094F8E9
:1000F0000BE0237BDFF834C194F80580B4F8076087
:10010000B4F809509CF800C004EB071243EA0E2330
:1001100082F8C012A17994F904E082F8C1E241EAC0
:10012000082476BA6DBAA2F8C2423F4CB6B2ADB25C
:100130001BB20121BCF10C0FC2F8C462C2F8C85254
:10014000A2F8CC3284F8BB1128D0BCF10D0F02D13B
:10015000344B43F827E0FEF785FEF7E594F82E30A0
:1001600004EB031393F8C022FF2A06D02E49013274
:10017000012583F8C02281F8BB51FEF773FEFEF71C
:1001800049FE2A4B1B78092B7FF427ADD4F80033A6
:10019000244A0133C4F8003393601EE5214A42F833
:1001A0002730D8E794F8BC229FED217A07EE902AF9
:1001B000F8EEE77AA3EB0C0387EE27AA07EE903A56
:1001C000F8EEE77A2AEE27AABBE6BCF10D0F7FF422
:1001D000F8AEB2EE049A2AEE890A3AF087F8019A4C
:1001E000104E034642EA08203360FFF799FC20EEE8
:1001F000090A3AF07BF87060E3E607EE907A03991B
:10020000029E049FF8EEE77A090241EA0641FDEEFC
:10021000E77A044E3943C6E905233160F061C6ED43
:10022000047ACEE690600020F40300208C60002069
:1002300000E80042024B0146D3F8180327F0C8BD7E
:10024000988000202DE9F041FD2982B0044600F09D
:10025000DC80F02900F0BB80EF2900F02D811746EB
:100260004AB10346861801AD002003F8010B9E42F7
:1002700005F8010BF9D19A4B0B2003F1090501E0B8
:1002800013F8010F814200F0C5809D42F8D14B1E4A
:10029000832B00F29080DFE813F01E012F0139015B
:1002A00042019C01A2018400470153018E008E008F
:1002B0005801580158016E016E016E0153018E0004
:1002C0008E00780180018E008E008E008E008E00E0
:1002D0008E008E008E008E008E008E008E008E00AE
:1002E0008E008E008E008E008E008E008E008E009E
:1002F0008E008E008E008E008E008E008E008E008E
:100300008E008E008E008E008E008E008E008E007D
:100310008E008E008E008E008E0093018E008E0067
:100320008E008E008E008E008E008E008E008E005D
:100330008E008E008E008E008E008E008E008E004D
:100340008E008E008E008E008E008E008E008E003D
:100350008E008E008E008E008E008E008E008E002D
:100360008E008E008E008E008E008E008E008E001D
:100370008E008E008E008E008E008E008E008E000D
:100380008E008E008E008E008E008E008E008E00FD
:100390008E008E008E008E008E008E008E001A0160
:1003A0001A01504D95F88C33DE0700F15581B5F8F0
:1003B0006C33ADF804303FB1E21901AB13F8011B07
:1003C00004F8011B9442F9D102B0BDE8F081464F18
:1003D00003214FF00508B844002501370CE0FEF773
:1003E0006DFD064660193246FFF72CFF7019474530
:1003F000C5B2E9D017F8011B412981F080030846F6
:1004000001D0042BEBD80426ECE7384F0B214FF03A
:100410000408E0E7334B986B82060CD4002FD3D04E
:10042000E21901AB13F8011B04F8011B9442F9D146
:1004300002B0BDE8F08193F81C03820741D52C4D32
:10044000287D052834BF02260326142916D97C39B5
:10045000C8B20628E2D80629E0D801A252F821F055
:100460001F0601081F060108090601081D040108EE
:100470002F06010829060108350601080929CDD9EA
:100480000A390A29CAD801A252F821F0EF05010859
:100490003B0601081D0401081D0401081D04010894
:1004A0001D0401081D0401081D0401081D040108A4
:1004B000010601081F0601080E4F0C214FF0060827
:1004C00089E70B4B0B29187DA8D10126B6E017F060
:1004D00033FC01906FE7FEF725FDADF804006AE7F5
:1004E0003023050898800020442305084C23050884
:1004F000B06000203C2305085E4BD3EDD77AFDEEBB
:10050000E77A17EE903AADF8043054E7594B93F878
:100510002B13002900F0978018F038FCDDE718F065
:1005200035FCADF8040046E7534B5449B3F90430A9
:1005300081FB0321DB17C3EBA103ADF804303AE7DD
:1005400017F0F0FBADF8040035E74A4BDFED4C6ADD
:10055000D3EDE47A0C39C9B203EB810393EDF67A5B
:1005600067EEA67A67EE877AFDEEE77A17EE903AA5
:10057000ADF804301FE7404B0F3933F8113003EB6F
:1005800083035B00ADF8043015E73A4B93F88C33E6
:1005900003F00103ADF804300DE7364BB3F88E13CA
:1005A00048075ABF81F00203C3F34003072311F049
:1005B000200F18BF042311F0010F18BF0923F8E61C
:1005C000FEF7B0FC2F4BD3F8A43043EAC0400190B3
:1005D000F1E6284BD3F88033ADF80430EBE6254B39
:1005E000B3F86C1391B318F0DDFB80B275E72B8A7A
:1005F00003EB830303EB83039B00ADF804300DE7AB
:10060000EB89ADF8043009E7EB891F4903EBC3031D
:100610009B00A1FB03235B09ADF80430FEE6B3F8B1
:100620001E33ADF80430F9E66B680193F6E62B68EB
:100630000193F3E6AB680193F0E6F6B28DF804603F
:100640008DF80500EAE6B3F8440346E7D3F88803DB
:1006500080F3100080B240E717F0F8FCD5EDD77AB0
:1006600028B1FCEEE77A17EE903A9BB2A1E603467A
:100670009FE600BF9880002064640020676666667D
:1006800000007A44503500201F85EB512DE9F041E0
:100690002A4C2B4AD4F88033B4F8E873B4F8886352
:1006A00082FB0352DB17C3EBA2031FFA83F8474513
:1006B00082B00D4603D1B4F8EA33B34233D00268B6
:1006C0000190511C34230160137002680023511CF7
:1006D0000160137041462CF0FDFB019831462CF06F
:1006E000F9FB019847F6FF712CF0F4FB019847F6EF
:1006F000FF712CF0EFFB019847F6FF712CF0EAFB3D
:10070000019847F6FF712CF0E5FB01980221FAF7FA
:10071000B1FA0120A4F8E883A4F8EA63C4F8EC5322
:1007200002B0BDE8F081D4F8EC33064ACB1A93420C
:10073000C5D8002002B0BDE8F08100BF988000203D
:100740006766666680841E002DE9F047B04B1B6823
:10075000064613F0800086B000F0A280AD4F97F8F7
:100760001C0310F0020000F09B80DFF8B8E29EF856
:100770001410052940F29980632900F29480002426
:10078000DFF8A4C289B22546ACFB0132D20802EBE5
:100790008203A1EB4303E0B288469BB28000834012
:1007A000B8F1090F91B245EA030504F10104EBD851
:1007B000EDB2DEF80830984A82FB0312D917C1EB7C
:1007C000623189B2002900F01E814FF0000CDFF881
:1007D00058826446A8FB0132D20802EB8203A1EBE7
:1007E00043035FFA8CF089469BB280008340B9F1E5
:1007F000090F91B244EA03040CF1010CEAD8E4B207
:10080000BEF80E20854B4FF4F36101FB02F1A3FB10
:100810000131C1F38F1142F20F73994249D8D9B116
:100820004FF0000CDFF80082E646A8FB0132D20848
:1008300002EB8203A1EB43035FFA8CF089469BB283
:1008400080008340B9F1090F91B24EEA030E0CF11A
:10085000010CEAD81FFA8EF1D7E9FC2313433DD1EE
:100860004FF0FF3733681722581C30601A70336816
:100870000022581C30601A7030462CF02BFB394691
:1008800030462CF00FFB33685A1C32601D70336801
:100890005A1C326030461C700621FAF7EBF9012031
:1008A00006B0BDE8F087992583E7002006B0BDE8D3
:1008B000F0870020DFF870C10146ACFB03E2D208EC
:1008C00002EB820EA3EB4E039BB283400430102850
:1008D00041EA030193B2F0D189B2BDE703A80191C7
:1008E0002CF0C2F89DF810000199002800F08D80CE
:1008F0004FF0000EDFF830817746A8FB0032D208B7
:1009000002EB8203A0EB43035FFA8EFC81469BB2AD
:100910004FEA8C0C03FA0CF3B9F1090F90B247EAD5
:1009200003070EF1010EE8D83F029DF81100E8B16F
:100930004FF0000CDFF8F080E646A8FB0032D2084A
:1009400002EB8203A0EB43035FFA8CF982469BB271
:100950004FEA890903FA09F3BAF1090F90B24EEA96
:10096000030E0CF1010CE8D847EA0E079DF81200BF
:100970003F02E8B14FF0000CDFF8AC80E646A8FB80
:100980000032D20802EB8203A0EB43035FFA8CF93A
:1009900082469BB24FEA890903FA09F3BAF1090FBB
:1009A00090B24EEA030E0CF1010CE8D847EA0E07AC
:1009B000BDF814301A48632BA0FB03204FEA071739
:1009C0004FEA50107FF64EAF4FF0000CDFF8588022
:1009D000E646A8FB0032D20802EB8203A0EB4303F9
:1009E0005FFA8CF982469BB24FEA890903FA09F350
:1009F000BAF1090F90B24EEA030E0CF1010CE8D8DF
:100A000047EA0E072EE70C46FAE607468DE700BFD9
:100A1000186000209880002089B5F814D34D62102A
:100A20001F85EB51B0600020CDCCCCCC014B1B68B6
:100A30001B6A1847943F0020024B186808B183696D
:100A400018477047943F0020024B186808B143696B
:100A500018477047943F002010B5074C606D40B1B7
:100A600027F044FC94F8513013B180F00100C0B27B
:100A700010BD012010BD00BFF00D002008B50422FC
:100A80000023C0F86C2219461A46FBF7CDF8002067
:100A900008BD00BF38B5134602250A46C0E9073332
:100AA000C0F86C520021FBF7BFF8002038BD00BF32
:100AB000F0B50B78D0F8A07283B0002213F0600577
:100AC0000E460446ADF8062022D0202D19D14A78D2
:100AD000FE2A11D0FF2A14D14A8892B9CD8885B94F
:100AE0001B060ED44FF480733B8107F503721F235E
:100AF0000121FBF71FF808E04D8815B9CE88012EBB
:100B00006DD02046FBF7F4F90225284603B0F0BD6E
:100B10004B780B2BF5D801A252F823F05B0B0108A0
:100B2000830B0108030B0108030B0108030B0108E9
:100B3000030B0108030B0108030B0108030B010859
:100B4000030B0108710B01084D0B010890F874327A
:100B5000032BD6D18B787B60D7E790F87422032AD9
:100B6000CFD102220DF106011D46FFF793FFCCE71E
:100B700090F87432032BC4D1391D0122FFF78AFF8C
:100B8000C3E70979FBF7BEF9B38896F9042003F0AF
:100B90000F0303EB8303002A04EB83034FF00002EF
:100BA0002ADBC3F84421237C9BBB4FF40073022251
:100BB00001212046FBF7B2FA0123C4F85831D4F8DA
:100BC000A0727B7A022B32D096F90420002A9CDA9C
:100BD000012B9AD020460121FEF7FEF995E71A066F
:100BE0008FD5D0F8A4329B69984732463860394691
:100BF0002046FFF74FFF88E79A61237C83B94FF4C3
:100C00000073022281212046FBF788FA0123E36268
:100C1000D5E74023022201212046FBF77FFACBE7EC
:100C20004023022281212046FBF778FAEEE7204696
:100C30008121FBF70DF900237B7266E710B50C7874
:100C4000D0F8982282B0002314F06004ADF806308A
:100C500016D0202C0ED14B78023B092B0AD8DFE8A6
:100C600003F033390909090909093F2F90F8743253
:100C7000032B5AD0FBF73CF90224204602B010BDEA
:100C80004B780B2BF6D80FF2080C5CF823F000BF62
:100C9000150D0108750C0108750C0108750C01088B
:100CA000750C0108750C0108EB0C0108750C0108A6
:100CB000750C0108750C01086D0C0108070D010881
:100CC0008B7813600024D8E7111D0122FFF7E2FEA4
:100CD0000024D2E711460122FFF7DCFE0024CCE716
:100CE0004B881B0A53600024C7E74B881B0A222B42
:100CF0001FD0212BBED1CA881149092A28BF092239
:100D0000FFF7C8FEB9E790F87432032BB2D18B78A5
:100D10009360B2E790F87422032AABD102220DF15E
:100D200006011C46FFF7B6FEA7E702F10801012203
:100D3000E6E7CA880349362A28BF3622E0E700BF23
:100D4000E8050020B00500202DE9F0410B78D0F82F
:100D5000908282B0002613F060050F4604468DF89D
:100D60000560ADF8066013D0202D17D1CD88EDB108
:100D70001B063ED5D0F8943248789B682A464146F7
:100D80009847FA88414620463546FFF783FE09E03A
:100D90004B780A2B1ED00B2B26D08BB12046FBF7AD
:100DA000A7F80225284602B0BDE8F081D0F89432B9
:100DB00048789B682A469847284602B0BDE8F081EB
:100DC00090F87432032BE9D102220DF10601FFF7EE
:100DD00061FEE7E790F87432032BDFD101220DF1B9
:100DE0000501FFF757FEDDE790F87432032BD9D0E9
:100DF000D4E74B7888F80032032188F801522B465B
:100E0000C0E95255C0F86C1242463146FAF792FEDC
:100E10003546C7E7D0F86C32022B70B504460ED0C9
:100E200033F0040302D18021FBF712F894F87832F2
:100E3000012B04BF002384F87832002070BDD0E974
:100E40000835AB4221D8C369B3FBF5F605FB16366E
:100E50002EB99D4203D8D0F87022934226D3D4F8FD
:100E60008C32DB681BB194F87422032A1BD08021DA
:100E70002046FAF7EDFF00230522C4F86C2219463C
:100E80001A462046FAF756FED0E75B1B03620A4675
:100E90009BB20021FAF7C8FE00231A4619462046E5
:100EA000FAF748FEC2E720469847E0E73346324665
:100EB0003146FAF7B9FEC4F87062EDE770B5054641
:100EC00041B9D0F86C32032B0C4610D0052B1FD043
:100ED000002070BDD0F88C329B6933B190F8742239
:100EE000032A02D19847002070BD022070BDD0E9CE
:100EF00053639E4212D8D0F88C321B6923B190F80C
:100F00007422032A00D198472846FFF7B7FDDFE790
:100F1000C5F86C12FAF79CFF204670BDF61AB34272
:100F200028BF33469BB2C0F84C61FAF703FE204657
:100F300070BD00BF08B5D0F88C325B6898470020C0
:100F400008BD00BF08B5D0F88C321BB11B689847AC
:100F500000B908BD022008BDF0B402F580625F0848
:100F600010441AD06FF00106761A8A1C3D46841888
:100F7000013DA45B02F8024C4FEA142402F8014C34
:100F800002F10202F3D100EB470201EB4701DB075C
:100F900044BF13880B70F0BC70470246F7E700BFF0
:100FA0004A788B69012AF0B45AD00C69A34284BFF5
:100FB0001D1B23460C7B98BF00258D6144BBB0F8F8
:100FC00050200C7800F2064515FA82F202EBC402BA
:100FD000002B00F0B3803D2B00F2E0805C08DB07C3
:100FE00048BF0134A40214800A7830F8223023F478
:100FF000804323F070031B041B0C83F4405343F421
:10100000004343F0800320F82230F0BC00207047FA
:10101000002AE9D1B0F850200C7800F2024515FA08
:1010200082F2082616FB0422002B40F0BD801488B3
:10103000744D24F4F8442C4314804C78002C40F078
:101040008680B0F850400B7800F2064212FA84F421
:1010500016FB03431A8822F4F8422A431A80C3E796
:101060000A69934284BF9C1A13460A7B98BF0024E6
:101070008C619AB30A7814B230F8244014F0400F0F
:10108000B0F8504070D000F2064515FA84F424F808
:1010900032304A894C699BB2013300F580651544B2
:1010A0005A0808D0234604EB42022D1B1C885C53CF
:1010B00002339342FAD14B78002B5DD10A7830F895
:1010C000223023F4E04323F070031B041B0C43F491
:1010D000004343F0C00320F822301BE09FB2CC88CD
:1010E0004E69013700F580657F089AB2254408D023
:1010F0003346ED1A06EB47061C885C5302339E42CA
:10110000FAD1B0F850300C7800F2024515FA83F3AA
:1011100023F834200A7830F8223023F4E04323F017
:1011200040031B041B0C83F0300343F4004343F0E3
:10113000800320F82230F0BC00207047138823F48D
:10114000F8436FEA43436FEA534313804CE7012CA3
:101150007FF44AAFB0F850200C7892B202F2064207
:1011600002EBC40283523FE700F2024515FA84F411
:1011700024F832300A898DE7012BCBD10A7830F878
:10118000223023F4E04323F070031B041B0C43F4D0
:10119000404343F0800320F82230BBE7194C5B0941
:1011A00044EA832313801FE73D2B18D85D0813F012
:1011B00001062C4618BF6C1CA40214804C78002C2D
:1011C000C5D1B0F850300A7800F2064414FA83F31F
:1011D00003EBC20306B10135AD021D8004E7094DE2
:1011E0005C0945EA842515804C78002CAFD1B0F815
:1011F00050300A7800F2064414FA83F323F8325090
:10120000F2E600BF0080FFFFB1F5805FF0B400F0B0
:101210002A8153D8102900F07581B1F5807F40F004
:101220009280046AD2F810C0B54D24F48074D2E9DB
:1012300000670462036A4468C16923F4007343EAE7
:101240000C2321F4803123F4807321F07301A84230
:1012500043EA072341EA060113D005F50065A842D9
:101260000FD005F54065A8420BD005F58065A84272
:1012700007D005F58065A84203D005F50065A842B2
:1012800013D1D2E9056723F4006324F4805443EAC0
:101290008623D569966844EA071423F4806324F40E
:1012A000005443EA862344EA4514D568446000228A
:1012B000C161C5630362F0BC10467047B1F5803F61
:1012C00000F09380B1F5801F40F08B80046A1769AD
:1012D00024F48014D2E900560462036A016D884C3C
:1012E00023F4001343EA075321F0807123F48013A1
:1012F00021F4E041A04243EA065341EA052113D01C
:1013000004F50064A0420FD004F54064A0420BD065
:1013100004F58064A04207D004F58064A04203D0A5
:1013200004F50064A04206D14468956924F4802441
:1013300044EA85244460D46801650022C4640362E1
:10134000F0BC1046704701294BD1046AD2F810C096
:101350006B4D24F00104D2E900670462036A44681B
:10136000816923F0020343EA0C0321F4803123F066
:10137000010321F07301A84243EA070341EA060191
:1013800013D005F50065A8420FD005F54065A842C9
:101390000BD005F58065A84207D005F58065A84209
:1013A00003D005F50065A84212D1D2E9056723F004
:1013B000080324F4807443EA8603D56996683C43A5
:1013C00023F0040324F4007443EA860344EA45044A
:1013D000D56844600022816145630362F0BC104619
:1013E000704701221046F0BC7047046A176924F464
:1013F0008034D2E900560462036A016D404C23F444
:10140000003343EA074321F4803123F4803321F091
:101410007001A04243EA064341EA050113D004F5F6
:101420000064A0420FD004F54064A0420BD004F544
:101430008064A04207D004F58064A04203D004F584
:101440000064A04206D14468956924F4803444EADB
:10145000052444600165D268816C826400220362C5
:10146000F0BC10467047046AD2F810C0244D24F432
:101470008054D2E900670462036A4468C16923F4B6
:10148000005343EA0C3321F0807123F4805321F49C
:10149000E641A84243EA073341EA062113D005F5A5
:1014A0000065A8420FD005F54065A8420BD005F5B0
:1014B0008065A84207D005F58065A84203D005F5F0
:1014C0000065A84213D1D2E9056723F4004324F450
:1014D000804443EA8633D569966844EA871423F446
:1014E000804324F4004443EA863344EAC514D568B3
:1014F00044600022C16105640362F0BC104670477D
:10150000002C0140046AD2F810C0254D24F01004CC
:10151000D2E900670462036A4468816923F020030A
:1015200043EA0C1321F0807123F0100321F4E6410B
:10153000A84243EA071341EA062113D005F50065E6
:10154000A8420FD005F54065A8420BD005F580658F
:10155000A84207D005F58065A84203D005F50065CF
:10156000A84213D1D2E9056723F0800324F48064F4
:1015700043EA8613D569966844EA870423F040035A
:1015800024F4006443EA861344EAC504D568446041
:101590000022816185630362F0BC1046704700BF82
:1015A000002C01402E4A0368904230B43FD0B0F185
:1015B000804F28D0A2F59432904224D002F5806268
:1015C000904220D002F5806290421CD002F5943205
:1015D00090422CD002F5E05290423BD0214A9042FA
:1015E00035D002F58062904231D002F5806290429F
:1015F0002DD002F50062904229D08C680A880360E1
:10160000C46282620CE04A68D1E9024523F07003AB
:10161000134323F440730A882B430360C46282623D
:10162000436943F00103436130BC002070474D68BB
:10163000CC680A8823F070032B4323F440732343C0
:1016400003608B68C36282620B7C0363E8E7CC684B
:101650000A88F2E74A6823F070031343BEE700BF2D
:10166000002C0140004001400023C0E90033C0E9E4
:101670000233C0E90433C0E90633C0E908338362AA
:10168000704700BFF0B41C4D16695369D2E9024798
:101690000D443C4315F8015CD769344396691C43FB
:1016A0002B583443966A3C4323F4FF43344323F0DE
:1016B00070031C432C502E18D2E900450F4BF560E7
:1016C00001F18041B460746883EA90230139D2E962
:1016D000085001EBC303220C9B0003F1804312046A
:1016E0002A4303F5023372601A6822F0FF020243B4
:1016F000F0BC00201A607047242305088000100009
:10170000494B984230B402464BD0484B984232D0B5
:10171000474C4848256801F1804380EA9220013B0C
:1017200003EBC0039B0003F18043002003F5023369
:1017300025F00105256020606060A060E0601C6805
:10174000012924F0FF041C6012D002293DD0032996
:1017500023D004293FD0052955D006295FD0072979
:1017600047D0082906BF4FF080535360012000E0A6
:10177000516030BC7047012931D002293FD0032984
:1017800045D0042947D005292DD006292FD0284C33
:10179000294B072908BF1C46BBE74FF480735360F1
:1017A000E7E7012915D002291BD0032929D00429F4
:1017B0002FD0052931D0062917D007291DD01F4C5D
:1017C0001B4B082918BF1C46A3E7102330BC5360ED
:1017D00070471B4C9DE74FF480535360C9E7194C89
:1017E00097E7194C95E7194C93E7194C91E7194C79
:1017F0008FE74FF080735360BBE7174C89E7174CB6
:1018000087E7174C85E74FF480335360B1E7154CF9
:101810007FE7154C7DE7154C7BE7154C79E74FF4D6
:1018200080135360A5E700BF00000240000402409F
:1018300094040240800010008004024094000240A2
:1018400008000240080402401C0002405804024004
:101850006C0002406C040240800002401C04024004
:101860003000024030040240440002404404024080
:1018700058000240034600211D481A6830B4C3F8DE
:101880008810056811680C070CD41168490724D426
:101890000020202283F87C00C3F8802030BCC3F8ED
:1018A00084207047D16911F40011EED10468641BE3
:1018B000B4F1007FF6D3106820F4D0701060906807
:1018C00020F001009060202483F87C10C3F8804051
:1018D0000320C3F8844030BC7047D16911F4800103
:1018E000D6D10468641BB4F1007FF6D3E3E700BFF0
:1018F000A4220020836ADA0710B406D50168C46AFE
:101900004A6822F4003222434A609C0706D50168E7
:10191000046B4A6822F4803222434A60590706D594
:101920000168446B4A6822F4802222434A601A0705
:1019300006D50168846B4A6822F4004222434A605B
:10194000DC0606D50168C46B8A6822F48052224303
:101950008A60990606D50168046C8A6822F40052F0
:1019600022438A605A0609D50168446C4A6822F409
:1019700080122243B4F5801F4A600BD01B0606D5A7
:101980000268C16C536823F400230B4353605DF875
:10199000044B70474A68846C22F4C00222434A60B8
:1019A000ECE700BF0368104810B404221C6A01F081
:1019B0001F0102FA01F124EA01041C621A6A1143B0
:1019C00019625A6C42F400425A649A681040062820
:1019D00006D0B0F5803F03D01A6842F001021A60C9
:1019E00000205DF8044B704707000100036A10B443
:1019F00001F01F0101248C4023EA04030362036AFF
:101A00005DF8044B8A401A430262704790F83C30FC
:101A1000012B00F0C580F0B40223012480F83D3092
:101A200080F83C4003688AB3042A72D0082A0A6806
:101A300000F094801D6AD1F804C025F48055D1E9E6
:101A400002641D62DD691F6A25F4407521031203DB
:101A500045EA0C2402F4204289B224F4704427F4AD
:101A600020452A432143D9611A62DA6922F440628F
:101A7000DA61DA6942EA0626DE610023012280F893
:101A80003D2080F83C30F0BC184670471E6ADFF8F5
:101A900014C1CA6826F00106D1E9004563451E62FB
:101AA0009F691E6A1DD0B3F1804F1AD0ACF5943CEB
:101AB000634516D00CF5806C634512D00CF5806C34
:101AC00063450ED00CF5943C63450AD00CF5406C90
:101AD000634506D00CF5805C634502D047F00105F4
:101AE00002E027F003073D43120125F0F005D2B2D2
:101AF00026F00A0604F00A042A4334439A611C6261
:101B00009C698D6824F00C049C619A692A439A614F
:101B1000B3E71D6A0A68D1F804C025F01005D1E9C1
:101B200002641D629D691F6A25F44075210312013C
:101B300045EA0C2402F0A00289B224F4704427F094
:101B4000A0052A43214399611A629A6922F44062EE
:101B50009A619A6942EA06269E618EE71F6A4D687D
:101B600027F48077D1E902641F62D9691F6A21F0E6
:101B7000030C1202210145EA0C0402F42062C9B2EE
:101B800024F0F00427F420652A432143D9611A6226
:101B9000DA6922F00C02DA61DA693243DA616CE761
:101BA00002207047002C014010B40C2908D8DFE84F
:101BB00001F02A0707073007070736070707240041
:101BC00003681C6A1948012201F01F0102FA01F1A1
:101BD00024EA01041C621A6A114319629A681040CF
:101BE000062806D0B0F5803F03D01A6842F0010203
:101BF0001A6000205DF8044B70470368DA6842F011
:101C00001002DA60DDE70368DA6842F00202DA60A7
:101C1000D7E70368DA6842F00402DA60D1E70368C4
:101C2000DA6842F00802DA60CBE700BF0700010083
:101C300003680122186A01F01F0102FA01F120EA8B
:101C4000010010B418621A6A154C1143A3421962BC
:101C500012D0144A93420FD002F5406293420BD047
:101C600002F58062934207D002F58062934203D06E
:101C700002F50062934203D15A6C42F400425A6466
:101C80009968094A0A40062A06D0B2F5803F03D077
:101C90001A6842F001021A6000205DF8044B704798
:101CA000002C0140003401400700010030B490F8DE
:101CB0003D30002B63D002683749022380F83D3065
:101CC0008A42136847D0B2F1804F2CD0A1F59431ED
:101CD0008A4228D001F580618A4224D001F58061D2
:101CE0008A4220D001F594318A4234D001F5E05186
:101CF0008A424CD029498A4246D001F580618A4205
:101D000042D001F580618A423ED001F500618A42ED
:101D10003AD08569C468416823F080032B4313607F
:101D2000D462916210E081680569C46823F0700391
:101D30000B4323F4407381692B4323F080030B434F
:101D400041681360D46291620123536180F83D3091
:101D500030BC0020704785680469816923F07003F6
:101D60002B4323F44073234323F080030B4313607E
:101D7000C368D3624368936243691363E4E703F083
:101D8000FF0280F83C2096E704698169E9E78168F1
:101D900023F070030B43ADE7002C014000400140ED
:101DA0000223026880F83D309168084B0B40062BF7
:101DB00006D0B3F5803F03D0136843F001031360EE
:101DC000012380F83D300020704700BF070001006C
:101DD000064A074B92680749C2F3C22213440868B7
:101DE0001B7E03F01F03D840704700BF0010024065
:101DF00088D50408D4000020064A074B926807499A
:101E0000C2F30222134408681B7E03F01F03D8406C
:101E1000704700BF0010024088D50408D40000209D
:101E2000184B9A6802F00C02042A27D09A6802F034
:101E30000C02082A24D09A6802F00C020C2A01D065
:101E400000207047D968D868DB6801F00301C0F34F
:101E500003100329C3F3062300F101020CBF0A4853
:101E60000A48B0FBF2F000FB03F0064BDB68C3F35B
:101E7000416301335B00B0FBF3F0704703487047E8
:101E8000014870470010024000127A000024F4005C
:101E900070B50446D4E90465A2682368E169CD48B9
:101EA00032432A43666E1D680A4328403243024388
:101EB0001A605A68E568C848A66922F440522A4365
:101EC00083425A6000F0C380D4E90825986820F066
:101ED0006E4020F43060324302439A60DA6ABF48B1
:101EE00022F00F022A438342DA6221D0BC4A934295
:101EF00059D0BC4A934200F00482BB4A934200F09E
:101F00007B81BA4A934211D1B94BD3F8883003F49C
:101F10004073B3F5007F00F0898100F2ED81002B62
:101F200000F0B081B3F5807F00F07481012069E09A
:101F3000AF4BD3F8883003F00303013B022B40F290
:101F4000AC81B1F5004F00F04582FFF741FF626AB6
:101F5000034602B3012A00F05083022A00F04B83AB
:101F6000032A00F04583042A00F05383052A00F079
:101F70004D83062A00F08483072A00F0A483082AF0
:101F800000F0B683092A00F0C8830A2A00F0EB8328
:101F90000B2A00D11B0A6268002003EB5203B3FB3B
:101FA000F2F39BB226E002F5E632924BD2F888209B
:101FB00002F00C02134493F82430B1F5004F28D0FE
:101FC000082B15D801A252F823F000BF8B2201087C
:101FD0004B1F010835220108F11F01081D220108CD
:101FE000F11F0108F11F0108F11F010885210108F7
:101FF00001200023A3F110014FF6EF72914295D812
:102000002268D36000234FF00112C4E91A2323672A
:1020100070BD082B0AD8DFE813F0AF01DD01E30142
:10202000090011020900090009001702012000231C
:10203000A3F110014FF6EF7291423FF677AF23F014
:102040000F022168C3F342031343CB60DAE79968B8
:10205000674821F06E4121F4306131439960DA6ABA
:10206000616A22F00F020A43DA62D0F8883003F482
:102070004063B3F5006F00F0578151D8002B00F09A
:102080001181B3F5806F7FF451AFFFF7C9FE636A2A
:1020900003B3012B00F0D282022B00F0CB82032B82
:1020A00000F0C582042B00F0F882052B00F0F282CC
:1020B000062B00F03783072B00F06183082B00F01C
:1020C0008683092B00F09F830A2B00F0F1830B2BF2
:1020D00008BF000A0423002894D0626802EB420182
:1020E00081423FF623AFB0EB023F3FF61FAF082B14
:1020F0003FF61CAF01A151F823F000BFC92501082C
:102100002D1F0108212501082D1F01086D2501083B
:102110002D1F01082D1F01082D1F010899240108FA
:10212000B3F5406F7FF402AF002900F05A82012915
:1021300000F08682022900F09782032900F0B6821F
:10214000042900F0C482052900F0D682062900F097
:10215000F582072900F01A83082900F02F83092946
:1021600000F044830A2900F0AF830B290CBF8020C4
:102170004FF4004037E2302B7FF4D8AEB1F5004F7A
:1021800000F06281002D00F02982012D00F04782CD
:10219000022D00F06182032D00F06D82042D00F00D
:1021A0008A82052D00F0A182062D00F0B382072D52
:1021B00000F0CD82082D00F0FA82092D00F0108386
:1021C0000A2D00F06C830B2D0CBF80234FF40043CD
:1021D000E1E600BFF369FFCF008000400038014016
:1021E0000044004000480040004C004000500040C7
:1021F0000010024088D50408C34BD3F8883003F0A0
:10220000C003802B12D000F28B80002B3AD0402BE1
:102210007FF48CAEB1F5004F00F01081FFF700FEA7
:10222000626A0346002A3FF4B6AE93E6B1F5004F6A
:1022300000F0D680002D00F0CF81012D00F0ED815F
:10224000022D00F00782032D00F01882042D00F00B
:102250003082052D00F04382062D00F05982072DB3
:1022600000F07882082D00F09882092D00F0B582E8
:102270000A2D00F01183A54A4FF224430B2D18BFFD
:10228000134688E6B1F5004F76D0FFF7B5FD626AD8
:102290000346002A3FF47FAE5CE69D4A134493F860
:1022A00020308AE6FFF7A8FD636A03B3012B00F034
:1022B000C381022B00F0B981032B00F0B381042B02
:1022C00000F0E681052B00F0E081062B00F02F8264
:1022D000072B00F05282082B00F07782092B00F0C8
:1022E00090820A2B00F0E2820B2B08BF000A002329
:1022F00000283FF487AEF0E6B3F5407F3FF43EAFF1
:1023000014E6814BD3F8883003F03003202B8DD0B6
:102310003FF631AF002BB5D0102B3FF47BAF05E675
:10232000C02B3FF42BAF01E6002900F05E810129AC
:1023300000F08981022900F09A81032900F0B4811C
:10234000042900F0C281052900F0DB81062900F094
:10235000FA81072900F01D82082900F0328209293C
:1023600000F053820A2900F0A582684B4FF2244006
:102370000B2918BF184639E1FFF73EFD636A03B326
:10238000012B00F03C81022B00F04581032B00F073
:102390005C81042B00F06D81052B00F08F81062BF2
:1023A00000F09F81072B00F0B181082B00F0CD8158
:1023B000092B00F0F0810A2B00F00D820B2B08BFD7
:1023C000000A61684A0802EB40030020B3FBF1F306
:1023D0009BB22DE6FFF7FCFC636A002BF1D0CFE740
:1023E000002D00F00E81012D00F03981022D00F04A
:1023F0005981032D00F07181042D00F08081052D9D
:1024000000F09F81062D00F0BC81072D00F0E181D6
:10241000082D00F0E981092D00F054820A2D00F00A
:102420005B823C4B3C4A0B2D18BF13466268002070
:1024300003EB5203B3FBF2F39BB2F9E5FFF7F0FCB9
:10244000636A002BBDD09BE7002D00F0DC80012DDE
:1024500000F00781022D00F02281032D00F03A8167
:10246000042D00F05081052D00F05981062D00F05B
:102470008A81072D00F09F81082D00F0FB81092D36
:1024800000F011820A2D00F024820B2D0CBF4FF4B6
:1024900080734FF48033C9E7636A03B3012B00F004
:1024A0005B81022B00F07C81032B00F0B481042BB4
:1024B00000F0E681052B00F0FF81062B00F01B8267
:1024C000072B00F01482082B00F00D82092B00F07E
:1024D00026820A2B00F01F820B2B00F024824FF47F
:1024E000000000215308C01841F10001002337F01B
:1024F00051F80A4AA0F54071914203463FF616ADE5
:1025000022680020D3607DE5001002400024F40022
:1025100088D5040848E801000048E801FFFC0F00E6
:10252000636A03B3012B00F01B81022B00F03C8196
:10253000032B00F06C81042B00F09F81052B00F031
:10254000BE81062B00F0DA81072B00F0DE81082B1C
:1025500000F0D881092B00F0F0810A2B00F0EA810D
:102560000B2B00F0E481B0480021BBE7FFF758FCDB
:10257000616A0346002209B3012900F0BB800229E9
:1025800000F0DA80032900F0F080042900F01B81BC
:10259000052900F02E81062900F07681072900F038
:1025A0009681082900F09A81092900F099810A2969
:1025B00000F0AE810B2904BF1B0A0022110241EA80
:1025C0001361626818028DE7FFF716FC616A034623
:1025D00000220029F2D0CFE7944BDCE44FF4004313
:1025E000D9E44FF40040082377E59048022374E5CE
:1025F0008F4AA2FB03239B08CDE45B08CBE4400891
:10260000DFE68C4B12E74FF480330FE78A4AA2FBD8
:102610000323DB08BFE48008D3E6884BBBE44FF418
:102620008043B8E4824BA3FB003080085FE6804B18
:10263000A3FB003080084DE5400858E6400849E516
:102640004FF48040CFE77D48D0E7794BA3FB0023D0
:102650009808B6E67A4B9EE44FF400539BE4734B24
:10266000E4E64FF40043E1E64FF40050BBE7744862
:10267000BCE7C008A5E641F255538CE4714B8AE4EF
:102680006B4AA2FB0323DB0885E46B4BA3FB003002
:10269000C0082CE6684BA3FB0030C0081AE54FF4D5
:1026A0008043C3E6654BC1E666489FE741F255505B
:1026B00099E7654B6FE44FF480536CE45E4BA3FBEA
:1026C0000023D8087DE61B0965E45F488EE74FF4D8
:1026D000805088E742F6AA23A8E65C4BA6E65C4B4E
:1026E00059E40C23B0FBF3F06BE640F6CC4352E424
:1026F0005B0950E45B0861E740F6CC4073E7504B60
:1027000094E6534872E74FF400538FE6000958E609
:10271000504B40E440F6AA233DE49B093BE441F6DC
:10272000981383E6424BA3FB0030C008D2E4404B31
:10273000A3FB0030C008DAE59B083FE740F6AA207B
:1027400051E7454B72E6434850E7400939E64FF4FC
:10275000006320E4414B1EE44FF480000021C1E6F9
:102760003F480021BEE6DB0915E41146002306229E
:1027700036F010FF03460A4620E70009B7E50009D6
:10278000A8E4304B52E641F254534FE64FF4006058
:1027900029E732482AE7800913E6324BFFF7FBBBF3
:1027A0004FF4001000219DE62F4800219AE64FF4D7
:1027B0008063FFF7F0BB4FF4805337E64FF480603F
:1027C00011E7284812E7DB08F8E640098FE54009E1
:1027D00080E41D4B2AE6C009F3E5244BFFF7DBBB81
:1027E0004FF40073FFF7D7BB1C4B1FE64FF400708C
:1027F000F9E6114600230A2236F0CCFE03460A46CB
:10280000DCE6800973E5800964E41848EEE604A17B
:10281000D1E9000166E61648002163E6AFF30080C7
:1028200000AAB02800000000000024F40024F400F6
:10283000ABAAAAAA0048E801CDCCCCCC00127A0001
:1028400000093D00AAB0280080841E005461510098
:10285000006A18005558140000D4300040420F00A0
:102860000000127A20A107000000093D90D003006B
:10287000005515004FF40063D8E53348002131E6D8
:102880004FF4801000212DE6114600230C2236F073
:1028900081FE03460A4691E62C4BFFF77CBB4FF4C2
:1028A0008073FFF778BB4FF48063BFE5C0091EE576
:1028B000C0090FE4254899E62548002112E625487D
:1028C00000210FE6244BB1E54FF480708BE61B0925
:1028D00074E64FF40073A9E5204BA7E55B096DE6AC
:1028E0009B0900226AE64FF480200021FAE54FF4AC
:1028F00000200021F6E51A480021F3E510A1D1E9F6
:102900000001EFE517480021ECE517480021E9E553
:10291000DB09002252E64FF480300021E2E54FF45B
:1029200000300021DEE54FF400400021DAE50F48D9
:102930000021D7E50E480021D4E50E480021D1E55D
:1029400000555814000000000080841E48E8010073
:1029500000CC0C0000006A1820A1070090D00300F2
:1029600000AA0A000020A1070040420F0024F40042
:102970000048E8010090D00370B405681D4E03E0E4
:102980003468A41AA14226D3AB6913F02003F7D010
:1029900010222023EA61EB61AB699A0744BF002350
:1029A000AB62AB69DB0703D4AB6943F00103AB61F6
:1029B0006B68114A13406B60436C0022202143F086
:1029C0000403436480F8402080F8411080F84220DE
:1029D00070BC01207047426C80F8403042F0200209
:1029E0002021426480F8411080F8423070BC012000
:1029F000704700BFA422002000E800FE2DE9F0414E
:102A0000DFF8548004460E4615460AE09B69DB0653
:102A100002D5FFF7B1FFE0B9D8F800305B1BB34235
:102A200009D823689F69BF072A4631462046EDD55D
:102A30000020BDE8F081636C202100220B43636419
:102A400084F8402084F8411084F842200120BDE839
:102A5000F0810120BDE8F081A4220020F0B4049FA1
:102A6000104E0546006803E03468E41B9C420AD817
:102A7000846931EA04040CBF012400249442F3D099
:102A80000020F0BC70476B6C202100220B436B646C
:102A900085F8402085F8411085F842200120F0BCDF
:102AA000704700BFA42200200268436B916912683E
:102AB00003B11847704700BF70B490F84120034637
:102AC000002A42D01A68DC68242183F8411010687B
:102AD000596820F0010021F0706110601161916867
:102AE000012C21F40041916099682AD041F40441FD
:102AF000022C916004BF4FF40061516050689D69E1
:102B0000D3E9041640F0007040F4004050603143B7
:102B1000D468D86941EA05211D6A24F40044284399
:102B2000D460D160106011680020202441F00101C0
:102B30001160586483F84140186383F8420070BC08
:102B4000704741F400419160D8E702F0FF0180F83E
:102B50004010B7E72DE9F04F0E6883B0002E00F06B
:102B60009580DFF8E4C100234FF0010808FA03F56F
:102B700015EA060E00F085804C6824F0100ABAF1C0
:102B8000020F00F08680D0F800B04FEA430903221C
:102B900002FA09F204F003072BEA020B07FA09F71D
:102BA0000AF1FF3A47EA0B07BAF1010F6FEA020296
:102BB000076040F29480C7688D683A4005FA09F5CD
:102BC0001543E700C5605CD5594D2A6E42F00102FD
:102BD0002A662A6E23F0030707F1804702F00102FC
:102BE00007F58037019203F003024FEA820A019D44
:102BF000BD680F2202FA0AF9B0F1904F25EA0905E3
:102C000018D04C4A904200F083804B4A904200F02A
:102C100083804A4A904275D0494A904200F08280AF
:102C2000484A90420CBF4FF005094FF0060909FAD7
:102C30000AF21543BD60DCF80020E5036FEA0E07D9
:102C400054BF3A404EEA0202CCF80020DCF80450AF
:102C5000A20354BF3D404EEA0505CCF80450DCF811
:102C60000850E20254BF3D404EEA0505CCF808503A
:102C7000DCF80C20A40254BF3A404EEA0202CCF821
:102C80000C20013336FA03F27FF470AF03B0BDE8D5
:102C9000F08F4FEAD30900EB890903F00707D9F851
:102CA0002020BF004FF00F0A0AFA07FB22EA0B0AA6
:102CB0000A69BA4042EA0A02C9F82020D0F800A006
:102CC0004FEA4309032202FA09F204F003072AEA51
:102CD000020A07FA09F747EA0A07D243076087683A
:102CE00007EA020ACF6807FA09F747EA0A07876086
:102CF000D0F804A0C4F300172AEA05059F402F432B
:102D0000476058E74FF0030909FA0AF2154391E7C3
:102D100008FA0AF215438DE74FF0020909FA0AF2A0
:102D2000154387E74FF0040909FA0AF2154381E7D2
:102D3000001002400004004800080048000C004851
:102D40000010004800140048000401402DE9F0473D
:102D5000644F3B78012B5ED00124824688463C704C
:102D6000F6F756FF064620B100233B703046BDE81B
:102D7000F0875D4B78601A6812F4007F1A684ED1B4
:102D8000540540F19D801A68022122F480621A6085
:102D90003977DAF80030012B4ED04FF0FF33C8F806
:102DA0000030DAE902532B449D425DD24E4CDFF8ED
:102DB0003C9121E0636923F4006363616269EB0085
:102DC00022F47E7203F4FF6313436361636943F08B
:102DD00002036361636943F480336361F6F718FFAC
:102DE000636903EA09036361002863D1DAE9023207
:102DF00001351344AB4237D9236A5B02DAD5DAF8DE
:102E0000043013F0010F636914BF23F4006343F42B
:102E100000636361D2E702263046BDE8F08722F402
:102E200000721A601A68550548D51A68032122F401
:102E300080621A603977ACE72B4B1A6A500241D492
:102E40005A6942F4004242F004025A61264C636916
:102E500043F480336361F6F7DBFE636923F40043D8
:102E600023F00403064663613B7F03F0FD02012A61
:102E7000DBB20CD11C4A116841F400611160116889
:102E800021F400611160116841F400711160023B8E
:102E9000012B0CD8144B1A6842F480521A601A683D
:102EA00022F480521A601A6842F480621A60002389
:102EB0003B7759E7C8F800500646D5E73C7768E706
:102EC000387766E7DAF80420D10703D5596941F06D
:102ED000040159619207B9D5034A536943F4004389
:102EE0005361B3E7CC0300200020024005FCFFFF44
:102EF00070B4D0E9106304223168056803F01F0341
:102F00009A400A422C680ED014F0040F0BD02B68A4
:102F10009B0603D42B6823F004032B60036B7260C1
:102F2000CBB170BC184702229A400A4215D014F067
:102F3000020F12D02B68990606D42B68012123F0CA
:102F40000A032B6080F82510C36A7260002280F8A3
:102F50002420002BE5D170BC704708229A400A4219
:102F6000F9D02207F7D52A68416B22F00E022A60B9
:102F7000012202FA03F300247360C26380F8244044
:102F800080F825200029E6D070BC084790F825205D
:102F9000022A034609D0012204200021D86383F8C5
:102FA0002410104683F825207047026870B5856CA0
:102FB0001068DE6C20F00E00D3E91041106010683C
:102FC00020F0010010602A68586D22F480722A6097
:102FD00001F01F0101228A40196D6260716030B1F9
:102FE0000268D3E9161422F4807202604C609A6B76
:102FF0000121002483F8251083F824401AB11846D3
:103000009047204670BD104670BD00BF70B5314A74
:1030100090F84130002580F84250C2624585426CEC
:10302000283B1143022B0446416430D80321FBF7AF
:10303000F7FD294B4363282280F84120056322686D
:10304000136813F4804312D01368A06B23F48043F9
:103050001360D8B1214B8363002384F84030FFF71D
:1030600095FF98B1A06BBDE87040836B184711685D
:1030700011F4004119D194F84130602B03BF202393
:1030800084F8401084F8413084F8401070BD072166
:10309000FBF7C6FD90F84130602B1CBF202380F861
:1030A0004130002303634363C9E71168E06B21F4F7
:1030B000004111600028E9D0084A826384F840305A
:1030C000FFF764FF0028E1D0E06BBDE87040836B40
:1030D000184700BF0000FFFFCD310108ADEC00082C
:1030E0000368202270B51E68DA610D460721044688
:1030F000FBF796FD03683348596841F40041596075
:103100005A6802405A609A69910744BF00229A6245
:103110009A69D20703D49A6942F001029A61700455
:103120002BD5A26B1AB11268526892B262856A07F7
:1031300009D5626A5B6A1370636A228D013325F0D8
:10314000040563624ABB638D9BB21BB1636C43F0A1
:10315000040363640023236384F84230666C636372
:1031600016BBE36A184DAB420DD194F8413084F898
:103170004060202384F8413070BD3104D7D5E26B24
:10318000002AD0D1D3E72046FBF7CAFD2023E56211
:1031900084F8406084F8413070BD638D013B013A92
:1031A0009BB222856385CEE7616C2046FFF72EFF38
:1031B00094F84130282BDFD129462046BDE87040E5
:1031C000FBF782BD00E800FE0000FFFFF8B590F8B5
:1031D0004030C66A012B7DD017460123CA0604463B
:1031E0000D4680F840301AD5FB0618D5438D9BB2AA
:1031F000002B5CD190F84130282B00F0858094F8AA
:103200004130292B23684FF01001D96168D0AA06FC
:1032100001D5BB0659D4002084F84000F8BD6807EA
:1032200010D42A072ED53B072CD594F8413003F053
:103230002803282B64D0216808200023C86184F863
:103240004030E4E77907ECD5638D9BB27BB1216810
:10325000636A496A1970638D606A218D013B9BB274
:103260000130013925F00405638560622185638D95
:103270009BB2002BCBD116F5803FC8D02046FBF780
:103280004FFDC4E7A807C2D5B907C0D5638D9BB26F
:1032900013B3606A236810F8011B9962638D218D56
:1032A0006062013B9BB2013963852185AFE703680A
:1032B0001021D961436C43F00403436436F08073FA
:1032C000A5D1416CFFF7A2FEA1E729462046FFF7F2
:1032D00007FFA0E70220F8BD36F08073CED096E756
:1032E00016F5803F93D099698A0744BF00219962FF
:1032F0009969CE07C2D4996941F001019961BDE78E
:103300002046FBF7AFFC82E7B6F1007F7FF477AF92
:10331000FBF7DAFC7BE700BF38B503681F4C204D94
:103320002022DA615A68224000245A600463446310
:10333000CC06C56205D51022DA61426C42F0040267
:1033400042649A69910744BF00229A629A69D2073F
:1033500003D49A6942F001029A610321FBF760FCF1
:10336000436C90F84120602A09D043B990F841207D
:10337000212A08D090F84120222A04D038BDBDE887
:103380003840416C42E6202280F8412090F84220EB
:1033900080F8403080F8423038BD00BF00E800FEC1
:1033A0000000FFFF38B590F84030012B0446C06A9A
:1033B0006FD00123CD0684F8403015D5D30613D540
:1033C000D30B43EA9235ED07C2F3803229D5E56B82
:1033D0005DB3DB0729D52B685B6833BBA36B53B3A5
:1033E0004AB31B685B6826E00B0707D4880601D543
:1033F000930612D4002084F8400038BD1507F5D597
:1034000094F8413003F02803282B44D02368082285
:103410000020DA6184F84000EFE72046FFF760FE05
:10342000E8E723681022DA61E4E7A36B13B30AB379
:103430001B685B68F3B994F84130282B2FD094F8BF
:103440004130292B23684FF01002DA61D2D110F5F8
:10345000803FCFD09A69910744BF00229A629A694F
:10346000D20703D49A6942F001029A612046FBF721
:1034700057FCBFE723681022DA61636C43F0040352
:10348000636430F08073B5D1616C2046FFF7BEFDF8
:10349000B0E7022038BD2046FBF7E4FBAAE7B0F115
:1034A000007FCCD12046FBF70FFCA3E7F8B590F8DE
:1034B0004030012B7CD00123CD06044680F84030FB
:1034C00024D5D00622D52368626B47481021D961E4
:1034D000616C824241F00401616467D043498A42D1
:1034E0000CBF6022F42219680A431A609A69910796
:1034F00044BF00229A629A69D20703D49A6942F0C3
:1035000001029A61002084F84000F8BD0B0631D515
:10351000570643D523681A6822F040021A60628D6C
:1035200092B2002A46D05868618D89B2FF29C0F353
:1035300009004BD8628DE56A91B215F5803F21856F
:103540004CD0CDB2E76A2D045A68294E324002436E
:103550003A432A435A60628D521A92B2628594F8B5
:103560004120222A1A680CBF42F4004242F48042F1
:103570001A60C7E74D0611D550060FD5638D9BB273
:10358000FBB923685A689101BCD4E26A12F5803F06
:1035900013D15A6842F480425A60B3E78B06B1D522
:1035A0009206AFD52046FFF7B7FEABE760229AE759
:1035B0000220F8BD5B689E0103D42046FBF7D4FBD4
:1035C000A0E740212046FFF721FD9BE7FF2222854F
:1035D00011464FF47F054FF08077B5E7CAB2150466
:1035E0004FF00077B0E700BFAD340108A533010804
:1035F000009C00FC90F84030012B00F09E800123DD
:103600002DE9F041044680F84030C8060D4690464A
:103610001BD512F0100F18D023681021D961616CEE
:1036200041F0040161649969890744BF00219962EE
:103630009969CA0766D5AB0602D518F0200F73D179
:10364000002084F84000BDE8F0816B0712D4AF077A
:1036500024D518F0020F21D0606A236810F8011BEE
:103660009962638D218D6062013B9BB20139638554
:103670002185E0E718F0040FE9D02168636A496A00
:103680001970638D606A218D013B9BB20130013955
:1036900025F00405638560622185CCE72E0615D4EC
:1036A0006906C8D518F0400FC5D0638D9BB2002BBA
:1036B00035D1236859688A01BDD4E16A11F5803F8C
:1036C00029D1596841F480415960B4E718F0400F9E
:1036D000B1D0638D9BB2D3B1238DC3B92668706816
:1036E000618D89B2FF29C0F3090028D97368224986
:1036F0000B40034343F0FF7343F48033FF212185E4
:10370000736098E7996941F00101996193E7236833
:103710005B68980103D42046FBF726FB8BE740212A
:103720002046FFF773FC86E720462946FFF7F4FDA5
:10373000002084F84000BDE8F08102207047638DCE
:10374000E16A9BB211F5803F23850AD0E76A0A4AF5
:1037500071681140DBB2394341EA034303437360AC
:1037600069E77168044F3940DBB2084340EA03431C
:1037700043F0007373605EE7009C00FC03689A6985
:10378000196810B4D4052ED50C061FD5416C41F034
:10379000010141644FF480745105DC6128D5416C0E
:1037A0004FF4806441F0080192054164DC6106D564
:1037B000426C4FF4007142F002024264D961416CE4
:1037C00011F00B0F0CD15DF8044B70475405F6D483
:1037D0009405F4D50906EBD4416C11F00B0FF2D02F
:1037E0005DF8044B12E45405F2D50906D7D4E6E798
:1037F0009205DDD4E3E700BFF0B490F82440012C3B
:1038000053D090F825400125AC4280F8245005D0D3
:10381000002380F82430F0BC022070470468C76C95
:103820000226002580F82560C5632668D0E914C506
:1038300026F001062660C7F804C015B1D0E9166766
:103840007760466C876806F01F0C012606FA0CFCB0
:10385000066CC6F804C06360036B102F0BBFA26038
:10386000A160E160E260BBB1236843F00E03236016
:10387000836C1A68D20303D51A6842F480721A6006
:103880001DB12B6843F480732B60236843F0010360
:1038900023600020F0BC7047236823F004032360FA
:1038A000236843F00A032360E2E70220F0BC70477C
:1038B00003682F491A688B4222F00102F0B41A60A3
:1038C00043D82C4A2C492D4C04641A44A1FB021203
:1038D0001209920002F01F050121A940002542644F
:1038E0001D6005F1804505F5023561602249244CD3
:1038F000C464DBB2083BA1FB03139708C3F30413B2
:10390000012101FA03F32A4400268264036545F885
:10391000276063604468621E032A06D8194B23445B
:103920009B00194C1E60914061600023C36380F8C6
:10393000243080F82530C0E91533C0E90B33C0E9E5
:103940000D33C365F0BC18467047104A0A49104C45
:1039500004641A44A1FB02121209920002F01F052E
:103960000121A940002642640A4D1E606160BDE746
:1039700007040240F8FFFDBFCDCCCCCC00000240D4
:10398000800802403F82001040090240F8FBFDBF62
:10399000000402402008024000287DD03F4A034630
:1039A000006890422DE9F04162D93D493D4A3E4CC4
:1039B0000144A2FB012109098900D3E902721E69B1
:1039C0001C643A435C699D69DFF8F4E0DFF8CC8061
:1039D00032434FF0020C224383F825C0314CD0F81B
:1039E00000C0DE6959642A43C5B2083DA4FB054501
:1039F0001C6A32432CF4FF4C2C4E22432CF0700CEA
:103A0000C5F30414404588BF764642EA0C020125FE
:103A1000DFF8B0C0026001EB060E05FA04F4B7F55A
:103A2000804FC3E912EC4FEA91011C6529D0586818
:103A3000C2B20138032846F82120CCF8044026D829
:103A40001B491C4898651144013A890002F01F0285
:103A500005FA02F200245965DA650C604260002024
:103A60000122D86383F8240083F82520BDE8F08183
:103A700011490C4A114C0144A2FB0121090989009A
:103A80009BE700225A6046F82120CCF8044000222F
:103A9000C3E91522DA65E2E7012070470704024016
:103AA000F8FBFDBFCDCCCCCC0004024000080240A6
:103AB0003F82001040090240F8FFFDBF00000240B5
:103AC0002008024080080240002807DB00F01F01A8
:103AD000034A400901238B4042F82030704700BF61
:103AE00000E100E003689A68920702D59B68002015
:103AF00070479A68D1070ED59A6802F00D02012A24
:103B00000BD0C36D43F01003C365036E43F0010394
:103B1000036601207047002070479A68104922F020
:103B2000004222F03F0210B442F0020203249A60E5
:103B30001C600C6803E00A68121B022A06D89A6807
:103B4000D207F8D400205DF8044B7047C36D43F0F2
:103B50001003C365036E43F0010303660120F2E71F
:103B6000A422002010B401440446002014F8013BB4
:103B700008225840430010F0800F08BF400083F037
:103B8000070314BFD8B2C0B2013AF3D18C42EDD1D1
:103B90005DF8044B704700BF30B54FF4806085B0CE
:103BA0001DF0C4F860B32D4C94F8B432012B29D029
:103BB000022B3CD0032B15D194F8B53290F90400B8
:103BC000002B14BF0C25042501214FF4E132002302
:103BD000CDE9011500924FF480611A461DF003F9FA
:103BE000C4F8B002D4F8B002FF23003818BF012097
:103BF00084F8C03284F8D03284F8E03284F8F032AD
:103C000005B030BD94F8B51290F904000193002975
:103C100018BF08214FF4E13302910093104A0023AA
:103C20004FF480611DF0DFF8C4F8B002DAE794F8D1
:103C3000B52290F90400002A18BF08224FF49641DB
:103C400000230125CDE9015200911A464FF480610D
:103C50001DF0C9F8C4F8B002C4E700BF9880002086
:103C60008DEE0008374B1B6813F0006312D0364B03
:103C700093F8B422012A07D0023A012A03F53073DF
:103C800094BF184600207047304A1278904203D300
:103C9000FF2806D00020704703F5307202EB0010B9
:103CA00070472DE9F04F2A4D95F8BB1183B019B933
:103CB000284803B0BDE8F08F002AF9D003F5307131
:103CC00001EB021400940020DDF800A0019283466D
:103CD0000746044684460646B1F802E08A8991F810
:103CE000009091F90180744410444E45D1E901E2FD
:103CF00038BF4E461031C445B8BFC4468A4524B2C9
:103D000000B277449344E7D11349019A097894FBB0
:103D1000F2F4092990FBF2F2A3F804244FF0000218
:103D2000A3F8FA4383F8F86383F8F9C3C3F8FC7384
:103D3000C3F800B485F8BB21BAD1084B0548DE6052
:103D4000B7E700BF186000209880002000400020E6
:103D5000F4030020908400208C60002090600020FC
:103D600030B40478A51E15F0FF031DD0451E1D4478
:103D700002464FF6FF7301E012F8014F1B1BAA42E7
:103D80009BB2F9D11C0A084410F8012CA24202D0BF
:103D9000002030BC704710F8020CDBB2C01AB0FA39
:103DA00080F0400930BC7047FF244FF6FF73EAE70C
:103DB0002DE9F8434A4C427894F8083402F00F0594
:103DC000C3B9EDB92B46002184F80C14EB1AD9B213
:103DD0000E290BD8234493F82C1339B102F0F002CA
:103DE000802A4AD0902A5FD0A02A0DD000273846DA
:103DF000BDE8F8830021AB4284F80C14F6D8E5E75F
:103E000084F808542B46DEE7412966D081F0800310
:103E1000042B62D90846FBF751F8031D0246DBB2BA
:103E2000304884F80C3465F05F0584F80D54FCF7D5
:103E300009FA94F80C74002FD8D0BE1E16F0FF00BB
:103E400024D1FF25A946022756B1DFF89C804644BD
:103E500018F8011BD4F8300423F0BAFF4645F7D117
:103E6000D4F83004494623F0B3FFD4F8300429468F
:103E700023F0AEFF3846BDE8F88365F07F050427E0
:103E8000022684F80D5484F80C743046164A4FF616
:103E9000FF71104412F8015B491B904289B2F9D1BD
:103EA0005FFA81F90D0ACFE7412914D081F0800330
:103EB000042B10D90846FBF701F865F06F050627BB
:103EC000042684F80F0484F80D5484F80E1484F842
:103ED0000C743046DAE70420EFE7082304229FE75A
:103EE00098800020A6840020A48400202DE9F04FB3
:103EF000C31D85B0544C03F4FC7300AFADEB030D50
:103F0000D4F8343404F2444B0DEB00025B45064612
:103F10008A46FA60E9462FD094F8841594F885C54E
:103F2000D4F8385401F00F0040EA4C1001310DF183
:103F300001088DF8000084F88415C7F8088007F19F
:103F40000800ED1AA2EB0808A845194644DD2A46E8
:103F500028F078FFD4F83424B968C4F834B42A447B
:103F6000A1EB09014846C4F83824C9B2D047002063
:103F70001437BD46BDE8F08F94F884C594F88505E4
:103F8000B4F93E540CF00F0141EA401141F0100128
:103F9000002DC9B2D4F83854B8BF41F080010CF1FB
:103FA000010C012884F884C589F80010A5EB0B08E2
:103FB00022D1B8F1FE0F3ADDFF2394F83C2489F8B2
:103FC000013007F1080009F103031FFA88F1786056
:103FD00089F80220BB6020E0424628F033FFD4F885
:103FE0003424424448463146C4F83424D0470120A2
:103FF0001437BD46BDE8F08F94F84034B4F83C1453
:1040000089F8013007F1080009F102037860BB600C
:1040100028F060FF78681FFA88F128F05BFFD7E985
:104020000282D4F83854D4F83434786889E794F8A4
:104030003C1489F8018009F1030889F80210C7F8D7
:10404000088007F108007CE79880002001297FD9CB
:10405000F0B50378654CC3F34115032D83B084F8A4
:10406000855503F00F0700F0848013F01003164607
:1040700006D0012D6ED0052912D8002003B0F0BD66
:1040800094F85826002AF8D094F85926013202F004
:104090000F02BA4255D0184684F8583603B0F0BD26
:1040A000437884F854364388A4F8503685884318FA
:1040B000811DC02D7ED84E4AC4F8482615444FF0C5
:1040C000000C0120C4F84C56A4F852C684F85806D7
:1040D000AA1A5B1A934284F8597666DB454D002A8A
:1040E0005CD1B4F95036FA2B53D0414A4249D4F846
:1040F0004836D1F80002C4F848262946151FA2F513
:10410000A276C4F83854C4F84C360025A2F5AA7239
:1041100001ABC4F8346484F85856C4F83C54019593
:104120001DF0ECF8013058D0019B0BB100209847EE
:10413000D4F83434C4F838340120C4F8346403B0FB
:10414000F0BD4318D4F84C56D4F84826411CBFE7BC
:1041500000207047022990D045788378A4F8503623
:10416000FF2D1FD1042988D94318B0F80350411DF1
:104170009FE70023214984F8443404F2444204F2C6
:104180004543C4F83C14C4F83424C4F8383401203E
:1041900074E7002EA9D005233370A6E7284628F03F
:1041A00051FE9EE74318C11C83E712481A4628F0C7
:1041B00049FE62E7124BB4F85006C4F834340321C8
:1041C00001334FF6F672A4F83C04C4F8383484F88E
:1041D0004414A4F83E24012050E7D4F834340222D9
:1041E000591CC4F834141A709EE700BF9880002050
:1041F00020860020E0860020F40300200000F6FF67
:10420000DC8400200B4B93F86A2312B1B3F83C23F3
:1042100052B9094B094AB3F9043082FB0312D8178B
:10422000C0EBA20000B27047D3F8880390FBF2F015
:1042300000B270479880002064640020676666665C
:10424000F8B5184CC6B205463146D4F85C0623F0E2
:10425000BFFD94F86016D4F85C06C5F307274E40FE
:10426000394684F8606623F0B3FD94F86016D4F8FC
:104270005C06C5F307464F40314684F8607623F06C
:10428000A7FD94F86016D4F85C062D0E4E40294622
:1042900084F8606623F09CFD94F860164D4084F825
:1042A0006056F8BD9880002070B50C4DC6B23146FE
:1042B0000446D5F85C0623F08BFD95F86016D5F81A
:1042C0005C06240A4E40214685F8606623F080FD96
:1042D00095F860164C4085F8604670BD98800020C7
:1042E00038B50B4C002305462421D4F85C0684F82D
:1042F000603623F06DFDD4F85C06542123F068FD90
:10430000D4F85C062946BDE8384023F061BD00BF03
:10431000988000202DE9F04FB54D2DED028B95F8DA
:10432000614683B00E469246002C00F06E82013C3E
:1043300085F86146AF4F9FEDB08ADFF8CC82DFEDA4
:10434000AF8ADFF8C892A7F5037B3378002B78D0CB
:1043500095F86146002C74D1BAF1000F07D021F016
:10436000E1FDDAF80030C01A002880F2D58395F814
:104370006226002A40F0A18395F86306062840F2E1
:10438000FA819BF809329BF80812994200F02D82BD
:10439000DBF8042295F8644632F813209849144457
:1043A00001300133A4B2C0B2DBB2B4F5E26F85F8DC
:1043B00063064B7100F0F58100F2B88040F20143D2
:1043C0009C4200F0258300F28880B4F5067F5AD81D
:1043D000B4F5007F3AD3A4F50073182B2ED8DFE88C
:1043E00013F04E02420242024202420242024202E2
:1043F000420242022D002D002D002D002D002D0027
:104400002D002B02190019001900190019001900BC
:1044100019001900A4F11100C0B2FFF723FC68B124
:10442000B0F90230CDF8033010238DF80030ADF82C
:104430000140EB6B6846984700233370BAF1000FD8
:1044400083D103B0BDEC028BBDE8F08FB4F5807F63
:1044500000F00E83B4F5887FF0D113F063FC1023D5
:104460000122CDF803008DF800308DF801308DF871
:104470000220EB6B6846002498473470BAF1000FB5
:104480007FF463AFDDE7B4F5806FD7D195F87C3664
:104490000133DAB2042A00F0258342F2107385F862
:1044A0007C2603FB02F3D5F88026002A00F018834F
:1044B000023395F88C23D207B5F88E2348BF043316
:1044C000940748BF0A33500748BF1433910648BFCA
:1044D000283310210024042248E2B4F5A16F00F231
:1044E000DB80B4F5A06F00F27A82B4F5846F00F03F
:1044F0006382B4F5A06F40F08B800FF09FFB002823
:104500009CD0404AEB6BD2ED007AF5EEC07AF1EE2A
:1045100010FAB8BFF0EE687AFCEEE77A102117EED9
:10452000902A0024CDF803200522B6E1B4F5376FB8
:1045300000F0C1813CD945F230239C4200F0E1817A
:104540001CD945F240239C4200F0708245F2502372
:104550009C427FF473AFD5F88833CDF80330102137
:10456000502252238DF800108DF801208DF8023072
:10457000EB6B68460024984734707FE745F21013D0
:104580009C4200F0AC8140F2AD8045F211139C4298
:104590007FF454AFD5F89836CDF8033010211122AE
:1045A00051238DF800108DF801208DF80230DFE7DF
:1045B000B4F5036F00F0EA8140F2A880B4F5046F0F
:1045C00000F06882B4F5116F7FF438AF14F0DEFBB1
:1045D00010230922CDF803008DF800308DF801304A
:1045E0008DF80220EB6B684600249847347045E74D
:1045F00098800020000600200000C8420000000053
:10460000F8050020008700201F85EB51C5B3A2915B
:10461000B4F5826F7FF412AFAB6B9A0640F16882FB
:10462000D64995F81C034B8A097D643BC3EB437262
:10463000C3EBC20389FB03421A44DB17C3EB2223FB
:104640000933092BA8BF092323EAE37303EB830390
:1046500010F0020F03EB830314BF4FF47A740024AD
:104660009A00C30748BF04F5FA6492B222440A4490
:10467000042010218DF80200EB6BCDF803208DF89B
:1046800000108DF801106846002498473470BAF184
:10469000000F7FF45AAED4E6B4F5C06F00F0D281BB
:1046A000B4F5E06F7FF4CAAED5EDE47A95EDF60A85
:1046B00020EE270A002420EE080A35F017FE10220B
:1046C0000723CDF803008DF802308DF80020EB6B46
:1046D0008DF80140684698473470BAF1000F7FF4B6
:1046E00034AEAEE66FF437616318072B3FF6A6AE23
:1046F000A4F17100C0B2FFF7B5FA00283FF49EAEF6
:1047000090F90130CDF8033010238EE6B4F5006F38
:1047100000F00F81B4F5026F0ED195F81C339B07A2
:104720007FF58CAE954AEB6B9268CDF80320102292
:1047300020218DF80020BAE1B4F5E46F7FF47EAE5D
:10474000D5EDE47A95EDF80A20EE270A002420EE54
:10475000080A35F0CBFD102320228DF80030072306
:10476000CDF803008DF802308DF80120EB6B684620
:1047700098473470B1E70130C0B29BF811229BF822
:10478000103293422BD0531CDBB25400DBF80C22C6
:1047900085F86306145B3946B4F5E26F4B717FF41C
:1047A0000BAED5EDE47A95EDF70A20EE270A00244A
:1047B00020EE080A35F09AFD1023CDF803000722F9
:1047C0008DF800308DF80130EB6B8DF802206846D3
:1047D00098473470BAF1000F7FF4B7AD31E600228C
:1047E0008BF8112214460123D0E7654995F8643609
:1047F00009788BF809220133DBB201318B4285F84D
:10480000643600F056810120B7E700283FF492ADEE
:104810000378303B012B3FF68DAD013005F261622C
:104820000621FFF713FC95F8613685F86206002B28
:104830003FF480AD34707DE595F82B33002B40F0CC
:104840004C81B5F84403CDF80300102302228DF803
:1048500000308DF801308DF80220EB6B68460024A3
:10486000984734700AE6601EC0B2FFF7FBF90028D3
:104870003FF4E4AD4368CDF803301023D5E5D5F817
:1048800080234049EB6B81FB0201D217C2EBA102EE
:10489000CDF803201021002402228DF800108DF89D
:1048A00001408DF80220684698473470BAF1000F35
:1048B0007FF44BADC5E5FF20FFF7D4F900283FF4A6
:1048C000BDAD90F90130CDF80330102170220B23DB
:1048D0008DF800108DF801208DF8023048E6D5F8EB
:1048E0009436CDF80330512210238DF800308DF826
:1048F00001308DF80220EB6B684600249847347035
:10490000BCE5214AEB6BB2F90220CDF8032010225E
:104910008DF80020302152228DF801108DF80220F0
:104920006846002498473470BAF1000F7FF40DAD4B
:1049300087E595F81C2391077FF580AD13F0010FF3
:104940000E4B00F0EF805A6882EAE273A3EBE27349
:1049500003EB5303A8FB0313DB08002AACBF43F0AF
:10496000004343F04043102100240822CDF80330D7
:104970008DF800108DF8014026E700BFB0600020E0
:1049800000400020676666666464002095F81C336A
:1049900098077FF553AD924AEB6BD1894FF4F362E0
:1049A00002FB01F2A8FB021252091020CDF80320ED
:1049B00030218DF800007AE095F81C339A077FF5D6
:1049C0003DADB5F81E33CDF803301021202204236D
:1049D0008DF800108DF801208DF80230C8E50FF039
:1049E0002DF900283FF42AAD7E4B621ED2B203EBB4
:1049F000820393ED000AB5EEC00AF1EE10FAB8BFDB
:104A0000B0EE680A35F072FC1023CDF803000CE517
:104A1000B5F99036CDF803301021012204238DF82A
:104A200000108DF801208DF80230A1E56E4AEB6B85
:104A3000B2F90020CDF8032010228DF8002040218B
:104A4000522269E7B5F86C33002B43D1D5F88803BF
:104A5000CDF803001022002406238DF802308DF8D3
:104A60000020EB6B8DF8014068469847347034E6BF
:104A700013F062F9002410220123CDF803008DF811
:104A800002308DF80020EB6B8DF8014068469847A6
:104A9000347022E6544AEB6BB2F9042002EB820236
:104AA00052001020CDF8032040218DF8000008228C
:104AB00032E785F8642601205FE64C490620FFF7BF
:104AC00015FA002385F86206337003B0BDEC028B43
:104AD000BDE8F08F14F066F9BAE714F057F9B2E6C2
:104AE0000133E6E4012385F87C3642F21073DAE400
:104AF0003F4B1B681C0624D50024102304228DF88C
:104B000000308DF801308DF803408DF804408DF8A9
:104B100005408DF8064057E6347003B0BDEC028BBB
:104B2000BDE8F08F1A6882EAE273A3EBE27303EB4D
:104B30005303A8FB0313DB08002AB8BF43F08043EC
:104B400011E795F82A33002B3FF478AC95F88426CA
:104B5000032A3FD8DFE802F0342A1B02D5F88C364E
:104B60009A7CD87C197D02F1407202EB002200236E
:104B700002EB014285F8843610230421CDF803208E
:104B80008DF800308DF801308DF8021071E4D5F801
:104B90008816CB8BC88AC9891B0403EB00230B44FE
:104BA000511C85F8841603EB0262E5E7D5F88816F8
:104BB0008B8B888A89891B0403EB00230B44EFE766
:104BC000D5F888164B8B488A49891B0403EB0023D0
:104BD0000B44E5E7531C85F884361206CCE700BF8A
:104BE000B060002004870020646400206DEF00089E
:104BF00018600020C349C44BD1F840230020F0B511
:104C000083F8110210070AD5D3F80C024FF4806420
:104C1000048002254FF4826483F811524480170304
:104C20000AD593F81102D3F80C42461C40F2014514
:104C300083F8116224F8105091F86903002875D1A7
:104C400002F4803491F86A03002840F02A8102F4CB
:104C5000004596050BD593F81102D3F80C6200F1CC
:104C6000010C4FF4046783F811C226F81070896BA9
:104C7000880700F1CE80480700F1AF80A34909689A
:104C80000E066FD4900211D593F81112D3F80C626E
:104C9000481C8C46C0B2023145F2101E45F2111775
:104CA00026F81CE083F8111226F8107093F8111200
:104CB00083F81012002183F8111283F809123CB115
:104CC000D3F8041201244FF4047083F809420880D9
:104CD00055B193F80912D3F804024D1C4FF4007437
:104CE00083F8095220F8114091030AD593F809126C
:104CF000D3F804024D1C4FF4A06483F8095220F845
:104D0000114052030AD593F80922D3F80412541C17
:104D10004FF4376083F8094221F8120093F8092212
:104D200083F80822002283F80922F0BDD60787D530
:104D300012F480340AD193F81102D3F80C52471CB4
:104D40004FF4047683F8117225F8106093F811027D
:104D5000D3F80C52471C4FF4116683F8117225F8F2
:104D600010606FE790040AD593F81112D3F80C0283
:104D70004F1C4FF4036683F8117220F81160D104C0
:104D80000FD593F81112D3F80C62481C8C46C0B2B0
:104D90004FF40067023126F81C7083F8111226F8D0
:104DA000107057040AD593F81112D3F80C024F1C57
:104DB0004FF4846683F8117220F8116056057FF570
:104DC00061AF93F81112D3F80C024F1C4FF4026636
:104DD00083F8117220F8116054E751050AD593F851
:104DE0001112D3F80C024F1C4FF4807683F8117225
:104DF00020F8116017057FF541AF93F81112D3F831
:104E00000C024F1C4FF4887683F8117220F8116061
:104E100034E717060BD593F81102D3F80C6200F1B2
:104E2000010C45F2302783F811C226F81070D60520
:104E30000BD593F81102D3F80C6200F1010C45F286
:104E4000402783F811C226F81070D0060BD593F8CE
:104E50001102D3F80C6200F1010C4FF4E06783F803
:104E600011C226F8107097060BD593F81102D3F8EB
:104E70000C6200F1010C4FF4E26783F811C226F8CE
:104E8000107056067FF5F7AE93F81102D3F80C6256
:104E900000F1010C4FF4E46783F811C226F810709A
:104EA000E9E695077FF5D3AE12F400450BD193F8F0
:104EB0001102D3F80C6200F1010C4FF4007783F873
:104EC00011C226F8107050070BD593F81102D3F8D1
:104ED0000C6200F1010C4FF4C06783F811C226F890
:104EE0001070D7027FF5B5AE93F81102D3F80C62BB
:104EF00000F1010C45F2502783F811C226F810701A
:104F0000A7E600BF98800020F4030020186000206E
:104F100030B5A0F17D03012B044683B00D46104649
:104F200008D9214622F054FF15B1288804442C806A
:104F300003B030BD7D21019222F04AFF019884F038
:104F4000200122F045FFEFE770B582B004460D4620
:104F5000ADF80620C61D14F8010B2A460DF1060116
:104F6000FFF7D6FFB442F6D1BDF80630FF2B04D9C7
:104F7000180A50FA83F3FF2BFAD8C3F1FF039BB250
:104F8000D8B22A460021ADF80630FFF7C1FF02B0C3
:104F900070BD00BF024B0022D3F89C16D4E700BFBF
:104FA00098800020044AD2F8A03643F4DF2343F46B
:104FB0008063C2F8A036704798800020013070B539
:104FC000094EC4B203E02CF085F8013448B9E5B2CB
:104FD000152D21463046F6D9162D04BF034B93F804
:104FE000A456284670BD00BF388700209880002056
:104FF00000B1D7E7044AD2F8A03623F4DF2323F424
:105000008063C2F8A03670479880002070B5114CBC
:1050100084B00546D4F8A8060E461BF05CFE94F852
:10502000242394F82533003A18BF01220BB142F033
:105030000802CDE9016200234FF4964195F9000082
:1050400000911A4608211BF0CEFEC4F8A80604B051
:1050500070BD00BF9880002010B5064C03E0D4F866
:10506000A80622F087FED4F8A80622F08BFE0028BE
:10507000F5D110BD9880002010B50D4CD4F8AC3699
:105080001B791E3B012B0DD9D4F8A806012138301D
:10509000FFF7BCFF0023C4F8B03684F8B436BDE88F
:1050A0001040D9E7D4F8A806012122F05BFEF1E711
:1050B0009880002070B5094E0546336C5E200C4682
:1050C0009847336C28469847E0B2F9F767FFC4F376
:1050D0000720BDE87040F9F761BF00BF988000204D
:1050E00003682DE9F041002B3D4D3E4F3E4EB8BFC9
:1050F0005B42A5FB0321890D07FB0137C7EB0717AF
:10510000BF0096F8263385FB0725FA170446C2EB45
:10511000A555002B57D101EB810101EB810105EB76
:10512000810109B2DFF8BC801320FFF7C3FF2F49CC
:1051300008FB057581FB0531ED17C5EBA11109B21F
:105140001B20FFF7B7FF2368254D002BB4BF532169
:105150004E212320FFF7AEFF636896F8262383EAEB
:10516000E376A6EBE376A5FB0631890D08FB016823
:10517000C8EB08184FEA880885FB08354FEAE87342
:10518000C3EBA5552ABB01EB810101EB810105EBC6
:10519000810109B21220FFF78DFF124B134903FB67
:1051A000058581FB0531ED17C5EBA11109B21A2068
:1051B000FFF780FF6368002BBDE8F041B4BF5721C3
:1051C0004521222076E7C1EB011105EB810109B2EF
:1051D000A8E7C1EB011105EB810109B2DAE700BFD5
:1051E0006BCA5F6B806967FF98800020D34D6210A7
:1051F000F0B5474C94F8B536012B83B0014655D92C
:1052000094F8B666434D444F721CA5FB02051E443C
:1052100007EB860605F4FF7707EB5505521B766B07
:1052200084F8B62696B194F8B736E3B93B4B0193B0
:1052300048F2A500123B1522A4F8D006009384F88A
:10524000D2266846B04710BB94F8B536314A0133D0
:10525000A2FB031222F0010101EB52029B1A84F817
:10526000B53603B0F0BD2E4B2E4A0193123B92F897
:105270001402009348F2A602162384F8BB06A4F891
:10528000B82684F8BA366846B0470028DCD094F8CF
:10529000B71681B1009924480191091A0231009092
:1052A0000BF0C2FD002384F8E536CDE71A4A02EB85
:1052B0008302566BB6E7009E1C4A964214D9013A07
:1052C000013E41F2210512F8013F81EA0321082342
:1052D00011F4004F85EA41000ABF490081B289B24A
:1052E000013BF5D19642EED1684627F0F3FD104917
:1052F000009D6D1A152DA8BF15252A4601F118002D
:1053000036F0A2FB94F8B53684F8FD569EE700BF50
:1053100098800020ABAAAAAA88D504087D8700201F
:1053200066870020F4030020508700206B87002050
:10533000688700200023012242710370C37003714B
:10534000437083708371C371704700BF2DE9F043D0
:105350002D4A002841D112682C4B01279740BFB23B
:105360001E7D1EB3DFF8A8C04FF0000E0CEBC60682
:1053700063460CF5B474ACF12401D3E900526D041A
:1053800003F108030CD512F4F01F0D79C2F3434862
:1053900005D020B10135EDB2454509D80D714DB1AB
:1053A0009E4204F1040401F10101E6D1BDE8F0835D
:1053B00081F804E017EA5205F2D0C2F343524032BA
:1053C0000CEB82053CF8229095F80280EA78A4F86C
:1053D000009084F80280E270E2E713685C1E6BB113
:1053E0000127A7401460BFB20020084B0C689A89BF
:1053F0004FF47A7505FB02420A60B1E70F23136090
:105400004FF40047F1E700BF0C0600203088002071
:10541000688800202DE9F04F20B10B6803F5824326
:105420001A330B604E4A4F4BD178187988426ED0B0
:10543000032961D000240120197192F90F10DC803A
:105440001872B3F90600014409B2B1F5FA7F7BDDA9
:105450004FF4FA700021D8801972127D002A49D0C9
:10546000414DB3F90670414E05EBC20C284605F5D7
:10547000B474D0E90013C1F30352C3F34353403271
:105480004033090305EB820A05EB830E00F10800A7
:105490002CD535F8239035F822109EF802809AF822
:1054A00002209EF803E09AF80330A1EB090107FB04
:1054B00001F186FB01BAA2EB0802C917C1EB6A1120
:1054C00007FB02F2A3EB0E0307FB03F3494486FB41
:1054D00002A9D217C2EB691286FB03A9DB17C3EB43
:1054E0006913424473442180A270E370844504F13F
:1054F0000404BED1BDE8F08FD47B1971FF204FF4B6
:10550000FA71142CD980187225D8084625E093F931
:1055100008000028A1D00130D47B92F90F1090D15F
:10552000142C18D8B3F90600312816DC104DC41716
:1055300085FB0065C4EB650424B20134A142A8BF19
:105540002146494249B27EE70029B7BF0021D980F0
:10555000D980197281E7B3F90600614249B272E756
:10556000308800200C06002068880020D34D62108F
:10557000676666662DE9F04100283AD12D4A107D14
:1055800088B32D4A2D4B92F80C8092F90DC092F9F8
:105590000EE0C8F1FF07A8F17F06FFB2F6B203EBF9
:1055A000C00003F5B472002403E0834202F1040258
:1055B00019D01968890403F10803F6D5E1B2A1EB0B
:1055C0000C0181EAE175A5EBE175012D0DDC71B1EE
:1055D000714514BF394631468342D17004F101044C
:1055E00002F10402E5D1BDE8F0810821F4E741466B
:1055F000F2E7114B1A7BF02A09D802F10F000D4A8D
:1056000018730B6803F582431A330B60B7E7094A36
:1056100093F90D40907D7F2584421D73987B05DBB7
:105620004042C0B2987320445873EAE7002CFADA7B
:10563000F6E700BF308800200C06002068880020B4
:10564000F0B5374E78B196F82032002B66D0354A47
:10565000013BDBB286F820321378DC073ED4324BB4
:105660000A681A440A60347D54B3304B2D4F03EB63
:10567000C40403F5B471002503E09C4201F1040168
:105680001ED01A68C2F30320062803F10803F4D1E0
:105690003878C00715D596F8200296F817E000EB89
:1056A000050CBCFBFEF00EFB10C00128CCBF002097
:1056B000012058B99C4205F1010501F10401E0D136
:1056C000F0BDE84300F001000028F3D0C2F303521C
:1056D00006EB8202D2F838210A60EBE7D6ED8D7A2C
:1056E000134B144CFDEEE77A642017EE902AA2F5D6
:1056F0007A7200FB02F283FB0230D317C3EBA013D4
:1057000003EB4303C3EB031384FB0302DB17C3EB7D
:1057100062130533084A92FBF3F3A1E7F37D96E7A2
:105720003088002024840020400D03006888002079
:10573000D34D62101F85EB5140420F00F0B4524C24
:10574000002868D194F86C02002856D04F4BD3ED56
:10575000007AB3EE097AF4EEC77AF1EE10FA4EDC75
:10576000BBEE097AF4EEC77AF1EE10FA4CBF0827C7
:105770000027D3ED017AB3EE097AF4EEC77AF1EEA1
:1057800010FA3EDD47F00107257DB5B3404BDFF849
:105790000CC103EBC50503F5B47014E094F96F6216
:1057A000B142ACBF0221002194F97062B2421DDB0C
:1057B00041F004010F421CBFDCF80C2002609D4246
:1057C00000F1040019D01A68D10303F10803F6D5DB
:1057D00094F96E6202F00F01B142C2F30312DDDCF4
:1057E00094F97062B2424FF00101E1DA94F971620A
:1057F000B242D8BF41F00801DCE7F0BC7047042793
:10580000B7E7BBEE097AF4EEC77AF1EE10FA48BFBB
:1058100047F00207B8E794F86D3263B31B4B1D4D98
:10582000D3ED007A93ED017A0A6894F86C02F0EEF9
:10583000E77AB0EEC77AF4EEC77AF1EE10FAB8BFA5
:10584000F0EE477AFDEEE77A80F0010017EE903A2D
:10585000193B03EB4303C3EB031385FB0365DB1722
:10586000C3EBE51305330C4DB5FBF3F31A440A60A3
:1058700084F86C0268E70B6894F86C0203F5433314
:1058800003F5A0730B605FE730880020E4830020FD
:1058900068880020353AFC4440420F00D0D5040807
:1058A000124A92F814C0BCF1000F1DD02DE9F0414E
:1058B00002F1380302F5D07E884604460025002216
:1058C000D3E9001000EA0507AF4201EA040602BF6F
:1058D000A642D8F800004EF822000132624503F1DA
:1058E0000803EDD1BDE8F081704700BF308800208B
:1058F00030B42A4B60B92A48027DCAB993F8953171
:105900002849403301EB830130BC4FF4A060C7E766
:1059100093F87222F2B1013A214883F872220A68A0
:1059200002F5C32202F520720A60027D002AE5D04A
:105930001D4A12689106E1D51C4A93F8721212783A
:1059400092071AD511BB93F897311649403301EBF2
:105950008301D9E7124893F87342057DA54205D823
:10596000042483F8732283F87242D8E701340122B9
:1059700083F8734283F87222D1E70029BED193F8ED
:1059800096310849403301EB8301BDE793F8933129
:105990000449403301EB8301B6E700BF30880020A3
:1059A000B060002068880020D0800020B4830020F0
:1059B00010B41E4A48B91E4C92F874020B68234476
:1059C0000B6098B15DF8044B704792F8753203B3E1
:1059D000012B16D092F874020B68164C80F001006F
:1059E000234482F874020B600028EBD192F89331C3
:1059F00011495DF8044B403301EB83014FF44070D3
:105A00004EE792F874020D4C80F0010082F87402A7
:105A1000D4E70B685DF8044B03F5742303F51073AA
:105A200001200B6082F87402704700BF30880020AC
:105A300040420F0048E801006888002020A10700CC
:105A4000344A88B992F87632FBB192F877128A0814
:105A50001341DB0707D5012A01F0010151D0022AC9
:105A600047D0002A35D0704792F87732013303F0DF
:105A70000F0382F877329BB192F87632086800F50E
:105A8000C330A0300860002BDFD192F8A032002B89
:105A9000E9D0937A204901EB83014FF40030FFE60F
:105AA0001E4882F87632437ADBB992F87B0218B14D
:105AB00043F0040382F8763219480078C007DDD439
:105AC000184800680028D9D043F0010382F87632E4
:105AD000D4E7114B03F11802002914BF19461146EF
:105AE000DBE792F87532002BDFD0022382F87632A2
:105AF000DBE70D4B03F1180200290CBF19461146D4
:105B0000CBE7054B03F10802002914BF19461146E3
:105B1000C3E700BF30880020D0D50408F8830020F8
:105B20002484002018870020E0D5040810B4022344
:105B3000064C0749074AC3700023C0E90141C0E988
:105B400003235DF8044B0380704700BF0301F40199
:105B5000320001646400323270B40B4C0B490C4BC0
:105B600022680E680D6883F8BC02002122F0200232
:105B700083F8C012C3F8AC62C3F8B8522260C3F80D
:105B8000B41270BC704700BFD08000208C19002078
:105B900030880020037913F0020308D00369D0E9AC
:105BA0000920013B101A1840C0B2181A7047184655
:105BB000704701717047704703799B070AD5436AA4
:105BC0008269D154436A01690133B3FBF1F201FBED
:105BD000123343627047037913F0010306D0D0E912
:105BE0000732C0689B1A0138184070471846704742
:105BF00010B5037913F0010301460DD0FFF7EBFF59
:105C000060B10A6A4B69CC689B5C0132B2FBF4F06C
:105C100004FB1022DBB20A62184610BD0346FBE704
:105C200090F8573830B53BB990F8551890F8563879
:105C30000124DAB2914200D830BDB0F85E5804FABF
:105C400003F22A43A0F85E280133F2E7D0E90920E5
:105C5000131A584258417047074A10B5002302F5FD
:105C6000D074D2F8C412994200D810BD016844F82B
:105C700023100133F5E700BF30880020084B50B1F6
:105C8000D3F8D822C3F8C8020132C3F8D8220522BB
:105C900083F8DC227047042283F8DC22704700BFBF
:105CA000308800202DE9F04FC14B1B68804613F06F
:105CB000800083B000F07081BE4B187810F00200B5
:105CC00000F06A81DFF80CB39BF81430052B40F22A
:105CD0006881DBF80030B84D0093002BB8BF5B4201
:105CE000A5FB0342B548B649920D00FB0233C3EB56
:105CF00003139B0085FB034502EB8202DC1702EBDA
:105D00008202C4EBA55400FB043304EB8204A4B26A
:105D100081FB0321DB17C3EBA111BCB10025A94F07
:105D20002E46A7FB0432D20802EB8203A4EB430306
:105D3000E8B2A4469BB280008340BCF1090F94B244
:105D400046EA030605F10105EBD8340489B2B9B17E
:105D500000259C4F2E46A7FB0132D20802EB82039E
:105D6000A1EB4303E8B28C469BB280008340BCF1B8
:105D7000090F91B246EA030605F10105EBD8344359
:105D8000DBF804E08C4D8D4E8D498EEAEE70A0EB71
:105D9000EE70A5FB0032920D06FB0200C0EB001076
:105DA000830085FB035002EB8202DD1702EB8202C7
:105DB000C5EBA05506FB053305EB8205ADB281FBB3
:105DC0000321DB17C3EBA111C5B10020DFF8F4C13B
:105DD0000646ACFB0532D20802EB8203A5EB430377
:105DE000C7B2A9469BB2BF00BB40B9F1090F95B23B
:105DF00046EA030600F10100EBD8350489B2C1B1CF
:105E00000020DFF8C0C10646ACFB0132D20802EB2D
:105E10008203A1EB4303C7B289469BB2BF00BB40DC
:105E2000B9F1090F91B246EA030600F10100EBD87F
:105E30003543DBF80830634A0193002B1846B8BF9E
:105E40005842A2FB0030604E6049030AA6FB036380
:105E5000DB0901FB03F1C1EBD00189B2B9B1002626
:105E600091463746A9FB0132D20802EB8203A1EB2F
:105E70004303F0B28C469BB280008340BCF1090F13
:105E800091B247EA030706F10106EBD8B9B2BBF8B5
:105E90001070DFB10026DFF82CA1B446AAFB073250
:105EA000D20802EB8203A7EB43035FFA86F9384678
:105EB0009BB24FEA890903FA09F3092897B24CEA21
:105EC000030C06F10106E9D81FFA8CF7BBF8123073
:105ED0003C4AA2FB0306F608632E28BF6326092B63
:105EE00063D9002093468146ABFB0632D20802EB11
:105EF0008203A6EB43035FFA80FAB4469BB24FEAF3
:105F00008A0A03FA0AF3BCF1090F96B249EA0309B7
:105F100000F10100E8D85FFA89F9009B019A002B93
:105F2000CCBF392338231616BEF1000F26F07F06AA
:105F300035DD274A3343964543F00206C8BF43F098
:105F40000606D8F800301622581CC8F800001A704F
:105F5000D8F800300022581CC8F800001A704046DB
:105F600026F0B8FF2146404626F09CFF29464046D1
:105F700026F098FF4046394626F0ACFFD8F80030AE
:105F80005A1CC8F8002083F80090D8F800305A1C3A
:105F9000C8F8002001201E7003B0BDE8F08F1E433A
:105FA000CFE7002003B0BDE8F08F4FF00009B4E761
:105FB00018600020B48300206BCA5F6B806967FFA4
:105FC000D34D6210CDCCCCCCC55A7C0AA086010042
:105FD000FFC99A3BB0600020026810B57F21541CB5
:105FE0000460117002680024511C01600E211470BD
:105FF000F4F740FE012010BD026810B40421541CC7
:106000000460117002680B24511C016014705DF86B
:10601000044BC82126F038BF38B50268314B324CEA
:10602000B3F9003005467E21501C286011702968A4
:1060300003EBC30384FB0302DC17481CC4EB6204BC
:106040000023286020340B70A4B20DF0F7FD002867
:1060500045D0264BDFED266AD3ED007A9FED257AF9
:10606000F4EEE67AF1EE10FAB8BFF0EE667AF4EEEE
:10607000C77AF1EE10FA23DDDFED1F6AF4EEE67A5F
:10608000F1EE10FA1CD586EEA77AFCEEC77A17EE71
:10609000903A99B2284626F0F7FE184BDB7AC3B146
:1060A00012F074FE0146284626F0EEFE21462846F0
:1060B00026F0EAFE28460821F4F7DCFD012038BD71
:1060C0004EF69C21284626F0DFFE0C4BDB7A002B97
:1060D000E6D10B4B2846198826F0D6FEE6E74FF6A8
:1060E000FF71D7E728870020676666660087002073
:1060F0000000000000C07944C0E1644CB883002077
:10610000DC83002008B5A0F10103B3FA83F3022871
:106110004FEA531301D0184608BD0F2011F002FFBB
:1061200028B9054B1B7803F00103184608BDBDE8EC
:1061300008400F2011F068BF2484002038B54FF4C8
:10614000807200F580740021054636F0DFFB0021E7
:106150002046382236F0DAFB0C49002351F8232080
:1061600044F8232001330E2BF8D10949182205F5F4
:10617000A07035F069FC07490B2205F5AC7035F0CD
:1061800063FC042385F8633138BD00BFD0D5040813
:1061900008D6040820D6040810B50C46A0B9184A41
:1061A000184892F8E01223680344236001B110BD3F
:1061B00092F8933114494033BDE8104001EB83015C
:1061C0004FF48060FFF76CBB0AF082FE32280ADDD4
:1061D00023680B4A03F5742303F510730121236030
:1061E00082F8E01210BD064A92F8E012142881F0FD
:1061F0000101CCBF0548064882F8E012D3E700BF92
:106200003088002040420F006888002020A107004D
:1062100048E801002DE9F84F00283BD1274F3B7D8E
:10622000B3B3274CDFF8A090DFF8A08004F5B47674
:10623000002504E03B7DAB4206F1040628DD23681F
:106240005B0305F1010504F10804F3D535F00AFC00
:1062500009FB0080B0F1333FECD2B6F800A096F80D
:1062600002B035F0FFFB174BA6F800A083FB00320D
:106270001118C217C2EBE1123B7D86F802B0C2EBE7
:106280000222801A0130AB42F07006F10406D6DC1F
:10629000BDE8F88F094F0D46BC7B35F0E3FBC4F138
:1062A00064042A6890FBF4F303FB140314334FF4E3
:1062B0007A7101FB03232B60B1E700BF3088002017
:1062C0006888002081808080CDCCCCCC99999919A8
:1062D000F0B5484C484DD4F8E4222B68DFED476A0E
:1062E000474E2968C4F8E4129B1A07EE903AF8EE7C
:1062F000677AB7EE007A67EEA67A3378F4EEC77A5B
:10630000F1EE10FA88BFF0EE477A13F0010383B084
:10631000C4EDBA7A0CD13B4A3B491278A4F8F43266
:10632000D2070B803BD4012384F8183303B0F0BDAF
:1063300001AB6A4604F53C7104F53B70F4F7CEFFFF
:1063400030483249019B009A00782F4FA1FB02C2CE
:1063500081FB03C1DB17C3EB61135209C1073A800C
:10636000A4F8F432DFD533782D68DB073FD594F8F5
:10637000FF32274E1BBBF3890F2B12D9254901ABE6
:10638000081F6A46F4F7AAFF94F8FF32B168C3B950
:10639000009AD4F810331344C4F8103302E01C4EB2
:1063A0002D68B168C4F80C13D6E90032C4E9C132D3
:1063B0000123C4F8145384F8183303B0F0BDB38933
:1063C000DAE7D4F80C33DDED007ACB1AF8EE677A11
:1063D00007EE103A67EEA77AB8EEC77AE7EE077ACB
:1063E000B1EEE77AFCEEC77A17EE902AD1E7084EB5
:1063F000B168D7E7308800208C1900206F12833AEB
:10640000B483002024840020B68300201F85EB5134
:10641000B0600020388B00202DE9F84306461D4C63
:106420000D46D4F81C03317821F0D2FC7178D4F8F1
:106430001C0321F0CDFC022D29D0EB1EDBB203336F
:10644000002506F1020906EB03082F4619F8011B87
:10645000D4F81C030D44EDB221F0BAFC2F44C8451A
:10646000FFB2F3D1D4F81C03294621F0B1FCD4F8D3
:106470001C03394621F0ACFCF37884F8BE320022CC
:10648000012384F8BF2284F8C032BDE8F8830025D8
:106490002F46E7E73088002070B5002892B014BF7F
:1064A000082103214FF6FF7000238DF80C10ADF882
:1064B0000A00032413488DF80D4042F210724FF089
:1064C000FA11ADF80E30ADF81030ADF814300A9373
:1064D000ADF82C30ADF8122024230B4A069107901A
:1064E00005264FF470554FF448042A2101A8CDE940
:1064F0000854ADF816600192ADF80830FFF78CFF34
:1065000012B070BD64002C01B562062437B5A0F549
:1065100007642379DB0725D5657994F8543805F0AD
:1065200001010D4603B3D4F84C381A68D36A5B08EE
:10653000536294F8583823B1B4F862380133A4F8A0
:106540006238606C85F00101F2F772FA012384F879
:106550005738002384F8553884F85638A4F85E3844
:1065600084F8543803B030BD94F857380191012BAA
:1065700004BF94F8553884F856382046FFF750FB8E
:1065800094F85738019953B9012384F8573885EAAC
:106590000301606C03B0BDE83040F2F749BA002354
:1065A00084F85738F5E72DE9F04FBA4C94F82023DA
:1065B00087B0CDE90401234622B194F8212302F0EB
:1065C000FF073AB1012283F8222383F8232307B07F
:1065D000BDE8F08FB04BD4F8C4C2DB7B94F824A3A1
:1065E00094F8251394F82603002BD4F8283301934C
:1065F000B4F82C330393B4F82E3302934FF03C0ECF
:1066000004F5D0730CBFE0464FF0200800937546A8
:106610004FF00109474517D19E4B83F825139E493A
:1066200083F826030022CA73012183F8211393F80B
:106630007103B3F8301383F824A302281C4640F0FA
:10664000C78083F82123C2E767451ED2009B009ACA
:106650001E88D2789B78059CC3F1FF039BB212FB86
:1066600004F26424B2FBF4F2D2B2002B7BD0B6FB6E
:10667000FEFBC3F1FF0353431B12BBF1050F75D89B
:10668000DFE80BF0071F303F50610022134616462B
:10669000E1E7D11A7143B1FBF5F151FA83F1D8B2B8
:1066A000C9B2019B049CFB4003F001036340012B32
:1066B0005ED0022B7BD0130243EA0143034318262A
:1066C0005BE0B6FBF5F105FB1166B6B2D11AC6F177
:1066D0003C06D8B27143B1FBF5F151FA83F3114690
:1066E000DAB2DEE7B6FBF5F105FB1166D01AB6B2F9
:1066F0007043B0FBF5F050FA83F01146C0B2DAB245
:10670000CFE7B6FBF5F105FB1166B6B2D11AC6F1BB
:106710003C067143B1FBF5F151FA83F11046C9B261
:10672000DAB2BEE7B6FBF5F005FB1066A2EB030A92
:10673000B6B2D9B206FB0AFABAFBF5FA5AFA83F3F3
:106740001046DAB2ADE7B6FBF5F005FB1066B6B25F
:10675000C6F13C06D01A7043B0FBF5F050FA83F056
:10676000D9B2C0B29DE7104611469AE7524698E763
:106770000B0243EA024303431826484C06F1FF3A52
:106780007E4304EB8606039C09FA0AFB1BEA030F0F
:10679000A346029C18BFA346BAF1010A46F804BBFF
:1067A000F1D2009B043301370093924632E78A42CC
:1067B0004FEA0243164643EA016328BF0E46F6B28B
:1067C00043EA00238642D4BF334303432026D4E761
:1067D00093F87133D4F83423012B04BF022384F8D7
:1067E000713308293DD013D809B304292CD0D4F82B
:1067F000343300225A62B4F83023082A59D03DD8E5
:10680000002A42D0042A4FD0012384F87133DEE6F7
:106810000C29ECD1D4F86403214BC362214B1F49EE
:106820004363403240F22A43FCF7E6FFDFE7D4F847
:1068300058031B4BC3621B4B18494363343240F26D
:106840002A43FCF7D9FFD2E7D4F85C03144BC362A8
:10685000144B12494363383240F22A43FCF7CCFF11
:10686000C5E7D4F860030E4BC3620E4B0B4943637C
:106870003C3240F22A43FCF7BFFFB8E70C2AC3D1F1
:10688000DA6842F48052DA60BEE7DA6842F40072F5
:10689000DA60B9E7308800200C0600208C9B0020CD
:1068A00005EC000815EC0008DA6842F48062DA6052
:1068B000AAE7DA6842F40062DA60A5E768B110B5C9
:1068C000084CC4F8CC02F6F753FF4FF6FF720223D0
:1068D000A4F8D42284F8DC3210BD024A82F8DC022B
:1068E000704700BF308800200FB400B583B004AB00
:1068F000054953F8042B0193002026F0F5FA03B064
:106900005DF804EB04B0704701A6010870B50C4EA9
:10691000054606F27631D5222AF0FEF92C686C6025
:1069200006F55D71641A182CA8BF18242960224648
:1069300006F5637035F088F886F8A44370BD00BF93
:106940003088002070B50C4E054606F2AA31D522DB
:106950002AF0E2F92C686C6006F56A71641A402C22
:10696000A8BF40242960224606F57A7035F06CF8FD
:1069700086F8284470BD00BF30880020F0B5BD4CBB
:1069800094F8283483B0DBB994F83134234493F875
:106990002C54EA0700F1D280AB0700F18B806F071F
:1069A00063D42A071CD4EB060CD494F8313494F841
:1069B00032140133B3FBF1F201FB123384F83134AA
:1069C00003B0F0BDAC4B019368463F3BC822009337
:1069D00084F8A823FFF710FB6846FFF7B3FFE4E74E
:1069E000A54BA64E01933D3B41F2C812316800937E
:1069F00068460223A4F8A82384F8AA3326F02CFAC8
:106A000071689F4F684626F027FAF38903EBC301AC
:106A100089003231A7FB0131C1F34F11684626F0DE
:106A200033FA318A01EB8101490089B2684626F0C8
:106A30002BFA11F081F9934B9842A8BF184620EA2F
:106A4000E070A7FB0031490901F57A7189B2684607
:106A500026F01AFA009B327D591C009168461A7084
:106A6000FFF770FFEB06A0D5ACE7874F824B3A7873
:106A700001933D3BC8210093D6074FF02103A4F8B2
:106A8000A81384F8AA3340F1E280804B1B88D90711
:106A900000F11A815A0600F136819E0600F1358117
:106AA000980700F134817A4A7A4913F0040F18BF2D
:106AB00011460AE1784A704BD27A019340F6C82019
:106AC0003D3B08210093A4F8A80384F8AA13002AE8
:106AD00040F0B080714A724B11880531A3FB01313F
:106AE0006E46C908304626F0CFF96E4F6E493B68B6
:106AF00081FB0321DB17C3EBA10189B2304626F0ED
:106B0000C3F912F04FF9BF68009B0246390C581CBC
:106B100000901970009B390A581C00901970009B56
:106B2000591C00911F70009B591C009130461A702F
:106B3000FFF708FF6F077FF534AF96E75B4FB7F9B4
:106B4000023004F57A7104F2AB320191009240F602
:106B5000C8011E22B3F5E16FA4F8A81384F8AA2394
:106B600056DDA3F561631BB2B3F5E16FF9DC07EE07
:106B7000903A9FED4F7AF8EEE77A6E4667EE877AA5
:106B80003046FDEEE77A17EE903A99B226F07CF99E
:106B9000B7F90030B3F5E16F41DDA3F561631BB2D6
:106BA000B3F5E16FF9DC07EE903A9FED417AF8EE2C
:106BB000E77A304667EE877AFDEEE77A17EE903A8D
:106BC00099B226F061F9B7F90430B3F5E16F2DDD24
:106BD000A3F561631BB2B3F5E16FF9DC07EE903A00
:106BE0009FED337AF8EEE77A304667EE877AFDEE6E
:106BF000E77A17EE903A99B226F046F93046FFF759
:106C0000A1FEAB077FF5CBAE54E703F561631BB282
:106C100013F5E16FF9DBAAE703F561631BB213F526
:106C2000E16FF9DBBFE703F561631BB213F5E16FB9
:106C3000F9DBD3E712F0AAF819490530A1FB0031BE
:106C40006E46C1F3CF01304626F01EF94DE7194BD1
:106C50001B680BB1184938E0184B1B6818067FF504
:106C600014AF174B1B7803F00303032B3FF40DAF56
:106C700014492AE030880020188C0020B0600020E1
:106C80001F85EB5120A107002484002026840020CA
:106C90007C2305085C230508B8830020DC830020E2
:106CA000CDCCCCCC18840020676666666464002076
:106CB00058A08B4118870020642305081860002025
:106CC000B48300206C23050812496E46304626F036
:106CD000A7F83B78D90710D5009A0F49531C0093A9
:106CE00000231370009B30465B1A84F8A933FFF72A
:106CF00029FE2A077FF557AE72E6009B2A22591C0F
:106D000000911A70E8E70549DFE70549DDE7054925
:106D1000DBE700BF48300508D98B0020503105085B
:106D2000742305085423050810B5104B0A4682B099
:106D300001467B24101D83F8A90383F8AA4393F826
:106D4000330483F8AB0303F57A7403F2AD30019496
:106D5000C824009083F8A843684683F8AC4326F023
:106D600071F86846FFF7EEFD02B010BD30880020D4
:106D7000F0B5454C94F83434D90785B005463BD579
:106D800094F835340F2B59D9002217463F4E94F80A
:106D9000343484F8B023A6F13702CDE90226C3F3D8
:106DA000820340F6C822DFF8F8C084F8AF33A6F1BA
:106DB0003E01712302A8A4F8AC23BA2284F8AE33B2
:106DC000C4F8A8C329F0A8FF029A3F3E961B84F896
:106DD000A9630AF069F802A8FFF7B4FD0AF064F8A5
:106DE00094F83434C4F8385423F0030343EA4703D7
:106DF00084F8343405B0F0BD9A0727D5D4F83804A8
:106E00002D1AB5F57A6FF5DB94F83534D4F83C04D7
:106E10000F2B97BF1E4A1F4902EB8303D96D0191C7
:106E20001DF01CF90199062030F080FE94F83434EE
:106E30006FF3410384F8343405B0F0BD164B93F87A
:106E40002C301F1E18BF01273A469FE7134B1B68C3
:106E50005B05CFD4104B93F82C30002BCAD004F52F
:106E60007A7104F2A932C82302A8CDE9022184F87C
:106E7000A833FFF7C1F80AF017F802A8FFF762FD80
:106E80000AF012F8B6E700BF30880020188C002006
:106E9000D0D50408A06806009C510020186000208E
:106EA000C80032EC03685A0607D513F4057F04D0F6
:106EB00007298CBF00200120704703F48253B3F5EB
:106EC000825F03BFC81FB0FA80F0400900207047FE
:106ED00070B5B54C94F84034012B84B000F04A8171
:106EE00094F84D04FFF70EF994F84E3483420546AA
:106EF0001FD0002800F0D680AC4B1B68CBB1AC4A49
:106F000093F904005279002A18BF082200234FF495
:106F100096410325CDE9015200911A46082119F046
:106F200062FFA44B186020B1FEF7A6F8012384F895
:106F30004E3494F84F34012B00F0C080D4F85864DC
:106F40003EB19D4B30465978FFF7ACFF002840F02A
:106F5000F08094F85D04FFF7D5F894F85C34834230
:106F6000054621D0002800F0F480EEB1337A002BE2
:106F700000F01481914A02EB8303DB6D8C4A96F991
:106F8000040012790093003A18BF01220023022165
:106F9000CDE901121A46102119F025FF884B18601F
:106FA00010B1012384F85C34D4F860643EB1824BA4
:106FB00030465978FFF776FF002840F0AA8094F811
:106FC0006C04FFF79FF894F864348342054622D09E
:106FD000002800F0C680F6B1337A002B00F0E18083
:106FE000764A02EB8303DB6D714A96F9040012794D
:106FF0000093003A18BF012202210023CDE90112BB
:107000001A464FF4007119F0EEFEC4F8680410B18E
:10701000012384F8643494F86D04FFF773F894F84E
:107020006E348342054631D090B3664BD4F8706419
:10703000D3F840344FF47A721A613EB34FF4805261
:107040004021304619F05EFE0546F8B9584B96F9D6
:1070500004001B79002B14BF0921082103224FF4DF
:10706000E133CDE9012100932A462B464FF48051AC
:1070700019F0B9FEC4F8740440B15349534A84F876
:10708000785401230860157084F86E3404B070BD24
:10709000D4F8740419F01FFEC4F8745484F86E54C4
:1070A00004B070BD434E306819F015FE94F84F34AB
:1070B0003560012B84F84E547FF440AF94F85004AF
:1070C000FFF720F80546002800F08680404D2B6829
:1070D000002B7FF433AFD4F85424002A3FF42EAFB2
:1070E000334992F904004A790979002A14BF082229
:1070F0000022002908BF42F0010203264FF461413B
:10710000CDE9016200911A46202119F06CFE286039
:1071100014E794F86434002B7FF47DAFD4F848343E
:10712000002B3FF478AF0122C4F8683484F864245B
:1071300071E794F85C34002B7FF436AFD4F8483410
:10714000002B3FF431AF1E4901220B6084F85C2410
:107150002AE71B4E306819F0BEFD356084F85C5498
:1071600022E7D4F8680419F0B6FDC4F8685484F82E
:10717000645450E7D4F844540F4B28465978FFF72D
:1071800091FE90B3134B1A68002A7FF4A9AED4F88D
:107190004824002A3FF4A4AE1A60A1E64FF49643B7
:1071A000ECE64FF461431FE730880020448700205D
:1071B000B88300204087002078510020D0D50408F3
:1071C000F4860020D8360020C8840020A084002047
:1071D00034870020B0830020194E306800283FF427
:1071E000ADAE19F078FD3560A8E694F84C04FEF7D2
:1071F00089FF0646D0B1134E3368002B7FF470AE82
:10720000002D3FF46DAE104A95F904001279B2FAE0
:1072100082F252094FF416510225CDE90152009134
:107220001A46042119F0DFFD306059E6054D286843
:1072300000283FF455AE19F04EFD2E6050E600BF19
:1072400034870020B0830020B8830020F8B5B84C04
:1072500094F84034002B00F04A81082019F066FDB4
:10726000B44A106010B3082119F056FD2B220346D2
:107270000021B14884F84D3435F048FB48F67C6075
:10728000E0237D252B22A4F87C040021AB4884F860
:107290007F3484F8A75435F039FB48F67C22A023CC
:1072A00084F8D354A4F8A82484F8AB3494F84F3469
:1072B000002B00F00681102019F038FD1021C4F8D1
:1072C000580419F029FD9E4D9E4B84F85D0440F250
:1072D0003B113A2019806A7A18719F214AF21E40A8
:1072E0009971002198601973002A40F0D480AB7A1C
:1072F000002B60D1944E3368580700F1C68099077F
:1073000000F1BB801A0700F1B280904F3868C0F3DB
:10731000C010FDF76DFE0020FDF750FE8C4B0246BD
:107320004FF400701A7019F001FD4FF40071C4F8A9
:10733000600419F0F1FCD4F8D43484F86C04002B08
:1073400014BF0123002384F8D83467D1D4F83C3427
:10735000002B14BF0123002384F8E13431D1D4F889
:1073600048250023C4F84435002A00F0A18079495B
:1073700001220B7084F84C254FF4805019F0D6FC94
:107380004FF48051C4F8700419F0C6FC7249D4F867
:107390005435724A724D84F86D0401F5A070506046
:1073A0001160581C00222B60C4F8540584F86E2428
:1073B000BDE8F8408CE56B4A136843F004031360A2
:1073C00098E733686849002213F0020384F8E22446
:1073D00084F8E32440F0DF806A7A1AB10A6AD6079B
:1073E00000F1D380AA7A002A40F0CA800A6A100706
:1073F00004D5E118042081F82C040133396809060A
:1074000000F1E580594A10211344053203F8011BAD
:107410009342FBD1052384F83234A0E76B7A1BB189
:1074200051490B6ADB077FD4AB7A002B77D13A68DE
:10743000100600F1B880326851070BD54A49096A35
:10744000480507D5E218082182F8DC14013384F8D6
:10745000E0347BE7110703D54349096A8805F1D475
:107460001105F4D540490A6A1205F0D5EAE73D4A0C
:10747000136843F48073136047E73A490A6842F49B
:10748000601242F0C0020A603CE736490A6842F4E2
:1074900002720A6033E7334BA97A1A6842F002009D
:1074A000186000293FF426AF42F036021A6021E747
:1074B000D4F85035274A73B30123137084F84C3540
:1074C0005AE7202019F032FCC4F8540400283FF495
:1074D000F2AE202119F020FC254B264A1A6084F8D0
:1074E0005004FDF787FB012384F84F34E3E60420C2
:1074F00019F01CFCC4F8440400283FF4AEAE04218B
:1075000019F00AFC1C4A1D4984F84C04012311603F
:1075100084F84034A1E684F84C3513702CE7124906
:107520000B6A13F0060382D0012384F8DC347EE773
:107530003088002044870020AC8C0020D88C0020AC
:10754000F8830020C8600020D08000201860002050
:107550003C8700204F870020DC840020CC84002062
:10756000F405002038870020B88300205C8C0020C0
:10757000D4800020954F0108D880002035020108F2
:107580000A6A12F0060F3FF431AFE218022082F8C7
:107590002C0401332AE70B6A13F460731CBF012328
:1075A00084F82C3418E70F490A6A12F4A05F04D05B
:1075B000E118022081F8DC04013312F4085F3FF483
:1075C0003AAFE218042182F8DC14013333E712F4F5
:1075D000585F3FF417AFE218082182F82C140133EA
:1075E00010E700BFB88300200F2A11D803280BD85A
:1075F00005290DD80F4B00EB400003EB4000014480
:10760000012081F87821704704280AD0052801D08C
:10761000002070470029FBD1064B012083F89B21F5
:1076200070470A29F4D8034B1944012081F89021AE
:10763000704700BF308800202DE9F0411C4FDFF873
:10764000788000F140060C4607EB860700252046AF
:1076500025F06AFB08EB45020346B2F89C20824203
:107660001FDB012D20464FF02C0109D0022D0FD138
:107670000F4800EB860686F83B300120BDE8F0811C
:1076800087F83A3035F054FA58B1441C0225DEE749
:107690003B8735F04DFA0135441C10B1032DD6D18E
:1076A000EBE7044B002043F82600BDE8F08100BF63
:1076B0003088002068880020D0D504088349002243
:1076C0002DE9F8430846164613460AE0062F03F153
:1076D000010308BF0136A40448BF0132202B00F08B
:1076E000CE80F0E8024554EA050CC4F30327EDD13F
:1076F000774C78482375F5B201266575A275C4F8F4
:10770000C432C673002B00F0C58000204FF00F0E6E
:10771000F146064684460F463A68C2F303184645CA
:1077200002F00F02B8BF4646C145A8BFC14690420D
:107730000CF1010CB8BF10469645A8BF96469C4573
:1077400007F10807E8DB4E457DDD4E44721001323B
:10775000013E52B246F34706704584F8716284F8E0
:10776000702278DD70444710013701387FB240F352
:10777000470005EBC50205EB420202EBC202C2F371
:10778000460646EAC212D2B22A2A84F86E0284F869
:107790006F7232D80622E27501EBC3030A4601E09C
:1077A00093425BD01068450302F10802F8D500252A
:1077B0000A4601E0934253D01068000302F1080228
:1077C000F8D50A4601E093424DD01068470402F113
:1077D0000802F8D50A4601E0934247D010688604B3
:1077E00002F10802F8D50A4601E0934241D0106840
:1077F000800302F1080214D4F7E7062D2A4608D9BF
:10780000EF0706D401E0D60702D45210062AFADCAC
:10781000D5B2E575002BBFD140F22F2507E08B4292
:107820002AD00A68D20301F10801F8D5ADB22A487E
:10783000A4F858552022002135F068F82369C4F8CF
:107840002833BDE8F88306260722704584F8716264
:1078500084F8702286DC062007278AE70125A7E73F
:1078600045F00205ADE745F00405B3E745F008052E
:10787000B9E745F40075D4E745F02005D6E7144C88
:1078800014482375F5B201266575A275C4F8C43293
:10789000C6733AE705EBC50205EB420202EBC202F2
:1078A000C2F3460040EAC212D2B2062007262A2AB4
:1078B00084F8710284F86E0284F8706284F86F6252
:1078C0009BD8E07540F22F25B1E700BF6888002003
:1078D000308800200C060020488800202DE9F04F59
:1078E0007F4A804E00238BB002EBC007CDE9023304
:1078F000CDE9003342F83030C2007B601D460C46B3
:107900000592049398469B4699461F464FF02C0CCF
:107910004FF0010A2378E8B28BB107A9002205E0F5
:1079200001F8013B14F8013F01324BB1634500F00F
:10793000B2800A2AF4D100200BB0BDE8F08F1A46BD
:107940000AAB1A4402F80C7CBCF1000FF3D1431EC1
:107950000134062B00F2BE80DFE803F08D704E4547
:107960003D320400002319460A2207A825F04AF9EF
:107970000F2800F295804205009B0299039C03F0BA
:107980000F00019B40EA0350049B40EA096949EA61
:107990000B2B48041B0140EA44004BEA0838DBB2D9
:1079A00048EA0303024350490598DD1701442A437E
:1079B000C1E90E32FFF782FE01200BB0BDE8F08F67
:1079C000002319460A2207A825F01CF9029016F890
:1079D00001CB01359EE7002319460A2207A825F0AE
:1079E00011F90390F3E707A825F09EF903460F2845
:1079F000C8BF00230193EAE79DF81C2007A8002ACE
:107A0000E5D0DFF8E8C00023432101E01CF8011BAA
:107A100091423ED00133072BF8D1DFF8D4C00023C8
:107A2000542101E01CF8011B914229D00133082B9D
:107A3000F8D110F8012F002AE3D1C8E79DF81C30D7
:107A400007AA83B9C3E7452B2CD0532B30D0572B33
:107A500034D0552B38D0442B08BF052306D012F85C
:107A6000013F002BB3D04E2BEDD100230AFA03F3D4
:107A700049EA0309F3E707A825F056F90090A6E7BD
:107A800010F8012F0AFA03F348EA0308002AB8D1D4
:107A90009DE79B46C1E70AAB1A4402F80C7C56E707
:107AA000002269E701230AFA03F349EA0309D6E74A
:107AB00003460AFA03F349EA0309D0E703230AFA63
:107AC00003F349EA0309CAE704230AFA03F349EA7C
:107AD0000309C4E707A825F027F9049077E700BF5A
:107AE000688800202925050830880020D122050853
:107AF000C522050838B5064CFFF7E0FD6578054856
:107B000041F2A802002134F001FF84F85A5538BD33
:107B1000308800208C9B0020024A137843F0060333
:107B200013707047B48300202DE9F04FB24C94F8E5
:107B3000F83293B0C5B283B1012B56D194F82836F0
:107B4000082B52D8DFE813F0DB01D4010F02FE014D
:107B5000C301A30181017001E501A5F10A03222BF4
:107B60007FD8DFE803F08C7E7E8C7E7E7E7E7E7EFC
:107B70007E7E7E7E7E7E7E7E7E7E7E7E7E7E7E7E25
:107B8000B47E7E7E7E7E457E45009C4A13786721CA
:107B900013F0020384F80C1600F08D85984BD4F88E
:107BA0006055D4F8640594F868151D605860D4F8E1
:107BB0006C55B4F87205197500219D60588284F8DF
:107BC000081694F8BC32052B00F0B88294F83738C8
:107BD000127883F0010384F83738930705D5884B72
:107BE0001B7D042B01D9FEF773FB13B0BDE8F08FAA
:107BF000844A94F85C3594F85B650020D054002EDC
:107C000040F0D380804B116884F85E65994200F0A3
:107C100075827E4B1168994200F084827C4B11681A
:107C2000994200F03F857B4B1168994200F04785EF
:107C3000794B1168994205D19388562B02D10323C1
:107C400084F85E35013600232A2D84F85B6584F8BC
:107C50005C3500F0908194F85D355D4084F85D55A9
:107C6000C3E794F85C350E2B04D866495A1CCD54F2
:107C700084F85C2594F80836002BB6D1EBE794F82D
:107C80000836002B00F08D80644901F1140313F8CD
:107C9000012D5A709942FAD15A4A1378402B40F27A
:107CA000D381373B1B01DBB25278402A8CBF373A75
:107CB000303AD2B2134494F85D25DBB29A420ED02A
:107CC0003F22002384F80C2684F808368DE7002331
:107CD00084F85B3584F85C3584F85D3585E7D4F845
:107CE000243694F85E2501332121012AC4F8243674
:107CF00084F80C163FF449AF022A52D1404B484A4F
:107D0000B4F87015D981D2E90001B4F874251A824B
:107D1000722384F80C3650EA010342D1D4F87C3542
:107D2000002B3ED0D4F87805D8B3642100EA0102D4
:107D3000B3FBF1F601FB163702EB820207F5FA6797
:107D40005500ADF80470B6FBF1F2B0FBF1F701FBA2
:107D50001262B7FBF1F601FB16768DF806208DF85E
:107D60000A6042F21072B3FBF2F3B0FBF2F2B3FB23
:107D7000F1F7B2FBF1F601FB173701FB1626294B91
:107D8000B0FBF3F301A8B3FBF1F201FB12338DF862
:107D900007708DF80960ADF80C508DF8083024F0AC
:107DA00051FE002384F808361FE794F85E35032B54
:107DB00000F0E5803FF646AF012B00F04981022B31
:107DC0007FF440AF731E082B3FF63CAF01A252F880
:107DD00023F000BF39800108457C0108457C01087B
:107DE000457C0108457C0108457C01081980010893
:107DF00009800108F97F010830880020B483002041
:107E0000B06000201C60002047504747474E47475E
:107E10004750524D474E524D475047533C8E0020DD
:107E20008884002040420F0094F82A360822AB4292
:107E300084F828263FF4D9AED4F8A43201221344A2
:107E4000C4F8A43284F82926CFE694F82A26B4F898
:107E5000303694F82B162A44D2B2B3F5007F114481
:107E600084F82A2638BFE21803F1010338BF82F8EC
:107E70003456B4F82E2684F82B169BB29A42A4F8F6
:107E800030363FF6B2AE072384F82836ADE694F8D4
:107E90002A26B4F82E3694F82B16154403EB00204E
:107EA000EDB280B26B180622B0F5007F84F82A5636
:107EB00084F82B36A4F82E0684F8282640F2178181
:107EC0000122002384F82926A4F830368DE694F8A0
:107ED0002A3694F82B26A4F82E061D44EDB2AB18D2
:107EE000052284F82A5684F82B3684F828267CE666
:107EF000622814BF0023022384F8283675E6B528CB
:107F00007FF473AE0022012384F8292684F82836F2
:107F10006BE6D64B0022A3F1140184F8282613F84F
:107F2000012D5A708B42FAD194F82B36AB4200F0F7
:107F3000ED80D4F8A4323F220133C4F8A43284F88F
:107F40000C2652E694F82A3694F82B2684F82C5600
:107F50001D44EDB2AB18042284F82A5684F82B365F
:107F600084F8282641E6032384F82A5684F82B5601
:107F700084F8283639E6012384F8083635E6022EDF
:107F800000F0D580032E0DD1F3F770FDC3B2102B96
:107F900084F8813591BF94F85B6594F85B65102394
:107FA00084F88135032E7FF64DAE94F88075331F2B
:107FB000C3F3870303EB8707033FFFB2102F3FF69E
:107FC00041AEF21EA2EB8303DBB2012B00F07C83F7
:107FD000042B0BD10020F3F749FD7B1E2344002224
:107FE00094F85B6583F8C40583F8E425D4F8043677
:107FF0000133C4F8043625E60020F3F737FD94F882
:108000005B65C4F87C051DE60120F3F72FFD94F8AD
:108010005B65A4F8740515E60120F3F727FD944A83
:1080200094F85B6541F2184303FB00F3A2FB0323C2
:108030009B09A4F8703505E60220F3F717FD94F8C4
:108040005B65C4F87805FDE51B0103F0F0032BE642
:10805000B31E072B3FF6F6ADDFE803F0443A352BAD
:10806000241C0F040120F3F701FD00EB8000400009
:1080700094F85B65C4F86C05E4E50120F3F7F6FCC1
:1080800000EB800000EB8000830094F85B65A4F8AF
:108090007235D7E50020F3F7E9FC94F85B6584F8C6
:1080A0006805CFE51378302B40F21A83FFF734FDD3
:1080B000C8E51378572B7FF4C5ADD4F864355B421F
:1080C000C4F86435BEE5F2F75FFDC4F86405B9E5B0
:1080D0001378532B7FF4B6ADD4F860355B42C4F807
:1080E0006035AFE5F2F750FDC4F86005AAE500235E
:1080F000A4F8303600283FF4C6AE76E59388412BCD
:108100007FF487AD012384F85E359BE5D4F82436EF
:1081100094F829560133C4F82436EDB13E2384F88F
:108120000C3662E59388412B7FF478ADEAE7F3F7EC
:108130009DFC94F85B6584F8800533E74D494E4813
:108140000B68D4F8AC520068C4F8B05243F0200376
:108150000B60C4F8AC0239E594F82C36212284F87F
:108160000C263E2B3FF641AD01A252F823F000BF92
:108170008786010867860108338601080986010899
:10818000EB7B0108EB7B0108418501084D84010868
:10819000EB7B0108EB7B0108EB7B0108EB7B010823
:1081A000EB7B0108EB7B0108EB7B0108EB7B010813
:1081B000EB7B0108EB7B010819840108EB7B0108CC
:1081C000EB7B0108EB7B0108EB7B0108EB7B0108F3
:1081D000EB7B0108EB7B0108EB7B0108EB7B0108E3
:1081E000EB7B0108EB7B0108EB7B0108EB7B0108D3
:1081F000EB7B0108EB7B0108EB7B0108EB7B0108C3
:10820000EB7B0108EB7B0108EB7B0108EB7B0108B2
:10821000EB7B0108EB7B0108EB7B0108EB7B0108A2
:10822000EB7B0108EB7B0108EB7B0108EB7B010892
:1082300087830108EB7B0108EB7B0108EB7B0108DE
:10824000EB7B0108E7820108EB7B0108EB7B01086F
:10825000EB7B0108EB7B0108EB7B0108EB7B010862
:10826000EB7B0108EB7B01087D820108508E00202A
:10827000D34D6210D08000208C19002094F837363E
:10828000012B04D994F84026012A00F08982D4F801
:108290003426D34922F0FF028A4200F05D82DB00DF
:1082A0001E1DD04932460DF10A0033F0CDFBB11D41
:1082B000CD4B0193F6B201F0FE0101A8ADF80860C4
:1082C000FEF7AAF894F83538002B3FF48EAC94F8FA
:1082D0003638002B3FF489AC0023C44A84F8353883
:1082E00084F836386DE494F8393684F881354922BB
:1082F000202B84F80C2640F20582202384F8813557
:10830000B84EA6F1B002A6F19005A6F17001A6F153
:1083100050009246A946884686464FF0000C96F8D3
:1083200008B0777A0AF801BB0CF1010C96F80AB094
:1083300009F8017B9C45376908F801BB0EF8017B01
:1083400006F10C06EBD3202B14D0013B1D4418443E
:1083500019444FF0FF0C134400271E460236B61A8C
:108360001F2E05F8017F00F8017F01F8017F03F857
:1083700001CFF2D9D4F8043620220133C4F80436F0
:1083800084F881259EE794F8383684F881354922AF
:10839000102B84F80C2640F2AA81102384F8813532
:1083A000904EA6F1B002A6F19005A6F15000A6F1FC
:1083B00070019146A84686468C46002796F808B07C
:1083C00096F809A009F801BB013796F80BB008F838
:1083D00001AB9F4216F80CAF0EF801BB0CF801ABD5
:1083E000ECD3102B12D0013BEF18C618CD1800208B
:1083F000134419460231891A0F2907F8010F06F8AC
:10840000010F05F8010F03F8010FF2D9D4F8043673
:108410000133C4F8043655E7754BD4F84406988107
:10842000D4F84806D88194F83518D4F84C2656204C
:1084300084F80C06012042F2107584F8360892FB8D
:10844000F5F21A8200293FF4D0AB45E794F849369B
:108450004F2284F80C26DA0704D594F84836032B0B
:1084600000F05B81614A62491378D4F84C06D4F875
:108470005056486023F00203002013700D60D4F8BA
:10848000583684F834080A2293FBF2F38B600A22F0
:10849000D4F86C3693FBF2F307EE903AD4F87036CA
:1084A00093FBF2F3F8EEE77A07EE103A67EEA77A5D
:1084B000B8EEC77A4F4ACB81E7EE077AD2E9006778
:1084C000B1EEE77A012284F8352884F83628B4F82A
:1084D0008026D4F874364A8242F2107293FBF2F38B
:1084E0000B8294F84B060875BCEEC77A17EE103A6B
:1084F0008B8156EA07037FF4EFAE94F83F3603F022
:108500000303032B7FF4E8AED4F84436B4F83C26DA
:1085100094F83E06D4F838168DF80A00002BADF812
:108520000820D4BF00234FF47A7201A8C4BF93FB84
:10853000F2F39BB20191ADF80C3024F083FAC1E65E
:1085400094F83F164F23C80784F80C3604D594F8E6
:108550003E36032B00F0FA80244A137823F00203FE
:1085600013702448224B94F86386B4F860E683F8CD
:108570001480D0E900ABA3F812E05AEA0B0384F8A8
:1085800034587FF49FAE01F00C010C297FF49AAEB1
:10859000194DB4F93C86D4F83416DFF864C0DFF81E
:1085A00064E0A8FB05234FEAE879521805FB09337C
:1085B000124DD4F8381691FBFEF143F10003521826
:1085C00043EBE1735619DCF800204FF0490143EB0F
:1085D0000107B61A67F10007C0E9006772E600BF3D
:1085E00000202007648E0020B562063EB483002080
:1085F000B06000208884002000840C24B0F5F7903F
:108600008C19002040420F0094F839365322DD07C0
:1086100084F80C2604D594F83836032B00F09880A3
:108620007E4A1378002123F00203137084F8341873
:1086300048E67B4BD4F8380694F834185860502537
:10864000D4F83C06D4F84426186084F80C560A2066
:1086500092FBF0F29A60002972D0FFF75DFA0123D5
:1086600084F8353833E694F8C032012B7FF42AAE13
:1086700094F8352694F8BE329A427FF423AE022352
:1086800084F8C0321EE694F8C032012B7FF41AAE93
:1086900094F8BE3294F835269A4204BF032384F836
:1086A000C0320FE69388432B7FF4BDAA022384F8DF
:1086B0005E35FFF7C7BA84F80836FFF782BA9388A9
:1086C000432B7FF4B5AAF1E77E1E2644002086F8EE
:1086D0008475F3F7CBF986F8A40594F85B6585E417
:1086E0004E4A137823F002031370FFF7ABBA002B46
:1086F0007FF456AE4B4A02F1200502F1600002F110
:10870000400170E6002B7FF4FBAD464A02F12005E4
:1087100002F1600002F1400117E64149D4F84C260D
:10872000D4F850564A600122D4F858360D600A2019
:1087300084F8342893FBF0F38B60FFF7EDF9A6E69D
:10874000364A137823F00203137088E7012508E7FF
:10875000012384F83438B5E5D4F84826324922F0AC
:108760007F428A427FF49BADD4F84C062F49DB0050
:108770001E1DC54332460DF10A0005F0010533F018
:1087800063F9002D3FF493AD94F8FC32002B3FF4D5
:108790008EADDDF8223043F00103CDF8223086E5BE
:1087A000D4F834262249D4F8447622F0FF028A42D3
:1087B00007F001074FEAC30315D01E1D1B493246BF
:1087C0000DF10A0033F040F9002F3FF470AD94F83A
:1087D000F932052B7FF46BADDDF81A3023F001037D
:1087E000CDF81A30CDE7D4F848260F4922F07F4261
:1087F0008A42E2D1D4F84C060C491E1DC5433246CC
:108800000DF10A0005F0010533F01EF9002FB8D074
:1088100094F8F932052BB4D1DEE700BFB483002011
:10882000B0600020B48D002002040800648E002097
:1088300000202007FFF778B92DE9F043BD4CD4F8AC
:108840001C3394F8BC6293B005467BB996E01DF0EA
:1088500069FB431B1E2B00F38380D4F81C031FF01D
:1088600089FA80B2FFF760F9D4F81C3318461FF07C
:1088700089FA0028EBD1B04B94F8BC221B68AF4FAB
:108880001B6842F210711961531E052B35D8DFE8C1
:1088900013F075013400750175010600C301A84B82
:1088A000D4F8AC221B689B1A40F6C412934200F223
:1088B000BF8294F8FA32012B1FD1D4F8B4020128F8
:1088C00000F0B484022800F09784B0B99D4B1B6877
:1088D00013F4803311D194F8C2229B48002A00F08F
:1088E0003E859A4A0190092101A88DF80C30029228
:1088F000FDF792FD0123C4F8B4321DF013FB2644AA
:10890000401B96F83838924A834294F8BC32126879
:1089100038BF86F838082344920693F83838C4F8EC
:10892000403800F1F2808B4E94F8FE22337803F049
:108930000103134303D13B7823F001033B700FF095
:1089400029FB054618BB05223B7813F0020310D023
:1089500094F8BC32052B00F0FB8113B0BDE8F08326
:10896000754B1B681B684FF47A721A6113B0BDE82F
:10897000F08384F8643913B0BDE8F08394F8378845
:108980006E4F18F0020F40F0F48132467CE7724BD4
:108990001B8813F0400300F0608194F84838002BE6
:1089A00000F0D28394F87B3284F880380FF0C4F959
:1089B00094F8BC32C4F85008A3F10503B3FA83F36A
:1089C0005B0984F870381DF0ADFA94F81833002B69
:1089D00055D0624AD4F88818D2ED127AD2ED144AF2
:1089E000D2ED135AD4F85038C4F8883867EEA77A15
:1089F0005B1AE4EEA47A5A4907EE103AE5EEA57A3E
:108A0000D4F88438C4F88408C01AB1EEE76A554B2C
:108A1000098893F814C0A4F85418D989B4F8F4322A
:108A200084F85CC8A4F85A18A4F85838DFED4E2A28
:108A300092ED003ADFED4D6A4D4A9FED4E5AD2ED70
:108A4000093A92ED074AB8EEC77A07EE900A27EE88
:108A5000227AF8EE677A26EE036AC7EE275A66EEA8
:108A6000267A65EEA66AE3EE857AE4EE056A82ED83
:108A7000086AC2ED097AC2ED065AC2ED076A1DF016
:108A800051FA94F8BC32052B40F084813A7812F008
:108A9000010329D0D4F88C383749C31A8B4240F2ED
:108AA0005B8312F002032F4AC4F88C08117D94F8FE
:108AB000B00894F992281CBF2B460025814234BF90
:108AC00001214FF0FF310A44022A1146A8BF0221BA
:108AD00021EAE171012A84F8905884F8921800F391
:108AE0001683002284F8912894F8482884F8813865
:108AF000072A00F22281DFE812F000037602580212
:108B00003B02E901AD01A201A901D4F84438EB1AF6
:108B1000002BFFF608AF134B1B7D042B7FF603AF32
:108B200005F5123505F5F8750120C4F844581FF015
:108B30009DF9F8E63088002094800020B48300205E
:108B40008C19002018870020B5620601030001354A
:108B5000D080002024840020268400202884002047
:108B6000B6830020B060002000247449CDCC4C3E78
:108B700078900020CDCC4C3F3F420F0094F8F83263
:108B8000002B00F00C81012B7FF4B7AED4F81C034E
:108B90001FF0ECF800283FF4B0AE94F8BC32032B81
:108BA00000F01583042B00F0F282012B7FF4A5AEB8
:108BB000BA4AD4F8B8321168CB1AC72B7FF69DAEEB
:108BC000D4F8B432042B00F2BA82B54AD4F81C03AC
:108BD000C4F8B81203EB430302EB8303D0F8089008
:108BE00093F8A5E0002302F15C0C194601E05CF863
:108BF000041F89455FFA83F803F1010303D0102BAA
:108C0000F5D14FF00008C64500F0D18302EB8E028B
:108C1000D16D1BF023FA70E6D4F8A83294F8FB2249
:108C20000133C4F8A8326AB194F8BD329D4A0133C9
:108C3000DBB2A2FB031202F0FC0101EB92029B1AD1
:108C400084F8BD323B78984A23F0020300210120CA
:108C50003B701175FCF780FF4FE684F84838A1E6B9
:108C600094F8CA381BB994F8D538002B65D08F4AD0
:108C7000D4F85038D4F84C08D2ED047A8C4AB4F8C1
:108C80005418D2ED086A8342FCEEE77AB8BF034677
:108C9000B4F85608C4F84C3817EE903AF6EE007A5D
:108CA0008142F4EEE76A38BF01469BB20020F1EE44
:108CB00010FAA4F87039A4F85618C4F86C09C4F86E
:108CC00068093ADDDFED7B7AF4EEE76AF1EE10FA3F
:108CD00033D5D4F83C59DFED787A07EE105AB8EE68
:108CE000477AB4EEE77AF1EE10FA26D540F22E413B
:108CF0008B4222D9A3F57A7307EE903AB8EEE77A61
:108D0000DFED6E7AE7EE267AFCEEE77A17EE903A20
:108D10009BB207EE903A002D40F06983F8EE677A37
:108D2000A2F134030125B0EE670AC3ED007A31F0F9
:108D3000DDFAC4F83C59A4F844090EF021FD94F87A
:108D400048384BBB002394F8B02884F81833FBE56F
:108D5000554B1B7D9342FFF400AE94F86439002B11
:108D60007FF4FBAD0D2018F021F9012384F864395C
:108D7000F3E50520FCF7F0FE3B789A0703D54A4B54
:108D80001B7D042B58D828F0020894F8BC2284F8E4
:108D9000378879E50023A7E60EF090FDD2E7012A97
:108DA00000F0BA81032A7FF4A8AD3C4AD4F8B83267
:108DB0001268D31AB3F57A7FFFF49FADD4F8B432BA
:108DC000C4F8B822002B00F09882012B40F2B9823F
:108DD0000520FCF7C1FE90E594F8001303228DF8FE
:108DE0000B20002940F0BA83ADF80C200023ADF829
:108DF0000E30ADF81030324B01930E21082301A83C
:108E0000ADF80830FDF708FB94F8C032022B00F0F3
:108E1000C182032B00F0B182012B7FF46EAD94F878
:108E2000BF320133DBB2192B84F8BF327FF465AD5A
:108E30000620FCF791FE60E5FDF74AFAA3E74FF044
:108E4000007018F053FA07200FF09EFA002384F800
:108E5000483872E7D4F85038632B1A4BD9BF9FEDCE
:108E60001A7AD3ED097AD3ED097AB7EE087A67EE6C
:108E7000877A93ED087AB4EEE77AF1EE10FA00F310
:108E80000D8200234FF470610122C4F87438C4F8D5
:108E90007838A4F87C1884F87E284EE78C190020D6
:108EA000D0D50408CDCCCCCCB0600020E483002029
:108EB000A49100208FC2753F0024744900007A44B9
:108EC000B5620616789000209A99993FB4F8542814
:108ED000B4F8BA3893420BD3B4F8B808D4F85018A1
:108EE000642303FB00F39942DCBF052384F8483870
:108EF000D94BDFEDDA6AB3EC016A9FEDD97AD3ED95
:108F0000007A05EE902AF8EEE55AE5EE867A67EEED
:108F1000A67AF4EEC77AF1EE10FAB8BFF0EE477A0F
:108F2000FDEEE77AC82A17EE903A40F21F81D4F896
:108F30005429D4F87418632B40F3A6818B42A8BF40
:108F40000B46632AC4F87438D4F8783840F381812A
:108F50009A42A8BF1A46B4F89438C4F87828012079
:108F60000A2184F87E0884F87C1884F87D38E4E6C9
:108F7000B4F85839B4F85428D4F8C408C4F87408BC
:108F80009A4298BF0423B4F89A2898BF84F84838C6
:108F9000C4F87828B4F8943884F87D3801210F2279
:108FA00084F87E1884F87C28C7E6D4F85008D4F8F2
:108FB000C418D4F87438C4F874181B1A002BB8BF3E
:108FC0005B42B3F57A7FBCBF032384F848384FF483
:108FD000FA7040F60A720123C4F87808A4F87C28D5
:108FE00084F87E38A9E6B4F844391BB9B4F8A83837
:108FF000A4F84439B4F89C389FED9A6ADFED9A5A88
:109000003A7806EE903AB4F8A03807EE103AB4F881
:109010009E3807EE903AF8EEE66AB8EEC77AF8EEB8
:10902000E77A924B66EE866A27EE067A67EEA57AB5
:10903000C3ED006A83ED027AC3ED017AD30740F1F4
:109040002581B4F85438B4F8B2289A4207D994F874
:109050008028052184F84918002A40F04481B4F89A
:109060009828B4F89A18C4F854199A4200F28980E2
:10907000134694F8BC18A4F85829012900F0278158
:10908000022900F01681B4F89628B4F8C218D4F872
:109090004C68D4F8500807EE902A17EE905A6422D4
:1090A00002FB016102FB05F5A942B8BF2946C4F8DD
:1090B000C418B4F8B82806EE902AB4F8BA28B8EE66
:1090C000E67AF8EE676A9A1A76EEC76A07EE102A11
:1090D000B8EEC77AF8EEE77A86EE876A5E4A02252E
:1090E00084F8485807EE103AB8EEC77AA2EC016A45
:1090F000E6EE477AC2ED007A5BE7337813F00103BE
:109100007FF4AEADC4F84C38A4F8563815E6012308
:1091100084F891380023E7E4554AD4F8B83212684D
:10912000D31AB3F57A7FFFF4E8ABD4F8B432C4F8BD
:10913000B822002B00F0F880012B40F20E810320B2
:10914000FCF70AFDFFF7D9BB012384F848380EF07D
:10915000B5FB0EF015FB25E494F89038002B7FF456
:1091600019AE94F8913883F00103BDE4B4F89A087D
:10917000404902FB00F2A1FB02129209C4F85429F3
:10918000D7E6053B1E2BB8BF1E239AB271E794F8B1
:10919000FA32002B3FF41CAE94F8C032002B7FF45F
:1091A00035AED4F8B4320E2B3FF6A7ABDFE813F0A0
:1091B00031014E01400162015D01580153019E01E0
:1091C000960184017C01BE01B001C701670194F8DA
:1091D000BD32294AD4F81C0303EB430302EB83039B
:1091E00093F8A53002EB8302D16D1AF037FF04200B
:1091F000FCF7B2FCFFF781BB204B1B68D9037FF55E
:109200007CAB94F8C232002B00F0B4801C4B1D4A9A
:1092100001930921052301A88DF80C300292FDF776
:10922000FBF80023C4F8B432FFF767BB3B789B0719
:1092300005D594F8FD82B8F1020F00F0C9800F4BFC
:109240001B68D8037FF559AB0223C4F8B432FFF78B
:1092500054BB64227FE600BF8C9100200000C8420E
:10926000000000000AD7A339CDCCCC3D7891002076
:109270008C1900201F85EB51D0D5040818870020D9
:10928000B56206010300013564235AE64FF0007011
:1092900018F02CF807200FF077F8D2E64FF00070A6
:1092A00018F024F807200FF06FF8072384F84838E7
:1092B000E7E5B4F89628D4F85008B4F8C21807EED9
:1092C000902A642202FB0101C4F8C418F1E6B4F844
:1092D0009628D4F85008642101FB02F107EE902A89
:1092E000C4F8C418E5E64FF0007017F0FFFF072040
:1092F0000FF04AF8B4F85438B1E694F8BD32B24AE7
:10930000D4F81C0303EB430302EB830393F8A5306B
:1093100002EB8302D16D1AF0A1FED4F8B43201330E
:10932000C4F8B432FFF7E9BAD4F81C034FF49651ED
:109330001AF094FED4F8B4320133C4F8B432FFF713
:10934000DCBAA249D4F81C031EF046FDD4F8B432AE
:109350000133C4F8B432FFF7D0BA9D49F2E79D4B10
:109360000190092101A88DF80C200293FDF754F813
:10937000FFF7C0BA984B974A4AE7D4F8B432072BA4
:1093800030D00B2B29D1002384F8C23284F8C032AC
:10939000FFF7B3BAD4F8B4320E2B3FF419AD013352
:1093A0000022C4F8B43284F8C022FFF7A6BA94F8B9
:1093B000BD3203EB430302EB8302D2F8A8101EF088
:1093C0000BFDD4F8B4320133C4F8B432FFF795BAC8
:1093D000FDF762F8C4F8B48231E70420FCF7BCFB67
:1093E000FFF78BBA0023A4F8C032FFF786BA013525
:1093F00052ED0D6A07EE105AF8EEE77AB8EE476ABA
:1094000077EEE67AA2F1340387EE867A77EE267A53
:1094100089E494F8FD02B0FA80F00123400984F851
:10942000C13284F8C232FDF737F894F8C032EDE467
:10943000694B6A4A01930023092101A88DF80C3079
:109440000292FCF7E9FF94F8C032DFE4624B01932B
:10945000634A0023F0E7604B0193624A0023EBE785
:109460005D4B0193604A0023E6E75B4B01935F4A43
:109470000023E1E7584B01935D4A0023DCE794F8B1
:10948000F932052B04D094F8FC32002B00F09380C5
:10949000584B01930621002301A8ADF80830FCF7D2
:1094A000BBFF94F8C032B1E494F8C13263B10B232E
:1094B000C4F8B432FFF721BA94F8C1324BB10A2391
:1094C000C4F8B432FFF719BA434B01934A4A012357
:1094D000B2E7414B0193494A0123ADE794F8C13209
:1094E00063B10923C4F8B432FFF707BA94F8C13264
:1094F0004BB1394B0193424A01239DE7364B01930F
:10950000404A012398E7344B01933F4A012393E7F4
:109510003E4B3F4A01930C214FF0011301A80393E6
:109520000292FCF779FF94F8C0326FE494F8C232EB
:10953000002B46D0284B374A019305237CE794F84B
:10954000F9320222052B8DF80A203FF445AC94F83D
:10955000002340F20331ADF80A1012B107228DF852
:109560000B200322013BADF80C20032B3FF63EAC51
:10957000DFE803F00A19110200224FF48C53ADF812
:109580001020ADF80E3036E448220123ADF80E204D
:10959000ADF810302FE44FF400720223ADF80E2026
:1095A000ADF8103027E44FF428420423ADF80E2024
:1095B000ADF810301FE40520FCF7CEFA94F8C03265
:1095C00024E4054B034AB7E7D0D50408CC230508AB
:1095D000AC23050803000130B56206010300F00367
:1095E0000300F0050300F0040300F0020300F000A4
:1095F0000300F001B562063E0300011203000103FF
:10960000030001070300010203000106B56206081A
:109610000600C800030001352DE9F041DFF88C8019
:109620001D4C98F80060F20782B012D594F8FE3213
:109630007BB11A4DD5E900731949AA680968C4F8C5
:109640000C230022C4E9C173C4E9C42102B0BDE8FF
:10965000F081B307EDD5114D2B7D042BEAD92F688E
:109660009FED100A6B68C4F8F03207EE907AF8EEBE
:10967000E77A0193F0EEE77A27EE800AC4F8EC72FD
:1096800027F018FB084A019B82ED000A46F001060C
:1096900088F80060D0E700BF30880020B06000206C
:1096A0008C19002050E0EF30F0030020B48300203C
:1096B0000C4D08B50446D5F81C0317F001FB2046F5
:1096C00017F0FEFAD5F81C0301798B0703D5064A7B
:1096D0002146F1F7DBFA41F002011EF043FBD5F819
:1096E0001C03F4E7308800203588010870B52C4C45
:1096F000002084B0C4E9A900C4F81006C4F8140618
:10970000C4F81806C4F81C0684F8200684F8BD02C4
:10971000C4F80C06FCF720FA224B94F8F8021B68F8
:10972000C4F8AC3202282FD0022017F0FFFA80B321
:10973000867994F8BD321C4D02E0CBB2042B2AD8B6
:1097400003EB430205EB8202591C92F8A520B242BA
:10975000F3D184F8BD3294F8BD2290F904000C23B3
:1097600003FB0252032192F8A520019105EB82052B
:109770000023EA6D009202931A46022117F033FB90
:10978000C4F81C0328B1012004B0BDE87040FCF708
:10979000E3B904B070BD002384F8BD32DBE700BF3D
:1097A000308800208C190020D0D5040807B501911D
:1097B00050B11EF069FB019908B10323C38003B0C7
:1097C0005DF804EB1EF0D0BB03B05DF804FB10B5F0
:1097D000012104460079FFF7E9FF20460021BDE89A
:1097E00010402DF02DBD10B5222104460079FFF761
:1097F000DDFF20462DF00CFD20460121BDE8104084
:109800002DF01EBD73B590F86738032B05460C4646
:109810002AD100231D4E8DF807309DF8073095F8AA
:1098200068289A4201D802B070BD9DF8073006EB57
:10983000C3031B797BB184F0010373B19DF807303A
:1098400056F833001EF0D8FB9DF807300133DBB229
:109850008DF80730E1E72346EFE79DF8073056F82B
:1098600033001EF0C3FBEFE7436C006C1B7ADB0791
:1098700048BF81F0010424B102B0BDE870401EF081
:10988000BBBB02B0BDE870401EF0B0BB4C60002016
:1098900010B510F8133CA0F66C041BBB94F85818D4
:1098A00089BBD4E909239A421CD05A1CA069A26240
:1098B000C35C20695B0043F40073A4F85C380A239E
:1098C00084F85A38012384F8583894F8673882426B
:1098D00028BF0A46012BA26201D0042B02D1606C82
:1098E000FFF775FF94F85438002B6FD194F8553872
:1098F0000133DBB2092B84F8553827D12046BDE867
:109900001040FCF78DB994F95A387BB1B4F85C1863
:109910004B08A4F85C3801F001012046FFF772FF04
:1099200094F85A38013B84F85A38DBE784F8583801
:10993000D4E909239A42D5D194F86738012B01D094
:10994000042BCFD1606CFFF74EFFCBE70A2B3DD144
:1099500094F857382BB9B4F85E3843F00103A4F8F3
:109960005E382379D9070AD5B4F85E08820501D498
:10997000C30718D4B4F864380133A4F8643801225A
:1099800084F8542894F857280023012A84F855387D
:109990001CD1617984F85738606C01F00101BDE891
:1099A0001040EFF745B8E36AC0F3470013B1216BED
:1099B0009847E4E7E3696269D054E369E1680133F9
:1099C000B3FBF1F201FB1233E361D8E710BD2DE9DF
:1099D000F04F844C94F820238DB0002A40F0EB80A7
:1099E00094F85A95B9F1000F00F0E5802F21484610
:1099F0001CF0C8F90646002800F0DD804379D0F855
:109A00000080A4F830331EF035FD0546002800F034
:109A1000D2804768002F00F0CE8038461EF0B6FE98
:109A2000714B411E24224A43991891F81CB0BBF196
:109A3000000F40F0C0801344A96801912F229A833F
:109A4000002800F0B8804046C4F834832DF01EFB97
:109A5000DFF8B0A15045C0F0B18040462DF016FBB4
:109A600000F1B77505F55855B5FBFAF5013DADB2F6
:109A700040462DF00BFB6B1C0322B0FBF3F05B4B5D
:109A8000B0FBF3F083B2C4F84003B3FBF2F35848E1
:109A9000A4F82C335A000023A4F82E23C4F838531A
:109AA000C4F84433C4F83C33F8F700F9002840F018
:109AB000828048461EF0E8F9C4F8980908B12F23BF
:109AC000C3804E21727A4B4D1EF02CFA4A4B9A6C91
:109AD00042F001029A649A6C02F001020492049A24
:109AE0009A6C42F002029A649B6CC4F89C798022C2
:109AF000C4F8AC294FF4007203F00203C4F8B02993
:109B00004FF400620393C4F8B4294FF40052039B4E
:109B1000C4F8BC29019B94F83023C4F8A039102361
:109B20000C2AC4F8A4394FF00003C4F8A839C4F8CB
:109B3000B8399BBF314B03EB42039846B3F8E08042
:109B400008F1080904EB89093846C9F83453A5F52A
:109B5000CD65C4F8C4591EF019FE2EF095FB3846A9
:109B60001EF014FE2649434660222EF071FBD9F800
:109B70003403F9F711FFF0B960230A900593337AA3
:109B80000B905A0002F00202DB00079203F0080378
:109B900006900990B4F83023089305A92846EEF7FB
:109BA00029FD40B9337AB4F830139B07284607D50E
:109BB000F7F7F8FE40B10DB0BDE8F08F5D4657E70E
:109BC000F8F736F80028F6D1002305A80593FCF72E
:109BD00043F864210220FCF7E6FC012384F82033DB
:109BE000E9E700BF308800206401002000350C0048
:109BF000648B0020CC91002000100240D0D50408D6
:109C0000AB460408006CDC022DE9F04FC64C94F81A
:109C100020338DB023B194F8213303F0FF062BB12C
:109C2000012384F823330DB0BDE8F08F94F8FC399C
:109C300005460C20002B42D00EF0E6F9002840F03B
:109C4000B881FFF7C4FEE67801218E4284F8FC1942
:109C50003AD80A200EF0D8F9002800F09781B34ACC
:109C6000B34B1268A67AA3FB02131B09FA2101FB6E
:109C700013237D2B28BF0026AE4F3B7CB34203D17C
:109C8000D4F8283A9D42CED3AB4800EB8600FBF7D0
:109C9000E3FFE17AA078FCF786FC07EE905A9FED8F
:109CA000A77A3E74F8EE677A77EE877AFCEEE77A69
:109CB00017EE903AC4F8283A0DB0BDE8F08F0EF0D8
:109CC000A3F90028ACD1BCE7023E8E42ABD80023FA
:109CD000B4F858C59A4EDFF88882DFF888E2DFF8DA
:109CE00088921F464CFA03F2D2070ED456F823206E
:109CF000AA1A02EB0800704501FA03FA05D94A4591
:109D000088BF46F8235047EA0A0701330A2BE9D1F6
:109D1000002F85D0267D002E00F0E98094F8933145
:109D2000884DDFF848922D880195403309EB830573
:109D300039F82330844994F891C10593EB7894F86D
:109D400090210493AB780878039394F89B110697BD
:109D50000CF1400309EB8303403209F5B47500F0C0
:109D6000010009EB8202079304EB810305EB860BEC
:109D7000029008924E464FF4B4789A463768C7F37B
:109D800003230836042B1ED8DFE813F02300050058
:109D9000F500F2007500019900230422114207D159
:109DA0000133042B0FD0694A32F82320002AF5D161
:109DB000C7F30560002240FA02F1C90700F14581AE
:109DC0000132062AF7D1DDE9041C039A4FF4B4707E
:109DD00066E0C7F3035303F1400209EB8201F80484
:109DE00039F822C08A78C97840F12A81DAED897A77
:109DF000FDEEE77A40F2DB5717EE900AB84200F327
:109E0000E58003F10F0707F00F07403709EB8703E1
:109E100039F8277093F802E0DB7809930A97ACEBE6
:109E20000703099FA0F57A70C91BA2EB0E0200FB85
:109E300003F300FB02F200FB01F13D48074680FB03
:109E400003C087FB027C3A4FDB17C3EB601387FB31
:109E50000170C917C1EB60110A9F0998D217C2EBB4
:109E60006C1201443B4472441FFA83FCD2B2C9B263
:109E70004FF4B47027E007F02BF800B200EB80003D
:109E8000334BC0EB00104000A3FB003040091E38EC
:109E900020EAE0704FF0000C00F5B4706246FF213C
:109EA000FB0410D5DAED897A214BFDEEE77A17EE47
:109EB000907AA7F57A7708FB07F783FB07E3FF178C
:109EC000C7EBA3173844234BAA70844483FB0C30A0
:109ED00060444FEAEC77C7EB202708FB17CCE9700A
:109EE000A5F800C00435AB457FF448AF069F1A4E75
:109EF0001A4BDFF84C9000254FF0010801E056F8AE
:109F0000043F08FA05F23A4214BF0120002009EB91
:109F10008501013598470A2DF1D1E17AA0780DB07D
:109F2000BDE8F04FFCF73FBB308800208C190020C3
:109F3000D34D62100C060020D0D5040800247449CB
:109F4000309200202684002024840020F4D60408C7
:109F50001F85EB51B7600BB6CCD60408156201081B
:109F60003F4B4C003E4B4C009F8601006888002010
:109F70000EF018FF81E7029B002B64D0079B9A78B4
:109F8000D978B3F800C04FF4B47089E794F87B3205
:109F9000002B7FF464AE012E6DD026792378002B40
:109FA0003FF46AAE94F8A032002B3FF465AEA67A77
:109FB00062E63E4B3E4884F8FC69FF221A74FBF7C8
:109FC0004BFEE17AA078FCF7EEFA29E6113303F0B4
:109FD0000F03403309EB830E39F823309EF80270EB
:109FE0009EF803E0A0F2DC50A3EB0C0300FB03F3AC
:109FF000BF1A09932F4BAEEB010E00FB07F700FBD6
:10A000000EF083FB073EFF172A4B0A9783FB007372
:10A010000A9F0B93C7EB6E130A93099F254B83FB93
:10A02000073E0B9BFF17C017C0EB6310C7EB6E1307
:10A030000A9F01443A449C44D2B2C9B21FFA8CFC34
:10A040004FF4B4703FE7089B99E7194901EB83038C
:10A050004FF4B47093F8263103EB430304EB43034E
:10A060001A4492F87821403209EB820339F822C071
:10A07000D9789A7814E7637A23B10F4B1E7816F0DB
:10A0800001068BD00D4AE188237A10680C4EB0FB94
:10A09000F1F201FB03F301FB1202A6FB0313B2EB87
:10A0A000531F667928BF002678E700BF0C06002002
:10A0B000D0D50408D34D6210248400208C190020D0
:10A0C0001F85EB5138B5134BD3F82C2A824214DA92
:10A0D00093F8304A022C0DD0032C054604D0012CF5
:10A0E0000ED00224204638BDD3F8383A1B690BB194
:10A0F0008342F6DD0124204638BD0024204638BDC9
:10A100007F28EEDC2BF03CFD8542F3DD20462BF072
:10A11000AFFCE7E73088002070B51C4C94F8303A6B
:10A12000022B14D0032B2CD0012B27D00020D4F8E5
:10A130002C3A94F83C2A1344B3F5807FA8BF4FF41F
:10A1400080738342A8BF0346C4F82C3A70BD002335
:10A150000F4E104D1A4602F5B17106EB01111001B8
:10A16000C979C90702F1010204D4415D012998BFF0
:10A1700003F500730B2AEED11846D8E72BF000FD4B
:10A18000D5E7D4F8380A1DF0F9FDD0E73088002073
:10A1900040680020667E00200B4A92F8303A012B7E
:10A1A00008D0022B04D1094A41F2E573D05C704714
:10A1B00000207047D2F8400AD2F8443A984234BF9F
:10A1C00000200120704700BF308800204068002038
:10A1D0000D4B93F8300A022805D003280DD0012832
:10A1E00009D000207047094A41F2CC63D358002BB4
:10A1F00007DDF2F7EDBF2BF03BBCD3F8380A1DF0BA
:10A20000B5BD0120704700BF3088002040680020A5
:10A2100070B5474CD4F8483A94F8302A0833012AEC
:10A2200082B0C4F8483A18D0022A054640D0D4F883
:10A23000380A1DF0A3FD3F4AD4F8483A1278023399
:10A240003C2AC4F8483A4AD0002852D1D4F8543AAB
:10A250000133C4F8543A02B070BD2BF03BFC364BCE
:10A26000D4F84C1A186801F1640383421ED2D4F862
:10A27000482A304B314E1D7802EB82035B00411AB5
:10A2800005333C2DB3FBF1F3A6FB03234FEAD302C6
:10A29000C3F3CF0341D0B4F8502A9A4238BFA4F890
:10A2A000503A0023C4F84C0AC4F8483A02B070BDD2
:10A2B000D4F8C8028DF8075090F91A20531C1ED00C
:10A2C000436840F2FF11C3F308038B4217D003EB3E
:10A2D00042231B4A9D54436801334360BFE7194A38
:10A2E000D06030B9D4F8543A0133C4F8543A93608A
:10A2F000DCE7D4F8380A29461DF06AFDAFE7037E93
:10A3000013F0060FABD090F82830002BA7D1012214
:10A310000DF10701F3F7B2FEA1E7B4F8505A09496D
:10A3200092B29D420A60BCD2A4F8503A4A60B8E7A3
:10A33000308800208C6000208C190020CDCCCCCC43
:10A34000586800209060002038B5194C94F8303AD5
:10A35000012B05460ED0022B16D00078044638B1EA
:10A360002C46FFF755FF14F8010F0028F9D1641BA4
:10A37000204638BD2FF0B6F8044621462846002274
:10A380002BF0CCFB204638BD2FF0ACF8D4F8C83207
:10A390001A7E12F0060F0446EAD093F82820002A0D
:10A3A000E6D1294618462246F3F768FE204638BD16
:10A3B000308800202DE9F04100F11002074600240A
:10A3C00052F8043DA40003F10801E4B22BB10F29B7
:10A3D00003F1800341D844F001049742F0D12046B4
:10A3E000FFF716FF00252E46A84604F00303022BB4
:10A3F00024D0032B14D0012B09D00135042D4FEAB2
:10A400009404F2D1B8F1000F48D1BDE8F081B8F161
:10A41000000F39D157F8256036019846F6B2ECE7BF
:10A4200057F82500B8F1000F1ED1C0F30720FFF741
:10A43000EFFE17F82500FFF7EBFEDEE7B8F1000F9F
:10A44000F7D057F82500C0F303103043FFF7E0FEC4
:10A4500057F825603601F6B2CFE7FF2B94BF44F0E2
:10A46000020444F00304B8E7C0F303303043FFF7BD
:10A47000CFFE57F82500C0F30710FFF7C9FE57F8C5
:10A4800025603601F6B2B8E757F8250000F00F0056
:10A490003043FFF7BDFE4FF00008AEE73046BDE8A1
:10A4A000F041B5E670B5021F044600F10806002031
:10A4B00052F8043F03F120013F2903F1080503F19D
:10A4C00002033DD80F2D1BD8032B02D90128B8BF9A
:10A4D0000120B242ECD1022824D0012812D12068F8
:10A4E00000F00F0040F04000FFF792FED4E9013089
:10A4F00000F00F0040EA0310BDE87040C0B287E6EC
:10A500000220E6E7D4E90030A2681B01800000F0D9
:10A510000C0003F03003034302F00300BDE8704079
:10A52000184375E6206800F03F0040F08000FFF718
:10A530006FFE2079FFF76CFE207ABDE8704067E679
:10A5400004F10C02002552F8043D03F18001FF29BB
:10A5500003F500404FEA850506D9B0F5803F03F5C5
:10A5600000031BD245F00105A242ECD165F03F008B
:10A57000C0B2FFF74DFE002605F00303022B14F8CE
:10A58000260013D0032B29D0012B1ED0FFF740FE4D
:10A590000136032E4FEAA505EED170BDB3F1807FE1
:10A5A00034BF45F0020545F00305DDE7FFF730FE57
:10A5B00054F82600C0F30720FFF72AFE54F82600BF
:10A5C000C0F30740FFF724FEE2E7FFF721FE54F84F
:10A5D0002600C0F30720FFF71BFED9E7FFF718FEA0
:10A5E00054F82600C0F30720FFF712FE54F82600A7
:10A5F000C0F30740FFF70CFE54F82600000EC5E735
:10A60000084605E67F2810B5044607D964F07F00A8
:10A61000C0B2E409FFF7FCFD7F2CF7D8E0B2BDE83B
:10A620001040F5E569B138B5841E04EB410534F9F5
:10A63000023FD81780EA4300FFF7E4FFA542F6D1B6
:10A6400038BD704738B5044600EB810554F8043B2B
:10A65000D81780EA4300FFF7D5FFA542F6D138BDF1
:10A66000C31783EA4000CDE7F8B50F4BD3F8585A2B
:10A67000D3F85C4AD3F8606AA9B1831E00EB4101AC
:10A6800067181E4404441D4434F9022B36F9023F76
:10A6900035F9020F134403EBD373A0EB6300FFF70C
:10A6A000DFFFA742F0D1F8BD3088002038B51C4D3F
:10A6B00004464720FFF7ACFDD5F8643A9B0028D448
:10A6C000184C207DFFF79EFFD5F8683A2068C01A25
:10A6D000FFF7C6FFD5F86C3A6068C01AFFF7C0FFF5
:10A6E000114AA368D81782FB0323C0EBA300FFF72E
:10A6F00089FFE089FFF786FF208AFFF783FFD4E90F
:10A700000023217D85F8781AC5F8702AC5F8743AB7
:10A7100038BDD5F85C3A1868201AFFF773FFCFE709
:10A7200030880020B06000206766666610B50D4C6A
:10A7300084B05320FFF76CFDD4F87C0AFFF762FF6A
:10A7400094F8800AFFF75EFF94F8822A94F8833A1F
:10A7500094F8811A019101A8CDE90223FFF7A2FE26
:10A7600004B010BD308800200EB430B584B007AC02
:10A77000054654F8042B01924820FFF749FD20209C
:10A78000FFF746FD2846FFF7DFFD3A20FFF740FDC3
:10A79000019A0B4903942346002022F0A5FB0446AE
:10A7A0000A20FFF735FD074AD2F82C3A03341C1B68
:10A7B000C2F82C4A04B0BDE8304003B0704700BF77
:10A7C00001A60108308800201E49B1F8322A002372
:10A7D00030B4C1F8843A8AB3B2F5FA5FA8BF4FF437
:10A7E000FA524FF47A7404FB02F4174BC1F8882A2A
:10A7F0009B885D01B5FBF4F0402816D99001C1F8A3
:10A800008C0A91F8304A003C18BF012403EB830303
:10A8100081F8984AB3FBF2F230BC5B00C1F8902A91
:10A82000B3FBF0F3C1F8943A7047A54227BF5043F9
:10A83000C1F88C0AC1F88C2A1046E2E74FF47A740A
:10A840000122D2E730880020044000202DE9F04F9B
:10A850002B4C2DED028BD4F8842AD4F8883AB2FB25
:10A86000F3F593B003FB15250190002D50D0254B37
:10A870001B681A0603D5D4F8343ADB0409D494F8DB
:10A88000303A012B00F0558213B0BDEC028BBDE8CD
:10A89000F08FD4F88C2AD4F8841AB1FBF2F302FBBF
:10A8A0001313B3EB520FEAD1D4F8EC22D4F8683A80
:10A8B0009A4240F0C584D4F8F022D4F86C3A124998
:10A8C0009A4240F0BE84D4F8942A8B6E934280F072
:10A8D000B8840E4A94F8780A157D013385428B6658
:10A8E00009D11168D4F8703A994204D15268D4F869
:10A8F000743A9A42C3D00198FFF7D8FEBFE700BF71
:10A90000308800201860002028990020B0600020C6
:10A91000D4F89C6AD4F8A03AB34240F03E82D4F80E
:10A92000A45AD4F8A86AB54212D094F8983AC4F858
:10A93000A85A0A3B012B0BD84520FFF769FC1E20C3
:10A94000FFF766FC2846FFF75DFE3046FFF75AFE2C
:10A9500094F8AD5A94F8143CAB4240F00C82D84ABB
:10A9600094F8153C9578AB4240F03B8208F0C6FC69
:10A9700094F8163C9842054640F02182D4F8183CE1
:10A98000D4F8902A934280F0DC81CE4AD4F8A41AFD
:10A99000D4F87C5A127894F86D0294F89C628DF881
:10A9A0002C20A94294F81C2C8DF82E008DF82F2015
:10A9B0000A91C54A8DF82D600AA800F0958303C856
:10A9C00082E80300FFF7B2FE0023C4F8183CD4F875
:10A9D000585A019BDFF82C832F4605F10C0647F8E7
:10A9E000043B07970597B8EC010A2FF07FFC27F886
:10A9F000020BBE42F7D105F11403DFF80C83069673
:10AA0000039337469946B8EC010A2FF06FFC27F8FC
:10AA1000020BB945F7D1AD4F9FEDAD8A97ED010A15
:10AA200020EE080A2FF062FC97ED020AA88220EEC1
:10AA3000080A2FF05BFC97ED030AE88220EE080A73
:10AA40002FF054FC97ED040A288320EE080A2FF01B
:10AA50004DFC05F11C030493984605F1280307F506
:10AA6000BE7768830893994697ED220A20EE080A7C
:10AA70002FF03CFC97ED230A48F8040B20EE080A5F
:10AA80002FF034FC97ED240AC8F8080020EE080ADD
:10AA90002FF02CFC97ED250AC8F8140020EE080AC8
:10AAA0002FF024FCC14507F12407C8F82000DBD1B2
:10AAB00005F14C03DFF854B2DFF85492DFF854A2EA
:10AAC000DFF8548209931F463BF9023B27F8023B0B
:10AAD00099ED030A2FF00AFC99ED000A78812FF016
:10AAE00005FCBAEC010AB8802FF000FCB8EC010AB2
:10AAF00038822FF0FBFB774BF8825B4509F10409A4
:10AB0000E2D10DF019F9E8660DF00CF9A5F8700026
:10AB100006F01AFA704B9FED718A93ED000A704AA5
:10AB2000704B52885B68A5F87220B4EEC80AF1EE4B
:10AB300010FAB8BFB0EE480AA5F87430A5F8760050
:10AB40002FF0D4FB684BA5F8780093ED000AB4EE23
:10AB5000C80AF1EE10FAB8BFB0EE480A2FF0C6FBF3
:10AB6000624BA5F87A001B78029393B1029BDFF841
:10AB7000ACA19FED578A05F17C0808EB4307BAECBE
:10AB8000010A20EE080A2FF0B1FB28F8020B474516
:10AB9000F5D194F818AFBAF1000F0DD005F1840883
:10ABA000DFF87CB108EB4A07BBEC010A2FF09EFBF3
:10ABB00028F8020B4745F7D105F1940B4C4A5F4644
:10ABC0005B4605F1B40852F8041F43F8041B98458E
:10ABD000F9D1D4F8841AD4F88C2AB1FBF2F302FB31
:10ABE0001313002B40F00F814920FFF711FBD4F81D
:10ABF000840AFFF707FD2868FFF704FDD4F8643ADC
:10AC00009F0700F11183580700F10783190700F12E
:10AC1000FD82DA0600F1E5829F0600F1DB825E0626
:10AC200000F1D082180600F1C582D90500F1BA8280
:10AC30009A0500F1AF825F0500F1A2821E0500F1C6
:10AC40009882D80400F18982990400F17F825A0425
:10AC500000F175821B0400F16D82D4F8343A5F0470
:10AC600000F152821E040DD5BAF1000F0AD08435CE
:10AC700005EB4A0A35F9020BA0F2DC50FFF7F0FCB5
:10AC80005545F7D1D4F8643AD80000F1D482D4F80D
:10AC9000580A184E184B194A1949C4F85C0A851B02
:10ACA000AD1003FB05F3013382FB0352A2EBE37209
:10ACB00002EB42029B1AB42202FB0363012231E041
:10ACC00090640020B4830020AC92002050940020B7
:10ACD00000007A446A640020008700200000000021
:10ACE000DC830020188400204497002000400020CE
:10ACF0008C60002070970020A54FFAA4565555553A
:10AD000028990020E48300200C6500206464002062
:10AD10002840002070840020389700207C600020AC
:10AD20004C970020C4F8600AC4F8583A81F86420AF
:10AD30009DE500202AF09CFE13B0BDEC028BBDE81F
:10AD4000F08FC44BD4F8A40A1B7894F89C1294F8A2
:10AD50006D2284F8803A94F81C3C84F8833AC4F855
:10AD60007C0A84F8811A84F8822AFFF7DFFC00232A
:10AD7000C4F8183C2BE694F8983A84F8145C0A3B23
:10AD8000012B3FF6ECAD4520FFF742FA3220FFF7EA
:10AD90003FFA2846FFF736FCE1E594F8983AC4F804
:10ADA000A06A0A3B012B3FF6BAAD4520FFF730FA07
:10ADB0002846FFF72DFA3046FFF724FCAFE594F85C
:10ADC000983A84F8160C0A3B012B3FF6D7AD452084
:10ADD000FFF71EFA3420FFF71BFA2846FFF712FC94
:10ADE000CCE594F8983A84F8155C0A3B012B3FF6C1
:10ADF000BDAD4520FFF70CFA3320FFF709FA2846CE
:10AE0000FFF700FCB2E55020D4F85C9AFFF700FA97
:10AE1000D4F8581AD4F8602AD4F85C3A0968126851
:10AE200018680A44A2EB4000FFF71AFCD4F8640A41
:10AE3000810713D50AA8DDF814C0014609F1040200
:10AE40003CF9023B32F902EB6645A3EB0E0341F8F5
:10AE5000043BF5D1FFF7AEFAD4F8640A420714D5E3
:10AE60000AA8069EDDF80CE0014609F10C0236F94D
:10AE7000023B32F902CBB645A3EB0C0341F8043B8D
:10AE8000F5D1FFF797FAD4F8640A030714D50AA896
:10AE9000039BDDF810E0064609F1140133F9022B9B
:10AEA00031F902CB9E45A2EB0C0246F8042BF5D1FA
:10AEB000FFF780FAD4F8640AC60649D5D9F81C20F1
:10AEC000EB699B1A0A93D9F820202B6A9B1A0B93E3
:10AED000D9F824206B6A0AA89B1A0C93FFF7E2FAB0
:10AEE000D9F82820AB6A9B1A0A93D9F82C20EB6A70
:10AEF0009B1A0B93D9F830202B6B0AA89B1A0C9342
:10AF0000FFF7D0FAD9F834206B6B9B1A0A93D9F863
:10AF10003820AB6B9B1A0B93D9F83C20EB6B0AA83B
:10AF20009B1A0C93FFF7BEFAD9F840202B6C9B1AA2
:10AF30000A93D9F844206B6C9B1A0B93AB6CD9F82D
:10AF400048200AA89B1A0C93FFF7ACFAD4F8640ABD
:10AF5000810616D5B9F94C20B5F94C309B1A0A93E5
:10AF6000B9F94E20B5F94E309B1A0B93B5F9503014
:10AF7000B9F950200AA89B1A0C93FFF793FAD4F85A
:10AF8000640A420600F1CF80030600F1C580C605C1
:10AF900000F1B38010F4007C66D1410500F193818B
:10AFA00002050CD5B5F87630B9F876209B1AD8177B
:10AFB00080EA43000A93FFF725FBD4F8640AC10432
:10AFC00000F1BF81820400F1B281430400F19D8150
:10AFD000060400F18A81D4F8343A5D0400F17E81E0
:10AFE000180400F17681D4F8643AD90010D509F13B
:10AFF000940909AA57F8043B59F8041B4745A3EBE9
:10B00000010342F8043FF5D108210AA8FFF71AFB13
:10B01000D4F8580A104D114B114A411B891003FBFB
:10B0200001F3013382FB0312A2EBE37202EB420253
:10B030009B1AB42202FB03530A49D4F85C2AC4F8D1
:10B04000583A0123C4F85C0AC4F8602A81F86430D5
:10B050000DE400BFB483002070970020A54FFAA430
:10B060005655555528990020B9F96420B5F9643032
:10B070009B1A0A93B9F96620B5F966309B1A0B93AF
:10B08000B5F96830B9F968209B1A0C93430500F1B3
:10B09000F080060540F15F81B5F87630B9F876208A
:10B0A0009B1A0D930321042601310AAA02EB810B9E
:10B0B00000205BF8043D4000C0B20BB140F001003D
:10B0C0009345F6D1FFF7A4F80BEB860602E05E4548
:10B0D00000F0FC805BF8043B002BF8D0D81780EA26
:10B0E0004300FFF78FFAF2E7456851688D427FF41D
:10B0F00066AC0133C4F8183C69E45E200321FFF715
:10B10000B3FAD4F8640A45E7029905F17C00FFF729
:10B1100089FAD4F8343AA5E558200321FFF7A4FAB8
:10B12000D4F8640A33E752200321FFF79DFAD4F8DC
:10B13000640A29E7B5F87A00FFF764FA8DE5B5F8F7
:10B140007800FFF75FFAD4F8643A83E5B5F8740045
:10B15000FFF758FAD4F8643A79E5B5F87230B4F8E4
:10B160003C0FC01AC0F30D00FFF74CFAD4F8643A54
:10B170006AE5B5F87600FFF745FAD4F8643A60E579
:10B18000E86EFFF76DFAB5F97000FFF769FAD4F8C9
:10B19000643A53E5032105F16400FFF743FAD4F85C
:10B1A000643A48E5032105F15E00FFF73BFAD4F865
:10B1B000643A3DE5032105F15800FFF733FAD4F86E
:10B1C000643A32E5032105F15200FFF72BFAD4F877
:10B1D000643A27E509980321FFF724FAD4F8643A82
:10B1E0001DE504980321FFF72DFA08980321FFF7C6
:10B1F00029FA032105F13400FFF724FA032105F1B0
:10B200004000FFF71FFAD4F8643A05E503980421DB
:10B21000FFF708FAD4F8643AFBE430460421FFF75C
:10B2200001FAD4F8643AF1E407980421FFF7FAF937
:10B23000D4F8643AE7E458460821FFF703FA26E514
:10B240004649002348208B66FEF7E2FFD4F8EC0263
:10B25000FFF706FAD4F8F002FFF702FAD4E9BB23AD
:10B260000198C4F8682AC4F86C3AFFF71FFAFFF790
:10B2700006BB052604214FF0030CEB6E039312ABC3
:10B28000D9F86C20B5F970B0B9F970E003EB8C0C0B
:10B29000039B9B1A4CF8203C12AB03EB8103ABEBF6
:10B2A0000E02000543F8202C7FF5FEAEB9F87610AB
:10B2B000B5F8763012AA02EB86025B1A42F8203CFF
:10B2C00031460136F0E602260121D6E7D4F8640AB9
:10B2D00075E651468420FFF7C7F984E602997C2081
:10B2E000FFF7C2F9D4F8343A7AE6D4F85C3AD4F8E5
:10B2F000602AB3F87A30B2F87A20B5F87A001344AD
:10B30000A0EB5300FFF7ACF965E6D4F85C3AD4F84B
:10B31000602AB3F87830B2F87820B5F87800134492
:10B32000A0EB5300FFF79CF9D4F8640A50E6B5F897
:10B330007400B9F87430C01AFFF792F9D4F8640AAF
:10B3400043E6B5F87200B9F87230C01AFFF788F911
:10B35000D4F8640A36E602210326A5E628990020DF
:10B360002DE9F04F5B4D2C6F0E1E85B0984691462F
:10B3700014BF06230423621CDDE90EA7039365D0E6
:10B38000A24542DDA8EB09030293109B524EDB1B42
:10B3900001934FB1019B03FB04F20123B95CD6F882
:10B3A000642A8B4013422BD0029AEB6E02FB04F40A
:10B3B00009EB0408002B33D159F804002EF092F861
:10B3C00000F1050B5846FEF77DFE80BBD6F82C0A2F
:10B3D00095F87420A0EB0B00C6F82C0A002A31D196
:10B3E000012385F87430EB6E2BBB59F80400FEF78F
:10B3F000ABFF98F904104B1C02D03848FBF774FAE5
:10B400002C6F013454452C67C3DBA2454DD0E86E48
:10B41000039B834294BF0020012005B0BDE8F08F5C
:10B420004FF0030B5846FEF74DFE0028CED001200A
:10B4300005B0BDE8F08F9844294898F80410FBF750
:10B4400053FADDE72C20FEF7E3FECCE7EB6E039A20
:10B45000934203D3002005B0BDE8F08F214A02EBF0
:10B4600083038346D3F834012EF03CF80B30FEF70B
:10B4700029FE1C4A04460028D9D1E96E1A4802EB7D
:10B480008102032994BF59463146D2F83421FBF793
:10B490002BFA11492A6FD1F82C3A85F87440181A02
:10B4A000541CC1F82C0A2C676AE70120FEF70AFE3B
:10B4B0000028ACD1084AD2F82C3A0A20013BC2F845
:10B4C0002C3AFEF7A5FEE86E4FF0FF330130C5E9D8
:10B4D0001B039DE72899002030880020F4230508ED
:10B4E000FC230508D0D50408E42305081D2824D82A
:10B4F000DFE810F02500ED00E700E100DB00D500FB
:10B50000CF00C900BD00B100A5009A0095008B00D6
:10B5100086007C00770072006D0063005D005700BC
:10B5200051004B0045003F001E0035002F00270052
:10B530006A4B93F8182F062A16D80020704701206E
:10B540007047664BD3F8880A012894BF0020012079
:10B550007047634B1878003818BF012070475F4B65
:10B5600093F8182F072AE8D9D3F8340AC0F3C0306B
:10B5700070475A4B93F8182F052ADED9F4E7574B3A
:10B5800093F8182F042AD8D9EEE7544B93F8182FC4
:10B59000032AD2D9E8E7514B93F8182F022ACCD9C5
:10B5A000E2E74E4B93F8182F012ADDD8C5E74B4B45
:10B5B00093F8180F0028C3D0D6E74A4B1B78032B0B
:10B5C000BBD9464BD3F8340AC0F380307047454BA3
:10B5D0001B78022BB1D9F4E7424B1B78012BF0D832
:10B5E000ABE7404B18780028AAD0EAE73D4B1B7820
:10B5F000012BA2D9394BD3F8340AC0F3403070473D
:10B60000384B187800289BD0F4E7374B987A0028FD
:10B6100096D0324BD3F8340AC0F380207047324BB7
:10B62000587A00288CD0F4E7304B93F87500002846
:10B6300086D02A4BD3F8340AC0F3C02070472C4B75
:10B64000186810F004003FF47BAF244BD3F8340AA1
:10B65000C0F340207047264B186810F008003FF4F4
:10B660006FAF1E4BD3F8340AC0F300207047204B55
:10B67000186810F002003FF463AF184BD3F8340A97
:10B68000C0F3C0107047154BD3F8340AC0F38010D4
:10B690007047124BD3F8340AC0F3401070470F4B79
:10B6A000D3F8340AC0F3001070470C4BD3F8340AB7
:10B6B000C0F3C0007047094BD3F8340AC0F38000D0
:10B6C0007047064BD3F8340AC0F340007047034B71
:10B6D000D3F8340A00F00100704700BF3088002022
:10B6E0008C60002000400020F88300202899002072
:10B6F000D08000200D4B93F8300A40B193F8313AD6
:10B70000012B05D0022B0BD0032B06D00020704755
:10B71000074B187810F00100F9D011200CF074BC20
:10B72000034B187800F00100704700BF30880020FC
:10B730002484002030B402217D2530240023FA2205
:10B74000058304804FF4FA754B248182962105818C
:10B75000858304844484438030BC43818381C381D6
:10B76000038243828375C37780F8263043858385BF
:10B770008280C280428301858184704710B5102287
:10B780000446002131F0C2F80A2323800023A3815C
:10B79000E381A380E3802381638110BD83788B42A2
:10B7A00007D9054B33F8113000EE103AB8EE400AD5
:10B7B00070479FED020A704738AC0020000000007F
:10B7C000034B187E10B100221A760120704700BF8B
:10B7D00038AC0020072907D8054B03EB810191ED18
:10B7E000070AB8EE400A70479FED020A704700BF93
:10B7F00038AC002000000000194B93F83C206AB3DD
:10B8000093F840200021A82A83F83C1026D193F811
:10B8100053201ABB10B4DFED136A03F1400203F1A9
:10B82000180003F13801B4EE047AD478137903EBED
:10B83000042307EE903AF8EEE77AB0EE666AA7EED8
:10B84000876A0232FCEEC67A17EE903A40F8043F5F
:10B850008142EAD101205DF8044B70470020704717
:10B8600038AC00200080BBC3044B03EB4101B1F8AE
:10B87000583000EE103ABBEEEE0A704738AC0020AC
:10B880002C4A92F87C304BB3F0B492F87D40B2F879
:10B890007E50064602EB4400002190F8837090F839
:10B8A000843082F87C1043EA07239D4205D0084685
:10B8B000D2F8C8303362F0BC704792F88100032898
:10B8C0002CD081280CD00128F1D1122CA446A8BF7D
:10B8D0004FF0120C002CEBD00D460CE018467047D0
:10B8E000122CA4464FF00300A8BF4FF0120C002CFE
:10B8F000E1D002250320104BA3F1280404EB4C0CEB
:10B90000DF78197941EA072124F8021BA44503F1E5
:10B910000203F5D1002DCBD0F0BC7047122CA44609
:10B920004FF00100A8BF4FF0120C002CC0D00D4604
:10B930000120E0E738AC0020B8AC002083788B42CF
:10B940000ED983699FED087A33F811309FED070A0D
:10B950009B0807EE903AF8EEE77AA7EE870A704761
:10B960009FED030A704700BF0000803D0000774450
:10B970000000000083788B4219D90E4B93F8CC203D
:10B9800003EB810152B1D1ED347A9FED0B0AF8EE51
:10B99000677AB6EE007AA7EE870A7047D1F8D03002
:10B9A00003F5777300EE103AB8EE400A70479FED4A
:10B9B000030A704738AC0020000077440000000004
:10B9C00083699FED060A33F8113007EE903AF8EEDE
:10B9D000677AB6EE047AA7EE870A704700005C44E7
:10B9E000F0B54E7891F800C083698D78CA784C79AB
:10B9F00091F806E0CF7906F007064CEA062C05F030
:10BA00003F054E7AA3F800C091F801C06D0145EAE8
:10BA1000DC0591F80DC05D808D78920042EA9512A8
:10BA20000D7905F0010542EA85229A8004F00F04A1
:10BA30000A798D79E40144EA52027F0047EAD5177A
:10BA40000EF07F000D7ADA804A798C7A000140EAA4
:10BA50001212087B1A8105F003054A7A47EA452746
:10BA600006F01F0600F00705087A5F81B601E400C2
:10BA700046EA900644EA5214C87A0A7B9E810CF08A
:10BA80003F0C4FEA4C1C40EA05204CEAD202DC8114
:10BA900018825A828A7B4F7B8D7C91F811C00E7C74
:10BAA0004C7C087D920042EA9712CF7B6D0007F034
:10BAB000010745EADC1506F00F0691F80FC042EACF
:10BAC0008722F601CF7C9A8246EA5C064A7DDE82B6
:10BAD00004F07F040E7C07F0030745EA47252401A4
:10BAE0005D8344EA16140D7DCE7C1C8300F01F009C
:10BAF0008001D20040EA960042EA55129883DA8328
:10BB0000897D40F2147211F0010F0CBFAD20104678
:10BB100011F0020F08BFAD2218845A840B0705D418
:10BB200011F0040F0CBF01200920F0BD0320F0BD6F
:10BB300038B5C569044695F8210078B10A4B1B78E1
:10BB40000022192B85F8212009D0691C2046FFF717
:10BB500047FF10F00A0F04BFEB69236238BD034BA7
:10BB6000EA7D1A60F1E700BF8C6000209060002041
:10BB7000034B93F8002112B1002283F80021704793
:10BB800038AC0020084B9FED090A03EB8101D1ED91
:10BB9000417AF8EE677AF7EE006A77EEA67AB6EEAB
:10BBA000047AA7EE870A704738AC002000005C4496
:10BBB000104B9FED117AD3ED007A104BF4EE477ADB
:10BBC000F1EE10FA0AD103EB8101D1ED517A9FED2C
:10BBD0000C0AF8EE677AA7EE870A704703EB81013B
:10BBE00091ED517A9FED070AB8EE477AA7EE870AE2
:10BBF000704700BF2006002001F11F3F38AC002035
:10BC000000405C440000774430B40B4A92F8843121
:10BC1000D2F8884102EB43050133B5F98C11A5F840
:10BC20008C01411A03F00F03214482F8843130BCA7
:10BC3000C2F88811704700BF38AC0020014B186A69
:10BC4000704700BF78510020064B93F8AC211AB919
:10BC500093F8AD0110B170470120704793F8AE0121
:10BC6000704700BF38AC00209FED010A704700BF4D
:10BC700000000000044B03EB4101B1F8B03100EECD
:10BC8000103AB8EE400A704738AC0020044B93F8E5
:10BC9000D40118B1002283F8D4210120704700BFDD
:10BCA00038AC0020034B03EB810191ED760AB8EE2E
:10BCB000400A704738AC002083788B4209D9064B84
:10BCC00003EB4101B1F8203200EE103AB8EE400A21
:10BCD00070479FED020A704738AC0020000000005A
:10BCE000012070470020704730B4411C0023052517
:10BCF0001E2404E0112B01F8134009D00133042B5A
:10BD0000CCBF0122002200F81320F3D10D72F5E719
:10BD100030BC704710B40023841C4FF47A714FF488
:10BD2000FA6220F8231024F823200133052BF8D1E0
:10BD30005DF8044B704700BF044B03EB4101B1F8C1
:10BD4000403200EE103AB8EE400A704738AC00209E
:10BD5000044B03EB4101B1F8403200EE103AB8EE6B
:10BD6000400A704738AC002070B4254D95F8583221
:10BD7000022B02D0002070BC704795F85E62F6B1CD
:10BD8000013E05F25D2353FA86F605F5177400228D
:10BD900014F8013B534083EA0313DBB2120AD900C3
:10BDA00042EA0322A64281EA131382EA0302EFD198
:10BDB0002AB10020002385F8583270BC7047B5F8CE
:10BDC0005C325BBA23F002039BB243F601629342FA
:10BDD00004D0D5F8843203620120EBE7094AA2F1CE
:10BDE0003E01A2F11E06D479937903EB0423C3F339
:10BDF000CC0321F8023F8E4202F10202F3D1E8E7C0
:10BE000038AC002094AE00200D49B1F8883230B52E
:10BE100008224AF2010580EA030414F0010F4FEAF8
:10BE2000530318BF6B4002F1FF3218BF9BB212F0F0
:10BE3000FF024FEA5000EED1A1F8883230BD00BFBA
:10BE400038AC00202A4A2B4B92ED087A2A4A93ED0F
:10BE50000D4AD2ED067A93ED0F6A93ED0C5AD3EDAD
:10BE60000E5AD2ED074AD3ED126A27EE077A70EE2A
:10BE7000677A27EE047A65EEA45AA7EE276AB0EE39
:10BE8000467AB5EEC07AF1EE10FA27EE856A2CD428
:10BE9000F4EEC76AF1EE10FA98BFB0EE667A174A70
:10BEA00083ED0F7A137836EE250A4A2B30EE070A17
:10BEB0001AD1DFED136A134A67EEA67ABDEEC66AA1
:10BEC000FDEEE77ABDEEC77A17EE903AFDEEE55A41
:10BED000FDEEC07AC2E9003382ED026A82ED037A98
:10BEE000C2ED045AC2ED057A70479FED077AD6E796
:10BEF000A491002090640020F89000208C60002025
:10BF00000000C8429060002000000000214A224B3F
:10BF1000B2F9021010B4B2F90040B3F90C20B3F931
:10BF20000E30121B07EE902A5B1AB8EEE77A07EE86
:10BF3000903AF8EEE77A40B1B4F5617F1FDDDFEDAE
:10BF4000176A37EE267AF1EE677A154B9FED156A80
:10BF5000D3ED076A5DF8044B83ED156A01F548716E
:10BF600089B2B1F5C86F88BFB0EE467A66EEA77A9F
:10BF700026EE877AC3ED147A83ED137A704714F5B1
:10BF8000617FE2DADFED056AF1EE677A37EE667A15
:10BF9000DBE700BF64640020806400200000E1440F
:10BFA00090640020000000002A4A92ED106AD2ED51
:10BFB000116AB1EE465A02F14C0302F15801F3EC5A
:10BFC000017AF4EEC57AF1EE10FAF4EEC67A3AD4BC
:10BFD000F1EE10FA88BFF0EE467A93ED037AF5EEB3
:10BFE000C06AF1EE10FA77EE265A0DDDF4EEE75A4C
:10BFF00037EE667AF1EE10FAF4EEC77A26D4F1EE57
:10C0000010FAB8BFF0EE477A8B4243ED017AC3EDE8
:10C01000037AD4D192ED127AD2ED166AF1EE477A14
:10C02000F4EEE76AF1EE10FA08D4F4EEC76AF1EE26
:10C0300010FA8CBFF0EE477AF0EE667AC2ED167A0F
:10C04000C2ED1A7A7047F0EE457AC6E7F0EE657AEF
:10C05000DAE700BF90640020274B284A03EB8003F7
:10C060000128D3ED006A92EDA47A15DC244B9FEDF4
:10C07000255A1B680344FFEE005A9B7DE6EEA65A44
:10C0800007EE903AF8EEE77AB7EE006A67EEA57A27
:10C09000A7EE856A66EE866A1B4B9FED1A6A03EB74
:10C0A0008003D3ED007AF8EEE77AB1EE470A67EE47
:10C0B000867AE7EE267AB4EEE70AF1EE10FA08DCAB
:10C0C000B4EEE77AF1EE10FA8CBFB0EE670AB0EE8C
:10C0D000470A0E4A0E4B9FED0F7A33F9103002EBF0
:10C0E0004000B0F90C209B1A07EE903AF8EEE77A80
:10C0F000A7EEC70A704700BFFC64002038AC0020E0
:10C10000248700200AD7233C9891002080640020D7
:10C1100064640020CDCCCC3D174BDFED186A93ED65
:10C12000307AD3ED027ADFED165AB5EE006AB4EE3E
:10C13000C67AF1EE10FA88BFB0EE467ABDEE006A1C
:10C14000B4EEC67AF1EE10FAB8BFB0EE467A77EEEA
:10C15000C77A83ED307AF4EEE67AF1EE10FA88BF12
:10C16000F0EE667AF4EEE57AF1EE10FAB8BFF0EE92
:10C17000657AC3ED317A7047DC9200203333733F28
:10C18000000000003E4BDFED3F7A93ED306A93ED07
:10C19000317A9FED3D4AD3ED336AD3ED324AB5EEA5
:10C1A000005AB4EEC56AF1EE10FAFDEE005A88BFEF
:10C1B000B0EE456AB4EEE56AF1EE10FAB4EEE77A55
:10C1C000B8BFB0EE656AF1EE10FA88BFB0EE677ADC
:10C1D000B4EEC47AF1EE10FAF4EEC56AB8BFB0EE70
:10C1E000447AF1EE10FA88BFF0EE456A77EE067AEF
:10C1F000F4EEE56AF1EE10FA77EEA47AB8BFF0EE4D
:10C20000656A77EEA67AF7EE005AF4EEE57AF1EE7B
:10C2100010FA83ED306A83ED317AC3ED357AC3EDE0
:10C22000336A17D9F4EEC44AF1EE10FA12D9B7EE18
:10C23000007AF4EEC77AF1EE10FA9FED140A88BF87
:10C24000F0EE477AF4EEC07AF1EE10FAA8BFB0EE45
:10C25000670A7047DFED0D6AF4EEE67AF1EE10FA48
:10C2600004DB34EE877A83ED317AE0E7F5EEC04AFD
:10C27000F1EE10FADBDB34EE877A83ED317AD6E724
:10C28000DC9200203333733F00000000CDCC4C3DE6
:10C290002B4BDFED2C4A93ED306AD3ED336A93EDEF
:10C2A000347AD3ED027A9FED284AF5EE005AB4EEC7
:10C2B000E56AF1EE10FABDEE005A88BFB0EE656A8D
:10C2C000B4EEC56AF1EE10FAF4EEE56AB8BFB0EE6E
:10C2D000456AF1EE10FA88BFF0EE656AF4EEC56AC1
:10C2E000F1EE10FAB4EEE57AB8BFF0EE456AF1EE81
:10C2F00010FA88BFB0EE657A36EE865AB4EEE47A6C
:10C30000F1EE10FA77EEC57AB8BFB0EE647A77EE48
:10C31000C77A83ED306AF4EEC47AF1EE10FA88BF82
:10C32000F0EE447AF4EEE47AF1EE10FAB8BFF0EEF3
:10C33000647AC3ED336A83ED347AC3ED317A7047A2
:10C34000DC920020000000003333733F484BDFEDE8
:10C35000497AD3ED305A93ED317ADFED473A93EDD8
:10C36000336AD3ED346A93ED324AB5EE005AF4EEF7
:10C37000C55AF1EE10FA88BFF0EE455AFDEE004ABC
:10C38000F4EEE45AF1EE10FAB4EEE77AB8BFF0EE4C
:10C39000645AF1EE10FA88BFB0EE677AB4EEE37A31
:10C3A000F1EE10FAB4EEC56AB8BFB0EE637AF1EE02
:10C3B00010FA88BFB0EE456AB4EEE46AF1EE10FA06
:10C3C00077EE257AF4EEC56AB8BFB0EE646AF1EE96
:10C3D00010FA88BFF0EE456A77EE847AF4EEE36AED
:10C3E000F1EE10FA77EE867AB8BFF0EE636A77EE78
:10C3F000A67AB7EE005AF4EEC57AF1EE10FAC3ED64
:10C40000305A83ED317A83ED336AC3ED357AC3ED6B
:10C41000346A17D9B4EEE34AF1EE10FA12D9B7EE46
:10C42000007AF4EEC77AF1EE10FA9FED140A88BF95
:10C43000F0EE477AF4EEC07AF1EE10FAA8BFB0EE53
:10C44000670A7047DFED0D6AF4EEE67AF1EE10FA56
:10C4500004DB34EE077A83ED317AE0E7B5EEC04ACB
:10C46000F1EE10FADBDB34EE077A83ED317AD6E7B2
:10C47000DC9200203333733F00000000CDCC4C3DF4
:10C480002E4BDFED2F4AD3ED025AD3ED2F7A93EDE9
:10C49000306AD3ED336A93ED347A93ED193A9FED18
:10C4A000294AC5EEA73AF5EE005AB4EEE56AF1EE78
:10C4B00010FABDEE005A88BFB0EE656AB4EEC56AE8
:10C4C000F1EE10FAF4EEE56AB8BFB0EE456AF1EEAF
:10C4D00010FA88BFF0EE656AF4EEC56AF1EE10FA64
:10C4E000B8BFF0EE456AB4EEE57A76EE867AF1EE04
:10C4F00010FA88BFB0EE657AD3EE237AB4EEE47A10
:10C50000F1EE10FAB8BFB0EE647A77EEC77A83ED39
:10C51000306AF4EEC47AF1EE10FA88BFF0EE447A95
:10C52000F4EEE47AF1EE10FAB8BFF0EE647AC3EDFF
:10C53000336A83ED347AC3ED317A7047DC920020A0
:10C54000000000003333733F4C4B9FED4D6A93ED79
:10C55000305A93ED317A93ED2F2AD3ED192A9FEDBE
:10C56000493AD3ED335AD3ED346AD3ED323AF5EE8E
:10C57000004AB4EEE45AF1EE10FA88BFB0EE645A05
:10C58000BDEE004AB4EEC45AF1EE10FAB4EEC67A2B
:10C59000B8BFB0EE445AC2EE227AF1EE10FA88BF6C
:10C5A000B0EE467AB4EEC37AF1EE10FAF4EEE45A45
:10C5B000B8BFB0EE437AF1EE10FA88BFF0EE645ADD
:10C5C000F4EEC45AF1EE10FA37EE056AF4EEE46ABE
:10C5D000B8BFF0EE445AF1EE10FA88BFF0EE646A8C
:10C5E00036EE236AF4EEC36AF1EE10FA36EE256AEF
:10C5F000B8BFF0EE436A36EE266AF7EE004A66EE02
:10C60000277A83ED305AF4EEE47AF1EE10FA83EDF6
:10C61000317AC3ED335A83ED356AC3ED346A17D9E5
:10C62000F4EEC33AF1EE10FA12D9B7EE007AF4EE56
:10C63000C77AF1EE10FA9FED140A88BFF0EE477A40
:10C64000F4EEC07AF1EE10FAA8BFB0EE670A7047B8
:10C65000DFED0D6AF4EEE67AF1EE10FA04DB33EE6C
:10C66000877A83ED317AE0E7F5EEC03AF1EE10FA21
:10C67000DBDB33EE877A83ED317AD6E7DC9200207C
:10C680003333733F00000000CDCC4C3D90F8823036
:10C69000DFED574A9FED576ADFED577A574A9FED16
:10C6A000584A07EE103AB8EEC77A564B27EE247A6E
:10C6B00010B483ED377A90F883401278197806EE3B
:10C6C000904AF8EEE66A002A66EE866A08BF4FF0E6
:10C6D000FF32C3ED386A90F8844005EE104AB8EE98
:10C6E000C55A18BF012225EE065A012983ED395A91
:10C6F00090F8854005EE904AF8EEE55A65EEA75AA7
:10C70000C3ED3A5A90F8864005EE904AF8EEE55AA5
:10C7100065EEA45AC3ED3B5A90F8874002FB04F241
:10C7200007EE902AF8EEE77A67EE847AC3ED407A56
:10C7300090F8882006EE102AB8EEC66A26EE246A23
:10C7400083ED416A05D927EE267AC7EE876AC3EDE5
:10C75000406A90F88920DFED266A07EE102AB8EECD
:10C76000C77AB0F8802027EE267A632A83ED3C7AD8
:10C7700090F88A1007EE101AB8EEC77A27EE267ADC
:10C7800083ED3D7A90F88B1007EE901AF8EEE77A79
:10C7900067EEA67AC3ED3E7A27D94CF250318A4231
:10C7A00020D807EE902AF8EE677AD3ED565A93ED2B
:10C7B000596AD3ED586A93ED577AC3ED067A65EE60
:10C7C000A75A26EE276A66EEA76A67EE277A5DF813
:10C7D000044BC3ED515A83ED546AC3ED536AC3ED64
:10C7E000527A7047DFED087ADFE7DFED087ADCE7A1
:10C7F0000AD7233CCDCCCC3D6F12833AE83F0020D2
:10C800006F1283BBDC920020005043470000C842F7
:10C81000214B1B781F2B3DD1204B9FED215AD3ED8F
:10C82000355A93ED306AD3ED316A93ED337AD3ED17
:10C83000347A93ED074AD3ED054AD3ED083A194B04
:10C8400065EE855A26EE056A66EE856A27EE057A5C
:10C8500067EE857AFDEEE55AFDEEE33ABDEEC44A99
:10C86000FDEEE44ABDEEC66AFDEEE66ABDEEC77AAD
:10C87000FDEEE77AC3ED035AC3ED003A83ED014ABA
:10C88000C3ED024A83ED046AC3ED056A83ED067ABF
:10C89000C3ED077A704700BF8C600020DC92002057
:10C8A00000007A4490600020AD4B1B7813F0010229
:10C8B00012D010B4AB4B5A7893ED027A082A00F2EA
:10C8C0000081DFE812F0370042006B008600AF0005
:10C8D000CA00FE00DD001300A349A24BDFEDA37ADE
:10C8E000096859605A70C3ED027A91E7D3ED577A1F
:10C8F000D3ED036AF5EEC07AF1EE10FA40F3FA8058
:10C9000077EE877AF4EEE67AF1EE10FA88BFF0EE71
:10C91000667A1A7C002A40F0DC809FED957AF4EE6E
:10C92000C76AF1EE10FA72D58F490722096859607B
:10C930005A7005E01A7C002A00F0E880DFED8B7A5F
:10C940005DF8044BC3ED027A62E793ED556AD3EDCF
:10C95000036AB5EEC06AF1EE10FA40F3D48076EEC9
:10C96000077AF4EEE76AF1EE10FA08DC77EE467A21
:10C97000F4EEE67AF1EE10FAB8BFF0EE667A1A7CC1
:10C980000ABB9FED7B7AF4EEC76AF1EE10FAD7DDB1
:10C9900075490222096859605A70D1E7D3ED567A79
:10C9A000D3ED036AF5EEC07AF1EE10FA40F3A880F9
:10C9B00077EE877AF4EEE67AF1EE10FA88BFF0EEC1
:10C9C000667A1A7CDAB168490022096859605A709F
:10C9D000B6E7D3ED587AD3ED036AF5EEC07AF1EEFF
:10C9E00010FA40F3848077EE877AF4EEE67AF1EE7F
:10C9F00010FA88BFF0EE667A1A7C002A69D19FEDA2
:10CA00005C7AF4EEC76AF1EE10FA00F18780F4EE7A
:10CA1000E76AF1EE10FA93D8534904220968596085
:10CA20005A708DE7D3ED037A93ED3F7A1A7C67EE67
:10CA3000877A002A4DD19FED4E7AF4EEC77AF1EE57
:10CA400010FA7FF57DAF93F83021002A79D1464A5C
:10CA500012685A6001225A7072E71A7C002A3ED08E
:10CA600041495C680A68D3F83C01121B9042BFF64A
:10CA700065AF0A685A600022DFED3C7A5A705FE7C2
:10CA8000D3ED597AD3ED036AF5EEC07AF1EE10FAE0
:10CA900033DD77EE877AF4EEE67AF1EE10FA88BFAE
:10CAA000F0EE667A1A7CA2B99FED317A2E49F4EE47
:10CAB000C76AF1EE10FA37DD0968596008225A702A
:10CAC0003EE7294ADFED297A12685A6000225A703F
:10CAD00036E725490522096859605A7030E7224A2D
:10CAE000DFED227A12685A6003225A7028E7F0EECE
:10CAF000667A81E7F0EE667A0BE7F0EE667AD1E7C8
:10CB0000F0EE667A5DE7F0EE667A38E7164ADFED1A
:10CB1000177A12685A6001225A7011E712490122ED
:10CB2000096859605A700BE75C680A68D3F83801E5
:10CB3000121B9042BFF604AF0A685A6001225A7075
:10CB4000FEE6094A5C681168D3F83401091B884283
:10CB5000BFF67EAF12685A6007225A70F0E600BF37
:10CB600024840020DC9200208C19002000000000AA
:10CB7000CDCC4C3E38B52DED028BC84B1B78DB0776
:10CB800003D5C74A92F8943273B9C64BC64C1B689A
:10CB900063609FEDC68A0023637084ED028ABDEC5A
:10CBA000028BBDE8384033E6BF4C637894ED028ACF
:10CBB000082B00F2A282DFE813F056006100A70004
:10CBC000F400D600CC01230183010900237C002B53
:10CBD00040F0048294F83030002B40F01182DFEDF9
:10CBE000B77A94ED037AB4EEE77AF1EE10FA00F139
:10CBF0006582D4ED087ADFEDAE6A94ED057A67EED2
:10CC0000A67AB4EEE77AF1EE10FA00F3FF81DFEDD9
:10CC1000A97AB4EEE78AF1EE10FA00F3F781D2F8C0
:10CC2000A0329847D4ED526A94ED077AD4ED087A91
:10CC3000F5EEC06AF1EE10FAB0EE408A10DD37EE84
:10CC4000266AF4EEC67AF1EE10FA00F3538237EE5C
:10CC5000667AF4EEC77AF1EE10FAB8BFF0EE477AD2
:10CC6000C4ED077A99E79FED910A237C84ED070ACA
:10CC7000002B00F0F081B0EE408A8EE7D4ED036A1D
:10CC8000DFED8D7A76EEE77A77EEA77AF5EEC07A69
:10CC9000F1EE10FA00F1CC819FED887AF4EE476A4C
:10CCA000F1EE10FAC8BFF0EE477A94ED557AB5EE82
:10CCB000C07AF1EE10FA40F3B88137EE080AB4EE0C
:10CCC000E70AF1EE10FA8CBFB0EE678AB0EE408A48
:10CCD000237C6169E161002B40F08681DFED777A8A
:10CCE000F4EEE76AF1EE10FA7FF757AF94F83130BF
:10CCF000002B3FF452AF6B49D2F898320A68626059
:10CD000002226270984748E7237C002B40F06C8138
:10CD1000DFED6A7A94ED037AB4EEE77AF1EE10FA79
:10CD200000F1688194F83030002B40F06381D4ED3D
:10CD3000087ADFED5F6A94ED057A67EEA67AB4EEC5
:10CD4000E77AF1EE10FA00F36181DFED5A7AB4EE82
:10CD5000E78AF1EE10FA00F35981D2F8A032984731
:10CD6000D4ED516A60E7237C002B40F0378194F8C2
:10CD70003030002B40F04481DFED507A94ED037A9F
:10CD8000B4EEE77AF1EE10FA40F1798194F830319F
:10CD9000002B40F0A181434B1B686360012363704B
:10CDA000FBE6237C002B40F0198194F83030002BF7
:10CDB00040F02681DFED417A94ED037AB4EEE77A14
:10CDC000F1EE10FA00F11681D4ED087ADFED386A41
:10CDD00094ED057A67EEA67AB4EEE77AF1EE10FAF2
:10CDE00000F31481DFED337AB4EEE78AF1EE10FA46
:10CDF00000F30C81D2F8A0329847D4ED536A13E7C0
:10CE0000D4ED036ADFED2C7A76EEE77A77EEA77A37
:10CE1000F5EEC07AF1EE10FA00F10D819FED277A60
:10CE2000F4EE476AF1EE10FAC8BFF0EE477A94EDDF
:10CE3000567AB5EEC07AF1EE10FA40F3F38037EE91
:10CE4000086AB4EEE76AF1EE10FA00F12B8138EED1
:10CE5000470AB4EEE70AF1EE10FAB4BFB0EE678A03
:10CE6000B0EE408A237C6169E161002B40F0B6801E
:10CE700094F83130002B00F00881DFED107AF4EEE9
:10CE8000E76AF1EE10FA40F3B5800649D2F898321D
:10CE90000A6862600322627098477EE6248400205C
:10CEA00038AC00208C190020DC920020000000002B
:10CEB000A4707D3F3333733FCDCCCC3DCDCC4C3EC5
:10CEC000D4ED036A5FED047A76EEE77A77EEA77A1F
:10CED000F5EEC07AF1EE10FA00F1BA801FED097A92
:10CEE000F4EE476AF1EE10FAC8BFF0EE477A94ED1F
:10CEF000597AB5EEC07AF1EE10FA40F3908037EE31
:10CF0000080AB4EEE70AF1EE10FA8CBFB0EE678AB9
:10CF1000B0EE408A237C6169E161002B64D15FED52
:10CF2000197AF4EEE76AF1EE10FA04DD94F8313084
:10CF3000002B40F0BA80754A60681368D4F8381145
:10CF40001B1A9942BFF629AE136863600123637010
:10CF500023E6D4ED036ADFED6E7A76EEE77A77EEBC
:10CF6000A77AF5EEC07AF1EE10FA67D49FED696A00
:10CF7000F4EEC66AF1EE10FA75DD94ED597AB5EE6D
:10CF8000C07AF1EE10FA40F3A280F0EE467A38EE65
:10CF9000070AB4EEE70AF1EE10FA8CBFB0EE678A2A
:10CFA000B0EE408ADFED5B7A6369E361F4EEE76A35
:10CFB000F1EE10FA04DD94F83130002B7FF465AF08
:10CFC000524A60681368D4F83C111B1A9942BFF6A4
:10CFD000E4AD1368636000236370DEE54B4A05230C
:10CFE000126862606370D8E5484A00231268626084
:10CFF0006370D2E5454A0123126862606370CCE534
:10D00000424A0623126862606370C6E53F49D2F85F
:10D010009C320A686260042262709847BDE5B0EEF7
:10D02000678A77E7B0EE678A1CE7B0EE678A4FE65B
:10D03000DFED397A39E6DFED387AF8E694ED597AA2
:10D04000B5EEC07AF1EE10FA3EDDDFED337A9EE701
:10D05000DFED317A4BE72D4A012312686260B0EEB2
:10D06000408A637099E594ED597AB5EEC07AF1EE95
:10D0700010FA8CDC6369E361B0EE678AA0E7D2F84E
:10D08000A4329847D4ED546ACEE5204965680A6811
:10D09000D4F84001521B9042BFF67FAD0A6862602F
:10D0A00063707AE5B0EE468ADCE61849D2F8983229
:10D0B0000A6862600822627098476EE5134A072387
:10D0C00012686260637068E59FED138A6AE76369BE
:10D0D000E361B0EE468A6EE70C4B60681A68D4F8DC
:10D0E0003411121A9142BFF657AE1B6863600723D2
:10D0F000637052E5F0EE467AB2E5044B9FED068A86
:10D100001B6863600023637047E500BF8C19002033
:10D11000CDCCCC3DCDCC4C3E0000000070B40446DC
:10D1200000F18006074D0FCD103444F8100C44F880
:10D130000C1C44F8082C44F8043CB442F2D170BCF6
:10D14000704700BF1CD7040800230370437083702E
:10D15000C370037143718371C371704770B4421E11
:10D1600000F10E0300210F30FA2614254FF47A64E3
:10D1700002F8011F23F8021F82421E84A3F84050C8
:10D18000A3F86040F4D170BC7047054B242202FB29
:10D1900000300023C0F88C30C0F8A830704700BFC2
:10D1A000CC95002010B4274B1B7813F0010F264BB1
:10D1B0000AD103EB400241F28834B2F9DC1001F6E7
:10D1C000C41292B2A24233D9204A9FED217A00EBD9
:10D1D000400102EB4102B2F9AC1207EE901AF8EEF0
:10D1E000E77A67EE877AB4EEE70AF1EE10FA0CDC24
:10D1F000B2F9AA2207EE902AF8EEE77A67EE877A6C
:10D20000B4EEE70AF1EE10FA0BD503EB400203EBA4
:10D21000800005235DF8044BC0ED007AA2F81631BA
:10D22000704703EB80005DF8044B80ED000A704707
:10D2300007EE901A9FED060AF8EEE77A27EE800ACD
:10D24000C2E700BF248400205094002038AC0020A6
:10D250006F12833A70B52D4E96F85A33003B18BFC3
:10D26000012380F8FD30CB7980F8BA300D460446B2
:10D2700000F5827105F1080023F070FCAB7984F8A9
:10D28000013196F8593384F8FE3094F8B8300F2BFA
:10D290000BD80D2B13D80A2B2DD0052384F8BB30C7
:10D2A0004FF47A724FF4FA5310E0102BF5D10423A7
:10D2B00084F8BB3040F2413241F6082306E00223F5
:10D2C00084F8BB304FF448724FF448630025A4F84B
:10D2D000283184F800512368A4F82A212046984771
:10D2E00094F80331082B02D9103B032B0BD80123F0
:10D2F00084F8023170BD062384F8BB3040F26542E9
:10D3000042F22833E2E784F80251F3E738AC002018
:10D31000002302220361838203808380C3804280D2
:10D32000704738B5524B03610D46044623201AF06E
:10D33000B5FC6B780BB9002038BD042B226908BFFF
:10D3400001231370294620462BF094FF0028F2D0C9
:10D3500094F8B800022811D1464B2360464B636015
:10D36000464BC4F88830464A136843F00103136003
:10D3700084F80301003818BF0120DDE703280FD12E
:10D38000404B2360404B63603C4BC4F888303F4BBC
:10D39000D3F8B02352235343C4F8CC300620E2E73D
:10D3A000042808D13A4B2360334B6360334BC4F8F5
:10D3B00088300720D7E7072826D00ED8431F012B37
:10D3C00011D82E4BC4F88830324B23602E4B63604B
:10D3D000831F032B25D90720C5E7A0F10803012BE4
:10D3E000EFD90B2820D0A0F10C03012B25D82A4B14
:10D3F0002360254B63600C28204BC4F8883032D062
:10D400000D2832D00020B3E794F8FD30DFED237A09
:10D410009FED237A002B08BFF0EE477AC4ED227A05
:10D42000D2E70230C0B29EE71E4B2360164B63600A
:10D43000124BC4F888300D2095E70F2808D11A4BFD
:10D4400023601A4B63600D4BC4F8883011208AE7C3
:10D450001028D7D1164B2360164B6360074BC4F8D6
:10D46000883012207FE70E207DE70F207BE700BF8A
:10D47000C0AF0020CF370408BD3A040800007A3D51
:10D48000D080002001430408E157040838AC002094
:10D49000F9360408293D04087F4104080000FA3DDC
:10D4A00000007A3D593D0408F54304089D450408F1
:10D4B000053C0408493A040837B50D4619463A4B6D
:10D4C00003EB80000369446A38481860002A68D07A
:10D4D00007EE901AB8EE677ADFED357A27EE277AF5
:10D4E00007EE902AB8EE670ADFED327AC7EE806A5F
:10D4F00076EE876AC7EE267A032D52D8DFE805F06C
:10D5000002112E3E2C4A1A6000232360C4ED017ADA
:10D51000A362C4ED0B7A2365C4ED157A012003B034
:10D5200030BD2648B0FBF1F082423AD8244A1A6056
:10D53000204601918DED000A23F0DEFB01999DED5F
:10D54000000A04F1280023F0D7FB01999DED000AA1
:10D5500004F1500023F0D0FB0120E0E7194A1A60E3
:10D56000002323606360C4ED027AA362E362C4ED2A
:10D570000C7A23656365C4ED167AEDE7124A1A60EA
:10D58000002323606360A360C4ED037AA362E362B7
:10D590002363C4ED0D7A23656365A365C4ED177A33
:10D5A000DAE70020BBE700BF1CD70408FDB603087C
:10D5B000BD37863583F9223EE1B6030820A1070076
:10D5C00029B60308B5B6030879B6030810B50446B2
:10D5D00018F0A8FC0D4BD3F8B423C3F8B403821A97
:10D5E00041F288318A4206D983F840400022013254
:10D5F00083F8B82310BD93F8B8239918142A81F83A
:10D600004040F4D1012283F83C2010BD38AC00200A
:10D610002DE9F047994C18F085FC94F8B93305468C
:10D620008BB91846964B1B785BB1D4F8E43343B101
:10D63000ED1AB5F57A7F04DB002340F00400C4F84E
:10D64000E433BDE8F08794F8BAE3002384F8B933F3
:10D65000BEF1000F00F0978094F8BC0340B210F1C7
:10D66000630F7ADB874E84F8CC3394F8CDC3BCF1DA
:10D67000000F28D06FF0290181426FF05B03A8BF33
:10D6800001469942B8BF1946DFF808824FB201231C
:10D690006FF0300201E018F91320974280F2B88051
:10D6A00001330D2BF7D16423D4F8D013764A01FB54
:10D6B00003F382FB0312DB17C3EB621304EB8C0250
:10D6C0009BB2C2F8D030307194F8C80394F8C933D3
:10D6D00094F8CA2394F8CB131B0443EA00630B436A
:10D6E00043EA022303F0F023B3F1E02F43D01027E5
:10D6F000D4F8DC3394F8DA63987894F8E083032262
:10D70000511E631893F8BC33334103F00F03984262
:10D7100015D90B2B214404EB020A10D8BCF1000FE1
:10D7200001D063450BD091F8BC939AF8BC1309EA79
:10D73000080904EB830301EB0921C3F8D01002327E
:10D74000BA42DDDBBEF1000F13D094F8BE331B06E6
:10D750000FD4C4F8E453012064E794F8CC33494E65
:10D760000133DBB2042B84F8CC3333D896F90400B0
:10D770007BE7012056E794F8BE3313F0800F14BF07
:10D7800010270C27B4E718F0CDFB3E4E3F4B7279C3
:10D79000A3FB00135B0C02B394F8BC2394F8BD0305
:10D7A000122818BF0128C1B208D001F0EF01A1F181
:10D7B000A201B1FA81F1490901B97171D4F8D41308
:10D7C00099B994F8CDC394F8BAE3A4F8D823C4F86F
:10D7D000D43379E76FF05B0047E794F8BC1394F813
:10D7E000BD2302EB012292B2E8E78B420BD0591A1B
:10D7F000012994F8CDC329D094F8BAE3A4F8D8232A
:10D80000C4F8D43360E794F8CDC394F8BAE35BE787
:10D81000DFF884805F1E08EB470708EB430397F8A7
:10D82000399093F8393097F93870A3EB0903C91B85
:10D8300001FB03F3D21B93FBF2F202EB09035BB291
:10D84000642BA8BF642323EAE3732DE7BCF1000F28
:10D85000D2D0B4F8D803D4F8D0130D4E101A14381F
:10D8600001FB00F186FB0160C917A1EBE00104EBAD
:10D870008C0089B2C0F8D010BEE700BF38AC0020E1
:10D8800095870020200600201F85EB5183DE1B4377
:10D890006766666654D704081CD7040808B518F0F4
:10D8A00041FB094B094A1B78D2F8E82353B1801A8F
:10D8B0006FF47A73C31840F2E63083428CBF0020C5
:10D8C000012008BD184608BDD48B002038AC0020CC
:10D8D0002DE9F0417B4D18F025FBD5F8EC237A4B70
:10D8E000801A984206DD794B1B78062B04BF002373
:10D8F000A5F8F03395F8F20308B9BDE8F08195F882
:10D90000F6330022162B85F8F22362D095F8F72320
:10D91000C2F34113022B02F01F0250D0032B3AD066
:10D92000002B42D06A4B4FF07C514FF00B0C19602A
:10D93000664640F2FF7895F8F533033BDB0093FB36
:10D94000FCF313F0FF0323D0624F013B52FA83F341
:10D9500007F1040E002007EB82070EEB830E024650
:10D96000012309E0E91802F1080491F8F7130133E3
:10D9700091400843E2B2DBB29642F3D800EA0801D4
:10D9800047F8041B921BBE45D2B220FA0CF0F3D12B
:10D990000120BDE8F0814E4B4FF078514FF00D0C57
:10D9A0001960664641F6FF78C5E7494B4FF07E5156
:10D9B0004FF00A0C1960664640F2FF38BBE7444B53
:10D9C0004FF07A514FF00C0C1960664640F6FF7824
:10D9D000B1E795F8FC1395F8FB6395F8002495F8EA
:10D9E000043495F8080495F8F843B5F8F8C3D5F869
:10D9F000F87301F00F01C90141EA560102F01F025C
:10DA000095F8FF63C5F85011920142EA9602C5F8F5
:10DA10005C2195F8036495F8F72395F8071403F053
:10DA20003F0304F0070400F07F005B0143EAD603E4
:10DA300042EA0422B5F8FC63D5F8FC43C5F8683126
:10DA4000000140EA1111B5F80004B5F80634C5F834
:10DA50007411C5F84421B5F80214D5F80424C6F3AE
:10DA60000A16C4F3CA34C5E95564C0F34A10184C09
:10DA7000C5F86001CCF3CA0C17482060C7F38A3799
:10DA8000C1F30A01C2F38A12C3F34A03C5E95B2357
:10DA9000C5E952C7C5F86411D5F8081495F80C34D7
:10DAA00095F80B04B5F80A24DB0043EA5013C1F3E0
:10DAB000CA11C2F38A02C5E95F23C5F878110120B3
:10DAC000BDE8F08138AC002090D003009D99002083
:10DAD000200600207CAD002001F11F3F70B540F210
:10DAE000014343EA800418F01DFA0C4E054696F8EF
:10DAF000443406EB8303D3F83404E3070AD51AF061
:10DB00007BFA640805F1340507D018F00BFA85425A
:10DB1000FBD8ECE71AF06AFAF3E770BD38AC0020E6
:10DB200070B5194C94F8443404EB830306460D4653
:10DB3000D3F8340401211AF017FA002384F888324C
:10DB400084F889323078FFF7C9FF013D16F8010BE0
:10DB5000FEF75AF915F0FF05F4D194F845343BB1BE
:10DB600094F88802FFF7BAFF94F88902FFF7B6FF2E
:10DB700094F8443404EB83042021D4F83404BDE841
:10DB800070401AF0F1B900BF38AC00202DE9F8431D
:10DB9000204C214D266807460236A84695F84434A5
:10DBA00005EB8303D3F834041AF0A0FB10BB18F084
:10DBB000B9F900F1270518F0B5F98542FBD8002620
:10DBC00034464FF0010998F8443408EB8303D3F846
:10DBD00034041AF08BFB18B109FA06F31C43A4B203
:10DBE000092E05F134050BD018F09CF98542FBD8BD
:10DBF0000136E8E723689E42D0D80020BDE8F883CC
:10DC000040F201232340B3F5007FF6D164083C7055
:10DC10000120F3E78C19002038AC002013B5FF2356
:10DC200004468DF807300DF10700FFF7AFFF00B98C
:10DC30001CB99DF8070002B010BD013CF3E713B515
:10DC4000FE23ADF8043000238DF8063003788DF8FC
:10DC50000730044613B901238DF8063004210DEB7B
:10DC60000100FFF75DFF0220FFF7D8FFFF280CD16E
:10DC700021786068FFF754FF2820FFF7CFFFA0F15D
:10DC800030035842584102B010BD0020FBE737B5C1
:10DC9000054608461446FFF7D2FF78B1012302215A
:10DCA00001A88DF805308DF80450FFF739FF2046A4
:10DCB000FFF7B4FFA0F130035842584103B030BD24
:10DCC00007B50F4B0268934317D0FF230421ADF82B
:10DCD000043043788DF8063083788DF807300DEBEB
:10DCE0000100FFF71DFF0220FFF798FFA0F13003AE
:10DCF0005842584103B05DF804FB0120FAE700BF29
:10DD000000FFFF0073B5204E002286F8882286F8B7
:10DD1000892286F8492486F84A240144FF228DF896
:10DD200007200446CDB22046FFF730FFF8B114F8C3
:10DD3000010BFEF769F8E3B2AB42F4D196F8453433
:10DD4000EBB11248FFF722FF88B11148FFF71EFF21
:10DD500068B10DF10700FFF719FF40B1B6F888224E
:10DD6000B6F849349A4202D0C2238DF807309DF8A4
:10DD70000700A0F130035842584102B070BD0DF1C8
:10DD80000700FFF703FFF2E738AC002081B0002066
:10DD900082B0002037B5054608460C46FFF790FFD5
:10DDA00060B123788DF80450022101A88DF8053068
:10DDB000FFF7B6FE21786068FFF7A4FF03B030BD1F
:10DDC00030B50F4C83B00023D4F84C2484F84B3486
:10DDD00005460DF106010820ADF80630F7F798F872
:10DDE000D4F84C240DF106018120F7F791F8D4F80E
:10DDF0004C14BDF806202846F7F7A6F803B030BD4E
:10DE000038AC002038B51A4C18F08CF8D4F85034DF
:10DE1000C31AB3F5FA6FC4BF002384F8543494F8DE
:10DE20005434054623B90023C4F85834012038BDC2
:10DE30001049D4F858040022F6F76CFA94F85434D8
:10DE40007BB90D4B1B781A2B04D1D4F85C340B4AE8
:10DE5000EB1AD3600023C4F85C54C4F85834012092
:10DE600038BD0748FFF7ACFF002384F85434E8E7D7
:10DE700038AC00208CB000208C6000209060002026
:10DE800070D7040838B5044618F01EF85B4B002222
:10DE900083F8542493F84B24012A06D9D3F860243C
:10DEA00040F6AC51821A8A422BDCE2B27E2A38D08C
:10DEB00093F84B1421B393F84B141B2970D893F8A3
:10DEC000D014002900F09280002182F0200283F813
:10DED000D01493F84B14022903D1012A08BF83F808
:10DEE000C82493F8660493F84B4493F84B1403EB5F
:10DEF000401020440131C9B280F8672483F84B14E4
:10DF000038BD3F49B3F864240978013292B21A2926
:10DF1000A3F8642459D0002283F84B24E2B27E2A6D
:10DF2000C6D193F84B24012A2ED993F8662435499B
:10DF300093F867540132A1FB024101F4FF7404EB32
:10DF40005101521AD2B295420AD093F84B4493F839
:10DF5000661483F8662403EB4112611E82F8831471
:10DF600093F8C8243AB10121002283F8541483F8AD
:10DF7000C824C3F85004224A12781A2A30D000224A
:10DF8000C3F8CC0483F8D024012283F84B2493F8FF
:10DF90006624C3F8600403EB4213C3F8840438BD5D
:10DFA000002283F84B241649B3F86424097801321F
:10DFB00092B21A29A3F86424A2D1B3F86434124AA5
:10DFC0009BB20221C2E9013138BDB3F864240E4985
:10DFD00092B20125C1E90125002283F84B249DE777
:10DFE000D3F8CC240849821A0A60C8E77D2A7FF456
:10DFF00070AF012283F8D02438BD00BF38AC0020B8
:10E000008C600020ABAAAAAA9060002070B50446DC
:10E0100017F05AFF2A49D1F8D434C31AB3F57A6FEE
:10E0200016DC91F8D834C1F8D404B3B1022B40D037
:10E03000442B91F87D2041D901335200DBB2D51C2D
:10E04000AB4281F8D83416DD0532934228D070BD3A
:10E050000023C1F8D40481F8D834A82CF7D10023C8
:10E0600091F87D2081F87C30A1F87E302546CE18CD
:10E0700086F88050E0E7B1F87E20E3B282EA03231D
:10E0800041F22104082213F4004F84EA43000ABF3E
:10E090005B0083B29BB2013AF5D1A1F87E3070BD2E
:10E0A0000022012381F8D824C1F8C80081F87C300F
:10E0B00070BDE5B281F87D502A46D8E7E5B2D6E7D3
:10E0C00038AC002010B5164C94F8843533B10023D9
:10E0D00084F884350023C4F8883510BDD4F8883519
:10E0E00033B9104A926813600023C4F8883510BD14
:10E0F00017F0EAFE0B4AC4F88C05D168D4F88805FD
:10E1000004F2DC4399420CBF04F5A66304F5A66152
:10E110001860C2E902130023C4F8883510BD00BF9F
:10E1200038AC00202006002010B5044617F0CCFEC5
:10E130000D4A0E4B9268C3F89005116819B9D3F8CF
:10E1400088154F2906D90822002183F89425C3F8A1
:10E15000881510BDD3F88805D3F88815024401311D
:10E160001471C3F8881510BD2006002038AC0020BB
:10E1700038B50D46044617F0A7FE134BD3F8982583
:10E18000C3F89805821A41F288318A4209D9E4B26B
:10E19000012283F8BC4383F89C25002283F8B9232D
:10E1A00038BD93F89C250F2AFAD899180132D2B2BB
:10E1B000E4B2102A81F8BC4383F89C25EDD10122FA
:10E1C000286283F8B92338BD38AC002038B50C4636
:10E1D000054617F079FEE36940F6AC52C31A934244
:10E1E0000DDD002384F820300F2D07D10123E061DD
:10E1F000257084F82030002384F8213038BD94F84D
:10E200002020002AF0D0182AF8D8511CC9B21929A8
:10E2100084F82010A554EED1054A1278192A08BFB7
:10E22000044A4FF0010184F8211008BF936038BD03
:10E230008C6000209060002070B51C4C054617F0E3
:10E2400043FED4F8A035C31AB3F5FA7F0BDC94F87B
:10E25000A43543B1022B8ABF94F8A92505220232C6
:10E26000934208DB70BD0123C4F8A00584F8A855CB
:10E2700084F8A43570BD591CC9B22344914284F876
:10E28000A41583F8A855EDDB094DA5F114060FCEB2
:10E290000FC5002384F8A43533682B80012384F84C
:10E2A000CE3517F011FEC4F8E80370BD38AC00207D
:10E2B000F4B1002038B5044617F006FE2F4BD3F812
:10E2C000D025821AB2F5FA7F2ADD0022C3F8D005E4
:10E2D00083F8D42583F8D525E1B2042908D0202974
:10E2E00006D093F8D8259AB3A24218D1002221E093
:10E2F000002202254FF6FF7483F8DC55A3F8DA45B7
:10E300009D184C1EA24283F8D81583F8D61583F8C1
:10E31000D72585F8E01515D0013283F8D42538BD0E
:10E3200093F8D5252ABB93F8D425C3F8D005002A45
:10E33000D2D0E1B293F8D6459D18013CA24285F8AF
:10E34000E015E9D10122C3F8000683F8042638BDA0
:10E35000552CC9D101211F2083F8D845A3F8DA250F
:10E3600083F8E04583F8D71583F8DC1583F8D605E4
:10E37000D2E7013A83F8D52538BD00BF38AC00207C
:10E3800038B5044617F0A0FD354BD3F81426821A91
:10E39000B2F57A7F23DC93F81816C3F8140651B34C
:10E3A0004A1CD2B2D3F81C5683F81826062A6C549D
:10E3B0002FD193F85822012A4DD093F81A26012A1A
:10E3C00002D1AA78092A3CD90022282183F81826EC
:10E3D00083F8582283F81A2683F8191638BD0022CC
:10E3E0002821C3F8140683F8182683F8582283F8E6
:10E3F0001A2683F819163D2C26D03E2CEED1194949
:10E40000C3F81C16012283F8582201220C7083F8ED
:10E41000182693F819169142E0D193F85822012A50
:10E4200004BF022283F8582293F81A26012A04D145
:10E430000222C3F8840283F81A260021282283F8D6
:10E44000181683F8192638BD0749C3F81C1601228F
:10E4500083F81A26D9E7AA78282AAED8F1E700BFB0
:10E4600038AC002094AE002040B20020F8B51E4C1D
:10E4700094F82056064604F22461AA1E014435444D
:10E48000002022F079FCAB1E013D2344254493F883
:10E49000242695F8243603EB02239BB2984200D041
:10E4A000F8BD94F84756DDB1721CD2B204EB4505B5
:10E4B00020464FF4AF66511CA318214493F82476EC
:10E4C00091F8243603EB07239BB206FB03F31B13DF
:10E4D00003F5487320F8023BA84202F10202EAD198
:10E4E00001232376F8BD00BF38AC002070B582B0A0
:10E4F000404C0190054617F015FDD4F84836C4F895
:10E500004806C31AB3F5FA5F25D9002384F84C36C0
:10E5100084F84D36A12D5ED0A22D64D094F84D26FE
:10E52000002302B394F82066E2180133DBB2EDB2A7
:10E53000B34282F8245684F84C361AD194F84E36F9
:10E54000052B18D0062B19D0002384F84D3684F8FB
:10E550004C3602B070BD94F84C36002BDAD094F8EB
:10E560004D26002ADED194F84C3694F82066B3424A
:10E57000E4D002B070BD0020FFF778FF94F8253694
:10E580001E2BE1D1013E002E4FF000031ADD19468B
:10E590001A462244184692F82436082280EA0305D7
:10E5A000ED074FEA530302F1FF3248BF83F08C03BB
:10E5B00012F0FF02C0F34700F0D10131C9B2B142FD
:10E5C0000A46E6DB264496F824269A42BCD103206C
:10E5D000FFF74CFFB8E701231B2684F84D3684F87B
:10E5E00020660023A0E70123232684F84D3684F813
:10E5F0002066F6E738AC002010B5114CD4F8503640
:10E600000BB9012010BD17F08DFCD4F88C35D4F86F
:10E6100090259B1A002BF4DDD4F89035C01AAD2854
:10E62000EFDD084BD4F85026186804F2546101233A
:10E6300084F8843519F0AAFB0023C4F85036E0E7CB
:10E6400038AC0020808D002010B5074C22780AB924
:10E65000012010BD054B0649186819F097FB0023EF
:10E660002370012010BD00BF95870020788D002009
:10E67000808700202DE9F041234C94F8CE3523B358
:10E6800094F8BE150646D522002084F8CE0522F067
:10E6900065FB94F8BD75022F0BDD04F2BC58B8443D
:10E6A00004F2BE5515F8011FD52222F057FBA845EC
:10E6B000F8D1274497F8BD3583420ED194F8BC3584
:10E6C000822B18D00820BDE8F081FFF7E7F800287A
:10E6D0000CBF00200420BDE8F0810C4B1B78412BBF
:10E6E000F0D1B4F8A6360A4A01331BB2A4F8A63614
:10E6F00013600820EFE7D4F8E8333362012284F88E
:10E70000A4260520BDE8F08138AC00208C600020F4
:10E7100090600020F8B53D4C94F804360BB9002009
:10E72000F8BD94F8D7350026012B054684F8046619
:10E7300023D194F8D63594F8DC15B4F8DA6523447F
:10E7400001F11C0C93F8DF2593F8DEE50EEB022EA9
:10E750001FFA8EFE5FFA8CFC0B46E018023390F82D
:10E76000E17590F8E025DBB202EB07223244634505
:10E7700096B2F2D1B645D2D10DE094F8D61504F593
:10E78000BC60F5F7EDFA0028C9D094F8D835202BF5
:10E7900034D194F8DC151E480B4600F13807E61812
:10E7A0009A1C96F8E13596F8E0651B0203F4706355
:10E7B000334440F8043B8742D3B2F0D14A1C1931AC
:10E7C000D2B2C9B204F50477A618063296F8E2353B
:10E7D00096F8E40596F8E06523F00F03000143EA9C
:10E7E000161300F47060D2B203438A4247F8043B28
:10E7F000EAD1D4F800362B620120F8BD04F5BC60E4
:10E80000F5F7D6FA84F8D5053046F8BD38AC0020C7
:10E8100010AE002038B50D4C05460146D4F8A806C8
:10E8200019F0D6FAB4F8AC3641F2210283EA052099
:10E83000082310F4004F4FEA400018BF5040013B3E
:10E8400080B2F6D1A4F8AC0638BD00BF38AC0020C9
:10E8500010B5064CD4F8A80619F094FA0028F9D09F
:10E86000D4F8A806BDE8104019F084BA38AC0020EE
:10E8700010B5FFF7EDFF0A4AB2F8AE3683EA00237F
:10E880009BB2082141F2210413F4004F4FEA4303E5
:10E8900018BF634001399BB2F6D1A2F8AE3610BD65
:10E8A00038AC00202DE9F04FCF4CCDB0C4F8A8060D
:10E8B00012F062FB4FF000084FF0010A84F8AE86B8
:10E8C00084F8AF86FFF7D4FF2F28F7D1012100206D
:10E8D00019F058FCADF80080FFF7CAFF8146FFF73A
:10E8E000C7FF8DF80900FFF7C3FF8DF80A00FFF797
:10E8F000BFFF0DF1300B064607465D46FFF7B8FF38
:10E90000013F17F0FF070BF8010BF7D1FFF7A0FF4E
:10E910008DF80500FFF79CFF8DF80400BDF804207A
:10E92000B4F8AE3601219A4218BF0327002019F02F
:10E9300029FC002F7FD1A9F130030395102B00F2A1
:10E94000D181DFE813F0640089002F0291001100EB
:10E95000AF00CF010001CF018201AD01DA01CF018B
:10E96000C801F5019A000C0201266D46B34600214C
:10E97000084684F8AC8684F8AD8619F003FCD4F818
:10E98000A80619F0E9F92E20FFF744FF4846FFF7E3
:10E9900041FF9DF80900FFF73DFF9DF80A00FFF7D2
:10E9A00039FF5846FFF736FFD4F8A80619F0E6F904
:10E9B0000028F9D015F8010B0BF1FF3BFFF72AFFF8
:10E9C0001BF0FF0BF0D13846FFF724FF94F8AD168B
:10E9D000D4F8A80619F0FCF994F8AC16D4F8A806F7
:10E9E00019F0F6F9D4F8A80619F0B0F959465846C6
:10E9F00019F0C8FB002E3FF461AF94F8B136002B3C
:10EA000040F0DA8119F0F8F94DB0BDE8F08F94F8D4
:10EA1000453483B194F8B036022B11D893B1FD235D
:10EA2000022107A8ADF81C30FFF77AF80120FFF7A4
:10EA3000F5F8C12806D100266D464FF0010B96E788
:10EA4000042BECD084F8458484F8468400266D4677
:10EA50004FF0010B0F278AE76C238DF8003000265A
:10EA60006D464FF0010B82E74FF4D963ADF80030EB
:10EA700000266D464FF0020B79E72E78022E07D95B
:10EA8000042E08D000266D464FF0010B09276EE7D3
:10EA9000002E00F08C8184F8B0666D4600264FF0A1
:10EAA000010B64E72D7894F8B136AB4205D8002607
:10EAB0006D464FF0010B082759E794F8B03684F8FB
:10EAC0004454022B34D8ABB39DF80A60ADF81C80D7
:10EAD000022107A884F845A4FFF722F8012E29D1C6
:10EAE00004EB85053146D5F8340419F03DFA94F865
:10EAF000443404EB8303D3F8340419F077FA3B4B26
:10EB000019681A68521AB2F5967FFAD394F8443409
:10EB100004EB8303D3F8340419F06EFA94F8443408
:10EB200004EB83032021D3F8340419F01DFA01E02B
:10EB3000042BC9D084F8458484F8468400266D46A9
:10EB40004FF0010B13E72B7894F8B12684F8458435
:10EB50009A4284F84684AAD984F844340326244B84
:10EB600007AA03F1100C18685968154603C5083345
:10EB700063452A46F7D11B782B70112107A8FEF7B1
:10EB8000CFFF082104A8FFF7BDF8002850D09DF85A
:10EB90001030342B4CD19DF81130372B48D19DF8D3
:10EBA0001230312B44D19DF813309DF8150084F8B4
:10EBB00047349DF8143084F8463484F84504B4F89A
:10EBC000451401F5BF521F3292B241F2FE05AA422E
:10EBD00012D884F8B0A694F8B036064D84F84834BC
:10EBE00000264FF0040BC2E638AC00208C19002040
:10EBF00077D704087DB0002021F0080249F20735DC
:10EC0000AA4207D049F20A32914203D049F20B429C
:10EC1000914203D1022384F8B036DCE7013BDBB23A
:10EC20008E2B05D8062803D1042384F8B036D2E70A
:10EC3000013E16F0FF0692D1694D84F8456484F8D0
:10EC400046644FF0040B0F2791E694F8B026012A92
:10EC500001D0042A46D12B788DF80030042A0CBF4D
:10EC60009B005B00DBB202A88DF809308DF80A80AA
:10EC7000FFF726F870B14FF48173022107A8ADF8B1
:10EC80001C30FEF74DFF40F2DC50FEF7C7FF302886
:10EC90003FF4D1AE00266D464FF0010B0F2766E61C
:10ECA0002B788DF8083094F8B036022B0CD8CBB105
:10ECB000022B0BD102A90720FFF76CF80028E9D03E
:10ECC0009DF808B0002652E6042B0BD102A90320C0
:10ECD000FFF760F8F2E72B788DF8083094F8B0363B
:10ECE000022B05D000266D464FF0010B02273EE6B1
:10ECF00002A90420FFF74EF8E0E794F8B0368DF84B
:10ED00000860022B10D8002B3FF495AE02A8FEF746
:10ED1000D7FF0028BED0FA2202A90120FEF7B7FFD4
:10ED200000287FF488AEB5E7042B7FF484AEEDE7CE
:10ED300094F8B0368DF80860012BD3D0022BA9D1FE
:10ED400002A8FEF7BDFF0028A4D040F2DC5202A9C1
:10ED50000520FEF79CFF00287FF46DAE9AE794F83B
:10ED6000B056042DBED102A88DF80860FEF7A8FFAA
:10ED700000288FD002A8FEF762FF00288AD04FF447
:10ED80008273022107A8ADF81C30FEF7C9FE1420DB
:10ED9000FEF744FF30283FF44EAEC0287FF47AAF30
:10EDA0002F4648E60F4D00264FF0090BDFE56D4674
:10EDB0004FF0010B0927DAE5013BDBB284F8B136ED
:10EDC00004EB83030221D3F8340419F0CDF894F84E
:10EDD000B13604EB8303D3F8340419F007F90CE6D9
:10EDE0007DB0002030250508094BD3ED086A16EEEA
:10EDF000903A26EEA67A002BF0EEC77AB8BFF1EE75
:10EE0000677A27EE800A034B83ED160A704700BF2E
:10EE1000A49100209064002008B50120FDF776F849
:10EE2000044B93ED080AFFF7DFFFBDE80840FDF74C
:10EE3000BBB800BF9064002010B50E4C94F8B70624
:10EE4000E8F790FB94F8C506E8F78CFB94F8D23607
:10EE5000022B04D0084B1A78022A05D010BD94F872
:10EE6000D606E8F77FFBF5E7BDE810409878E8F7AD
:10EE700079BB00BF38AC0020849B0020054B93F881
:10EE8000260703F5E272483301280CBF10461846E6
:10EE9000704700BF04400020114B124A002908BFF0
:10EEA000014630B51874597413889BB10E4CB4FBED
:10EEB000F3F5956004FB01F5B3FBF1F1B5FBF3F558
:10EEC0004443D560B4FBF3F45180B3FBF0F3146119
:10EED000938030BDC2E90233136153809380F8E719
:10EEE000200600200440002040420F002DE9F0479A
:10EEF000B24DB34CB5F87233B5F85E636288B5F8BD
:10EF00005C13B5F87873002B18BF1E46B5F87A333A
:10EF10005208002B18BF1F468A42A8BF0A462DED93
:10EF2000028BA36801210420FEF7C6FA3246E3688B
:10EF300095F86D13A34E0020FEF7BEFAE368B5F80E
:10EF4000602395F86E130120FEF7B6FAB5F8622338
:10EF5000E0689D49B1FBF0F19142B5F86433C4F823
:10EF6000B86445D299420ED8B5F86623E068964950
:10EF7000B1FBF0F19142B5F86833C4F834653AD387
:10EF8000002A59D139E08AB2002BEDD007EE902A41
:10EF9000B8EE678A07EE903AF8EE677A8B49DFF8A9
:10EFA0003482C4F8B81428EE277A67EEE77A4FF077
:10EFB000000AE8EE087A4FF00009C7EE278A4046BB
:10EFC000E16801220AF1010A08F12808F0EE680A56
:10EFD000B0EE480AEAF7A4F9BAF1030F48F8109C1A
:10EFE00048F8149C48F8089C48F80C9CE7D1BBE70B
:10EFF000002AC9D1B8E799421DD8E36895F877137C
:10F000003A460220FEF758FAE368B5F8802395F8EF
:10F010007E130320FEF750FAB5F88223E0686A49B0
:10F02000B1FBF0F19142B5F88433C4F8A86637D348
:10F03000002A3ED136E08AB2002BDED007EE902ABD
:10F04000B8EE678A07EE903AF8EE677A5F49DFF824
:10F050008881C4F8341528EE277A67EEE77A4FF0F6
:10F06000000AE8EE087A4FF00009C7EE278A40460A
:10F07000E16801220AF1010A08F12808F0EE680AA5
:10F08000B0EE480AEAF74CF9BAF1030F48F8109CC1
:10F0900048F8149C48F8089C48F80C9CE7D1ACE769
:10F0A000994205D8B5F87233A3BB84F82A373CE0FF
:10F0B0008AB2002BF6D007EE902AB8EE678A07EEE8
:10F0C000903AF8EE677A4149414EC4F8A81628EE06
:10F0D000277A67EEE77A4FF00008E8EE087A002713
:10F0E000C7EE278A3046E168012208F10108283678
:10F0F000F0EE680AB0EE480AEAF712F9B8F1030F29
:10F1000046F8107C46F8147C46F8087C46F80C7CDF
:10F11000E8D1C7E795F86D23032A27D8DFE802F086
:10F12000021A1E22012284F82A27A4F82E37B5F8E5
:10F130007433A4F83037B5F87A33B5F85E23A4F801
:10F140002C27C3B395F87723032A30D8DFE802F0E1
:10F15000122B2327022284F82A27E6E7032284F8C9
:10F160002A27E2E7042284F82A27DEE7002284F82F
:10F170002A27DAE7012284F83227BDEC028BB5F8A2
:10F180007823A4F83637B5F87C33A4F83427A4F8EC
:10F190003837BDE8F087032284F83227EDE70422F0
:10F1A00084F83227E9E7022284F83227E5E70022D3
:10F1B00084F83227E1E784F83237DEE738AC002004
:10F1C00004400020FDB6030820A10700E5B50308B0
:10F1D000B0460020C04400203C45002030B5234903
:10F1E00091F82637012BE1B004D0022B19D0ABB136
:10F1F00061B030BD01AC01F5E27120464FF4BE7242
:10F200002CF022FCA3681BB10DF1BA0120469847EF
:10F21000174BB4F9B6201A8061B030BD01AC48314B
:10F22000EBE701AC483120464FF4BE722CF00CFCE9
:10F23000A3681BB10DF1BA01204698470D49B4F9F6
:10F24000B6504FF4BE7220462CF0FEFBA3681BB1F3
:10F250000DF1BA0120469847B4F9B630044AAB42E2
:10F26000B8BF2B46138061B030BD00BF0440002002
:10F27000CC800020C84100200D4B93F82627012A9E
:10F2800007D0022A0BD0D3F8C001B0FA80F04009B1
:10F290007047D3F83C03B0FA80F040097047D3F8C8
:10F2A000C021D3F83C3313430CBF0120002070472A
:10F2B0000440002070B516F035FE0E4A0E49C2F823
:10F2C000E80602F5DB6402F2EC6001F10C0602F2E2
:10F2D000F4620025F1EC017A24F8025BFDEEE77A96
:10F2E000B14217EE903A1BB220F8023B22F8023BE3
:10F2F000F0D170BD38AC0020389700200239D0ED35
:10F30000007A90ED017AD0ED026A062911D8DFE883
:10F3100001F0171E272E37400400B1EE477AF1EEB8
:10F32000677AF1EE666A80ED007AC0ED017AC0ED91
:10F33000026A1C4B9B7C03B170471B4921F03CBB0C
:10F34000F1EE677AC0ED017A80ED007AF1E7F1EE37
:10F35000677AB1EE477AC0ED007A80ED017AE8E78E
:10F36000B1EE477A80ED007AC0ED017AE1E7F1EE87
:10F37000677AF1EE666AC0ED007AC0ED026AD8E7FE
:10F38000F1EE666AC0ED026A80ED007AC0ED017AA6
:10F39000CFE7B1EE477AF1EE666A80ED017AC0ED13
:10F3A000026AC6E72006002034B3002010B50446E8
:10F3B00021F002FB044B9B7C03B110BD20460349A6
:10F3C000BDE8104021F0F8BA2006002034B3002038
:10F3D0002DE9F04F2DED088B436883B00446984724
:10F3E000002800F0C580D4F87871B34B002684F86B
:10F3F000FC60002F4AD193F86C33B4F9B020002B95
:10F4000040F0BB80AD4B93F82837002B40F0B5801F
:10F41000D4F8A430D11A0029B8BF4942B1F5804FC1
:10F4200002DCC4F8A420134607EE903AB4F9B210F7
:10F43000D4F8A83094ED237ACA1AF8EEE77A002AB5
:10F4400077EEC77AB8BF5242B2F5804FC4ED267A44
:10F4500002DCC4F8A8100B4607EE903AB4F9B410D9
:10F46000D4F8AC3094ED247ACA1AF8EEE77A002A80
:10F4700077EEC77AB8BF5242B2F5804FC4ED277A13
:10F4800000F39380C4F8AC100B468EE08B4AB3F8BF
:10F4900070539168B3F96A238948DFED8A8A00784E
:10F4A000019042F2107909FB05F9B9FBF1F907EE79
:10F4B000909AF8EEE77AB7EE007A87EE27AA3146FF
:10F4C00004F18C08254604F1B00A4FF0010B08EE58
:10F4D000102A93F858239FED7C9A09EE902A7B4AD4
:10F4E000B8EEC88AD068F8EEE9AA68EE288A8446A1
:10F4F0003AF9020B4F4507EE900A6CD098ED298A35
:10F50000D5F84C01F8EEE77A013037EE888A012809
:10F5100088ED298AC5F84C016DD095ED4F5A95EDCF
:10F52000516A07EE100A77EEC55AB8EEC77A012F76
:10F53000C5EE876A36EE857A77EEC77A85ED507A22
:10F54000A5EEA76A85ED4F7A85ED526A85ED516A81
:10F5500059D00136032E08F1040805F11405C7D16E
:10F560006046012FD06000F08B80013FC4F87871B5
:10F5700003B0BDEC088BBDE8F08FB4F9B23094ED68
:10F58000246AD4ED236A07EE103A07EE902AB8EE0B
:10F59000C77AF8EEE77A37EE467A77EEE67AB4F98C
:10F5A000B43084ED277AC4ED267A07EE903A94EDD4
:10F5B000257A94F8BA10F8EEE77A092977EEC77A37
:10F5C000C4ED287A43D004F1980003B0BDEC088B59
:10F5D000BDE8F04F92E688ED299AC5F84C1198EDF8
:10F5E000298A88ED009AF8EEE77A37EE888A88ED66
:10F5F000298AC5F84CB1012FC5ED507AC5ED4F7A77
:10F6000085ED519AA5D1D5F84C01012829DD0138A5
:10F6100007EE900AD5ED526AF8EEE77A86EEA77A01
:10F62000B1EEC7BA06B319EE900A20B1F4EECBAA38
:10F63000F1EE10FA3AD42AEE088A022E88ED008AFA
:10F6400087D138EE688A604684ED258A89E704F51B
:10F65000827104F1980003B0BDEC088BBDE8F04F57
:10F66000A4E6B0EE49BADDE701981428DBD1B0EE8C
:10F670004B0A2AF03BFE104B144A84460021D2E785
:10F68000134A93F8201713680022C3E90722C3E93D
:10F690000A2229B10F4B1B6833F480537FF465AF06
:10F6A000012011F083FCD4F878715EE7C2F80CC039
:10F6B000C4F878915CE700BF38AC0020044000201B
:10F6C0008C6000200AD7233C0000000090600020DE
:10F6D00094800020188700201F4BB3F8443013B5E6
:10F6E0001E4C1BB9A4F8243702B010BD1C4A128866
:10F6F000A4F82427002AF7D007EE903ADFED196A24
:10F70000B8EEE77A04F5E560C6EE877AFCEEE77AB4
:10F7100017EE901ACDED017A07EE902AB8EE670A3F
:10F7200021F0EAFAB4F82437019900EE103A04F512
:10F73000EA60B8EE400A21F0DFFAB4F82437019904
:10F7400000EE103AB8EE400A04F5EF6002B0BDE8F2
:10F75000104021F0D1BA00BF2884002038AC00202E
:10F7600080640020002474492DE9F04F2DED088BB2
:10F77000B04CB14D94F86C33012B8DB000F04D813D
:10F78000022B0CBF0723002385F83A37AB4B1A78BE
:10F7900000200121D31E85F82707A5F828173A2B4A
:10F7A0003FD8DFE813F037013E003E0037013E004E
:10F7B0003E003E003E003E003E003E003E0037015F
:10F7C0003E0037013E003E0037013B003B003E005B
:10F7D0003E003E003E003E003E003E003E003E0039
:10F7E0003E003E003E003E003E003E003E003E0029
:10F7F0003E003E003E0037013E003E003E003E001F
:10F800003E003E003B003E003E003E003E003E000B
:10F810003E003E003E003E003E003701012385F8D9
:10F82000293794F85B3394F8767385F826370023EC
:10F8300084F8B837002F00F01F81FE0700F1A9807F
:10F84000BB0740F1B7807E497E48FDF76AFD94F81A
:10F85000B837002800F0E58043F0020384F8B83799
:10F86000002F40F0E380784E84F876334FF00108A3
:10F8700095F82627022A00F05C82002A40F0D885FD
:10F88000D90700F1F48203F00301DA4302F0010228
:10F89000032985F8262784F85B2300F0D58595F8A1
:10F8A0002637013B012B1DD84FF001086749C5F8E9
:10F8B000401201F110036348C5F84432FA39FDF7EC
:10F8C000C9FC95F8283723B195F8C632003B18BF1C
:10F8D00001235F4A95F8C71285F828371175B8F1EA
:10F8E000000F04D0022384F8EA3721F095FA95F846
:10F8F000263713F0FD0F00F0348295F82637D5F83F
:10F90000D020C5F84063012B6A6100F04582514F59
:10F91000B6F82831B6F82A812B80582200213846C3
:10F92000A5F824872CF0F2FFFFF7A8FAB861DFF8FA
:10F93000449194F85B23B6F8B81099F80330B98273
:10F94000012A3B7708BF444894F8BB3614BF4348AC
:10F9500094F8C9364249BB7521F000F999F8023094
:10F96000132B00F29C82DFE813F09E029A029A02A7
:10F970009E029A029A029A02A202A6029A02A60283
:10F98000A602A6029A024205490549059A024F05B8
:10F9900053052D4E33493046FDF7C3FC8046002801
:10F9A00040F03282B8073FF54EAF94F8B837002BDD
:10F9B0007FF45EAF4FF0000B2B4E94F8D21694F804
:10F9C000D73686F8D430022906F18403F36000F0BC
:10F9D000A181032900F08681012900F06281234E74
:10F9E000337896F80580012B54D0022B07D1204D97
:10F9F0007178284619F036F8002840F01082092462
:10FA000009F0B0FA013CFBD158460DB0BDEC088BB3
:10FA1000BDE8F08F85F8272703E7042385F83A37F8
:10FA2000B4E6002BC6D0002F3FF41DAF064E4FF0BA
:10FA300000081DE738AC0020044000208C60002046
:10FA4000FAB20020C84100204C400020F4B300204E
:10FA5000200600202884002002B30020F4B20020F9
:10FA600048840020ECB20020FC350020849B00205C
:10FA70005035002080640020D349D448FDF751FC64
:10FA800000283FF4E0AE94F8B83743F0010384F85F
:10FA9000B837D8E6F278013A032A00F2D884282150
:10FAA00001FB02F1CA48CB4D6718014487F81038B2
:10FAB00087F81428296033792B71B8F1080F00F208
:10FAC000E78001A353F828F083FE0108FFF901083D
:10FAD00083FE010833020208A70102088F0302080F
:10FAE0009D0002083B0102086703020809210C205F
:10FAF000E9F744F8282018F0D1F801233A46B54830
:10FB0000082119F073F99DF914309DF81420002B89
:10FB100080F20C83530640F10983AE483A465146C1
:10FB2000092319F063F9002800F00083A94809238C
:10FB30000DF11D02192119F059F9002800F0F68283
:10FB40009DF815309DF814109DF817001A0942EA27
:10FB500001121B02C9099DF8161003F4706341EAF3
:10FB6000030118BFA2F580521E059DF81830A4F8B5
:10FB700004294FEA03139DF8192043EA003348BFD4
:10FB8000A1F58051A4F80619180343EA1211BDF833
:10FB90001A304FEA02425BBA02F470229BB243EA87
:10FBA000020348BFA1F580111203BDF81C20C4F860
:10FBB000081948BFA3F58013C4F80C3953BA9AB298
:10FBC0001F04BDF81E3048BFA2F580325BBAA4F80E
:10FBD00010291E049AB2BDF8203048BFA2F5803229
:10FBE0005BBA1804A4F812299AB2BDF8223048BFB3
:10FBF000A2F580325BBA1904A4F814299AB24CBF5A
:10FC0000A2F580331346BDF82420A4F8163952BA61
:10FC100093B2120448BFA3F5803354210620A4F800
:10FC20001839E8F7ABFF01230DF1130228216948C9
:10FC300019F0DCF89DF8131021F07F0141F0540118
:10FC40000720E8F79BFF0C210920E8F797FF072121
:10FC50000820E8F793FF5F4819F008F85E495F4A0B
:10FC60005F4B6048C5F88410C5F888205E495F4A3C
:10FC7000C5F88C305E4B0024C5E92401C5E9262374
:10FC8000A5F87E404AF6C874A5F880404FF00808F1
:10FC9000584A5949136881F8168043F004031360E9
:10FCA000ADE694F8D336013B032B0AD8282202FB99
:10FCB00003F24748A718024487F8101887F8143849
:10FCC000F26094F8D436337494F8D136062B00F2EF
:10FCD000AA83DFE813F0A900A803A90063017A0151
:10FCE0001201BB01454B95F82607A3F5BE7201280A
:10FCF00018BF134693F8B830062B7FF470AEFFF7A9
:10FD0000BDF894F8D43686F884101030C6F8880010
:10FD10003374D9E794F8D51606F10C0018F0A2FE5A
:10FD200000283FF45CAE94F8D60618F0ADF8706188
:10FD3000CAE703F00302032A11467FF4A6AD95F843
:10FD40004B1195F8C722914200F0C88095F82637EC
:10FD5000022B40F0C780002385F8263784F85B33F8
:10FD6000C0E52749C5F8C41001F110033046A1F5DC
:10FD70009E71C5F8C830FDF76DFA95F8283723B1A4
:10FD800095F84A31003B18BF01231B4A95F84B11E7
:10FD900085F828371175B0E5184E1A4FB6F82811B6
:10FDA000D5F84C32B6F82A812980582200213846ED
:10FDB0006B61C5F84063A5F824872CF0A7FDFFF719
:10FDC0005DF8B861B3E500BFECB200204C40002004
:10FDD00048B4002050350020751A0408711A040830
:10FDE0006D1A0408651A0408993E0408AD1A04083F
:10FDF000791A0408D080002020060020C841002085
:10FE000028B400202884002094F8B83717F002089E
:10FE100043F0010384F8B8373FF42AAD13E5B07816
:10FE200018F032F8A86048E6F3681B78012B00F060
:10FE30006A850022022BDFF8B8828DF8142000F0CA
:10FE4000E78605AFAA483A4601230A2118F0CEFFFB
:10FE5000002800F0FE809DF81430482B40F0F98017
:10FE6000A44AA54B48F80C2C73600220C7E003F0AD
:10FE70000302032A3FF463AFB8F1000F3FF437AD3C
:10FE800030E5F38894F8B688F0795BBAA4F8B43812
:10FE9000B8F1000F00F0D8844FF00208F8E6012B0B
:10FEA00000F0BD8200233A7D022A00F066843A7D8C
:10FEB000032A00F050843A7D042A00F04684511F42
:10FEC000042900F294828D4B7B60931F8C49B960AA
:10FED000032B40F28D87082200F011BC63F07F03F2
:10FEE00084F8B83795F82637013B012B7FF6DEAC56
:10FEF000B8F1000F3FF4FBACF4E4F3681B78012B7E
:10FF000000F03A8580220A21794819F043FA05AFBA
:10FF1000142017F0C3FE002575488DF814503A469A
:10FF200001230D2118F062FF20B19DF81430FF2B42
:10FF300000F08E8694F8D136072B7FF450AD6C48D4
:10FF400018F094FEF3685D6880226B21284619F052
:10FF500021FA962017F0A2FE012328463A46752181
:10FF600018F044FF9DF8143003F0FD03712B7FF46B
:10FF700036ADF36802225868372119F00BFA962043
:10FF800017F08CFE0C235A48337418F06FFEE8F714
:10FF90004BFE002800F05386072035E0DFF8508143
:10FFA00005AFF3681B78012B00F0ED8400238DF87A
:10FFB00014304F483A460123002118F017FF20B1B2
:10FFC0009DF81430482B00F08E83F76895F82617BB
:10FFD0003B78012B04BF94F8D4363374494BA3F516
:10FFE000BE72012918BF134693F8B830062B00F0F3
:10FFF000C185E8F719FE00283FF47FAF042094F88C
:020000040802F0
:10000000D136072B00F012823F4A40491368C87569
:100010000121084643F00803136018F0B3F8336871
:100020003B4898470021012018F0ACF894F8D036EE
:100030000121002284F8B01886F8AC200BB186F8B4
:10004000AC303449344820F089FDC8E4DFF8A080A2
:1000500005AFF3681B78012B00F0A28400238DF814
:100060001430234801233A460F2118F0BFFE002820
:1000700097D09DF814303D2B93D1284A284B48F84F
:100080000C2C73600620BAE72B681B78022B02D178
:10009000A86818F0A7FB0EB100232B7100261420CE
:1000A000CDE90566CDE9086607960A968DF82C60BD
:1000B00017F0F4FDE8F744FD2B681B78012B00F0E6
:1000C0007C840123174A1848D12118F08FFE94F838
:1000D00058395C2B00F0EA812B681B78022B00F06A
:1000E0003584002E3FF48BAC00232B7187E400BFD6
:1000F00008360020653604088D3504087D22040882
:100100000D590408C8410020D0800020200600209E
:10011000FC350020AC36002018B300201D36040842
:100120000D35040890B50020503500202B681B7851
:10013000022B02D1A86818F055FBB37984F8243952
:10014000142017F0ABFD94F8240917F09DFE064625
:1001500048B12723C380BF4BBF49AB67E7F7C4F95A
:10016000304618F005F92B681B78022B00F040850B
:100170002B681B78012B00F0328400270123B74A3B
:10018000B748002118F032FE94F82539502B00F0C2
:100190002F842B681B78022B02D1A86818F022FB51
:1001A0000FB100232B71142017F078FDE8F7C8FC7D
:1001B0002B681B78012B00F0098400260123A94A33
:1001C000A748D02118F012FE94F83D39582B02D0E0
:1001D000602B7FF459AFA24818F048FD1823A24ABB
:1001E0009F48882118F002FE3122F4219C4819F022
:1001F000D1F89E499E4A9F4BC5F8841000200124E7
:100200009D49A5F87E009D4885F87C40C5F88C2066
:100210009B4CC5F8883045F6D8129A4BC5F89040EB
:10022000C5E92510A5F88020C5F89C304FF00408DA
:100230002EE50DF113070A2017F030FDE8F780FCDA
:100240002B681B78012B00F0A08400230193394612
:100250000122A020E8F7C0FC8146002800F063835B
:100260009DF81330FF2B00F05E832B687C481B78D1
:10027000022B4FF001024FF01E0100F0008519F033
:1002800089F84FF42F6017F0FDFCDFF81CA24FF047
:10029000A00805AF4FF00003022240463946ADF8F2
:1002A000143008F10208E8F797FC9DF814209DF837
:1002B00015305FFA88F843EA0223B8F1B00F2AF844
:1002C000023BE7D1B4F8FA08002300F47F4CA4F80D
:1002D000FAC800F00F00194621F001022244B2F8DA
:1002E000EC28002A18BF4FF0000911F0010F1ABFC7
:1002F000D2B2534083EA1223082213F4004F18BFEE
:1003000083F4C053013A4FEA4303F6D10131102977
:10031000E2D14CEA000CA4F8FAC8B9F1000F40F0A1
:100320000383C3F30333984240F0FE824C48564C9B
:1003300018F09CFC42F210735449554A5548A5F8F0
:100340007E30A5F88030C5F88410534B5349C5F86A
:100350008820534AC5F88C40C5E92401C5E9262305
:100360004FF0030894E405AF2B681B78022B14D1DF
:10037000A86817F041FEA86808B12123C3800121B5
:1003800017F0F2FD474818F0AFFBA88005E005AF75
:100390002B681B78022B00F070832B681A78012AD7
:1003A00000F0638300230193DFF8B4904FF0050859
:1003B000642017F073FC01233A460D21484618F0DB
:1003C00015FD28B19DF814A0BAF1100F3FF48EABC3
:1003D000B8F10108ECD12B681B78022B00F0558492
:1003E000019B002B3FF4A9AE00232B71A5E63A7DBB
:1003F000082A00F0A5820B2A00F0A2823A7DA2F121
:100400000C01012940F2AD813A7D0F2A00F097815D
:100410003A7D102A00F06E81002B7FF440AD4FF042
:10042000010BFFF7C9BA072B7FF4D9AA05AF86E500
:10043000012A40F09A829A077FF525AA03F0030269
:10044000032A7FF433AA7AE44FF0010877E4044DDD
:10045000FFF731BBF5390408C83500205DB5002031
:100460005035002075B5002078B500209517040898
:100470007D21040889180408753F0408293F0408F1
:1004800019390408B91F0408693E0408B940040872
:10049000B1400408B34004089718040871400408E8
:1004A000393E04088096980024B50020B9489FED95
:1004B000BABA9FEDBA8A9FEDBA9A9FEDBAAADFED5C
:1004C000BAAADFEDBA9ADFEDBA8A18F0CFFB05229F
:1004D000F121B04818F05EFF192305AAA021AD480C
:1004E00018F084FC9DF815A09DF81430BDF820107C
:1004F0009DF82C20BDF8288001924FEA0A1A4AEA9A
:10050000033ABDF822309DF8262003925BBA49BA1F
:10051000BDF82420ADF80A3089B298FA98F801EEB7
:10052000901A1FFA88F8BDF80A109DF82790BDF8B8
:100530002AE0BDF816C0BDF81A609FED9E0ABDF80E
:100540001870BDF81C40BDF81E00DFED9B5A9FEDF2
:100550009B1ADFED9B3A9FED9B4ADFED9B4A9FED97
:100560009B5ADFED9B0A53BA07EE108A019A02EEFE
:10057000101A99B2039B1AF4002F4AEA1212B8EE2D
:10058000C77A4FEA09199EFA9EFE49EA03391FFA13
:100590008EFE1ABFA2F5801306EE903A06EE902A60
:1005A000A7EE0B8A9CFA9CFC1FFA8CFC07EE10EA63
:1005B000B8EEE63AF8EEC76A07EE10CAA6EE890A68
:1005C00076BAB6B2B8EEC77A7FBAA7EE251A64BA81
:1005D00040BA07EE106A019B7E4EBFB2A4B280B251
:1005E00006EE100AF8EEC75AF0EE406A07EE104A1F
:1005F00000EE107A03F00F0219F4002FB8EEC09A43
:1006000042EA0902B8EEC70A02EE901AB8EEC67ABC
:1006100018BFA2F58013A5EE8A4A4FF0F4015D4899
:100620009FED6DAADFED6D5A9FED6D6A6D4F6E4CBB
:10063000E9EE2A3A4FF00608E0EE294AA7EE285ADA
:1006400014BF07EE903A07EE902AF8EEE11AB8EEE2
:10065000C22A9FED660A9FED669A9FED667A664B09
:10066000F8EEE22AE1EE8A5A7B22A2EE096AA2EEB5
:10067000807AF8EEE77AC3ED026A67EEA07A63EE5D
:10068000206A83ED018A83ED041AC3ED007AC3ED7D
:10069000036AC3ED053A83ED064AC3ED074A83EDCD
:1006A000085AC3ED095A83ED0A6A83ED0B7A18F0F4
:1006B00071FE0122DFF88CC150485149514B85F839
:1006C0007C204FF0000E45F6D812C5E921C7C5E9D8
:1006D0002364C5E92501A5F87EE0A5F88020C5F8CA
:1006E0009C30FFF7D5BA484A484B48F80C2C736049
:1006F000032084E4464A474BC7E9012313224649B5
:1007000046480B68427543F002034FF480720B6059
:1007100043487B68BA819847BB89A7F8448007EEB5
:10072000903AF8EEE77AF7EE006A86EEA77A4FF095
:10073000010B87ED007AFEF7CFFFFFF73DB9394A8D
:10074000394BC7E901231222D9E7384A384BC7E9A8
:1007500001230822D3E7374A374BC7E90123072291
:10076000CDE7364834490C2AC7E9010100F08B82F5
:100770000D2A7FF451AE1022C1E77B7D304A7A60AA
:10078000002B0CBF6F226E22294B7A77BB600322AD
:10079000B5E700BF50350020627361323B70CEBBBD
:1007A00007F283271AA71B35F210212E1554962C19
:1007B000A06B40283220A7ADAA5F3A36CDCCCC3D05
:1007C0008F284E32022B073D5C7C61344F2C2DB0BC
:1007D0000000803D8D18040871EDD5236841A32ADF
:1007E0002A52172791180408ED350408CA2A361D25
:1007F000EB2DD8203AE1152594B50020153E0408CC
:10080000CD3D0408D11704085939040845380408B7
:100810008D220408793A0408D080002020060020A8
:1008200028840020AD220408352F0408752204080E
:10083000093B0408852204080D5904089D22040878
:10084000B52204089518040817F01EFBC4F8B80870
:1008500008B15023C380012117F086FBD4F8B808F3
:1008600017F0CAFB94F8B50817F00EFBC4F8BC08E3
:1008700008B12723C380C94BC4F8C038C849E6F77C
:1008800033FED4F8BC0817F073FD142017F006FAF5
:100890002B6893F80090B9F1010F00F0FB814FF045
:1008A00000090DF11307BF483A460123D02118F083
:1008B0009DFA48B19DF8133084F8DB380322552B9C
:1008C000A4F8E42800F0ED81D4F8BC88B8F1000F5A
:1008D0000ED04FF0000A404688F806A017F036FD0B
:1008E000404617F00DFD0028A4BFAF4B43F820A0F1
:1008F000D4F8B80817F07AFBB9F1000F3FF49BACBD
:1009000000232B7197E494F8D4363374DFF8D8823F
:1009100000238DF81430337C002B7FF492AA1E2321
:100920003374FFF78EBA05AF2B681B78022B00F0EB
:10093000A281019B002B3FF42BAD00232B7127E5F7
:100940009A4A9B4BC7E901230E22D8E6A8682021CA
:1009500017F00AFBAB68002B3FF4C3AB4022DA80F0
:10096000002E3FF44CA8FFF7BFBB03F00302032A9D
:100970007FF4B8AAFFF7E3B994F8D43603B90D238E
:100980003374FFF7BFBA94F8D436337400228DF86D
:100990001420002B7FF40DAB0C233374FFF709BB3D
:1009A00094F8D436337400228DF81420002B7FF491
:1009B00058AB1E233374FFF754BB2A79002A7FF407
:1009C00080AB70221E462A71FFF77BBB2A79002A72
:1009D0007FF4F3AB76221E462A71FFF7EFBB2A792C
:1009E000002A7FF4CAAB76221F462A71FFF7C6BBE6
:1009F0006C4818F03BF926B16A484222192118F0D8
:100A0000C9FC68486B4A15230446312118F0EEF9F9
:100A100003221C21204618F0BDFC13221B21204676
:100A200018F012FC64486549C5F88400C5F88C10BC
:100A300063486449644AC5F888200023A5F87E30DD
:100A4000C5E92510614BC5F8903049F24B02604B67
:100A5000A5F88020C5F89C302046E8F759F8002812
:100A6000FAD14FF00708FFF713B92B79002B7FF469
:100A700099AC762301922B7196E4A86808B12123E2
:100A8000C380012117F070FAA86817F0B5FA514831
:100A900018F02AF84FF0000C0123A8803A4641488C
:100AA0008DF814C0CF2118F083F89DF81430BD2BB9
:100AB00002D0B12B7FF458AC20213A48042218F020
:100AC000ABF800212120E8F773F800283FF44CAC84
:100AD0000F211020E8F76CF800283FF445AC012105
:100AE0002320E8F765F800283FF43EACCE22202111
:100AF0002C48DFF8F880DFF8ACA018F08DF801235F
:100B00003A462848E02118F053F8012385F87C3054
:100B1000A5F87E304AF2C223A5F880302E4B2F4A2A
:100B2000C5F88420C5E92233C5F89020C5F8943073
:100B30002B4A2C4BD8F80090C5E9262302E0D4F8C4
:100B4000003973B9504623F002F8D8F80030A3EB0F
:100B50000903B3F5FA7F3FF607ACB4F8FC38002B75
:100B6000EDD00023A4F8FC38C4F800394FF0050894
:100B7000FFF78EB803233B7094F8D4363374FEF736
:100B80007DF910307860FFF734BA2A79002A7FF4B3
:100B90005CAB772201932A71FFF759BB65220408E9
:100BA000F8B4002050350020E82A0020A5220408CF
:100BB0000D59040860B50020B5160408B51F0408D7
:100BC000BD3E0408053F0408691A040811390408E9
:100BD000A91B0408809698005D1A0408611A04088D
:100BE0004F3B0408291A0408083600208C190020FD
:100BF000A86817F001FAA86808B12123C380012171
:100C000017F0B2F97C4817F06FFFA880FFF7B0BA71
:100C1000404618F02BF8706917F0EEF9706908B1CA
:100C20003423C380012117F09FF9734817F05CFF4C
:100C3000F36830821B78012B7FF403A96BE66823ED
:100C400080226B2133746D4818F0A4FBFEF7C7BEF9
:100C50006A4801233A46092118F0C8F820B19DF8E6
:100C60001430002B7FF466A9654A664B0520C6E95F
:100C70000023FFF7C4B9A86817F0B4FD59E617F0D0
:100C8000CBFFFFF7FEBA0F2239E5A86817F0AAFDDF
:100C9000FFF7A6BB2B79002B7FF401AE77232B71D6
:100CA000FFE5594817F0E2FF3A460123D1215648A3
:100CB00018F09CF89DF81330534803F00F011E09FB
:100CC00005AA162384F8DC18AA2184F8DD6818F038
:100CD0008DF89DF814C09DF815109DF816609DF8CC
:100CE00018009DF817209DF819309DF81A7041EAF8
:100CF0000C2142EA062243EA00239DF81C609DF87D
:100D00001B00A4F8C4189DF81D10A4F8C62840EADA
:100D1000072041EA06219DF81E709DF820609DF88D
:100D20001F20A4F8C8389DF82130A4F8CA0842EA68
:100D3000072243EA06239DF822709DF824609DF85F
:100D40002300A4F8CC189DF82510A4F8CE2840EA7A
:100D5000072041EA06219DF826709DF828609DF83D
:100D60002720A4F8D0389DF82930A4F8D20843EA07
:100D700006232648A4F8D41842EA07222449A4F8F6
:100D8000D62841F27076A4F8D838224AC5F88400F3
:100D900046F67810A5F87E60A5F880001E4E1F4824
:100DA000C5F88810C5F88C201D491E4A94F8B6383D
:100DB000C5E92460C5E926128BB9D4F8BC0870B126
:100DC00017F094FA58B9104822F0BCFD42F6E060E2
:100DD00016F058FFD4F8BC0817F088FA80460123B3
:100DE00084F8E88884F8B6384FF00208FEF750BF60
:100DF0000332D2B283E400BF809698000836002008
:100E0000F53504088B3404085035002045390408B2
:100E1000394004081140040821390408D93F040866
:100E2000993F04088121040830B583B00C46A21E06
:100E30000146019000201FF09FFF0199094D0A19FA
:100E4000502CC0F30723A8BF502402F8010C02F86D
:100E5000023C05F2546022462AF0F6FDC5F85046E1
:100E600003B030BD38AC002010B50D4A0D4B1078E2
:100E700086B0032200930023CDE90133B2248DF81C
:100E8000040015216846CDE903338DF814308DF840
:100E900005408DF80620FFF7C7FF06B010BD00BF64
:100EA00008060020A64115EB10B5064C227802B9C1
:100EB00010BD054B0549186816F068FF0023237024
:100EC00010BD00BF588C00206C8C0020188C0020B6
:100ED000184A194B517CB3F8F03319B1C3F57F733D
:100EE00003339BB2117C92F91F209FED147A9FED82
:100EF000146A07EE902A06EE901AF8EEE77AF8EEFA
:100F0000E66A67EE877A07EE103A66EE866AB8EE12
:100F1000C77A0C4AE7EE267A6423FCEEE77A17EEEE
:100F2000901A88B203FB00F382FB03201844C0F33D
:100F3000472070479C51002038AC00200AD723413D
:100F40000AD7233C03082080144A154B517CB3F880
:100F5000F03319B1C3F57F7303339BB2117C92F95F
:100F60001F209FED107A9FED106A07EE902A06EE83
:100F7000901AF8EEE77AF8EEE66A67EE877A07EEFF
:100F8000103A66EE866AB8EEC77AE7EE267AFCEE8D
:100F9000E77A17EE903A98B2704700BF9C51002054
:100FA00038AC00200AD723410AD7233C38B5174B69
:100FB0001B788B4218D1052B17D0154B93F8942929
:100FC000D3F8B84903EB42010132B1F89859A1F8BE
:100FD0009809401B204402F00F02010983F894296C
:100FE000C3F8B809A3F8F01338BD07EE900A084C0F
:100FF000B8EE670A04F68C101AF072FBBCEEC00A59
:1010000010EE103AA4F8F03338BD00BF9D990020CF
:1010100038AC00202DE9F041A54C94F8672494F8F1
:1010200066349A4259D094F8673494F8672404EBF4
:10103000431304EB421293F8831492F868748A1EE7
:10104000974255D09B4AB4F86434127801339BB26E
:101050001A2AA4F8643442D0002594F86734964ADA
:101060000133A2FB031202F4FF7101EB52029B1A3F
:10107000DBB284F86734D4F858349BB114F052FFD3
:10108000D4F85034C01AB0F5FA7F05DB45F00405FA
:101090000023EDB284F8C239D4F8BC3953B92846DC
:1010A000BDE8F08194F8C239002BE7D1D4F8BC39FF
:1010B000002BF4D0814A1268D31AB3F5FA7FEED927
:1010C0007F4B1B78032B04BF0023A4F8F0330023CD
:1010D000C4F8BC392846BDE8F0810025CBE7B4F858
:1010E0006434784A9BB20321C2E901310025B4E798
:1010F00094F8672404F58D6505EB421291B306461A
:101100001144002312F8010B03448A429BB2F9D127
:10111000FF2B04D9DAB202EB1323FF2BFAD8FF2BF3
:1011200020D194F86734012202EB431305EB030846
:10113000ED5C002D3ED0954228D1082F4FD05D4A5E
:10114000B4F86434127801339BB21A2AA4F86434D8
:1011500082D1B4F864345B4A9BB20621C2E9013102
:1011600000257AE7534AB4F86434127801339BB20D
:101170001A2AA4F864347FF46FAFB4F86434514A87
:101180009BB20421C2E90131002566E7494AB4F85F
:101190006434127801339BB21A2AA4F864347FF4C1
:1011A0005BAFB4F86434474A9BB20521C2E9013110
:1011B000002552E7192F33D03E4AB4F86434127830
:1011C00001339BB21A2AA4F864347FF445AFB4F813
:1011D00064343C4A9BB20621C2E901313DE794F8F0
:1011E000C039002B3FF438AF98F80150102D4ED085
:1011F00038D8002D7FF430AF94F8C139002B7FF43C
:101200002BAF94F8C339012B4BD9D4F858241AB119
:101210001278303A012A44D9002384F8C3391CE7F4
:1012200008F101013046FAF7DBFB98F81830054663
:101230002548C3EB8323A0FB0330C0F34F100321E9
:10124000FFF7B4FE1D4B15F00A0F1B68C4F8BC393C
:101250007FF403AF94F8673404EB4313D3F884347A
:101260003362FAE6A5F13003DBB2012B3FF6F4AEB0
:1012700058F8010F154BB8F8041098F80620C4F878
:10128000C409C4F8583499809A710025E5E694F8A9
:10129000C1390BB984F8C129012384F8C23900256A
:1012A000DBE60133012284F8C33984F8C229D4E68D
:1012B00038AC00208C600020ABAAAAAA8C190020B0
:1012C0009D990020906000201F85EB51FCB5002007
:1012D0002DE9F041A84CA94DE668002384B00746EB
:1012E00085F89435002E3ED0326862B9144614F069
:1012F00019FE95F8D039013B0646032B24D8DFE8C8
:1013000003F0786A51343279A62A7AD0082485F815
:10131000944500233360EAE7D5F8D439C31A002B8B
:1013200012DB95F8D139002B40F0B98000F543432A
:1013300000F54336503306F5A0760222C5F8D439BD
:10134000C5F8D86985F8D029D5F850360BB144F0E6
:10135000040414F00A0F04BFD5F88C353B62204614
:1013600004B0BDE8F0813446C1E7D5F8CC394CF281
:101370004F32C31A9342E7DD814B4FF4E1311868D5
:1013800006F5434612F06AFE50360023012244F06F
:101390000204C5F8D46985F8D029C5F89035C5F898
:1013A000CC39D1E7D5F8D439C31A002BCCDB744B38
:1013B0004FF4E131186806F5434612F04FFE5036FF
:1013C0000122002344F00204C5F8D46985F8D0292D
:1013D000C5F89035B8E7D5F8D439C31A002BD5F83D
:1013E000D839A0EB0303A8BF44F00404002BABDB07
:1013F000DDE7D5F8CC39002B38D0042385F8D03977
:10140000A2E73268B1798A4280D11846311D1FF0B7
:10141000B3FC804600287FF479AF14F083FDE668C2
:10142000C5F8CC097379212B43D0CD2B7FF46EAF57
:1014300095F8D139327A43F030039A4202D1514BB8
:1014400001221A70F379002B5CD0012B57D14E4B3F
:1014500095F894451B78032B44F0020408BF002341
:1014600085F8944508BFA5F8F03352E7D5F88C35D8
:10147000D5F890259B1A002B7FF74EAF95F8D239FF
:10148000002B3FF461AF3E4B18688368B3F5E13F32
:101490000CBF3E494FF4E13112F0E0FD54E700F596
:1014A000433606F5A0760323C5F8D46985F8D0390C
:1014B0004AE7337AFF2B4AD095F8D12942F030021F
:1014C00093421CD1CDE901883246ADF80C8032F848
:1014D000040FF67991788DF80330ADF8000095F897
:1014E000D2398DF802100A2268460E218DF8046068
:1014F0008DF805208DF80630FFF796FCE66895F824
:10150000944506E796F909300122002B85F89425C9
:1015100008DBC3EB832364200321B3FBF0F080B22C
:10152000FFF744FDF268E2B1D7F818C006F11001E8
:10153000012492FAA2F3B3FA83F331F8020B2CF8E8
:10154000130004FA03F39A43F3D10124E1E6B37ADA
:101550000F4AF1791170012B07D0042385F8D03997
:10156000CDE7092485F89445D3E6054B074918686B
:1015700012F074FDE668F0E72006002038AC002089
:10158000808D00207D8700209D990020801A060014
:1015900008060020F8B5FCF781F900285FD1564C09
:1015A00094F8A436002B58D094F8BE35103BDAB22C
:1015B0000F2A52D894F8C00594F8C42594F8BF15A2
:1015C00094F8C365B4F8C05500F00F0041EA00215B
:1015D0001201B4F8C20542EA161249105210C5F3BE
:1015E0004A15C0F34A00C4E94250C4F80411C4F8D3
:1015F0001021032B72D8DFE803F0656B42023F4BEA
:101600001B78412B07D194F8C6353D4A94F8C5158F
:10161000D1605B4293603B4D297803291DD194F83A
:10162000C6353948C3F17503C3EB832380FB032020
:101630001844DB17C3EB60139BB240F2FF309842B3
:10164000A8BF1846FFF7B2FC94F8C6052B784042B5
:10165000032B00B201D1FAF7D7FA0120F8BD2B4DC8
:10166000254C2A78012384F80031002A98D0284B91
:101670002849186816F08AFB00232B7090E74FF07A
:101680000F0C0E230D220C2194F8C57594F8C66535
:1016900094F8C75594F8C80504EB810104EB820265
:1016A00004EB830304EB8C04FF00F600ED00C000A4
:1016B000C1F80471C2F80461C3F80451C4F804010C
:1016C0000120F8BD4FF0070C062305220421DBE7BB
:1016D0004FF00B0C0A2309220821D5E7074B1B7892
:1016E000412BBAD1B4F8DC39054A01331BB2A4F856
:1016F000DC395360B1E700BF38AC00208C600020BB
:10170000906000209D990020EF23B88FD48B00209B
:10171000048D0020BC8B00202DE9F04FB74C87B022
:101720000546884614F0D0FBD4F8E03940F2D66282
:10173000C31A9342074694F8E43911DD03BB012331
:10174000C4F8E07984F8E85984F8E439AC4B1A78A5
:1017500092071BD0002384F8E53907B0BDE8F08F6D
:10176000002BECD0022B40F2E68194F8E9690236B6
:10177000402EA8BF4026B34223DB07B0BDE8F08F60
:1017800094F8E539013384F8E539D8E794F8285A14
:10179000002DDFD194F8E529022AEED91A8899495B
:1017A0005D6002F0FC0242F4805208681A8096499B
:1017B00012F054FC9449062026F0B8F984F8E55953
:1017C000DBE75A1CD2B22344B24284F8E42983F8FE
:1017D000E859BBDB94F8EA5900202946D52284F861
:1017E000E4091FF0BBFA94F8E9A9BAF1020F0BDD86
:1017F000864B03F1020B03EB0A091BF8011FD522EC
:101800001FF0ACFAD945F8D1A31993F8E739834210
:1018100007D094F8E539022B9CBF013384F8E539F1
:1018200094E70023322D84F8E53945D8132D8DD95E
:10183000143D1E2D8AD801A353F825F0351A02084D
:101840004D170208D91A0208D91A02084D170208C2
:101850004D1702084D1702084D1702084D170208D0
:10186000851902084D1702084D1702084D17020886
:101870004D1702084D1702084D1702084D170208B0
:101880004D1702084D1702084D1702084D170208A0
:101890004D1702084D1702084D1702084D17020890
:1018A0004D1702084D1702084D1702084D17020880
:1018B0004D170208FB1802087A2D02D07C2D7FF408
:1018C00045AF534D296EAAF104024B1C1344602B03
:1018D0003FF73CAF48194A5501304E492AF0B4F859
:1018E0002B6E4D494D4A94F8EC090870AAF1030A91
:1018F000534401212B66117028E72644BA22322175
:1019000000201FF02BFABAF1030F96F8E66909DD03
:101910003E4DAA44033515F8011BBA221FF01EFAEA
:101920005545F8D186427FF411AF94F8EB39C82BB6
:101930007FF40CAF94F8ED390A2B7FF407AF94F8DD
:10194000EE39702B7FF402AFD4F8F03934491ABA6B
:10195000002351F8045B9542D8B203F1010302D091
:10196000102BF6D11846264A94F8EF3911785070AA
:101970009B0003F01C0343F0010321F01F010B4304
:101980001370E3E6DFF8A89099F8001006297FF4B9
:10199000DDAE94F8E829C82A7FF4D8AEBAF1080F72
:1019A0007FF4D4AE94F8EC59C4F8EC736422C5EB20
:1019B0008520B0FBF2F080B294F8EB7994F8ED89D1
:1019C00094F9EE69FFF7F2FA164A92F82420002AF9
:1019D00040F0AB80784200B299F80030062B01D17C
:1019E000FAF712F9104B1B78342B7FF4AFAE0F4B84
:1019F000C3E90076C3E90285A8E600BF38AC002041
:101A0000648C00206C8C0020A068060020B60020AA
:101A1000148D002025B60020638C0020138D00203B
:101A20002CD604089C5100208C600020906000207F
:101A30009D990020DFF8309199F80020062A7FF464
:101A400085AE94F8E829C82A7FF480AEBAF10C0F6D
:101A50007FF47CAE94F8F139019394F8F239029353
:101A600094F8EF6994F8F339039394F9F439C4F8CE
:101A7000EC7394F8EB8994F8EC7994F8EDB994F957
:101A8000EE5994F8F0A90493002E50D07A4212B285
:101A9000314991F8241000294FD005F10A02142091
:101AA00000FB02F080F30A0080B20621FFF77EFA05
:101AB0002AB299F80030062B02D11046FAF7A4F8A2
:101AC000264B1B78342B2AD0352B1DD1244B019A61
:101AD0009A60C3E9006539E694F8E839C82B7FF4C9
:101AE00035AE204DC8F8207005F2F4560FCE0FC564
:101AF0000FCE0FC50FCE0FC596E80F00012684F854
:101B0000F26385E80F0021E6362B7FF41FAE144BFD
:101B1000029A1A60039A5A60049A9A6016E6104B69
:101B2000C3E90087C3E902BA10E630B254E7C8F14E
:101B3000000212B2ACE705261DE602F18201C1EBFC
:101B40008121822091FBF0F0062180B20592FFF7FF
:101B50002DFA059AADE700BF9C5100208C60002053
:101B6000906000202CB000209D990020DFF834C048
:101B7000F0B40139C643002701F8017F03785BB157
:101B800017F80C40421C02E012F8013B23B19C42C2
:101B900006EB0205F8D10D700137082FECD1F0BC2F
:101BA000704700BF3C250508164B03EB400310B5FA
:101BB00093F82C2A0446CAB1022A08D193F82D0AB8
:101BC00000EB800000EB800000F2EE2010BD07204B
:101BD00006F01AFA88B10C4800EB8404D4ED007AC0
:101BE000FCEEE77A17EE903A98B210BD032806D9BA
:101BF0000428ECD1054B188B10BD0548ECE7034BCE
:101C0000588A10BD38AC002088B600209C510020B6
:101C1000548A002008B50B4B1B78013B012B07D9D8
:101C2000094A0A4B1268DA60012283F8252008BDB0
:101C300014F078F9064B0222C3F8980A83F89C2A1C
:101C4000EEE700BF785100208C190020A88A002000
:101C500038AC002008B50C4B1B78013B012B05D993
:101C60000A4AD36803F2DC53D36008BD14F05AF972
:101C7000074B00F5B71000F558700222C3F8980A18
:101C800083F89C2AECE700BF78510020A88A002046
:101C900038AC00202DE9F04FB64FB74C3A689604A7
:101CA00087B040F1C58001232370B44DDFF8308345
:101CB0006A8ADFF83093B24EDFF82CC395F808A09B
:101CC000DFF828B384F801A007EE102AAD4A22619C
:101CD000C4E9028912220021A270F8EE477A4CF280
:101CE000503286F89D1A216206F69C2061460CF15E
:101CF000480EA280DBF80020E1EC017A02F5967232
:101D00008E4540F8042FF5D12A8B07EE902A9E4A83
:101D1000F8EE677A02F17800CCED047A10E001EB7E
:101D2000810101F2D75189B207EE901A5178F8EE8D
:101D3000677A0CEB8101C1ED057A0632904219D029
:101D400011780029F9D192F9021011F17D0FF4DB1D
:101D500092F903E0BEF17D0FEFDC8E45EDDD002949
:101D6000DDDC0EEB8E0E0EF2E15E1FFA8EF107EE59
:101D7000901ADBE7032B39D04CD85A1ED2B2012A75
:101D80000BD844F62062022BA28014BF7F4B804BFD
:101D9000A36014BF08220C22A2703B681B0443D42A
:101DA000EB7B13B17B4B02221A7095F820309FED2C
:101DB0007A7ADFED7A6A6A7FA478794907EE903AF9
:101DC000F8EEE77AB0EE476AA7EEA66A531DA34283
:101DD0004FF00000C7EE067AA8BF234686F8143CF1
:101DE0000860C1ED017A07B0BDE8F08FBAF10E0FBF
:101DF00077D8DFE81AF02200220025039102FB02C7
:101E00009F019F01C202E401170222007600FF0039
:101E100047017F00042BC0D144F62063614AA380B0
:101E2000614BC4E90223B8E75A4B01221A70BCE7A0
:101E3000D50759D50223237037E74020C6F8DC4385
:101E40000EF074FF824600284BD094F801B00023B6
:101E5000594686F8BA33F5F725F8BBF1010F02466B
:101E600000F01584BBF10A0F00F00684BBF1000FEF
:101E700000F02A844D494E4BA160E3604D494E4B22
:101E8000C4E904319AF90400002A40F0908396F8DE
:101E9000BA33002B00F02B84697A484A364B00395C
:101EA00018BF012141F008014FF0030C02914FF4DB
:101EB000E131CDE9001C40210EF095FF404A106051
:101EC000EB7BA278013BDBB29A4286F8CD3302D895
:101ED000002386F8CD33003818BF012000287FF496
:101EE0005CAFC4E9028958E7100740F1FF82032381
:101EF0002370DAE617EE103A32490A221B01B3FBCF
:101F0000F2F30022A3F5B0630132102A41F8043B3A
:101F1000FAD12D4BA27041F29410264AA3602B4BAC
:101F20002B49A0804020C4E90432E1600EF0FEFE9F
:101F30000028D6D06B7A274A90F904000092002B33
:101F400014BF192318234FF00308CDE90183224A57
:101F5000002340210EF047FF0E4BDFF894C01A78A3
:101F60001E49CCF800004163002A7FF416AF83F8C5
:101F7000008012E718600020785100209C5100205A
:101F800038AC0020E1BC010820B7002051BD010899
:101F900039BD01089D990020CDCCCC3D3661823CF5
:101FA000C4B5002075BC01088DBC010875B90108D5
:101FB00011D601083DBC010849E6010871E101089C
:101FC000788D00203CAD002085BB010895150208E6
:101FD00075E60108A068060039E2010871BB010836
:101FE00069BC0108E5BC0108548A00208C19002056
:101FF000048D0020AB4BA361E7F746FD122242F6A9
:10200000F823A270A380A84AA84BA949E160402008
:10201000C4E904230EF08AFE00283FF462AFAB7AD5
:10202000697A90F90400A34A002B14BF0823002307
:10203000002918BF43F001034FF0030C4FF4E131C6
:10204000CDE901C30091002340210EF0CCFEC6F87B
:102050004C0470B1DFF8B8A29AF80030002B00F001
:102060009B830022944B86F8C0291A780AB9032270
:102070001A70D6F84C34181E18BF012000287FF4BF
:102080008CAE2EE78D4A00234FF400410133202B04
:1020900022F8021BFAD142F6F822A370884B95F879
:1020A0002210A280A360814A864B95F821C0A061CE
:1020B00086F8D2194020844986F8D1C9C4E904328F
:1020C000E1600EF033FE00283FF40BAF6B7A90F91D
:1020D00004007E4ADFF83CA2002B0CBF0821092136
:1020E0004FF4E1334FF0030BCDE901B100934021F0
:1020F00000230EF078FECAF8000000283FF4F1AE8D
:10210000734B4363012386F8D03913F00BFF6A4BFE
:1021100000F543401A785030C6F8D4090AB983F85C
:1021200000B0DAF80000003818BF012000287FF462
:1021300034AED6E6BAF1060F4FF00C0200F0FE8185
:102140000023A27086F8472633761B2286F84D3688
:1021500086F84C36052386F8202686F84E364FF44E
:10216000E13A5C4A5C4B42F6F8214020C4E9022384
:10217000A1800EF0DBFD834600283FF4B2AE61780B
:10218000F4F790FE03469BF90400002B00F0E28276
:102190006A7AAB7A003A18BF0122D1B2002B00F064
:1021A0000C8342F008020323CDE900A3029200232E
:1021B0004A4A40210EF017FE494B18608BE6494B06
:1021C0004949A360102241F27C50A270A080374A96
:1021D000E1604FF0000B28234020626186F818B6BA
:1021E00086F819360EF0A2FD00283FF47AAE6B7A1D
:1021F0003E4A90F9040000925B4518BF4FF0090A6F
:102200000322CDE9012A5B46394A40210EF0EBFD5D
:10221000C6F8EC0BB0EB0B0018BF012000287FF4D0
:10222000BCAD5EE617EE103A32490A221B01B3FB41
:10223000F2F30022A3F5B0630132102A41F8043B07
:10224000FAD141F60B232C49A270A3802B4A174BDD
:10225000A1604020E26063610EF068FD82460028C4
:102260003FF43FAE95F82C30002B40F0BC81244A5F
:10227000697A9AF9040000920A1E18BF012203210C
:10228000CDE901121F4B204A40210EF0ACFD0A4B54
:102290001E491A780860002A7FF41DAE06221A70C3
:1022A00019E600BF28B8002005DE01083DBC010882
:1022B0001510020885DE01089D99002098B70020BE
:1022C0003DB90108F9E50108D112020829E1010828
:1022D000C5E001089DB70108C1B70108EDE4010898
:1022E000788C0020B9BC010869BD010848E80100EC
:1022F00081E301087CAD0020B1BB0108D1D8010801
:10230000A068060078510020191702086C8C002084
:102310007F8C0020808D0020BE49BF4ABF4B636187
:1023200042F6F820A0804020C4E902120EF0FEFC24
:10233000824600283FF4D5AD6178F4F7B3FD03463B
:102340009AF90400002B00F00A816A7AAB7A003A0D
:1023500018BF01225FFA82FC002B00F0F08142F0EE
:10236000080203214FF4E133CDE901120093AC4A96
:10237000002340210EF037FD1EE7AA49AA4AA74BC9
:10238000636144F62060A0804FF0000A4020C4E959
:10239000021286F8D8A50EF0C9FC834600283FF447
:1023A000A0AD4FF4805240210EF0ACFC034686F8FD
:1023B000D5A59BF90400002B00F0A7806B7A9B4AFF
:1023C000003B18BF012343F008034FF0030C4FF408
:1023D000E131CDE901C30091534640210EF003FDE8
:1023E000934A944B106083F800A074E5924A934B93
:1023F000082042F6F821A0704020C4E90223A18001
:102400000EF094FC824600283FF46BAD6178F4F73F
:1024100049FD03469AF90400002B00F0B8806B7A5E
:10242000874A003B18BF01234FF0030C4FF4E13102
:10243000CDE901C30091002340210EF0D4FCBBE69E
:10244000804A059302F1240AA261C4F81CA0E7F7B0
:102450001BFB95F82320DFF810C27B48E060002AC0
:1024600042F6F820794941F2707204BF6146024693
:10247000DFF8A8C1C6F8E81B4FF0120E4020A2807A
:1024800084F802E0C4F814C00EF050FC8346002823
:102490003FF427AD6178F4F705FD697A95F80AC035
:1024A000059B02469BF90400B2F1000B08BF012313
:1024B00000290CBF07210621BCF1000F14BF082220
:1024C00000221143D6F8E82B019302915346009263
:1024D00040215F4A0EF087FCAB7F13B15D4B0522B4
:1024E0001A70BBF1000F3FF4F6AC65E6510403D55A
:1024F00004232370FFF7D9BB12F0007219BF052324
:10250000237013462270FFF7D0BB6A7A95F80AC091
:10251000003A18BF012251B2BCF1000F00F02E8129
:1025200041F008014FF0010C4FF4E132CDE901C157
:10253000009240213D4A0EF056FCCCE40023A270EC
:1025400086F84726212286F84EA63376DFF81CA1AE
:1025500086F84D3686F84C3686F8202601E66A7AEB
:10256000A97A003A18BF01225FFA82FE002900F022
:10257000D78042F008024FF0010C4FF4E131CDE971
:1025800001C20091264A40210EF02DFCA3E4697A95
:102590002B4A003918BF01214FF0010C02914FF472
:1025A000E131CDE9001C40210EF01DFC93E46A7A74
:1025B00096F8BA13003A18BF012253B200297AD113
:1025C000A97A002977D10321CDE901124FF4E13333
:1025D0000093214B214A40210EF005FC204A214B5B
:1025E000106018606CE4062025F0C2FADFF880C0A5
:1025F000DFF880E00146002302E0102B3FF437AE05
:102600005CF8042B914203F10103F6D17145F4D932
:102610002EE600BF69B8010881B801083DBC010879
:102620000DE00108A5BC010815E70108B5E20108A5
:10263000C8840020A0840020D5B70108F9B701089C
:10264000CDD50108D8B7002031BB0108400D0300EB
:10265000CDE101089D9900207851002071E1010829
:10266000788D0020788C0020A086010090D0030097
:102670002CD604089F6806003B6813F480631CBFD7
:1026800080F00103DBB203F0010386F8BA330321C3
:10269000072386F8DA1386F8E03301214FF400634C
:1026A00086F8CC10C6F8D0330C2142F6F823A1707E
:1026B000A380FFF7DFBB43F0080303214FF4E132AF
:1026C000CDE90113009284E70223032186F8DA336F
:1026D0004FF4806386F8E013C6F8D033072145F243
:1026E000F05386F8CCB0A170A380FFF7C3BB6B7A20
:1026F000A97A003B18BF01235AB2002956D042F0F4
:1027000008020121CDE901124FF4E1330093364A6A
:10271000364B40210EF067FB354A1060FFF7D0BB07
:102720004FF0010C4FF4E132CDE9002C0B46314A59
:10273000CDF808E040210EF056FBFFF7CCBB03219B
:102740004FF4E132CDE9011C00924021294A0EF0FC
:102750004AFB31E56A7AA97A003A18BF01225FFA8A
:1027600082FC99B342F008020121CDE900A1029256
:102770004021214A0EF037FBFFF7ADBB4FF0010EB1
:102780004FF4E131CDE9001E029263461B4A40211D
:102790000EF029FBFFF79FBB194B1A4A1A60F2F79C
:1027A00029FA02238AF8003001225BE401214FF468
:1027B000E132CDE901130092A9E70322CDE900A29D
:1027C00002910D4A40210EF00EFBF5E401220B466A
:1027D0000192CDF808C0084ACDF800A040210EF0C3
:1027E00002FBFFF778BB00BF71E1010878510020C0
:1027F000788D00200DE00108EDE40108B5E2010844
:10280000D4800020C1DD0108C1B1013910B450FAF3
:1028100081F1441E002014F8013F434083EA031372
:10282000DBB2000ADA0040EA0320A14282EA131375
:1028300080EA0300EFD15DF8044B7047084670470B
:1028400030B5324BDFED326A1968DFED327A91F83C
:102850002B30314A07EE103AB8EEC77A2F4BE7EE2D
:10286000667A01F1220003F14004F7EE006A86EE79
:10287000A77A01F12A05D2ED006A83ED147A1A468F
:10288000B2EE047A30F8023B07EE903AF8EEE77ABF
:10289000A84267EE877A67EEA67AE4EC017AF1D176
:1028A000DFED1F6A1F4C20480023B0EE666A14F863
:1028B000015B07EE105AB8EEC77A0133C7EE267AED
:1028C000042B67EEA77AE0EC017AF0D191F82A3078
:1028D0001BB1FA2BA8BFFA2300E0012307EE903AC0
:1028E000B8EEE77AC6EE077AFCEEE77A17EE903A92
:1028F0009BB2B3F5FA7FA2F8AC30A8BF4FF4FA73DD
:10290000052BB8BF0523A2F8AE3030BD24870020C8
:10291000C1BA873BF304B53FCC950020FC6400208E
:1029200000007A4454B800205065002008B5FFF735
:1029300087FF184B9FED186AD3ED007A174BB3F859
:10294000AE2006EE902AF8EE666A002186EE267A20
:102950001846002237EE277AC7EE876A013104292C
:10296000DA661A675A6703F11003C3ED1A6AF5D1E4
:102970009FED0B7A37EE877AC7EE876A9FED097A6B
:10298000C0ED196A37EE877AC7EE876AC0ED1A6A1A
:1029900008BD00BFCC9500204E2DA63DFC64002054
:1029A0003661023C83F9A23E484BB0F864201A809D
:1029B00090F867209FED467A90F868109FED456A81
:1029C00007EE902AF8EEE77A90F86620C7EE876A5D
:1029D00007EE902AF8EEE77AC3ED066AC7EE876A3B
:1029E000B0F87C2007EE902A3B4AC3ED076AF8EE68
:1029F000677AD2ED006AB0F87E20C3ED107A07EE58
:102A0000902AF8EEE77AB0F87A2067EEA67AB2EE6E
:102A1000047A67EE877A07EE102A642211FB02F12E
:102A2000996090F86910C3ED117A11FB02F1D96039
:102A300090F86A1011FB02F1196190F86B1011FB0C
:102A400002F2B8EE477A5A61B0F86C2083ED127A40
:102A500007EE102AB0F86E20B8EE477A83ED087AB8
:102A600007EE102AB0F87020B8EE477A83ED097AA5
:102A700007EE102AB0F87220B8EE477A83ED0A7A92
:102A800007EE102AB8EEC77AB0F87420C7EE067ABF
:102A900007EE102AB0F87620C3ED0B7A07EE902AE5
:102AA000F8EEE77AB8EE477A67EEA67A83ED0C7A0D
:102AB000C3ED0D7AB0F8782007EE902AF8EEE77AA9
:102AC000F1EE677AC3ED0E7A704700BF9064002084
:102AD00000007A430000C842CC9500201A4B1A78B7
:102AE00002B970479A7832B1052A0BD003EB800304
:102AF00093ED130A704703EB800282ED130A82ED17
:102B0000170A7047114A10B411685C685A69091BAA
:102B100007EE901A0132B8EEE77A07EE902AF8EE47
:102B2000E77A03EB8003C7EE276A5DF8044BF7EE04
:102B3000007A77EEE67A93ED137A67EE877AE0EE25
:102B4000267AB0EE670A7047906400208C19002046
:102B500038B5844B1B7813F0010331D0824CA37835
:102B6000052B2CD8DFE803F04303506D9932FCF7B6
:102B700053F97E4B7E4A1B889D065DD560681368BD
:102B8000A1681B1A8B421ADD7A4B9FED7B7AD3ED3D
:102B9000087AF0EEE76AF4EEC76AF1EE10FA40F355
:102BA000C08063782BB1F5EEC07AF1EE10FA00F137
:102BB000D3801368A16A63600323E163A37038BD07
:102BC000694A6B4993700968516038BD674B1B882F
:102BD00013F0200340F08280654965680A686069E7
:102BE000521B8242EBDD0A686260A37038BD5F4B06
:102BF0001B889B06E3D55E4A012312686260A370BE
:102C0000BDE83840FCF708B90020F9F77FF994EDEA
:102C1000080AFCF7E9F8F9F7C7F9564B9FED577A20
:102C2000D3ED087AF4EEC77AF1EE10FA67DD4F4B78
:102C30001B88980658D44E4A126862600523A37018
:102C400038BDE8F7BDFE23784A4A012BD2ED083A99
:102C500052D0022B7BD09FED4A0A13EE903A23EE1E
:102C6000A37A002BF0EEC77AB8BFF1EE677A67EE71
:102C7000807AC4ED167AF9F797F93C4B3C4A1B88E9
:102C80009906D9D560681368E1681B1A8B4296DDF6
:102C9000136863600423A37038BDE8F791FE2378BE
:102CA000344A012BD2ED083A40D0022B4AD09FED96
:102CB000340A13EE903A23EEA37A002BF0EEC77A93
:102CC000B8BFF1EE677A67EE807AC4ED167AF9F74D
:102CD0006BF9264B1B889B06ADD538BD244A0123D2
:102CE00012686260A37038BD214BA26A1B686360E2
:102CF0000323E263A37038BD94ED090AADE71C4AD3
:102D00006068136821691B1A8B427FF758AF9FEDEB
:102D10001A7AF0EEE77AF4EEC77AF1EE10FA3FF79E
:102D200048AF136863600523A37038BD154BD4ED1D
:102D30000A7AD3ED076AB6EE007AE6EE877AB0EE4D
:102D4000670AB6E794ED0B0AF9F77CF8B1E794ED62
:102D50000B0AF9F777F880E7136863600223A37022
:102D600038BD00BF24840020906400202684002009
:102D70008C190020A49100202DB25D3F3333733FA6
:102D800000000000FC6400206E4B93F8202C0AB178
:102D9000012800DD7047F0B56B4C6C499FED6C7AF3
:102DA00031F9101004EB40041F18B4F90C5097F9D6
:102DB000304C491B07EE901AF8EEE77A83B067EEC5
:102DC000877AF5EEC07AF1EE10FAB5EEC00ACCBF04
:102DD00001254FF0FF35F1EE10FACCBF01264FF080
:102DE000FF362CB1B44200F09F80002487F8304CAD
:102DF00003F5426191ED027AF0EEE76AB4EEE67A0D
:102E0000F1EE10FA06D5AE42034466D093F9304C89
:102E1000002200E022464F4BDFED4F5A03EB8003C8
:102E2000D3ED0C6AB0EEE66AB4EEE56AF1EE10FAA4
:102E3000DCBFDFED4A5A26EE256AD1ED035A66EE75
:102E4000A56AC8BFB7EE006AF0EE675AE6EE265AEA
:102E5000F5EEC05AF0EEE56AF1EE10FAF4EEC76A4C
:102E6000CCBF01234FF0FF33F1EE10FAB0EE656AEC
:102E700001DD9E4220D05ABB394B1B78984201D0CD
:102E800003B0F0BD374B1B78262BF9D1B2EE047A94
:102E900067EE877A26EE076ABDEEC07A324BFDEE0A
:102EA000E77A17EE102ABDEEC66AC3E90142C3ED08
:102EB000007A83ED036AE3E706EE906AF8EEE66ACD
:102EC000B0EE460A96EE870AD1ED015A20EE250AA9
:102ED0000190FAF75AF90198CEE783F8306C0EB3F7
:102EE000344606EE905AF8EEE66AB0EE670A96EEC1
:102EF000870AD1ED014A9FED1D5ADFED1D5A9FED66
:102F00001D6A20EE240AB4EEC50AF1EE10FA88BF5D
:102F1000B0EE450AB4EEE50AF1EE10FAB8BFB0EE35
:102F2000650AA8E7344676E703F5426191ED027A37
:102F3000F0EEE76AF4EEC76AF1EE10FA4FF0000225
:102F4000CEDDCEE738AC0020806400206464002031
:102F5000CDCCCC3D04400020FFFFF9436F12033B72
:102F6000745100208C6000209060002000007A44A2
:102F700000007AC40000000070B5B54CB54B94F861
:102F8000342C2DED028B00211A70013A0546597040
:102F9000032A12D8DFE812F0EF00E500D7000400A2
:102FA000AD49AE48C4F8501CAD49AE4AC4F89822A9
:102FB000C4E9A710AC4AC4F8A422AC4AB4F8426CE5
:102FC0001268DA62002E00F0B980B4F8442C003A9E
:102FD00018BF0122B4F8461C83F83021B4F8360C2F
:102FE000642202FB01F102FB06F2C3E94D12002844
:102FF00040F01A819FED9E7A9E4AB4F8381C83ED0A
:10300000557A002940F0FE80DFED997AB4F83A1C39
:10301000C3ED567A002940F0E5809FED957AB4F82B
:103020003C1C83ED597A002940F0CC80DFED906A9A
:10303000B4F8441CC3ED586A002940F0B3809FEDFA
:103040008C6AD3ED065AB4F83E0CB4F8406C92ED9D
:10305000018A83ED576A642165EEA77A27EE257A07
:1030600065EEA66A26EE256AB4F84C2CC3ED517ABB
:1030700001FB00F0B5EE000A01FB06F1C3E94F01C8
:1030800028EE008A83ED547AC3ED536A83ED526AC9
:10309000002A00F0848007EE902AB8EE670AB4EEAA
:1030A000C80AF1EE10FA88BFB0EE480A724E7348B3
:1030B00031691DF021FEB4F8483C002B6CD007EEBE
:1030C000903AB8EE670AB4EEC80AF1EE10FA88BF7B
:1030D000B0EE480A31696A481DF00EFEB4F8483C6B
:1030E000002B56D007EE903AB8EE670AB4EEC80A45
:1030F000F1EE10FA88BFB0EE480A316961481DF060
:10310000FBFDB4F84A3C002B40D007EE903AB8EEF5
:10311000670AB4EEC80AF1EE10FA88BFB0EE480AAA
:10312000316959481DF0E8FD584B1B7843B1BDEC9F
:10313000028B2846BDE87040F9F7A8BA324649E745
:10314000BDEC028B70BD4449464A4448C4F8501C4B
:103150004F49C4F898224F4AC4F8A422C4E9A710E2
:103160002BE740493D4A3C48C4F8500CC4E9A6113D
:10317000C4E9A82221E7484AC4F8502C0022C4E937
:10318000A722C4F89822C4F8A42216E7B7EE000AD2
:10319000C6E7B7EE000AB0E7B7EE000A9AE7B7EE67
:1031A000000A83E76429A8BF642192ED005A05EE66
:1031B000901AB2EE046AF8EEE55A25EE065A85EE4C
:1031C000256A3EE76429A8BF6421D2ED005A06EEC5
:1031D000101AF2EE046AB8EEC66A65EEA65AC5EE9B
:1031E000866A25E76429A8BF642192ED006A06EE8D
:1031F000901AB2EE047AF8EEE66A26EE076A86EED8
:10320000267A0CE7B1F5167FA8BF4FF41671D2ED00
:10321000006A07EE101AF2EE047AB8EEC77A66EE8C
:10322000A76AC6EE877AF1E6124AB0F5167FD2EDAC
:10323000006AF2EE047AA8BF4FF4167066EEA76A31
:1032400007EE900AF8EEE77A86EEA77AD5E600BF99
:1032500038AC0020DC92002075CB010885C1010844
:1032600081C4010819C1010849C50108F83F0020BF
:1032700000000000CC95002004400020E4930020D2
:1032800044930020709300201493002000400020FD
:1032900091C201084DC30108A9C80108024B1B785F
:1032A0000BB1F9F7F3B9704700400020104B1878C4
:1032B00010F001000DD00F4A13785BB15378023B38
:1032C000062B13D8DFE803F00606041206040400F8
:1032D0000120704792ED027ADFED077AB4EEE77ACB
:1032E000F1EE10FACCBF012000207047002070479B
:1032F00024840020DC920020FA7EAA3E08B5204BF0
:10330000187810F0010000D108BDFFF7CFFF0028AA
:10331000FAD01C4B93ED0C7AD3ED157AB4EEE77A24
:10332000F1EE10FAF0DC93ED0D7AD3ED167AB4EEEF
:10333000E77AF1EE10FAE7DC93ED0E7AD3ED177A27
:10334000B4EEE77AF1EE10FADEDC93ED0F7AD3ED0E
:10335000187AB4EEE77AF1EE10FAD5DC0A4BDFED1D
:103360000B7A93ED087AB4EEE77AF1EE10FACBD44B
:10337000074B188800F06100003818BF012008BD15
:1033800024840020FC640020A49100206666663F2F
:10339000268400200128F0EE404A00DD704708B581
:1033A000F8F75AFEFFF7AAFF18B9F5EE007A20EEFB
:1033B000270A6F4B6F4A93ED007A93ED015A136819
:1033C000DFED6D5A9A7DDB7D6C499FED6D3A91F88A
:1033D000640CBFEE006AF0EE463AE7EE073A01F6FB
:1033E0005441A5EE056A04EE102A06EE903A26EE48
:1033F000256A63EEA53AB8EEC44AF7EE005AF8EE35
:10340000E66AF0EE657AE3EE847A5E4AB0EE654AEB
:10341000A6EE264AB2F90030B2F9022091ED006A18
:1034200027EE277A64EE056AB0EEC77AF0EEE66A18
:10343000B4EEE67AF1EE10FAB8BFB0EE667A002B81
:10344000B8BF5B42002AB8BF52429BB292B207EEAD
:10345000903A06EE902AF8EEE77AF8EEE66A20EE69
:10346000060AF4EEE67AF1EE10FAB8BFF0EE667AEC
:1034700067EE837A70BBD1ED036AF4EEE56AF1EE94
:1034800010FA64D4D1ED016A9FED3F6AF4EEC66A8A
:10349000F1EE10FA1BD9DFED3D5AC5EEA67AF7EE34
:1034A000006AF0EE665AE7EE675AF4EEE65AF1EE7D
:1034B00010FAF0EE657A88BFF0EE667AF4EEC67A1E
:1034C000F1EE10FAB8BFF0EE467AE0EE274AB0EE21
:1034D000640A08BD91ED016A9FED2B4AB4EEC46AFF
:1034E000F1EE10FAF3DD91ED025AB4EEC45AF1EEAA
:1034F00010FAECDD75EE677ADFED253AC7EE856AE6
:1035000027EE237AF4EEE56AC7EE067AF1EE10FABA
:1035100088BFF0EE656AF4EEC46AF1EE10FA77EE59
:10352000A57AB8BFF0EE446A66EEA77AF4EEE57AC3
:10353000F1EE10FA88BFF0EE657AF4EEC47AF1EE9F
:1035400010FAB8BFF0EE447AE0EE274ABFE775EE16
:10355000E65A9FED104A9FED106A91ED015A65EE13
:10356000845A76EE677AE7EEA56A66EE856A8BE79F
:10357000FC640020248700200AD7233C38AC0020BC
:10358000CDCCCC3D64640020000000000000C842A7
:103590000000C8C2610BB63B00003443012800DDC7
:1035A000704708B5F8F758FDFFF7A8FE18B9F5EE13
:1035B000007A20EE270A034BD3EDA37A20EE270AE8
:1035C00008BD00BF38AC00202DE9F04FC54CC64FF8
:1035D000C64EDFF82C83337898F80050D7F800E017
:1035E000D7F814C0D4ED1A5A94ED196AC0489FED6B
:1035F000C15A2DED028B04F1300183B0002291ED10
:10360000007AF0EC017AF0EE476A9342D7EEA76AAF
:1036100041ED0C7A00F0B380F5EEC06AF1EE10FADD
:10362000F0EE667A40F3B780A6EE277AA1EC017A35
:103630000132042AE3D1312DC7F800E0C7F814C0E5
:1036400000F0E78094ED147AD4ED016A94ED000A5D
:103650009FEDA96A67EE267A20EE077A67EEA77AD1
:10366000E7EE077AF4EEC67AF1EE10FA09DDB1EE74
:10367000E77A80EE070AC6EE877A84ED000AC4ED89
:10368000017A002B40F0A080272D00F02181954D7C
:10369000DFF870A2DFF870929FED968A05F16C0B4F
:1036A000002495ED107AD5ED087AB5EEC07AF1EEEA
:1036B00010FA0FDD77EE876AF4EEC06AF1EE10FAC9
:1036C00073D477EEC77AB4EEE70AF1EE10FAB8BF1A
:1036D000B0EE670AA34285ED080A45D0584617F0B8
:1036E000CBFF3378A5EC010AA34232D0DAF8683C6C
:1036F00020469847D9F8003003EB44035B8B5A42CD
:1037000007EE902AF8EEE77AB4EEE70AF1EE10FA47
:103710000AD407EE903AF8EE677AF4EEC07AF1EE4A
:1037200010FA88BFF0EE407A3378C5ED037AA342F1
:1037300007D198F80020272A04BFFDEEE77AC7EDED
:10374000047A0134042C0BF1100B29D095ED000AFA
:10375000A7E798F80030272BC8D160EE087AFDEE75
:10376000E77AC7ED037AC1E798F80030272BB5D187
:1037700060EE087AFDEEE77AC7ED027AAEE7272D14
:1037800033D0F5EEC06AF1EE10FA11DDA6EE267A1E
:10379000A1EC017A4CE7A5EEA67AA1EC017A47E705
:1037A00003B0BDEC028BBDE8F08FB0EE660A91E786
:1037B000A5EEA67A272DA1EC017A7FF439AFFDEEB4
:1037C000C77A17EE90CA33E7012B7FF460AF272D3D
:1037D0007FF45DAFD4ED017A9FED467A67EE877A8C
:1037E000FDEEE77AC7ED017A51E767EE857AF5EEEF
:1037F000C06AFDEEE77AF1EE10FA17EE90EAD7DD37
:10380000A6EE267AFDEEC77AA1EC017A17EE90CAF1
:103810000EE7D4ED0C4A94ED0D4AD4ED0E3A94ED3A
:103820000F3A364A9FED335AD2ED087A0193F1EE02
:10383000E45AB1EEC46AF1EEE36AB1EEC37A65EE22
:10384000855A26EE056A66EE856A27EE057A67EEEA
:10385000857AFDEEE55AFDEEE77ABDEEC66AFDEE2D
:10386000E66ABDEEC77AC7ED047AC7ED005A87ED68
:10387000016AC7ED026A87ED037AFFF717FDD4ED01
:10388000157A019B7861F4EEE74AF1EE10FA07DD54
:1038900001220193BA61FFF731FD019BF861D1E686
:1038A000D4ED167AB4EEE74AF1EE10FAF0DCD4ED7E
:1038B000177AF4EEE73AF1EE10FAE9DCD4ED187A73
:1038C000B4EEE73AF1EE10FACCBF01220022E0E7B5
:1038D000DFED087A60EE277AFDEEE77AC7ED017A30
:1038E000D5E600BFFC6400209060002074510020E9
:1038F0006C64002000007A440100803FA491002005
:103900008C60002038AC0020248700202DE9F04F87
:10391000584B594A95B002F17E0103F1200440F260
:10392000D17032F8105B21F8020F07EE905AF8EED2
:10393000677AE3EC017AA342F3D1504F0DF12C08E2
:1039400000264FF0040900E0264617F801AF504664
:10395000BAF1000F00F0888014F096FA741CE4B2FB
:10396000054604215046224612F00CFA034648F858
:10397000043F02212846002B76D015B185F8069029
:10398000EC715A7A14F0CEFA082CDDD13C4B03933B
:1039900026461C70DFF8F0A0DFF8DC800DF10C0982
:1039A0000DF12C0B4FF0000E5BF8043FB8F80A50F5
:1039B0001F68314A09F104090BA8002303E0B4424F
:1039C00002F1100217D250F8041F096801338F4228
:1039D000DCB2F4D1B2F80AC0B2F904100A31BAFB71
:1039E000F1F1614528BF61468D4228BF0D46B442C2
:1039F00002F11002E7D3B5F57A7FA8BF4FF47A75CC
:103A00000EF1010E322D5FFA8EF3B8BF32259E42C1
:103A1000C9F8005008F11008C6D81A4EDFF86890AF
:103A2000DDF80CA0002406F604582046274614AB07
:103A300003EB8003009706EB001C53F8405C53F83F
:103A4000201C114AACF8765C08EBC000B9FBF5F31A
:103A50009BB2E6F78DF801349AF80030E0B2834269
:103A6000E5D815B0BDE8F08F054B03931E70002E0E
:103A700090D1F6E74C970020A4B8002033B900207D
:103A80004897002038AC002040420F0010B5294C68
:103A9000294B607B2DED028B68B1A27B32B1E27BBA
:103AA00032B1227C32B10420187005E0012002E01E
:103AB000022000E003201870E6F748FA238D00EE9C
:103AC000103AF7EE000AB8EE400A26F0D5FB638DF7
:103AD000B0EE408A00EE103AF7EE000AB8EE400A67
:103AE00026F0CAFBC8EE008A144BF7EE000AC3EDBD
:103AF000008AA38D00EE103AB8EE400A26F0BCFB17
:103B0000E38DB0EE408A00EE103AF7EE000AB8EE10
:103B1000400A26F0B1FBC8EE007A094A094B5278F8
:103B2000C3ED007A1AB988EEA77A83ED007ABDEC6E
:103B3000028B10BD6454002000400020F83F00209C
:103B4000E83F0020FC3F00202DE9F84F314EDFF820
:103B5000E080314ADFF8DCB0DFF8DCA006F10409D0
:103B6000A8F1080706F1140400251168CA0007D55A
:103B700038232A486B431B5C13B10223237012E0E5
:103B80009BF800302BB1264B9B7A13B10123237095
:103B900009E00B0105D5DAF8003013B103232370D7
:103BA00001E00023237017F8013B5B0803D0642B6E
:103BB000A8BF642300E0012306F8013B38F9023B6B
:103BC000DFED186A07EE103AB8EEC77AFB78C7EE59
:103BD000267AB7EE007A77EE877AE9EC017A1BB1A4
:103BE000FA2BA8BFFA2300E0012307EE903A0E4912
:103BF0000E4B0969282000FB0530B8EEE70A0135B5
:103C00001DF07AF8042D044A04F10104ADD1BDE899
:103C1000F88F00BF7CB9002018600020945000206D
:103C2000645400200050C3470440002094B9002091
:103C3000845400209454002048830020074B1A78B5
:103C40004AB1074B1A4401E0934204D013F8010B28
:103C50000028F9D170470120704700BF00400020C4
:103C600090B900201A4A1B4B128803EB800312F014
:103C7000430F10B593ED040A044622D151071DD419
:103C8000130721D42046FEF729FF134B03EB041141
:103C9000D1ED157A04EBC40003EB800060EE277AC7
:103CA0000022C0ED257AC0ED267A80ED270AC0F803
:103CB0008820C0F88C20C0F8902010BDFFF76AFB68
:103CC000E0E7FFF76BFCDDE7FFF75EF8DAE700BF40
:103CD00026840020FC640020CC95002038B50446E2
:103CE000314DC00000F5AA70284425442DED048B09
:103CF000B0EE408AB0EE410AF0EE418AB0EE609A32
:103D000017F0EEFCAB7ADFED295A06EE903A38EE6A
:103D1000C06AF8EEE66AF0EEC67A87EEA65A244B41
:103D20001B78F7EE007A77EEC57AB0EE407AF4EEC3
:103D3000E57AF1EE10FAB8BFF0EE657A9C4227EE14
:103D4000880A02D0BDEC048B38BD1A4B1B78252B9A
:103D5000F8D1DFED196A194B68EEA68A69EE260ADA
:103D6000FDEEE88A27EE267AC3ED008ABDEC048BCF
:103D700026EE266A67EEA67A60EE266AFDEEE00A77
:103D8000BDEEC77ABDEEC66AFDEEE77AFDEEE66AE5
:103D9000C3ED010A83ED027A83ED036AC3ED047A71
:103DA000C3ED056A38BD00BFCC95002000000000BF
:103DB000745100208C60002000007A449060002044
:103DC000044B5B7A022B04D0012B00D070470128F2
:103DD000FCDC83E7CC950020F8B5CC4BCC4A1B88A3
:103DE00092ED060A13F0430F2DED048B054640F0CB
:103DF0006F815A0700F1F9801B0700F182810220D0
:103E0000FEF76CFEC34CC44F84ED390A95F8473079
:103E1000D7ED0E9AF0EE408A002B40F05D8195F8C8
:103E20003E3038EEE98A002B40F04A81B2EE047A47
:103E3000B4EEC78AF1EE10FAD4ED1E6AD4ED1A7A08
:103E400013DCBAEE046AB4EEC68AF1EE10FA00F1A1
:103E50004F8177EEE67A9FEDB16A38EE077A67EE2A
:103E6000867AE7EE276AF0EE667AAD4BB3F81C610E
:103E700056B194ED357A28EE077AB5EEC07AF1EEB8
:103E800010FACCBF0126002668EE277AC4ED347AFA
:103E900095F82B30002B40F0BE80D7ED0E7AF1EE76
:103EA000677A94ED3B0AC4ED3B7A95F8483077EE9B
:103EB000C07A94ED010A012B27EE800A00F0AE8053
:103EC000022B40F0D5809FED977AD4ED1C6A94EDDB
:103ED000209AB4EEC70AF1EE10FA13DC9FED926A55
:103EE000B4EEC60AF1EE10FA00F1058139EE669AD9
:103EF0009FED8E6A30EE077A29EE069AE9EE076AA0
:103F0000B0EE669A95F84130002B40F0AD80607AB3
:103F100060EE097A0228C4ED367A6AD0002E74D198
:103F200094ED006A28EE066AB2EE040AB4EEC08A86
:103F3000F1EE10FAD4ED1F7AD4ED1B6A13DCBAEE61
:103F4000047AB4EEC78AF1EE10FA00F1CE8076EE74
:103F5000E76A9FED727A38EE008A66EE876AE6EECF
:103F6000887AF0EE676AD4ED3C7A94ED077A76EEC3
:103F7000277AF4EEC77AF1EE10FA49DCB1EE477A0F
:103F8000F4EEC77AF1EE10FA42D494ED357AC4ED2E
:103F90003C7AF0EE477AE6EE267AC4ED357AFFF702
:103FA00085F938B9D4ED357A94ED047A67EE877ADD
:103FB000C4ED357A95F84430002B79D1D4ED347ABC
:103FC000D4ED356A94ED367A94ED1D1A77EEA67A23
:103FD00068EE818A77EE877AC4ED378A77EEA88A11
:103FE000C4ED388ABDEC048BF8BD0220FFF7D2F98E
:103FF00005E7B0EE480AF0EE690AB0EE681AFFF77E
:104000006DFEB0EE408A002E8AD09FED496A8BE7A4
:1040100084ED3C7AC3E7F0EE487A42E797ED0E7AFA
:1040200094ED1C6A94ED209AF2EE046AB4EEE67AFE
:10403000F1EE10FA3FF766AFFAEE045AB4EEE57A05
:10404000F1EE10FA5AD437EE267ADFED346A95F89D
:10405000413039EE469A27EE267AA9EE076AB0EE8D
:10406000469A002B3FF453AF324817F039FB4EE726
:10407000B2EE047AB4EEC78AF1EE10FAD4ED206AFB
:1040800094ED1C9A3FF73EAFBAEE046AB4EEC68ACE
:10409000F1EE10FA2FD439EE669A9FED206A38EED1
:1040A000077A29EE069AE9EE076AB0EE669A29E7E2
:1040B000B0EE680A204817F013FB78EEC08A7DE75F
:1040C000B0EE480A1D4817F00BFBB0EE408AADE693
:1040D0000220FFF763FA92E6B0EE690A04F58270F7
:1040E00017F0FEFAF0EE409A99E6F0EE676A3AE7CA
:1040F000F0EE667AB9E6B0EE669A03E7B0EE469A5D
:1041000000E70220FEF740FE79E600BF268400208B
:10411000FC640020CC95002004400020CDCC4C3D18
:10412000509400200000C8420000C8C20AD7A33B38
:10413000000000000097002018970020E89600205B
:104140002DE9F04F954A964B12882DED048B0F1DEB
:1041500003EB870312F0430F93ED000A83B00C4684
:10416000804640F00881510700F1D780130700F125
:1041700011812046FEF7B2FC8A4D8B4A04EBC40342
:1041800005EB830308EB040983ED270A04F10C0116
:1041900099F8453002EB810090ED009AB0EE408A2C
:1041A000E600002B40F0DA8099F83C3078EE498A3E
:1041B000002B40F0C5807D48631CDBB200EB43035D
:1041C000B3F81631002B00F0B280331905EB8303EE
:1041D000D3ED237A68EEA77AF5EEC07AF1EE10FA05
:1041E000CCBF4FF0010A4FF0000A05EB0413D3EDEA
:1041F000127A331967EEA87A05EB8303C3ED227AAE
:1042000098F82B304FEA041B002B40F08D8002EB16
:104210008102D2ED007AF1EE677A331905EB830360
:1042200093ED290AC3ED297A99F83F3077EEC07AE9
:1042300095ED010A27EE800A002B7AD104F10508DA
:1042400005EB0813D3ED007A331967EE807A05EB9E
:104250008303F0EE490AB0EE680AB0EE481A204631
:10426000C3ED247AFFF7ACFDBAF1000F59D1D5EDBB
:10427000007A20EE270A331905EB830393ED2A7A9F
:1042800005EB8707D7ED017A30EE070AF1EE676A92
:10429000B4EEE60AF1EE10FA08D4B4EEE70AF1EE55
:1042A00010FA8CBFF0EE676AF0EE406AAB44DBEDCB
:1042B000137A371967EEA67A05EB8707C7ED237ADD
:1042C000C7ED2A6AFFF71AF828B9D5ED047A67EE28
:1042D000A66AC7ED2A6A99F84230002B4FD13444C0
:1042E00005EB8404D4ED227AD4ED236A94ED247A8C
:1042F00005EB081577EEA67A95ED011A77EE877A29
:1043000028EE018A77EE887A84ED258AC4ED267A34
:1043100003B0BDEC048BBDE8F08F2046FFF73AF800
:1043200027E79FED230AA6E7F0EE687A75E79A463D
:104330005BE705EBC40000F5927017F0D1F97DE75B
:1043400005EBC400B0EE680A00F58670019117F025
:10435000C7F90199144AF0EE408A2CE705EBC40036
:10436000B0EE490AF430019117F0BAF901990E4AFA
:10437000B0EE409A18E70846FFF710F9F9E605EBAA
:10438000C400B0EE480A00F59E7017F0A9F938EEA7
:10439000408AA4E72046FEF7F7FCEAE626840020E0
:1043A000FC640020CC9500200440002050940020A4
:1043B000000000002DE9F04F8D4A8E4B12882DED44
:1043C000048B0F1D03EB870312F0430F93ED000ADC
:1043D00083B00C46804640F0FC80510700F1D2804B
:1043E000130700F101812046FEF778FB824D834AD6
:1043F00004EBC40305EB830308EB040B83ED270AEE
:1044000004F10C019BF8453002EB810090ED009A1D
:10441000B0EE408AE600002B40F0CE809BF83C30A6
:1044200078EE498A002B40F0B9807548631CDBB2F6
:1044300000EB4303B3F81631002B00F0AD803319C5
:1044400005EB8303D3ED237A68EEA77AF5EEC07A05
:10445000F1EE10FACCBF4FF001094FF0000905EB67
:104460000413D3ED127A331967EEA87A05EB8303B0
:10447000C3ED227A98F82B304FEA041A002B40F053
:10448000888002EB8102D2ED007AF1EE677A33196F
:1044900005EB830393ED290AC3ED297A9BF83F309E
:1044A00077EEC07A95ED010A27EE800A002B40F0E6
:1044B000948004F1050805EB0813D3ED007A331955
:1044C00067EE807A05EB8303F0EE490AB0EE680AE6
:1044D000B0EE481A2046C3ED247AFFF771FCB9F11B
:1044E000000F53D1D5ED007A20EE270A331905EBE2
:1044F000830393ED2A7A05EB8707D7ED017A30EE37
:10450000070AF1EE676AB4EEE60AF1EE10FA08D493
:10451000B4EEE70AF1EE10FA8CBFF0EE676AF0EE47
:10452000406AAA44DAED137A371926EEA76A05EB3A
:10453000870787ED236AC7ED2A6AFEF7DFFE28B9F1
:10454000D5ED047A67EEA66AC7ED2A6A344405EB16
:10455000840405EB0815D4ED227A94ED247A95EDC8
:10456000011A77EE877A28EE018A77EE887A84ED51
:10457000258A77EE867AC4ED267A03B0BDEC048BEB
:10458000BDE8F08F2046FEF705FF2CE79FED1D0AE2
:10459000ACE7F0EE687A7AE7994660E705EBC4008D
:1045A000B0EE680A00F58670019117F099F8134A89
:1045B0000199F0EE408A38E705EBC400B0EE490AF5
:1045C000F430019117F08CF80C4A0199B0EE409A42
:1045D00024E70846FEF7E2FF05E705EBC40000F517
:1045E000927017F07DF864E72046FEF7CDFBFAE6FF
:1045F00026840020FC640020CC950020044000208C
:1046000050940020000000002DE9F84F714A724BD1
:1046100012880F1D03EB870312F0430F2DED048B5F
:1046200093ED000A0C46064640F0C280510700F1A7
:10463000B580130700F1C9802046FEF74FFA674D99
:10464000DFF8A08104EBC403264405EB830383ED6C
:10465000270A08EB840296F83C3092ED0C9AB0EEF3
:10466000408A70EE498AE600002B40F0A580B0EE4B
:10467000680A04F10109DFF870A1D5ED016A5FFA5B
:1046800089F905EB041309F1880993ED127A08EB17
:1046900084080AEB4902D8ED0F7AD28827EE000A87
:1046A000331905EB8303F1EE677A93ED297A83EDF5
:1046B000220AC3ED297A4FEA041B002A75D177EE4E
:1046C000C77A67EEA67A04F1050805EB081393EDA7
:1046D000007A331967EE277A05EB83030AEB490961
:1046E000C3ED247AF0EE490AB0EE680AB0EE481A3B
:1046F0002046FFF765FBB9F80630D5ED007A002BB0
:1047000050D127EE800A331905EB830393ED2A7A03
:1047100005EB8707D7ED017A30EE070AF1EE676AFD
:10472000B4EEE60AF1EE10FA08D4B4EEE70AF1EEC0
:1047300010FA8CBFF0EE676AF0EE406AAB44DBED36
:10474000137A371926EEA76A05EB870787ED236AE8
:10475000C7ED2A6AFEF7D2FD28B9D5ED047A67EED7
:10476000A66AC7ED2A6A344405EB840405EB0815F4
:10477000D4ED227A94ED247A95ED011A77EE877ABA
:1047800028EE018A77EE887A84ED258ABDEC048BC9
:1047900077EE867AC4ED267ABDE8F88F2046FEF7DC
:1047A000F9FD49E79FED0E0AADE7DFED0D7A8AE7E7
:1047B0000846FEF7F3FE3FE705EBC40000F5867000
:1047C000B0EE680A16F08CFF53E72046FEF7DCFADD
:1047D00032E700BF26840020FC640020CC95002036
:1047E00000000000044000205094002005280BD851
:1047F000052909D8884207D0044B8C2201FB0231DD
:1048000000FB023027F020B9704700BF34BA002007
:10481000F8B5984B90F82A201A724289DFED966A13
:10482000DFED965ADFED964A9FED965A07EE102A75
:10483000B8EEC77A828927EE267A83ED127A07EEE0
:10484000102AC28906EE102AB8EEC66A028A26EE3F
:10485000256AB8EEC77A83ED146A06EE102A428AFA
:1048600007EE902A828AF8EEE77A27EE247A67EE3E
:10487000A67A06EE902AC28A83ED137A07EE102AF2
:10488000B8EEC77A028BC3ED167A27EE257AF8EEDA
:10489000E66A83ED187A07EE102AB8EEC77A428BE3
:1048A000DFED797A27EE057A66EEA46A83ED197A50
:1048B00007EE102AC3ED176AB8EEC77ADFED736A08
:1048C000828BDFED734A27EE267AB8EEC66A83ED57
:1048D0001A7A07EE102AC28B05EE902AF8EEE55AF6
:1048E000028C65EEA75A26EE056AC3ED1C5A05EE4A
:1048F000902A428C83ED156A06EE102AB8EEC77A2C
:10490000828CB8EEC66A27EE247A26EE266A06EE78
:10491000902AC28C83ED1B7A07EE102AF8EEE55A36
:10492000F8EEE66AB8EEC77A66EEA46A27EE277A52
:1049300065EE855AC3ED1F6AC3ED1D5A83ED1E6AED
:1049400083ED207A028DDFED536A07EE902AC28E46
:10495000F8EEE77AB2F5B47F67EE857AA8BF4FF438
:10496000B472C3ED217A07EE902A028FF8EEE77A4F
:10497000B2F5B47FA8BF4FF4B472C3ED057A07EE69
:10498000902A428FF8EEE77AB2F5B47FA8BF4FF4D1
:10499000B472C3ED067A07EE902A90F82C20F8EE58
:1049A000E77AC3ED077AD3ED007A52B107EE102A09
:1049B000B2EE046A27EE866AB8EEC77AC6EE075AE8
:1049C00001E0F0EE665AB7EE007A37EE657A294DCF
:1049D0009FED315A83ED047A00F13C0100F13F066E
:1049E0002A46B0EE456A4C7A0F461CB1FA2CA8BF95
:1049F000FA2400E0012407EE104AB8EEC77AC2EDAF
:104A00003D6AC5EE075A013135EEA77AC7EE875ADF
:104A1000C2ED3E5A3C781CB1FA2CA8BFFA2400E043
:104A2000012407EE104AB8EEC77AC2ED436AC6EE1B
:104A3000075A35EEA77AC7EE875AC2ED445A8C78EA
:104A40001CB1FA2CA8BFFA2400E0012407EE104A9A
:104A5000B8EEC77AC2ED496AC6EE075A35EEA77AB4
:104A6000C7EE875AC2ED4A5A4C79DCB1FA2CA8BF7E
:104A7000FA2418E0CC9500203BB2DF3694BFD63341
:104A800018B7D13818B7D137BD37863565CF8B38D1
:104A90006F12033A0000000083F9223E0000C84272
:104AA0000000FA43012407EE104AB8EEC77AB1427B
:104AB000C6EE075A02F10802C2ED4D6A35EEA77A3A
:104AC000C7EE875AC2ED4E5A8DD190F82E205A72F9
:104AD000002A40F0C58090F854201FED107A06EEB1
:104AE000902AF8EEE66AB0F84A20C6EE875AC6EE7B
:104AF000256A76EEA76A87EEA66A07EE902AF8EE98
:104B0000E77AB0F84C2083ED0C6AC7EE876A07EEAF
:104B1000902AF8EEE77AC3ED086AC7EE876AB0F824
:104B20004E2007EE102A5FED227AC3ED096AB8EE37
:104B3000C77AB0F85020C7EE276A07EE102AB8EE01
:104B4000C77AC3ED0F6AC7EE276AB0F8522007EEA6
:104B5000102AB8EEC77AC3ED106AC7EE276AB0F81C
:104B6000562007EE102AB8EEC77AC3ED116AC7EED9
:104B7000276AB0F8582007EE102AB8EEC77AC3EDBE
:104B80000D6AC7EE276AC3ED0E6AFEF787FB90F841
:104B90005A20484B07EE902AF8EEE77AB2EE047AF4
:104BA00090F85B20C7EE876A03F6544107EE902A1F
:104BB00090F85C20C3EDA36AF8EE677ADFED3E6AF9
:104BC000C3EDA47A07EE902A90F85D20F8EE677A9C
:104BD00003F54263C1ED007A07EE902A90F85F205A
:104BE00083F8442090F85E20F8EE677AC2F1AF04B3
:104BF000C1ED017A07EE904AF8EEE77AC2F164025D
:104C000067EEA67ADFED2D6AC1ED027A07EE902AF3
:104C1000F8EEE77A90F8602067EEA67AC1ED037AA5
:104C200007EE902AF8EEE77A90F86120C7EE876ADF
:104C300007EE902AB0F86220C3ED016AF8EE677AB9
:104C4000DFED1F6AC3ED027A07EE902AF8EEE77AED
:104C500087EEA67A83ED037ABDE8F840FDF7A4BE9F
:104C6000184C00F12F0100F13206CA780F461AB134
:104C7000642AA8BF642200E0012207EE102AB8EEE1
:104C8000477AC5ED556AC6EE075A0131083535EE4B
:104C9000A77AC7EE875AC5ED545A3A78FA2AA8BFC0
:104CA000FA220A2AB8BF0A228E4204F8012BDCD16C
:104CB00011E700BF38AC00206666E63F0AD7233C08
:104CC00000007A44D69500200A4B9FED0B7A1B69B1
:104CD0000A4A07EE903AF8EE677AF7EE006A67EE56
:104CE000877A86EEA77AC2ED007A82ED017A044ACD
:104CF00013608DE504400020BD378635CC9500203B
:104D0000A403002002486C22002127F0FFBD00BF51
:104D10005496002038B5394D394CAB7807EE903AAF
:104D20002DED048BF8EEE77ADFED368AB5F9063023
:104D300087EEA87A84ED547AABB10A2293FBF2F3A2
:104D400008EE103ADFED307AB8EEC88A28EE278AEE
:104D5000B0EE480A1BF0C2FFB0EE409AB0EE480A2F
:104D60001BF0A8FF03E09FED299AB7EE000AAB897C
:104D700084ED5E0A84ED5D9A63B107EE903AF8EE39
:104D8000E77A4FF07E5287EEA87AC4F8682184ED66
:104D90005C7A11E02B7963B107EE903ADFED1C6A83
:104DA0009FED1C7AF8EEE77AA7EEE67A84ED5A7A60
:104DB00002E00023C4F8683195F9083007EE903A14
:104DC000F8EEE77A95F9093087EEA87A07EE903A7F
:104DD000F8EEE77A84ED567A87EEA87A95F90A30EC
:104DE00007EE903AF8EEE77A84ED577A87EEA87AE4
:104DF000BDEC048B84ED587A38BD00BFE83F00203D
:104E00005094002000007A4435FA8E3C00000000E7
:104E1000C1BA873BF304B53F70B4484A0D23002064
:104E2000002142F8040B013B1163FAD1444A0123EB
:104E300040F6C51101331D2B22F8021BFAD141495E
:104E4000CA78002A58D0013A3F4B052A3FD8DFE8FC
:104E500002F02C0303031421D3E92C02D3F8AC4055
:104E600040F0160044F0140442F01602C3F8AC40BF
:104E7000C3F8B000C3F8B42029E0D3F8AC2042F066
:104E80000402C3F8AC20D3F8B02042F00202C3F809
:104E9000B0201CE0D3E92B0240F0060042F00602ED
:104EA000C3F8AC00C3F8B02011E0D3F8AC2042F056
:104EB0000402C3F8AC20D3F8B02042F00202C3F8D9
:104EC000B020D3F8B42042F01002C3F8B420D3F8D5
:104ED000CC2042F02002C3F8CC204A7832B1D3F87B
:104EE000D02042F00802C3F8D02005E0D3F8B82063
:104EF00042F00802C3F8B820144B134800240125DF
:104F00001A78012A0DD0023A012A10D899785A78D5
:104F10002A3105FA02F250F82160324340F821208C
:104F200005E099785E782A31B24040F821200134BA
:104F3000202C03F10803E3D170BCEBE6C4940020FD
:104F40002E950020E83F0020509400207CBD0020DA
:104F500070B51A4B1A4D1B48002140F6C41642F298
:104F600010741A7802B3032AA8BF03221A705A7861
:104F70001C2AA8BF1C225A709A780C2AA8BF0C229F
:104F80009A70B3F90420B242A8BF3246AA42B8BF11
:104F90002A469A80B3F90620A242A8BF224682423E
:104FA000B8BF0246DA8003E05A709A709A80DA80BD
:104FB0000131202903F10803D3D170BD7CBD00204D
:104FC0003CF6FFFFF0D8FFFF2DE9F843DFF87883C8
:104FD000DFEDCA6A98ED000AC94CCA4F2DED028B6D
:104FE0000620F8F7DFF898ED010A0720F8F7DAF85D
:104FF00098ED020A0820F8F7D5F898ED030A092081
:10500000F8F7D0F898ED040A0A20F8F7CBF804F185
:1050100048060B257B8AF4EC017A00EE103AB8EED4
:10502000C00A284637EEC00A013520EE260AF8F7F6
:10503000B9F8B442EED1B44EDFF8109396ED260ADB
:10504000B24C0120F8F7AEF896ED2F0A0220F8F7DF
:10505000A9F896ED380A0320F8F7A4F896ED0A0AA5
:105060000420F8F79FF899F80E30002B40F04A82A0
:10507000A74DA84F95ED5C5A9FEDB57AB4EEC75A8F
:10508000F1EE10FA0EDDD5ED047AF0EEE77A75EE6A
:10509000677AF4EEC77AF1EE10FAB8BFF0EE477A0D
:1050A000C5ED5B7AD5ED5A5A95ED016AD5ED027AD8
:1050B000F5EEC05AF1EE10FA62DDB5EEC06AF1EE1F
:1050C00010FA4CBFB7F9B032B7F9B232DFED926ADD
:1050D000DFED914A002BB8BF5B42F5EEC07A9BB280
:1050E000F1EE10FA07EE103A4CBFB7F9B632B7F945
:1050F000B832002BB8BF5B42B8EEC77A9BB227EE3E
:10510000267A06EE903AB5EEC05AF8EEE66AF1EE6F
:1051100010FA66EEA46A0FDD95ED5B5AB4EEC57A1F
:10512000F1EE10FAF4EEC56A88BFB0EE457AF1EE02
:1051300010FA88BFF0EE456A9FED775ADFED774AA7
:10514000B4EEC57AF1EE10FAF4EEC56AB8BFB0EE6F
:10515000457AF1EE10FAB8BFF0EE456A66EEA56A40
:1051600027EE257AC7EEA65AC6EE076A65EEA55A5F
:10517000E6EEA65AF4EEE45AF1EE10FA00F33681A8
:1051800095ED5D7AB5EE407AF1EE10FA0FD0D5EDDF
:105190005E5A66EE476A25EE866AE5EEA76AA7EED6
:1051A000276AC5ED026AF0EE667A85ED016A67EE60
:1051B000A77AD8F81030E360E6EE067AB1EEE77A27
:1051C00085ED597A02F042FF554A034692ED530AA3
:1051D000544884ED0D0AB3FA83F35B09237416F087
:1051E00001FAD4ED0B7AD4ED066A94ED0D7A20EE37
:1051F000270AB5EEC07AC0EE267AF1EE10FA84EDF9
:10520000050AC4ED097A12DDDFED476AF4EEE67AAD
:10521000F1EE10FA0BDD226E444B002A00F00582FD
:105220001B689B1A642BD4BF0023012303E0236E69
:10523000002B5FD10023DFED476A84F83130F4EEB4
:10524000E67AF1EE10FA08D4F7EE007AB4EEE77AD7
:10525000F1EE10FA01D400230AE094ED027ADFEDBA
:10526000347AB4EEE77AF1EE10FACCBF01230023D2
:10527000304A97F8941252889FED2F7A9FED358A25
:105280002E4884F8303007EE901A00EE102AF8EE1F
:10529000E77AB8EEC00A67EE877A20EE080AC4ED16
:1052A0002F7A16F09FF9264B84ED190A93ED010A27
:1052B0002448B8EEC00A20EE080A16F093F92378C5
:1052C00084ED240A002B40F0A080237C002B47D1E2
:1052D00094ED030A84ED020A0520F7F763FF99F8BD
:1052E0000130012B47D0022B00F05681BDEC028B20
:1052F000BDE8F883002323669CE700BF6F12033BE1
:10530000548A00209C510020CC950020DC92002083
:105310005094002038AC00206F12833A0100803F87
:1053200030BD002014930020CDCC4C3D8C190020C2
:10533000CDCCCC3DDC830020CDCC6C404493002010
:1053400018840020709300206C640020E83F002047
:10535000000000000AD7233CCDCC4C3E6666663F79
:105360001FED050A052084ED020AF7F71BFF99F8E7
:105370000130012BB7D199F80030D5ED037A0BB984
:10538000F1EE677AF5EEC07A1FED0F6A95ED547A6B
:10539000F1EE10FAB8BFF0EE467AF1EEE76AB4EE3D
:1053A000E67AF1EE10FAA8BFF0EE476AFDF77EFF4D
:1053B000B0B9D5ED057A1FED197AF4EEC77AF1EEA2
:1053C00010FA00F138811FED1C7AF4EEC77AF1EE85
:1053D00010FA05D5B1EE047A67EE877A66EEA76A11
:1053E000C5ED036ABDEC028BBDE8F883B1EEE57A4A
:1053F0004FF00513C5F8183186EE076AC7EE877AB5
:1054000085ED016AC5ED027ABAE6D5ED597A94EDDB
:105410003D7A95ED030A95ED046A94ED3E5AD4ED7C
:105420003C4A94ED064AD4ED036AD4ED055A99F846
:10543000013027EE277AB0EEC66AF0EEC07AA5EE0C
:10544000067A67EEA47AB1EEC75AB1EEE78A64EE47
:10545000266A67EE887A85EEA66AE7EE057AC4EDDD
:10546000086AB0EE678A84ED0A6A5BB1D4ED408ABF
:10547000F5EE408AF1EE10FA04D0FDF717FF002890
:1054800040F0E780F7EE007AB0EE675AC4ED3F7A5D
:10549000D4ED072AD4ED377AD4ED364A94ED3A6A42
:1054A000D6ED003A94ED397AD4ED386A94ED3B3A72
:1054B000D7F8503CD2EE855A27EE866A85EE845A9C
:1054C00027EE877A75EE645A27EE237A26EE256A50
:1054D00067EEA66AC6EE235A67EE837A27EE057A50
:1054E00066EE856A67EE887A84ED365AC4ED335AE3
:1054F00084ED327AC4ED306AC4ED347A984794ED85
:10550000020AE9E62378012B19D96378042B16D116
:1055100094ED0A7A5FED6F7AF7EE046AB4EEE67AFC
:10552000F1EE10FA88BFB0EE667AB4EEE77AF1EEEB
:1055300010FAB8BFB0EE677A27EE077A01E0B7EE4F
:10554000007A544D544FD5ED045AB7F9C4329FED4B
:10555000536AC5EE876A07EE903AF8EEE77A67EE8F
:10556000867AF4EEE76AF1EE10FA0FDCB7F9C23290
:1055700007EE903AF8EEE77A67EE867AF4EEE76A9D
:10558000F1EE10FA02D4C5ED046A73E50523C5ED0A
:10559000047AA5F81E316DE599F80030D5ED037A4F
:1055A0000BB9F1EE677AB0EEE77AF1EEC76A17EE63
:1055B000903AD5ED547AF0EEE66A002BB8BFF1EEE2
:1055C000666AB1EE677AF4EEC76AF1EE10FA0CDDA6
:1055D000F4EEE76AF1EE10FA07D595F9543106EECC
:1055E000903AF8EEE66A66EEA76AFDF75FFE78B9D4
:1055F000D5ED057A9FED2A7AF4EEC77AF1EE10FA2E
:105600001CD49FED287AF4EEC77AF1EE10FA19D483
:10561000F5EEC06AF1EE10FA4CBF4FF0FF330123F4
:1056200085F85431C5ED036ADCE61A682266002A63
:105630007FF4F6ADFEE5F0EE466AD1E6DFED1A6ADC
:105640000123EDE7B1EE047A67EE877A66EEA76A8A
:10565000DEE7164815F0C6FF28EE800A94ED415AA1
:10566000B5EEC00AF1EE10FA11D4B4EEC50AF1EEAF
:1056700010FA98BFB0EE405AF7EE007A35EE275A8E
:10568000D4ED055A94ED064A84ED3F5A00E7B7EE93
:10569000005AF5E75094002038AC00206F12833A8E
:1056A0000AD7233CCDCC4C3E00000000E493002000
:1056B00030B42A30094C012354F82000194604F56F
:1056C0008B74052501FA03F2024218BF24F8135027
:1056D00001331D2BF6D130BC704700BF5094002021
:1056E00000F11E014FF47A734FF61842C380028115
:1056F000438106308842F9D1704700BF2E4B1B68AA
:105700001844B0EEC06A837B9BB107EE903ADFEDA0
:105710002B6AB8EEE77A60EE007A27EE267AF7EE8B
:10572000006A76EEC76A67EE867AE7EE276A20EEB1
:10573000260A837ADFED227A9FED207A06EE903AF0
:10574000F8EEE66AF4EEE76AF1EE10FA26EE877AF2
:1057500007DDF0EE007A77EE677ADFED1A6AA7EEE2
:10576000A67A837CDFED167A20EE270A20EE070A60
:10577000ABB107EE903AF8EEE77A9FED137A67EE59
:10578000867AF4EEC77AF1EE10FA09DC9FED0B7A17
:1057900067EE877AF5EEC07AF1EE10FA05D570471C
:1057A000DFED0A7A20EE270A7047B7EE007A77EE2F
:1057B000677A80EE270A7047248700200AD7233CA7
:1057C00000004843D7A368410000C6420000C84219
:1057D000184B9FED195A1B681844FFEE005A837C42
:1057E00006EE903A837BE0EE005A07EE103AF8EEB0
:1057F000666A837AB0EEC06A66EE866A07EE903A11
:10580000B7EE006AB8EEC77AF2EE044AB0EE464A46
:10581000A6EE854AF8EEE77A20EE240A27EE257AEE
:1058200027EE800AA7EE056A24EE000A20EE060A9B
:10583000704700BF248700200AD7233C304BDFEDA0
:10584000316A1B681844B0EEC06A837C07EE903A58
:10585000F8EEE77A837B67EE867A07EE103AF4EE8D
:10586000E67AF1EE10FAB8EEC77A3FDCDFED266A91
:1058700067EEA67AF5EEC07AF1EE10FA33D4F7EEC1
:10588000006A76EEE77AC6EEA75A837AFFEE006AE0
:10589000B0EE666AA0EE006A07EE903A27EE067A4E
:1058A000DFED194A9FED195AB7EE006AB0EE464A8D
:1058B000A7EE244AF8EEE77A20EE050A27EE800AE2
:1058C00020EE040A20EE250AB4EEE60AF1EE10FA04
:1058D0000FD4B4EEC60AF1EE10FA0DDCDFED0C7A4F
:1058E00020EE270A7047F7EE005ACEE7DFED095A9F
:1058F000CBE79FED090A70479FED050A704700BF8F
:10590000248700200000C6420AD7233C6F12833A46
:105910000000FA440000C8420000FAC4394BDFED31
:105920003A4A19680844B7EE005A827C837A807B31
:10593000097E02EB820252005B009A42B8BF1A460F
:1059400007EE902AB8EE677A07EE903AF8EEE77A1B
:1059500006EE900AC7EE275AF8EEE66A75EEC55ACB
:1059600066EEA46A85EE876AFFEE005AE0EE005A02
:1059700026EE276AB0EEC07A71B327EE067A9FED65
:10598000236AB4EEC67A27EE800AF1EE10FAF0EE42
:10599000457AE6EEA57A2EDCB5EEC07AF1EE10FA85
:1059A0002CD435EE477AC5EE076A27EE800A9FEDC4
:1059B000187ADFED187A20EE260AB4EEC70AF1EE67
:1059C00010FA88BFB0EE470AB4EEE70AF1EE10FA1B
:1059D000B8BFB0EE670A7047B0EE454AA6EEA54ADA
:1059E000DFED0A4A27EE047A27EE067AB4EEE47A6F
:1059F000F1EE10FAD0DDDFED086AD6E7F0EE456A89
:105A0000D3E700BF248700200AD7233CA4707D3F42
:105A10000000FA440000FAC40000C842DFED027A38
:105A200020EE270A704700BF0000FA43DFF838C0B5
:105A3000F0B5074600F5847E0A4C3D4626460FCE5B
:105A4000664528606960AA60EB60344605F1100580
:105A5000F4D1334607CB2C37774528606960AA60BC
:105A6000EAD1F0BD88D70408A8D70408D0E90920F6
:105A7000101AB0FA80F04009704700BF01717047FA
:105A800003799B070AD5436A8269D154436A016945
:105A90000133B3FBF1F201FB12334362704700BFE5
:105AA000037913F0010314D0D0E90731C26810B4B0
:105AB0005B1A541E234008D043694C1C5B5CB4FB4A
:105AC000F2F102FB11420262DBB218465DF8044BB0
:105AD00070471846704700BF037913F0020308D0DF
:105AE000D0E909210369581E531A0340DBB2C01ADA
:105AF00070471846704700BF037913F0010306D0C2
:105B0000D0E90731C268581A531E1840704718462A
:105B1000704700BF10F8113C0133DBB20A2B00F8CC
:105B2000113C07D9044A10F8131C002322F8113045
:105B300000F8113C704700BF78AE0020F0B55F4C14
:105B40005F4A20785F4B0130A2FB00521E68DD6B7C
:105B5000120902EB8202A0EB8202B1422270586865
:105B600001EB050213D293F84550002D45D0564D58
:105B700002F580322E78B2FBF6F290420DD2101A66
:105B80004FF48035B5FBF6F5401B98600CE04E4DA8
:105B90002E78B2FBF6F2904227D3151A4FF48030DC
:105BA000B0FBF6F0284498605A6040F68C2200253D
:105BB0009042196083F8455029D993F8402093F911
:105BC00042108A4262D0002193F9417083F8431059
:105BD0004FFA82FCBA423AD00121002283F842C037
:105BE00083F8441083F84020F0BD93F84550002D11
:105BF000C5D1101A401B9860D6E7334E3678B2FBF9
:105C0000F6F29042C9D2101A401B9860CCE793F884
:105C10004420002AE8D0A0F2EF2140F2DA5291426B
:105C20000AD893F840200B2A06D803EB82010132F0
:105C300083F84020C860F0BD244A002102F1300002
:105C400083F8441042F8041F8242FBD1F0BD93F860
:105C500044100029C0D072B31D4A1C4D104602EBFF
:105C6000470E39B255F8046F20F8026B7045F9D130
:105C70000B2F07DC174802EB4102002122F8021B20
:105C80008242FBD1627801326270A5E7111F0829B8
:105C900099D893F84310182907D8013193F9417026
:105CA00083F843104FFA82FC94E74FFA82FC83F8A2
:105CB00041C067468EE71146054ADBE778C50020FC
:105CC000CDCCCCCC28530020EC0300203053002056
:105CD00078AE002090AE002030B40E4D0E4B2A78E6
:105CE0000E4C0132A3FB02031B09E06B03EB8303A1
:105CF000A2EB83034FF6FF72914200F101002B707B
:105D0000084408BF0123E06308BF84F8453030BC75
:105D1000704700BF78C50020CDCCCCCC28530020E4
:105D20001D4890F82430B3B32DE9F04700221B4BF7
:105D3000DFF86CC0DFF86CE0154650272C26197C84
:105D400049B953F8181B0D6090F8241001329142A4
:105D5000F5DCBDE8F08759688C0AA4F58014542C52
:105D600094BF1EF804904FF0FE09EFF3118487F3FF
:105D70001288D1F824A0D1F8148006FB09C90AF1D1
:105D8000010A48F00108C9F82CA0E4B2C1F8148057
:105D900084F31188D5E770473454002074530020F1
:105DA00078C5002078D30408034B00EB400003EBD8
:105DB000C000407C704700BF745300200120704732
:105DC0000A4890F824307BB10023094A10B41C46DD
:105DD00011680133183201B10C6090F824108B4225
:105DE000F6DB5DF8044B7047704700BF3454002069
:105DF000745300200A4890F824307BB10023094AEC
:105E000010B41C4611680133183201B10C6090F8CF
:105E100024109942F6DC5DF8044B7047704700BFD0
:105E20003454002074530020704700BF034B33F8F4
:105E30002C2F02809B788370704700BF88D704089E
:105E4000154AB2F84012B2F9443200FB01F0010BDE
:105E5000CBB110B4B2F94642104842F2107202FBC4
:105E600001F292FBF3F3234480FB0320DB17C3EB27
:105E7000A0000B4B5DF8044B1B78212B04BF094B92
:105E8000C3E9001070471846054B1B78212B04BF4F
:105E9000044BC3E90010704778C50020676666664A
:105EA0008C600020906000200D4AD2F84832C31A5E
:105EB00011D010B4D2F85042C2F848026421002038
:105EC00001FB04F1C2F85002B1FBF3F35DF8044B9F
:105ED000A2F84C327047034B01221A70704700BF82
:105EE00078C50020538B002003684A79591C016053
:105EF0001A70704738B5244BDA8A07EE902A0129C8
:105F0000F8EE677A23D0B5EEC00AF1EE10FA0DDD97
:105F10005A8A9B8A07EE902A07EE103AF8EE677AC3
:105F2000B8EE477A37EE677AE0EE077A174D00EB66
:105F3000400005EBC00393ED027A93ED030AC40021
:105F4000A7EE270A24F0D2F92B59186038BDB5EE18
:105F5000400AF1EE10FAE9D05A8A9B8A07EE902A9D
:105F600007EE103AF8EE677AB8EE477AB6EE006AB6
:105F700037EE677AF7EE006A27EE067A30EE260AE9
:105F8000E0EE077AD2E700BF64540020745300208B
:105F90002DE9F84303684269394DDFF8F890394E2E
:105FA000394F04461869E368CB1A07EE903A10445B
:105FB00000222DED028BA2802C60E1600D46606115
:105FC0004FF0FF3189F8002032703960B8EE678AEF
:105FD0000FF0A8FF2368DB68804698470FF0A2FF08
:105FE000636A2A4999F800C0A0EB080000EB800220
:105FF000A3EBD30303EB4203D1F8502263620244C4
:10600000C1F85022BCF1000F0BD1216B236A25632C
:106010006D1AA3EBD30305EB850203EB4203A560E6
:1060200023623B685A1C1CD03278DB01E36122B941
:10603000A36A834238BF0346A362D4ED067A9FED7C
:10604000147AE26A636B38EE678A0244E8EE077AF4
:10605000BDEC028B0133E2626363C4ED067ABDE8F6
:10606000F8833378002BE8D1E369B0EBD31F02D972
:10607000C301E361DCE7012BDAD9013BE361D7E738
:1060800094800020538B00207090002078C5002061
:10609000CDCC4C3D528B00201C4B9FED1D4A1B6804
:1060A000DFED1C4A1844B2EE045A837C07EE903AA6
:1060B000837AF8EEE77A06EE103A837BB8EEC66A8A
:1060C00067EE857A06EE903A20EE007AE6EE457AA3
:1060D000F8EEE66A27EE077AF7EE005A66EE846A73
:1060E00037EE657AF4EEE47AE6EE875AF1EE10FACE
:1060F000B0EEC07AB8BFF0EE647A67EE277A67EE4A
:10610000A57AE6EE057A27EE800A704724870020FC
:106110000AD7233C000000002DE9F04F2DED028B43
:10612000DFF834B3C34F9BF8275785B00390002D99
:1061300040F0B480DFF818930BF124060BF5886467
:106140003B78B6EC010A6BB109EB050A4FF0000889
:10615000504615F069FA3B7808F1010898450AF1B4
:106160008C0AF5DB2046DBF83C349847A4F17C0030
:10617000DBF8C033984704F1F800DBF83435984772
:1061800004F17C00DBF8B8349847DBF82C3686ED58
:10619000020A04F5F870984704F5BA70DBF8B035D8
:1061A000984704F51B70DBF8A83698472835782DFA
:1061B00004F1280486ED050AC2D19BF8292752B1C3
:1061C0009BF82627012A00F08281022A00F06281D2
:1061D000002A00F04581984A9849127D12B19BF837
:1061E000282702B391F85422002A52D1DBED0C7A11
:1061F0009BED036A924B934803F10C02BBEEEF6AEE
:10620000144692ED007AD3ED006AE2EC017A77EE63
:10621000277AE7EE866AE3EC016A9C4200F0E680AA
:10622000F0EC017AEDE791F854029BED057A002835
:1062300040F066819FED846ADBED0C7ADBED0D6A40
:106240009BF83A0727EE067AB0EEE76AB4EEC67A14
:10625000F0EEE66AF1EE10FAB4EEE67ADBED0E6AE5
:10626000F0EEE66A4CBF01220022F1EE10FAB4EE25
:10627000E67A48BF42F00202F1EE10FA48BF42F05F
:1062800004020242B4D0039AC1F85822012381F8D3
:10629000543205B0BDEC028BBDE8F08F6B4BDFF8DC
:1062A000BCA11B78DFF8AC814FF00009142B4D46E0
:1062B0000BF118060BF5C66473D0062B40F0A080D6
:1062C00096ED000A019324F011F89AF80020019B42
:1062D000C8F80000AA4270D096ED030A3B78A3B13B
:1062E0005B4B019403EB0900002302961C462E46EB
:1062F0000546284615F098F93B7801349C4205F193
:106300008C05F6DB3546DDE901469AF80030AB42F4
:106310005FD0DBF83C34A4F5F8709847DBF8C03365
:10632000A4F51B709847DBF83435A4F1F8009847C2
:10633000DBF8B834A4F5BA7098479AF80030AB424D
:10634000424BB0EE408A1B783CD0032B05D1B0EE17
:10635000480A23F0CBFFC8F800002046DBF82C36B3
:1063600086ED068AB0EE480A9847A4F17C00DBF877
:10637000B035984704F17C00DBF8A8369847013522
:10638000032D86ED090A08F1040809F1280904F132
:10639000280406F104063FF410AF2C4B1B78142B95
:1063A0008BD1DBF8402305F1580132F91120C8F8F0
:1063B00000209AF80020AA428ED13D2B96ED030AC8
:1063C0008CD12DE03D2BC0D123F090FF214BD86024
:1063D000C3E71E4B1B783D2B9BD18DED010A23F0AB
:1063E00085FF1C4B9DED010A986092E7D1F874324D
:1063F0000133C1F8743205B0BDEC028BBDE8F08FFB
:106400009AF80020AA427FF467AF3D2B7FF464AF77
:1064100096ED000A23F06AFF0E4B96ED030A186012
:106420008DED010A23F062FF0A4B9DED010A5860D1
:1064300054E700BF0140002090AF002078C5002045
:10644000D4C700203840002000D8F9468C600020D6
:10645000E447002090600020044000207451002098
:10646000634A1278152A00F0BA80322A7FF4B3AE5C
:106470009BED348A9BED380A5E4C28EE000A23F02F
:1064800035FF9BED390A206028EE000A23F02EFF2D
:106490006060A0E6564A1278152A00F09280322AEF
:1064A00059D19BED348A9BED380A524C28EE000AF4
:1064B00023F01CFF9BED390A206028EE000A23F030
:1064C00015FF9BED938A9BED970A60600BE0484AAD
:1064D0001278152A6DD0322A7FF47DAE9BED938A17
:1064E0009BED970A434C28EE000A23F0FFFE9BED3C
:1064F000980AA06028EE000A23F0F8FEE0606AE641
:10650000DFED3D6ADBED0C7A27EE267AF0EEE76AE6
:10651000B4EEE67AF1EE10FA47DDDBED0D6AF0EE4F
:10652000E66AB4EEE67AF1EE10FA3EDDDBED0E6AD5
:10653000F0EEE66AB4EEE67AF1EE10FA35DDD1F867
:106540005802039B4CF25034181AA0427FF7A1AEB8
:1065500081F854224CE6162A7FF43DAEDBED938A97
:106560009BED970A9BED348ADBED387A214C20EEC7
:10657000680AA7EE880A23F0B9FE9BED980ADBEDC6
:10658000397A206020EE680AA8EE270A23F0AEFED2
:106590009BED990ADBED3A7A606020EE680AA8EE7E
:1065A000270A23F0A3FEA06015E6039BC1F858322A
:1065B0006FE6104ABBF97402BBF97612C2E9020118
:1065C00009E60C4ABBF9F810BBF9FA40BBF97402B2
:1065D0001160BBF97612D160C2E90140FBE5054AC2
:1065E000BBF9F800BBF9FA10C2E90001F3E500BFFE
:1065F0008C600020906000200008ED4610B5444CEF
:1066000094F82637012B28D0022B54D0002B35D0FC
:1066100094ED060AD4F844333E489847D4F84433FE
:106620003D4884ED090A94ED070A9847D4F84433AD
:106630003A4884ED0A0A94ED080A98473849394ADD
:10664000B1F87832107884ED0B0A0133B3FBF0F225
:1066500000FB1233A1F8783210BD04F5E270F8F7B0
:10666000B7FED4F83C33002BD2D1D4ED936A94ED2D
:10667000970A94ED987AD4ED997A0FE004F14800E6
:10668000F8F7A6FED4F8C031002BC1D1D4ED346A9E
:1066900094ED380A94ED397AD4ED3A7A20EE260A50
:1066A00027EE267A67EEA67A84ED060A84ED077A4D
:1066B000C4ED087AAEE704F14800F8F789FE04F566
:1066C000E270F8F785FED4F8C021D4F83C331343C8
:1066D0009ED1D4ED937A94ED970A94ED987AD4ED07
:1066E000994AD4ED346A94ED385AD4ED395A94ED80
:1066F0003A6A27EE800A27EE877A67EEA47AA5EE3B
:10670000260AA6EEA57AE6EE867AF6EE006AC5E7D8
:10671000044000204C430020744300209C43002090
:1067200078C500203006002070B5A0F51B742379D1
:10673000DB0757D5637994F8502203F001010D4629
:1067400042BB94F85332012B4DD0002B4FD194F81B
:10675000523294F851128B420CD2B4F85A220126CC
:1067600006FA03F001330243D8B2884292B2F7D35B
:10677000A4F85A220123606C84F8533285EA03019D
:10678000E2F756F9636C0122BDE870405979186848
:10679000EBF72CB9A36C1A68D36A5B08536294F8C0
:1067A0006132012B07D094F8553223B1B4F85C3232
:1067B0000133A4F85C32606C85F00101E2F738F92E
:1067C000636C012259791868EBF710F90023012254
:1067D00084F8532284F8513284F85232A4F85A32A1
:1067E00084F8503270BD94F8513284F8523200234C
:1067F000606C84F85332E2F71BF9C3E7C36C23B132
:106800005A7A006C012111F08DBB006C012111F04E
:10681000ABBB00BF10B54379426C13F0010F0446C7
:10682000527AC06B12D013F0200F14BF0221422104
:1068300011F078FB636C012284F85422A4F85022F2
:10684000BDE8104059791868EBF7D0B813F0200F65
:1068500014BF0221222111F065FBEBE768B5064663
:1068600000680D4620F012FC02460346B3FBF5F12A
:10687000B1F5803F05D2304689B2BDE8684020F0CE
:1068800021BE012BF4D95B08F0E700BF8160406CAA
:10689000E4E700BF4379006CDB0748BF81F00101EA
:1068A00009B111F0A9BB11F0A1BB00BF38B5A0F52B
:1068B000197423799A073AD4D90700D438BD94F8CB
:1068C0005032002BFAD194F851320133DBB2092B4C
:1068D00084F8513273D00A2BF0D194F85352002D22
:1068E00000F08580B4F85A02820500F0010302D45A
:1068F000002B40F08580B4F85E320133A4F85E329C
:1069000001220023954284F8513284F85022D5D1D7
:106910006179606C84F853321140E2F789F8636C56
:106920002A4659791868BDE83840EBF75FB894F803
:1069300055524DBBD4E9091291426AD0531CA1694A
:10694000A362895C206994F85422834228BF2B46B5
:10695000490041F400710A20A3620123A4F85812EF
:1069600084F8560284F85532AAB94B08A4F8583274
:1069700001F001012046FFF78DFF94F8562223799C
:10698000013A84F8562297E794F95622002A68D1F2
:1069900084F8552290E763791807E6D5636C2A4698
:1069A00059791868EBF722F8E06B294611F0DCFA08
:1069B00084F854522046FFF721FF23797CE794F8AE
:1069C0005332002B7FF47AAF94F85232082B3FF603
:1069D00075AFB4F85A22012000FA03F101330A43DB
:1069E000D9B2082992B2F7D9A4F85A2238BDB4F81E
:1069F0005A3243F001009B05A4F85A023FF57BAFE1
:106A0000E36A4008CBB1216BC0B2984794F8535267
:106A100076E794F8541200297FF44EAF6279150797
:106A20007FF54AAFE36CBBB15A7A206C11F07AFA69
:106A30002046FFF7EFFE23793EE7E3696269C0B2C3
:106A4000D054E369E16894F853520133B3FBF1F297
:106A500001FB1233E36153E7206C194611F084FA0D
:106A6000E6E7B4F8581280E770B5494B5B7A012B22
:106A700011D0022B57D1474B1B681B015BD4464BEF
:106A80001B78022B00D070BD444A454B51881288B8
:106A9000C3E9001270BD22F0D3FB424B424D1B7A7A
:106AA00005EB430305F52770B3F88842A4B207EE5F
:106AB000904AB8EE670A14F013FEBCEEC00A95F8CF
:106AC000A412B5F84002394A95F8A56210EE103AC2
:106AD00000FB01F099B200FB01F100FB04F3A2FB03
:106AE00003032E4CA2FB011244F6FB7101EBD3030E
:106AF00001EBD201C6EB0632B3FBF2F3B1FBF2F2CB
:106B000095F8A612B3FBF1F39BB2A5F89A32638015
:106B1000214BB2FBF1F21B7892B2022BA5F898221E
:106B20002280B0D1B0E71D4B00221A601A4B1B78AF
:106B3000022BA8D1A8E7FF20EDF794F818B303784B
:106B40000A2B1AD99FED1A0A0023174C04F520705E
:106B5000A4F87E3214F0C4FDBCEEC00A10EE103A68
:106B60009BB2A4F87C320D4AB4F87E1213800A4B13
:106B700051801B78022B86D186E7438807EE903A36
:106B8000B8EE670AE1E7084CB4F87C32EBE700BFE7
:106B9000F8830020186000208C600020DC83002037
:106BA00090600020642B002078C50020CDCCCCCC98
:106BB00000000000F8B5494B1A789AB1484B494D8E
:106BC0009A7AD5F8A862C5F8A802022A044654D0D9
:106BD000032A06D0012A0AD0434B0022C3E900222F
:106BE0009A60F8BD404BC3E900229A60F8BD22F0DC
:106BF00027FB3E4B1B7D05EB4303B3F88872BFB206
:106C00003846FFF71DF907EE907A0346B8EE670A9B
:106C100005F52F70C5F8B83214F062FDBCEEC00A5D
:106C200010EE103A98B2FFF70BF9D5F8B81295EDBF
:106C3000AC7ADFED2F6A2F4AC5F8B402A31B01FB23
:106C400003F307EE903AF8EEE77A1478264BA7EEB6
:106C5000A67A212C59601860F0EE477ABDEEC77A0B
:106C6000C5EDAC7A17EE102A83ED027A85EDAB7A8A
:106C7000B7D1214BC3E90212F8BD204B1B681B01A1
:106C8000AFD5FF20ECF7EEFF18B103780A2B08D937
:106C900000200346144AC5E9B103C2E900339060FD
:106CA000F8BD174A174B51881A68D0ED027ADFED0C
:106CB000166A164C436802FB01F207EE102AF8EE42
:106CC000E77AB8EE477AA4FB0121E7EE267A03EBD8
:106CD000D103FDEEE77A17EE900ADBE7CCAE002099
:106CE000F883002078C5002018840020642B002041
:106CF0002FE33E318C60002090600020186000205F
:106D00004C8300208C1900207D219534CDCCCCCC37
:106D100010B50B791A2B044627D01B2B11D01C2B36
:106D200019D01D2B03D1184B93F8FC223ABB0968EC
:106D3000204616F075F823683B22591C21601A7012
:106D400010BD114B93F8DC22002AF0D003F5377107
:106D500016F066F8EFE70C4B93F8EC22002AE6D029
:106D600003F53B7116F05CF8E5E7074B93F8CC228E
:106D7000002ADCD003F5337116F052F8DBE703F597
:106D80003F7116F04DF8D6E778C50020B0F908300D
:106D90006E2B00D0704710B5044616F03BF8204625
:106DA00016F02CF8204616F029F82046BDE81040D1
:106DB00016F024B83A4B3B4AD3ED036AD3ED017A7F
:106DC00093ED026A93ED007A66EE060A26EEA61AA5
:106DD00067EEA72A2DED048B26EE260A27EE278ADA
:106DE00027EE262A67EE061A30EE814A27EE866ADB
:106DF00072EE814A67EEA67A32EEA05AF7EE006A8A
:106E0000F0EE005AB0EE669AF0EE668AA4EE659A4D
:106E1000E4EEE58AE5EE656A70EE483A38EE004A3F
:106E200076EE424A32EE065A71EEA75A33EEA33A94
:106E300074EE043A34EEA44A75EE054A35EEA55ACE
:106E400077EEE15A27EE077A75EEA55A83ED058AAB
:106E500082ED009AC2ED048A83ED047ABDEC048BC6
:106E600083ED0C0A82ED053AC2ED073AC3ED0B0A39
:106E700083ED0D1AC2ED086AC3ED061A83ED072AE9
:106E8000C3ED082A83ED096AC3ED0A7A82ED014A4F
:106E9000C2ED034A82ED025AC2ED065A704700BFA6
:106EA0003C060020A49100202DE9F04F254B264DF3
:106EB0001B682DED0C8B990783B002D595F85470A3
:106EC0006FB92248224900230122AB64EB642B6591
:106ED00002700A7003B0BDEC0C8BBDE8F08F1D4C46
:106EE000D4F80C23C4F80C03A0EB020B1A073FD50F
:106EF000194AD2ED007AF5EE407AF1EE10FA37D069
:106F0000D2ED017AF5EE407AF1EE10FA30D0D2ED02
:106F1000027AF5EE407AF1EE10FA29D00F4A92F893
:106F2000222012B194F8101339B30D4A1278013AA5
:106F3000042A1DD99FED0D8ADFF82C80094E00210F
:106F400020E000BFD080002028840020528B002049
:106F5000538B002078C5002038970020C490002073
:106F6000789000203C0600206464002000000000AF
:106F700013F0200740F05E8239461FED048ADFF8E7
:106F80002484F44ED4F87422002A00F07A82F24B62
:106F9000D4ED985ADB689FEDF19A94ED976AD4EDA1
:106FA000996A03FB02F307EE903AF8EE677AB7EEC0
:106FB000005A85EE277A4FF0000C0023C4F8743293
:106FC000C4F85CC2C4F860C2C4F864C267EE255A53
:106FD00027EE066A65EE898A66EE099A68EEA8AA27
:106FE00067EE266AE9EEA9AA26EE899AE9EE09AAD1
:106FF000DB4BD3F88020002A40F3B88207EE902ABA
:10700000F8EEE77AB7EE007AC7EE27BA00224FF023
:107010000009C3F88090D3ED22CA93ED21CA93ED05
:10702000235AD5ED007A9FEDCF7AC3F884206BEE1A
:10703000ACCA2BEE8CCA2CEEACBA6BEE85BAACEEB9
:107040000CBAC3F88820C3F88C2067EEA77AABEEA1
:10705000ABBAC4EDC6CA67EE8B7A84EDC5CAF4EE4E
:10706000C77AF1EE10FAC4EDC7BA08DD9FEDBE7A1B
:10707000F4EEC77AF1EE10FA48BF4FF00109BB4BAE
:107080009FEDBB7A1B7807EE90BAF8EEE74A03F063
:10709000010213F0010324EE87AA00F0098294EDA7
:1070A000CADA84F82023002900F0FA81DFEDBE7AE5
:1070B000B4EEE78AF1EE10FA0CDDDFEDAE6A9FED7B
:1070C000AE7AF0EE487AF4EEC77AF1EE10FA38EEC6
:1070D000668AF6DCDFEDA97AB4EEE78AF1EE10FA03
:1070E0000CD5DFEDA46A9FEDA67AF0EE487AF4EEB7
:1070F000C77AF1EE10FA38EE268AF6D4B0EE480AD6
:1071000019F0ECFD9F4DF0EE407AB0EE480AB0EE7B
:10711000678A19F0CFFDD5ED037AD5ED005A95EDCC
:10712000067A95ED076AD5ED086A60EE277AE8EEF3
:10713000257A27EEC77A27EEC66A67EEE67A002F31
:107140004BD0914B9FED914AD3ED016A93ED025ADA
:10715000D3ED004A66EEA65AE5EE055AE4EEA45ACF
:10716000F4EEC45AF1EE10FA37DDF1EEE53AF7EE3F
:10717000005A85EEA34AD5ED045AD5ED013A95EDB6
:10718000033A66EE846A64EE844A66EEA55A66EEB9
:10719000A36AE4EE835AD5ED003A25EE045AE4EEF4
:1071A000A36A95ED054AD5ED024AD5ED063AE5EE1E
:1071B000045AE5EE246A25EEA55A95ED074AD5ED69
:1071C000084AA6EEA65AF1EEC56A66EEE55AA5EEA5
:1071D000A37AA5EE846AE5EEA47AB9F1000F24D073
:1071E000DFED6A6AB4EEE6BAF1EE10FA1DDDF1EEFB
:1071F000CB5AB7EE005AC5EE256AD5ED084AD5ED53
:10720000065A95ED075A26EE8CCA66EEACCA66EEB3
:10721000ABBAACEEA47AABEEA56AECEE057AACEEB6
:10722000646AABEEC57AECEEE57A0023D4EDC96A68
:10723000F5EEC06AF1EE10FA40F3AB81DFED545A7F
:10724000F4EEE5AAF1EE10FA00F1AA8194EDCE5A1F
:10725000D4EDCF5AD4EDD06A79EE859A39EE259ADD
:1072600078EEA68AE7EE0D9AF0EE685AF6EE004A3E
:107270006AEE244AE6EE0D5AA7EE8D9AD6ED033A51
:1072800096ED023AD6ED007AD6ED012A29EEA44A0F
:1072900065EEA45A64EE236A69EE244AE5EEA76A15
:1072A00024EE836A73EE266AA4EE276A25EEA27A9C
:1072B000E4EEE26A32EE866AA4EEA77AA5EEE36A0D
:1072C00065EE835A26EEA65AE4EE225A33EE877A0A
:1072D000A6EE065AA4EE437A77EEE57AF0EE455A2A
:1072E000E4EEE37AE7EE075AB7EE008AE7EEA75A34
:1072F000B1EEE55AC8EE055A67EEA57A26EE256A84
:1073000066EEA56A27EE257A86ED016AC6ED026A69
:1073100086ED037AC6ED007AFFF74CFD0123D5ED2B
:10732000080A95ED070A84F8123319F055FCDFEDD1
:107330001F7A20EE270A22F0D9FFD5ED065A9FEDDD
:10734000157A9FED156ADFED156A9FED150AA8F80D
:10735000000031E03C0600200440002035FA8E3C5D
:107360005CB30020295C4F3F48E19A3F2484002011
:10737000BD378635DB0FC940E4CB1641DB0F49C072
:10738000E4CB16C1A4910020389700200AD7233CF3
:10739000E58AF93D306E99BC2716983D843459BE74
:1073A000A40DC93F64640020DB0F49404C3D0F44ED
:1073B000DB0FC93F4C3D0FC4F0EEE57A38EE678A2B
:1073C000A7EE876AB1EEC87AE7EE866AF5EEC05A94
:1073D000A7EEA60AF1EE10FA67EE007AC8BF1FED1D
:1073E0000E7A1FED0E0AC8BF77EE677A1FED107A8E
:1073F00077EE677A27EE800A22F078FFD5ED000A53
:1074000095ED030AA8F8020019F0E6FB5FED177A84
:1074100020EE270A22F06AFF03B2002BB6BF00F568
:107420006160A8F80430A8F8040003B0BDEC0C8B30
:10743000BDE8F08FC84B1F7817F002073FF49CADF2
:10744000C64B1A7D042A40F2C680DA89B2F5FA7F6B
:10745000C0F0C1801A8AC24BDFEDC27A94F81113D2
:10746000DFF81483A3FB0263DB0808EE103AB8EEE2
:10747000C88A28EE278A002900F0B480BA4E002777
:1074800080E5DFEDBAAAB0EE6A9AF0EE6A8AF0EE15
:107490006A9AF0EE6A6AF0EE6A5AB0EE6A6AA7E596
:1074A000DFEDB27AB24DB0EE676AB0EE677A46E6CB
:1074B00094F8202382B100F574329032C4F830334E
:1074C00084F83433C4F82C235AB994F8343343B9CC
:1074D000002384F8203342E0D4F83033002B00F04E
:1074E0003181B0EEC66AB2EE0E5AB4EEC56AF1EE64
:1074F00010FA21DCF0EEE57AF4EEC57AF1EE10FA3E
:107500001ADCB0EEE67AB4EEC57AF1EE10FA13DCCE
:10751000B9F1000F10D0D4F83033002B00F01881EF
:1075200098424FF0000358D30122C4E9CB3384F8CA
:10753000203384F8342312E000F5743390330022B2
:10754000C4E9CB32002BC3D09842C1D300F5F4205C
:10755000002300F59070C4E9CB3084F8203394ED1B
:10756000CADAF2EE047A2DEE27DA9CE59FED7F7AF7
:107570004FF00009B0EE47BA84EDC57A84EDC67AC3
:1075800084EDC77AF0EE47BAF0EE47CAB0EE47CACC
:1075900075E5C4F83833C4F84033C4F83C3361E6C9
:1075A0006AEE266AD4EDCE4A94EDD05AD4EDCF5A85
:1075B000E7EE264AA6EE265AE7EEA65A79EEA49AF8
:1075C00078EE858A39EE259AC4EDCE4A84EDD05AFC
:1075D000C4EDCF5A46E60027CEE484F82033B3EE5C
:1075E00009DA60E5B8F90030B8F90270DFF88CA16B
:1075F0009FED60BAB3F5E16FC4BFA3F561631BB241
:10760000B7F5E16F0FFA82F9C4BFA7F561673FB222
:10761000B9F5E16FC4BFA2F561620FFA82F9CDE955
:1076200000108AFB0312DB17C3EBA2031BB208EEA8
:10763000903AF8EEE88A012668EE8B8A84F81163A6
:10764000B0EE680A19F036FBB0EE40AAB0EE680A58
:1076500019F044FB8AFB0732FB17C3EBA2031BB2F2
:1076600008EE903AF8EEE88AF0EE409A68EE8B8ADF
:107670008AFB093AB0EE680A19F01CFB4FEAE97977
:10768000F0EE40AAA9EBAA09B0EE680A19F026FBB1
:1076900007EE909AF8EEE78AB0EE409A68EE8B8A91
:1076A000314EB0EE680A19F005FBF0EE407AB0EE0C
:1076B000680AF0EE678A19F011FB69EE897A2AEE02
:1076C000099A69EEAA9A20EE276A2AEE2AAA69EE9A
:1076D000406A20EE297A67EEE87AA8EE8A6A0027E7
:1076E000E0EE0A7AE8EEA96AA8EE897A26EEA75AB1
:1076F00026EE874A67EE275A67EEA72A26EEA63AB5
:1077000067EE073A66EE266A26EE077A66EE277A75
:10771000C6ED0D2A86ED083AC6ED0B3A86ED094A0C
:1077200086ED0A5AC6ED056AC6ED0C5A86ED067A54
:10773000C6ED077AFFF73EFB0123DDE9001084F870
:1077400012331FE4D4F82C23002A7FF4CAAEBCE61F
:10775000D4F82C33F6E600BFB4830020B0600020DC
:10776000CDCCCCCC35FA8E3C3C060020000000008D
:10777000A491002035FA0E3C6464002067666666BA
:1077800010B50EF0CFFB484B1A78002A37D0012AEB
:1077900037D05A785AB1454A92F82020012A04D0AD
:1077A000022A04D193F838200AB106221A7093F8FD
:1077B00028200AB902225A703D493E4CD1F8442390
:1077C000821AA24219D91A78C1F84403032A28D090
:1077D000364A147F187D91F94D23A04234BF012011
:1077E0004FF0FF3002440A2A1046A8BF0A2020EAC0
:1077F000E070092A81F84D0300DC10BD03225A70A5
:1078000010BD2B4A9B89A2F84A330A240021052384
:1078100082F8484382F84C1382F84D33C2F844038F
:1078200010BD588A91F948239C89962834BF0120BD
:107830004FF0FF300244142A1046A8BF142020EA5B
:10784000E070132AC8BF042281F84803B1F84A0344
:10785000C8BF5A7091F94C23A1F84A43A04234BFE3
:1078600001204FF0FF3002440A2A1046A8BF0A2028
:1078700020EAE070092A81F84C03A9DD0E4A12685B
:1078800012F0080F094A0BD092F8220040B191F88B
:10789000100328B9012481F84C0381F8104398E7BC
:1078A0000120587095E700BF78900020C490002018
:1078B00078C500203F420F00D08000202DE9F84F0E
:1078C000BD4C2378012B0CD1BC4B00220021C3F806
:1078D0005813A3F84E23A3F85023C3F85423A3F856
:1078E0005C23B74B1E78242E02D1B64B6278DA6047
:1078F000B54B1B78002B00F00081638A226BB349E3
:10790000AE4DDFF8F882B5F95093B5F84EE3B8F80C
:107910001870B8F81AC0B8F81600D21A81FB023AEB
:10792000D317C3EB6A131AB29144B9F1640FA8BF1D
:107930004FF064096FF0630AD1459BB2B8BFD146DE
:10794000A3EB0E0E1CFB0EFC09FB07F710FB03C399
:1079500081FB07EB9E4894F834A0A5F84E23FF174F
:10796000C7EB6B174268A5F850933B441BB20AEB78
:107970008A0C502BD4BFD31802F150030CEB8C0CA3
:10798000B3EB8C0F94F835204FEA8C070BDB02EB3E
:10799000820202EB820297009F42A8BF1F46A1FB12
:1079A00007314FEA511A07EE90AA9FED8A0A476005
:1079B000F8EEE77A27EE800A22F016FCA168E36A67
:1079C0005B1A1BB283EAE372A2EBE372013A92B252
:1079D000B2F5957F40F2B780F7EE006A002B40F3D6
:1079E0008E80B8F82A30D4ED067A07EE103AB8EE59
:1079F000C77AD7EE267AFDEEE77A17EE903A83EA59
:107A0000E37207EE903AA2EBE372632AF8EEE75ACC
:107A100040F3BD80DFED707A7049714A0988D2ED7C
:107A2000006A92ED014AD2ED024AD5F85423B5F925
:107A30005C03C5EDD67AA1F57A7106EE101AB8EEA0
:107A4000C66A9A1A86EE005AC5F85433B8F812C0BE
:107A500007EE100A65EEA65A67EE847A06EE902AC3
:107A600035EEA76AB8EEC77AF8EEE66A37EE067A20
:107A700066EEA46ABDEEC56A37EE267AB8F8100045
:107A800016EE103ABDEEC77AA0F57A7217EE101A0C
:107A90000FFA83F8A2EB08039942864606DBACF5A1
:107AA0007A73A3EB08038B42A8BF0B461BB203F506
:107AB0007A7290444045A5F85C3305DCC445A8BF04
:107AC000C446E6461FFA8CF0464A242E108034D075
:107AD000382E12D194ED067A3A4BBDEEC77AFDEE00
:107AE000E55AFDEEE77AFDEEE66A83ED037AC3ED33
:107AF000005AC3ED017AC3ED026ABDE8F88F2BD0BE
:107B0000B1F5FA7F48DC384B94ED067A01EB810140
:107B1000090183FB0123C917C1EB6313322BB8BFE3
:107B200032235B4207EE903AF8EEE77A77EEC77AB7
:107B3000FDEEE77A17EE903A61E7224AC2E900E7E4
:107B40009360BDE8F88F07EE903AF8EEE76ADFED54
:107B5000277A66EEA76A41E7DFED1F7AF0EE675AF3
:107B600095EDD66ADFED226A9FED227A77EE867A6E
:107B7000F4EEE67AF1EE10FA88BFF0EE667AF4EEF3
:107B8000C77AF1EE10FAB8BFF0EE477A44E7DFEDBE
:107B90001A7A65EEA77AE3E7B8F82C30D4ED067AC6
:107BA0005B4207EE103AB8EEC77AD7EE267AFDEEC2
:107BB000E77A17EE903A22E77890002078C5002007
:107BC0008C60002090600020488B00201F85EB51C6
:107BD0009891002035FA8E3C00000000749100203E
:107BE00078910020A0910020D34D62100E745A3B72
:107BF00000007A4300007AC30AD7233CC4900020D7
:107C000008B5042009F072FB064A074BD0681B68D0
:107C1000516813611B1A9942BCBF002382F82530BA
:107C200008BD00BFA88A00208C190020374B9FEDAB
:107C3000384A93F86423DFED373A9FED373A05EE83
:107C4000102A93F8612305EE902A93F8672306EE35
:107C5000102A93F8652306EE902A93F8622393F88E
:107C6000633307EE102A07EE903AB8EEC55AF8EEE5
:107C7000E55AB8EEC66AF8EEE66AB8EEC77AF8EEEC
:107C8000E77AC4EE054A254A254B84EE255AC4EE10
:107C9000065A83EEA66AC3EE876A83EE277AD2ED90
:107CA000007A74EEA74A35EE275A75EEA75A36EEDB
:107CB000276A76EEA76A37EE277A87EEA44A002273
:107CC0005A629A621A635A63DA631A649A64DA64CB
:107CD0001A659A65DA651A66C7EE854A9A66DA66A3
:107CE00087EEA55AC7EE865A87EEA66AC7EE876A60
:107CF00083ED0B4AC3ED0E4A83ED115AC3ED155ABD
:107D000083ED196AC3ED1C6A704700BF78C5002077
:107D1000D1E323413E48A242C5DCCC42CC950020B1
:107D2000F890002008B5034B93ED070A22F0DEFA25
:107D300000B208BDF8900020024B93ED060A22F035
:107D4000D5BA00BFF8900020052813D8052911D80E
:107D500088420FD030B5084D2C2300FB035401FBA3
:107D600003550FCD0FC40FCD0FC495E8070084E86D
:107D7000070030BD704700BFE0C8002010B4164BAC
:107D800016495B78164C2C2001F55A7203FB002231
:107D900000FB0313226093F87123124B013A042A6B
:107DA00013D8DFE802F00306090C0F000E4A1A6030
:107DB0000DE00E4A1A600AE00D4A1A6007E00D4A0B
:107DC0001A6004E00C4A1A6001E00C4A1A605DF87F
:107DD000044BFAF735BD00BF14B4002078C500206D
:107DE00024870020A0B80020FD560208D1570208C1
:107DF0003D580208996002081D5902081D5A0208E0
:107E000005289CBF014B5870B8E700BF14B4002090
:107E1000F0B51B4E1B4D83B00024ADF80440009418
:107E2000C6F87044C6F874440CE0D6F87434F218FE
:107E3000013382F87874C6F874340134142C05F1D7
:107E4000060518D06B79284606226946E7B2002B52
:107E5000EBD124F05FFE0028EFD0D6F87034013467
:107E6000F218142C03F1010382F88C74C6F87034F4
:107E700005F10605E6D103B0BDE8F04009F052B8BF
:107E800078C5002020B700200021F0B4244F0A4616
:107E90008C4601EB41035C0017F81350854207EB59
:107EA000430638D0F2B18C18132C2FD804EB4403BE
:107EB00007EB430303E001325418132C26D81D7836
:107EC000854203F10603F6D004EB440407EB4403B8
:107ED00057F81440346001319B88B3801429D8D1FD
:107EE000F0BC704701311429FAD001EB410317F8B7
:107EF0001330834203D001311429CAD1F0E70122A3
:107F0000A31D8C18132C07EB0306CFD9C6F800C0AD
:107F1000A6F804C0EFE7012A38BF0122C3E700BF7B
:107F200020B700201A4B03F1780102E006338B42A0
:107F30002CD01A788242F9D193F9022012F17D0FE8
:107F40001FDB10B493F903407D2C0ADCA24208DA4F
:107F500001205DF8044B704793F9022012F17D0F68
:107F6000F0DA5A79002AF3D106338B4205D01A7819
:107F70008242F1D006338B42F9D100205DF8044BE8
:107F800070475A79002AD1D00120704700207047ED
:107F900020B70020044B93F8A734022B01D1012015
:107FA00070470620BEE700BF78C50020F0B50D463B
:107FB00083B0017801910446284617461E4619F001
:107FC00089F8019978B12379012B15D00EB903B046
:107FD000F0BD284619F05EF82178384603B0BDE8B8
:107FE000F04019F067B8384619F074F80199002884
:107FF000EDD12379012BE9D1284619F05BF8002E49
:10800000EAD003B0F0BD00BF0146014819F062B8E4
:10801000D492002008B5FFF7FBFE0020FFF782FF97
:10802000084B68B9D97B003918BF01211B7C064A6F
:10803000003B18BF012382F8AD3482F8AC1408BDB0
:108040000021F3E714B4002078C50020084A094B4A
:10805000928A93ED047A07EE902AF8EEE77AB4EE6E
:10806000E77AF1EE10FAACBF01200020704700BFA4
:108070009C510020548A002001383F2800F2598189
:10808000DFE810F053014F014B01470143013F016D
:108090003B01370133012F012B01270123011F0170
:1080A0001B01170113010F010B0107010301570108
:1080B000FE00F900F400EF00EA00E500E000DB005C
:1080C000D600D100CC00C700C200BD00B800B3008C
:1080D000AE00A900A4009F009C00980094009000AE
:1080E00057018C008800840080007C0077007200BB
:1080F0006D00680063005E00590054004F004A00A4
:10810000450040008C4B1B68B3F8780070478A4BE1
:108110001B68B3F876007047874B1B68B3F8740090
:108120007047854B1B6893F844007047824B1B686F
:1081300093F841007047804B1B6893F83E007047EE
:108140007D4B1B6893F8420070477B4B1B6893F88C
:108150003F007047784B1B6893F83C007047764BA4
:108160001B6893F843007047734B1B6893F84000FB
:108170007047714B1B6893F83D0070476E4B1B684E
:10818000188D70476C4B1B68D88C70476A4B1B6806
:10819000988C7047684B1B68588C7047674BD87831
:1081A00001307047664B187801307047644B58783F
:1081B00001307047634BB3F906007047614B987804
:1081C00070475D4B1B6893F88B0070475A4B1B68D8
:1081D00093F88A007047584B1B6893F887007047E4
:1081E000554B1B6893F886007047534B1B6893F8F8
:1081F00085007047504B1B6893F8840070474E4BC6
:108200001B6893F8830070474B4B1B6893F8820000
:108210007047494B1B6893F860007047464B1B68DA
:1082200093F85C007047444B1B6893F85A00704702
:10823000414B1B68B3F8700070473F4B1B68B3F8A5
:108240006E0070473C4B1B68B3F8580070473A4BC0
:108250001B68B3F856007047374B1B68B3F85200E1
:108260007047354B1B68B3F850007047324B1B68A2
:10827000B3F84E007047304B1B68B3F84C007047A2
:108280002D4B1B68B3F84A0070472B4B1B68188CAA
:108290007047294B1B68D88B7047274B1B68988BFE
:1082A0007047254B1B68588B7047234B1B68188AF7
:1082B0007047214B1B68D88970471F4B1B689889F2
:1082C00070471D4B1B68588970471B4B1B68188BE8
:1082D0007047194B1B68D88A7047174B1B68988AE0
:1082E0007047154B1B68588A7047174B1B68187CE2
:1082F0007047154B1B68987B7047134B1B68D87BE6
:108300007047114B1B68187B70470F4B1B68987A9E
:1083100070470D4B1B68D87A70470B4B1B68187D54
:108320007047094B1B68987C7047074B1B68D87CCB
:1083300070470020704700BF208700203088002051
:1083400014B40020E83F0020248700200C490D4A87
:108350000B78497807EE903AF8EE677A02F5966363
:10836000C3ED007AC3ED017A07EE901AF8EE677A52
:108370000021C3ED027AD960012382F8C03470472E
:1083800050B8002078C500202A4A1378D90700D4B5
:10839000704723F0010370B543F0020313700446E5
:1083A0000DF0C0FD244B254D1B78C5F8C4040A3BD5
:1083B000012B35D900200FF0A7FE95F9D82495F8A8
:1083C000C814002A01DA29BB70BD1D4BD5F8DC4466
:1083D0001B681C481B1BA0FB0303B2EB931F4FEA57
:1083E0009314F0D8184BD5F8E0241B68174ED5F835
:1083F000D404D5F8CC149B1AD5F8D024A6FB03637B
:1084000000EB531301312244C5F8D434C5F8CC1421
:10841000C5F8D024BDE870400D490E480FF014BCDB
:108420004520F1F7F5FE0F20F1F7F2FE2046F2F7B6
:10843000E9F8BFE724840020C892002078C5002016
:108440008C190020D34D6210408B00201F85EB510A
:1084500020A10700740600202DE9F843C04E3378B0
:1084600013F0010405D0BDE8F843012100200FF00E
:1084700089BEDFF82C93D9F800309D0500F13581D5
:10848000B84D95F8AC34002B00F023810720FFF79E
:10849000BBFD002800F0EE80102008F027FFFFF75A
:1084A000D5FD002800F0E280802008F01FFFAE4FCD
:1084B0003B68980740F1BE8095F81233002B40F0DE
:1084C000B9804FF4807008F011FFB5F84C32462B9C
:1084D0004FF4006040F2B98008F008FFD7F8008040
:1084E00018F0010F6ED0F6F7C7FE00286AD14FF4DE
:1084F000805008F0FBFE0820FFF714FD00287CD018
:108500000820FFF781FD18B13378590740F17281D7
:108510004FF4806008F0EAFEFFF73CFD002870D1C0
:10852000924B1B685A0004D5FBF788FB002800F02B
:10853000AC804FF4801008F0D1FE8D4AD37A012B25
:1085400000F08A80022B00F083804FF4800008F056
:10855000C5FE0920FFF758FD002840F0EF803B687A
:108560009B0700F1DB804FF4000008F0B7FE814B61
:108570001B78002B00F0CD8095F8AC3483B995F8CA
:10858000E834002B40F08680D9F80000002840F045
:108590009380FFF739FD40B94FF0007008F09EFE60
:1085A000D9F80060002E18BF022485F8EA440DF0C7
:1085B000B9FCD5F8EC34C01A00285FDBBDE8F843FD
:1085C00008F060BB18F0020F04D06B4BB3F890308A
:1085D000002B8CD118F0040F03D0B5F8E634002B33
:1085E00085D118F0080F62D14FF4805008F076FE64
:1085F0000820FFF797FC002882D1FFF7CBFC00286A
:108600008ED05E4B31781B785D4A0B4392F8212067
:1086100003F0020313434FF4802000F09E8008F023
:108620005DFE0620FFF7F0FC50B34FF4002008F089
:108630005DFE75E74FF4807008F050FEB5F84C32DF
:10864000462B4FF400603FF647AF08F047FE45E782
:108650009378082B3FF479AF4A4B1B78002B3FF4FB
:1086600074AF4FF4800008F041FE72E7802008F0FC
:1086700035FE1CE7102008F031FE10E7BDE8F88356
:108680004FF4002008F02AFE4AE74FF4801008F06B
:108690002DFE52E7D9F8006026F0007020F48050DB
:1086A00050B9FFF7B1FC00287FF47CAF74E7364B7C
:1086B0001B68002B98D01AE70020FFF7A5FC0028C4
:1086C0003FF46AAF4FF0007008F010FED9F8006078
:1086D00068E72E4A95F8E4041778002833D0002F75
:1086E00040F08D8085F8E474D0E6294A294B9179D1
:1086F0001A684FF47A7303FB01F393423FF6C0AE5E
:10870000254B1B78002B6CD14FF4007008F0E6FD70
:10871000B6E64FF0807008F0E9FD2DE71F4BB3F986
:108720000A30002B7FF41FAF0120FFF7FBFB00286E
:1087300038D04FF4000008F0D9FD18E74FF40030AE
:1087400008F0D4FD0BE7002FCCD0FFF75DFC00282C
:108750004CD1082008F0C2FDC4E708F0C7FD60E76F
:108760002484002078C50020D080002018600020DC
:1087700064540020EC5F00205CB30020B483002030
:10878000C49000209754002020B300209D8A002030
:1087900014B400208C190020945400208064002020
:1087A000188700200220FFF7BDFB0028C1D103205D
:1087B000FFF7B8FB0028BCD10520FFF7B3FB00286A
:1087C000B7D10620FFF7AEFB0028B2D10D20FFF78E
:1087D000A9FB0028ADD195F8A734022B7FF4C3AED6
:1087E000A7E710F003FF00288ED149E6082008F023
:1087F0007DFD77E74FF4806008F070FDFDE61846D8
:10880000FFF702FC00287FF46DAFA2E72DE9F041ED
:108810007A4D95F8E834002B40F08980FFF71CFE74
:10882000774B1C68C4B9774F3B7813F0010401D033
:10883000BDE8F0810DF076FBD5F8F034724AC31A2A
:108840009342064600F28980D5F8F434002BEFD12C
:108850000123C5F8F434EBE76C4B1B780022C5F814
:10886000F4241BB1F6F708FD0028E1D0002C94FA9F
:10887000A4F4B4FA84F4D5F8FC3408BF4FF0FF3404
:108880000134A342D4D0624BC5F8FC44E4B2A3FB4C
:1088900004234FEA930C03F0FC010CF1FF3601EBCB
:1088A000930302220D275B48F6B2E41A4FF005311C
:1088B00012FB06760B2343F2052712FB0C3CE4B2B5
:1088C0000246C5F80015C5F80415A5F808754FF05F
:1088D000190E02E082F809E03B46634503F1020706
:1088E00003F1FF310AD0B74282F80AE002F1020236
:1088F000F0D1EA183226591C82F80065002C73D09A
:10890000013CE3B201EB43030524192744544E1CF8
:108910008B4201F1020100EB010261D13544FF23DA
:1089200085F80035BDE8F0410E2008F03FBB374A1E
:108930001378002B7FF472AF374B3849188B8C6853
:1089400042F2107303FB00F30120B3FBF4F3107049
:10895000C1F8C031C1F83C3360E797F80080304B74
:10896000C5F8F44448F0010208201C823A70FFF771
:10897000D9FA18B148F0050887F8008095F8E9346D
:10898000DFED286A07EE103A07EE906AB8EEC77A74
:10899000F8EE677A0023E7EE267AC5F8FC34FCEEA1
:1089A000E77A17EE903AC5F8F834F0F735FE1E4B2B
:1089B0001B681A061AD51D4B1B789B0703D51C4B49
:1089C0001B7D042B16D8162008F0F0FA194A1A4B12
:1089D00012681B68C5F8DC24C5F8E034BDE8F081F6
:1089E0003E2902F8017C91D90E4697E7052008F050
:1089F000DDFAEBE7062008F0D9FAE7E778C50020B2
:108A000018870020248400207F4F120058B30020D4
:108A1000CDCCCCCC78CA002090AF00200440002000
:108A200058B800200024744918600020B483002046
:108A3000B06000208C190020408B00202DE9F04F01
:108A400000F10A050446A54810F80580284404F101
:108A50000B0587B0EDB290F80CA09DF840909DF802
:108A600044708C46164640462A460B21CDE901C685
:108A70001E460DF087F9C245834640F0D080039032
:108A800040460FF001FA17F008030246009300F089
:108A9000BC80BBF1000F00F0B2809BF80830990752
:108AA00000F1AD80DFF840A24FF41C7303FB04A378
:108AB000C3F888B5C3F88405C3F88005002800F022
:108AC00004810B238371C57109F002034FF41C7BF1
:108AD0000BFB04FBDFF8148203930AEB0B050BF18D
:108AE00050024244019BC5F858250BF5A872424438
:108AF000DFF8FCE185F848954FF480714FF00009EC
:108B0000C5F87035029BC5F87435C5F85C25D5F8F5
:108B1000880585F84975C5F844E5C5F85015C5F8C8
:108B20005415C5F84C65314685F8A447C5F86495D9
:108B3000C5F86095C5F86C95C5F86895C5F8A09717
:108B4000A5F89897FDF78AFE07F00101D5F888058A
:108B5000DFF76EFF039B62486249C5F8AC970BF5DF
:108B60001B770BF51972C5F8B007C5F8A81747446D
:108B70004244E3B1D5F89005C8B1D5F8881503682B
:108B800009688B4213D00123314685F8A53701923D
:108B9000FDF764FE019AD5F8900549461EF076FB74
:108BA000D5F888054A4639461EF070FB0BE04FF4B5
:108BB0001C7303FB04A30025D3F8880583F8A5578D
:108BC00039461EF063FB4FF41C7000FB04A4D8442C
:108BD000D4F8883518681EF0CFFC009BC4F88C05CB
:108BE00023B34046FDF716FE404607B0BDE8F08FC0
:108BF000039BCDE9041013B11B7A9B071ED54FF0E0
:108C00000008404607B0BDE8F08F19F00101EFD130
:108C100009F0020C634683BBDFF8CCA056E72A4676
:108C20000C2150460DF0AEF8039029E74046FDF7C1
:108C3000E5FD01214046FDF72DFED2E75046DFF865
:108C4000A8A00FF021F94FF41C7303FB04A3039AAF
:108C5000C3F88825C3F8800519F00203DDE9041282
:108C600009F0020C36D090421FD0F0B14FF00C0E3C
:108C7000C57180F806E0002BCED0B8F1000FBED051
:108C8000DFF864A04FF41C7303FB04A3C3F884252E
:108C9000A1B9BBF1000FB2D0C3F888B5BAB10B21AE
:108CA000D5715FFA8CF3917110E7B8F1000FA6D07F
:108CB0004FF41C7303FB04A3C3F884254FF41C7307
:108CC00003FB04A3C3F890B5E8E709F0020C5FFAD0
:108CD0008CF3FBE60028C9D1F8E600BFF45F002062
:108CE00029670208AD68020878C50020BCCA0020C8
:108CF000B8D7040870B584B00D4616461EF03CFC8B
:108D0000A0B10B4B00961B78012B0CBF0322002255
:108D1000012104460023039201912A4669460293E9
:108D2000E8F774FE29462046E8F73EFF04B070BD20
:108D30003A52002038B510F80E2C50F8043C044686
:108D400052B9012200F80E2C20F80C1C5979186831
:108D50000222BDE83840CDE730F80C5C0A4A10F832
:108D60000F0C24F80A1C491B89B224F8081C0025A2
:108D700022F8101004F80E5C597918682A46FFF79B
:108D8000B9FF04F80D5C38BD78AE0020034B1878AD
:108D900018B1034B1B88B3FBF0F07047CCAE00203A
:108DA000DC8300201F4B187800283AD01E4A938994
:108DB000FBB11E4A9FED1E6AD2ED026A07EE903AA1
:108DC000F8EEE66AF8EE677A07EE103A77EEE66AB2
:108DD000B8EEC77A66EE866AC6EE877AFDEEE77A67
:108DE00017EE900A6428A8BF642020EAE070C0B2A1
:108DF0007047104B11881B8810B4548800FB143244
:108E0000091B642300FB01F003FB02F3B3FBF0F04A
:108E10006428A8BF642020EAE070C0B25DF8044B6B
:108E200070477047CCAE0020F883002018840020E3
:108E30000000C842DC83002070B44149414B424EDF
:108E4000487A424D424C0422327083F8242A4FF46F
:108E5000C842A3F8302A01284FF00002A3F8262ABE
:108E6000A3F8282AA3F82A2AA3F82C2AC3F8342A1C
:108E70002A70226023D0022815D1487D9FED357AD3
:108E8000DFED356AC3F87C2207EE900AF8EEE77A48
:108E9000B0EE476AA7EEA66A0020C3F88002C7EECC
:108EA000067AC3EDA17A8C7A2C480022012CC0E905
:108EB0000122026083F8382A1FD070BC7047488BAB
:108EC0009FED256AC3F8982207EE100AB8EEC77A1C
:108ED000F7EE005AC5EE876A487D0022C3F89C224F
:108EE00007EE900AF8EEE77AB0EE667AA7EE867A99
:108EF000C6EE877AC3EDA87AD5E7888B897D9FED8A
:108F0000166AC3F8AC2207EE100AB8EEC77AF7EE7D
:108F1000005AC5EE876A07EE901AF8EEE77AB0EECF
:108F2000667AA7EE867A0E49C1E90122C6EE877AF3
:108F3000CA600022C3F8BC22C3EDB07ABDE700BF0F
:108F4000F883002078C50020A58A0020CCAE002040
:108F5000DC8300200AD7233C3661823C1884002041
:108F600024C800202DE9F04F4049414A91F84400BF
:108F7000404B32F8107091F838003F4993F8554053
:108F800032F810C01D6D0A883C4935F8148093F8FA
:108F90006100096883B0D3E9166EBFB20192DA6C42
:108FA00025F814701FFA8CFC3A44A2EB08023EF834
:108FB00010802EF810C0DFF8E4E0DA6440F6B8352F
:108FC0006644A6EB0806DEF800A093F8548093F8F8
:108FD00060E0B2FBF8F2B6FBFEF905FB01F192B2DC
:108FE000274DB1FBF2F11FFA89F21FFA81FB0BFB4F
:108FF00002F2A5FB0252CAEB921A224A9E6512683F
:10900000214E02FB0AFA0AF5FA7A86FB0A564FEA63
:10901000EA72C2EBA612019E40F6B835013405FB98
:1090200006F51A4EB5FBF7F501309D64B4FBF8F573
:1090300008FB154483F855403678B0FBFEF40EFB70
:1090400014001E32124C83F86100124BA4F8401237
:1090500012B21E2EA4F83A9A1A8004D10E4BC3E91C
:109060000027C3E902CB03B0BDE8F08F642B0020DA
:10907000002E01203C060020AA75FF1F1C30002096
:10908000F119760524300020D34D62108C60002049
:1090900078C5002028870020906000202030002024
:1090A00060E700BF2DE9F04F2DED048BA54D8BB08F
:1090B0000CF038FF95F83C3A0490002B40F05481B6
:1090C000A14AA2495268019103929B4657420293DA
:1090D0000CF028FFD5F8944A0026C5F8906A002CB9
:1090E00000F09D823B46DFF86882B246074699460B
:1090F0001CE023691269FB1A93FBF2F301339BB264
:109100001CFB03FC0CF1010C1FFA8CFCA4F804C03E
:10911000E380B44521D8D5F8903A013305EB8302BA
:10912000C5F8903AD2F8944A002C36D0226892F9C9
:1091300014C0BCF1FF3FEED0936813B3A18800299F
:10914000D7D1E1683846791A9847002840F0CD8099
:10915000B4F804C0E080B445DDD9E369D5F8042B48
:10916000D5F8080BD8F80010DB09024401FB0321F5
:10917000494503DBD5F80C3B5B075AD16646A2464E
:10918000C9E7E3681269FB1A93FBF2F39BB2E38031
:10919000002B45D1B4F804C0BBE76B49039A4B6878
:1091A0009B1AB946C5F8043BBAF1000F2AD0DAF889
:1091B0001C00674F95F83C3A3A68C409CAF83C402D
:1091C0004E68D5F8081B02FB0414002B39D0ABEB1A
:1091D00006039C4235DBBAF80630012B0ED907EEA8
:1091E000900A9FED5C7A019BF8EE677A1A7867EE39
:1091F000877AFCEEE77ACAED077A05E0564B9A4586
:1092000000F0CB82019B1A780A2A64D0D5F80C3B77
:109210000133C5F80C3B0BB0BDEC048BBDE8F08FFF
:109220001CFB03FC0CF1010C1FFA8CFCA4F804C01D
:109230006FE74A4BE31AB3F5007F04BF6646A246C8
:1092400069E749465046FCF7A3FE3F4B444A5B683A
:109250009E1B029B341B0344002C029340F38C8121
:109260003E4B1668F31AB3F5007F00F0D581019AE2
:109270001278422A09D13B483F6804EB8401490037
:1092800091FBF7F19F11C0E90171B06BB5F8747AE9
:10929000D5F8781A013001370C44B3F5E07FB0639C
:1092A000A5F8747AC5F8784A02D1002385F8243BE2
:1092B000D5F8083BD5F8141B8B4204DAD5F8181BF7
:1092C0000B44C5F8083BB5F87C3A0A2A03F10103C0
:1092D000A5F87C3A9AD10CF025FE029B04990B4428
:1092E0001A46204B801A986090E70CF01BFED5F8C8
:1092F000F41A236827614FF00102E280D5F8F82ABA
:1093000093F914C0D5F8FC3AC01BA1EBD10101447C
:10931000A2EBD20ED5F8002BC5F8F41AA1680CF117
:10932000010C904203441FFA8CFC38BF1046714474
:10933000A4F804C0C5F8FC3AC5F8000BC5F8F81A43
:10934000E7E600BF78C50020001000E08C60002038
:10935000E8AF00206666663F98380020D8360020C7
:109360009480002090600020C54BD5F8442AD5F8A1
:10937000401A5C6802EB010BABEB040350429842CD
:1093800006DD93FBF0F303FB02239B44ABEB0403EA
:10939000D5F8486AD5F84C2A9E4208DDD5F8500A1F
:1093A000824204DAD5F8540A0244C5F84C2A9342A2
:1093B00080F2D280964204DAD5F8580A121AC5F81B
:1093C0004C2A002B05DDAE4A5468ABEB0403002B9E
:1093D000FADCAC4B01931B78422B00F09B820CF023
:1093E000A1FD01460646A848FCF7D2FDA74BB5F8FB
:1093F000782219780290571CB7FBF1F301FB137325
:10940000002B00F0D280002A00F08F81019AA04B3F
:109410001778D3F8CC31282FA6EB030A0DD19D4A3B
:109420009D4982FB0A324FEAEA73C3EB6213B3F53C
:10943000FA6FA8BF4FF4FA638B60984B1B782BBB75
:1094400097480378022B00F0788200F2B880012B55
:1094500009D1944B03F1180133F8022B002A40F094
:10946000A1829942F8D1D5F8603AF31A002B0ADDAF
:109470008D4A8E4B06F5C33600211170A0360122AD
:10948000C5F8606A1A70282F00F03281DFF8389230
:10949000D5F86C3AD9F80020D31A0A2B00F336819C
:1094A000019B1F78432F00F0C380D5F8703A1A1B38
:1094B000002AC0F23A82C5F840BAF5F7DFFC90F80E
:1094C000BC30032B3FD0D5F8803AD0F8C01033B968
:1094D00001F5C3432833C5F8844AC5F8803A994258
:1094E00080F0F480D5F8442AD0F8C800ABEB000037
:1094F00090FBF2F302FB130302EBD270B3EB600FAD
:10950000C8BF9B1AD5F8882AD5F88C0A1344C5F829
:10951000883A18B901F13200C5F88C0A884212D88D
:109520005C4A82FB0312DB17C3EB22133230ABEB36
:109530000301422FC5F88C0AC5F8401A00F0B58126
:109540000023C5F8883A4E4A95F83C3A526803928F
:10955000ABEB02074BB9BBE5494B4A4A5B6801924A
:10956000002203930292ABEB0307514B1B68B7EB4E
:10957000430F3FF7ADAD45E64E4B12689A4202D11C
:10958000002385F8243BD5F8103B64429C4243DB22
:10959000D5F8081B8B4280F2D080D5F81C3B019A8D
:1095A000C91A1278C5F8081B8DE643483146FCF706
:1095B000EFFC029BB5F878220344029323E7033BB8
:1095C000022B3FF650AFC3689847019B1F78282FA6
:1095D000804600F07481394B1978052908F00B0991
:1095E00000F00482364B1A7808F0040852EA0802A8
:1095F00014BF01220022B9F1010F1A707FF433AFBA
:10960000294B06F5C336A036C5F8606A83F800908A
:10961000264B01221A7036E7019B1A7848E6184B50
:1096200003995B68019A5B1A1278C5F8043BEBE575
:10963000D5F8700A184BB5F84C221A60021B002AA4
:10964000BFF639AF1A49D5F8782A0E681D4901FBD3
:10965000060102EB8202B5F9740AC5F8701AB5F971
:109660007C1A58605200D96092FBF6F29A6000238F
:10967000A5F8743AC5F8783AA5F87C3A1BE700BF1C
:10968000001000E08C6000205837002031060020D8
:10969000D83600201F85EB5190600020E4AD0020FB
:1096A0007851002078AE00209D8A0020E5AD002092
:1096B000E8AF002098380020983700209D990020BE
:1096C000E6AD002040420F008C190020D5F8842A16
:1096D000C5F8844AA21AB84CD20803F5C343A4FBC8
:1096E00002422833120AC5F8803AC5F8442AFBE63C
:1096F000DFF8EC92D5F86C3AD9F80020AF48B049C1
:1097000000780860D31A0A2B7FF7CFAEAD4ED9F898
:109710000010F26873688A1A9A424DDCB7787FB9F4
:10972000D9F80030C5F86C3ABAE6A7483146FCF7DC
:109730002FFC029B0344029368E6019B1A78C2E562
:10974000DFF8A0A296F8252006920720FEF75CFC21
:109750009AF80080069A059008F00103039320B15F
:1097600095F8A634022B00F00E81012A40F00F81FB
:109770004FF0000A96F82430DFF86C829FED938A50
:109780009FED939ADFED938A062B00F2F080DFE8DD
:1097900003F01AA07D4E5C654400B5F8202B002A2A
:1097A0003FF430AD95F8243B0133DBB29A4285F8A3
:1097B000243BFFF414AD25E50023042086F8253072
:1097C00007F094FDAAE7039B002B00F0C780FEF78B
:1097D0003DFC002840F08881059B1BB195F8A6044C
:1097E000012871D0002F40F0C280D9F80030726992
:1097F0009A4280F0C48095F8A734022B00F0BF8015
:109800003388012003443380F07007F057FDB368BC
:109810003362032286F8242009E0002F40F01681ED
:10982000039B002B40F09F81032386F82430012006
:10983000FEF7AAFD022007F059FDD9F80020336A8F
:1098400013440422F36186F82420002F00F0858160
:10985000D9F80030F2699A4280F08980D9F8002066
:10986000B5F8A234642101FB032340200022736178
:1098700086F82420F27007F011FD012007F00EFD9C
:10988000022007F02BFD96F824307DE7002FE5D16C
:10989000039B002B00F03381D9F80020B3699A4272
:1098A00040F261814FF0030ABEE74B49444A096820
:1098B00003EB83035B0093FBF1F3D36040E6404B83
:1098C00000F002025A6086E63388F070013333807C
:1098D0009BE7002FC2D10122338895F8A704F270CC
:1098E00001330128338090D0022800F00B8100283A
:1098F000F2D1012007F0E2FCD9F80020B36895F816
:10990000A5143362642313FB01230222B36186F89A
:109910002420BDE7304B2A4A1868611A01EB810107
:109920004B0093FBF0F3136059E52B4A2B49126867
:1099300001FB0233C5F8703A99E66B7895F85C2A1A
:109940009A423FF490AD1D4A85F85C3A06F5C3365D
:10995000A0360123C5F8606A137059E6059B012003
:10996000002B00F0038107F0A9FC00237361BAF11A
:10997000000F3FF4D5AE504607F018FBD0E60123A8
:1099800086F82430A7E7FEF73BF99AF80080039B9E
:1099900008F0020853EA080A00F0AF8000274FF0F1
:1099A000020AE7E6054B06F5C336A0360122C5F8E4
:1099B000606A1A7067E500BF89B5F8149D8A0020B7
:1099C00090600020A88A0020D83700200000FA44C8
:1099D00000007A440000C842E8AF002040420F0077
:1099E0008C1900202484002050B80020B5F86ACAE1
:1099F000B5F8680AD5F8643AB9F1010F40F2FF32C0
:109A000018BF002210440CF10102DFF870C153446A
:109A100080B292B26345A5F8680AA5F86A2AC5F82B
:109A2000643A7FF7DFADB0FBF2F0F7F7BFFAD5F895
:109A3000643A019AA3F5C3331778A03B0022C5F816
:109A4000643AA5F8682AA5F86A2ACBE5494B95F847
:109A5000AAE45B8A069307EE903A98F800C098F85B
:109A6000010045490997C3F5FA63F8EEE76A0793E1
:109A70000022F1EC017AF4EEC87A022A0CBF034608
:109A80006346F1EE10FA2DDAF4EEC97AF1EE10FA2F
:109A900028D9069F1F4407EE107AB8EEC77AF4EE75
:109AA000C77AF1EE10FA36DD07EE103A079FB8EEEE
:109AB000C77A77EEE67AFB1A77EEC77A07EE103AA6
:109AC00067EEA87AB8EEC77A87EE876AFCEEC67AA8
:109AD000CDED087A9DF820309E453AD90132032A0F
:109AE000C7D144E76423F7E7D9F80020B5F8A234DA
:109AF000642101FB032373616EE657463AE6D9F809
:109B0000003091E6402007F0D9FBB36833620622AB
:109B100086F8242084E6069FFB1A07EE103AB8EE7A
:109B2000C77AF4EEC77AF1EE10FA14D5A3F57A737A
:109B300037EE677A07EE903A27EE287AF8EEE77A62
:109B400087EE276AFCEEC67ACDED087A9DF82030C4
:109B5000C2E7099F82E60023BEE7D9F80020336AF6
:109B60001344F36103E74FF0030A04E707F096FBA1
:109B7000FBE600BF9C510020548A00209F86010014
:109B80001D4AF0B4D2F8285B1C4E002D4FEA801716
:109B900006EB80100DDD02F69422002301E09D42C9
:109BA00007D052F8044B844203F10103F7D101239B
:109BB00000E00023F2590B721369CB60107D4872EC
:109BC000D2E90052F319D3E908049E694A609A6AFF
:109BD0004A61DA6A8A61C2080D60986B9D680A6200
:109BE0005A6BDB6B0B63E408CC614E620D61C1E91B
:109BF0000A20F0BC704700BF78C50020D83600208E
:109C0000F8B51E4FD7F8286B162E0EDC002E054631
:109C10000DDD07F69420034600EB860101E0994232
:109C200008D053F8042B9542F9D10020F8BDFCD19F
:109C300007F69420124A00240AE019682B6891F96B
:109C4000141093F91430994206DB0134A642ECDB80
:109C500052F8043B002BF0D1631C9B00191F321BF0
:109C600007EB8404014492001844013622F034FECC
:109C7000C4F8945AC7F8286B0120F8BD78C50020B5
:109C80000CD00020134B820103EB801019B1D35884
:109C9000DB6803B1B4E770B50F4DD5F8284B002C45
:109CA00016DD05F694263346002202E00132A24278
:109CB0000ED053F8041B8842F8D19000011DA21A5F
:109CC000920031443044013C22F006FEC5F8284B96
:109CD00070BD00BFD836002078C500202DE9F04FB8
:109CE000012085B007F022F82F4E304F05460024A2
:109CF000002D47D0022C45D84FF0E00808FB04F8AF
:109D000006EB080B56F80890B9F1000F02D00134A9
:109D1000E4B2EDE7032395F904000193CDF8089030
:109D20006A79234B53F8223000934A464B4601216F
:109D300007F059F88246D8B14FF40F720121284636
:109D400006F0E0FF0546C4EBC40006EB4010DC2241
:109D50004946043022F0DAFD164A46F808A0136896
:109D60008BF8DA50591C01341160CBF8DC30E4B2C6
:109D700097F82C3B10494FF00C0CDAB2082A04D9A2
:109D800087F82C2B05B0BDE8F08F03F1010E0CFB1A
:109D900003F35D185B580132DB07D2B202D587F8B6
:109DA0002C2BA5E77346E8E7F060002078C500207B
:109DB0002CD60408848D0020906300202DE9F04FFC
:109DC0002E4C2DED048B2378ADB0052B069001F0C1
:109DD0006C802B4F3B685A0700F133859FED2E9A1C
:109DE000284D294E9B0600F1F181317B9FED2A8A97
:109DF000264F32783B7813F001034FD032B919B1B6
:109E0000012386ED058A7373012232707378002B6B
:109E10004CD0B2783AB1D6ED017A96ED027A77EE6F
:109E2000C77AC6ED017A49B1737B3BB1D6ED047AAE
:109E300096ED057A77EEC77AC6ED047AD6ED018AFB
:109E4000D6ED087ADFF84C90114899ED010AC6ED7D
:109E5000068A78EEE77A27EE800A11F02BFCB378B9
:109E6000C6ED088A86ED070A2BB1337B1BB1737BE5
:109E7000002B41F0C082DFED087A22E08C600020E8
:109E8000D080002078C50020F89000202484002095
:109E900034910020CC95002000000000002AB5D0AD
:109EA0007278B37073733370002ABCD1002941F00B
:109EB000B9805FED077ADFF8E893C6ED067AC6ED64
:109EC000077A23780E2B24D1D6ED065A96ED076A31
:109ED000D6ED016A96ED047ADE4BFDEEE55ABDEE55
:109EE000C66AFDEEE66ABDEEC99AFDEEE77ABDEE02
:109EF000C77ABDEEC88AC3ED005A83ED016AC3ED8F
:109F0000026A83ED039AC3ED047A83ED057A83ED4B
:109F1000068AF9F759FBD04B1B78002B40F0B6842A
:109F20002378052B00F0DA87CC4A99F80D301668B3
:109F3000B3B3CB4B99ED007AD3ED0E7ADFEDC96A5E
:109F40009FEDC94ADFEDC94A99ED2A5A99ED336A66
:109F500067EE877AB6EE007A67EEA67AF7EE005AD9
:109F600067EEA76A26EE877AF0EE656AE7EE446A46
:109F7000E7EE645A67EEA67A27EE257AF0EE455AA8
:109F8000E6EE275A65EE276AF0EE657AE6EE076A96
:109F9000E5EE477A36EE666AC9ED2A7A89ED336ACC
:109FA000DFF80083032098ED070AF8F797FDDFED4F
:109FB000B07A99F808A020EE270ABAF1020F89EDCD
:109FC0000A0A00F0A686BAF1090F00F08F86BAF1EE
:109FD000010F00F0E9850020F9F744FE0120F9F7B0
:109FE00041FE0220F9F73EFEDFF8BCA299ED371AD8
:109FF000D9ED387A9AED044AD9ED0B6A99ED0C7ACD
:10A0000099ED0E6AD9ED0D5A9A4ED9ED2E2A327875
:10A0100099ED2F3A2378DAED594A34EE665A64EE18
:10A02000255AE5EE076A002AB7EE007A34EE665A42
:10A03000C9ED0B6A25EE066AFFEE003A75EE866AF8
:10A0400018BFF0EE473A72EEA62A33EE267A472B77
:10A05000C9ED2E2A89ED2F7A22D19FED877A7D4A8C
:10A06000F2EE042A24EE073A65EEA25A25EE077AAC
:10A0700026EE226A66EEA26ABDEEC33ABDEEC77A4C
:10A08000FDEEE55ABDEEC66AFDEEE66A82ED003AE7
:10A0900082ED017AC2ED025A82ED036AC2ED046AD2
:10A0A00099ED106A99ED0F7A99ED113AF0EEC45AD4
:10A0B000F0EEE46A65EE865A66EE876AB0EEC56A2F
:10A0C00035EEA67A26EE036A482B37EE067A27EE9F
:10A0D000237A37EE011A77EE277A89ED371AC9ED20
:10A0E000387A00F0538395F85422002A40F0828396
:10A0F000052B00F08583012B00F095835F4B03F166
:10A100003A0133F8022F0AB1013A1A809942F8D184
:10A110005B4B00210AF1A80243F8041B9A42FBD1D1
:10A12000FAF752FFF378002B00F08D80554A9FED2F
:10A13000506AB2F90610DAED055A9AED017A9AEDF5
:10A14000023A9AED034A9AED045A9AED562ADAED4C
:10A15000571A9AED581A02EE901AB2F90C1007EE3F
:10A16000901AB2F9121004EE901AB2F91810B2F95E
:10A170001E2027EE067AF8EEE73A24EE064A63EE52
:10A18000067A25EE065A06EE901A25EE866A05EE48
:10A19000902AF8EEE22AF8EEE44AF8EEE66AF8EEE3
:10A1A000E55A013B27EE227A67EEA37A64EE244A51
:10A1B00066EE856A25EE866A052B3CD8DFE813F04B
:10A1C0000F07F506D1061700C706B3062E4B1B78FE
:10A1D0009F0706D52D4B95F86623197D914280F097
:10A1E000068700239FED2A8A3373194600E6DFEDC8
:10A1F000295A9FED295A27EE257A27EE855AB6EE81
:10A20000004AF0EE475AE6EE845AF0EE453AE6EEA2
:10A21000843A71EEA51AD6EE847A71EE851A71EE43
:10A22000236A36EEC77A72EE277ACAED1F1A8AEDD4
:10A23000207ACAED1E7A73788AED266A002B00F028
:10A24000AF84CAED274A154A0E489FED096A02F508
:10A25000807131E090600020906400202087002011
:10A260000440002035FA8E3CABAAAA3EABAA2A3E97
:10A270006F12833AE83F002000007A446495002082
:10A28000C4940020E0AE0020B4830020B060002021
:10A2900000000000BA8D243F7D1B443F7CBD0020A0
:10A2A000CC950020FC64002050940020012E00F08A
:10A2B000D9800832914235D01678002EF9D05378E3
:10A2C000B2F906C007EE10CA03EB430C0AEB830396
:10A2D000D3ED005A30F91CC0B2F90430B8EEC77A99
:10A2E00007EE903A06EE90CA27EE067AF8EEE66A96
:10A2F00027EE257AF8EEE77A022EE6EE877A937853
:10A3000067EE867A00F0B380032ECFD11C330AEBC0
:10A31000830393ED017A083267EE277A9142C3ED09
:10A32000017AC9D1DFF8088398F80030002B00F0DB
:10A33000B080AB4B0593AB4BDFF8F8A2AA4E9FED74
:10A34000AB8ADFF8F4B204934FF0000907951FE0E1
:10A35000F4EEC77AF1EE10FA00F19380BAF800300B
:10A3600000EE103AA24BB8EEC00A53F83950049BE5
:10A3700030EE270AA3EC010A04931DB11FF0B6FFCB
:10A3800080B2286098F8001049450AF1100A7FDD74
:10A39000059B3978F3EC017AC907059309F10109A6
:10A3A0000ED4944B33F9190000F5FA6189B2B1F576
:10A3B0007A6F05D807EE900AF8EEE77A67EE887AAA
:10A3C000BAF80C10F1B19BED047AD6ED005AB8EE54
:10A3D000477A06EE901A27EE087AF8EE666A37EEAC
:10A3E000E55A87EE266AB4EEC56AF1EE10FA00F17E
:10A3F000F480B1EE467AB4EEC75AF1EE10FA48BFD7
:10A4000075EEC67ABAF80E10E6EC017ACA0748BFB4
:10A41000F1EE677AF5EEC07AF1EE10FACCBFBAF839
:10A420000830BAF8063000EE103ABAF90430B8EE47
:10A43000C00A06EE903A67EE807ABAF90230F8EE7A
:10A44000E66A07EE103AF4EEE67AF1EE10FAB8EEAC
:10A45000C77A7FF77DAF5FFA89F0FBF729F9F0EE55
:10A46000667A7BE70AEB8303C3ED1D7A21E71C3391
:10A470000AEB830393ED017A77EE277AC3ED017A35
:10A4800017E75FFA89F0FBF713F9F0EE477A65E713
:10A49000079DDFF8A88198F8003073B33E78564ADC
:10A4A000564857499FED516A06F0010602EB8303B7
:10A4B000F7EE006ABFEE007A002E40F08B80B1F913
:10A4C000007007EE907AF8EEE77A67EE867AF4EE9F
:10A4D000E67AF1EE10FA88BFF0EE667AF4EEC77A0B
:10A4E000F1EE10FAB8BFF0EE477AE2EC017A93424F
:10A4F00000F1040001F10201DED1E0F7A7FE98F8B7
:10A500000020002A00F00A853E4B05933E4B3F4F4A
:10A510003F4EDFED408A9FED408A9FED409A0493C5
:10A520004FF000093BE0012B00F00E81032B00F0FF
:10A530001881F0EE687A4FEA890B049B13F8012B1F
:10A54000049307EE102AB8EEC77A354B87EE870AD8
:10A5500003EB0B02334B0BEB090003EBC00009F1DB
:10A560000109D2ED007A20EE270A87ED000A11F0EA
:10A5700039F894F800A006EB0B02BAF12F0F82ED28
:10A58000000A06D197ED000A1FF0B0FE264A42F8F5
:10A590000B0098F80020914507F1040750DA059A5E
:10A5A00012F8013B0592022BBDD1204AC9EBC90329
:10A5B00002EBC30393ED010A20EE090A1FF096FE99
:10A5C00080B207EE900AF8EEE77A4FEA890B67EE61
:10A5D000887AB2E7D0ED007A79E775EE867A11E7EE
:10A5E000C89400204C970020CCD000206F12833AF2
:10A5F00034B9002022B900207C600020E8940020BB
:10A60000ECD0002090B900207CB900207CBE002056
:10A6100004870020000000000000C8429A99193FFA
:10A6200080B9002094B90020906000209450002050
:10A6300048970020A4B800200440002000400020DB
:10A64000D346AE4BD6ED007A93ED006AAC4B012AAF
:10A6500094BF0022012206EB820292ED007AD3ED34
:10A66000006AA84AA84B27EE067A67EEA67ABBF1E5
:10A67000050F82ED007AC3ED007A00F01E84A34F2F
:10A68000DFF8CCA24FF0000B4FF000084FF4005958
:10A690003B780BB37969F9B17B783A6B002B6DD0BD
:10A6A0001268BB69526A521A03FB02F3F9699942B4
:10A6B0004FF000004FF001025FFA88FC0CD29AF8CC
:10A6C0000030C7F804B06345C7E904903862BA8126
:10A6D000FA8101D10BF0C6FA08F10108B8F1040FB4
:10A6E00007F13807D4D18A4F3B78012B04D97B7806
:10A6F000023B062B40F20E84B7EE008AD5F8F03B01
:10A70000069941F28732CB1A934200F3AC81DFF80D
:10A71000448298F80030002B40F01E817D4B1B785E
:10A7200033B97D4E96F800A0BAF1000F40F0AA842C
:10A730002378052B00F0E583012B00F0D5832DB0A5
:10A74000BDEC048BBDE8F08F744A02EB89024FEA3E
:10A75000890B938907EE903AF8EEE77A67EE887AEC
:10A76000EBE66F4A4FEA09134FEA890B9B5A07EE53
:10A77000903AF8EEE77A67EE887ADEE61268BB690F
:10A78000526A521A92B203FB02F38FE79FED653AC9
:10A79000654B95F85422F2EE043A64EE037A25EE06
:10A7A000035A64EE834A65EEA35A26EE236A66EEE8
:10A7B000A36A27EE237AFDEEE77ABDEEC55AFDEED9
:10A7C000E55ABDEEC66AFDEEE44AFDEEE66ABDEE70
:10A7D000C77AC3ED007A83ED015AC3ED025A83EDC7
:10A7E000036AC3ED044AC3ED056A83ED067A002AC5
:10A7F0003FF484ACFAF786FA2378052B7FF47BAC20
:10A800000BF090FBD5F8342B23784749801A052BA1
:10A8100048607FF470AC0BF085FB2378C5F8380BEB
:10A82000012B7FF46BAC0BF07DFB404AD5F8503B1D
:10A8300012693D49C5F8500BC31A9A1AC1E9023290
:10A840005CE43B4D95F82D2BCAB1B5F8E624B2B9BE
:10A85000384B394893ED2A0AB8EEC00AA0F1300609
:10A8600010F028FF06F1580086ED010A10F004FFF1
:10A8700001223B687270B0EE409AFFF7B3BA2F4ED8
:10A880009FED2F9A00227270FFF7ACBAF8F760F9CB
:10A890002378492B7FF445AB2A4B9FED225AD3ED09
:10A8A000087A294B204AD3ED135A93ED146AD3ED5D
:10A8B000156A93ED167A254B67EE857AB3F9001089
:10A8C0001160FDEEE55AFDEEE77ABDEEC66AFDEEDB
:10A8D000E66ABDEEC77AB3F90210B3F90430C2EDEF
:10A8E000045AC2ED037A5160936082ED056AC2EDAD
:10A8F000066A82ED077AFFF717BB00BFFC3F002016
:10A90000F83F00204497002000870020945000204A
:10A91000DC9200200064002060920020F4D000202F
:10A920006483002000007A449060002004400020EE
:10A9300078C500205035002028910020F890002094
:10A9400000000000A49100209064002064640020B6
:10A950007451002001400020D84BD949D3F8802001
:10A96000D84B12691B6891ED037A95F8F4BBDFF8B8
:10A9700074939FEDD50A03FB02F307EE903AB8EE0D
:10A98000477AF8EE677A4FF08C0A87EE278A0AFB3F
:10A990000BFA19F80A30013BDBB206EB8306D5F857
:10A9A000443ACA4496ED007A07EE903AB4EEC07A83
:10A9B000F1EE10FAF8EEE77AA8BFB0EE470A28EEFB
:10A9C000278A1FF093FC06EE900ADAED017ADAEDA1
:10A9D000028A9AED037AB8EEE69A69EE277AF4EEE7
:10A9E000E87AF1EE10FA08D4F4EEC77AF1EE10FA34
:10A9F0008CBFF0EE478AF0EE678A8C20FCEEC87AB6
:10AA000000FB0BFA00FB0B90064617EE901A143071
:10AA10000122D6ED040AB0EE680ADEF781FCD6F812
:10AA200014C0C6F864C0C6F83CC094F800C0B06951
:10AA3000F169326A736AB066BCF12E0F3064F16658
:10AA400071643267B2647367F36400F0B98395F898
:10AA5000F43B98F800100133B3FBF1F201FB123321
:10AA600085F8F43B5AE6DFF8588298F82A97B9F14E
:10AA7000000F4BD0B8F82C3707EE903AB8F82E37C5
:10AA8000F8EEE77A08EE903A67EE887AF8EE688A90
:10AA9000B8F83037F4EEE87AF1EE10FA0AD407EE9F
:10AAA000103AF8EE478AF4EEE78AF1EE10FA88BF22
:10AAB000F0EE678A23782B2B05D1B0EE680A1FF0E1
:10AAC00015FC824B9860D8F80C109FED817A07EE48
:10AAD000901AF8EE677A09F1FF3367EE877A032B55
:10AAE00014D8DFE813F04F04310420040400DFED34
:10AAF000796A794B86EEA87A77EE276A87EEA67A8E
:10AB000088EDF47A88EDFE7A83ED007A98F8323792
:10AB1000002B41D0B8F8342707EE902AB8F8362732
:10AB2000F8EEE77A08EE902A27EE888AF8EE688A2F
:10AB3000B8F83827B4EEE88AF1EE10FA0AD407EE36
:10AB4000902AF8EE678AF4EEC88AF1EE10FA88BF10
:10AB5000F0EE488AD8F80C109FED5D7A07EE901A57
:10AB6000F8EE677A013B67EE877A032B14D8DFE8AB
:10AB700013F03D041F041A040400DFED566A574A1F
:10AB800086EEA87A77EE276A87EEA67A82ED007ABB
:10AB900082ED147A82ED0A7A069BC5F8F03BB6E5A1
:10ABA000CAED214AFFF74FBB00213046F9F72CFDD3
:10ABB00051463046F9F728FD494B98ED060A1B88A7
:10ABC00013F0430F40F026825A0700F18D831807D7
:10ABD00001F142820220F7F781FFDFF8E48089ED7E
:10ABE000390A98ED0E9A96F83E3070EE498AF0EEEA
:10ABF000409A002B40F06D83B0EE688AB5EEC08AB3
:10AC000099ED1A0ADFF8E0A098ED117ABAF81C3134
:10AC100099ED3B6AD9ED016AF1EE10FACCBFD9ED9E
:10AC2000087AD9ED097A28EE008AB1EE477A28EE43
:10AC3000278A89ED3B7A89ED348A002B00F0A382C4
:10AC400099F80930DFED207A022BC9ED367A00F051
:10AC50005383D9ED3C6A99ED077A77EEA67AF1EE47
:10AC6000478AF4EEE87AF1EE10FA08D4F4EEC77AE7
:10AC7000F1EE10FA8CBFF0EE478AF0EE678AD9ED5C
:10AC80001B7AC9ED3C8A28EEA79A89ED359AF8F728
:10AC90000DFB28B9D9ED047A67EEA88AC9ED3C8A84
:10ACA00099ED1D1A29EE811A71EE087A89ED371A8D
:10ACB00077EE897AC9ED387AFFF79CB9D83600204B
:10ACC00004400020E8AF0020000000009060002059
:10ACD000BD3786354E2DA63D24440020C4450020B6
:10ACE00026840020D04700205094002000213046C8
:10ACF000F9F726FA01213046F9F722FA3046F9F73A
:10AD00006BF8DFF8ECA399ED371AD9ED387AFFF735
:10AD100071B900213046F9F74DFB01213046F9F7B2
:10AD200049FBE74B98ED060A1B8813F0430F40F0F0
:10AD30007581580700F1DC82190701F19281022028
:10AD4000F7F7CCFE89ED390ADFF8A88396F847308B
:10AD500098ED0E9AF0EE409A002B40F04B8296F858
:10AD60003E3039EEC98A002B40F04C82F2EE046A84
:10AD7000B4EEE68AF1EE10FA99ED096A99ED087AD7
:10AD800013DCFAEE047AB4EEE78AF1EE10FA00F181
:10AD9000A88277EE467A9FEDCB7A78EE266A67EE48
:10ADA000877AB0EE467AA6EEA77ADFF844A3BAF81F
:10ADB0001C31002B00F00282D9ED357A68EE277A3B
:10ADC000F5EEC07AF1EE10FACCBF4FF0010B4FF068
:10ADD000000BD9ED1A7A68EE277A67EE877AC9ED0B
:10ADE000347A96F82B30002B40F0E581D8ED0E8AAE
:10ADF000F1EE688A99ED3B0AC9ED3B8A96F841303D
:10AE000078EEC08A99ED010A28EE800A002B40F006
:10AE10000182D9ED1C7A99F8090060EE278A022890
:10AE2000C9ED368A00F01B81BBF1000F40F027818D
:10AE300099ED000A28EE008A99ED3C7AD9ED077A5F
:10AE400038EE078AB1EE679AB4EEC98AF1EE10FACD
:10AE500008D4B4EEE78AF1EE10FA8CBFB0EE679A30
:10AE6000B0EE489AD9ED1B7A89ED3C9A29EE278AF3
:10AE700089ED358AF8F71AFA28B9D9ED047A27EE60
:10AE8000899A89ED3C9A99ED1D1A99ED347A29EE4B
:10AE9000811A71EE077A89ED371A77EEA87A77EE84
:10AEA000887AC9ED387AFFF7A5B80BF03BF8069A17
:10AEB000854B801A1860FEF78CBF0BF033F8D5F87D
:10AEC000381B2378804A401A052B90607FF4D7AB5B
:10AED0000BF028F8C5F83C0BFFF7D1BB0BF022F8BC
:10AEE000C5F8340BFFF720B8784A774B1168B5F8EE
:10AEF0004C228968C3E900122DB0BDEC048BBDE87B
:10AF0000F08F0BF00FF8D5F83C1B6F4A2378401AEE
:10AF1000D06011E497ED098AFFF7F0BB94F800B018
:10AF20006B4EFFF78EBBDFED6B5A9FED6B5A67EEF2
:10AF3000A56A77EE277AE7EE056AA7EEA52A31EE35
:10AF4000A67A8AED1E2A8AED1F7AFFF774B977EE8A
:10AF5000827A37EE217ACAED1E7A8AED1F7AFFF7E0
:10AF60006AB99FED5C4A27EE047A27EE844AF6EE32
:10AF7000003AB0EE475AF0EE445AA6EEA35AE6EE77
:10AF8000A35AD6EEA37A71EE851A71EE256A72EE97
:10AF9000277A71EE841A36EEC77ACAED1E7ACAEDA8
:10AFA0001F1A8AED207AFFF746B9DFED4C5A27EEDB
:10AFB000257AB6EE004A67EE843AB0EE475AA6EE1E
:10AFC000845AF0EE635AE6EE845A71EE851AD6EE94
:10AFD000847A71EEA31A71EE256AFFF722B9CAEDE1
:10AFE0001E7A8AED1F7ACAED206AFFF724B993ED25
:10AFF000020A3B48B8EEC00A10F05CFB394886ED07
:10B00000040A10F039FB0123B0EE408A337319466D
:10B01000FEF7EEBE0220F8F7C1FADBE55046F8F77E
:10B02000BDFA8CE6737B002B40F0F881D6ED048AE4
:10B03000D6ED087ADFF8C0902B4899ED010AC6EDED
:10B04000068A78EEE77A27EE800A10F033FBDFED10
:10B05000277AC6ED088A86ED070AFEF732BFB0EE02
:10B06000480AF0EE490AB0EE691AF8F737FED9ED52
:10B07000368AB0EE408ABBF1000F3FF4D9AE9FEDA7
:10B080001B8AD9E6F0F736FBDFF87080814698F826
:10B090000030002840F0C2800B2B00F21681092BF3
:10B0A0002ED8012B3AD840F004811220FCF7ACFFD7
:10B0B000002800F0FE800D2388F80030FFF738BB31
:10B0C00026840020CDCC4C3D906000209480002050
:10B0D00004870020F304353FF30435BFD7B35D3F49
:10B0E0001C910020409100203491002000000000BD
:10B0F0005094002004400020CC950020C8920020ED
:10B100004520EFF785F8FF20EFF782F8D548EFF7F5
:10B110001BF94846EFF77CF896F800A0D24AD34BCB
:10B1200012685A600C2388F80030BAF1020F00F060
:10B130002983CE4BCC4A5B681268C833934204D350
:10B14000EFF746F8002800F0B4803378012B01F0C7
:10B150004981032B0AD1C64E306805F0BCFD95F835
:10B16000F53B0022022B326001F09881012388F820
:10B170000030EFF711F800283FF4DAAA012388F82D
:10B180000030FFF7D5BAD9ED1C5A99F8093037EEDF
:10B19000467A66EEA56A022B26EE877A27EE277A94
:10B1A00089ED367A00F0A880D9ED007A38EE078A6A
:10B1B00068EEA77A4DE5F0EE488A1BE69B4608E666
:10B1C000F2EE047A68EEA78A28EE278AA94A19F8CF
:10B1D0000A1095F8F43B5160BDEEC99AFDEEE88A7D
:10B1E000BDEEC88A82ED029AC2ED038A136082ED39
:10B1F000048A2EE4B0EE490A9F4810F071FAB0EECE
:10B20000409AACE5B0EE480A9C4810F069FAB0EEFE
:10B21000408AABE59A4810F063FAFAE5013B0E2B41
:10B2200047D801A252F823F0FDB7020845B402083E
:10B23000D1B502084DB5020897B50208D5B4020889
:10B2400029B702084BB60208F1B6020865B2020837
:10B2500033B602082BB1020837B5020821B502083F
:10B2600013B502087378874F012B00F0B987864B1E
:10B270003E681A68B6FBF2F302FB1363BBB94520C4
:10B28000EEF7C6FF0E20EEF7C3FF3046EFF7BAF930
:10B29000069E3046EFF7B6F97C4A7D4B12681A607D
:10B2A00030460B2388F80030EFF7D0FA3E680136BD
:10B2B0003E60EEF771FF00283FF43AAA98F800309C
:10B2C0000D3B022B7FF634AA58E70C2B3FF42DAF31
:10B2D00024E76A48B0EE680A10F002FAB0EE408A3D
:10B2E0008CE4B0EE467A60E50220F8F753F871E49A
:10B2F0005046F8F74FF822E5F0EE490AB0EE680A3A
:10B30000B0EE691A0220F8F7E9FCBAF81C31002BFC
:10B3100000F08D8099ED348A99ED367ADFED5D7A13
:10B3200038EE078A95E4DFED5C6A5C4B86EEA87A1E
:10B3300077EE276A87EEA67A88EDF37A88EDFD7AB4
:10B3400083ED007AFFF7E2BBB0EE680ADFED540A46
:10B3500054480022DDF7E4FFD8F80C10DFED500A66
:10B360005148B0EE680A0022DDF7DAFFDFED4C0A43
:10B37000D8F80C104D48B0EE680A0022DDF7D0FF77
:10B38000FFF7C4BBDFED4A6A4A4B86EEA87A77EE38
:10B39000276A87EEA67A88EDF27A88EDFC7A83ED4B
:10B3A000007AFFF7B3BBDFED3C6A434AFFF7E8BB27
:10B3B000B0EE680ADFED3A0A40480022DDF7B0FF40
:10B3C000D8F80C10DFED360A3D48B0EE680A0022CE
:10B3D000DDF7A6FFD8F80C10DFED310A3948B0EEE2
:10B3E000680A0022DDF79CFFFFF7D6BBDFED306A6D
:10B3F000354AFFF7C5BBD6ED047A96ED010A33480E
:10B4000030EE670A10F056F996ED067A37EE407A7C
:10B41000F0EE407A86ED067AFEF753BDD6ED047A5B
:10B4200096ED057A77EEC77AC6ED047AFEE5D9ED9A
:10B43000006A99ED348A99ED367A60EE267A38EE14
:10B44000078A06E4BAF1020F00F0EA86064B074AC3
:10B450001B6853601E490023136003220B6088F8A9
:10B46000002086E64C2505088C19002094990020C0
:10B470006892002090600020D0960020E89600207E
:10B4800000970020B4920020BC920020C0920020BF
:10B49000489400200000000072C7D13D20440020E5
:10B4A000F304353FC8430020F04300201844002037
:10B4B00083F9223E1C440020C0450020B8450020EE
:10B4C000E045002008460020BC4500206091002097
:10B4D0005C920020EEF720FE9F4A0292A2F10C033C
:10B4E000072701930097A2F108030021143A47208F
:10B4F000EFF736FF00287FF4DCAE7368DE047FF5DB
:10B50000D8AE964B88F800704FF0FF32C3E90002C6
:10B510002FE61220FCF778FD00287FF409A925E624
:10B52000BAF1010F00F075860F23132088F8003060
:10B5300005F03CFDBDE6BAF1010F00F064860E2374
:10B54000132088F8003005F031FDB2E6EEF7E4FD97
:10B55000834A0292A2F10C03442101930091A2F1CB
:10B560000A035021163A4920EFF7FAFE00287FF42B
:10B57000A0AE7C4B1B681A0640F198857368DB040B
:10B5800040F19485754B4FF0FF31052218605960EA
:10B5900088F80020EDE5EEF7BFFD734B0220002197
:10B5A0000090CDE90111A3F108024820EFF7D8FE81
:10B5B00000287FF47EAE7368DF047FF57AAE674BB8
:10B5C0004FF0FF3106221860596088F80020D0E55E
:10B5D000624FEEF7A1FD654A7B68126864339342BF
:10B5E000BFF467AE4020EEF76DFD00287FF461AE3A
:10B5F0003B685F4EDFF888A14FF040090DE0EEF7A1
:10B6000007FEDAF800203B68013A0133B9F101097D
:10B61000CAF800203B6000F0EF86F05C0028EED115
:10B6200000234FF0FF323B6004237A6088F800303B
:10B630009FE57378012B00F0DB850698EFF706F99C
:10B640004C4A13680133136033E6EEF765FD402082
:10B65000EEF738FD00287FF42CAE404F464B3A6899
:10B660005B78412A00F27F87DFE812F0C904BE044C
:10B67000B704AF04A2049C049504E804DD04D604D6
:10B68000CF04EF048E0486047C0475046704600410
:10B690005A04530444043504260417040C0401041A
:10B6A000F603EF03E8039E039703900389038203E5
:10B6B0007A0373036C0364035C0355034E03460370
:10B6C0003E0337033003290322031C03CE02F50295
:10B6D0007F02A60257024402E101DA01D301CC0144
:10B6E000C501BE01B701B001AA01A30199019001F2
:10B6F000BAF1020F00F0C184EEF76AFD00283FF4B2
:10B70000D8AD95F8F63B9A1E0A2A00F22181DFE8AF
:10B7100012F02F0126011901190119011901220145
:10B720001F011F0138013301EEF7F6FC134B052012
:10B7300000210090CDE90111A3F108025320EFF799
:10B740000FFE00287FF4B5AD0822092385F8F62BFB
:10B7500088F800300DE500BF3CDB04089499002018
:10B76000FED704081860002020DB04088C19002094
:10B77000082D0508B492002014B4002084DB0408CE
:10B780005C920020AD4BAE4F1B78002B40F015862D
:10B79000D7F80090B9F1000F2BD099F8003043B3DF
:10B7A00099F82820002A7FF4E4AC99F81830C9F8F9
:10B7B000382089F83C20042289F82820D9F8242050
:10B7C00013F00803C9E90B2203D09E4A41F2C47367
:10B7D000D358C9F834304FF0000AC9E902AAC9F8B1
:10B7E00024A04846E1F7C4FF0523C9F840A089F822
:10B7F0002830002204233A603B759AE4DFF8E8928F
:10B8000009F16C0A01228021484605F07BFA0028E4
:10B8100000F02C8499F9040005F0A6FA002800F045
:10B820002584D0F800B0BBF1000F0FD0DFF8BCA228
:10B830004FF000095AF809309B450AEB090209F15B
:10B84000E00900F0C385B9F5287FF3D133785A1E9B
:10B85000022A40F2AD8403233370802005F066FA9B
:10B860000646002800F0A485802105F055FA96F8D8
:10B870000790754B53F82930B3F5613F0CBF022197
:10B8800000218446022296F9040000930023CDE9AA
:10B8900001211A46802185F8F5CB05F0A4FAA9F11B
:10B8A0000C096A4BB9F1030F186000F2AB85684BC5
:10B8B00040221A70002800F07B85664B664A674973
:10B8C000136003F1B40603F5B473C2E90163644B7A
:10B8D0004888DFF81C9263490026C3E90066C3E983
:10B8E000026608801E61C9F800604FF0010AF0B2DC
:10B8F000EFF7FCFD30B1D9F800200AFA06F3134344
:10B90000C9F8003001361F2EF1D1574B7A78574EC7
:10B910001A705748574AB678574B584916700068FE
:10B92000574A18600968574B116000261E60F7F7E8
:10B93000E5FC424B544A1E700223107088F8003018
:10B94000FFF7B3BB514A00204FF0FF31C2E90001BD
:10B9500088F80030ADE44D4A00211160F8E74C4A08
:10B960004A4912684B484A6000220A600260EFE7C9
:10B97000324A00211170EBE74549444A0968516099
:10B98000E6E74549454A09681160E1E772684449BC
:10B990004448EEF7E9FE3B6801333B6089E42C2222
:10B9A00002FB03533E4993F871233F48EEF7DCFE58
:10B9B000F1E7D5F83C2C3A493C48EEF7D5FEEAE7EA
:10B9C000227837493A48EEF7CFFEE4E7394B34495D
:10B9D0001A883948EEF7C8FEDDE7364B30499A78C9
:10B9E0003648EEF7C1FED6E7324B2D491A7A344875
:10B9F000EEF7BAFECFE7334B29491A7A3248EEF711
:10BA0000B3FEC8E795F8E82425493048EEF7ACFEC8
:10BA1000C1E72F4B22495A782E48EEF7A5FEBAE728
:10BA20002D4B1F495A792D48EEF79EFEB3E72C4B5C
:10BA30001B499A782B48EEF797FEACE78C990020CB
:10BA4000F88A0020406800202CD604086892002064
:10BA50006C9200207097002088920020DC830020E8
:10BA6000989200206C97002044940020906400205D
:10BA7000CC92002045940020D0920020D492002047
:10BA8000D8920020B492002046940020949900207F
:10BA90008C1900205C920020C09200204894002065
:10BAA000FC230508042A0508F8290508EC290508DF
:10BAB000E029050864540020D0290508BC290508A0
:10BAC000A82905089C510020942905087C2905080F
:10BAD00008B300206C290508849B00205C29050818
:10BAE000806400204C29050890630020F06000204D
:10BAF00094920020B04B9FEDB17A1B88B049B148B9
:10BB000007EE903AF8EEE77A67EE877AFDEEE77A8D
:10BB100017EE902AEEF728FE3DE70DF13009A84B0D
:10BB20004E464FF0010A12E04FF02C030BF8013B98
:10BB3000A54B584633F81A2014F004FEBAF1100F42
:10BB40009F4B0BEB000600F0CF840AF1010ABAF11B
:10BB5000010FB3461946E7D19C4A3046B2F870202F
:10BB600014F0F0FD964B0644EFE70DF13009944BCD
:10BB70004E464FF0010A12E04FF02C030BF8013B48
:10BB8000934B584633F81A2014F0DCFDBAF1100F2D
:10BB90008B4B0BEB000600F08B840AF1010ABAF123
:10BBA000010FB3461946E7D1884A3046128E14F089
:10BBB000C9FD834B0644F0E70DF13009804B4E463A
:10BBC0004FF0010A12E04FF02C030BF8013B814BC0
:10BBD000584633F81A2014F0B5FDBAF1100F784B1F
:10BBE0000BEB000600F0A4840AF1010ABAF1010F80
:10BBF000B3461946E7D1754A3046B2F8502014F0E2
:10BC0000A1FD6F4B0644EFE70DF130096C4B4E463A
:10BC10004FF0010A12E04FF02C030BF8013B6E4B82
:10BC2000584613F80A2014F08DFDBAF1100F644B3A
:10BC30000BEB000600F036840AF1010ABAF1010F9D
:10BC4000B3461946E7D1614A3046127814F07AFDBE
:10BC50005B4B0644F0E70DF13009594B4E464FF06F
:10BC6000010A12E04FF02C030BF8013B5B4B5846E6
:10BC700033F81A2014F066FDBAF1100F504B0BEB9D
:10BC8000000600F01B840AF1010ABAF1010FB34665
:10BC90001946E7D14D4A3046128A14F053FD484BFD
:10BCA0000644F0E74E4A46494E48EEF75DFD72E61F
:10BCB0004D4B43499A7A4D48EEF756FD6BE64C4B97
:10BCC0003F499A8D4B48EEF74FFD64E6484B3C499F
:10BCD0005A8D4948EEF748FD5DE6454B38491A8DC7
:10BCE0004648EEF741FD56E6414B354993F826208C
:10BCF0004348EEF739FD4EE63D4A4249938C4248AF
:10BD0000528CEEF731FD46E6394B2D491A8C3F48EF
:10BD1000EEF72AFD3FE6364B2949DA7F3C48EEF73D
:10BD200023FD38E6324A3749138A3A489289EEF7BA
:10BD30001BFD30E62E4A3349D38937485289EEF746
:10BD400013FD28E62A4B1E491A893448EEF70CFDEC
:10BD500021E6274B1A499A7D3148EEF705FD1AE690
:10BD6000234A2849938B2F48528BEEF7FDFC12E6AD
:10BD70001F4B1349DA882C48EEF7F6FC0BE61C4BF8
:10BD80000F495A7D2948EEF7EFFC04E6184B0C49A1
:10BD90009A882748EEF7E8FCFDE5154B08495A78E4
:10BDA0002448EEF7E1FCF6E5114B0549DA78224824
:10BDB000EEF7DAFCEFE500BF806400200000C84227
:10BDC000FC23050840290508AE4700204047002015
:10BDD0006E4700208E4700203F4700204E4700203E
:10BDE0007C54002098280508645400208C280508FD
:10BDF00090AF002078280508682805085028050815
:10BE000040280508A82605082C2805081428050838
:10BE100004280508F0270508E0270508CC270508B1
:10BE2000BC270508A82705089427050884270508C6
:10BE3000702705085C27050850270508A14BA24973
:10BE40005A78A248EEF790FCA5E59E4B9E491A78D9
:10BE50009F48EEF789FC9EE59E4B9F491868838BAF
:10BE6000428BC08B00909D48EEF77EFC93E5994B8A
:10BE700099491868838A428AC08A00909848EEF7E8
:10BE800073FC88E5934B9449186883894289C0897B
:10BE900000909448EEF768FC7DE52C2202FB0352EB
:10BEA0008D49B2F886330093B2F884338E48B2F8E5
:10BEB0008223EEF759FC6EE52C2202FB03528649E1
:10BEC00092F87C33009392F87B33884892F87A2377
:10BED000EEF74AFC5FE52C2202FB03527E4992F802
:10BEE0007833009392F87733814892F87623EEF70F
:10BEF0003BFC50E52C2202FB0352774992F8743345
:10BF0000009392F873337B4892F87223EEF72CFC7F
:10BF100041E5794B6C491A787848EEF725FC3AE50B
:10BF2000694977480122EEF71FFC34E5754B6649F5
:10BF30009A687548EEF718FC2DE5744B9B7A012B37
:10BF40007FF429ADB5F94432B5F9462270497148FC
:10BF5000EEF70AFC1FE5704B70491A887048EEF73F
:10BF600003FC18E5694A6F491388009393886E486B
:10BF70005288EEF7F9FB0EE56C4B1B68D90400F113
:10BF8000DF820F233B6006E5694B64499A89694863
:10BF9000EEF7EAFBFFE4684B4B491A686748EEF797
:10BFA000E3FBF8E4664A67496748EEF7DDFBF2E435
:10BFB00009A810F059FD09A90CA814F07BFC6149EF
:10BFC00062480CAAEEF7D0FBE5E4614B6149624898
:10BFD00003F11802EEF7C8FBDDE4604B604A5D49EF
:10BFE0006048EEF7C1FBD6E45F4A604B60496148A8
:10BFF000CDE90032604B614AEEF7B6FBCBE45F4A15
:10C0000050495F48EEF7B0FBC5E45E4B2E499A8A73
:10C010005D48EEF7A9FBBEE45A4B2B495A8A5B48B0
:10C02000EEF7A2FBB7E4444A594B12681B68264955
:10C030005848B2FBF3F2EEF797FBACE4544B2249BD
:10C040001A685548EEF790FBA5E4544954484FF060
:10C050007E52EEF789FB9EE40220F6F795FEFEF78E
:10C06000B9BD5046F6F790FEFEF769BE09F10C091E
:10C07000CA457FF4C7ABFFF7E9BB4A494A480023EA
:10C0800003E001330B2B3FF43CAB1A018A5C032A1B
:10C0900008D0042AF5D103F5B17200EB0212D2796F
:10C0A000D207EED4EEF794F8FFF703B93F4B002226
:10C0B0004FF0FF311A600722596088F80020FFF71F
:10C0C00058B800BF50B80020FC23050840270508D9
:10C0D0004427050820870020F02605083827050892
:10C0E0002C27050824270508182705081027050808
:10C0F00008270508FC26050830060020DC26050870
:10C10000CC26050804400020C0260508F88300203E
:10C11000A8260508B02605086C9700206C2605089F
:10C12000A02605088426050890260508949200207C
:10C130002884002070260508BC92002020260508CF
:10C1400090D1002060250508142605080026050862
:10C1500070D10020D4250508EC250508BC2505086C
:10C16000C8250508DC250508A8250508B425050807
:10C1700084250508942505087425050884220508EA
:10C1800064250508645400204C260508402605084F
:10C19000B8920020382605082C26050858260508E0
:10C1A00060260508667E00204068002094990020E3
:10C1B000022B00F0F380032B3FF44FAB012B40F038
:10C1C000F780CC4B1B68002B00F0F280EDF7E4FF0A
:10C1D000002840F0ED80C84B40221A70FFF76DBB7D
:10C1E0001120FBF711FF00287FF441A8FFF75EB88C
:10C1F0001120FBF709FF00287FF41FAA0A2388F803
:10C200000030FFF71DBAEEF7DFFA19F0D3FCFFF7A5
:10C2100096B919F0C7FC00283FF44BA8FFF784B982
:10C22000B64FDFF8089307F10806A9F1280A3B7D0D
:10C23000052B3FF63EA801A252F823F063C3020883
:10C24000B3B20208FBC20208C5C2020855C2020806
:10C250004DB40208AA4B3E690FCB0DF13009CC4614
:10C26000ACE80700A7498CF8003001360DF1370023
:10C270000DF1320C81FB0623F217C2EBA30202EB95
:10C280008203A6EB4303303300F801398445164698
:10C29000F0D19D4B41F2D4610122595C3A750029DD
:10C2A00000F0EC8041F21871595C002900F0E78041
:10C2B00041F25C729A5C002A00F04A8104233B75CB
:10C2C000FEF7F7BF99F80030002B7EF4F2AF7968E3
:10C2D000002900F03F8191F82830002B7EF4E9AF6F
:10C2E000442250461FF0B0FB78680021E1F7BAFB0A
:10C2F000002204237A603B7599E74FF0000B7868C1
:10C3000009AA3146E1F794FA01287EF4D2AF099BDD
:10C31000002B00F08A801A78002A00F086804C2AD0
:10C32000EDD159784F29EAD19A78472AE7D11A7A7C
:10C33000422AE4D15A7A422AE1D19A7A4C2ADED1B1
:10C3400053F8030F0C901B798DF834300CA88DF83E
:10C3500035B010F0E9FC3B699842B8BF1846386127
:10C36000CDE7694B5A78032A7EF4A3AF41F2D4613A
:10C370000122595C3A75002900F0A68041F218713B
:10C38000595C002900F0A18041F25C729A5C002A9D
:10C3900000F0E78000233B75FEF78BBF5A4B5A78BD
:10C3A000012A05D941F2E5729B5C002B3FF413AFE3
:10C3B000002388F80030FEF778BE38680021E1F7E6
:10C3C00051FB00283EF475AFFFF713BA58460492AC
:10C3D00004F081FC049A00211046E02220F096FA35
:10C3E000FFF731BAD5F8403C9B7B012B7EF4BEAE03
:10C3F00019F0DCFAFEF7BABEF35C002B7EF459AFFD
:10C40000FFF70EB9414B1B6903EB4303B3F5FA7F0A
:10C41000C0F094804FF4FA72B3FBF2F3402BA8BF44
:10C420004023354A1370FFF745BA796891F91A200D
:10C43000531C0AD0344B02F5B17203EB0213FF20F8
:10C44000DA796FF30002DA71887691F91B30581CA3
:10C4500011D02D4803F5B17300EB03104FF0FF0C22
:10C46000C379C3F34502013A22EAE27262F346035A
:10C47000C37181F81BC003233B75D8E60A464421EB
:10C4800001FB023303F5B650214B009349463C2390
:10C4900020221430E2F73CFAFEF70BBFFDF71EFC3A
:10C4A000FEF764BE1B484946EEF75EF9FFF773BA24
:10C4B00019484946EEF758F9FFF76DBA174849464B
:10C4C000EEF752F9FFF767BA0A46442101FB02333F
:10C4D00003F5B650124B0093124913231022143067
:10C4E000E2F716FAFEF7E5BE0F484946EEF73CF9CB
:10C4F000FFF751BA749200206C920020F88A002055
:10C50000182A050867666666406800200440002017
:10C510007D5C0108A4280508E8280508C828050846
:10C52000BD680108102A050824290508508000204C
:10C5300011484946EEF718F9FFF72DBA012370E7C5
:10C5400095F8A4220D490E48EEF70EF9FFF723BA2D
:10C55000022294E7E1F742F900287FF4C5AEFEF726
:10C56000A8BE0222B1E70B22092385F8F62B88F832
:10C570000030FEF7FEBD00BF082905086C2605083F
:10C5800078260508114A034692E8030082B002AA01
:10C5900002E903009BB1072B0DD802AA13440C4AF1
:10C5A00013F8081C128801238B40134214BF01208A
:10C5B000002002B07047184602B0FBF725BD054BBE
:10C5C000187800F0010002B0704700BFA4DB040837
:10C5D0002684002024840020394B3A4A1B681268C4
:10C5E000F0B513F0020F40F2813140F2AF3308BFD3
:10C5F0000B46100644BF43F4803343F04003D1039D
:10C6000054BF43F4406343F4E0532F4D2F4C520585
:10C6100083B054BF43F4C82343F4D82301932E1DA1
:10C62000A4F2244715F8011BFF292ED1B542F9D1F8
:10C63000274B9B6A002B3FD1019B43F00073019372
:10C64000002402E001341E2C19D0214601A814F068
:10C6500041FD0028F6D01D4B002203F1F000E1B2AD
:10C6600000E01A79914203F10803EBD09842F8D127
:10C67000214601A8013414F00DFD1E2CE5D1154B07
:10C68000019AC3F8442C03B0F0BD0022134605E024
:10C6900001331E2B04EBC302C8D052799142F7D16B
:10C6A00007EBC30393F82814A1F11A03032BBDD899
:10C6B00001A814F0FFFCB9E7019B43F08073BCE7CD
:10C6C000D080002018600020CC510020ACDB040892
:10C6D0009C51002078C500202DE9F84F4FEA411801
:10C6E0000024154E154F8346924608F12009254631
:10C6F00003E0013501341E2C1AD02146304614F0D7
:10C70000E9FC0028F6D0A845F3D8A945F1D90023C3
:10C710001946E2B205E001311E2907EBC10309D039
:10C720001B799A42F7D107EBC1015846D047E0E7A1
:10C73000BDE8F88F0021F8E7BCD10020ACDB04088D
:10C7400000220849134605E001331E2B01EBC3020A
:10C7500006D052799042F7D1024800EBC3007047EF
:10C7600000207047ACDB040800220849134605E0AE
:10C7700001331E2B01EBC30206D012799042F7D190
:10C78000024800EBC300704700207047ACDB040890
:10C790007047F8B56C2204460021043020F0B6F84A
:10C7A0000C49234604F16C0005220426002511F9EA
:10C7B000017B1F715A719E711D72DA710C338342B5
:10C7C000F5D101232360522384F86E306423A4F84A
:10C7D0006C30F8BDACDC040808B5074B1B78DB07F0
:10C7E00000D508BD054B02229A7314F015FBBDE875
:10C7F000084010F031B800BF2484002014B4002099
:10C80000024B1A785978DEF713BB00BFB0D3002073
:10C810002DE9F04F2DED028B0A3889B00C46ED283A
:10C8200000F2F080DFE810F0C607EE00EE00EE0048
:10C83000EE00EE00EE00EE00EE00EE00EE00EE0088
:10C84000EE00EE00EE00EE00EE00EE00EE00EE0078
:10C85000EE00EE00EE00EE00A707EE00EE00EE00A8
:10C860009807EE00EE00EE006407EE003107EE00E0
:10C870001807EE00B806EE00A106EE000A08EE006A
:10C88000F607EE00EE00EE00F007D907EE004C08C8
:10C89000EE00EE002B06EE00EE00EE00EE00EE00E5
:10C8A000F905EE00EE00EE00EE00DA05EE002109DB
:10C8B000EE000309E908EE00EE00EE00EE00EE00E7
:10C8C000EE00EE00EE00EE00CC08EE00060AEE00F0
:10C8D0004109EE007006EE00EE00EE00EE003206BA
:10C8E0007E0854086C0AC3058C0555053E053005C5
:10C8F000EE000705AD0AEE00EE00EE00EE00EE00E1
:10C90000EE00EE00DE04EE00EE00EE00EE00C904E4
:10C91000B7047604EE00EE00EE0024040404EE00FA
:10C92000EE00AD038F03EE00EE002D03EE00EE00EF
:10C93000F602EE00D602EE006602EE00FC01EE000A
:10C94000BB01EE00EE00EE00EE00EE00EE00EE00A9
:10C95000EE00EE00EE00EE00EE00EE008301EE00D1
:10C96000EE00EE00EE00EE006F01EE002E01EE0094
:10C97000EE00EE00EE00EE00EE00EE00EE00EE0047
:10C98000EE00EE00EE00EE00EE002001EE00EE0004
:10C990001501EE000A01EE009C0AEE00EE00EE002A
:10C9A000EE00EE00EE00EE00EE00EE00EE00EE0017
:10C9B000EE00EE00EE00EE00EE00EE00EE00EE0007
:10C9C000EE00EE00EE00EE00EE00EE00EE00EE00F7
:10C9D000EE00EE00EE00EE00EE00EE00EE00EE00E7
:10C9E000EE00EE00EE00EE00EE00EE00EE00EE00D7
:10C9F0004D01EE000001EE00EE00EE00EE00EE0054
:10CA0000EE00F400002009B0BDEC028BBDE8F08F11
:10CA100005A810F029F8002841F0C682012009B0CD
:10CA2000BDEC028BBDE8F08FA44D0846E98910F0FB
:10CA300051FAA989204610F04DFAEFE7A04D05F113
:10CA4000100635F8021F204610F044FAAE42F8D125
:10CA5000E4E79C4D05F13A0635F8021F204610F038
:10CA600039FAB542F8D1D9E70B68974A591C1278C0
:10CA7000216005A81A700FF0F7FF23685A1C226086
:10CA80001870CBE7914D05F5807623682A78591CFC
:10CA900021601A7023686A78591C21601A70236813
:10CAA000AA78591C21601A70A988204610F012FA41
:10CAB000083535F8021C204610F00CFAB542E4D1D6
:10CAC000ACE70B68824D591C1422216005F17807F0
:10CAD0001A702878FFF748FE06466879FFF744FE8B
:10CAE00023687279591C21601A7023682A79591CAD
:10CAF00021601A70236842790635591CBD422160B5
:10CB00001A70E6D18AE7734D05F1AE0629882046F2
:10CB100010F0E0F96988204610F0DCF9063535F8A8
:10CB2000021C204610F0D6F9B542EFD176E70B682B
:10CB3000DFF8BCE1591C9EF8002021601A709EF8B5
:10CB40000030002B3FF46AAF634E644D6448654982
:10CB50000023226816F8017B02F1010CC4F800C022
:10CB60001770226815F8017B02F1010CC4F800C0AF
:10CB70001770226810F8017B02F1010CC4F800C0A4
:10CB80001770226811F8017B02F1010CC4F800C093
:10CB900017709EF8002001339A42DADC3EE7524DCE
:10CBA0000B686A7A591C21601A7023686A79591CCB
:10CBB00021601A7023682A7A591C21601A70E9884A
:10CBC000204610F087F9A989204610F083F92368E0
:10CBD000EA7A591C21601A702368EA7B591C21608B
:10CBE0001A702368AA7B591C21601A702368AA78DE
:10CBF000591C21601A702368EA78591C21601A7048
:10CC000023682A79591C21601A7023682A78591CD4
:10CC100021601A702368AA7A591C21601A70FDE6F7
:10CC2000324D2B680846B3F8801010F053F9236892
:10CC30002A68591C92F8822021601A7023682A6899
:10CC4000591C92F8832021601A7023682A68591CA5
:10CC500092F8842021601A7023682A68591C92F87F
:10CC6000852021601A7023682A68591C92F8862052
:10CC700021601A7023682A68591C92F88720216065
:10CC80001A702B6893F888202368591C21601A7049
:10CC900023682A68591C92F8892021601A70236839
:10CCA0002A68591C92F88A2021601A702A68236821
:10CCB00092F88B20591C21601A70AFE68064002026
:10CCC00022B900202A9500209D9900207CBD0020DB
:10CCD00020B70020E0AE0020B48D0020D48D0020CD
:10CCE000148E0020F48D0020308800202087002042
:10CCF000B18D0020C34D0B682A68591C92F864203E
:10CD000021601A7023682A68591C92F865202160F6
:10CD10001A7023682A68591C92F8662021601A70DC
:10CD200023682A68591C92F8672021601A702368CA
:10CD30002A68591C92F8682021601A7023682A68B2
:10CD4000591C92F8692021601A702B6893F86A20A8
:10CD50002368591C21601A7023682A68591C92F8AC
:10CD60006B2021601A702B682046B3F86C1010F00D
:10CD7000B1F82B682046B3F86E1010F0ABF82B68B2
:10CD80002046B3F8701010F0A5F82B682046B3F8D1
:10CD9000721010F09FF82B682046B3F8741010F052
:10CDA00099F82B682046B3F8761010F093F82B68AA
:10CDB0002046B3F87A1010F08DF82B682046B3F8AF
:10CDC0007C1010F087F82B682046B3F87E1010F026
:10CDD00081F823E68C4E06F1110506F11007236851
:10CDE00016F8012F591C21601A7035F8021B2046D5
:10CDF00010F070F8E98B204610F06CF8E98F2046AF
:10CE000010F068F8B5F85E10204610F063F8B742ED
:10CE1000E5D103E60B687D4D591C2A7821601A7014
:10CE20006988204610F056F8A988204610F052F87C
:10CE3000E988204610F04EF82989204610F04AF87B
:10CE40006989204610F046F8A989204610F042F87A
:10CE5000E989204610F03EF8298A204610F03AF879
:10CE6000698A204610F036F8A98A204610F032F878
:10CE7000E98A204610F02EF8298B204610F02AF877
:10CE8000CCE50B68624E591C327821601A703378F9
:10CE9000002B3FF4C3AD5F4F01974FF0000A574698
:10CEA000DFED5D8A9FED5D8AB2462EE088468946B9
:10CEB0000E468B46019B9D7A002D40F0D487D3000F
:10CEC00000F1B487564BDA5D002A40F09E87204679
:10CED0000FF0E8FF294620460FF0FCFF2268501CA7
:10CEE0002060314682F800B020460FF0F3FF49463B
:10CEF00020460FF0EFFF414620460FF0EBFF9AF877
:10CF000000200137BA427FF689AD464B1A6812F00D
:10CF10000061CBD0F8B2E6F7A5FE424BB0F90C5059
:10CF20001A6890F801B04688B0F80490B0F808800C
:10CF30003D4B05EB850000EB800117F803C089002D
:10CF400091FBFCF1B6E7394D084629890FF0C2FF85
:10CF5000698920460FF0BEFFA98920460FF0BAFF6D
:10CF6000E98A20460FF0B6FF298B20460FF0B2FF6A
:10CF7000698B20460FF0AEFFE98920460FF0AAFF2B
:10CF80004CE52A4D084629880FF0A4FF6988204601
:10CF90000FF0A0FFA98820460FF09CFFE9882046EB
:10CFA0000FF098FF298A20460FF094FF698A2046E7
:10CFB0000FF090FFA98A20460FF08CFF236895F8A8
:10CFC0002020591C21601A7023682A7F591C216077
:10CFD0001A70698D20460FF07DFFA98D20460FF055
:10CFE00079FF236895F82120591C21601A70236865
:10CFF00095F82820591C21601A70E98B20460FF003
:10D0000069FF0BE5208700203F4700206CB8002017
:10D0100000400020645400209A99193F000000004D
:10D0200090B90020186000207CB90020C490002036
:10D030000A68B24B501C1978206011702268597828
:10D04000501C2060117022689978501C206011706B
:10D050002268D978501C2060117022689979501C80
:10D060002060117022681B79511C21601370D5E477
:10D07000A34F0846798A0FF02DFFB98A20460FF09A
:10D0800029FFF98A20460FF025FF23689D4A591C85
:10D09000127821601A7023683A7E591C21601A7038
:10D0A0002368BA7A591C21601A702368BA78591C0F
:10D0B00021601A70398820460FF00CFF2268397AF7
:10D0C000531C236007F11C0507F118031170226837
:10D0D00013F8011B501CAB4220601170F7D18A4B32
:10D0E0001D1D226813F8011B501CAB4220601170FB
:10D0F000F7D1398D20460FF0EDFE798D20460FF0E7
:10D10000E9FEB98D20460FF0E5FEF98D20460FF0BF
:10D11000E1FE83E4DFF824C20026F7B26146002373
:10D120002268501C206017702268501C2060137009
:10D13000226811F8010F0133551C062B2560107071
:10D14000EED10136042E0CF1060CE6D16F49002316
:10D150002268501C206016702268501C20601370DA
:10D16000226811F8010F0133551C0B2B256010703C
:10D17000EED12368664A581C052120601970236887
:10D180000021581C20601970236892F86321591CF3
:10D1900021601A7042E40B685E4A5F49D0795D1CD9
:10D1A000256018702368527D581C20601A7023680F
:10D1B0000A78591C21601A7030E40A68574B501CD9
:10D1C00019782060117022685978501C2060117005
:10D1D00022689B78511C21602046137000210FF0BB
:10D1E00079FE1BE44E4D05F18006298820460FF09C
:10D1F00071FE698820460FF06DFEA98820460FF069
:10D2000069FEE98820460FF065FE298920460FF067
:10D2100061FE698920460FF05DFEA98920460FF066
:10D2200059FE103535F8021C20460FF053FEAE4271
:10D23000DBD1FFF7F3BB3B4E0B683268591C527AC7
:10D24000216000251A70336822682B44511C9B7A98
:10D2500021601370336822682B44511C9B7B216032
:10D260001370336822682B44511C9B7C216013701F
:10D27000336803EB45032046598B01350FF02AFE36
:10D28000032DE0D1FFF7CABBFAF756FD0146204651
:10D290000FF008FEFAF746FD81B220460FF01AFEA5
:10D2A000FFF7BCBB204D084629880FF013FE6988A4
:10D2B00020460FF00FFEB5F904301C4AD91782FB47
:10D2C0000323C1EBA301204689B20FF003FEFFF751
:10D2D000A5BB174B084619880FF0FCFD154B2046DF
:10D2E00019880FF0F7FD144B22681B78511C03F0CE
:10D2F000010321601370FFF791BB00BF288B002052
:10D30000645400200040002080540020BF89002089
:10D3100068880020ECB2002008B3002050B800203C
:10D32000A4B8002024870020646400206766666635
:10D33000B6830020248B002067900020A78900205E
:10D34000B34B0A681B78B34D511C03F002032160F4
:10D35000137023682A7D591C21601A7029682046A1
:10D360000FF0A0FD696820460FF09CFDAB6813F13B
:10D37000630FC0F21286B3F5C80F80F21186A64A79
:10D38000D91782FB0323C1EB631399B220460FF038
:10D39000A1FDE98920460FF09DFD298A20460FF066
:10D3A00099FD698A20460FF095FDFFF737BB9B4E2C
:10D3B000B378002B3FF432AB994F0025F7EC017A9C
:10D3C000FCEEE77A204617EE903A99B20FF082FD14
:10D3D000B3780135AB42F1DCFFF720BB0B68914D10
:10D3E000591C2A7921601A7023686A79591C2160B6
:10D3F0001A70298820460FF06DFD2368AA79591C00
:10D4000021601A70698820460FF064FD2368EA796C
:10D41000591C21601A70FFF701BB834E3568002D3F
:10D4200000F0A68518F0BEFB804D40F00200C0B2AF
:10D430002A46002305E00133062B02F1060200F024
:10D440002A8611780229F6D1226803EB430305EB03
:10D450004303511C216010709A8859880132511A77
:10D4600020460FF01FFD316820460FF01BFD18F01D
:10D4700075FB014620460FF015FDFFF7CFBA0846B1
:10D4800008226B490FF0DEFCFFF7C8BA694D6A4EFF
:10D49000B5F8081120460FF01DFDB5F8881020469C
:10D4A0000FF018FD654B19684B0103F02002C1F322
:10D4B00040031343C1F3800243EA4203C1F3C002B5
:10D4C00043EA8203C1F3401243EAC20301F01001B0
:10D4D000194320460FF0FEFC00231D4605931F460E
:10D4E00003E001351E2D00F0F1842946304613F08B
:10D4F000F1FDEBB20028F4D01846FFF743F80028FE
:10D5000040F060840137ECE70B684D4A4D49907854
:10D510004D4A5D1C25601870236849794B4D581C95
:10D520002060197023685278591C21601A70236892
:10D53000EA78591C21601A702368AA78591C216066
:10D540001A7023682A78591C21601A70298B20468A
:10D550000FF0C0FC698A20460FF0BCFC23682A7DCE
:10D56000591C21601A70FFF759BA0A68304B501CD9
:10D57000D97B206011702268197C501C20601170CA
:10D580002268597C501C206011702268DB7F511C7E
:10D5900021601370FFF742BA2D4901F580752068AC
:10D5A00051F8082F461C4B68266002702068160A46
:10D5B000471C276006702068160C471C2760067001
:10D5C0002068120E461C266002702268501C2060E3
:10D5D00013702268180A561C266010702268180CF6
:10D5E000561C2660107022681B0E501C8D42206055
:10D5F0001370D4D12368174A581C01212060197078
:10D600002368D278591821601A70FFF707BA00BF53
:10D61000B4830020B06000201F85EB5178510020BA
:10D62000548A002018CA002074920020C80C0020E0
:10D630009C510020D8360020BCD10020D080002092
:10D6400080640020849B002008B3002090AF00205D
:10D650006088002030880020A54D05F14006B5F80F
:10D66000001120460FF036FC236895F80221591C62
:10D6700021601A70236895F803210435591CAE42C5
:10D6800021601A70EBD1FFF7C9B99A4D0B682A7A5D
:10D69000591C21601A7023686A7A591C21601A701B
:10D6A0002368AA7A591C21601A70E98A20460FF073
:10D6B00011FC698A20460FF00DFCA98A20460FF064
:10D6C00009FC298B20460FF005FC698B20460FF0E2
:10D6D00001FC236800255A1C226029461D70204643
:10D6E0000FF0E0FB23685A1C22601D70FFF796B90B
:10D6F0000A68814B501C1978206011702268597893
:10D70000501C2060117022689978501C20601170A4
:10D710002268D978501C2060117022681979501C39
:10D720002060117022689979501C20601170226865
:10D73000197A501C206011702268597A501C2060A0
:10D740001170997A2268501C2060117099892046C6
:10D750000FF0C0FBFFF762B9684D0846A9880FF0CB
:10D76000B9FB298920460FF0B5FBA98920460FF0A7
:10D77000B1FBFFF753B9624D05F178062878FEF743
:10D78000F3FF23684279591C21601A7023686A7874
:10D79000591C21601A702368AA78591C21601A70DC
:10D7A0002368EA780635591CAE4221601A70E5D12B
:10D7B000FFF734B9534D28461BF094FE00283FF480
:10D7C0002DA92B460544226813F8011B501C9D42CD
:10D7D00020601170F7D1FFF721B90B684A4A581C35
:10D7E0004B212060197023680821581C2060197093
:10D7F00023689178581C206019702368D278591CCE
:10D8000021601A70FFF70AB9084600210FF04AFBA1
:10D81000FFF704B93D4D3E4E05F16C0795F9041034
:10D820003C4B93F908208A4200F0D2820C33B34279
:10D83000F7D10C35AF42F1D1FFF7F0B8364D05F511
:10D84000007623682A78591C21601A7023686A7848
:10D85000591C21601A702368AA78591C21601A701B
:10D860002368EA78591C21601A7023682A79591CA8
:10D8700021601A7023686A79591C21601A70236824
:10D88000AA79591C21601A702368EA79591C216011
:10D890001A702A7A2368591C21601A7069892046F7
:10D8A0000FF018FBA98920460FF014FB2368AA7B10
:10D8B0001035591CAE4221601A70C2D1FFF7AEB8C4
:10D8C0000B68164A591C527821601A70FFF7A6B8E7
:10D8D000134D05F12006B5EC010A1CF007FD81B2DD
:10D8E00020460FF0F7FAAE42F5D1FFF797B800BF28
:10D8F000688800209C510020E83F0020B0D3002021
:10D9000020B7002090D1002014B4002090630020A4
:10D910002CD60020C0D50020C0D3002060CA002033
:10D920004C970020B84B9B89B3F5006F00F232830F
:10D93000B3F5806F00F26E83B3F5007FB6EE008A18
:10D94000F7EE007A38BFB0EE678AB04D05F10C06ED
:10D95000B5EC010A20EE080A1CF0C8FC81B2204692
:10D960000FF0B8FAB542F3D1A94D05F10C09A5F1B4
:10D97000300805F5CA7705F1180698F82637B5EC92
:10D98000010A012B0CBF3B463346D3ED227A80EED1
:10D99000270A1CF0ABFC81B220460FF09BFAA94588
:10D9A000EBD19C4D05F10C06B5EC010A1CF09EFC78
:10D9B00081B220460FF08EFAAE42F5D1FFF72EB8B5
:10D9C0000A689549954B551C012025601070226806
:10D9D00091F87C121018206011702268197A501C7E
:10D9E0002060117022689978501C2060117019888D
:10D9F00020460FF06FFAFFF711B80B68884D591CDD
:10DA0000012221601A7023682A78591C21601A703B
:10DA100023686A78591C21601A70698820460FF0C3
:10DA200059FA696820460FF03DFAFEF7F7BF7D4BC3
:10DA30001B79002B40F0E2821F461E461D46194608
:10DA40002268501C2060137023685A1C22601E70CC
:10DA500023685A1C226020461F700FF023FA2946C3
:10DA600020460FF01FFAFEF7D9BF6F4EB378002B98
:10DA70003EF4D4AF6D4F002507F10108236817F875
:10DA80001520591C21601A7018F8151001EB81013E
:10DA900001EB810101F2EE2120460FF01BFAB37871
:10DAA0000135AB42EADCFEF7B9BF614D0B682A686D
:10DAB000591C92F82A2021601A7023682A68591C80
:10DAC00092F82C2021601A7023682A68591C92F859
:10DAD0002D2021601A702B682046D98E0FF0FAF99C
:10DAE0002B682046198F0FF0F5F92B682046598FC7
:10DAF0000FF0F0F923682A68591C92F82E20216053
:10DB00001A7023682A68591C92F82F2021601A7015
:10DB100023682A68591C92F8302021601A70236803
:10DB20002A68591C92F8312021601A7023682A68EB
:10DB3000591C92F8322021601A7023682A68591CF7
:10DB400092F8332021601A702B6893F834202368F0
:10DB5000591C21601A7023682A68591C92F84A20BF
:10DB600021601A7023682A68591C92F84C202160A1
:10DB70001A702B682046B3F84E100FF0ABF92B68E3
:10DB80002046B3F850100FF0A5F92B682046B3F8E3
:10DB900052100FF09FF923682A68591C92F85420FC
:10DBA00021601A702B682046B3F856100FF092F9D6
:10DBB0002B682046B3F858100FF08CF923682A68B8
:10DBC000591C92F85A2021601A7023682A68591C3F
:10DBD00092F85B2021601A7023682A68591C92F819
:10DBE0005C2021601A7023682A68591C92F8602012
:10DBF00021601A702A68236892F86120591C2160FC
:10DC00001A70FEF70BBF00BF28840020708400202C
:10DC10003440002038970020B0D300206454002006
:10DC2000609200208C3F00207851002064B60020D4
:10DC3000208700209A4D0B686A78591C21601A7061
:10DC400023686A7D591C21601A70E98820460FF00C
:10DC500041F92368AA7D591C21601A702989204640
:10DC60000FF038F9698920460FF034F9A989204668
:10DC70000FF030F9E98920460FF02CF9298A204667
:10DC80000FF028F92368EA7F591C21601A70298C4B
:10DC900020460FF01FF9236895F82620591C2160B3
:10DCA0001A70298D20460FF015F9698D20460FF066
:10DCB00011F9A98D20460FF00DF9698B20460FF060
:10DCC00009F9A98B20460FF005F9698C20460FF061
:10DCD00001F9A98C20460FF0FDF8236800255A1C95
:10DCE000226029461D7020460FF0F4F82946204690
:10DCF0000FF0F0F8294620460FF0ECF8FEF78EBE44
:10DD0000684E694FDFF8C0819FED688A002507E003
:10DD1000002120460FF0DEF80135082D3EF47EAEDE
:10DD20003378AB42F4DD3B6893F82620002AEFD02D
:10DD30001B6AE8B298470028EAD008EB850393ED08
:10DD4000000A20EE080A1CF0D1FA02044CBFA0F52C
:10DD50007A7100F57A7189B220460FF0BBF8DBE7E3
:10DD6000504E534F00253378AB42CCBF37F81510D7
:10DD70000021204601350FF0ADF8042DF3D1FEF758
:10DD80004DBE4C4E00253368013503EBC5032046DC
:10DD900059880FF09FF83368EF003B44204699887C
:10DDA0000FF098F833683B442046D9880FF092F87A
:10DDB00033683B44204619890FF08CF8032DE2D1DB
:10DDC000FEF72CBE394605A813F074F9FFF79ABB8D
:10DDD00023685A1C22601970296820460FF062F8E7
:10DDE00023686A79591C21601A702368AA79591C22
:10DDF00021601A7023682A7A591C21601A702368DE
:10DE0000EA79591C21601A7013E52B4A02EB87024C
:10DE100092ED000AB5EEC00AF1EE10FAB8BFB0EE0E
:10DE2000480A1CF063FA0146FFF751B8032F3FF68A
:10DE300049A8224AC7EBC70002EBC00C12F83020F9
:10DE4000002A3FF43FA89CED010A20EE280A1CF0AE
:10DE50004DFA1B4B80B26421DA5D01FB00F1B1FB8E
:10DE6000F2F1FFF72FB8174807F1020C00EB8C0C0A
:10DE70009CF80650002D3FF422A8BCF80400104B7B
:10DE80000392642101FB00F1F8B2DD5DB1FBF5F115
:10DE9000029119F063FDDDE9021285B2FFF70FB8B8
:10DEA00090AF0020004000209C54002000007A44E5
:10DEB000ECD0002020870020048700209450002010
:10DEC0007CB90020F4D000207C60002005A9042249
:10DED00020460EF0B7FF2368724A591C00252160C6
:10DEE0001D70118820460EF0F5FF294620460EF0E1
:10DEF000F1FF23686C4A591C21601D7023681A21A8
:10DF0000581C20601970116820460EF0CBFF226863
:10DF1000664B6748511C216015702268997B551C1F
:10DF20002560117022681978551C256011702168D0
:10DF300006224D1C25600A7021685B784D1C256007
:10DF40000B7023685B495D1C25601A70236800789C
:10DF5000594A5D1C2560187023680978581C206098
:10DF6000197023681278591C21601A70FEF756BD8B
:10DF70000B685A1C0A60204629461D700EF092FF5D
:10DF8000294620460EF08EFF294620460EF08AFFD5
:10DF9000FEF744BDB4EE008AD7E40021FFF7F6B9DE
:10DFA0004FF6FF71FFF7F2B9BDF8141020460EF0DE
:10DFB00091FF23689DF81620591C21601A70236870
:10DFC0009DF81720591C21601A7023689DF81820AD
:10DFD000591C21601A7023689DF81920591C216072
:10DFE0001A7023689DF81A20591C21601A70BDF818
:10DFF0001C1020460EF06EFFFEF710BDE2F72CFD60
:10E0000058B941F2E4732D4A0546D75C01460646ED
:10E01000012315E5B5EE008A97E4E2F70DFD40B95E
:10E0200041F2E473254A0126D75C05460146334692
:10E0300006E5224F7E78022E19D0032E07D041F23A
:10E04000E47300250126FF5C29463346F8E441F2DB
:10E05000A87241F2E473B958FF5C890A0191E2F7B2
:10E06000E5FC0568019901230426DD40E8E4144B32
:10E070001B68DB69984738B141F2E4730025FF5C07
:10E08000294603260123DBE441F2E4730546FF5CE5
:10E0900001460123D4E423680022591C2160187032
:10E0A0009388FFDEC4C700201887002014B4002026
:10E0B0000040002048970020F0B300204068002076
:10E0C000943F002038B5084D002415F8010BFF28B7
:10E0D00005D0FEF757FA014620460AF041F8013410
:10E0E000042CF2D138BD00BFD0510020084B1B7862
:10E0F00003B170472DE9F04F064E2DED028B3368CA
:10E100005C05A5B008D425B0BDEC028BBDE8F08F4E
:10E110000064002018600020D04C9FEDD17AD4F824
:10E120009833C31A07EE903AF8EEE77A0546F4EE14
:10E13000C77AF1EE10FA80F29F84CA4B1B78012B4C
:10E1400000F0B083C84B1B78002B51D0D4F8A83313
:10E15000C64AEB1A934200F27182DFF8589399F89D
:10E1600000A0BAF1000F40F02182DFF84C83D8F80C
:10E17000000009F007FEC0B201281BD90228BC4FDD
:10E1800040F0BC843B78002B40F02785D4F8B033B6
:10E19000EB1AB3F57A6F0DD30123D8F800003B706A
:10E1A00009F0E8FD0746D8F8000009F0E3FD7F0616
:10E1B00001F02986AF480268D2B199F80030002BEF
:10E1C00040F0F981AC4BD8F800001B681B791E3B6E
:10E1D000012B4FF0020141F28A863830E6F716FF34
:10E1E0000122002389F8002084F8BC33C4F8B85316
:10E1F00007F098FEA14B93F8009000F57A70B9F102
:10E20000010F1C9000F07B839D4B1B78002B00F0CE
:10E21000CA809C4F3B68002B00F0C5809A4AD4F816
:10E22000C433D2F80090A9EB0303632B40F2BB8008
:10E23000DFF888B2DFF88882DFF888A24120E6F7AD
:10E240004FF8BBF9023088FB0320DB17C3EBA000BB
:10E2500080B2E6F729F8BBF9003088FB0320DB1712
:10E26000C3EBA00080B2E6F71FF8BBF9043088FBCF
:10E270000320DB17C3EBA00080B2E6F715F89AF88D
:10E280000010386809F0A4FD94F8C88318F0010F55
:10E2900000F041847D4B1B689A0674D57C4BDFF8F7
:10E2A00028821B789B0741F1C48698F81430052B0F
:10E2B00034BF4FF0020B4FF0030B4720E6F710F886
:10E2C000D8F80000E5F7BCFFD8F80400E5F7B8FF80
:10E2D000B8F80E106F4B3868A3FB0131C1F347113A
:10E2E000029109F075FD9AF80030029959408AF8B8
:10E2F0000010F9F721FDE5F7A3FF98F814803868BE
:10E300004BEA88085FFA88F8414609F061FD9AF8FF
:10E310000010386888EA01018AF8001009F058FDF9
:10E3200094F8C883B8F1000F2DD1DFF8A0B14F20C9
:10E33000E5F7D6FFDBF80000E5F782FFDBF8040025
:10E34000E5F77EFF4046E5F77BFF3868012109F0DD
:10E350003FFD4F4A9AF8003092F80080386808F084
:10E360000108414683F001038AF8003009F030FDCE
:10E370009AF80010386888EA01018AF8001009F05C
:10E3800027FD94F8C883444BC4F8C49308F10108EE
:10E390005FFA88F8A3FB0823DB0803EB8303A8EBF1
:10E3A000430884F8C883DFF8289199F80030022BDD
:10E3B00000F078832E4EB378032B00F08883374B20
:10E3C0001B78002B39D0364E3368B3B307F0AAFD63
:10E3D000D4F8D4330290C31A44F61F6293422CD966
:10E3E00094F8DA33002B01F07F81013B84F8DA33B3
:10E3F00094F8DB73002F01F0AD80013F84F8DB73EC
:10E4000094F8DE33002B00F0A386013B84F8DE3362
:10E4100094F8E2C3BCF1000F00F0AD850CF1FF3CB5
:10E4200084F8E2C394F8E333002B01F02882013B27
:10E4300084F8E333029BC4F8D4331A4B1B7823B11E
:10E44000194B1B78980700F09380184B1B78002B12
:10E4500047D0174ED4F8202531783BE0B0D30020C8
:10E46000001B374A708C00207E8C00203F0D03007B
:10E47000A006002048870020448700207F8C0020D1
:10E480008C8C0020F48600208C190020D080002085
:10E49000B48300201F85EB51CDCCCCCC948C0020D4
:10E4A000988C0020118D0020648C0020088D0020A5
:10E4B000108D00204C8700204087002064640020DD
:10E4C00067666666F8860020B06000201C8B00201E
:10E4D00052B200204B4BB3FBF1F313449D4280F04A
:10E4E000BF81494B1B78002B3AD0484B1B78002B3F
:10E4F0003AD1474B1B78002B3FF405AE454FDFF870
:10E500003481DFF81891386809F03CFC00283FF4AA
:10E51000FAAD386809F02EFC98F800603E490546CF
:10E520000322484606F1FF3C3EB1386888F800C037
:10E5300009F028FC0028ECD1E5E51EF0CDF9042116
:10E54000484684F82B55E5F70BFC0028DBD0334810
:10E55000E5F72EFC98F80030184488F80000D2E760
:10E560002F4B1B78002BC4D12846E6F741FEC0E7AD
:10E57000DFF8C480F2F798FC98F80060002E40F0B5
:10E580006D84284F3B78002B40F0A484264BD4F8B0
:10E590001C2519781B4BB3FBF1F313449D42FFF488
:10E5A00054AFC4F81C55E8F7E9F94EE71F48026874
:10E5B000002A3FF41DAED4F8B83340F6B731EB1A59
:10E5C0008B427FF615AE94F8B433002B00F04284F2
:10E5D000013BDBB284F8B433002B00F0958212F8D3
:10E5E000011B94F8BC73026094F8BD331048CA193B
:10E5F0000133006884F8BC2384F8BD3309F0E8FBDC
:10E60000F4E500BFA08601004F8700207D87002031
:10E610009E8C0020A48C0020D9D80020D8D80020BF
:10E6200095870020128D0020628C002048870020F2
:10E6300040870020A88C0020138D0020C94BCA4AB7
:10E64000CA4F1B88CA49386892F809C0D4F8AC236D
:10E65000DFF860930533A1FB03134FF47A71821A3C
:10E6600001FB0CF1DB0800208A42A9F81E30A9F852
:10E67000143089F8020089F8040080F0B482BD4BA0
:10E68000BD491A689B68DFF830A3DFF8308381FB4F
:10E69000027081FB0371D217DB17C3EBA103C2EB3E
:10E6A000A002A9F82030A9F81C20F9F745FB8AFB45
:10E6B0000032C317C3EB621303F5FA73A9F81A30DB
:10E6C000F9F730FBAD4B00F5EA411A788AFB0037C9
:10E6D000C317C3EB671330317833A94F89F824305F
:10E6E0000912303089F8231089F82200930798F82E
:10E6F000149087F81A9040F16D82D8F80420A1494F
:10E70000D8F800B0A04BB8F80EE0104681FB000C22
:10E710001046D217C2EBAC524FEAEB7881FB0BC12B
:10E7200003FB020C0590C8EBA15198480CEB4C0C74
:10E730004FEA4C0C03FB01B380FB0C0803EB4303D3
:10E7400092485B00049380FB030306930EEBCE0E0E
:10E750008F4B4FEAEC704FEA8E0EA3FB0EE3C0EB3B
:10E76000A84ECDF808E00298089302EB8202894B8C
:10E7700001EB81014FFA8EFE02EB820203FB10C017
:10E780000EEB820201EB810E089902900498CDF8FD
:10E790001CE04FEA911E0699DFF824C287F807E0D3
:10E7A0004FEAE07892B20392C8EBA14203FB120257
:10E7B000029B0598BCF800C087F813C0B9F1040F9C
:10E7C0008AFB0339029B4FEAE373C3EB6913C8EB7F
:10E7D000A1418AFB02894FEAD0784FEADB700290B0
:10E7E000079887F80E8049B201EB80010398798180
:10E7F0004FEAE272C2EB69124FEA102B4FEA1E2970
:10E800000398CDF81090F873029887F810B04FEA8B
:10E8100023294FEA1C2C8CBF4FF033084FF03208ED
:10E8200078720498BA817B74387287F8129087F8EE
:10E8300014C087F81B80F9F77FFA8AFB0032C317F0
:10E84000C3EB621303F5FA73534A83F31003128880
:10E850007B75C3F30721B9753A77C4F8A8537CE4F4
:10E860004E4A94F82435C4F8205512F8038018F065
:10E87000010F40F0A68218F0020F40F00C8218F051
:10E88000040F40F0618218F0080F40F0C28194F844
:10E89000243531780133B3FBF1F201FB123384F8F4
:10E8A00024351EE63E4B1B68002B3FF44BACD4F8DE
:10E8B0009C333C4AEB1A93427FF744AC3A4F94F8AE
:10E8C000A0333A68C4F89C530133910784F8A0330D
:10E8D00001F1D58212F0340F41F0A88294F8A033F0
:10E8E000120701F1B28213F0070801F01582282BFC
:10E8F00001F0A3832D4B5E201B68984722E4DFF8CC
:10E90000C480D8F8000000283FF47EAC4FF0000A25
:10E910008DF868A009F036FAF8B1254FD8F8000054
:10E9200009F028FA83B27E2B00F0AC807A78002AB6
:10E930006BD194F8BF13002946D01B2B84F8BF235A
:10E940007DD00D2B00F08E80D8F8000087F8019064
:10E9500009F018FA0028E1D100201CAA1AA9E5F74D
:10E96000D9FC51E4DC830020B88300208C190020FE
:10E97000CDCCCCCC1884002067666666B4830020BA
:10E98000D88C00206BCA5F6B806967FF83DE1B43F6
:10E99000D34D621040420F00248B00200C8D0020CC
:10E9A000B083002047E80100D0800020D8800020FC
:10E9B000A0060020AC8C00201F85EB51B060002029
:10E9C000B6830020348700207D2B00F08D8094F8E2
:10E9D000C22322B180F02003DBB284F8C21394F882
:10E9E000BE23062A18D8B4F8C013D8F8000019447A
:10E9F000A4F8C013A118013281F8803284F8BE2334
:10EA000009F0C0F9002889D1A6E7D8F8000009F07C
:10EA1000B9F9002882D19FE7B4F8C02387F80190A4
:10EA20001344C3F3072252FA83F3FF2BA4F8C03335
:10EA3000EBD1D8F8000009F0A5F9AE488DE7D8F879
:10EA4000000009F09FF900287FF47EAFD8F800009D
:10EA50008DF8689087F8019009F094F900287FF408
:10EA60005DAF79E7D8F80000A4F8C02309F08AF96F
:10EA700000287FF453AF6FE7F0F7B0FBC4F898536A
:10EA8000FFF75BBBD8F800008DF868A084F8BEA340
:10EA900084F8BF9387F801A009F074F900287FF487
:10EAA0003DAF59E707F03EFA934B1B68C01A40F69A
:10EAB000B833984200F2C481DFF8848298F80430B9
:10EAC0003A2B01F05980002389F8003077E48B4B12
:10EAD000186809F04BF900283FF471AC02220023BA
:10EAE000B27089F800306AE4D8F8000084F8C29364
:10EAF00009F048F900287FF411AF2DE7E6F7ACFAEA
:10EB000001233B70FFF756BB94F8BC1394F8BD3358
:10EB10007B484A1C6CE57B4B1B88580601F1DB8166
:10EB2000990601F1D1825A0701F1458313F0020FD2
:10EB300014BF4FF0080B4FF0000B734A734B92F861
:10EB40000080DB7808F001080BB148F00208532080
:10EB5000E5F7C6FB6E4B1B8803EB8303580080B2BE
:10EB6000E5F7A2FB6B4B986880F3100080B2E5F7E5
:10EB70009BFBF2F7E9F9684BC0EB0020984201F3E8
:10EB8000A781664B83FB00230344C117C1EB6321BC
:10EB9000C9B23868029109F01BF99AF8003002995D
:10EBA00038684B404BEA080800218AF8003009F029
:10EBB0000FF93868414609F00BF99AF800103868E7
:10EBC00088EA01085FFA88F18AF8001009F000F974
:10EBD000FFF7A6BB2D23FB763FE6C4F8B05387F8BA
:10EBE00000A0FFF7E7BA4E4B3A681B78C4F8AC2395
:10EBF000013B012B41F2F4814A4B1B78013B012B75
:10EC00003FF63DAD1622012389F8022089F8043031
:10EC100035E5454A454B17681D93892203F8182CA2
:10EC200017F40068A3F117031C932CD1C24617F008
:10EC3000040941F0338217F0080141F023823C4B74
:10EC40000C225A7027229A701CA803331C930EF0D2
:10EC500041F949461CA80EF03DF91C9B5A1C1C9218
:10EC60001CA883F8008000210EF034F91CA80021B4
:10EC70000EF030F91C9B5A1C1C921CA883F800A0B3
:10EC8000E7F744FE03E62B4B1B6A13F4006341F0E5
:10EC900098829846CAE7254BDFF8A8901D931CAFD1
:10ECA00040F68942252123F8182C03F8161CA3F1FD
:10ECB0001502D9F800101C9238460EF0F3F8D9F876
:10ECC000041038460EF0EEF81B4BD9F808201B78DC
:10ECD00013F0020106D0194B83FB0213D117C1EBCD
:10ECE000631189B238460EF0F5F83846E7F70EFEA4
:10ECF000C5E500BF30D60020BCAE002024B80020FF
:10ED0000408700202684002024840020A88A002038
:10ED1000DC83002018840020FFFE0300030820800D
:10ED20009CCF0020B0CF0020D0800020BC8B0020E2
:10ED3000A48B0020B8830020B48300201F85EB51F2
:10ED400040B20020B0600020BC4BDFF82C931D9334
:10ED50001CAF40F68942262123F8182C03F8161C14
:10ED6000A3F11502B9F80E101C9238460EF0B2F855
:10ED7000B9F8101038460EF0ADF81C9B99F8141035
:10ED8000AF4A581C1C9019701188AE4BA3FB01317F
:10ED90003846C9080EF09EF8AB4B384619880EF07D
:10EDA00099F8AA4B1B78C3F34002D9071C9B48BFB4
:10EDB00042F00202591C1C9138461A70E7F7A6FD72
:10EDC00061E59E4BA24A1D9340F6894123F8181C29
:10EDD000D27A232103F8161C153B1C93002A01F05C
:10EDE0007E80F9F7D3FF1CAF014638460EF072F86B
:10EDF000DFF888923846B9F800100EF06BF8D9F8B1
:10EE000008309449DA1781FB0313C2EBA30399B2CC
:10EE100038460EF05FF81C9B0022591C1C911A709A
:10EE20001C9B591C1C911A701C9B591C1C911A701C
:10EE30001C9B591C1C9138461A70E7F767FD1AE5B0
:10EE4000B4F8CA3300220133A4F8CA3389F8002089
:10EE5000FFF7B5BAE6F710F9FFF7C8B994F81B65E4
:10EE60005EBBDFF81CB2DBF860306BB3DFF8E89113
:10EE7000DFF810A20EE001373E44EFF31183502279
:10EE800082F31288DBF86020964281F2B180DBB217
:10EE900083F311881BF80670701C39465844002211
:10EEA000E5F7D4F80028E6D099F80030002B01F0FF
:10EEB000A980012384F81B35DDE7674B1B78002B05
:10EEC00001F09B8294F81B6588F80060C4F81C551B
:10EED000FFF7BBBADFF8B0C1604B0093ACF13F0164
:10EEE0004FF0C809CDE91A1C0CF8409C5C4B5D4AF8
:10EEF0005D491CA811F026FCDDF8688008F10103CB
:10EF00001A9388F800601A9B2922591C1A911A70CA
:10EF10001A9BEA22591C1A911A701A9B5A1C1A92AF
:10EF20001CA883F800901AF0DDFA00F101091CA971
:10EF30001A984A461CF088FD1A9B31464B440C2611
:10EF40005A1C1A92013E19701A9BF9D15A1C1A9236
:10EF50001E701A9B0122591C1A911A701A9BA3EB5E
:10EF6000080388F800301AA8E7F7ECFC3E70C4F8F4
:10EF70001C55FFF76ABA3D4ADFF810E13548B2F98F
:10EF80000030DEF800E0CDF870E0B2F90410B2F91C
:10EF900002209FED376A84F88DC280FB03E8DB17FF
:10EFA000C3EBA80380FB019E1BB280FB0280C91744
:10EFB000D217C1EBAE0107EE903AA2EBA00307EE29
:10EFC000103A0BB206EE903AF8EEE77AB8EEC77A4E
:10EFD000F8EEE66A67EE867A27EE067A66EE866ACD
:10EFE0000027209721972297CDED1D7A8DED1E7A6F
:10EFF000CDED1F6A0DF1700EBEE80F001D4F94F8A5
:10F00000EA8384F88C82BC46ACE80F009EE80700D7
:10F0100041F6C8638CE8070008F1010041F6FE42A2
:10F02000052184F8EA03A4F88A22A4F88E32381F56
:10F0300084F8E2131C224FF6FF732BE0BC8B0020F8
:10F04000B6830020CDCCCCCC248B0020B483002010
:10F05000B883002067666666588C00201BB40020C9
:10F060007425050884220508582D050864640020CD
:10F0700035FA8E3C40D60020B06000201884002075
:10F08000148D0020296D0108188C00208C19002097
:10F0900010F8012B5A4082EA0212D2B2110981EA19
:10F0A000132343EA0223B84283EAC203F0D1B44FE8
:10F0B000A4F8883207F11C0117F8012B5A4082EAA4
:10F0C0000212D2B2100980EA132383EA022383EAF0
:10F0D000C20293B28F42A4F8883212B2ECD182F00D
:10F0E000270282EA0212D2B2110981EA132383EACB
:10F0F000022383EAC2020FFA82F9DFF89482A4F8AD
:10F100008892A4F8AC9204F28A2C04F2AA2EDCF8BD
:10F110000000DCF80410DCF80820DCF80C3047466E
:10F120000FC70CF1100CF445B846F0D1954FBCF860
:10F130000030A8F8003007F12408A4F8369417F836
:10F14000011F306808F044FEB845F8D1FFF76AB9EE
:10F150008D4B1B681922980684F8DE237FF558A989
:10F160008A4BDFF834821B78990740F1C08798F802
:10F170001430052B34BF4FF002094FF0030906F09D
:10F18000D1FEB8F81030D8F80820B8F80EA098F8DA
:10F1900014E08DF88C9003EB83035B00ADF88A30AC
:10F1A00002EB8202D8F800301E935200D8F80430E7
:10F1B000ADF888A04FF0000C4FF0FF311CAF8DF878
:10F1C0008DE01C9020921F93CDF874C02191BA4617
:10F1D000BAE80F00DFF8A8E1F146A9E80F009AE8C5
:10F1E0000F00A9E8070041F6FE62A9F80030A4F874
:10F1F0008A2294F8EA3384F88C32AEF10402104685
:10F20000591C059241F6C802A4F88E2284F88DC2DA
:10F21000814684F8EA13CDF810E01E224FF6FF7302
:10F2200001E019F8012B5A4082EA0212D2B2110908
:10F2300081EA132343EA0223CE4583EAC203F0D1D5
:10F240004F49A4F8883201F11E0011F8012B5A40F1
:10F2500082EA0212D2B24FEA121C8CEA132383EA2A
:10F26000022383EAC20293B28142A4F8883212B226
:10F27000EBD182F0180282EA0212D2B2110981EABD
:10F28000132383EA02234249039183EAC20213B2A1
:10F290000693A4F88832A4F8AE328B4604F28A2C86
:10F2A00004F2AA2ADCF80000DCF80410DCF80820DC
:10F2B000DCF80C30DE46AEE80F000CF1100CD44543
:10F2C000F346EFD1DCF80000CEF80000DFF8B4A080
:10F2D000069BA4F83834D3461BF8011F306808F0A9
:10F2E00077FD2C4B5B45F7D106F01CFED8F80830B3
:10F2F000D8F80010D8F80420099103EB83035B00D1
:10F30000079208930690F8F717FD804608EB8808E7
:10F31000E4F778FF069B1C934FEA48022092089B73
:10F320000999079A1F934FF0000BADF88A001D91C1
:10F330001E92CDF884B0ADF888B0BE46BEE80F008E
:10F34000DDF810C094F8EA8384F88DB2ACE80F00C1
:10F350009EE8070008F101038CE8070041F6FE4E25
:10F3600042F2C812A4F88E2284F8EA33059984F890
:10F370008C82A4F88AE21C224FF6FF7310E000BFD3
:10F3800040D60020C3D70020D0800020B4830020C6
:10F39000C4D70020E9D70020B060002011F8012B6D
:10F3A0005A4082EA0212D2B2100980EA132343EAD9
:10F3B0000223494583EAC203F0D1C548A4F8883244
:10F3C00000F11C0110F8012B5A4082EA0212D2B25D
:10F3D0004FEA121C8CEA132383EA022383EAC20257
:10F3E00093B28842A4F8883212B2EBD182F068025C
:10F3F00082EA0212D2B2110981EA132383EA0223BC
:10F4000083EAC20213B2DFF8DC820693A4F88832E2
:10F41000A4F8AC3204F28A2C04F2AA2BDCF8000027
:10F42000DCF80410DCF80820DCF80C30C646AEE846
:10F430000F000CF1100CDC45F046EFD1BCF80030A9
:10F44000AEF80030039B03F12308069BA4F8363482
:10F45000D3461BF8011F306808F0BAFCC345F8D149
:10F460009C4B94F8EAC384F88CC2D3E900210023B2
:10F470001E931D911C9297E80700049F84F88D321B
:10F4800087E8070040F6FE410CF1010043F2C81284
:10F49000A4F88A1284F8EA030599A4F88E220C23B2
:10F4A0004FF6FF7701E011F8013B7B4083EA03133D
:10F4B000DBB21A0982EA172242EA0322494582EAAC
:10F4C000C307F0D1824AA4F8887202F10C0112F845
:10F4D000013B7B4083EA0313DBB2180980EA172063
:10F4E00080EA032080EAC3039FB28A42A4F88872AC
:10F4F0001BB2ECD183F02703D4F89222DFF8E4E1C9
:10F50000D4F88A02D4F88E1283EA031CD4F8963217
:10F510005FFA8CFCAEE80F004FEA1C1888EA17234C
:10F5200083EA0C23039FB4F89A22AEF8002083EA02
:10F53000CC031BB2A4F888321337A4F89C32A4F889
:10F5400026341AF8011F306808F042FC5745F8D1FC
:10F55000FEF75EBF604A614B90781B6804930A23F4
:10F5600084F8DB33002840F0C68480468246834618
:10F5700003460246814603900746CDE90523F1F78D
:10F58000E3FC5749049B1C93C0EBC010400081FB77
:10F5900000310144039BADF87430C017059A069BF7
:10F5A000ADF87690C0EB61214FF0000CADF8808093
:10F5B000ADF88270ADF87820ADF87A30ADF87CB057
:10F5C000ADF87EA08DF885108DF884C00DF170081F
:10F5D000B8E80F00DFF8F8E094F8EA9384F88DC2F9
:10F5E00077460FC798E8030047F8040B42F2C83388
:10F5F00009F1010041F2FE62398084F88C9284F8AE
:10F60000EA03AEF10401A4F88A224FF6FF77A4F8CA
:10F610008E32162301E011F8013B7B4083EA03138D
:10F62000DBB21A0982EA172242EA03228E4582EAF5
:10F63000C307F0D12649A4F8887201F1160011F829
:10F64000013B7B4083EA0313DBB21A0982EA1722EB
:10F6500082EA032282EAC3039FB28142A4F888723D
:10F660001BB2ECD183F0F403D4F88A02D4F88E12E2
:10F67000D4F89222DFF86C8083EA031CD4F8963227
:10F680005FFA8CFCA8E80F004FEA1C1E8EEA1723D5
:10F6900083EA0C23D4F89A02D4F89E12D4F8A2225A
:10F6A00083EACC031BB2A8E80700A4F88832A4F8C8
:10F6B000A63204F21347A4F8303404F2314817F8A4
:10F6C000011F306808F084FBB845F8D1FEF798BEFA
:10F6D00040D600201C8B0020785100208C1900207F
:10F6E00003082080C4D700209B4B1B68192213F00D
:10F6F000080F49F6074148F6034784F8DA2318BF94
:10F700000F465A0744BF47F4005747F008079B06C7
:10F71000924B1B7844BF47F4804747F02007022BE9
:10F7200040F2D68464234FF0FF394FF000084FF0C9
:10F73000000CCDE91C77CDE921CCC7F30902ADF867
:10F740007E80ADF87CC0ADF882C0ADF88CC01E9252
:10F75000ADF880908DF88E300DF1700EBEE80F0080
:10F760007F4F84F88DC2BC46ACE80F009EE80F00C6
:10F77000ACE8070094F8EA832CF8023B41F6FE70EF
:10F780001B0C4FF4E47208F101018CF80030A4F86E
:10F790008A02A4F88E22381F84F88C821F2284F8F3
:10F7A000EA134FF6FF7301E010F8012B5A4082EA8A
:10F7B0000212D2B2110981EA132343EA02238742DB
:10F7C00083EAC203F0D16648A4F8883200F11F072B
:10F7D00010F8012B5A4082EA0212D2B2110981EAD2
:10F7E000132383EA022383EAC20293B2B842A4F845
:10F7F000883212B2ECD182F07C0282EA0212D2B2DA
:10F800004FEA121888EA132383EA022888EAC20220
:10F8100093B24FEA13295FFA82F8DFF85CE1A4F8AB
:10F82000883284F8B09284F8AF8204F28A2C04F211
:10F83000AA2ADCF80000DCF80410DCF80820DCF868
:10F840000C3077460FC70CF1100CD445BE46F0D1F2
:10F85000DCF800003860434F9CF804308EF8043028
:10F8600007F1270A84F8398484F83A9417F8011FBD
:10F87000306808F0ADFABA45F8D1FEF7B9BD364B9D
:10F880001B68052284F8E3239A0640F1CF83364BA8
:10F89000DFED367ADB8908EE903AF8EEE88A68EE1A
:10F8A000A78AF8F749FA08EE100AE4F7ABFC304BE8
:10F8B000304FD3ED047A9FED2D7AADF88000FDEE48
:10F8C000E77A642217EE903AB3F5FA6FA8BF4FF4C7
:10F8D000FA63B3F57A7FB8BF4FF47A73F8EEC87A5B
:10F8E000A3F57A7302FB03F3A7FB032367EE877A82
:10F8F0000021C3F38F131CAFCDED1D8ACDED1E7A11
:10F90000ADF882301C911F91BC46BCE80F00DFF8B7
:10F9100050E0DCF8009094F8EA8384F88C82F44696
:10F92000ACE80F00AEF1040A08F1010341F2FE4019
:10F93000002144F6C822CCF8009084F8EA33D0467F
:10F94000CDF810E0A4F88A0284F88D12A4F88E2273
:10F9500014234FF6FF7C13E0D0800020A58A0020FE
:10F9600040D60020C3D70020B06000200AD7233C37
:10F97000548A0020D34D6210C4D7002018F8013BF0
:10F9800083EA0C0383EA0313DBB21A0982EA1C221E
:10F9900042EA0322C64582EAC30CEFD18D4AA4F89D
:10F9A00088C202F1140112F8013B83EA0C0383EAD6
:10F9B0000313DBB2180980EA1C2080EA032080EAE6
:10F9C000C3031FFA83FC8A42A4F888C21BB2EAD19F
:10F9D0009946814BD4F88A02D4F88E12D4F8922238
:10F9E000DFF8F4E10393D4F896320595AEE80F0002
:10F9F00089F0140989EA0913DBB24FEA1319D4F824
:10FA00009E12D4F89A02B4F8A22289EA1C2CAEE81D
:10FA100003008CEA032C8CEAC30319B204F21349E5
:10FA200004F22F43AEF80020A4F88812A4F8A41220
:10FA3000CB46A4F82E141D461BF8011F306808F0B1
:10FA4000C7F95D45F8D1654B059D1B78DB0740F193
:10FA5000E182634B634A1B88D27803F02603002BB4
:10FA600015BF00230123D020C020002A14BF052188
:10FA7000042104221C9303238DF878308DF876003E
:10FA80008DF87710ADF8742097E80700049B03C346
:10FA900094F8EA131A704F1C0022C82340F6FE1097
:10FAA00084F88D22A4F88E3284F88C1284F8EA73DC
:10FAB000A4F88A0209224FF6FF7301E01AF8012B1D
:10FAC0005A4082EA0212D2B2110981EA132343EAB0
:10FAD0000223D04583EAC203F0D13E49A4F888321C
:10FAE00001F1090011F8012B5A4082EA0212D2B248
:10FAF000170987EA132383EA022383EAC20293B237
:10FB00008142A4F8883212B2ECD182F0320282EA49
:10FB10000217FFB24FEA171ED4F88A02D4F88E12E9
:10FB2000D4F89222DFF8B0C08EEA1323ACE80700C5
:10FB300083EA072383EAC70399B2039FB4F896E2E6
:10FB400094F89802ACF800E00A0ADBB28CF80200E4
:10FB5000A4F88812103784F89A2284F8993284F82D
:10FB6000242484F8233419F8011F306808F030F990
:10FB70004F45F8D1FEF75EBC98F802104046F2F708
:10FB800043FE00287EF49FAF174B186808F0FAF880
:10FB900000287EF40FAC154F98F8033094F8CC236E
:10FBA000039208EE103AFB780422BA70002B00F0A2
:10FBB000478497F804800E4ADFF838B008F101084E
:10FBC0005FFA88F303EB43035FFA88F802EB830ADA
:10FBD0001BE000BF40D60020C4D7002024840020B2
:10FBE00026840020A88A002024B80020A006002037
:10FBF000C0DC04083887002011F06CFA90B99AF83C
:10FC00000830FF2B0AF10C0A0CD05FFA88F3152B91
:10FC1000414658463B7108F10108EDD9162B04BF47
:10FC200000233B713A79DE4BDE4902914FF00C0B19
:10FC30000BFB023B01F1060ADBF8141005920846A3
:10FC4000049119F04FFCDBF818B08046584619F0C3
:10FC500049FC5FFA88F8029B059A0499844658FA91
:10FC600080F00830D87122F00F00987202F00F0275
:10FC70000CEBC8005A739873424603F10F005FFA09
:10FC80008CF304931BF0E0FE049B08F109001A4674
:10FC9000594650441BF0D8FE029AD37903F101086B
:10FCA000C3B1013B02F1070CDFF824E35CFA83FCEB
:10FCB0005046002310F8012F5A409300D10883EAE0
:10FCC000420301F0180153404EFA01F253408445BB
:10FCD000DBB2EFD108F80A3018EE100ADBF744FB6C
:10FCE00097F8038008F1FF385FFA88F887F80380F7
:10FCF000B8F1000F00F06B85039E029BA9499A782A
:10FD0000A94B186808F042F8032384F8CC63BB7051
:10FD100089F80030FEF753BBFF20E3F7A3FF00286C
:10FD200000F045820378FF2B00F0438290F9011028
:10FD3000DFF8A0B20220E5F7BDF99C4B9FED9C7A5D
:10FD4000D3ED007AF4EEC77AF1EE10FAB8BFF0EE18
:10FD5000477AFDEEE77A032017EE903A19B2E5F7FD
:10FD6000A9F99BF80930002B40F0D7813B689F062A
:10FD700040F19D81DFF84892D9F82030980400F1D5
:10FD80003C82DFF854825A0500F18882B8F81230BC
:10FD900094F8A02398F81410B3F5967F06D91707A6
:10FDA00004D442F20F719942A8BF194699F807305E
:10FDB000002B40F00482A1F1200307EE903A9FED62
:10FDC0007D7AF8EEE77AF6EE006A67EE877ABEEEA5
:10FDD000007AF5EEC07AF1EE10FA58BFB0EE667A0E
:10FDE00077EE877AFDEEE77A17EE903A19B20520A2
:10FDF000E5F760F9D9F82030D80400F1248294F8AE
:10FE0000A033FEF774BD8A2800F075818E287EF439
:10FE1000D1A999F80030002B7EF4C8AB664B674A35
:10FE20001A602D2384F8B433FEF7CCB9DFF8909133
:10FE3000D9F820301B0500F1B38194F8A03398075E
:10FE400000F08D813A68FEF74BBD5D4A126A90055D
:10FE50007EF549AD13F003087EF445AD594A0A23F7
:10FE6000B2F9041091FBF3F11420E5F723F94146B0
:10FE70001C20E5F71FF994F8A033FEF734BD504B72
:10FE80001B6A13F0700F3EF425ADDFF850914FF070
:10FE90002408A9F1480AF9EC017A9AED007A67EE94
:10FEA000877A4046FDEEE77A08F1010817EE903AAE
:10FEB000C3EB431103EB8103D90009B25FFA88F861
:10FEC000E5F7F8F8B8F1270FE5D13A68FEF702BD7B
:10FED000FF21FEF75EBE4FF0240BFEF72EBE3A4B1D
:10FEE0001CAF198838460CF0F5FFFEF781BF07F00C
:10FEF00039FFFEF775B93549D1ED007AFCEEE77AA6
:10FF0000012817EE903A9BB2039340F26D84D1ED35
:10FF1000017AFCEEE77A022817EE903A1FFA83F98D
:10FF200000F06482D1ED027AFCEEE77A032817EE46
:10FF3000903A9AB200F06C84D1ED037AFCEEE77A45
:10FF4000042817EE903A9BB200F05D84D1ED047A5C
:10FF5000FCEEE77A052817EE90CA1FFA8CFB00F03A
:10FF60004E84D1ED057AFCEEE77A062817EE90CAAA
:10FF70001FFA8CFA00F04084D1ED067AFCEEE77AA5
:10FF8000072817EE90CA1FFA8CF83FF4F6AAD1EDB5
:10FF9000077AFCEEE77A17EE901A8FB2FFF7EDBA08
:10FFA000ACDC0408C860002024B8002000870020D2
:10FFB00000000000E4380E3F48870020AC8C002091
:10FFC000B883002064640020DC830020548A002071
:10FFD0000007090EF8830020B06000207084002024
:10FFE0001022022389F8022089F80430FEF747BB6B
:10FFF000002294F81B65CBF86020DBB283F31188F4
:020000040803EF
:10000000FEF762BF51463A20E3F770FF84F81B0504
:10001000FEF731BFB64B1B8803F02603002B15BF3C
:100020000023012350204020032122E5DFEDB18A87
:1000300037E44FF0010BFEF740B9AF4BAF4A1F68F2
:10004000AF4BA2FB0727BF09A3FB07284FEA5818AD
:10005000A3FB08235B09C3EB0313A8EB830109028D
:10006000C8EB0818002309B21720A7EB880884F80A
:10007000A033E5F71FF80FFA88F11820E5F71AF812
:10008000FEF738BC9F4B1B6A13F400731DBF9E4BD9
:100090004AF0010A99881946FEF7D1BD994B1B6AAF
:1000A00013F4806340F095809946FEF7C4BD1A07AB
:1000B0007FF5A5AE954B93E803001CAB83E80300E6
:1000C0001846E5F70DF89AE64FF0140BFEF735BD2C
:1000D0008F4B5A7A002A40F0F7809B7A002B40F031
:1000E0009A8198464FF0FF396423FFF720BB4FF009
:1000F0000109FFF744B8874B1B6899067EF55AA89B
:1001000099F80030002B7EF451AA834B834A1A6081
:100110002D2384F8B433FEF755B8DFF8E891D9F809
:100120002030D90700F10C819BF80A30002B3FF4F6
:100130001DAED9F820309A0700F17481D9F820302B
:100140005B077FF513AEBBF80C30002B00F0398352
:10015000F8F728FE01B20420E4F7ACFF06E6D9F870
:10016000202051057FF56EAEF7F7E6FD6C4BD4F815
:100170009C134FF0640A99428CBF81464FF00009EE
:10018000102099FBFAF80FFA88F1E4F793FF0AFBC5
:10019000189109B22120E4F78DFF94F8A03351E6BD
:1001A000F7F7C0FD01463020E4F784FF45E601463D
:1001B000BEE54146BCE54FF00C0BFEF7BEBC09B2F4
:1001C00015E6F7F7AFFD4FF0040A5FFA80F8FEF787
:1001D0002EBDF7F7B1FD534A534B9042A8BF1046CE
:1001E00098424FF06409B8BF18464AF0020A90FBE3
:1001F000F9F01FFA80F9FEF71EBD4C4ADFF83C818A
:100200001278910740F10181B8F80E10484B4FF475
:10021000F367112007FB01F1B1FBF3F109B2E4F739
:1002200049FFB8F80E30642107FB03F3B3FBF1F389
:10023000B3FBF1F201FB123109B21920E4F73AFFE6
:10024000D9F820309FE5394B1A7800239107CDE982
:100250001A3300F1C08094F8A433012B00F0BB8066
:10026000B9F90030DFED336A07EE103AB9F9023020
:1002700007EE903AB8EEC77AF8EEE77A27EE267ADC
:1002800067EEA67ABDEEC77AFDEEE77A1CA88DED83
:100290001C7ACDED1D7AE4F723FFB0E5234B1B78E4
:1002A0009B0740F1B580D8F808A04FF0640B0120FF
:1002B0009AFBFBF739B2E4F7FDFE0BFB17A109B27D
:1002C0000920E4F7F7FE61E51B499A7A0B8803EBF6
:1002D00083034FEA43081FFA88F8002A40F0AC80F5
:1002E0004FF0FF39F8F75EFD43B2FFF720BA00BFC9
:1002F00026840020000000008C190020D34D6210DD
:1003000089888888B883002064640020B8DC0408E9
:10031000F8830020D080002048870020D88C00205F
:100320003F4B4C0000D43000002CCFFFB4830020A2
:10033000A08601000050C347DC830020B06000208D
:10034000DFF8E8A3DFF8C4839AF80020002A40F021
:1003500024821346110189B241EA0321C3F3032326
:10036000194309B20620A4F8A223E4F7A3FEB4F8C7
:10037000A21399F80800B8F800309AF8002001316B
:10038000012803F105034FF00A0CA4F8A213B3FBF4
:10039000FCF399F80B0099B200F0F58101EB8103B1
:1003A0001FFA83F810B10AB1B8FBF2F864233A20BF
:1003B000B8FBF3FA0FFA8AF1E4F77CFE642303FB3F
:1003C0001A8189B20A2305313B20B1FBF3F109B24E
:1003D000E4F770FEA8E6D8E9002301211AA8CDE9C8
:1003E0001A2384F8A413E4F77BFE08E5B846BA465E
:1003F000BB463B463A46FFF7C0B8C0493A20E3F750
:1004000075FD84F81B05FEF75DBD5B057FF5BEAC91
:100410004FF0000A49E7BA4B9046B3F900906423C5
:10042000FFF785B9B64A0A23116891FBF3F128203A
:1004300009B2E4F73FFE81E6B14BB3F9009051E712
:10044000B04BDFF8EC829A8993ED147AD3ED137AEE
:1004500093ED125AAC48AD4B029006EE102AB8EE5E
:10046000C66AA74AAA48166892681892C7EE066A32
:10047000D8F808201392B8F8102004961292A54ECE
:10048000B8F80E200F9298F81420B3F800A00A9242
:10049000A14BB6F90020119287EE867A0288D8F82F
:1004A00004C01092B3F90420D8F800E00992B3F91F
:1004B00002200892B3F90030984907934FEA6C4242
:1004C0004FEA6E46C5EE067ABCF1000F8EEAEE7377
:1004D00002F48042B8BFCCF1000CA3EBEE73BCFB7E
:1004E000F1F006F4804E024301FB10C8039EB3FBFB
:1004F000F1FC42F4005201FB1C33DFED895ADFF8B6
:1005000034B24EEA0C0C062092B21FFA8CF166EE61
:10051000A56A06F0F0060C9200FB03F30E9100FBB7
:1005200008F20499DFF8FC8119954FF47A70B3FB57
:10053000F0F39BB206F1100EFDEEE66A0D93B2FBEE
:10054000F0F293B20AFB01F127EE257A0B930AF140
:10055000050A91FBF0F306930A23BAFBF3F3179312
:100560005FFA8EF3059316EE903ABDEEC77A1BB292
:1005700067EEA57A169317EE103AFDEEE77A1BB2F6
:10058000159317EE903A08F8036C1BB2039E149370
:10059000059BB3425CD906EB46030BEB8303C246D3
:1005A0001D7F731E45EA06120AF8012B142B00F278
:1005B0000581DFE813F0DD00E200DF00DB00D90099
:1005C000D700D500D300D000CE00C5009900970019
:1005D00095009300030191008F008D008B001500A2
:1005E00016980BEB0502034692F81C21012A0CD940
:1005F000023AD0B2821C9044524602F8013B424576
:100600004FEA1323F9D101308244092D00F0B7805D
:100610000C2202FB06B203F09F03527F0AF101088D
:1006200013438AF800303046E4F7C8FC039B83424A
:1006300006460DD200EB40030BEB8303394A1B7FC8
:100640005B44A8EB020293F81C311344102B9FDD8E
:10065000344B0298199DDFF8E0A0A8EB0303DBB24E
:100660009A1DD2B242F04001C17102F1010EC2B135
:100670000AF101020533DFF8C48052FA83F3D4464D
:1006800000221CF8011F51408A00C80882EA41027A
:1006900000F018004A4048FA00F14A406345D2B2DF
:1006A000EFD118EE100A0EF80A20DAF75DFE7B791A
:1006B000002B7FF422AB1C4B1B6899067FF51DAB0A
:1006C000E4F770FC01237B71FFF717BB159888E7EF
:1006D000149886E7139884E7129882E7119880E7C8
:1006E00010987EE70F987CE70D9BA4F8D0330E9B03
:1006F000A4F8D233D4F8D00373E700BF296D010802
:100700001884002028840020C8600020DC8300209A
:10071000B6830020248B002064640020809698001B
:1007200000007A44D5600020D0800020CCAE0020AC
:10073000B0600020ACDC0408CE6000200007090E89
:100740000B9BA4F8D0330C9BA4F8D233D4F8D0037D
:1007500047E70A9845E7F7F7E5FA42E7099840E7DF
:1007600008983EE707983CE706983AE7189838E774
:10077000179836E7F7F7E0FA33E7049831E7DBB28A
:100780000AF101084DE718B112B1B3FBF2F399B2C7
:1007900009B23920E4F78EFCC6E4B4F8A203B8F835
:1007A0000030B0FBF2F14FF0640C02FB11010CFBC6
:1007B000032350008AB2B3FBF0F3CBE54FF0FF30D8
:1007C0000FE7164B996881F3100109B2C3E433684F
:1007D000134A180616787FF590AA4046E4F708FCFD
:1007E00087F80580FFF789BAB846BA46BB463B464C
:1007F0003A46B946FEF7C1BEB846FEF7BEBEB84699
:10080000BA46FEF7BABEB846BA46BB46FEF7B5BE14
:10081000B846BA46BB463B46FEF7AFBE188400203A
:100820003C8700205C4B1B681B0700D4704770B5E9
:1008300004465A48D8F76CF900286DD1584E594DE6
:10084000736805F22C5130469847002864D0B5F9FA
:100850002C3596F8AC1006EE903AB5F92E3507EE29
:10086000103AB5F93035504D07EE903AF8EEE66A99
:10087000B8EEC77AF8EEE77A0929C5ED006A85ED8A
:10088000017AC5ED027A51D02846EEF737FD474B85
:100890001B7823B3464B95ED005AB3F9082095ED2C
:1008A000016A95ED027A05EE902AB3F90A20B3F9B0
:1008B0000C3006EE902A07EE903AF8EEE55AF8EE84
:1008C000E66AF8EEE77A75EE655A76EE666A77EED6
:1008D000677AC5ED005AC5ED016AC5ED027A354B60
:1008E0001868B8B1344A201A904225D9334A34489E
:1008F00034490024951D1C6032F9023B30F9024B4B
:10090000234403EBD3735B10AA4221F8023BF3D1DB
:1009100010F0A4FB2C4A04E02C4B01221A704FF477
:100920007A722B4B1B681B681A6170BD06F1B0010F
:100930002846EEF73BFDAAE7002007F097FA1A4A8F
:100940001E491F4B02F10C0031F9024BF2EC017A07
:1009500007EE104AB8EEC77AFDEEE76AF4EEC77A02
:10096000F1EE10FA44BF16EE904A21F8024CB3F9AA
:10097000004007EE104AB8EEC77AFDEEE76AF4EEE3
:10098000C77AF1EE10FAC4BF16EE904A1C8090426E
:1009900003F10203D8D1BDE7D08000200836002043
:1009A000FC350020B0D3002038970020E8B40020A8
:1009B00008B3002020B300207FC3C90124B3002066
:1009C0002CB3002010B30020A0860100528B002021
:1009D000948000208F4B1B685B0700D470472DE983
:1009E000F04FDFF864928C4F99F80030BE79372BC6
:1009F00008BF8A4B83B00446894808BF1E60D8F7F9
:100A000087F8002840F0B380BB79DFF81482042B0C
:100A100000F2F580DFE803F068847B8E0300D8F8ED
:100A2000983040469847002800F09B807D4DDFF8C5
:100A30001CA2D8F89C3005F2345105F5A760984700
:100A4000D5F838B5D5F83425BAF80030C8E9282BE0
:100A5000002B40F0948007EE90BA9FED730ADFED13
:100A6000730A0192F8EEE77A27EE800A19F0C0FCCB
:100A700005F23C53F7EE007A77EEC07A9FED6C7A80
:100A800093ED000A97EE870A19F030FC019AC8F836
:100A9000A80098F87C1099F80030002914BF0221B2
:100AA0000521372BB97105D15C49D8F8A830CB6046
:100AB000C1E9012BB8F87E9005F034FA05EB860603
:100AC000BA79D6F84835001B984205EB8205594B98
:100AD00088BFC6F84805D5F848251A60B9F1000F57
:100AE00034D103B0BDE8F08FD8F88830404698473D
:100AF000002836D00123BB714FF47A79B8F87E30E4
:100B00004B4521D04C4B474D01221A70D4E7D8F801
:100B10009030404698470323B8F88090BB71EDE7CA
:100B2000D8F88C3040469847D8B10223BB714FF4B7
:100B30007A79E3E7D8F894304046984788B104239F
:100B4000BB714FF47A79D9E7364DB5E74B460A2B9E
:100B5000B8BF0A23394A12681268136103B0BDE8AE
:100B6000F08F374B01221A704FF47A79C6E7324979
:100B7000334A01230B7013704FF47A73EAE7B5F828
:100B80004015481C8B42A5F840050FD907EE90BAD6
:100B900005F2445393ED007AF8EEE77A77EE877A20
:100BA000C3ED007A0023C8F8A83072E707EE903A48
:100BB00005F24451D1ED006A9FED1B7ADFED1B0A6F
:100BC0000192F8EEE77A86EEA70A20EE070A19F0FE
:100BD0000FFCF7EE007A77EEC07A9FED157A19498F
:100BE000019A67EE877A05F23C530120C3ED007A43
:100BF00000230870A5F84035AAF80030D2E7D8F8ED
:100C00008430084D404698470023B8F87E90BB7169
:100C100052E700BFD0800020A00600209060002096
:100C200050350020B0D3002008942537B1DC423E77
:100C3000D048874A70900020528B0020948000207A
:100C4000538B0020A5D000208C6000205ECA0020BD
:100C500010B50A4C2378022B03D0012B08D00020BA
:100C600010BDDFF7E9FE0028FAD12378012BF6D179
:100C7000034B1868003818BF012010BD6092002097
:100C80007492002008B50C4B197801290BD0022969
:100C90000DD041B105F046F9084B00F5F42000F500
:100CA0009070186008BD002007F06CFAF2E7002091
:100CB00007F0DCF8EEE700BF62CA002064CA00203B
:100CC00010B50446204607F051F800B110BD0A20C7
:100CD00006F0E4FFF6E70A4B70B5002203F5047452
:100CE0000C2505FB02F10E59B04203D00132092A4E
:100CF000F7D170BD00220B44C262C3E98422F8E739
:100D0000B0D3002038B1036813EA020003D01942BF
:100D100014BF01200020704738B1036813EA0100B6
:100D200003D08B420CBF01200220704770B50C4CE1
:100D300000230C25092BDAB203D10A4B00201A70CC
:100D40000AE05E1C6B4319191B5901321842D2B2DA
:100D500003D0044B08461A7070BD3346EAE700BF63
:100D600090630020A4D0002010B5094A002311464A
:100D700092F90840844206D00133092B02F10C029B
:100D8000F6D1002010BD0C2000FB0310FAE700BFD5
:100D9000C0D5002008B50D4A1378FD2B10D0FE2BCE
:100DA0000CD1537801209840FFF7C0FF30B190F983
:100DB0000400FFF7D9FF08B1006808BD002008BD96
:100DC00092F90100FFF7D0FFF5E700BFB0D3002094
:100DD00010B50446FFF7DEFF20B11CB1214600220A
:100DE000D9F754FF10BD2DE9F04F85B005460391AA
:100DF00017469846FFF7B8FFDDF838909DF83CA0FD
:100E00009DF840B0064620B90024204605B0BDE854
:100E1000F08F4468002CF7D11E2D61D05BDC042DCF
:100E20001DDC002DF1DB5B4652464946E8B217F067
:100E30002FFA04460028E7D0012280F8B0210022D2
:100E4000C0E90722C0E90922C0E90B7880F804A0B4
:100E5000C0F8089080F805B015F076FF35E0142D45
:100E6000D3D11B2007F010F808B12923C3801C2020
:100E700007F00AF808B12923C380244CDAF734FEBE
:100E8000D4F88C3213B10023C4F88C320123204FE4
:100E900084F874320023C4F888722370D8F788F875
:100EA0001C4B1D4A1978A7F13803012918BF1346B6
:100EB0001C37C4F88C32C4F89472184CD8F752F826
:100EC000174BC4F8603504F5AC64039B84F83850C4
:100ED000C6E9004399E71F2D0ED0282DA3D094E733
:100EE0002046CDE900AB4B4642463946F7F7A6FD12
:100EF0000446002CE9D187E7CDE900AB4B464246DA
:100F000039460120F7F79AFD0446F2E7E016002083
:100F1000E00600209C22002078000020B0D30020B2
:100F2000D4DD040838B5094C251D14F8010BFF2841
:100F300003D0F6F7F7FF014610B9AC42F5D1002116
:100F4000BDE838401520F8F79DBE00BFD051002005
:100F500016280CD8074B00EB400003EB800090F8FC
:100F6000580128B10123013803FA00F0704700202E
:100F7000704700BFACDC040810B5002007F0C4F8CF
:100F8000074B084A00241C701470FFF77BFE064BC9
:100F9000C3F8B445A3F8B845C3F8BC4510BD00BFBD
:100FA00062CA0020D08A0020B0D3002000283BD0A5
:100FB00038B51E4DD5F8C0359B03044603D51C4BF0
:100FC0001B78032B2BD00B20F7F71EF8034630BB02
:100FD00001229442174908D00133172B03EB430237
:100FE0001CD011F822209442F6D1D5F8BC15C9B115
:100FF000114A497803EB430002EB8002580092F853
:1010000059218A420AD20B4A034402EB830300228D
:10101000C5F8BC35A5F8B825C5F8B42538BDBDE878
:101020003840A9E75800EEE7A6E700BFB0D300209C
:10103000A58A002004DE0408ACDC04082DE9F8438E
:1010400005460A20F6F7E0FF002868D00A20FFF7DF
:10105000ADFF754CD4F8BC65CEB1D4F8B435AB4215
:1010600063D8DFF8008298F8003093B17368B4F861
:10107000B875DB5D002B40F09080002342F21072C7
:10108000013702FB0355A4F8B875C4F8B455BDE8A0
:10109000F883664B1B7813F0010312D1644A117870
:1010A000002900F08980634A02E0994240F384807D
:1010B000F2EC017AF5EE407AF1EE10FA03F1010359
:1010C000F3D0B4F8B8757368DB5D002BD5D03378F6
:1010D000D4F8C025013B4FF0010909FA03F313428C
:1010E00000F09680544B01221A70FFF7CBFD6FB9C8
:1010F00033785A1F012A01D9162B07D104F012FFA9
:101100004E4BD4F8BC65B4F8B87518607368DB5DF5
:10111000FE2B72D10023A4F8B835BDE8F883484B04
:101120001B681C0606D4404C94E7464B01221A70FB
:10113000BDE8F8831020F6F767FF3B4C002889D004
:10114000D4F8C035D80585D43F4B1B78990781D595
:101150003E4B187D04287FF67DAF3D4B40F60522BF
:101160001A809C461A46052702230A2606E0023307
:10117000402B9770D67002F1020253D0C3F34601A0
:101180008842F4D8591E32200CF80100FF220E20AC
:101190000CF80320FFF70AFF5CE7002006F0B4FF1D
:1011A000254A0023137088F80030FFF76BFDD4F850
:1011B000BC65B4F8B875A9E733780A2B23D0022BA5
:1011C0007FF47FAFD4F8C8359B073FF57AAF214B4A
:1011D000214A1B68EB1A93427FF673AF1F4B1B68C3
:1011E000002B7FF46EAF1E4894F8C4250560FF20E5
:1011F00008F02AFAD4F8BC6563E7FF2B7FF43EAF12
:10120000BDE8F843B8E6D4F8C8359A05DFD558E705
:10121000484606F079FFB4F8B875D4F8BC6588F88C
:1012200000905FE73F21AEE7B0D300202484002088
:10123000004000207C60002062CA0020CC92002088
:1012400018600020538B0020B4830020B060002081
:1012500078CA00203CCA0020804F12006CCA0020CF
:1012600068CA0020D08A002042000B49402A70B48E
:1012700028BF40224E1E002302251424CD540233E1
:101280009342F454FAD3002808BF0222FF238B5460
:101290000E2070BC8AE600BF78CA002010B5064C4C
:1012A000238823EA00009842208003D00120FFF722
:1012B000DBFF2388184610BD2684002010B5064C9D
:1012C000238818439842208003D00120FFF7CCFFE9
:1012D0002388184610BD00BF26840020024A1368E8
:1012E00023EA00001060704718870020024A136844
:1012F00018431060704700BF188700202DE9F04F99
:101300002DED028B99B0B1F90880A2F80880B8F1F0
:10131000820F00AF0C46924605461E4647DCB8F1E8
:10132000530F5DDC4246013A92B2372A00F24D84F7
:1013300008F1FF33372B00F2A580DFE813F0E80057
:10134000FF0007011F01E301A300A300A300A30006
:10135000A300A300A300A300A300A300A300A30075
:10136000A300A300A300A300A300A300A300A30065
:10137000A300A300A300A300A300A3000002A300F6
:10138000A300A3004702A300A300A3004F02A300F1
:10139000A300A300A300A300A300A300A300A30035
:1013A000A300A300A300A300A300A3007602B8F14A
:1013B000B80F00F02B84B8F1FE0F46D1BA4C04F1FF
:1013C000200554F8041F50460BF06CFDA54260D078
:1013D00054F8041F50460BF065FDA542F1D158E0CA
:1013E000A8F154032E2B4DD8DFE813F053024C0024
:1013F0004C004C004C004C004C004C004C004C008D
:101400004C004C004C004C004C004C004C004C007C
:101410004C004C004C004C004C004C004C004C006C
:1014200063024C004C004C004C004C004C004C0043
:101430004C004C004C004C004C0090024C004C0006
:101440004C004C00BC0200035600B8F1A00F42F063
:101450001583964B104619680BF024FD944B5046AB
:1014600019680BF01FFD934B504619680BF01AFDDD
:10147000012080466437AAF80A80BD46BDEC028B85
:10148000BDE8F08F51464046FBF7C2F9002800F056
:101490001E8301208046EDE7DAF80030864A874C4B
:1014A0001178874A874D581CCAF800001970918935
:1014B00050460BF00FFD23888349DAF800200533EE
:1014C000A1FB0313DB08FF2BA8BFFF23511CCAF8A5
:1014D00000101370A96881F3100189B250460BF017
:1014E000F9FC296801F30F0189B250460BF0F2FCB8
:1014F000DAF80030754A591C1278CAF800101A70D0
:10150000504621880BF0E6FC01208046B2E7DAF86D
:1015100000300022591CCAF800101A70DAF80030A6
:101520000B22591CCAF800101A70DAF80030022297
:10153000591CCAF8001001201A709BE750466449F4
:1015400004220BF07FFC0120804693E7DAF800309C
:101550000422591CCAF800101A70DAF8003003226D
:10156000591CCAF800101A70DAF800300022591C11
:101570000120CAF8001080461A707BE70422554902
:1015800050460BF05FFC002150460BF0A3FCDAF84C
:1015900000300022591CCAF800101A700AF0D7FB5C
:1015A0004D4B197800280CBF17223722032900F071
:1015B0004383DAF800304949581CCAF800001A7011
:1015C000DAF800300922581CCAF800001A70504698
:1015D0000BF038FC424817F085FFDAF8003040493C
:1015E0000246581CCAF800001A7050460BF018FC4E
:1015F0003C4817F077FFDAF800303A490246581CA9
:10160000CAF800001A7050460BF00AFC364817F072
:1016100069FFDAF8003034490246581CCAF8000065
:101620001A7050460BF0FCFB3049202250460BF05C
:1016300009FCDAF800302E492E4A5C1C0F20CAF84B
:1016400000401870DAF80030897B581CCAF8000096
:101650001970118850460BF03DFC274A274BB2F910
:101660000A109B78B1FA81F1032B4FEA511104D98A
:10167000053B032B88BF41F0020150460BF012FCE2
:10168000DAF800301E4A581C92F8FC15CAF800001F
:101690001970DAF8003092F8FD25591C0120CAF8BB
:1016A000001080461A70E5E68C6000209075FF1FE0
:1016B0009475FF1F9875FF1FCCAE0020DC830020BF
:1016C000F883002018840020CDCCCCCCA58A002043
:1016D000642D05081BB4002078510020A8250508BA
:1016E00070D100207CD9002088D100208CD9002026
:1016F00014B40020044000208064002064540020C2
:10170000B0D30020C1490B2250460BF09BFBC049CF
:10171000082250460BF096FBBE49072250460BF0BC
:1017200091FBDAF80030BC49581C0E22CAF80000C0
:1017300050461A700BF074FB012080469AE6B74CB5
:10174000B7496288DAF800300532A1FB0202C2F321
:10175000C702581CCAF800001A702288DAF8003054
:101760000532A1FB0202C2F3C702581CCAF80000EE
:101770001A70A388DAF800200533A1FB0313C3F322
:10178000C703511CCAF800101370A18950460BF012
:10179000A1FBDAF80030627A591CCAF800101A70FE
:1017A000DAF80030A27A591CCAF800101A70618861
:1017B00050460BF08FFB218850460BF08BFB5046B8
:1017C000A1880BF087FB0120804653E6954B5046DD
:1017D00019680BF067FB012080464BE6DAF8003011
:1017E000914D01245A1CCAF800201C70DAF8003010
:1017F00006221919CAF800101A70DAF800300A2205
:101800001919CAF800101A70DAF800301A19CAF853
:1018100000201C70298850460BF05CFB50466988FC
:101820000BF058FBA046204624E6DAF800207F4B58
:101830000120511CCAF800101070DAF800200521B0
:101840001418CAF800401170DAF800200A211418A0
:10185000CAF800401170DAF8002000211418CAF804
:1018600000401170DAF8002019781418CAF8004006
:101870001170DAF8002059781418CAF80040117075
:10188000DAF800209B781118CAF80010804613700F
:10189000F0E5DAF800300022591CCAF800101A707E
:1018A000DAF8003001201918CAF8001080461A70C2
:1018B000E0E55F4C5A492388DAF800205D4D053396
:1018C000A1FB0313DB08FF2B02F10101A8BFFF23DB
:1018D000CAF800101370A96881F3100189B250464C
:1018E0000BF0F8FAEFF730FB014650460BF0F2FA36
:1018F000296801F30F0189B250460BF0EBFA50460C
:1019000021880BF0E7FA01208046B3E54A4CDAF86B
:1019100000302278591CCAF800101A70DAF800302A
:101920006278591CCAF800101A70618850460BF092
:10193000D1FAA18850460BF0CDFAE18850460BF061
:10194000C9FADAF80030227A591CCAF800101A7065
:10195000DAF80030627A591C0120CAF8001080467B
:101960001A7087E5354B1E78023616F0FF063FF4F5
:1019700090AD334DDFF8A880DFF8CCB0DFF8CC9025
:101980006B1E1E440A241BE0322C00F07381A4F16C
:101990003C00C0B2132840F27481DAF80020531CD6
:1019A000CAF8003000231470DAF80020AE4202F1C9
:1019B0000101CAF8001013703FF46BAD15F8014B2C
:1019C0000A2CE1D1B9F80020531DA8FB0313DB0852
:1019D000DAF8001040F6FA1001F1010C8242CAF860
:1019E00000C00C7040F25D81FF23DDE7134B1D78D2
:1019F000023515F0FF053FF44CADDFF85490114E61
:101A000009F1FF331D444FF00A0842E0C8250508DC
:101A1000BC250508B425050874250508F8830020B1
:101A2000CDCCCCCCB4D10020BCC700201CC8002039
:101A3000DC830020188400204C830020004000201C
:101A4000D53005083CC80020F4C7002010C800208D
:101A5000D5300508B8F1320F00F0F880A8F13C004D
:101A6000C0B2132840F21F8100242146DAF800306A
:101A70005A1CCAF80020504683F800800BF02AFA5E
:101A8000214650460BF026FAA9453FF402AD19F85D
:101A9000018BB8F10A0FDDD1924A934B9468197803
:101AA000106804EB840421294FEA440400F0078104
:101AB0004FF6FF718C42A8BF0C468142A8BF014679
:101AC00024EAE47421EAE171A4B289B2CEE7B8F164
:101AD000770F01F0E7837FDDB8F1E60F41F01C8757
:101AE000D4E900239342FA6100F0AC80DAE90060A7
:101AF000A0EB060808F1FF38B8F1000FFB623B636A
:101B00005DDD07F13C0B07F12C09002208EE10BA4D
:101B1000FB69CB46A946154604E0B8F1000F20DD6D
:101B2000DAF80400591C21601B78DAF80060BB86E3
:101B300059460023386418EE102A4846FE63FFF722
:101B4000DDFBDAF80010FB6B5B1A013303F0FF03D7
:101B5000B8EB0308D4E900315CBF0135EDB299421E
:101B6000DBD1FA692260DAE9006329463B644D461D
:101B700029B3C7F818A0A94618EE102A4FF000089C
:101B80008A46254600E0FE6BFA61741C4FF00003A4
:101B9000FC6333702B68581C28601B78BB86594641
:101BA00000234846FFF7AAFBFB6BFA6908F101081E
:101BB0001C1BC2453470E6D1D7F818A0FE6BCAF8DA
:101BC00000604FF00108404654E451464046FAF7A1
:101BD0001FFE00287FF45DACB8F1440F01F0738361
:101BE000B8F1740F40F08880D4E900329A421CBFEB
:101BF0005A1C2260504618BF19783C4A08BF002181
:101C00004FF00108FAF768FD404633E4384C1046BF
:101C1000D4F8C0150BF046F9DAF8003094F8C42572
:101C2000591CCAF800101A705046D4F8C8150BF0A9
:101C300039F9012080461DE45B780D2B08BF42F086
:101C40004002B6E44FF0FF38404613E4D6E90014F2
:101C500004EB84044FF6FF7364009C42A8BF1C464B
:101C60009942A8BF194624EAE47421EAE171A4B2BA
:101C700089B2FBE6BBF80020531DA8FB0313DB0869
:101C8000A6E6E1F7EFFF00283FF487AE03780A2BC2
:101C900041F20183DAF80020531CCAF80030002317
:101CA0001470DBB280E6E1F7DDFF00283FF4DCAE24
:101CB00003780A2B3FF6D8AED0E90141C8E74FF6CA
:101CC000FF739C42A8BF1C4683420A49D2688A60BF
:101CD000A8BF034624EAE47423EAE373C860A4B20D
:101CE00099B2C3E624C800208C600020116D020860
:101CF000B0D3002090600020B8F1470F01F00C83B2
:101D0000B8F1290F266801F03C84B8F1390F01F0D1
:101D10008684B8F1210F01F04584D4F80490B8F11D
:101D2000FA0FA9EB060301F38D84B8F10A0F41F312
:101D30000685A8F10B08B8F1EF0F00F24181DFE84A
:101D400018F055093F013F013F013F013F013F01AD
:101D50003F013F013F013F013F013F013F013F0183
:101D60003F013F013F013F013F013F013F013F0173
:101D70003F012A093F0120093F010C093F013F01B2
:101D80003F01D9083F0171063F0158063F0109068E
:101D90003F01F2053F01A1053F0144053F013F011D
:101DA0003F013F0135053F012B053F013F011E0566
:101DB0003F013F013F013F013F013F0110053F014E
:101DC0003F013F01EF043F01C7043F013F01AA0467
:101DD0003F013F013F013F013F013F013F013F0103
:101DE0003F019B043F0129043F0181033F014E084D
:101DF0003F0133083F013F013F013F013F013F01E8
:101E00003F013F013F013F013F013F013F013F01D2
:101E10003F013F013F013F013F013F013F013F01C2
:101E20003F013F013F013F013F013F013F013F01B2
:101E30003F013F013F013F013F013F013F013F01A2
:101E40003F013F013F013F013F01EE073F01BD0759
:101E50003F0153073F010D073F01C4063F013F010A
:101E60003F013F013F013F013F013F013F013F0172
:101E70003F013F013F013F013F013F013F013F0162
:101E80003F01A6063F01B5083F013F013F013F0169
:101E90003F013F013F013F013F0191083F014B02DC
:101EA00034023F013F013F013F0121023F01100287
:101EB0003F01FF013F013F013F013F01D3014401C9
:101EC00013013F01A1017A0196013F013F013F014A
:101ED0008401CB0172013F01F0003F01830A3F0101
:101EE0006D0A620A4E0A3D0AD009AC093F016B092E
:101EF00059033F013F013F013F013F013F013F01C6
:101F00003F013F013F013F013F014A033F013F01C4
:101F10003F013F013F013F012F033F01CC02AF02D0
:101F20006A02CC4ACC4E002500E0013511788D4282
:101F3000204680F285800AF061FFC84BC54A1968C7
:101F400091F826E08046BEF1000FEED0096AE8B2B3
:101F50008847C04AA8F57A710028E6D0B1F57A7FA3
:101F600098BF26F81510E0E7BD4E002335682046DF
:101F700003F101090AF042FF05EBC9023568508000
:101F800020460AF03BFF4FEAC90805EB0802356816
:101F9000908020460AF032FF05EB08023568D080B9
:101FA00020460AF02BFF45444B46032B2881DDD108
:101FB00030684FF00108F2F72BFC4046FFF75ABAA1
:101FC0004FF0FF384046FFF755BA731C2360337853
:101FD000002B01F00484E5F79FFD2368A14D5A1CF6
:101FE00022601B782B7520460AF0F0FE034620463F
:101FF0002B600AF0EBFE034620466B600AF0FEFE03
:102000006422034602FB03F32046AB600AF0F6FEAF
:10201000954AE88113784FF0010843F002031370EA
:102020004046FFF727BA112B01F040844FF0FF38EC
:102030004046FFF71FBA8D4B1B78DD0741F16485E1
:102040004FF001084046FFF715BA731C236096F95C
:1020500000303078002BC1F26185062828BF0020AF
:102060004FF001080AF026F84046FFF703BA7F4B0D
:102070001B78DC07E4D44FF00108EDF71BF940466C
:10208000FFF7F8B9DFF81482721CD8F8003022602C
:1020900032785A7200252368D8F8006019465A1C15
:1020A0002260721911F8020B9072216059789173B5
:1020B000D91C21609B78937420460AF09FFE06EBA2
:1020C00045060135032D7083E5D14FF00108F5F782
:1020D00055FE4046FFF7CEB920464FF001080AF002
:1020E0008DFE4046FFF7C6B9C3F34705122D9DD8B4
:1020F000002607F13C0804E00AF080FE28F81600EC
:102100000136AE422046F7DB594B2A4618460021DD
:1021100007F13C0404E034F8116020F8026B01314F
:10212000A942F8DB002102E023F812100132122A42
:10213000FAD1504A0123984613701846FFF79AB90E
:10214000731C23603578032D3FF670AF20460AF0EC
:1021500055FE414B4FF0010823F815004046FFF7AC
:1021600089B9731C23603578072D3FF65FAF204691
:102170000AF044FE404B4FF0010823F8150040469A
:10218000FFF778B9731C236035781C2D3FF64EAFEE
:1021900020460AF033FE394B03EB45034FF00108AC
:1021A000A3F8DC004046FFF765B9731C344923608F
:1021B0000A783378002A41F0D38204220A70314A27
:1021C0009B00138003F0AEFE2F4B4FF00108C3F8C5
:1021D00004084046FFF74EB920460AF0F7FDD4E95F
:1021E0000063294D9A1B002AC5F8C00505DD721C45
:1021F0002260327885F8C42526689B1B032B7FF765
:102200001FAF20460AF0E2FD4FF00108C5F8C805EF
:102210004046FFF72FB9154B1B78D8073FF506AF9F
:102220001A4B1B491B681B4A4FF0010881F80080BC
:10223000990182F8008001F12D83174B02224FF0A3
:1022400001089A730EF0E8FD0AF006FB4046FFF71E
:1022500011B900BF00400020ECD000209C540020A9
:1022600020870020B0600020679000202484002098
:10227000E8AD00200CAE002024B9002050940020CE
:102280009D99002028B00020B0D3002018600020C5
:10229000528B0020538B002014B400202487002090
:1022A000B64B93F80A38002B7FF4C0AE30687168E3
:1022B000B268F36807F13C040FC430697169B26910
:1022C000F3694FF001080FC407F13C0003F0DEFB97
:1022D00003F0A6FC4046FFF7CDB8A84D95F80838A6
:1022E000002B7FF4A3AE06F10108C4F80080367815
:1022F00007F13C0B142E32464146A8BF1422584623
:1023000019F0A2FB142E01F29B82236807F16002F0
:10231000164403F10108002206F8242CC4F80080BA
:102320001E7807F12C090C2E32464146A8BF0C221C
:10233000484619F089FB0C2E01F27C82236807F1D4
:102340006002164403F10108002206F8342CC4F898
:1023500000801E78042E32464146A8BF042207F1B1
:10236000240019F071FB042E01F25E8207F1600374
:102370001E445846002306F83C3C03F0B9FB48468F
:1023800003F09EFB07F1240003F0CAFB95F809381F
:10239000002B41F045824FF001084046FFF76AB834
:1023A00020460AF013FD034620461C460AF026FD8F
:1023B000734B74491E68024600234FF47A75C5FBBF
:1023C0000423921B63F100034FF00108C1E90023CD
:1023D0004046FFF74FB820460AF010FD6A4D03460D
:1023E0002046EB810AF00AFD4FF00108A881404623
:1023F000FFF740B820460AF001FD644D0346204631
:102400002B810AF0FBFC034620466B810AF0F6FCA8
:1024100003462046AB810AF0F1FC03462046EB82DE
:102420000AF0ECFC034620462B830AF0E7FC034647
:1024300020466B830AF0E2FC4FF00108E881404639
:10244000FFF718B8524D3346721CD5F80080226051
:1024500013F8022B88F82A202360737888F82C3030
:10246000F31C2360B37888F82D3020460AF0C6FCB0
:10247000A8F8360020462E680AF0C0FC30872046B7
:102480002E680AF0BBFC236870871A46591C2E6818
:10249000216012F8021B86F82E1022605A7886F806
:1024A0002F20DA1C22609A7886F830201A1D2260CC
:1024B000DA7886F831205A1D22601A7986F832209F
:1024C0009A1D22605A7986F83320DA1D22609A79A3
:1024D00086F8342003F108022260DA79A6F84A204F
:1024E00003F1090222601B7AA6F84C3020460AF05C
:1024F00085FCA6F84E0020462E680AF07FFCA6F860
:10250000500020462E680AF079FC2368A6F8520095
:102510005A1C2E6822601B7886F8543020460AF038
:102520006DFCA6F8560020462E680AF067FC22686B
:10253000A6F858001346501C2968206013F8020BB7
:1025400081F85A002360537881F85B30D31C2360F4
:10255000937881F85C30131D2360D37881F8603064
:10256000531D2360137981F8613008464FF001084C
:10257000F2F74EF94046FEF77DBF00BFB0D3002012
:102580008C1900208884002080640020C4900020E2
:10259000208700203346721CB04D226013F8022BB6
:1025A0006A70236073786B7520460AF027FC2368F5
:1025B000E8805A1C22601B78AB7520460AF01EFC8E
:1025C000034620462B810AF019FC034620466B8106
:1025D0000AF014FC03462046AB810AF00FFC0346C8
:1025E0002046EB810AF00AFC236828825A1C2260EC
:1025F0001B78EB7720460AF001FC236828845A1CDC
:1026000022601B7885F8263020460AF0F7FB034647
:1026100020462B850AF0F2FB034620466B850AF024
:10262000EDFB03462046AB850AF0E8FB0346204657
:102630006B830AF0E3FB03462046AB830AF0DEFB24
:10264000034620466B840AF0D9FB03462046AB8440
:102650000AF0E0FB20460AF0D1FB20460AF0CEFB50
:102660004FF0010820460AF0C9FB09F04BFDECF7DA
:102670003DFC4046FEF7FEBE20460AF0CBFB236839
:10268000774A591C21601B7882F87C324FF0010890
:102690004046FEF7EFBE734B1B78012B3FF6D0ACE4
:1026A0003346721C2260704D13F8022B2A7023608F
:1026B00073786B7020460AF0A1FB034620466B80BE
:1026C0000AF084FB4FF0010868604046FEF7D2BE76
:1026D000731C236096F80080B8F1110F3FF6A6AC8A
:1026E000B31C2360614D737805F8183020460AF05A
:1026F00085FB40F6CA039842A8BF184640F2EE2375
:10270000984205EB4805B8BF18464FF00108A0F203
:10271000EE2319224046B3FBF2F36B70FEF7AABE1C
:102720003346721C524D226013F8022B2A7123602B
:1027300073786B7120460AF061FB236828805A1C6D
:1027400022601B78AB7120460AF058FB2368688032
:102750005A1C22601B78EB714FF001084046FEF7CF
:1027600089BE414B93F80080B8F1010F7FF468AC4B
:10277000E8F72AF813F01EFA4046FEF77BBE3D4A02
:10278000002300E02668711C21600133317802F8D3
:10279000011B082BF6D153E4731C2360364B3278AF
:1027A0005A704FF001084046FEF764BE3346721C73
:1027B0002260324A13F8021B917023607378D37041
:1027C0004FF001084046FEF755BE0922B3FBF2F276
:1027D00002EBC2018B427FF429ACDFF8A4B05FFAB0
:1027E00082F8B8F1000F3FF42BAC731C236096F90C
:1027F0000010234A002303E00133092B3FF416ACF9
:1028000092F90400884202F10C02F5D10C2202FB7D
:1028100003F50BEB0509204689F804100AF0D6FAF7
:1028200026684BF805003346721C226013F8022B11
:1028300089F805202360737889F80630F31C23603B
:10284000B37889F80830334604362660DB7889F897
:10285000073008F1FF385FFA88F8C2E790AF002030
:10286000B0D30020C89200206092002064B60020FF
:1028700018CA00209C51002060CA002014B4002017
:1028800090630020731C236096F80080B8F11F0F3E
:102890003FF6CCABAC4DB31C236005EB0815737849
:1028A0002B74F31C2360B3786B74331D2360F378AF
:1028B000AB74731D23603379EB74B31D236073799C
:1028C0002B75F31D2360B3796B7506F10803236044
:1028D000F379AB7506F109032360337AEB7506F1E2
:1028E0000A032360737A2B7620460AF087FA0346A0
:1028F0006B8320460AF082FA2368A8835A1C226060
:102900001B78AB7700244046C5F80046C5F804465E
:10291000F5F7B2FB4FF00108C5F80806C5F80C46FC
:102920004046FEF7A7BD3246731C2360874B12F862
:10293000021BD973226072781A74F21C2260B2787A
:102940005A74321D2260F278DA774FF0010840465F
:10295000FEF790BD721C226031781F293FF666ABEE
:10296000092B7FF463ABB31C2360F31C96F801C002
:102970002360331DB2782360701DF3782060B51D8D
:102980003079256006F1070E7579C4F800E006F18C
:10299000080896F806E0C4F800801B0443EA022207
:1029A000F3791B0443EA0E2306F1090EC4F800E094
:1029B00096F808E0664E42EA0C022B4306EBC1058E
:1029C00042EA006243EA0E6346F831206B60E4F7A6
:1029D00075FED4E90032D21A002A7FF731AB5A1CB7
:1029E00022605C4A1B78D3704FF001084046FEF726
:1029F00041BD574D05F1400620460AF0FFF9236816
:102A0000A5F80001591C1A46216012F8021B85F82E
:102A1000021122605B7885F803310435AE42EBD1B8
:102A2000FFF70EBB3346721C2260484D13F8022B91
:102A30002A72236073786B72F31C2360B378AB72D5
:102A400020460AF0DBF903462046EB820AF0D6F96D
:102A5000034620466B820AF0D1F903462046AB823A
:102A60000AF0CCF9034620462B830AF0C7F9034647
:102A700020466B830AF0CEF920460AF0A7F94FF002
:102A8000010820460AF0C6F94046FEF7F3BC731C65
:102A9000236035781C2D3FF6C9AA20460AF0AEF90E
:102AA00006232D4A03FB05F30146D1522046D518D3
:102AB0000AF0A4F903466B8020460AF09FF94FF014
:102AC0000108A8804046FEF7D5BC3346721C214D54
:102AD000226013F8022B6A72236073786B71F31C07
:102AE0002360B3782B7220460AF088F9034620460B
:102AF000EB800AF083F92368A8811A46591C2160EB
:102B000012F8021BE97222605A78EA73DA1C22601A
:102B10009A78AA731A1D2260DA78AA705A1D226068
:102B20001A79EA709A1D22605A792A71DA1D226098
:102B30009A792A7003F108022260DB79AB724FF0B8
:102B400001084046FEF796BCB0D300209C510020FF
:102B50006888002030880020E0AE0020B94D204673
:102B60002E680AF04BF92368A6F880001A46591C13
:102B70002868216012F8021B80F8821022605A78BF
:102B800080F88320DA1C22609A7880F884201A1D4D
:102B90002260DA7880F885205A1D22601A7980F840
:102BA00086209A1D22605A7980F88720DA1D2260DB
:102BB0009A7980F8882003F108022260DA7980F897
:102BC000892003F1090222601A7A80F88A2003F131
:102BD0000A0222605B7A80F88B304FF00108F0F730
:102BE0005DFB4046FEF746BC964D3346721CD5F859
:102BF0000080226013F8022B88F864202360737829
:102C000088F86530F31C2360B37888F86630331D8C
:102C10002360F37888F86730731D2360337988F870
:102C20006830B31D2360737988F86930F31D236021
:102C3000B37988F86A3006F108032360F37988F8DD
:102C40006B3020460AF0DAF8A8F86C0020462E68AF
:102C50000AF0D4F8A6F86E0020462E680AF0CEF8E6
:102C6000A6F8700020462E680AF0C8F8A6F8720090
:102C700020462E680AF0C2F8A6F8740020462E6896
:102C80000AF0BCF8A6F8760020462E680AF0B6F8DE
:102C9000A6F87A0020462E680AF0B0F8A6F87C0064
:102CA00020462C680AF0AAF84FF00108A4F87E002C
:102CB0002868EFF779FE4046FEF7DCBB731C236003
:102CC00035780F2D3FF6B2A9B31CDFF8949123603D
:102CD000737809F8053020460AF090F805F10803EA
:102CE0000246204629F813200AF088F805F1180357
:102CF0000246204629F813200AF080F805F128033F
:102D00000246204629F813200AF078F805F1380326
:102D10004FF0010829F813004046FEF7ABBB731CC7
:102D2000494D236033782B7020460AF067F803463C
:102D300020466B800AF062F803462046AB800AF01A
:102D40005DF803462046EB800AF058F8034620461B
:102D50002B810AF053F8034620466B810AF04EF8A7
:102D600003462046AB810AF049F803462046EB8132
:102D70000AF044F8034620462B820AF03FF8034647
:102D800020466B820AF03AF803462046AB820AF0EE
:102D900035F803462046EB820AF030F84FF0010880
:102DA00028834046FEF766BB731C23603378274AAE
:102DB0004FF00108002B40F0E884D2F8003808FA00
:102DC00005F523EA0503C2F80038002B7FF438A983
:102DD0004FF48030FEF782FA4046FEF74BBB334695
:102DE000721C22601A4A13F8021B91702360194A60
:102DF00073785371F31C2360174BB2785A70331DEC
:102E00002360164DF378EB70731D23603379AB703C
:102E1000B31D236073792B70204609F0EFFF034642
:102E200020462B8309F0EAFF236868825A1C22603F
:102E30001B782B754FF0010809F064F94046FEF746
:102E400019BB00BF208700206CB80020B0D3002041
:102E500080640020849B002008B3002090AF0020F5
:102E6000404700203346721C226013F8028B236017
:102E7000F31C75782360B178B8F1000F00F09B84E3
:102E8000B8F1010F7FF4DCA82846F4F75DFFBF4BD3
:102E90001B78DE073FF5D4A8BD4B1878A8427FF415
:102EA000CFA8F4F7ADFF4046FEF7E4BA731C2360E9
:102EB00033781F2B3FF6BAA8B21C2260B54D71784B
:102EC00005F83310F11C216005EBC305B3786B7076
:102ED000331D2360F378AB70204609F08FFF034663
:102EE000AB80204609F08AFF4FF00108E880404699
:102EF000FEF7C0BA3346721C2260A74D13F8022BAE
:102F00002A70236073786B70F31C2360B378AB7006
:102F1000331D2360F378EB70731D236033792B71BD
:102F2000B31D23607379EB80F31D2360B3792B729B
:102F300006F108032360F3796B7206F1090323603D
:102F4000337AAB72204609F059FF4FF00108A8818F
:102F5000F1F7E0FE4046FEF78DBA204609F04EFF3D
:102F60008E4D034620466B6009F048FF034620461D
:102F7000AB6009F043FF4FF00108E8604046FEF700
:102F800079BA204609F022FF854B4FF001081860FE
:102F90004046FEF76FBA731C23603578132D3FF659
:102FA00045A8B31C23607078F9F7CAFB00283FF4EA
:102FB0003DA8062303FB05F37A4D0279EA54F21C7F
:102FC00022601D44B3786B70331D2360F378AB70BF
:102FD000731D23603279EA70994540F04E844FF0BA
:102FE0000108F5F717F84046FEF744BA6E4900228B
:102FF000102BC1E90022C1E9022228BF10230A7464
:1030000006E02068451C2560007801F8010B0132BC
:103010009A42F6D3FFF714B8204609F0EFFE634D4D
:10302000034620462B8009F0E9FE034620466B80CC
:1030300009F0E4FE03462046AB8009F0DFFE0346BC
:103040002046EB8009F0DAFE034620462B8209F089
:10305000D5FE034620466B8209F0D0FE2268A88286
:103060001346511C216013F8021B85F820102360C1
:1030700052782A776268D31A052B00F3E783236816
:10308000D21A012A7EF7DCAF204609F0B7FE4FF0D6
:103090000108E8834046FEF7EDB93346721C226012
:1030A000434A13F8021B1170236073785370F31CAA
:1030B0002360B3789370331D2360A9EB0303F17889
:1030C000D170012B7EF7BCAF731D236033799371F0
:1030D000B31D2360737913714FF001084046FEF76A
:1030E000C9B9204609F08AFE324D034620466B825C
:1030F00009F084FE03462046AB8209F07FFE0346BA
:103100002046EB8209F086FE23681A46591C21608E
:1031100012F8021BA97222605B78AB70204609F09E
:103120006DFE236828805A1C22601B782B7205F1E3
:10313000180200232168481C20600133097802F836
:10314000011B042BF6D11C4A00232168481C206077
:103150000133097802F8011B042BF6D1204609F04F
:103160004DFE034620462B8509F048FE03462046C7
:103170006B8509F043FE03462046AB8509F03EFE11
:103180004FF00108E8854046FEF774B9248400201A
:1031900014B400207CBD0020E83F0020B0D3002004
:1031A000B4D1002020B7002090D10020C49000208E
:1031B000288B002064540020805400203346721C69
:1031C000226013F8020B2360F31C71782360B2783D
:1031D000E4F70AFA00287EF433AFFEF727BF334640
:1031E000721C22608D4A13F8021BD1712360737820
:1031F0005375F31C23608A4BB2781A704FF00108A4
:103200004046FEF737B9874B874918688C224FF044
:10321000010818F019FC4046FEF72CB93246731C21
:103220002360824B12F8021B1970226072785A7068
:10323000F21C2260B2789A7020464FF0010809F023
:10324000DDFD4046FEF716B93346721C784D22600C
:1032500013F8022B2A70236073786B70204609F0F4
:10326000CDFD034620466B8009F0C8FD034620468D
:10327000AB8009F0C3FD2368E880591C1A46216021
:1032800012F8021B297222605B786B724FF0010802
:103290004046FEF7EFB84288531DA8FB0313DB0836
:1032A000FEF796BBD4E900329A421BBF5A1C22603B
:1032B000014619785F4A50464FF00108F9F70CFAB9
:1032C0004046FEF7D7B8D4E900329A4269D1DAF81D
:1032D000003059490022581CCAF8000081F8FE2528
:1032E0001A70564B1B689C0109D4002E00F0E18136
:1032F000534B33604FF001084046FEF7BBB8514BCB
:103300001B689D42F1D1504850494FF0010804F02C
:103310009BFC4046FEF7AEB8D4E9005320465D1B47
:1033200009F054FD052DF86000F2C8818026B146F1
:1033300001240025DAE900239B1A103BB342B8BFF1
:103340001FFA83F9424BFA681B68BB609B1A9945C8
:10335000F9687B60504688BF1FFA83F909F0A2FD27
:10336000002D3ED1DAF80050002C3DD149465046A0
:1033700009F0B0FDDAF80030F8685A1CCAF80020ED
:103380001C704A46DAF8001012F03EFBDAF8002012
:103390000346024401202B808046CAF80020FEF735
:1033A00069B85A1C22601B78234A042B82F8FE3528
:1033B00000F2D181DAF80020022B02F10101CAF8F3
:1033C000001013708DD1FDF743FC0346002800F078
:1033D0009381DAF8003001229918CAF800101A70A7
:1033E0007FE7BCB3DAF80050F8684A46294612F085
:1033F0000BFBDAF8003086420344CAF800307EF74F
:1034000048A8002101E0DAF8003001305A1CB0422F
:10341000CAF800201970F6D1FEF73BB8ECB20020D4
:1034200008B30020208700201CE3040850B80020C7
:103430004C830020E95E0208B0D300201860002011
:10344000793E0308F40500200C07002040420F00DD
:10345000749200206B4608EE103AC6B0DAF80030DD
:103460000DF11F025C7122F01F0205331146BB6192
:10347000B9F1000F00F06B81D7E90223934280F08D
:103480006381F868FC61A3462246C7F800A0802447
:103490008A467B689A1AB2F5807F28BF4FF4807203
:1034A000514612F0B1FAB96978610AEB000E0B7857
:1034B0003B61F2452DD20EF1FF3E0AF1FF3C1CF8B4
:1034C000013FCA4800EB830210F823505688EDB143
:1034D00000234FF4004205F1FF3816424FEA520232
:1034E00002D0087820430870640806D10BF1010B64
:1034F0004C701FFA8BFB01318024D94503D8F44569
:1035000038D3434536DB01339D42E6D1E645D6D17B
:10351000B961FB697A6913449AB2D945FA6104D951
:10352000FB689818BB689842B3D3D7F800A0802CEA
:1035300003D00BF1010B1FFA8BFB0BF1020189B2D7
:10354000504609F0C7FCDAF80030F9695A1C01242A
:10355000CAF8002050461C7009F0BCFCDAF80030B4
:103560005B44CAF8003018EE103A2046A0469D464B
:10357000FDF780BFBB69D7F800A01A463B691370FE
:10358000D5E7731C236033780A2B204600F0C080F7
:1035900009F034FC4FF00108204609F02FFC4046AA
:1035A000FDF768BF3246731C236012F8023B904D52
:1035B00003EB83035B006B802260737803EB830370
:1035C000F21C5B002B802260B37803EB83035B006B
:1035D0002046AB8009F012FC2268A8811346511CDA
:1035E000216013F8021B697223605278AA72626824
:1035F000D31A052B7EF724AD204609F0FFFB0346C6
:1036000020466B8009F0FAFB034620462B8009F028
:10361000F5FB4FF00108A8804046FDF72BBF731C57
:10362000236033780A2B55D0204609F0F3FB20465F
:1036300009F0F0FB4FF00108204609F0EBFB404693
:10364000FDF718BFB8F5405F00F08F8043F2030329
:10365000984540F0DD80674B1B78DA073EF5F0AC0B
:103660003346721C226013F8028B2360F31C96F819
:1036700001902360B8F1010F96F802B000F0CD8000
:103680005D4E002507E02268511C216012783178D8
:10369000013505F0D9FFEBB25B4548464346F2D30E
:1036A000B8F1010F7EF4CCAC04F0A6FB4046FDF768
:1036B000E1BE4FF001084046FDF7DCBE204609F0B0
:1036C0009DFBD4E900329A4281462FD10024254641
:1036D00006462FE6B31C2360484B72781A70F21C22
:1036E0002260B2785A70321D2260F2789A704FF0E0
:1036F00001084046FDF7BEBEDAF800204FF0010891
:1037000002EB0801CAF8001040461370FDF7B2BE84
:1037100009F074FB3A4D034620462B8009F06EFBFE
:103720004FF0010868804046FDF7A4BE5A1C226095
:103730001D78003D064618BF01250024FAE54FF02C
:10374000FF384046FDF796BEFC61A346F5E6C7F894
:103750001C90CB46F1E64FF0FF384046FDF78ABE9D
:10376000042A7EF46DACFEF72ABD264B1A78032A94
:103770007EF45CAC5B780D2B7EF458AC4FF0010806
:10378000EDF772FB4046FDF775BED2F8001808FA57
:1037900005F30B434FF48030C2F80038FDF7A6FD67
:1037A000144B1B78DB077EF54BAC0020F4F7ECFDE7
:1037B0004046FDF75FBE2846F1F718F80D4B1B7821
:1037C000DB073EF53DAC104B1878A8427EF438ACD0
:1037D0004FF0010808F06EFC4046FDF74BBE0B4A67
:1037E000137823F002031370FEF7F7BB18DF040809
:1037F000F883002024840020004000201CC8002002
:10380000BCC700207851002014B40020B4830020ED
:103810004FF0FF384046FDF72DBE04F003FB2FE7C5
:1038200002F0DAF9FEF7B7BD043E464426600426EE
:10383000FEF79CBD0C3E464426600C26FEF77EBD7E
:10384000143E464426601426FEF75FBD204609F06C
:10385000D5FA034620466B8509F0D0FA2368A8857F
:103860001A46591C216012F8021B85F821102260AB
:103870005B7885F82830626801E4B31D23607379B2
:103880002B71F31D2360B079F8F75AFF03796B7140
:10389000FFF7A5BBA74B1B689D427EF4CEACA648A4
:1038A000A64904F0D1F94046FDF7E4BD731C23603E
:1038B0003578072D3EF6BAAB204609F09FFA2A016B
:1038C0009F4B01469952204603EB051509F096FAE5
:1038D00003466B80204609F091FA0346AB802046F0
:1038E00009F08CFA0346EB80204609F087FA03467C
:1038F0002B81204609F082FA03466B81204609F0AD
:103900007DFA0346AB81204609F078FA4FF00108B2
:10391000E8814046FDF7AEBDB8F1F50F7EF4F0A9A1
:10392000D4E900329A4259D1864BFF221A70002303
:1039300087F83C3097F83C20834CDFF83482032A28
:10394000C4E90033C4E9023388F8003033D87F4D2E
:1039500097F83C3003EB430305EBC3035B7C03B3F5
:1039600097F83C3003EB430305EBC30320215B696D
:10397000BBB197F83C3098F8002003EB430305EB0C
:10398000C303586944F8220004F0EEFA98F80030B6
:1039900054F8230004F030FB98F80030013388F825
:1039A000003097F83C300133DBB287F83C3097F8B1
:1039B0003C30032BCCD904F035FADAF8003098F813
:1039C0000020591CCAF800101A70002E3DF461AD99
:1039D0005F4B336001208046FDF74CBD19465A1CF1
:1039E000226011F8022B216056495B784B70FF2A48
:1039F0000A709CD0FC2A12D8042A05D855490978A7
:103A0000994220D8022A1CD0DAF800300022591C32
:103A10000120CAF8001080461A70FDF72BBDFDF793
:103A2000B9F90346F0B10EB14B4B3360DAF8003010
:103A300001229918CAF80010104690461A70FDF736
:103A400019BDFF2BE0D1DAF8003001201A18CAF8AE
:103A500000201870002E3DF41CAD404B33608046B2
:103A6000FDF708BDDAF800204FF0010802EB08016D
:103A7000CAF8001040461370FDF7FCBC11464046E2
:103A8000F8F7C6FE00287DF404ADB8F1D00F7EF43F
:103A900023A8D4E900239B1A002B10DC304B1B78A1
:103AA000D80722D50021DAF800304FF0010803EBE7
:103AB0000802CAF8002040461970FDF7DBBC511C13
:103AC000274B21601B78D907ECD41378012B0CD03D
:103AD0000DF00EFB0DF0A0F9A6B1224A194B326091
:103AE000002283F8FE250121DDE70DF001FB1E4BCE
:103AF000002201201A7005F02BFF08F087F900283A
:103B0000E8D1CFE70121CEE7184B4FF4C8724FF050
:103B10000108A3F890204046FDF7ACBC00F07F0000
:103B2000062828BF00204FF00108F4F769F9404645
:103B3000FDF7A0BCF40500201C07002040420F0048
:103B4000A4B80020B0D300206CB000207453002033
:103B5000A5E8010800400020D10D030801C80208B3
:103B600024840020793E0308616400205CB30020B7
:103B7000E9B200202DE9F0470021994D99489A4E6D
:103B80009A4F602218F0C2FE994A9A4B00242846A8
:103B900014601C60F6F734F8D5F880203368126999
:103BA0009548DFF8B0C2036003FB02F293483A6025
:103BB0009349944A0360CCF800301360924803EBB9
:103BC0004302A1FB03C1914B090919600160904BAD
:103BD000904891491A600260904B90000860520032
:103BE0008F481A608F49904B42680A601A6005F549
:103BF000B8612A46C2E90744C2E90A444032914208
:103C0000F8D10121894CDFF840820846F6F73AF8EE
:103C100001210820F6F736F8D5F80022D5F88012F1
:103C200094F80990824BB3F86C30B8FBF3F313614E
:103C3000638BB8FBF3F30B61B9F1000118BF0121ED
:103C40000A20F6F71FF894F80AA0D5F8C022A38B33
:103C5000B8FBF3F3BAF10001136118BF01210B2087
:103C6000F6F710F8A37B002B60D0724C59EA0A03D8
:103C700014BF01210021DFF8E0810C20F6F702F8E3
:103C8000D8F80030D90765D49A0705D56A4EB6F83A
:103C90004430002B40F08C8001210720F5F7F2FF23
:103CA000664B674E93F80B180920F5F7EBFF0121DF
:103CB0000D20F5F7E7FF21680E20C1F3C011F5F7DD
:103CC000E1FFD8F800100F20C1F3C001F5F7DAFFCB
:103CD000D8F800101020C1F38001F5F7D3FF216858
:103CE0004B052CD4C1F300411220F5F7CBFFD5F8DA
:103CF000C02421685348544B8088B3FBF0F3C1F3D0
:103D0000C06113611320F5F7BDFF01211420F5F701
:103D1000B9FFFDF707F97178A1F10901B1FA81F155
:103D2000BDE8F04716204909F5F7ACBFE37B414CED
:103D3000002B9BD1216811F4802197D19BE70121B1
:103D40001120F5F79FFF7378082B42D0092B40D044
:103D50002168C7E73D4A3068D5F8C010D2E902367D
:103D600012690A2BB8BF0A230A2EB8BF0A260A2AEC
:103D7000B8BF0A229446D5F8802003FB00F01361F7
:103D8000D5F800310E613860C3F810C0012102205F
:103D9000F5F778FF01210320F5F774FF01210420D6
:103DA000F5F770FF2A4AD8F80030012111706BE74F
:103DB00001210520F5F766FFD5F84021B6F844103B
:103DC000214BB3FBF1F3062001211361F5F75AFFF4
:103DD00062E7D5F8403421684FF4FA621A6181E74E
:103DE000D83600200CD00020E8AF0020BCCF002047
:103DF00008D00020A0D00020C4CF002090D0002008
:103E00001F85EB51CCCF002094D00020D0CF0020D4
:103E100088D0002080D00020C8CF00208CD0002087
:103E2000001000E0E8CF0020B8CF0020F883002089
:103E3000906300201860002028840020B0D3002068
:103E4000785100204C83002040420F0004400020A5
:103E5000B4CF0020C0CF0020D0800020044B054A02
:103E600003F50A7142F8403B18338B42FAD1704790
:103E70002C070020D836002008B503F0E1FF0B4BDB
:103E800093F8FE35012B0DD002D872B611F07CFDEF
:103E9000023B012B08D80321084613F047FE72B6F7
:103EA00011F072FDD3F72AFA08BD00BFB0D300208D
:103EB000034B187810F0010000D07047DCE700BF1A
:103EC0002484002070B5094C236873B10546002690
:103ED00006E09A681E7322601B689847236823B126
:103EE0005A68AA1A002A1846F3DA70BDE8DD0020E5
:103EF00070B40E4E102433460125002203E0013237
:103F00005D2A0BD01C79A04203F12003F7D18D422A
:103F100007D0013201355D2AEDB2F3D1002070BC2B
:103F2000704706EB421070BC704700BFB4E3040852
:103F300008B101B1DCE70020704700BF10B40023D6
:103F4000084C01E0152B09D003EB43020133A15CBF
:103F50008142F7D1A0185DF8044B704700205DF84E
:103F6000044B7047ECDD0020D0F8FC1010B471B1A8
:103F7000D0F81431C1684469CA1A013BA25C5DF8EB
:103F8000044B08BF0B46C0F81431D0B27047026A28
:103F90004369C4689B5C0132A24228BF0A460262A0
:103FA0005DF8044BD8B27047D0F8003113B190F8E7
:103FB000B0017047D0E90903181AB0FA80F040093F
:103FC000704700BFD0E9091291420ED38A1AD0F887
:103FD0000011036981B1D0F8941109684968013B67
:103FE0000A4493420BD9981A7047036919448A1AF4
:103FF000D0F800110029EED1013B981A704700203B
:10400000704700BFD0F8FC304BB1D0F89831D0F8F1
:1040100014211B685B689A4205D3D01A7047D0E917
:1040200007239A42F9D2C0681044C01A704730B5CD
:10403000094B002193F900205D78092AC8BF143A82
:104040008418013125739D7885540829DA78227601
:1040500003F10403EED130BD54EF040803681B697B
:10406000184700BF064B70B41D6806460FCD344696
:104070000FC40FCD0FC42B682360304670BC70474F
:104080009C54002000207047704700BF704700BF5D
:10409000704700BF01207047704700BF704700BFE6
:1040A000704700BF0023037043708370C370704774
:1040B00030B40A4D00232C1D01E0152B0AD003EB70
:1040C00043020133A15C8142F7D12A4430BC92F90A
:1040D000060070474FF0FF3030BC7047E8DD00202D
:1040E000034B00EB400003EBC000407C704700BF77
:1040F00074530020704700BF704700BF70B48E003B
:1041000005460424130B03EB430318331201013C4F
:104110002B6092B23544F5D100EB01130A018450B3
:1041200043F82140062070BC704700BF70B41023D4
:104130008E00044612F4004F14BF0E2507255200CE
:10414000013B256092B23444F4D18C0100EB811222
:104150000351122070BC42F821307047F8B56F4C03
:10416000A36820469847002800F081806C4B6D4F73
:10417000187804F14806012384F85430314604F1DC
:104180000E020023042804BFB2F9005047F8235060
:1041900032F9025B07EE905A0133F8EEE77A032B0F
:1041A000E1EC017AEED1604D2B88D3B1281D94ED5E
:1041B000120A07F017FA05F12C00F0EE407A94EDA0
:1041C000130AC4ED127A07F00DFA05F15400F0EE6F
:1041D000407A94ED140AC4ED137A07F003FA84EDE3
:1041E000140AA17D092943D05048EBF787F8B5F8A8
:1041F0009020EB6F002A45D1B3F9002094ED125ABC
:1042000094ED136A94ED147AD5ED213A95ED224A96
:10421000D5ED234A05EE902AB3F90220B3F9043014
:1042200006EE902A07EE903AF8EEE55AF8EEE66AC6
:10423000F8EEE77A75EE655A76EE666A77EE677A9B
:10424000D5F88030C4ED125A33EEA55A34EE266A02
:1042500034EEA77A013385ED215AC4ED136A85ED5A
:10426000226AC4ED147A85ED237AC5F88030F8BD52
:104270002F4901F12800EBF799F8B5F89020EB6F82
:10428000002AB9D02B48DFED2C6A991E03F1040CEB
:104290000027B2F5C87F16BFD0ED007A0760B8EEF0
:1042A000E77AD6ED007AE6EC016A08BFB0EE667AEE
:1042B00077EE877AFDEEE77AE0EC017A21F8027F6B
:1042C0006145E6D1012A03D0013AA5F8902093E791
:1042D0001A491B4F01F1440043C8C83687FB06EC5E
:1042E000F617C6EBEC16B4F80CC0C830C831A6EB14
:1042F0000C0687FB00EC87FB01E7C017C917C1EB71
:10430000E711C0EBEC100F4F9E80188059807A8126
:104310000CF0A4FEB5F89020EB6FD5E728840020C0
:104320008C600020906000205CB30020708400202E
:10433000488400202CDE002000000000E8DD002082
:104340001F85EB51806400202DE9F041A34B1B78C1
:1043500013F0010F0646A24B3BD0A24D1C78012C56
:1043600068D0022C1CD0002C78D09F4FEB7B0BB177
:10437000AB8913BB3B782A7A632A07D89B49022C66
:10438000087800F08380002840F0FF809849AA7BDD
:104390009C4238BF1C460C70002A41D1BDE8F08118
:1043A0009449954A098812889142DED99349944AE2
:1043B0000968116501241C70D7E7924B1B78002B0C
:1043C000D8D0F4F7EFFC002840F0F08002233B70D7
:1043D000D1E71C78E21E012A6BD9864A814D1188EB
:1043E00052888A1A002AB8BF5242142AB7DCEA88D7
:1043F0008A4202D828888842B1D2B1EB420FAEDCA3
:1044000003228149784F1A7000230B807D4C7A4833
:104410007E493A707E4A237003800B801380C3E08C
:10442000012C00F0B980022CB8D1BDE8F041072082
:10443000FCF7BCBD6F4A764912880988914280F02A
:1044400092807149684F0988914238BF00246B4AB5
:1044500038BF1C706A4B12681A6587E7654A6B495A
:1044600012880988604F9142644977D36448EA7D95
:104470000968006D02EB8202091A02EB8202B1EBBD
:10448000820FAABF01241C781C706FE700287CD122
:1044900001274E600F7006465E48C2F1640206FBBB
:1044A00002F280FB0206D217A2EBA65264324A70D7
:1044B0006CE750484B4D0288E9888A4202D32F8826
:1044C000974202D2B2EB410F6BDD4188511A0029AD
:1044D000B8BF4942142970DC434F2C7D002139704C
:1044E00019703CB92C88B2FBF4F40134082C28BFB5
:1044F0000824E4B2A9886888DFF80CE1DFF80481B9
:104500001FFA84FC11FB0CF110FB0CF0DFF8E8C083
:1045100088F8004080B2ACF8000095F811C03B4C20
:1045200089B26145AEF8001086BFA1EB0C0189B2DB
:104530000021604588BFA0EB0C00DFF8D4C02180CB
:1045400088BF80B2294C98BF0020ACF800004FF023
:10455000640C002084F801C0606084E7284A096880
:104560001C78116502E7254925482A7E0968006DF7
:1045700002EB8202091A02EB8202B1EB820FFFF614
:10458000F4AE0224184F1C70F0E64868361A224830
:10459000864281DB4A70F9E6BDE8F0410820FCF76D
:1045A00005BD032C0ED1104F0324DFE62B7C834284
:1045B0002CBF012300233B70DDE6032CF3D00A4F10
:1045C0000424D3E6018842888A1A002AB8BF5242DE
:1045D000142A7FF70CAF044F0424C7E6248400207C
:1045E0009CCF0020F8830020B0CF0020A8CF00206F
:1045F000A58A0020DC830020A0CF00208C19002099
:10460000E8DD0020CCAE00209ECF0020A2CF00200D
:10461000A4CF00206BCA5F6B809698002DE9F04311
:1046200087B0DCF711FA40B3B84C41F2CC63E358E1
:10463000002B01DDD8F7CCFD6378022B20D0032BB3
:104640001BD141F2E873E35C13B1B148DAF7DCF84F
:1046500041F2D463E35C13B1AE48DAF7D5F841F226
:104660001873E35C13B1AC48DAF7CEF841F25C732F
:10467000E35C13B1A948DAF7C7F807B0BDE8F083E7
:10468000A378A74DA74E072BF7D8DFE813F0480013
:10469000DB005E0043000B009A00A4000800032327
:1046A0006370EAE72378207DDFF890829E4F032B2A
:1046B0000CBF4FF080094FF48079002800F0AD80E6
:1046C0000128FAD131686268D8F800004FEA412C1D
:1046D00000234FF0FF31B1FBFCF1521843F100030E
:1046E0000021994200F1020008BF904238BF024603
:1046F00039460220D9F7F4FA032800F2698101A3B0
:1047000053F820F07B460308EF4703087B46030875
:10471000EF47030885480378002BACD1ADE70023B1
:1047200005A9184609220391D8F736FE0128A4D11D
:10473000059B93F8FE21552A00F0BF8041F2E472F8
:1047400002210123A154637097E7794B009303255D
:1047500078497648A57030230522DAF7D9F88CE736
:1047600023690622652BA27035D92278032A0CBF53
:104770006FF07F026FF0FF02A3F1650303EA02030B
:1047800003F101030CBF80224FF480729A4223612F
:1047900021D2D8F80020E768023203EB07089045E1
:1047A00002D3D8F789FD236963496760CA6FC4F8EB
:1047B000088002FB03F35B0241E9073305220F6027
:1047C000A270A26829460120D9F766F9012840F0B5
:1047D00093800623A37055480021D9F79BF8012840
:1047E00040F08A80A3780133DBB2A3704BE7D4E9B1
:1047F00001C32269A3EB0C01914288BFC4E903C144
:104800000328ADD00133B3FBF9F209FB12320AB130
:104810004B449B1A002063602075D8F8002029467D
:104820000232D9F75DFA032800F2D28001A353F8CF
:1048300020F000BF7B460308AF4803087B4603080F
:104840006147030805A941F62C0500236059092298
:10485000D8F7A2FD01287FF410AF0022059B22703B
:10486000B3F80B20B2F5007F1AD11A7C022A17D1B7
:1048700093F8FE21552A13D193F8FF21AA2A0FD1CC
:10488000DE896059274A41F63001304460505D7B33
:1048900015606A1E7F2A03D86A4235EA02024FD0A9
:1048A00041F2E47203210123A1546370E5E66368D9
:1048B00001220133A3602275FFE693F8FF21AA2AA3
:1048C0007FF43CAF039903F5DF7203F5FF73906843
:1048D00040B11579A5F10B06012E05F0F70505D9B4
:1048E000062D03D010329342F1D127E741F62C0276
:1048F0000123A050A370A6E702287FF4BEAE41F2C8
:10490000E4720123A3546370B7E600BF406800203F
:1049100028800020147F0020587F00209C7F0020EA
:10492000446800208080002048680020E07F00204C
:10493000DD630008E4300508048000207880002052
:104940006A0241F64801013A6250DF8A07B95F6A9C
:1049500041F6340241F65001A750B3F8112052013C
:1049600002F2FF1252126250B3F8131001B9196A21
:10497000164406EB4706891B41F6380C40F6F476E0
:10498000B1FBF5F1B14244F80C104FEA47071CD9CE
:104990004FF6F475A94214D903212170DD6A41F65E
:1049A00010018318625C41F63C0041F64C013B4427
:1049B000235065500AB9D8F711FFA3780133A370CB
:1049C0005BE6022323700025E9E70123237067E7F4
:1049D000207D72E610F8243C03B97047C16850F896
:1049E000102C0B68497934335B58002A57D09A1A37
:1049F00055D0F0B450F8144C384950ED076A07EE22
:104A0000902A6500F8EE677AA1FB0561B2EB510FC1
:104A100086EEA77A21D92544B2EB550F1DD2F3EECD
:104A2000097AB4EEE77AF1EE10FA54D4DFED2C7A7D
:104A3000B4EEE77AF1EE10FA0FD530F8161C10ED4F
:104A4000086A06EE901A77EE465AF8EEE66AC5EE68
:104A5000A67A77EE867A40ED087A30F8185C214F16
:104A6000111B91FBF5F12144B1FA81F61E4C1F4D4B
:104A7000A45D17F806C020F8184C1D4F1D4C40F8D7
:104A8000141C451B20F816CCED103F7804FB05F4F0
:104A9000E4B2A74206D0F0BC40F8103C704740F8A2
:104AA000103C7047144C2478392CF4D150ED087A1E
:104AB000DFED126A124C67EEA67A27EE267AFDEE3B
:104AC000E77ABDEEC77AC4E90212C4ED007A266126
:104AD00084ED017ADFE79FED0B7AAEE7ABAAAAAAD5
:104AE00000401C46DC60050800610508B850002045
:104AF00074510020B76DDBB68C60002000007A4452
:104B0000906000200000000010F8243C002B6FD0C3
:104B100050F8103C002B6CD0CB1A9BB2002B68D005
:104B2000F0B550F80C7C50F8144C534A50ED076A1D
:104B300003FB07F507EE905A6500F8EE677AA2FBD3
:104B40000562B3EB520F86EEA77A22D92544B3EB68
:104B5000550F1ED2F3EE097AB4EEE77AF1EE10FAB1
:104B600000F18680DFED457AB4EEE77AF1EE10FAD7
:104B70000FD530F8162C10ED086A06EE902A77EE65
:104B8000465AF8EEE66AC5EEA67A77EE867A40EDEA
:104B9000087A30F8185CDFF804C11A1B92FBF5F2B2
:104BA000224402FB07F6B6FA86F6354C354DA45D75
:104BB0001CF806E020F8184CDFF8E4C0324C40F84E
:104BC000142C451B20F816ECED109CF800C004FBDB
:104BD00005F4E4B2A4452DD0B2F5805F0FD2012FC9
:104BE00022D9C1687B080C6840F80C3C520011E0E7
:104BF0007047002340F8101C40F8043C7047B2F5A1
:104C0000804F11D9FF2F0FD8C1687B000C6840F886
:104C10000C3C52084FF0FF31013B0125A362E162D9
:104C20006561002140F8142C002340F8101C40F866
:104C3000043CF0BD154C2478392CCDD150ED087AC8
:104C4000DFED136A134C67EEA67A27EE267AFDEEA7
:104C5000E77ABDEEC77AB7FA87F5C5F12005C4E952
:104C60000223C4ED007A266184ED017A6561B3E721
:104C70009FED097A7DE700BFABAAAAAA00401C46B7
:104C800000610508B8500020B76DDBB68C600020CD
:104C900000007A449060002000000000DC600508FD
:104CA000745100200B4AF8B5136855692B4003EA8C
:104CB000000555616DB1084F0126B5FA85F4C4F1C0
:104CC0001F0457F8240006FA04F403689847A54324
:104CD000F3D1F8BD00040140E82A00202DE9F0419D
:104CE00088B01E4603090E9F9046403300F00F0423
:104CF00051B30793FFF71CF9427A079BCDE90042B5
:104D00000546164A41463046B847D0B1286812F0E9
:104D100047FC297A6A79DFF854C06D7A079B0094C2
:104D200011F0020F4FEA92020D4902F1010208BF91
:104D30006146CDE90102CDE903150A4A002130465A
:104D4000B84708B0BDE8F081074A0E9441463046A6
:104D5000BC4608B0BDE8F041604700BF7A71050865
:104D6000328305088C710508AE7105086E87050849
:104D7000426A10B48469A154426A0469D0F80011EF
:104D80000132A24228BF0022426219B15DF8044BF1
:104D900011F016BED0F820215DF8044B136843F0E3
:104DA00080031360704700BF017111F0CDBF00BFD9
:104DB000816011F0C9BF00BFF0B5054600680F4B18
:104DC00000F1384003EB902387B093F8C00B0C46FA
:104DD0001646D2F753FAAF882868059604F01302F6
:104DE000C4F3411301A9C4F38104CDE90172CDE9F3
:104DF0000334DDF7AFFE07B0F0BD00BFB4E3040835
:104E000012F0D4BD10B504460846D3F71FFB014687
:104E10002046BDE8104012F0C9BD2DE9F0412F4CED
:104E2000636D002B48D00A2801D00D2842D12C4DAB
:104E300007F0DEF82321284617F07AFE08B1401B60
:104E40006065636D8BB9264863654FF480720021FD
:104E500017F05CFD234B1B78002B3DD0BDE8F041E3
:104E6000214807F0BFB81346ECE75A1EA95C202979
:104E7000F9D06365234400221C4DDFF8648083F879
:104E8000582037262F684046394607F09DFE0146D8
:104E900040B9013E05F11005F4D11549154808F057
:104EA00043FA05E0144B9D42F7D2EB683846984729
:104EB0000023C8E7FF2B0FD8A0F120025E2A0BD8F1
:104EC0000BB9202808D05A1C62651C4484F858008D
:104ED000BDE8F04107F07CB8BDE8F081E8DD0020D6
:104EE00040DE0020006400201E2305087CEF04083B
:104EF000C071050845790508ECF2040838B50C4C7A
:104F00000C4B04EBC0040D4614F8602C0A4803EB6C
:104F10008203D3F8381F08F0B1FF14F85A3C2BB1C4
:104F2000691C0648BDE8384008F0A8BF38BD00BF7E
:104F3000ACF40408B4E30408E57105086D880508BD
:104F40002DE9F84F00261F4DDFF88090DFF880A094
:104F500007460C46B046204606F07EFFD5F800B066
:104F600048B92146584607F0E9FD20B9686821464E
:104F700007F0E4FD80B1584607F034F8696811B1D4
:104F8000504608F07BFFA96811B1484608F076FF4B
:104F900007F02EF84FF001080136372E05F1100505
:104FA000D9D1204606F058FF48B9B8F1000F06D114
:104FB000224638460449BDE8F84F08F01DB9BDE85F
:104FC000F88F00BF7CEF0408E8710508E27105085E
:104FD000DC71050807B5154807F004F8144B1548AF
:104FE00093ED560A8DED010A06F0FCFF124B1B787B
:104FF000BBB19DED010A15F079F94FF47A7280B2D8
:10500000B0FBF2F102FB110292B20C4808F0BAF9BF
:105010000B4B0C48B3F8AE1003B05DF804EB08F08E
:105020002DBF094806F0E8FFF2E700BFFC71050854
:10503000E8DD0020137205089D8A00202E72050805
:10504000FC640020427205083872050830B589B04A
:105050002C4B04932C4B03932C4B02932C4B01931E
:105060002C4B2D4A009305462C4B2D480C462D49C0
:1050700008F004FF06F0BCFF06F069FE002839D0F6
:10508000294A92F8611192F85C310B4392F876113B
:105090000B4392F883110B4392F88C110B4325D0EC
:1050A00002F5C6730693214B059302F28313049312
:1050B0001F4B039302F5BB7302931E4B019302F245
:1050C000611300931C491D4B1D4802F5AE7208F098
:1050D00059F9A4B11B490B788BB11B4A137873B1F2
:1050E0001A4809B0BDE8304008F04CB9184806F03D
:1050F00089FFEEE71749284608F016F9E9E709B0F5
:1051000030BD00BF957205089A720508A2720508A5
:10511000AB720508B7720508607205081BB4002061
:105120006A720508E87F0508E8DD002006730508B7
:105130000F7305081B730508D5720508C6720508AC
:10514000F172050888D1002070D10020487305084D
:105150002C73050838730508012177E73E4B1B784F
:105160002DE9F74F002B71D03C4D3D48A968DFF881
:105170002081DFF82091DFF820A108F003F96968A9
:10518000384808F0FFF8384B3848D3E96931C91A74
:10519000374B1A68B1FBF2F208F0F4F806F028FF7A
:1051A000344806F029FF344806F026FF002698F818
:1051B0000030F4B2A34222D8304C314F06F018FF31
:1051C0002646002556F8041B3846013508F056FEE1
:1051D000162DF7D106F00CFF294E012523466168F4
:1051E0001B683046C91A013508F048FE162D04F137
:1051F0000404F3D103B0BDE8F04F06F0F9BE04F1AA
:10520000020B05EB8B0B6427BBF8042019F8043064
:105210007A433C21B2FBF3F35046B3FBF1F100912A
:10522000214608F02BFE9BF806305BB1204612F0B9
:1052300095FB90FBF7F107FB1102124808F0A2F86A
:105240000136B4E7104806F0D7FEF9E70F4803B07F
:10525000BDE8F04F06F0D0BE96540020F4D00020F8
:105260007573050885730508E8DD00209C73050843
:10527000E8AF0020C9730508F473050810D10020B9
:105280004B74050838740508437405084F74050805
:10529000004000207CB900201F7405082DE9F04F64
:1052A0008BB0064640F2162003910BF0F1FF039AF3
:1052B00004460021304606F0B1FE424AD4E902839A
:1052C00092F8AC4105460CB144469846152200219F
:1052D00004A817F01BFB08F1400308F10107039332
:1052E00017F8019CB9F1000F31D097F800A0002CFD
:1052F00065D0224600231178494558D192F80180A3
:105300000AAA1344012203F8182CD0452A4614BFD8
:105310000121002130460CBF4FF0010B4FF0000B74
:1053200006F07CFE054654B1B8F1000F07D0264BBD
:1053300000935A46334641464846FFF7CFFC234B7D
:1053400000935A46334651464846FFF7C7FC039B35
:105350000337BB42C4D13CB3DFF86C90DFF86CA0DC
:10536000671C0DF11008403418F8013BCBB917F851
:10537000013CB3B115B1284606F044FE397817F860
:10538000010CCDF8009033460022FFF7A7FC002265
:1053900017F8010CCDF800A033461146FFF79EFC2C
:1053A00000250337A742DFD10BB0BDE8F08F0133F2
:1053B000152B02F103029ED14FF00008A5E7A0468D
:1053C000A3E700BFE8DD0020ADEC0308DDEC030837
:1053D0002DE9F04F0A4687B00021064606F01EFE72
:1053E0003B4C05903B4A2378608802EB8303D3F85B
:1053F00038AF0BF04DFF83680493374BC16893F8C7
:10540000AC21002A4BD0DDF81080049100272279CE
:105410006179049B07FB021213F80290B8F1000FA8
:105420003FD018F80250059A4D4514BF01210021C4
:1054300030460CBF4FF0010B4FF0000B06F0EEFDB5
:10544000013705907DB305F00F022D09403502921A
:10545000CDE90075214A53465946304609F026FCED
:10546000B9F1000F2AD009F00F024FEA1919029280
:1054700009F14002CDE900725346184A59463046B8
:1054800009F02CFCA279012A38BF0122BA42BEDC05
:10549000134B0834A342A5D107B0BDE8F08F904666
:1054A000B4E74546BFE7B8F1000FD9D00D4A0097E1
:1054B00053465946304609F0F9FBD1E77306E1D46B
:1054C000084A009753465946304609F007FCD9E789
:1054D0004CF40408B4E30408E8DD00206B7405080C
:1054E00074F504088174050810B501311446FEF7FF
:1054F0001FFD28B9064B18681B792060237110BD69
:10550000427A04492046BDE810400BF01BB900BFA9
:1055100000780508877105080B46411C024605D135
:10552000044A1068127918601A71704702491846C7
:105530000BF008B9007805086E8805082DE9F04FD2
:10554000534F99B03B790997002B00F09380514855
:1055500006F052FD0025504EDFF86CB1DFF86C917B
:10556000DFF86CA1A8460BA9E8B2F4F709FB9DF897
:105570003430002B50D0139C54B107EE904A9FED6D
:10558000470AF8EE677A80EE270A14F0AFFE044669
:105590000B9A2946584608F071FC109A002A6DD0E3
:1055A00002FB04F04FF47A73B0FBF3F0DDF848C06F
:1055B000BCF1000F64D00CFB04F142F21073B1FB9C
:1055C000F3F1099B1B79082D18BF8844002B59D093
:1055D000179F0797159F06970A23169F05974FF465
:1055E0007A7E119FB7FBFEFECDF810E0B1FBF3FE13
:1055F00003FB1E11CDE902E1B0FBF3F103FB110047
:10560000CDE90010BCFBF3F32146504607F0BAFE8B
:105610000023C6E90D33B3620135172D06F14006AC
:10562000A1D1099B1B7913B31D4B1E4C19681E4B4E
:105630001E481A684FF47A73D208B1FBF3F321685D
:1056400007F0A0FE0A221A48B8FBF2F102FB118211
:1056500007F098FE174B1B78422B06D1164B1748C4
:105660001A68174B196807F08DFE0023236019B0E4
:10567000BDE8F08F134806F0BFFC6BE7104695E7D6
:1056800061469EE72146484607F07CFEC0E700BF22
:1056900014B4002095740508D83600208096184B65
:1056A00074D0002078D000206CD000204075050810
:1056B000607505088C60002080D000208475050886
:1056C000C4CF0020F3740508FD7405083C75050877
:1056D0000C7505082DE9F04FB44BB54E1A68B54965
:1056E000B54BB2FBF3F299B00746B44808F0C6FBDD
:1056F000B26802F00302022A00F0CF80032A14BF2E
:1057000000250325AE4BDFF87483DFF87493DFF8D0
:1057100000A30FCB0DF1300C8CE80F00A94B0793C1
:10572000012DA94BC8BFF468089318AB03EB8503A0
:10573000C8BF04F00104012D53F8301CD8BFA34AA0
:10574000A348A44DA44EC2BF18AB03EB840454F885
:10575000442C08F093FBA14B1B884FF47A72B3FBE7
:10576000F2F102FB11329E4B0A20B3F9003092B2E3
:10577000B2FBF0F29B4807F005FE9B4A9B499C4810
:1057800008F07CFB06F034FC9A4B9B4A997B9B4BC0
:105790009B4805EB8101D31AD1F8D810B6F8AE2199
:1057A00007F0F0FD974806F01DFC974B97481978D5
:1057B00008F064FB964806F015FC964B964819785D
:1057C00008F05CFB06F014FC944806F00BFC00218A
:1057D0000A4698F81E300B4113F0010F01F1010445
:1057E00008D012B1504606F0FDFB2146484608F0AD
:1057F00045FB0122072C2146EBD1E9F73FFB90F84E
:10580000BC30032B0BD0864808F038FBE9F736FB99
:1058100090F8BC30012B02D1824808F02FFBE9F749
:105820002DFB03695B7B012B02D97F4808F026FB27
:1058300006F0DEFB7D4BDFF84C821B68DFF848B2D8
:105840000393002408F1200958F8041B39B30123FD
:1058500003FA04FA039B1AEA030F1CD01AF01F0F75
:1058600019D0734B59F82420185D52F8202034B118
:105870007048CDE9041206F0B5FBDDE90412584684
:1058800008F0FCFABAF1020F05D16B4B597F11B148
:105890006A4808F0F3FA0134D6E7012532E706F04A
:1058A000A7FB674B674819684FF47A73B1FBF3F1B4
:1058B00008F0E4FA09A807F0D7F838B109A910A848
:1058C0000AF0F8FF604810A908F0D8FA06F090FB3B
:1058D0005E49D1F88820002A56D007EE902ADFEDE5
:1058E0005C6AB8EEE77AC6EE877AFDEEE77A17EEE5
:1058F000903AB6F8B00158B107EE900ADFED546A5D
:10590000F8EEE77A86EEA77AFDEEC77A17EE900AF0
:105910008C685CB107EE904ADFED4D6AF8EEE77AED
:1059200086EEA77AFDEEC77A17EE904A49490988B4
:105930006429A8BF6421CDE90004474807F022FD8F
:10594000464B474A1B78474912780988464805EB79
:105950008303D3F8183107F015FDB6F8B2114348A8
:1059600089B207F00FFD38461849414F08F0EAFDAB
:10597000404806F037FB404B1C68012634B906F05E
:1059800037FB19B0BDE8F08F1346B2E794FAA4F3E1
:10599000B3FA83F306FA03F205EB83033846D3F830
:1059A0002C1124EA020408F069FAE7E7D400002089
:1059B00000100240AE75050840420F00B37505089F
:1059C00074F50408D0750508D57505086E870508B7
:1059D000DA750508ACF40408E8DD0020B8C700203B
:1059E00028870020E2750508F0FF0120000800006C
:1059F0000376050814B40020006000080040000889
:105A00002776050856760508ACD900206876050883
:105A100070760508ADD90020727605087A760508FB
:105A2000937605089B760508A0760508D0800020AF
:105A300034060020A876050828840020B1760508E1
:105A40008C190020B5760508CF760508D8360020D9
:105A500000247449C4C70020E2760508A58A002006
:105A6000CCAE0020DC830020287705084F7705089E
:105A7000AC8505085E7705081887002090AF0020E8
:105A80008A76050890F50408AB7605080A4B1B7862
:105A900030B573B9094C034600F120051A4603CA14
:105AA000AA4220606160134604F10804F6D1012087
:105AB00030BD0020FCE700BFBADB00208CD90020FD
:105AC00008B5084B1B78014613B1074B1B783BB94F
:105AD00005480D2217F04BF8044B0120187008BD43
:105AE0000020FCE7B8DB00207CD90020B9DB0020D7
:105AF00008B5084B1B78014613B1074B1B783BB91F
:105B00000548152217F033F8044B0120187008BD22
:105B10000020FCE7B8DB002070D10020B9DB0020BA
:105B200008B5084B1B78014613B1074B1B783BB9EE
:105B30000548052217F01BF8044B0120187008BD1A
:105B40000020FCE7B8DB002088D10020B9DB002072
:105B500038B5194C94F8FB31002B184B14BF0122B7
:105B600000221A7011D0052204F5EA71144816F0CB
:105B7000FEFF152204F2D911124816F0F8FF124860
:105B80000D2204F5F77116F0F2FF94F8FC31002BAA
:105B90000E4B14BF012200221A700CD00C4C0D4A7F
:105BA00004F12005234603CBAB42106051601C4634
:105BB00002F10802F6D138BDE8DD0020B8DB002094
:105BC00088D1002070D100207CD90020BADB0020D1
:105BD0009CDF00208CD9002038B50D4C0D490522E2
:105BE00004F5EA7016F0C3FF0B49152204F2D91030
:105BF00016F0BDFF012509490D2204F5F77016F0D6
:105C0000B6FF84F8FB51FFF7A3FF284638BD00BF5D
:105C1000E8DD002088D1002070D100207CD9002050
:105C200038B50C4B1B789BB90B4B0C4C03F1200582
:105C300018685968224603C20833AB421446F7D1AC
:105C4000074B012483F8FC41FFF782FF204638BD53
:105C50000020FCE7BADB00208CD900209CDF00206C
:105C6000E8DD0020064A074B1178002003F11002FE
:105C7000392908BF186004339342F9D1704700BF37
:105C80008C6000209060002050F8083C0133012B0C
:105C900040F8083C35D91C4A1C4950F8103C821A7F
:105CA000D21001FB02F2FF2B30B48168D2B21CD9B2
:105CB0000968013B8B6200244FF0FF350123CD6260
:105CC0004B6140F8244C00214FF4005540E9065147
:105CD00001230F4C40F8081C20F81C3C20F81A3C0B
:105CE000237893420ED030BC704709685B0040F8BF
:105CF000103C4FF0FF35013B01248B62CD624C61BB
:105D0000E1E7704730BCADE7BC500020B76DDBB6B3
:105D10007451002070B5174C064600256378207832
:105D20001946033428B123B1FEF7E2F808B18642E0
:105D300015D00135152DF1D10F48D0F82C42002C8B
:105D40000BDD00F50C70024600239168E43209B1C6
:105D50008E4208D001339C42F7D1084870BD0848F4
:105D600000EB450070BDE42505FB030303F1E000F3
:105D700070BD00BFECDD0020E8DD002040F6040827
:105D8000E8DF00202DE9F84328B3DFF858901646E5
:105D90000F46002309F1040201E0152B1BD003EB91
:105DA00043044FEA4308155D854203F10103F4D132
:105DB0004C44617999B1FEF79BF804462046FFF701
:105DC000A9FF03783BB9C844204688F8007288F8D8
:105DD0000162BDE8F88300242046BDE8F8830C4644
:105DE000ECE700BFE8DD00202DE9F843274D06462B
:105DF0000F4605F5FE7805F13F0903E0A94508F1D6
:105E000002081BD06B782878194603350028F5D096
:105E1000002BF3D0FEF76CF804460028EED00068A3
:105E200011F0BEFBB042E9D16379BB42E6D198F8EC
:105E30000030002BE2D02046BDE8F883144DD5F8A1
:105E40002C92B9F1000F1DDD05F50C754FF000081F
:105E500003E0C14505F1E40514D0AC6808F1010880
:105E6000002CF6D0206811F09BFB8642F1D16379BB
:105E7000BB42EED195F8E030002BDCD1C14505F1F5
:105E8000E405EAD100242046BDE8F883ECDD0020DB
:105E9000E8DD002030B40B4D00232C1D01E0152B54
:105EA0000CD003EB43020133A15C8142F7D12A44B9
:105EB000517918B111B130BCFEF71AB8002030BCCE
:105EC000704700BFE8DD002030B4EFF311811023EC
:105ED00083F312880F4A9468136813F4803F0E4BC3
:105EE0001EBF0120C3F8C00594680C4AC9B21568EA
:105EF000D3F8C02581F31188094B19684FF47A70E3
:105F00002A4400FB01F31B1B30BCB3FBF1F300FB85
:105F10000230704710E000E0E8DD00208C1900201E
:105F2000E8AF0020114B5B68C3F30803E3B9EFF35C
:105F30001183CBB930B40E4A0E4D0F4813688468F4
:105F400011688B42FAD1D5F8C4158C42F6D80B4AA9
:105F500011684FF47A7000FB01F2121B30BCB2FBE7
:105F6000F1F200FB03207047AEE700BF00ED00E058
:105F70008C190020E8DD002010E000E0E8AF0020F0
:105F80002DE9F04F2DED048BCD4B197899B00229F6
:105F90000391019040F0A980CA4BDFF898B31B78B9
:105FA000DBED567ADFF890A307EE103AB8EEC77A29
:105FB0009AF81C3027EE277AB5EEC07AF1EE10FA87
:105FC00040F3198407EE903A9FEDBF6ADFEDBF5AA8
:105FD000DFF86893F8EEE77AF7EE006AE7EE866A94
:105FE00099F80060B7EE086AC6EE267A272E85EE8D
:105FF000876A27EE866A00F00784B54AB2F8AC30AB
:1060000007EE903AF8EEE77AB2F8AE30F4EEC67AE0
:10601000F1EE10FA88BFF0EE467AFDEEE77A07EE71
:10602000103A17EE903AB3F5FA7FA8BF4FF4FA731F
:10603000052BB8BF052307EE903AB8EEC77AF8EE05
:10604000E77AB4EE677AF1EE10FA40F05187BAF8C9
:106050001230A04CDFF8E8C29F4FA04DDFF8E4E219
:106060009FED9F6ADFED9F6ADFED9F4A05EE903A54
:10607000F8EEE55A204661463A460123A046F0EC88
:10608000017AB5EC017A77EEE57AF4EEC77AF1EEB3
:1060900010FA00F33685B1EE475AF4EEC57AF1EE08
:1060A00010FA48BF77EE877A032B00F0C584F4EE30
:1060B000C67AF1EE10FA88BFF0EE467AF4EEE67A90
:1060C000F1EE10FAB8BFF0EE667A27EEA47A072E4A
:1060D000C1ED007A82ED007A00F0C784042B00F055
:1060E000CD84013304310432C9E701227F4B914250
:1060F0001A7040F02B817E4C9FED747A637807EE26
:10610000903A7C4BF8EEE77A1B7867EE877A13F0CB
:10611000010F794B0593BCEEE78A40F0088318EE37
:10612000103A0199754ADFF80CB20B44136009204C
:10613000F1F76AFF002800F079816E4B1B78DD07CC
:1061400000F174816E4B0093DFF8FCA1DAF80020B7
:1061500000234FF400719A42CDE9133315913DDDD0
:10616000684A694C9FED698ACDF818B09846914607
:1061700008E01D2940F2F081DAF8003008F101084A
:10618000984529DA19F801BB0BEB4B0615A814F852
:10619000161002910AF09EFF37464FEA4B0304EBBC
:1061A00046067D000299049337460028E1D05848FE
:1061B0000AF090FF02990346002800F0FA8114A823
:1061C0000AF068FF317813A80AF074FFDAF800309B
:1061D00008F101089845D5DBDDF818B04D4F3B6854
:1061E000002B21DD4C4E484C002516F8018B08EBA6
:1061F000480304EB430314A8597902910AF06AFF9B
:106200000299814613A80AF065FF08EB480889EA5D
:106210000000C3B213AA04EB480014A9F1F7C6FEAC
:106220003B6801359D42E0DBDDE913303B4A3849EC
:106230001278434013930B60002A00F02485009BE2
:106240001B689F0700F1A582059B354A1B881178C2
:10625000C3F3C003994202D00021137011820820B9
:10626000F1F7D2FE002800F035822E4B1B6858054E
:1062700000F13C82124ADFF8C490022313702A4BCB
:106280001B78002B00F0048299F80030462B08D1CF
:106290000399264A0BEB8103D3F86C369B1142F825
:1062A0002130074B224A1B780BEB8303D3F86C3663
:1062B0009B11136019B0BDEC048BBDE8F08F00BFDB
:1062C000E4AD002038CA0020CDCCCC3D0024744978
:1062D000FC640020548A00206C64002028CA00203E
:1062E0000000FA430000FAC36F12033B528B0020F8
:1062F00060CA0020248400202684002070CA002068
:10630000D080002004CA002020B700208096984A40
:10631000D4920020ECC90020F0C9002000640020C5
:1063200058B8002018600020538B00209060002097
:1063300070900020E8DD00209C5100208C6000203F
:10634000E48300208C600020E8C90020BD4C237845
:10635000002B40F00D82BC4B1A78002A00F014820A
:10636000BA4A002119701478B94B1B68002C40F010
:106370008482019A9A4240F28682B64F3B78002B83
:1063800001F0FF82B44EDFF800B3DFF8E0A2DFF8DF
:10639000FC929FEDB28AB0462FE0B5EE400AF1EED6
:1063A00010FA15D0BBF8003007EE103ABBF80230F7
:1063B000B8EE477A07EE903A30EE470AF8EE677A81
:1063C00037EEC77A60EE087A87EE870A30EE080A61
:1063D000A34B03EB840383ED000AA50099F800307A
:1063E000292B03D113F082FF9E4B58513D78013485
:1063F000AC420BF1040B80F29685DAF82830072CBA
:10640000D4BF1AF80410E1B2002B40F07E83B368C9
:1064100040469847042CC0DD914B072C03EB8403C6
:1064200083ED000A4FEA8405E0DCD7E78E4B1D7848
:106430008E4B8F499A8ADB8A06EE902A07EE103A35
:10644000F8EEE66AB8EEC77A01F110020023F1EC2B
:10645000017AF4EEE67AF1EE10FA4FEA9303C8BF40
:1064600063F07F03F4EEC77AC8BFDBB2F1EE10FA37
:1064700048BF43F040038A42E9D19BF859269A422B
:1064800000F0BF850022ABF85A268BF85C268BF80B
:106490005936002D00F005855F2B01F00C826F2B23
:1064A00001F0C781734B00221A60734B1B78DA0727
:1064B0003FF548AE9BF85C36002B7FF443AEBBF94A
:1064C0005A36322B7FF73EAE6C4B1B78012293423B
:1064D0008BF85C2601F0A4821920F1F795FD0028C5
:1064E0007FF430AE664B1B78002B3FF42BAE9BF84D
:1064F0005936572B01F0DC825D2B01F0AB825E2B0D
:1065000001F0A7825B2B01F0C682562B01F04D8370
:10651000972B01F05983A72B01F05083059A12881D
:1065200002F00602002A41F0F282B73B072B3FF649
:1065300009AE01A252F823F07B70030845610308FD
:1065400045610308456103086D7003084561030850
:10655000637003085570030802356219635713F11D
:106560007D0F1FDB92F901207D2A1BDC934219DA93
:106570003F49727801EB8202D2ED057AFCEEE77AB0
:10658000052117EE902A40F2DB5592B211FB03531E
:10659000934207DA96F9030011FB00508242CCBF08
:1065A000002001200346384613AA14A9F1F7FEFC87
:1065B000E2E5023504EB050C605710F17D0F20DB9E
:1065C0009CF901507D2D1CDCA8421ADA284A757806
:1065D00002EB8505D5ED057AFCEEE77A4FF0050E66
:1065E00017EE902A40F2DB5C95B21EFB00C0A84279
:1065F00007DA96F903301EFB03C39D42CCBF00238C
:106600000123204802930AF065FD029B0028CAD1AD
:106610000293FFF787FC07EE900AF8EE677AF4EE34
:10662000C87AF1EE10FAFFF6A7AD029B002B7FF4BB
:10663000A3AD049B13485B4414F813100AF03AFD11
:106640009AE500BFE6AD0020E5AD0020D4B60020FD
:10665000D0B600204CB800207851002000007A44C9
:1066600088B600209060002024CA00209C510020A1
:10667000548A00206CCA0020248400209C22002020
:1066800025CA002048E40020306000208C600020F3
:10669000FFF748FC039FC94A0BEB87031268D3F846
:1066A0006C56D469019BAE11E109B6EBD41F18BF3B
:1066B0008D01C3F10103184418BFA911BA00884223
:1066C0005A44CBBF800105F1FF35C2F86C06C2F811
:1066D0006C56D9E5BA4A13785C0744BF23F004032B
:1066E0001370B84B1B6858057FF5C4AD0F20F1F748
:1066F00019FC002840F02882B14B1B78D90740F1E3
:1067000029829BF86836002B7FF4B4ADAE4C04F5BB
:10671000287594F8DA30002B41F0FF80E034A54270
:10672000F7D1E0F7D5FB01238BF86836A2E51B888B
:106730005E063FF5F4ACF1F789FCA44B1D780646E4
:10674000002D00F08685002841F0058118EE103AF2
:106750002BB19F4B019A1B689A4201F28181DFF8AD
:10676000A8B21020FAF722FC01238BF85836DEE499
:10677000984E336930469847974B1A7880F001005D
:106780002070002A7FF4ECADDFF88092DFF878B259
:10679000B2E18B4B1B78DE070DD50620F1F734FCF8
:1067A000002840F047848D4BDB7823B18C4BDB799C
:1067B000022B00F03F844020FAF770FD804B1B78DD
:1067C000DD0705D50520F1F71FFC002841F0958075
:1067D0002020FAF763FD0120F1F716FC002800F0F5
:1067E00049830220FAF76AFD0420FAF757FD0820D2
:1067F000FAF754FD28E5DFF814929FED7A6A99F8CC
:106800000060272E7FF4F9AB7749784AB1F8AC30B5
:1068100006EE903AF8EEE66AB1F8AE30F4EEC66AEB
:10682000F1EE10FA88BFF0EE466AFDEEE67A05EE6C
:10683000903A17EE903AB3F5FA7FA8BF4FF4FA7387
:10684000052BB8BF052307EE903AF8EEE55AF8EEAF
:10685000E76ABDEEC66AFDEEE67AF4EE665AF1EE40
:1068600010FA82ED056AC2ED067A41F00980BDEEAC
:10687000C77A82ED077AFFF7EABB0199994284BF94
:1068800004F1FF341470534EDFF88091584CDFF858
:1068900078B17069002800F0BB8080470746FFF799
:1068A00041FBDBF82C36FB1AA0EB070000F0B080B0
:1068B00099F80060DBF83456019ACBF830363E2E5A
:1068C000CBF82C76A2EB050500F0AD80A842B8BF4E
:1068D0001D46BBF83836019ACBF8342607EE905A9D
:1068E000AAB2632BB8EEE77AABF8B02100F24D8381
:1068F000DBED566A01339BB237EE667AABF8383679
:1069000007EE903AF8EEE77A94ED000A87EE278AD0
:1069100038EE268A8BED568A13F0E8FCBBF83A363F
:1069200080B2834200F02983BBF83C36032B40F24F
:106930005383DBF84036ABF83A060022ABF83C262E
:106940009B08B3F57A7FA8BF4FF47A730A2B2949C5
:10695000B8BF0A23002251F8040B8342C0F0C88755
:106960000132042AF7D13E2E13D1234B1F4A1B7844
:10697000D36107EE903AF8EEE77AADB267EE887A27
:10698000BDEEC88AFDEEE77A956082ED008AC2ED21
:10699000017A1A4B1D78022D00F02A87042D00F091
:1069A000FE86012D00F00987154B019A9A4200F2EC
:1069B0002083144A0123137061E400BF94800020F7
:1069C0002484002018600020F060002024CA0020E9
:1069D00070CA002078510020E5AD0020A88A002070
:1069E00018CA002000000000FC6400209060002015
:1069F000548A00202CE4002038CA00209D990020F1
:106A0000404B4C00E4AD0020E8DD00208C6000200D
:106A100099F80060DBF83456019ADBF830363E2EE8
:106A2000A2EB050504D1A349C1E9043588613E26DE
:106A3000002B3FF44EAF49E7F1EE677AF4EEC67AE9
:106A4000F1EE10FA88BFF0EE467AF4EEE67AF1EE57
:106A500010FAB8BFF0EE667A27EEA47A072EC1EDE1
:106A6000007A82ED007A7FF43CABFDEEE77A042BEE
:106A700017EE904A4EF823407FF433ABBAF8143047
:106A8000D8ED046ADFED8C5A9FED8C5A9FED8C6A2D
:106A900007EE903ABAF81630F8EE677A07EE103A39
:106AA00076EEE76AB8EE477A66EEA56A37EE677A61
:106AB0004446C6EE877AF4EEE57AF1EE10FA88BF26
:106AC000F0EE657AF4EEC57AF1EE10FAB8BFF0EEAA
:106AD000457A27EE867A072ECCED047A87ED047A84
:106AE00004D1744BFDEEE77AC3ED047AF1F7B4FC00
:106AF000744B1B78DA073BD5734A00231370FFF7FA
:106B0000BEBB77EEC77AFFF7CFBAB36800914046B5
:106B10009847BCEEC00A182010EE103A9DB2F1F76B
:106B200073FA6A4B0099DAF828C033F8112030B1B3
:106B3000012303FA01F111EA0C0F18BF154607EE05
:106B4000905AB8EE670A65E40F20F1F75DFA002865
:106B50007FF4D7AD9BF86836002B3FF48BABE0F7A2
:106B6000B7F9F3F7BBF800238BF86836FFF782BB61
:106B7000D4ED007A564A5748FDEEE77A164617EEEE
:106B8000903AB3F5FA6FA8BF4FF4FA63B3F57A7F82
:106B9000B8BF4FF47A73A3F57A73C3EBC3135B00EA
:106BA000A2FB03239B097F3B8DF854300DF1550266
:106BB00017AD22E010F8011B04EB8103D3ED007A3E
:106BC000FDEEE77A013217EE903AB3F5FA6FA8BFFF
:106BD0004FF4FA63B3F57A7FB8BF4FF47A73A3F535
:106BE0007A73C3EBC3135B00A6FB03739B097F3B64
:106BF000012908BF5B4202F8013C9542DAD100202E
:106C0000354D02460823012601E015F8013B04EB4F
:106C10008303D3ED007AFDEEE77A06FA02F117EE70
:106C2000903AB3F5FA6FA8BF4FF4FA63B3F57A7FE1
:106C3000B8BF4FF47A73A3F57A73C3EBC3135B0049
:106C4000B3F5FA3FA8BF084302F10102A8BF40B262
:106C5000082ADAD1214B8DF85C0093F87422D3F81E
:106C60009832032A02D0002B3FF446AF1A7B002A49
:106C70007FF442AF01221A738321092315AA174812
:106C8000D4F7D2FF38E70920F1F7BEF920B10D4B58
:106C90001B78DE0740F1F881114B1B78002B00F0C8
:106CA000038300230F4CDFF840900293CDF818B017
:106CB00075E000BF9060002000007A4400000000F2
:106CC0006F12833A24840020E4AD0020E8AD002058
:106CD000D34D621051F9040859F90408E016002058
:106CE0009D8A0020C0D30020B0D90020D9F80C30F4
:106CF000C31A002BB8BF5B42022B00F3F684D9F80D
:106D00000430ABEB0303002B42DB94F9053013F1A5
:106D10007D0FC0F2C08494F906107D2900F3BB8476
:106D20008B4280F2B884FCEEC87A0520CDED047A5F
:106D3000BDF8102040F2DB5C10FB03C3934280F2ED
:106D4000AA8410FB01C18A4200F3A5842846F1F70A
:106D500093F9B4F90C80801BB4F90A60D14A05EBB1
:106D6000450302EB83034FEA450AB3F99E21B3F9C9
:106D7000A031824203DC8342A8BF03461A46B242D6
:106D800003DB4245A8BF42461646B74240F0908218
:106D9000C54B1034A34209F1100900F06F826278EC
:106DA000FF2A1FD094F9023013F17D0FF0DB94F924
:106DB00003107D29ECDC8B42EADABC4800EB82024E
:106DC000D2ED057AFCEEE77A052017EE902A40F224
:106DD000DB5592B210FB03539342D9DA10FB0151F9
:106DE0008A42D5DCB24BD3F800B0D9F80030ABEB17
:106DF0000303002BCCDBAD4A23792578D9F8087042
:106E000002EB830393ED058AB0EE480A13F06EFAA5
:106E1000A67B002E7FF46AAF94F9051094F9062042
:106E2000B4F90C80B4F90A60A2EB010CA8EB0603DC
:106E30004FF0050E40F2DC5A0CEB8C0C1EFB01A14E
:106E400004939CFBF3F303EBD373A1EB6301884240
:106E50004FEA630340F3E5831EFB02AE734498429E
:106E600080F2DF83049B401A03FB00F393FBFCF0EA
:106E7000304473E70220F1F7C7F8002840F0DF80C4
:106E80000320F1F7C1F8002800F03C850220FAF752
:106E900005FA0420FAF702FA0820FAF70FFAFFF7CA
:106EA000D3B92846F1F7B0F8002840F0F480814BC0
:106EB000814A1D60814B15601B78D8077FF5FAAABF
:106EC0007F4B1B78002B3FF43DA97E4BDB78002BDA
:106ED0007FF438A99BF85D360133DBB2032B8BF8C6
:106EE0005D367FF62FA90420F1F74EFAFFF7DDBAE1
:106EF0009FED757A754BC7EE276A93ED006A76EEC3
:106F0000866AFCEEE77A86EE267A17EE903A82EDF4
:106F10001E7AA2F8AE3082ED227A82ED267A82EDD8
:106F20002A7AFFF794B80720F1F76EF8644B604AAD
:106F30001B781192126807920090002B40F0D680C7
:106F4000634A0D921370002D40F0DA80614B574C6C
:106F5000DFF894B10E93F0F753FE99F80030282B28
:106F600006D1D4ED047A5C4BFDEEE77AC3ED037AEB
:106F70000E9A1378013313708BE4BBF83C26DBF8D0
:106F800040360132ABF83C26DAE44D49DBED566A77
:106F90000978002900F06E81A2F2B73292B24FF662
:106FA00030218A4200F26681F6EE087A66EEA77A10
:106FB000B4EEE77AF1EE10FA00F16985F7EE047AA3
:106FC00066EEA77AF4EEC77AF1EE10FA98BFB0EE4B
:106FD000677A37EE667A93E40BEB8301DBF8403691
:106FE000D1F8442601330132C1F84426CBF84036AB
:106FF000A1E4344B9A78002A7FF4DBAC01229A702A
:10700000D7E4364A36491268BBF95A06966881FBBE
:107010000621F617A6EBA11202F5FF427F3290423D
:107020004FEAA1113FF733AA8A1B0244ABF85A2654
:10703000FFF72DBA4020FAF741F9FFF7BFBB022056
:10704000FAF72CF90420FAF739F90820FAF726F9AB
:10705000FFF7FAB80220F0F7D3FE224B0093FFF7B8
:1070600073B80320F0F7CCFEFFF76CB80020F0F700
:10707000C7FE1C4B0093FFF767B80120F0F7C0FE76
:10708000184B0093FFF760B8009B1B689B073FF508
:1070900092ABFFF7D9B88BF85D56F1F7B7FBFFF766
:1070A00004BA00BFACF40408C0D50020548A002004
:1070B0008C1900206CCA002074CA0020248400208F
:1070C0009D8A0020A88A00204E2DA63DCC95002048
:1070D0004C940020D5B600209060002094800020C1
:1070E000D34D6210D0800020E8DD0020009BAB4A29
:1070F0000D9283F00103DBB21370002D00F0758553
:10710000A74AA84C1778A848E478A8490994BAF87F
:107110001840BAF812C0B0F800E00294BAF81A4069
:107120000C97A1FB07A101F0FE0730780E9207EE45
:1071300090EA07EB51019E4A0C9FDFF8B08212786B
:107140000B9400F1FF3A99F8004007980494791ADB
:10715000F8EE679A07EE90CA964CDFED978A9FED9E
:10716000978A0F96C9B2A8F5B96B0A9102F001028D
:107170005FFA8AF100F59670B8EE679ADDF834A0F0
:10718000CDF840900027C1460590A046CDF820B02C
:107190000E4614468A4A02EB870292ED000A4FEA35
:1071A000870B53B1FCEEC07A029A17EE903A9BB26D
:1071B000934202D30B9A934240D9002C40F09D8217
:1071C000009B63B97F4B079A53F80B30D31A002BFF
:1071D000C0F2BC82042FDCBF00238AF80030F8B272
:1071E000EAF7E2FC07EE900AB8EE670AB4EEE80AA6
:1071F000F1EE10FA88BFB0EE680AB4EEC80AF1EEFC
:1072000010FAB8BFB0EE480A012E40F2158208EB22
:107210000B0383ED000A072F07DC049B2A2B04D104
:1072200013F064F8684B43F80B000137AF4209F1E3
:10723000060900F090829AF80030ABE7614B059A9E
:1072400043F80B20002C40F06682009B002BCDD031
:10725000C5E700283FF483AADFF894B19BF85836BD
:10726000002B3FF4E5A8F9F787FE00238BF858368A
:10727000FEF75DBF9FED557AFFF742BB029BDDF83D
:1072800018B0DD0700F16483029B9C0700F15B836B
:10729000029B580700F14B83029B1A46120700F12C
:1072A0004E83002B7EF4CBAF494B1B68FEF7C7BF64
:1072B0006B1E3F2B41D8DFE813F029012501210186
:1072C0001D011901150111010D010901050101013E
:1072D000FD00F900F500F100ED00E900E500E10036
:1072E000DD00D9004000D400CF00CA00C500C000B6
:1072F000BB00B600B100AC00A700A2007501700190
:107300006B01660161015C01570152014D014A01A7
:10731000470142013D014000350131012D01B0011D
:10732000AC01A701A201890184017F017A019D01BD
:10733000980193018E019D005E00254B1B6805BBE3
:10734000244B1B78002B40F0EE810120F9F78CFFD5
:10735000214BC9F80860554403EB85051F4B95F890
:107360009C01029D0BF5FA71012205430295C9F8B3
:1073700000101A700CE51A4B1B68A3F87860144BC8
:107380001B68A5F12D02012ADAD90699154AC1F820
:107390006436154B15601E60D2E700BF4C94002088
:1073A000D5B60020A88A002018CA0020ABAAAAAA35
:1073B00024840020548A002000A00C4500803B4417
:1073C00088B60020D8B600209060002000000000A1
:1073D0008C19002060920020ACF4040840CA002000
:1073E000208700202C87002030870020B0E3002079
:1073F000E8DD00208C4B1B68A3F87660BFE78A4B62
:107400001B6883F85C60BAE7874B1B6883F85A6097
:10741000B5E7854B1B68A3F87060B0E7824B1B682B
:10742000A3F86E60ABE7804B1B68A3F85860A6E733
:107430007D4B1B68A3F85660A1E77B4B1B68A3F844
:1074400052609CE7784B1B68A3F8506097E7764B37
:107450001B68A3F84E6092E7734B1B68A3F84C605F
:107460008DE7714B1B68A3F84A6088E76E4B1B6879
:107470001E8484E76C4B1B68DE8380E76A4B1B68C5
:107480009E837CE7684B1B685E8378E7664B1B68CE
:107490001E8274E7644B1B68DE8170E7624B1B68D9
:1074A0009E816CE7604B1B685E8168E75E4B1B68E2
:1074B0001E8364E75C4B1B68DE8260E75A4B1B68E7
:1074C0009E825CE7584B1B685E8258E7574B1B68EF
:1074D0001E7454E7554B1B689E7350E7534B1B6853
:1074E000DE734CE7514B1B681E7348E74F4B1B681C
:1074F0009E7244E74D4B1B68DE7240E74B4B1B68A6
:107500001E753CE7494B1B689E7438E7474B1B6868
:10751000DE7434E7444B1B689E8430E7424B1B68A3
:107520005E842CE7731EDBB2032B3FF628AF404A84
:10753000D37024E7701EC0B204F0BCFD1FE7701EBC
:10754000C0B2F0F75DFC1AE73A4BDE8017E7394B23
:107550009E7014E7344B1B6883F88B600FE7324B47
:107560001B6883F88A600AE72F4B1B6883F88760E3
:1075700005E72D4B1B6883F8866000E72A4B1B68E4
:1075800083F88560FBE6284B1B6883F88460F6E689
:10759000254B1B6883F88360F1E6234B1B6883F857
:1075A0008260ECE6204B1B6883F86060E7E61E4BC8
:1075B0001B6883F84260E2E61B4B1B6883F83F6060
:1075C000DDE6194B1B6883F83C60D8E6164B1B6858
:1075D00083F84360D3E6144B1B68A3F87460CEE6CF
:1075E000114B1B6883F84460C9E60F4B1B6883F896
:1075F0004160C4E60C4B1B6883F83E60BFE60A4B53
:107600001B6883F84060BAE6074B1B6883F83D604F
:10761000B5E6054B1B681E85B1E6034B1B68DE848F
:10762000ADE63846FFF79ABB20870020248700206C
:1076300030880020E83F0020089A0A9992F8100646
:10764000FCEEC07ACDED067ABDF8183029F811307D
:1076500030B90C99022915D94FF0010382F8103680
:10766000B9F80230B9F800C0B9F804006344034423
:1076700018B2D04B83FB0023CF4AA3EBE07322F870
:1076800017009BB207EE903AF8EE677A08EB0B030F
:10769000C3ED007ABFE594F9073013F17D0FFFF6D3
:1076A00077AB94F908107D293FF772AB8B42BFF698
:1076B0006FABBCEEC88A052018EE102A40F2DB5CE6
:1076C00092B210FB03C39342BFF662AB10FB01C141
:1076D0008A423FF75DAB2846F0F7CEFCB4F90C8048
:1076E0003044B4F90A60FFF739BB0BF16403C9F801
:1076F0000430C9F80C00FFF74BBB099B002B3FF48B
:107700005FAD042F3FF76BAD042F14BFB0EE490AF5
:10771000B0EE690A6AE5099B002B3FF496AD042F91
:107720007FF764AD5BE5A54B1B780A3B012B3FF669
:107730000CAE4520E2F76CFD0D20E2F769FD28460E
:10774000E2F766FD3046E2F78BFFFEE508EB0B0340
:1077500093ED000A4AE50D9BDDF820B00F9EDDF8A1
:1077600040901B784446002B3FF4F5AB944D042029
:10777000F9F7B4FD119B29691B68EB60002900F043
:10778000F880AA685B1A93427FF7E7AB01234FF4B6
:10779000004085F82530F9F7A1FDFFF7DEBBFEF7C5
:1077A000C1FB884A884B1268801A98427FF7FCA870
:1077B000864B00221A80FFF7F7B8DBF85436019A9F
:1077C000D31A002BFFF6F0A802F59C432033CBF828
:1077D000543611F035FD7E4A7E4B92F82C2033F85A
:1077E00012002946C0F38D00E9F7E0FBFFF7DCB893
:1077F000794B7A49DA7B04EB820454ED017A734ABF
:10780000FDEEE77A17EE903A1BB2B3F5FA6FA8BF18
:107810004FF4FA63B3F57A7FB8BF4FF47A73A3F5E8
:107820007A73C3EB8323A1FB03139B091380FFF738
:10783000BBB81920F0F7E8FB00287EF433AEBBF9A3
:107840005A36B3F5FA7FFEF67DAC9BF85C36002B1A
:107850007EF478AC624A127801218BF85C16D1076D
:1078600000F12081F0F7D2FF5E4B1B68002B00F087
:10787000428100238BF85C365B4B0093FEF764BCBF
:10788000DFED5A7A5A4B87EEA66AD3ED005A36EEF0
:10789000256AFCEEE66AC5EE867A16EE903AC1EDF0
:1078A0001E7AA1F8AE30C1ED227AC1ED267AC1ED83
:1078B0002A7AFEF7DCBFBBF95A36B3F5FA7FFEF63B
:1078C00041AC9BF85C36002B7EF43CAC444A454905
:1078D00012780B60012312EA03048BF85C3600F087
:1078E000C8800320F0F750FD3F4B0093FEF72CBCFF
:1078F000404B01321A70FFF736B82020F9F7DEFC52
:10790000FEF769BF0220F9F7C9FC0420F9F7C6FCAD
:107910000820F9F7C3FCFEF797BC2068F9F7DBF9FC
:10792000E0220021204614F0F1FFFEF7F7BE324BB3
:107930001868EBF7B3FC029B19077EF580ACEDF7F6
:10794000E9F9FEF77CBC2C4B1868ECF761FF9FE46B
:10795000F0F714FA98E4DFF8C0B0019827499BF8D3
:10796000582618EE103A03440B60002A3EF460AD2E
:1079700079E44FF400402B61F9F7B8FCD5E9033105
:10798000FFE61F4B1F4A1B7811921268002B59D03B
:107990000720F0F739FB1C4B1C4A0E9380F00100C6
:1079A000C3B21B4EDFF874901A4CDFF86CB0137042
:1079B000D9E600BF56555555FCE30020C89200207B
:1079C000A88A0020B4DB002060E3160028B0002065
:1079D000642B002000C800209C510020D34D621071
:1079E000248400206CCA0020D08000204E2DA63DAB
:1079F000CC95002038CA00202087002070CA0020C3
:107A00009D8A00208C190020D5B600204C940020BF
:107A100078510020548A0020E8DD00208C6000208E
:107A2000754B93F8743293423EF456AD734B1B780A
:107A3000032B3EF487AB724B5B7A002B7EF44CAD8C
:107A4000FEF780BB6F4A704EDFF8F4911370FFF7BA
:107A50007DBA022004F02EFB6C4B0093FEF774BB42
:107A6000DFF8E0B10220F0F78FFC8BF85866FEF7E4
:107A70005EBB0F20F9F79AFABBF85A368BF85C46D2
:107A8000FA3BABF85A36614B0093FEF75DBB37EE1D
:107A9000E67AFEF735BF012004F00CFB5B4B009348
:107AA000FEF752BB5A4A594900911360FEF74CBB8E
:107AB000584A594B108B1968584A42F2107303FB0D
:107AC00000F39068B3FBF0F3C2F8C031C2F83C3366
:107AD0000B0670D44D4B00931B685F077EF534ABEB
:107AE0004F485049504B1424002204800020088045
:107AF0001A60FEF729BB4D4B1B68B3F5805F7EF41F
:107B000021AB2378002B7FF4B4AEFEF71BBB9BF8B0
:107B10005E26002415941AB103F0C002802A5CD1BD
:107B2000B73B072B3EF60EAB01A252F823F000BF85
:107B3000A17B03084561030845610308456103080B
:107B4000997B0308456103088F7B0308517B030879
:107B50000123ADF85430364BBDF856009989DA89C7
:107B6000BDF85440024421440120DA8199818BF808
:107B70005E06F9F779FBBBF85A36244A0092FA3BC5
:107B80000022ABF85A368BF85C26FEF7DDBA4FF6CA
:107B9000FF73ADF85430DEE70123ADF85630DAE775
:107BA0004FF6FF73ADF85630D5E709F057FA9BF85A
:107BB0005936FEF7ADBCE1F72FFD8BE7E7F77AFB0F
:107BC000124B0093FEF7C0BA104A1A4B00924FF4C2
:107BD000C872A3F89020FEF7B7BA09F03FFA0B4B32
:107BE0008BF85E460093FEF7AFBA134A134CDFF8EA
:107BF00054B00E92B7E500BFE0160020A58A002021
:107C0000F88300204C94002078510020D080002080
:107C100074CA002090AF00201860002004400020AB
:107C20005ECA0020F0D80020F4D800201887002079
:107C3000806400205CB30020D5B60020548A002068
:107C40008C600020E8DD002038B505460C46FEF7C4
:107C500069F92B7B93B90A4A13682044144623B967
:107C600007E003F108049B681BB15A68121A002A46
:107C7000F7DB0122C5E901032A73256038BD00BF87
:107C8000E8DD002038B50546FEF74CF90446FEF75E
:107C900049F9031BAB42FAD338BD00BF10B5441EEF
:107CA000013C4FF47A70FFF7EDFF631CF8D110BD73
:107CB00010B4EFF31183102282F312880B4C0C499D
:107CC00022680C48013222608A68C0F8C42500226C
:107CD000C0F8C0250A68DBB283F31188064A5DF854
:107CE000044B136801331360704700BF8C190020E8
:107CF00010E000E0E8DD0020A4220020024BD3F8D1
:107D000088060EF0D5BE00BFE8DD0020024BD3F898
:107D100084060EF0CDBE00BFE8DD0020024BD3F894
:107D200080060EF0C5BE00BFE8DD0020024BD3F890
:107D30007C060EF0BDBE00BFE8DD0020024BD3F88C
:107D400078060EF0B5BE00BFE8DD00200368DB6AF0
:107D500003B11847704700BF03689B6A03B1184717
:107D6000704700BF03689B69184700BF03685B69E1
:107D7000184700BF0368DB68184700BF03689B68AB
:107D8000184700BF03685B68184700BF03682DE908
:107D9000F0415F6A1FB13B46BDE8F0411847002A39
:107DA000164611DD04460D460E4400E023689B682C
:107DB000204698470028F9D0236815F8011B1B6856
:107DC00020469847AE42F1D1BDE8F081DEE700BF22
:107DD00003681B68184700BF38B50C4614F8011B30
:107DE00041B105462B6828461B68984714F8011BCB
:107DF0000029F7D138BD00BF10B5084C236893F8AF
:107E0000252012B15B68984700B910BD044A236869
:107E100012689A62012283F8262010BD9C5400202B
:107E20008C19002010B5054C23689B68984723687F
:107E3000002283F826209A6210BD00BF9C540020C7
:107E400010B5084C2368DB68984723680022BDE81A
:107E5000104083F826209A6283F8252040F2DC50F7
:107E600010E700BF9C54002000207047054B53F8DA
:107E7000203033B11A689B8851690B4218BF1B042C
:107E8000936170470452002038B50409013C052C69
:107E900019D80F4D05EB440200F00F03B2F8B414EB
:107EA00041FA03F212F001020FD00120984001388C
:107EB00008402C4411F086FB94F8C034054A18445D
:107EC00002EBC00038BD002038BD104638BD00BFF1
:107ED000ACF404088CE40020F0B40F4A0F4E104FAD
:107EE0004FF090444FF6FF700125002340FA03F154
:107EF000C90704D505FA03F11460918008320133F3
:107F0000102BF3D104F58064BC4202D036F8020F86
:107F1000EBE7F0BC704700BF8CE4002060F9040878
:107F20000018004808B1FCF747BF7047F8B50C4F80
:107F300097F824308BB10B4C0025A6683079FFF7F9
:107F4000A3FF94F8B810727AFFF7ECFF97F824308B
:107F50000135AB4204F59A74EFDC0120F8BD00BF97
:107F600004540020685A002010B10022FCF724BFFE
:107F7000704700BF38B5094C04F5407502E008347D
:107F8000AC4209D0A379002BF9D120462021083436
:107F9000FFF7EAFFAC42F5D138BD00BF8CE400200A
:107FA0002DE9F041104D01242E1D4FF051085227AC
:107FB00015F8010BFFF768FF202120B180F806803B
:107FC000C471FFF7D1FF16F8010BFFF75DFF4021E9
:107FD00018B18771C471FFF7C7FF0134E4B2052CF3
:107FE000E6D1BDE8F08100BF8CE7002010B1036846
:107FF00082889A62704700BF10B1036882889A61D4
:10800000704700BFF8B58569002D38D02C68236A09
:108010001B7B002B59D12269364B117AD2F800C054
:10802000666962683068194411F8017C5CF80710D1
:1080300021F001014CF80710317A1944022311F89C
:10804000017CC15921F00101C151317D8B4043F0C8
:108050000C034360536823F002035360536823F01A
:1080600001035360236A1B698BB1236A686F1B6924
:108070009847012804D0022809D100232362F8BDC3
:10808000236A143B01462362284610F0CFFE236A80
:10809000DA6942B95869E8B1996921625A61BDE863
:1080A000F84010F0EBBE216A94F824200E7B1433C4
:1080B0002362F6B2A2B97EB9284610F059FE2846CE
:1080C0000121BDE8F84010F0B1BEA868FFF794FFA9
:1080D0002C68A0E72062F8BDA868FFF787FFEBE7F0
:1080E0000021284610F0A2FE002384F82430002E40
:1080F000E2D0F1E72423050818B10268838809B1AA
:10810000936170471B04FBE70F4B1B8801462BB99B
:108110000E4B0F4A1B7810687BB1EDE70D4B5A6987
:108120008AB168B10C4A186811880C4AB2FBF1F2A6
:1081300001210A4102605974704781F00101DBE7B7
:108140001A68106058747047165200201C520020A4
:1081500018520020205200203852002040420F00C8
:1081600038B5074B03EBC0042579627969408A4230
:1081700000D138BD53F83000FFF7BEFF617138BD44
:10818000DC51002010B40A4B0A4A1C7801238340BA
:10819000234052F8200029B1191E5DF8044B18BF86
:1081A0000121A9E7B3FA83F15DF8044B4909A3E77C
:1081B000FC5100200452002008B501210020FFF7E7
:1081C000E1FF01210846FFF7DDFF01210220FFF753
:1081D000D9FF164B93F8AC3903F00503052B18D0E3
:1081E00000210846FFF7CEFF00210120FFF7CAFF5C
:1081F00000210220FFF7C6FF3220FFF74FFD0020CD
:10820000FFF734FE0120FFF731FE0220FFF72EFEBC
:10821000F2E7074B00221A605A609A60DA60D3F7DF
:1082200015F83220FFF73AFDDAE700BFE8DD00205D
:108230007C60002070B50E46012104460846FFF719
:10824000A1FF00210846FFF79DFF44B3651EEDB274
:10825000013E0120FFF70AFE0020FFF707FE012084
:10826000FFF752FF3446013C4FF47A70FFF70AFDE6
:10827000621CF8D10120FFF7F9FD0020FFF7F6FDA1
:108280000020FFF741FF3446013C4FF47A70FFF7BE
:10829000F9FC631CF8D1013DEDB2FF2DD9D170BDC1
:1082A000013070B5C6B24D1E32210520FFF7C2FF66
:1082B0004FF4FA744FF47A70FFF7E4FC013CF9D103
:1082C000FA213046FFF7B6FF4FF47A744FF47A7014
:1082D000FFF7D8FC013CF9D1013DE5D270BD00BFEC
:1082E00008B50A21FFF7DCFFCFF708F830B10368C3
:1082F00082881B691A4214BF01200020704700BF0A
:1083000028B18088B0FA80F0C0F11F0070474FF0AC
:10831000FF3070474FF47C40FCF7C4BC4FF47870DA
:10832000FCF7C0BC1020FCF7BDBC00BF0820FCF768
:10833000B9BC00BF0420FCF7B5BC00BF0220FCF7AD
:10834000B1BC00BF0120FCF7ADBC00BF60B18288AA
:108350004FF00043B2FA82F2D34005D0034A1168CD
:1083600021EA030111605361704700BF000401401E
:1083700058B183884FF00042B3FA83F332FA03F323
:1083800003D002490A6813430B60704700040140A0
:10839000F0B4124E124C06F599673D46002304E0F6
:1083A00001331E2B17D055F83340A042F8D107EB0C
:1083B000C3044FEAC30C24798C42F1D1094B02EB80
:1083C0004202664403EB820096F8CD148160F0BC53
:1083D00003F8221070470020F0BC7047ACF404088A
:1083E000002C0140540900202DE9F041154686B0CB
:1083F0006A1C8846BDF830600D9F194626D00309D7
:1084000000F00F044033CDE90045174A059330468C
:10841000B847C0B1EAB20F2AD8F8000098F80510A2
:1084200011D82A46FFF7B4FF68B10288017803919A
:10843000C2F30321120BCDE900420291059B0B4AC6
:1084400000213046B84706B0BDE8F0817306FAD483
:108450000309074A00F00F000C9040333046BC4639
:1084600006B0BDE8F04160477477050886770508D7
:10847000B0770508D8B170B406460E483579041DAA
:10848000002301E0152B0FD003EB43020133A15C65
:10849000A942F7D10244717992F906203068D3B22B
:1084A0000F2B01D870BC73E7002070BC7047002010
:1084B000704700BFE8DD0020D3B20F2B21D830B4C5
:1084C0000025114C2B4604E00133252B16D014F85F
:1084D000035FA842F8D165788D42F5D10B490C4C69
:1084E00003EB430302EB42020B4404EB820093F8DC
:1084F000BA35836004F8223030BC7047002030BCAD
:1085000070470020704700BF64FA0408ACF4040808
:10851000540900202DE9FF471E46C368BDF830709E
:10852000DDF8348004468946924643B3CBB20B2B28
:108530009ABF1A4AD5560025BAF1FF3F21D02368C9
:10854000174A3146CDE9005A3846C047524620798D
:108550005FFA89F1FFF7B0FF024600B10288D3B29B
:108560000393C2F30323120BCDE9005202930D4A89
:10857000236831463846C04704B0BDE8F0874D1C3B
:10858000DAE77B06F8D42368074A0C95314638466B
:10859000C44604B0BDE8F047604700BF1C5D050855
:1085A000C4770508D1770508F67705082DE9F04F5F
:1085B0002DED028B0A468BB00021824603F02EFD82
:1085C0006E4D814605F1900B00266D4B93F8AC4142
:1085D000AB7AB34200F393801035AB45F4D140F24F
:1085E000162008F055FED0E902530CB12C461D466A
:1085F0000DF1100B15220021584614F087F90027C1
:108600002E78002E42D069783046FBF791FC95F920
:10861000023002935A1C534208EE100A5341002CB8
:1086200000F0A880002214F802C0B44504EB020058
:1086300040F09C8090F90280029A424540F094807C
:1086400042788A4208BF012301220BF8072003F079
:1086500001034A4683F001015046039303F0DEFC18
:10866000039B81464CB1474A18EE101ACDE900A28F
:1086700030464246FFF7B8FE039B434A18EE101AF5
:10868000CDE900A23046029AFFF7AEFE0137152F62
:1086900005F10305B4D16CB33A4FDFF8EC8004F177
:1086A0003F061BF8013B02930BBB2078F8B194F90D
:1086B000022001321BD06178FBF73AFC4A4605469E
:1086C0000121504603F0AAFC94F90220029B29469E
:1086D00081462078CDE900A7FFF786FE2078029B2F
:1086E000CDE900A84FF0FF322946FFF77DFE0334A5
:1086F000B442D6D10BB0BDEC028BBDE8F08FE88858
:1087000008F0C6FDD0E902230CB114461A462B7AB4
:10871000697A06FB031312F9038014B3E756B845D0
:108720000CBF012300234A4614BF012100215046FB
:10873000029303F073FC029B814644B1114A314617
:10874000CDE900A228463A46FFF7E4FE029B0E4A16
:108750003146CDE900A228464246FFF7DBFE01364E
:1087600033E74FF0FF37DAE700236DE703323F2AA4
:108770007FF459AF4FF0FF386BE700BF140A0020B9
:10878000E8DD0020ADEC0308DDEC0308074A002318
:108790005168814203F1010302F1240203D0102B3E
:1087A000F6D100207047D8B2704700BF64010020A6
:1087B00038B5054600780C46FFF766FB611CC9B268
:1087C000044610B140238371C17120466978FFF7D8
:1087D000CBFBAB78204613B1BDE838400CE4BDE8D4
:1087E000384003E40D4B2DE9F0411F680C4E05465F
:1087F0000024A74201DCBDE8F08104EB440303EB55
:108800000608F05CFFF740FB854204D12146404654
:10881000BDE8F041CCE70134EBE700BF302B00208E
:10882000342B002070B40468EFF31186102383F317
:10883000128803681B6AE3B18B6805460A461BB1C0
:10884000D3691432002BFBD1236ACBB19C683CB9AD
:10885000934209D01C682CB15B689C68002CF7D04F
:108860001433F3E7C3E90051F6B286F3118870BC04
:1088700070472162F6B286F3118870BC10F0FEBA20
:108880001D60FFDE03680246187B18B1586908B105
:1088900092F86800704700BF2DE9F04F6D4DDFF88A
:1088A000C08183B000272B78022B09D00137042F19
:1088B00005F1280508F10508F5D103B0BDE8F08FF2
:1088C00098F90340621C00F08A80E4B226465FFA01
:1088D00087FBA94662B259460020FFF7EDFD8246AC
:1088E00000286BD040685C4DFFF750FF421E02EB42
:1088F000C20305EB83030BF1010E93F81CC0BCF11E
:10890000000F5BD14FF014051D7783F81DE00028A0
:1089100054D0544204F0070419464D4602F00702B1
:1089200058BF6242DAF80830CB60013229610A721E
:1089300081460FF0A9FC98F90440631C4BD0E4B2C7
:10894000A246CDF8009062B259460120FFF7B4FD6F
:10895000064600283AD04068FFF718FF3E49431EFC
:1089600003EBC30C01EB8C0C0BF1010E9CF81C10FB
:1089700061BB4FF013098CF81C908CF81DE028B3F4
:108980005C4204F0070403F0070358BF6342DDF8BC
:108990000090B468CCF80C400133C5F814C08CF8D2
:1089A0000830CDE900100FF06FFCDDE90012B9F1DD
:1089B000000F17D10023C5E9043377E70134E4B28F
:1089C000B44287D94D464FF00009B4E70134E4B210
:1089D000A245B8D2EEE74FF00F0A0024B1E70F2608
:1089E000002474E76869CDE9002110F0E1FB2869F3
:1089F00010F0DEFBAC692046D8F736FE28690199F5
:108A0000C0686B6860621020C4E902016869009A5E
:108A1000A1620C33C4E906112360216180B1EC69C5
:108A20002046D8F721FE686901996B68C068009AF2
:108A30006062C4E902110C332360A1622161A1616B
:108A40000023104605491A460FF002FC01232B7340
:108A50002CE700BF98E70020640100200580030890
:108A6000983F00200139032931D81E4B01EB8102C8
:108A700070B403EBC20503F51B6495F8B06904EB11
:108A8000C204022E4FF00102046080F8682020D05A
:108A9000C9B2C1EB011103EBC101D1F8503AC5F8DD
:108AA000B4398BB102264FF4807400F1100100F14B
:108AB0003C0385F8B0691046A5F8BC49C5F8C8194B
:108AC000C5F8CC3970BC7047002070BC70470020DE
:108AD000704795F8BD391344104685F8BD3970BC10
:108AE000704700BFE8DD00200A4B1B68B0EB930F16
:108AF0000ED210B49A0804460721022052084300FF
:108B0000944298B201D20139F8D15DF8044B704714
:108B100002207047D400002070B592B004460023B4
:108B200001228DF807100DF107060DF10B0503A9C1
:108B300005920A928DF82C208DF84020CDE907335C
:108B4000CDE90C33CDE90E33039604938DF818303C
:108B500011930995FFF766FE2268136A002BFCD17A
:108B60009DF80B0012B070BD70B592B005460024A0
:108B70008DF8071009920DF10706012203A905924D
:108B80008DF82C208DF84020CDE90364CDE9074411
:108B9000CDE90C44CDE90E440A938DF818401194A8
:108BA000FFF740FE2A68136A002BFCD112B070BD9B
:108BB00010B50468246A0CB1002010BD41F080019A
:108BC000FFF7D2FF012010BD70B592B0054600231B
:108BD00001248DF807108DF806200DF107060DF120
:108BE000060203A90892CDE90C33CDE90E330396B2
:108BF00004938DF8183007930993119305940A9400
:108C00008DF82C408DF84040FFF70CFE2A68136A5F
:108C1000002BFCD112B070BD08B503681B6A0BB104
:108C2000002008BDFFF7D0FF012008BD70B58AB055
:108C3000054600240126009169460192CDE90444CD
:108C4000CDE9064402938DF80C608DF820600994FC
:108C5000FFF7E8FD2A68136A002BFCD10AB070BD4B
:108C60000268136A002BFCD1704700BF03681B78B1
:108C7000012B06D0022B08D1044A1378013313705C
:108C80007047034A1378013313707047ACD9002042
:108C9000ADD900202DE9F041056895F800C0BCF180
:108CA000010F82B008D0BCF1020F0CD141F080015D
:108CB00002B0BDE8F0417BE7174695F90420541C4B
:108CC00001D0032A03DD002002B0BDE8F081DFF807
:108CD00018814FF0640E0EFB028E0446DEF8180079
:108CE0000028F1D01E469EF85930202BEBD1856923
:108CF00015F40045E7D19EF85830012B63D0334B73
:108D0000247918688EF858C0B3B222268EF85960BC
:108D100040268EF85A602E4ECEF85C50AEF84230A7
:108D2000CEF84460BEF842302A4ECEF83C709BB27A
:108D3000FF2BCEF84C6041D8BEF842C04FF0007710
:108D40001FFA8CFC642303FB02F2660008EB0204AA
:108D500002F1180300900A4608EB0300314619237C
:108D6000A4F840C0CEF7D2FAE8B9A2691A4953680C
:108D70003E430B4094F84070E16C334343EA0743B1
:108D8000164E43F0004343F41053B142536084F84D
:108D9000580003D0124B994218BFF425106828439D
:108DA0001060012090E70F4AB2F8B23101339BB254
:108DB0000020A2F8B23184F8580085E74FF0FF0C8C
:108DC0004FF08077BEE728467EE700BFA422002050
:108DD0000000FFFFF5350108009800FCAD340108E4
:108DE000A5330108E8DD0020C03300202DE9F04F55
:108DF000076897F800E0BEF1010F85B00C4608D077
:108E0000BEF1020F0DD141F0800105B0BDE8F04F79
:108E1000CEE697F90490B9F1FF3F02D0B9F1030F04
:108E200003DD002005B0BDE8F08F1D466427BF4B71
:108E300007FB09F703EB070B8446DBF8180018372C
:108E40001F440028EED09CF804300393FF299BF8C0
:108E50005930164600F0C280202B40F0B6809BF8B7
:108E60005830012B00F0B180B14B8BF858E0D3F8AB
:108E70000080CDF80080724619234FF40041384637
:108E8000D9F7ECFD8246002840F09F80039BCDF887
:108E90000080590040202223ADB28BF85930224681
:108EA0008BF85A00CBF83C60CBF85CA0CBF84CA018
:108EB0000A233846ABF842500391CEF727FA002830
:108EC00040F09781BBF842309A4C9BB2FF2B974BF6
:108ED0004FF0640202FB093240F28E81906996499C
:108EE00043682340039C23431943FF24A2F84040D6
:108EF00041608E4A039D642303FB0929444605E033
:108F0000B9F842309BB2002B00F08A8100940A230A
:108F1000002204213846D9F7A1FD002855D1D9F8FF
:108F20001820D9F83C30526A1A70B9F84210B9F8D2
:108F30004020D9F83C30013989B2A9F84210B9F87B
:108F40004210013A92B2013389B2A9F84020C9F81F
:108F50003C300029D4D0002AD2D1802100940A23A9
:108F60003846D9F77BFD75494FF0FF0C0E4660BBC4
:108F7000B9F842309BB2634540F21681D9F8182007
:108F8000A9F840C053680B402B4343F0FF7343F4F0
:108F900080335360B4E79A69520703D5B4F8402090
:108FA000002A7AD12020D861604D5968644C64222F
:108FB00002FB0959214000225960C9F85C2089F858
:108FC000582089F8590089F85A205E4AB2F8B2311F
:108FD00001339BB2A2F8B231002023E7202BF4D159
:108FE0009BF85830012BF0D0DFF844A18BF858E003
:108FF000DAF80080CDF80080724619234FF4004162
:109000003846D9F72BFD0028DFD122238BF85930C1
:10901000ADB210238BF85A30CBF85C00ABF842505D
:10902000BBF84230039ACBF83C609BB2FF2B4FEA6F
:109030004205CBF84C0040F2C880DBF818103D4ADE
:109040004B68ABF8404013403B4A2B431A434A60FD
:10905000364B642404FB0934B4F842309BB2002B35
:1090600039D04646A846A36910E09D69ED0604D5AF
:10907000D9F782FC0028A8D1A369996911F02001D1
:1090800089D1DAF80020921B0A2A40D89D696D0721
:1090900032464FF00A013846E7D5E26B5B6A13703F
:1090A000B4F84210B4F84020E36B013989B2A4F857
:1090B0004210B4F84210013A92B2013389B2A4F8D6
:1090C0004020E36309B1002A3ED0B4F842309BB29D
:1090D000002BC8D1B04641463846CEF743F9034687
:1090E00000287FF472AF11491548642202FB091968
:1090F0002024D9F81820D461516801405160012022
:1091000089F8594089F8583089F85A308AE6074A70
:10911000642303FB09292022D9F85C3089F8581010
:109120001343C9F85C3089F859204EE7C03300205A
:10913000A4220020009800FC0024FF81009C00FC79
:1091400000E800FEE8DD002000960A238021384672
:10915000D9F784FC00287FF438AFB4F842309BB2D2
:10916000FF2B0ED9A269354953680B4043EA080327
:1091700043F0FF7343F48033FF21A4F840105360A1
:10918000A3E7B4F84220A069DFF8B0C0416892B20A
:10919000D3B248EA034301EA0C010B4343F00073E6
:1091A000A4F84020436090E7B9F84230D9F818108D
:1091B0009BB24A68A9F84030DBB245EA034332402B
:1091C000134343F000734B609AE6DBF81800BBF8DA
:1091D00042201B49436892B21940D3B245EA034387
:1091E0000B4343F0024343F41053ABF84020436079
:1091F0002EE78BF858A0E8E6B2F8423091699BB2AE
:109200004868A2F84030039ADBB242EA034300EA1E
:109210000402134343F0024343F410534B6068E6E7
:1092200021463846CEF79EF8034600287FF4CDAE9F
:10923000D9F81820034820245DE700BF009C00FCFB
:10924000009800FC00E800FE2DE9F04305682E7848
:10925000012E83B007D0022E0ED101F07F0103B0A2
:10926000BDE8F043D8E495F90470424D7B1C85F8C5
:10927000302C01D0032F03DD002003B0BDE8F083C4
:10928000DFF808C1642202FB07C203469069002888
:10929000F3D092F85940202CEED1846914F40044A4
:1092A000EAD192F85800012862D0DFF8E4E093F8A0
:1092B0000490DEF80030304882F858604FF0210EFC
:1092C00082F859E04FF0400E82F85AE0D465A2F8D7
:1092D00042605064B2F84200284ED66480B205F570
:1092E0004366FF28D6633ED8B2F842E04FF00078DC
:1092F0001FFA8EFE642000FB07F70CEB07064FEA0F
:109300004909183700930A460CEB07004946192310
:10931000A6F840E0CFF76EF8D8B9B269184D536897
:1093200096F840102B4043EA090343EA0143154DE8
:10933000F16C43EA0803A942536086F8580003D051
:10934000114B994218BFF22410682043106001208D
:1093500093E7B5F8B23101339BB20020A5F8B231E2
:1093600086F8580089E74FF0FF0E4FF08078C1E78C
:10937000204682E7E8DD00200000FFFFF535010808
:10938000009C00FCAD340108A5330108C033002067
:10939000A42200202DE9F04F06683578012D87B012
:1093A0000C4608D0022D10D101F07F01FFF734FCEC
:1093B00007B0BDE8F08F96F9047090F804A08DF81E
:1093C00017207B1C01D0032F03DD002007B0BDE870
:1093D000F08FDFF8D491642606FB07F609EB060848
:1093E000D8F818000028E3D098F85930202B40F026
:1093F000928098F85830012B00F08D80664B88F8E9
:1094000058501836D3F800B0CDF800B04E4430466E
:1094100019232A464FF40041D9F720FB0390002876
:1094200079D12120CDF800B0402388F859004FEAC7
:109430004A0A0DF117002246039C88F85A30C8F8F2
:109440003C00C8F85C405146C8F84C400A233046FE
:10945000A8F84250CEF7CEFF002859D1B8F84230D4
:109460009BB2FF2B70D9D8F818204C4953680B4099
:1094700043EA0A0343F0FF7343F48033FF21A8F863
:1094800040105360642303FB079704E0B7F84230B1
:109490009BB2002B6AD05A460A213046D9F7AEFA61
:1094A000002838D1F96BBB6911F8012B9A62B7F823
:1094B0004230B7F84020F963013B9BB2A7F8423035
:1094C000B7F84230013A92B29BB2A7F84020002B85
:1094D000DCD0002ADAD18021CDF800B00A23304652
:1094E000D9F7BCFA2D4AFF241146A0B9B7F842308B
:1094F0009BB2A34218D9B969A7F840404B68134002
:1095000043EA0A0343F0FF7343F480334B60BDE743
:10951000039B88F85830224AB2F8B23101339BB22B
:10952000A2F8B231002043E7B7F84230B8699BB2E5
:109530004268A7F84030DBB24AEA03430A401343CB
:1095400043F000734360A1E7D8F81800B8F8422050
:109550001249436892B21940D3B24AEA03430B431B
:1095600043F00073A8F8402043608BE7594630462B
:10957000CDF7F8FE03460028CDD1BA69094820246A
:10958000D461516801405160012087F8594087F843
:10959000583087F85A300BE7A4220020009C00FCCA
:1095A000E8DD002000E800FEC0330020427B42B12D
:1095B00010B503680446D0E901019847002363739E
:1095C00010BD704710B5437B82680446581C607319
:1095D000D154627B237B934206D82AB12368D4E915
:1095E000010198470023637310BD00BF084B1B683F
:1095F00093F8260000B97047986A0028FBD0054B05
:109600001B6800F6B83098422CBF0020012070473C
:109610009C5400208C190020094B1B6893F82400EF
:1096200060B1084B002201E0904207D01988013256
:1096300003F59A730029F7D0002070470120704786
:109640009C540020685A00202DE9F04F6E4C26787B
:10965000A7B016B927B0BDE8F08F05461446002B19
:1096600068D0012BF6D1DFF8B481D8F8002092F849
:10967000260080F001000028ECD02F2CEAD8DFF87B
:10968000A0C1624A9CF80080127808F1010000F045
:1096900003009042DED0621E142A44D8DFE802F0B4
:1096A0004747474747430B0B0B0B430B434343438E
:1096B0004343430B0B004FF47A770A26012B40D02B
:1096C000002BC7D1DFF85C918CF8000008EB880212
:1096D00009EB82024FEA880A1673976071B114226F
:1096E00002FB08920D329D4229D0FF2D0CBF20466F
:1096F000002001338B4202F8010BF4D3FFF78CFFFB
:10970000002868D0424B0AEB08021968920009EB66
:109710000200012401F51C530F3309F80240B3FB8A
:10972000F1F3436096E74FF47A770126C6E7394FA5
:109730000126C3E70193FFF759FF019B9BE72046F2
:10974000D7E742F22830FEF79DFADFF8D0804FF4D9
:109750007A70FEF797FAFCF7E5FB00F57A7905E0F9
:10976000FCF7E0FBA9EB0000002806DD02A8FAF7F1
:1097700079FC069B98470028F2D0D8F8003093F87F
:1097800024308BB34FF0000AD3464FF49A7910E09F
:1097900014A8FAF767FC1B9B584600219847D8F895
:1097A00000300AF1010A93F824105FFA8AFB594548
:1097B0001AD9194B5D4509FB0B310BA801D0FF2DC0
:1097C000E6D14FF001038B70FAF74CFC129B584620
:1097D00021469847E3E70AEB08039B0009EB0302E5
:1097E00009F80300506035E71DA8FAF73BFC013E7D
:1097F000229B984716F0FF06A9D1384627B0BDE84E
:10980000F04FFEF73FBA00BF9454002028300020EC
:10981000A4030020A0860100685A00209C54002068
:109820007C3000202C3000200D4A0E4B12781B7823
:10983000934209D003EB83000B4911F82010481E16
:10984000012803D9032903D0002070470120704765
:10985000581C00F00300801A18BF0120704700BF99
:109860007C300020283000202C300020F0B4194C2F
:10987000194BA4FB02425209A3FB0243DB0803EB92
:109880008303A2EB430390F85820DDB2AA421ED016
:1098900000EB83040268A7684668D21B0260276B4E
:1098A000F61B002746609B00A760276380F858508E
:1098B0000132034402609A6801329A6029B9426811
:1098C000013242601A6B01321A63F0BC70470268C1
:1098D0009B00EDE71F85EB51CDCCCCCC10B4EFF362
:1098E0001182902383F3128883780488002143EA4D
:1098F0004403D2B281709BB282F31188074A180ADE
:10990000127880EA1310584002B1C0431B019BB289
:1099100000F00F0018435DF8044B70479654002088
:1099200038B5084C084DAC4204D3084B012283F8EB
:10993000AC2138BDD4E90210A28812F085F81C349D
:10994000F1E700BFB89105087C990508E8DD002023
:109950002DE9F047254C94F8317C81461FB1002554
:109960002846BDE8F08702F0F2F905460028F6D057
:109970001F4ED6F800803760B9F1000F01D01D4BA3
:109980001F601D494FF4807201F6DA3012F05CF866
:109990000023D4F854A06365012384F8313C174BAD
:1099A000D3F80090484602F093F90746C8B90D2055
:1099B000FBF733FA84F8317CB8F1000F04D00D4B7B
:1099C000C6F80080C3F800800D494FF48072A1F6FC
:1099D000DA3012F039F80B4BC4F854A001229A7314
:1099E000BEE719F8010BFBF718FADBE7E8DD00200A
:1099F0002C6000205C64002040DE0020002800086D
:109A00001AEA002014B4002008B50120FFF7A0FFD7
:109A100020B9BDE80840024802F0EEBA08BD00BF18
:109A2000057805082DE9F04F0C4693B0BB49054673
:109A30002046174603F0C8F80646002840F0538237
:109A4000B749204603F0C0F80646002840F04D8292
:109A5000B449204603F0B8F80646002840F0478293
:109A6000B149204603F0B0F80646002840F0418294
:109A70002046AE4903F0A8F80028064612BF082485
:109A8000264601240FB144F01004A949304603F0E2
:109A90009BF8002800F02F8244F0200404F4807327
:109AA0000493A44B93F8AC310BB9FFF739FF07F0DF
:109AB0001FFB049B0BB9FFF7A7FF14F0090F00F081
:109AC00008839D4802F09EFA00212846FBF7BEFA63
:109AD000049B002B40F01982984802F093FA9848B2
:109AE00002F08AFA04F01803182B40F0118295480E
:109AF00002F088FA944802F07FFA0123059302F0FD
:109B000077FA14F0100A00F00682904B1B78002BB5
:109B100040F001828E4B1B78002B40F004828D4B6D
:109B20001B78002B40F0078204F48473082B07D1C4
:109B30008949284603F032FF8749284606F02CFE63
:109B400014F080060BD1854B1A78002A844A06BF90
:109B5000012113460021834A204605F0BFF88249BF
:109B60002046FBF735FC81492046FBF797FB8049EF
:109B70002046FEF71BFD002E40F0BD827D4B1B688A
:109B800002937D4B1B680393BAF1000F40F0D8811C
:109B90007A4802F037FA5646794BDFF87C92CDE9E5
:109BA0000633DDE9023263EA02034FF0000809934D
:109BB000079B53F8047B0793002F40F0C381DDE936
:109BC0000223DFF858B263EA0203B8460793069B04
:109BD00053F8047B0693002F40F0E081694B6A4AFA
:109BE0006A49DFF83C826A4E204606F03FFB694B2B
:109BF000694A6A49204605F077FC694B694A6A4917
:109C0000204605F055F9694B694A6A49204605F036
:109C1000D1F8694B694A01930092D8F80020316865
:109C2000204605F06FF840F20222654B0193009246
:109C3000D8F80820B168204605F064F8BAF1000FA2
:109C400040F0DF815F4802F0DDF952465E49DFF8FF
:109C5000D4C15E4808264FF0010811F8013B1CF8FA
:109C6000019B0DF1480E9E440DF1480B0EF8209C0F
:109C700010F801EBF3440BF8109CB8F1000F05D07D
:109C8000A3EB0E0EDEF1000848EB0E08013EE4D116
:109C900088F0010120468DF8306002F0BFF94C4A8F
:109CA0008DF840600EAB4146204604F0FFFF484A65
:109CB0000AAB4146204605F011F8464B464A474953
:109CC000204605F0EDFF464B464A4749204605F041
:109CD00053FF464B404A4149204605F05BFE444B4A
:109CE000444A4549204606F0E7FB444B444A45496F
:109CF000204606F02FF9444B444A4549204606F0D9
:109D000067F8BAF1000F40F07E81424802F07AF91C
:109D1000DFF81481DFF81491002389E04278050808
:109D200049780508517805085778050860780508CE
:109D30008C8B0508E8DD0020697805087178050836
:109D40008978050895780508BD78050870D1002048
:109D50007CD9002088D100206E87050864D20020BD
:109D60002D780508FE7805080B7905081579050892
:109D70009C76050844D20020B4D100202F78050835
:109D8000D4FA04083279050890630020E8650020C1
:109D9000D0DB002039790508A4B80020A0C300203A
:109DA0003F790508E0AE002090BE00204B79050801
:109DB0007CBD002044BF002056790508FFFF3F000E
:109DC0005D79050837780508186700209C51002048
:109DD00064790508C885050868880020109A002065
:109DE0007079050868890020109B00206B790508B0
:109DF0007679050820B7002050C400207A7905083C
:109E0000C0D30020E8DB0020827905083060002004
:109E1000646600203B7805081B790508277905084A
:109E200070D900203C250508CCC4002064B6002071
:109E3000494602224046029312F06CFE00283A4640
:109E400014BF01210021204698F800B00CBF4FF04C
:109E5000010A4FF0000A02F0E1F8BBF1020F029B89
:109E6000074640F0D28099F8012040F2EE2B1921EC
:109E700011FB02B2019299F80020A2498A5C00927B
:109E80005146A14A204604F011FF98F801209D494F
:109E9000192313FB02B2019298F80020029B8A5CFE
:109EA00000925146984A204604F018FF029B013365
:109EB000122B08F1020809F10209B9D1934B22468D
:109EC0000021284607F0FAF9230700F1B680904EEA
:109ED00022463178284607F093FA717822462846C0
:109EE00007F06AFAEBE00124CCE50224CAE5042479
:109EF000C8E58124C6E58749304602F065FE0028A2
:109F00003FF4CCAD44F48074C8E500230593F6E536
:109F100001230593F3E58049804803F033FABAF151
:109F2000000F7FF4F7AD7E497E4803F02BFABAF1BB
:109F3000000F7FF4F4AD7C497C4803F023FAF3E58D
:109F40007B4E29E63B7833B3099B4FF0010B0BFAAC
:109F500008FB13EA0B030CBF012100213246204607
:109F6000089302F05BF8DDE9022363EA020313EAD7
:109F70000B0F14BF012100213B464A4606462046EE
:109F800004F094FE089900393B464A4618BF012167
:109F9000204604F0A3FE08F1010809E63B786BB304
:109FA000039B4FF0010909FA08F913EA090F0DD0D4
:109FB000DDE9023263EA020313EA090F5A463B461F
:109FC00014BF01210021204604F070FE029B13EA19
:109FD000090F13D0079B13EA090932460CBF012170
:109FE0000021204602F01AF8B9F1000106463B466E
:109FF0005A4618BF0121204604F070FE08F10108FE
:10A00000E5E54C4A22E64C4F82E699F800203D49AE
:10A0100002938A5C00925146484A204604F046FE6C
:10A0200098F800203749029B8A5C00925146434AC7
:10A03000204604F053FE029B39E70027F9B222467E
:10A040002846013707F0DCF9062FF7D1304B3C4F9B
:10A050001A7887F850219846049B33B9394801F0A3
:10A06000D1FF3949284603F0C9F9FF2387F8503159
:10A07000F1B222462846013607F09EF9062EF7D1A6
:10A0800098F8013087F85131049BABB92F4801F0A3
:10A09000B9FF2D49284603F084F92D4801F0B2FF9D
:10A0A0002C4801F09FFFFF2387F85131002001F079
:10A0B00015FF13B0BDE8F08FFF2387F85131059BE2
:10A0C000002BF3D0244801F09DFF244801F094FFB9
:10A0D000ECE7A10706D50E4B22461978284607F073
:10A0E0008FF9E3E76207E1D5094B22465978284604
:10A0F00007F062F9DAE7054B22461821284607F0F7
:10A10000DDF8DCE7D86005088A790508427805089B
:10A11000F4C400206478050870D10020CD780508CB
:10A120007CD90020DB78050888D10020EB78050871
:10A130002F780508377805083B7805089A790508CF
:10A1400054090020A77905086E870508CA79050813
:10A15000F1790508C8780508047A05081A7A05080F
:10A1600001225FE400225DE42DE9F04F2DED028B2A
:10A170004A4A4B4B08EE101A1178527883F8512155
:10A18000484A83F8501183B092F8AC2100930546F9
:10A190000AB9FFF7C5FB06F0ABFFFFF735FC002659
:10A1A000414CDFF814B1B0463F4A0D2303FB0623B0
:10A1B00018EE101AD3F80090484602F0BFFC0028B1
:10A1C00041D0B8F1000F01D001F012FF37484946E5
:10A1D00003F054FE00222146284607F092F901F0D0
:10A1E00007FF237903F01803082B47D0102B4AD020
:10A1F000204604F0F3FB2C4A0D2303FB0623B3F89F
:10A20000090007F045F88246D8B1204601F02CFE3F
:10A21000DAE90221074602440144204601F07EFEAD
:10A2200078B901904946224803F028FEDAF8081070
:10A23000019A28461346CA19214604F049FC01F048
:10A24000D7FE08F101080136B6F5E47F04F10D04EC
:10A25000AAD1002001F042FE009AFF2382F850317B
:10A2600082F85131B8F1000F12D11249284603B0DB
:10A27000BDEC028BBDE8F04F02F0BEBF5946284648
:10A2800003F0BCF8B4E75946284603F08AF8AFE774
:10A2900003B0BDEC028BBDE8F08F00BF14B400200A
:10A2A00054090020E8DD0020D0010508BF8B050817
:10A2B000247A0508347A05086E8705082DE9F84FD9
:10A2C0006E490B78222B00F0B5806D4B1B783BB9A3
:10A2D0006C4B1878BDE8F84F00F00100D1F766B874
:10A2E000694B1B6893B3DFF8C881DFF8C8A101F0A0
:10A2F000A0FE08F15809DAF80000FDF743FD28B385
:10A30000DAF80000FDF736FD092821D03F281FD0DC
:10A31000D8F8543013B9042800F0A9800C2800F0B4
:10A320009F807F2877D1002BE5D0013B08EB03020B
:10A330005648C8F85430002182F8581001F052FEF7
:10A34000DAF80000FDF71EFD0028D9D1BDE8F88F2E
:10A350004F4ED8F85440002706F55C7B3D4602E09E
:10A3600010365E450ED02246484624B1316802F0D0
:10A37000BFFB0028F4D13746002DF1D13546103609
:10A380005E45F0D1002D40D02E683B68315D1A5DEE
:10A390008A42264423446FD1601E4844224609B9AC
:10A3A000FD2A3BD900F8011F0132C8F8542016F8E5
:10A3B000011F13F801CF8C45F1D00AB1BD4211D075
:10A3C000344801F00FFEBD4208D855F8100B01F0DB
:10A3D00009FE092001F0FCFDBD42F6D92E4801F02E
:10A3E00001FE0024D8F854309C4284D2013C4C44F5
:10A3F000254614F8010F01F0EBFD0235D8F8543072
:10A40000A5EB0905AB42F3D875E7002CD6D121485E
:10A4100001F0E8FDD9E7FAF700FD6CE7531C08EB03
:10A4200003004244202682F85860C8F8543080F86F
:10A430005810C3E7194B186878B1FDF757FF0B7830
:10A44000174A222B10607FF440AF164B93F87432FA
:10A45000013B18BF0123536037E7114A1060F4E74E
:10A46000114801F0BFFD0C4801F0BCFD43E70F4867
:10A47000494601F0FFFD3EE722469EE78C60002042
:10A4800000640020248400202C600020083105088E
:10A490007CEF0408F43005081E230508AC65002095
:10A4A00090600020E0160020FC3005086E8705084B
:10A4B000E8DD00200464002073B50E46114905460E
:10A4C00002F068FB18B93070012002B070BD2C7822
:10A4D000602C8CBF613C413C072C11D80135012315
:10A4E0000A2201A9284602F08DFB019B9D4207D05C
:10A4F0000F2805D8013440EA041434700120E4E741
:10A500000020E2E7007805082DE9F04F80468DB085
:10A5100008460D460EF0E6FF024630B9014601201E
:10A52000FAF7BCFE0DB0BDE8F08F0390AF492846A6
:10A5300002F0DEFA039A20B9AD49404602F05CFE13
:10A54000F0E7AC49284602F0D3FA044600285AD175
:10A5500001F04EFDA848A94FDFF8E8B2DFF8E88225
:10A5600001F04AFD1720D0F73BFC17F9015B002DE5
:10A57000D8D02946584603F081FCDFF8A092DFF8D6
:10A580008CA200231A46910089B2284605930492B2
:10A59000FBF72AFC0390FBF7BDFB049A0178059BAF
:10A5A000561CC9B11BB9049001F022FD0498039B0D
:10A5B00041781A7A037802F0020208EB8303B1B102
:10A5C000D3F8383F00918E48002A14BF4A465246BD
:10A5D000314602F0D7FE0123042E3246D3D113B9FF
:10A5E000884801F009FD01340C2C9BD0BDE7D3F85D
:10A5F000383F8548002A14BF4A465246314602F089
:10A60000C1FE0123E8E7002680498DF81B6007AAF8
:10A61000284611F08FFA18B9404602F081FE81E712
:10A620000DF11B01FFF748FF05460028F4D09DF807
:10A630001B703846FDF728FC20B97549404602F0EA
:10A64000DBFD6FE773494FF0FF34334603EB430202
:10A65000525C97420ED0601C02D1002A08BF1C46F3
:10A660000133152BF2D1621C18D16B49404602F020
:10A67000C3FD57E71C46654907AA002011F05AFAA6
:10A680000646002800F09E80584902F083FA28BB55
:10A69000624E634FDFF8B481044615E00025EAE717
:10A6A000697A286803910CF07BFF0246287A6B795F
:10A6B000039910F0020F14BF304638469B080090F3
:10A6C0000133404602F05EFE01349DF81B00214636
:10A6D000F9F72EFC05460028E2D123E75149022272
:10A6E000304602F005FA0746002848D1B01C02F0B7
:10A6F0001BFB9DF81B90824639460F4648460131A8
:10A70000F9F716FC50B94FEA19124749009609F0BB
:10A710000F034032404602F06FFD03E7437A9A454B
:10A72000EBD13E46002D3DD14FF0FF37731C9DF815
:10A730001B5008BF00253D4B9DF81B0004EB440453
:10A740001C44731C6371FF23A371257108AC22465E
:10A750003146FAF7C9FE0AAA39469DF81B00FAF7F6
:10A76000C3FE9DF81B20BE424FEA121121D1304892
:10A770000AAB02F00F02403102F004FED2E62D498E
:10A78000304602F007FA58B39DF81B302A4900966C
:10A790001A09403203F00F03404602F02DFDC1E6D6
:10A7A0004FF0FF36214B04EB440213445F79013F25
:10A7B000BCE7224800940AAB02F00F02403102F0DD
:10A7C000E1FDAFE6194B04EB44041C441C4B009321
:10A7D000024661799DF81B000123FAF77FFAA1E692
:10A7E000002DDDD14FF0FF373E46A4E7F874050891
:10A7F000417A0508557A05085A7A05081C5D05084E
:10A800007A7A05089B7A05088C7A0508367405085B
:10A81000A17A0508ECDD0020B87A05083283050826
:10A820006E870508E17A05084E7B0508E8DD002003
:10A830000A7B0508A6850508E47A0508287B050833
:10A84000DDEC0308737A0508B4E30408CC7A050844
:10A850002DE9F04F80468BB008460D460EF042FEC3
:10A86000024680B3AC49284602F042F9044650BB88
:10A8700001F0BEFBA948AA4DAA4FAB4EDFF8F0820B
:10A8800001F0BAFB1420D0F7ABFA04F00702E11094
:10A8900001320131384603F0F1FA2B7F6A7F06EB73
:10A8A0008303D3F8381F52B1A04802F06BFD013486
:10A8B000102C05F12405E8D10BB0BDE8F08F40461F
:10A8C00002F060FDF3E72846994905AA11F032F934
:10A8D000054620B901464120FDF768FEECE79549A1
:10A8E00002F058F920B99449404602F085FCE3E7AC
:10A8F0000024924E27463168284602F04BF9013772
:10A90000002808BF3446092F06F11006F3D154B9C8
:10A910008B49284602F03EF928B18A492A4640462A
:10A9200002F06AFCC8E7002081498DF8130005AAEF
:10A9300011F000F90546002C43D098B102F0F4F96B
:10A94000461E09D4A37A9E4206DAE26862B1012368
:10A9500003FA00F0104207D17B492A46404602F034
:10A960004BFCA9E7794DF7E7E08806F091FC784ABF
:10A9700092F8AC311BB192F8313C83F00103D0E97D
:10A980000212002B08BF0A46237A617A06FB0313E2
:10A99000002712F903A0039702EB030B644905AAF1
:10A9A000002011F0C7F88146B8BB6A4901235CB3A7
:10A9B0009BF900202046CDE900313146FDF7AAFD84
:10A9C0007AE780B10DF11301FFF776FD28B19DF80C
:10A9D00013603046FDF758FA38B95F492A464046B9
:10A9E00002F00AFC68E7594DF7E73046F9F760FBDB
:10A9F00082463046F9F7A2FA03903046FBF74AFA4E
:10AA0000A34607462646C9E7CDE900319DF8130065
:10AA100052463946FDF7E8FC4EE7464902F0BAF8DF
:10AA2000054670BBACB14D4FF6B220796AB23146E3
:10AA3000FDF742FD00283FF43FAF02880378009302
:10AA40002946C2F303233846120B02F09BFC013562
:10AA5000EBE7424C38687979102D6AB23FF42CAF9D
:10AA6000FDF796FC00283FF427AF02880378009397
:10AA70002946C2F303232046120B02F083FC013562
:10AA8000E8E73749484602F085F8002841D04846B3
:10AA900002F04AF9054642B26CB12079F1B2FDF7F5
:10AAA0000BFDF0B9CDF8009022682E49731C40468A
:10AAB00002F0A2FB00E7EBB20F2B386879790CD9D2
:10AAC0009DF813302849CDF800901A09403203F060
:10AAD0000F03404602F090FBEEE6FDF759FC00281C
:10AAE000EED006AF39462846FAF716FD08A95046BB
:10AAF000FAF712FD55454BD06DB2002C3AD08BF8C9
:10AB0000005000972168194808AB721C02F03AFC0B
:10AB1000D2E64FF0FF35E4E7557A05087A7B050861
:10AB200064010020907B0508B4E30408857A0508D9
:10AB300036740508F8740508417A0508140A0020DF
:10AB4000A27B0508A67B0508B57B05086E8705086E
:10AB5000E8DD0020DDEC0308C57B0508D77B050890
:10AB6000A6850508F97B05081C7C0508447C0508BA
:10AB7000AC8505089DF81320039B0F489D701109B3
:10AB8000009708AB02F00F02403102F0FBFB93E6A6
:10AB900034B12168094808AB721C02F0F3FB8BE664
:10ABA0009DF813200648110908AB02F00F0240314E
:10ABB00002F0E8FB80E600BF677C05088F7C050893
:10ABC000AA7C05082DE9F04F2DED028B87B00646D3
:10ABD00005AA0846914910F0ADFF044640B9014668
:10ABE0004120FAF7F5FB07B0BDEC028BBDE8F08F12
:10ABF0008B498C4F01F0CEFF054600283AD18A4898
:10AC00008A4CDFF85482DFF8549201F0F5F91420F1
:10AC1000D0F7E6F82046FDF773FBA379216807EB30
:10AC2000830301F13841890A02464131D3F8383FA4
:10AC3000404603F023F9E17911B1484603F01EF9CB
:10AC4000013501F0D5F9602D04F10804E2D1734912
:10AC500005AA002010F06EFF754901F09BFF002847
:10AC6000C1D130466E49FFF74FFC6D493046FFF7C2
:10AC7000EFFDB8E7DFF8E891A9F1600A0025D046BA
:10AC80001AF8353007EB8303D3F8381F03910846D1
:10AC90000EF028FC03990246204601F029FF40B13E
:10ACA0000135252DECD163492246304602F0A4FA45
:10ACB00099E75A4905AA10F03DFF09EBC509074677
:10ACC00002F032F819F85A3C04464FEAC50A2BBB89
:10ACD000002825DC3B78002B00F09C80D044B8F89D
:10ACE000020006F0D5FAE3B20393039A98F8043011
:10ACF00098F80580846802FB038804EB0801384655
:10AD0000FFF7DAFB002800F0858014F808A0BAF1FC
:10AD1000000F1ED1484801F06FF964E7002805DDF7
:10AD2000012B1A4638BF0122A2420ADA012B38BF92
:10AD300001230093414A42490123304602F05CFA64
:10AD400051E7364905AA002010F0F4FE013C074601
:10AD5000C0E75046FDF798F8814600285AD04FEAE0
:10AD60001A13403308EE103A0AF00F03DFF8F480AC
:10AD700008EE903A00270026B8F8020006F088FA9C
:10AD800098F8052098F8043006FB03238268D15C0C
:10AD9000514523D1BD4204D103998E421ED00021DA
:10ADA000D15418EE902A18EE101A26485FFA86FB46
:10ADB000FCB203F063F859462046FAF79FF8BD420B
:10ADC00009D1214803F05AF820465946FAF796F877
:10ADD0001E4803F053F81E4801F00EF998F80630AB
:10ADE000012B06F1010638BF01239E42C4DB013767
:10ADF000252F08F10808BED14846FDF781FAD9F899
:10AE0000001001F13841890A02464131114802F02F
:10AE1000B9FAE8E6304602F083FAE4E6367405084B
:10AE2000557A0508B4E30408C67C05088CE40020C4
:10AE3000607805080F7D05084A7D05082B7D05080B
:10AE4000317D05085C7D0508FD850508807D0508C8
:10AE5000B38205088A7D0508047D05086D8805080C
:10AE6000ACF404084CF404082DE9F74F07460846F3
:10AE700088460EF037FB044628B1012825D198F802
:10AE800000302A2B21D1A848A84EDFF8BC8201F05F
:10AE9000B3F80025B1464FF00D0A0AFB0593404672
:10AEA000196802F0EBFF221E18BF01223146384616
:10AEB000013506F026FB01F09BF8B5F5E47F06F1BD
:10AEC0000D06EAD103B0BDE8F08F3D21404611F0F8
:10AED0002FFE002800F0218103469A4613F8012D29
:10AEE000202AFAD0AAEB080A0130054610F8013BE7
:10AEF000202BFAD08D4B4FF000099B465FFA8AFA5F
:10AF00000D2202FB09342168019108460EF0EAFA8D
:10AF1000019900900246404601F0EAFD834B064647
:10AF2000002855D1009A524552D194F8048008F077
:10AF3000E001402900F0B9800ED8002954D0202922
:10AF400000F0898038467A4902F056F9204603B06D
:10AF5000BDE8F04F03F042BD60297DD08029F1D1DA
:10AF600028460EF0BFFAE37994F80680DB07064620
:10AF70000CD5204606F068FA0378014633B1324614
:10AF8000284611F0E2FD002840F0C180002E00F0BC
:10AF9000BE80464500F2BB800D2303FB09B320466B
:10AFA00093F805A006F050FA4246002111F0AEFCDD
:10AFB000564529D35F493246284611F0C6FD18B3DD
:10AFC000204606F041FA3246294611F0D0FD1BE03A
:10AFD00009F10109B9F5E47F92D15749384603B028
:10AFE000BDE8F04F02F008B908F00703042B1BD1AD
:10AFF0000A22284601F0C8FED4F8053098420146DE
:10B00000A0D8204606F03AFA0D2303FB09B94B48B5
:10B01000D9F8001002F032FF00222146384603B072
:10B02000BDE8F04F06F06DBA284601F07DFEB4F899
:10B030000550B4F8071018F0050FAAB218BF2AB2CD
:10B040008BB218BF0BB29042FFF67CAF98423FF72D
:10B0500079AF0146D5E76679394A02EBC6064FF06B
:10B06000000896F8AC260092C2464346009A9045E6
:10B0700002D2BAF1000F03D0002B3FF463AFC3E755
:10B08000D6F8A81651F8280060B12946019301F0BE
:10B0900081FD019B30B9414620464FF0010A06F080
:10B0A000EDF9534608F10108E0E76379009308F0F1
:10B0B000070808F1FF38009B9E42A5DAAA4615F85A
:10B0C000012B202AFAD0204606F0BEF90546B8F139
:10B0D000030F03D8DFE808F0020D0D13504601F00E
:10B0E00023FEA8552C21504611F022FD0136451CA7
:10B0F000E1E7504601F018FE25F81600F2E70A22B3
:10B100000021504601F040FE45F82600EAE70D49CF
:10B110004246384602F070F814E74146384603B01C
:10B12000BDE8F04FFFF720B8A67D0508D00105085F
:10B13000F47D05082D780508347A0508E97D0508B1
:10B14000ACF40408B97D0508BF8B050838B5054681
:10B150000C46F5F77DFD30B3204600F07DFE68B962
:10B16000204601F0E1FD00F54370B0F5C36F05D94D
:10B1700028460F49BDE8384002F03EB80D4800F0BF
:10B1800041FF0D4800F02EFF00F053FF0B4B1868F5
:10B19000F5F796FDFCF754FE032108460CF0C6FCBB
:10B1A00072B60AF0F1FBBDE83840054800F02ABF4E
:10B1B000027E05081A7E05083A7E05080464002010
:10B1C000467E0508054B1A6822EA00021A60044A06
:10B1D000136823EA00031360704700BFB4D1002056
:10B1E00018600020904270B50546144609D2B5FBA0
:10B1F000F2F6084604FB1654054B1B5D00F8013BB4
:10B2000070BDB0FBF2F63046FFF7ECFFF2E700BF8F
:10B21000747E0508002870B403DA2D2301F8013B81
:10B220004042092805464FF0010307DD03EB830385
:10B230005B00B0FBF3F2092AF8D89BB10B4E00E09B
:10B240002346B5FBF3F00A2834BF302257220244CC
:10B25000A6FB03C4092B01F8012B03FB10554FEA91
:10B26000D404EDD8002370BC0B707047CDCCCCCC8F
:10B27000884270B44FF001041FD301FB04F4B0FB0B
:10B28000F4F58D42F9D284B913E0002A14BF3726B1
:10B2900057262E44A14203F8016BB4FBF1F604FBE0
:10B2A000150006D8B0FBF6F53446092DEDDC302646
:10B2B000EFE7002270BC1A7070470546F5E700BF43
:10B2C0000388B3F5FA6F17D38378013B0B2B13D8A0
:10B2D000C378013B1E2B0FD80379172B0CD8437969
:10B2E0003B2B09D883793B2B06D80089B0F57A7FB0
:10B2F0002CBF002001207047002070472DE9F84343
:10B3000019460646904610461F464FF47A720023AF
:10B310000EF0F0F83E493F4A3F4C014482FB0103E6
:10B320000B44C817C0EB631382FB03021A44D817FF
:10B33000C0EB621284FB0240D417C4EBA000374C70
:10B3400084FB0054C3EB0315A1EB8501C517C5EBC6
:10B35000E415B17140F2B554C2EB0211A3EB8103C5
:10B3600004FB150400EB4001A2EBC102B4F5896FA8
:10B37000737132714FEA850C38DA40F2DA239C425D
:10B380003DDCB4F5B77FB4BF00220122DFF890E0C6
:10B390004FEA420909EB02030EEBC30390B2DB8ACA
:10B3A00009EB02050EEBC50516350B2101E035F85A
:10B3B000023DA34217DD0139F9D14A4401213EF88B
:10B3C0003230B1700CF5FA6501342844E41A30804B
:10B3D000F470404639464FF47A7200230EF08AF832
:10B3E0003281BDE8F8830131C9B2EAE70320DFF812
:10B3F00030E0024640F296534FF00609D0E70220B3
:10B40000DFF81CE0024640F229434FF00409C7E789
:10B4100080BC92C789888888ABAAAA2A73B06D16A7
:10B42000F818050830B403888278C478154DA3F560
:10B43000FA6303F0030101EB4101013A02EB8102DF
:10B440009B0835F812500279611E40F2B55404FB96
:10B4500003132B4403EB430302EBC30342798479C8
:10B4600009490089C3EB031302EB83032144C3EBB7
:10B47000031301EB83034FF47A720021C2FB030133
:10B4800030BC7047F818050880436D3803685A1CB3
:10B4900002601970704700BF2DE9F047089F3C46D5
:10B4A0001D4614F8013B002D0E46054614BF4FF013
:10B4B00030094FF020094BB3002A2DDD214600E072
:10B4C000B2B111F8010B9046013A0028F8D1A8F169
:10B4D00002086AB1C24649462846B0475346002B87
:10B4E0000AF1FF3AF7DC3B7828EAE872013253B1FF
:10B4F000D71B19462846B047E01914F8013B002B2A
:10B50000F7D1BDE8F0871046BDE8F087002A02F1C8
:10B51000FF38DFDC1846F4E70022E9E7DFED277AA1
:10B52000B4EEE70AF1EE10FA0CDDDFED256A9FEDCF
:10B53000257AF0EE407AF4EEC77AF1EE10FA30EEAA
:10B54000660AF6DCDFED207AB4EEE70AF1EE10FAD7
:10B550000CD5DFED1B6A9FED1D7AF0EE407AF4EE1C
:10B56000C77AF1EE10FA30EE260AF6D4DFED187A3B
:10B57000B4EEE70AF1EE10FA14DDDFED107A37EEE3
:10B58000C00A60EE006A9FED136A9FED137ADFED4B
:10B59000137AA6EE867A20EE266AE6EE877AA6EE83
:10B5A000270A7047DFED0E7AB4EEE70AF1EE10FAE3
:10B5B00044BFDFED057A37EEC00AE2E7DB0F494012
:10B5C000DB0FC940E4CB1641DB0F49C0E4CB16C109
:10B5D000DB0FC93F92E741B99730083C15A82ABE56
:10B5E000DB0FC9BF90ED057A90ED004AD0ED066AF9
:10B5F000D0ED014AD0ED047A90ED035AD0ED025A15
:10B60000A4EE007AB0EE406AE4EE866A67EEC77A8E
:10B61000E5EE476AE5EE867AB0EE470AC0ED056AC8
:10B62000C0ED067A704700BFD0ED057AD0ED013A43
:10B6300090ED065A90ED004AC0ED067A67EEA37AC7
:10B64000D0ED024A90ED077AD0ED035A80ED050A5D
:10B65000E4EE007AD0ED086A90ED046A80ED087A95
:10B66000E4EE857AB0EE670AA5EEC70AA6EE660A92
:10B6700080ED070A704700BFD0ED016A90ED036AC4
:10B6800090ED027AD0ED007A30EE660AE6EE006ABE
:10B6900076EEC75AC0ED016AA6EE257A77EE676AA4
:10B6A00080ED027AE6EE267AB0EE670AC0ED007A07
:10B6B000704700BF90ED017AD0ED026AD0ED007ABC
:10B6C00030EE470AA6EE807A37EE676A80ED017A9F
:10B6D000E6EE867AB0EE670AC0ED007A704700BFEA
:10B6E000D0ED007A90ED017A30EE670AE7EE007A4D
:10B6F000B0EE670AC0ED007A704700BF704700BF28
:10B70000431EFF220B3003F8012F8342FBD1704709
:10B71000704700BF70B4411C0023FF2200F81320C3
:10B7200001F813200133082BF8D10E4B00224FF003
:10B73000FF3103F10C0600EB42050C469E4200F877
:10B74000124069700CD093F9044093F9051013F876
:10B75000032F00EB42059E4200F812406970F2D1BF
:10B7600070BC70475819050800234370C3700370FC
:10B7700003718370704700BF00230370704700BFE0
:10B7800000230372037043708370C37003714371AD
:10B790008371C371704700BF002306214FF47A7292
:10B7A000C0E9012301700373704700BF00230370D9
:10B7B00043708370C3707047F8E700BF70B5064EE2
:10B7C000044600F552758C2220463146144410F090
:10B7D0003BF9AC42F7D170BD1CE30408F0B4002281
:10B7E0000927FA2640F22E454FF47A7101234FF4CF
:10B7F000FA64877006804582C18203818482427325
:10B80000C281027400F1180300F1200100F11C074D
:10B810000626322503F8016BBB42DD704FF00004B1
:10B8200021F8022BF6D10123022204730385F0BC18
:10B8300043858385C385C272704700BF00230370B0
:10B8400043708370C3707047002303704370704768
:10B85000FF234371704700BF154BFF22F0B5002452
:10B860004FF0FF35C27002710272427242738273EE
:10B870008274C27403F1120EAC4627462646224655
:10B8800002EB82028118734586544F708C7081F8E8
:10B8900003C00D710AD093F90620DE791F7A5C7A15
:10B8A00093F90AC093F90B500633E9E7F0BD00BFE6
:10B8B0006819050808B5202111F03AF9034620B1AE
:10B8C0001A78202A00F10100F8D0184608BD024B72
:10B8D0001868DDF7EDBE00BF0464002038B53022E3
:10B8E0000446002111F012F8642240F2DC530B4DA3
:10B8F0000B48227440F6285163824FF48F72012363
:10B90000A1832284A37384F82230C4E90550214620
:10B910000448BDE83840E6F729B900BF1A049E077D
:10B92000750343089C7E050838B51C4B1B780446FC
:10B930003BB980F847301A4B1B78D3B984F84830AC
:10B9400038BD18490522203011F011F91649152289
:10B9500004F1250011F00BF914490D2204F13A000D
:10B9600011F005F9012384F847300D4B1B78002BAB
:10B97000E4D00F4B186859689A68DD68E56020606C
:10B980006160A260186959699A69DD69E5610123FE
:10B9900020616161A26184F8483038BDB8DB0020C5
:10B9A000BADB002088D1002070D100207CD9002093
:10B9B0008CD90020013901F00303C3EB03134900C4
:10B9C000002201F00801C3EB0313914214BF4FF4AE
:10B9D000E16111469B00028041808380704700BF77
:10B9E000092900D001B97047E4E700BF2DE9F04311
:10B9F000044689B0002502A8257001210295ADF802
:10BA00000C50FFF7D7FF03C804AE0490ADF8141034
:10BA100096E80300ADF81C10BDF81C30A0604FF094
:10BA200002094FF4807801216F46A381A173384643
:10BA3000658084F80190A4F806800095ADF8045064
:10BA4000FFF7B8FF97E803000490ADF8141096E8EC
:10BA50000300ADF81C10BDF81C2084F80F900423DF
:10BA60002582A4F81480C4F816006283637009B0BC
:10BA7000BDE8F08370B585880446C5F30B052A46FA
:10BA80000846002110F042FF6169094A91420346CD
:10BA900002D3084A914205D319B1BDE87040184657
:10BAA000084770BD2A46BDE870400FF0CDBF00BF0B
:10BAB0007C990508169B05088168DBE70F4B00227F
:10BAC000F0B4026014468280164603F112074FF468
:10BAD000487502EB420200EB420100F812604C7024
:10BAE000DA788A70BB428D8006D093F90620DE7921
:10BAF0001C7A5D890633ECE7F0BC704780190508B5
:10BB000000224FF6FF730121017242818281C281BE
:10BB1000038243820375704710B50C4628B1C943B0
:10BB200001F001010138FCF71BFBE30702D472B6F8
:10BB300009F02AFF10BDFDF745BD13B568B14C1ED5
:10BB400014F8011F21B902B0BDE81040FDF72EBD69
:10BB50000190FDF737FD0198F2E702B010BD2DE925
:10BB6000F047446986B005460F463CBB0368C3F303
:10BB70000A02002A4AD10122B3F1006FCDE9024442
:10BB80003B49049405921FD308884FF6FF729042F8
:10BB900018D00868374A02EA402202F10062934254
:10BBA00012D20122039203F17843DB0A01A902A811
:10BBB0000493D7F7CBF848B34FF0FF34204606B0D4
:10BBC000BDE8F0872C4AEAE70E884FF6FF729642EE
:10BBD00046D00868274A02EA402202F10060834208
:10BBE00041D3024493423ED2022203924FF6FF72A7
:10BBF00096421BBF1F4A09684FF4802202EA412285
:10BC00009B1AD0E71C484FF48022EAE71B4E33789A
:10BC1000012B02D16FF00104D0E70123D7E9009A8C
:10BC2000D5F800803370CDF7F3FF88B9144F7060FA
:10BC30007B6943F001037B61C8F80090BFF36F8F0D
:10BC4000C8F804A0CDF7E4FF7B6923F001037B6112
:10BC5000002333700028DDD12B6808332B60ADE75B
:10BC6000084A9342CED80520FCF73AFBFBE700BF19
:10BC7000E075FF1F00FEFF0100000408CC03002058
:10BC800000200240FFFF03082DE9F04104460D4665
:10BC90008E1800F108074FF00008B54202D1606924
:10BCA000BDE8F08123695A1C2261234415F8011B69
:10BCB0001972082AF1D139462046FFF750FFC4E92E
:10BCC0000480EAE7014B1868FCF782B8086400209A
:10BCD0000378013BDBB2FD2B06D8044B1B68834283
:10BCE00094BF0020012070470020704704280008FE
:10BCF0002DE9F041064690461F460C4601B3084622
:10BD0000FFF7E6FF08B310460DF0ECFB4146054691
:10BD10000246204610F019FFA8B9254439462846A6
:10BD200010F006FF044658B1FFF7D2FF68B1069B3A
:10BD3000621B9A4228BF1A46294630460FF084FEFD
:10BD40002046BDE8F0810024FAE70446F8E737B55D
:10BD5000214C2378002B3CD1204B21491D680D221A
:10BD6000284610F0F2FE002831D101230A2128468E
:10BD7000637010F0DDFE014618B1FFF7A9FF00B1B6
:10BD800001310423174A009317482C23FFF7B0FF13
:10BD900014250146154A164800952C23FFF7A8FFE5
:10BDA0000C230146134A009313482C23FFF7A0FFEE
:10BDB00008230146114A009311482C23FFF798FFEE
:10BDC000104A009501460A230F48FFF791FF01230F
:10BDD0002370607803B030BDC0EB0020002800085D
:10BDE000E67F0508D572050844DF0020C672050805
:10BDF00049DF00201B7305085EDF00200F73050874
:10BE00006BDF00200673050874DF00200D4B10B5B2
:10BE10001C7814B10124204610BD0B4B1B781BB1BC
:10BE20000A4B1B78002BF6D1094CA27822B1094BA2
:10BE30001B780BB1F9F7D0FEE478002CEAD0F9F7C3
:10BE4000EFFEE8E719EA002060640020616400204A
:10BE5000C0EB0020B9DB002020B10078B0FA80F000
:10BE60004009704701207047037903F01803102B35
:10BE70001CD004D82BB1082B06D000207047182BFB
:10BE8000FBD1B0F80B007047114BB0F80B0093F9E1
:10BE90000030591C06BF0F4B1B78DBB203EB83034A
:10BEA000C3EBC30300EB830080B270470A4BB0F8CA
:10BEB0000B0093F900305A1C06BF064B5B78DBB2CF
:10BEC00003EB830203EB420300EB830080B2704775
:10BED000A40A002014B40020A50A0020F8B50C4DD7
:10BEE0002A7806468AB9F8BD26B12388C3F30B0326
:10BEF0009E4204D0D4E90201A2880FF0A5FD1C34B3
:10BF0000BC42F1D300232B70EDE7024C024FF7E760
:10BF100094DF0020B89105087C990508F0B50679F2
:10BF200006F0E003402B09D144794FF0FF350023A0
:10BF3000012006F00706A3420BD1F0BD602B08BF1D
:10BF400045794FF001040CBF04FA05F54FF0FF35B9
:10BF5000EDE7042E0CD8DFE806F0030D18252F00BE
:10BF600030B1C85CD75C784028420CBF012000206B
:10BF70000133E0E70028FBD0C856D756A0EB070CEA
:10BF8000DCF1000040EB0C00F2E70028F0D031F8C3
:10BF9000130032F81370784080B228420CBF0120A1
:10BFA0000020E5E70028E3D031F9130032F91370DF
:10BFB000C71B78427841DBE70028D9D051F823002D
:10BFC00052F82370784028420CBF01200020CFE7B0
:10BFD000034B0146186808B1FDF7F4BA704700BF7B
:10BFE0002C600020014B01461868A6E52C6000205B
:10BFF0000048F7E76C87050808B5FFF7F3FFBDE8D1
:10C000000840F5E710B504460348FFF7EBFF20466C
:10C01000BDE81040F0E700BF1E23050808B532B1A7
:10C02000C30600D519B11046FFF7ECFF00221046F9
:10C0300008BD034B186808B1FDF7B8BA704700BFD8
:10C040002C60002008B504460848FFF7CBFFFFF737
:10C05000F0FF074B1868F4F733FEFBF7F1FE012CF5
:10C0600001D1CBF74BF972B609F08EFC3A7E050888
:10C070000464002008B50848FFF7C4FFFFF7D9FFA4
:10C08000064B00201870064B1860064B1870064BC4
:10C09000C3E90000FFF7D6FFF47F050840DE00206B
:10C0A0003CDE002000640020ECD0002008B5012018
:10C0B000FFF7C8FF0F4B0122052810B504461A7080
:10C0C00005D9601CC0B2BDE81040F5F7CDB800EB53
:10C0D0008003094809490A4AC3EBC30300EB830004
:10C0E00008601470E8F794FB601CC0B2BDE8104013
:10C0F000F5F7BAB8538B002034BA0020208700200F
:10C1000014B400207F4B9A88188A598DB2F57A7F33
:10C1100088BF4FF47A7270B588BF9A80DA885E89DA
:10C120009D89DC89B2F57A7F84BF4FF47A72DA8018
:10C130001A89B2F57A7F84BF4FF47A721A81B6F504
:10C140007A7F84BF4FF47A765E81B5F57A7F84BFBB
:10C1500000259D81B4F57A7F88BF4FF47A741A8CDC
:10C1600088BFDC81B0F57A7F84BF00201882B2F5E9
:10C170007A7F84BF4FF47A721A841A8DB2F57A7F6F
:10C1800084BF4FF47A721A859A8DB1F57A7F84BF95
:10C190004FF47A715985B2F57A7F84BF00229A856F
:10C1A000AE429CBF00255D8184429CBF0020D881A7
:10C1B000914298BF0022598B98BF5A859A8B914221
:10C1C00088BF0022598C88BF5A839A8C914284BFC1
:10C1D00000225A844C4B1B8882B0002B43D04B4D1D
:10C1E000AA78062A97BF4A499FED4A0A01EB8201C5
:10C1F00091ED280A297A89BB474CAA7A217807EE63
:10C20000903A07EE101AF8EEE77AF8EEC76A86EE73
:10C21000A77A0AB130EE000AB4EEC70AF1EE10FABE
:10C2200023DD67EE807ABCEEE77A8DED017A9DF82A
:10C23000043007EE103AB8EEC77AF4EEC77AF1EEA2
:10C2400010FAC4BF0133DBB2002B49D0102BA8BFBA
:10C250001023994238BF1946217006E0531F032B63
:10C2600001D9002A3ED12C4C21786278134612B1B4
:10C27000914221D86170294B1A78022A2AD0284C81
:10C280006378052B84BF00236370EBF777FD237879
:10C29000052B0AD8234A03EB8303C3EBC30302EB4A
:10C2A0008303214A136002B070BD00221D4B22702F
:10C2B0001D4A136002B070BDB1FBF2F002FB10101A
:10C2C000F0B10133B1FBF3F203FB1212002AF8D1F3
:10C2D000D9B2CFE7154A1279002AD0D11A70CEE729
:10C2E0000123B6E7F7EE007A87EE800A0DF0FEFF35
:10C2F0002B88094C984228BF184621782880B4E73B
:10C300001146B7E790AF002004400020645400209D
:10C31000F81805086F1203382CD600206092002010
:10C3200014B4002034BA0020208700208C3F002065
:10C330002DE9F04FB44EB54DDFF8109395F808B0E5
:10C34000371F83B03C4607F1700A4FF000082FE01A
:10C350005FFA83F85308910803F0773301F0333123
:10C360001944D308511A03F01133CB1A03EB1313FA
:10C3700003F00F33A9FB031E4FEADE1ECEEB0E2E99
:10C38000A3EB0E0EBEF1010F0ED9BEF1020FA6F106
:10C390000400594617D1BCF1000F02D012F42F7FD0
:10C3A00002D1DAF77FFD70B10C36564500F0E1801E
:10C3B00056F8042C12F0010C08F10103C8D196F9CB
:10C3C0000030142BC6D19248F0F7E3F90220F4F7BD
:10C3D000ADFC904B1B78022B00F0C481002800F0CC
:10C3E0001A828D4B0093DFF8688298F8023043B9C7
:10C3F000B8F80030B3F5F07F84BF4FF4F073A8F8BD
:10C400000030FFF77FFE8548854E10F8101BFFF7C0
:10C41000E7FAF17906F10800FFF7E2FA717D06F11B
:10C420001600FFF7DDFA7F4A9388D088118903430D
:10C430000B431BB20BB1012353817B490B68DA0715
:10C4400000F1C8815E0400F1B281180700F1B681E5
:10C450009A0400F1BA811E0440F156810022EA7369
:10C46000AA7718060DD4714BDA79022A08BF012287
:10C470004FF0060008BFDA71EBF754FD002840F0DA
:10C48000B3814FF48060F4F751FC002800F0B681CE
:10C49000DFF8C09109F1780A4E46727972B13078AE
:10C4A00050B14B4602E006339A4507D019789142C5
:10C4B000F9D159790029F6D0EBF7E6FC0636B245FA
:10C4C000EBD198F80230082B00F03F81584E594BC1
:10C4D000707AB17A1A68584BDFF87C91A0F10100AC
:10C4E000B0FA80F0A1F101014009B1FA81F11870B0
:10C4F0004909C2F3C032514819719A70FEF762FEC1
:10C500004FF40070FEF75EFE4FF40030FEF75AFE67
:10C510004FF48020FEF756FE4FF00070FEF752FEFB
:10C52000B9F80430002B40F03881454A13689B0D60
:10C530009B050BB100231360936823F4007323F071
:10C5400002030BB1002393601379013B042B84BFDA
:10C550000123137198F80230053B032B394B93F8F4
:10C5600000A040F2AF80BAF1000F14D00023019375
:10C57000B1E008F1FF38B8F1020F7FF627AF22E7EC
:10C580000023019A3AB198F80B204AB998F809208B
:10C59000012A00D023B198F80A30002B40F0BA806D
:10C5A000DFF8B8C0DFF8B8B00CF5847A1CF8012CBD
:10C5B00002EB42025A44634692F8BC9092F8BD8066
:10C5C00092F8BEE003201A784A45A8BF4A4603F80D
:10C5D000012BD979DA784145A8BF41467245A8BFF9
:10C5E00072460138D971DA70EDD10CF12C0CD445BA
:10C5F000DCD1A86A002800F0F280134B4FF0010E46
:10C6000003F1780131E000BF946300209C510020C9
:10C6100090630020288B0020C0EB002008B300208E
:10C62000ECB2002080640020B4D1002018CA0020A1
:10C63000F883002018600020043000203619F8210B
:10C6400070D900200040002021B700208180808028
:10C650006454002020B7002010520020EAC80020B7
:10C66000F81805080633994211D013F8012C182A3E
:10C67000F8D11A780EFA02FC1CEA000FF2D005324B
:10C6800006330EFA02F2994220EA0200EDD1338815
:10C690007288A8629A4224BF664B3360009B93F96C
:10C6A0000D104A1C3AD1644B03F18001DA8922F063
:10C6B0000202DA8110339942F8D103B0BDE8F04F9D
:10C6C000E8F746BC002288F80820BAF1000F00F015
:10C6D000A680012301936FF00C0BDFF87891ABEB90
:10C6E000080B04E00BEB09039A457FF649AF19F8F4
:10C6F000010B0028F6D0F9F7CDFB0028F2D0037A21
:10C700009907EFD501233CE7EA7B002A7BD0002282
:10C71000AA77A6E6002388F80A3041E7002394F9B7
:10C720000420914204F10C0406D00133092BF6D108
:10C73000009AFF235373B6E703EB430357F8233004
:10C74000DB07F5D51429AED1F2E798F80A30002BB3
:10C750003FF4BCAE98F80B30012B04BF022388F8DD
:10C760000B30B3E600283FF43CAE344A344B117929
:10C7700090F90460009203F16C004FF0FF0C93F904
:10C780000820B24203D10139C9B283F808C00C3382
:10C790008342F4D1009B197125E699F80000F9F75E
:10C7A00079FB00287FF4C1AEA9F80400BDE6254856
:10C7B000FEF708FD0B6818077FF54AAE2248FEF722
:10C7C00001FD0B689A047FF546AE2048FEF7FAFC9F
:10C7D0000B6840E61E48FEF7F5FC0B6832E61820B1
:10C7E000EBF752FBA86A08E70620EBF74DFB4FF486
:10C7F0008060F4F79BFA00287FF44AAE4FF00060A7
:10C80000FEF7E0FC44E642F2010213423FF429AE97
:10C810000022AA7725E68020FEF7D4FCE1E598F80F
:10C820000B30002B7FF4BCAE98F80930012B7FF45D
:10C83000B7AEB0E6AE014A01A4B80020C0EB0020BC
:10C84000C0D500200920000201600002094000025A
:10C8500008600002715400202DE9F04F684F694CC8
:10C8600083B0E5F7F7F9BC4228BF012642D2DFF8D2
:10C87000C8A1DFF8C8910AF102080126BAF802300F
:10C88000002B00F0A48008EB03024A4580F09F8053
:10C89000454609E013881546D118002B00F0978013
:10C8A000494580F094800A46052B40F29080238809
:10C8B0006988C3F30B039942ECD16B7913F0030B36
:10C8C000E8D12A79A1682B88009220460193FFF7CE
:10C8D000D1F82188009AB2EB113F7CD0A5690026DF
:10C8E000A188A068C1F30B01CDF7BEF91C34BC428E
:10C8F0002860C3D3444A454B12681A60FFF718FDFD
:10C90000434B444A1B78DFF83881434C03EB8303E5
:10C91000C3EBC30302EB8303C8F80030EBF72EFA36
:10C92000EBF714FD00252F46C4E90077E8B2EBF7DA
:10C93000A3FB0135202DC4E9020704F11004F3D153
:10C94000D8F80000E7F764FFEBF764FB3349344A9B
:10C950000B79098903EB830303EB83039B00C72B4C
:10C96000D8BFC8235360642303FB01F3C72BD8BF90
:10C97000C82393602B4B2C49D96700239384C2E9C9
:10C980000333C2E90533C2E90733E2F7A5FE274BBB
:10C99000DFED276A9A8ADB8A07EE102A07EE903AC3
:10C9A000B8EEC77AF8EEE77A224B27EE267A67EEE2
:10C9B000A67A83ED017AC3ED007ADAF77FFEEFF70E
:10C9C0000BFEE5F727F9304603B0BDE8F08F2046AF
:10C9D000FFF772F882E7A388019AA068C3F30B0BF4
:10C9E000063A9345A8BF9346063529465A460FF0A6
:10C9F0002BF828465946CDF737F9A56928606FE727
:10CA00007C990508B8910508B4D100201860002071
:10CA100014B4002034BA0020B0D9002018CA002075
:10CA2000A88A00205CB3002084640020C0EB0020B2
:10CA300017B7D1389CC800200040000800600008EB
:10CA40002087002008B5FEF7EDFC054A054B12686B
:10CA5000801A61F10001C3E90001012008BD00BF97
:10CA60008C1900208884002008B50B4BD3E90023E3
:10CA700052EA030C07D1094B0360002383808371C2
:10CA80000381184608BD06490968521843F100039E
:10CA9000FEF734FC012008BD88840020000001015D
:10CAA0008C1900202DE9F041074608461646FEF78E
:10CAB000B9FC4FF47A72002304460D460CF01AFDBF
:10CAC000294684464FF47A72204600233C2406FB14
:10CAD00004C60CF00FFD002594B24FF47A73C3FB2B
:10CAE0000645384622462B46BDE8F041FEF706BC17
:10CAF00012B370B40446861803E0581B14D1B44234
:10CB000014D014F8013B11F8010BA3F14102192ACA
:10CB1000A0F1410298BF2033192A00F12005ECD979
:10CB20001B1A06D10028EAD170BC7047002070BCE7
:10CB30007047184670BC70471046704770B5044681
:10CB400008460D460CF0CEFC064602E014F8013F04
:10CB500043B1324629462046FFF7CAFF0028F5D1E7
:10CB6000204670BD1C46204670BD38B507490546B5
:10CB7000FFF7E4FF0649041E284618BF0124FFF70B
:10CB8000DDFF08B144F00204204638BD1B800508D3
:10CB90001E8005086FF00042FFF7AABFA0F16103F5
:10CBA000192B98BF20387047A0F14103192B98BF6B
:10CBB00020307047202805D0093804288CBF002079
:10CBC000012070470120704737B50446084601919F
:10CBD0000CF088FC0199054602462046FFF788FFC5
:10CBE00070B9625D1046FFF7E5FF00B932B9013553
:10CBF0002C44204601340378202BFAD003B030BDFA
:10CC00000020FBE72DE9F84306461F4605462C7831
:10CC100020462B46FFF7CEFF01350028F7D12B2CFD
:10CC200062D02D2C0FD0102A7BD04FF0FF3CBCFBE4
:10CC3000F2FC02FB0CFE6FEA0E0E994605465FFA07
:10CC40008EFE90460FE00125102A03F101092FD135
:10CC500099F80040302C49D04FF0100842466FF050
:10CC6000704C4FF00F0E09F1010300200BE0303C37
:10CC7000E4B294420DDA60451E4628D825D008FB60
:10CC8000004013F8014B392CF1D944F02004602CFA
:10CC90000BD801B10E60F5B127B1B0F1004F28BF3C
:10CCA0004FF000404042BDE8F883573CE4B2E0E773
:10CCB0004FF0FF3CBCFBF2FC02FB0CFE6FEA0E0ED9
:10CCC0005C785FFA8EFE9046CDE7A645D7D23D4010
:10CCD0004FF0FF30D5E7002FE5D06FF000439842CA
:10CCE00028BF1846BDE8F8830546ADE799F801402E
:10CCF0002046FFF759FF4FF01008782809F1010688
:10CD0000424605D0B1466FF0704C4FF00F0EAAE7C7
:10CD100099F802406FF0704C09F102094FF00F0EC4
:10CD2000A1E79946054693E701230A22002169E716
:10CD300070B50D461446FEF7BDFD064670B1FFF70F
:10CD4000F3FFA0F2DC53052093FBF0F303F17D0227
:10CD5000FA2A03D82B702378013323703046FEF76C
:10CD6000A9FD064670B1FFF7DFFFA0F2DC530520F6
:10CD700093FBF0F303F17D02FA2A03D86B7023785A
:10CD800001332370304670BD00233BE7613819281A
:10CD90008CBF002001207047413819288CBF00202B
:10CDA00001207047303809288CBF002001207047CF
:10CDB000A0F13003092B07D920F0200041381928B1
:10CDC0008CBF0020012070470120704730B40268FA
:10CDD0001146531C036011F8024B0160D31C5178BB
:10CDE00003609378151D05601B04D07843EA012386
:10CDF000234343EA006030BC704700BF0368591CFE
:10CE00001A46016012F8021B0260587841EA0020BD
:10CE1000704700BF03685A1C02601878704700BF53
:10CE200030B583B00446084601910CF05BFB0199D4
:10CE30000546024620680EF007FE20682844206060
:10CE400003B030BD38B50446006815460EF0FCFD51
:10CE500023682B44236038BD036810B40A0E5C1CA1
:10CE600004601A7003680A0C5C1C04601A70036882
:10CE70000A0A5C1C04601A7003685A1C026019706C
:10CE80005DF8044B704700BF036810B40A0A5C1CCD
:10CE900004601A7003685A1C026019705DF8044B34
:10CEA000704700BF03685A1C026010B41970036811
:10CEB0000A0A5C1C04601A7003680A0C5C1C04609B
:10CEC0001A700368090E5A1C026019705DF8044B51
:10CED000704700BF03685A1C026019700368090A92
:10CEE0005A1C0260197070472DE9F04F144612F871
:10CEF000015B87B0002D00F04A8181468A46984642
:10CF000000270AE02946484601371446D047224602
:10CF100012F8015B002D00F08780252DF2D1657895
:10CF2000302D00F0D78002344FF0000BA5F1300314
:10CF3000DAB2092A4FF000065CD96C2D78D0782D32
:10CF4000E5D8572D62D9A5F15803202BDFD801A2CF
:10CF500052F823F077D103080FCF03080FCF03084F
:10CF60000FCF03080FCF03080FCF03080FCF03081D
:10CF70000FCF03080FCF03080FCF03080FCF03080D
:10CF800007D1030815D103080FCF03080FCF0308FB
:10CF90000FCF03080FCF03080FCF03080FCF0308ED
:10CFA0000FCF03080FCF03080FCF0308FFD00308EC
:10CFB0000FCF03080FCF03080FCF03080FCF0308CD
:10CFC000E9D003080FCF030833D103080FCF0308BC
:10CFD0000FCF030877D103080528AED8A5F1370392
:10CFE0000A2BAAD114F8015B06EB860603EB460672
:10CFF000A5F13003DAB2092AA5F16101A5F14100DA
:10D00000F0D90529E8D8A5F15703E9E765B1252D41
:10D010007FF47DAF25214846D0472246013712F8DC
:10D02000015B002D7FF479AF384607B0BDE8F08F83
:10D0300014F8012B782A3FF66AAF572A4FD9A2F18C
:10D040005803202B3FF663AF01A151F823F000BF36
:10D0500043D103080FCF03080FCF03080FCF0308F6
:10D060000FCF03080FCF03080FCF03080FCF03081C
:10D070000FCF03080FCF03080FCF030807D1030812
:10D080005BD103080FCF03080FCF03080FCF0308AE
:10D090000FCF03080FCF03080FCF03080FCF0308EC
:10D0A0000FCF03080FCF0308FFD003080FCF0308EB
:10D0B0000FCF03080FCF03080FCF0308E9D00308F1
:10D0C0000FCF030867D103080FCF03080FCF030862
:10D0D00043D10308A5784FF0010B033426E7002A5B
:10D0E000A2D0252A96D012E758F8043B0093324686
:10D0F000002351464846FEF7CFF9074407E758F8A2
:10D10000043B1F6003E758F8041B4846C9B20137C7
:10D11000D047FCE658F8040B03A9FEF77BF803ABF5
:10D12000009332465B4651464846FEF7B5F9074440
:10D13000EDE658F8040B03AB00220A21FEF798F83D
:10D14000EDE7A2F15802B2FA82F258F8040B520944
:10D1500003AB1021FEF78CF8E1E758F8040B03A9A4
:10D16000FEF758F8DBE758F8040B03AB00220A215E
:10D17000FEF77EF8D3E7A5F15802B2FA82F258F82A
:10D18000040B520903AB1021FEF772F8C7E72F46D4
:10D190004AE773B5114C0192064620680D46A0B1CE
:10D1A0000F49FEF7CAFC20683146FEF7C6FC0D4960
:10D1B0002068FEF7C2FC0C49019B20682A46FFF755
:10D1C00093FE0A492068FEF7B8FC094B1B7813B19F
:10D1D000084B01221A7002B070BD00BF5C640020D1
:10D1E00021800508D385050837BB03082978050881
:10D1F00060640020616400200EB403B503AA52F8F5
:10D20000041B0192FFF7C5FF044B05491868FEF7A0
:10D2100094FC02B05DF804EB03B070475C6400203E
:10D220006C87050870B50D46044617490522284647
:10D23000FFF75EFC58B9154A13781BB9012111702C
:10D24000134A1370BDE870401248FEF7D5BE12496C
:10D2500003222846FFF74CFC88B90C4D0C4E2A7867
:10D260004AB133783BB10D492046FFF7C5FF002393
:10D270002B70337070BD0A48FEF7BEFEF7E72046FC
:10D280000849BDE87040B7E78F7805086064002062
:10D29000616400202E800508207A05084480050876
:10D2A0007B8005088F80050810B5044608460B46AC
:10D2B000FEF7D2FD28B9084903221846FFF718FCEB
:10D2C00028B90648FEF79EFE0120FEF7BBFE204669
:10D2D0000349BDE810408FE79E800508A28005083D
:10D2E0008F80050810B504460748FEF785FE09F053
:10D2F00091F920B1BDE810400448FEF77DBE2046FC
:10D300000349BDE8104077E7C4800508CE800508D2
:10D31000D6800508014902466EE700BFDD8005089A
:10D32000004969E7F48005080EB403B503AA52F872
:10D33000041B0192FFF72DFF064B1B6823B9064B18
:10D3400006491868FEF7F9FB02B05DF804EB03B07C
:10D35000704700BF2C6000205C6400206C870508CB
:10D3600008B50B4605490246086830B10449FFF785
:10D37000BBFDBDE80840FEF75CBE08BD2C60002088
:10D3800037BB03080FB407B504A951F8040B01918A
:10D39000FFF7E6FFFEF72CFE03B05DF804EB04B0E8
:10D3A000704738B5104D04460846FEF755FD58B194
:10D3B0000E4B0F4893F900104B1C0ABF0D4BC9B21E
:10D3C0005978BDE83840DDE70846FFF7ADFC052891
:10D3D00004D8C0B2EAF714FD2946E5E7204606491D
:10D3E000BDE83840052207E76E870508A50A00203A
:10D3F0000381050814B400201281050838B5114DC9
:10D4000004460846FEF728FD58B10F4B0F4893F924
:10D4100000104B1C0ABF0E4BC9B21978BDE838404A
:10D42000B0E70846FFF780FC052804D8C0B2FEF735
:10D4300041FE2946E5E720460649BDE83840052279
:10D44000DAE600BF6E870508A40A002007810508F8
:10D4500014B400201781050870B506460846FEF78B
:10D46000FBFC00B3214B1B680133162B17D8204956
:10D470000C2202FB03121C4695682DBB1C4A0C2192
:10D480000134162C0DDC03D801FB04208568DDB9BE
:10D49000A342F5D130461749BDE87040ACE61C46C2
:10D4A000ECE70024F0E70846FFF73EFC16280446A8
:10D4B00005D80F4A0C2303FB00239D6825B921469C
:10D4C0000D48BDE870405DE7084B1C60F3F754FD64
:10D4D0000A482A462146FFF755FF0C206043044BBB
:10D4E000BDE87040185CF3F761BD00BFA80A0020DA
:10D4F00004DE040832810508468105085C810508C0
:10D50000044B33F91020411C0AB103483AE70348A1
:10D5100038E700BFECD0002071810508868105083E
:10D520000F4A104BDFED107A13B5411C33F9104050
:10D53000019102EB800090ED000A20EE270A0CF02A
:10D54000D5FE019902B22CB10848234602B0BDE8CD
:10D55000104017E7064802B0BDE8104012E700BFD0
:10D560007C600020ECD0002000007A449C810508FB
:10D57000AE8105082DE9F04186B0064601AA0846AD
:10D580004E49DFF838810EF0D5FA002402AF254667
:10D59000D0B1042C0FD1029F49493846FFF7FAFA5F
:10D5A0000546F8B9474C2378AB4213DDE8B2FFF7E4
:10D5B000B7FF0135F7E747F8240001AA41460020EC
:10D5C0000EF0B8FA0134E2E7002CE4D13D4C2378A8
:10D5D000AB4202DC06B0BDE8F081E8B2FFF7A0FF85
:10D5E0000135F4E738493846FFF7D4FA05460028F4
:10D5F00060D1012C08D1334C2378AB42EADDE8B28C
:10D60000FFF77EFF0135F7E7022C10D1039C2F496D
:10D610002046FFF7BFFA28B12D492046FFF7BAFA96
:10D620000028D7D12B4B0022C3E90022D2E7032CDC
:10D630003CD1039D28492846FFF7ACFA044618B1AF
:10D640002846FFF771FB0446049F20493846FFF740
:10D65000A1FA054648B11E493846FFF79BFA054630
:10D6600018B13846FFF760FB0546164F3A789442EA
:10D6700004D91A493046FFF7BFFDABE705F57A73C9
:10D68000B3F5FA6FF5D8134E4CB93B78A342A1DD40
:10D69000E0B226F8025BFFF733FF0134F5E7013C07
:10D6A000E0B226F81050FFF72BFF93E73046FFF764
:10D6B00031FE8FE73046FFF733FE8BE736740508FF
:10D6C000BB81050800400020C28105083B84050895
:10D6D000CB810508ECD0002060780508D1810508D1
:10D6E00070B5054608461646FFF71EFB041E09DD09
:10D6F0000C4B1B78A34205DB0B482146FFF742FE8B
:10D70000601E0EE02EB1FF2C03D10848FFF73AFE51
:10D71000F6E7044B06491A782846FFF76DFD4FF0EF
:10D72000FF3070BD00400020E7810508F881050842
:10D730000B8205082DE9F04F064685B008460B46DA
:10D74000FEF78AFB044618B13046FFF7E3FD53E0CD
:10D750002F49DFF8CC90DFF8CCA0DFF8CCB003AADB
:10D7600018460EF0E7F927460546A04665B9294B4D
:10D770003A461868A1B2CDF75BFB00283CD1264998
:10D780003046FFF739FD37E0B8F1000F15D0B8F19A
:10D79000010FD9D1BB1E5A425A4129463046FFF7E4
:10D7A0009FFF421C044627D0194903AA00200EF00F
:10D7B000C1F908F101080546D8E728460BF092FEAA
:10D7C0004946024601902846FFF792F9B8B1019AFE
:10D7D00051462846FFF78CF998B1019A59462846D8
:10D7E000FFF786F978B1019A0C492846FFF780F9CE
:10D7F00058B13046FFF794FD05B0BDE8F08F4746BD
:10D80000D2E70127D0E70227CEE70327CCE700BF06
:10D8100036740508046400203D8205083A82050834
:10D8200031820508348205083782050810B50F4C8F
:10D8300004F5BE72012808BF1446752120460BF07E
:10D84000E9FD01460A48FFF79DFD1A2120460BF02D
:10D85000E1FD01460748FFF795FD1B2120460BF02F
:10D86000D9FDBDE81040014603488BE55C4000202F
:10D870005B8205086E8205088182050838B50B4C6D
:10D88000E07810F0FD0505D10948FFF77BFD28463B
:10D89000FFF7CCFFE378013B012B06D80548FFF7E3
:10D8A00071FDBDE838400120C0E738BD90AF0020D1
:10D8B000948205089F8205082DE9F043064687B04B
:10D8C00008460C460BF00EFE082843D1671E03AD38
:10D8D000073429463A46A84612F8010FFFF75EF9C9
:10D8E000A24201F8010BF7D10023DFF878908DF800
:10D8F000143017F8010FFFF751F9C1B205F8010B09
:10D90000484601910FF014F920B1019928460FF013
:10D910000FF928B13046FFF703FD07B0BDE8F083EB
:10D92000A742E6D10E494046E4F720F90C480D49DC
:10D93000082310F8012B11F8014B06AD2A44013BD6
:10D9400002F80C4CF5D108488DF8143003A9FFF704
:10D9500019FDE2E70028E9D03046FFF7DBFCDCE701
:10D960009C5100203C2505086479050808B5084B42
:10D970001A78032A08D15B780D2B05D1E3F774FAE6
:10D98000BDE808400348FDE4BDE80840024933E42F
:10D9900078510020AA820508B5820508034B044A85
:10D9A00004491B68126809680348EBE49875FF1F77
:10D9B0009475FF1F9075FF1FC48205082DE9F04183
:10D9C000064608460C460BF08DFD054628B3154B60
:10D9D0001B78ABB1144F3B7893B138460BF082FD06
:10D9E000A842024604D1214638460FF0AEF838B1BD
:10D9F00030460D4B0D4A0E49BDE8F041FFF7FCBB28
:10DA00000C4B1B784BB92046F8F78AF828B10A4B23
:10DA10000A4801229A70FEF7F5FABDE8F041024982
:10DA20000748AFE4B8DB002088D10020D882050881
:10DA3000E882050894DF0020C0EB0020128305086F
:10DA4000EB7805082DE9F041064608460C460BF038
:10DA500049FD054628B3154F3B78ABB1144B1B78F5
:10DA600093B138460BF03EFDA842024604D1214650
:10DA700038460FF06AF838B130460C4B0D4A0E4963
:10DA8000BDE8F041FFF7B8BB0C4B1B784BB9204603
:10DA9000F8F716F828B10A4B0A4801229A70FEF7E7
:10DAA000B1FABDE8F041014907486BE47CD9002098
:10DAB000B8DB002027830508E882050894DF0020F2
:10DAC000C0EB002034830508DB7805082DE9F04120
:10DAD000064608460C460BF005FD054628B3154FD3
:10DAE0003B78ABB1144B1B7893B138460BF0FAFC82
:10DAF000A842024604D1214638460FF026F838B134
:10DB000030460C4B0D4A0E49BDE8F041FFF774BB9F
:10DB10000C4B1B784BB92046F7F7EAFF28B10A4BAC
:10DB20000A4801229A70FEF76DFABDE8F0410149FA
:10DB3000074827E470D10020B8DB002046830508A1
:10DB4000E882050894DF0020C0EB0020518305081F
:10DB5000CD780508F0B5064689B008460D46FFF7B2
:10DB6000E3F82021044628460EF0E2FF20B93046B3
:10DB7000FFF7D0FB09B0F0BDFFF7D6F82246054607
:10DB800001460E48FFF7FEFB7DB1202D2A4669466F
:10DB900028BF2022204607F037FF00270646B7425D
:10DBA00006DBAD1B3444002EEED1FEF721FAE1E78F
:10DBB0001DF80700FEF70CFA0137F0E7618305084E
:10DBC00070B5054608460C46FFF7AEF8202106461C
:10DBD00020460EF0ADFF044620B92846BDE870404F
:10DBE000FFF798BB104D2A7E697E914201D007F065
:10DBF000F5FE0E4B20461E600BF074FC0122014620
:10DC0000204607F08BFF2B7E6A7E9A4201D007F0F8
:10DC1000E5FE20460BF066FC32460146BDE870404A
:10DC20000348FFF7AFBB00BFC0EB0020709200209D
:10DC3000798305082DE9FF4708F082FA8268838915
:10DC400001880192428800924268244EDFF89C903D
:10DC5000DFF89C80DFF89CA004462148FFF792FB88
:10DC60000025374615B94846FEF7C6F9D8F8003002
:10DC70009D420DDB0023062000FB03F17A18795C3E
:10DC800002291AD00133062BF6D100239B88FFDE30
:10DC900033781448052B96BF0AEB83030022D3F890
:10DCA000D020B3880093294673880135FFF76AFBBB
:10DCB000062D06F10606D5D1DCE791885388CB1AEC
:10DCC000616803FB0111039107F048FF03990246C5
:10DCD000054804B0BDE8F047FFF754BBC80C00206E
:10DCE0008F830508E8830508F7830508DD830508A9
:10DCF000EC0C0020F8180508084B33F9102002F549
:10DD0000FA639BB2B3F57A6F00F1010102D80448BF
:10DD1000FFF738BB0348FFF735BB00BF24B900202D
:10DD200014840508298405082DE9FF4106460846A4
:10DD30000D46FEF791F80746E8B100240A25092CA4
:10DD400017D90A2203A90120FDF74CFAB4FBF5F319
:10DD5000424A05FB134303A9D35C037000234370BD
:10DD600001343046FFF7E0FF122CE8D104B0BDE8E3
:10DD7000F08103A8EAE70846FEF7D6FFC4B2112CEB
:10DD800062D8681CFDF796FD354D8046C0B9354B0D
:10DD900013F814108A1E51425141324B13F81420CB
:10DDA000AA5C00294BD003EB440319205B7840F2B6
:10DDB000EE2100FB03132C482146FFF7E3FAD5E7D9
:10DDC000017828460EF0B4FE60B1431B2748042CAE
:10DDD0008CBF03220022104450FA83F393F8E870BA
:10DDE000032F03D13046FFF79BFABFE74046FDF70C
:10DDF00061FDF0B1022FF5D1FEF796FF40F6CA02A1
:10DE000080B29042174BA8BF104640F2EE229042DB
:10DE100003EB4403B8BF1046A0F2EE201922B0FB7A
:10DE2000F2F05870BB1E594259410E4B03F8147062
:10DE3000B3E7022FF6D13046FFF76CFA96E70C48AD
:10DE40002146FFF79FFA91E711230093094A0A49F7
:10DE50003B463046FFF7D0F988E700BF747E0508DF
:10DE6000D860050864B600208A790508F818050806
:10DE70009A7905083F840508317D05080FB407B578
:10DE800004A951F8040B0191FFF76AFA03B05DF899
:10DE900004EB04B070472DE9F04F074691B0884875
:10DEA000884E0D46FFF76EFA874B8849C3F800D0BD
:10DEB00000233370864B0978402406221C702846C4
:10DEC0000123FBF7C1FB0A20F9F7E8FE33780C2B9E
:10DED000DAB240F2F0809DF80C50FE2D2ED0FF2DCE
:10DEE0000BBF15240F2401260026944240F0E38046
:10DEF000611EC9B26846D5F735FE10AB1C4414F854
:10DF0000413C834240F0D28006F1FF385FFA88F846
:10DF1000B8F1010F9DF80D3012D903F01F076137DA
:10DF20005C096C48FEF75EF8022E72D0013C042CAE
:10DF30006BD8DFE804F00B5E626A66000226D4E765
:10DF40009DF80E709DF80F401D46EAE76248FEF707
:10DF500053F86248DFF8DC91DFF8DCB1FEF742F8F5
:10DF60006C464FF0000A14F8011B48460AF1010AFA
:10DF7000FFF784FFBAF10C0F53D1FEF739F8022EE8
:10DF800059D06422B5FBF2F102FB115254483B46D2
:10DF9000D2B2C9B2FFF7F6F9B8F1010F7DD8514AF4
:10DFA000514B9DF810105148514D002914BF114696
:10DFB0001946FFF7E7F99DF811104E4B4E4800291E
:10DFC00014BF19462946FFF7DDF9022E65D19DF8E9
:10DFD00012404A48FEF706F89CB3FF2C41D00A22B3
:10DFE000B4FBF2F102FB11424548D2B2FFF7CAF985
:10DFF0002AE04448FEF700F8ABE74348FDF7FCFF92
:10E00000A7E74248FDF7F8FFA3E74148FDF7F4FF13
:10E010009FE700230DF11F008DF83F30FDF7ECFF67
:10E0200097E73C4B03FB0AF2B2F1553F9BD85846A9
:10E03000FDF7D8FF97E738483A462946FFF7A2F997
:10E04000AAE72846FDF7D8FF9DF813403348FDF7AF
:10E05000C9FF54B1FF2C23D031482146FFF792F974
:10E0600006E03048FDF7C8FFEEE72148FDF7C4FFA2
:10E070001F4E2C4FDFF87C800DF11305002415F89E
:10E08000012F8AB1FF2A0CBF3A4642462146264854
:10E090000134FFF777F9042CF1D111B0BDE8F08F0E
:10E0A0002048FDF7A9FFE3E73246EFE71F4938466E
:10E0B000FFF7A2F8F1E71E48FDF79EFFEDE700BF6E
:10E0C00063840508C4800020988000200040002060
:10E0D000C5800020748405087F840508AD84050888
:10E0E000C48405084784050850840508FB84050896
:10E0F0003B8405086179050812850508198505081E
:10E100002D850508868405088E84050896840508F3
:10E11000A5840508ABAAAAAAE084050835850508E8
:10E120006E8805085784050845850508508505084B
:10E1300060850508BF8405082D7805082DE9F74F8F
:10E14000054608460B46FDF787FE044610B9324ADD
:10E1500017782FB92846FFF7E3F803B0BDE8F08F32
:10E160002E49DFF8C480DFF8C490DFF8C4A001AA0C
:10E1700018460DF0DFFC264610B9F9F73DFEECE736
:10E1800076B9012201462846FFF7AAFA421C044646
:10E19000E3D0224901AA002001360DF0CBFCEBE7C9
:10E1A000FEF7C2FD2F2883462FD80FB1F9F73AFEAC
:10E1B000BBF1060F0DD01A49012309785FFA8BF2E3
:10E1C000E0B2FBF741FA59464846FFF7DBF8002773
:10E1D000DFE7DAF800301B0113D5FF2C0ED0E1B2D7
:10E1E0002846FFF758FEEEE72846FFF754FE0C4B93
:10E1F00001371A78F9B28A42F6D8E4E7084B0027CB
:10E20000F7E70848FDF7F8FEDDE72F2241462846EC
:10E21000FEF7F2FFBDE700BF9454002036740508F6
:10E2200000400020B58205087A8505086985050843
:10E23000186000202DE9F04F2DED028B08EE100A3A
:10E2400083B008460E46174698460BF04BF9044635
:10E2500008BB4648464EDFF83881FFF70FFE0C2515
:10E260002046F2F775FE3B68184205D005FB04F323
:10E2700040469959FFF702FE0134162CF0D13B6855
:10E2800013B93C48FDF7AEFE03B0BDEC028BBDE810
:10E29000F04FFDF7ADBE024637493046FEF728FC89
:10E2A0000546B0B93548324E354FFDF79BFE2C463A
:10E2B0000C252046F2F74CFE10EA080F05D005FBAE
:10E2C00004F338469959FFF7D9FD0134172CF0D1E2
:10E2D000DAE73378DFF8BC902D2B48F4800303BFD6
:10E2E000013604F1FF34012500254FF0000A0193A7
:10E2F000D9F808B0224659463046FEF7F9FB20BB54
:10E300005046F2F725FE019B03421ED09DB1BAF1A3
:10E31000160F1CBF3B6840EA0308C7F80080194885
:10E32000FDF760FE1648594603B0BDEC028BBDE810
:10E33000F04FFFF727B8BAF1160F1CBF3D688543B1
:10E340003D601148FDF74EFEECE70AF1010ABAF113
:10E35000170F09F10C09CBD10C4918EE100A03B0C4
:10E36000BDEC028BBDE8F04FFEF746BF9A8505086D
:10E370000CDE0408A4850508F8740508B0850508B6
:10E38000AC850508BB850508C4850508347A0508F1
:10E39000AB85050804DE0408014B024A4AE700BFCA
:10E3A000FFFF3F0070D90020014A40F2022341E7FD
:10E3B00078D900202DE9F74F834608460D460BF02B
:10E3C00091F83B4E0446D6F80090B8B939483A4D1A
:10E3D0003A4FFDF707FE012655F8041B49B106FA2E
:10E3E00004F313EA090F02D03846FFF747FD013462
:10E3F000F2E703B0BDE8F04FFDF7FABD0246304941
:10E400002846FEF775FB78B92E482B4C2E4DFDF7AC
:10E41000E9FD54F8041B0029EBD00B78002BF8D051
:10E420002846FFF72BFDF4E72B782D2B224B03BF5B
:10E43000013504F1FF344FF0010A4FF0000A0027C4
:10E4400053F8048BB8F1000F06D12049584603B0A9
:10E45000BDE8F04FFEF7D0BE224641462846019364
:10E46000FEF746FB019B00BB0123BB409A0505D587
:10E47000174803B0BDE8F04FFDF7BEBDBAF1000F7D
:10E480000CD029EA030313483360FDF7ABFD0E48B7
:10E49000414603B0BDE8F04FFEF774BF49EA0303FD
:10E4A0000D483360FDF79EFDF1E70137C8E700BF77
:10E4B000B4D10020CC850508D4FA0408D685050817
:10E4C000F8740508B0850508AC850508347A050898
:10E4D000DA850508BB850508C4850508154B1B684A
:10E4E00070B533B31448154EFDF786FDFDF7A1FD59
:10E4F00007F060FB002507F055FB044648B11320E8
:10E50000F2F754FDFDF774FDBDE870400C48FDF7CF
:10E5100073BD3046FFF7B2FC782D06D80135FDF704
:10E5200088FD6420F9F7BAFBE5E7FDF761FD2546B4
:10E53000F5E770BD74920020E6850508B3820508F2
:10E540000086050830B52E4885B0FDF74BFD2D4BF4
:10E550001B792BB92C4805B0BDE83040FDF74CBD08
:10E56000D2F77AFA08B92948F5E7D2F765FA08B977
:10E570002748F0E7274B1B68DB6998470028F7D04E
:10E58000D2F754FA0268037D81790446407C0290F8
:10E59000207C0190608A009052081F48FFF76EFCB3
:10E5A000E51D0C3415F8010BFDF712FDAC42F9D155
:10E5B0001A4C1B48FDF716FD6378022B0AD00DD9C3
:10E5C000032B02D11748FDF70DFD05B0BDE8304023
:10E5D000FDF70EBD1448FDF705FDF6E71348FDF7FE
:10E5E00001FD41F2E473E35C022B05D0032BECD177
:10E5F0000F48FDF7F7FCE8E70E48FDF7F3FCE4E70A
:10E60000068605088C3F0020108605081F86050831
:10E610002D860508943F00203C86050840680020B0
:10E620006A8605087A860508808605088D860508AD
:10E63000AC860508938605082DE9F04F024691B097
:10E6400008460B46FDF708FC044628B11046FEF7C5
:10E6500061FE11B0BDE8F08F4FF0FF32CDE9082028
:10E66000A74ADFF8E4821268DFF8E09292F83810E7
:10E67000DFF8DCA2CDE90C10CDE90E02CDE90A00ED
:10E68000A04907AA18460DF055FA274605460494F6
:10E6900026463DB9089A0C9FBA4260D19A48FEF7C7
:10E6A00071FED6E7062F12D8DFE807F0041E2328F4
:10E6B000454C510051462846FEF740FA78B14FF4D8
:10E6C0008060F2F733FB90F90430089301248D4900
:10E6D00007AA00200DF02EFA01370546D9E7284693
:10E6E000FEF722FB0890F2E72846FEF71DFB099093
:10E6F000EDE72846FEF739FA0A90E8E728460AF0DF
:10E70000F1FE4146024605902846FEF7F1F918B39E
:10E71000059A49462846FEF7EBF906460028D6D06A
:10E720002846FEF701FB04280646D0D90146774863
:10E73000FEF728FE8DE72846FEF7F6FA00230C9038
:10E740000F93C4E72846FEF7EFFA0D90BFE728467F
:10E75000FEF70BFA0E90BAE701230493B7E7DFF850
:10E76000F48151B2434613F9010B884208D00135B8
:10E77000092DF8D1002166480131FEF703FE68E754
:10E7800064480121FEF7FEFD7AB2002318F9011B4F
:10E790008A4200F010810133092BF7D13A4601215A
:10E7A000E9E7A7F1140253425341059308AD002352
:10E7B00003F10108EB68002B36D195F900B05846FB
:10E7C000F2F7D2FAD5F804A020B1D0F80090B9F150
:10E7D000000F62D1BAF1000F1BD14FF461436B609F
:10E7E0004FF0010AAB680BB90323AB600023D5F8E7
:10E7F000049002932A7A1946CDE9009258461A46A7
:10E80000F2F7F1FAE86038B943484146FEF7BAFD3D
:10E810001FE74FF0000AE5E74A464146BAF1000F0C
:10E8200037D03E48FFF72AFBB8F1020F05F110057B
:10E830004FF00103BCD1059BDDF83C800B9D53B12B
:10E840003748FDF7D9FBD8F800301B6A1BB13549B2
:10E850002A4640469847049B002B4ED03249334B02
:10E86000142F18BF19463248FEF78CFD142F09D11A
:10E87000049B03B936B12B68DB691BB12D493246C5
:10E8800028469847002C67D1002241462846CCF7FD
:10E89000FDF92948FFF7F2FAC6E7C5F80C90BAF17E
:10E8A000000F23D0254841465246FFF7E7FA51466C
:10E8B0004846F5F7D3FBD5F808A0BAF1000F0DD004
:10E8C00099F80420924509D01D4841465346FFF768
:10E8D000D5FA5FFA8AF14846F9F744FAD9F82C30AC
:10E8E000002BA1D00023C9F82C309DE7D9F80820CF
:10E8F00014484146FFF7C2FADDE70C49B3E700BF11
:10E900000464002036740508EE860508D6860508DE
:10E910003288050807870508138705082F8705082B
:10E92000E68705085D400308BE8605086E87050872
:10E930000F88050819BB0308538705086F8705086A
:10E94000C18705089C870508CB810508A6850508B1
:10E95000CB860508ACDC0408F9F764FA0520F9F762
:10E960009DF91B4FDFF8709000264FF0030A99F8CD
:10E970000030B34288D917F801BBBBF1000F15D0A6
:10E980005846F7F787FA044680B15846F9F77CFAFB
:10E9900008B1A0F806A001210490F9F7E5FA237A5E
:10E9A000049813F0010F03D0F9F720FB0136DEE7DE
:10E9B000F9F722FBFAE707483A460221FEF7E2FCA4
:10E9C000099B002B3FF4EDAE00230593EEE600BF5C
:10E9D0007154002007870508004000202DE9F84306
:10E9E000037903F0E002402A54D004D872B1202AFF
:10E9F0002CD0BDE8F883602A52D0802AF9D18279E0
:10EA000041792A48BDE8F843FEF7BCBC03F0070390
:10EA1000022B02D0042B09D07BB9B0F80720B0F844
:10EA200005102348BDE8F843FEF7ACBCD0F805104C
:10EA30002048BDE8F843FEF7A5BCB0F90720B0F9BF
:10EA400005101B48BDE8F843FEF79CBC45791A4EFB
:10EA50001A48FDF7C7FA06EBC502002492F80480B5
:10EA60000123A04503D8BDE8F843FDF7C1BA56F825
:10EA7000357057F824204FEA84094AB113B9104879
:10EA8000FDF7B0FA57F809100E48FFF7F7F9002321
:10EA90000134E6E741790C48BDE8F843FEF772BC63
:10EAA000BDE8F8430948FEF76DBC00BF9388050830
:10EAB0005A8805084488050854FB0408718805082D
:10EAC000A8760508E571050882880508AA88050862
:10EAD0002DE9F04715460A7902F0E004402C814602
:10EAE0000F46984638D1DFF89C81654EDFF8B89123
:10EAF000002415E03B7903F00703013B032B03D807
:10EB0000DFE803F013181E24295D3046FFF7B6F93D
:10EB10007B79013BA34202DD4846FDF763FA0134ED
:10EB20007B79A342E6DCBDE8F08729573046FFF742
:10EB3000A5F9EDE735F814103046FFF79FF9E7E740
:10EB400035F914103046FFF799F9E1E755F824102C
:10EB50004046FFF793F9DBE702F00702042A41D8A9
:10EB6000DFE802F0030C141619002E78602C47D051
:10EB70002BD8002C4ED0202C64D0D4E795F900601F
:10EB8000602C3DD021D8002CF5D131E02E88EDE766
:10EB9000B5F90060F4E7D5F800A0202C564651D016
:10EBA00011D8002CBFD151463648FFF767F9D7F886
:10EBB00005108A455AD8B8F1000FB4D0BDE8F04727
:10EBC0003148FFF75BB9602C1AD0802CABD1297883
:10EBD0002E4B2F48002914BF29461946BDE8F0479F
:10EBE000FFF74CB9202C2CD007D8002C9BD12646FF
:10EBF000B7F90540B7F9075010E0602CE5D10026C1
:10EC00007B7946FA03F3DB072BD5BDE8F0472148B3
:10EC1000FFF734B9B7F80540B7F807501848314640
:10EC2000FFF72CF9B44221DCB5421FDBB8F1000F2D
:10EC30003FF479AF2A4621461748BDE8F047FFF771
:10EC40001DB900267A79154B03EBC2010979B1424F
:10EC50000CDD53F8323053F82600BDE8F047FDF7DD
:10EC6000C1B9BDE8F0470E48FFF708B9FDF7C0F994
:10EC70003A680C4933464846BDE8F047FEF754BBB6
:10EC80006E88050857880508C28805082D7805088C
:10EC9000E5710508BF8805082189050854FB0408AB
:10ECA000C8880508CC880508707605080CB407B537
:10ECB00010F020000BD079B92320FDF789F90498D2
:10ECC00005A90191FEF74CFBFDF792F9012003B075
:10ECD0005DF804EB02B070470020F8E70CB4C306FF
:10ECE00007B500D561B9049805A90191FEF738FB75
:10ECF000FDF77EF9012003B05DF804EB02B0704728
:10ED00000020F8E72DE9F04F87B00F46914600212B
:10ED1000119ADFF898B098460646FDF77FF987EA22
:10ED200009096FEA09030446002505932846F2F70E
:10ED30000FF9109B184231D0059B1B4ADFF870A0D9
:10ED4000034014BF4FF001094FF00009039310EA8C
:10ED5000070304934FF00C0303FB05F349469B584C
:10ED6000029314BF5A465246009330464346FFF77B
:10ED70009DFF039BB3FA83F1224649093046FDF714
:10ED80004DF9049A029B009304464346002A14BF9F
:10ED900052465A4649463046FFF7A0FF0135162D28
:10EDA000C4D107B0BDE8F08F0CDE0408E688050882
:10EDB000EC8805082DE9F04F824687B00D461E46C7
:10EDC0001746002A6DD04FF48072394628460DF060
:10EDD000A1FE0AF03003102B5FD0B0FA80F4640972
:10EDE00016B13046FDF70EF9DFF8BC80DFF8BCB095
:10EDF0003E464FF000092FB30822314628460DF059
:10EE000089FEB6F904300493B6F906300393B3785B
:10EE100008EB8303B0FA80F4D3F8F03002937378F0
:10EE200008EB83036409D3F824310193337808EBAA
:10EE300083035A46D3F89831009321464B465046F7
:10EE4000FFF734FF2B78E3B1B5F904200492B5F94C
:10EE500006200392AA7808EB820208EB8303D2F81B
:10EE6000F02002926A78D3F89831009308EB82027E
:10EE70004B46D2F82421019221465A465046FFF7CC
:10EE80002DFF09F10109B9F1200F05F1080506F17F
:10EE90000806B0D107B0BDE8F08F0028FAD00024F2
:10EEA0009EE714469CE700BFF8180508F38805089C
:10EEB0002DE9F04F804685B00E461D469146002A4A
:10EEC0004FD0AE22494630460DF024FE08F0300304
:10EED000102B42D0B0FA80F4640915B12846FDF732
:10EEE00091F8214FDFF884A0063609F1060509F1F3
:10EEF000AE0BB9F1000F16D00622294630460DF0B0
:10EF000009FEB5F900300293B5F904300193B0FA67
:10EF100080F4B5F90230009364097B6852462146BB
:10EF20004046FFF7C3FEB6F9003063B10293B6F96D
:10EF300004300193B6F90230009352467B682146B3
:10EF40004046FFF7CBFE0635AB4507F1040706F157
:10EF50000606CED105B0BDE8F08F0028FAD0002417
:10EF6000BBE71446B9E700BF1C1A0508108905085D
:10EF70002DE9F0452DED028B97B0054603AA084612
:10EF8000B549B54F0CF0D6FD00240CAEA046B8B183
:10EF90000A2C0CD10C9FB1493846FDF7FBFD10BB84
:10EFA000AF48FCF789FDAF48FCF786FD16E046F850
:10EFB000240003AA394600200CF0BCFD0134E5E72B
:10EFC000002CE7D1A84BA94922460120FFF770FF8A
:10EFD000A74BA84922460120FFF7ECFE17B0BDEC75
:10EFE000028BBDE8F085A4493846FDF7D3FDA8B9EA
:10EFF000A24D9FEDA38AA34FA34E0124B5EC010AB5
:10F0000020EE080A0BF072F957F82410024601347A
:10F010003046FEF7B7F90D2CF0D1DFE79B493846B3
:10F02000FDF7B8FD002856D1012C18D18F4D984E10
:10F03000984FB5F9063063B1B5F90A300193B5F9C7
:10F04000083000933A4656F8243000210120FFF79B
:10F0500045FE01341D2C05F10605EAD1BEE7042C5E
:10F0600035D101240CAF04AE57F82400FDF75CFE47
:10F0700046F824000134042CF6D10D9F844E002460
:10F0800056F8041B3846FDF785FD00B90594013498
:10F090001D2CF5D1059B5A1E1B2A00F2788106997A
:10F0A00041F2883001F6C412824200F27081079A60
:10F0B00002F6C414844200F26A81914200F367812F
:10F0C0006A48062404FB030359809A8086E7284691
:10F0D000FEF720F982E770493846FDF75BFD0646EA
:10F0E00000283ED1012C12D1604D694E6B4F062392
:10F0F00063435B5F3BB100933A4656F824300021EE
:10F100000120FFF7EBFD01341D2CF0D166E7032C45
:10F11000DDD10D9CDFF878A12046FDF705FE0746FE
:10F120000E98FDF701FE80465AF8041B2046FDF7B5
:10F1300031FD002808BF374601361D2EF4D17B1E55
:10F140001B2B00F2248108F51C53103344F6206277
:10F15000934200F21C810620444B474323F807806A
:10F160003CE74F493846FDF715FD0346002856D1C8
:10F17000012C05D102463D492046FFF799FE2DE7B7
:10F18000022C0AD135490D98FDF704FD00287FF4C3
:10F1900025AF3348FCF790FC20E7052C97D10124DC
:10F1A0000CAF04AE57F82400FDF7BEFD46F824006E
:10F1B0000134052CF6D10D9F354E002456F8041B62
:10F1C0003846FDF7E7FC00B9059401341D2CF5D154
:10F1D000059E731E1B2B00F2DA80089C04F51C525E
:10F1E000103244F620639A4200F2D180069941F22F
:10F1F000883301F6C4129A4200F2C980079A02F6D7
:10F20000C410984200F2C380914200F3C0801748B6
:10F2100006237343C518C4526980AA80DEE62149DB
:10F220003846FDF7B7FC0346002840F0B580012CB6
:10F2300005D102460F492046FFF7BCFDCEE6022C61
:10F2400032D106490D98FDF7A5FC00287FF4C6AE23
:10F250000448FCF731FCC1E636740508CB8105088B
:10F260001C950508389505083F790508E0AE002093
:10F270004B7905087CBD0020BB810508C89400209F
:10F2800000007A44E8190508288905083C89050822
:10F290001C1A050842890508578905085C89050874
:10F2A0004579050851790508032C13D17F490E983B
:10F2B000FDF770FC00287FF491AE0D98FDF734FD4A
:10F2C0001F2864D87A4A02EBC001002342F830308C
:10F2D0004B6083E6E31F012B3FF6F9AE01260DF1EB
:10F2E000300804AF58F82600FDF71EFD47F8260049
:10F2F0000136A642F6D10E9F6E4E002456F8041B2E
:10F300003846FDF747FC00B906940134042CF5D1CA
:10F310000F9F694E002456F8041B3846FDF73AFC4F
:10F3200000B9079401341D2CF5D1109F634E0024C1
:10F3300056F8041B3846FDF72DFC00B9089401343B
:10F340000D2CF5D1059A1F2A21D8069F032F1ED810
:10F35000079E1C2E1BD8089C0C2C18D80A9941F229
:10F36000883301F6C410984211D8099800F51C534F
:10F37000103344F6206C634509D84D4B03F83270C6
:10F3800003EBC2035E709C70D880998026E64C49DE
:10F390002846FDF731FF21E64A493846FDF7FAFBDA
:10F3A000064600287ED1012C18D1474C424D474ECD
:10F3B000474F34F9022B55F8281040F6C5139A42EE
:10F3C00008D13846FDF7DEFF08F10108B8F11D0F3E
:10F3D000EFD103E63046FDF7D5FFF5E7022C1DD14E
:10F3E0000D9C3C492046FDF7D5FBA0B13A4920468B
:10F3F000FDF7D0FB78B12046FDF796FC00F6C4126D
:10F4000041F289339A42C2D8344B23F8020B0136B9
:10F410001D2EFAD1E2E540F6C510EFE7032C7FF48C
:10F4200056AE0D9F2E493846FDF7B4FB044688B111
:10F430003846FDF779FCDFF880800446012658F84D
:10F4400026103846FDF7A6FB002808BF34460136D3
:10F450001D2EF4D10E9E1F493046FDF79BFBC0B117
:10F460001D493046FDF796FB98B13046FDF75CFC30
:10F470001C2C8CD800F6C41241F289339A4286D8EB
:10F4800000B24CB9154B23F8020B01341D2CFAD1F4
:10F49000A4E540F6C510EBE7124B03EB4404A4F8D7
:10F4A000DC009BE52846FDF73BFF97E56D890508E5
:10F4B0007CBD0020901A05081C1A0508E8190508EB
:10F4C000D1810508C28105082E950020878905088D
:10F4D000718905083B840508CB8105082C9500201F
:10F4E00060780508509400202DE9F04F9046314A8D
:10F4F000DFF8C4A012788BB00C46099200211A469E
:10F500000746FCF78BFD454606464FF0000B099B6E
:10F510005B4502D80BB0BDE8F08F0BF1010BB8F1E1
:10F52000000F45D02946102220460DF0F3FA00289E
:10F53000324614BF0121002138460CBF4FF00109AB
:10F540004FF00009FCF76AFDEA890792AA89069242
:10F550006A8905922A890492EA880392B5F90420FF
:10F560000292B5F9022001922A88009206465B4673
:10F57000524649463846FFF799FBE2890792A2892D
:10F5800006926289059222890492E2880392B4F974
:10F5900004200292B4F90220019234F8102B009258
:10F5A0005B46524649463846FFF798FB1035AEE7B2
:10F5B000C146E2E7489700209C8905082DE9F04FF5
:10F5C0002DED028BA34BDFF890821F789DB006468D
:10F5D00009AA0846A0490CF0ADFA00250AACA0B370
:10F5E000092D29D1DDF828809C494046FDF7D2FA43
:10F5F000002845D19A4C9B4D9B4E9FED9C8ADFF88D
:10F600009882874229DD35F902AB00F1010906EB4A
:10F61000800090ED000A0AF069FE0AF5FA6189B2ED
:10F62000B1F57A6F82B21DD8914853464946FDF72D
:10F63000A9FE04344846E4E744F8250009AA4146F7
:10F6400000200CF077FA0135C9E7002DCAD18949AD
:10F650002B462A460120FFF747FF1DB0BDEC028B69
:10F66000BDE8F08F94ED1E0A069220EE080A0AF01B
:10F670003DFE069A034649464046FDF783FED8E71D
:10F680007D494046FDF786FA044600286AD1012DDF
:10F6900006D1BC42E1DAE0B2FEF72EFB0134F8E716
:10F6A000022D24D10B9D75492846FDF773FA90B1C0
:10F6B00073492846FDF76EFA68B12846FDF734FB1A
:10F6C00000F5FA63B3F57A6F054606D96D49304601
:10F6D000FDF792FDC1E740F2D175624EBC42BCDA43
:10F6E000E0B226F8025BFEF707FB0134F6E7032DD4
:10F6F00034D10B9D64492846FDF74CFA044618B1F5
:10F700002846FDF711FB04460C9D5C492846FDF791
:10F7100041FAC8B12846FDF707FB0546082CD5D8A5
:10F7200005F5FA63B3F57A6F03D940F2D1739D42C0
:10F73000CCD14C4E5CB9BC428FDAE0B226F8025B09
:10F74000FEF7DAFA0134F6E740F2D175E6E7013C5C
:10F75000E0B226F81450FEF7CFFA7EE73046FDF708
:10F76000D9FD7AE749494046FDF714FA04460028D6
:10F7700040F09680012D16D13E4D454EBC42BFF65D
:10F780006CAFEB8913F0010F14BF2B222D22013433
:10F7900013F0020F14BF2B232D2321463046FDF713
:10F7A000F1FD1035EAE7022DD8D00B98FDF7BCFA31
:10F7B000431E072B804689D82E4ADFF8E0B0079217
:10F7C000190102EB03130691DC894FF00209A945E8
:10F7D00012DBDDE9062314F0010F134414BF2B22C2
:10F7E0002D2214F0020FDC81294814BF2B232D2376
:10F7F0004146FDF7C7FD30E70AAB53F8297097F88B
:10F8000000A0BAF12B0F03D0BAF12D0F7FF45EAF39
:10F8100001372049384609F05BFE50B9BAF12B0F89
:10F8200016BF24F0010444F00104A4B209F1010957
:10F83000CDE75946384609F04BFE00287FF446AF25
:10F84000BAF12B0F16BF24F0020444F00204A4B254
:10F85000ECE700BF4897002036740508BB81050817
:10F860005094002024B900204C97002000007A44D6
:10F87000BD890508A4B80020C28105083B8405089D
:10F88000CB810508D181050860780508EE89050857
:10F89000F48905080F8A0508DA8905080B8A050826
:10F8A000092D6FD12422002113A80DF02FF80AAFE3
:10F8B00013AC002557F8040BFDF736FA0135092D76
:10F8C00044F8040BF6D1DDF84CE00EF1FF300728C8
:10F8D0003FF6FCAE149A6FF4BB73D11840F2537329
:10F8E00099423FF6F3AE159B03F57A71B1F5FA6FC5
:10F8F0003FF6ECAE169D05F57A71B1F5FA6F3FF65D
:10F90000E5AEAB423FF7E2AE179FA7F16401B1F558
:10F91000617F3FF6DBAE1899A1F16404B4F5617F15
:10F920003FF6D4AEDDF864C040F2B634ACF1320834
:10F93000A0453FF6CBAEDDF868804EF66024A045CA
:10F940003FF6C4AE1B9C032C3FF7C0AE0F4E4FEAF0
:10F95000001906EB001026F80920C481A4B24380E8
:10F960008580C7800181A0F80AC0A0F80C80CDE98D
:10F97000021CCDE90484CDE9005705487146FDF726
:10F9800001FD6AE63046FDF7CBFC66E6A4B8002030
:10F990009C8905082DE9F04F87B0144603911A465B
:10F9A00000210546FCF73AFBDFF838B106464FF078
:10F9B0000008062303FB08F707F5A0774FF00009BE
:10F9C000039BDB5D0493002C00F08880E35D049AC8
:10F9D00005939A4218BF0121324608BF00212846EC
:10F9E0000CBF4FF0010A4FF0000AFCF717FB059B14
:10F9F0000646CDE900935A46434651462846FFF74E
:10FA000055F9049B5A46CDE9009351464346284692
:10FA100009F10109FFF762F9B9F1060F07F10107D2
:10FA2000CED108F10108B8F1040FC2D1DFF8B4B0AB
:10FA30004FF4AC77039BA7F5AC7913F807A0002C23
:10FA40004ED0E35D04939A45324614BF0121002154
:10FA500028460CBF4FF001084FF00008FCF7DEFA13
:10FA6000049B0646CDE900935A46042341462846A6
:10FA7000FFF71CF90423CDE9009A1A4A41462846AB
:10FA8000FFF72CF9013740F263139F42D2D1039B59
:10FA900093F86371B4B194F863814745324614BF5B
:10FAA0000121002128460CBF01240024FCF7B6FAEE
:10FAB000002300930B4ACDF80480052321462846F5
:10FAC000FFF7F4F800230093064A01970523214627
:10FAD0002846FFF703F907B0BDE8F08FA24690E78C
:10FAE000A046C7E7138A0508F0B5054687B0084663
:10FAF0000B46FCF7B1F9044638B100231B491A46FE
:10FB00000120FFF747FF07B0F0BD1949184F02AABF
:10FB100018460CF00FF803AEB0B1032C03D1284601
:10FB2000FDF7F8FBEFE7FDF7FFF802AA46F824001F
:10FB3000394600200BF0FEFF0134EDE70D48324658
:10FB40002146FDF71FFCDEE7032CE8D1DDE9034683
:10FB5000059B01931A463146E0B2D7F745FD019B5C
:10FB60000028EBD12846FDF7DBFBCCE768880020B6
:10FB700036740508138A05082DE9F04F924685B0C2
:10FB80000C461A4600218146FCF748FADFF874B0AB
:10FB9000804655460026BAF1000F31D0294604228E
:10FBA00020460CF0B7FF0028424614BF0121002177
:10FBB00048460CBF01270027FCF730FAEB78029388
:10FBC000AB7801932B880093804633465A463946DA
:10FBD0004846FFF76BF8E3780293A378019334F873
:10FBE000043B00935A463346394648460136FFF7F0
:10FBF00075F8102E05F10405CDD105B0BDE8F08FE4
:10FC00005746E8E7278A0508F0B5074685B0084655
:10FC10000E46FCF721F9054638B100231B491A4668
:10FC2000012005B0BDE8F040A6E70846FDF77CF8E6
:10FC30000F28044621DC3046FBF73CFE01462046F7
:10FC4000D7F7FAFC98B1124B04F1400203EB8201A2
:10FC5000C87802908978019133F8223000930D4AD8
:10FC6000234629462846FFF739F805B0F0BD384647
:10FC700005B0BDE8F040FDF753BB0F230093064AE3
:10FC800006492B463846FDF7B7FAEEE768890020AB
:10FC900068880020278A05082B7D0508317D050826
:10FCA0002DE9F04F8A4691B0164600211A460546C6
:10FCB000FCF7B4F9234F0446AAF1080A4FF00008F4
:10FCC0000DF12C09FAE90223494602A8CDE90223E5
:10FCD000CBF72AF89EB306EBC803D3E90001DDE9B0
:10FCE0000223994208BF9042CDE90401224614BF85
:10FCF0000121002128460CBF4FF0010B4FF0000BF3
:10FD0000FCF78CF906A9044604A8CBF70DF806A960
:10FD1000009143463A4659462846FEF7C7FF4346F8
:10FD2000CDF800903A465946284608F10108FEF7FA
:10FD3000D5FFB8F1200FC5D111B0BDE8F08FB346A3
:10FD4000EDE700BF398A0508F0B5074689B00846D7
:10FD50000E46FCF781F8054638B1002318491A46CB
:10FD60000120FFF79DFF09B0F0BD0846FCF7DCFF5E
:10FD70001F2804461AD83046FBF79CFD0146204652
:10FD8000D7F7ACFD70B10E4803AE314600EBC400AE
:10FD9000CAF7CAFF0B4A0096234629462846FEF7B3
:10FDA0009DFFE0E73846FDF7BBFADCE71F23009331
:10FDB000054A06492B463846FDF71EFAD3E700BF31
:10FDC00068880020398A05082B7D0508317D0508E3
:10FDD0002DE9F74F8946154600211A460746FCF7DC
:10FDE0001DF9DFF878B00646C8460024A5B305EB38
:10FDF0008401042240460CF08DFE0028324614BFD8
:10FE00000121002138460CBF4FF0010A4FF0000AD3
:10FE1000FCF704F9AB1C064633F82430019335F89F
:10FE2000243000935A46234651463846FEF73EFF9B
:10FE3000B8F80230019339F8243000935A4623462B
:10FE4000514638460134FEF749FF052C08F10408F5
:10FE5000CCD103B0BDE8F08FAA46E9E7438A050894
:10FE60002DE9F341064608460D46FBF7F5FF074628
:10FE700038B1002331491A46012002B0BDE8F041F3
:10FE8000A6E72F492846FCF785FE20B902B0BDE859
:10FE9000F041CAF7BBBF2846FCF746FF04280446DA
:10FEA00042D82846FBF706FD074670B1FCF73CFF39
:10FEB0004FF0010805463846FBF7FCFC48B93046D0
:10FEC00002B0BDE8F041FDF725BA40F2EE258046CC
:10FED000F1E7FCF729FFB8F1000FF0D0A5F2EE2210
:10FEE00040F2DC539A4203D8A0F2EE229A420CD997
:10FEF00040F6CA030093134A134940F2EE233046FA
:10FF0000FDF77AF902B0BDE8F0810C4B0F4A23F8F7
:10FF1000245003EB840300215880CDE90050234690
:10FF20000846FEF7DBFEEDE704230093084A064986
:10FF30003B463046FDF760F9E4E700BF3060002043
:10FF4000CB810508548A0508317D0508438A0508D8
:10FF50003F8405082DE9F04F8FB00C460C9200212C
:10FF60001A468146FCF75AF8DFF824B10C9D0D9033
:10FF70004FF00008052740F2DC560C9B002B00F0E8
:10FF800083802946102220460CF0C4FD00280D9ADB
:10FF900014BF0121002148460CBF4FF0010A4FF069
:10FFA000000AFCF73BF8B5F90C200B92B5F90A20D2
:10FFB0000A92AA7B099295F908200D9017FB02621C
:10FFC000089295F9072017FB0262079295F906201F
:10FFD00017FB0262069295F9052017FB0262059253
:10FFE0002A79049295F9032017FB0262039295F98E
:10FFF000022017FB026202926A7801922A7800922C
:020000040804EE
:1000000043465A4651464846FEF750FEB4F90C2086
:100010000B92B4F90A200A92A27B099294F9082063
:1000200017FB0262089294F9072017FB02620792FD
:1000300094F9062017FB0262069294F9052017FB3B
:10004000026205922279049294F9032017FB02625E
:10005000039294F9022017FB0262029262780192E5
:1000600014F8102B009243465A465146484608F170
:100070000108FEF733FEB8F1200F05F110057FF4FB
:100080007CAF0FB0BDE8F08FDDF830A0BEE700BF59
:10009000628A05082DE9F04180468EB008460F4679
:1000A000FBF7DAFE054640B100236B491A460120F2
:1000B000FFF750FF0EB0BDE8F0810846FCF734FEB4
:1000C0001F28064600F3BE800401781C8DF83750C7
:1000D000FBF7F0FB604D074648B1FCF725FE4028D2
:1000E00005D89DF83730285501338DF8373038461C
:1000F000FBF7E0FB074650B1FCF716FE0C2806D8CC
:100100002B1958709DF8373001338DF83730A11C0A
:100110000DF1370229443846FCF70AFEFBF7CAFB0B
:10012000074650B1FCF700FE0C2806D82B191871B1
:100130009DF8373001338DF83730611D0DF13702EE
:1001400029443846FCF7F4FDE11D0DF1370229443E
:10015000FCF7EEFDFBF7AEFB074640B1FCF7E4FD14
:100160002B1998739DF8373001338DF837303846A6
:10017000FBF7A0FB074640B1FCF7D6FD2B195881D1
:100180009DF8373001338DF837303846FBF792FB56
:1001900040B1FCF7C9FD2B1998819DF83730013328
:1001A0008DF837309DF837300C2B08D01022002105
:1001B00028190CF0ABFB4046FDF7ACF87AE7274B6B
:1001C00003EB040800271F51C8F80470F0B2E7F7EA
:1001D00053FF2B19C8E90207B3F90C200B92B3F9AE
:1001E0000A200A929A7B099293F9081040F2DC5097
:1001F000052212FB0101089193F9071012FB01017E
:10020000079193F9061012FB0101069193F905106D
:1002100012FB010105911979049193F9031012FB66
:100220000101039193F9021012FB010202925B7823
:1002300001932B5D00930A4A334639463846FEF750
:100240004DFD37E71F230093064A07492B464046DA
:10025000FCF7D2FF2EE700BFC0D30020B0D90020AA
:10026000628A05082B7D0508317D05082DE9F04FD0
:10027000174689B01A460C4600218146FBF7CEFE90
:10028000334EDFF8D4B007F16C0380463D46079348
:1002900094F904102F4A002392F90800884253D0A1
:1002A0000133092B02F10C02F6D1079B0C359D425C
:1002B00004F10C04ECD109B0BDE8F08F29460C2202
:1002C00020460CF027FC0028424614BF01210021E3
:1002D00048460CBF4FF0010A4FF0000AFBF79EFEA4
:1002E000EA7995F9043056F8222004922A7A56F8D1
:1002F00022200392AA7956F8222002926A7956F8AF
:10030000222001922A68009280465A465146484669
:10031000FEF7CCFCE27994F9043056F822200492DE
:10032000227A56F822200392A27956F822200292CD
:10033000627956F8222001922268009251465A466C
:100340004846FEF7CBFCB0E7002FB7D1BA46E1E74D
:100350002CD60408C0D50020918A05082DE9F04369
:1003600007468BB00846FBF777FD044638B10023FB
:100370004E491A4601200BB0BDE8F04376E70DF177
:100380001C080790C8E9010008464E1CFCF7CCFC8D
:10039000464B40B21A4693F9041081427ED0013494
:1003A000092C03F10C03F6D1002425463046FBF757
:1003B00081FA064630B10A220021FCF7E5FC01353E
:1003C0000790EDB24FF000093046FBF773FA06468E
:1003D00038B3FCF7A9FC364900228C4651F804EBEF
:1003E0007045D3B203D00132102AF7D100235CF854
:1003F0002320904215D1B9F1020F1FD0B9F1030F9C
:1004000021D05A1EB9F1010FD2B212D00B2A03D853
:100410008DF821300135EDB209F10109B9F1040F70
:10042000D2D1052D15D838460BB0BDE8F043FCF706
:1004300071BF042AF0D88DF82230EBE7052BEBD8FA
:100440008DF82430E6E79A1E0D2AE5D88DF8233082
:10045000E0E798E80700164B84E807009DF82320A2
:1004600053F8222004929DF8242053F8222003926E
:100470009DF8222053F8222002929DF8212053F863
:10048000223001930021079B00930A4A9DF92030F6
:100490000846FEF723FC0BB0BDE8F0830C2303FBFA
:1004A00004248DF82000012580E700BF9063002020
:1004B0002CD60408918A05082DE9F04F914689B0A1
:1004C0000C461A4600218046FBF7A8FDDFF8F4B081
:1004D00006464D460027B9F1000F70D02946062286
:1004E00020460CF017FB0028324614BF01210021E2
:1004F00040460CBF4FF0010A4FF0000AFBF78EFD9B
:1005000006462878ECF730F9079020B36879ECF7C5
:100510002BF9079B95F903205B79079395F9023036
:1005200095F801E040F2DC514FF0050C1CFB031381
:100530001CFB0212297900B14079CDF804E0CDE925
:100540000232079B0093CDE904103B465A465146C0
:100550004046FEF7ABFB2078ECF706F9079020B396
:100560006079ECF701F9079B94F903205B79079315
:1005700094F9023094F801E040F2DC514FF0050CA0
:100580001CFB03131CFB0212217900B14079CDF84A
:1005900004E0CDE90232079B0093CDE904103B460D
:1005A0005A4651464046FEF799FB0137142F04F195
:1005B000060405F106058ED109B0BDE8F08FCA46E4
:1005C000C9E700BFAE8A05082DE9F041064686B0AE
:1005D00008460F46FBF740FC054640B1002355494D
:1005E0001A460120FFF768FF06B0BDE8F081084613
:1005F000FCF79AFB1328044600F392800626464334
:10060000781C8DF81750FBF755F94A4D074660B135
:10061000FCF78AFBC0B2ECF793F830B10379AB5525
:100620009DF8173001338DF817303846FBF742F943
:10063000074660B1FCF778FB0C2808D8062303FBBB
:10064000045358709DF8173001338DF81730B11CE2
:100650000DF1170229443846FCF76AFBFBF72AF92B
:10066000074660B1FCF760FB012808D8062303FBAE
:10067000045318719DF8173001338DF81730384640
:10068000FBF718F978B1FCF74FFBC0B2ECF758F85C
:1006900048B1062303FB045302795A719DF81730C1
:1006A00001338DF817309DF81720042A4FF0060308
:1006B00028D103FB045300229A80E7F7A9FB062305
:1006C0006343EE18E85CECF74FF896F9032096F9CF
:1006D00002700523804640F2DC55707913FB075702
:1006E00013FB0255ECF740F8437998F80520039383
:1006F00033790097CDE901530F4873782146FCF711
:1007000041FE71E7052A04D103FB045300225A710C
:10071000D3E7062AD1D0AA190023AB519380CCE7A6
:1007200013230093054A06492B463046FCF764FD27
:100730005AE700BF20B70020AE8A05082B7D0508C8
:10074000317D05080EB400B584B005AB019053F8B7
:10075000042B0649039301A8FCF7C6FB019B00226A
:100760001A7004B05DF804EB03B070478DB4030851
:10077000F8B5084F4E1E054601F11F0416F8012F6B
:1007800028463946FFF7DEFFA64205F10205F5D1FE
:10079000F8BD00BFBF8405082DE9F04306469BB0B5
:1007A00008460C4608F09EFE002705461C223946E6
:1007B00002A801970CF0AAF825B3402D08D03349C0
:1007C00040232A463046FCF717FD1BB0BDE8F083F6
:1007D0000DF1040804F140090222214668460CF09C
:1007E000C6F9102209A968468DF80270FCF7CCFA08
:1007F000099B0DF10202934220D102344C4508F8C6
:10080000010BE9D100213D220AA809910CF07EF8E4
:10081000002D2FD01E4B1B78B3B11E49202201A8FA
:100820000CF078F980B109A81A49FFF7A1FF1A4A1C
:100830001A4909AB3046FCF7DFFCC6E71A781849BD
:100840003046FCF7D9FCC0E7164B1B7893B901A8DA
:10085000F5F71CF970B1144B0E49012209A8DA70A2
:10086000FFF786FF1148FBF7CDFB114809A9FCF7FC
:1008700089FDAAE70C4BDB781BB9054B1B78002BD5
:10088000F3D0044909A8FFF773FFEEE7C78A05080C
:10089000BADB00208CD90020058B0508E88205080A
:1008A000E98A050894DF0020C0EB00200F8B0508C3
:1008B0001E8B05082DE9F04707468CB00846FAF76D
:1008C000FFFC0446A0B3384BB3F90020002A5CD0EB
:1008D000364B83FB023808EB02034FEAE278C8EBA1
:1008E0006318C8EB0816A2EB860636B2002E09A8DC
:1008F000B8BF7642FCF7D6F809A80FFA88F8FAF7DD
:10090000DFFC88EAE875A5EBE875B6B20446ADB23F
:1009100088B1BDF824209DF826309DF827009DF869
:1009200028C09DF829E09DF82A90BDF82C1015E00C
:100930000546064680460023DFF878A0ADF828304B
:10094000012019468DF82A30ADF82C3099469E4684
:100950009C461A461C46CDF824A00346B8F1000F69
:10096000B4BF4FF02D084FF02B08CDE90418CDE9A6
:10097000000CCDE90656CDE902E90D493846FFF7EE
:10098000E1FE20460CB0BDE8F0878B78C87891F87E
:1009900004C091F805E091F80690154616464FF010
:1009A0002B080A880989E0E7BC65002089888888C7
:1009B000A87E050800000101D0ED017AD1ED036A9F
:1009C00091ED047A91ED052AD0ED005AD1ED002A7F
:1009D00091ED013AD1ED023A90ED026A91ED064AAD
:1009E000D1ED074A91ED085A67EEA66A27EE877A9D
:1009F00067EE827AE2EEA56AA3EE257AE3EEA57AA7
:100A0000E4EE066AA4EE867AE5EE067AC0ED006AA8
:100A100080ED017AC0ED027A704700BFD0ED005A38
:100A20009FED4C0A35EE800A08B5FDEEC07A17EE50
:100A3000903A2033402B7BD8FAF770FDF0EE403A25
:100A4000FDEEE57A17EE903A2033402B7FD8B0EEDA
:100A5000650AFAF763FDF0EE405A90ED015A9FEDFA
:100A60003D0A35EE000AFDEEC07A17EE903A2033CB
:100A7000402B69D8FAF752FDB0EE404AFDEEC57A38
:100A800017EE903A2033402B5BD8B0EE450AFAF7C8
:100A900045FDF0EE404A90ED023A9FED2E0A33EE0E
:100AA000000AFDEEC07A17EE903A2033402B45D86D
:100AB000FAF734FDB0EE405AFDEEC37A17EE903AE5
:100AC0002033402B37D8B0EE430AFAF727FDF0EE7B
:100AD000407A25EE233A67EEA56A27EEA36A25EE53
:100AE000257AF0EE432AE6EEE42AE3EE646AB0EEFD
:100AF000463AA7EE243AA6EE247A64EE677A64EECC
:100B0000233A25EE045A65EEC45AC1ED024AC1EDFE
:100B1000042AC1ED066AC1ED017AC1ED083A81ED02
:100B2000005AC1ED055A81ED033A81ED077A08BDFF
:100B3000DFED093A84E7DFED087ACAE79FED065A50
:100B4000BAE7DFED054AA6E79FED034A96E7DFED3A
:100B5000025A82E7DB0FC93F0000000030B51C4D90
:100B6000B0F90040B0F90220B0F904309FED196AE5
:100B700085FB04C0E417C4EBA00485FB02C085FB21
:100B800003C5D217DB17C2EBA002C3EBA50320B24B
:100B900012B21BB207EE102A07EE903A06EE900A48
:100BA000B8EEC77AF8EEE66AF8EEE77A85B066EE58
:100BB000866A27EE067A67EE867A01A8CDED016A8D
:100BC0008DED027ACDED037AFFF728FF05B030BD39
:100BD0006766666635FA8E3CF0EEC07AB0EEE07A73
:100BE000B4EEE77AF1EE10FAB4BFB0EE676AB0EE99
:100BF000476AB5EE406AF1EE10FA46D0B4EEE77AF5
:100C0000F1EE10FA8CBFF0EE675AF0EE475AC5EEDF
:100C1000866A9FED1F3A9FED1F6A9FED1F4A9FED69
:100C20001F5ADFED1F3ADFED1F4ADFED1F5AA6EE18
:100C3000C36AE6EEA34AA6EE864AB7EE006AA6EEBF
:100C4000845AA6EEA46AE6EE855AC5EE866AB4EE2C
:100C5000E77AF1EE10FA48BFDFED147AF5EEC00A3C
:100C600048BF77EEE66AF1EE10FA48BFDFED107A82
:100C7000B5EEC00A48BF77EEE66AF1EE10FA48BF5B
:100C8000F1EE666AB0EE660A7047DFED076ADEE7EE
:100C900039094E3DE3B59E3E88FA163E45FE7F3F3C
:100CA00099FB243F69A2163EA7DFA834DB0FC93F9A
:100CB000DB0F4940DFED077A30EE270AFDEEC07A00
:100CC00017EE903A2033402B01D8FAF727BC9FED5E
:100CD000020A7047DB0FC93F00000000FDEEC07A3A
:100CE00017EE903A2033402B01D8FAF717BC9FED4E
:100CF000010A70470000000010B5DFED060A044647
:100D00000022C8F70DFB0023A36163612362E36146
:100D100010BD00BFF304353FF0B407688F4217D908
:100D20004D1E7E1E002315F8014F0821634013F06D
:100D3000800F82EA43040ABF5B00E3B2DBB20139F1
:100D4000F5D1AE42EFD17A1C02603B70F0BC704727
:100D50007A1C002302603B70F0BC704748400823B7
:100D600010F0800F82EA40010ABF4000C8B2C0B252
:100D7000013BF5D1704700BF0A44914217D030B40F
:100D80004C1E551E41F2210114F8012F082380EA60
:100D9000022010F4004F81EA40020ABF400090B2E6
:100DA00080B2013BF5D1A542EED130BC704770470F
:100DB000F8B5164D6B78BE2B25D1022229464FF689
:100DC000FF70FFF7D9FF124FAC1C22884AB1A6185A
:100DD000BE4218D2052A16D92146FFF7CDFF344668
:100DE000F3E721460222FFF7C7FF0222A118FFF70F
:100DF000C3FF0634074B641B1C8041F60F53C31A14
:100E000058425841F8BD0020FCE700BF00400008F0
:100E10000060000896DF00202DE9F04F91B0FBF74D
:100E200087FADFF8DC81DFF8DCB1DFF8C4A16D4FB1
:100E3000E0F710FF6C4B6D49A3EB0803012202930E
:100E400003230A70019398F80030AE2B2ED1FFF7E0
:100E5000AFFFBBF8A831ADF8103080F00100BA4503
:100E6000C4B20ED2624DA988A868C1F30B01C8F7BD
:100E7000FBFEAB691B681C35834218BF0124BD42D1
:100E8000F1D3DCB998F80030AE2B02D1FFF790FF18
:100E900010B90520F7F724FA544B00241C70E0F732
:100EA000B9FE544B1C7011B0BDE8F08FBBF8A831EF
:100EB000ADF81030BA4538BF0124D3D3029ACDF82B
:100EC00020800023CDE90923CDE90B33CDE90D3393
:100ED000494A0F935369002B7DDB012304A90222A9
:100EE00008A800268DF838300D96FAF7CDFE04A933
:100EF00002224FF6FF70FFF73FFFBA45054628BFB5
:100F00000DF118092DD23A4C03960DF11809A68857
:100F10002388039A8DF81D20C6F30B06C3F30B003C
:100F2000B11D1B0B0622ADF81810ADF81A0049468A
:100F300008A88DF81C30FAF7A7FE28460622494675
:100F4000FFF71AFFA1680546324608A8FAF79CFE8B
:100F5000A16828463246FFF70FFF1C34BC42054605
:100F6000D5D305A90222002608A8ADF81460FAF727
:100F70008BFE05A902222846FFF7FEFE40BAC443B5
:100F80004946022208A8ADF81840FAF77DFE0C98F1
:100F900098B90D989DF8383043B900283FF472AFE6
:100FA000019B013B01937FF44EAF72E7124A5369F4
:100FB00043F0004353615369EFE70AABC0F1080205
:100FC000314618440BF0A2FC0AA908A8FAF7C7FD9D
:100FD000CDE90C60DEE7094B936003F18833936041
:100FE00053697AE77C9905080060000860B6002024
:100FF000B891050840CA002000200240230167453F
:1010000000400008F818050838B50546FAF7FEFE56
:10101000044650B10B4B02229A73FFF7FDFE0A48BB
:10102000FAF7F0FF0020FBF70DF808492846FCF717
:10103000E3F807492846FCF7DFF8064B1C70064B1F
:101040001C7038BD14B400202B8B050844800508A3
:10105000328B0508606400206164002010B50749E8
:10106000074B012402220C709A73FFF7D5FEFBF7A1
:10107000F3FB2046BDE81040F0F7F6B8538B002094
:1010800014B4002008B5FFF7C7FEBDE808400120F2
:10109000F0F7EAB810B44C09012250F8243001F0FE
:1010A0001F0102FA01F123EA010340F824305DF840
:1010B000044B704710B44C09012250F8243001F061
:1010C0001F0102FA01F10B4340F824305DF8044B94
:1010D000704700BF4B0901F01F0150F82320012386
:1010E00003FA01F1114214BF18460020704700BFF7
:1010F00038B5064C064DAC4206D2A16820461C34D9
:10110000FAF7B8FCAC42F8D338BD00BFB891050877
:101110007C9905082DE9F74F054601AA08464D4977
:10112000DFF868B10AF006FD4FF00009012682469B
:101130004F464C46B046BAF1000F26D1B9F1000F28
:101140002CD1002C75D044482146FCF71BF9434BA9
:101150001B780BB9F8F7E4FB414FFFF7C9FF0020FC
:1011600038700EB1F8F7F4FB14B12046FAF7B6FE6A
:10117000B8F1000F15D0FAF749FE044600285CD0FC
:10118000FFF74AFE0020FAF75DFFB9F1000F0BD020
:101190005046FBF7C9FD84B2002C39D12846FCF734
:1011A000BFF803B0BDE8F08F2E495046FBF7C6FCF0
:1011B000002837D12C495046FBF7C0FC002834D119
:1011C00059465046FBF7BAFC88BB28495046FBF706
:1011D000B5FC0028E2D0002FE0D1FAF7B8FD90B1BD
:1011E000234B244D1C682046FAF772FD0028D8D006
:1011F00014F8011B0A2903D02846FCF73FFEF2E74A
:10120000FAF7F6FEEFE71C492846FCF78DF8C8E729
:101210004FF000090F4901AA00200AF08BFC0137AA
:10122000824688E74FF00109F4E7C846F2E74E46E8
:10123000F0E71248FAF7E6FE8EE711492846FBF779
:10124000DBFF10492846FBF7D7FF0F4B3C701C70A3
:10125000A7E700BF36740508728B050894DF0020ED
:1012600061640020508B0508C6780508557A05088A
:1012700000280008028B0508598B0508958B050886
:1012800044800508328B05086064002064780508F6
:10129000084B09498B4202460AD2184602E01C302C
:1012A000884205D20388C3F30B039A42F7D17047F3
:1012B00000207047B89105087C9905082DE9F04F8A
:1012C00085B0174601911A46824600213846FAF742
:1012D000A5FE354C07F0100306464FF000090293B7
:1012E000FAF7A7FE2379019A03F01803934202D07C
:1012F0008AB9182B0FD12C4B4FF00D0808FB093879
:10130000B8F80900FFF7C4FF054670B9D8F8001017
:101310002648FCF737F809F10109B9F5E47F04F133
:101320000D04DDD105B0BDE8F08F2046FAF79CFD35
:10133000D5E902218046024401442046FAF7EEFD39
:1013400080F0010132460390C9B23846FAF766FED2
:10135000DDE9022306460AB1002BDCD112490D2239
:1013600002FB0912D2F800B0BA060ED56BB91048CC
:1013700003935946FCF782FDAA68039B4244214629
:101380005046FDF7A5FBFAF733FE59460948FCF72E
:1013900075FDEA680023424421465046FDF798FB5C
:1013A000FAF726FEB7E700BFD0010508AB8B0508AA
:1013B000BA8B0508BB8B0508F0B5052985B0054635
:1013C0000C46164614D80B4F3970FAF711FE0A492D
:1013D0002846FBF7E6FF094922466846FFF7B2F9BF
:1013E0006B46324610212846FFF768FFFF233B700B
:1013F00005B0F0BDA50A00206E8705080381050829
:10140000F0B5052985B005460C46164614D80B4F95
:101410003970FAF7EDFD0A492846FBF7EFFF094955
:10142000224601A8FFF78EF901AB32460821284673
:10143000FFF744FFFF233B7005B0F0BDA40A002076
:101440006E8705080781050870B50546B0F80900E4
:10145000FFF71EFF074B1E7804462846FAF704FDE7
:101460002EB1054B1B7813B9E368184470BDA3680F
:101470001844FBE794DF002019EA002038B5054640
:101480000C46FFF7E1FF2B7903F0E002602A03F03E
:10149000070329D1022BDAB20ED0042A18D03AB9A8
:1014A0006A7901239340DBB2027814B113430370CD
:1014B00038BD22EA0303FAE76A79012393409BB21D
:1014C000028814B113430380F2E722EA0303FAE728
:1014D0006A79012303FA02F2036814B1134303602B
:1014E000E6E723EA0203FAE7042BE1D8DFE803F09A
:1014F0000303050507000470DAE70480D8E70460F9
:10150000D6E713B50446084601920091FFF79CFF09
:10151000DDE900130246204602B0BDE81040FDF7A9
:10152000D7BA00BF002070470020704701207047E5
:10153000012070470020704700207047034B4FF494
:1015400000709B68108000200B607047B03F002047
:101550002DE9F84F144B1D68ED0A1FD0134FDFF82B
:1015600050A00026B946B0463B68C7F82880AC19A1
:101570006410D3F824B0E102102352464846D847FD
:101580000F280BDD0A4B03F1100253F8041B013145
:1015900007D19342F9D12546B542E5DCE802BDE822
:1015A000F88F661CF8E700BF74920020F419002041
:1015B00090EC002030B4124A124C1378124D446063
:1015C000234403602B7815781078AB4211D88342FE
:1015D00004D3002030BCC1E90000704712784B6092
:1015E000002BC2F180020CBF0120022030BC0A6037
:1015F00070471B1A0022012030BCC1E9003270473D
:10160000D8EB0020A0EC0020D9EB002010B40B4A4E
:101610000B4C137821680344DBB2137013781B065C
:1016200042BF137883F080031370064B08440122F5
:1016300020601A705DF8044B704700BFD8EB0020A3
:1016400070920020AC0A00200430704704307047CC
:10165000054A064BD2F8900000EB4000020103EB74
:1016600000109B589B69184790EC002094190020AB
:101670000748D0F8900000EB400030B40501054C5D
:1016800004EB001064596469A44630BC604700BF95
:1016900090EC00209419002004307047036A1B6806
:1016A0001B6A5B685B7813F0010308BF437618463A
:1016B000704700BF704700BF704700BF08B5C16AE0
:1016C0004369826A0B4443610AB10846904700208F
:1016D00008BD00BF41618262704700BF01234376AD
:1016E00000207047014803681B681847F419002060
:1016F0002DE9F04106460D461446002B33D0FFF786
:10170000F1FF0028FBD01E4A1E4B11681B6899424E
:1017100003D300242046BDE8F0811B4F1B4A3B68E1
:1017200038461B6998471A4B00221A70A4B1FB88EF
:101730007969B1FBF3F203FB121229689B1A8B4201
:1017400016D82B6001243B680F48D3F814802A4632
:1017500023463146C04704463B680B489B6998477F
:101760002046BDE8F081FFF7BDFF0028CBD1D0E7D0
:10177000022CE8D16A685B1A934238BF6B60E2E7DB
:101780007092002074920020F41900200D160408B5
:10179000AC0A0020704770474378007840EA032085
:1017A000094B10FB01F1994208DBB1F5000F07DA94
:1017B0000029B8BFFF31081200B270470348FBE7A9
:1017C00047F6FF70F8E700BF01FF7FFF0080FFFFD3
:1017D00010B52B4C2B4BD4F8942093ED026AD3ED2B
:1017E000016AD3ED007AD3ED055AD3ED044A93EDA7
:1017F000094A93ED075AA2F5000207EE102AB8EE47
:10180000C77AD4F89820E7EE066AA2F5000293EDB5
:10181000066AE7EE267A93ED037AE5EEA74A06EE2E
:10182000902AA7EEA47AF8EEE66AD3ED085AD3ED33
:101830000B4AA4EE275AE6EEA45A93ED0A4AA5EE07
:10184000276AE4EE275AA5EEA66AA6EE867AB5EEDA
:10185000407AF1EE10FA18BFBDEEC77AF5EE407A85
:1018600018BF80ED007AF1EE10FA08D0FDEEE77AAD
:1018700017EE903A002BB8BFFF331B120B6010BD60
:1018800090EC002094B500200120704701207047A3
:101890000120704770472DE9F04FDFF888815F4BDA
:1018A000B8F80A20D3F89C40B8F806601302B8F8DC
:1018B0000820E41A85B04FF0000E6EEB0E0ECDE955
:1018C0000201A2FB040102FB0E11C209B8F80400D8
:1018D00042EA4162CD1101045218A6FB040106FB45
:1018E0000E114FF00003B8F8026043EB0505030A40
:1018F000B8F80C0043EA0163F6039B194FEA212C68
:10190000A0FB04674FF0000100FB0E774CEB010CCD
:10191000F10D41EA472111F5FA604FEAE7580090CE
:1019200048F100000190DDE90067B6F5FA6F77F144
:10193000000055DAA1FB016701FB08F007EB400747
:101940000520A6FB00AB00FB07BB4FEA5A0040EAAC
:10195000CB70121A4FEA9A004FEA6B0640EA8B707E
:10196000DDE9009A65EB06051B1A4FEAAB066CEB46
:10197000060C2B4E4FF0FF37B1457AEB070023DA08
:1019800040F6AC5008184FF0000148EB010800FB8E
:1019900008F8A0FB000101EB4801CE00C700C71BFF
:1019A00046EA507661EB06064FF00B08D21946EB7B
:1019B0000505A0FB086708FB0177710841EAC771BC
:1019C00078105B1A6CEB000C04FB0EFEA4FB040108
:1019D00001EB4E01C40F44EA41040099091B009138
:1019E000029999B10D49D1F8A040A4FB030104FB71
:1019F0000C11430D43EAC1239A1A4FEA6154029B2A
:101A000064EB0505D20B42EA45421A60039B13B111
:101A10001A46009B136005B0BDE8F08F90EC0020E3
:101A200024FAFFFF24B500200A4B1A6864235343AD
:101A300048BF03F6FF731B130360074B1A880A2382
:101A400053433022B3FBF2F303F584531A330B6094
:101A5000704700BF38B5002034B500200120704722
:101A6000704700BF704700BF0120704701207047DA
:101A700001207047704700BF30B10A4BD3ED067AA2
:101A8000FDEEE77AC0ED007A51B1064B9FED067A84
:101A9000D3ED077A67EE877AFDEEE77AC1ED007A3B
:101AA000704700BF3CB500200000C8423B499FED95
:101AB0003C4A91F8A53091F8A40091F8A6201B02A9
:101AC00003EB00431A44180291F8A83091F8A700DC
:101AD00091F8A9104FEA032303EB0043194448BFD0
:101AE00002F17F421B022F4BB3F9140093ED027AEF
:101AF00005EE900A07EE902AB3F91000B3F9122010
:101B000006EE900AF8EEE77AF8EEE55A67EE847A88
:101B100006EE102AF8EEE66AB3F90E20E7EEA56AA3
:101B200048BF01F17F41012005EE102AF8EEC75AA7
:101B3000B3F90C20B8EEC66A07EE101AB8EEC55A13
:101B4000E6EEA75AA7EE865A04EE902A93ED016AB4
:101B5000B3F90220B8EEC77A06EE902A27EE047A8F
:101B6000B3F90020F8EEE44AB8EEC66AE5EE075A8B
:101B7000A7EE246AF8EEE66A05EE102A26EE877ACA
:101B8000B8EEC55AF6EE006AA7EEA56AA5EE267A6B
:101B900083ED066A83ED077A704700BF90EC002062
:101BA000082184363CB500202DE9F04FDFF8FCC356
:101BB000DFF8FCA3DCF8AC60BAF800309AF90480D6
:101BC000BAF80270A6EB0326A6FB062308FB03FE69
:101BD0004FEAE87902FB09EEA8FB0223A7FB06897E
:101BE00073444FEA89474FEA884E12EB0E0447EAE6
:101BF000983743EB0705002C91B075F10003CDE950
:101C00000B0103DA14F1FF3445F100050B9A4FEA9A
:101C1000E578CCE92C582B46002A00F05F81A5FB23
:101C2000050105FB08F201EB4202CDE9000101923A
:101C3000DDE90045A00940EA856000FB08F1AA1132
:101C400002FB0312A0FB03011144002871F1000202
:101C5000DCF8B8E0C0F2A681020A04920A120D92E2
:101C6000049A9AF90A4042EA016204920D9A02FB30
:101C700004F1049AE51702FB0511A4FB02450D448B
:101C8000002C75F10001A346AC46C0F28681DDE967
:101C900000019AF90940BAF90760BAF905900F46B0
:101CA0000099E51704FB07F700FB0577A4FB01018A
:101CB0003944CDE90E458A0004464FEA5B17A6F584
:101CC000804647EACC6742EA9472A00000243C199F
:101CD0004FEA6C1106FB08F74FEAE67C03FB0C7534
:101CE000A9F58049A6FB03674FEA89392F4441EBE8
:101CF00009017D0520184FEA465441EB020245EAEE
:101D0000D625001942EB050107910690DDE906454D
:101D1000002C75F10001C0F235819AF910400D9A3E
:101D200002FB04FB049ADDE90601E51702FB05BB93
:101D3000A4FB02455D44002C4FEA106975F10002D6
:101D400049EA01294FEA216BC0F21881BAF80B2049
:101D5000BAF80D609AF90F00ADF81820019A009FAB
:101D6000C11700FB02F207FB0122A0FB0701CDE92E
:101D70000001114401914FEA541CB1B2BDF8184062
:101D80000022CDE90412019A049E4CEAC56CE703D7
:101D900000241CEB040C4FEA02114FEA6512DDE946
:101DA000004541EA14714FEA0410049CA4FB03456A
:101DB00006FB085547EB0202A6051CEB000C4FEA98
:101DC000855041EB020240EA94201CEB060142419F
:101DD00002910392DDE90212002972F10000C0F2C3
:101DE000C6809AF91340E51704FB08F103FB0511BF
:101DF000A4FB03450D44A9FB0E01CDE90001DDE97B
:101E000002670EFB0B1101910399B2084FEAA10C76
:101E10000099BAF9116042EA8772521801994FEAA3
:101E200006404CEB010C241845EBE075A4FB0E01B9
:101E30000EFB0511002871F10004C0F29080440BE4
:101E400044EAC144A4FB0E4549130EFB01552E463E
:101E5000002C76F10001254679DB9AF91490AEFB4F
:101E60000E014FEAE97A00FB0AF76C0A09FB0177D9
:101E700044EAC654A0FB0901121939444FEA66240A
:101E80008A464CEB040C00287AF10001814655DBB0
:101E90004FEA194040EA0A404FEA2A44A0FB0E01EB
:101EA0000EFB0411002871F1000443DBC40944EA6D
:101EB0004164A2184FEAE11141EB0C0C94184CEB71
:101EC0000C01A41841EB0C01C900E000821841EAA2
:101ED00054710B9A41EB0C01090C11600C9ADAB1A8
:101EE000DA1848EB0801D21841EB0801D000C9000C
:101EF000C31841EA5271089341EB08030993DDE9E5
:101F00000812002972F1000309DBDDE908128B0BCE
:101F100043EA82430C9A136011B0BDE8F08F43F698
:101F2000FF73CB18099A08934FF0000343EB0202AA
:101F30000992EAE77F3041F10001B7E74FF6FF74FD
:101F400010EB04094FF0000444EB0A0AA0E740F24A
:101F5000FF1165184FF0000141EB06067DE741F6E1
:101F6000FF7400194FF0000444EB010167E7CA1C3D
:101F70000292039A42F10002039232E71F3445F1C4
:101F80000005E3E66FF07F416118079806914FF076
:101F9000000141EB00000790BFE614F11F0B45F173
:101FA000000C74E6FF3041F1000155E690EC002092
:101FB00060B50020012070472DE9F74FDFF8B8C168
:101FC0006C4DDCF8BC402A880191C2EB241352000E
:101FD000C2EBE402B5F902405B436243B5F9044049
:101FE0001B135C43A41304EBE224CCF8C040B4F50B
:101FF000FA3E4FEAE473B5F9082043F1FF3AAEFB2D
:102000000E8912B20EFB0AF309EB430902FB0AF137
:10201000D3170EFB0311A2FB0E230B44190341EA55
:10202000125183461003B5F90A2012B2D31702FBEE
:1020300009F608FB0366A2FB08233344160A46EAA6
:102040000366EA881F12301841EB070792B200308E
:1020500047F50047A0FB020102FB07114A10CB170E
:1020600052EA030100F08480B5F91060B5F90E0062
:1020700036B2F71706FB09F108FB071100B2A6FB01
:1020800008670F4400FB0AFAC1170EFB01AAA0FB68
:102090000E0151444FEA414EDCF8C4104FEA40486B
:1020A000C1F580114EEAD03E18EB06004EEB070E4C
:1020B000CF17FE07B5F90C804FEAC17C46EA5106FE
:1020C000002109184FEAC80747EB0E0EBCEB0101CF
:1020D00040F6354766EB0E06A1FB070107FB06112C
:1020E00007F008FAB5F916204E1312B2470B47EA6B
:1020F000C14702FB06FCD31707FB03CCA2FB072357
:102100006344564307FB0366A2FB07233344560E82
:10211000B5F9142046EAC316361812B24FEA6367BF
:1021200041EB0707D317514300FB0311A2FB002328
:102130000B44D10C41EA4331D814761840EB070721
:10214000B5F91200320A00B242EA076203011344F1
:10215000BBF1000F02D01B0ACBF80030019B23B16A
:1021600004EB8404803424121C6003B0BDE8F08FBB
:102170000023EDE778B5002090EC002001207047A7
:102180002DE9F041344B354EB3F8C8207489B6F9C7
:102190001450B6F90480B6F90E70B6F920C0D3F821
:1021A000CC30121B34896243B6F9124005EBE2359C
:1021B000E40294FBF5F4B6F9025004EBE234A4F522
:1021C0007A6E0EFB0EF20EFB05F50EFB08FEB6F95D
:1021D0000C80F4611213574302FB08F2121402EB55
:1021E0006E32ED1205EBE7270232B6F90050B6F871
:1021F00006E0921002F5004207EB85070EFB02F2A3
:1022000007FA0CF74FEAD23E02374CF25032A3EBFA
:10221000A70742FA0CF37B4355BF5B00B3FBFEF309
:10222000B3FBFEF35B0078B11A1202FB02F540F635
:10223000DE326A430A4D12145D4302EB254202F678
:10224000CF6203EB2213036021B10A235C430834FD
:1022500024110C60BDE8F08190EC0020FCB400205B
:1022600043E3FFFF024B012283F8D020704700BFF9
:1022700090EC00204FF40063838170474FF40063BB
:10228000838170474FF40063838170474FF400638C
:1022900083817047012380F8F03070474FF400636A
:1022A000838170474FF40063838170474FF400636C
:1022B00083817047437D13B1012B04D070474FF4E5
:1022C0008063838170474FF400638381704700BF50
:1022D0004368C26C70B49A61EFF31182502383F3A8
:1022E00012884168056C0B68846C23EA050323435C
:1022F000D2B20B6082F31188436981681A68096859
:10230000C56AD0E9094622F001021A60026A1A6021
:102310005C600022B0F864409E60DD60CC6270BCFE
:1023200002777047024B03EB4010407F704700BFBD
:102330006C5F0020704700BF836930B45D699C68A2
:102340002968246821F001012960E1681D8A21EAD9
:102350000501E1600168007D0C680822824022428C
:102360000FD1204C0222247882404A603CB11A7F6F
:10237000012A07D1D3F8DC200132C3F8DC2030BCBD
:102380007047FEE7D3F8D8200132C3F8D820EFF326
:102390001181502282F3128858681D6C02685C6CAF
:1023A00022EA05022243C9B2026081F31188D3E90F
:1023B0000C4099685A6909689D6B1460DC6B506029
:1023C000B3F89C009560D460C8621468188A44F021
:1023D0000104012514601D77CB68034330BCCB603A
:1023E000704700BF96540020F0B4D2B10E460C04E2
:1023F000034600F1C007002519689A685D60214313
:10240000324319609A600C33BB42F5D1D0F8C0302A
:10241000C0F8C4501E43C0F8C850C0F8C060F0BC3B
:1024200070470E040C46E3E7074BD0F8C4105B6816
:10243000D0F8D0205B1A9A42B8BFC0F8D030012340
:1024400080F8FC3000207047001000E0ECE700BF8F
:1024500008B500210846F5F795FE002008BD00BF2D
:1024600038B50E4B0E4D1C68D5F8D430E31A322B1C
:102470000BD8D5F8D830A34200D338BD0020323471
:10248000F5F7F4FCC5F8D84038BD00210846F5F74B
:1024900079FE0023C5F8D83038BD00BF8C19002064
:1024A00090EC002070B50A4E3368002B09DD094C12
:1024B0000025237F013533B93368AB4204F1200492
:1024C000F7DC012070BD217DE068F5F74DFDF3E7F5
:1024D000985400206C5F00202DE9F047DDE90845A5
:1024E0008946174600212022984606460AF00EFA31
:1024F0005CB1D4E900326189F381C3F30F433382C5
:10250000C2F30F43F28233837182484606F0EAFF3A
:10251000FB061CD4431ED0B109EB000401E0013BD3
:1025200015D314F801CDBCF12E0FF8D1A0EB030A9E
:102530000AF1FF3ABAF1030FA8BF4FF0030A082BC4
:1025400003F10104A8BF08234C441A4606E00828FA
:1025500002464C46A8BF08224FF0000A4FF0203335
:1025600049463360736006F10809304609F06CFA99
:10257000164B3381214689F802305246484609F00D
:1025800063FA711EF31D11F8014FA4F161001928BF
:102590009CBF203C0C708B42F5D1484606F10B01E4
:1025A00010F8013BA3F16102192A9CBF203B00F8FF
:1025B000013C8842F4D11823C8F30F42F7723373F9
:1025C000A6F81A80B282F561BDE8F08720202000CD
:1025D0002DE9F04FCE4CCF482468C0F8D44085B0E8
:1025E000002B5DD001EB4323CB4FDFF848A30293D0
:1025F0000C4615461BE0002D5FD07B69AB4200F016
:10260000CD803B69AB4200F0FF80D7E90631AB4299
:102610004AD8A94200F2BC81691A2046C6F732FEA8
:10262000029B04F500749C4205F1010538D03A6A1A
:10263000AA42E0D83E6BA5EB02084FEAD80B336BF9
:102640000BF1020B9B4508F0070802D3B36B9B45C7
:1026500008D931465846C6F7E5FD0646002800F081
:10266000B78138633379002B40F06681D6F8289023
:10267000B9F1000F00F0A581336BF268ABEB030BEF
:1026800008EBCB0B3346204602EB4B224FF4007194
:10269000C847029B04F500749C4205F10105C6D1B0
:1026A000002005B0BDE8F08FA942B5D94FF4007203
:1026B000002120460AF02AF9B2E74FF400722946B9
:1026C00020460AF023F980220C2384F8C23184F8D2
:1026D000BE213A69914BB96884F8B8519A4284F89E
:1026E000B95184F8BA5184F8BB5184F8BC5184F8CC
:1026F000BD51C4F8C621C4F8CA1100F34E81884BFD
:1027000083FB0203D6171344C6EB63138AFB02EC68
:102710008448C6EB2C36C3EB831E80FB030CA2EB74
:102720000E02B01020F03F00013202439C44D81743
:10273000C0EBEC1C634484F8C021784A84F8BF31B4
:102740004B1E934284F8C16100F33381744A754E85
:1027500082FB0312D8171A44C0EB62128AFB03C132
:10276000C0EB2130C2EB82115B1A811086FB02C6DE
:1027700021F03F01013316440B43D117C1EBE6169C
:10278000324484F8C50184F8C43184F8C321552249
:10279000AA2384F8FE2184F8FF3141E75222612008
:1027A0004123002622706270A070722284F8E70133
:1027B00084F8E631B86AE3704FF0FF3384F8E4211F
:1027C00084F8E521C4F8E80184F8EC3184F8ED31AF
:1027D00084F8EE3184F8EF314FF4F0723146201D69
:1027E0000AF094F855226FF05503C4F8F061C4F86C
:1027F000F461C4F8F86184F8FC6184F8FD6184F840
:10280000FE2184F8FF310BE74FF4007200212046CF
:102810000AF07CF8444B454A03CBEB23C4F8030091
:10282000237002204FF0580C90264FF0080EF8232A
:10283000A6702074C4F8071084F801C084F80DE075
:1028400063753969BB68D7F81CC02073591A2162B7
:102850004FF0FF3100233F26A1763E21A073E372A3
:10286000E3736374A374E3742375A375E3756376EC
:10287000E3766377A377E37726762177D7F8188016
:1028800084F82C0003CA2A4EC4F84700C4F84B1041
:1028900003CEACEB080C9678C4F824C084F828303A
:1028A000B2F800C084F8293084F82A3084F82B303C
:1028B00084F82D3084F82E3084F82F3084F83130AD
:1028C00084F8323084F8333001228023A4F84FC0DA
:1028D00084F85160C4F85200C4F8561084F83020CF
:1028E00084F840304FF0290C94260E200D215522FB
:1028F000AA2384F846E084F842C084F8436084F850
:10290000440084F8451084F8FE2184F8FF3187E6FE
:102910008C19002090EC0020B03F0020FF03FB004A
:102920008320088281808080D08B0508DC8B05089D
:10293000E88B0508975545414FF400720021204669
:1029400009F0E4FF336CB8F1000F4AD1002B00F01E
:102950008D80336B544911222046CDE90088FFF762
:10296000BBFD336C1A6C04F12000002A00F08E804D
:102970001B6B4E49CDE900881122FFF7ADFD766C47
:1029800004F14008002E3FF44BAE4FF4E0793CE0F8
:10299000E91A2046C6F776FC42E6FF23444A84F84B
:1029A000BF3184F8C13184F8C0314B1E93427FF7A8
:1029B000CDAEFF2384F8C33184F8C53184F8C43127
:1029C000E5E649464FF40072204609F09FFF27E6EE
:1029D000231F04F5FE72374943F8041F9342FAD1CE
:1029E0001EE6002B0CBF01220222766CC2EB0818F7
:1029F000002E3FF415AEB8F10108B66CF8D1002EE8
:102A00003FF40EAEA0464FF40079C14409F120090D
:102A100008F120084FF0000B03940CE05EF81C1B3B
:102A2000336BCDE900EBFFF757FDB66C08F12008DA
:102A3000D6B1C84518D03379B64606F11C0C112220
:102A4000A8F12000002BE9D172793469336B316829
:102A5000019442F02102CDF800C0FFF73DFDB66CB5
:102A600008F12008002EE4D1039CD9E5CDE90088C7
:102A70004346F96808222046FFF72EFD766C04F1E4
:102A800020084FF4F079002EBFD1C9E5CDE90088C8
:102A9000434606491122FFF71FFD766C04F14008FA
:102AA000002E7FF472AFBBE5C88B0508CC8B050800
:102AB000FF03FB00DEADBEEF2DE9F041CBB1114FBE
:102AC00015460E4603EB020801E0CDF7BDFF39685D
:102AD00000230C691A4631462846A0470028F4D145
:102AE000CDF7B2FF0028FBD00135A84506F50076EA
:102AF000EDD1054A054B1268C3F8D4200020BDE88B
:102B0000F08100BF943F00208C19002090EC002041
:102B10002DE9F041B3B10F4F15460E4603EB020805
:102B2000396800238C681A4631462846A047002899
:102B3000F6D0CDF789FF0028FBD00135A84506F572
:102B40000076EDD1044A054B1268C3F8D42000206A
:102B5000BDE8F081943F00208C19002090EC00200B
:102B600008B5CDF771FF80F00100404240B208BDCA
:102B7000002108B50846F5F705FBC6F717FBCDF7AA
:102B800063FF0028FBD0034A034B1268C3F8D4202C
:102B9000002008BD8C19002090EC002038B51446A8
:102BA0000D46CDF743FF4FF4007302682A60002002
:102BB000238038BD38B5C8F797FF1B20F5F764F9B7
:102BC00008B12923C3801C20F5F75EF908B1292339
:102BD000C380174CD4F88C3213B10023C4F88C3264
:102BE000144BC4F8883201250023237084F87452F2
:102BF000C6F7DEF9104A114B1278C4F88C32AA429B
:102C000007D0022A03D10E4A1279AA420CD02846D4
:102C100038BD5833C4F8A432C6F7A4F9094B0025CF
:102C200083F82350284638BD3833C4F8A432F3E77C
:102C3000E0160020E006002060920020B00A00208C
:102C40008C3F002000ED00E008B5064BD3F8DC0017
:102C500038B1F5F74BFB044B9B7813B180F00100C2
:102C6000C0B208BD90EC00209C22002070B58CB052
:102C700052BA00230446ADF806208DF80410012254
:102C800002A901AE0425CDE90633CDE908338DF85C
:102C9000053003930B938DF814208DF828200296AD
:102CA0000495F5F7BFFD2046F5F7DAFF0CB070BDCF
:102CB00070B58CB00023044601258DF8062001AEC6
:102CC0000322CDE90263CDE90633CDE908330B9346
:102CD00004928DF805108DF804508DF814508DF87D
:102CE0002850F5F7BDFF204602A9F5F79BFD2046C9
:102CF000F5F7B6FF0CB070BD30B58DB001298DF879
:102D0000072001D00DB030BD0B460022044602A9B9
:102D10000DF10705CDE90252CDE90622CDE90822E1
:102D200004938DF814308DF828300B92F5F77AFD66
:102D30002046F5F795FF0DB030BD00BF2DE9F041FD
:102D40000446006A1D460F469046F5F789FF237E2C
:102D5000002B3ED066692A48330E80F87D3005226C
:102D600000F17E03C0F8B420310C320A9E70197055
:102D70005A703A68D8F80030C0F8C830012DC0F851
:102D8000C020E3622ED0022D29D10022D8F80410F1
:102D9000C0F8D0207E68C0F8D4601A4DC0F8DC10AE
:102DA0000B44012680F8CC20E36280F8E060C0F894
:102DB000E450154B617E206A03F11402002914BF10
:102DC00019461146F5F72EFDA36AA3B1E06ABDE8E6
:102DD000F0810E4B6669A3F17D000422C2E700205A
:102DE000BDE8F081074A80F8CC500023C0E93423C5
:102DF000C0F8DC30DDE7206AF5F732FFE6E700BF18
:102E0000AC0A0020BD160408300B0020290B00205E
:102E100030B583B0CDE90032069D41618562012362
:102E20006A4601A9FFF78AFF03B030BD10B504461A
:102E300094B050220649684608F006FE206A6946AA
:102E4000F5F7F0FC206AF5F70BFF14B010BD00BFDA
:102E5000A41A050870B5037E204C94B0002B14BF53
:102E600005220422231D0C92A4F1080205930A9264
:102E70001B4B01930222012305460292194A8DF849
:102E80000C3007938DF820308DF834308DF84830B1
:102E900004920023144A006A0693CDE90E33CDE96B
:102EA00010330B93139300940E460992F5F7D8FE56
:102EB0002B7E8BB1330E04F8073C063C320C330AF0
:102EC00022706370A670286A6946F5F7ABFC286A21
:102ED000F5F7C6FE14B070BD073CEFE7B00B00205D
:102EE00070ED00209D160408DD16040810B5044698
:102EF0000F48D4F8B830D4F8C41094F8B020406823
:102F0000C4F8B8000B44012AC4F8BC3005D0D4F88A
:102F1000B4300133C4F8B43010BD04F1C801201D31
:102F2000F5F780FCD4F8B4300133C4F8B43010BDE8
:102F3000001000E0F0B5826992F8BC30012B8BB034
:102F400006461ED0023B012B23D8134DD46F0FCD64
:102F50008C2727706C460FC40FCD0FC495E8030073
:102F6000B36984E80300D3E91F1203F11000009154
:102F700069460192F5F756FCB0691030F5F770FE1E
:102F8000B269D2F880305A88F2819A883282DB881E
:102F9000738201200BB0F0BDF41A0508164BD0F86F
:102FA000C0105A6810B50446D0F8B80071B1131AB1
:102FB00099420BDC94F8B030C4F8B820012B10D043
:102FC000D4F8B4300133C4F8B43010BDD4F8C430F0
:102FD000C4F8B8200344C4F8BC3094F8B030012BD6
:102FE000EED104F1C801201DF5F71CFCD4F8B43073
:102FF0000133C4F8B43010BD001000E038B50B4DFB
:10300000044694F82430206A012B03D00023E361A6
:10301000012038BDC5F788FEC04310F00100F5D18E
:103020002B68E2699B1A002BEBDB38BD8C19002062
:103030002DE9F047044692B0474D0F461646FFF77C
:10304000DDFF94F82410206A0622FFF755FE95F85C
:10305000E28001236376B8F1000F20D12046D7F833
:1030600000A0D6F80090D5F8E470FFF7C7FF94F8F9
:103070002430012B47D0394BA26A1B680233E3612D
:103080003068D5F8E43001210344C5F8E43085F810
:10309000E2100AB19047306812B0BDE8F087D5F869
:1030A000E4308DF80A308422C3F3022320468DF8E1
:1030B00009303F68D6F800808DF80820FFF79EFFA2
:1030C00094F82430012BD6D102AA206A8DF82C3036
:1030D0008DF8403003920023032203A90190CDE92B
:1030E0000C33CDE90E330897CDF8288004938DF882
:1030F00018300793099311930592F5F793FB019804
:10310000F5F7AEFDB7E70222206A8DF80A708DF858
:103110002C308DF840308DF80820032302AAC7F325
:10312000022703A90190CDE9078ACDE90989CDE9F4
:103130000C88CDE90E888DF80970CDF810808DF8D7
:103140001880CDF8448003920593F5F76BFB019846
:10315000F5F786FD8FE700BF90EC00208C1900206A
:1031600010B51C4623B9836A20469847204610BDF7
:10317000BDE810405CE700BF38B504460D46FFF7D8
:103180003DFF94F82430012B04D0054B1B6802331B
:10319000E36138BD206A2A461021FFF767FDF4E796
:1031A0008C19002010B5084C084BD4F8E810C90A57
:1031B000C3F80C11FFF7E0FFD4F8E430C4F8E830AE
:1031C000002284F8E22010BD90EC0020AC0A002020
:1031D000054B93F8E22022B1D3F8E430C3F30A039D
:1031E00003B17047DEE700BF90EC002038B504461D
:1031F0000A4DFFF703FF94F82410206A0622FFF718
:103200007BFDD5F8E810012363762046C90AFFF755
:10321000B3FF002385F8E23038BD00BF90EC0020FA
:1032200070B5144D82B00446009395F8E230069EC6
:103230000192866293B1D5F8E430994211D16A4681
:1032400001A92046FFF7F4FE95F8E23023B1D5F846
:10325000E430C3F30A033BB102B070BDC5E93911D4
:10326000EDE7FFF7C3FFEAE72046FFF79BFF02B059
:1032700070BD00BF90EC00200A4B10B493F8E24000
:10328000826234B1D3F8E4308B4207D15DF8044B4D
:103290007047C3E939115DF8044B70475DF8044B82
:1032A000A4E700BF90EC002010B5084C94F8E23081
:1032B00003B910BDD4F8E810054BC90AC3F80C11C6
:1032C000FFF75AFF002384F8E23010BD90EC002095
:1032D000AC0A002038B504460D46FFF78FFE0622E3
:1032E00094F82410206AFFF707FD94F82430012297
:1032F0009342627604D0054B1B680F33E36138BDFF
:10330000206AEA0AD821FFF7B1FCF4E78C19002003
:1033100038B583884BB10546002461042846FFF781
:10332000D9FFAB880134A342F7D838BD08B590F86F
:103330002430012B18BF012000D008BD006AC5F75A
:10334000F3FCC04300F0010008BD00BF2DE9F041CF
:10335000044694B0006A0D4690461F46F5F780FC7F
:103360003048314B019300F58C7600F58873009658
:10337000217E2E4A059302260123029600268DF80F
:103380000C3004920696002935D0CDE90966CDE9C6
:103390000E66CDE910662A0E052180F811218DF800
:1033A0002060CDF82C800C978DF834308DF84830A3
:1033B0001396079100F589721D4E95702B0C2D0AFE
:1033C00013705570D6F8F000256AF5F78DFB637E13
:1033D000A88023BB05A92846F5F724FA206AF5F74B
:1033E0003FFCD6F8F400F5F77FFB236A9880384657
:1033F00014B0BDE8F0810426CDE90911CDE90B87B1
:10340000CDE90E11CDE910118DF820108DF8343072
:103410008DF84830139100F211120796CCE76946F7
:10342000D9E700BFAC0A00207CED00209D160408FF
:1034300090EC002038B50446006A03681A7B92B904
:10344000637E0BB9012038BD094D0A4905F1F80228
:103450000223F5F7EBFB95F8F90000F00100607628
:1034600080F0010038BD1B6A002BE9D0002038BD78
:1034700090EC0020C80B002010B504462046FFF752
:10348000D9FF0028FAD0012010BD10B51E4C94F8C9
:10349000FA30012B00F10C000CD0022B1AD00123C2
:1034A00004F1FB020621F5F7F5FB012384F8FA305D
:1034B000002010BD94F8FB3013F00403F6D006236F
:1034C00004F1FC020021F5F7E5FB022384F8FA3051
:1034D0000020EEE794F8FD2094F8FC3043EA022344
:1034E0000B8094F8FF2094F8FE3043EA02234B80CF
:1034F00094F8012194F8003143EA02238B800023E1
:1035000084F8FA300120D4E790EC002010B51C4C70
:1035100094F81E3122464BB11A4A062328210C305A
:10352000F5F7B8FB002084F81E0110BD164890F88E
:10353000034190F8023143EA04231BB2002BB8BFC9
:1035400003339B100B8090F8054190F8043143EA57
:1035500004231BB2002BB8BF03339B104B8090F8A1
:10356000074190F8063143EA04231BB2002BB8BF91
:1035700003339B1001208B8082F81E01D5E700BF2A
:10358000AC0A002092ED002090EC002010B5144C05
:1035900094F81F314BB1134A062303210C30F5F781
:1035A00079FB002084F81F0110BD0F4B93F8080130
:1035B00093F8092142EA00220A8093F80A0193F85D
:1035C0000B2142EA00228A8093F80C2193F80D31F6
:1035D000012043EA02234B8084F81F01E4E700BF87
:1035E000AC0A002098ED002090EC00207B22F42112
:1035F000F5F7D0BE10B500F10C042046F5F736FB08
:1036000001220B212046F5F7C5FE20B11D2209211C
:103610002046F5F7BFFE00F0010010BD10B500F127
:103620000C042046F5F722FB002221212046F5F765
:10363000B1FEFC2220212046F5F7ACFE40222421D9
:103640002046F5F7A7FE0C2223212046F5F7A2FE1F
:10365000002222212046F5F79DFE6420F4F71EFB90
:10366000012010BD37B500F10C0504467022002181
:103670002846F5F78FFE202201212846F5F78AFE1D
:10368000002202212846F5F785FE6420F4F706FBA8
:1036900094F8D40088B1F4F7F7FB08B12823C3806D
:1036A0002146074B41F8083F0190C3F71DFF0198E1
:1036B000F4F75EFE0198F4F75BFE012003B030BD25
:1036C0009717040838B5044690F8010100B938BDD1
:1036D000F4F7DAFB054608B12623C3802146054BE3
:1036E00041F80C3F2846C3F7FFFE2846BDE83840A6
:1036F000F4F73EBE9D2F0408F8B544F23B3305466F
:10370000A0F82C3100F11004FFF7DCFF95F8B83079
:10371000072B58D195F8FD300226002B55D137469E
:1037200080226B212046F5F735FE6420F4F7B6FAC7
:10373000072268212046F5F72DFE6420F4F7AEFA43
:1037400000226B212046F5F725FE6420F4F7A6FA47
:1037500001226B212046F5F71DFE0F20F4F79EFA9B
:10376000FA001B212046F5F715FE0F20F4F796FA14
:10377000F2001C212046F5F70DFE0F20F4F78EFA1B
:1037800000221A212046F5F705FE0F20F4F786FAED
:1037900095F8002119212046F5F7FCFD6420F4F787
:1037A0007DFA102237212046F5F7F4FD0F20F4F7BB
:1037B00075FA204601223821F5F7ECFDBDE8F84006
:1037C0000F20F4F76BBA0326A9E70327A8E738B55B
:1037D00044F23B33A0F82C3100F110040546FFF70A
:1037E00071FF80226B212046F5F7D4FD6420F4F7A9
:1037F00055FA03226B212046F5F7CCFD95F8002100
:1038000019212046F5F7C6FD0F20F4F747FA0022EC
:103810001A212046F5F7BEFD18221B212046F5F798
:10382000B9FD18221C212046F5F7B4FD02223721EC
:103830002046F5F7AFFD20460122BDE8384038218B
:10384000F5F7A8BD38B52D4C94F80E31013B024672
:103850000D460C30032B03D8DFE803F00C1E28358F
:103860000123274A0221F5F715FA012384F80E31C6
:10387000002038BD94F80F31DB0703D4002084F812
:103880000E01F6E706231F4A0321F5F703FA022388
:1038900084F80E310020ECE70123194A0921F5F7DD
:1038A000F9F9032384F80E310020E2E711220A21FE
:1038B000F5F7CAFC94F80F0110F00C00DED10423D8
:1038C00084F80E31D5E7B2F9D6100E48FDF764FF43
:1038D00040422880B2F9D8100B48FDF75DFF404206
:1038E0006880B2F9DA100948FDF756FF002340421C
:1038F000A88084F80E310120BBE700BF90EC0020C7
:103900009FED0020A0ED0020A2ED0020A4ED0020FE
:1039100013221B21F5F798BC3122F421F5F794BC52
:10392000064B93F82020064B92010021343283F895
:10393000D01002F0FC02F421F5F786BCFCB40020A4
:1039400090EC0020034B002283F8D020F4212E229B
:10395000F5F77ABC90EC002037B500F10C04054671
:103960002046F5F783F900220A212046F5F712FDDB
:103970001420F4F793F90F220A212046F5F70AFDE7
:103980000A20F4F78BF901AA032310212046F5F74A
:103990002DFA0A20F4F782F99DF804308033A5F857
:1039A000D6309DF805308033A5F8D8309DF8063024
:1039B0008033A5F8DA3000220A212046F5F7EAFC28
:1039C0000A20F4F76BF90DF10302012302212046CE
:1039D000F5F70CFA01230DF1030209212046F5F752
:1039E00005FA11220A212046F5F7D4FC012003B084
:1039F00030BD00BF30B5094CD4F8183183B0591C24
:103A0000C4F81811002501230DF10702112178389F
:103A10008DF80750F5F7EAF903B030BD90EC0020BF
:103A200007B500238DF807300DF1070201230F21A0
:103A3000F5F7DCF928B19DF807306C2B14BF002096
:103A4000102003B05DF804FB10B582B004466A464E
:103A5000062322211030F5F7C9F99DF805209DF8BD
:103A600004300099C4F8B01043EA02230120A4F8FE
:103A7000B43002B010BD00BF70B50446806982B09A
:103A80006A46062328211030F5F7B0F99DF80500A5
:103A90009DF801609DF800109DF803509DF80220EC
:103AA0009DF8043041EA062143EA002342EA052258
:103AB0000120E1812282638202B070BDF0B504462C
:103AC00083B094F82D11103006236A46F5F78EF96D
:103AD000B8B19DF800709DF801109DF802609DF846
:103AE00003209DF804509DF8053041EA072142EA81
:103AF000062243EA0523A4F8B010A4F8B220A4F8E3
:103B0000B43003B0F0BD00BFF0B50446806983B0A7
:103B100090F82C1106236A461030F5F767F9A0B12A
:103B20009DF800709DF801109DF802609DF803203B
:103B30009DF804509DF8053041EA072142EA06222B
:103B400043EA0523E1812282638203B0F0BD7FB5A1
:103B500000238DF807300DF107020123E721054608
:103B6000F5F726F89DF80730144E154C13F00303B3
:103B700021D0052302AAE8212846F5F719F89DF877
:103B80000A209DF80910130443EA01239DF8081048
:103B900012F0800F14BF4FF07F4200220B431343FB
:103BA00033609DF80C209DF80B3043EA02232380FC
:103BB000012004B070BD33602380F9E738B50020E0
:103BC00034B500202DE9F34190461F460DF1070260
:103BD000012305460E46F5F709F980B10220F4F7F6
:103BE00051F89DF8074024EA08023A433146284636
:103BF0008DF80720F5F7CEFB0898F4F74FF802B0E0
:103C0000BDE8F08173B5642300F110040093012333
:103C10001A46054612212046FFF7D4FF02220D2145
:103C20002046F5F7B7FB0120F4F738F802220E2101
:103C30002046F5F7AFFB0120F4F730F8742210218D
:103C40002046F5F7A7FB0120F4F728F8AC22112154
:103C50002046F5F79FFB01260120F4F71FF84423C7
:103C60007C22122120460096FFF7ACFF06231A465D
:103C7000132120460096FFF7A5FF002317221521E8
:103C800020460096FFF79EFF0223204600961A4624
:103C90001821FFF797FF95F8010178B1F4F7F4F8D0
:103CA000044608B12623C3802946074B41F80C3F40
:103CB0002046C3F719FC2046F4F75AFB0348F4F7F3
:103CC00013FFA88202B070BD952204088096980068
:103CD00010B5074C94F81C310BB9002010BDF2F759
:103CE00021F9D4F82031C01AD0F5FA50F6D5F4E70E
:103CF00090EC002070B505460C46FFF7E9FF2B68F5
:103D00005D6808B1F3F7BEFF064B002283F81C2163
:103D10002846224693F81D31BDE870404921F4F74A
:103D200047BF00BF90EC002010B50446FFF7E4FC4D
:103D30001022A0186A21F4F747FF6420F3F7AEFFC2
:103D40000448F4F7D1FEA082BDE810400120F3F74B
:103D500099BF00BF002D310138B500F110040546B0
:103D60001948F4F7C1FE44F23B33A5F82C31A88280
:103D70002846FFF7A7FC01226B212046F4F724FF19
:103D80007820F3F77FFF204618221B21F4F71CFF51
:103D9000204618221C21F4F717FF204600221A2182
:103DA000F4F712FF95F8002120461921F4F70CFFD3
:103DB000204610223721F4F707FF20460122BDE8F4
:103DC00038403821F4F700BF00127A0008B5C4F774
:103DD0009FFED0B90E4B93F8252193F824111202BF
:103DE00042EA014293F826110A43C3F8982093F857
:103DF000282193F82711120242EA014293F829116F
:103E00000A43C3F89420012008BD0020FCE700BF4E
:103E100090EC002010B50446C4F77AFE38B9054A84
:103E20000623F7212046F4F735FF012010BD0020BE
:103E3000FCE700BFB4ED002008B5C4F769FE70B917
:103E4000084A92F82B3192F82A111B0243EA0143E7
:103E500092F82C110B43C2F8A030012008BD0020BD
:103E6000FCE700BF90EC002008B5C4F751FE70B924
:103E7000084A92F82B3192F82A111B0243EA0143B7
:103E800092F82C110B43C2F89C30012008BD002091
:103E9000FCE700BF90EC002010B50446C4F738FEE4
:103EA00008B1002010BD0146034A20460623F4F75E
:103EB000F1FE012010BD00BF34ED002070B5C4F745
:103EC00027FED0B90E4B93F8321193F8352193F8B1
:103ED000316193F8345193F8330193F83041090478
:103EE000120441EA062142EA052202432143C3F8B3
:103EF000B810C3F8AC20012070BD002070BD00BF19
:103F000090EC002010B50446C4F702FE08B1002072
:103F100010BD044A204606230421F4F7BBFE01200D
:103F200010BD00BFC0ED002008B5C4F7F1FDE0B939
:103F30000F4B93F8372193F83611120142EA013200
:103F400093F8381142EA1112C3F8C42093F83A21C9
:103F500093F83911120142EA013293F83B1142EA17
:103F60001112C3F8BC20012008BD0020FCE700BFEF
:103F700090EC002010B50446C4F7CAFD38B9054AD4
:103F80000623F7212046F4F785FE012010BD00200E
:103F9000FCE700BFC6ED002008B5C4F7B9FDA0B925
:103FA0000B4A92F83D3192F83C111B0243EA01435F
:103FB00092F83E110B430749B1F92010C1F10801F5
:103FC000CB40C2F8CC30012008BD0020FCE700BF88
:103FD00090EC0020FCB4002010B50446C4F798FD16
:103FE00070B9084B1B781BB1074B93F8D00030B168
:103FF000064A0323F6212046F4F74CFE012010BDAB
:104000000020FCE720B5002090EC0020CCED002043
:1040100008B5C4F77DFD50B9064B93F83C1193F8F1
:104020003D2142EA0122A3F8C820012008BD00205A
:10403000FCE700BF90EC002010B50446C4F768FD13
:1040400070B9084B1B781BB1074B93F8D00030B107
:10405000064A0223F6212046F4F71CFE012010BD7B
:104060000020FCE720B5002090EC0020CCED0020E3
:1040700010B50446C4F74CFD014698B923681A7878
:10408000022A08D1196A79B92046084A0323F4F7AD
:104090006BFD012010BD054A03232046F4F7FAFD0D
:1040A0000120F7E70020F5E70120F3E7BAED002053
:1040B000DEE74821C4F7AEBD5821C4F7ABBD38B523
:1040C000F5210546F4F728FD70281AD007D84228B4
:1040D00019D0472819D0122819D000240FE0AC2895
:1040E00017D005D800F0FD03712BF6D1062402E0AD
:1040F000AF28F2D109240848F4F7F6FCA88020463E
:1041000038BD0524F7E70C24F5E70D24F3E7082470
:10411000F1E70724EFE700BF002D310138B5802219
:104120006B210446F4F750FD6420F3F7B7FDF52149
:104130002046F4F7F1FC05460120F3F7A3FD682DB6
:104140001BD18C212046F4F7E7FC18280DD8142841
:1041500034BF00250325204607226821F4F734FDEB
:104160006420F3F79BFD284638BDA0F15403DBB271
:10417000072B34BF03250025EDE70025F3E737B50E
:10418000044600F110053748F4F7AEFC44F23B3327
:10419000A082A4F82C312046FFF794FA42F21F5374
:1041A000A4F82C310F224E212846F4F70DFD0F20E4
:1041B000F3F774FD94F8BB30002B4ED094F8002137
:1041C0000132D3B20822B2FBF3F2082AD3B240D0B4
:1041D000042A40D0022B02D0012B3ED10323224AD5
:1041E00002EB430393F8792002F00F024F21284697
:1041F0000192F4F7E9FC0F20F3F750FD019A5021EA
:104200002846F4F7E1FC0F20F3F748FD2846EE229C
:104210005221F4F7D9FC284603221421F4F7D4FCE8
:10422000284600226321F4F7CFFC082228466521A6
:10423000F4F7CAFCE4212846F4F76EFC00F0EF0026
:1042400040F060026421284603B0BDE83040F4F736
:10425000BBBC0023C3E70123C1E7002384F8BB30C4
:104260000622C1E700366E01A41A050838B50022FF
:104270004E210546F4F7A8FC15249620F3F70EFD11
:10428000F5212846F4F748FC422807D0472807D0F4
:10429000013C14F0FF04F0D1204638BD0C24FBE7AC
:1042A0000D24F9E738B580226B210546F4F78CFC24
:1042B0006420F3F7F3FCF5212846F4F72DFCAC2835
:1042C00018D005D8122817D0982817D000240FE04E
:1042D000AF28FBD1092410226A212846F4F774FC88
:1042E000284603226821F4F76FFC6420F3F7D6FC1C
:1042F000204638BD0724EEE70824ECE70B24EAE764
:1043000038B544F23B330446A0F82C3104F11005D3
:10431000FFF7D8F903226B212846F4F755FC0F204C
:10432000F3F7B0FC10226A212846F4F74DFC0F2069
:10433000F3F7A8FC00226C212846F4F745FC0F2077
:10434000F3F7A0FC94F8002119212846F4F73CFC6F
:104350000F20F3F797FC18221B212846F4F734FCB2
:104360000F20F3F78FFC18221C212846F4F72CFCB1
:104370000F20F3F787FC102237212846F4F724FC9E
:104380000F20F3F77FFC012238212846F4F71CFCAC
:104390000F20F3F777FC00221A212846F4F714FCCB
:1043A0000120F3F76FFC0A48F4F79EFBA082204639
:1043B000FFF784FB94F9B230013308D194F9B0309F
:1043C000013304D1BDE838400620F3F789BF38BD7A
:1043D000002D310110B504460068F3F707FE0120F7
:1043E000F3F75CFC2068F3F707FEBDE810400A20F5
:1043F000F3F754BC70B500F1100490B0B6227E21E2
:1044000005462046F4F7E0FB6420F3F747FC05F18E
:104410001800FFF7DFFF00227C212046F4F7D4FBD1
:104420000120F3F73BFC002259212046F4F7CCFB96
:104430000120F3F733FC00235E220DF10301CDE9E7
:104440000A33CDE90C338DF8032001910122029348
:104450008DF81030059307930F93404E03924FF45D
:10446000A473204601A908938DF824208DF83820E4
:104470000696F4F7D7F92B691A6A002AFCD10A20AC
:10448000F3F70CFC012259212046F4F79DFB012093
:10449000F3F704FCAB2240212046F4F795FB012002
:1044A000F3F7FCFB032241212046F4F78DFB0120AA
:1044B000F3F7F4FB2A4B5A78022A28BF0222120192
:1044C00062F0320202F0FD0242212046F4F77CFB4A
:1044D0000120F3F7E3FB082243212046F4F774FBA5
:1044E0000120F3F7DBFB042258212046F4F76CFB94
:1044F0000120F3F7D3FB0A2253212046F4F764FB93
:104500000120F3F7CBFB02227C212046F4F75CFB71
:104510000120F3F7C3FB20460E227D21F4F754FB64
:104520000120F3F7BBFB95F8010128B90D48F4F71A
:10453000DBFAA88210B070BDF3F7A6FC044608B100
:104540002623C3802946084B41F80C3F2046C2F77A
:10455000CBFF2046F3F70CFFE8E700BF241B05085C
:1045600090AF002080969800ED2E040810B5044608
:1045700082B00830FFF72EFF00212046022301AA57
:10458000ADF80410F4F714FB28B19DF80530242B86
:1045900014BF00200F2002B010BD00BFF0B590F88E
:1045A000BC30D0F88070012B8BB0044641D013D8BA
:1045B000C36F00221A605A609A609A81D0F8C030A6
:1045C0000522B3F57A7FC0F8D0203ED8032380F8C7
:1045D000BC3001200BB0F0BD023B012BF9D8294EB5
:1045E000E56F0FCE4FF0920CEE4685F800C0AEE8B6
:1045F0000F000FCEAEE80F0096E80300D4E91F23AA
:1046000004F110068EE803003046694601930092DB
:10461000F4F708F93046F4F723FB7B88A4F8B030B0
:10462000BB88A4F8B230FB88A4F8B43001200BB0EA
:10463000F0BD3B89A0F8B0307B89A0F8B230BB89CF
:10464000A0F8B43001200BB0F0BD1030F4F71AF927
:10465000A0B1E36FC4F884408C221A70D4E91F30F3
:10466000094AC4F8D4300E210123C4E93601C4F844
:10467000E42084F8E03084F8BC30AAE7022384F810
:10468000BC30A6E7F41A05084D24040810B5846967
:1046900004F19C00CEF72CFCD4F89C305A681AB96F
:1046A0001A6822F001021A6010BD826910B5083242
:1046B000174C54F82200CEF71BFC164B1A88082A18
:1046C00023461ED009D882B1042A14D0012283F8CF
:1046D0003D20114B00221A7010BD0C2AF6D1216822
:1046E000CA6822F48052CA60F0E72168CA6822F4DE
:1046F0000072CA60EAE72168CA6822F48062CA6070
:10470000E4E72168CA6822F40062CA60DEE700BFFD
:10471000648B0020608B0020518B00202DE9F0413C
:104720004FF40F728CB000215B485C4D5C4F5D4EC6
:1047300008F0ECF85C4B1A6E42F400621A661A6ECE
:1047400002F400620092009A9A6D42F001029A65AA
:104750009A6D02F001020192019A9A6D42F00202F2
:104760009A659A6D02F002020292029A9A6D42F0E4
:1047700004029A659A6D02F004020392039A9A6DFC
:1047800042F008029A659A6D02F008020492049AB7
:104790009A6D42F010029A659A6D02F0100205922D
:1047A000059A9A6D42F020029A659A6D02F02002F5
:1047B0000692069A1A6E42F400521A661A6E02F4B3
:1047C00000520792079A1A6E42F480321A661A6EE5
:1047D00002F480320892089A1A6E42F400321A6685
:1047E0001A6E02F400320992099A1A6E42F480227B
:1047F0001A661A6E02F480220A920A9A1A6E42F41B
:1048000080121A661B6E03F480130B930B9B05F545
:104810003A64A8464FF080413A46002301E056F83A
:10482000332091420CD001330C2BF8D1002008F139
:104830002008C2F723FDA0450BD058F8201CEBE759
:1048400006EBC30308F120081879C2F717FDA0454D
:10485000F3D1134F134E4FF080413A46002301E04D
:1048600056F8332091420BD001330C2BF8D10020A5
:104870002035C2F703FDA5420AD055F8201CECE70D
:1048800006EBC30320351879C2F7F8FCA542F4D132
:104890000CB0BDE8F08100BF7CC50020D4E3040863
:1048A000002C0140D0D304080010024008B5084A8B
:1048B000084B00EBC00052F8200098420CBFA0202B
:1048C000A120C2F7DBFCBDE80840A220C2F7D6BC9D
:1048D00064010020000002402DE9F041C0EB00130C
:1048E000784E56F8332082B006EBC307002A00F05A
:1048F000A6800446050197F87000C2F7BFFC97F840
:1049000070205309012102F01F02013B01FA02F25B
:10491000042B0BD8DFE813F00500BD00C300CC006A
:10492000B7006949CB6A23EA0202CA622B1B06EB75
:10493000C303671C1879F3F7A7FAFFB210B112236B
:10494000C77183712B1B06EBC3035879F3F79CFAED
:10495000804610B11323C77183712B1B06EBC30371
:104960009879F3F791FA10B11423C77183712C1B56
:1049700006EBC4052E212A7A4046F3F7D3FAA8792C
:10498000F3F782FA6A7A0E21F3F7CCFAE400287979
:10499000F3F77AFAEA792E21F3F7C4FA33594B493F
:1049A0001A688B4222F040021A604BD0484A934268
:1049B0005FD002F5806293424ED1434A916B41F43D
:1049C00000419163916B21F4004191635A6842F474
:1049D00080525A601A68520629D43E491E68D1F89E
:1049E0004071D1E94824D1E94B0522430243D1E982
:1049F0004D402A432243D1F83C5102432A4326F436
:104A00007F463A4326F0BF0632431A605868D1F811
:104A1000282120F4706042EA144220F0040002438E
:104A2000B7F5005F5A6004BFB1F844211A61DA6932
:104A300022F40062DA611A6842F040021A6002B0A1
:104A4000BDE8F081204A116C41F480511164116C71
:104A500021F480511164B9E71F4A9342B6D11A4A32
:104A6000116C41F400411164116C21F40041116496
:104A7000ACE7154A916B41F480419163916B21F44D
:104A800080419163A2E710498B6A23EA02028A629D
:104A90004CE70D490B6C23EA02020A6446E70A4B15
:104AA000996D114399659B6D1A400192019B3DE7F9
:104AB000054BD96D1143D965DB6D1A400092009BFF
:104AC00034E700BF38E80020001002400030014009
:104AD00000380040AC0A0020003C01402DE9F843BA
:104AE000BFF35F8F424B00210A46596008469A6027
:104AF0000132112AD9601961F9D105225A60BFF338
:104B00004F8FBFF36F8FBFF35F8F3A4C384E5860B3
:104B100000254FF001081CE0002A35D02768637A91
:104B2000A17AE07A1B0643EA017343EA4203217B40
:104B3000627BB56043EA804343EA414343EA024370
:104B4000013543F00103032DF76004F110043361D4
:104B50001BD06368227A002BDED0276827F01F095C
:104B6000A3EB0909B9F1200F38BF4FF020094846DF
:104B7000002AD4D106F062FF431E08FA03F29145E1
:104B800008BF1846C2B2CAE7FEE705237360BFF349
:104B90004F8FBFF36F8F184A1848D36818494FF6E4
:104BA000FF04234043F0052343F47A03D360D0F895
:104BB00094300B60CDF734F904F16044114B124A84
:104BC000B0FBF2F0A4F60F341860E2680F4B104906
:104BD00042F080720020E26058601A6842F00102E0
:104BE0001A608B6843F480438B60BDE8F88300BF94
:104BF00090ED00E0F40B002000ED00E0001002401A
:104C0000F05F0020E8AF002040420F00001000E0FD
:104C1000007000400269C3682DE9F04712EA0309F9
:104C20002AD005460E464FF000474FF00008B9FA6B
:104C300089F327FA03F2D2431B3B2A6109EA0209EE
:104C4000042B16D8DFE803F0352C231A0300B36ACF
:104C5000002B37D003F1FF3A1FFA8AFAC6F82880F2
:104C6000746A34B123682046514698476468002C22
:104C7000F8D1B9F1000FDAD1BDE8F0877068696B3F
:104C8000036889B29847B9F1000FD0D1F4E7B06852
:104C9000A96B036889B29847B9F1000FC7D1EBE758
:104CA000F068E96B036889B29847B9F1000FBED18B
:104CB000E2E73069296C036889B29847B9F1000FBF
:104CC000B5D1D9E7E96A1FFA81FAC9E72DE9F047BA
:104CD00004460068237D0268022101FA03F31A42A8
:104CE00082B009D0A6698F4D4FF49A7202FB06522A
:104CF00092F8EC1019B1436002B0BDE8F0878A4920
:104D00008A4FDFF8348209787F68C8F8007000297C
:104D100000F0B8809268576911683A6822F0010281
:104D20003A60CA6822F48072CA60814A1278002A06
:104D3000E1D04FF49A7202FB06F205EB02097D4FB7
:104D4000D9F82801D9F80830DFF8F0A1C1B2083944
:104D5000A7FB01710909BC322A44013120F0FF0090
:104D60001F680192CCF7CCFCDAF84031019A01219E
:104D700089F8EC10002B00F0B0804FF49A7303FB1D
:104D800006533868D3F8E81040F080004FF0FF3C3D
:104D9000B1F5807F3860C7F82CC000F0A48050D8EF
:104DA00001297DD010291CD1D7F820E0D3F81C119F
:104DB000D3F81801D3E948C92EF010033B62BB6950
:104DC00041EA090123F47F4341EA0C0143EA11233C
:104DD000BB613B6A23F0A00343EA001343F01003D6
:104DE0003B624FF49A7303FB0655524BD5F82801EA
:104DF000C1B20839A3FB013109090023C5F8C43049
:104E0000013120F0FF00CCF73DFCD5F828212068C7
:104E1000536846491B0C1B0443F016035360136888
:104E200043F001031360AA68AB891268D5682B436D
:104E3000D3604A68237DC8F80420022202FA03F3F3
:104E400059E7B1F5805FCCD1D7F820E0D3F81C1139
:104E5000D3F81801D3E948C92EF480533B62FB69AB
:104E600041EA090123F47F4341EA0C0143EA11239B
:104E7000FB613B6A23F4204343EA003343F480534D
:104E80003B62AEE7D2F82871396821F00101396040
:104E9000916897890968CA6822EA0702CA6044E7EC
:104EA000D7F820E0D3F81C11D3F81801D3E948C98A
:104EB0002EF001033B62BB6941EA090123F0FF03C5
:104EC00041EA0C0143EA1143BB613B6A23F00A0348
:104ED000034343F001033B6283E7F1F723F8019AB0
:104EE000CAF8400149E7D7F820E0D3F81C11D3F8FD
:104EF0001801D3E948C92EF480733B62FB6941EA8B
:104F0000090123F0FF0341EA0C0143EA1143FB616D
:104F10003B6A23F4206343EA002343F480733B623B
:104F20005FE700BF685A0020A4540020001000E092
:104F300096540020CDCCCCCC8CDF002090EC00200F
:104F4000F8B5294A294B12781B789A4247D1284B49
:104F50001C786CB3274A284B1078284F284E04EB56
:104F60004402C4EBC20403EBC40440F20D3500B3A9
:104F7000D3F8A820B3F8ACC0D2F804E019680EEA60
:104F8000070E4CEA0E0CC2F804C0D2F800C04CF078
:104F9000010CC2F800C0D1F8DC2332402A43C1F82A
:104FA000DC23CA6842F48072CA60B833A342DED1FF
:104FB000F8BD1A68B3F804E0D2F800C0B3F8B41032
:104FC0002CF0800CC2F800C0C2F82CE05062D2F87D
:104FD0000CC041EA0C01D160A3F8B400E5E7C3F7C7
:104FE00077FA0028B3D1F8BD7C30002028300020AB
:104FF000A5540020A4540020A85400200000FFFF66
:10500000E0E0FFFFF8B5204A204B12781B789A4267
:1050100035D11F4E3368002B13DD00241D481E4F71
:1050200025463B781BB3037F012B23D042693168AF
:105030001368013443F00103A14200F1E40013605E
:10504000EFDCF0F76FFF154BD3F84841C3F844018C
:10505000002C0BDD03F5A67303EBC40419689A88D2
:10506000C86808330243A342CA60F7D1F8BDFDF710
:105070002FF9DBE780F8D450FDF72AF9D6E7C3F71C
:1050800027FA0028C5D1F8BD7C3000202830002048
:1050900014E0002018E000209654002090EC00203E
:1050A0002DE9F0412E4E06EB40173A7F0AB9BDE8D4
:1050B000F0812C4B4FF49A7202FB00320D46002314
:1050C0009178B970937004464FEA4018F4F7ACFB3E
:1050D000002836D106EB441026F80850F4F7FEFB02
:1050E000214A06EB080312789969A2B15A68D1F8EF
:1050F00094300124944003F1C00110F4004F4FEAB2
:10510000400290B202BF5A6822435A600C338B426D
:10511000F3D1BDE8F0815A68D1F8943010320124FF
:10512000944003F1C00110F4004F4FEA400290B2E6
:1051300002BF5A6822435A600C339942F3D1BDE84A
:10514000F0810A4A0A4B127802EB820203EB8203D7
:1051500023445D7B002DBDD00123BB70BAE700BFA7
:105160006C5F0020685A00209654002028300020F0
:105170002C30002010B504460846C3F767F90146F5
:105180002046BDE810408BE72DE9F04F2DED028B56
:10519000B74B83B01B780093FBB9B64E3368002B36
:1051A00015DD0024B44821464569D0F894302A68BA
:1051B00022F001022A6003F1C00259600C339A42C6
:1051C000FBD133680134A34200F1E400ECDC0120A0
:1051D00003B0BDEC028BBDE8F08FA84B1B6808EE56
:1051E000103AF0F79FFEA64AD2F84411D2F86C317B
:1051F000401A1433B0EB430FC0F20E81DFF898A2CF
:10520000DFF8988202F5B879554600279D4B1B6858
:10521000BB42C2DDD8F81810D8F804204B69D1F889
:10522000D0005B68D1F8CC409BB2C01A00F10046B8
:10523000393E012104EB4606234691409E4210D997
:105240001A880A4200F0E2805A880A4200F0E080A0
:105250009A880A4200F0DE80DA880A4203F10803E5
:10526000ECD11A880A400192002A40F09E801C1B53
:10527000A0EB6400452828BF452003EB4004A3426F
:1052800080F09380944696461E46104619E0B3F887
:1052900002B00BEA010B5A4518BF043315D1B3F81D
:1052A00004B00BEA010B5A4518BF06330DD1DA885A
:1052B0000A40904203F1080307D19C4208D91A889A
:1052C0000A40824218BF0233E1D09C4200F284803F
:1052D000BEF1110F69D9CEF1150EBEF1000F6FDBD3
:1052E00000F0AD800EF1FF32012393400CFA0EFE68
:1052F00043EA0E0E644BCEF3C4300EF01F02CEF321
:10530000441103EB800003EB820203EB8101CEF337
:10531000842ED0F8C801D2F8C821D1F8C81103EB07
:105320008E0342EA0032D3F8C80142EA011343EA8D
:10533000002383EA132282EA121202F00F020F2ADC
:105340003ED1B3F5803F3BD240F6FF71B1EB131F66
:105350004FEA13126CD0C2F308025B0B12FA03F38C
:105360002ED05A0802F512224FF6FE7102F5F862AD
:10537000B2FBF3F08842019017D0DAF808304FF60C
:10538000FF7201339042CAF808301ED0BDF80420E5
:105390003E4BAA811B7801222D2BAA7342D0009983
:1053A00018EE102A4846F4F761FA0137042F09F184
:1053B0005C0905F1040508F120087FF427AFECE64D
:1053C000DAF808300133CAF80830DAF8043001336B
:1053D000CAF804300021E3E79A1B2D48521001322D
:1053E00080FB0260A0EBE272012AB8BF012233F811
:1053F000020C561E4FF0010B0BFA06F60CFA02FCDB
:1054000046EA0C0C964408401E4658E7023328E74B
:10541000043326E7063324E7002003B0BDEC028BFB
:10542000BDE8F08F1B4B019A43F827200099B7E79E
:10543000DAF808300133CAF808300022A8E7124B26
:10544000CCF3C4300CF01F02CCF3441103EB80000A
:1054500003EB820203EB8101CCF3842CD0F8C8016A
:10546000D2F8C821D1F8C81103EB8C0359E700BF6B
:105470009654002014E0002018E000208C19002031
:1054800090EC002098540020A41A05088C6000209D
:105490005655555590600020F4D000206C5F0020D8
:1054A00064232DE9F74F4343C74DEF580646EA18EA
:1054B000002F00F0858194681CB1A379002B40F087
:1054C0007F81642303FB0653D3F80C80B8F1000FEF
:1054D00004D098F80630002B40F07281731CDBB2C8
:1054E00014B11522A271E371B8F1000F04D0162295
:1054F00088F8062088F80730387EC1F7BFFE2046BE
:10550000F2F77AFD4046F2F777FD11212046F2F7D7
:105510002BFD11214046F2F727FD4FF009094FF00E
:10552000330A02E00A20F2F7ADFB2046F2F7DEFE76
:1055300010B9BAF1010AF5D12046F2F757FD05205E
:10554000F2F7A0FB2046F2F757FD0520F2F79AFB91
:10555000B9F10109E3D12046F2F748FD0520F2F741
:1055600091FB4046F2F742FD4FF0640B0520F2F745
:1055700089FB0BFB06FB2046F2F73EFD05EB0B0A11
:105580000520F2F77FFB4046F2F736FD9AF812301D
:105590009AF81020002B14BF3E211E212046F2F75E
:1055A000C1FC9AF812309AF81120002B40460BF1FA
:1055B000180814BF3E211E21A844F2F7B3FC4C2268
:1055C0004946404607F0A2F955F80B305B68CAF827
:1055D0001830CCF711FC07EE900ABAF814B09FED22
:1055E0007B7A9FED7B5AF8EE677AB0EE084AC7EEF9
:1055F000275ACE4640F2145A07EE90BA9FED757ABC
:10560000F8EEE77A25EE844AC7EE274ADFED727A94
:10561000B0EE007AE5EE877AA5EE875A74EEE72AB7
:1056200037EE856AF7EE003ABBF5C87F0EF1010C44
:1056300007EE90CAD5BF642332234FF496707820CA
:105640000344B8EEE77A07EE903A27EE257AF8EEB3
:10565000E76AD8BF4FF4167486EE873ACABF4FF494
:10566000827451464FF4FA710B1973EE636AFCEEC3
:10567000E67ACDED017A07EE904AB8EEE73A07EE0A
:10568000903A23EE243AF8EEE77AC3EE276A36EE34
:10569000C53A72EEE66AC3EE077A77EEE37AFCEE7D
:1056A000E77A17EE901AC6EE877A77EEE37AFCEE89
:1056B000E77A17EE903A9C1C621807EE902AF8EEF3
:1056C000677AF0EE466AE7EE276AF4EEE64AF1EE14
:1056D00010FA6EDC9DF804400F2C6CD8A0F1320259
:1056E00007EE902AF8EEE77A77EEC47AC7EE876A7B
:1056F000FCEEE67A17EE904AE0B20F285BD888B24B
:10570000FF2858D898B2FF2855D8019A40EA0E735E
:10571000100500F07F60220402F47F02034313436C
:105720002E4A02EA012943EA0909642404FB0654CB
:1057300001230025C4E90853C4E90A55C4E90D55FD
:10574000C4F81C904046CDF7B7F994F85930202B97
:10575000D9B219D194F85830012B15D0242384F8EC
:105760005930A3691A6822F001021A601A6822F4FB
:1057700080521A601A681A601A6842F001021A60B0
:1057800084F8591084F8585097F91A000021C1F78D
:1057900015FE97F91A00CEF797F997F9190000212D
:1057A000C1F70CFE97F9190003B0BDE8F04FCEF732
:1057B0008BB9013180E7BCF10F0FB6D0E64633E775
:1057C00003B0BDE8F08F00BFC0330020286B6E4EE1
:1057D00000001643002474490000704200FFFF00DF
:1057E000F0B590F8BC30D0F88070012B8BB0044637
:1057F00046D014D8C36F4FF0FF321A605A609A60D7
:10580000DA60D0F8C0300522B3F57A7FC0F8D02036
:1058100050D8032380F8BC3001200BB0F0BD023B10
:10582000012BF9D8374E90F82DC1C56F0FCE6CF013
:105830007F0C85F800C06D460FC50FCE0FC596E8EA
:105840000300D4E91F2304F1100685E803000133A7
:105850003046694601930092F2F7E4FF3046F3F7D1
:10586000FFF97B885BBAA4F8B030BB885BBAA4F8B8
:10587000B230FB8801205BBAA4F8B4300BB0F0BDA5
:1058800090F82C2190F82D319B1A5B100133DBB27C
:1058900007EB430237F813305BBAA0F8B0305388F7
:1058A0005BBAA0F8B23093885BBAA0F8B43001209C
:1058B0000BB0F0BD1030F2F7E5FFF8B194F82C31E1
:1058C000E26FC4F8844063F07F03137094F82C11E6
:1058D00094F82D31D4E91F025B1A07330A49C4F842
:1058E000DC3001320123C4F8D400C4F8D820C4F855
:1058F000E41084F8E03084F8BC308DE7022384F8AB
:10590000BC3089E7EC1C050829240408F0B583693C
:1059100093F8BC20012A8BB0064622D0023A012A15
:105920002AD8174D93F82C41DF6F0FCD64F07F0418
:105930003C706C460FC40FCD0FC4B26995E80300EC
:10594000D2E91F5384E80300013302F110006946D5
:1059500001930095F2F766FFB0691030F3F780F914
:10596000B369D3F880305A8852BAF2819A8852BA11
:105970003282DB885BBA738201200BB0F0BD00BFBE
:10598000EC1C0508704700BFBFF34F8F0549064B5D
:10599000CA6802F4E0621343CB60BFF34F8F00BFCD
:1059A000FDE700BF00ED00E00400FA05084808B577
:1059B00003681B6A03B19847064B07491A680B68CE
:1059C0005288013B1344524213400B6008BD00BF94
:1059D000F4190020B8D100207092002000B585B0E5
:1059E000694602A8FBF7E6FD30B9FBF77BFE00280D
:1059F000FBD005B05DF804FB0246694602A801230E
:105A0000FBF776FEF1E700BFF0B5104E33680446B1
:105A100010449842154688BF1D1B0A460C4B0D4981
:105A20001B780978994283B003D00192FFF7D6FF23
:105A3000019A094806682146746A00272B46A44645
:105A4000876203B0BDE8F040604700BF7492002059
:105A5000D8EB0020D9EB0020F419002010B4134635
:105A60000C46224601465DF8044B1846CCE700BFC1
:105A700070B5154E154D33782A789A4284B020D0EF
:105A8000134B1B78044603F0FF000BB904B070BD44
:105A900002A96846FBF78EFD58B1DDE9023214B960
:105AA00013443F2B05D9024602A968460023FBF7A1
:105AB0001FFE33782878C01AB0FA80F0400904B08D
:105AC00070BD012004B070BDD8EB0020D9EB0020E0
:105AD000AC0A00200E490F4A0B781A440133DBB29E
:105AE00010741A060B7044BF00230B700A49087823
:105AF00054BF1A461A4698420B788ABFC3F18003F6
:105B0000D21AD2183F2A00D870470020B0E700BF51
:105B1000D9EB002090EC0020D8EB002070B51646A1
:105B200084B039B1441E651814F8010FFFF7D2FF95
:105B3000AC42F9D1694602A8FBF73CFD20B1DDE992
:105B4000003213443F2B01D804B070BD02463346E7
:105B5000694602A8FBF7CCFD04B070BD00B585B066
:105B6000694602A8FBF726FD044A009B12680198CB
:105B70001344184405B05DF804FB00BF7092002088
:105B8000064A074B10781A781B78904236BFC3F14B
:105B90008003C01AC018C0F17F007047D9EB002005
:105BA000D8EB0020024B186800B97047FBF79ABD8C
:105BB000749200202DE9F8431F4E33681A8842B9C9
:105BC0001E481F491F4A002303700B701360BDE875
:105BD000F8831D4909680029F2DD01291B4F1CD0FB
:105BE000D7F8E02291885488A142E9D3184D4FF0AC
:105BF0000008A94600E0336859682B68C5F828807A
:105C00009B6801FB04F148469847D7F8E03201341D
:105C10009B88A4B2A342EED2D2E7D7F8E0028188F3
:105C20004488481C001B9042DED1094803680022CA
:105C3000DB6882629847C3E7B8D10020D9EB002027
:105C4000D8EB002070920020EC0C002090EC00209B
:105C5000F419002030B58DB00C4601AAC2210023F2
:105C600005468DF80410029202210122CDE9063387
:105C7000CDE9083303930B938DF814208DF8282079
:105C800004918DF80540F2F7EBFF284602A9F2F7E0
:105C9000C9FD2846F2F7E4FF014B1C600DB030BD92
:105CA000D00000202DE9F04F85B0CDE902039BB371
:105CB000DFF874A0DFF874901A4F039E0D469346E8
:105CC00001E0361B2AD0DAF80010D9F80000B5FB45
:105CD000F1F801FB1853F4188C4294BFC3EB040491
:105CE000C3EB010480452544414605D00193029B46
:105CF000186AFFF7AFFF019B08EB48084FEA08104E
:105D000019463B585A4607EB0810D3F8248023461F
:105D1000C047A3440028D4D100230393039805B0BF
:105D2000BDE8F08F94190020241A0020D000002034
:105D300070B5124C124B2468124E1B680D46B1FB15
:105D4000F3F1A14282B0C6F8901007D0006A019228
:105D5000FFF780FFD6F89040019A214604EB4404F7
:105D60000948240101EB41030459246900EB0310A5
:105D70002946234602B0BDE870401847D0000020F5
:105D8000241A002090EC00209419002070B582B0F5
:105D90000F4D0192069A0093FFF7CAFFD5F89000C5
:105DA0000C4C00EB4000030101A9E25804EB001089
:105DB000566901236A46B047D5F8900000EB4000D1
:105DC000030104EB0010E3589B69984702B070BDD3
:105DD00090EC0020941900202DE9F0410E4F3B6813
:105DE000002B17DD0D4DDFF8388006460024D8F86B
:105DF0000030A342214604F1010402D0306AFFF7CB
:105E000029FF2B682846DB6898473B68A34205F1C9
:105E10003005ECDCBDE8F0819019002094190020D9
:105E2000D00000200E4B70B51A680E4E0D46336838
:105E3000B1FBF3F191420C4605D0006AFFF70AFF6F
:105E40003368B5FBF3F104EB44040748220103FB7C
:105E50001151825800EB04109368BDE87040184758
:105E6000D0000020241A0020941900202DE9F041D0
:105E7000104E3368002B1ADD0F4D104F8046002462
:105E800002E03368A34212DD3B68A342214604F1DD
:105E9000010403D0D8F82000FFF7DCFE2B68284669
:105EA0005B68984730350028EBD1BDE8F0810120D0
:105EB000BDE8F0819019002094190020D000002046
:105EC0002DE9F041DFF84880D8F80030002B18DDCC
:105ED0000D4C0E4F06460025637E5BB13B68AB421E
:105EE000294602D0306AFFF7B5FE236820461B68BA
:105EF000984738B1D8F800300135AB4204F130048E
:105F0000EADC0120BDE8F08194190020D0000020D7
:105F10009019002010B5FF22044690F82410006A62
:105F2000FCF7EAFE0E4B1B6803F5FA73E3612046AB
:105F3000FDF764F894F82430012B00D010BD206ADE
:105F40000022A021FCF7B4FE94F82430206A012B33
:105F5000F4D1BDE810401822B021FCF7A9BE00BF63
:105F60008C1900202DE9F047424E1F46D6F80C311F
:105F7000B3EBD12F92B00C469046054621D1DFF805
:105F8000F8A095F82430C4F30A04C4F50060B842C0
:105F900034BF86B2BEB2012B3CD0DAF800300233F7
:105FA000EB612846FDF72AF838B195F82430012B2B
:105FB00023D0304612B0BDE8F087002012B0BDE813
:105FC000F0874FEAD129FDF719F80028F5D095F8A8
:105FD00024304FF0FF32012BC6F80C2143D0DFF8FC
:105FE00098A0DAF800300233EB612846FDF706F896
:105FF0000028E2D0C6F80C91C3E7286AC2F794FEE5
:10600000C0F3011001380228D3D82846FFF782FFD9
:106010003046CFE700220321286A8DF80A40CDE9F7
:106020000722CDE90C22CDE90E228DF82C308DF817
:1060300040308DF8081004238DF80B2004928DF861
:1060400018201192240A02AA03A901908DF8094090
:10605000CDF824800A9703920593F2F7E3FB0198A9
:10606000F2F7FEFD99E7286A4A461321FCF7FEFD88
:10607000B5E700BFAC0A00208C190020F0B5002362
:1060800005462A4C2A4E83B0184604E0D2F87042E6
:106090001846002C37D00133DBB203EB4302A14298
:1060A00006EB8202F2D100EB400006EB8006214BAA
:1060B000B6F87822B6F87A42B6F87602B6F8746284
:1060C0001D492C8203FB00F0240203FB06F3AC60A5
:1060D000C1F8F43004FB02F44FF480730027EC6045
:1060E000AA80AF74EB80C1F8F000F2F7FDFC2E6AD5
:1060F000B4F1807FB0800DD80124104B6C7620461F
:106100002B6003B0F0BD2046C5E90244AC802C8270
:1061100003B0F0BD0123B7243A4630462B7601A9DF
:106120008DF80440F2F782FDE6E700BF1620C200BA
:10613000A41A050840420F0090EC0020F81D050845
:106140000348036813B19B6A03B1184701487047BD
:10615000F419002078D5040838B5194A194C0023E1
:10616000236011460878022801F1060122D001338C
:10617000062BF7D10023144DC5F8E032FFF7E0FFFE
:10618000124BD5F8E02218609AB191885288436882
:106190008A1A02FB03332360FBF7DAF90C4B0D4A32
:1061A0001B7812789A42044601D0FFF717FC0A4B7D
:1061B0001C6038BD03EB430302EB4303DBE700BF86
:1061C000C80C00207492002090EC0020B8D1002070
:1061D000D8EB0020D9EB0020709200202DE9F04F81
:1061E000DFF82883BF4CC04E87B041F6946200218F
:1061F000404606F08BFB4C220021404606F086FB11
:1062000001254C220021404606F080FBC8E90744E6
:10621000C8F8006088F80450C8F82440C2F7ACFD04
:10622000FFF79AFF00210846F1F7ACFFFBF790F962
:10623000031E009340F3F5804FF0000B03945D467E
:106240005E4608F14C04D94605E0009B06F5006661
:10625000B34240F3A580A54BA54A1B68C2F8D430D1
:10626000FCF7FEF8A34920223046FFF7CDFBA249F8
:10627000A048122206F069FC0028E6D1B1451CD0E6
:106280009E4F9F49DFF888A205EB450307EB830784
:1062900001352A463846FAF755FA2346E26943F8AB
:1062A0004C7BA6EB09010120C4E90391C4E9082253
:1062B0006161A060C4F828A01C46039BDFF85492DB
:1062C000E361374612228A4B991819F80B3091F87E
:1062D000E412994202F101020DD04FF0000B202A86
:1062E000F1D1009B83492037BB4238464FDBFFF793
:1062F0008BFB0022E7E70BF1010BBBF1150FEED191
:10630000D0197C492022FFF77FFB7A48059005A928
:106310000A22F6F739FD034605980193013005A9D5
:106320000A220590F6F730FD81460598CDF80890D1
:10633000013005A90A220590F6F726FD8146059849
:1063400005A901300A220590F6F71EFD8246059840
:1063500005A901300A220590F6F716FD07460598B3
:106360000A22013000210590F6F70EFD019B73B162
:10637000A3F2BC72029B7F0147EACA2A49EA431989
:106380004AEA600049EA422340EA0343E361642D9C
:106390007CD0009BB14606F50066B3423FF75BAF89
:1063A000642D4F4672D04E456AD0544B5449DFF8A5
:1063B00060914FF00C0A0AFB053A01352A46504617
:1063C000FAF7C0F9E369C4F800A0F61B0122C4E99A
:1063D0000466C4E90227C4E90833C4F828906C1C99
:1063E0004C2202FB04F408EB04031846002106F0DB
:1063F0008DFA4C22002106F089FA3A4A0099414F61
:1064000048F80470C0E90411C0E9072201260235EA
:10641000C0F8289086604262009B5B00B3F1805F09
:106420001EDA4C2202FB05F508EB05031846002195
:1064300006F06CFA4C22002106F068FA009A324904
:1064400048F805100346C2F10060264A5A6240002F
:10645000C3E90400C3E90722022401215C719960A9
:10646000D8F808502DB998F8043013B1D8F8003096
:1064700083B900210846F1F785FE07B0BDE8F08F2B
:106480006C1C002D40F0BB800125C5E7DFF8809033
:106490006425A4E7C8E911551C49C8F84050C8F85C
:1064A0003C502E462C46C86C01F14C03002840D0CD
:1064B00098681C64721E9042C3E91144DC632BD0BF
:1064C000721C90422FD0B042D3D13246002AD0D095
:1064D000086CC66B0136C66318648B641646194691
:1064E000E1E700BF0068214CFC6005088C19002022
:1064F00090EC002074EF0020F48B050894EF00204E
:10650000088C0508308C0508408C050834FF0020F5
:106510005D5A0408188C0508002EAAD0B24253F820
:106520000C1CD3D1324608790028A2D04B641964E0
:10653000D4E7344C0646022313E0E16B23634901A0
:106540001EBF03F1FF3301F6FF7103EB1133C4E902
:106550000D33C4E9046654F84C1F1A460135013363
:10656000C9B12279002AE8D122692363002A3ED1E9
:106570005F1E1A466169626319B101F6FF7307EB8A
:106580001333A36354F84C1F821AD01801351A46EE
:1065900001330029E5D11C491C4BCB60013A402353
:1065A000970F96003E2488628B613F2056EA0703CE
:1065B000C1E904404A624D631FD040F2FF13F31853
:1065C0004FF000004FEA532347EB000043EAC0536B
:1065D00003F14000034403EBC202D50D5402C1E9AC
:1065E0000B88C1E90703C1E900458A6041E702F66B
:1065F000FF725F1E07EB1232BCE70123E8E7DFF80A
:106600001090EDE634FF0020B03F0020642D050817
:106610005D5A04082DE9F047DFF8F0A0374F92B03B
:10662000FFF7C8FAFFF798FD9AF800303A789A42D7
:1066300001D0FFF7D3F9324BDFF8D490D3F80080C4
:106640000025C9F80050B8F1000F11D02D4E6C464E
:106650002A4631462046FAF775F8204602F042FFF6
:106660002035014601222046FFF758FAA845EFD809
:106670009AF800303A789A4201D0FFF7AFF9224BEE
:106680001B689B7B012B32D09AF800303A789A42F3
:1066900001D0FFF7A3F90027C9F80070B8F1000F87
:1066A00028D0DFF860903D466C462A46494609A846
:1066B000FAF748F821220021204606F027F9202287
:1066C00021462846FFF7A0F92022064609A92046C0
:1066D000154406F03AFA08B9202E00D00137A84533
:1066E000E3D8B7FA87F0400912B0BDE8F087FFF7AA
:1066F0005DF9C9E7012012B0BDE8F087D9EB0020B1
:10670000749200204C8C0508B8D10020D8EB0020F2
:106710007092002008B5F2F757FA0A20F1F7B2FAA2
:10672000012008BDF8B503680F4D5E6885F81D218E
:10673000144602790F4642F0800225213046FFF7C9
:10674000E9FF3A4626213046FFF7E4FF44F0800295
:1067500027213046FFF7DEFFEFF7E4FBC5F8200105
:10676000012085F81C01F8BD90EC0020F8B5046804
:106770002778032F0E46154603D0BDE8F840F2F700
:1067800009BE6468027925212046FFF7C3FF32461F
:1067900026212046FFF7BEFF2A4663212046FFF749
:1067A000B9FF812227212046FFF7B4FF0120F8BD61
:1067B0002DE9F041046894F800C0BCF1030F88464D
:1067C00017461D461FD164680279252142F08002D8
:1067D0002046FFF79FFF424626212046FFF79AFFFB
:1067E00045F0800227212046FFF794FF0420F1F7AF
:1067F00055FA72B649212B463A462046F2F7D8F9A7
:1068000062B6BDE8F081BDE8F041F2F7EFBA37B506
:1068100000F10C0405462046F2F728FA00220A216E
:106820002046FFF7A3FF0F220A212046FFF79EFF15
:1068300001AA032310212046FFF7BAFF9DF8043078
:106840008033A5F8D6309DF805308033A5F8D830D0
:106850009DF806308033A5F8DA3000220A21204660
:10686000FFF784FF0DF10302012302212046FFF709
:106870009FFF01230DF1030209212046FFF798FF36
:1068800011220A212046FFF771FF012003B030BD1D
:106890002DE9FF47C3681C78022C0646884600F1A4
:1068A0000C0704D83CB9204604B0BDE8F087032C9F
:1068B00038D00024F7E701230DF107020221384602
:1068C000FFF776FF044658B19DF8074014F0010425
:1068D00006D0072302AA03213846FFF769FF0446C2
:1068E0009DF80E50002CE4D011220A213846FFF703
:1068F0003DFF2B07DDD4B6F9D61002A8FAF74CFFFE
:10690000A8F80000B6F9D8100DF10A00FAF744FF14
:10691000A8F80200B6F9DA1003A8FAF73DFFA8F8C4
:106920000400C0E7DFF894904FF0020A00244D46BF
:1069300099F8B437012B10D0022B31D0002BCFD1D6
:1069400099F81C3123B9012202213846FFF7EAFEEB
:10695000012385F8B4370024A5E7FDF7B9F900282D
:10696000A7D102A93846FDF7C5F9044618B19DF82C
:106970000830DA0708D40023BAF1010F85F8B437DC
:1069800097D04FF0010AD3E799F81C3123B90722B9
:1069900003213846FFF7C6FE022385F8B43788E79F
:1069A000FDF796F90546002883D102A93846FDF780
:1069B000A1F989F8B457044692E700BF90EC002093
:1069C000F8B5EFF31185502383F31288D0F8003126
:1069D0001B6813F0010303D0EDB285F31188F8BDF5
:1069E000D0F8A021D0F8A4110A4302F02102212AF4
:1069F0000446F1D0D0E909218A424FD098BF0269FC
:106A0000D4F8A06195BF501A531A1A469BB298BF8A
:106A100083B20027202EA26284F8B071DCD1A26973
:106A20005118D9D0002BD7D094F89C21012AD3D06B
:106A30000122D4F8940184F89C212122A4F8763113
:106A4000C4F87011C4F8A871A4F87431C4F8A02176
:106A5000C0B1DFF850C0D4F82021DFF84CE0C0F816
:106A60002CC0DFF848C08763C0E90CEC2832CCF7B3
:106A7000C3FE38B11023C4F8A83184F89C71C4F85F
:106A8000A061A9E7D4F8203100224021196284F8DE
:106A90009C219A6842F080029A609DE7012380F869
:106AA000B03199E7E1EB0008A5EB00082DEB0008F9
:106AB000F8B5D0F82031DA699106044615D5586A40
:106AC000E36AC0B2002B00F0F580216B9847D4F840
:106AD00020311A6822F480721A609A6822F001024A
:106AE0009A609A6942F008029A61DA69D20744BF53
:106AF00001221A62DA69970744BF02221A62DA6930
:106B0000560744BF04221A62DA69150744BF0822F7
:106B10001A62D4F80021002A38D0D96949060AD46B
:106B2000DA69D20606D5626B12B19047D4F82031EB
:106B300010221A62F8BDD9691E689D680F0704F516
:106B400090703BD18F0607D506F0200705F0805CDA
:106B500057EA0C0740F0E080CF0202D56F0200F147
:106B6000E7800F0606D505F4000506F080073D43D3
:106B700040F0AC80480602D5710600F1C28012B127
:106B80002046FFF71DFFD4F82031C9E7D969080670
:106B9000C3D5D4F8A0112129BFD0D4E9090181427D
:106BA00000F0BF80A069405CC0B2986225690131E5
:106BB000B1FBF5F005FB1011A162AEE7604F06F4E2
:106BC000907C2F405CEA070CC6D011F0010F0CD06E
:106BD00016F4807F09D04FF0010CC3F820C0D4F820
:106BE000A8C14CF0010CC4F8A8C111F0020F76D175
:106BF00011F0040F0CD015F0010F09D04FF0040C68
:106C0000C3F820C0D4F8A8C14CF0020CC4F8A8C145
:106C100011F0080F0CD006F0200C5CEA070707D033
:106C200008271F62D4F8A87147F00807C4F8A871B4
:106C3000D4F8A871002FA2D089060CD506F0200642
:106C400005F0805556EA050205D0D4F88C2112B122
:106C50009047D4F82031D4F8A8119A6801F00801BF
:106C600002F040020A4367D01A6822F490721A6058
:106C70009A6822F0805222F0010220219A60C4F822
:106C8000A4119A6800215206C4F88C1124D59A6880
:106C9000D4F8980122F040029A60E8B1294B83634E
:106CA000CCF774F9C0B1D4F89801836B9847D4F845
:106CB000002164E7E3696269D054E369E168013364
:106CC000B3FBF1F201FB1233E36100E7D4F890313A
:106CD000002B3FF454AF9847D4F800214FE715F04C
:106CE000010F95D04FF0020CC3F820C0D4F8A8C112
:106CF00011F0040F4CF0040CC4F8A8C17FF47EAF6F
:106D000086E71968202521F0400100201960C4F8A9
:106D1000A051C4F8900132E7D4F88C31002BDAD1BD
:106D20002DE7A4F87621196821F080011960F4E6B6
:106D30004FF48011196222E7C4F8A821CCE700BF04
:106D4000010000101DEB0008D0F8202124232DE9BC
:106D5000F041C0F8A03111688568C74E002321F0CA
:106D60000101116013605360936004464079C4F8D8
:106D70003431C4F8A83184F89C31C4F8A031C4F887
:106D80003831C4F8A431C4F84031830203F480538D
:106D90000103C4F82831030201F4005103F48063B5
:106DA000B242C4E94B1304BF0423C4F8443123792D
:106DB000C4F8245113F001061CBF0421C4F8341197
:106DC00013F002031EBFD4F8341141F00801C4F8D7
:106DD0003411C70704F590750BD5002E40F0FD80E7
:106DE0003BB1D4F848314FF4003143F00103C4E91A
:106DF0005231A24B03F12C0653F8041B8C4200F0D5
:106E0000B4809E42F8D1030700F1C480D4F8A031C9
:106E1000002B00F011812423C4F8A031136823F063
:106E2000010313602846CBF733F8012815D0D4F8B6
:106E30004831002B40F00381D4F820315A6822F405
:106E400090425A609A6822F02A029A601A6842F0C8
:106E500001021A602846CAF70DFD2279D1075BD5D9
:106E6000D4F8FC30002B00F0CC80D4F80401E363AC
:106E7000802120224FF4805304F13C070026C4E90E
:106E80001623C4F8A000E164C4E91166C4E91466DD
:106E90003846CCF70DFD3846CCF77EFDD4F8A481FA
:106EA000C4F89871B8F1200F656630D1626972B389
:106EB000E36898B258B394F89C11012927D04FF099
:106EC000010EA4F87C01034638462227D4F820118D
:106ED000C4F8A86184F89CE1C4F8A471DFF8A4E1C7
:106EE000674FDFF8A4C1C4F87821C4E91BE76667DF
:106EF0002431C4F868C0CCF77FFC002800F0AA80D9
:106F00001023C4F8A83184F89C61C4F8A081E36B15
:106F100022795B68C4F81431920770D5D4F8003137
:106F2000002B00F08180D4F80821C4F89C30102098
:106F300000238021C4F8A02004F19C064FF4805265
:106F4000C4F8A400C4E92C33C4F8A830C4F8B8309D
:106F5000C4F8AC10C4F8BC203046CCF7A9FC3046CD
:106F6000CCF71AFD002843D0FEE7002C3FF44BAFCE
:106F700094F8C431002B3FF446AFD4F8483143F0C5
:106F800008034FF40041C4F848310307C4F858110E
:106F90007FF53CAFD4F8A031002B58D02423C4F89F
:106FA000A031136823F0010313602846CAF770FF6D
:106FB00001283FF452AFD4F84831002B43D1D4F824
:106FC00020315A6822F490425A609A6822F02202D4
:106FD0009A609A6842F0080237E7D4F848114FF4F3
:106FE000803641F00201C4F84811C4F85061F7E658
:106FF000D4F89C30C4F89461C4F8C4505860BDE81B
:10700000F081D4F8AC31196841F480711960996845
:1070100041F001019960196841F020011960196877
:1070200041F01001196077E7D4F8AC21136843F000
:1070300080031360BDE8F08184F89C31EBE62846BC
:10704000CAF758FCF8E62846CAF754FCB7E784F8B4
:107050009C31A3E7D4F8203184F89C011A6842F4EB
:1070600080721A609A6842F001029A609A6842F04F
:1070700040029A604BE700BF0080004060E40020BF
:107080002DEB0008A9EB0008ADEB000808B5144B88
:1070900098421CD003F50063984218D003F5406372
:1070A000984214D003F58063984210D003F58063B2
:1070B00098420CD003F50063984208D0CAF79CFEB2
:1070C000084B9B6813F4E06F00D0400008BDCAF77E
:1070D0007FFE044B9B6813F4605FF7D04000F5E738
:1070E000002C01400010024001490248FDF792BD0A
:1070F00060C700200050014001490248FDF78ABDE9
:1071000034C700200048014001490248FDF782BD14
:10711000DCC600200040014001490248FDF77ABD6D
:10712000B0C6002000340140FFF7F6BF2DE9F84358
:10713000174F3C69FB681C400FD0DFF858904FF0A8
:107140000048B4FA84F228FA02F3DB431F2A3B61B9
:1071500004EA030403D0002CF3D1BDE8F883D9F886
:10716000041191B1013900238DB2C9F80431D9F865
:107170000061002EEFD03368304629469847766884
:10718000002EF8D1002CDCD1E7E7FD6AADB2EEE7C6
:10719000001000407CC5002001490248FDF73ABDBF
:1071A0002CC60020000C004001490248FDF732BD0A
:1071B00000C600200008004001490248FDF72ABD32
:1071C000D4C500200004004002494FF08040FDF784
:1071D00021BD00BFA8C5002010B5064C06482146B9
:1071E000FDF718FD04F5C6710448BDE81040FDF731
:1071F00011BD00BF7CC50020002C014000440140AF
:1072000001490248FDF706BD7CC50020002C014065
:1072100003689B0AA3F58013542B0CD8064AD35C51
:107220000B2B08D8427905489B01910802228A401D
:10723000C158D2430A61704778D3040880300020D7
:1072400003689B0AA3F58013542B19D80D4AD35C0D
:107250000B2B15D89B0149B10B494279C9589208AB
:10726000C868022393400343CB60704706494279C4
:10727000C8589108C36802228A4023EA0203C36007
:10728000704700BF78D304088030002003689B0A51
:10729000A3F58013542B55D82DE9F0433A4CE45C08
:1072A0000B2C4DD84779394E39484FEA970EA50136
:1072B00000294BD056F805C004EB840304EB4303CC
:1072C000DCF80C90BF084FF00208734400EB830E0B
:1072D00008FA07F747EA0907CEF80410CEF8142099
:1072E000CCF80C70EFF3118C502383F312882C230D
:1072F00003FB04F3C118C2582AB34A6204322C2794
:1073000007FB04F1234F01F1140303440F4453F826
:10731000041B19B1116053F8042C04329F42F6D1BA
:1073200000235FFA8CFC13608CF311882C2303FB81
:1073300004047259636A0BB3D36843F00103D3604A
:10734000BDE8F08370472433C218D8E756F805C06B
:1073500004EB8403DCF80C7004EB43034FF00208E9
:10736000734408FA0EFE27EA0E0700EB830ECCF8F2
:107370000C70CEF80410CEF81420B3E7D36823F0D5
:107380000103D360DCE700BF78D30408803000201D
:107390007CC50020A0C500202DE9F843830AA3F591
:1073A0008013542B3BD81646424AD55C0B2D36D859
:1073B000414F4FEA8519044657F80930834207EBDD
:1073C00085182CD0013989B2C8F80C1047F809008B
:1073D000FFF75CFE0023B0FBF6F2013AC8F810306C
:1073E000C8F80830C8F814304046C8F80420CAF776
:1073F0005DFC324B9C4214D0B4F1804F11D0A3F508
:1074000094339C420DD003F580639C4209D003F570
:1074100080639C4205D003F594339C4237D0BDE88D
:10742000F88398F83C30012BF9D057F80930022244
:1074300088F83D209968224A0A4001219A6088F81C
:107440003D1007EB09021D48022182F83D108342DE
:107450005A68996818D000F50060834214D000F58E
:10746000E050834210D04F4422F0007222F07002AC
:1074700021F08001012400205A60996087F83D4086
:1074800087F83C00BDE8F88322F47002EBE798F837
:107490003C30012BC3D007EB090257F80930022119
:1074A00082F83D109868064901400120996082F8F1
:1074B0003D00C6E778D3040880300020002C01404E
:1074C0008800CEFF30B504460068830AA3F5801318
:1074D000542B83B003D8234DED5C0B2D01D903B0A1
:1074E00030BDFFF759FF204800EB8510CAF758FC64
:1074F00021681E4A1E48002301E050F833209142C3
:107500000CD001330C2BF8D101210020BFF756FF1E
:10751000002003B0BDE83040CCF7D6BA144A02EBE5
:10752000C303012193F905005C790190BFF746FF81
:107530000198CCF7C9FA1B2C08D101211920BFF7FB
:107540003DFF0C4B4FF000721A60C8E72E2CC6D1DD
:1075500001212C20BFF732FF064B4FF480525A60B6
:10756000BDE700BF78D3040880300020002C014024
:10757000D0D3040800E100E0800AA0F58010542870
:1075800007D8054B1B5C0B2B03D8044800EB83107A
:1075900070470020704700BF78D304088030002077
:1075A000800AA0F58010542806D8044B1B5C0B2BD6
:1075B00002D8034AD05670470020704778D3040899
:1075C0001C5D0508F8B50446D0F82801464AA368B2
:1075D000C1B20839A2FB01210909013120F0FF00E5
:1075E0001F68CAF78DF8D4F8E8100023012904F1C8
:1075F000F80204F1BC0684F8EC301AD0042918D043
:10760000102964D0402914D0B1F5807F5BD0B1F54A
:10761000806F58D0B1F5805F61D0B1F5804F52D006
:10762000B1F5803F0CBF6FF008006FF400603823A5
:1076300001E06FF0080007F11805E9580140E95032
:107640003846D4F8E810C9F7DFFDD4F8E830012B4C
:1076500019D0042B17D0102B12D0402B13D0B3F518
:10766000807F2CD0B3F5806F29D0B3F5805F31D007
:10767000B3F5804F23D0B3F5803F07F1500502D01A
:107680004FF4006700E00827D4F82801164A2B6859
:10769000C1B20839A2FB01213B43090910272B6025
:1076A000324620F0FF000131C4F8C470C9F7EAFF88
:1076B000D4F82821136843F002031360F8BD07F1E2
:1076C0001C050827E0E76FF008000423B3E76FF418
:1076D0000060B0E707F11C054FF40067D4E76FF4D2
:1076E00000600423A7E700BFCDCCCCCC2DE9F04F40
:1076F0008F4B2DED028B1C7883B034B901242046CA
:1077000003B0BDEC028BBDE8F08F8A4B1B6808EE1E
:10771000103AEEF707FC884B009093F82430002BCA
:1077200000F00181DFF818B2DFF82C82834FCDF82A
:1077300004B05E464FF00009D8F84031009AD31AE1
:1077400004D4D6F8F0209342C0F2DC807C4A4FF497
:107750009A7303FB092393F8EC3003F0FF01002B2D
:1077600000F09880B268D6F8283110685A68B48959
:10777000C3681FFA82FCCCF1160C23EA0403BCF1A7
:10778000070FC36040F286806C4AD6F830A1936838
:107790000133936000240120DAF800202546834657
:1077A00019E05AF820E0142DAEEB02021BDC12F1B6
:1077B000080348BF02F1170305EB231572461B119E
:1077C00003F1FF3E013004FA03F384450BFA0EF493
:1077D00044EA030407D38445E3D8C5F115035AF8F6
:1077E00020201525ECE7152D40F083805548C4F383
:1077F000441300EB8303C4F38422D3F88053514B2A
:1078000000EB820204F01F0003EB8000D2F880231B
:10781000D0F88003C4F3C43403EB84041202D4F818
:10782000803342EA0515054345EA033585EA152309
:1078300083EA131303F00F030F2B5AD140F6FF72A4
:10784000B2EB151F4FEA15136AD0C3F308036D0B93
:1078500013FA05F54DD06B0803F5122303F5F86311
:107860004FF6FF70B3FBF5F39AB2824241D036482F
:10787000BA81027801202D2AB87303D1334A9BB212
:1078800042F82930324B5C2018EE102A00FB0930F8
:10789000F1F7ECFF3046FFF795FE274B93F82430C5
:1078A00009F10109994507F1040706F59A76FFF6F3
:1078B00043AF0022DDF804B0C8F84021002B3FF4AC
:1078C0001DAF4FF49A7202FB03B39BF8B420DBF8B0
:1078D000E80012F0020FDBF8082011680A6A0BF5C5
:1078E0009A7B14BF42EA800202435B450A62ECD1F4
:1078F00004E7124A536801335360B9F1000F08D00E
:107900000021BFE70024204603B0BDEC028BBDE898
:10791000F08F51460F48582204F096F84946B1E7D7
:1079200000231A46A3E70C4AC2F84031E7E600BF3D
:10793000965400208C19002004540020F4D000201C
:10794000685A0020A41A05088C600020906000206E
:1079500000EE002010D1002090EC002008B5104B64
:1079600003EB80039B7BC3B10E4B5C2202FB003315
:10797000D3E95C0380B107EE903A9FED0B7AB8EE45
:10798000670A07EE900A20EE070AF8EE677A80EEA3
:10799000270A02F0ABFC00B208BD42F2107008BD2D
:1079A000F4D0002090EC002000401C46F8B5294F90
:1079B0004FF49A7505FB0075EB7B03B9F8BD0446DF
:1079C0000E46F1F731FF20BB4FF49A7000FB04F430
:1079D0003D1928463E53F1F781FF1F4B1B780246A5
:1079E0002BBB1E4BD5F830011B6801219847D5E908
:1079F0004A245368AD89B4F8B4101B0C1B04184317
:107A00002943A4F8B4105060136843F001031360D5
:107A1000F8BD134A134B127802EB820203EB820388
:107A200023445E7B002ECFD00123AB70CCE7AB6844
:107A3000D5F82C115B79D1F8B000084903F0FC03AC
:107A400018440B6804219847D5F82C318000A3F81E
:107A5000AC00F8BD685A0020A4540020A0540020B7
:107A6000283000202C300020254B2648996D264ACE
:107A7000F0B441F080519965996D82B001F0805168
:107A800001910199016841F480710160996D41F49F
:107A900080619965996D01F4806100910099D3F836
:107AA0009010FF2541F40041CA245320C3F89010E0
:107AB000556254625062D3F89430DB0017D4134FF0
:107AC000134E1449144D154C1548164A00233B60BB
:107AD00033600B6001F1197101F5A03101F225113C
:107AE0002B6023600360116002B0F0BC70470D4A48
:107AF0000D4B12689A42E2D102B0F0BC704700BF51
:107B000000100240007000400028004004250040A2
:107B1000082500400C250040102500401425004099
:107B2000182500400025004031666542800000F1C4
:107B3000804000F514500160704700BF08B5002177
:107B40000320FFF7F3FF72B6FDF71EFF08B5FBF742
:107B50007BF80028FBD11420F0F7A0F801E0FAF739
:107B60007FFC00BFFBF770F80028F8D0FFF7E6FFB6
:107B7000800000F1804000F514500068704700BF9D
:107B80000C4A38B592F8783123B90B4B93F8B537D6
:107B9000184638BD0320FFF7EBFF0328F5D1064C4C
:107BA0000021012584F8B557FFF7C0FF002182F8B6
:107BB0007811EDE7AC0A002090EC002038B50546BE
:107BC0000120FFF7D5FFE8B935490223C1F8B837DE
:107BD000C1F8BC374FF4A872C1F8C037B2F5A8732A
:107BE00044BF6FF4A073D3181B115B002A33C1F894
:107BF000C437DB00B3F50C7F30DA5B10C1F8C8374F
:107C0000012038BD274B2649A3FB00239B0C0324EE
:107C1000082BC1F8B84723D023F00802102A2AD035
:107C20001B2B1BD1204A214BC1F8C04702EB450555
:107C30000220B5F80024C1F8BC075200A2F5AB72CF
:107C400083FB0230D317C3EBA0035B002633C1F8DC
:107C5000C43703EBC303B3F50C7FCEDB002038BD84
:107C6000114B03EB45030220B3F80024C1F8BC0715
:107C700052000123B0E70C4A02EB45050220B5F89B
:107C80000024C1F8BC07102B4FEA4202DDB204D039
:107C9000182D08BF23469FD0E0E703469CE700BFAE
:107CA00090EC002083DE1B43A41A0508398EE338CC
:107CB00010B504460220FFF75BFF042C03464FF08B
:107CC000010028BF0024FFF753FF9C420AD128B1CE
:107CD0000A4A936803F00303032B00D010BDD36856
:107CE000DB07FBD42046FFF769FF0028F6D02146CA
:107CF0000220FFF71BFF72B6FDF746FE00100240A0
:107D00002DE9F041032082B0FFF732FF012800F097
:107D10007882A248A24BD0F88820A24942F470028F
:107D20008B42C0F8882005D09F4A1846D21A03F02B
:107D30008BFE0346994A9D48936001689C4B41F431
:107D400080710160D1684FF6FF0001400B43D360A2
:107D5000C0F7B6FE0220FFF70BFFFFF72FFF954B92
:107D60001A6802F4C062B2F5806F4CD0D3F880205C
:107D7000914D22F48072C3F880209049904A8B681C
:107D8000D2F8B877C968D2F8C067D2F8C48703F0D0
:107D90000C030C2B11D0082B13D0884A894C136884
:107DA00043F480331360216803E023685B1A642B7B
:107DB00028D813689B03F8D506E001F003010329D6
:107DC000EBD17E4B7F4C1B687C4A9368D26803F0F2
:107DD0000C030C2B3BD0042B3DD0784A136843F4A2
:107DE00080731360216803E023685B1A022B09D8B3
:107DF00013685805F8D5536823F0FE4343F08043D9
:107E0000536034E0FEE7D3F880106B4D6E4821F4E8
:107E10008071C3F88010196821F4C06141F40071C9
:107E200019602C685969322202FB04F2A0FB02029D
:107E3000920C480502F1010206D500E022B1596911
:107E4000490502F1FF32F9D45A4B5B6995E702F01C
:107E50000302022AC1D1594A1368536823F0FE4332
:107E600043F080435360C0F72BFE0028CAD1534B28
:107E7000D3F8942042F00102C3F89420216803E073
:107E80002268521A022ABDD8D3F894209207F7D557
:107E9000D3F89820494942F00102C3F8982022689B
:107EA00003E023689B1A022BACD8D1F898309807CE
:107EB000F7D58B6803F00C030C2B00F069810B687D
:107EC0003E4823F080730B60226803E023689B1A0E
:107ED000022B97D803689B01F8D4C1683B4A731EF4
:107EE0000A4047EA0313134343EA082343F080534D
:107EF000C3600368314A43F080730360C36843F092
:107F00008073C360216804E023685B1A022B3FF68C
:107F100079AF13689801F7D5244B1A6811070BD471
:107F20001A6822F00F0242F008021A601B6803F080
:107F30000F03082B00D0FEE7204B1A68920140F196
:107F40000F81D968DA68224801F003010329D96852
:107F50000CBF204B204BC2F303120132B3FBF2F3F0
:107F6000C1F30622154903FB02F3CA68C2F341625A
:107F700001325200B3FBF2F3834206D98B688B685F
:107F800023F0F00343F080038B600C4A936843F0C6
:107F900003039360206841F2883124E000ED00E0A3
:107FA00000F6012000000008D8F701200020024060
:107FB0000003FA0500700040D400002000100240C9
:107FC00090EC0020A422002083DE1B430C809F0144
:107FD00000B4C40400127A000024F40023681B1AC1
:107FE0008B4200F2D280936803F00C030C2BF5D186
:107FF00091688F4B41F4E0619160916821F47C516C
:1080000041F4E0619160916821F0F00191601A689B
:1080100002F00F02082A00F2A480864C864EA36864
:1080200023F4E063A360A36823F46053A360C9F75B
:10803000F7FEA368C3F30313334493F8083403F043
:108040001F03D8402860C0F73BFD002840F0D880CF
:10805000D4F88820794B7A4922F00302C4F88820AA
:10806000D4F8882022F00C02C4F88820D4F88820A4
:1080700022F03002C4F88820D4F8882022F0C00210
:10808000C4F88820D4F8882022F44072C4F88820EC
:10809000D4F8882022F44062C4F88820D4F88820DC
:1080A00022F44052C4F88820D4F8882022F44042B8
:1080B000C4F88820D4F8882022F44032C4F88820FC
:1080C000D4F89C2022F00302C4F89C20D4F8882025
:1080D00022F0407242F00072C4F88820D4F8882060
:1080E00022F04062C4F88820D4F8882022F0405260
:1080F00042F00052C4F88820D4F8882022F0404290
:1081000042F00042C4F88820A26B42F48072A2635D
:10811000A26B22F48072A26359601A6822F4FE42B4
:1081200042F400521A601A6842F060021A6001209C
:10813000FFF71EFDA36803F00C03082B04D00C2BE3
:1081400044D0042B22D028683A4B9B68C3F3031316
:108150001E4496F80834D840286002B0BDE8F0818B
:10816000E9E61A6822F00F0242F008021A6020685D
:108170001A4641F28831136803F00F03082B3FF4CD
:108180004CAF23681B1A8B42F5D9D4E62D48DBE7A8
:10819000CB6803F0030297427FF434AE013E03F054
:1081A000F002B2EB061F7FF42DAE03F4FE42B2EBF9
:1081B000082F7FF427AE03F07842B2F1805F7FF49E
:1081C00021AE13F0CC6F3FF4A7AE1BE6E268E36884
:1081D000184902F00302022AC3F3031308BF194827
:1081E000CA680133B0FBF3F3C868C0F341600130E3
:1081F000C2F30622400003FB02F3B3FBF0F0A3E757
:1082000099E600210320FFF791FC0A4B0E491A6EF4
:1082100042F001021A661B6E03F001030193019BF9
:108220000B6883F30888094B1B689847FEE700BF7B
:108230000020024000100240A41A0508002000405F
:108240007FBB22200024F4000000FF1F0400FF1F5A
:10825000F8B5441E20460E4617461D46FCF726FB81
:10826000084804EBC40400EB8404B90994F9150030
:108270002661A561BFF7A2F894F91500BDE8F840A2
:10828000CBF722BC640100200138FCF70FBB00BF14
:108290002DE9F0470646794850F82640002C00F0BA
:1082A0008F80D4F8B451DFF8E491D5F804C0E86ABF
:1082B00090462A6BA160E98E6261AA8EC4F8ACC1B7
:1082C000C4E903121F466E4BA061236095F800A01D
:1082D00019F91A20511C40F0BB8009EB4A0393F9AD
:1082E0000130013340F09F80D4F80001E8B1F0F78D
:1082F0004DFA644B421E02EBC20203EB820381463D
:108300001A7F92B92A780B2101325A77197760B116
:10831000FFF7BAFF234695F828205B494846FFF748
:1083200097FF6B682833C4F81831D4F8FC0000B309
:10833000F0F72CFA534B421E02EBC20203EB82030E
:108340001A7FB2B92A784FF00C0C01325A7783F8B1
:108350001CC070B1FFF798FF6B68C4F8203103F1BF
:108360002402C4F81C2195F8240048B1BEF786FF0A
:1083700006E06B68C4F8203195F824000028F5D198
:1083800094F8BA01EFF780FD3A0794F8B8911AD53E
:1083900030B317F0110F14BF0A211A21013617F05C
:1083A000010F4FF00B0714BF40222022C6718771C6
:1083B000114394F8BB21EFF7B5FDD4F8FC3023B39B
:1083C0002046BDE8F08718F0020F09D040B10B211C
:1083D000721C8171C27194F8BB210221EFF7A2FDDA
:1083E00018F0010FE9D04846EFF74EFD0028E4D021
:1083F0000C220136C671827194F8B9210221EFF77F
:1084000091FDD4F8FC30002BDAD195F8291095F9BC
:1084100027008909BEF7D2FF95F92700CBF754FB57
:108420002046BDE8F08719F91A2051460520F0F7DB
:1084300043F800283FF458AFD0E90123D4F80001F5
:10844000C4F8FC20C4F8043100287FF450AF6CE776
:1084500051460420F0F730F800283FF43EAFD0E951
:108460000123C4F8083109EB4A03C4F8002193F949
:10847000013001333FF438AFD5E700BF60E400209E
:10848000BC1E0508640100208D46040848EC00204D
:108490002DE9F04F00268FB08D4DDFF86492002754
:1084A00008E0022B10D108280ED00137082F61D028
:1084B00055F8209F4846FFF773F8864B1B7B012B2E
:1084C0008046EED10128F0D1002421464046EDF748
:1084D0008BFCEDF71FFC037813B1532B40F0D080D9
:1084E0000434A4B2102CF0D1F6B14FF0000B7A4C4A
:1084F000002104E00131B14204F1E40411DAD4F8BE
:1085000008A0DAF80000FFF74BF88045F2D19AF89E
:1085100005306A799A42C8D00131B14204F1E404CD
:10852000EDDBBBF1000FC0D1E9686C4B002205E028
:108530000132102A03F10C0300F073835868814262
:10854000F6D1697952B24846EFF722FF4068F0F75A
:108550001DF9634B013800EBC00003EB8000037F83
:10856000002BA2D15A495F4AE42303FB06F301EB37
:1085700047179F500136042E8ED15B4FDFF884A140
:108580004FF0000BB846594B1B685B4575DDDAF8B8
:108590000C509AF8103001932846EFF7B1FE009086
:1085A000002D00F036832B6803F138439B0A504AB4
:1085B000494F1668002E6CDD00243A4604E0013471
:1085C000B44202F1E40261D011689942F7D1E42388
:1085D00003FB04740BF1010B009BCAF80430CAF8CA
:1085E00018405FFA8BF215B10323EA71AB71DAF828
:1085F0000420216C3F4DA06C530003269E40314364
:10860000012606FA03F3216429780343A3640029B1
:1086100000F02781E36CDAF80C0006FA02F213434B
:108620003146E364EFF768FD334BDAF80C00197854
:10863000490141F0090101F0E901EFF795FC2A78C1
:10864000002A00F00581009BD4F89400012202FA70
:1086500003F189B2F9F7C8FE2046F9F739FE012384
:10866000BBF1040F8AF81C308AF81D3088F81130ED
:108670000AF1200A08F1180885D10FB0BDE8F08F83
:108680004FF0010B002E7FF432AF0EE7032C00F306
:10869000F280E42202FB06F2B9188C68002C00F08C
:1086A000AE82BB500133532281F8E130134B81F885
:1086B000E020617993F80090DFF820C00C4B20682F
:1086C000E468721C1A608E460022634622E000BFF6
:1086D000EC1E05086454002018E000205409002016
:1086E0006401002020E000207453002098540020F2
:1086F00014E000209654002095540020685F00206C
:10870000003401406C5F00200132102A03F10C0399
:1087100000F0878259688C42F6D1714652B2EFF769
:1087200037FEE423D0E9012103FB06F30293FB1893
:10873000C3E9052110460393F0F728F8A849039BE5
:10874000421E02EBC20201EB82049200247F002C45
:1087500040F094800A44A34C0299095B918300285D
:1087600000F08C800299A04C986803934A0002EBB9
:10877000A102C2EB422202EB8242524202EB420CC5
:108780000CEB0C1C04EB8C040068D5F800C0974976
:10879000C3F894408C2404FB02F201EB4202332123
:1087A000C3E93324C3F804C0C3F89810FEF76EFC85
:1087B000039BB9F1060F1C4600F0B980DFF858C2E0
:1087C0008B4A8C49B9F1070F08BF9646624415BF22
:1087D000E64694468C461C2118BF71214FF0E409EF
:1087E00009FB0679B0FBFEF2013A92B2B0FBFCF055
:1087F0004FF0000C0138A9F89C00A9F864200493FC
:108800009A65A3F850C0C3F85CC0C3F854C07A4B53
:10881000D9F80820C3F86C11029B106803F15001CD
:108820003944C8F7BFFED9F80830039318680268C6
:1088300042F0800202605A79049B0C2A28D8DFE8B3
:1088400002F0902727278A272727832727277C00BE
:10885000009BD4F894000121994089B2F9F7C4FD36
:10886000FAE6E36CDAF80C00103296401E43E66438
:10887000EFF742FCD8E6614B03221A70604B614867
:108880006149624A9861C3E904120FB0BDE8F08FF4
:10889000E42202FB0672D168026804934FF0600E76
:1088A000CDF818E04FF4807C4FF0010E4FF0000936
:1088B000CDF830C0CDF81CE022F001024FF0020CE0
:1088C0004FF00A0ECDE909ECCDF82090CDF82C90B0
:1088D000CDF83490026006AAC8F796FCE42101FBAB
:1088E0000671039BC9681A68049B012900F06E8118
:1088F000042900F06B81102900F08581402900F0E7
:108900006581B1F5807F32D0B1F5806F2FD0B1F5A0
:10891000805F00F08181B1F5804F28D0B1F5803FB4
:108920000CBF08214FF400614FF0380922E0DFF856
:10893000ECC0DFF8ECE0382150E7E42202FB0672DD
:108940004FF48051D160A7E7E42202FB06724FF496
:108950008071D160A0E7E42202FB06721021D16091
:108960009AE7E42202FB06720121D16094E7082114
:108970004FF00409183252F80900014342F8091077
:10898000039A1079002840F023814FF0E40909FB95
:1089900006790393D9F80820D9F8140011680A68F9
:1089A00042F001020A60EFF7F1FE0490FFF76CFC61
:1089B000D9F80810039B4A79D1F800E014490C2A31
:1089C0009CBF144830F812C04FF0E40202FB06725C
:1089D00088BF4FF0000CA2F810C0002229E000BFB1
:1089E00064010020F8E00020E03F0120102E01206B
:1089F00040771B004495080090EC0020975400201D
:108A0000D45300208D40030895400308914003088B
:108A1000DCED002070D40408D0DD0600882A1100A7
:108A2000A0BB0D00864500F0F1800132042A00F061
:108A3000FB8051F832000028F4D17D480392D0F831
:108A4000480105907A4800EBC2090598784AC9F8B0
:108A50004CE10130C2F84801039A4FEAC20E8E443D
:108A60000498BEF80420734903934CEA020CAEF854
:108A700004C09022FFF7ECFBE42202FB0676029B87
:108A80007169086840F002000860086803F1680234
:108A90003A4440F00A00086010460492C8F7E4FD2A
:108AA000039B4FF00009C3F87490B169C3F88C10B0
:108AB0004FF4405010218022DA67C3F89000C3F8C9
:108AC00078901967D6F89810C3F8881071685A4AD8
:108AD0004FF4007018319966C3F88000D6F89410EE
:108AE000D9664FF40061C3F884107069C1B20839C7
:108AF000A2FB01C10909049A013120F0FF00C8F767
:108B0000C1FD029B716903F1A0020868039BD1F8C3
:108B100004C002933A448F68C968D962C3E909C79F
:108B2000186210460392C8F79FFD029B424AC3F8A1
:108B3000AC908020B169C3F8C410C3E92C904FF405
:108B40000051C3F8A890C3F8C810D6F8D010C3F8E5
:108B5000C01071684FF480701031C3F8A010C3F8D2
:108B6000B800D6F8CC10C3F8A4104FF48061C3F855
:108B7000BC107069C1B20839A2FB01310909039A1E
:108B8000013120F0FF00C8F77DFD7269029B11687A
:108B9000196357689668D06811685F6341F00201F5
:108BA000C3E90E601160116841F00A01116000997B
:108BB000CAF804100BF1010B0199CAF80C505FFAC6
:108BC0008BF28AF81010CAF818300DE50821D1E6AA
:108BD0000493EFF759F9039B81465A7A0221EFF784
:108BE000A1F9049BB9F1000F02D05322A9F8062085
:108BF000039A11684A6C42F400424A64C5E60F4B7E
:108C000002221A703AE64FF40061B3E64FEAC20E50
:108C100025E74FF0FF33CAE44FF400614FF0040939
:108C2000A8E600235B68FFDE00239B88FFDE00BF11
:108C300090EC002039230408CDCCCCCC97540020F4
:108C40000348D0F82C3213B100F50770184770476D
:108C5000640100200348D0F8083213B100F5FC701D
:108C600018477047640100200348D0F8E43113B17D
:108C700000F5EA7018477047640100200348D0F8F7
:108C8000C03113B100F5D870184770476401002057
:108C90000348D0F89C3113B100F5C67018477047EF
:108CA000640100200348D0F8783113B100F5B470A6
:108CB00018477047640100200348D0F8543113B1BD
:108CC00000F5A27018477047640100200348D0F8EF
:108CD000303113B100F590701847704764010020DF
:108CE0000348D0F80C310BB1FC301847704700BF77
:108CF000640100200348D0F8E8300BB1D8301847A1
:108D0000704700BF640100200348D0F8C4300BB1A5
:108D1000B4301847704700BF640100200348D0F802
:108D2000A0300BB190301847704700BF640100209D
:108D30000248C36F0BB16C301847704764010020C4
:108D40000248836D0BB1483018477047640100201A
:108D50000248436B0BB12430184770476401002070
:108D60000248036903B11847704700BF640100203F
:108D70002DE9F041D0F800802B4DD8F81820D8E923
:108D80000464A061317DD4F800C00223074603FAD1
:108D900001F1306841F00C014160217D8B4043F0CE
:108DA0000C03CCF80430317A6B1813F801EC50F84E
:108DB0000E3023F0010340F80E30237A2B4413F8D1
:108DC000013C5CF803E02EF0010E4CF803E05CF887
:108DD00003E04EF0020E4CF803E0C8F753FCD8F85D
:108DE0001C20217A2068C8F74DFC3B6821685B682D
:108DF00037685A6842F001025A60327A2A4412F8FF
:108E0000010C3A5842F001023A50227A154415F802
:108E1000010C0A5842F001020A505A6842F002025C
:108E20005A60BDE8F08100BF24230508006870B4D3
:108E3000036AC9B99D680F490F4ED3E90023002A80
:108E400008BF0A46D0E906410CBF00208020002B55
:108E5000626006BF334600228022256260610D6297
:108E60004B604A6170BC7047DD69002DFAD0143345
:108E7000E1E700BF250C00205CF400202DE9F04F55
:108E80000746DFF8F4923C68DFF8F082D4F804B0CB
:108E9000B44DB54ECB4583B000F0FF80C34500F024
:108EA0003B81B24B9B4500F04A81B14A934514BFC8
:108EB0004FF0FF320322DBF80010BB88208997F8BF
:108EC00068A021F040014FF0010C984284F824C0C2
:108ED000CBF8001040F004813B7BA17A99421ED070
:108EE000002B40F0E280A34BC2EB021203EBC20264
:108EF00001921079EEF7C8FF019A2E21D279EFF78F
:108F000011F8DBF8003043F00103CBF80030DBF858
:108F1000003043F00203CBF800303B7BA372DBF858
:108F2000003043F04003CBF80030236A9A68002AEF
:108F300000F032814FF0000C1433604653F8101CDF
:108F4000104401EA050E31B1626932B3BEF1805FAF
:108F500023D0B64521D053F8142C143302EA05016E
:108F600022B1B1F1805F18D0B14216D053F80C2C69
:108F70000CF1010C002AE1D1237B73B1BAF1000F8F
:108F80000BD0BCF1010F00F2FB80072800F2F88043
:108F9000236A1B7B002B00F0F380236A9B684FF051
:108FA000000A002B66D0BAF1000F02D09AF80C30FC
:108FB00013B1B868EFF71AF8226A63681168226A79
:108FC0005268206AD0F808E05868BEF1010F20F41A
:108FD000805058601ADD7046D3F808C01CF0020FAC
:108FE000FAD000293AD031F802CBA3F80CC0D3F85C
:108FF00008C01CF0010FFAD0D3F80CC00AB122F857
:1090000002CB02380128E7DC0EF0010E586840F46C
:1090100080505860BEF1000F0CD098688007FCD5D6
:10902000002940D0097819739968C907FCD5DB6815
:1090300002B11370236A1B7B002B30D1236A1B699A
:109040007BB1236A786F1B69984701280ED00228EC
:1090500007D10023236203B0BDE8F08F4FF6FF7CF9
:10906000C3E7D4F820A0236A14332362236A9B68E1
:10907000002B98D1236A1B68002B00F09680236A8E
:109080001F68236A5A68236A22623C68D4F804B0D5
:109090000022CB451A607FF401AF00220BE7B868CD
:1090A000EEF7AAFFCAE7FF21BDE7324BC2EB02127F
:1090B00003EBC20201921079EEF7E6FE019A4E210F
:1090C000D279EEF72FFFDBF8003023F00103CBF865
:1090D0000030DBF8003023F00203CBF800301CE74F
:1090E0001946B3F5807FA8BF4FF48073022BB8BF39
:1090F0000223DBF80000002B93FAA3F3B3FA83F307
:1091000008BF4FF0FF33013B20F0380040EAC303B3
:10911000CBF800302181DFE6D8F80030B98820890B
:1091200097F868A023F040030122884284F82420A5
:10913000C8F800303FF4D0AEC1F34F03D1E7DBF8FD
:109140000030B988228997F868A023F040030120F5
:109150008A4284F824004FF00202CBF80030EBD1B1
:10916000BAE600BF0080FFFF00800120003C004005
:10917000003C014038E80020003001400038004049
:1091800000213846FFF752FEB868EEF72FFF384649
:1091900003B0BDE8F04FEBE5237B002B3FF4FDAEC1
:1091A000BAF1000F7FF4F4AEF7E6236253E700BF95
:1091B000027A0A4B0168134413F8012C8B5823F0F0
:1091C00001038B500A441368DB07FCD4027D0223A1
:1091D000934043F00C034B60704700BF2423050805
:1091E0000148C9F761BC00BF043500200148CAF737
:1091F000C5BA00BF043500200148C9F755BC00BFFF
:10920000A03400200148CAF7B9BA00BFA03400203A
:109210000148C9F749BC00BF3C3400200148CAF7E7
:10922000ADBA00BF3C3400200148C9F73DBC00BFC7
:10923000D83300200148CAF7A1BA00BFD8330020B4
:10924000094B30B4094D0A4C03F130005A7A2AB167
:10925000197A35F8112092B224F811200C33834288
:10926000F4D130BC704700BF642B0020002E0120D9
:1092700000C800202DE9F04302691778012F85B05E
:1092800004460D4618D10B79013B13714B79002B25
:1092900008BF682300F1100803754FF0000940462D
:1092A0003B460DF1060275218DF80690EFF79EFD05
:1092B000064600283CD1226902231370EB7823B9BB
:1092C0000026304605B0BDE8F08304F11009A97806
:1092D0004846EFF7C7FB06460028F1D0E878EEF7DE
:1092E000D3FDA0612B780133DBB210B12222C37110
:1092F00082710D21EEF738FEA069EEF77DFE414A3E
:109300001368632BFCD94048DFF804813F4FEFF727
:10931000EBFBA08202E058F8047B57B34846B847FD
:109320000028F8D084F8B8004846EFF79FFCC8E75B
:109330004046EFF79BFC3B4649460DF1050240468F
:10934000EFF754FD9DF8053003F07E038DF80530EE
:1093500008B1682B14D09DF8063003F07E03682B0B
:109360008DF806300FD0702BABD1042384F8B830C1
:10937000A7E7E878EEF788FDEFF734FA3E46A0E776
:1093800084F8B8709DE70222062384F8B8201946B5
:1093900002AA4046EFF72AFDE0B19DF80D309DF896
:1093A0000B209DF809109B00520002F0020203F00E
:1093B0000403134301F0010213430BD0012B1DD012
:1093C000022B17D003F00303032B13D00320EEF777
:1093D00087FF76E7404601230DF107020C21EFF7E6
:1093E00005FD0028F2D09DF8073013F00F03EDD0F3
:1093F000042B03D0012384F8B93062E7002384F8FA
:10940000B9305EE78C19002040420F001D4104086E
:10941000F01F050800B583B001230DF10702EFF737
:10942000E5FC08B19DF8070003B05DF804FB00BF40
:1094300001F0FF01102A2BDB10F0070F08D010F805
:10944000013B013A8B422DD010F0070F42B3F6D109
:10945000F0B441EA012141EA014122F007047FF022
:1094600000070023F0E80256083C85EA010586EA79
:10947000010685FA47F5A3FA87F586FA47F6A5FAB5
:1094800087F68EB9EED1F0BC01F0FF0102F00702C1
:1094900032B110F8013B013A83EA010313B1F8D16C
:1094A0000020704701387047002D06BF354603384D
:1094B000073815F0010F07D1013015F4807F02BF86
:1094C000013015F4C03F0130F0BC0138704700BFD7
:1094D00010F8012B11F8013B012A28BF9A42F7D05E
:1094E000D01A7047034613F8012B002AFBD1181A33
:1094F000013870477BB972B90029BEBF00204FF018
:10950000004106E008BF00281CBF6FF000414FF08B
:10951000FF3000F0CDB9ADF1080C6DE904CE0029A3
:1095200009DB002B1ADB00F061F8DDF804E0DDE96F
:10953000022304B07047404261EB4101002B1BDB6A
:1095400000F054F8DDF804E0DDE9022304B0404205
:1095500061EB4101524263EB43037047524263EBBC
:10956000430300F043F8DDF804E0DDE9022304B032
:10957000404261EB41017047524263EB430300F00C
:1095800035F8DDF804E0DDE9022304B0524263EB74
:109590004303704753B94AB9002908BF00281CBFCC
:1095A0004FF0FF314FF0FF3000F082B9ADF1080C01
:1095B0006DE904CE00F01AF8DDF804E0DDE90223DD
:1095C00004B07047430803F05533C01A830803F012
:1095D000333300F03330184400EB101000F00F303C
:1095E00000EB002000EB0040000E70472DE9F04733
:1095F000089D04468C46002B40F083808A42174623
:1096000047D9B2FA82F242B1C2F1200024FA00F046
:109610009140974040EA010C94404FEA1748230CD0
:10962000BCFBF8F61FFA87FE08FB16C143EA0143AC
:1096300006FB0EF1994209D9FB1806F1FF3080F0C4
:109640001981994240F21681023E3B445B1AA4B252
:10965000B3FBF8F008FB103344EA034400FB0EFEB2
:10966000A64509D93C1900F1FF3380F00581A645D4
:1096700040F2028102383C4440EA0640A4EB0E046A
:1096800000261DB1D4400023C5E900433146BDE8A2
:10969000F08702B9FFDEB2FA82F2002A50D1CB1B6A
:1096A0004FEA174E1FFA87F80126B3FBFEFC210C88
:1096B0000EFB1C3341EA034108FB0CF38B4207D934
:1096C00079180CF1FF3002D28B4200F2E980844617
:1096D000C91AA3B2B1FBFEF00EFB101143EA01441C
:1096E00008FB00F8A04507D93C1900F1FF3302D26E
:1096F000A04500F2D9801846A4EB080440EA0C40CB
:10970000BFE78B4209D9002D00F0B1800026C5E9E2
:10971000000130463146BDE8F087B3FA83F6002EEB
:109720004AD18B4202D3824200F2B880841A61EBA4
:10973000030101208C46002DA8D0C5E9004CA5E707
:10974000C2F1200320FA03F6974001FA02F04FEA33
:10975000174ED9403043030CB1FBFEF61FFA87F8D1
:109760000EFB161143EA014306FB08F1994204FA85
:1097700002F409D9FB1806F1FF3C80F08D80994274
:1097800040F28A80023E3B445B1A81B2B3FBFEF09A
:109790000EFB103341EA034100FB08F38B4207D96B
:1097A000791800F1FF3C73D28B4271D902383944E9
:1097B000CB1A40EA064678E7C6F1200C03FA06F415
:1097C00022FA0CF31C4320FA0CF701FA06F34FEAD5
:1097D000144E21FA0CF11F433B0CB1FBFEF91FFAAA
:1097E00084F80EFB191143EA014109FB08FA8A4586
:1097F00002FA06F200FA06F308D9611809F1FF30FF
:1098000048D28A4546D9A9F102092144A1EB0A01AF
:10981000BFB2B1FBFEF00EFB101147EA014700FB9F
:1098200008F8B84507D9E71900F1FF312ED2B8453D
:109830002CD90238274440EA0940A7EB0807A0FBCF
:1098400002894F45C64649461AD317D05DB1B3EBDE
:109850000E0267EB010707FA0CFCF2404CEA020229
:10986000F740C5E9002700263146BDE8F0872E46BF
:1098700028460BE70646E9E61846FDE64345E5D2ED
:10988000B8EB020E69EB04010138DFE70846D2E7C6
:1098900060468DE78146B9E7664675E730464AE798
:1098A000ACF1020C394413E702383C4424E700BF12
:1098B000704700BF11488546FEF7D6F81048114999
:1098C000114A002302E0D458C4500433C4188C4217
:1098D000F9D30E4A0E4C002301E013600432A24279
:1098E000FBD30C4A0C4C002301E013600432A2426B
:1098F000FBD3FEF705FA00F013F8FEE7F0FF0120B6
:1099000000000020C40C0020169B0508C80C002095
:10991000F82D0120D8F70120D8F70120FEE700003C
:109920002DE980488DB0FBF7D9F8EAF797FAEEF702
:10993000D3FAF7F73DFA18B9F7F7DAFBF7F76CFA4D
:10994000F2F78AFF0446ECF703F94CB1884B1B7819
:10995000AE2B05D1874988480522F3F7C9F818B11D
:10996000F7F7C6FBF7F758FA844E854C3378A278A0
:10997000844D43F001033370834B1A70834BE278BC
:109980001A70C0F789F901210220EEF7FBFB402293
:109990007F48002102F0BAFF7E4B01964FF0FF3264
:1099A0001A60C3F803202B6813F0080F07D07A4B16
:1099B0001B7A012B01D90A2B01D1C1F73DF8774B56
:1099C000617B5943B1FBF3F31B2B03D023F0070258
:1099D00093420CD10120FEF7CBF88142034606D01A
:1099E0000120FEF7A3F813B172B6FBF7CDFF607943
:1099F0006B4CFEF75DF994F888319BB31820EEF7B5
:109A000043FA10B140F23D13C38094F88931654A9E
:109A100002EB83034FF4807CD3F8646594F88A31B9
:109A2000614C02EB83024FF0030ED2F88475E26CB6
:109A300042F00102E264E26C02F001020692069B2F
:109A40000223CDE907C307A900234FF09040CDE9D9
:109A5000093E0B93C9F77EF8A3683E4323F0FE430B
:109A60003343A360DFF85481FAF758FE00264F49CC
:109A70004F4BB24644464FF001090F7883F8C4A11A
:109A800008EB07000A464FF0000C02900298007B9A
:109A900038B192F818E0864504BFB2F818E0A3F890
:109AA000B8E114F807E0BEF1000F11D092F81EB033
:109AB000F34503D1B2F81EB0A3F8BAB192F818B0CA
:109AC000F34505D1B2F818E0A3F8BAE183F8C491E0
:109AD00040B192F81EE0864502BFD08BA3F8B801D2
:109AE00083F8C4910CF1010CBCF1030F02F10202E6
:109AF000CCD1D3F8B82112F0FF1F1CBF2D4AC3F8F8
:109B0000B41106F101061CBF42F8273003F5E473D7
:109B1000062E01F13801B0D16C22002126482E68B2
:109B200002F0F4FEE37DE77A94F80AC0DFF890E0F3
:109B300021491F43A37D06F040064CEA030C09228D
:109B400000204FF0FF081EF9013B0B72092B02DDCC
:109B5000282B37D1142314F80390B9F1000F39D111
:109B600023441B7BB3BB013A81F80880D2B231E0B9
:109B700000400008698C05081BB4002094E7002011
:109B800014B40020186000208C6000207451002064
:109B9000E82A0020282B00209C51002040420F0082
:109BA00088FD0020A41A0508001002403C2005088A
:109BB00060F4002060E40020C0D50020F45F0020A5
:109BC000ACDC04081E2B40F0C680002ECBD0BCF1CC
:109BD000000FC8D00130092801F10C01B3D16D4B41
:109BE0001A70DBF719F9D9F751FF019B019A1B781D
:109BF00043F0040313702B68D80740F1B680C0F718
:109C00003DF9C0F78FF8644E644A654D002478270B
:109C1000D2F804C0BCF1000F47D092F9001001EB5C
:109C20008100831910F8068093F8019093F802A040
:109C30004FF0000E134607FB015093F808B0D845CB
:109C400004BF93F809B080F807B093F80CB008BFD0
:109C500080F80480D94504BF93F80DB080F808B0AF
:109C600093F810B008BF80F80590DA4502BF93F86A
:109C700011B080F806A080F809B00233BEF1000FE1
:109C800079D079436B18187978B1587968B1987997
:109C900058B145F801C0517D83F870104FF00001B4
:109CA00083F87410917D83F875100134032C02F150
:109CB0001802ADD1D5F7C0F83A4B3B481B683B4D75
:109CC0003B4E98473B4B1878BDF74CFC00242B6863
:109CD0009C4253DB0020FAF7FFFD0120FAF7FCFD60
:109CE000354C0220FAF7F8FD0320FAF7F5FD60780D
:109CF00068B1EEF7C9F8314BC3F8DC0008B13C237A
:109D0000C380A378002B41D02021EEF72DF9FDF779
:109D100037FF002858D02A4CBFF7BEFF2578022D08
:109D20000BD1214B1B796BB1BFF740FA254B0022B9
:109D30009A7041F644025D709D502378012B01D149
:109D4000FCF74CFAEEF7A8FDF8F734FF002840F0D6
:109D50000182FDF7FBFE1F2B7FF43CAF002E3FF48A
:109D600002AF002F7FF436AFFDE699047FF549AFCF
:109D7000C0F72EF845E74FF0010E5EE704EB440014
:109D800021463044EEF714FD0134A0E74021EEF700
:109D9000EBF8BCE7C4EB0020983F00208C210508BD
:109DA00038E80020A80300208C3F0020302B002042
:109DB000342B0020983C00209C22002090EC0020B6
:109DC0006092002040680020F8F73EFF0028A2D1F2
:109DD000BC4DBD4F04466B680293002B4ED095F9E5
:109DE0000080642202FB08730021184602F08EFDF9
:109DF0000621B64A01FB08F101EB02098A5C0392D5
:109E0000B04A99F801A01C2606FB042203460492DE
:109E1000934600269BF80800039A904208D110460A
:109E20000593EEF731F8059B98609BF809001874CC
:109E30009BF81000504508D150460593EEF724F8E2
:109E4000059BD8609BF8110058740136042E0BF165
:109E5000020BDFD1642303FB08F807EB08039968C2
:109E600061B1D96851B1049A47F80820029A99F86B
:109E700002105A60B9F8042099749A820134042CB3
:109E800005F11C05A7D10020FBF70AFB0120FBF719
:109E900007FB0220FBF704FB0320FBF701FBBDF7E8
:109EA0007FFB8B4BD3E900129B6841EA0200184309
:109EB00023D009B207EE101ADFED866A864887497B
:109EC000B8EEC77A12B227EE267A1BB207EE903AA6
:109ED0008DED077A07EE102AF8EEE77AB8EEC77A2A
:109EE00067EEA67A27EE267A0024047007A88DED87
:109EF000087ACDED097AF6F791FDD5F735FC48B92A
:109F0000774B997B022902D10120EEF7C9F9012094
:109F1000E7F7ECF9019B734C1B78019A6178207884
:109F2000714D724E43F002031370D4F7B5FFF2F790
:109F3000E9F861782078D4F7AFFFD4F7D7FF286825
:109F4000DAF7C2FED9F7E2FCBFF7D2FDEEF728F848
:109F5000BFF7BAFD01210846EEF714F900210846C3
:109F6000EEF710F900210220EEF70CF90A24012087
:109F7000EDF77CFF0020EDF779FF1920EDF78EFE5D
:109F80003368DA0302D40120EEF7BEF81920EDF7AA
:109F900085FE0020EEF7B8F8013CE8D121462046C6
:109FA000EEF7F0F821460120EEF7ECF8DCF702FFBF
:109FB000D8F7BCFC4E4B1C809C704E4CD7F76AFE09
:109FC000DDF734FE23681B0601D5CFF78FFBCDF7F5
:109FD00091FD2368DF0304D5CFF7F9FC464B01223E
:109FE0001A7023681E0101D5C9F7D6FD2368D80071
:109FF00001D5BFF77BFCD9F7A7FD2368590001D530
:10A00000BFF7EAF923685A0105D53C4B1B7813B119
:10A010002868D8F7B1FFC1F77BFDBEF7ADFEFCF7AE
:10A020009BF8374B1D78022D0BD1364B1B7943B172
:10A03000BFF7BCF8344B00229A7041F644025D70C1
:10A040009D50D0F7C1FB314B1A8B42F21073534332
:10A050002F4A9168B3FBF1F3C2F8C031C2F83C3328
:10A060002C4B64221A802C4B00251D802B4B002288
:10A070001A60DEF7E1FE2A4B01221A70E2F7ACFA11
:10A080004FF428722946274802F040FCDFF726FEED
:10A0900023685B0501D5CDF7D9F84FF40070E7F7D9
:10A0A00025F9214B1B681B689847EDF7A5FEEEF7D5
:10A0B000F3FB1D20EDF7E8FEC0B38379B3BB542357
:10A0C000C38033E0D4210508C0330020F8EB002022
:10A0D000B4D3002035FA8E3C3206002034B3002081
:10A0E00014B400202CD600202087002070D9002036
:10A0F000A88A0020186000202C9200200040002038
:10A10000609200208C3F00204068002090AF00202B
:10A11000044000205ECA0020F0D80020F4D80020BF
:10A12000BBDB0020F06000209C5400201E20EDF7D7
:10A13000ABFE18B183790BB95423C380EDF71AFF36
:10A14000E9F718FD044A137863F07F031370DEF714
:10A15000A9FFFCE7FDF7F2FC94E7002010EE102ABF
:10A16000C2F3C7537F3B162B22F000411ADC002BB1
:10A1700021DB1A4919410A421CD0DFED197A70EE31
:10A18000277AF5EEC07AF1EE10FA13DD002A04DD2D
:10A190004FF4000040FA03F31A4422EA010300EEF0
:10A1A000103A7047B1F1FF4F04D330EE000A704708
:10A1B0009FED0C0A7047DFED0A7A70EE277AF5EE14
:10A1C000C07AF1EE10FAF5DD002AF1DB0029F7EE96
:10A1D000007A18BFB0EE670A704700BFFFFF7F002C
:10A1E000CAF249710000008000B510EE103A204A12
:10A1F00023F00043934283B019DDB3F1FF4F04DB3A
:10A2000030EE400A03B05DF804FB684600F090FDB4
:10A2100000F00300012811D002281FD0B8B1DDEDF5
:10A22000010A9DED000A012001F088FAEAE7DFED5E
:10A23000110A00F0CBFE03B05DF804FBDDED010A6E
:10A240009DED000A01F07AFAB1EE400ADAE7DDEDA1
:10A25000010A9DED000A00F0B9FED3E7DDED010A29
:10A260009DED000A00F0B2FEB1EE400ACAE700BF61
:10A27000D80F493F0000000008B52DED028BF0EE2D
:10A28000408AB0EE608A00F015F820B9B0EE480AB6
:10A29000BDEC028B08BDB0EE480A00F00BF820B10F
:10A2A000F4EEC88AF1EE10FAF0DDB0EE680ABDEC0B
:10A2B000028B08BD10EE103A33F000400ED0A0F52E
:10A2C0000003B3F1FE4F0DD3074B421E9A4207D94C
:10A2D000A0F1FF40B0FA80F04009704702207047BB
:10A2E0000320704704207047FEFF7F0010B485B044
:10A2F0008DED010A019BC3F3C751A1F17F021E2A14
:10A300002ADC501C23DB162A4FEAD3740BDDC3F37F
:10A31000160040F400009639884004B1404205B070
:10A320005DF8044B7047164BDDED017A03EB8403B7
:10A3300093ED007A77EE277ACDED037ADDED037A9F
:10A3400077EEC77A17EE903A33F000420ED1002034
:10A3500005B05DF8044B7047DDED017AFDEEE77A5C
:10A3600017EE900A05B05DF8044B7047C3F3160072
:10A37000C3F3C75340F40000C3F19603D840CCE7C1
:10A38000708C050808B52DED028BB0EE408A00F008
:10A39000CFF8144B93F90030013314D0B4EE488A4F
:10A3A000F1EE10FA0FD6B5EEC08AF1EE10FA0ADC23
:10A3B000B5EE408AF1EE10FA08D101F039FB222304
:10A3C0009FED090A0360BDEC028B08BD01F030FB74
:10A3D000BDEC028B21230360BDE80840034801F077
:10A3E00051BA00BF5D0C0020000080FFFC60050832
:10A3F00008B52DED048BF0EE408AB0EE608A00F0D7
:10A4000097F9474B93F900300133B0EE409A1FD0D3
:10A41000B4EE488AF1EE10FA1AD6F4EE688AF1EE3C
:10A4200010FA59D6DFED3F9AF4EE698AF1EE10FA90
:10A4300013D1B4EE698AF1EE10FA29D0B0EE480AD1
:10A4400001F0CCF920B1B4EEE98AF1EE10FA4DD466
:10A45000B0EE490ABDEC048B08BD01F0BFF9F0B1C4
:10A46000B5EE409AF1EE10FAF2D1B0EE680A01F0C2
:10A47000B5F90028ECD0B0EE480A01F0AFF9002899
:10A48000E6D001F0D5FA22239FED269A0360DFE79C
:10A49000B7EE009AB0EE490ABDEC048B08BDB0EEF1
:10A4A000680A01F09BF90028DAD0B0EE480A01F002
:10A4B00095F90028D4D0B4EE499AF1EE10FA28D6D6
:10A4C00001F0B6FAF5EEC08A2223F1EE10FA03602D
:10A4D00013D49FED159ABBE7B5EE408AF1EE10FA62
:10A4E000F7EE007A08BFB0EE679AB1E701F0A0FA84
:10A4F00021239FED0E9A0360AAE7B0EE480A01F00F
:10A50000C7F9B4EE480AF1EE10FAE2D09FED079ACF
:10A510009EE701F08DFA212389EEA99A036097E75F
:10A520005D0C0020000000000000807F000080FF24
:10A5300010EE103A33F000422DD0002B32DBB3F195
:10A54000FF4F3FDAB3F5000F30B432DB0025684827
:10A55000684CC3F31601084400F40002DB1582F0D6
:10A560007E527F3B0A432B4400EE102A01F10F0577
:10A57000F7EE007A2C4030EE670A03EBD05324BB91
:10A58000B5EE400AF1EE10FA61D1002B40F0938055
:10A590009FED590A59E09FED597ADFED577A87EE22
:10A5A000270A704770EE407A9FED537A87EE870A4C
:10A5B0007047DFED537A60EE277A6FF0180517EEDB
:10A5C000903AC4E730EE000A7047B0EE007A30EE01
:10A5D000077A9FED4C3ADFED4C4ADFED4C5ADFED48
:10A5E0004C3A9FED4C5ADFED4C7ADFED4C6A4C480B
:10A5F00080EE074AC1F55712084402F52272024361
:10A60000002A07EE103A24EE046AF8EEC72A26EE76
:10A61000067AE7EE034AA7EE235AE4EE875AE5EE00
:10A62000076AE5EE877A67EE867AE6EE877A2BDDB3
:10A63000B6EE007A20EE077A27EE007A53BB77EE6B
:10A64000877AA7EEC47A30EE470A30BC7047DFED58
:10A65000357AB6EE007AA0EE677AF0EE477A20EE11
:10A66000007A27EE277A002BEDD007EE903A9FED87
:10A670002E6ADFED2E6AF8EEE77AA7EEC67A37EE9D
:10A68000400A97EEA60AE0E713BB70EE677AA7EEE2
:10A69000C40ADAE7DFED246A9FED246A77EE877A51
:10A6A00062EEA66AE7EE846A37EE667A37EE400A13
:10A6B00092EE860AC9E707EE903A9FED1B0A9FEDDE
:10A6C0001B7AF8EEE77A27EE800AA7EE870ABCE746
:10A6D0009FED157ADFED156A70EE677A27EE627AE4
:10A6E000A7EE847A37EE400A92EEA60AADE700BFE5
:10A6F00020FB4A00F0FF7F0000000000000000CCBB
:10A700000000004C9788173E25333A3E2549923E7B
:10A710004FD01C3E298E633EABAA2A3FCDCCCC3E07
:10A72000305CCFFFABAAAA3ED1F717378071313F1B
:10A730002DE9F04710EE904A34F000482DED028BE1
:10A7400015D010EE105A25F00047B7F1FF4F10EE6C
:10A75000109A06DDBDEC028BBA48BDE8F04701F067
:10A7600091B8B8F1FF4F08DDB7F17E5FF2D1B7EED7
:10A77000000ABDEC028BBDE8F087002D10EE906A58
:10A78000C0F2F6804FF0000AB8F1FF4F00F00481EC
:10A79000B8F17E5F00F02A81B6F1804F00F03F8172
:10A7A000B6F17C5F00EE105A40F00381B9F1000F62
:10A7B00080F23A8101F00AF8B7F1FF4F00F00B8107
:10A7C000002F00F00481B7F17E5F00F0FA804FEABD
:10A7D000D972013A5AEA020300F02C81B8F19A4F7B
:10A7E00040F35281984B9F4240F35F82974B9F42C8
:10A7F00000F30181F7EE007A30EE670ADFED946A2C
:10A80000DFED947ADFED945A9FED946AB5EE007A0D
:10A81000E0EE476AB6EE007AA6EEC07AF0EE476A3E
:10A8200020EE007A27EE267A67EEC77AE0EE257AE8
:10A83000F0EE676AE0EE066A16EE903A23F47F6364
:10A8400023F00F0307EE103AA0EE467A06EE903A98
:10A8500077EEC77A26F47F6626F00F0607EE104AD9
:10A8600006EE106A67EE877A37EE466A07EE106AE0
:10A87000E6EE267A0AF1FF3A5AEA020326EE877AD2
:10A88000B7EE000A77EE876ABFEE006A16EE903ADE
:10A890000CBFB0EE468AB0EE408A002B23F0004297
:10A8A00040F3B981B2F1864F00F3F88100F0EB81FB
:10A8B000B2F17C5F00F3BB810022104623F47F637A
:10A8C00023F00F0306EE103ADFED656ADFED655AFF
:10A8D0009FED653ADFED653A9FED652A9FED654A8C
:10A8E000DFED654A9FED655A36EE477AF0EE002AB5
:10A8F00077EEC77A26EE267AA7EEA57AF7EE005A0B
:10A90000F0EE477AA6EE037A67EE076AF0EE471A92
:10A91000E6EE431AB0EE636AA6EE826A77EEE17A5B
:10A92000A6EE264AE7EE277AE4EE264AA4EEA65AD9
:10A93000B0EE456AB0EE475AA6EE665AF0EE456AAA
:10A9400036EEE26A27EE055AC5EE066A76EEE77A3B
:10A9500037EEC77A35EEC70A10EE103A1344B3F556
:10A96000000FC0F2BA8100EE103A20EE080A00E7AC
:10A97000B8F1974F1ADAB8F17E5F0ADB4FEAE85375
:10A98000C3F1960348FA03F202FA03F3434500F0D9
:10A990003D814FF0000AFBE6B7F17E5F3FF4E7AE82
:10A9A0002FDD002E2ADB00EE104AE2E64FF0020A0D
:10A9B000EAE600F00BFFB7F1FF4F02D0002F7FF463
:10A9C00002AF002EBCBFF7EE007A87EE800AB9F125
:10A9D000000FBFF6CEAEA7F17E5757EA0A0340F04C
:10A9E0000E8170EE407A87EEA70AC2E6002E0FDBDA
:10A9F00000EE105ABDE6002E00F35A819FED200AAA
:10AA0000B7E6002EFADA07EE904AB1EE670AB0E632
:10AA100007EE105AF7EE007A87EE870AA9E607EEEE
:10AA2000905A27EEA70AA4E6BDEC028BBDE8F047DA
:10AA300000F0C8BA07EE905A77EEE77A87EEA70AD9
:10AA400097E600BFFC600508F7FF7F3F0700803FE7
:10AA5000ABAAAA3E3BAAB83F70A5EC3600AAB83F05
:10AA60008CBEBF351872313F0072313F0EEADDB542
:10AA70004CBB313355B38A38610B36BBABAA2A3E87
:10AA8000000000000000804B19F0FF4F40F0F980FB
:10AA90005FED047A60EE277A6FF0170117EE907A77
:10AAA0008F48FB15C7F316077F3B87420B4447F0DF
:10AAB0007E5140F3DE808B48874240F3FE80DFED1D
:10AAC0008A4A0133A1F50001F0EE643A0020B7EEA6
:10AAD000006A06EE901A76EE867AB7EE007A87EE76
:10AAE000278A491041F0005101F58021014436EEDA
:10AAF000C67A07EE901A27EE082A77EEC65A9FED1F
:10AB00007B4A7B49DFED7B8A9FED7B0ADFED7B0A89
:10AB10009FED7B1ADFED7B1ADFED7B2A9FED7B3A01
:10AB20009FED7B5A22EE026A12EE100A76EEE56A7B
:10AB3000F0EE445AE6EE285A084004EE100AA4EE5D
:10AB4000677AF0EE407AE5EE867AA4EE667AE7EE72
:10AB5000860A67EE086AB0EE417AA0EE867A72EE57
:10AB6000047AE7EE061A67EEA67A26EE066AF0EE9B
:10AB7000085AE6EE217AB0EE656AA4EE046A07EEA2
:10AB8000103A36EE276AB8EEC77A16EE103A0B4046
:10AB900006EE103A76EE655AE4EE445A77EEE57A20
:10ABA00067EE827AE6EE867AF0EE675AE4EE065AAF
:10ABB00015EE903A0B4006EE903AE4EE466A05EE4A
:10ABC000903A77EEE67A67EEA27AE5EE837A77EE50
:10ABD000A37AF0EE676AE5EE856A76EEA46A76EE11
:10ABE000876A16EE903A0B4006EE903A36EEC77A38
:10ABF00037EE647AA5EEC57A77EEC77A2AE6BAF11F
:10AC0000010F7FF4B6ADB1EE400AB2E502F00102E9
:10AC1000C2F1020ABCE53F498A4257DC7FF448AEE4
:10AC200076EEC76AF4EEE76AF1EE10FA4EDAD21564
:10AC30004FF400017E3A41FA02F21A44C2F3C751BE
:10AC4000354C7F390C41C2F3160022EA040206EEAD
:10AC5000902A37EE667AC1F1170140F400000841EE
:10AC6000002B77EE876AB8BF404216EE903AC205D5
:10AC700024E6DFED1D4A0020F0EE643AB7EE006AEC
:10AC800027E700210CE79FED256A76EEC76A37EECD
:10AC9000866AB4EEE66AF1EE10FAC8DDDFED207ADE
:10ACA00028EE270A20EE270A63E5002EBFF6A6AE9F
:10ACB0009FED1B0A20EE000A5BE5DFED1A4ADFED8F
:10ACC0001A3A4FF40010B7EE086A02E7DFED177A80
:10ACD00028EE270A20EE270A4BE500F037FE44E66F
:10ACE00071C41C00D6B35D000000000055326C3EFC
:10ACF00000F0FFFF42F1533E05A38B3EABAAAA3EF4
:10AD0000B76DDB3E9A99193F4F38763FA0C39D3609
:10AD10000038763F00001643FFFF7F003CAA38331F
:10AD2000CAF2497100C0153FDCCFD1356042A20D97
:10AD300070B510EE103A954A23F00044944286B064
:10AD4000054668DD924A944210EE106A1ADC002B28
:10AD5000DFED907A904A24F00F0440F3F1809442A2
:10AD600070EE677A66D09FED8D7A77EEC76A012024
:10AD700077EEE67AC5ED006A77EEC77AC5ED017A1F
:10AD800006B070BD864A944267DDB4F1FF4F49DAE0
:10AD9000E215863AA4EBC25307EE903ABDEEE77A8D
:10ADA000DFED806AB8EEC77A77EEC77A8DED037A69
:10ADB00067EEA67ABDEEE77AB8EEC77A77EEC77A85
:10ADC0008DED047A67EEA67AF5EE407AF1EE10FA90
:10ADD000CDED057A40F0A380B5EE407AF1EE10FAA1
:10ADE00014BF02230123704901910221009103A89D
:10ADF000294600F06DF9002EC2DA95ED007AD5ED06
:10AE0000017AB1EE477AF1EE677A404285ED007A39
:10AE1000C5ED017AB4E7002285ED000A426000200A
:10AE200006B070BD70EE407A0020C5ED017AC5ED28
:10AE3000007AA5E7DFED5D6A9FED5D7A77EEE67A51
:10AE4000012077EEC76A77EEE67AC5ED006A77EE05
:10AE5000C77AC5ED017A06B070BD00F0B7FCDFED32
:10AE6000556A9FED4C6A9FED4D7AF6EE007AE0EE62
:10AE7000267AFDEEE77A17EE900AF8EEE76A1F28C9
:10AE8000A6EEC60A66EE877AB1EE666A1EDC4A4A0C
:10AE9000411E24F0FF0352F82120934216D030EED9
:10AEA000677A85ED007A30EE470A002E30EE670AA9
:10AEB00085ED010ABFF664AFB1EE477AB1EE400A04
:10AEC00085ED007A85ED010A404259E730EE677A58
:10AED000E21517EE103AC3F3C753C3EBD454082C52
:10AEE000DFDDDFED327A9FED327AF0EE405AE6EEAA
:10AEF000275A30EE650AA6EE270AF0EE407AD6EE23
:10AF0000877A35EEE77A17EE103AC3F3C753D21AB1
:10AF1000192A06DC85ED007AB0EE650AC3E7032343
:10AF200061E79FED267A9FED265AB0EE650AA6EE00
:10AF3000070A75EEC07AE6EE077AD6EE857AAEE7B6
:10AF4000944270EE277A0ED09FED147A77EE876ADE
:10AF50004FF0FF3077EEE67AC5ED006A77EE877A3C
:10AF6000C5ED017A0CE7DFED116A9FED117A77EEFE
:10AF7000A67A4FF0FF3077EE876A77EEE67AC5ED76
:10AF8000006A77EE877AC5ED017AF9E6D80F493F76
:10AF9000E3CB1640800FC93FD00FC93F434435373C
:10AFA000800F494300008043F88C05080044353782
:10AFB00008A3852E84F9223F788C050800A3852EEE
:10AFC00032318D24B1EEC00A704700BF10EE103A46
:10AFD00023F00043B3F1485F2CDAFDEEC07A17EEA0
:10AFE000903A002B60D020EE007ADFED314A9FEDE1
:10AFF000315ADFED315A9FED316ADFED317ADFED05
:10B00000316AA7EE245AE7EE055AA7EE256AE7EE65
:10B01000067AE7EE276A67EE266A60EEC00AF6EE69
:10B02000007AE7EE260AB7EE000AD7EE270A30EEDE
:10B03000600A704720EE007ADFED1D4A9FED1D5A31
:10B04000DFED1D5A9FED1D6ADFED1D7ADFED1D6AF4
:10B050001D4AA7EE245A9342E5EE075AA5EE876AE9
:10B06000E6EE077AE7EE876A66EE876AD5DD174A6D
:10B07000934214DC03F17F4307EE903AB7EE006A87
:10B0800036EE676A60EEC00AF6EE005AE7EE260A70
:10B09000D7EE257A77EEE00A36EE600A7047B6EE14
:10B0A000076AF5EE027AEDE7B7EE000A704700BFD7
:10B0B0004ED747ADF6740F317CF293B4010DD03703
:10B0C000610BB6BAABAA2A3D9999993E0000483F58
:10B0D0002DE9F04F2DED048BDBB0D74C689D079127
:10B0E000111D54F8256004930992834603F1FF393A
:10B0F000C0F29D82D31E44BF13460433DB1003937A
:10B100000133DB000893DDE908239B1A0693039BB8
:10B1100016EB0901A3EB090316D401319FEDC77AA1
:10B12000699819441EAA002BA4BF50F8234007EECB
:10B13000904A03F10103ACBFF8EEE77AF0EE477AEC
:10B140008B42E2EC017AEED1002EC0F2E082049B49
:10B150001EA901EB830446AD4FEA830C4846F7185D
:10B160000BEB8301B9F1000FDFEDB47A09DB224666
:10B170005B46F3EC016A32ED017A8B42E6EE877AA8
:10B18000F7D10130B842E5EC017A04F10404E9D1C9
:10B190000DF1280808EB8603083B05939FEDA99A5B
:10B1A000DFEDA78A0698009609AB03EB860A0BEB46
:10B1B0000C0446AF5B465AAA02EB8602002E12ED43
:10B1C000140A4FEA860B16DD07EB8602414660EE55
:10B1D000097AB0EE407AFDEEE77A72ED016AF8EE98
:10B1E000E77ABA42A7EEE87A37EEA60ABDEEC77A4A
:10B1F000A1EC017AEBD1CDE9010300F0A7FBB0EEA1
:10B20000408AB4EE000A28EE000A00F0F5FAF2EEE9
:10B21000007AA0EE678A0198029BFDEEC89A00288A
:10B22000F8EEE97A38EE678A78DD06F1FF3CC0F186
:10B23000080258F82C5045FA02F101FA02F2AA1A53
:10B2400048F82C20C0F1070519EE90CA42FA05F51E
:10B250008C44002D09EE90CA68DCB5EE408AF1EE10
:10B2600010FA40F0B680009A06F1FF3E724510DCFD
:10B2700006F18042013A08EB820200219C4652F816
:10B280000439524541EA0301F9D16346002940F0EF
:10B29000F280009A013A58F82220002A40F0E68015
:10B2A000059A4FF0010C52F804190CF1010C002919
:10B2B000F9D006F1010BB444DE460499039A8D19C6
:10B2C0005A441EA902F1804201EB85056999013AB1
:10B2D00001EB820607EB8B0BD6ED017A9FED577AD7
:10B2E000F8EEE77AB9F1000F06F104062946C5ED3C
:10B2F000007A05F1040509DB1A4601E071ED017AD7
:10B30000F2EC016AA242A6EEA77AF7D10EF1010E85
:10B31000E645ABEC017ADFDD66464CE740F09C8009
:10B32000721E58F822502D12002D96DD19EE902A2B
:10B33000002E02F1010209EE902A40F38E81D8F826
:10B340000010002974D1012E1CD042464FF0010C90
:10B3500052F8041F002979D00CF10102C1F5807167
:10B36000964248F82C100CDD58F82210C34408EB24
:10B37000820200E01168C1F1FF0142F8041B5A4546
:10B38000F8D1012100280CDD012800F047810228B6
:10B3900007D106F1FF3C58F82C2002F03F0248F894
:10B3A0002C20022D7FF459AFB7EE000A30EE488A08
:10B3B00000293FF452AFCDE9010300F0C7FA38EE9F
:10B3C000408ADDE90103B5EE408AF1EE10FA3FF460
:10B3D0004AAFDDE90832B0EE480A981A02960195A4
:10B3E000009E00F0B3FA9FED167AB4EEC70AF1EEB4
:10B3F00010FADDE90123C0F25781DFED127A0699D8
:10B4000060EE277A0831FDEEE77A0691F8EEE77AEA
:10B410005D1CA7EEC70AFDEEE77ABDEEC00A10EE8E
:10B42000101A48F8231017EE903A48F8253039E002
:10B4300001224FF0000C91E73C900508000000004D
:10B44000000080430000803B0000C93F0CF1010C6C
:10B45000B4457FF47DAF95E7F6EE007AB4EEE78A67
:10B46000F1EE10FA80F2E8800025F6E606F1010B15
:10B47000DE46DC4621E7069858F82E100838334699
:10B480002A46009E0690754661B903F18043023B4F
:10B4900008EB8303014653F80409013D08390028ED
:10B4A000F9D0069106980092B7EE000A00F04EFA25
:10B4B000002D009AC0F21E814FEA850E46AB03EBC9
:10B4C0000E070EF1040C1FED217A08EB0C03391D59
:10B4D00073ED017AF8EEE77A434567EE807A20EE65
:10B4E000070A61ED017AF3D1002E1FED296A4FF0B2
:10B4F000000420DB8F48DFED907A3946B0EE467AC3
:10B50000002303E09C4208DBB0EC017AF1EC016A15
:10B5100001339E42E6EE877AF4DA5AAB03EB8403FA
:10B52000A54243ED287AA7F1040704F1010305D0F1
:10B53000002E1C46DEDADFED807AEEE768990229FC
:10B540001CDC002900F38B800FD132ABDFED7A7A5F
:10B550009C443CED017A634577EE877AF9D10AB1D4
:10B56000F1EE677A079BC3ED007A19EE903A03F08B
:10B5700007005BB0BDEC048BBDE8F08F689B032B2C
:10B58000F3D1002D00F0CB805AAB734432A913EDF8
:10B59000287A01EB850373ED017AF0EE476A37EE06
:10B5A000277A994277EEC77A83ED007A77EEA67A0A
:10B5B000C3ED017AEFD1012D40F3B18005F1804553
:10B5C0005AAB013D9E44AD002B1D1EED287A0B4465
:10B5D00033A873ED017AF0EE476A37EE277A984286
:10B5E00077EEC77A83ED007A77EEA67AC3ED017A1B
:10B5F000EFD10835DFED507A4B19083133ED017A80
:10B60000994277EE877AF9D1002A55D10799329A73
:10B61000339BC1ED027A0A604B60A6E706F1FF3C5E
:10B6200058F82C2002F07F0248F82C20B9E60823B5
:10B6300008930023039366E519EE902A002E02F189
:10B64000010209EE902AC8BF02253FF778AEF7EE57
:10B65000007A37EEC88A0225FFE5002192E632A97A
:10B66000DFED357A01EB830333ED017A994277EE12
:10B67000877AF9D192BB9DED327A079B002DC3EDFD
:10B68000007A77EE677A0BDD33A90123B1EC017AFA
:10B6900001339D4277EE877AF8DA0AB1F1EE677AE4
:10B6A000079BC3ED017A60E7BDEEC00A1D4610EEB0
:10B6B000101A48F82310F5E6DDED326A9DED337A75
:10B6C000079BF1EE677AF1EE666AB1EE477AC3ED59
:10B6D000027AC3ED006A83ED017A46E7DDED326A56
:10B6E000079BB1EE677A002D76EEE77A83ED007A5C
:10B6F000CADCD3E7689B022B0DDC002B14DC7FF443
:10B7000034AFDFED0D7A002A3FF42CAF28E7049B1D
:10B710004FEA830C3CE5689B032B7FF426AFDFEDFB
:10B72000067A002AC8D171E7DFED037A002AA2D099
:10B73000D4E700BF149005080000000010EE103A96
:10B7400023F00043B3F1485F04DAFDEEC07A17EE50
:10B75000903A5BB360EE007A9FED155ADFED155A13
:10B760009FED156ADFED156A9FED157AE7EE855AB4
:10B7700020EE275AA5EEA76AE6EE276AA6EEA77A7C
:10B7800030B9DFED106AE7EE876AA6EE850A7047EA
:10B7900027EE457AF6EE006AA0EEA67ADFED0A6A99
:10B7A000D7EE270AE5EE260A30EE600A704700BFA2
:10B7B000D3C92E2F342FD7B21BEF3836010D50B915
:10B7C0008988083CABAA2ABEABAA2A3E10EE103AE2
:10B7D00023F0004300EE103A704700BF82B08DEDB9
:10B7E000010A019820F00040B0F1FF4FACBF0020EB
:10B7F000012002B0704700BF10EE102AC2F3C753F9
:10B800007F3B162B22F000411ADC002B1EDB1A496D
:10B8100019410A4227D0DFED197A70EE277AF5EE4A
:10B82000C07AF1EE10FA1EDD002A04DA4FF40000AF
:10B8300040FA03F31A4422EA010300EE103A70477B
:10B84000B1F1FF4F0FD330EE000A7047DFED0B7AF6
:10B8500070EE277AF5EEC07AF1EE10FA03DD002AD9
:10B8600002DB9FED070A70470029FFEE007A18BF40
:10B87000B0EE670A704700BFFFFF7F00CAF2497150
:10B88000000000009FED010A704700BF0000C07F6C
:10B8900010EE101AC1F3C753A3F17F02162A21F04C
:10B8A000004328DC33B310B4002A83B04FEAD170D0
:10B8B00027DB244B1341194218D05C0811EA5303CB
:10B8C00007D04FF4001321EA040113410B4300EEAB
:10B8D000103A1D4B03EB8000D0ED007A37EE800A62
:10B8E0008DED010A9DED010A30EE670A03B05DF8A7
:10B8F000044B70477047B3F1FF4FFBD330EE000AA3
:10B900007047C1F316035B420F4A5B0A090D03F44B
:10B9100080030905194302EB8002D2ED006A07EEAD
:10B92000901A36EEA77A8DED017ADDED017A77EE89
:10B93000E67A17EE903A23F0004343EAC07300EE34
:10B94000103AD3E7FFFF7F004890050882B08DEDE5
:10B95000010A019B33F000422AD0B2F1FF4F23D2FB
:10B9600013F0FF4F28D19DED017ADFED2A7A2A4BA3
:10B9700067EE277A9842CDED017A37DB019BC3F35E
:10B98000C752193A0244FE2A1ADD9FED240A9FEDA0
:10B99000247A019B002BF0EE407AB8BFB0EE470A44
:10B9A00020EE270A02B0704730EE000A02B070475E
:10B9B0009DED010A02B07047D20D0244FE2AE4DC7C
:10B9C000002A0BDC12F1160F17DA4CF250339842B2
:10B9D000DBDC9FED140A9FED147ADAE723F0FF43D6
:10B9E00043EAC25300EE103A02B070479FED0D0AD1
:10B9F000DDED017A27EE800AD8E7193223F0FF4304
:10BA000043EAC253DFED097A07EE103A27EE270A20
:10BA1000CCE700BF0000004CB03CFFFFCAF2497108
:10BA2000CAF249F16042A20D6042A28D00000033CB
:10BA3000014B1868704700BF600C002018B1B0FAC5
:10BA400080F0C0F1200070470A44914200F1FF33BA
:10BA500000D1704710B511F8014B03F8014F914226
:10BA6000F9D110BD174B10B51C68A36BB3B91820E2
:10BA700000F094F8A06328B90246134B13484E21F6
:10BA800000F05CF8124A134BC0E90023124B8360AC
:10BA90000B23838101220023C0E90423A16B0F48FB
:10BAA0000A694B690E4C504304FB0300A2FB0434AB
:10BAB0005A1C044444F10000C1E9042020F0004075
:10BAC00010BD00BF600C0020549005086B90050865
:10BAD0000E33CDAB34126DE6ECDE05002DF451587B
:10BAE0002D7F954CF0B508B9106888B10446204602
:10BAF00014F8015B0F4617F8016B1EB965B91560A4
:10BB0000284605E0B542F6D1002BF0D11460037051
:10BB1000F0BD1C460CE015B914F8013B0E4616F8B2
:10BB2000015BAB42F7D1002BF3D0002304F8013CBA
:10BB30001460EDE70123FFF7D5BF00001FB51446E1
:10BB40001A46094B1B680546D8684CB1074B009153
:10BB5000CDE9013406492B4600F00EF800F096FCC2
:10BB6000044B1C46F3E700BF600C0020E79005087B
:10BB7000F49005086E8705080EB403B5014603ABC3
:10BB8000054853F8042B0068019300F0EBF802B06D
:10BB90005DF804EB03B07047600C0020024B0146D7
:10BBA000186800F05BB800BF600C0020024B014633
:10BBB000186800F003B800BF600C002037B50029FA
:10BBC00048D051F8043C0190002BA1F10404B8BF07
:10BBD000E41800F0A3FE204A01981368154633B913
:10BBE0006360146003B0BDE8304000F09DBEA34226
:10BBF0000BD921686218934204BF1A685B686360BE
:10BC000004BF521822602C60ECE71A465B680BB147
:10BC1000A342FAD911685518A5420BD124682144D2
:10BC20005418A3421160DDD11C685B685360214445
:10BC30001160D7E702D90C230360D3E725686119A7
:10BC40008B4204BF19685B68636004BF49192160B7
:10BC50005460C7E703B030BDDC2D0120F8B5CD1C22
:10BC600025F0030508350C2D38BF0C25002D0646A0
:10BC700001DBA94203D90C2333600020F8BD00F09A
:10BC80004DFE21490A6814469CB9204F3B6823B9F0
:10BC90002146304600F02AFB38602946304600F045
:10BCA00025FB431C23D10C233360304600F03CFEBF
:10BCB000E3E723685B1B17D40B2B03D923601C44D9
:10BCC000256004E06368A2420CBF0B6053603046FD
:10BCD00000F02AFE04F10B00231D20F00700C21A19
:10BCE000CCD01B1AA350C9E722466468CCE7C41C19
:10BCF00024F00304A042E3D0211A304600F0F6FA03
:10BD00000130DDD1CFE700BFDC2D0120E02D012087
:10BD10009368013B002B10B4936008DA9469A34246
:10BD200001DB0A2903D15DF8044B00F0EFBA136878
:10BD3000581C1060197008465DF8044B7047F8B540
:10BD400006460F461446D518AC4201D1002007E044
:10BD500014F8011B3A463046FFF7DAFF431CF3D1D3
:10BD6000F8BD00002DE9F04F0D469DB014469846F1
:10BD7000064618B183690BB900F0AAFC894B9D42B5
:10BD80001BD175686B6ED90705D4AB899A0502D4AF
:10BD9000A86D00F03BFDAB891B0701D52B69EBB902
:10BDA0002946304600F004FBC0B16B6EDC070ED5AF
:10BDB0004FF0FF301DB0BDE8F08F7B4B9D4201D1AD
:10BDC000B568DFE7794B9D4208BFF568DAE7AB89D4
:10BDD0009805EDD4A86D00F01AFDE9E7002309935A
:10BDE00020238DF82930CDF80C803023DFF8C08176
:10BDF0008DF82A304FF0010923469A4613F8012B9B
:10BE00000AB1252AF9D1BAEB040B0BD05B462246C6
:10BE100029463046FFF793FF013000F0AA80099AC7
:10BE20005A4409929AF80030002B00F0A2800023B7
:10BE30004FF0FF32CDE905230AF1010A049307937D
:10BE40008DF853301A935446052214F8011B5848B4
:10BE5000FDF7EEFA049AD8B9D10644BF20238DF835
:10BE60005330130744BF2B238DF853309AF800301A
:10BE70002A2B15D0079A544600204FF00A0C214671
:10BE800011F8013B303B092B4ED9B0B1079214E0B9
:10BE9000A0EB080309FA03F313430493A246D2E785
:10BEA000039B191D1B680391002BBBBF5B4242F033
:10BEB000020207930793B8BF049223782E2B0CD16C
:10BEC00063782A2B35D1039B1A1D1B680392002B24
:10BED000B8BF4FF0FF3302340593DFF8E4A02178B8
:10BEE00003225046FDF7A4FA40B14023A0EB0A001C
:10BEF00003FA00F0049B03430134049314F8011B7C
:10BF00002C488DF828100622FDF792FA00283FD021
:10BF1000294B1BBB039B073323F007030833039311
:10BF2000099B3B44099367E70CFB02320C46012056
:10BF3000A5E700230134059319464FF00A0C20466B
:10BF400010F8012B303A092A03D9002BC5D00591EE
:10BF5000C3E70CFB012104460123F0E703AB009388
:10BF60002A46164B04A93046AFF300800746781CDA
:10BF7000D6D16B6ED90705D4AB899A0502D4A86DCA
:10BF800000F045FCAB895B063FF512AF099811E75D
:10BF900003AB00932A46094B04A9304600F080F811
:10BFA000E4E700BF789105089891050858910508C5
:10BFB000239105082D910508000000003FBD0408ED
:10BFC000299105082DE9F047164699468A680B69BC
:10BFD000DDF820809342B8BF1346336091F84320C8
:10BFE00007460C460AB1013333602368990642BF05
:10BFF000336802333360256815F0060506D104F175
:10C00000190AE36832689B1AAB4226DC94F8432095
:10C01000131E226818BF012392062BD404F1430299
:10C0200049463846C04701301ED02368E56832686B
:10C0300003F00603042B08BFAD1AA36822690CBFE6
:10C0400025EAE57500259342C4BF9B1AED1800262A
:10C050001A34B5421AD1002008E00123524649465D
:10C060003846C047013003D14FF0FF30BDE8F087BC
:10C070000135C6E7E1185A1C302081F843002244FC
:10C0800094F8451082F843100233C7E70123224693
:10C0900049463846C0470130E6D00136D9E70000AE
:10C0A0002DE9FF470C469146277E0C99782F804654
:10C0B0009A4604F1430207D8622F0AD8002F00F0F5
:10C0C000D880582F00F0A38004F1420684F8427013
:10C0D0003AE0A7F16303152BF6D801A050F823F03E
:10C0E00039C104084DC10408C9C00408C9C0040806
:10C0F000C9C00408C9C004084DC10408C9C0040867
:10C10000C9C00408C9C00408C9C0040859C2040849
:10C110007DC104083BC20408C9C00408C9C00408A2
:10C120007BC20408C9C004087DC10408C9C0040852
:10C13000C9C0040843C204080B681A1D1B680A60C2
:10C1400004F1420684F842300123A3E02568086820
:10C150002E0600F104030AD505680B60002D03DAF2
:10C160002D236D4284F843305E480A2319E015F010
:10C17000400F05680B6018BF2DB2EFE70B6825680C
:10C18000181D0860280601D51D6802E06906FBD568
:10C190001D8854486F2F0CBF08230A23002184F800
:10C1A00043106668A660002EA2BF216821F004013A
:10C1B00021600DB9002E4DD01646B5FBF3F103FBFF
:10C1C0001157C75D06F8017D2F46BB420D46F4D9D5
:10C1D000082B0BD12368DF0708D5236961689942D2
:10C1E000DEBF302306F8013C06F1FF36921B2261C8
:10C1F000CDF800A04B4603AA21464046FFF7E2FED9
:10C2000001304CD14FF0FF3004B0BDE8F087354825
:10C2100084F8457023680E681F0656F8045B0E60AC
:10C2200014D5D90744BF43F0200323601DB9236808
:10C2300023F0200323601023B0E7236843F020039A
:10C2400023607823284884F84530E3E75E0648BF3A
:10C25000ADB2E6E71646BBE70B68266860691D1DB0
:10C260000D6035061B6801D5186002E07106FBD52C
:10C270001880002323611646BAE70B681A1D0A606E
:10C280001E68626800213046FDF7D2F808B1801BB5
:10C29000606063682361002384F84330A8E7236962
:10C2A000324649464046D0470130ABD023689B0711
:10C2B00013D4E068039B9842B8BF1846A4E7012353
:10C2C000324649464046D04701309BD00135E368AD
:10C2D00003995B1AAB42F2DCEBE7002504F1190687
:10C2E000F5E700BF349105084591050838B5064DBE
:10C2F0000023044608462B6000F084FC431C02D156
:10C300002B6803B1236038BDF42D0120F8B50E462B
:10C310001446054618B183690BB900F0D9F9214BD1
:10C320009C422BD16C68A369A360A3891A072FD5FF
:10C3300023696BB323692068C01A6369F6B283422C
:10C34000374604DC2146284600F02EF930BBA368AE
:10C35000013BA36023685A1C22601E706369013090
:10C36000834204D0A389DB0706D50A2E04D12146D7
:10C37000284600F019F988B93846F8BD0A4B9C42A6
:10C3800001D1AC68CFE7094B9C4208BFEC68CAE713
:10C390002146284600F00CF80028CBD04FF0FF379C
:10C3A000EAE700BF789105089891050858910508BB
:10C3B000324B70B51D6806460C4625B1AB6913B902
:10C3C000284600F085F92E4B9C420FD16C68A3895A
:10C3D000B4F90C2019072CD4DD0611D409233360DD
:10C3E00042F04003A3814FF0FF303EE0254B9C42DA
:10C3F00001D1AC68EBE7244B9C4208BFEC68E6E750
:10C40000580712D5616B41B104F14403994202D03F
:10C410003046FFF7D3FB00236363A38923F0240393
:10C42000A3810023636023692360A38943F0080389
:10C43000A38123694BB9A38903F42073B3F5007F6B
:10C4400003D02146304600F007FAA089B4F90C2049
:10C4500010F001030AD00023A36063695B42A3616B
:10C46000236943B910F08000BAD170BD810758BF6D
:10C470006369A360F4E70020F7E700BF600C0020C9
:10C4800078910508989105085891050808B5062087
:10C4900000F078FA012000F0CBFB00008A892DE93A
:10C4A000F041054610070C4658D44B68002B05DCBC
:10C4B0000B6C002B02DC0020BDE8F081E66A002E48
:10C4C000F9D0002312F480522F682B6032D0606DB7
:10C4D000A3895A0705D56368C01A636B0BB1236C37
:10C4E000C01A00230246E66A216A2846B047431C68
:10C4F000A38906D129681D292CD82A4ACA40D60703
:10C5000028D500226260D9042269226004D5421C29
:10C5100001D12B6803B96065616B2F600029CAD017
:10C5200004F14403994202D02846FFF747FB00205C
:10C530006063C1E7216A01232846B047411CC7D187
:10C540002B68002BC4D01D2B01D0162B01D12F60DE
:10C55000B1E7A38943F04003A381ADE70F69002F42
:10C56000A9D093070E6808BF4B690F6018BF00235E
:10C57000A6EB07088B60B8F1000F9CDD216AA66A64
:10C5800043463A462846B047002806DCA38943F0D4
:10C590004003A3814FF0FF308EE70744A8EB00086B
:10C5A000E9E700BF0100402038B50B6905460C469D
:10C5B00013B90025284638BD18B183690BB900F0BE
:10C5C00087F8144B9C421BD16C68B4F90C30002BDB
:10C5D000EFD0626ED00704D4990502D4A06D00F0AC
:10C5E00015F928462146FFF759FF636EDA0705461D
:10C5F000E0D4A3899B05DDD4A06D00F008F9D9E74C
:10C60000054B9C4201D1AC68DFE7044B9C4208BF5C
:10C61000EC68DAE7789105089891050858910508C3
:10C62000002310B50446C0E90033C0E90433836039
:10C6300081814366C2818361194608225C3000F023
:10C6400065F9054B6362054BA362054BE362054B3D
:10C650002462236310BD00BFBDC90408DFC90408FC
:10C6600017CA04083BCA0408014900F0AFB800BF6C
:10C67000A9C5040870B54A1E682555430E4605F144
:10C680007401FFF7EBFA044640B10021C0E900163F
:10C690000C30A06005F1680200F038F9204670BD4A
:10C6A000014800F0B3B800BFEC2D0120014800F0B4
:10C6B000AEB800BFEC2D0120014800F0A7B800BFC4
:10C6C000EB2D0120014800F0A2B800BFEB2D0120A6
:10C6D00010B50446FFF7F0FFA3691BB1BDE8104099
:10C6E000FFF7F0BFC4E912332365134B134A1B68ED
:10C6F000A262A34204BF0123A361204600F020F8F8
:10C700006060204600F01CF8A060204600F018F899
:10C710000022E06004216068FFF782FFA068012228
:10C720000921FFF77DFFE06802221221FFF778FF61
:10C730000123A361D2E700BF5090050869C6040831
:10C74000F8B50746FFF7ACFF1E4B1E68B36913B977
:10C750003046FFF7BDFF4836D6E90134013B03D52B
:10C7600033680BB33668F7E7B4F90C50D5B9164BFC
:10C77000E36004F15800656600F047F8FFF796FFA4
:10C78000C4E90155C4E904552560A561082229467C
:10C7900004F15C0000F0BAF8C4E90D55C4E9125583
:10C7A0002046F8BD6834D9E704213846FFF762FF18
:10C7B000044630600028D5D1FFF778FF0C233B609A
:10C7C000EEE700BF509005080100FFFF2DE9F84398
:10C7D0000646884600F148040027D4E90195B9F1DE
:10C7E000010905D52468002CF7D13846BDE8F88347
:10C7F000AB89012B07D9B5F90E30013303D0294697
:10C800003046C04707436835E9E7704770477047CF
:10C8100070B50E46B1F90E10002996B014461D46AB
:10C8200007DA00232B60B3891A0610D44FF4806313
:10C830000EE06A4600F028F90028F2DB019A02F4C3
:10C840007042A2F500535A425A412A60EEE7402353
:10C850000020236016B070BD8B8973B59D07064616
:10C860000C4607D504F1470323602361012363616C
:10C8700002B070BD01AB6A46FFF7CAFF00990546DA
:10C880003046FFF7EBF948B9B4F90C309A05EFD40C
:10C8900023F0030343F00203A381E3E70D4BB362EC
:10C8A000A389206043F08003A381009B6361019B07
:10C8B00020615BB1B4F90E10304600F0F7F828B1F2
:10C8C000A38923F0030343F00103A381A089054357
:10C8D000A581CDE769C60408884210B501EB0204C2
:10C8E00002D98442234607D8431EA14208D011F83A
:10C8F000012B03F8012FF8E7024401468A4200D1D8
:10C9000010BD13F8014D02F8014DF7E7024403464C
:10C91000934200D1704703F8011BF9E70148FFF784
:10C9200075BF00BFE82D01200148FFF770BF00BFB1
:10C93000E82D01201F2938B504460D4604D91623D9
:10C9400003604FF0FF3038BD426C12B152F8213015
:10C950004BB9204600F030F82A4601462046BDE893
:10C96000384000F017B8012B0AD0591C03D1162308
:10C9700003600120E7E7002442F825402846984755
:10C980000020E0E7024B01461868FFF7D3BF00BF65
:10C99000600C002038B5074D0023044608461146B8
:10C9A0002B6000F017F9431C02D12B6803B1236000
:10C9B00038BD00BFF42D012000F0FCB810B50C46C6
:10C9C000B1F90E1000F094F80028ABBF636DA38995
:10C9D0001B1823F48053ACBF6365A38110BD2DE900
:10C9E000F0411F468B89DB0505460C46164605D5EA
:10C9F000B1F90E100223002200F068F8A389B4F9FF
:10CA00000E1023F48053A38132463B462846BDE8EE
:10CA1000F04100F017B810B50C46B1F90E1000F057
:10CA200055F8431CA38915BF606523F4805343F474
:10CA30008053A38118BFA38110BDB1F90E1000F07F
:10CA400013B8000038B5074D0446084611460022C9
:10CA50002A601A4600F0E4F8431C02D12B6803B1A7
:10CA6000236038BDF42D012038B5064D002304465F
:10CA700008462B6000F08EF8431C02D12B6803B1EE
:10CA8000236038BDF42D012038B5074D002304463E
:10CA9000084611462B6000F085F8431C02D12B6834
:10CAA00003B1236038BD00BFF42D012038B5064D19
:10CAB0000023044608462B6000F084F8431C02D192
:10CAC0002B6803B1236038BDF42D012038B5074D24
:10CAD00004460846114600222A601A4600F082F8F1
:10CAE000431C02D12B6803B1236038BDF42D012013
:10CAF00038B5074D04460846114600222A601A46FA
:10CB000000F078F8431C02D12B6803B1236038BDD4
:10CB1000F42D012030B501390024A24201D10020BA
:10CB200005E0035D01340D5DAB42F6D0581B30BD0E
:10CB3000C9B2034610F8012B1AB18A42F9D118463E
:10CB40007047002918BF0023F9E710B56AB1013911
:10CB5000841810F8013B11F8012F934203D1A04231
:10CB600001D0002BF5D1981A10BD1046FCE710B586
:10CB70000139034632B111F8014F03F8014B013A74
:10CB8000002CF7D11A440021934200D110BD03F8C4
:10CB9000011BF9E7024B58221A604FF0FF30704733
:10CBA000F42D0120024B58221A604FF0FF307047DD
:10CBB000F42D0120024B58221A604FF0FF307047CD
:10CBC000F42D0120024B58221A600020704700BF4C
:10CBD000F42D0120024B58221A604FF0FF307047AD
:10CBE000F42D0120024B58221A604FF0FF3070479D
:10CBF000F42D0120024B58221A604FF0FF3070478D
:10CC0000F42D0120044A05491368002B08BF0B4688
:10CC10001844106018467047E42D0120D8F7012011
:10CC2000024B58221A604FF0FF307047F42D01205C
:10CC3000FEE700BF2D330408FD2F0408D532040899
:10CC4000113304087932040861310408D131040831
:10CC500021320408A9320408655F04089916040803
:10CC6000C15E04086D5E0408255E0408D95D0408F1
:10CC7000315D040871160408511604088D5D04081E
:10CC800000000000A55C04084D1604080000000028
:10CC9000000000000A00000000000000000000008A
:10CCA0000000000000000000000000000100000083
:10CCB0000000000000010203040505050505060645
:10CCC00006060606000000502D00000000000000CF
:10CCD0000000000000000000000000000000000054
:10CCE0000000000000000000000000000000000044
:10CCF0000000000000000000000000000000000034
:10CD00000000000000000000000000000000000023
:10CD10000000000000000000000000000000000013
:10CD20000000000000000000000000000000000003
:10CD300000000000000000000000000000000000F3
:10CD400000000000000000000000000000000000E3
:10CD500000000000000000000000000000000000D3
:10CD600000000000000000000000000000000000C3
:10CD700000000000000000000000000000000000B3
:10CD800000000000000000000000000000000000A3
:10CD90000000000000000000000000000000000093
:10CDA000000100502D000000000000000000000005
:10CDB0000000000000000000000000000000000073
:10CDC0000000000000000000000000000000000063
:10CDD0000000000000000000000000000000000053
:10CDE0000000000000000000000000000000000043
:10CDF0000000000000000000000000000000000033
:10CE00000000000000000000000000000000000022
:10CE10000000000000000000000000000000000012
:10CE20000000000000000000000000000000000002
:10CE300000000000000000000000000000000000F2
:10CE400000000000000000000000000000000000E2
:10CE500000000000000000000000000000000000D2
:10CE600000000000000000000000000000000000C2
:10CE7000000000000000000000000000000400505E
:10CE80002E00000000000000000000000000000074
:10CE90000000000000000000000000000000000092
:10CEA0000000000000000000000000000000000082
:10CEB0000000000000000000000000000000000072
:10CEC0000000000000000000000000000000000062
:10CED0000000000000000000000000000000000052
:10CEE0000000000000000000000000000000000042
:10CEF0000000000000000000000000000000000032
:10CF00000000000000000000000000000000000021
:10CF10000000000000000000000000000000000011
:10CF20000000000000000000000000000000000001
:10CF300000000000000000000000000000000000F1
:10CF400000000000000000000000000000000000E1
:10CF50000000000000000000000500502E0000004E
:10CF600000000000000000000000000000000000C1
:10CF700000000000000000000000000000000000B1
:10CF800000000000000000000000000000000000A1
:10CF90000000000000000000000000000000000091
:10CFA0000000000000000000000000000000000081
:10CFB0000000000000000000000000000000000071
:10CFC0000000000000000000000000000000000061
:10CFD0000000000000000000000000000000000051
:10CFE0000000000000000000000000000000000041
:10CFF0000000000000000000000000000000000031
:10D000000000000000000000000000000000000020
:10D010000000000000000000000000000000000010
:10D020000000000000000000000000000000000000
:10D0300000000000000600502E000000000000006C
:10D0400000000000000000000000000000000000E0
:10D0500000000000000000000000000000000000D0
:10D0600000000000000000000000000000000000C0
:10D0700000000000000000000000000000000000B0
:10D0800000000000000000000000000000000000A0
:10D090000000000000000000000000000000000090
:10D0A0000000000000000000000000000000000080
:10D0B0000000000000000000000000000000000070
:10D0C0000000000000000000000000000000000060
:10D0D0000000000000000000000000000000000050
:10D0E0000000000000000000000000000000000040
:10D0F0000000000000000000000000000000000030
:10D10000000000000000000000000000000000001F
:10D1100000010000000084CB1200000000010000AC
:10D12000000021C3100000001003000002003004C2
:10D13000010000001103000004006008020000006C
:10D14000120100000800900C030000001301000011
:10D150001000C0100400000014020000000052473C
:10D160001100000015020000002090360D000000A4
:10D17000160200000800900C0300000017020000D7
:10D180001000C0100400000018100000020030045D
:10D1900001000000191000000400600802000000F7
:10D1A000200100000080F03E0F000000200400007D
:10D1B000001060320C0000002101000000106032FD
:10D1C0000C000000210400000200300401000000F7
:10D1D00022020000001060320C0000002B0300004F
:10D1E0000040C03A0E0000002C0100000008302E64
:10D1F0000B0000002C0800000800900C0300000049
:10D200002D1000000800900C030000002E0100000B
:10D210002000F014050000002E0800001000C010CF
:10D22000040000002F0200000080F03E0F0000000C
:10D230002F0800002000F01405000000300300005B
:10D240004000201906000000310300008000501D3E
:10D2500007000000320300000001802108000000E8
:10D26000330300000002B025090000003402000072
:10D270002000F01405000000350200000008302EE8
:10D280000B000000480200000080F03E0F0000008C
:10D2900048080000001060320C000000490800003F
:10D2A000001060320C000000491000000020903691
:10D2B0000D0000004A1C00008000501D0700000007
:10D2C0004B1C000000018021080000004C1C0000E5
:10D2D0000002B025090000004D1C00000004002AD7
:10D2E0000A0000004E1C00000008302E0B00000059
:10D2F000570400001000C01004000000581C00007B
:10D3000040002019060000005904000004006008D5
:10D31000020000005A1C00000040C03A0E0000004D
:10D320005B1C00000080F03E0F0000005C1C000051
:10D3300000002143100000005D0400000800900C74
:10D34000030000005E08000002003004010000003D
:10D350005F080000040060080200000000000000F8
:10D36000060000000C000000120000001800000081
:10D370000001000006010000010203040506FEFE94
:10D38000FEFEFEFEFEFEFEFEFEFEFEFEFEFEFEFEBD
:10D39000FEFEFEFEFEFEFEFEFEFEFEFEFEFEFEFEAD
:10D3A000FEFEFEFEFEFEFEFEFEFEFEFEFEFEFEFE9D
:10D3B000FEFEFEFEFEFEFEFEFEFEFEFEFEFEFEFE8D
:10D3C000FEFEFE00FE07FEFE08090AFE0B0000003E
:10D3D000002C01404B1B000000000040601C0000BE
:10D3E00000040040611D000000080040621E0000B3
:10D3F000000C004063320000001000406436000062
:10D400000014004065370000003401404D2E00003C
:10D410000040014050180000004401405119000034
:10D4200000480140521A00000050014054500000D2
:10D43000808D5B00001BB70000366E01010000000C
:10D4400000000000000000000000000010000000CC
:10D4500000000000000000000000000000010000CB
:10D4600000000000000000000000000000100000AC
:10D4700000020000000000000004000000000000A6
:10D48000000800000000000000100000A140030898
:10D49000697E03089D4003089940030895400308EE
:10D4A000914003088D400308894003088540030824
:10D4B000A14003082D7F0308F5400308F940030845
:10D4C00095400308414F0408054E0308014E030828
:10D4D000E140030891840408A52404088559040840
:10D4E00035230408895104080550040875510408BF
:10D4F000A150040825230408A1400308BD5D0208CB
:10D50000C15D0208F55D0208000000000000000097
:10D510000000000000000000A95D0208B95B0108DE
:10D52000D75B0108955B0108F15B0108B75B010857
:10D530004D5C0108B35B0108000000000000000022
:10D54000000000000000000000000000C81D0120D5
:10D55000D82D0120FFFF000000000000000008009F
:10D56000000008000008000000000000040404049B
:10D570003838000000020102000000000000000036
:10D580000000000000000000000000030080830095
:10D590000000000000000000000600000000000085
:10D5A0000000000001020304040208000010101033
:10D5B000041010100210101008000000D95F0108BC
:10D5C000196001088D06010849070108A55C0108DA
:10D5D000000000000000FFFF000000FF1E0000FF31
:10D5E0003C0000FF5A0000FF780000FF960000FF9B
:10D5F000B40000FFD20000FFF00000FF0E0100FFAA
:10D600002C0100FF4A0100FF010B020D0A030A0B67
:10D61000040D0A03080B040D0A03070B030D0A038C
:10D62000060A0100000203060000000000000000DE
:10D6300080250000004B00000096000000E1000083
:10D6400000C201000084030090D00300801A06008D
:10D650000008070020A1070000100E0040420F0044
:10D6600060E3160080841E0070B025006701FF0093
:10D67000FF000000000500002024050844240508E0
:10D68000010400005C240508802405080203000052
:10D6900094240508B824050803020000CC240508DA
:10D6A000F02405080401000004250508FC600508B5
:10D6B0000100000000000000020000000000000067
:10D6C00003000000000000000400000015620108D3
:10D6D000155401084D5301087555010841560108BC
:10D6E0003D570108F1580108B15901089961010835
:10D6F000415A01080400010002000200200003005A
:10D7000000000000684605080024050808240508F4
:10D71000142405080824050814240508DC050CFE5B
:10D72000F401F401F4014D0100000000C4430020A5
:10D7300040440020B44500203046002048430020EB
:10D74000C843002044440020B8450020344600204F
:10D750004C430020D665CF64C862C35FBE59BB533B
:10D76000B94EB748B645B542B43FB33CA40000003B
:10D770000000000000000000000000000000000D9C
:10D78000424C48656C69F47D000000000000000018
:10D790000004181824640000000018183064000009
:10D7A0000000D007D007D007D0070000000000001D
:10D7B000000032006E0A0100815A0208F95A02087C
:10D7C000D95A0208A15A02088D6802086D5A020847
:10D7D0007D5A020800000000000000000000000068
:10D7E0000000000000000000482C0508FF000001B8
:10D7F00006090000E44F0508FF00000102000000D8
:10D80000582C05080001000001080100582C0508EB
:10D810000101000001080100582C05080201000068
:10D8200001080100582C050803010000010801004F
:10D83000642C05080001000001080200642C0508A2
:10D840000101000001080200642C0508020100002B
:10D8500001080200642C0508030100000108020011
:10D86000702C05080001000001080300702C050859
:10D870000101000001080300702C050802010000EE
:10D8800001080300702C05080301000001080300D3
:10D89000782C05080001000001070400782C050819
:10D8A0000101000001070400782C050802010000B6
:10D8B00001070400802C0508000100000107040096
:10D8C000802C05080101000001070400802C0508D8
:10D8D0000201000001070400882C05080001000077
:10D8E00001070400882C050801010000010704005D
:10D8F000882C05080201000001070400902C05088F
:10D900000001000001070400902C0508010100003F
:10D9100001070400902C0508020100000107040023
:10D92000982C05080001000001070500982C050847
:10D930000101000001070500982C05080201000004
:10D9400001070500A42C05080001000003000600E3
:10D95000A42C05080101000003000600A42C050802
:10D960000201000003000600AC2C050800010000C5
:10D9700003000700AC2C05080101000003000700AC
:10D98000AC2C05080201000003000700B42C0508B8
:10D990000001000003000800B42C0508010100008C
:10D9A00003000800B42C0508020100000300080071
:10D9B000BC2C05080001000001060900BC2C05086C
:10D9C0000101000001060900BC2C0508020100004D
:10D9D00001060900102C0508FF01000001060A00DD
:10D9E000C42C0508FF01000001060A00CC2C050824
:10D9F000FF00000101060B00D42C0508FF000903FD
:10DA000001000C00DC2C0508FF00000101000D00E6
:10DA1000E4500508FF00000103000E00E42C050897
:10DA2000FF00000103000F00F02C050800010000BA
:10DA300003001000F02C0508010100000300110094
:10DA4000F02C05080201000003001200F02C05086C
:10DA50000301000003001300F82C05080000080073
:10DA600003001400F82C050801000800030015004D
:10DA7000F82C05080200080003001600F82C050821
:10DA80000300080003001700F82C05080400080034
:10DA900003001800F82C0508050008000300190011
:10DAA000F82C05080600080003001A00F82C0508E9
:10DAB0000700080003001B00002D050800010000FE
:10DAC00001001C00002D05080101000001001C00E0
:10DAD000002D05080201000001001C00002D0508B2
:10DAE0000301000001001C00002D050804010000D6
:10DAF00001001C00002D05080501000001001C00AC
:10DB0000002D05080601000001001C00002D05087D
:10DB10000701000001001C003C2C0508000100006A
:10DB20003C2C050801010000E44F0508FF000A0134
:10DB30001D000000F42B0508FF000001000000009C
:10DB4000002C05080001070000000000002C05085B
:10DB500001010700000000000C2C0508FF00000177
:10DB6000000000001C2C0508FF0000010000000060
:10DB7000282C0508FF000001000000009C2B050870
:10DB8000FF000001AC2B0508FF000001B82B0508C1
:10DB9000FF000007C82B0508FF000007DC2B050865
:10DBA000FF0000070001020304050600282A0508FB
:10DBB000000000002C2A050801010000342A050895
:10DBC000020200003C2A050804030000442A05085C
:10DBD0000A0D00004C2A05080C0F0000542A050805
:10DBE0000D1100005C2A05080E130000682A0508C4
:10DBF0000F140000742A0508111A0000802A050875
:10DC0000071B00008C2A0508121F0000A42A050823
:10DC100013200000B82A050814210000CC2A0508AA
:10DC200015220000E02A050808240000E82A05085B
:10DC300010250000042B050816270000142B0508EA
:10DC40001A2800001C2B05081B290000242B05089E
:10DC50001C2A00002C2B05081D2B0000342B050866
:10DC6000092D0000402B0508062E00004C2B05084E
:10DC7000032F0000542B050817300000682B0508FF
:10DC800018320000782B050819330000902B050886
:10DC90000B340000442B050805350000BC250508A1
:10DCA000C8250508A8250508B425050814000102A3
:10DCB00003041E1F2800000080969800809698009C
:10DCC000EC2D0508FC600508FF000000F42D050898
:10DCD0003C31050804200000FC2D050890230508B0
:10DCE00004400000A82E0508EC26050804400000AA
:10DCF000042E0508102E050804000000142E050847
:10DD000010350508042000001C2E0508282E0508E3
:10DD1000042000002C2E0508282E050804200000F1
:10DD20009C2E0508282E050804200000382E050822
:10DD3000402E050804400000442E0508FC6005083C
:10DD400004000000502E0508FC60050809000000D2
:10DD50005C2E0508FC60050809000000642E05081B
:10DD6000402E050804400000702E0508EC2605082A
:10DD700004000000802E0508282E0508042000005D
:10DD8000902E0508FC600508FF000000982E05088D
:10DD9000282E050804200000A42E0508EC260508FE
:10DDA00004400000B42E0508FC6005080460000073
:10DDB000C02E0508FC60050804600000CC2E050894
:10DDC000FC6005080460000001020000030300007D
:10DDD0000404000019660008916100084D61000804
:10DDE000DDBB0008BB6100089D610008B961000847
:10DDF000AD610008A161000839660008896100086A
:10DE00001166000801000000E42D05089C2F05089C
:10DE100002010000E02D0508AC2F050803020000F8
:10DE2000CC2D0508B42F050804030000C42D0508F7
:10DE3000C42F050805040000BC2D0508D02F0508D7
:10DE400006050000B02D0508D82F050816060000AD
:10DE5000A82D0508E82F050807070000A42D0508D0
:10DE6000FC2F050808080000A02D05080C30050847
:10DE70000909000078CA0020143005080A0A0000C9
:10DE80009C2D0508203005080B0B0000942D05087B
:10DE9000283005080C0C00008C2D050838300508CA
:10DEA0000D0D00007C2D0508503005080E0E0000F9
:10DEB00078CA00205C3005080F0F0000B0E30408AA
:10DEC0006830050810100000A8E304087830050841
:10DED000111100000000000080300508121200003F
:10DEE000000000008C30050813130000942D050875
:10DEF0009430050814150000742D0508A430050899
:10DF0000151600006C2D0508B8300508171800001C
:10DF100000000000D0300508020000C0030000A08F
:10DF200004000090050000880500008006000074D1
:10DF3000060000700600006C060000680700006222
:10DF4000070000600700005E0700005C0700005A41
:10DF50000700005807000056060000640700005440
:10DF60000700005208000051080000500800004F50
:10DF70000800004E0800004D0800004C0800004B4F
:10DF80000800004A0800004908000048080000474F
:10DF9000080000460800004508000044080000434F
:10DFA0000800004208000041080000400900803CD1
:10DFB0000900003C0900803B0900003B0900803A51
:10DFC0000900003A09008039090000390900803849
:10DFD00009000038090080370800003F09000037B9
:10DFE0000900803609000036090080350900003537
:10DFF000090080340900003409008033090000332F
:10E000000900803209000032090080310900003126
:10E0100009008030090000300800003E0900802F10
:10E020000900002F0900802E0900002E0900802D14
:10E030000900002D0900802C0900002C0900802B0C
:10E040000A00C0270A0080270900002B0A00402789
:10E050000A0000270900802A050000780900002A2C
:10E060000A00C0260A0080260A0040260A00002670
:10E070000A00C0250A0080250A0040250A00002564
:10E080000A00C0240A0080240A0040240A00002458
:10E090000A00C0230A0080230A0040230A0000234C
:10E0A0000A00C0220A0080220A0040220A00002240
:10E0B0000A00C0210A0080210A0040210A00002134
:10E0C0000A00C0200A0080200A0040200A00002028
:10E0D0000A00C01F0A00801F0A00401F0A00001F1C
:10E0E0000A00C01E0A00801E0A00401E0A00001E10
:10E0F0000A00C01D0A00801D0A00401D0A00001D04
:10E100000A00C01C0A00801C0A00401C0A00001CF7
:10E110000A00C01B0A00801B090080290A00401B5E
:10E120000A00001B0A00C01A0A00801A0A00401ADE
:10E130000A00001A0A00C0190A0080190A004019D2
:10E140000A0000190A00C0180A0080180A004018C6
:10E150000A0000180A00C0170A0080170A004017BA
:10E160000A0000170A00C0160A0080160A004016AE
:10E170000A0000160A00C0150A0080150A004015A2
:10E180000A0000150A00C0140A0080140A00401496
:10E190000A0000140A00C0130A0080130A0040138A
:10E1A0000A0000130A00C0120A0080120A0040127E
:10E1B0000A0000120A00C0110A0080110A00401172
:10E1C0000A0000110A00C0100A0080100A00401066
:10E1D0000A0000100A00C00F0A00800F0A00400F5A
:10E1E0000A00000F0A00C00E0A00800E0A00400E4E
:10E1F0000A00000E0A00C00D0A00800D0A00400D42
:10E200000A00000D0A00C00C0A00800C0A00400C35
:10E210000A00000C0A00C00B0A00800B0A00400B29
:10E220000A00000B0A00C00A0A00800A0A00400A1D
:10E230000A00000A0A00C0090A0080090A00400911
:10E240000A0000090A00C0080A0080080A00400805
:10E250000A0000080A00C0070A0080070A004007F9
:10E260000A0000070A00C0060A0080060B0020030F
:10E270000A0040060A0000060A00C0050A008005E0
:10E280000A0040050A0000050A00C0040B00000354
:10E290000A0080040A004004090000290A00000462
:10E2A0000A00C0030B00E0020A0080030B00C0025A
:10E2B0000B00A0020B0080020B0060020B0040026A
:10E2C0000B0020020B0000020B00E0010B00C0015C
:10E2D0000B00A0010A0040030800003D090080284F
:10E2E0000B0080010B0060010B0040010B002001BE
:10E2F0000B0000010B00E0000B00C0000C00100040
:10E300000B00A0000B0080000B0060000B00400021
:10E310000B002000090000280C0000000000000095
:10E3200000000000000032006400000064003200C1
:10E33000640000006400320032000000000032007F
:10E3400032000000000002001901002828280A0AF3
:10E350000F005A005A005A000000000F0F1400006E
:10E36000003232320000640064000000000000004F
:10E370003200000000003237324B4B004B143200A9
:10E380000000281E14281414F4019001FA00F4016E
:10E39000140014000A00F401FA00D007E803641422
:10E3A000140000000000286400F50A05FF000000CA
:10E3B00000640AFF0000004010000000000100009F
:10E3C0000800024038000000080002403C00000045
:10E3D00001000000000000401104000000010000E6
:10E3E0000800024039000000080002403C00000024
:10E3F00001000000000000401208000000010000C1
:10E40000080002403A000000080002403C00000002
:10E410000100000000000040130C0000000100009B
:10E42000080002403B000000080002403C000000E1
:10E430000100000000000040150000000001000085
:10E440000800024038000000080002403C000000C4
:10E45000010000000044014016000000000100001F
:10E460000800024052000000080002405300000073
:10E4700001000000004801401700000000010000FA
:10E48000080002405400000008000240550000004F
:10E4900001000000004401401C00000000010000D9
:10E4A0000800024052000000080002405300000033
:10E4B00001000000004401401D00000002010000B6
:10E4C0000800024052000000080002405300000013
:10E4D00001000000000000401F00000000010000DB
:10E4E0000800024038000000080002403C00000024
:10E4F00001000000000C00401000000000020000BD
:10E500000800024048000000080002404C000000E3
:10E5100001000000000C0040110400000002000097
:10E520000800024049000000080002404C000000C2
:10E5300001000000000C0040120800000002000072
:10E54000080002404A000000080002404C000000A1
:10E5500001000000000C0040130C0000000200004D
:10E56000080002404B000000080002404C00000080
:10E57000010000000004004014040000000200003C
:10E58000080002403E000000080002404100000078
:10E59000010000000004004016000000000200001E
:10E5A000080002403D000000080002404100000059
:10E5B00001000000000400401704000000020000F9
:10E5C000080002403E000000080002404100000038
:10E5D00001000000003401401F00000000020000A4
:10E5E0000800024031000000080002403500000031
:10E5F0000100000000340140170000000204000088
:10E600000800024031000000080002403500000010
:10E6100001000000003401401E040000000500005D
:10E6200008000240320000000800024035000000EF
:10E6300001000000002C014017000000020600004D
:10E64000080002402A000000080002402E000000DE
:10E6500001000000002C014018000000000600002E
:10E66000080002402A000000080002402E000000BE
:10E6700001000000002C0140190400000006000009
:10E68000080002402B000000080002402E0000009D
:10E6900001000000002C01401A08000000060000E4
:10E6A000080002402C000000080002402E0000007C
:10E6B00001000000002C01401B00000002060000C9
:10E6C000080002402A000000080002402E0000005E
:10E6D00001000000002C01401C04000002060000A4
:10E6E000080002402B000000080002402E0000003D
:10E6F000010000000040014011000000020900007C
:10E70000080002404E000000080002404F000000D8
:10E71000010000000040014012000000000900005C
:10E72000080002404E000000080002404F000000B8
:10E730000100000000400140130400000009000037
:10E7400000000000FF000000080002404F00000031
:10E75000010000000000004019080000000A00004D
:10E76000080002403A000000080002403C0000009F
:10E7700001000000000000401A0C0000000A000028
:10E78000080002403B000000080002403C0000007E
:10E7900001000000000800401B000000000A00000B
:10E7A000080002404300000008000240470000004B
:10E7B00001000000000800401C040000000A0000E6
:10E7C000080002404400000008000240470000002A
:10E7D00001000000000800401D080000000A0000C1
:10E7E0000800024045000000080002404700000009
:10E7F00001000000002C01401B0C0000000B000079
:10E80000080002402D000000080002402E00000019
:10E81000010000000000004023040000000100008F
:10E820000800024039000000080002403C000000DF
:10E83000010000000044014024000000000100002D
:10E84000080002405200000008000240530000008F
:10E850000100000000440140260000000201000009
:10E86000080002405200000008000240530000006F
:10E8700001000000004801402700000002010000E4
:10E88000080002405400000008000240550000004B
:10E8900001000000004401402800000000010000C9
:10E8A000080002405200000008000240530000002F
:10E8B00001000000004801402900000000010000A4
:10E8C000080002405400000008000240550000000B
:10E8D00001000000000000402A08000000010000C4
:10E8E000080002403A000000080002403C0000001E
:10E8F00001000000000000402B0C0000000100009F
:10E90000080002403B000000080002403C000000FC
:10E9100001000000004001402E0000000001000046
:10E92000080002404E000000080002404F000000B6
:10E9300001000000004001402F0400000001000021
:10E9400000000000FF000000080002404F0000002F
:10E950000100000000040040200800000002000048
:10E96000080002403F000000080002404100000093
:10E970000100000000040040210C00000002000023
:10E980000800024040000000080002404100000072
:10E9900001000000000C0040220000000002000006
:10E9A0000800024048000000080002404C0000003F
:10E9B00001000000000400402400000000020000EC
:10E9C000080002403D000000080002404100000035
:10E9D00001000000000400402504000000020000C7
:10E9E000080002403E000000080002404100000014
:10E9F00001000000000800402600000000020000A6
:10EA000008000240430000000800024047000000E8
:10EA10000100000000080040270400000002000080
:10EA200008000240440000000800024047000000C7
:10EA3000010000000008004028080000000200005B
:10EA400008000240450000000800024047000000A6
:10EA50000100000000080040290C00000002000036
:10EA60000800024046000000080002404700000085
:10EA700001000000004001402F00000002020000E1
:10EA8000080002404E000000080002404F00000055
:10EA900001000000005001402200000000030000BF
:10EAA0000800024056000000080002405A00000022
:10EAB00001000000003401402508000002030000AE
:10EAC000080002403300000008000240350000004A
:10EAD0000100000000340140200400000204000096
:10EAE000080002403200000008000240350000002B
:10EAF0000100000000340140210800000204000071
:10EB00000800024033000000080002403500000009
:10EB10000100000000340140230000000204000056
:10EB200008000240310000000800024035000000EB
:10EB30000100000000340140240400000204000031
:10EB400008000240320000000800024035000000CA
:10EB500001000000002C01402F080000020400000A
:10EB6000080002402C000000080002402E000000B7
:10EB700001000000003401402600000000050000F4
:10EB8000080002403100000008000240350000008B
:10EB900001000000002C01402004000002060000DB
:10EBA000080002402B000000080002402E00000078
:10EBB00001000000002C01402108000002060000B6
:10EBC000080002402C000000080002402E00000057
:10EBD00001000000002C01402D0000000206000092
:10EBE000080002402A000000080002402E00000039
:10EBF00001000000002C01402E040000020600006D
:10EC0000080002402B000000080002402E00000017
:10EC1000010000000048014025000000000A00003B
:10EC200008000240540000000800024055000000A7
:10EC30000100000000040040270C0000000A000052
:10EC400008000240400000000800024041000000AF
:10EC5000010000000034014028040000000A000008
:10EC600008000240320000000800024035000000A9
:10EC7000010000000034014029080000000A0000E3
:10EC80000800024033000000080002403500000088
:10EC900001000000002C014029080000020B0000C8
:10ECA000080002402C000000080002402E00000076
:10ECB00001000000000C00403C04000000010000C6
:10ECC0000800024049000000080002404C0000001B
:10ECD00001000000002C0140300000000002000094
:10ECE000080002402A000000080002402E00000038
:10ECF00001000000002C014031040000000200006F
:10ED0000080002402B000000080002402E00000016
:10ED100001000000002C0140320800000002000049
:10ED2000080002402C000000080002402E000000F5
:10ED300001000000002C0140330C00000002000024
:10ED4000080002402D000000080002402E000000D4
:10ED50000100000000040040360000000002000036
:10ED6000080002403D000000080002404100000091
:10ED70000100000000040040370400000002000011
:10ED8000080002403E000000080002404100000070
:10ED900001000000000400403808000000020000EC
:10EDA000080002403F00000008000240410000004F
:10EDB0000100000000040040390C000000020000C7
:10EDC000080002404000000008000240410000002E
:10EDD0000100000000340140360000000004000083
:10EDE0000800024031000000080002403500000029
:10EDF000010000000034014037040000000400005E
:10EE00000800024032000000080002403500000007
:10EE10000100000000340140380800000004000038
:10EE200008000240330000000800024035000000E6
:10EE30000100000000340140390C00000004000013
:10EE400008000240340000000800024035000000C5
:10EE500001000000003401403A00000002040000FC
:10EE600008000240310000000800024035000000A8
:10EE700001000000003401403B04000002040000D7
:10EE80000800024032000000080002403500000087
:10EE900001000000003401403C08000002040000B2
:10EEA0000800024033000000080002403500000066
:10EEB00001000000002C01403D00000002040000A1
:10EEC000080002402A000000080002402E00000056
:10EED0000100000000500140320400000006000064
:10EEE0000800024057000000080002405A000000DD
:10EEF00001000000002C0140350C0000020600005B
:10EF0000080002402D000000080002402E00000012
:10EF10000100000000500140380800000006000019
:10EF20000800024058000000080002405A0000009B
:10EF300001000000003401403D0C0000020600000A
:10EF400008000240340000000800024035000000C4
:10EF500001000000000000000100000002000000AD
:10EF60000300000004000000280000001E00000054
:10EF70001F00000020212223242500007A790508A3
:10EF800024610508446105089500040876790508A0
:10EF9000D4610508E4610508C90504081062050884
:10EFA000186205083C62050825D203085D7905084A
:10EFB0004862050874620508A9E303085679050844
:10EFC000886205087462050899E30308B0620508C1
:10EFD000B8620508000000006DD90308E06205086A
:10EFE000E4620508FC620508A9D203080463050869
:10EFF0001063050838630508CDDA0308486305087F
:10F00000586305088063050845DA03087079050828
:10F01000906305080000000009FC03088C8B0508BC
:10F02000A4630508C463050815110408EC6305080A
:10F03000F063050800000000ADC003080C6405087B
:10F04000146405083C64050861A103089C76050862
:10F05000706405088C64050851A80308D864050885
:10F06000F0640508000000005D51030818650508FC
:10F07000246505083C6505083DE103085065050861
:10F08000586505083C64050865A103086C6505081A
:10F09000746505089065050835D70308B06505084F
:10F0A000000000000000000075C003082F7805086C
:10F0B000B865050874620508B5E30308CC65050862
:10F0C000D865050800000000DDE40308EC650508CC
:10F0D000F86505080000000035DC03081066050827
:10F0E000000000001C66050855DB030830660508B3
:10F0F0003C66050800000000E5D203085C660508D0
:10F100000000000068660508C1DB03087C6605088E
:10F11000806605089466050869A103089C660508D1
:10F12000AC66050800000000CFB80308C8660508F3
:10F13000D8660508000000007DD803080C670508A4
:10F14000FC66050814670508414F0308C8850508D3
:10F15000246705080000000049FD0308346705081E
:10F160004467050870670508BDD9030837780508A6
:10F1700084670508A0670508B9D80308A8670508CB
:10F18000B0670508000000009DD90308702C050831
:10F19000CC670508DC67050871EF03086B79050883
:10F1A0001C69050800000000E9FA0308F02C0508B6
:10F1B000406905085469050875D503089469050870
:10F1C00098690508B06905084DB10308CC690508C0
:10F1D00000000000D869050859D4030849780508DB
:10F1E000E4690508D8690508FDD30308F469050832
:10F1F000006A0508D8690508A3D30308146A05083E
:10F20000246A050800000000D54F0308546A050869
:10F21000606A0508746A0508C5AB03083B780508F1
:10F22000AC6A05080000000029DD030882790508A2
:10F23000CC6A05080000000061FE0308C8780508D4
:10F24000E86A05080000000009100408F86A0508CB
:10F25000006B05080000000045E503083279050849
:10F260000C6B0508000000005D030408246B050812
:10F27000386B0508746B050839E603083979050809
:10F28000C46B0508D86B0508BDF503080C3E0508DE
:10F29000986C0508A86C050869AE0308BC6C0508E5
:10F2A000C86C0508EC6C050899070408F86C05089B
:10F2B000006D050800000000D55603080C6D050818
:10F2C000146D0508000000003D5503081579050878
:10F2D000246D0508346D050809A50308697805083B
:10F2E000906D050800000000595103082C5D0508C9
:10F2F000B4600508345D0508385D0508405D050803
:10F3000060340508B02C0508485D0508545D050803
:10F31000605D0508685D0508745D0508805D050889
:10F320008C5D0508945D05089C5D0508AC5D0508CD
:10F33000D82E0508B85D0508E85C0508DC5C050802
:10F34000C05D0508C85D0508A4380508D05D05083E
:10F35000D85D0508E45D0508EC5D0508F45D050869
:10F36000FC5D0508045E0508105E0508205E0508C2
:10F370002C5E0508345E05083C5E0508445E050801
:10F38000505E0508585E0508645E0508705E050855
:10F39000B0350508805E0508442A05088C5E05081E
:10F3A000905E0508985E0508A45E0508B05E050835
:10F3B000BC5E0508C45E0508D05E0508D85E050879
:10F3C000E45E0508F45E0508005F0508145D0508A5
:10F3D00058350508105F0508185F0508205F050807
:10F3E0002C5F0508305F05083C5F0508485F05088D
:10F3F000505F05085C5F0508705F0508885F0508B9
:10F40000A05F0508AC5F0508B85F0508C45F050884
:10F41000D05F0508DC5F0508E85F0508F45F0508B4
:10F42000006005080C6005081860050824600508E0
:10F430003060050838600508446005085460050818
:10F440005860050870600508D03405082B00F701E6
:10F450000000000003000600010D04000400340059
:10F46000010008000200FB01000000000100FC0197
:10F47000010008002F001B00000100000B00FD012F
:10F4800001000C000C00FD01010C0C00150006022F
:10F490000600040016000602060104000500F9013A
:10F4A000010003002D001800000B000035001800BB
:10F4B000000C0000120008020500040013000802FE
:10F4C00005010400140008020502040036000902C8
:10F4D000000000000700FE01000100000A00FE011C
:10F4E000000300000800FE01000500000900FE0105
:10F4F000000700002100260000020000270026006F
:10F50000000600005000260000070000340028001C
:10F510000006000028002800000700001E00FF0170
:10F52000000200001F00FF01000100003B0011026B
:10F53000010004003C001302000100002000FA0159
:10F540000000000026001C020E06020022001C0221
:10F550000E0302002A0013020003000051002702DC
:10F560000100040052002802010004005700E803D3
:10F5700001000400D1750508D6750508C675050893
:10F58000CB750508B05C0508C05C0508D05C0508B3
:10F59000F02E0508F82E0508502F0508AC5C05086C
:10F5A00058350508442F0508A85C05080000000030
:10F5B000800105082C01050808010508E800050878
:10F5C000D8000508D05B0508D45B0508DC5B05089E
:10F5D000E85B0508F45B0508FC5B0508802A050864
:10F5E000045C05080C5C0508145C0508205C050833
:10F5F000285C05086C3905082C2A0508305C0508CC
:10F600003C5C0508E02E0508542A0508485C0508FE
:10F610004C5C0508505C0508D4310508342B0508FE
:10F62000442F0508545C0508605C05086C5C0508FF
:10F63000785C0508845C0508905C05089C5C0508FE
:10F640000000000000780508000000000000000035
:10F65000A06D050801000000FF000000AC6D05086A
:10F6600001000000FF000000B86D05080100000067
:10F67000FF000000C46D050801000100FF0000004C
:10F68000D46D050801000100FF000000E46D0508CD
:10F6900001000100FF000000F06D050801000000FE
:10F6A00064000000006E0508010000006400000016
:10F6B000106E050801000000640000001C6E0508C3
:10F6C00002000000E80300002C6E050802000000A4
:10F6D000E80300003C6E050802000000E80300009B
:10F6E0004C6E050802000000E80300005C6E05088F
:10F6F00002000000E8030000686E05080200000038
:10F70000E8030000746E050802000000E803000032
:10F71000806E050802000000E80300008C6E0508FA
:10F7200002000000E8030000986E050802000000D7
:10F73000E8030000A46E050802000000E8030000D2
:10F74000B06E050802000000E803000000000000A1
:10F750000000000000000000BC6E05080200190057
:10F76000FA000000C86E050802001900FA00000047
:10F77000D86E050802000000C4090000E86E050804
:10F7800002000000C4090000FC6E05080200000031
:10F79000C40900000C6F050802000000C409000045
:10F7A0001C6F050802000000C4090000306F050846
:10F7B00002000000E8030000486F05080200000096
:10F7C000E8030000606F050802000000C8000000A8
:10F7D000746F050802000000C8000000886F05086B
:10F7E00002001900FF0000009C6F050804000000E3
:10F7F000FA000000A86F050804000000FA000000ED
:10F80000B46F050804000000FA000000C06F05088E
:10F8100004000000FA000000CC6F0508040000009E
:10F82000FA000000D86F050804000000FA0000008C
:10F83000E86F050804000000FA000000F86F0508F2
:10F8400004000000FA0000000C7005080800000029
:10F85000FA0000001C7005080800F8F8080700000E
:10F860002870050800000100060000003870050837
:10F8700000000100060000004470050800000100BF
:10F8800003000000507005080000010004000000A3
:10F890005C70050802000000E803000068700508BD
:10F8A00002000000E8030000747005080200000078
:10F8B000E80300008070050802000000E803000073
:10F8C0008C70050802000000FA000000A070050816
:10F8D00002000000FA000000B470050802000000F9
:10F8E000FA000000C870050802000000FA000000DD
:10F8F000DC70050802000000FA000000F070050846
:10F9000002000000FA000000047105080200000077
:10F91000FA0000001871050802000000FA0000005B
:10F920002C71050802000000FA0000004071050873
:10F9300002000000E8030000547105080200000006
:10F94000E80300006871050802000000E8030000F9
:10F95000000106020304070508090A0B0C0D0E0F2F
:10F96000FFFFFFFFFFFFFFFFFFFFFFFF0010203043
:10F9700040500000002C0140002A0000002C0140F3
:10F98000042B0000002C0140082C0000002C01403A
:10F990000C2D000000000040003800000000004076
:10F9A0000439000000000040083A00000000004058
:10F9B0000C3B000000040040003D0000000400403B
:10F9C000043E000000040040083F00000004004026
:10F9D0000C40000000080040004300000008004008
:10F9E000044400000008004008450000000C0040EE
:10F9F00000480000000C004004490000000C0040DA
:10FA0000084A0000000C00400C4B0000003401408C
:10FA10000031000000340140043200000034014095
:10FA200008330000003401400C3400000040014065
:10FA3000004E000000440140005200000048014018
:10FA400000540000005001400056000000500140EA
:10FA500004570000005001400858000000500140C9
:10FA60000C59000000000B01000A00010D01010CFF
:10FA700000020F01020E00036B01036A020005027F
:10FA800001240202250203260204270400190500AE
:10FA90001804011B05011A04021D05021C04031FA2
:10FAA00005031E040421050420040A23050A220676
:10FAB000002E06013C06024106034706044C0605DB
:10FAC00008060609060735060E4F060F53061055A1
:10FAD00006135A00886005086E8705086E870508BA
:10FAE000906005086E8705086E8705089C6005080C
:10FAF000442F05086E87050858350508682A05084B
:10FB00006E8705086E870508A8600508B8600508B7
:10FB1000C0600508A45E0508CC6005088C5E050879
:10FB20006E8705086E8705086E8705086E870508CD
:10FB30006E8705086E870508105F0508943505086F
:10FB4000642F0508FC3605086E8705083836050859
:10FB500000000000D000050802000000C4000508F5
:10FB6000030000009C0005080A000000880005084A
:10FB7000050000007C000508030000006400050883
:10FB80000600000058000508030000004C000508AE
:10FB900003000000400005080300000030000508D5
:10FBA0000400000020000508040000001000050803
:10FBB000040000000400050803000000C8FF04085A
:10FBC0000F000000BCFF0408030000002C01050822
:10FBD000150000000801050809000000E8000508FC
:10FBE0000800000090FE04084B00000068FE0408B6
:10FBF0000A00000058FE04080400000058FE040833
:10FC0000040000004CFE04080300000040FE04084D
:10FC1000030000002CFE04080500000020FE04087C
:10FC20000300000008FE040806000000F8FD0408B8
:10FC300004000000ECFD040803000000E0FD0408DF
:10FC400003000000D4FD0408030000008001050843
:10FC500014000000C8FD040803000000B8FD0408FB
:10FC60000400000080FD04080E00000074FD04087C
:10FC70000300000068FD04080300000058FD0408AC
:10FC8000040000004CFD04080300000038FD0408D7
:10FC90000500000030FD04080200000024FD0408F7
:10FCA0000300000010FD04080500000004FD040826
:10FCB00003000000F4FC040804000000E8FC040851
:10FCC00003000000CCFC04080700000000780508D1
:10FCD0000C310508183105082031050828310508C0
:10FCE0003031050838310508403105084431050830
:10FCF0004C310508403105085831050860310508C8
:10FD00006C31050840310508783105087C3105085B
:10FD1000403105080C310508803105088C31050893
:10FD2000943105089C310508A8310508B43105084F
:10FD3000C4310508C8310508007805085C3305089A
:10FD4000CC310508D4310508D83105085C330508E5
:10FD5000E4310508EC31050840310508F4310508A7
:10FD6000FC3105080432050840310508B8320508A1
:10FD70005C3305080C3205081432050820320508EA
:10FD80002C320508343205083C320508403205089B
:10FD900048320508503205085C320508643205080F
:10FDA0007032050878320508843205088C3205085F
:10FDB00098320508A0320508AC320508B4320508AF
:10FDC00018300508BC320508403105082036050802
:10FDD000CC3205085C330508D4320508D832050852
:10FDE000E0320508E8320508F0320508F832050867
:10FDF000FC320508003305084031050808330508C2
:10FE00001033050818330508007805082033050865
:10FE10002C330508583105083833050840330508E8
:10FE20004031050848330508D0300508007805083A
:10FE30004C330508203605085033050858330508AB
:10FE4000643305086C330508743305087C330508F2
:10FE500088330508903305089C330508A03305084E
:10FE6000A8330508AC330508B4600508B0330508AD
:10FE7000BC330508C8330508D4330508E03305084A
:10FE8000EC330508F8330508043405081034050878
:10FE9000007805081C3405082834050830340508A6
:10FEA0004034050850340508583405086434050802
:10FEB00070340508642F05087C340508883405086B
:10FEC00090340508A0340508B0340508BC34050892
:10FED000C0340508CC340508D8340508E8340508D2
:10FEE000F8340508043505081435050824350508D7
:10FEF00034350508483505085035050858350508D6
:10FF000064350508783505088435050894350508F5
:10FF1000CC320508A0350508B0350508B43505080C
:10FF2000C0350508C4350508D0350508E035050895
:10FF3000EC350508FC350508043605080C360508BF
:10FF400014360508243605083836050844360508F1
:10FF5000503605085C360508683605087C36050805
:10FF600090360508AC360508C8360508502F050838
:10FF7000E4360508FC360508083705081C3705086F
:10FF8000283705083837050844370508503705086D
:10FF900058370508643705086C37050884370508A5
:10FFA00094370508A8370508C0370508D037050875
:10FFB000E0370508442B0508EC370508FC37050831
:10FFC00004380508103805081C38050828380508C5
:10FFD00048350508343805083C3805084438050814
:10FFE0004C38050858380508603805086C3805088D
:10FFF000743805087C38050850350508843805082C
:020000040805ED
:100000006437050800780508B02C05088C38050809
:1000100000780508B02C05088C380508D43105088F
:1000200040310508FC370508783005089038050888
:100030000078050898380508A4380508A060050868
:10004000AC380508B4380508C0380508CC380508B0
:10005000E0380508F43805085C3605080C39050851
:10006000183905085C3305082039050828390508C2
:100070003039050838390508007805084039050881
:1000800048390508D431050850390508583905089C
:1000900048330508603905086C3905080C32050835
:1000A000783905087C390508843905088C39050834
:1000B000943905089C390508A8390508B43905089C
:1000C0007C380508C0390508CC390508D43905083D
:1000D00040310508B832050800780508DC39050804
:1000E000E4390508EC3905085C3305080078050893
:1000F000F4390508FC390508203A0508043A0508D2
:100100000C3A0508143A05085C3305080078050820
:10011000283A0508303A0508383A0508403A0508F3
:10012000443A05084C3A0508543A05085C3305087A
:10013000007805085C3A0508643A05086C3A050839
:10014000743A05087C3A0508883A0508903A05088B
:10015000983A0508A03A0508AC3A0508B83A0508E7
:10016000C43A0508D03A0508DC3A0508E83A05081B
:10017000F43A0508FC3A0508043B05080C3B050861
:100180005C33050800780508643A0508143B050847
:10019000203B0508283B0508883A0508903A0508E1
:1001A000983A0508A03A0508AC3A0508B83A050897
:1001B000C43A0508D03A0508DC3A0508E83A0508CB
:1001C000F43A0508FC3A0508303B05080C3B0508E5
:1001D00050270508381D0000000A0003005C2705B1
:1001E00008200E0000000A000100383B0508201915
:1001F0000000000A001400503B0508023200B80B52
:100200000A001800643B0508000000C8000A00004E
:10021000007C3B05080318FCE8030A001200702765
:100220000508026400E8030A00040084270508208A
:10023000140000000A00150094270508020000E8D9
:10024000030A0006008C3B0508020000E8030A00D0
:100250001A00A43B0508020000E8030A001C00BCC9
:1002600027050820140000000A001600CC27050806
:10027000020000E8030A000800BC3B050802000079
:10028000E8030A000A00CC3B0508020000E8030A64
:10029000000C00E03B0508020000E8030A000E0025
:1002A000F03B0508020000E8030A001000042805DE
:1002B0000820150000000A001F001428050803008C
:1002C00000E8030A002000043C0508020000E803DF
:1002D0000A0022001C3C0508020000E8030A002472
:1002E000004028050820150000000A0026005028BC
:1002F0000508030000E8030A002800682805080232
:100300000000E8030A002A0078280508020000E837
:10031000030A002C004C290508200F0000002300D0
:10032000020040290508020000900123000000346B
:100330003C050803D4FE2C0123000E00443C0508B4
:1003400003D4FE2C0123000C00543C050843040098
:10035000000023000400643C050838020000002867
:10036000000000703C05081BF0F1100E2800100082
:10037000803C05081BF0F1100E28001200903C058F
:10038000081BF0F1100E28001400A03C05083818D6
:1003900000000028000200AC3C0508180000040022
:1003A00028000300BC3C0508180000770028000462
:1003B00000CC3C05081800000400280005006C294A
:1003C0000508201100000028000100DC3C0508435E
:1003D0000300000028000800EC3C05083818000065
:1003E0000026000000FC3C0508180000050026005F
:1003F00001000C3D05081800000500260003001C44
:100400003D05081800007700260004005C29050857
:10041000201000000026000500303D050802B00451
:10042000A40618001200383D050802EE02CA08189A
:10043000001400443D050802EE02CA081800160028
:10044000503D0508010000120018000F00603D0536
:1004500008210000000018001E00783D050800017A
:1004600000FF0018001000843D0508019CFF640097
:1004700018001F00903D0508210000000018001121
:10048000009C3D0508000000FF0018002000B83D5A
:1004900005080000000D0018001D00942905082023
:1004A0000D00000018000800CC3D050820000000E9
:1004B0000018000900E03D05080000000A001800CF
:1004C0000D00F43D0508200000000018000E00108B
:1004D0003E05080000000F0018002100203E05081E
:1004E000200000000018002200303E050820000017
:1004F000000018002300403E0508200000000018FE
:10050000002400503E0508200000000018002C00C8
:100510006C3E050802EE02CA0818001800783E0575
:100520000802EE02CA0818001A00843E05082000DE
:1005300000000018000A00983E050804FFFF0300B1
:1005400018002800B43E0508000000FA0018001C3E
:1005500000C43E05081900000500FE010800D03E59
:100560000508020000D007FE010A00E83E05080267
:100570000000D007FE010C00083F0508020000D073
:1005800007FE010E00283F05082100000000FC01C5
:100590000800403F0508200A000000050001005047
:1005A0003F0508200900000005000000603F050825
:1005B000020100401F05000200743F0508640000AE
:1005C0000000050004008C3F0508640100000005E0
:1005D000000400A43F0508640200000005000400B8
:1005E000B83F0508640400000005000400D03F0582
:1005F00008640300000005000400E43F05086405EA
:1006000000000005000400FC3F050864060000002F
:100610000500040010400508640700000005000400
:10062000002440050864080000000500040038406C
:1006300005086409000000050004004C400508643A
:100640000C0000000500040060400508640A00007A
:10065000000500040078400508640B000000050058
:1006600004008C400508640D00000005000400A093
:10067000400508640E00000005000400B4400508B1
:10068000640F00000005000400C840050802EE02E7
:10069000CA0806001200D840050802EE02CA080681
:1006A000001400E840050802EE02CA080600160021
:1006B000F44005083824000000060009008C2805D5
:1006C00008200000000006000A0000410508382448
:1006D00000000006000B001041050838260000004D
:1006E00006000C00A82905082000000000060008EC
:1006F00000BC290508201300000006000200D029D4
:100700000508023200401F06000000244105084091
:1007100004000000060004009828050840040000BA
:1007200000060018003841050840040000000600DB
:100730001C00484105084304000000060020005C3E
:100740004105084202000000060028007441050827
:10075000420200000006002C008C41050800020047
:10076000C800010004009C410508000000C8000109
:10077000000500B041050802EE02CA0801000000B1
:10078000C4410508201700000001000600DC4105F7
:10079000080200002C0101000200F84105082016A3
:1007A000000000010007000C420508020000C8001C
:1007B0000100080024420508000000320001000A80
:1007C0000040420508034CFF68010200000054424B
:1007D0000508034CFF680102000400684205080395
:1007E0004CFF680102000800784205080200002062
:1007F0004E0B000C0088420508026400F4010B0057
:100800000000A0420508026400F4010B001200B8C9
:10081000420508026400F4010B000200D042050802
:10082000026400F4010B000400EC42050800000023
:10083000FA000B001100FC420508380B0000000B09
:10084000000A000C430508380C0000000B000900EA
:100850001C430508020000D0070B000600384305C2
:100860000820000000000B000E004843050820008F
:100870000000000B000F0058430508000000640052
:100880000B0010006C43050800000064000B00081A
:10089000008043050800000018000B0014009C4372
:1008A0000508000100FF000B001500B44305080017
:1008B0000000FF000B001600C4430508000000966E
:1008C000000B001700E043050800000096000B0035
:1008D0001800FC430508020A00E8030B001A000C8C
:1008E000440508020A00E8030B001C0078260508EE
:1008F000180000FF00020100001C44050818010058
:10090000FF00020101002C440508180100FF00024D
:100910000102003C4405081B80C1803E000100002C
:10092000484405081B0083007D000102005844056F
:10093000083800000000F70101006C440508380089
:10094000000000F7010200784405081B0000803E0B
:10095000F70104008C4405080001000500F60104BD
:1009600000A84405082028000000EA030000B8445D
:1009700005082029000000EA030100C8440508001A
:100980000000FA00EA030200D8440508202E000007
:1009900000EA030300E44405080000006400EA03E1
:1009A0000400F044050803F8F80807EA030600FC11
:1009B0004405084103000000EA0308000845050853
:1009C000020000B80BEA030C0020450508200000D7
:1009D0000000EA030E003C450508202A000000E95B
:1009E000030000484505080200005802E903020020
:1009F0005C4505080200005802E903040070450543
:100A0000080200006400E9030600844505080200AE
:100A1000006400E90308009845050802000064002E
:100A2000E9030E00B44505080200006400E9031064
:100A300000D44505080200006400E9031200F445F3
:100A400005080200006400E9030A001046050802D8
:100A500000006400E9030C002C460508020100E8D0
:100A600003E90314003C460508020100E803E9031A
:100A700016004C460508020100E803E90318005C73
:100A800046050890010800000C000000F829050840
:100A9000301A0000000C0009007046050830000004
:100AA00000000C00180084460508100100FF000C2F
:100AB000000A0094460508100100FF000C000B001E
:100AC000A4460508100100FF000C000C00B046050C
:100AD00008100100FF000C000D00C44605081000BE
:100AE0000064000C000E00D04605081000006400F1
:100AF0000C000F00DC46050810000064000C00101C
:100B000000E846050810000064000C001100F846DB
:100B10000508100000FF000C001200044705081033
:100B20000000FF000C00130010470508100000FF34
:100B3000000C0014001C470508100000FF000C000A
:100B400015003047050812C800D0070C001A0040F5
:100B500047050812C800D0070C001C0054470508C0
:100B600012C800D0070C001E006447050812C80018
:100B7000D0070C0020007847050812000050C30C75
:100B80000022008C47050812000050C30C0024000E
:100B9000A047050812000050C30C002600B047050E
:100BA0000812000050C30C002800C84705081000B8
:100BB0000064000C001600D847050810000064000F
:100BC0000C001700EC470508100100FA000C002A81
:100BD000000048050810000064000C002B000C48C1
:100BE00005080030007E000D006E00204805080258
:100BF0006400D0070D006C003848050802000000B2
:100C00007D1600000044480508020000007D160023
:100C10000200504805080000003C00100001007C64
:100C200029050820000000001000000064480508A5
:100C300020040000001E0000007448050820050084
:100C400000001E0001008448050820000000001E6E
:100C50000008009848050820000000001E0002005F
:100C6000A848050820000000001E000300B8480541
:100C70000820000000001E000400D04805082006DF
:100C80000000001E000500E04805082000000000EC
:100C90001E000600F848050820000000001E00079E
:100CA000000C490508020000C80037000000204978
:100CB0000508020000640037002E003849050802CC
:100CC000140064003700020050490508021E00F4B9
:100CD0000137000400684905080203000A003700D4
:100CE0002400804905080205000F003700260098FF
:100CF000490508021E00B80B37000600B049050878
:100D0000020000F40137000800C84905080200008D
:100D1000F40137000A00E0490508020000F4013739
:100D2000000C00F8490508020000F4013700160025
:100D3000104A0508020000F40137001800284A058F
:100D400008020000F40137001A00404A05080200BA
:100D500000F40137000E00544A050802E803D007EA
:100D6000370010006C4A050802E803D0073700126C
:100D700000844A0508026400C40937002A009C4A1E
:100D80000508026400F40137002C00B44A0508028B
:100D9000E803D00737001400D04A050820070000F8
:100DA0000037002000EC4A0508000500320037003B
:100DB0001C00004B0508023200E80337001E001437
:100DC0004B0508200000000037002100384B0508C3
:100DD0002008000000370028004C4B0508200000C8
:100DE00000003700220044270508000000200019F9
:100DF0000000004027050800000064001900010001
:100E0000604B0508400400000019000400DC2605C2
:100E1000080001001000F80100007C4B05080000EC
:100E2000001000F801010060460508880108000074
:100E30000E000000944B050808000009000E002A6F
:100E400000A04B050808000001000E002B00B04B6D
:100E500005080A0000C4090E001200C04B05080A6C
:100E60000000C4090E001400D04B05080A0000C49D
:100E7000090E001600E04B05080A0000C4090E0028
:100E80001800F04B05080A0000C4090E000A00FC17
:100E90004B05080A0000C4090E000C00084C0508A8
:100EA0000A0000C4090E000E00144C05080A0000D8
:100EB000C4090E001000204C05080A0000C4090EE9
:100EC000001A002C4C05080A0000C4090E001C0082
:100ED000384C05080A0000C4090E001E00444C05E9
:100EE000080A0000C4090E002000504C05080A0042
:100EF00000C4090E0022005C4C05080A0000C40969
:100F00000E002400684C05080A0000C4090E0026E3
:100F100000744C05080A0000C4090E002800804C2B
:100F20000508080000FA000E004000904C05080873
:100F30000000FA000E004300A04C0508080000FA6B
:100F4000000E004600B44C0508080000FA000E0030
:100F50003D00C84C0508080000FA000E003F00D80C
:100F60004C0508080000FA000E004200E84C050895
:100F7000080000FA000E004500FC4C0508080000BF
:100F8000FA000E003C00104D050808000002000E9B
:100F9000004800204D0508080000FA000E0041003E
:100FA000304D0508080000FA000E004400404D05D1
:100FB00008080000FA000E004700504D0508080020
:100FC00000FA000E003E00644D05080A1900FA0000
:100FD0000E004A00784D05080A1900FA000E004C70
:100FE000008C4D05080A0000C4090E004E00A04DFB
:100FF00005080A0000C4090E005000B84D05080A93
:101000000000C4090E005200D84D0508080000FA7F
:10101000000E005400F84D05080A0000C4090E0037
:101020005600144E05080A0000C4090E0058003886
:101030004E050828000000000E002D00484E05084F
:10104000080000FA000E002C00544E05084A030068
:1010500000000E003600604E0508282B0000000E30
:10106000002E00744E050848030000000E002F00FB
:10107000884E050848030000000E0032009C4E0513
:1010800008080000C8000E005A00B44E0508080AFF
:10109000005A000E005B00C84E0508080000C8009A
:1010A0000E005C00E04E0508080000C8000E005D60
:1010B00000F44E0508080000FA000E005E00084F1C
:1010C000050828000000000E005F00244F050808F6
:1010D0000A0050000E006100404F05080A0A00C8CF
:1010E000000E0062005C4F0508081900FF000E00AA
:1010F0006000704F0508282D0000000E0064007C81
:101100004F050828000000000E006500884F050804
:10111000080500FA000E0066009C4F05080805004F
:10112000FA000E006700B04F0508080000FA000E34
:10113000006800C44F0508080000FA000E006900AE
:10114000D84F0508080000FA000E006A00EC4F05B1
:1011500008080000FA000E006B00005005080A00A5
:1011600000E8030E006C001C5005080A0000E803AC
:101170000E006E00345005080A0000E8030E0070EF
:10118000004C5005080A000010270E007200645041
:1011900005080A000010270E007400785005080AA0
:1011A000000010270E0076008C5005080A00001081
:1011B000270E007800A05005080A0100E8030E0081
:1011C0007C00B45005080A010010270E007E00C8FC
:1011D0005005080A0100E8030E007A00E0500508F7
:1011E0000A000050C30E008000F0500508080000FF
:1011F000FA000E008200FC500508080000FA000EFC
:1012000000830008510508080000FA000E00840061
:1012100014510508080000FA000E00850020510551
:1012200008080000FA000E0086002C51050808008E
:1012300000FA000E0087003C510508080000FA0083
:101240000E0088004C510508080000FA000E0089C5
:101250000060510508080000FA000E008A0078516D
:101260000508080000FA000E008B009451050820C4
:10127000000000001F000400A45105082000000029
:10128000001F000500B451050803D8DC28231F0007
:101290000000C851050803B0B950461F000200DC29
:1012A00051050800000001001F000600F05105086C
:1012B00020010000001F000700FC5105080000008D
:1012C00001001F0008001452050800000078001FEC
:1012D0000009002452050820000000001F000A0039
:1012E0003052050820000000001F000B004452058A
:1012F00008400F0000001F000C00505205080200BB
:101300000030751F001C00705205086400000000CA
:101310001F0020008C52050864010000001F0020FF
:1013200000A852050864020000001F002000C052FF
:10133000050864030000001F002000D8520508645F
:10134000040000001F002000F052050864050000A2
:10135000001F0020000853050864060000001F005D
:1013600020002053050864070000001F00200038FB
:1013700053050864080000001F00200050530508B2
:1013800064090000001F0020006C530508640A0077
:1013900000001F00200088530508640B0000001F98
:1013A000002000A0530508640C0000001F0020006E
:1013B000BC530508640D0000001F002000DC53052D
:1013C00008640E0000001F002000F8530508640F99
:1013D0000000001F002000185405086410000000E1
:1013E0001F0020003854050864110000001F002071
:1013F000005454050864120000001F0020007854B7
:10140000050864130000001F0020009854050864BC
:10141000140000001F002000B454050864150000EB
:10142000001F002000D054050820000000001B0011
:101430000000E854050820220000001B000A0008F4
:10144000550508201C0000001B0002001C55050863
:1014500020210000001B0003003055050820220059
:1014600000001B0004004455050820220000001B5A
:101470000005005C55050802320010271B0006001D
:101480007855050800000064001B00080090550511
:101490000820000000001B000900AC5505080005ED
:1014A0000064001B000B00C0550508020A00F4018F
:1014B0001B000C00DC55050800000064001B000E3A
:1014C00000F455050800000064001B000F000C56D6
:1014D000050804FFFFFFFF1B001000285605083811
:1014E00000000000FF0103004056050838200000FE
:1014F00000FF0104004C5605081800000400FF011D
:1015000000005C5605081800001E0012000D006C5B
:10151000560508210000000012000400E02905081B
:101520002012000000120002007C56050820030073
:1015300000001200030088560508201B000000125E
:10154000000500985605080000001E001200060065
:10155000AC560508200000000012000F00C0560520
:1015600008200000000012001000D8560508201EB8
:1015700000000002020000EC56050801FAFF00001E
:10158000000200000857050801FDFF0000000201ED
:10159000002457050801FFFF2800000205003C5702
:1015A000050840040000000002060054570508200A
:1015B0000000000000020A0078570508202C0000F7
:1015C00000050200008C57050820000000000502FD
:1015D0000100A4570508020000803E05020200C079
:1015E000570508020A00F40105020400D85705084F
:1015F000020000E80305020600F857050800000095
:10160000FA000502080014580508000000FA000559
:10161000020900305805081800000700F90103000E
:1016200040580508580400000011020400505805F5
:10163000085804000000120200005C580508200051
:101640000000001302000068580508380000000080
:10165000130202007C5805081800000400FA01017A
:10166000008C58050838180000001C0201009C5826
:10167000050818000004001C020200AC58050818F8
:10168000000004001C020400BC5805081800007784
:10169000001C020500D058050838020000001C029A
:1016A0000700E45805081BF0F1100E1C020800F8B2
:1016B0005805081BF0F1100E1C020A000C59050811
:1016C0001BF0F1100E1C020C002059050838180000
:1016D00000001C020F003059050818000004001C0F
:1016E0000210004059050818000004001C021200F6
:1016F0005059050818000077001C021300645905B2
:101700000838020000001C021500785905081BF07B
:10171000F1100E1C0216008C5905081BF0F1100E7A
:101720001C021800A05905081BF0F1100E1C021A2B
:1017300000B4590508380000000006020200C05934
:1017400005081A6400140506020400D45905083877
:101750000000000006020800E05905081A640014A1
:101760000506020A00F459050838000000000602C8
:101770000E00005A05081A64001405060210001431
:101780005A0508380000000006021400205A050817
:101790001A6400140506021600345A0508380000C1
:1017A00000001D020000405A050818000007001D37
:1017B0000201004C5A050818000004001D02020036
:1017C000585A0508020000F4012C0200006C5A056A
:1017D00008020000F4012C020200805A050803F4FC
:1017E000FC0C030E020000A42805084010000000B5
:1017F00020020000C8280508421000000020021046
:1018000000E82805084210000000200230000829E6
:10181000050842100000002002500024290508425B
:101820001000000020027000985A050801FFFF7F99
:101830000023020C00B05A050804FFFFFFFF23023B
:101840000000C45A050804FFFFFFFF23020400D86C
:101850005A050804FFFFFFFF230208006846050839
:1018600080011000002F000000EC5A050820230022
:10187000000038000000005B0508000100FA003895
:10188000000100185B0508000100FA0038000200A2
:10189000345B0508000100FA00380003004C5B05CA
:1018A00008000100FA0038000400645B050800012C
:1018B00000FA00380005007C5B0508000100FA0012
:1018C00038000700905B0508800110000029020025
:1018D00000A05B0508800110000029021000B05B29
:1018E0000508800110000029022000C05B05088067
:1018F000011000002902300000001F003C005B00C6
:1019000079009800B600D500F400120131014F01B2
:101910006E018D01A901C801E60105022302420200
:1019200061027F029E02BC02DB02FA02160335034B
:10193000530372039003AF03CE03EC030B0429049B
:10194000480467048304A204C004DF04FD041C05EA
:101950003B0559057805960500FFFF01FFFF02FFD3
:10196000FF03FFFF04FFFF0000000000FFFF010076
:101970000000FFFF02000000FFFF03000000FFFF68
:10198000000000002003010000002003020000000E
:1019900020030300000020038988083B6F12033AEC
:1019A00017B7D1386F1203386F1203386F128339AB
:1019B00017B7D138000000FF6464C8FF64FF636498
:1019C000C8C864FFC8640000A07F0508AC7F050894
:1019D000B87F0508C47F0508D07F0508DC7F0508AF
:1019E00000010203010200002D780508707F050840
:1019F000747F0508787F05087C7F0508807F0508CF
:101A0000847F0508887F05088C7F0508907F05087E
:101A1000947F0508987F05089C7F05082D780508A8
:101A2000E07E0508BC60050884600508E47E0508C2
:101A3000E87E0508EC7E0508F07E0508F47E0508C2
:101A4000F87E0508885E0508FC7E050878310508E3
:101A5000007F0508047F0508087F05080C7F05083E
:101A6000147F05081C7F0508247F0508287F0508CA
:101A7000307F0508387F0508407F0508487F050846
:101A8000507F0508587F0508607F0508687F0508B6
:101A90002D7805080C3E0508D87E0508DC7E050873
:101AA000AEBE0000580C0020D82D0120020000001E
:101AB000010000009D1604085C0C002000000000DE
:101AC0000100000001000000DD160408540C002095
:101AD0000000000001000000010000000000000004
:101AE00000000000000000000000000001000000F5
:101AF00000000000000000000000000008000000DE
:101B000001000000000000000000000000000000D4
:101B100000000000010000000000000008030404B1
:101B200002050106C82E002E802E1A00C82E002E97
:101B3000C82E002EC82E002EC82E002EC82E002E15
:101B4000C82E002E9032212E59F51030212E6AF524
:101B50001A242200802E3B00C82E44472200370062
:101B6000A400FF0FD10007AD802E00C1802E00C160
:101B7000802E00C1802E00C1802E00C1802E00C1A9
:101B8000802E00C1802E00C1802E00C1802E00C199
:101B9000802E00C10000000000001124FCF5803000
:101BA0004042505000301224EB000330002EC1861A
:101BB0005A0EFB2F212EFCF5132463F5E03C480060
:101BC0002230F780C242E17F3A25FC86F07F413324
:101BD000982EC2C4D66FF130F108C46F1124FF03F0
:101BE000122400FC6109A20836BE2AB91324380069
:101BF00064BBD1BE940A7108D54221BD91BCD242CA
:101C0000C14200B2FE82052F5030212E21F2002E5B
:101C1000002ED02EF06F023002422026E06F0231FB
:101C200003409A0A0242F037052E5EF7100812248C
:101C30001EF280428384F17F0A25133083423B8267
:101C4000F06F002E002ED02E12405242002E124075
:101C500052423E84004040427E82E17FF27F982ED5
:101C60006AD62130232E61F5EB2CE16FFFFFFFFFD9
:101C7000FFFFFFFFFFFFFFFFFFFFFFFFFFFFFFFF74
:101C8000FFFFFFFFFFFFFFFFFFFFFFFFFFFFFFFF64
:101C9000090000000A0000000B000000FFFFFFFF2A
:101CA0000D0000000E0000000F000000FFFFFFFF0E
:101CB000FFFFFFFF0200000003000000FFFFFFFF27
:101CC000050000000600000007000000FFFFFFFF06
:101CD000000000000800000001000000FFFFFFFFFF
:101CE000040000000C000000FFFFFFFF00000000E8
:101CF00000000000070000000100000000000000DC
:101D000000000000000000000000000001000000D2
:101D1000000000001620C200560021004000000113
:101D20001720C20056002100800000011920C200C7
:101D3000500032000002000115202000190014009C
:101D40002000000117BA20006C003600800000015E
:101D500018BA20006C003600000100011540EF00A9
:101D600068003200200000011630EF0085003200CC
:101D7000400000011640EF008500320040000001E5
:101D80001740EF0085003200800000011770EF005F
:101D900085003200800000011840EF00680032002A
:101DA0000001000118405E006800320000010001DF
:101DB0001870EF0042003200000100011940EF00EE
:101DC000850032000002000117600100850032002A
:101DD0008000000118600100850032000001000150
:101DE0001640E000850032000004100000000000F2
:101DF00000000000000000003534040879340408B5
:101E0000552E04082D2E0408D51604083D2D04086F
:101E1000B9160408112E0408000000004D33040810
:101E20004916040800000000000000000000000047
:101E300000000000000000000000000000000000A2
:101E40000000000000000000090000000A0000007F
:101E50000B000000000000000D0000000E0000005C
:101E60000F00000000000000000000000200000061
:101E70000300000000000000050000000600000054
:101E80000700000000000000000000000800000043
:101E90000100000000000000040000000C00000031
:101EA00000000000A800C000D800F0000000000002
:101EB000000000000102030406070809714D030831
:101EC00005400308C53F0308693F0308B14D0308F7
:101ED000A93F0308A94D030800000000000000000E
:101EE000000000000000000000000000003401407D
:101EF0000000000000030000080002403100000064
:101F000008000240350000000100000000340140DC
:101F100000040000000300001C000240320000002A
:101F200008000240350000000100000000340140BC
:101F300000080000000300003000024033000000F1
:101F4000080002403500000001000000003401409C
:101F5000000C0000000300004400024034000000B8
:101F6000080002403500000001000000002C014084
:101F70000000000000060000080002402A000000E7
:101F8000080002402E00000001000000002C01406B
:101F900000040000000600001C0002402B000000AE
:101FA000080002402E00000001000000002C01404B
:101FB0000008000000060000300002402C00000075
:101FC000080002402E00000001000000002C01402B
:101FD000000C000000060000440002402D0000003C
:101FE000080002402E000000010000001D4104080E
:101FF000BF400408A5420408213A04086D450408BE
:102000006D42040800000000000000000000000114
:1020100000000003000000040000000500000006AE
:102020000000000700000008000000000000001091
:102030000000002000000030000000400000000010
:1020400000380140000000000000000019000000FE
:10205000180000001A072707350719072607340755
:102060004E00002550500000105C0120F03401208B
:102070000005800001000000004400400000000056
:10208000000000001B0000001A00000013071F07DB
:10209000240712071E072307710000264060000076
:1020A000105701207034012000058000020000005C
:1020B0000048004000000000000000001D0000007B
:1020C0001C00000028072B073B0729072A073A07AF
:1020D000720000274060000010520120F033012000
:1020E0000005800003000000004C004000000000DC
:1020F000000000001F0000001E0000003B05000063
:1021000000003A0500000000730000344060000049
:10211000104D0120703301200005800004000000F4
:1021200000500040000000000000000021000000FE
:10213000200000004205000000003C0500000000F7
:10214000740000354060000010480120F03201208A
:10215000000580000A000000008000400000000030
:10216000000000002300000022000000130C2A08D9
:102170003008120C2B0831088000005B4060000022
:102180001043012070320120000580000000000093
:102190000030014015052305160524051705250502
:1021A000004C000001000000003800402D05000038
:1021B0001A052E051B052F05006E00000200000009
:1021C000003C004023063A0624063B0625063C0652
:1021D000006F000000000000005400401D041F04B8
:1021E000260428041E04270429040000751F20006B
:1021F0000100000000580040190400000000000029
:102200001A040000000000007621220002000000F5
:10221000007800401A02380800000000250839083C
:102220003B0800007E5C5D0003000000008400406D
:102230001D032603360800002704370800000000AD
:1022400081525300008002021F000000524F544F81
:1022500052464C54426C61636B626F7820466C61ED
:10226000736820202020202056435020496E74653A
:10227000726661636500000056435020436F6E66CE
:1022800069670000526F746F72666C6967687400EA
:10229000526F746F72666C696768742053544D3363
:1022A000324734377800000025752C25753A2573A0
:1022B0003A25733A25753A25753A25753A257500FC
:1022C0004D4D5800544F425649574B4400000000B2
:1022D0004346414C534752004E4553575544000026
:1022E000060708090A1728000D0A456E7465726909
:1022F0006E6720434C49204D6F64652C20747970C3
:10230000652027657869742720746F20726574755D
:10231000726E2C206F72202768656C7027000D0A82
:1023200023200000081C3044586C809400000000FA
:102330000B7E808182137C7D140A00000C0D0E0F31
:102340001011000003040506070000000B808182C5
:1023500000000000414E474C000000004143524F36
:10236000000000002145525200000000574149542E
:10237000000000005341564500000000484F525AEB
:10238000000000004750474741000000474E4747C4
:10239000410000004750524D43000000474E524D4F
:1023A000430000004750475356000000245053524A
:1023B000463130302C312C3131353230302C382C04
:1023C000312C302A30350D0A0000000024505352C1
:1023D000463130332C30302C362C30302C302A32F1
:1023E000330D0A0048204669656C6420256320256A
:1023F000733A00005B25645D000000002564000066
:102400007369676E65640000707265646963746FF8
:1024100072000000656E636F64696E670000000003
:1024200024505542582C34312C312C303030332C40
:10243000303030312C3131353230302C302A31458A
:102440000D0A000024504D544B3235312C313135BA
:102450003230302A31460D0A000000002450554227
:10246000582C34312C312C303030332C303030314A
:102470002C35373630302C302A32440D0A0000001B
:1024800024504D544B3235312C35373630302A32CA
:10249000430D0A0024505542582C34312C312C3035
:1024A0003030332C303030312C33383430302C3025
:1024B0002A32360D0A00000024504D544B3235317B
:1024C0002C33383430302A32370D0A00245055422C
:1024D000582C34312C312C303030332C30303031DA
:1024E0002C31393230302C302A32330D0A000000C2
:1024F00024504D544B3235312C31393230302A3260
:10250000320D0A0024505542582C34312C312C30D5
:102510003030332C303030312C393630302C302ABA
:1025200031360D0A000000002C3A3A3A3A3A3A00A5
:102530006D34774643496E7466000000414552434E
:10254000543132333435363738000000456E64205C
:102550006F66206C6F6700004C4F470042424C0092
:10256000257300004669726D776172652074797019
:1025700065000000342E332E302D323032333034AB
:10258000303100002573202573202825732920254C
:10259000730000004669726D77617265207265761E
:1025A0006973696F6E00000053544D3332473437FE
:1025B00058000000363638353062650031303A3226
:1025C000353A33390000000041707220203120324A
:1025D0003032330025732025730000004669726D88
:1025E000776172652064617465000000426F6172FA
:1025F0006420696E666F726D6174696F6E000000B1
:102600004C6F6720737461727420646174657469BF
:102610006D6500004372616674206E616D65000037
:102620004920696E74657276616C00005020696E95
:1026300074657276616C00005020726174696F007D
:102640006D696E7468726F74746C65006D61787416
:1026500068726F74746C6500307825780000000033
:102660006779726F5F7363616C65000025750000A8
:102670006163635F31470000766261745F73636119
:102680006C65000025752C25752C25750000000053
:102690007662617463656C6C766F6C7461676500FB
:1026A000766261747265660025642C256400000002
:1026B00063757272656E7453656E736F720000009D
:1026C0006C6F6F7074696D65000000006779726FE0
:1026D0005F73796E635F64656E6F6D007069645FD0
:1026E00070726F636573735F64656E6F6D00000079
:1026F00025642C25642C25640000000072635F7241
:10270000617465730000000072635F6578706F002C
:102710007261746573000000726174655F6C696D4D
:1027200069747300726F6C6C504944007069746313
:102730006850494400000000796177504944000026
:102740007961775F6465616462616E6400000000B6
:102750006779726F5F746F5F757365006779726F09
:102760005F68617264776172655F6C70660000001B
:102770006779726F5F646563696D6174696F6E5FBD
:10278000687A00006779726F5F6C7066315F747988
:10279000706500006779726F5F6C7066315F73748B
:1027A000617469635F687A006779726F5F6C7066E5
:1027B000315F64796E5F687A000000006779726F3C
:1027C0005F6C7066325F7479706500006779726F54
:1027D0005F6C7066325F7374617469635F687A00FE
:1027E0006779726F5F6E6F7463685F687A0000006C
:1027F0006779726F5F6E6F7463685F6375746F661D
:1028000066000000647465726D5F6C7066315F74A1
:1028100079706500647465726D5F6C7066315F73AA
:1028200074617469635F687A0000000064746572A3
:102830006D5F6C7066315F64796E5F687A0000006E
:10284000647465726D5F6C7066325F747970650078
:10285000647465726D5F6C7066325F737461746905
:10286000635F687A00000000647465726D5F6E6F6C
:102870007463685F687A0000647465726D5F6E6F80
:102880007463685F6375746F666600006473686F75
:10289000745F6269646972006D6F746F725F706FEC
:1028A0006C6573006779726F5F72706D5F66696CDB
:1028B0007465725F62616E6B5F6D6F746F725F697A
:1028C0006E646578000000006779726F5F72706DEA
:1028D0005F66696C7465725F62616E6B5F6765618C
:1028E000725F726174696F006779726F5F72706D89
:1028F0005F66696C7465725F62616E6B5F6E6F7448
:1029000063685F71000000006779726F5F72706DBD
:102910005F66696C7465725F62616E6B5F6D696E34
:102920005F687A006779726F5F72706D5F66696C5D
:102930007465725F62616E6B5F6D61785F687A006B
:102940006163635F6C70665F687A00006163635FF8
:102950006861726477617265000000006261726F85
:102960005F68617264776172650000006D61675F26
:102970006861726477617265000000006779726F48
:102980005F63616C5F6F6E5F66697273745F6172C3
:102990006D00000073657269616C72785F70726FB0
:1029A00076696465720000007573655F756E737992
:1029B0006E6365645F70776D000000006D6F746F0B
:1029C000725F70776D5F70726F746F636F6C000011
:1029D0006D6F746F725F70776D5F72617465000008
:1029E00064656275675F6D6F64650000666561743C
:1029F000757265730000000072617465735F7479AD
:102A0000706500006669656C64735F6D61736B006F
:102A10006C6F6773000000004C4F4730303030302F
:102A20002E42424C0000000041524D00414E474CA6
:102A300045000000484F52495A4F4E00414C5448FF
:102A40004F4C440042454550455200004C45444CD3
:102A50004F57000043414C49420000004F5344206F
:102A600044495341424C450054454C454D45545210
:102A700059000000424C41434B424F5800000000B7
:102A80004641494C5341464500000000424C4143F9
:102A90004B424F5820455241534520283E33307316
:102AA0002900000043414D45524120434F4E5452AE
:102AB0004F4C20310000000043414D45524120431E
:102AC0004F4E54524F4C20320000000043414D45C0
:102AD000524120434F4E54524F4C203300000000CF
:102AE00050524541524D00004750532042454550F9
:102AF00020534154454C4C49544520434F554E5466
:102B00000000000056545820504954204D4F444571
:102B10000000000055534552310000005553455206
:102B200032000000555345523300000055534552C2
:102B300034000000504152414C595A4500000000F9
:102B40004750532052455343554500005452414984
:102B50004E45520056545820434F4E54524F4C202D
:102B600044495341424C45004D5350204F56455225
:102B70005249444500000000535449434B20434F01
:102B80004D4D414E44532044495341424C45000071
:102B9000424545504552204D55544500666C696785
:102BA00068744D6F6465466C61677300737461741B
:102BB00065466C61677300006661696C7361666588
:102BC000506861736500000072785369676E616CCC
:102BD0005265636569766564000000007278466C32
:102BE000696768744368616E6E656C7356616C6981
:102BF000640000004750535F6E756D5361740000B0
:102C00004750535F636F6F72640000004750535F1B
:102C1000616C746974756465000000004750535F0F
:102C200073706565640000004750535F67726F758D
:102C30006E645F636F757273650000004750535F89
:102C4000686F6D65000000006C6F6F70497465728D
:102C50006174696F6E0000007263436F6D6D616E29
:102C600064000000736574706F696E74000000008A
:102C70006D6978657200000061786973500000002A
:102C8000617869734900000061786973440000004D
:102C900061786973460000006174746974756465D5
:102CA000000000006779726F524157006779726FB8
:102CB0004144430061636341444300006D616741E7
:102CC00044430000766172696F000000727373699B
:102CD00000000000566261740000000049626174E7
:102CE000000000007461696C737065656400000029
:102CF0006D6F746F72000000736572766F00000074
:102D00006465627567000000482050726F647563E7
:102D1000743A426C61636B626F7820666C696768B5
:102D2000742064617461207265636F7264657220DF
:102D30006279204E6963686F6C61732053686572B5
:102D40006C6F636B0A48204461746120766572730E
:102D5000696F6E3A320A000025732025733A2025E8
:102D6000730000005254464C000000000A0805FFA2
:102D700000000000050F0A0F14FF00000405040501
:102D800008050F05080504050405FF00140F2305B9
:102D9000FF00000005050505FF0000000A0AFF000E
:102DA0001932FF003202FF001E051E051E05FF003E
:102DB00005050F0505050F1EFF0000001E05050592
:102DC000FF0000000F050F05FF0000000A0A0A0AB5
:102DD0000A28280A280A28280A0A0A0A0A46FF0096
:102DE0003232FF00140A140A140AFF00424620443B
:102DF00031000000566F6C74616765004375727234
:102E0000656E74004361706163697479000000004D
:102E10006D416800506F776572000000526F6C6CF6
:102E200020616E676C650000B0000000506974633B
:102E30006820616E676C6500566172696F00000002
:102E40006D2F7300475053205361747300000000CE
:102E5000475053204C6F6E670000000047505320CE
:102E60004C61740047505320537065656400000046
:102E700047505320482D44697374616E63650000A8
:102E800047505320482D446972656374696F6E0022
:102E90004246204432000000475053204865616498
:102EA000696E670047505320416C7469747564659E
:102EB00000000000472D466F726365205800000037
:102EC000472D466F7263652059000000472D466FFD
:102ED000726365205A00000053595354454D000059
:102EE0004C4F4144000000005550444154450000FF
:102EF0004759524F00000000414343004154544998
:102F0000545544450000000044495350415443483F
:102F100000000000424154544552595F564F4C54F2
:102F200041474500424154544552595F435552521E
:102F3000454E5400424154544552595F414C45520C
:102F40005453000047505300434F4D5041535300DA
:102F50004241524F000000004C45445354524950E6
:102F6000000000004553435F53454E534F5200004D
:102F7000414443494E5445524E414C0050494E49FC
:102F80004F424F580000000053504545445F4E45A6
:102F9000474F54494154494F4E0000004759524F42
:102FA0005F43414C494252415445440052585F4CA2
:102FB0004F53540052585F4C4F53545F4C414E4452
:102FC000494E470044495341524D494E4700000085
:102FD00041524D494E47000041524D494E475F47CF
:102FE00050535F464958000041524D494E475F4794
:102FF00050535F4E4F5F4649580000004241545FB6
:10300000435249545F4C4F57000000004241545F07
:103010004C4F57004750535F535441545553000091
:1030200052585F53455400004143435F43414C496C
:1030300042524154494F4E004143435F43414C4942
:1030400042524154494F4E5F4641494C00000000F6
:1030500052454144595F4245455000004D554C543E
:10306000495F42454550530044495341524D5F52D8
:10307000455045415400000041524D454400000078
:1030800053595354454D5F494E4954004F4E5F5577
:1030900053420000424C41434B424F585F4552411E
:1030A0005345000043414D5F434F4E4E4543544905
:1030B0004F4E5F4F50454E0043414D5F434F4E4E84
:1030C000454354494F4E5F434C4F53450000000069
:1030D000414C4C000A323C3D3E3F40414243444556
:1030E0004647000052455345525645442E444154EC
:1030F000000000000D0A1B5B4B0000001B5B324A06
:103100001B5B313B314800000820080050415353FD
:103110005448524F55474800435031323000000068
:10312000435031333500000043503134300000004B
:10313000465039304C0000004650393056000000EF
:103140004F464600434C494D42000000414C545FFD
:10315000484F4C44000000004B495353000000000E
:10316000484F42425957494E475634004B4F4E54F0
:10317000524F4E494B00000052500000525059002F
:103180005354414E44415244000000004D4F4445C9
:10319000310000004D4F4445320000005641524975
:1031A00041424C45000000004D4F544F52495A4592
:1031B000440000004249444952454354494F4E415E
:1031C0004C00000043570000434357004D4158371F
:1031D000343536004D5350004652534B594F5344EB
:1031E0000000000054494D310000000054494D38A2
:1031F00000000000325F504F494E5400335F504F83
:10320000494E5400345F504F494E540044454641A6
:10321000554C54004241524F5F4F4E4C59000000F4
:103220004750535F4F4E4C5900000000424C414301
:103230004B000000574849544500000052454400E7
:103240004F52414E4745000059454C4C4F570000E6
:103250004C494D455F475245454E00004752454554
:103260004E0000004D494E545F475245454E000008
:103270004359414E000000004C494748545F424CBE
:1032800055450000424C5545000000004441524B5A
:103290005F56494F4C4554004D4147454E544100FF
:1032A000444545505F50494E4B0000005241434554
:1032B00000000000424541434F4E0000535441542A
:1032C00055535F44494D4D45440000005344494F18
:1032D0000000000050414C004E54534300000000D9
:1032E00046495253540000005345434F4E4400009A
:1032F000424F5448000000004752420052474200EB
:1033000047524257000000003139324D485A000000
:103310003231364D485A00003234304D485A0000A0
:1033200042455441464C49474854000052414345A8
:10333000464C49474854000041435455414C000015
:10334000515549434B000000594157004932430051
:10335000534C4156450000004759524F4155544F78
:103360000000000053544147453100004B494C4C8C
:103370000000000053544147453200004155544F6E
:103380002D4C414E4400000044524F5000000000BC
:103390004750532D5245534355450000505431007A
:1033A00042495155414400005054320050543300BA
:1033B0004F4E4553484F5431323500004F4E455320
:1033C000484F5434320000004D554C544953484F37
:1033D0005400000052455345525645440000000039
:1033E0004453484F54313530000000004453484F97
:1033F00054333030000000004453484F54363030CE
:103400000000000050524F53484F543130303000CC
:1034100044495341424C4544000000004359434C49
:103420004554494D4500000042415454455259000D
:103430004759524F5F46494C54455245440000009D
:10344000414343454C45524F4D45544552000000C1
:103450005049444C4F4F50004759524F5F534341DE
:103460004C45440052435F434F4D4D414E44000094
:1034700052435F534554504F494E540053434845BF
:1034800044554C4552000000535441434B0000004A
:103490004553435F53454E534F525F52504D0000CA
:1034A0004553435F53454E534F525F544D500000B8
:1034B000414C5449545544450000000046465400D0
:1034C0004646545F54494D45000000004646545F4F
:1034D000465245510000000052585F4652534B5926
:1034E0005F5350490000000052585F534648535301
:1034F0005F535049000000004759524F5F524157F7
:10350000000000004455414C5F4759524F5F524103
:10351000570000004455414C5F4759524F5F4449A2
:10352000464600004D4158373435365F5349474EC3
:10353000414C00004D4158373435365F53504943B4
:103540004C4F434B00000000534255530000000015
:1035500046504F525400000052414E474546494E96
:103560004445520052414E474546494E4445525FFC
:103570005155414C495459004C494441525F5446BD
:10358000000000004144435F494E5445524E414CB7
:1035900000000000474F5645524E4F5200000000B9
:1035A00043555252454E545F53454E534F520000BF
:1035B00055534200534D415254415544494F000028
:1035C00052544800495445524D5F52454C415800B1
:1035D0004143524F5F545241494E45520000000052
:1035E000534554504F494E540000000052585F5309
:1035F00049474E414C5F4C4F5353000052435F527A
:103600004157000052435F444154410044594E5FCA
:103610004C50460052585F5350454B5452554D5FE5
:10362000535049004453484F545F52504D5F5445E6
:103630004C454D455452590052504D5F46494C54EB
:103640004552000052504D5F534F555243450000C4
:10365000554E555345445F343800000041495242AD
:103660004F524E45000000004455414C5F475952AF
:103670004F5F5343414C4544000000004453484FC2
:10368000545F52504D5F4552524F5253000000005C
:10369000435253465F4C494E4B5F53544154495338
:1036A000544943535F55504C494E4B004352534687
:1036B0005F4C494E4B5F5354415449535449435313
:1036C0005F50575200000000435253465F4C494E32
:1036D0004B5F535441544953544943535F444F57EC
:1036E0004E0000004750535F5245534355455F54C9
:1036F00048524F54544C455F50494400465245513E
:103700005F53454E534F520046454544464F52572E
:103710004152445F4C494D495400000046454544E0
:10372000464F525741524400424C41434B424F583E
:103730005F4F5554505554004759524F5F53414DB8
:10374000504C450052585F54494D494E47000000C7
:10375000445F4C50460000005654585F5452414D4F
:1037600050000000474853540000000053434845B0
:1037700044554C45525F44455445524D494E49537A
:103780004D00000054494D494E475F414343555257
:103790004143590052585F455850524553534C527B
:1037A000535F53504900000052585F4558505245EE
:1037B00053534C52535F50484153454C4F434B0079
:1037C00052585F53544154455F54494D45000000E1
:1037D00050495443485F505245434F4D50000000FC
:1037E0005941575F505245434F4D50005245534346
:1037F00055455F414C54484F4C4400004E4F524D8C
:10380000414C00004F5054494F4E5F3100000000C2
:103810004F5054494F4E5F32000000005350454B0B
:1038200031303234000000005350454B32303438D0
:103830000000000053554D440000000053554D4812
:103840000000000058422D420000000058422D4266
:103850002D524A303100000049425553000000000B
:103860004A45544945584255530000004352534677
:10387000000000005352584C0000000043555354C0
:103880004F4D00005352584C320000004553430046
:103890005357495443480000535049464C415348FC
:1038A0000000000053444341524400004D41585F22
:1038B000414C540046495845445F414C5400000077
:1038C00043555252454E545F414C54005245534368
:1038D00055455F53414E4954595F4F4646000000DD
:1038E0005245534355455F53414E4954595F4F4EDE
:1038F000000000005245534355455F53414E495423
:10390000595F46535F4F4E4C5900000050454445A7
:1039100053545249414E000044594E414D494300D1
:1039200045474E4F530000005741415300000000EF
:103930004D53415300000000474147414E000000F5
:103940004E4D45410000000055424C4F58000000CC
:10395000524F4C4C000000005049544348000000B6
:10396000434F4C4C45435449564500005448524F30
:1039700054544C4500000000435730004357393041
:103980000000000043573138300000004357323701
:1039900030000000435730464C49500043573930FF
:1039A000464C4950000000004357313830464C49DE
:1039B000500000004357323730464C495000000059
:1039C000494D50455249414C000000004D4554526C
:1039D0004943000042524954495348004843535216
:1039E0003034000054464D494E49000054463032B0
:1039F00000000000484D433538383300414B38391A
:103A000037350000514D4335383833004C49533376
:103A10004D444C004D41475F4D5055393235585F4C
:103A2000414B383936330000424D503038350000B4
:103A30004D53353631310000424D503238300000A0
:103A40004C505300514D503639383800424D5033A8
:103A50003838000044505333313000004144584C52
:103A6000333435004D505536303530004D4D4138EA
:103A700034353200424D4132383000004C534D3322
:103A80003033444C484300004D5055363030300000
:103A90004D505536353030004D50553932353000A7
:103AA00049434D32303630310000000049434D3239
:103AB000303630320000000049434D323036303865
:103AC0004700000049434D323036343900000000D1
:103AD00049434D32303638390000000049434D34F7
:103AE000323630350000000049434D343236383824
:103AF00050000000424D493136300000424D4932FD
:103B0000373000004C534D3644534F0046414B452F
:103B1000000000004C3347343230304400000000D5
:103B20004D505533303530004C334744323000006F
:103B30004C534D3653444F006779726F5F6F766513
:103B400072666C6F775F6465746563740000000073
:103B50006779726F5F63616C69625F6475726174CB
:103B6000696F6E006779726F5F63616C69625F6E27
:103B70006F6973655F6C696D697400006779726F56
:103B80005F6F66667365745F796177006779726FDE
:103B90005F6C7066315F64796E5F6D696E5F687AC5
:103BA000000000006779726F5F6C7066315F647946
:103BB0006E5F6D61785F687A000000006779726FF0
:103BC0005F6E6F746368315F687A00006779726F47
:103BD0005F6E6F746368315F6375746F6666000053
:103BE0006779726F5F6E6F746368325F687A000026
:103BF0006779726F5F6E6F746368325F6375746F3D
:103C000066660000647465726D5F6C7066315F6437
:103C1000796E5F6D696E5F687A000000647465722A
:103C20006D5F6C7066315F64796E5F6D61785F683F
:103C30007A0000006163635F7472696D5F7069741C
:103C4000636800006163635F7472696D5F726F6CBB
:103C50006C0000006163635F63616C696272617430
:103C6000696F6E00616C69676E5F6D61670000006F
:103C70006D61675F616C69676E5F726F6C6C00008D
:103C80006D61675F616C69676E5F7069746368001E
:103C90006D61675F616C69676E5F796177000000D5
:103CA0006D61675F62757374797065006D61675FE0
:103CB0006932635F64657669636500006D61675FA3
:103CC0006932635F61646472657373006D61675F1D
:103CD0007370695F64657669636500006D61675F35
:103CE00063616C6962726174696F6E006261726FA8
:103CF0005F62757374797065000000006261726FB5
:103D00005F7370695F646576696365006261726F95
:103D10005F6932635F646576696365006261726FD3
:103D20005F6932635F6164647265737300000000F1
:103D30006D69645F726300006D696E5F63686563DF
:103D40006B0000006D61785F636865636B00000065
:103D5000727373695F6368616E6E656C000000006A
:103D6000727373695F7372635F6672616D655F65BD
:103D700072726F7273000000727373695F736361B4
:103D80006C650000727373695F6F666673657400BB
:103D9000727373695F696E766572740072737369AA
:103DA0005F7372635F6672616D655F6C70665F7092
:103DB0006572696F640000006D61785F6175785F9E
:103DC0006368616E6E656C730000000073657269F4
:103DD000616C72785F696E7665727465640000006C
:103DE0007370656B7472756D5F7361745F62696E19
:103DF000640000007370656B7472756D5F7361743D
:103E00005F62696E645F6175746F7265736574007B
:103E10007372786C325F756E69745F69640000005C
:103E20007372786C325F626175645F66617374008F
:103E3000736275735F626175645F666173740000BD
:103E4000637273665F7573655F72785F736E72001D
:103E5000637273665F7573655F6E65676F746961C2
:103E60007465645F626175640000000072785F6D64
:103E7000696E5F757365630072785F6D61785F75F9
:103E80007365630073657269616C72785F68616CF9
:103E9000666475706C6578006D73705F6F766572BF
:103EA000726964655F6368616E6E656C735F6D6196
:103EB000736B000072785F736D6F6F74686E6573FB
:103EC000730000006164635F646576696365000088
:103ED0006164635F76726566696E745F63616C6965
:103EE00062726174696F6E006164635F74656D70A6
:103EF00073656E736F725F63616C6962726174691E
:103F00006F6E3330000000006164635F74656D7034
:103F100073656E736F725F63616C696272617469FD
:103F20006F6E313130000000696E7075745F6669C4
:103F30006C746572696E675F6D6F64650000000088
:103F4000626C61636B626F785F6D6F646500000027
:103F5000626C61636B626F785F646576696365004C
:103F6000626C61636B626F785F726174655F6465D8
:103F70006E6F6D00626C61636B626F785F6C6F6710
:103F80005F636F6D6D616E6400000000626C616361
:103F90006B626F785F6C6F675F736574706F696E6B
:103FA00074000000626C61636B626F785F6C6F67B6
:103FB0005F6D697865720000626C61636B626F7837
:103FC0005F6C6F675F61747469747564650000008D
:103FD000626C61636B626F785F6C6F675F7069645E
:103FE00000000000626C61636B626F785F6C6F67EA
:103FF0005F6779726F5F726177000000626C616366
:104000006B626F785F6C6F675F6779726F0000003B
:10401000626C61636B626F785F6C6F675F61636333
:1040200000000000626C61636B626F785F6C6F67A9
:104030005F6D616700000000626C61636B626F78A6
:104040005F6C6F675F616C7400000000626C61639D
:104050006B626F785F6C6F675F6770730000000062
:10406000626C61636B626F785F6C6F675F626174D3
:104070007465727900000000626C61636B626F7836
:104080005F6C6F675F72737369000000626C6163DD
:104090006B626F785F6C6F675F72706D000000001D
:1040A000626C61636B626F785F6C6F675F6D6F747A
:1040B0006F727300626C61636B626F785F6C6F67C5
:1040C0005F736572766F73006D696E5F7468726F8F
:1040D00074746C65000000006D61785F7468726FC5
:1040E00074746C65000000006D696E5F636F6D6DC8
:1040F000616E64006473686F745F627572737400DC
:104100006473686F745F62697462616E6700000057
:104110006473686F745F62697462616E675F74690B
:104120006D6572006D6F746F725F636F6E74726F26
:104130006C5F6D6F646500006D6F746F725F72709D
:104140006D5F6C70660000006D6F746F725F7270EF
:104150006D5F666163746F72000000006D61696E6F
:104160005F726F746F725F676561725F72617469AD
:104170006F0000007461696C5F726F746F725F67CB
:104180006561725F726174696F0000006661696CDD
:10419000736166655F64656C617900006661696C76
:1041A000736166655F6F66665F64656C6179000068
:1041B0006661696C736166655F7468726F74746C54
:1041C000650000006661696C736166655F7377699D
:1041D0007463685F6D6F6465000000006661696C00
:1041E000736166655F7468726F74746C655F6C6F21
:1041F000775F64656C6179006661696C736166659F
:104200005F70726F63656475726500006661696CEA
:10421000736166655F7265636F766572795F646509
:104220006C6179006661696C736166655F7374695E
:10423000636B5F7468726573686F6C640000000084
:10424000616C69676E5F626F6172645F726F6C6CE4
:1042500000000000616C69676E5F626F6172645F8D
:104260007069746368000000616C69676E5F626FFB
:104270006172645F796177006261745F636170612C
:104280006369747900000000766261745F6D617823
:104290005F63656C6C5F766F6C74616765000000CE
:1042A000766261745F66756C6C5F63656C6C5F767B
:1042B0006F6C746167650000766261745F6D696E32
:1042C0005F63656C6C5F766F6C746167650000009E
:1042D000766261745F7761726E696E675F63656C49
:1042E0006C5F766F6C746167650000007662617464
:1042F0005F68797374657265736973006375727250
:10430000656E745F6D65746572000000626174743F
:104310006572795F6D657465720000007662617424
:104320005F6465746563745F63656C6C5F766F6C06
:1043300074616765000000007573655F7662617483
:104340005F616C65727473007573655F636261743D
:104350005F616C6572747300636261745F616C6548
:1043600072745F70657263656E740000766261746A
:104370005F6375746F66665F70657263656E740007
:10438000666F7263655F626174746572795F63659D
:104390006C6C5F636F756E74000000007662617410
:1043A0005F646973706C61795F6C70665F70657271
:1043B000696F6400696261745F6C70665F706572DA
:1043C000696F6400766261745F6475726174696FAD
:1043D0006E5F666F725F7761726E696E6700000074
:1043E000766261745F6475726174696F6E5F666F27
:1043F000725F637269746963616C000076626174F4
:104400005F7570646174655F687A000069626174E9
:104410005F7570646174655F687A000076626174CC
:104420005F64697669646572000000007662617499
:104430005F6D756C7469706C696572006962617436
:10444000615F7363616C650069626174615F6F666F
:1044500066736574000000006265657065725F696F
:104460006E76657273696F6E00000000626565703C
:1044700065725F6F640000006265657065725F66FB
:1044800072657175656E6379000000006265657024
:1044900065725F6473686F745F626561636F6E5F9E
:1044A000746F6E65000000006D61696E5F726F74FD
:1044B0006F725F64697200007461696C5F726F741F
:1044C0006F725F6D6F6465007461696C5F6D6F74AE
:1044D0006F725F69646C650073776173685F74798C
:1044E0007065000073776173685F72696E670000C2
:1044F00073776173685F7068617365007377617368
:10450000685F7472696D0000746F74616C5F626CD7
:104510006164655F70697463685F6C696D6974007C
:10452000636F6C6C6563746976655F72706D5F63F1
:104530006F7272656374696F6E000000676F765FFB
:104540006D6F646500000000676F765F7374617261
:104550007475705F74696D6500000000676F765F49
:1045600073706F6F6C75705F74696D65000000002B
:10457000676F765F747261636B696E675F74696D94
:1045800065000000676F765F7265636F76657279AC
:104590005F74696D65000000676F765F6175746FA9
:1045A000726F746174696F6E5F74696D656F757435
:1045B00000000000676F765F6175746F726F7461E1
:1045C00074696F6E5F6261696C6F75745F74696D39
:1045D00065000000676F765F6175746F726F74615C
:1045E00074696F6E5F6D696E5F656E7472795F740A
:1045F000696D6500676F765F7A65726F5F74687268
:104600006F74746C655F74696D656F75740000001C
:10461000676F765F6C6F73745F68656164737065F4
:1046200065645F74696D656F75740000676F765FB0
:104630007077725F66696C7465720000676F765F91
:1046400072706D5F66696C7465720000676F765F8B
:104650007474615F66696C74657200007261746580
:1046600070726F66696C655F6E616D650000000059
:10467000717569636B72617465735F72635F65788E
:10468000706F0000726F6C6C5F72635F7261746553
:104690000000000070697463685F72635F72617428
:1046A000650000007961775F72635F726174650015
:1046B000636F6C6C6563746976655F72635F72616A
:1046C00074650000726F6C6C5F6578706F0000003D
:1046D00070697463685F6578706F00007961775FF7
:1046E0006578706F00000000636F6C6C65637469BF
:1046F00076655F6578706F00726F6C6C5F73726166
:104700007465000070697463685F7372617465003A
:104710007961775F7372617465000000636F6C6C20
:104720006563746976655F7372617465000000008B
:10473000726F6C6C5F726174655F6C696D69740037
:1047400070697463685F726174655F6C696D6974C8
:10475000000000007961775F726174655F6C696D5C
:1047600069740000636F6C6C6563746976655F6C77
:10477000696D697400000000726F6C6C5F61636347
:10478000656C5F6C696D697400000000706974632A
:10479000685F616363656C5F6C696D6974000000DC
:1047A0007961775F616363656C5F6C696D697400E3
:1047B000636F6C6C6563746976655F616363656C78
:1047C0005F6C696D69740000726F6C6C5F6C65760C
:1047D000656C5F6578706F0070697463685F6C65A5
:1047E00076656C5F6578706F0000000072617465BB
:1047F000735F736D6F6F74686E6573730000000094
:104800006379636C69635F72696E67007265626F7A
:104810006F745F63686172616374657200000000A9
:1048200073657269616C5F7570646174655F7261F4
:1048300074655F687A000000696D755F64636D5F21
:104840006B700000696D755F64636D5F6B6900007C
:104850006175746F5F64697361726D5F64656C61CB
:10486000790000006770735F70726F7669646572BB
:10487000000000006770735F736261735F6D6F6447
:10488000650000006770735F736261735F696E74C7
:1048900065677269747900006770735F6175746F22
:1048A0005F636F6E666967006770735F6175746FD1
:1048B0005F626175640000006770735F75626C6FA2
:1048C000785F7573655F67616C696C656F00000088
:1048D0006770735F75626C6F785F6D6F6465000001
:1048E0006770735F7365745F686F6D655F706F6924
:1048F0006E745F6F6E6365006770735F7573655F7D
:1049000033645F7370656564000000006770735FF7
:104910007265736375655F616E676C6500000000AA
:104920006770735F7265736375655F616C745F62F6
:1049300075666665720000006770735F7265736309
:1049400075655F696E697469616C5F616C740000A4
:104950006770735F7265736375655F6465736365C4
:104960006E745F64697374006770735F72657363FC
:1049700075655F6C616E64696E675F616C74000081
:104980006770735F7265736375655F6C616E646990
:104990006E675F64697374006770735F72657363D9
:1049A00075655F67726F756E645F737065656400CF
:1049B0006770735F7265736375655F7468726F7437
:1049C000746C655F700000006770735F726573637D
:1049D00075655F7468726F74746C655F6900000060
:1049E0006770735F7265736375655F7468726F7407
:1049F000746C655F640000006770735F7265736359
:104A000075655F76656C6F636974795F700000002F
:104A10006770735F7265736375655F76656C6F63EE
:104A20006974795F690000006770735F7265736312
:104A300075655F76656C6F636974795F640000000B
:104A40006770735F7265736375655F7961775F70B7
:104A5000000000006770735F7265736375655F7453
:104A600068726F74746C655F6D696E006770735FF8
:104A70007265736375655F7468726F74746C655F7B
:104A80006D6178006770735F7265736375655F61F0
:104A90007363656E645F7261746500006770735F55
:104AA0007265736375655F64657363656E645F7279
:104AB000617465006770735F7265736375655F74B9
:104AC00068726F74746C655F686F76657200000061
:104AD0006770735F7265736375655F73616E697428
:104AE000795F636865636B73000000006770735FD4
:104AF0007265736375655F6D696E5F736174730072
:104B00006770735F7265736375655F6D696E5F640F
:104B1000746800006770735F7265736375655F61C9
:104B20006C6C6F775F61726D696E675F77697468CF
:104B30006F75745F666978006770735F7265736321
:104B400075655F616C745F6D6F6465006770735F3E
:104B50007265736375655F7573655F6D616700008E
:104B6000737469636B5F6D6F76656D656E745F748A
:104B700068726573686F6C640000000066696C742D
:104B800065725F70726F636573735F64656E6F6D7E
:104B9000000000007069645F6D6F646500000000D4
:104BA0007069645F647465726D5F6D6F6465000049
:104BB00070697463685F705F6761696E0000000010
:104BC00070697463685F695F6761696E0000000007
:104BD00070697463685F645F6761696E00000000FC
:104BE00070697463685F665F6761696E00000000EA
:104BF000726F6C6C5F705F6761696E00726F6C6C76
:104C00005F695F6761696E00726F6C6C5F645F679C
:104C100061696E00726F6C6C5F665F6761696E00E0
:104C20007961775F705F6761696E00007961775FB6
:104C3000695F6761696E00007961775F645F6761D2
:104C4000696E00007961775F665F6761696E000079
:104C50007761795F705F6761696E00007761795F86
:104C6000695F6761696E00007761795F645F6761A2
:104C7000696E00007761795F665F6761696E000049
:104C800070697463685F645F6375746F6666000063
:104C900070697463685F665F6375746F6666000051
:104CA00070697463685F6779726F5F6375746F664C
:104CB0006600000070697463685F6572726F725F8E
:104CC0006375746F66660000726F6C6C5F645F631F
:104CD00075746F6666000000726F6C6C5F665F6370
:104CE00075746F6666000000726F6C6C5F67797236
:104CF0006F5F6375746F666600000000726F6C6CA6
:104D00005F6572726F725F6375746F666600000034
:104D10007961775F645F73656C65637400000000A0
:104D20007961775F645F6375746F66660000000089
:104D30007961775F665F6375746F66660000000077
:104D40007961775F6779726F5F6375746F6666000C
:104D50007961775F6572726F725F6375746F666693
:104D6000000000007961775F63775F73746F705F35
:104D70006761696E000000007961775F6363775F48
:104D800073746F705F6761696E0000007961775FAF
:104D90006379636C69635F66665F6761696E000073
:104DA0007961775F636F6C6C6563746976655F6664
:104DB000665F6761696E00007961775F636F6C6C35
:104DC0006563746976655F66665F696D70756C733F
:104DD000655F6761696E00007961775F636F6C6C16
:104DE0006563746976655F66665F696D70756C731F
:104DF000655F66726571000070697463685F636FF8
:104E00006C6C6563746976655F66665F6761696E21
:104E10000000000070697463685F636F6C6C6563A9
:104E2000746976655F66665F696D70756C73655FE2
:104E30006761696E000000006572726F725F726F69
:104E4000746174696F6E00006572726F725F646581
:104E5000636179006572726F725F6C696D6974006D
:104E6000697465726D5F72656C61785F7479706585
:104E700000000000697465726D5F72656C61785F37
:104E80006C6576656C000000697465726D5F7265B3
:104E90006C61785F6375746F66660000616E676C45
:104EA000655F6C6576656C5F737472656E67746858
:104EB00000000000616E676C655F6C6576656C5F15
:104EC0006C696D6974000000686F72697A6F6E5F5B
:104ED0006C6576656C5F737472656E6774680000EC
:104EE000686F72697A6F6E5F7472616E73697469EC
:104EF0006F6E0000686F72697A6F6E5F74696C74B0
:104F00005F65666665637400686F72697A6F6E5F6D
:104F100074696C745F6578706572745F6D6F6465D9
:104F2000000000006163726F5F747261696E657288
:104F30005F616E676C655F6C696D6974000000008D
:104F40006163726F5F747261696E65725F6C6F6FBF
:104F50006B61686561645F6D730000006163726F0F
:104F60005F747261696E65725F6761696E000000EF
:104F70007265736375655F6D6F64650072657363F9
:104F800075655F666C6970007265736375655F66F1
:104F90006C69705F6761696E000000007265736321
:104FA00075655F6C6576656C5F6761696E000000B2
:104FB0007265736375655F70756C6C5F75705F7437
:104FC000696D65007265736375655F636C696D62B9
:104FD0005F74696D650000007265736375655F6677
:104FE0006C69705F74696D650000000072657363C1
:104FF00075655F657869745F74696D6500000000B0
:105000007265736375655F70756C6C5F75705F63F7
:105010006F6C6C656374697665000000726573631C
:1050200075655F636C696D625F636F6C6C656374FB
:10503000697665007265736375655F686F76657222
:105040005F636F6C6C65637469766500726573632A
:1050500075655F686F7665725F616C74697475649D
:10506000650000007265736375655F616C745F70E5
:105070005F6761696E0000007265736375655F61EB
:105080006C745F695F6761696E00000072657363CD
:1050900075655F616C745F645F6761696E000000D5
:1050A0007265736375655F6D61785F73705F726160
:1050B000746500007265736375655F6D61785F7319
:1050C000705F616363656C007265736375655F6DC6
:1050D00061785F636F6C6C6563746976650000006E
:1050E000676F765F68656164737065656400000072
:1050F000676F765F6761696E00000000676F765FBB
:10510000705F6761696E0000676F765F695F6761F6
:10511000696E0000676F765F645F6761696E0000AB
:10512000676F765F665F6761696E0000676F765FC5
:105130007474615F6761696E00000000676F765F7D
:105140007474615F6C696D6974000000676F765FED
:105150007961775F66665F776569676874000000EC
:10516000676F765F6379636C69635F66665F7765B7
:105170006967687400000000676F765F636F6C6C2E
:105180006563746976655F66665F7765696768748D
:1051900000000000746C6D5F696E76657274656402
:1051A00000000000746C6D5F68616C666475706C03
:1051B000657800006672736B795F64656661756C13
:1051C000745F6C61740000006672736B795F646574
:1051D0006661756C745F6C6F6E6700006672736BEE
:1051E000795F6770735F666F726D617400000000B5
:1051F0006672736B795F756E697400006672736BAB
:10520000795F766661735F707265636973696F6EEB
:1052100000000000686F74745F616C61726D5F699B
:105220006E7400007069645F696E5F746C6D00007D
:105230007265706F72745F63656C6C5F766F6C74AF
:1052400061676500696275735F73656E736F720085
:105250006D61766C696E6B5F6D61685F61735F68CD
:10526000656164696E675F64697669736F72000077
:1052700074656C656D657472795F656E61626C658D
:105280005F766F6C746167650000000074656C6523
:105290006D657472795F656E61626C655F6375726E
:1052A00072656E740000000074656C656D657472E3
:1052B000795F656E61626C655F6675656C000000A4
:1052C00074656C656D657472795F656E61626C653D
:1052D0005F6D6F646500000074656C656D65747268
:1052E000795F656E61626C655F6163635F78000022
:1052F00074656C656D657472795F656E61626C650D
:105300005F6163635F79000074656C656D657472DD
:10531000795F656E61626C655F6163635F7A0000EF
:1053200074656C656D657472795F656E61626C65DC
:105330005F7069746368000074656C656D65747294
:10534000795F656E61626C655F726F6C6C00000006
:1053500074656C656D657472795F656E61626C65AC
:105360005F68656164696E670000000074656C6564
:105370006D657472795F656E61626C655F616C7496
:10538000697475646500000074656C656D657472A0
:10539000795F656E61626C655F766172696F00004E
:1053A00074656C656D657472795F656E61626C655C
:1053B0005F6C61745F6C6F6E6700000074656C6594
:1053C0006D657472795F656E61626C655F67726F3F
:1053D000756E645F737065656400000074656C656C
:1053E0006D657472795F656E61626C655F64697327
:1053F00074616E636500000074656C656D65747240
:10540000795F656E61626C655F6573635F6375721A
:1054100072656E740000000074656C656D65747271
:10542000795F656E61626C655F6573635F766F6CF3
:10543000746167650000000074656C656D65747269
:10544000795F656E61626C655F6573635F72706DD5
:105450000000000074656C656D657472795F656E3F
:1054600061626C655F6573635F74656D70657261C1
:10547000747572650000000074656C656D6574720A
:10548000795F656E61626C655F74656D7065726190
:10549000747572650000000074656C656D657472EA
:1054A000795F656E61626C655F6361705F7573657E
:1054B0006400000074656C656D657472795F656E7B
:1054C00061626C655F61646A7573746D656E7400AA
:1054D0006C656473747269705F76697375616C5F13
:1054E00062656570657200006C65647374726970E2
:1054F0005F76697375616C5F6265657065725F6325
:105500006F6C6F72000000006C6564737472697078
:105510005F6772625F726762000000006C656473AF
:10552000747269705F70726F66696C65000000006C
:105530006C656473747269705F726163655F636FD9
:105540006C6F72006C656473747269705F62656120
:10555000636F6E5F636F6C6F720000006C656473E5
:10556000747269705F626561636F6E5F70657269A6
:105570006F645F6D730000006C65647374726970B2
:105580005F626561636F6E5F70657263656E740004
:105590006C656473747269705F626561636F6E5F7E
:1055A00061726D65645F6F6E6C7900006C65647329
:1055B000747269705F6272696768746E6573730094
:1055C0006C656473747269705F626C696E6B5F7036
:1055D0006572696F645F6D73000000006C656473D1
:1055E000747269705F666C69636B65725F72617417
:1055F000650000006C656473747269705F64696D46
:105600006D65725F72617465000000006C656473A3
:10561000747269705F696E7665727465645F666FD7
:10562000726D6174000000007364636172645F6492
:1056300065746563745F696E766572746564000095
:105640007364636172645F6D6F646500736463614A
:1056500072645F7370695F6275730000737973744D
:10566000656D5F6873655F6D687A00007461736B68
:105670005F737461746973746963730064656275E0
:10568000675F6178697300006370755F6F7665723C
:10569000636C6F636B0000007077725F6F6E5F61A9
:1056A000726D5F677261636500000000656E616224
:1056B0006C655F737469636B5F61726D696E6700BF
:1056C000656E61626C655F737469636B5F636F6D58
:1056D0006D616E64730000007663645F7669646573
:1056E0006F5F73797374656D000000006469737097
:1056F0006C6179706F72745F6D73705F636F6C5FF4
:1057000061646A7573740000646973706C617970A8
:105710006F72745F6D73705F726F775F61646A75CB
:1057200073740000646973706C6179706F72745F78
:105730006D73705F73657269616C0000646973708A
:105740006C6179706F72745F6D73705F6174747285
:1057500073000000646973706C6179706F72745FBC
:105760006D73705F7573655F6465766963655F62AD
:105770006C696E6B000000006573635F73656E7328
:105780006F725F70726F746F636F6C006573635FCD
:1057900073656E736F725F68616C666475706C655B
:1057A000780000006573635F73656E736F725F638B
:1057B000757272656E745F6F666673657400000063
:1057C0006573635F73656E736F725F757064617428
:1057D000655F687A000000006573635F73656E73D0
:1057E0006F725F6877345F63757272656E745F6F36
:1057F00066667365740000006573635F73656E733E
:105800006F725F6877345F63757272656E745F671D
:1058100061696E006573635F73656E736F725F6855
:1058200077345F766F6C746167655F6761696E007E
:105830006C65645F696E76657273696F6E000000F7
:1058400070696E696F5F636F6E6669670000000064
:1058500070696E696F5F626F780000007573625FD8
:105860006869645F636463007573625F6D73635F2F
:1058700070696E5F70756C6C75700000666C61733A
:10588000685F7370695F6275730000006779726F9B
:105890005F315F6275737479706500006779726F4C
:1058A0005F315F7370696275730000006779726FB2
:1058B0005F315F6932634275730000006779726F10
:1058C0005F315F6932635F616464726573730000A6
:1058D0006779726F5F315F73656E736F725F616C52
:1058E00069676E006779726F5F315F616C69676EBF
:1058F0005F726F6C6C0000006779726F5F315F617F
:105900006C69676E5F706974636800006779726FB5
:105910005F315F616C69676E5F79617700000000DD
:105920006779726F5F325F627573747970650000BA
:105930006779726F5F325F73706962757300000020
:105940006779726F5F325F6932634275730000007E
:105950006779726F5F325F6932635F616464726539
:10596000737300006779726F5F325F73656E736F78
:10597000725F616C69676E006779726F5F325F6139
:105980006C69676E5F726F6C6C0000006779726F94
:105990005F325F616C69676E5F7069746368000095
:1059A0006779726F5F325F616C69676E5F7961778B
:1059B00000000000693263315F70756C6C757000B7
:1059C000693263315F636C6F636B73706565645FCD
:1059D0006B687A00693263325F70756C6C75700049
:1059E000693263325F636C6F636B73706565645FAC
:1059F0006B687A00693263335F70756C6C75700028
:105A0000693263335F636C6F636B73706565645F8A
:105A10006B687A00693263345F70756C6C75700006
:105A2000693263345F636C6F636B73706565645F69
:105A30006B687A006D636F5F6F6E5F706138000036
:105A40006D636F5F736F7572636500006D636F5F89
:105A500064697669646572007363686564756C6512
:105A6000725F72656C61785F72780000736368655D
:105A700064756C65725F72656C61785F6F736400EA
:105A800074696D657A6F6E655F6F66667365745F66
:105A90006D696E757465730073746174735F6D699D
:105AA0006E5F61726D65645F74696D655F73000040
:105AB00073746174735F746F74616C5F666C696733
:105AC0006874730073746174735F746F74616C5F76
:105AD00074696D655F73000073746174735F746FD4
:105AE00074616C5F646973745F6D0000706F7369DB
:105AF00074696F6E5F616C745F736F75726365005C
:105B0000706F736974696F6E5F6261726F5F616CF1
:105B1000745F6C7066000000706F736974696F6EFB
:105B20005F6261726F5F6F66667365745F6C7066EB
:105B300000000000706F736974696F6E5F6261725C
:105B40006F5F64726966745F6C706600706F736912
:105B500074696F6E5F6770735F616C745F6C7066A1
:105B600000000000706F736974696F6E5F67707317
:105B70005F6F66667365745F6C706600706F7369E3
:105B800074696F6E5F766172696F5F6C706600003A
:105B9000626F785F757365725F315F6E616D65000E
:105BA000626F785F757365725F325F6E616D6500FD
:105BB000626F785F757365725F335F6E616D6500EC
:105BC000626F785F757365725F345F6E616D6500DB
:105BD0004F4B00005741524E494E470043524954E3
:105BE0004943414C000000004E4F54205052455351
:105BF000454E5400494E4954000000004E4F47594D
:105C0000524F000052584C4F5353000042414452EF
:105C100058000000424F584641494C534146450008
:105C200052554E41574159004352415348000000DC
:105C3000424F4F5447524143450000004E4F50528F
:105C40004541524D00000000434C4900434D530074
:105C5000425354005245534355455F53570000008B
:105C600052504D46494C5445520000005245424F57
:105C70004F545F52455144004453484F545F424291
:105C8000414E47004E4F5F4143435F43414C00004C
:105C90004D4F544F525F50524F544F0041524D534D
:105CA00057495443480000004750532B4D4147008B
:105CB000554E434F4E46494755524544000000005B
:105CC000435553544F4D2044454641554C54530081
:105CD000434F4E4649475552454400005350495F93
:105CE0004D4F5349000000005350495F4D49534FF9
:105CF000000000005350495F545800005350495F62
:105D000052580000554152545F5458005541525466
:105D10005F52580054494D555000000001020304E1
:105D2000050607080F1011140000000046524545F3
:105D30000000000050504D004D4F544F52000000E5
:105D4000534552564F0000004144435F4241545472
:105D5000000000004144435F4355525200000000E0
:105D60004144435F455854004144435F52535349B3
:105D70000000000053455249414C5F545800000058
:105D800053455249414C5F5258000000444542552A
:105D90004700000054494D4552000000534F4E410A
:105DA000525F54524947474552000000534F4E41FD
:105DB000525F4543484F00005350495F53434B00E7
:105DC0004932435F53434C004932435F53444100DF
:105DD0005344494F5F434B005344494F5F434D4445
:105DE000000000005344494F5F4430005344494F82
:105DF0005F4431005344494F5F4432005344494F9C
:105E00005F4433005344434152445F435300000016
:105E10005344434152445F444554454354000000B9
:105E2000464C4153485F4353000000004241524FEB
:105E30005F4353004759524F5F4353004F53445FF2
:105E40004353000052585F5350495F4353000000D2
:105E50005350495F435300004759524F5F455854D0
:105E6000490000004241524F5F454F43000000008F
:105E7000434F4D504153535F455854490000000073
:105E80005553425F44455445435400004F5344002A
:105E900052585F42494E4400494E5645525445526D
:105EA000000000004C45445F53545249500000002C
:105EB0005654585F504F5745520000005654585F93
:105EC000435300005654585F4441544100000000C1
:105ED0005654585F434C4B00434F4D504153535F12
:105EE0004353000052585F42494E445F504C55475F
:105EF0000000000045534353455249414C00000007
:105F000043414D4552415F434F4E54524F4C000068
:105F100052585F535049000050494E494F0000000D
:105F20005553425F4D53435F50494E004D434F0020
:105F300052585F5350495F42494E440052585F5394
:105F400050495F4C45440000505245494E49540069
:105F500052585F5350495F455854490052585F5357
:105F600050495F4343323530305F54585F454E00EF
:105F700052585F5350495F4343323530305F4C4E87
:105F8000415F454E0000000052585F5350495F4347
:105F900043323530305F414E545F53454C00000072
:105FA000515350495F434C4B00000000515350493E
:105FB0005F424B31494F3000515350495F424B31A2
:105FC000494F3100515350495F424B31494F3200E4
:105FD000515350495F424B31494F3300515350495F
:105FE0005F424B3143530000515350495F424B32A3
:105FF000494F3000515350495F424B32494F3100B5
:10600000515350495F424B32494F3200515350492E
:106010005F424B32494F3300515350495F424B323C
:10602000435300004241524F5F58434C520000001E
:1060300050554C4C5550000050554C4C444F574E09
:10604000000000004453484F545F42495442414EBF
:10605000470000005357440052585F5350495F4572
:106060005850524553534C52535F52455345540078
:1060700052585F5350495F455850524553534C5204
:10608000535F42555359000052585F50504D000025
:1060900052585F53455249414C000000534F4654FB
:1060A00053455249414C000052585F504152414CB7
:1060B0004C454C5F50574D0052585F4D53500000B7
:1060C000525353495F414443000000004441534848
:1060D000424F415244000000616873000101010118
:1060E0000101010101010101020406080808080874
:1060F0000808080808080808080808080000000040
:10610000010101010101010102020202020406086B
:1061100008080808080808080808080808080808FF
:1061200000000000636F6E666967757265206164C8
:106130006A7573746D656E742066756E6374696FCD
:106140006E7300003C696E6465783E203C66756E37
:10615000633E203C656E61626C65206368616E6EB3
:10616000656C3E203C73746172743E203C656E64C5
:106170003E203C76616C7565206368616E6E656C6F
:106180003E203C6465632073746172743E203C64FD
:10619000656320656E643E203C696E6320737461A4
:1061A00072743E203C696E6320656E643E203C73D1
:1061B0007465702073697A653E203C76616C756504
:1061C000206D696E3E203C76616C7565206D61784E
:1061D0003E000000636F6E666967757265206D6FC3
:1061E000646573003C696E6465783E203C6D6F6445
:1061F000653E203C6175783E203C73746172743E4C
:10620000203C656E643E203C6C6F6769633E000015
:1062100062617463680000007374617274206F724D
:1062200020656E642061206261746368206F66205F
:10623000636F6D6D616E6473000000007374617252
:1062400074207C20656E6400656E61626C652F64ED
:10625000697361626C65204473686F742062656164
:10626000636F6E20666F72206120636F6E64697465
:10627000696F6E006C6973740D0A093C2D3E5B6E8C
:10628000616D655D00000000656E61626C652F6484
:10629000697361626C652062656570657220666F06
:1062A00072206120636F6E646974696F6E00000014
:1062B00062696E645F727800696E697469617465A1
:1062C0002062696E64696E6720666F722052582082
:1062D000535049206F72205352584C320000000036
:1062E000626C00007265626F6F7420696E746F205B
:1062F000626F6F746C6F6164657200005B726F6DCA
:106300005D000000626F6172645F6E616D65000028
:10631000676574202F2073657420746865206E6132
:106320006D65206F662074686520626F61726420FD
:106330006D6F64656C0000005B626F617264206E5B
:10634000616D655D00000000626F6172645F64658D
:106350007369676E00000000676574202F20736505
:106360007420746865206E616D65206F66207468A6
:106370006520626F6172642064657369676E0000F6
:106380005B626F6172642064657369676E5D0000B3
:10639000636F6E66696775726520636F6C6F727389
:1063A00000000000726573657420746F2064656678
:1063B00061756C747320616E64207265626F6F74B6
:1063C000000000007B73686F777D207B6E6F7361C8
:1063D00076657D207B626172657D207B67726F755B
:1063E000705F6964203C69643E7D000064667500EE
:1063F0007265626F6F7420696E746F204446552019
:10640000626F6F746C6F61646572000064696666C8
:10641000000000006C69737420636F6E66696775B5
:10642000726174696F6E206368616E676573206660
:10643000726F6D2064656661756C74005B6D61736D
:106440007465727C70726F66696C657C726174656C
:10645000737C68617264776172657C616C6C5D20CD
:106460007B64656661756C74737C626172657D00C6
:1064700073686F772F73657420444D412061737387
:1064800069676E6D656E7473000000003C3E207C91
:10649000203C6465766963653E203C696E6465787E
:1064A0003E206C697374207C203C6465766963656A
:1064B0003E203C696E6465783E205B3C6F70746979
:1064C0006F6E3E7C6E6F6E655D207C206C697374B0
:1064D000207C2073686F77006473686F745F7465E5
:1064E0006C656D657472795F696E666F000000009F
:1064F000646973706C6179206473686F742074656B
:106500006C656D6574727920696E666F20616E646A
:1065100020737461747300006473686F7470726FB9
:106520006700000070726F6772616D204453686F7E
:106530007420455343287329000000003C696E64B1
:1065400065783E203C636F6D6D616E643E2B00008C
:1065500064756D700000000064756D7020636F6E6F
:1065600066696775726174696F6E00006573637048
:10657000726F6700706173737468726F75676820FB
:1065800065736320746F2073657269616C0000002D
:106590003C6D6F6465205B736B2F626C2F6B692F92
:1065A00063635D3E203C696E6465783E00000000D8
:1065B0006578697400000000636F6E6669677572C4
:1065C000652066656174757265730000666C617341
:1065D000685F657261736500657261736520666CE2
:1065E000617368206368697000000000666C617305
:1065F000685F696E666F000073686F7720666C6114
:106600007368206368697020696E666F000000001F
:10661000666C6173685F7265616400003C6C656EF6
:106620006774683E203C616464726573733E000069
:10663000666C6173685F7363616E00007363616EA3
:1066400020666C6173682064657669636520666F97
:1066500072206572726F727300000000666C617365
:10666000685F7772697465003C6164647265737316
:106670003E203C6D6573736167653E00676574001D
:10668000676574207661726961626C652076616C01
:10669000756500005B6E616D655D0000677073700D
:1066A0006173737468726F756768000070617373EB
:1066B0007468726F7567682067707320746F2073D9
:1066C000657269616C0000006779726F7265676955
:1066D000737465727300000064756D702067797261
:1066E0006F20636F6E666967207265676973746592
:1066F000727320636F6E74656E7473006469737077
:106700006C617920636F6D6D616E642068656C707B
:10671000000000005B7365617263682073747269C6
:106720006E675D00636F6E666967757265206C6584
:10673000647300006D616E75666163747572657275
:106740005F696400676574202F2073657420746826
:1067500065206964206F662074686520626F6172CD
:1067600064206D616E756661637475726572000098
:106770005B6D616E756661637475726572206964C4
:106780005D000000636F6E666967757265207263F5
:10679000206368616E6E656C206F726465720000C4
:1067A0005B3C6D61703E5D006D63755F6964000008
:1067B0006964206F6620746865206D6963726F6319
:1067C0006F6E74726F6C6C6572000000636F6E6642
:1067D0006967757265206D6978657200737461749C
:1067E00075730D0A09696E7075740D0A09696E700A
:1067F00075742072657365740D0A09696E7075741D
:10680000203C696E7075743E203C6D696E3E203C84
:106810006D61783E203C726174653E0D0A096C69B9
:106820006D69740D0A096C696D6974203C696E703C
:1068300075743E203C6D696E3E203C6D61783E0D66
:106840000A09726174650D0A0972617465203C69F8
:106850006E7075743E203C726174653E0D0A09725B
:10686000756C650D0A0972756C65207265736574C7
:106870000D0A0972756C65203C696E6465783E206E
:106880005B7365747C6164647C6D756C5D203C69D0
:106890006E7075743E203C6F75747075743E203C4C
:1068A0007765696768743E203C6F66667365743E01
:1068B000205B3C6D6F6465733E5D0D0A0972756CFB
:1068C00065203C696E6465783E205B64656C5D0D97
:1068D0000A096F766572726964650D0A096F7665DB
:1068E0007272696465206F66660D0A096F7665725B
:1068F00072696465203C76616C75653E0D0A096FAE
:1069000076657272696465203C696E7075743E20AC
:106910003C76616C75653E7C6F666600636F6E6683
:106920006967757265206D6F646520616E642073A0
:1069300070656369616C20636F6C6F727300000037
:10694000636F6E666967757265206D6F746F7273C1
:10695000000000007374617475730D0A096F766529
:1069600072726964650D0A096F7665727269646591
:10697000206F66660D0A096F76657272696465201C
:106980003C696E6465783E203C76616C75653E7C42
:106990006F6666006D73630073776974636820695E
:1069A0006E746F206D7363206D6F6465000000006E
:1069B0005B3C74696D657A6F6E65206F66667365A2
:1069C00074206D696E757465733E5D00706C6179DD
:1069D0005F736F756E6400005B3C696E6465783E42
:1069E0005D0000006368616E67652070726F6669A4
:1069F0006C6500007261746570726F66696C650029
:106A00006368616E676520726174652070726F667D
:106A1000696C6500736574706F696E745F696E662A
:106A20006F00000073686F7720736574706F696E14
:106A30007420736D6F6F7468696E67206F70657214
:106A40006174696F6E616C2073657474696E6773CD
:106A5000000000007265736F7572636500000000CE
:106A600073686F772F736574207265736F757263C7
:106A7000657300003C3E207C203C7265736F75722C
:106A80006365206E616D653E203C696E6465783E8D
:106A9000205B3C70696E3E7C6E6F6E655D207C2075
:106AA00073686F77205B616C6C5D000073686F7753
:106AB0002F736574207278206661696C73616665F6
:106AC0002073657474696E6773000000636F6E668F
:106AD0006967757265207278206368616E6E656C97
:106AE0002072616E676573007361766520616E6404
:106AF000207265626F6F740073645F696E666F0009
:106B000073646361726420696E666F00636F6E66A2
:106B100069677572652073657269616C20706F7248
:106B20007473000073657269616C7061737374686B
:106B3000726F756768000000706173737468726FBC
:106B40007567682073657269616C20646174612087
:106B5000646174612066726F6D20706F7274203191
:106B600020746F20564350202F20706F7274203293
:106B7000000000003C6964313E205B3C626175644A
:106B8000313E5D205B3C6D6F6465313E5D205B6E28
:106B90006F6E657C3C6474722070696E696F3E7CB8
:106BA00072657365745D205B3C6964323E5D205B99
:106BB0003C62617564323E5D205B3C6D6F646532A2
:106BC0003E5D0000636F6E66696775726520736570
:106BD00072766F73000000003C736572766F3E2022
:106BE0003C63656E7465723E203C6D696E3E203C70
:106BF0006D61783E203C2D7363616C653E203C2BBB
:106C00007363616C653E203C7570646174655F728E
:106C10006174653E203C73706565643E203C666C23
:106C20006167733E0D0A097374617475730D0A0907
:106C3000666C6167730D0A09666C616773203C734B
:106C40006572766F3E203C5B2B7C2D5D464C414748
:106C50003E202E2E2E0D0A096F76657272696465CC
:106C60000D0A096F76657272696465203C76616C05
:106C700075653E7C6F66660D0A096F76657272698E
:106C80006465203C736572766F3E203C76616C755E
:106C9000653E7C6F666600006368616E67652073A1
:106CA000657474696E6700005B3C6E616D653E3DA6
:106CB0003C76616C75653E5D000000007369676E2F
:106CC0006174757265000000676574202F2073651C
:106CD000742074686520626F6172642074797065D5
:106CE000207369676E617475726500005B73696714
:106CF0006E61747572655D00737461747573000004
:106D000073686F7720737461747573007461736B4B
:106D10007300000073686F77207461736B20737465
:106D20006174730073686F772F7365742074696D75
:106D3000657273003C3E207C203C70696E3E206C86
:106D4000697374207C203C70696E3E205B61663CF8
:106D5000616C7465726E6174652066756E637469CA
:106D60006F6E3E7C6E6F6E657C3C6F7074696F6E8B
:106D70002864657072656361746564293E5D207C7A
:106D8000206C697374207C2073686F7700000000AA
:106D900073686F772076657273696F6E000000000C
:106DA00050495443485F524154450000524F4C4CA7
:106DB0005F524154450000005941575F52415445CC
:106DC0000000000050495443485F52435F52415411
:106DD00045000000524F4C4C5F52435F52415445B6
:106DE000000000005941575F52435F524154450033
:106DF00050495443485F52435F4558504F0000008C
:106E0000524F4C4C5F52435F4558504F00000000BA
:106E10005941575F52435F4558504F0050495443C2
:106E2000485F505F4741494E0000000050495443BD
:106E3000485F495F4741494E0000000050495443B4
:106E4000485F445F4741494E0000000050495443A9
:106E5000485F465F4741494E00000000524F4C4C8E
:106E60005F505F4741494E00524F4C4C5F495F476E
:106E700041494E00524F4C4C5F445F4741494E00E0
:106E8000524F4C4C5F465F4741494E005941575F56
:106E9000505F4741494E00005941575F495F4741A4
:106EA000494E00005941575F445F4741494E000039
:106EB0005941575F465F4741494E00005941575F6E
:106EC00043575F4741494E005941575F4343575F1E
:106ED0004741494E000000005941575F4359434C18
:106EE00049435F46460000005941575F434F4C4CB1
:106EF0004543544956455F46460000005941575F97
:106F0000494D50554C53455F464600005049544347
:106F1000485F434F4C4C5F46460000005049544385
:106F2000485F494D50554C53455F464600000000B0
:106F30005245534355455F434C494D425F434F4C87
:106F40004C454354495645005245534355455F48C7
:106F50004F5645525F434F4C4C45435449564500AC
:106F6000414E474C455F4C4556454C5F4741494E65
:106F700000000000484F52495A4F4E5F4C4556455D
:106F80004C5F4741494E00004143524F5F545241CC
:106F9000494E45525F4741494E000000474F565FFA
:106FA0004741494E00000000474F565F505F474140
:106FB000494E0000474F565F495F4741494E000028
:106FC000474F565F445F4741494E0000474F565F69
:106FD000465F4741494E0000474F565F5454415F5A
:106FE0004741494E00000000474F565F4359434C0C
:106FF00049435F4646000000474F565F434F4C4CA5
:107000004543544956455F46460000005441494CAB
:107010005F4D4F544F525F49444C450053574153C5
:10702000485F504841534500524154455F50524FCC
:1070300046494C45000000005049445F50524F46BD
:10704000494C45004F53445F50524F46494C450010
:107050004C45445F50524F46494C45005741595F9B
:10706000505F4741494E00005741595F495F4741D2
:10707000494E00005741595F445F4741494E000067
:107080005741595F465F4741494E000050495443BC
:10709000485F4552524F525F4355544F4646000099
:1070A00050495443485F445445524D5F4355544FF3
:1070B0004646000050495443485F465445524D5F90
:1070C0004355544F46460000524F4C4C5F45525278
:1070D0004F525F4355544F4646000000524F4C4CB0
:1070E0005F445445524D5F4355544F46460000009F
:1070F000524F4C4C5F465445524D5F4355544F469A
:10710000460000005941575F4552524F525F435568
:10711000544F4646000000005941575F44544552C1
:107120004D5F4355544F4646000000005941575F9C
:10713000465445524D5F4355544F464600000000AB
:107140005245534355455F414C545F505F47414959
:107150004E0000005245534355455F414C545F4932
:107160005F4741494E0000005245534355455F413A
:107170004C545F445F4741494E0074696D6572200D
:107180002563253032642041462564002320706940
:107190006E202563253032643A2054494D25642001
:1071A00043482564257320284146256429007469D5
:1071B0006D657220256325303264204E4F4E4500A8
:1071C000554E4B4E4F574E20434F4D4D414E442C44
:1071D00020545259202748454C502700202D202567
:1071E00073000D0A092573004E4F204D415443484A
:1071F000455320464F5220272573270023205365EF
:1072000074706F696E7420536D6F6F7468696E6708
:107210003A200023204465746563746564205258E5
:10722000206672616D6520726174653A2000256484
:107230002E253033646D73004E4F205349474E4125
:107240004C0023204163746976652066696C74651F
:1072500072206375746F66663A202564487A200050
:1072600053544D3332473437580023202573202F91
:107270002025732028257329202573202573202F8E
:107280002025732028257329204D53502041504933
:107290003A2025730031312E3200363638353062CF
:1072A000650031303A32353A33390041707220206E
:1072B00031203230323300342E332E302D32303202
:1072C0003330343031002C20626F6172645F6E6144
:1072D0006D653A20002320636F6E6669673A206D02
:1072E000616E7566616374757265725F69643A2078
:1072F0000025732573257325732573257325732541
:107300007325732573002C20646174653A20002C6A
:107310002076657273696F6E3A20002C20626F616F
:1073200072645F64657369676E3A2000636F6E66AE
:1073300069673A20594553004E4F20434F4E464906
:107340004720464F554E44002320626F6172643AD5
:10735000206D616E7566616374757265725F6964D4
:107360003A2025732C20626F6172645F6E616D65D7
:107370003A202573004473686F74207265616473EA
:107380003A202575004473686F7420696E76616CCD
:10739000696420706B74733A202575004473686FBC
:1073A0007420646972656374696F6E4368616E67A7
:1073B00065206379636C65733A2025752C206D69AF
:1073C00063726F733A202575004D6F746F722020C1
:1073D000202020206552504D202020202020525077
:1073E0004D202020202020487A202020496E7661E0
:1073F0006C6964003D3D3D3D3D2020203D3D3D3DCF
:107400003D3D3D2020203D3D3D3D3D3D2020203D5A
:107410003D3D3D3D2020203D3D3D3D3D3D3D002548
:107420003564202020253764202020253664202044
:1074300020253564202020002533642E2530326439
:107440002525004E4F20444154410025752000441D
:1074500073686F742074656C656D65747279206EE5
:107460006F7420656E61626C6564007265736F7520
:1074700072636520257320256420256325303264DE
:10748000007265736F757263652025732025642013
:107490004E4F4E45005461736B206C69737420200D
:1074A0002020202020202020202020726174652FA1
:1074B000687A20206D61782F757320206176672FA0
:1074C0007573206D61786C6F6164206176676C6F95
:1074D00061642020746F74616C2F6D732020206CA8
:1074E0006174652020202072756E20726571642F92
:1074F0007573005461736B206C69737400253032AE
:1075000064202D202825313573292000253664205C
:1075100025376420253764202534642E25316425E1
:1075200025202534642E2531642525202539642025
:10753000253664202536642025376400253664000E
:10754000525820436865636B2046756E6374696F9B
:107550006E202531396420253764202532356400BA
:10756000546F74616C20286578636C7564696E670C
:107570002053455249414C2920253333642E25316F
:10758000642525005363686564756C6572207374A7
:10759000617274206379636C65732025642067755C
:1075A000617264206379636C6573202564004734DD
:1075B0003734004D435520257320436C6F636B3D7A
:1075C00025644D487A00504C4C5000504C4C5200B1
:1075D0002D485349002D4853450020282573257315
:1075E00029002C20567265663D25642E253264568E
:1075F0002C20436F72652074656D703D2564646551
:10760000674300537461636B2073697A653A202580
:10761000642C20537461636B2061646472657373BE
:107620003A203078257800436F6E6669677572611D
:1076300074696F6E3A2025732C2073697A653A203D
:1076400025642C206D617820617661696C61626CC3
:10765000653A202564004465766963657320646536
:107660007465637465643A00205350493A25640098
:107670002C00204932433A2564004779726F732009
:1076800064657465637465643A00206779726F207D
:10769000256400206C6F636B65640020646D61007D
:1076A00020736861726564002C200025733D25738A
:1076B000002E25630053797374656D2055707469CD
:1076C0006D653A202564207365636F6E6473002CCA
:1076D0002043757272656E742054696D653A202579
:1076E00073004350553A256425252C206379636C3B
:1076F000652074696D653A2025642C204759524FE6
:1077000020726174653A2025642C205258207261E1
:1077100074653A2025642C2053797374656D20724A
:107720006174653A20256400566F6C746167653A30
:10773000202564202A20302E3031562028256453FD
:107740002062617474657279202D202573290049A7
:107750003243204572726F72733A20256400417281
:107760006D696E672064697361626C6520666C6127
:1077700067733A00646D612070696E20256325305F
:10778000326420256400232070696E202563253033
:1077900032643A20444D412564204368616E6E6531
:1077A0006C20256420526571756573742025640012
:1077B000646D612070696E20256325303264204E2F
:1077C0004F4E4500646D612025732025642025649B
:1077D00000232025732025643A20444D4125642050
:1077E0004368616E6E656C20256420526571756515
:1077F000737420256400646D612025732025642046
:107800004E4F4E45002323235741524E494E473A8F
:10781000204E4F20435553544F4D2044454641552B
:107820004C545320464F554E44232323002D0066CD
:10783000656174757265006D61700072786661696A
:107840006C006D61737465720070726F66696C654F
:1078500000726174657300686172647761726500BB
:10786000616C6C00626172650076657273696F6E3F
:107870000073746172742074686520636F6D6D614C
:107880006E6420626174636800626174636820736F
:107890007461727400726573657420636F6E6669DB
:1078A0006775726174696F6E20746F2064656661BC
:1078B000756C742073657474696E677300646566B3
:1078C00061756C7473206E6F7361766500626F61B1
:1078D00072645F6E616D6520257300626F61726412
:1078E0005F64657369676E202573006D616E7566F0
:1078F000616374757265725F6964202573000D0A97
:1079000023206E616D653A202573007265736F7573
:10791000726365730074696D657200666561747584
:107920007265202D2573006665617475726520256A
:10793000730073657269616C00736572766F006DB8
:107940006978657220696E707574006D697865720A
:107950002072756C650062656570657200626561B4
:10796000636F6E006D6170202573006D6F64655FDD
:10797000636F6C6F72006175780061646A66756E22
:107980006300727872616E67650072786661696C17
:107990002025752025632025640072786661696C56
:1079A00020257520256300726573746F7265206FE2
:1079B000726967696E616C2070726F66696C6520B0
:1079C00073656C656374696F6E00726573746F7252
:1079D00065206F726967696E616C20726174657091
:1079E000726F66696C652073656C656374696F6E30
:1079F000007361766520636F6E6669677572617486
:107A0000696F6E00656E642074686520636F6D6DCC
:107A1000616E6420626174636800626174636820EF
:107A2000656E640044656661756C742076616C7582
:107A3000653A2000494E56414C4944204E414D453F
:107A4000004E4F5420494D504C454D454E544544F1
:107A5000205945540073686F770043757272656EE4
:107A6000746C79206163746976652054696D657200
:107A7000733A0054494D25643A00202020204348A1
:107A8000256425733A2025732025640020202020BA
:107A90004348256425733A20257300204652454506
:107AA0000050494E204E4F542055534544204F4ED0
:107AB00020424F4152442E0050494E2054494D45DA
:107AC00052204D41502046554C4C2E00232041461B
:107AD00025643A2054494D25642043482564257384
:107AE00000616600494E56414C49442054494D4579
:107AF00052204F5054494F4E20464F522025632567
:107B00003032643A202725732700232074696D657D
:107B100072202563253032643A206E6F20636861DD
:107B20006E67653A20257300232074696D657220A5
:107B30002563253032643A206368616E676564208E
:107B400066726F6D20257320746F20257300494E77
:107B500056414C494420414C5445524E41544520D5
:107B600046554E4354494F4E20464F5220256325DB
:107B70003032643A20272573270043757272656E90
:107B8000746C792061637469766520444D413A00D4
:107B9000444D412564204368616E6E656C20256408
:107BA0003A0070696E0042414420444556494345BD
:107BB0003A2025730042414420494E4445583A201A
:107BC0002725732700494E56414C49442050494EC1
:107BD0003A202725732700232025643A20444D416D
:107BE0002564204368616E6E656C202564205265B3
:107BF000717565737420256400494E56414C4944A3
:107C000020444D41204F5054494F4E20464F522062
:107C100025732025643A202725732700494E5641B5
:107C20004C494420444D41204F5054494F4E20462A
:107C30004F522050494E202563253032643A202788
:107C4000257327002320646D612025732025643A65
:107C5000206368616E6765642066726F6D202573AE
:107C600020746F202573002320646D612070696E7D
:107C7000202563253032643A206368616E6765644D
:107C80002066726F6D20257320746F20257300238A
:107C900020646D612025732025643A206E6F206377
:107CA00068616E67653A202573002320646D61204A
:107CB0002563253032643A206E6F206368616E67F9
:107CC000653A2025730043757272656E746C792075
:107CD00061637469766520494F207265736F7572B0
:107CE00063652061737369676E6D656E74733A0DB9
:107CF0000A287265626F6F7420746F2075706461FA
:107D0000746529002563253032643A2025730049C3
:107D10004E56414C4944205245534F5552434520FD
:107D20004E414D453A202725732700494E4445587A
:107D3000002573204E4F54204245545745454E2050
:107D4000256420414E44202564005265736F75728E
:107D50006365206973206672656564000D0A4E4F85
:107D600054453A2025632530326420616C72656188
:107D700064792061737369676E656420746F200095
:107D80002064697361626C6564000D0A5265736FEB
:107D9000757263652069732073657420746F202584
:107DA00063253032640043757272656E74207365AA
:107DB0007474696E67733A2000535452494E4720D9
:107DC0004D55535420424520312D256420434841D0
:107DD00052414354455253204F5220272D272046CD
:107DE0004F5220454D50545900257320736574201F
:107DF000746F2000494E56414C49442056414C5521
:107E00004500494E56414C49442054494D455A4F2E
:107E10004E45204F46465345540052657374617277
:107E200074696E6720696E206D6173732073746F5F
:107E300072616765206D6F6465000D0A5265626F3F
:107E40006F74696E670053746F72616765206E6F3F
:107E5000742070726573656E74206F72206661693C
:107E60006C656420746F20696E697469616C697AED
:107E700065210000303132333435363738394142EC
:107E8000434445464748494A4B4C4D4E4F5051524A
:107E9000535455565758595A000000004145545202
:107EA0004331323300000000253034752D25303247
:107EB000752D2530327554253032753A253032759E
:107EC0003A253032752E25303375256325303264DE
:107ED0003A25303264000000616464006D756C0006
:107EE000535200005343000053540000435200001B
:107EF0004350000043590000434300005252000029
:107F0000525900005243000052540000415558316C
:107F10000000000041555832000000004155583320
:107F200000000000434839004348313000000000A1
:107F30004348313100000000434831320000000066
:107F40004348313300000000434831340000000052
:107F5000434831350000000043483136000000003E
:107F6000434831370000000043483138000000002A
:107F700053310000533200005333000053340000EB
:107F800053350000533600005337000053380000CB
:107F90004D3100004D3200004D3300004D340000E3
:107FA000554E4B4E4F574E2020000000504152542A
:107FB0004954494F4E000000464C41534846532017
:107FC0002000000042424D474D5420202000000078
:107FD0004649524D5741524520000000434F4E46FE
:107FE0004947202020002320526F746F72666C690D
:107FF000676874006C656176696E6720434C492040
:108000006D6F64652C20756E73617665642063689E
:10801000616E676573206C6F73740072780074789A
:10802000002323234552524F5220494E2000436FD4
:108030006D6D616E64206261746368207374617237
:10804000746564004552524F5253205745524520A3
:108050004445544543544544202D20504C454153FC
:108060004520524556494557204245464F524520E6
:10807000434F4E54494E55494E4700436F6D6D6115
:108080006E6420626174636820656E646564004993
:108090006E76616C6964206F7074696F6E00726FC8
:1080A0006D0072657374617274696E6720696E2009
:1080B000524F4D20626F6F746C6F61646572206DFA
:1080C0006F646500566572696679696E67005375FD
:1080D0006363657373004661696C656400494E565D
:1080E000414C494420415247554D454E5420434F41
:1080F000554E540050415253494E47204641494C39
:108100004544007261746570726F66696C65202504
:108110006400524154452050524F46494C45204F2F
:10812000555453494445204F46205B302E2E25643C
:108130005D004552524F5220504C4159494E472004
:10814000534F554E44004E6F20736F756E6420661A
:108150006F7220696E64657820256400506C6179C7
:10816000696E6720736F756E642025643A202573ED
:10817000006D6F746F72206F76657272696465202E
:108180002564202564006D6F746F72206F766572B0
:1081900072696465202564206F6666006D6F746F78
:1081A000722025643A202564205B25645D006D6F94
:1081B000746F722025643A202564007374617475AD
:1081C00073006F76657272696465007265736574B9
:1081D00000415247554D454E54204F5554204F466F
:1081E0002052414E4745005573696E67206F757484
:1081F0007075742025642E005573696E6720616C5C
:108200006C206F7574707574732E00494E56414C16
:108210004944204F5554505554204E554D424552D7
:108220002E2052414E47453A2031202D2025642EE4
:1082300000736B00626C006B6900636300457272CF
:108240006F72207374617274696E672045534320A6
:10825000636F6E6E656374696F6E00232057484FBD
:108260005F414D5F49202020203078255800232091
:10827000434F4E4649472020202020203078255863
:108280000023204759524F5F434F4E464947203005
:10829000782558000D0A23204779726F2031000D90
:1082A0000A23204779726F20320042696E64696E3A
:1082B000672E2E2E004E6F7420737570706F72745F
:1082C00065642E006D63755F6964202530387825FC
:1082D00030387825303878004D414E55464143546A
:1082E000555245525F49440025732043414E4E4F3D
:1082F00054204245204348414E4745442E20435593
:108300005252454E542056414C55453A202725732C
:108310002700536574206D616E75666163747572B4
:1083200065725F69642E00424F4152445F44455379
:1083300049474E0053657420626F6172645F6465E3
:108340007369676E2E00424F4152445F4E414D4566
:108350000053657420626F6172645F6E616D652E9B
:108360000052656164696E672025752062797465C5
:10837000732061742025753A0057726F746520254B
:10838000752062797465732061742025752E00460E
:108390006C61736820736563746F72733D25752C0F
:1083A00020736563746F7253697A653D25752C205F
:1083B0007061676573506572536563746F723D25B4
:1083C000752C207061676553697A653D25752C2091
:1083D000746F74616C53697A653D257500506172E4
:1083E0006974696F6E733A00202025643A20257302
:1083F00020257520257500466C61736846532073EF
:10840000697A653D25752C207573656453697A65B5
:108410003D257500736572766F206F76657272699F
:10842000646520256420256400736572766F206F73
:1084300076657272696465202564206F6666004304
:1084400048414E4E454C0072657665727365640016
:108450006E6F726D616C00756E737570706F727493
:10846000656400496E666F20666F72204553432035
:1084700025643A0045534320547970653A20004BF7
:108480004953533841004B495353313641004B490E
:108490005353323441004B49535320556C7472612D
:1084A0006C69746500756E6B6E6F776E004D435529
:1084B0002053657269616C204E6F3A203078002538
:1084C000303278004669726D776172652056657248
:1084D00073696F6E3A2025642E253032642563005F
:1084E0004669726D776172652056657273696F6E49
:1084F0003A2025642E253032642500526F74617451
:10850000696F6E20446972656374696F6E3A2025E5
:10851000730033443A202573004C6F7720766F6CDC
:1085200074616765204C696D69743A200025642E7A
:10853000253031640043757272656E74204C696D2C
:1085400069743A20004C45442025643A2025730084
:10855000434845434B53554D204552524F522E00F0
:108560004E6F20496E666F2E00436F6D6D616E64B5
:108570002053656E743A20256400494E56414C499B
:108580004420434F4D4D414E442E2052414E4745CD
:108590003A2031202D2025642E0044697361626CDD
:1085A00065643A0020206E6F6E6500202025730000
:1085B000417661696C61626C653A0044697361621D
:1085C0006C656400456E61626C656400456E616255
:1085D0006C65643A200025732000756E61766169D0
:1085E0006C61626C650045726173696E672C207006
:1085F0006C656173652077616974202E2E2E2000D2
:10860000446F6E652E00534420636172643A20000B
:108610004E6F7420636F6E66696775726564004E95
:108620006F6E6520696E7365727465640053746162
:1086300072747570206661696C6564004D616E7559
:10864000666163747572657220307825782C2025F8
:10865000756B422C20253032642F253034642C2059
:108660007625642E25642C202700270D0A46696C88
:108670006573797374656D3A2000526561647900A1
:10868000496E697469616C697A696E6700466174E4
:10869000616C00202D206E6F20464154204D4252C7
:1086A00020706172746974696F6E7300202D20628E
:1086B00061642046415420686561646572006F7290
:1086C0002064726F702044545220006573635F739E
:1086D000656E736F7200496E76616C6964205069D3
:1086E0006E494F206E756D62657220256400506F73
:1086F00072743120616E6420706F72743220617206
:10870000652073616D6500506F727425643A202591
:10871000642000506F7274256420636F756C642050
:108720006E6F74206265206F70656E65642E0050F8
:108730006F72742564206F70656E65642C206465AB
:108740006661756C742062617564203D2025642E1D
:108750000D0A00506F72742564206F70656E656439
:108760002C2062617564203D2025642E0D0A005086
:108770006F7274256420697320616C72656164791D
:10878000206F70656E2C2073657474696E6720624B
:10879000617564203D2025642E0D0A00506F7274AF
:1087A000256420697320616C7265616479206F7043
:1087B000656E2C2062617564203D2025642E0D0AB3
:1087C00000506F72742564206D6F6465206368616A
:1087D0006E6765642066726F6D20256420746F205B
:1087E00025642E0D0A00506F727431206261756429
:1087F0002072617465206368616E6765206F7665BD
:10880000722055534220656E61626C65642E00468D
:108810006F7277617264696E672C20706F77657212
:10882000206379636C65202573746F2065786974A3
:108830002E00496E76616C696420706F72742564D5
:1088400020256400416C6C6F7765642072616E67EF
:10885000653A2030202D20257500416C6C6F7765BE
:10886000642072616E67653A202564202D2025649E
:1088700000416C6C6F7765642076616C7565733A46
:1088800020004172726179206C656E6774683A20CD
:10889000256400537472696E67206C656E67746836
:1088A0003A202564202D20256400416C6C6F77658B
:1088B000642076616C7565733A204F46462C204FD4
:1088C0004E002030202575004F464600434F52523F
:1088D000555054454420434F4E4649473A2025734E
:1088E000203D202564002573202573002573202D4D
:1088F0002573006D697865722072756C6520257529
:1089000020257320257320257320256420256400ED
:108910006D6978657220696E7075742025732025E5
:1089200064202564202564006D69786572206F7568
:10893000747075742025733A202564006C696D6924
:1089400074006D69786572206C696D697420257397
:108950002025642025640072617465006D69786566
:108960007220726174652025732025640064656C33
:10897000006D69786572206F766572726964652032
:108980002573206F6666006D69786572206F766565
:1089900072726964652025732025640073657276A0
:1089A0006F202575202575202564202564202575D8
:1089B0002025752025752025752025750073657285
:1089C000766F2025643A202534647573202533643E
:1089D000204F5645525249444500736572766F20C8
:1089E00025643A2025346475732025336400666C51
:1089F00061677300736572766F20666C61677320C0
:108A0000256420256352455620256347454F005273
:108A10004556006D6F64655F636F6C6F72202575DE
:108A200020257520257500636F6C6F7220257520D9
:108A300025642C25752C2575006C65642025752012
:108A4000257300727872616E676520257520257523
:108A50002025750072616E6765206D696E2F6D61EE
:108A6000780061646A66756E63202575202575201F
:108A7000257520257520257520257520257520252F
:108A800075202575202575202575202564202564F1
:108A90000073657269616C20256420256420256C53
:108AA0006420256C6420256C6420256C640061754D
:108AB000782025752025752025752025752025759C
:108AC00020257520257500494E56414C4944204CBF
:108AD000454E4754483A2025642028455850454380
:108AE0005445443A2025642900494E56414C494496
:108AF0002043484152414354455220464F554E442D
:108B00003A202563005349474E415455524500537E
:108B10006574207369676E61747572652E00736980
:108B2000676E617475726520257300736176696E76
:108B30006700504C45415345204649582045525204
:108B40004F5253205448454E202753415645270045
:108B500067726F75705F6964004E4F2043555354C0
:108B60004F4D2044454641554C545320464F554E99
:108B700044000D0A2320726573657474696E672062
:108B800067726F757020256420746F20646566615C
:108B9000756C747300726573657474696E672074A4
:108BA0006F2064656661756C74730056414C554561
:108BB000202573204552524F52002373657420259F
:108BC00073203D20000000002E0000002E2E00002B
:108BD0004D53444F53352E30000000004E4F204E71
:108BE000414D452020202000464154333220202092
:108BF00000000000482050726F647563743A426C44
:108C000061636B626F7800005254464C5F253033CD
:108C1000642E42424C00000048204C6F6720737461
:108C2000617274206461746574696D653A00000056
:108C30005254464C5F414C4C2E42424C00000000C6
:108C400050414444494E472E5458540025303878FA
:108C5000203E3E202A2A30313233343536373839F7
:108C60004142434445462A2A005347343700000016
:108C70000000004B000000CB000FC93F000F49402F
:108C800000CB9640000FC9400053FB4000CB16417B
:108C900000ED2F41000F49410031624100537B41FB
:108CA000003A8A4100CB9641005CA34100EDAF4100
:108CB000007EBC41000FC94100A0D5410031E24116
:108CC00000C2EE410053FB4100F20342003A0A4267
:108CD0000083104200CB164200141D42005C234268
:108CE00000A5294200ED2F4200363642007E3C426C
:108CF00000C74242000F4942A2000000F9000000F4
:108D0000830000006E0000004E00000044000000E0
:108D10001500000029000000FC00000027000000F2
:108D200057000000D1000000F500000034000000F2
:108D3000DD000000C0000000DB0000006200000059
:108D400095000000990000003C0000004300000076
:108D50009000000041000000FE00000051000000F3
:108D600063000000AB000000DE000000BB0000005C
:108D7000C500000061000000B700000024000000F2
:108D80006E0000003A000000420000004D000000AC
:108D9000D2000000E00000000600000049000000D2
:108DA0002E000000EA00000009000000D1000000D1
:108DB000920000001C000000FE0000001D000000EA
:108DC000EB0000001C000000B100000029000000C2
:108DD000A70000003E000000E80000008200000044
:108DE00035000000F50000002E000000BB00000070
:108DF0004400000084000000E90000009C00000026
:108E00007000000026000000B40000005F000000B9
:108E10007E000000410000003900000091000000C9
:108E2000D60000003900000083000000530000005D
:108E300039000000F40000009C00000084000000E5
:108E40005F0000008B000000BD000000F900000082
:108E5000280000003B0000001F000000F800000098
:108E600097000000FF000000DE0000000500000089
:108E7000980000000F000000EF0000002F0000002D
:108E8000110000008B0000005A0000000A000000E2
:108E90006D0000001F0000006D00000036000000A3
:108EA0007E000000CF00000027000000CB00000083
:108EB00009000000B70000004F000000460000005D
:108EC0003F000000660000009E0000005F00000000
:108ED000EA0000002D0000007500000027000000DF
:108EE000BA000000C7000000EB000000E500000031
:108EF000F10000007B0000003D00000007000000C2
:108F000039000000F70000008A0000005200000055
:108F100092000000EA0000006B000000FB0000006F
:108F20005F000000B10000001F0000008D00000085
:108F30005D00000008000000560000000300000073
:108F40003000000046000000FC0000007B00000034
:108F50006B000000AB000000F0000000CF0000003C
:108F6000BC000000200000009A000000F400000097
:108F7000360000001D000000A9000000E300000012
:108F800091000000610000005E000000E6000000AB
:108F90001B000000080000006500000099000000B0
:108FA000850000005F00000014000000A000000029
:108FB00068000000400000008D000000FF0000007D
:108FC000D8000000800000004D0000007300000089
:108FD000270000003100000006000000060000002D
:108FE0001500000056000000CA00000073000000D9
:108FF000A8000000C900000060000000E2000000BE
:109000007B000000C00000008C0000006B0000002E
:109010000000C93F0000F0390000DA370000A23339
:109020000000842E0000502B0000C2270000D02238
:109030000000C41F0000C61B00004417040000000D
:1090400007000000090000000000004B000000CBFA
:10905000640C00205245454E54206D616C6C6F636A
:1090600020737563636565646564002F6D6E742F8E
:10907000776F726B73706163652F776F726B73704C
:109080006163652F4743432D392D706970656C69A5
:109090006E652F6A656E6B696E732D4743432D397C
:1090A0002D706970656C696E652D3230305F3230BD
:1090B0003230303532315F31353930303533333756
:1090C000342F7372632F6E65776C69622F6E6577CC
:1090D0006C69622F6C6962632F7374646C69622FB0
:1090E00072616E642E63002C2066756E6374696F06
:1090F0006E3A2000617373657274696F6E20222569
:109100007322206661696C65643A2066696C65202B
:10911000222573222C206C696E6520256425732519
:10912000730A00232D302B2000686C4C00656667A5
:1091300045464700303132333435363738394142CD
:10914000434445460030313233343536373839619F
:10915000626364656600000000000000000000001B
:1091600000000000000000000000000000000000FF
:1091700000000000000000000000000000000000EF
:1091800000000000000000000000000000000000DF
:1091900000000000000000000000000000000000CF
:1091A00000000000000000000000000000000000BF
:0891B0000000000000000000B7
:1091B8000E02010002000000BC650020C46500200A
:1091C800000000007C990508C0650020130201001A
:1091D800040000009C220020CC6500200000000054
:1091E8007E990508C86500202320010010000000B2
:1091F80080640020D4650020000000007DB70108CD
:10920800D06500200D100100700000009063002060
:10921800E86500200000000093C70208E46500200C
:109228000902010001000000446000205C66002083
:109238000000000082990508586600202C000500EF
:109248001400000030600020646600200000000068
:1092580015BD010860660020FD0101002400000022
:10926800F45F00207C660020000000002F40030807
:1092780078660020061001003000000064540020C9
:10928800A466002000000000DDB70308A0660020E7
:10929800FB0101000100000070530020D866002087
:1092A8000000000079B70308D4660020FC01010023
:1092B800090000003C520020E06600200000000089
:1092C80081B70308DC660020F701010006000000F2
:1092D80010520020F0660020000000008499050864
:1092E800EC660020F9010100040000000052002093
:1092F800FC66002000000000A5400308F866002076
:109308001102010008000000D45100200467002069
:10931800000000008A990508006700201212010069
:1093280004000000CC51002010670020000000005D
:10933800929905080C6700201830010030000000E1
:109348009C5100201867002000000000DDB80308C9
:1093580014670020E803010004000000905000207A
:109368004C670020000000003DB803084867002053
:109378002042010090000000404700205467002070
:10938800000000005DD1010850670020EA030100D9
:1093980010000000E83F0020E867002000000000FF
:1093A80096990508E4670020FF21010005000000E8
:1093B8008C3F0020FC6700200000000069B703080C
:1093C800F86700200812040014000000983F0020ED
:1093D800086800200000000059B80308046800204D
:1093E800FA01010003000000983C002020680020DA
:1093F8000000000049B803081C680020FE010100B5
:10940800160000000430002028680020000000003A
:1094180001BB0308246800200B3001001E00000077
:10942800F8830020D487002000000000A8990508D0
:10943800D08700201F50010024000000B8830020BE
:10944800F887002000000000C8990508F48700206C
:10945800050201000A0000004C830020208800203B
:1094680000000000EC9905081C8800200520010078
:109478000800000060920020A4990020000000006D
:10948800F8990508A0990020371001003000000065
:10949800C4900020B099002000000000009A050840
:1094A800AC9900201E00010009000000288B002054
:1094B800E499002000000000309A0508E099002097
:1094C8001B2001001400000030880020F4990020BF
:1094D800000000002D5B0108F09900202102010026
:1094E8006801000068880020109A00200000000031
:1094F8003D610108089A00202610010008000000BC
:10950800849B00207C9B002000000000355301084C
:10951800789B0020EC031D00AE000000E0AE0020A8
:1095280090BE002000000000E15602088CBE00201A
:10953800EB032000000100007CBD002044BF002098
:10954800000000000000000040BF00200E000600E0
:109558004803000034BA002048C000200000000082
:10956800BDB7030844C00020340001000800000013
:1095780034B9002094C300200000000049D101083C
:1095880090C300202A00080080000000A4B8002032
:10959800A0C30020000000001DD101089CC30020CA
:1095A800E90301001A0000006CB8002024C4002060
:1095B800000000003A9A050820C4002019000100A4
:1095C8000800000050B8002044C40020000000003B
:1095D800549A050840C4002029201400780000008F
:1095E80020B7002050C40020000000000000000048
:1095F8004CC400202B0012002400000064B6002098
:10960800CCC4002000000000E9BC0108C8C4002048
:10961800123001001100000014B40020F4C400202E
:10962800000000005C9A0508F0C400200A900100C0
:109638002E00000090AF00200CC5002000000000A4
:1096480035B7010808C500201C0202001C000000F4
:10965800ECB2002040C5002000000000EDB903086E
:109668003CC50020283001001600000008B3002087
:1096780060C500200000000011D301085CC500206F
:10968800290201004000000044C80020C4D1002085
:1096980000000000709A0508C0D100202C020100CB
:1096A8000400000098D0002008D20020000000002C
:1096B800B09A050804D200202322010010000000FF
:1096C80044CA002030D2002000000000B49A0508E7
:1096D8002CD200201310010004000000B4D1002097
:1096E80044D2002000000000C49A050840D200209F
:1096F800101001000200000060CA00204CD20020B7
:1097080000000000C89A050848D2002000010100A6
:1097180004000000BCC7002054D200200000000054
:10972800CA9A050850D20020020101000300000077
:109738001CC800205CD20020000000002D5E02083A
:1097480058D200202F1001002200000090D10020E4
:1097580064D2002000000000CE9A050860D20020E4
:109768000C40060008010000E0C800208CD2002050
:10977800000000002D5A020888D20020380001009D
:1097880008000000D8C8002098D30020000000007E
:10979800F09A050894D30020012001000C00000075
:1097A80018CA0020A4D3002000000000F89A050879
:1097B800A0D30020020001000C000000B4D3002058
:1097C800C0DB00200000000000000000BCDB00201F
:1097D800F62101000C00000070D90020D0DB002029
:1097E80000000000049B0508CCDB0020F8310100D4
:1097F800020000002CD60020E0DB00200000000062
:10980800109B0508DCDB002025302000000200004A
:10981800C0D30020E8DB00200000000000000000AA
:10982800E4DB0020280204000400000090E7002088
:1098380020EB002000000000B9B703081CEB002053
:1098480027020400040000008CE7002028EB002019
:1098580000000000ADB7030824EB00201602150035
:109868003F000000ECDD002030EB0020000000008D
:1098780011B703082CEB00201A0201004900000070
:109888009CDF002074EB00200000000029B90308C9
:1098980070EB00200612040018000000F8EB00200E
:1098A800E0EB002000000000BDBA0308DCEB00205C
:1098B8001B0201001000000024EC002014EC002022
:1098C8000000000099B7030810EC00201F020800F0
:1098D8001000000048EC002038EC002000000000D8
:1098E80015B7030834EC002025020C000C0000001A
:1098F80068EC00205CEC00200000000001B70308C1
:1099080058EC0020000201000B000000C8EB00200A
:1099180078EC00200000000051B8030874EC002027
:109928001610010004000000D4EB002088EC002091
:1099380000000000129B050884EC002002020100D0
:109948000300000020FF00201CFF00200000000092
:109958000000000018FF00201D02020006000000A1
:1099680010FF00202CFF0020000000000000000075
:0499780028FF0020A4
:10997C0000000000010000000000010000000000D9
:10998C00000001010101FFFFFFFF00000000640067
:10999C00000000000000000000000000AE014A01C1
:1099AC005E012C0164000000000001000A019A0114
:1099BC00001E0A00000064006400000000000000AB
:1099CC00000100010005000001020300000000007E
:1099DC00000000000000000000000000FF7F0800F5
:1099EC000100000064000F00646E00000301080019
:1099FC004ECC000020003200C800D00796001400A6
:109A0C00320028004C0440060005500014000F00E2
:109A1C00080064000100010005000A000000F401C8
:109A2C0096000F000005010000000000000001007E
:109A3C00C8006400140014001E000A00000000009E
:109A4C00320014001400FA00000028014646469625
:109A5C0000000000010005534734370000000000EF
:109A6C0000000000000000000000000000000000EA
:109A7C0000000000000000000000000000000000DA
:109A8C0000000000000000000000000000000000CA
:109A9C0000000000000000000000000000000000BA
:109AAC000000000019001900000000000000000078
:109ABC0000000000FF000000000000000005900105
:109ACC00000000000000000000000000000000008A
:109ADC00000000000000000000000000000000007A
:109AEC000000000000190A05190A0C19E8036400AB
:109AFC000F0A00010A001E00000000000100000017
:0A9B0C00020200000800C409000076
:109B160000C20100000008000A0600020000004022
:109B26000100000009026400030100C032090400BC
:109B3600000103000000092111010001223600077F
:109B460005830308000A080B01020202010009044A
:109B56000100010202010005240010010524010094
:109B660002042402020524060102070582030800F6
:109B7600FF09040200020A00000007050102400076
:109B8600000705810240000071FA000801FA00088A
:109B9600490D010800000000C5EA0008BDF70008ED
:109BA600F1EA0008000000000000000000000000CC
:109BB600ADEA0008B9EA0008A1EA000895EA00083B
:109BC6001A03000000000000000000000000000072
:109BD600000000000000000000000000040309046B
:109BE600FFFFFFFF0024F400120100020000004006
:109BF60083042A5700020102030100001201000239
:109C060002000040830440570002010203010000E5
:109C160012010002EF0201408304563200020102E3
:109C26000301000000000000000000000100000029
:109C36000000000000000000A0220020000000003C
:109C4600010000000000000000000000000000000D
:109C560000000000000000000000000000000000FE
:109C660000000000000000000000000001000000ED
:109C76000000000000000240080002400000000052
:109C86000000000000000000000B000000000000C3
:109C96000000000000000000000002401C0002401E
:109CA600000000000000000000000000040C00009E
:109CB600000000000000000000000000000002405C
:109CC600300002400000000000000000000000001C
:109CD600080D000000000000000000000000000069
:109CE60000000240440002400000000000000000A6
:109CF600000000000C0E0000000000000000000044
:109D06000000000000000240580002400000000071
:109D16000000000000000000100F0000000000001E
:109D26000000000000000000000002406C0002403D
:109D360000000000000000000000000014100000F9
:109D460000000000000000000000000000000240CB
:109D5600800002400000000000000000000000003B
:109D660018110000000000000000000000000000C4
:109D760000000240940002400000000000000000C5
:109D8600000000001C600000000000000000000051
:109D96000000000000040240080402400000000029
:109DA6000000000000000000003800000000000075
:109DB6000000000000000000000402401C040240F5
:109DC6000000000000000000000000000439000050
:109DD6000000000000000000000000000004024037
:109DE60030040240000000000000000000000000F7
:109DF600083A00000000000000000000000000001B
:109E0600000402404404024000000000000000007C
:109E1600000000000C3B00000000000000000000F5
:109E26000000000000040240580402400000000048
:109E36000000000000000000103C000000000000D0
:109E46000000000000000000000402406C04024014
:109E56000000000000000000000000001461000087
:109E660000000000000000000000000000040240A6
:109E76008004024000000000000000000000000016
:109E86001862000000000000000000000000000052
:109E9600000402409404024000000000000000009C
:109EA600000000001C63000000000000000000002D
:109EB600000000007D0000009D750008E5690008AF
:109EC6001D6B0008216C0008A16C0008616D00087C
:109ED600F9640008BD640008B564000800000000CD
:109EE600000000000000000000000000010000006B
:109EF600000000000000000000000000010000005B
:109F06000000803F0A060002000000400100000039
:109F160009072000010104C03209040000020806F6
:109F260050050705810240000007050102400000B8
:109F360009022000010104C03209040000020806DB
:109F46005005070581024000000705010240000098
:109F560009022000010104C03209040000020806BB
:109F660050050705810200020007050102000200F4
:109F76000A0600020000004001000000090222005B
:109F8600010100E032090400000103010200092179
:109F9600110100012236000705830308000A0000AC
:109FA60009022200010100E0320904000001030158
:109FB600020009211101000122360007058303086A
:109FC6000007000009022200010100E03209040036
:109FD60000010301020009211101000122360007D8
:109FE60005830308000A00000A060002000000407C
:109FF6000100000009074300020104C03209040001
:10A0060000010202010005240010010524010001DF
:10A016000424020205240600010705820308001035
:10A0260009040100020A00000007050102400000C1
:10A03600070581024000000009024300020100C03A
:10A046003209040000010202010005240010010586
:10A0560024010001042402020524060001070582EA
:10A066000308001009040100020A000000070501A8
:10A0760002000200070581020002000009024300F7
:10A08600020100C032090400000102020100052499
:10A096000010010524010001042402020524060023
:10A0A600010705820308001009040100020A0000E6
:10A0B600000705010240000007058102400000017B
:10A0C60005010905A101A10005010930093109327F
:10A0D600093309350934093609371581257F75088D
:10A0E6009508810205091901290815002501950819
:10A0F60075018102C0C0000009211101000122364C
:10A1060000000000FFFFFFFFC887002000000000DE
:10A116009887002000000000FF0000000F000000EC
:10A12600020000000100000000000101FF00000025
:10A1360001F11F3FD601000014B1002068B10020D4
:10A146000101010000010101000000000000803F44
:10A156000000000000000000000000000000803F3A
:10A1660000000000000000000000000000000000E9
:10A1760000000000000000000000000000000000D9
:10A186000000000085100408000000000000000028
:10A1960000000000FFFFFFFF000000001CD20020AF
:10A1A60008000000000000000CD20020080000009B
:10A1B600010102FFFF010200ED620008D162000802
:10A1C6008D62000800000000816200086D620008D0
:10A1D60059620008000000000000000000000000B6
:10A1E600000000004D620008000000004162000807
:10A1F600956B0008D1630008A9630008BD630008D9
:10A20600616300084D630008396300082174000883
:10A216003D620008BD61000801BC0008B13E0308AC
:10A22600000000000000000000000000D9C702087E
:10A23600000000000000000000000000D82E050805
:10A24600E02E050800000000A95E0208A0860100B5
:10A2560004000000D82E0508E82E050800000000BE
:10A266001D460308E803000004000000F02E050860
:10A276000000000000000000FD6502087D000000EF
:10A28600FF0000003C36050800000000000000004A
:10A29600196102087D000000FF000000F83605087D
:10A2A6000000000000000000BD9D02087D000000C7
:10A2B600FF000000F82E0508000000000000000066
:10A2C6005D410308E803000003000000FC2E0508BA
:10A2D6000000000000000000A96E0208D007000080
:10A2E60003000000005D05080000000049BC0108ED
:10A2F600815F03085F76000005000000A060050886
:10A306000000000000000000BDA2030810270000A6
:10A3160002000000082F05080000000000000000F1
:10A32600C53E0308E803000005000000142F0508D9
:10A336000000000000000000696A02081027000003
:10A3460003000000242F05080000000000000000A4
:10A35600B56B02081027000003000000342F050823
:10A36600000000000000000049430308400D030000
:10A3760003000000442A0508000000000000000059
:10A386003D1003081027000002000000442F0508B6
:10A3960000000000000000003988010810270000B6
:10A3A60003000000482F0508000000000000000020
:10A3B60025080308A086010002000000502F0508AA
:10A3C6000000000000000000D509030850C300008B
:10A3D60002000000682A05080000000000000000D6
:10A3E600EDE00208A00F000002000000582F05084B
:10A3F6000000000000000000099C01081027000072
:10A4060002000000642F05080000000000000000A4
:10A41600ADFB00081027000002000000702F0508A1
:10A426000000000000000000A190020840420F005A
:10A43600010000007C2F050800000000000000005D
:10A44600C5E0020850C3000001000000882F05087F
:10A456000000000000000000716D010810270000D8
:10A466000200000000110000080002400000000089
:10A47600001200001C000240000000000013000053
:10A4860030000240000000000014000044000240BA
:10A496000000000000150000580002400000000007
:10A4A600001600006C0002400000000000170000CB
:10A4B60080000240000000000018000094000240E6
:10A4C6000000000000210000080402400000000017
:10A4D600002200001C0402400000000000230000CF
:10A4E6003004024000000000002400004404024042
:10A4F6000000000000250000580402400000000093
:10A50600002600006C040240000000000027000046
:10A51600800402400000000000280000940402406D
:10A5260000000000DC5C05080000080205030400CA
:10A5360000000000E85C05080100080205040400AC
:10A5460000000000F45C0508000008020503040092
:10A5560000000000FC5C0508010008020504040078
:10A5660000000000B02C05080200FE0101100500E5
:10A5760000000000CC3205080300140200030000AE
:10A5860000000000045D050804001F020200080028
:10A59600000000000C5D050805001F02020108000E
:10A5A60000000000145D05080600250201000C00ED
:10A5B600FE811300FFFF0000FFFFFFFF0100000008
:10A5C60045F90008B5F90008B10A010800000000C5
:10A5D6000000000085F7000845F8000800000000AC
:10A5E60000000000000000004DEA000841EA0008F3
:10A5F60035EA000829EA0008712B04089D2B040897
:10A60600612B040835150408112B0408B92A04081F
:10A6160025150408300C0020512404083D150408B3
:10A626003915040831150408D12504082D15040828
:10A636002915040844220508020000000000000055
:10A646002C0C002024FF0020020000000100000066
:10A656009D160408280C00200000000001000000E0
:10A6660001000000DD160408280B00200000000091
:10A6760000000000000000000000000000000000D4
:10A6860000000000000000000100000000000000C3
:10A6960000000000000000000000000001000000B3
:10A6A60000000000000000000000000000000000A4
:10A6B6000100000000000000D800000000000000BB
:10A6C6000500000006000000FFFFFFFF030000007A
:10A6D6000000000005000000050001010000000068
:10A6E6000401000000070000020000000100000055
:10A6F6000002000010000000000000000000000042
:10A7060000000000002E012070350120000300012A
:10A7160000010000803501201061012000030001C6
:10A7260001000000206101202061012000030001DA
:10A736000000000001FF0000060000000500000008
:10A74600008002021F00000053544D2020202020CC
:10A7560050726F6475742020202020202020202035
:10A76600302E3031C70000000500000006FF000053
:10A77600640C0020000000007891050898910508F7
:10A7860058910508000000000000000000000000CD
:10A7960000000000000000000000000000000000B3
:10A7A60000000000000000000000000000000000A3
:10A7B6000000000000000000000000000000000093
:10A7C6000000000000000000000000000000000083
:04A7D600000000007F
:0400000508000000EF
:00000001FF
