:020000040800F2
:1000000000000120F598040891990408217D030857
:10001000857D030891990408919904080000000067
:10002000000000000000000000000000919904089A
:100030009199040800000000919904082D770308A5
:1000400091990408919904089199040891990408D8
:100050009199040891990408E17E0308D97E030868
:10006000D17E0308C97E0308C17E03084D2C000021
:100070003D2C00002D2C00001D2C0000092C000040
:10008000F52B0000E12B00009199040891990408D8
:10009000919904089199040891990408B97E03087C
:1000A000396504083166040829650408596604089E
:1000B000216604081166040801660408E58B04083B
:1000C000F18B0408CD8B0408D98B0408919904089E
:1000D000919904088D0E0000810E0000750E00003D
:1000E000B17E0308919904089199040819650408E0
:1000F000496504089199040871650408CD2B000036
:1001000091990408FD560408F165040891990408C2
:10011000690E00005D0E00008165040815CE000820
:10012000B92B0000A52B0000912B00007D2B0000B7
:10013000692B00000000000000000000000000002B
:10014000000000000000000000000000ADD2000828
:10015000552B0000412B00002D2B0000510E0000FC
:10016000B58B0408C18B040891990408919904087F
:100170009199040891990408000000000000000013
:100180009199040891990408919904089199040897
:1001900091990408919904080000000091990408BD
:1001A0000000000000000000000000009199040819
:1001B00091990408919904080000000000000000D3
:1001C000000000000000000000000000000000002F
:1001D00000000000000000000000000091990408E9
:0801E0004C9404000100000032
:1001E8000E02010002000000DC390120583D012008
:1001F80000000000DCB20508543D01201402010093
:1002080005000000D41D0120603D01200000000011
:10021800DEB205085C3D012023200100100000002B
:10022800C03901206C3D012000000000A9C8010868
:10023800683D01200D10010070000000803C012085
:10024800803D0120000000001FC502087C3D012000
:100258002C0005001400000064390120F43D012041
:100268000000000061CE0108F03D0120FD01010001
:1002780024000000283901200C3E01200000000065
:10028800C33F0308083E01200610010030000000AB
:10029800BC380120343E012000000000F9B00308FA
:1002A800303E0120FB01010001000000B8380120A8
:1002B800683E01200000000095B00308643E01205C
:1002C800FC0101000900000084370120703E012074
:1002D800000000009DB003086C3E0120F7010100FA
:1002E8000600000058370120803E01200000000071
:1002F800E4B205087C3E0120F90101000400000079
:10030800483701208C3E01200000000041400308CE
:10031800883E01201102010008000000003701207A
:10032800943E012000000000EAB20508903E01203A
:100338001212010004000000F8360120A03E01203E
:1003480000000000F2B205089C3E012018300100B0
:1003580030000000C8360120A83E0120000000003F
:10036800F5B10308A43E0120E803010004000000E1
:10037800A0360120DC3E01200000000059B103082E
:10038800D83E0120FF21010005000000443601206D
:10039800E43E01200000000085B00308E03E012093
:1003A800081204001400000050360120F03E01201D
:1003B8000000000075B10308EC3E012013020100A3
:1003C80004000000CC1D0120083F012000000000AF
:1003D800F6B20508043F0120FA01010003000000FD
:1003E800A4350120103F01200000000065B103087A
:1003F8000C3F0120FE010100140000001427012019
:10040800183F012000000000D1B10308143F01206B
:100418000B3001001E0000005C780120587B012091
:1004280000000000FCB20508547B01201F500100A9
:1004380024000000307801207C7B012000000000AF
:100448001CB30508787B0120050201000A000000A2
:10045800C8770120A47B01200000000040B30508F4
:10046800A07B01200520010008000000F085012084
:10047800C8880120000000004CB30508C48801208A
:100488003710010030000000C8840120D488012002
:100498000000000054B30508D08801201E000100A8
:1004A80009000000D07E012008890120000000001A
:1004B80084B30508048901201B20010014000000F2
:1004C800B47B012018890120000000007D69010823
:1004D800148901202102010068010000F07B01203D
:1004E8003089012000000000757301082C89012063
:1004F8002610010008000000A48A01209C8A01201F
:100508000000000069610108988A0120EC031D00C1
:10051800AE0000004C8D0120F89A01200000000078
:10052800795B0208F49A0120EB0320000001000027
:10053800F4990120AC9B012000000000000000009D
:10054800A89B01200E00060018030000DC9601207D
:10055800B09C012000000000D9B00308AC9C012029
:1005680020020100600000007C960120CC9F012041
:100578000000000000000000C89F012034000100B6
:10058800080000007496012030A00120000000003F
:10059800B1DF01082CA001202A000800800000001B
:1005A800F49501203CA001200000000085DF01082F
:1005B80038A00120EA0301000E0000003C8D012054
:1005C800C0A00120000000008EB30508BCA00120D7
:1005D800E903010018000000DC950120D4A00120E7
:1005E800000000009CB30508D0A0012019000100FC
:1005F80006000000D4950120F0A0012000000000B2
:10060800B4B30508ECA001202920140078000000EC
:10061800A4940120FCA001200000000000000000BC
:10062800F8A001202B00120024000000E89301200C
:1006380078A101200000000035CE010874A1012036
:100648001230010011000000B8910120A0A1012082
:1006580000000000BAB305089CA101200A9001001F
:1006680020000000FC8D0120B8A10120000000003E
:1006780075C80108B4A101201C0202001C0000007A
:1006880048910120DCA10120000000001DB30308EF
:10069800D8A1012028300100160000006491012033
:1006A800FCA101200000000049E10108F8A1012097
:1006B8002902010040000000D4A5012000B001205B
:1006C80000000000CCB30508FCAF0120F6210100B2
:1006D8000C000000E4AF012064B00120000000001D
:1006E8000CB4050860B00120F831010002000000D8
:1006F800E0AF012074B001200000000018B4050824
:1007080070B00120020001000C000000D4AF0120ED
:100718007CB00120000000000000000078B001203B
:100728000612040018000000BCAF01208CB00120A4
:1007380000000000F5B3030888B001201D02020084
:100748000600000060AD0120A8B0012000000000F4
:1007580000000000A4B001202322010010000000C6
:1007680084A70120B4B00120000000001CB40508D3
:10077800B0B001201010010002000000A0A7012065
:10078800C8B00120000000002CB40508C4B0012046
:100798000001010004000000B0A40120D0B0012035
:1007A800000000002EB40508CCB0012002010100B1
:1007B80003000000D0A50120D8B0012000000000EF
:1007C800C1630208D4B00120131001000400000026
:1007D80050AD0120E0B001200000000034B405084D
:1007E800DCB001202F100100220000002CAD0120F8
:1007F800E8B001200000000038B40508E4B001208A
:100808000C4006000801000030A6012010B10120AC
:1008180000000000CD5F02080CB101203800010083
:1008280007000000FCA401201CB201200000000009
:100838005AB4050818B20120012001000C0000007C
:1008480068A7012028B201200000000062B4050852
:1008580024B20120253020000002000034B201201B
:10086800E4B901200000000000000000E0B9012008
:10087800280204000400000060C101200CC301200C
:1008880000000000D5B0030808C3012027020400B7
:10089800040000005CC1012014C301200000000016
:1008A800C9B0030810C30120160215003F0000005C
:1008B800E8BB01201CC301200000000039B0030878
:1008C80018C301201A0201004900000050BD012090
:1008D80060C301200000000059B203085CC3012076
:1008E8001B02010010000000DCC30120CCC3012062
:1008F80000000000B5B00308C8C301201F020800AB
:100908001000000000C40120F0C301200000000016
:100918003DB00308ECC30120000201000B000000F9
:10092800B4C3012014C40120000000006DB1030805
:1009380010C401201610010004000000C0C30120EB
:1009480024C40120000000006EB4050820C4012062
:100958002C02010004000000B4C40120E0C90120F9
:100968000000000072B40508DCC901200202010081
:100978000300000084E8012080E801200000000056
:08098800000000007CE80120E2
:08280000082800080040000850
:04400000FFFFFFFFC0
:10800000026C03463AB11A6CD20608D50022012050
:1080100083F83C207047426480F83C20F3E71A6CF8
:1080200049494A4811401A6841F00201F0B4196404
:108030004168474D21F44031416041685C6821430B
:1080400041605168186921F48071D3F808C0DF6875
:10805000516054689E6A44EA0024AE4254605468F9
:1080600024F040745460506840EA0C0050609068FE
:1080700020F400609060916841EA0701916054D05B
:108080009068DC6A20F07060906091680E439660A2
:10809000906820F040509060916821439160906812
:1080A0009C6920F002009060916841EA440191606F
:1080B00093F82010002941D05468596A44F40064B0
:1080C000481E5460516821F460415160516841EA92
:1080D00040315160D06A0025DC6920F470005E698F
:1080E000611ED0622846D46A44EA0154D46294687E
:1080F00024F400749460946893F8301044EA4124A6
:108100009460946824F480649460916841EA8621C4
:1081100091605D641A6C22F0030242F001021A645D
:10812000002283F83C20F0BC7047916821F0706118
:108130009160916821F040519160B0E7516821F45D
:1081400000615160C6E700BFFDEEFFFF0023014064
:108150000100000F0129F0B42A4C4FF000062A4D0F
:1081600094BF002701272368EE626662A6626763F8
:10817000676B47EA42076763EE63EC6B002A38D10E
:1081800044F49574EC631C6824F001041C601C68C2
:10819000E407FCD4490289085960D8601968EAB933
:1081A00021F04001196019498B421DD018494FF444
:1081B0007410C860196841F01E011960596941F0D6
:1081C00080015961196841F00101196022B90E4A14
:1081D000D36A43F00803D362F0BC704741F040011A
:1081E00019600A498B42E1D14FF0746041F8500C9C
:1081F000E0E744F01A04EC63EC6A44F00804EC6233
:10820000C1E700BF100C0120002C0140586402405F
:108210000064024011480023024611780632032907
:1082200016D00133062BF8D10D49CA6D052A0ED0A0
:1082300002EB4203013200EB4303CA65032040F224
:10824000EB3140F2FF32187059809A8070477047C6
:1082500003EB430300EB4303F0E700BF480C0120AE
:10826000100C0120124B30B41D6E6B6A28B943EA22
:1082700001430020AB6230BC7047AC6A013803EBAD
:1082800014440BD0002303F14002013305EB8202BA
:10829000DBB25268834204EB1244F4D3403044EA28
:1082A000014405EB80004460002030BC704700BFF3
:1082B000100C01200A44914219D0013910B4541E07
:1082C00011F8012F0823504002E0013BD0B209D041
:1082D00010F0800F4FEA4002F7D082F0D500013B4A
:1082E000C0B2F5D1A142EBD15DF8044B70477047A5
:1082F000037870B42BB30246C0F10105531912F88C
:10830000014FDBB2002CF9D101335B000E4C03228C
:108310000B8084F8643484F86524017879B10223F1
:1083200000265A1CE518023354FA82F285F86414C8
:10833000DBB282F8646410F8011F0029F1D170BC2F
:1083400070470223E2E700BF100C0120826D136A20
:108350005B681B78FF2B08D090F8F030013BDBB254
:1083600080F8F0301BB10120704700207047126A7E
:108370000220526813707047F0B40F4BC40800F02D
:10838000070700221E5D03EBD005BE40F6B2C7F121
:10839000080300278B4228BF0B46C3F108049A400C
:1083A000C91A46FA04F415F8016F42EA0402EED144
:1083B0001046F0BC704700BFB411012030B5EFF398
:1083C0001181802383F312880A4AD2F85836D2F8F2
:1083D0005C46D2F85806D2F85C56CAB282F31188CD
:1083E000013BA84294BF4FF4006000201B1B1844BF
:1083F00030BD00BF100C0120012380F851307047C0
:10840000014BD3F860067047100C01200120704723
:10841000024BC3F86426C3F868167047100C01209D
:10842000024BC3F86C26C3F870167047100C01207D
:1084300070477047212870B505D0222829D0202800
:1084400010D0002070BD0029FBD0072AF9D1184BAD
:1084500018791C685A799B79087100200C604A7160
:108460008B7170BD0029ECD0072AEAD11148104B5E
:108470000C680E794D79D0F8682689791C601E71D8
:108480005D719971002ADCD02146D0F864069047CE
:10849000D7E70029D5D0022AD3D1064AD2F87036C0
:1084A000002BCED00988D2F86C069847C9E700BFE8
:1084B00000000120100C01200020704703460A2212
:1084C00001481A80704700BF08000120034664225B
:1084D00001481A80704700BF14000120012901D013
:1084E00000207047014BD3F890301847000001205E
:1084F000012901D007F03CBB014BD3F88C30184761
:1085000000000120014BD3F88830184700000120FB
:1085100010B40B780A46044603F00303012B05D080
:10852000022B0BD000205DF8044B70478B8843B9B9
:10853000204611465DF8044B0AF086BF8B88832BDA
:10854000F6D0034B5DF8044BD3F88030184700BFDA
:108550000000012038B5054B04460D46DB6F9847F7
:108560002946204607F0A4FE002038BD0000012067
:1085700038B5054B04460D469B6F98472946204663
:1085800007F0CEFE002038BD00000120F0B400242A
:1085900052004E1C2746030FB0F1204F4FEA001047
:1085A00003F1300503F1370334BF0D550B55375533
:1085B0000234A242EFD1F0BC704700BF024808B5B8
:1085C000FFF796FE014808BDA818050874100120A1
:1085D000024808B5FFF78CFE014808BDB818050829
:1085E000741001200B481A220B4B00681B680A808C
:1085F000C01801D109487047094B0822094910B534
:108600001C68FFF7C3FF042207492046FFF7BEFF9F
:10861000024810BD107AF01F187AF01FB000012038
:10862000147AF01FB2000120C2000120024808B5F0
:10863000FFF75EFE014808BDC4180508741001204C
:10864000024808B5FFF754FE014808BDD0180508D8
:1086500074100120042301480B807047CC000120D6
:10866000004870479C110120004870479C11012070
:10867000034B93F88805032894BF0020012070471E
:10868000100C0120034B93F88805032894BF0020A9
:1086900001207047100C0120034B93F88805003827
:1086A00018BF0120704700BF100C0120034B93F846
:1086B0008805003818BF0120704700BF100C01204A
:1086C00098B182680C4B12B107229A7070471878E3
:1086D0000421DA6003281A611A750CBF80224FF456
:1086E00080729970C3E901227047034B012241F265
:1086F000E4715A705A5470472C5F01200378022BA2
:108700000FD0006908B9012070470E4B1B78032B6E
:1087100012D080B24FF6F773984294BF0020012028
:108720007047084941F6500243688A58B3EB422F1C
:108730002CBF012000207047034B984294BF0020BB
:10874000012070472C5F0120F7FFFF0F30B4037842
:10875000022B13D0104A41F64801436841F63C040D
:10876000555802F5C25100692B4009680238125968
:108770005B0A01FB003030BC10447047064B41F6E9
:10878000300441F6340142681859595800EB410051
:1087900030BC00EB522070472C5F0120826D0346F5
:1087A000126A52681278FF2A0AD190F8F020002A43
:1087B00002F1FF3214BF0120022083F8F02070473D
:1087C0000020704738B540F48062074C0B4640F2F9
:1087D000FF55012100F03F00A563A360E2603CF07B
:1087E000DFFDA56338BD00BF002C01402DE9F84333
:1087F000884600294FD04718461E284C802507F18F
:10880000FF39EFF3118185F31288D4F85826C9B2E5
:10881000D4F85C06D4F85836D4F85CC681F31188D5
:10882000634594BF4FF400630023121A1344012BD5
:108830001AD101202EF070FFEFF3118185F3128819
:10884000D4F85826C9B2D4F85C06D4F85836D4F80F
:108850005C7681F31188BB4294BF4FF40063002320
:10886000121A1344012BE4D0EFF3118285F312881E
:10887000D4F85C36D2B216F8011F234483F874167C
:10888000D4F85C360133C3F30A03C4F85C3682F3D0
:1088900011884E45B5D14046BDE8F883100C012043
:1088A000F8B5002390F8505080F85030CDB10F4902
:1088B00041F2E8028A5C032A15D10D4E00F13C0416
:1088C000B76A29462046FFF791FFB36A2D1A044480
:1088D000DB1B322B01D8002DF3D1B5FA85F040090E
:1088E000F8BD0120FCE71846FAE700BF100C012094
:1088F000081D0120002280F85120D1E790F8502077
:10890000531C0244DBB280F8503082F83C1090F8DF
:1089100051200AB1132B00D9C2E77047F8B51446AD
:1089200041F2E803094A0D46D35C032B0DD1084EF2
:10893000B76A002C09DD21462846FFF757FFB36AC6
:10894000241A0544DB1B322BF3D9F8BD100C01208F
:10895000081D012030B500238DB0134908250122E0
:1089600002938DF814300DF10704099301F2BC5005
:108970000B9381F854560DEB05018DF82820CDE9B5
:1089800007330A4BCDE9034206932FF051FD084807
:108990002FF04CFF9DF80700A0F1FF00B0FA80F027
:1089A00040090DB030BD00BF100C01204D83000800
:1089B000CC11012070B5952292B040F040050446DC
:1089C0008DF80920080E0A0C8DF80810090A0023FA
:1089D00001AE8DF804508DF8050006250DF1030059
:1089E0008DF806208DF8071001221749039604938D
:1089F0008DF818308DF82C300F93119305958DF864
:108A000040200C91CDE90733CDE90D33CDE90902C2
:108A1000FFF7A0FF24B180F0010010F0FF0F10D18C
:108A20000A4C082303A904F2BC5084F854362FF0F2
:108A3000FFFC04F2BC502FF0F9FE9DF8030012B0C9
:108A400070BDFF2012B070BD9D870008100C012082
:108A500030B500238DB010490546012202938DF8F0
:108A600014300DF10704099301F2BC500B9381F807
:108A7000545602A98DF82820CDE90733074BCDE9DC
:108A8000034206932FF0D4FC05482FF0CFFE9DF84B
:108A900007000DB030BD00BF100C01209D870008FD
:108AA000CC11012070B590B01C4D0024FD22012690
:108AB0000DF1030301A905F2BC508DF803200693C4
:108AC000C5F884458DF81040059407948DF824402E
:108AD0000F94039608968DF83860CDE90144CDE9EE
:108AE0000A44CDE90C442FF0A3FC05F2BC502FF052
:108AF0009DFE3046FFF7ACFFFF2809D0084A20460C
:108B00000923926A85F88835C5F8782510B070BDBC
:108B10000423022085F8883510B070BD100C0120A8
:108B2000081D012070B5064690B008200D46FFF7DD
:108B30008FFFFF2823D0FE2802D0022010B070BD86
:108B400000240222012301A90E4808928DF8383032
:108B50000296039501948DF8104007948DF82440F7
:108B60000F94CDE90544CDE90A44CDE90C442FF03A
:108B70005FFC04482FF05AFE204610B070BD012063
:108B800010B070BDCC1101202DE9F84F484B984230
:108B90000FD003F56853083398424DD00023454A5F
:108BA0001846A2F89430A2F8A030C2E92633BDE8F6
:108BB000F88F404C022300263F4F04F13005DFF8C8
:108BC0000481E362D7F8D0303146B34206F10106A2
:108BD00003D0D4F8B0003BF0DBFC94F8B430284666
:108BE000D4F8B020414685F82430303545F8102CB3
:108BF0003BF0E0FEE36A9E42E4DB002384F8A2300F
:108C0000E36A0120E16BA28EA56B12FB03F201FB6C
:108C100003F3B4F84060A4F89420C4F89C30E28ECA
:108C2000264BC4F8C010C4F89850A4F8A060A4F86B
:108C30009620C4F89030BAE71E4C02224FF0000B89
:108C40001D4F04F130054FF4806A4FF040094FF496
:108C50000068E262D7F8D020012659465A45B3444D
:108C600003D0D4F8B0003BF093FC4FF00062D4F88E
:108C7000B0104FF4003094F8B4C0296285F824C0D5
:108C8000A5F804A0A5F81090A5F80680AE74C5E973
:108C90000202FFF7BFFA28466E763BF0D9FDE26A82
:108CA000074B934545F8303BD4DB84F8A260A7E737
:108CB0001971EF00081D0120000001205CC40408A8
:108CC00030C404081940EF002DE9F04103798AB05F
:108CD0002B4E002B14BF0122002286F8B42504D1AC
:108CE00086F888350AB0BDE8F08106F2BC57044624
:108CF00090F9001038462FF0A1FCA4789CBB4FF0EF
:108D00000108204B2048C6F8C4456C46C6F85036CA
:108D100086F8C8852FF0D2FC03461C4D4FF47A70BC
:108D2000A6F8C0352EF0F8FCD6F8C4052EF036FFB4
:108D30000FCD0FC40FCD0FC495E8030084E80300E6
:108D4000694638462FF074FB38462FF06FFD104B04
:108D5000002286F888859B6A86F87C25C6F87835D7
:108D60000AB0BDE8F08120462EF0DEFD044608B1D1
:108D70001E23C3800D2120462EF07CFEBFE700BFDE
:108D8000100C012074110120801A060088C4040808
:108D9000081D012010B50C463EF008FF50B9074BE6
:108DA00093F8C430012B4FF012030CBF0448054860
:108DB000238010BD12230448238010BD081D01200C
:108DC000FC000120E8000120D400012010B5074C70
:108DD00004F2BC502FF02AFD0A202EF091FCD4F8AA
:108DE000C405BDE810402EF0D9BE00BF100C012014
:108DF0002DE9F8431C4C05468946904694F8886551
:108E00001F46042E08D0082E02D00020BDE8F883AB
:108E1000FFF748FE0228F8D1D4F8C4052EF06CFE06
:108E200094F87E35B3B969021120FFF7C3FDB8B9D4
:108E30000E4A05230120C4F86495926AC4F8685567
:108E4000C4F87085C4F87475C4F8782584F888353A
:108E5000BDE8F88329461120FFF7ACFD0028E7D0D4
:108E6000FFF7B4FFD1E700BF100C0120081D01205F
:108E700010B50D4C002394F85626C4F8843512B171
:108E80000A4AC2F8C8303CF097FC20B10423022003
:108E900084F8883510BD054A0923926A84F888351C
:108EA000C4F8782510BD00BF100C0120081D01205A
:108EB00070B50F4D04460E4695F88835042B0BD03F
:108EC000082B07D1D5F8803583420ED0FFF7D0FFAD
:108ED000022801D0012070BD08230220C5F8846556
:108EE000C5F8804585F8883570BD022070BD00BF8B
:108EF000100C012010B508F0A3F8104C58B194F8EC
:108F00008835032B13D894F87C350133DBB2072B5B
:108F100084F87C3503D9002384F8883510BD084BCC
:108F200001229B6A84F88825C4F8783510BD05486D
:108F30002FF0C4FBA4F8C005E5E700BF100C01202A
:108F4000081D0120801A060070B51F4C06460D460C
:108F500094F88835042B09D0082B25D1D4F8803516
:108F600083422FD0FFF79EFD02281DD1D4F8C405FF
:108F70002EF0C2FD00213720FFF71CFD29461720E7
:108F8000FFF718FDC0B994F87E357BB9710219203E
:108F9000FFF710FD80B908230220C4F88455C4F8F7
:108FA000806584F8883570BD012070BD3146192078
:108FB000FFF700FD0028EED0FFF708FFFFF79AFF4C
:108FC000032070BD022070BD100C012070B5037924
:108FD000234C002B14BF0123002384F8B43503D1A4
:108FE000002384F8883570BD1E4D0021032095F9BB
:108FF000CF202FF059F80028F2D0466830462FF0E5
:10900000B7F984F855060028EAD095F8CD303046F7
:10901000003B18BF012384F856363BF04FFF08F0A1
:109020000FF838B994F87C3584F88805013384F852
:109030007C3570BD3CF0E8FC40B194F87C350022F2
:10904000013384F8882584F87C3570BDAA6A012331
:1090500084F87C05C4F8782584F8883570BD00BF95
:10906000100C0120081D012010B53CF0CDFC58B1BA
:109070000C4C94F87C350133DBB2072B84F87C353B
:1090800003D9002384F8883510BD07F0D9FF0028E4
:10909000F7D0054B01229B6A84F88825C4F87835FF
:1090A00010BD00BF100C0120081D01202DE9F84F54
:1090B000904C94F8B455002D00F0028194F8882566
:1090C00002278D4E531E082B3ED8DFE803F03436BE
:1090D000A73D6649153D05003CF06EFB002840F0B9
:1090E0000181D4F87835B26AFA33934229D2FFF776
:1090F000BBFF94F88825E5E73CF05EFB0028F0D044
:10910000D4F884350022012B84F87C2540F2EE80CF
:10911000D4F88015013B94F856560131C4F88435D3
:10912000C4F8801515B1744BC3F8C8200823054650
:1091300084F8883511E084F888753CF03DFB002800
:109140004DD194F88825531EDBB2022B3CD9082A56
:1091500018BF042A0CBF012500252846BDE8F88F5A
:10916000236B002B37D1644B0722D4F870559B6AD0
:1091700084F88825C4F87835002DEED0D4F87435FD
:109180000120D4F86425D4F86815A847D9E7D4F8A5
:109190007835B26A643393421DD2D4F82C80B8F18A
:1091A000000FF4D13CF008FB0028A2D00423D4F82F
:1091B000705584F87C8584F88835002D00F0908007
:1091C0004046D4F87435DCE74B4BD4F878259B6ADD
:1091D0009B1AC82B79D800252846BDE8F88F3BF0AC
:1091E00067FF0028ADD196F8D130002BA3F1020320
:1091F000B3FA83F314BF022201225B0984F87D25B0
:1092000084F87E353BF054FF00287FF470AFD6F829
:1092100020210323C4F88C2584F888353BF048FFCF
:1092200000288ED1344A4FF0040EC4F8840503237D
:1092300092F804B1B2F80611D2F8080184F892B598
:10924000D2F808714FEA106CD2F80861A4F89015B2
:109250003F0CD2F808A1360A92F80C9192F80D5101
:1092600092F80D01D2F8108125FA0EF5B2F816B178
:1092700000F00F00B2F81611B2F81621C1F30B116D
:1092800084F893C502F00F0C84F8947541EA1B2111
:10929000724684F8956501F00F0184F896A584F86C
:1092A000979501F5FA6184F89C5584F89D05C4F8FA
:1092B0009885A4F89E1584F8A0C584F888E543E74E
:1092C000284684F88855BDE8F88FFFF7CDFE94F85E
:1092D0008855082D18BF042D0CBF012500253CE73B
:1092E00005463AE7042384F8883536E7FAD1FFF7D4
:1092F000BFFD26E7100C0120081D01202DE9F843D1
:109300000546884617461E462A4C94F888050428C8
:1093100035D0082807D1D4F88035AB4206D0FFF706
:10932000C1FB0228F1D00120BDE8F883FC22224BCA
:10933000DFF88C90214883F83021C9F838812FF06C
:10934000A7F8002809F588711C4814BF4FF4007372
:109350004FF48073C9F840312FF06AF801220623D8
:109360000020C4F86485C4F86855C4F87075C4F862
:10937000746584F86C2584F88835BDE8F883D4F8E2
:10938000C4052EF0B9FB94F87E3553B96902182054
:10939000FFF710FB38B994F88835082BC6D0FE22A9
:1093A000C5E72946F3E7FFF711FDFFF7A3FD03200B
:1093B000BAE700BF100C0120081D0120CC110120CC
:1093C000000001202DE9F04FD84C95B094F8B46519
:1093D000002E00F0998194F8882504F2BC57DFF83C
:1093E000508304F2A459531E082B00F2A080DFE83A
:1093F00013F034005E0029019E008C00AF001B00BA
:109400009E000900FFF7A6FA002840F05782D4F822
:109410007835D8F82820FA33934280F08580FFF71A
:1094200069FD94F88825DEE7FFF794FA0028EED06E
:10943000D4F884350022012B84F87C2540F2638225
:10944000D4F88025013B082106460132C4F8843552
:1094500084F88815C4F8802552E1D4F8C4052EF0AC
:109460004BFB00210846FFF7A5FA0546FFF7AEFCC7
:10947000012D59D14FF0000AD4F8C40584F87DA518
:109480002EF03AFB40F2AB110820FFF793FA0528C3
:1094900000F09081012800F05181FFF797FC94F8CB
:1094A0007D35002B00F02B82022384F88835D4F818
:1094B000C4052EF021FB94F87D3500213720022BC6
:1094C0000CBF4FF080450D46FFF774FA292029465E
:1094D000FFF770FA0546FFF779FC2DBB94F87D3550
:1094E000022B00F0988184F87E55D4F8C4052EF044
:1094F00003FB00210920FFF75DFA002871D0FFF778
:1095000065FC94F88825531E11E04FF40071D4F8DF
:109510006405FFF707FB012800F03081022800F006
:109520003581002800F0618194F88825531EDBB254
:10953000022B00F2DF807E4BD4F878259B6A9B1AC1
:10954000C82B00F2E7800026304615B0BDE8F08F4A
:10955000D4F8BC3577481D6A2EF09AFF002800F039
:109560002C81B5FA85F56D09002DDDD004A8002504
:109570000DF10F0302224FF0010A05A905903846AC
:109580000792ADF8105006958DF820508DF83450A4
:1095900013958DF848A0CDE90B3ACDE90955CDE9F1
:1095A0000E55CDE910552EF043FF38462FF03EF909
:1095B0009DF80F3003F01F03052B00F08881FFF7A3
:1095C00099FCD4F870B5BBF1000F00F0F0802A468A
:1095D0005046D4F87435D4F86815D84794F88825DF
:1095E00001E710214846FFF79DFA8246002886D100
:1095F00001217F20FEF7C0FE012805467FF47FAFE2
:1096000050460221FEF7B8FE002800F038810128FC
:109610007FF475AF16213A20FEF7AEFE01308002CE
:10962000C4F88C05FFF7D2FBD4F8C4052EF064FA19
:1096300000210A20FFF7BEF9002840F0198103231A
:1096400084F88835102105A8FFF76CFA00287FF40C
:109650006BAF9DF821309DF822201B019DF815006D
:109660009DF8165002F00F01DBB245EA0025DDF847
:109670001D0043EA12139DF81C2000BA84F8A015BF
:1096800003F5FA639DF81710C4F89805A4F89E3501
:1096900013099DF8140002F00F0284F89C35069B14
:1096A000A4F89055C4F8943584F89D2584F8920563
:1096B00084F89315FFF78AFB94F87E3573B9D4F8D4
:1096C000C4052EF019FA4FF400711020FFF772F95B
:1096D0000546FFF77BFB002D7FF4A1AE16482EF068
:1096E000EDFF00220423A4F8C005C4F884251A461F
:1096F00084F88835082A18BF042A0CBF01260026E2
:10970000304615B0BDE8F08F304684F8886515B056
:10971000BDE8F08FFFF7EEFB94F88865042E18BFC4
:10972000082E0CBF01260026EAE700BF100C01201E
:10973000081D0120CC11012040787D01042304AADA
:1097400005A98DF83400784807930692CDF814A047
:109750008DF820A0CDF838A0CDE909AACDE90BAA53
:109760002EF066FE70482FF061F89DF81330AB2B99
:109770007FF493AE022384F87D358EE6D4F87835F5
:10978000D8F8282064339342BFF4CEAEFFF71EFB17
:10979000FFF7B0FBD4F870554DB10022D4F8743502
:1097A000D4F868151046A84794F888251BE694F865
:1097B000882518E684F87D556FE694F86C550246C6
:1097C000D4F864154FF48073384601EB05212FF06F
:1097D00013F894F86C250132D2B2A2F1020584F894
:1097E0006C25B5FA85F56D09BEE60190FFF7EEFA36
:1097F00004230198D4F8705584F87C0584F88835E2
:10980000002D3FF47DAFD4F87435D4F86425D4F836
:109810006815A84788E6D4F8C4052EF06DF92946E6
:109820003A20FFF7C7F80DF1100C042201238246FD
:1098300005A9384605958DF820500E95CDF818C02D
:1098400007928DF83430CDE90955CDE90B552EF04E
:10985000EFFD38462EF0EAFFBAF1000F08D1FFF70E
:10986000B5FA049B1BBAC3F3807384F87E353CE6DB
:10987000FFF7ACFAFFF73EFB94F88825B3E5042127
:109880002C20FEF779FD032182464E20FEF774FD61
:1098900083460C213620FEF76FFD0BF1020B421CB4
:1098A00005FA0AF502FA0BF2A2FB0501420A42EAA6
:1098B000C152C4F88C25FFF789FAB5E60190FFF78D
:1098C00085FA0423019884F88835064618E7174B73
:1098D0000722D4F870659B6A84F88825C4F8783527
:1098E000002E3FF40DAFD4F874355046D4F86425FB
:1098F000D4F86815B04794F88825531E17E61E461D
:1099000084F88835FCE608D0042384F88835FFF70E
:109910005DFA94F88825531E09E6FFF7C3F802287C
:109920007FF402AEEBE500BFCC110120081D012041
:10993000154BDB68C3F3022310B4C3F107041A1DEF
:10994000042C28BF0424062A4FF0FF328CBF033BAF
:109950000023A240002821EA020101FA03F108DBFA
:1099600009010A4BC9B2034483F800135DF8044BA4
:10997000704700F00F000901054BC9B20344197686
:109980005DF8044B704700BF00ED00E000E100E02F
:10999000FCEC00E030B5264C0022264841F287312D
:1099A000D4F8743183B0244DA0FB030304F59A70FE
:1099B000C4F83451DB0C013BC4E95012C4E94E3207
:1099C00008F030FA1D4B062137201A6C42F02002B5
:1099D0001A641B6C03F020030193019BFFF7A8FF9F
:1099E000D4F834314FF400001549164A4860D9685C
:1099F00041F00101D96099680A40062A06D0B2F503
:109A0000803F03D01A6842F001021A600E4B41F207
:109A1000041200200D499A5803F27464C3F87006CA
:109A2000C2F81002C3F86806C2E9811403B030BD61
:109A3000081D012083DE1B43001400400038024053
:109A400000E100E007000100100C0120801E012051
:109A500038B50F4B0F4AD3F87431A2FB03239B098F
:109A6000013BB3F1807F10D20B4A0024F0200B4958
:109A70000725536081F82300214694604FF0FF30A2
:109A80001560FFF755FF204638BD012038BD00BFE7
:109A9000081D0120D34D621010E000E000ED00E051
:109AA0004309012200F01F0084B0013B02FA00F0DC
:109AB000032B0BD8DFE803F015021E0C124B5A6C77
:109AC00002435A645A6C10400090009B04B07047E7
:109AD0000D4B1A6B02431A631A6B10400390039BE1
:109AE000F4E7094B5A6B02435A635A6B10400290D9
:109AF000029BEBE7044B1A6C02431A641A6C104089
:109B00000190019BE2E700BF003802402DE9F041DF
:109B1000D0F800E00C46DFF8588084B0DEF804503E
:109B20001746DFF850C0194605EA0805DDF8288019
:109B3000064603932C43424644EA0C0CCEF804C07C
:109B40000AF084F878B931680246039B30468F6288
:109B50004021CDF800800AF0A9F8003818BF012094
:109B600004B0BDE8F081012004B0BDE8F08100BF81
:109B7000009800FC00200180F8B5134F04460D4604
:109B80000AE09B69DB0602D50AF020F8D0B9D7F8C5
:109B900078395B1B0A2B08D823682A460A212046FD
:109BA0009E69B606EDD50020F8BD636C2021002229
:109BB00001200B4384F84020636484F8411084F84A
:109BC0004220F8BD0120F8BD081D0120F0B589B084
:109BD0000D4604462EF062F9031E1CDB164A204691
:109BE000164E1A4406EB830392F88070C3F87C5932
:109BF0002EF07AF93E440023A588114A03A9206873
:109C00000793CDE90533CDE903520AF0CDF896F874
:109C1000BC39F02B01D809B0F0BD0A4AF02303216A
:109C2000D05786F8BC390190FFF782FE01980BF0FF
:109C300073F809B0F0BD00BF30C40408081D01204E
:109C40000000111020190508B0B10C49D1F8C43931
:109C5000102B03D1052100202EF0F0B803EB4302B6
:109C60000A4482F8C809202082F8C9090120034467
:109C700082F8CA09C1F8C439704700BF081D012025
:109C80008078E1E72DE9F04FC14C002387B004F65E
:109C9000F81894F80C2AC4F8F839C8E90133C8E96F
:109CA00003331AB194F80D3A84F8F83994F80E3A5F
:109CB0001BB194F80F3A84F8073A94F8123A1BB1A2
:109CC00094F8133A84F8023A94F8103A1BB194F8D5
:109CD000113A84F8FD3994F8143A013B5FB2DBB2D3
:109CE000019702933B46013300F04F81A94EB02209
:109CF0000023A94802FB076106F5287AA0F1280590
:109D00000093903106F5467941F03AFA0122009B22
:109D10002E4602FA07FB1F46307890B39F494FF05A
:109D2000300C03E089452CD011F808CF6045F9D1FB
:109D30004A7812EA0B0FF5D02DF0F6FDFB1DDBB2D1
:109D400010B100218371C17103212DF093FE307891
:109D50000023302101E01AF83310884200F0B2816C
:109D60000133102BF7D14FF0000C009A012107208E
:109D700086F801C0531CB270F170DBB230710093F1
:109D80000B4601370536042FC6D194F8240A012763
:109D90000393FFF785FE4FF44031814E0022009B74
:109DA000C4F82C1A3046D4F8201AC4F8443AC4F83F
:109DB000407AC4F8387A84F8587AC4F8302AC4F85B
:109DC000502AC4F8542AC4F8342A84F8482AC4F81B
:109DD0004C2AC4F83C2AC4F8281AFEF711F9019B52
:109DE000002B40F0EF80039B002B00F0EB80A6F1EE
:109DF00008003EF04BFF012308F114084FF0000A61
:109E00009B46EA78002A40F0178105354545F8D190
:109E1000019B02200299234493F91C2A2EF044F955
:109E20000546002800F0B18040682EF0A1FA00221B
:109E300006212EF0ADFA002800F0A7806868002700
:109E40002EF096FADFF874813EF002FD009B6A68FE
:109E5000012B4FF40063A8684FF400558CBF4FF4FA
:109E600080613946C4F8702A4FF40032C4F8801A71
:109E70004FF48071C4F8843A0323C4F8740A40464E
:109E8000C4F8983AC4F8787AC4F87C7AC4F8947A1A
:109E9000C4F89C7AC4F8A07AC4F8885AC4F88C1A1A
:109EA000C4F8902A0AF096FE94F8643AC4F8608ADE
:109EB000012B0597C4F8A86A67D00123D4F8285A63
:109EC00084F8643AAB68DE0713D4D4F874313549AA
:109ED000AA68B3FBF1F342F0010203EB4303AA606B
:109EE0000593059B2BB1059B013B0593059B002B1F
:109EF000F9D1AB68D80748D5D4F8682A2A4B134063
:109F000043F48073C4F8683A6B68590507D5D4F8F0
:109F1000683A23F4405343F48053C4F8683AD4F8C1
:109F2000683A13F4805300F03881D4F86C3A23F087
:109F30000603C4F86C3A1D4800231D496FF0220245
:109F4000C4F8B00A1B4884F8643AC4F8AC1A05F1A6
:109F50004C01C4F8BC0A2A606E68009B46F080661B
:109F6000154A16486E60AE6846F48076AE600AF018
:109F7000A9FD134B5A68D20640F0F880D4F8283A6D
:109F80009A6812F0405F00F0038107B0BDE8F08FDF
:109F9000081D012030C4040828270120D0C6040869
:109FA0003027012040420F00FEF8FFFF210001088A
:109FB0002500010811000108A001002078270120D8
:109FC00000230140B02200217B48482742F03AF8A4
:109FD000B0220021784842F035F8784B384684F8B2
:109FE000D47AC4F8D03AFFF75BFD4FF44030002339
:109FF0000121D4F8D02AC4F8DC0A7148C4F8F01A58
:10A00000C4F8E81A84F8081BC4F8E03AC4F8003B26
:10A01000C4F8043BC4F8E43AC4F8F43A84F8F83AD3
:10A02000C4F8FC3AC4F8EC3AC4F8D82AFDF7E8FFC3
:10A0300061483EF02BFEDEE694F8640A5A1C69780B
:10A040000128D2B22F79CDF810A039D0092984F88F
:10A0500064BA52D94FF0030E6FF01D00D4F828CA2D
:10A060004FF007091EFB0100DCF80CE009FA00F9CB
:10A0700007FA00F02EEA0907CCF80C70DCF80C7037
:10A080003843CCF80C00062B4FF0050020D86FF0B9
:10A09000040710FB0373D4F8287A1F2000FA03FC8E
:10A0A000786B01FA03F320EA0C007863786B0343C2
:10A0B0007B63D4F8283A4148834234D084F864AAB8
:10A0C0001346A2E63F4A02EBC30393F8A4C24CE650
:10A0D0000C2B32D86FF0220710FB0373D4F8280A38
:10A0E0001F2707FA03FC076B01FA03F327EA0C07A3
:10A0F0000763076B3B430363DBE7D4F8280A01EBF4
:10A1000041094FF0070ED0F810C007FA09F70EFA10
:10A1100009FE2CEA0E0CC0F810C0D0F810C047EAB7
:10A120000C070761AFE712291AD01129C6D12649B9
:10A130004B6843F400034B60C0E76FF0400710FB2F
:10A140000373D4F8280A1F2707FA03FCC76A01FA29
:10A1500003F327EA0C07C762C76A3B43C362A8E759
:10A1600019494B6843F480034B60A7E7D4F8282AC9
:10A1700012498A4214D05B68DB063FF506AF134BE9
:10A180009A427FF402AF9A6812F0405F7FF4FDAE0E
:10A190009A6842F080429A60F7E6C4F86C3ACAE6E0
:10A1A000936813F0405F03D1936843F0804393605A
:10A1B000054B5B68E9E600BFD8270120002001407D
:10A1C000E027012030C404080023014000220140A0
:10A1D0002DE9F041D0F800E00C46DFF8588084B05B
:10A1E000DEF804501746DFF850C0194605EA0805A6
:10A1F000DDF82880064603932C43424644EA0C0CC3
:10A20000CEF804C009F022FD78B931680246039BFC
:10A2100030468F628021CDF8008009F047FD00387C
:10A2200018BF012004B0BDE8F081012004B0BDE8F2
:10A23000F08100BF009800FC00200181034690F8E7
:10A240003C00012800F03E810220F0B4012483F894
:10A250003D0083F83C40142A45D8DFE812F04D0059
:10A260004400440044007B00440044004400DA0001
:10A27000440044004400AA00440044004400060195
:10A2800044004400440015001A688E68156A0F687F
:10A2900025F48015AB4C1562106A556820F4001047
:10A2A000D2F854C040EA0650A74E0CEA0404B24269
:10A2B00044EA072400F0088106F58066B24200F007
:10A2C00003814E6855605465D6651062506D0C6907
:10A2D00040F400605065506D20F480605065516D11
:10A2E00041EA0421516500220121104683F83D1006
:10A2F00083F83C20F0BC70471A68D1F808C0156A92
:10A300000F6825F00105914C1562106A5668956931
:10A3100020F002002C408C4D40EA0C00AA4244EA96
:10A32000070400F0DD8005F58065AA4200F0D880C2
:10A330004D68566094615563106290690C6940F0F5
:10A3400008009061906920F00400906191692143B8
:10A350009161C8E71A68D1F808C0156A0F6825F03E
:10A3600010057B4C1562106A5668956920F0200034
:10A370002C40754D40EA0C10AA4244EA072400F034
:10A38000C38005F58065AA4200F0BE804D68566026
:10A3900094619563106290690C6940F4006090616B
:10A3A000906920F480609061916941EA0421916193
:10A3B00099E71A688E68156A0F6825F48055644C11
:10A3C0001562106A556820F40050D2F81CC040EAAB
:10A3D00006305D4E0CEA0404B24244EA072400F061
:10A3E0008D8006F58066B24200F088804E68556028
:10A3F000D46116641062D0690C6940F40060D061C9
:10A40000D06920F48060D061D16941EA0421D16132
:10A4100069E71A68D1F808C0156A0F6825F48075D5
:10A420004A4C1562106A5668D56920F400702C40B9
:10A43000454D40EA0C20AA4244EA070473D005F5D2
:10A440008065AA426FD04D685660D461D5631062B2
:10A45000D0690C6940F00800D061D06920F0040098
:10A46000D061D1692143D1613DE71A688E68156AD0
:10A470000F6825F48035374C1562106A556820F452
:10A480000030D2F854C040EA06402F4E0CEA0404D3
:10A49000B24244EA07041DD006F58066B24219D0E4
:10A4A0004E685560546596651062506D0C6940F0B9
:10A4B00008005065506D20F004005065516D214337
:10A4C000516510E70220704725F480254E6945EA62
:10A4D0008625F6E625F480354E6945EA0625DFE750
:10A4E00026F4407C20F008008E69CF684D6938431F
:10A4F000354320F0040045EA0C0619E725F48045B1
:10A500004E6945EA861571E726F4406C20F080001C
:10A510008E69CF684D6940EA0710354320F040004E
:10A520004CEA850632E726F4405C20F400608E6930
:10A53000CF684D6940EA0720354320F480604CEA3B
:10A54000051680E7FF8FFFFE000001408CFFFEFF35
:10A55000FF8CFFFE8FFFFEFF0128B5EEC00A10D072
:10A56000F1EE10FA0BDD9FED177ADFED177AE0EED2
:10A57000077AFCEEE77A17EE903A98B2704700201F
:10A580007047F1EE10FA0BDD9FED107ADFED107AD7
:10A59000E0EE077AFCEEE77A17EE903A98B2704751
:10A5A000EDD5F7EE006A9FED0B7ADFED0B7A30EE1A
:10A5B000260AE0EE077AFCEEE77A17EE903A98B2B8
:10A5C000704700BF00E0F9440000404200C07944F9
:10A5D0000000834400C079C400E08244F8B53D4ED9
:10A5E00096F8804B04EB8403A70006EB830393F8F3
:10A5F000843B032B44D8DFE803F0461B0F023C44A6
:10A6000006EB8404D4F8883B002B58D0013B00258E
:10A61000C4F8883B2846F8BD3B1906EB8303D3F802
:10A62000882B7AB1013A0025C3F8882B2846F8BD5B
:10A630003B1906EB8303D3F8882B002AF2D10222C0
:10A6400083F8842B3C4406EB840494F8903B013B54
:10A65000DBB284F8903B4BBB0323D4F88C0B84F81B
:10A66000843B41F0CDFEC4F8880B064641F0B0FEB5
:10A6700080F00100002E0CBF002500F0010525BB75
:10A6800001252846F8BD2EF0CFFD05460028F7D05D
:10A690003C44012342F2107006EB840484F8843BAE
:10A6A00041F0AEFEC4F8880B2846F8BD01254FF4F2
:10A6B0007A7041F0A5FEC4F8880B2846F8BD41F039
:10A6C000A7FE80F00100C5B2B0E7013EC4F8886B78
:10A6D000ACE700BF081D012003689B0AA3F58013A7
:10A6E000522B00D970470E4A134470B593F820439B
:10A6F00084B00D2C12D800294FF0000309494FF007
:10A70000010514BF1E460226427901EB84106946FA
:10A71000CDE90065CDE9023307F044FA04B070BD1D
:10A7200030C40408DC28012033492DE9F84F91F8A2
:10A73000D1101C46012507460229DFF8C4A01046A7
:10A7400019464FF00002DFF8BC9018BF7F02CAF82C
:10A750002C50FDF7FFFC294A630240F2FF5BC9F869
:10A7600024204FF40075C9F828304FF48A62D9F8D4
:10A770002C30012110205E4643F09303C9F82C30A1
:10A78000C9F838B0C9F808504D46C9F80C203AF05D
:10A7900007FE012CC9F838B04FF00A048CBF4FF007
:10A7A00052084FF051084FF0000939464046FEF775
:10A7B00009F8013C034640F2774201213720E4B218
:10A7C00023B91846CAF82830BDE8F88FAE63C5F83B
:10A7D0000890EA603AF0E4FDAE63034608B1002C4D
:10A7E000E3D1002BEDD000221846CAF82C20CAF87D
:10A7F0002830BDE8F88F00BF081D012000E1F505F5
:10A80000100C0120002C01402DE9F843DFF8748082
:10A8100004460F46914698F888551E46042D08D0E8
:10A82000082D02D00020BDE8F883FEF721FB0228A6
:10A83000F8D101233A4620460021FFF775FF68B1A1
:10A84000FEF712FCD8F87045002CEBD00022D8F8A7
:10A850007435D8F868151046A047E3E7084A052381
:10A860000120C8F86475926AC8F86845C8F8709500
:10A87000C8F87465C8F8782588F88835BDE8F88385
:10A88000081D0120100C01202A492DE9F04F91F8F4
:10A89000D1100124DFF8A8B00746022983B0CBF815
:10A8A00030409A4618BF4702012B4FF00A04224D50
:10A8B00040F2FF568CBF4FF059084FF058084FF048
:10A8C0000009009239464046FDF77CFF013C0346F3
:10A8D00040F2774201213720E4B2BBB900985146DB
:10A8E00001220193154CFDF735FC13494FEA4A222A
:10A8F0000020019B4C628A62CA6A42F09102CA62DD
:10A90000CBF82800184603B0BDE8F08FAE63C5F859
:10A910000890EA603AF044FDAE63034608B1002CAB
:10A92000D0D1002BDAD000221846CBF8302003B06B
:10A93000BDE8F08F081D0120002C014000E1F50565
:10A94000100C01202DE9F84F05460E4690461F4693
:10A95000394C94F8880504280CD0082807D1D4F87D
:10A960008035AB4206D0FEF783FA0228F1D00120F1
:10A97000BDE8F88FDFF8C8A0C4F86465DAF8C890BD
:10A98000C4F86855C9F34F234FEA59220F2B2BD82F
:10A99000D4F884B5BBF1000F26D094F8561619B33D
:10A9A000B9F5005F41D025484FF400723146484464
:10A9B00040F0E6FB09F50072C2F34F23CAF8C82045
:10A9C000520A102B31D0BBF1010F2ED0D4F88025C4
:10A9D0000BF1FF33042102200132C4F8843584F8DE
:10A9E0008815C4F88025C3E701234FF001092846E4
:10A9F000062532460021C4F87085C4F8747584F8C1
:10AA00006C9584F88855FFF73FFF0028B0D0FEF71B
:10AA10002BFBD4F870556DB14846D4F87435D4F892
:10AA200068150022A8470320A2E792B2034E013A1C
:10AA3000AD1ADAE703209BE7100C01202C3F012020
:10AA4000081D012003681878012801D000207047F4
:10AA500093F90430074A03EB430302EB431393F8E3
:10AA6000E92F202AF3D1D3F8A83F9869C0F3C0306A
:10AA7000704700BF081D012010B50A4CE3691B7820
:10AA8000022B0DD1606A2DF089F8606A08B121238C
:10AA9000C38001212CF0EEFF03482DF00FFE20842F
:10AAA00010BD00BF002E01208096980030B50446EE
:10AAB00083B001230D460DF10702084821462DF011
:10AAC00081FF9DF8072035EA020304D02A4321467E
:10AAD00002482EF055FA03B030BD00BF1C2E0120F5
:10AAE00038B505460A460C46064829462DF052FE62
:10AAF00045F0800103482DF0F5FD231A58425841D6
:10AB000038BD00BF1C2E012070B50D4C1346E56901
:10AB10002A78022A07D00A46014604F11C00BDE843
:10AB200070402DF04FBF2A6A0AB1002070BD0A465E
:10AB3000014604F11C002DF0FDFD012070BD00BF99
:10AB4000002E0120036801221B78022B01D02EF079
:10AB500065B92DF047BE13B53A4C0023D4F8F42064
:10AB60008DF80730137803F0FD01012905D194F821
:10AB7000F81011B90C2184F8F810022B1ED0032B09
:10AB80002ED001220B2130483AF06EF804202CF030
:10AB9000C3FD01230DF1070200212B483AF086F88E
:10ABA000002839D09DF80730482B35D1274BC4F801
:10ABB000E830274BC4F8EC3002B010BDD4F8FC00EC
:10ABC0002CF0ECFFD4F8FC0008B13423C380012141
:10ABD0002CF050FF1F482DF071FDA4F8F800D0E7CD
:10ABE000D4F8A43546F2A811506812221961002346
:10ABF000372180F888303AF00BF8D4F8F4300D2281
:10AC0000242158683AF004F8D4F8F43030226A214C
:10AC1000586839F0FDFFB4E7D4F8F4301A78022A06
:10AC200003D0032A07D00020C6E7D4F8FC002DF09B
:10AC3000DFFB0020C0E710223721586839F0E8FF19
:10AC4000F1E700BF002E0120F42E01200B4D040877
:10AC50008D4D04088096980030B54CF205028DB0F9
:10AC6000002304460321ADF8002001AD01228DF838
:10AC700002300B938DF814208DF82820CDF808D0E1
:10AC8000CDE90633CDE90833CDE903512DF0CEFDF2
:10AC9000204602A92DF0CCFB20462DF0C7FD9DF8E3
:10ACA00006000DB030BD00BF2DE9F043744E83B0F7
:10ACB000744C2422002106F1380041F0C3F900232E
:10ACC00094F8A557F365002D37D16F4FD7F8903022
:10ACD00043B39B6A33B36D489847836813B30388C3
:10ACE00000246B4F013BBC4639469BB208780631C5
:10ACF00003281BD00134062CF8D1002239780637FE
:10AD0000022900F09E800132062AF7D1F16D052953
:10AD100008D002FB01C20131F165022000219380BD
:10AD200010705180284603B0BDE8F083062303FB72
:10AD30000464638F013B9BB2DFE704F2AC7394F8C9
:10AD4000A407C4F8A83710B900254F4FBEE72CF070
:10AD5000EBFDC4F8B40718B1837913F0BF0FF3D13A
:10AD600029464C482DF06AFC05460028ECD0D4F862
:10AD7000A837464A9868C3F8942008B12023C380B6
:10AD80000D21414F2CF076FED4F8A8374FF0010981
:10AD900098682CF003FF40482DF090FCD4F8A837B9
:10ADA000024632209A80C7F8B03087F8B4902CF071
:10ADB000B3FC04234FF0000C9F21D4F8A8070DEB3F
:10ADC0000302CDF804C02DF0B5FC9DF805809DF878
:10ADD000043007F190004FEA08289DF8061048EA71
:10ADE000034848EA0108414639F0E4FD00287FF4B1
:10ADF0006DAF4046FDF7C8FE034600287FF466AFFE
:10AE00009DF806009DF8052000029DF8071040EA15
:10AE10000240224A0843904217D0A7F89430A7F87E
:10AE2000A030C7E92633FDF7AFFE034600287FF4C4
:10AE30004DAF94F8A4071D462CF076FD2DF0D8FAFE
:10AE400044E7062101FB02C267E7154B4FF40031CE
:10AE50004FF0006287F8A290C7F894304023C7E90A
:10AE60002612A7F8A030FDF7D5F907F1900087F872
:10AE7000A99039F0EDFC0B4BC7F8903026E700BFE6
:10AE8000100C0120002E0120081D0120981D01201A
:10AE9000480C0120AC350120404B4C0021AAEF00AA
:10AEA0000004000830C404082DE9F04F0423BE4C10
:10AEB000402141F21C1504F6746704F160064FF05E
:10AEC000A042636661670023022194F81D048BB0E1
:10AED000C4F8607466512266C4F890302367C4F8E1
:10AEE0008C30C4F88430A167E166C4E91F330028C0
:10AEF00000F0628103211F46164684F81D149368F2
:10AF000023F001039360F368304643F04003F3609D
:10AF100006F0A8F8B36B012F054643F48033B36302
:10AF200017D005B3022384F81D34A04B93F8C45006
:10AF3000012D00F0FD80236E8021012059625A6AA4
:10AF400042F480029A62FDF78DF900200BB0BDE853
:10AF5000F08FB36843F00603B360B36843F0200397
:10AF6000B360002DDED1236E3220DA6822F0C042B9
:10AF7000DA60DA6842F08042DA6009F0DBFE606E87
:10AF800050B32A4601272946C2EBC203561C04EBE4
:10AF9000830383F89C20A3F8A220F2B283F89D706B
:10AFA000824283F89F10C3F8B010C3E92911EBD394
:10AFB00000221146C2EBC203561C04EB830383F844
:10AFC0005C22F2B283F85D12824283F85F12C3F80A
:10AFD0007012C3E99911EDD30022236ED4F86CC02E
:10AFE0001646D4F87080D4F88CE0D4E91E71019133
:10AFF00002F14001013203EB81010F2A4E60F7D1CB
:10B000009A6BBEF1000F40F0438122F400129A6364
:10B010001A6842F040021A601A6842F080021A6010
:10B020000022012F03F50066C3F8002ED3F8002894
:10B03000C3F80028D3F8002800F02181032F00F086
:10B040001E8142F00302C3F800284FF48461584A7D
:10B05000196102E0013A00F0328119698F06F9D4D2
:10B060001021534A196102E0013A00F02681196962
:10B07000C906F9D4002131617161F161E0B103F5D4
:10B0800010624FF0904A4FF0006B0F464FF67F3939
:10B090009C4607E0176001311761C2F80890203222
:10B0A000814261D01368002BF4DA11B1C2F800A01C
:10B0B000F1E7C2F800B0EEE73269B8F1010F22F40F
:10B0C0008072326100F0ED8000216FF08042996162
:10B0D0005A61B8F1000F03D19A6942F010029A61E7
:10B0E0009969344A0A439A61019A1AB19A6942F0FD
:10B0F00008029A61BEF1010F00F0CE80002D7FF4AE
:10B1000011AF0121D4F8842084F898508A4284F841
:10B110001D1400F0D6807368032043F002037360AF
:10B1200009F008FE214B93F8C450012D7FF403AFC2
:10B130003CF03CFD00287FF4FEAE236E80222846C2
:10B1400040215A625A6A42F400129A62FDF78AF864
:10B1500020210220FDF786F840210320FDF782F828
:10B1600000200BB0BDE8F08F002163460CF5306283
:10B170004FF0904A4FF0006B0F464FF67F398446F0
:10B1800007E0176001311761C2F80890203261456D
:10B1900092D010680028F4DA11B1C2F800A0F1E7EB
:10B1A000C2F800B0EEE700BF100C0120081D01201E
:10B1B000400D030000383C8000F0FF054C4B03209D
:10B1C0004FF4C05684F81C541A6B42F001021A6303
:10B1D0000A221B6B069105A903F00103089045485C
:10B1E0000493049B07950596099208F0DDFDD4F8B9
:10B1F0008C30012B72D03E4B062143205A6B42F01B
:10B2000080025A635A6B02F080020292029A5A6CD0
:10B2100042F480425A645B6C03F480430393039BC3
:10B22000FEF786FB266E0323334A0821916084F8DB
:10B230001D34A26FB368012A276F23F00103B360A6
:10B240007FF461AEB26B2D4B22F48032D4F89410AF
:10B25000B2630129F26803EA0203F360F36823F49E
:10B260004013F36003D1F36843F48013F360304676
:10B2700005F0F8FE012F05467FF453AE69E6BCF1F8
:10B28000000F3FF4E0AE42F00102C3F80028DCE614
:10B2900042F400129A63C3E69969194A0A439A6113
:10B2A0002CE718490020184A31636FF08041376B52
:10B2B0003A4332639861596112E70125DAE60125C4
:10B2C000CEE684F854549969C4F85C2441F00061D6
:10B2D0000E4A9961596D0A435A651CE74FF4007391
:10B2E00005A904480593CDE9065508F05DFD82E700
:10B2F000003802400000024000E100E0BFFFBDFF57
:10B300000400004000018000030001000300001061
:10B3100010B51A4C94F84508C0B9194B83F8B50517
:10B32000C3F8B80594F84838012B05D0022B21D07A
:10B33000D4F84C381BB910BD124BC4F84C38124924
:10B340005B68A1F10C00BDE8104018472CF0ECFA46
:10B3500094F847280A49003AC1F8B80518BF0122F5
:10B3600081F8B5250028DDD01F222021C2802CF0D5
:10B3700081FBD7E7054BC4F84C38E0E7002E0120ED
:10B38000100C0120840101205036012060010120B1
:10B3900099B10A6B824216D9154BD3F89428914281
:10B3A00021D34C3991421ED30B6B9842F9D38B6B4E
:10B3B0009842F6D80B46184670470D4BD3F89418B0
:10B3C0000A6B904212D30B680BB9F4E70A6B9042F8
:10B3D0000B4602D38A6B9042EDD951F84C3F002BBB
:10B3E000F4D1184670470023184670470A46D8E73C
:10B3F000002E01202DE9F047CC0143D1034622491C
:10B400004FF0FF32022443F8081B7E2642601846A4
:10B41000DFF878802644051D6FF07047D8F89898BB
:10B420004FF0010A013E494608E0A3421CD0631CCC
:10B4300045F8043C321B1C460435CAB10B6BA342D1
:10B4400002D88B6BA34204D22046FFF7A1FF01462E
:10B4500090B10A794B6B002AE7D1A34204D0E6D21F
:10B46000631C45F8042CE5E7631C45F8047CE1E720
:10B47000C8F89818BDE8F087321B631C494645F8A8
:10B4800004ACD8E78026C3E7F8FFFF0F002E0120A9
:10B490002DE9F04FDFF870810127574CDFF86CA1E0
:10B4A000DFF86C912DED028B9FED548A85B0FEB2D2
:10B4B000572118F8010B32462AF07CFA054600287D
:10B4C00000F0828003680122DFF848B14FF4005C8D
:10B4D000534518BFB3F1804FE060DBED5D7A0CBFE0
:10B4E00001230023F8EE677A04ED088A002B04F8A4
:10B4F000233CDBF8743114BF10464FF48070A9FB75
:10B500000313002144F80C0CDB0818F8010C44ED7F
:10B51000077A44F8083C04F8242C24F8182C24F862
:10B52000162C44F8041C44E905C12CF0FDF92061F7
:10B5300010B15723C67183716A7A42212CF046FA02
:10B54000DBF87421002128463BF0C2F914F8233CB3
:10B55000002B43D02A4B00222146284623603BF093
:10B5600083F828683BF00EFA834670B1002301216E
:10B57000042200930392CDE9011369466A7906F02B
:10B5800011FB6979584606F0DDFBE2684FF0FF35A4
:10B5900054F80C3C013E1B484FF4005C11682B44EE
:10B5A000F6B290F8E8008B6201220023B042CD622F
:10B5B0004A6124F8182C24F8162C44F8043C44E979
:10B5C00005C301D12AF0A4F901373834052F7FF4DF
:10B5D0006EAF05B0BDEC028BBDE8F08FDFF838E050
:10B5E000221DDFF838C021462846A360C4E900ECDC
:10B5F0003BF03AF8B5E700BFCC01002000000000A6
:10B60000CD0A0000A0010020A0360120000C00405F
:10B610001F85EB51081D0120050C0000C10D000025
:10B620000C480D4BD0F8BC1810B48A1E0B4C2231BC
:10B63000C0F8AC38B0F8DA381B01A4FB03C3DB0850
:10B64000A3F5B06322F8023F9142F3D15DF8044BB9
:10B65000704700BF002E0120E9CA0108CDCCCCCC38
:10B6600070B5084C251D2E4614F8010B20F068FB20
:10B6700028B10379B44205F8013BF5D170BDFF2331
:10B68000F8E700BFF83601202DE9F0471C4F0126EE
:10B690004FF03B094FF0000807F10805B24617F8D4
:10B6A000010B2CF041F9044690B180F80690C67168
:10B6B000FB7803F07F02012A17D013F0800F204699
:10B6C0000CD185F804802CF017FA85F805802C60E1
:10B6D00001360835052EE2D1BDE8F08785F804A0D3
:10B6E0002CF05CFA85F805A0F1E71B0605D40121D2
:10B6F00020462CF0BFF9FB78DFE72CF04FFAF6E795
:10B70000003701202DE9F047D1F800A088B00646A7
:10B710000C46504690461F46BDF840903BF032F92B
:10B72000002836D039464246054650463BF020F8C0
:10B7300020683BF027F96179237AC8B15F000A4697
:10B74000DB00602107F002074FF4807C03F0080360
:10B75000019103974FF400770493002301A9CDF8DA
:10B7600008900593CDE906C7FEF768FD237A617955
:10B770009B07284610D406F025FB284606F0E0FB80
:10B7800021686379002001F134027160D1183160C1
:10B79000D05008B0BDE8F08706F0D0F9EDE7374BA0
:10B7A000F0EE607AB3F8EE3007EE103ABAEEEF7AC8
:10B7B0002DE9F041B4EEC70A2DED048BF1EE10FA3D
:10B7C000DFED2F8AB0EE408AF0EE419A06DDF4EE0E
:10B7D000C70AF1EE10FA32D5B0EE478AB5EEC08A4C
:10B7E000F1EE10FA30DDF5EEC07AF1EE10FA2BDD55
:10B7F00027EE887A67EEE77AE8EE087A87EE279AEE
:10B8000000F10C0400F19C051E4E1F4FDFF88080F4
:10B81000B5EE408A44F80C6C44F8047CF1EE10FA62
:10B8200004DDB5EEC09AF1EE10FA10DC44F8088C95
:10B830003034AC42ECD1BDEC048BBDE8F081B0EE0D
:10B84000688AB0EE689ADBE79FED0D9AD8E70F4B58
:10B85000B0EE491AF0EE690A0421B0EE480A20461B
:10B8600044F8083CC4ED038AC4ED028AC4ED018AA1
:10B87000C4ED008A40F094FDDAE700BFA00100208B
:10B880000000000035B0030831B00308C911000002
:10B890001512000030B40023314D32494CF25034BF
:10B8A000C5F84039304AD1F8780904E0D1F8783940
:10B8B0001B1AA3420FD8D368DB03F7D4D16811F465
:10B8C000F9710BD1D06810F0010002D001230846B5
:10B8D000D36030BC7047032030BC7047D3689B07EF
:10B8E00005D5D5F8403943F02003C5F840391E4B43
:10B8F000DB68DC0605D5D5F8403943F01003C5F800
:10B900004039194BDB68980605D5D5F8403943F026
:10B910000803C5F84039144BDB68590605D5D5F83E
:10B92000403943F00403C5F840390F4BDB681A0671
:10B9300005D5D5F8403943F00203C5F840390A4B24
:10B94000DB68DB0505D5D5F8403943F04003C5F881
:10B950004039054B4FF4F9720120DA6030BC704772
:10B96000002E0120081D0120003C024001448842B5
:10B970000ED00346074810B4074C13F8012B04FB04
:10B9800000F0994280EA0200F7D15DF8044B70475D
:10B9900000487047C59D1C81930100012DE9F041CD
:10B9A000204C00234FF0050894F84B2904F6481763
:10B9B00004F64C1584F8442917F8010B5E1C20BBD3
:10B9C0002860032E05F104053346F5D194F8441997
:10B9D000D4F84C09C94301F001012CF03DF994F869
:10B9E0004419D4F8500981F00201C1F340012CF050
:10B9F00033F994F84419D4F8540981F00401BDE8EE
:10BA0000F041C1F380012CF027B92BF08DFF01210B
:10BA1000F3B2286010B180F80680C37128682CF05A
:10BA200029F8CEE7002E0120F0B5284C83B0B4F8F9
:10BA30005C59A4F85E59EDB994F858092BF074FFDD
:10BA400094F85929C4F86009003A18BF012284F813
:10BA5000642948B194F85A192B220029C28014BFD6
:10BA6000112101212CF006F8002003B0BDE8F040C0
:10BA70002CF0FAB894F8587900222B21384629F096
:10BA800099FF064638462BF04FFF00B10EB903B0C0
:10BA9000F0BD2B22C4F87C090221C280727A2BF0FF
:10BAA00095FF0B4AA4F88059314604F66810B2FBA2
:10BAB000F5F3C3F34F059BB20095FFF723FE002378
:10BAC000D4F86829136084F87939E0E7002E012062
:10BAD00040420F002DE9F84F264B002693F88C29A1
:10BAE00003F6831703F51A6483F882295FFA86FB4D
:10BAF0004FF0010917F8010F01360BEB090A49460F
:10BB00004FF000085FFA8AFA524629F053FF0546C3
:10BB100048B3387804F80E8C04F80D8C04F80FBC88
:10BB200004F8109C44F8045C2BF0FEFE022118B1CE
:10BB300080F8069080F807A06A7A2BF047FF0E4A3B
:10BB4000002128463AF0C4FE0C4B221D21462360FA
:10BB500028460B4BC4E901383AF086FD4246697924
:10BB600028681DF05DF9082E04F11C04BED1BDE863
:10BB7000F88F00BF002E012040420F00618E0208A6
:10BB8000B960020870B52C4C00222C4B022194F8AD
:10BB9000B80AC4F8B03AC4F8702AC4F8742AC4F8D1
:10BBA000782AC4F8AC2AA4F8B42A29F003FF0028A4
:10BBB00036D0234B0546016803F160005A7C12B170
:10BBC0005A6891422DD018338342F7D1002394F85C
:10BBD000B80AC4F89C5984F890392BF0A5FE08B136
:10BBE0000223C38000266A7A02212BF0EFFE314641
:10BBF0002846144A3AF06CFE134B144A2846C4F8FF
:10BC0000A039134B111FC4F8A869C4F8A4393AF03D
:10BC10002BFD324669792868BDE870401DF000B9F7
:10BC200070BD8A6A0B4801320B49D0F87431B3FBFE
:10BC3000F2F381F8A831C9E7002E012000FFFF00D0
:10BC40002C09002040420F00E1600208A4370120C7
:10BC50006D620208081D0120000001202DE9F04F4F
:10BC6000DFF85C8398F8BE4A2DED048B032C95B069
:10BC7000029000F2AE80DFF84C930022BD4B01270A
:10BC8000BD4E09F64C0589F87C28022C83F8F07D1E
:10BC90000FCE0FC50FCE36680FC598F8C43A2E6088
:10BCA00040F0F7819FEDB58AB0EE489A002BB44A78
:10BCB000B44B0EBF002101211346B34A0391B3498F
:10BCC000C9F85C28C9F8641879EE087ADFEDB06A23
:10BCD000B5EE007AAF4C28EE268ADFF8D0A2002518
:10BCE000C9F86038C7EE278ACDF81090FAFE688A46
:10BCF000FCEEE88A029BAB4265DD6F1C1AF8019BE3
:10BD000003215FFA87FB48465A4629F053FE064650
:10BD1000002800F0A88448462BF006FE606118B1A8
:10BD2000032380F807B08371727A02212BF04EFE54
:10BD3000039B002B00F0E181B8F8BC3A4FF6FF728C
:10BD400007EE903A944BF8EEE77AD3F87411FCEED4
:10BD5000E77A17EE903AB1FBF3F00244120CB1FB14
:10BD6000F2F2B2FBF3F307EE902A00209BB23146C9
:10BD7000B8EE677ADFED897A0090204667EE086AB0
:10BD800067EEE67AC4ED026AE7EE097AC4ED037A5B
:10BD9000FFF7B8FC002D00F0AB8161687D4B02E03D
:10BDA0009C4200F0A5815A6818338A42F8D10123D9
:10BDB00083F001030122042F3D46237404F118048B
:10BDC00004F8072C96D1DDF81090754EC9F88868F4
:10BDD000A1E0631FDAB2032A00F292800122654BD0
:10BDE000DFF8E09183F8F02D98F8C73A89F87C28BD
:10BDF000934200F0EB809A1E53425341082C08BF37
:10BE00000023002B40F0E280664E09F61C0598F8EE
:10BE1000C67A0FCE0FC50FCED6F800C03E1E0FC596
:10BE200018BF0126604B072CC5F800C089F8806850
:10BE3000C9F82C3800F26F81042C00F2C082002374
:10BE4000DFF884A10393534B0493584B0593DDE92A
:10BE50000232934240F3B1829DF80C300321059ADF
:10BE60005D1C089312F8016BEDB2059230462A462C
:10BE700029F0A0FD0446002800F0018130462BF097
:10BE800053FD049B586110B10323C571837198F869
:10BE9000BE3A204606932CF0E5F894F808B0034625
:10BEA000002800F0E88099F890280792002A40F0D6
:10BEB00039814768002F00F0E2809B6838460A937A
:10BEC0002CF056FA2A46032109902CF061FA00283A
:10BED00000F0D58099F8946825683548CAF89470C0
:10BEE000002E00F07C820022034603E00132B242C1
:10BEF00000F075821968B8338D42F7D1D6B276E278
:10BF00001C490022032B81F8F02D22D8DFF8B490D1
:10BF1000012389F87C38D9F88838FBB10121002247
:10BF2000029883F8251083F82400014683F8262020
:10BF30009A6248B12C331F4A1944084612F8011B73
:10BF400003F8011B9842F9D115B0BDEC048BBDE894
:10BF5000F08FDFF8709089F87C28DCE7164D174CDD
:10BF60000FCD0FC40FCD0FC42B6844F82039C9F88A
:10BF70008848E9E798120020DCC8040828293038EE
:10BF800029400308B56202082D400308A164020895
:10BF90006F12833A2C090020081D012000007A440A
:10BFA000EC09002094C80408D9720408C93801209B
:10BFB000380A0020C038012070C80408F038012079
:10BFC000002E0120A0010020581A0020002798F818
:10BFD000C63A029ADB1B744DC9F8842818BF0123A6
:10BFE000724E88F8204B89F8803888F8ED7ADFF8AF
:10BFF000F0A10FCD0FC60FCD0FC62B6839464FF4F9
:10C000004C726B4846F8803940F01CF8694B03933A
:10C01000D9F88438BB4269DD039B13F8014B2046F5
:10C02000039329F04DFD054620462BF07DFC95F845
:10C0300008B099F8802804460BF00105013588F80E
:10C04000EC5A0AB18BF0010B002C00F08C80A27925
:10C0500012F0BF0F24D058490122584BC9F80418D8
:10C060000021C9F8FC37564B88F8ED2AC9F800388A
:10C07000C9F888184FE799F89038002B52D14E49EB
:10C0800000234F4AC9F83418C9F83028C9F888384D
:10C0900041E7032C77D19FED4B8A9FED4B9A05E644
:10C0A0006D0120462BF0FAFE013745F001014FF0FB
:10C0B0000303CAF80C40CAF804008AF810B0CAF8A2
:10C0C0001410E771A37120462BF0D4FC1BF0010F74
:10C0D00020460FD02BF010FDDAF80C30042F0AF1B7
:10C0E000200A06F1180646F8043C91D12F49BFE713
:10C0F00000235DE62BF052FDEEE7344B18EE902A5C
:10C10000D3F874114FF6FF73B1FBF2F21A44120C1C
:10C11000B1FBF2F227E6082C7FF491AE2C4BC9F864
:10C120008C388CE66769002FA9D0A36938460A933A
:10C130002CF01EF9274B2422451E099002FB0535E1
:10C1400095F8C831382B00F0CB8120683AF02EFCEE
:10C15000024638210998D2B22CF01AF900288ED064
:10C1600000230793B6E66D0120462BF097FE0137BA
:10C1700045F00101CAF80C40CAF804008AF810B072
:10C18000CAF814109FE7002C40F0BA820B4B124AF9
:10C190009FED128AC9F85C38B0EE489A084B0397B5
:10C1A000C9F8642890E500BFB8C804088C090020CD
:10C1B000D81C0020C9380120254003082D40030861
:10C1C00029400308ACC5A737ACC5A736081D012018
:10C1D0009940030800000120A16402086F12833A0D
:10C1E0000820002099F89028CAF85430002A00F05E
:10C1F0008A819B46DAF89830C3F8A870CAF8947020
:10C20000079B002B00F0D6810AF118000D9005F075
:10C21000CBFA99F890380D98002B00F0B481CE49F4
:10C220004FF4907322684FF0030C03FB0613DAF807
:10C2300098104C32C1F8B030CAF81C300A9BCAF8CA
:10C240001820CAF83C30CAF848C0069B40214FF479
:10C25000806C082B4FF00403CAF820104FF4805173
:10C26000CAF844304FF000030CBF06221222CAE97C
:10C270001333CAE909334FF40033CAF838204FF4B6
:10C280008042CAF84030079BCAF83420CAE90BC183
:10C29000002B00F052819DF82C30CAF89470022BCC
:10C2A00000F20D81AD4AAE4902EB8303069AD3F842
:10C2B000E433082AB1FBF3F308BF5F2203F1230341
:10C2C00018BF1322CAF85C30DAF8983050469A80CA
:10C2D0003AF072FF99F890380BB1079B33B909987F
:10C2E00090229AF811309F493CF08CFA18EE102AEF
:10C2F0005946284605F076F8BBF1010F00F015818C
:10C30000BBF1040F00F0F780BBF1100F00F0B58116
:10C31000BBF1400F00F0C681BBF5807F00F0D081FB
:10C32000BBF5806F00F0D481BBF5805F00F0D88151
:10C33000BBF5803F00F0DC816A6D05F11800082331
:10C3400042F400626A6588490422884FC95CFF5C38
:10C350000B58BA4023EA02030B502B6843F0010349
:10C360002B600C9B002B00F0DB802B6A43EA8B03D5
:10C370002B62089B9E420BD16B6C43F400436B64B1
:10C380002B6843F080032B602B6843F001032B6084
:10C3900099F88038002B40F0EF80039A012304992C
:10C3A0000AF1A00A01320AF8913C4B7401F118031A
:10C3B000042A039204937FF44AAD6D4B66E698F825
:10C3C000C53A6C4A012BC9F88C2805D0022B08BF4E
:10C3D000002F0CBF0123002389F890382FE5B823E4
:10C3E000721C03FB069389F89428C3F89858B82365
:10C3F00099F89428089906FB0303013A8AF811106A
:10C40000CAF89830207908922BF08EFA0BF00101CF
:10C4100099F8803801310BB18BF0010B4901CAF852
:10C42000084041F00E01CAF81410627A2BF0CEFADF
:10C43000089B9E4200F0CF80069B063B0B93002397
:10C4400060220AF16401CAF8803008EE101ACAF8B6
:10C450006420CAE91A33CAE91C33CAE91E331BF047
:10C4600002030C934FEA4B032ED0012203F0020388
:10C47000CAF86C20CAF87830002302224FF48030CA
:10C480000A21CAF87030CAF88410CAF89020CAE9A4
:10C49000220362790C2A3FF6A5AE304B99F890182A
:10C4A00003EB8203D3F8F0B3CAF854B000297FF449
:10C4B000A1AE2A4B03EB4202B2F8241425E08D23EF
:10C4C0001322CAF85C30FFE601214FF4807203F0BA
:10C4D0000203CAF86810CAF87C20CAF87430CBE7A7
:10C4E00020683AF063FA95F8C93183427FF42DAEA3
:10C4F00001230793EEE4AA6905F11800012342F035
:10C500000802AA611FE793461146DAF89820AAF8B4
:10C510000C10B2F8B43023EA0103A2F8B4306FE68D
:10C520002B6A43EA0B032B6223E7AA6905F1180083
:10C53000002342F00802AA6105E7FBB21821024677
:10C5400027F0FF00103BB3FBF1F105F03FF93B682A
:10C5500043F010033B609EE6F80F002030C404084F
:10C5600000D01213212200001CC9040810C90408BD
:10C57000BC090020CD40030823684FF6FF716279A3
:10C580003433995009E70A9A5821DFF8A0C1CAF854
:10C590003C20039A01FB02C12268CAF84830CAF85D
:10C5A0009C1002F13403CAF81C1062791344CAF8D3
:10C5B00018304AE63A68FBB2182127F0FF0022F053
:10C5C0000102103B3A60B3FBF1F105F045F909981F
:10C5D0003CF03EF918E600224FF0FF311346ADF86B
:10C5E0003C20109212928DF84C201191474A52F83B
:10C5F000332095425ED001330E2BF7D10020069BED
:10C600009A1F0B92FDF74CFA2B6841499DF82C209C
:10C6100023F00103D1ED5D7A022A2B60F8EE677AF0
:10C6200033D83C49DFED3C6A01EB820292EDF97AA6
:10C63000B8EE477A87EE870A30EE260A3DF0F8F921
:10C64000069B0138082BADF83C0014BF13225F2273
:10C6500000230FA92846119212938DF84C301093A5
:10C6600005F026F8EBE6DDF810902C4A2C4BC9F8C3
:10C670006428C9F86038FFF7A9BBAA6905F118005A
:10C68000022342F40062AA615DE69FED267A9FEDE7
:10C69000220AA7EE870A3DF0CBF901381322ADF844
:10C6A0003C00D5E7AA6905F11800032342F008020F
:10C6B000AA6148E6174A02EBC30393F878039EE7A2
:10C6C000EA6905F11800042342F00802EA613AE63B
:10C6D000EA6905F11800052342F00802EA6132E632
:10C6E000EA6905F11800062342F40062EA612AE6CD
:10C6F0006A6D05F11800072342F008026A6522E618
:10C700009FED098AB0EE489AFFF7D0BAA4C7040893
:10C71000081D012030C404080AD7233CBD63020869
:10C7200029400308FCF4B2346F120339F8180020D2
:10C7300070B5524E96F8D4082BF0F6F896F8D55806
:10C7400060B12D2304462021C3802BF093F90A20E9
:10C750002AF0D6FF20462BF097FB18B9D6F8243BD9
:10C76000DA0000D570BD013D092DFBD896F8D348FD
:10C77000CCB9402024F002FA0028F3D090F904301C
:10C7800096F8A518092BC8BF143B0A29334493F81F
:10C79000284B66D093F8343B96F8D228002A08BF7D
:10C7A0001C46002CDED020462BF0BEF8054608B112
:10C7B0002D23C380012128462BF05CF90121084676
:10C7C0002BF094FA012128462BF046FA3C202AF05F
:10C7D000A3FF002101202BF089FA96F8D5381BB36E
:10C7E00000240021013408462BF080FA00210220A9
:10C7F0002BF07CFA002128462BF02EFA78202AF024
:10C800007FFF012100202BF071FA012102202BF083
:10C810006DFA012128462BF01FFA78202AF070FFCC
:10C8200096F8D5389C42DCDB96F8D3388BB9D6F82D
:10C83000D43803F0FF13B3F5803F93D1D6F8243BEF
:10C8400013F080538ED186F8D538BDE8704033F0B0
:10C85000E5BF32202AF060FF284600212BF00AF9BC
:10C86000E5E7D6F84C3B5B057FF57CAF0BF098FD18
:10C8700000287FF477AF002C95D173E7002E0120BC
:10C88000344870B490F8503BA3F13001092958D8CE
:10C8900000F5356400F65F30224612F8015FA5F11D
:10C8A0003001092904D88242F7D1002070BC7047BA
:10C8B000141B022C4BDD2848002101E010F8013B3D
:10C8C00001EB8101161A044603EB4103022EA3F18A
:10C8D000300303F0FF01F1DC204B03FB01F1A24226
:10C8E0004FF000030ED903EB830314F8016B5B00D8
:10C8F000A242A3F13003334403F0FF03F3D11848FD
:10C9000000FB03F32E2D06D01648A0FB032370BCBA
:10C9100001EB9300704701320425002404EB8404EA
:10C920001078013D303864000928A4B2204401D8B1
:10C93000013284B215F0FF05F0D1642202FB04330A
:10C94000E2E700211D4600F535620B46DAE70021DB
:10C95000054CC4E7002E0120513901208096980033
:10C9600040420F00ABAAAAAA5039012038B50D46A3
:10C970000446FF2100682A463FF064FB22682A44EF
:10C98000226038BD0C461646054683B524F0C2F831
:10C99000204624F0BFF80021204B0846002E08BF97
:10C9A0001E462BF0A3F9002101202BF09FF9284609
:10C9B0002AF0FCFEB0B1012100202BF097F92846A7
:10C9C0002AF0ECFE074620462AF0ECFE0028FAD0BA
:10C9D000394620462AF010FF3846B0470021084665
:10C9E0002BF084F920462AF0E1FE0028DFD0012157
:10C9F00000202BF07BF920462AF0D0FE0146284685
:10CA000001912AF0CFFE01990028F8D028462AF09B
:10CA1000F3FE002108462BF069F9C8E71DC502089E
:10CA2000F0B500228DB0DFF8ACE007AF13460A6125
:10CA3000BC46C1E90022C1E90222D0E90020C2F3CC
:10CA4000056646FA03F46546E40704D513F80E407C
:10CA500005F8014BAC460133062BF2D11B4DC2F356
:10CA600003240023C2F3073E2C5D0DF125068CF84C
:10CA70000030DFF864C08DF824404EFA03F43546E8
:10CA8000E40704D513F80C4005F8014B2E4601339A
:10CA9000082BF2D10025C0F3435CC0F34343C0F33D
:10CAA0004F0435700846C2F3035509A90097039453
:10CAB000CDE9043CCDE9011502F00F030449C2F3AE
:10CAC000031233F0E1F80DB0F0BD00BF10190508F6
:10CAD000E8180508181905080419050870B5094C67
:10CAE0000546D4F8602B62B1002601362D21D4F81A
:10CAF000600B2CF06FFBAE42F7DBBDE870402EF010
:10CB0000CDBD70BD002E0120074B4FF47A704FF45D
:10CB1000FA6103F1140223F8040C043323F8061C11
:10CB20009342F8D1704700BF6839012070B5214D9C
:10CB3000D5F8883893F82620D2B11B699847E0B120
:10CB4000D5F8883893F8242082B11B4E00241A1996
:10CB5000E0B29B69013492F82C10B6EC010A9847B8
:10CB6000D5F8883893F824209442F0DB5B69984725
:10CB7000124C94F8042E332A00D070BD95F880280A
:10CB8000002AFAD0D5F8882892F82420042A1646DC
:10CB9000A8BF0426002AF0D0002504F608642B461E
:10CBA000013518463AF0E0FA44F8040BEBB29E4225
:10CBB000F6D870BDA00100208C2000209812002023
:10CBC00038B51E4C0968D4F87C5B0068491B1C4DC5
:10CBD000DFED1C6A00EE901AD4F8781BD5EDFB7AD5
:10CBE0001C46F8EEE00A401A60EEA70A07EE900A2B
:10CBF000F8EEE77A20EEA07AB1EE670AA7EEA77A00
:10CC0000F1EEC77A67EEA67AFCEEE77AC2ED007A1B
:10CC10003FF0B2FB9FED0C7ADFED0C7AE0EE077A85
:10CC2000FDEEE77A17EE902A002A02DBC4ED007AC7
:10CC300038BD48F6A0431344236038BD002E0120C0
:10CC4000000001202C7D8E3FA00CB34500A00C46B7
:10CC500038B50F4C034694F8971B04F5396084F8F7
:10CC6000933B01F03F0101F10A058B1C083184F868
:10CC7000925B254484F8953B16F0AEF985F88E0B4F
:10CC800094F8923B000A1C4484F88F0B38BD00BF17
:10CC9000002E012028499FED296AB1F9B80BB1F99E
:10CCA000CC3BB1F9BA2BB0F5617FA0EB030307EEE3
:10CCB000903AB1F9CE3B10B4A2EB0303204CF8EE4E
:10CCC000E77AD4ED005A07EE103AD4ED016AD5EEBA
:10CCD000867A66EE866AB8EEC77A20DD9FED196A1D
:10CCE00037EE667A77EE867A02F548729FED166A1D
:10CCF000164B92B25DF8044BD3ED066AB2F5C86FDD
:10CD0000D3F8842026EE877A88BFF0EE467A5A65FB
:10CD100083ED147A66EEA77AC3ED137A704710F5A7
:10CD2000617F06DA9FED076A37EE667A77EEC67A9C
:10CD3000DAE736EEC77AD7E7002E01200000E1439C
:10CD4000C02000200000E14400000000D4200020AA
:10CD50001C4991F8502B9AB3F0B40026054633468F
:10CD6000304637461BB991F8504B2D2C22D02E2A35
:10CD700018D0CA1800EB800092F8504B4000A4F184
:10CD80003002092A02D8A0F13002A0180E2B14D8C4
:10CD90000133CA1892F8502B002AE3D106B1404261
:10CDA000F0BC70470133002DF8D0CA182A4482F82D
:10CDB000507BDEE701231E46EBE70020F0BC704706
:10CDC00000207047002E012010B51C202AF0ACFD79
:10CDD000044611212AF04EFE20462AF08DFEC8207E
:10CDE0002AF09AFC2046BDE810402AF0D7BE00BFCA
:10CDF00008B500202AF098FD054BC3F8D00B08B108
:10CE00002A23C3804021BDE808402AF033BE00BF7A
:10CE1000002E0120F8B56A4CD4F834110B699E0736
:10CE200002D5CB689D074BD40B69580702D5CB6858
:10CE30005A073DD40B691B0702D5CB681F072FD4B7
:10CE40000B69DE0602D5CB68DD0621D40B69D80755
:10CE500002D5CB68DA073FD40B691B0603D5CB6834
:10CE60001F0600F191800B69DE0503D5CB681D0616
:10CE700000F18E800B695C0603D5CB68580600F183
:10CE80008B800B699A0602D5CB689B0620D4F8BD2F
:10CE90006FF0100200230A61CA6984F85031D5E7A7
:10CEA0006FF0080200230A61CA6984F85031C7E7AD
:10CEB0006FF0040200230A618A6984F85031B9E7EF
:10CEC0006FF0020200230A618A6984F85031ABE7EF
:10CED0006FF020030B61F8BD3A4B6FF001029942ED
:10CEE0000A61B9D141F204133748C558D5F8143254
:10CEF000002BB1D1354FD7F8D42B92B1D0F858C60A
:10CF000002F03F066244C0F85826D0F85826B2F521
:10CF1000006F01D1C0F858360023C7F8D43B002E6B
:10CF200044D0D0F85826D0F85C369A4294D0D0F845
:10CF30005826D0F85C369A4232D9D0F85866C6F5F1
:10CF40000066D0F858C6B6F5007F214A28BF4FF4D6
:10CF50000076D5F814326244C5F81062C5F808228C
:10CF6000002B7FF479AF012341F21C11C0F8A46EAD
:10CF7000C5F8143233464058812105F067FCD4F8D7
:10CF80003411C7F8D46B67E76FF080030B616AE771
:10CF90006FF480730B616DE76FF040030B6170E716
:10CFA000D0F85C66D0F85836F61ACAE7D0F858269A
:10CFB000074BC5F810621344C5F808324CE700BFB0
:10CFC000081D012000140040100C0120002E01203B
:10CFD0008412012070B5D0F8A852C1EBC1000C46F4
:10CFE000002605EB80001C21C0F80822C0F8103292
:10CFF00080F8FC41C0F8146280F8FD612B6901FBE8
:10D000000451012B01F5FE7108BFC0F80C22DAB201
:10D0100028681CB904F06CF8002070BD04F0F4F826
:10D02000002070BD0E4841F20413C35810B5A3B1DF
:10D0300090F8844E00F67460D3F8042234B10024D2
:10D0400040230121FFF7C6FF204610BD4FF40073B7
:10D050000121FFF7BFFF204610BD0224204610BD6E
:10D06000100C012010B50C4CD4F8603663B10B499C
:10D07000013BD1F8D82BC4F8603612F8014BC1F847
:10D08000D82B047013B10123184610BDFFF7CAFF57
:10D090000123184610BD00BF100C0120002E0120F6
:10D0A00013B5074CD4F8D83B03B9FEE701A8FFF746
:10D0B000D9FF0028F6D09DF8040002B010BD00BFD3
:10D0C000002E012010B50B68064C074AC4F86036E4
:10D0D000C2F8D80B0BB1002010BDFFF7A3FF002052
:10D0E00010BD00BF100C0120002E012038B5D0F873
:10D0F000A84201F00F03626893422BD80A062BD492
:10D100001C25C1EBC102002005FB014104EB82029A
:10D1100001F5FE7182F8FD0101220B708A7094F80E
:10D12000BC03904216D084F8BC234A782068012AB8
:10D1300009781DD000F5306202EB41121568002D10
:10D1400000DBF1B9116841F4001111601BB3002339
:10D1500084F8BC33002038BD1C21C3EBC30201207E
:10D1600001FB034104EB82023C3182F83D00D3E72E
:10D1700000F5106202EB411215680029E2D0002D83
:10D18000E0DB116821F080411160116841F4001169
:10D190001160002BDBD104F57172217C03F07CFF60
:10D1A000D5E700BF10B504468021FFF79FFF00219F
:10D1B0002046BDE8104099E711F0800F01F00F0103
:10D1C000F0B4D0F8A8424FF01C0042D1C1EBC10529
:10D1D00000FB0140002604EB850500F5FE7085F894
:10D1E000FD61457801708360C27005B1C180022A7B
:10D1F00001D10023037194F8BC33012B1AD0012212
:10D20000236884F8BC234178057891422CD003F53B
:10D21000006605F00F0103F530638A40F16903EB06
:10D22000451341EA0242F2611A68120405D500234F
:10D2300084F8BC330020F0BC704782681D68C2F3DC
:10D240000A02C07818492A4342EA80421143196011
:10D25000EDE7C1EBC105012600FB014004EB8505AC
:10D260003C3085F83D60BCE705F00F06D3F81CC8DC
:10D2700003F5106203F50067B14002EB451241EA85
:10D280000C01F96113681904D1D483681668C3F3DB
:10D290000A03C0780449334343EA804343EA855391
:10D2A00019431160C3E700BF008000102DE9F04F63
:10D2B000854D83B02C6E636913F0010B02D003B06F
:10D2C000BDE8F08F6269A3691A42F8D06369A26968
:10D2D00013409E0703D5636903F00203636163692A
:10D2E000A2691340180379D4204643698269134028
:10D2F000590300F1D480426983691A4200F1B98070
:10D300004369826913401A0508D5D4F80838DB0749
:10D3100000F15383436903F4006343614369826905
:10D3200013401F0110D5436903F00063436195F872
:10D330005434002B40F04A82012385F85434436D65
:10D34000C3F38303C5F85834436982691340DE048C
:10D3500000F1D3814369826913409A0400F1768118
:10D36000436982691340DB0612D5836923F01003F9
:10D370008361236AC3F3434203F00F01022A00F0E2
:10D38000E582062A00F05E82836943F01003836120
:10D390004369826913401F0700F10D824369826966
:10D3A0001340DE0200F102824369826913409C024D
:10D3B00000F1F781436982691340590000F1EC8163
:10D3C0004369826913405A077FF579AF4468630760
:10D3D00000F1E78243681C43446070E7D4F81868A2
:10D3E000D4F81C381E40360C3FF47EAF374B204635
:10D3F0000027CDF800B0994606E0760807F101074E
:10D4000009F11C0900F03282F107F6D5F9B200F5F6
:10D41000306A0AEB41129268D0F8143802EA030825
:10D4200018F0010F40F0288218F0080F40F05C82DD
:10D4300018F0100F05D004F53063102203EB4713EA
:10D440009A6018F0200F09D0296F012900F0568347
:10D4500004F53063202203EB47139A6018F4005F51
:10D46000CBD004F530634FF4005203EB47139A60BE
:10D47000C3E7D4F8043823F00103C4F8043895F85E
:10D480005434012B00F0B781D5F8603493F875223D
:10D4900083F87422436903F00043436130E7D0F816
:10D4A0001838D0F81C2803EA02081FFA88F8B8F1E7
:10D4B000000F3FF420AF054E4FF0000A04F510674F
:10D4C000CDE9004B0CE000BF100C0120700C0120D6
:10D4D0005FEA58080AF1010A06F11C0600F0C9814A
:10D4E00018F0010FF4D05FFA8AF9D0F81028D0F8BC
:10D4F000344800F5106309F00F0103EB4913CC40E9
:10D500009B68E401E4B214431C40E20732D54FF0BB
:10D51000010E009B0AF00F0C07EB4A12D3F83418E7
:10D520000EFA0CFC21EA0C01D5F870C0F445C3F8E2
:10D530003418C2F808E003D1D6E911231344B364C8
:10D54000D5F860B4B9F1000F40F0E681DBF86C3239
:10D55000022B00F0D88233F0040300F01A839BF80A
:10D560007832012B02D100238BF87832BCF1010F05
:10D5700000F0F182230703D507EB4A1308229A60D3
:10D58000E10603D507EB4A1310229A60620603D521
:10D5900007EB4A1340229A60A30703D507EB4A130F
:10D5A00002229A60210693D5D6E91441A1428FD870
:10D5B000621A736C00EB4A1C93420CF5106C28BF86
:10D5C0001346DCF81820033392B2B2EB930F2ED33C
:10D5D00009F10109864600EB09393CB3A14280F00C
:10D5E000C682621A736C95F870009A4228BF1A4678
:10D5F000B36C02F1030B4FEA9B0B70B990B203308E
:10D6000080080AD003EB800153F8040B8B42C9F861
:10D610000000F9D1B36CD6E91441DCF818001344CA
:10D62000114480B2B36471658345D6D97046A14276
:10D63000FFF44EAF0AF00F010124D0F8342804FAA9
:10D6400001F122EA0102C0F8342841E7D0F80019BC
:10D6500000F50063B84A0A40C0F800299A6802F051
:10D660000602042A00F0CB805A6842F480725A60A5
:10D670009B6813F0060340F0AA81C268EB6622F4AF
:10D680007052C260C36843F41053C3604FF0000986
:10D69000D5F860644FF04008002201274346304629
:10D6A0001146FFF789FD4346002230468021C6F827
:10D6B0004471C6F85081FFF77FFD0023D6F8A02201
:10D6C000B761C6F8248086F87472C6F86C3273604D
:10D6D000C6F87C32002A00F0EC81D6F88C32304655
:10D6E00000215B689847D5F86034286E83F8109065
:10D6F000436903F40053436132E6D4F804284FF43D
:10D70000846104F500678D4B22F001027A600161AB
:10D7100001E0013B02D002699106FAD4D5F864C059
:10D72000BCF1000F16D004F510634FF67F319960FD
:10D730000BF1010B1A682033E34522F4001243F881
:10D74000202CC3F8E811D3F8E02122F40012C3F82A
:10D75000E021ECD1FB69D5F8902043F00113FB6187
:10D76000002A3DD17A6942F22B0313437B613B6966
:10D7700043F00B033B61D4F8003895F8701023F4A4
:10D78000FE636F4AC4F8003803F086FC286E4369D4
:10D7900003F480534361DDE5436903F08043436153
:10D7A0000EE6436903F40013436103E6436903F49F
:10D7B00080134361F8E5D5F8603493F87422032AA6
:10D7C00037D0436903F008034361E7E5D5F86034D7
:10D7D000042193F8742283F8741283F87522B3E558
:10D7E000D7F8843043F00B03C7F884307B6C43F0E8
:10D7F0000B037B64BFE7002385F854344AE6D0F876
:10D80000002942F00302C0F800295A6842F48072ED
:10D810005A609B6813F0060340F0D980C368002269
:10D8200023F47053EA66C360C36843F41053C360C3
:10D830002CE7D3F88C22D269002AC2D01846904730
:10D84000286EBEE7C1EBC10104F58054C3F30A138F
:10D8500005EB81022668D2F87412C5F824640B44E3
:10D860002168C2F87432C5F828148DE5DDF800B0DF
:10D870003BE5DDE9004B3EE504F530634FF0010C7C
:10D880002A6F0AEB471A03EB471B6245CBF808C027
:10D89000D0F840E0DAF8083000F01681294A9645C1
:10D8A00040F0FB801A0440F1F3804FF4004218F07E
:10D8B000080FCAF808203FF4BBAD026CDAF8080084
:10D8C000204B9A4200F0D0801D49D5F860040192A7
:10D8D00005F0B4FE1C4B019A9A4200F2D080082257
:10D8E000286ECBF80820A3E57B01296F026C03F5B5
:10D8F000306A012904F53061824401EB030BDAF848
:10D900000800DDD1104B9A4200F2AE800C49D5F8E8
:10D91000600405F093FEE2E7DBF88C325B69002BD4
:10D920003FF428AE9BF87422032A7FF423AE5846B6
:10D9300049469847286E1DE600F8FFFF400D03009A
:10D94000341001200A31544F0A30544F47F6F07218
:10D9500013423FF419ADC3F30A16C1EBC1024FEAFB
:10D96000C10C3346033605EB8202B608D2F86822B2
:10D9700008D004F5805402EB8607266842F8046B51
:10D98000BA42FAD1ACEB010205EB8202D2F868424E
:10D99000D2F874121C440B44C2F86842C2F87432C4
:10D9A000F2E4D5F860040122D0F88C3280F87422B9
:10D9B00001795B689847286E0CE5D5F8603404213E
:10D9C00093F8742283F8741283F87522A2E423F08A
:10D9D0000403002B3FF422AFA74A0326A74BD2F83B
:10D9E0007421A7491344EE668B4240F2C280A54BD6
:10D9F000A54913448B4240F2D480A44BA44913445C
:10DA00008B4240F2F380A34BA34913448B42C0F0F6
:10DA10002481A24BA24913448B4240F22181A14BA5
:10DA2000A14913448B42C0F01E81A04BA04913446E
:10DA30008B42C0F01E819F4B9F4913448B42C0F024
:10DA400015819E4B9E4913448B4234BF4FF4E053E3
:10DA50004FF4C053C2684FF0010922F47052C26003
:10DA6000C2681343C36013E6000403D54FF40042B9
:10DA7000CAF808209349D5F8600405F0DFFD296F46
:10DA800001297FF42CAF8F4A286E03F005FB26E7AF
:10DA90009B0602D52023CAF80830C1EBC103D5F894
:10DAA000600405EB8303D3F8682205F0B3FB286E0E
:10DAB000BAE4D6F89032002B7FF40FAED6F8983245
:10DAC000002B7FF40AAE0EE61A0755D57E4A96451E
:10DAD00005D9190403D54FF40043CAF80830794931
:10DAE000D5F8600405F0AAFD764A0121286E03F0FE
:10DAF000D3FA0823286ECAF8083095E4714A03F077
:10DB0000CBFA286EA4E4DBE908239A4259D8DBF863
:10DB10001C10B1FBF3F203FB12120AB98B4268D955
:10DB2000DBF88C32DB682BB19BF87422032A01D11D
:10DB30005846984780215846FFF7D8FA0023052217
:10DB400058461946CBF86C221A46FFF743FAD5F827
:10DB500070C0286E03E5D5F8B0305AEA03037FF4AD
:10DB600009AD6146574A03F097FA286E02E5704600
:10DB700060E54FF470536DE79A0615D52022CAF878
:10DB8000082018F0080F3FF453AC026CDAF80800D4
:10DB9000B8E680215846FFF7A9FAD5F870C0286E7C
:10DBA000DDE44FF4605355E713F0280FE9D1464AFE
:10DBB00096452CD91B042AD54FF40042CAF80820F8
:10DBC000DFE7D31A4946D5F8A820DBF8A802CBF83E
:10DBD00020309BB204F03AFE4B464A46494658462E
:10DBE000FFF7F8F9D5F870C0286EB8E44FF4505339
:10DBF00030E7DBF87032994292D24B464A464946AA
:10DC0000DBF8A80204F022FECBF87092E4E7DAF821
:10DC10001020C1EBC100D9F80432C2F3120CD9F8BC
:10DC2000082205EB80001A44A3EB0C03C9F8082274
:10DC3000D0F86822D5F86004C9F8143205F0EAFA81
:10DC4000D5F870323B437FF432AF1E4A0121286E73
:10DC500003F022FA286EFFF7E7BB4FF44053F9E6D2
:10DC60004FF43053F6E64FF42053F3E64FF40053ED
:10DC7000F0E64FF41053EDE6081D0120405327FF56
:10DC8000FF340C00401E1BFF3F420F0000DC0BFF67
:10DC90007F4F1200808CF9FE20D6130060B6E5FE9F
:10DCA0005FE3160000D3CEFE40771B00C05BB3FEDF
:10DCB000C091210000CA91FE20753800E05459FE41
:10DCC000E09C4100341001200A30544F2DE9F0410E
:10DCD0004FF0FF35324A002332482C4603E001332F
:10DCE00010320B2B14D0917A0429F8D103F5B171BD
:10DCF00000EB0111C979CF07F1D4661C116801D07E
:10DD0000A942ECD21C4601330D4610320B2BEAD14E
:10DD1000631C02D10120BDE8F081224D04F5B177EA
:10DD200005EB07139988E9B92601DFF88480AA1961
:10DD3000D8F84C3841F218601B491E69002310586E
:10DD400001EB4421194AB047E0B1022817D141F252
:10DD5000CC6205EB071701210020AB58B971013BDC
:10DD6000AB50D8E7DFF8488005EB041241F21860A9
:10DD70002601D8F84C381058DB689847D7E70020C0
:10DD8000BDE8F08141F2CC62032405EB071741F2B4
:10DD9000D061AB58BC710124013B6C54AB50BAE765
:10DDA000487501202C5F0120445F0120CDDD000873
:10DDB000002E0120044B41F2E472995C09B9012163
:10DDC000995401225A7070472C5F012070B50024CD
:10DDD000164D41F2D066164B2046AC5503E001309B
:10DDE00010330B2814D053F80E4C8C42F7D11C780A
:10DDF000032CF4D16AB10F4B03EB40239A4201D0BC
:10DE0000FFF7D8FF00F5B170012305EB0010837117
:10DE100070BD41F2CC6100F5B17304206A5805EB86
:10DE20000313013298716A5070BD00BF2C5F01204E
:10DE300052750120445F012038B50020114B9C7BB6
:10DE400014B11D688D4204D0013010330B28F6D177
:10DE500038BD82B10C4B03EB40239A4201D1022C16
:10DE600001D0FFF7A7FF00F5B170084B012203EBCB
:10DE70000010827138BD00F5B170044B03EB001047
:10DE8000827138BD44750120445F01202C5F012060
:10DE90002DE9F04F83B002F0020C019310B9BCF1F0
:10DEA000000F60D1844C41F638056559002D61D1D1
:10DEB0004FF0FF36814F0025B146B046B2463B6871
:10DEC000984200F0BE8097F80EE0BEF1000F62D0DD
:10DED000BEF1010F15D105F5B17E04EB0E1E9EF8C3
:10DEE00007E01EF0010F0CD11EF07E0F09D15FEA92
:10DEF000DE1340F0B080D7F808E0F24501D9F246D1
:10DF0000A946013510370B2DD9D1751C04D1B8F1B4
:10DF1000FF3F00F0A780464641F2C86806F5B1779A
:10DF200004EB061E41F21C6A54F808504FEA071928
:10DF300041F2186B01354EF80B0044F8085004EB21
:10DF400007184EF80A5044F809500025C8F8045044
:10DF500004EB0715AD79042D00F2A980DFE805F088
:10DF60002139163955000225FFF724FF284603B052
:10DF7000BDE8F08F04F5C25741F63C063F68A6594C
:10DF800007FB0565A84293D3FFF714FF0025284639
:10DF900003B0BDE8F08F2E46013510370B2D8ED122
:10DFA000B3E712F0010E6FD104EB0710019BD510FF
:10DFB00090F80780032B65F3C71880F8078061D9B4
:10DFC0004FF6FF70834228BF03469BB204EB071055
:10DFD0008380BCF1000F18D004EB061041F21863E7
:10DFE0000344987B042810D041F2C86C41F2CC6500
:10DFF0004FF0040E54F80C00013044F80C00586047
:10E0000083F80EE0635901336351500705D504EBE3
:10E010000710C37943F00103C371D30608D504EB9D
:10E020000714E379C3F34502013262F34603E37157
:10E03000234B012503EB462628460E6003B0BDE8BE
:10E04000F08F05F5B17704EB07164FEA071EB67996
:10E050006EB92E4660E7A846013510370B2D7FF4C8
:10E060002EAF52E7B9F1FF3F90D04E4654E741F250
:10E07000C8682E4654F80850013544F8085044F852
:10E080000E5065E77346A1E70E4A00230C49D2F80B
:10E090004CC801EB46210C4ADCF80860B047002868
:10E0A0003FF474AF04EB07140223A3715EE702256B
:10E0B000FFF780FE5AE700BF2C5F01204475012066
:10E0C000445F0120002E012039DE0008F0B5154D17
:10E0D00083B00E462B78022B0FD14FEA102CC4B21E
:10E0E00041F630070023012201A9E8596044FFF7F7
:10E0F000CFFE012806D003B0F0BDC0F3D41C00F061
:10E100007F04EDE72B78022B019B04D133F8143008
:10E11000336003B0F0BD53F8243023F07043336014
:10E1200003B0F0BD2C5F012010B5144602070B466A
:10E1300010D50B4941F2C472581C8B58834204D34A
:10E1400005D100230120236010BDFFF733FE2060BE
:10E15000012010BD21461846BDE81040B6E700BFBB
:10E160002C5F01202DE9F0410D46416882B0044644
:10E17000C1F308032B44B3F5007F58D390F91A304C
:10E18000591C0AD0304A03F5B173FF2102EB031387
:10E19000DA796FF30002DA71817694F91B305A1C38
:10E1A0000FD0294A03F5B173FF2002EB0313DA798C
:10E1B000C2F34501013921EAE17161F34602DA71E6
:10E1C000E0762378022B38D01F4A02F5C2531B6831
:10E1D000B5EB432F4FEA432825DC41F64803676837
:10E1E000D6583E407242AA421DDCAB19434512D3B9
:10E1F00001AA2169207EFFF797FF012813D16768E4
:10E20000A5EB0805206908EB0703019A3544606116
:10E210009F1B226167602046FAF770FA20B93D44DF
:10E220000120656000E0002002B0BDE8F0812944D3
:10E230000120616002B0BDE8F081616801202944DD
:10E24000616002B0BDE8F0812C5F012070B5154619
:10E2500004460E46FFF786FF50B994F8280028B907
:10E260000223C4E90B5684F8283070BD022070BD2B
:10E270001DB12046A847012070BD012070BD00BF20
:10E28000D0E9011310B48B4290F91A2038BF0B4625
:10E29000511C83600AD0144B02F5B172FF2103EBCD
:10E2A0000212D3796FF30003D371817690F91B309A
:10E2B0005A1C0FD00C4A03F5B173FF2402EB031371
:10E2C000DA79C2F34501013921EAE17161F34602CD
:10E2D000DA71C4760022436A5DF8044B114642614C
:10E2E00042600361B2E700BF2C5F012070B5442299
:10E2F0000021114841F602043DF0A4FE0F4B03211A
:10E3000041F64C001A784FF6FF761D5803F5C050C1
:10E31000022A1E5341F2E87641F60C0418BF0A4661
:10E3200000F8181941F601011D519A5510225A544E
:10E33000FFF7A6FF012070BD147701202C5F01209C
:10E34000B1F904300F2B2DE9F0410C4682B016468E
:10E35000054633D02846FAF7F9F995F91B800746A8
:10E36000B8F1FF3F34D02D4B41F2186203EB081196
:10E370008A58904212D1183303EB4823A1882846CB
:10E38000013109B203EB4113A1803360FAF7DEF9E2
:10E3900003460120236002B0BDE8F081FFF70AFDCB
:10E3A0002846FAF7ABF928B100230120336002B008
:10E3B000BDE8F081002002B0BDE8F0814FF40071AB
:10E3C000FFF7D0FE0028F5D04FF6FF73A380C1E71A
:10E3D0002846FAF793F90028E2D10FB9FFF7EAFCD3
:10E3E00038460023112201A9FFF752FD0128D7D199
:10E3F000019B0B4A9A1A48BF02F2FF12B2F5B05FB6
:10E400004FEA622106D24FFA81F885F81B80002B73
:10E41000B4D1C5E7FFF7CEFC019BF6E72C5F0120E6
:10E42000445F012030B50446C06983B010B90120B3
:10E4300003B030BD0D460023032201A9FFF728FDDC
:10E440000128F5D1B4F92030002B03DAFFF7B2FC34
:10E450000220EDE7019A012D4FEA431102EB43132D
:10E4600003D0022D12D1E5255554A268DA61227835
:10E47000032A04D100221A775A779A77DA77626AE8
:10E48000C2F30F415A83998203B030BDE268DA616A
:10E49000EDE700BF10B503780446023B012B037E75
:10E4A00002D913F0060F5AD198063AD494F91A30CB
:10E4B000591C0AD02D4A03F5B173FF2102EB031357
:10E4C000DA796FF30002DA71A17694F91B305A1CE5
:10E4D0000FD0264A03F5B173FF2002EB0313DA795C
:10E4E000C2F34501013921EAE17161F34602DA71B3
:10E4F000E076237E1B070BD51C4841F2C873C35C32
:10E50000072B01D0FFF756FC41F2C8730022C2541A
:10E510000023E26A237084F82830FAB1BDE8104085
:10E52000104700231249E0691A018A58904206D028
:10E5300001330B2BBAD01A018A589042F8D10B4AFA
:10E5400003F5B17302EB0313DA79C2F34501013924
:10E5500021EAE17161F34602DA71A7E710BD0121FA
:10E56000FFF760FF0128F9D1237E9DE72C5F012092
:10E5700044750120B8B138B5027822B190F828204E
:10E580001AB1002038BD012038BD826803244568D7
:10E59000C162AA4280F8284038BF2A468260FFF74D
:10E5A00079FF012038BD0120704700BF2DE9F04FF1
:10E5B000DFF84C91174683B08A4699F800300A6814
:10E5C000022B7BD1D6B241F630044FF48071A6EB1A
:10E5D000020859F80450B84405EB12258844BA42A1
:10E5E00008F1FF38B8FBF1F864D200F0010BA84441
:10E5F000032B06EB0704A8EB05030CBF80214FF4A7
:10E600008071A41A8C4228BF0C460EB98C4235D2B8
:10E610000B2201A92846FFF73BFC012802D003B0DA
:10E62000BDE8F08F99F80010DAF80020022902F115
:10E63000010325D0A64210D2019A6FF04040111F6D
:10E64000304401EB840102EB800242F8043F914226
:10E6500003F10103F9D1DAF80020A61B3244BA42D3
:10E66000CAF8002002D1BBF1000F39D1BA4205F13E
:10E6700001051FD299F800300026B9E70A22C8E741
:10E68000A642EAD201996FF0004C881EB44400EB18
:10E69000440001EB4C0121F8023F884203F10103E1
:10E6A000F9D1DAE76FF00043019A4FF6FF71234486
:10E6B00022F81310012003B0BDE8F08F41F63001BD
:10E6C00002F07F06032BC2F3D41559F80140A6EBE4
:10E6D000020814BF4FF480718021B84425447DE7BF
:10E6E00099F80030022BDDD06FF04043019A4FF0D3
:10E6F000FF31234442F82310DAF80020B6E700BFC8
:10E700002C5F0120F8B590F838300446032B4ED822
:10E71000DFE803F0023039442B4B41F2A87EC56894
:10E7200041F2C47C187803F5C25153F80C2041F231
:10E73000AC770328096853F80E000CBF80264FF40D
:10E740008076226101FB06F105EB4125A0EB41201B
:10E75000E560951943F80E00D85943F80C50A0EB2A
:10E760004121E06AD951C4E90C2548BB626201230A
:10E7700084F8383000211548FFF754FE012811D1E4
:10E78000022384F83830626B04F130010120FFF776
:10E790000DFF012806D1032384F8383000212046DC
:10E7A000FFF740FE431EDBB2012B01D9F8BD02206A
:10E7B00094F82830062BF9D1002384F82830F8BDCE
:10E7C000921B2263D3E700BF2C5F0120CC7601208F
:10E7D0002DE9F04FDFF82481012887B00C4698F826
:10E7E00000608CBF002301231546032E02930B68A3
:10E7F00039D0022E62D14FF480724FEA1329DFB272
:10E8000001920138012823D8012203929D421AD98E
:10E81000384E06F1880A06F11C0B32681AB1DBF893
:10E82000001099424ED0DAF800000023092205A911
:10E830004844FFF72DFB01281FD002280FD020B13C
:10E8400023689D42E9D80320256007B0BDE8F08F1A
:10E8500087B1FFF7AFFA022007B0BDE8F08F0220C2
:10E8600007B0BDE8F08F80220192C3F3D41903F002
:10E870007F07C6E7019A0392C8E7059ADDF804E02E
:10E88000DDE902C198F80030022B14D0032BE6D149
:10E8900052F8273023F07043B3FA83F30F445B0937
:10E8A0006345236823D00B4477452360EAD309F1FD
:10E8B00001090027C5E732F81730EDE74FF4807201
:10E8C0000192D2E70C49013A096802EB4122490260
:10E8D000B2FBF1F203991344B3FBF1F201FB1232E4
:10E8E0000AB10B449B1A9D42236096D8ABE7AB421A
:10E8F000ABD3A8E7D47601206C7701202C5F0120F0
:10E90000F0B5114D83B00E462B78022B17D14FEA8C
:10E91000102CC4B241F630070023032201A9E859A4
:10E920006044FFF7B5FA012807D12B78022B019B31
:10E930000CBF23F8146043F8246003B0F0BDC0F3AB
:10E94000D41C00F07F04E5E72C5F01202DE9F043A3
:10E95000002990F83C3083B0044614BF0221002106
:10E96000042B7BD8DFE803F0030C3C476900FFF77A
:10E9700059FD012870D1626B002A75D184F83C00E2
:10E98000404E4FF6F777DFF804813F4D1BE0B94565
:10E9900094BF4FF000094FF0010901A9B9F1000F30
:10E9A00048D1FFF793FB0128494652D1206BFFF76E
:10E9B000A7FF01284DD1019A2B68511E22638B427B
:10E9C00028BF0B462B603378206B032B1FFA80F98E
:10E9D000DDD1404594BF4FF000094FF00109DCE75D
:10E9E000426B04F130010020FFF7E0FD012833D134
:10E9F000032384F83C30234B41F2C470E16A41F2B6
:10EA0000A8771A5803F5C255195041F2AC76511A3D
:10EA10002A68D85902FB01F2995900EB422503F507
:10EA2000BD5001EB42220021DD519A51FFF7FAFC63
:10EA3000012811D1042384F83C3094F82830042BA9
:10EA400002D1002384F82830A36B8BB1204698476D
:10EA5000012003B0BDE8F0830228FAD194F82830F1
:10EA6000042B09D00220F4E7022384F83C30B8E7F5
:10EA7000012003B0BDE8F0830023022084F8283091
:10EA8000E7E700BF2C5F012070770120F7FFFF0F41
:10EA900038B590F834300446052B42D8DFE803F04F
:10EAA0001E033B0F1868006B4FF0FF31FFF728FF84
:10EAB000012836D1E06AB0BB032384F8343000214A
:10EAC0002046FFF7AFFC01282BD1042384F8343013
:10EAD00094F82830082B2AD0012038BD41F638039D
:10EAE000244D00F130010120EA580232FFF770FE98
:10EAF00001282AD00238C0B2012812D8052384F890
:10EB0000343094F82830082B16D041F2E5730122F6
:10EB10000220EA5438BDC06A216BFFF7F1FE0128DC
:10EB2000CAD0002038BD022384F83430F4E7002333
:10EB3000012084F8283038BD00230122022084F807
:10EB4000283041F2E573EA54E4E705F5C252E36880
:10EB5000206B41F644011268685003EB4223E26ADD
:10EB6000C4E9033002B96062012384F834309BE7C2
:10EB7000004DC6E72C5F012043682DE9F04F164693
:10EB800083B0C3F30808002A00F0DF80704B05460D
:10EB900089464FF0000AA3F1180BC8F5007495F9E7
:10EBA0001A702846B44228BF3446791C2ED0F9F793
:10EBB000CDFD41F218620BEB07139B58984205D02C
:10EBC000FFF7F8F8504603B0BDE8F08F604B03EB59
:10EBD0004720224649464044A2443CF0D1FA002254
:10EBE00021462846FFF732FB0028EBD02B7E1B077F
:10EBF00006D5584B2A691B689A4201D3FFF7DAF809
:10EC0000361BA1444FF00008C7D1DBE7F9F776FDCA
:10EC1000002846D12846F9F799FD6968C1F3080331
:10EC20001BBB4D4AAB680A4002F500729A422CBFEA
:10EC3000062207222B7E03F00C030C2B1BD0002393
:10EC400001A9FFF725F90128BCD10198404BC31A4F
:10EC500048BF03F2FF13B3F5B05F4FEA63224CD213
:10EC600057B2AF760028B4D1ACE72B7E072203F071
:10EC70000C030C2BE3D19BF800C0384BBCF1030F05
:10EC80001B680CBF4FF0800C4FF4807C03FB0CF32F
:10EC90004FEA432C0CF1FF3C0CEA0101A3EB51239A
:10ECA000CEE72B7E1A072CD59BF800202B4B032A8E
:10ECB00095F828201B680CBF80214FF48071062A2C
:10ECC00003FB01F34FEA43233FF47CAF2449086878
:10ECD000834231D891F83D30002B7FF473AF002A86
:10ECE0007FF470AF06216B69284685F8382085F8D7
:10ECF0002810EB62FFF706FD1AE0FFF75BF80198BA
:10ED0000AFE795F82830002B7FF45CAF154B1A78ED
:10ED1000002A7FF457AF082185F834206A69284615
:10ED200085F82810D3F85F30C5E90B23FFF7B0FE54
:10ED300001283FF46FAF45E741F2E57301225046E9
:10ED40000BF8032003B0BDE8F08F92463AE700BF0E
:10ED5000445F0120F076012000FEFFFF6C77012068
:10ED6000D4760120117701202DE9F04790F8384042
:10ED700082B00546032C00F29980DFE804F0021807
:10ED8000600BFFF785FE01280FD0022809D103236D
:10ED900085F8383000202B6C022485F8280003B158
:10EDA0009847204602B0BDE8F08785F838002B78F8
:10EDB000022B50D03E4941F648026B688A5803EA5C
:10EDC0000208C8F34F282846DFF8E890F9F7BEFCA0
:10EDD0000646A8EB0008022201A930460023FFF7EF
:10EDE00057F808EB060701284FF40072BFB24FF046
:10EDF0000001044606F10106D3D101983DF022F945
:10EE0000EB694FF4007128460BB16B684BB3D9F82E
:10EE10000030013B9F4206D2FFF7A4F90028DAD167
:10EE2000FEF7C8FFD7E7C3EBC35328465902FFF7E5
:10EE300099F908B9FEF7BEFF022385F838300022A1
:10EE40002B6C85F8282053B101242846984720468A
:10EE500002B0BDE8F0876B68C3F34F28B3E7012425
:10EE60009FE7019B4FF020322E244FF0100C1A60C8
:10EE70005A601C70C3F80720D5F824E01A625A6261
:10EE8000CEF30F4A83F8204083F82140C3F82720AF
:10EE900083F80BC0EA6BA3F81AE0C2F30F44A3F89F
:10EEA00014A05A879C8683F82BC0B0E7002478E72B
:10EEB0002C5F01206C7701202DE9F04F90F8303065
:10EEC00089B00446042B00F2A780DFE813F0A80005
:10EED000B10005008900E700B54D41F61003EB5C79
:10EEE000002B40F09980B34F04F11C0901AEB846E5
:10EEF00007F1380BBA46324649464046FFF720FA3A
:10EF0000012840F016810198002800F0F98003786C
:10EF10000BB1E52BEFD1A84A821A48BF02F2FF12CB
:10EF2000B2F5B05F4FEA622380F03B811B01A34A38
:10EF300013449A7B042A0CD041F2C86641F2CC619A
:10EF40000427AA590132AA515A609F736B580133A2
:10EF50006B5041F60202AB565E1C09D003F5B1734B
:10EF6000FF2105EB0313A954DA796FF30002DA717C
:10EF700041F603016B565A1C0ED003F5B173FF2600
:10EF800005EB0313DA796E54C2F34501013921EA26
:10EF9000E17161F34602DA71202200213DF052F85E
:10EFA0002346019A05A853F8315F596815605160EE
:10EFB00019899B7A11819372019B627EDA722DF01E
:10EFC00093F8BDF81430002B40F02E8144F281728A
:10EFD000019903200A82CB810A83CB8284F8300016
:10EFE000237E980600F1A8802046FFF749F923699F
:10EFF000002B00F0AD80237E03F0F70213F0040332
:10F00000227640F0B380122A00F0B9800022E36A31
:10F01000204684F82820984709B0BDE8F08F65485D
:10F02000FFF72EF94FF6FF720123228484F8303067
:10F0300004F11C0801AE5F4F04F13109324641462C
:10F040003846FFF77DF901282FD00228E4D1584D2A
:10F0500041F60202AB56591C09D003F5B173FF21EA
:10F0600005EB0313A954DA796FF30002DA7141F664
:10F0700003016B565F1C0ED003F5B173FF2005EB47
:10F080000313DA796854C2F34501013921EAE171C9
:10F0900061F34602DA71042384F830300020E36A19
:10F0A0002070984709B0BDE8F08F019D0B224946BA
:10F0B0002846002D00F086802B78002B00F08280FF
:10F0C00095F80BA01AF0080FB8D13DF0DAF8002837
:10F0D000B4D1637E8AEA0303DB0640F1C680344D77
:10F0E00041F60202AB565F1CC1D003F5B173FF219C
:10F0F00005EB0313A954DA7960F30002DA71B6E77D
:10F100003B78092250462E49022BC4D00B78002BA5
:10F11000C1D10A708BF800304A6B0B73C1E905331B
:10F1200051F8143CC1E90132FFF71EFE01283FF4FB
:10F13000E2AE0228AFD06FE70023112205A9E069F3
:10F14000FEF7A6FE01283FF44FAF09B0BDE8F08FEF
:10F15000237E19077FF55AAF154A41F2C873D15C77
:10F1600000297FF459AF0721D1544FE70023E26A09
:10F17000A168204684F82830FFF768F84CE7E56A74
:10F180000421626A204684F83C306363A56384F8F6
:10F1900028106362C4E90233C4E90B22FFF770F858
:10F1A0003AE7FEF707FE01986FF00F03BFE600BFD6
:10F1B0002C5F012014770120445F01204475012059
:10F1C0003C770120474D41F60202AB565E1C09D048
:10F1D00003F5B173FF2105EB0313A954DA796FF33B
:10F1E0000002DA7141F603016B56581C0ED003F58C
:10F1F000B173FF2005EB0313DA796854C2F34501BC
:10F20000013921EAE17161F34602DA71237EDA06FF
:10F210007FF541AF3448FFF733F84FF6FF72022312
:10F22000228484F8303058E6304B05A902A8B3F99F
:10F23000DC2B2CF079FF9DF80C309DF80D00DB02E3
:10F240009DF80A509DF80B20BDF8081043EA4013C2
:10F2500042EA45129DF80E00A1F2BC7143EA500348
:10F2600042EA41229BB292B2B2E6A98A6A8B204B53
:10F2700042EA01421B6862625A02EB69B3FBF2F197
:10F2800002FB1131A36009B113445B1A154D41F61D
:10F290000202E36084F819A0AB565E1C09D003F5A6
:10F2A000B173FF2105EB0313A954DA796FF3000260
:10F2B000DA7141F603016B56581C0ED003F5B17399
:10F2C000FF2005EB0313DA796854C2F345010139D5
:10F2D00021EAE17161F34602DA71032384F83030E8
:10F2E0007EE600BF2C5F012014770120002E012054
:10F2F0006C7701202DE9F04190F8283084B0044665
:10F30000013B082B41D8DFE803F048054D52586512
:10F31000406A4300394B41F6480241689F5803F563
:10F32000C253056B0F401B68EA194FEA4328B2EB42
:10F33000432F16D258E02169207EFEF7F5FE012802
:10F3400023D1256B6168A5EB080522694144039B25
:10F350003D446261C91B2361A8453746616025634E
:10F3600042D82046F9F7CAF903AA06460028E2D097
:10F370006168A3680020E26A994284F8280038BFD7
:10F380001946A1600AB12046904704B0BDE8F0815B
:10F39000FFF7EAFC04B0BDE8F081FFF78DFD04B093
:10F3A000BDE8F081FFF776F804B0BDE8F0810021F8
:10F3B000FFF7CCFA04B0BDE8F0810121FFF7C6FAEF
:10F3C0000128E2D10023216C204684F82830FFF781
:10F3D000D1F8DAE7FFF796F904B0BDE8F081FFF75E
:10F3E00057FB04B0BDE8F08120460191F9F786F99A
:10F3F00001990028BDD129446160BAE72C5F012042
:10F400002DE9F0470D4690460021442204461E4651
:10F41000089F3CF017FE01234FF6FF7226766283A9
:10F4200084F828302B782E2B42D004F1310A04F1D5
:10F4300039092E463278202310462AB12E2A03D0CD
:10F440002CF0EEFE0136C3B20AF8013BCA45F1D1F9
:10F4500030782E2801D17078013604F1380904F192
:10F460003B0A202318B12CF0DBFE0136C3B209F8A9
:10F47000013FD14507D0307820230028F3D109F887
:10F48000013FD145F7D118F0100F84F81980E762D9
:10F4900014BF0323012323702B782E2B24D00023A9
:10F4A000204684F83030FFF707FD2046BDE8F0879E
:10F4B0006B78002BB9D1124B41F60C0041F2F4717C
:10F4C00041F2F0721E589A58585841F6010166628E
:10F4D000C4E9022041F2E872595C61769B5CE76204
:10F4E00023702B782E2BDAD16B78002BD7D1032306
:10F4F000204684F83030FFF7DFFC2046BDE8F08777
:10F500002C5F01200121032008B538F06BF872B69A
:10F5100034F0C8FE2DE9F04FCE4C91B04FF0000A08
:10F5200004F22133A4F6EB350090019354F80B0C50
:10F53000002800F0528128F039F90646002800F032
:10F54000A682C54BE0279B6A07FB0AF744F8073CF5
:10F55000002304F8033C54F80B0C28F027F900288A
:10F5600000F03B8154F80B0C28F018F914F8023C19
:10F5700006465A1E0B2A0DD8DFE812F01F003A008B
:10F580004500520082009900390176019501A001E1
:10F59000CB01E30124280CD0009A3AB995F8EE2E5D
:10F5A000824240F0D481012204F8032C0D2BD2D1E9
:10F5B00084E0012304F8023CCDE700234D28C4F881
:10F5C000C53084F8CD3084F8CE3004D0582808D027
:10F5D00004F8023CBFE7022284F8C43004F8022C8D
:10F5E000B9E7032304F8023C022384F8C430B2E7ED
:10F5F00004233C2804F8023C0AD03E2E0CD0002301
:10F6000004F8023CA7E70A233C2804F8023CF4D1A2
:10F61000002304F8013C9EE7012304F8013C9AE72B
:10F62000D4F8C510EB194A1C0B44C4F8C520022AB3
:10F6300083F8EB0B94F8CD0080EA060084F8CD0047
:10F6400089D12378C02BDAD86278FF2A08D1052B1C
:10F65000D5D9012384F8C430072304F8023C7AE7A3
:10F66000A4F8C1200022C4F8C930934284F8C32012
:10F67000C4F8C52014BF0523062304F8023C6AE73A
:10F68000D4F8C510EB194A1C0B44C4F8C52083F804
:10F69000EB0B94F8CD00D4F8C93070409A4284F84E
:10F6A000CD007FF458AF062304F8023C53E794F8EA
:10F6B000CD308342A3D10D2304F8023C14F8017C21
:10F6C000002F40F0C681654B04AE4FF0010908944D
:10F6D000ADF82A708DF82D9003970FCB86E80F00B8
:10F6E000D4F8C930324608A9D4F8D100234409938C
:10F6F000B4F8C130ADF8283094F8C3308DF82C3010
:10F7000003AB21F035FD002860D0049E1022DFF805
:10F7100054B139460CA894F8C4800596A6EB0B06A4
:10F72000CDF810B03CF08EFC24228DF830204C4AED
:10F7300012F808208DF83120BDF91A20531C0CBF97
:10F7400021223E228DF83220B8F1000F40F01581C1
:10F75000BDF81830FE2E8DF8343040F3FF80FF23C3
:10F760004FF00709ADF835608DF833300DF13302F5
:10F77000A9F10303013B80F0F5803346394A002BA1
:10F7800000F3F58001278DF8088054F80B0C28F061
:10F7900001F8002800F0528154F80B0C27F0F0FF1C
:10F7A0004A460CA954F80B0C28F004F832462D49AF
:10F7B00054F80B0C27F0FEFF54F80B0C3A4602A944
:10F7C00027F0F8FF54F80B0C27F0D4FF0023039E1A
:10F7D00004F8023C002E40F052810AF1010AE034A4
:10F7E000BAF1030F7FF4A2AE11B0BDE8F08FD4F8E8
:10F7F000C520EB19014602F101081344D522C4F8D3
:10F80000C58083F8EB0B94F8CD30434094F8CE00DC
:10F8100084F8CD3030F0A8FEB8F1070F84F8CE00A0
:10F820007FF499AEB4F80530C02B3FF6E8AEB4F8DB
:10F830000320C4F8C930A4F8C120A27884F8C320FA
:10F8400000229342C4F8C52014BF0823092304F8FA
:10F85000023C80E6EB390120081D012000C90408A4
:10F86000001905088CE801200146D52294F8CE0045
:10F8700030F07AFE94F8CD30D4F8C510734084F897
:10F88000CE004A1C84F8CD30EB19C4F8C5200B44D7
:10F8900083F8EB6BD4F8C9309A427FF45CAE09234D
:10F8A00004F8023C57E694F8CD30434084F8CD305C
:10F8B00094F8CE3083427FF4A2AEF4E6D4F8C520AB
:10F8C000EB19014602F101081344D522C4F8C580A2
:10F8D00083F8EB0B94F8CE0030F046FEB8F1050F3C
:10F8E00084F8CE007FF437AEB4F80120B4F80330CA
:10F8F000A4F8C1202278C4F8C93084F8C3200022BB
:10F900009342C4F8C52014BF0B230C2304F8023C17
:10F9100021E60146D52294F8CE0030F025FED4F839
:10F92000C510EB1984F8CE004A1C0B44C4F8C5205E
:10F9300083F8EB6BD4F8C9309A427FF40CAE0C23F9
:10F9400046E694F8CE3083427FF459AEB3E62328DE
:10F950007FF42CAE022204F8032C27E6F3B24FF01A
:10F96000050901E712F8011B88EA010802E712F80D
:10F97000011B013B88EA010801E7B8F1010F3FD103
:10F98000B21DFF23B046FE2A8DF834302ADD4FF039
:10F990000C09ADF83A208DF8333005229DF81C3063
:10F9A0000DF135010020ADF838608DF83530BDF827
:10F9B0001830ADF83630F8F77DFC32465249F8F78A
:10F9C00079FCA9F103030DF133028DF80800013B26
:10F9D0000CD24D4BB8F1000F0CDC784002278DF8AB
:10F9E0000900D2E6D3B24FF00A09D4E712F8011B9E
:10F9F0004F40ECE713F8012B08F1FF385740E9E7D7
:10FA0000B8F1020F7FF4E2AE9DF81C200DF1330136
:10FA10003846ADF836608DF833204F46BDF81820D3
:10FA20004FF00809ADF834200522F8F743FC3246C0
:10FA30005946F8F73FFC8DF80800A6E654F80B0C81
:10FA400027F0B0FE09EB06033B4483427FF7A4AEE8
:10FA5000BCE6012F4FF0000602D004F8026CBCE6B1
:10FA6000D4F8C9300CA80C9423440D93B4F8C130D9
:10FA7000CDE90E66ADF8383017F078FFEDE754F8B1
:10FA80000B0C21F047F854F80B0CB047A5E614F81E
:10FA9000033C002B3FF4A1AE1C4A54F8071C926AA9
:10FAA000521A632A7FF699AE012B2AD0022B7FF4DB
:10FAB00094AE54F80B3C01221548C5F8F43EC5F845
:10FAC000F83EC5F8003F402385F8F02EA5F8083F22
:10FAD000019B104AC5F8043F0F4BC5F8FC2EC5F832
:10FAE000603BC5F84C3F2BF0DDFD4FF4005021F09A
:10FAF00037FB0A482BF0CCFD85F8506F85F8516F25
:10FB00006BE6FFF7FFFC00BF8CE80120081D012019
:10FB100028190508F5770308FC3C01205E19050843
:10FB200003460A2201481A80704700BFF0030120F3
:10FB30000346202201481A80704700BFFC030120C1
:10FB40000346202201481A80704700BF1C04012090
:10FB50000346202201481A80704700BF3C04012060
:10FB600003460A2201481A80704700BF5C04012046
:10FB70000023D0F8982218461373704703462222B8
:10FB800001481A80704700BF680401200346222202
:10FB900001481A80704700BF8C04012003462222CE
:10FBA00001481A80704700BFB004012003460A22B2
:10FBB00001481A80704700BFD40401200346432245
:10FBC00001481A80704700BFE00401200346432229
:10FBD00001481A80704700BF2405012003464322D4
:10FBE00001481A80704700BF68050120D0F89432A0
:10FBF00083B110B5D0F8904294F80002FF2807D0E6
:10FC00009B68214694F801229847FF2384F800322C
:10FC1000002010BD0020704701F00F01D0F8A8228D
:10FC2000C1EBC10102EB810238B5D0F89032D0F8B7
:10FC30009452D2F8144203F50371EA68D3F804022F
:10FC4000C3F80C429047002038BD00BF08B5D0F87B
:10FC50008C325B689847002008BD00BF08B5D0F81B
:10FC60008C321BB11B68984700B908BD022008BD43
:10FC70000022836BA3F85A20A3F85220704700BFDC
:10FC8000836B1A6810B45C6F986F9168090601D590
:10FC9000212C1AD09168490601D5222806D0DA6FA6
:10FCA0005DF8044B42F01002DA6770470020202410
:10FCB000A3F85A00116821F490711160916821F045
:10FCC0000101916018669C67E9E700212024A3F8F0
:10FCD0005210116821F0C00111605C67DAE700BFC3
:10FCE000704700BF704700BFC369B3F5807F12D073
:10FCF000826B002120201368A2F85A10196821F4A1
:10FD000080711960996821F001019960996821F06A
:10FD10004001996090677047C369B3F5807F0CD04C
:10FD2000826B00211368A2F852109A6822F08002B8
:10FD30009A601A6842F040021A607047836B012192
:10FD4000002283F83D101A77704700BF0122836BB1
:10FD500083F83D20704700BF90F8BC33012B29D0B9
:10FD6000012380F8BC330B060ED402681021124B1D
:10FD7000116101E0013B02D01169C906FAD40023E8
:10FD800080F8BC331846704701F00F010A4B890117
:10FD900010B441F020010468216101E0013B02D070
:10FDA00022699206FAD4002380F8BC3318465DF825
:10FDB000044B704702207047400D030011F0800F84
:10FDC0004FF01C0301F00F0170B432D103FB0103AB
:10FDD000C1EBC102002400EB820203F5FE7382F83E
:10FDE000FD41197090F8BC23012A31D0012102682D
:10FDF00080F8BC135C781D7802F500638C422AD031
:10FE000005F00F04DE6B02F53062A1401C4C02EBE2
:10FE1000451226EA0146DE63DD6925EA0141D96122
:10FE200013681C401460002380F8BC33184670BC73
:10FE3000704703FB0103C1EBC102012400EB820206
:10FE40003C3382F83D40197090F8BC23012ACDD193
:10FE5000022070BC704705F00F01DE6B02F51062E6
:10FE60008C40084902EB451226EA0406DE63DD6990
:10FE700025EA0404DC61136819401160D3E700BF70
:10FE80000078F3EF007833EC11F0010307D090F81D
:10FE9000413003F02803282B0CBF4223F2238A07AA
:10FEA00009D590F8412002F02802282A0CBF43F01F
:10FEB000440343F0F4034A07016848BF43F0B80322
:10FEC0000A6822EA03030B60704700BFC16838B5B7
:10FED000022903689A699C699A68DD680DD1C2F3AA
:10FEE000C21282EA144212F0060206D1816C01317C
:10FEF0008164816C022907D038BD0421FFF7C4FF5B
:10FF0000002380F8403038BD08218264D96180F830
:10FF1000402038BD836B0022D3E90E0102650A65DB
:10FF200093F84120602A02D1202283F841207047B3
:10FF30000023202210B5134C4363C462036380F88E
:10FF4000412080F842304B0712D50268436A526A5A
:10FF50001A70436A028D013343624AB1438D013AFC
:10FF6000013B02859BB24385436C43F00403436429
:10FF70000721FFF789FF102102680023D16180F873
:10FF8000403010BD0000FFFF38B5002580F842501A
:10FF900090F84130292B04D090F841302A2B0BD017
:10FFA00038BD28222123012180F841200363FFF777
:10FFB0006BFF80F8405038BD28222223022180F8B0
:10FFC00041200363FFF760FF80F8405038BD00BF59
:10FFD00038B50025202280F8425090F84130212B7E
:10FFE0000AD0122380F84120022145630363FFF702
:10FFF0004BFF80F8405038BD112380F8412001218B
:020000040801F1
:1000000045630363FFF740FF80F8405038BD00BFF1
:10001000836B40221A645A6C42F004025A6470479F
:10002000704700BF836B1A6C12F0500F1A6C20D10E
:1000300042F4007219681A648A6812F0405F1AD19B
:100040009A69C2B9CA6A12F4700F02D08A68500560
:1000500011D44A6822F020024A601A6C22F480729D
:100060001A641A6CD10406D41A6C42F001021A64A4
:100070007047D20600D570479B6BDB6C184700BFFA
:10008000034A04491368013313608B60704700BF53
:1000900080770120A02000200B4B0C4970B493F80E
:1000A0003520002603F10C050A2402EB8202986336
:1000B00001201E7101EB42129D6083F8344083F8E9
:1000C0003600907070BC704780770120581A00206D
:1000D0000E4B0F4ADB6BB2F900005B0707D400EB55
:1000E0008000400080B200F5C87080B27047094BB4
:1000F000094AD3F8C030323382FB0312D817C0EB61
:10010000A20080B200F5C87080B2704780770120ED
:10011000742200201C2E01206766666680F0800332
:10012000042B70B520D941281ED0FD2806D0F02818
:100130001DD0EF281FD00224204670BD0B200426BE
:100140000F4D2E4400240135FFF7E8FF2044AE4256
:10015000C4B2F1D015F8010BFFF7E0FF2044AE4226
:10016000C4B2F7D1204670BD0424204670BD0320E0
:100170000526044DE5E70C200626034DE1E700BF08
:100180008C190508841905087C19050810B506297D
:1001900082B004464FF032030A460DF1010028BF39
:1001A000062221468DF800303AF0EAFF024B6846FD
:1001B0001B6C984702B010BD8077012070B5D0F855
:1001C000A052044695F8183213B9D5F814323BB949
:1001D00081212046FCF78AFF6B7A022B07D070BD85
:1001E0006B7A002BF4D10121FCF780FFF0E705F5D5
:1001F000037220461F230121BDE87040FCF7EABED0
:1002000070B5037C044601257BBB4FF400730222CA
:100210002946FCF7D1FF4FF40073C4F85851174E2C
:10022000812102222046FCF7C7FF321DE56200252E
:10023000D4F8A432C4F8A0222846B581A6F86052AA
:100240001B6898470121D4F8A802FFF785FD81219A
:10025000D4F8A802FFF780FD06F5047220461F239C
:100260000121FCF7B7FE284670BD40230222294633
:10027000FCF7A2FF4023C4F85851D0E774220020B5
:1002800038B5044600250121D0F8A802FFF796FDF5
:100290008121D4F8A802C4F85851FFF78FFDD4F893
:1002A000A002E5623BF01EF82846C4F8A05238BD13
:1002B00038B504468321D0F8A8020025FFF77EFD5B
:1002C000D4F89802656518B13BF00CF8C4F8985260
:1002D000002038BD38B5044600258121D0F8A80299
:1002E000FFF76CFD0121D4F8A802E562FFF766FD77
:1002F000D4F8A8028221C4F85851FFF75FFDD4F862
:10030000903225644BB1D4F894325B689847D4F8A6
:1003100090023AF0E7FFC4F89052002038BD00BFC9
:1003200010B50823032283210446FCF745FF01236F
:10033000102063653AF0CEFFC4F8980218B1034666
:100340000020187310BD022010BD00BF2DE9F04140
:10035000037C04460125BBBB4FF4007302228121BC
:10036000FCF72AFF29464FF4007302222046E5627B
:10037000FCF722FFC4F858514FF00108082303226C
:1003800082212046FCF718FF4FF40770C4F8408024
:100390003AF0A0FF0546C4F8900258B3D4F894325E
:1003A00000271B689847267CC5F814724146D5F88B
:1003B00004222046C5F81872AEB140233E46FCF731
:1003C00009FE3046BDE8F081402302228121FCF77E
:1003D000F3FE2946402302222046E562FCF7ECFEAC
:1003E000C4F85851C8E74FF40073FCF7F3FD3046EA
:1003F000BDE8F0814646E4E707EE900ADFED196AB2
:100400009FED197AF8EEE77A9FED186A67EEA67A03
:1004100037EE677AC7EE876AF4EEC66AF1EE10FA35
:100420001DD49FED130A08B526EE800A39F04CFB67
:100430009FED106ADFED107AF7EE006A9FED0F7AFC
:10044000E0EE067A86EEA70AB4EEC70AF1EE10FADD
:1004500002D430EE470A08BD9FED090A08BD9FEDA2
:10046000080A70473333533A3333534075029A3B8B
:1004700052DF593E2CBB84390FCF5B3B339388430B
:10048000000000002DE9F04FAA4C636C2DED068BA7
:1004900089B06BB1A84A126892F8262042B194F84C
:1004A00048200546022A7AD0032A3ED0012A04D0E9
:1004B00009B0BDEC068BBDE8F08FA04894F836304B
:1004C000A0FB05208009002B00F0DC80012BEFD180
:1004D000A26B64329042C0F0868294F8352004EB1F
:1004E000021595F85410FF2905D00131944E85F876
:1004F000541086F8BB31531C924ADBB292F870223A
:100500009A4284F8353002D8002384F83530FFF75A
:10051000C3FD8D4B1B78092BCAD1D4F898308B4A78
:100520000133C4F898301360C2E7D4F89C2088499E
:10053000821A8A4262DC844E864F1846DFF80C82AB
:10054000DFF824920CE0022B00F0B380032B00F0C4
:10055000BC80042B00F0C281262B00F0CE81606CA1
:1005600027F024F9002800F0B480606C27F016F919
:1005700094F8A020531C2244DBB21073012B84F8A2
:10058000A030E0D14B28EAD032780023092A84F841
:10059000A03084F8A130E2D1FFF772FDDFE7D4F894
:1005A0009C206B49821A8A424ADC674E9FED6A8A18
:1005B0001846DFF8B4B1DFED698A0FE094F8A010B7
:1005C0004B1C2144DBB20873012B84F8A03063D0AC
:1005D000022B72D0132B00F0C980606C27F0E6F874
:1005E000002800F08380606C27F0D8F894F8A220EF
:1005F000002AE3D0013A84F8A220EEE794F83520EF
:1006000004EB021292F85410FF2906D001314C4835
:10061000012682F8541080F8BB614B4E00223178DD
:1006200084F8A020092984F8A12006D1D4F89820C4
:1006300046490132C4F898200A60C4F89C507BE710
:1006400094F8352004EB021292F85410FF2906D0DA
:1006500001313B48012682F8541080F8BB613A4EC4
:100660000022317884F8A020092984F8A12006D13D
:10067000D4F8982035490132C4F898200A60C4F8AB
:100680009C5093E7364B9D427FF612AF09B0BDEC0C
:10069000068BBDE8F04FFFE49B2800F028813378FB
:1006A00084F8A020092B84F8A12096D1FFF7E8FC5C
:1006B00093E74F287FF468AF51E79B288DD10B2338
:1006C00084F8A02084F8A23087E744287FF45CAF48
:1006D00045E73378092B7FF4EBAE94F835301B4AAD
:1006E00004EB031494F85430D360E1E63378092B1B
:1006F00003D1164B94F85420DA60D4F8A420F2EE1B
:10070000046AA36DAA1A94ED2A7A9FED160A03FBD8
:1007100002F3C4F8A45007EE903AF8EEE77AA7EE99
:10072000A67A27EE000A84ED2A7A39F081F9E0658D
:10073000BEE600BF80770120280A0020D34D62105A
:10074000F0030120742200209C200020A020002023
:1007500090D003002083B8ED0000043C00000000AE
:100760003F4B4C00BFB5982F1F85EB5194F8A1303B
:1007700084F8A020042B7FF630AF207C032800F201
:10078000A180A77C032F00F29D80217D032900F228
:10079000998094F817C0BCF10F0F00F2938094F881
:1007A00019E0BEF10F0F00F28D80E27E0F2A00F2F9
:1007B0008980637F0F2B00F2858094F818904FEAB0
:1007C000014894F8511049EA0C2C94F8119009EE64
:1007D000101AA17E49EA002994F815A00FFA8CFCA2
:1007E000B8EEC99A0FFA89F0CDF8149009EE90CAC4
:1007F00041EA0E21049048EA0A28607BF8EEE99A63
:10080000B4F84EC029EE089A01900FFA81FEA07B41
:10081000614594F816A00290E07B48EA0A0803902C
:10082000E07C069000F29581F0EE68AA207F0093AC
:1008300040EA0220FFF7E0FD0022A37FB0EE40AACD
:1008400084F85420079339F0F3F829EE890A84F8E4
:100850005500814639F0ECF8B0EE6A0AA4F856006B
:10086000824639F0E5F8ABFB083CB8F1630F009B1A
:100870004FEA5C1CA065A4F860C040F23E81059A76
:10088000312A40F23A8196F800C0BCF1090F00F01D
:100890005281BCF10C0F40F03381029B01981B0286
:1008A000C24A069943EA0043049841EA0721C2F884
:1008B00000805060039809B20343C2E90213C4F8F0
:1008C0009C508AE63378092B7FF487AED4F89430B5
:1008D000B64A0133C4F8943053607EE64C287FF466
:1008E00053AE94F8A130013384F8A13037E694F880
:1008F000A130013384F8A1306FE694F8A1300022D2
:10090000042B84F8A0207FF62AAEA9484FF0FF33CD
:10091000D4F82EC000F1220E10F8011F08224B401F
:1009200043F30001013A01EA070181EA5303F7D1D9
:100930007045F1D1DB4363450BD03378092B7FF44D
:100940000EAED4F894300133C4F89430C8F80430B3
:1009500005E6617D94F81DB0D4F810A0237D94F8CD
:100960001CC0A9FB0A0E43EA0123E07D4CEA0B2CD4
:10097000A17D96F800B04FEA5E1E41EA002194F88E
:1009800026001BB2BBF1090F84F85420A4F860E0E4
:1009900094F8272094F823E0A4F8563084F8550002
:1009A000C4E9161C94F822C00BD0BBF10C0F0ED179
:1009B0004CEA0E23C8F800A0C8F80830C4F89C50D0
:1009C000CDE59BB2C8E904A0C8E90631F6E7BBF162
:1009D0000D0FF3D100EB800002EB820240005200C9
:1009E000C8E90002EAE7227994F834309A42FFF429
:1009F0005FAD04F10B0504F11406002315F8011F87
:100A000008224B4002E0CBB2013A08D013F0800F2D
:100A10004FEA4301F7D081F00703DBB2F4E7B542B8
:100A2000ECD1617D994229D094F8353004EB031163
:100A300091F85420FF2A06D001325E4D012681F83C
:100A4000542085F8BB6101335B4ADBB292F8702217
:100A50009A4284F8353002D8002384F83530FFF705
:100A60001BFB564B1B78092B7FF422ADD4F8943036
:100A70004E4A0133C4F89430536019E5E67C4FF0D8
:100A80000108217D637B94F811C041EA0621A57B12
:100A9000A67C09B245EA032594F80F9094F8353006
:100AA00046EA0C26DFF81CE12DB294F810C004EBE6
:100AB00003174CEA092C9EF8009087F8542094F80C
:100AC0000CE099453B4AA7F85650FE65A7F8601020
:100AD00087F855E0C7F858C082F8BB814CD0013385
:100AE000354ADBB292F870229A4284F835303FF6EC
:100AF000CDAD002384F83530C8E50022A265C2E6FA
:100B0000BCF10D0F7FF4DBAEB2EE049A0093274FD9
:100B10002AEE090A38F08CFF079B02461946009B13
:100B20003A6041EA0320FFF767FC20EE090A38F03B
:100B30007FFF7860C3E607EE908A1C4BF8EEE77AF9
:100B4000C3F81490C3E906A0FDEEE77AC3ED047A7A
:100B5000B5E694F85010AEEB0C00DFED196A07EE25
:100B6000101A07EE900AB8EEC77AF8EEE77AC6EEEA
:100B700087AA6AEEA7AA59E6104E8AB231780929E7
:100B800005D00C290BD1094941F82320A7E70749D3
:100B9000ADB2C1E9042E8D61C1F81CC09FE70D29DB
:100BA0009DD1024A42F823E099E700BFA02000202F
:100BB0008B770120F0030120742200209C2000206C
:100BC000806A494588020020FD292DE9F04104464C
:100BD00082B000F0D780F02900F0BB80EF2900F050
:100BE000298117464AB10346861801AD002003F853
:100BF000010BB34205F8010BF9D19D4B0B2003F11A
:100C0000090501E013F8010F814200F0C0809D4208
:100C1000F8D14B1E832B00F29080DFE813F01A010D
:100C20001F013701400199019F01840045015101D5
:100C30008E008E005601560156016C016C016C014C
:100C400051018E008E0076017E018E008E008E0096
:100C50008E008E008E008E008E008E008E008E0024
:100C60008E008E008E008E008E008E008E008E0014
:100C70008E008E008E008E008E008E008E008E0004
:100C80008E008E008E008E008E008E008E008E00F4
:100C90008E008E008E008E008E008E008E009001E1
:100CA0008E008E008E008E008E008E008E008E00D4
:100CB0008E008E008E008E008E008E008E008E00C4
:100CC0008E008E008E008E008E008E008E008E00B4
:100CD0008E008E008E008E008E008E008E008E00A4
:100CE0008E008E008E008E008E008E008E008E0094
:100CF0008E008E008E008E008E008E008E008E0084
:100D00008E008E008E008E008E008E008E008E0073
:100D10008E008E008E008E008E008E008E008E0063
:100D20008E0016011601534B93F80811CD0700F100
:100D30005481B3F8E830ADF804303FB101ABE219AB
:100D400013F8011B04F8011B9442F9D102B0BDE86D
:100D5000F08103214FF00508474FB84400250137C3
:100D600001E017F8011B0846FFF7D8F9064660199D
:100D70003246FFF729FF7019B845C5B2F1D102B06C
:100D8000BDE8F0810B214FF004083C4FE5E7394BFB
:100D9000D86B82060CD4002FD8D001ABE21913F81F
:100DA000011B04F8011B9442F9D102B0BDE8F081A7
:100DB00093F8AC00820742D5314D287D052834BF19
:100DC00002260326142917D97C39C8B20628E2D88E
:100DD0000629E0D801A252F821F000BFAF0F0108A8
:100DE000AF0F0108990F0108970D0108850F010841
:100DF0007F0F01088B0F01080929CCD90A390A296C
:100E0000C9D801A252F821F06D0F0108B90F0108ED
:100E1000970D0108970D0108970D0108970D01081E
:100E2000970D0108970D0108970D0108910F010812
:100E3000AF0F01080C214FF00608124F8DE7104B41
:100E40000B29187DA7D10126B7E017F005F801900E
:100E500073E7FFF73DF9ADF804006EE70A4BD3EDF9
:100E6000A17AFDEEE77A17EE903AADF8043064E728
:100E70007019050880770120841905088C19050868
:100E8000783901207C190508742200205A4B93F808
:100E9000BB10002900F09C8018F00EF8DBE718F07A
:100EA0000BF8ADF8040048E7544B5549B3F904304A
:100EB00081FB0321DB17C3EBA103ADF804303CE752
:100EC00016F0BAFFADF8040037E70C394D4B9FED33
:100ED0004E7AC9B2D3EDA27A03EB810367EE877A2B
:100EE00093EDB47A67EE877AFDEEE77A17EE903AE3
:100EF000ADF8043021E70F39404B33F8113003EBE4
:100F000083035B00ADF8043017E73B4B93F80831DF
:100F100003F00103ADF804300FE7374BB3F80A11C3
:100F2000480758D481F00203C3F3400311F0200FA7
:100F300018BF042311F0010F18BF0923FBE6FFF7C8
:100F4000C7F8324BD3F8C43043EAC0400190F4E60E
:100F5000294BD3F8FC30ADF80430EEE6264BB3F85D
:100F6000E81079B317F0B4FF80B274E72B8A03EB73
:100F7000830303EB83039B00ADF804300BE76B683E
:100F8000019308E72B68019305E7AB68019302E73B
:100F9000EB89ADF80430FEE6EB891D4903EBC30392
:100FA0009B00A1FB03235B09ADF80430F3E6B3F823
:100FB000AE30ADF80430EEE6F6B28DF804608DF890
:100FC0000500E8E6D3F8040180F3100080B242E7A0
:100FD000B3F8D4003FE70723A8E717F0BDF8094BA3
:100FE000D3EDA17A28B1FCEEE77A17EE903A9BB2E6
:100FF000A1E603469FE600BF80770120B8390120B3
:10100000676666667422002000007A441C2E012068
:101010001F85EB51014B1B681B6A18474C3601209A
:10102000024B186808B18369184770474C36012095
:10103000024B186808B14369184770474C360120C5
:1010400010B5074C606D40B126F01EFF94F851308A
:1010500013B180F00100C0B210BD012010BD00BF6F
:10106000741101200B4B01E0013B10D00269002AF2
:10107000FADA0369074A43F00103036101E0013A28
:1010800005D0036913F00103F9D118467047032016
:10109000704700BF400D0300144B10B4046C9C4219
:1010A0001AD800F53060002301290361036943F475
:1010B00000230361036943F018030361036943F0EC
:1010C000C043036104D14261036843F0802303609D
:1010D00000205DF8044B7047D0F8003B00F530600D
:1010E000002BE0DA00205DF8044B70470A30544FC3
:1010F0004B78012BF0B50D7826D000F53060404CD0
:10110000404B00EB45104D690669344004610469A9
:10111000234003618B6805B14B610469C3F312037B
:10112000012A44F400240461046943EA04030361CE
:1011300005D0036843F0044303600020F0BDCB6892
:10114000002BF6D04361F4E74B6993B300F51064CC
:101150002B4FD1F808C004EB45142A4E6345D4F850
:1011600010E00EEA07072761276906EA07062661ED
:10117000266938D946F40026C1F814C0CCF312030E
:10118000012A2661266943EA0603236126D0BCF1C1
:10119000000F08D005F00F020125D0F83438954033
:1011A0001D43C0F834582368002043F004432360F3
:1011B000F0BD00F51060134EA3F50023012A00EBEB
:1011C0004514206906EA00062661206940F40020E3
:1011D0002061206903EA00032361E4D10B69002B3D
:1011E000E1D06361DFE746F40026C3F31203012A6E
:1011F0002661266943EA06032361CBD1EEE700BFEF
:101200000000F8FFFFFF07E02DE9F0434D780F786D
:10121000012D4DD000F530636F4E4C6903EB471341
:101220006E4D1F693E401E611E6935401D616CB3E5
:101230008D68012A6A4E2C441F6904F1FF34B4FB07
:10124000F5F41FFA84FC06EAC44405FB0CF544EAF5
:101250000704C5F312051C611C6945EA04051D61FC
:1012600021D0CA78012A0AD1D0F8082812F4807F48
:101270001A680CBF42F0005242F080521A601A689D
:1012800042F004421A600020BDE8F0838C68012A15
:101290001D69C4F3120444EA05041C611C6944F48A
:1012A00000241C61DDD1CA68002ADAD05A61D8E76F
:1012B0004B6900F51064002B37D104EB4714474EFF
:1012C000454D012AD4F810C00CEA060626612669AD
:1012D00046F400262661266905EA06052561CE78D2
:1012E00072D0012E59D1D0F8085815F4807F2568A6
:1012F0000CBF45F0005545F080552560256845F048
:1013000004452560002ABED19BB203339C08BAD0A5
:10131000CA6800F5805302EB840403EB073352F8EC
:10132000041BA2421960FAD1ADE704EB4714D1F8CF
:1013300008E0DFF8A490C3F31206D4F8108003EBA2
:101340000E0C08EA09090CF1FF3CDFF89080C4F8A4
:101350001090D4F81090BCFBFEFE09EA0808DFF8F4
:1013600080C0C4F810800CEACE4CD4F810E04CEAEF
:101370000E0CC4F810C0D4F810C046EA0C06266162
:10138000CE78012E10D0012A22D007F00F03D0F81A
:1013900034789D403D43C0F834582368002043F022
:1013A00004432360BDE8F0832569012A25F0C04588
:1013B0002561256945F00055256194D10D69002D01
:1013C00091D0164665618CE70D69002D89D0F9E74B
:1013D0000D69002DF6D1E0E70000F8FFFFFF07E000
:1013E0000000F81FB1F5805FF0B482B000F0E38038
:1013F0002DD8102900F00781B1F5807F54D1016A02
:10140000166921F480715768A44C0162036A41682F
:1014100023F40073C56943EA06232C40A04D1668E7
:1014200023F48073A84244EA060443EA07237ED0EB
:1014300005F58065A8427AD00025D2684160019503
:10144000C461C2630362019802B0F0BC7047B1F599
:10145000803F00F08980B1F5801F4ED1046A166983
:1014600024F4801455688F490462036A446D23F4A0
:10147000001321408A4C43EA06531668A04223F425
:10148000801341EA062143EA055365D004F58064E0
:10149000A04261D00024D26841650194C265036214
:1014A000019802B0F0BC7047012926D1016A166983
:1014B00021F001015768794C0162036A416823F009
:1014C0000203856933432C40754D166823F00103F0
:1014D000A84244EA060443EA070314D005F58065F0
:1014E000A84210D00025D268416001958461426312
:1014F0000362019802B0F0BC704701230193019888
:1015000002B0F0BC7047D2E9056523F0080321F46E
:10151000807143EA860329439668D56923F0040362
:1015200021F4007143EA860341EA4501DAE7D2E992
:10153000056523F4006321F4805143EA862396680D
:1015400041EA0511D56923F4806321F4005143EA8F
:10155000862341EA45116FE74468956924F48024A5
:1015600044EA8524446095E7046A166924F48034CB
:1015700055684D490462036A446D23F400332140E9
:10158000474C43EA06431668A04223F4803341EAFD
:10159000060143EA05435ED004F58064A0425AD0B8
:1015A0000024D26841650194816D826503620198CF
:1015B00002B0F0BC7047046A166924F4805457687E
:1015C0003A490462036A446823F40053C56943EA54
:1015D00006332940324D166823F48053A84241EA6D
:1015E000062143EA07333ED005F58065A8423AD08C
:1015F0000025D26844600195C161026403620198CC
:1016000002B0F0BC7047016A166921F010015768FA
:10161000264C0162036A416823F02003856943EA8E
:1016200006132C401E4D166823F01003A84244EA0E
:10163000062443EA07131CD005F58065A84218D09C
:101640000025D2684160019584618263036201983C
:1016500002B0F0BC70474468956924F4803444EAD1
:10166000052444609CE724F48044956944EA851489
:10167000BEE7D2E9056523F0800321F4806143EAE7
:101680008613966841EA8501D56923F0400321F469
:10169000006143EA861341EAC501D1E78CFFFEFFF2
:1016A00000000140FF8FFFFE8FFFFEFFFF8CFFFE5B
:1016B00070B4344CB0F1804F0368A0EB0404B4FA6A
:1016C00084F44FEA541406D02CB92F4D2F4A90427F
:1016D00018BFA8421DD12E4A23F070034D68821A0C
:1016E0002B43B2FA82F2520923F44073D1E9026526
:1016F0002B430D880360C66285623CB932B94369E9
:1017000043F0010370BC4361002070470B7C03630E
:10171000F5E702F58062904220D002F578429042CF
:101720001CD01C4A1C4DA84218BF90420CBF01227D
:10173000002224D0194EA5F59635A84218BFB04214
:10174000D2D0174A90421AD002F58062904216D049
:101750008C680A880360C4628262D0E70C4A23F076
:101760007003104D821A4E68A842B2FA82F243EA20
:1017700006034FEA5212B7D0002AB5D1D1E70022B2
:10178000B2E700BF00000140000400400008004034
:101790000004014000400140004401400048014075
:1017A000001C0040000C00400023C0E90033C0E9E9
:1017B0000233C0E90433C0E90633C0E90833C0E9A5
:1017C0000A33C0E90C338363704700BF1F4BF0B48A
:1017D000595C0446D2E9023645181069334356690C
:1017E0006758034390693343D6690343906A334390
:1017F000174E03433E40D06A3343635090B16E6945
:10180000176B26F00706536B3843976B30436861BC
:10181000605820F0C07018436050635823F4C00330
:101820003B436350566800201368EE60AB60094E7E
:101830006B681E40D2E908321E436E60635823F085
:10184000F05313436350F0BC704700BF64190508A0
:101850001F80FCFF0000FFFF30B4614C0346614A6B
:10186000655C0C1E18BF0124821A405918BF012262
:1018700020F00100585192B98CB95B4A0021212017
:10188000116051609160D160116150615A5922F02C
:10189000F0525A513F2200209A6030BC70475348A2
:1018A000181A18BF012014B908B9514AE6E74C1EAE
:1018B00018BF01241ABB14BB4E4A0020212410601B
:1018C00050609060D060106154615A5922F0F0521B
:1018D0005A5101290DD0022915D0032924D00429F9
:1018E00027D0052914D006292BD0072935D001206F
:1018F000D3E74FF47462002030BC9A60704760B93F
:101900005CB93D4AD9E74FF47C1200209A60C4E7E5
:101910004FF474620020DA60BFE78C1E18BF012408
:101920005AB954B9354AC8E74FF0746200209A603A
:10193000B3E73F220020DA60AFE738B934B9304A64
:10194000BBE74FF47C120020DA60A6E7CC1E18BF7C
:1019500001243AB934B92B4AAFE74FF07462002042
:10196000DA609AE710B90CB9274AA6E70C1F18BF2E
:10197000012412B90CB9254A9FE710B90CB9244AC1
:101980009BE74C1F18BF012412B90CB9214A94E7F8
:1019900010B90CB9204A90E78C1F18BF012412B966
:1019A0000CB91E4A89E710B90CB91D4A85E70D4AE2
:1019B000934203D1072901D11A4A7EE71A4A00202F
:1019C0002124106050609060D060106154615A59B9
:1019D00022F0F0525A5100297FF47BAF5AE700BF42
:1019E0006419050800600240106002400064024073
:1019F00010640240286002402864024040600240B7
:101A000040640240586002405864024070600240E6
:101A1000706402408860024088640240A060024016
:101A2000A0640240B8600240B864024030B40023B1
:101A3000154C0168C36725680B681B0709D4002291
:101A400020231446436780F870208367204630BC0B
:101A50007047CB6913F40013F1D12268521BB2F125
:101A6000007FF6D30A682025032422F4D0720A608E
:101A70008A6822F001028A60456780F870308567C5
:101A8000204630BC704700BF80260120436ADA0739
:101A900010B406D50168846A4A6822F400322243F1
:101AA0004A609C0706D50168C46A4A6822F48032FD
:101AB00022434A60590706D50168046B4A6822F43C
:101AC000802222434A601A0706D50168446B4A689F
:101AD00022F4004222434A60DC0606D50168846B8A
:101AE0008A6822F4805222438A60990606D50168EA
:101AF000C46B8A6822F4005222438A605A060AD5CF
:101B00000168046C4A68B4F5801F22F4801242EA2E
:101B100004024A600BD01B0606D50268816C53682C
:101B200023F400230B4353605DF8044B70474A686D
:101B3000446C22F4C00222434A60ECE703680422AA
:101B400001F01F01186A02FA01F120EA010010B445
:101B500018621A6A0A4C114319625A6C42F4004224
:101B60005A649A681440062C06D0B4F5803F03D01E
:101B70001A6842F001021A6000205DF8044B7047B9
:101B80000700010001F01F01036A10B401248A401C
:101B90008C4023EA04035DF8044B0362016A0A43A4
:101BA00002627047034690F83C00012800F0C680AE
:101BB0000220F0B4012483F83D0083F83C40002A61
:101BC00031D0042A73D0082A1A6800F09580166A6A
:101BD000C86826F480560D684F688C680103166249
:101BE0002D03D06989B2166A05F4204520F44070AF
:101BF00026F4204640EA0720354320F47040014394
:101C0000D1611562D06920F44060D061D16941EAA8
:101C10000421D16100220121104683F83D1083F890
:101C20003C20F0BC70471A68DFF814C1166A6245A0
:101C30000C6826F001064D68C86816629769166A36
:101C40001DD0B2F1804F1AD0ACF57C4C624516D055
:101C50000CF5806C624512D00CF5806C62450ED09C
:101C60000CF5784C62450AD00CF5705C624506D0E4
:101C7000ACF5943C624502D047F0010502E027F044
:101C800003073D43000125F0F00526F00A0604F0A5
:101C90000A04C0B28F68344328439061146290698B
:101CA00020F00C009061916939439161B2E71A68A4
:101CB000C868166A0D6826F010064F688C68010324
:101CC00016622D01906989B2166A05F0A00520F40C
:101CD000407026F0A00640EA0720354320F470400B
:101CE000014391611562906920F4406090619169AF
:101CF00041EA042191618DE7176AC86827F480776B
:101D00000E684C688D68010117623602D069C9B24D
:101D1000176A06F4206620F0030027F420672043AA
:101D20003E4320F0F0000143D1611662D06920F0FB
:101D30000C00D061D1692943D1616BE70220704763
:101D4000000001400C2908D8DFE801F02807070748
:101D50002E0707073407070722000368012201F056
:101D60001F01186A02FA01F1154A20EA01001862FF
:101D7000186A0143196299680A40062A06D0B2F52A
:101D8000803F03D01A6842F001021A6000207047B9
:101D90000368DA6842F01002DA60DFE70368DA68A5
:101DA00042F00202DA60D9E70368DA6842F004021E
:101DB000DA60D3E70368DA6842F00802DA60CDE758
:101DC000070001000368012201F01F01186A02FAEE
:101DD00001F120EA010010B418620F4C1A6AA34204
:101DE00041EA0201196212D00C4A93420FD099685D
:101DF0000B4A0A40062A06D0B2F5803F03D01A6883
:101E000042F001021A6000205DF8044B70475A6CE2
:101E100042F400425A64EAE7000001400004014035
:101E200007000100F0B490F83D30002B66D0026846
:101E300002233B49B2F1804F80F83D30A2EB010113
:101E40001368B1FA81F14FEA51113BD0002939D121
:101E5000344D354CA24218BFAA4233D0334F05F55A
:101E60000065D71BAA42B7FA87F74FEA57174AD03F
:101E7000002F48D12E4F2F4CA24218BFBA420CBFA0
:101E8000012700274AD02C4DA4F59634A24218BF52
:101E9000AA4220D004F58064A2423FD004F58064B9
:101EA000A2423BD0816923F08003C4680B434168A0
:101EB0001360D46291620123536180F83D300020A9
:101EC000F0BC7047194F23F070038568D71B2B4374
:101ED000B7FA87F77F09046923F4407385692343C0
:101EE000C668446823F080032B431360D662946273
:101EF00009B9002FDFD043691363DCE703F0FF0269
:101F000080F83C2093E70D4C23F070038568A242D3
:101F100043EA0503DFD0002FDDD1ABE70027DAE786
:101F2000000001400004004000080040000401409F
:101F3000004001400044014000480140000C0040C6
:101F400010B4016802240B4A034680F83D408868BB
:101F50000240062A06D0B2F5803F03D00A6842F05C
:101F600001020A600122002083F83D205DF8044B45
:101F7000704700BF0700010003682DE9F04F13F020
:101F8000010785B000F0F080C44A13F40025916881
:101F900021F400019160C46A9168B4FA84FE41EAB8
:101FA00004014FEA5E1E916000F0E380BB49446B80
:101FB000D1F88C20B4F5801F22F4401242EA0402CA
:101FC000C1F88C2000F0B681B4FA84F413F48012C6
:101FD0004FEA5414019240F0D280990600F1E48057
:101FE000DE060CD5AD49D1F88C2022F08072C1F804
:101FF0008C20D1F88C20066B3243C1F88C20590418
:1020000008D5A649C66DD1F8902022F4403232435B
:10201000C1F890201A0408D5A049066ED1F8902086
:1020200022F440223243C1F89020DE0308D59B49B8
:10203000466ED1F8902022F440123243C1F890202D
:10204000590608D59549C66BD1F8902022F00302B5
:102050003243C1F890201A0608D59049066CD1F891
:10206000902022F00C023243C1F89020DE0508D502
:102070008A49466CD1F8902022F030023243C1F8F0
:102080009020990508D58549866CD1F8902022F0DA
:10209000C0023243C1F890205A0508D57F49C66C6A
:1020A000D1F8902022F440723243C1F890201E05EE
:1020B00008D57A49066DD1F8902022F44062324367
:1020C000C1F89020D90408D57449466DD1F8902004
:1020D00022F440523243C1F890209A0408D56F4947
:1020E000866DD1F8902022F440423243C1F890200E
:1020F00013F4001C0ED06949D0F87480D1F89020F8
:10210000B8F1006F22F0006208BF012442EA080221
:10211000C1F890205E0309D5DFF88081C26ED8F83F
:10212000901021F040710A43C8F89020190209D597
:10213000DFF86881826FD8F8901021F080510A434F
:10214000C8F890205A0100F18E80B3F1007F00F0B2
:102150009980BEF1000F40F09580012C00F0F180D5
:10216000002005B0BDE8F08F13F40025BE467FF4D3
:102170001DAF2C4613F4801201923FF42EAFDFF80E
:102180001CC1816BDCF88C20B1F5800F22F4400279
:1021900042EA0102CCF88C2000F0D080002908BF70
:1021A000012499067FF51CAFDFF8F0803C4AD8F88F
:1021B00040903C49944649F08059C8F84090D8F87E
:1021C000408008F08058CDF80C80DDF80C80D2F803
:1021D000008048F48078C2F80080D1F8008005E0E3
:1021E0000A68A2EB0802642A00F2A080DCF8002052
:1021F000D205F5D5DFF8A480D8F8702012F4407C21
:10220000826A02F4407919D0E14517D0D8F870C03D
:10221000D8F870A02CF4407C4AF4803AC8F870A03A
:10222000D8F870A02AF4803AC8F870A0C8F870C036
:10223000D8F870C01CF0010F40F00581B9F5407F5F
:1022400000F0EE80DFF854C0DCF8081021F4F8113B
:10225000CCF808101149C2F30B02D1F870C042EA61
:102260000C020A67BCE6DFF83480B3F1007FC26F6E
:10227000D8F8901021F0005142EA0102C8F89020ED
:102280007FF467AF054A0749D2F80080964628F0E8
:102290008068C2F80080D1F800800AE0003802406F
:1022A00000700040802601200A68A2EB0802642A20
:1022B0003CD8DEF800201601F6D46FB1C26A5AB9D4
:1022C0008268DEF884704668120707F0706742EA99
:1022D00086123A43CEF88420002D40F08380019A84
:1022E00022B1826BB2F5800F00F081809A010AD58D
:1022F000C36842681B06876843EA82135B4A43EA65
:102300000773C2F88430594B1F681A4647F080673C
:102310001F600F6803E00B68DB1B642B06D8136893
:102320001B01F8D5012C7FF41BAF0AE0032005B098
:10233000BDE8F08F00244FF0010E1BE74FF0010EB7
:102340004BE64A4B4A491C681A4624F080541C60EC
:102350000C6803E00B681B1B642BE7D813689E0016
:10236000F8D4002D6BD1019BC3B1836BB3B93F4A45
:102370004369D2F8884005691B0604F4403443EAF7
:1023800085132343C2F88830D2F88C30046A23F4D2
:10239000F853013C43EA0423C2F88C30BCF1000F2F
:1023A00010D0436FB3F1006F0CD183692F4C0069DB
:1023B0001B04D4F8882043EA801302F070621343B0
:1023C000C4F88830294B18681A4640F080501860CD
:1023D000086803E00B681B1A642BA7D813689B00DE
:1023E000F8D5BDE6426BB2F5801F7FF478AFDFF819
:1023F0007CE0C268DEF884704668120607F0E048A8
:1024000042EA861242EA0802CEF88420DEF88C7096
:10241000C26927F01F07013A3A43CEF88C2065E7DE
:10242000DFF84880DFF84CC0D8F8081002EA0C0C3E
:1024300021F4F81141EA0C01C8F808100AE7436BCF
:10244000002B94D08FE7D1F800B041F2883A06E033
:10245000D1F800C0ACEB0B0CD4453FF667AFD8F811
:1024600070C01CF0020FF3D0E8E600BF0038024055
:1024700080260120FFFCFF0F044B054A9B6805499D
:10248000C3F382230868D35CD84070470038024009
:1024900038C904087C1E0120164908B58B6803F072
:1024A0000C03042B1BD0082B17D14A684B6802F091
:1024B0003F02496813F4800313D10F48C1F3881118
:1024C000A1FB000137F086F80A4B5B68C3F30143B8
:1024D00001335B00B0FBF3F008BD074808BD0748B7
:1024E00008BD0648C1F388110023A1FB000137F0A5
:1024F00071F8E9E7003802400024F40000127A0085
:10250000F8B504468368B449E669E768B34DD0E995
:1025100004201A43236802431868AB4201EA000111
:1025200042EA060242EA0102A1691A605868226A78
:1025300020F4405042EA010240EA070058609968DE
:1025400021F4306142EA01029A605DD0A44A9342CC
:102550001CD0A44A934200F00081A34A934200F0A9
:102560000A81A24A934200F08680A14A934200F079
:102570009E80A04A934200F04B819F4A934200F014
:10258000178100230120C4E91833F8BD9B4B9C4AF6
:10259000D3F8903003F00C0313441B7BB6F5004FC7
:1025A00016D0082BEDD801A151F823F0DF26010841
:1025B00023260108C526010883250108992601085C
:1025C0008325010883250108832501084F2601087A
:1025D000082B06D8DFE803F0B6A49B058F05050598
:1025E000860001200023A3F110014FF6EF72914203
:1025F000C7D823F00F02C3F3420321681343CB6013
:102600000023C4E91833F8BD7C4B7D4AD3F89030E1
:1026100003F00303013B022B40F29780B6F5004F15
:102620007ED07649774B89681B68C1F34231606878
:10263000525CD34003EB5003B3FBF0F39BB2A3F126
:1026400010020DE0302B9CD1B6F5004F4AD06268E5
:10265000530803F50043B3FBF2F39BB2A3F110025E
:102660004FF6EF718A428CD822680020D360002395
:10267000C4E91833F8BD614BD3F8903003F44073CC
:10268000B3F5007F1BD063D833B3B3F5807F7FF4FD
:1026900078AFB6F5004F2ED0FFF7FEFE636800EB73
:1026A0005300B0FBF3F39BB2A3F11002D8E7534BF6
:1026B000D3F8903003F44063B3F5006F6CD1B6F5F6
:1026C000004F24D06268504B03EB5203B3FBF2F38C
:1026D0009BB2A3F11002C3E7B6F5004F32D0FFF76B
:1026E000CBFEDBE762680020530803F58033B3FBC1
:1026F000F2F39BB277E7FFF7CFFE61680346002055
:102700004A0802EB4303B3FBF1F39BB26BE7626849
:1027100000203E4B03EB5203B3FBF2F39BB262E7A4
:1027200036490020374B8D686668C5F34235196815
:102730007308525D21FA02F203EB4203B3FBF6F396
:102740009BB250E7FFF798FED7E713441B7A25E7C3
:10275000B3F5407F3FF478AF13E7284BD3F89030C0
:1027600003F03003202BAAD03FF66CAF002BB3D080
:10277000102B8ED005E7214BD3F8903003F0C00327
:10278000802B9CD004D8002BA6D0402B81D0F8E61B
:10279000C02B3FF459AFF4E605D8D3B1B3F5806F41
:1027A0003FF477AFEDE6B3F5406F3FF44DAFE8E6A9
:1027B000124BD3F8903003F44043B3F5004F3FF48D
:1027C0007EAF3CD8002B87D0B3F5804F3FF461AF8C
:1027D000D7E60B4A22E700BFF369FFEF0010014084
:1027E0000044004000480040004C004000500040C1
:1027F0000014014000780040007C00400038024096
:1028000038C904087C1E01200024F4000048E801B7
:102810000D4BD3F8903003F44053B3F5005F3FF411
:102820004EAF07D8002B3FF457AFB3F5805F3FF4AE
:1028300030AFA6E6B3F5405F3FF406AFA1E6B3F5CF
:10284000404F3FF401AF9CE600380240F8B501F07C
:102850000F05012600271C21C5EBC50401FB05015E
:1028600000EB84043C31A264236584F83C50676526
:1028700084F83D600369B34208BFE264DAB20068DD
:102880001DB9FEF735FC0020F8BDFEF7BDFC0020A9
:10289000F8BD00BF2DE9F0410A46D0F8A05200274C
:1028A0000B4E044685F838222F7205F50B720D2366
:1028B0008121C5F82C62D0F8A802FFF7C7FF05F503
:1028C000037220461F230121BDE8F041FAF782BBC5
:1028D000555342532DE9F047137882B09146044690
:1028E0008A465A2B5CD8DFE813F0CD005B005B0012
:1028F0007D005B005B005B005B005B005B005B00DE
:102900005B005B005B005B005B005B005B00B20098
:102910005B005B005B005B005B005B005B00A80191
:1029200074005B005B0074005B005B005B005B009D
:10293000CC015B00F6015B005B003A015B00DF004D
:102940005B005B005B005B0027015B005B005B00E2
:102950005B005B005B005B005B005B005B005B009F
:102960005B005B005B005B005B005B005B005B008F
:102970005B005B005B005B005B005B005B005B007F
:102980005B005B005B005B005B005B005B005B006F
:102990005B005B005B005B005B005B005B001702A1
:1029A000D0F8A0120524002091F85D325A1C01EBEA
:1029B000C303D2B283F83C4283F84002042A00F0F9
:1029C00003824FF0FF3581F85D22284602B0BDE852
:1029D000F087D0F8A032002005465881284602B082
:1029E000BDE8F087D0F8A042002104F10B0304F108
:1029F0001D0003F8011F8342FBD1702094F85C3264
:102A00000C25207394F85D02E574984213D004EB12
:102A1000C300013390F83C52DBB2A573042B90F84D
:102A20004152257690F8400218BF84F85C326076F7
:102A300008BF84F85C121223638199F80430122BCA
:102A400098BF63810025284602B0BDE8F08799F859
:102A50000130D0F8A002DB0740F18281072100F1AC
:102A6000120300F10B0583224181C3F10604D5490D
:102A700000E0127F03F80129E218AB4211FA82F25A
:102A8000F7D1DFE7D0F8A062D6F81472002F40F03B
:102A90002E82D0F8A43208469B6898470546002845
:102AA00040F06E82708190E7D0F8A062357A002DF8
:102AB00040F0918196F91832002BC0F27081D0F865
:102AC000A43208469B6898470746002840F0728267
:102AD000D4F8A4325046DB6898470546002840F0F9
:102AE0008E82D9F80210D4F8A00209BAD0F8607228
:102AF000C6F86412B9F807305BBA9BB21944C6F83D
:102B00006832B94200F26982B6F85E12D6F8142231
:102B100003FB01F3934240F09F81B3F5007F4FF038
:102B20000101204606F10C0228BF4FF400733172F8
:102B30009BB2FAF74FFA48E799F80150D0F8A03263
:102B400015F0020040F0F881D3F86012D3E999241F
:102B500022448A4200F202820546588135E7D0F8C5
:102B6000A08298F80860002E40F0338198F918325E
:102B7000002B80F2CF81D0F8A43208469B6898479A
:102B80000546002840F04F82D9F80200D4F8A06230
:102B900000BAD6F86072C8F86402B9F807305BBAB8
:102BA0009BB21844C8F86832B84200F2F880B8F80E
:102BB0005E22022003FB02F3D8F8142288F80800F2
:102BC0009A4240F0EC80B6F85E324FF4007CD6F8C2
:102BD000687206F10C05D4F8A422504607FB03F7EF
:102BE0002946A8F80AC06745D2F81080D6F86422B2
:102BF00028BF6746B7FBF3F39BB2C0470028C0F27B
:102C000060812A463B46D4F8A8028121FFF71EFEC8
:102C1000B6F85E52D6F83432B7FBF5F5D6E999200E
:102C2000DF1B2A44451BC6F83472C6E99925002DDE
:102C30007FF408AF03233372C7E6D0F8A0720820F0
:102C40000022604E07F11303788107F10B05C3F1F1
:102C5000070001E092F8242003F80129C2189D42E0
:102C600016FA82F2F6D1D4F8A4325046DB689847BF
:102C700000283FF4E7AEBB7B002563F07F03BB7306
:102C8000A3E6D0F8A062002506F10B0306F11702B7
:102C900003F8015F9342FBD1D4F8A43250460DF102
:102CA000020201A95B689847002840F0F880019B68
:102CB0000821BDF802200220013BF17352BA0C2119
:102CC0001C0EF374F2821A0C1B0A34747274B374FF
:102CD000B0827181B6E6D0F8A0620846D4F8A4327A
:102CE00006F25E2206F518715B68984705460028D3
:102CF00040F0C280D6F860320821B6F85E22013B6F
:102D0000308252BA7181180EF373190C72821B0A49
:102D100030737173B37358E6D0F8A07208200022A4
:102D2000284E07F11303788107F10B05C3F1070063
:102D300001E092F82C2003F80129C218AB4216FAE0
:102D400082F2F6D1D4F8A4325046DB6898470028C6
:102D50003FF478AEFB7B002563F07F03FB7334E622
:102D6000D4F8A44201EBC10199F80430E46904EB02
:102D7000810422790532934228BF13464381002BF8
:102D80003FF460AE013B9AB2531C0C322344024420
:102D900013F8011D9C4202F80119F9D152E696F888
:102DA0005D3205211A460133DBB206EBC202042B69
:102DB00082F8405282F83C1200F0A98086F85D3219
:102DC00040E600BF38C904084FF0FF3581F85D02C6
:102DD000FBE54646F7E6B6F85E5206F10C08D6F873
:102DE00068720846D4F8A432414607FB05F7D6F8C6
:102DF0006422D3F81490B7F5007F28BF4FF4007712
:102E0000B7FBF5F39BB2C8470028C0F22781B6F89C
:102E10005E02D6F83432B7FBF0F1D6E99925DB1B18
:102E20000A446D1AC6F83432C6E9992525B92046F8
:102E30002946FFF72FFDC8E505FB00F34246204673
:102E40000121B3F5007F4FF0000528BF4FF4007358
:102E50009BB2FAF7BFF8B8E590F85D3205215A1C2D
:102E600000EBC303D2B283F8405283F83C12042A29
:102E70003AD080F85D22E5E5D4F8A02202200025B2
:102E800092F85D32591C02EBC303C9B283F83C02CD
:102E900083F84052042924D082F85D12D2E5D4F898
:102EA000A022022092F85D32591C02EBC303C9B282
:102EB00083F8405283F83C020429EDD182F85D5238
:102EC000C0E5D4F8A0220420002592F85D32591CF8
:102ED00002EBC303C9B283F83C0283F8405281423B
:102EE000DAD182F85D5270E580F85D526DE596F8B2
:102EF0005D32052100251A460133DBB206EBC20222
:102F0000042B82F83C1282F840527FF457AF86F8C7
:102F10005D525AE598F85D3205211A460133DBB25D
:102F200008EBC202042B82F8406282F83C1200F0E7
:102F3000918088F85D3285E593F85D2205200025B3
:102F400011460132D2B203EBC101042A81F83C02DE
:102F500081F840527BD083F85D2273E593F85D22BF
:102F6000052411460132D2B203EBC101042A81F8D3
:102F7000400281F83C42EED1054683F85D0224E52B
:102F8000D4F8A0220220002592F85D3219460133C0
:102F9000DBB202EBC101042B81F8407281F83C02E4
:102FA00018BF82F85D324FF0050308BF82F85D72EA
:102FB00033720AE5D4F8A022022092F85D32194655
:102FC0000133DBB202EBC101042B81F8405281F8DE
:102FD0003C0286D082F85D3234E590F85D320521FE
:102FE0001A460133DBB200EBC202042B82F84052D6
:102FF00082F83C123FF478AF80F85D3222E5D4F8D5
:10300000A022022092F85D3219460133DBB202EBB6
:10301000C101042B81F8407281F83C02DAD13D46AF
:1030200082F85D72D1E4D4F8A022022092F85D32D9
:1030300019460133DBB202EBC101042B81F8406277
:1030400081F83C02C6D1354682F85D62BDE483F862
:103050005D52BAE4354688F85D62B6E4D4F8A02241
:103060000420002592F85D3219460133DBB202EBF1
:10307000C101834281F83C0281F84052AAD130E775
:10308000D0F8A01210B50B7A022B07D0033B012B0E
:1030900002D80021FFF7FEFB002010BD01F21B2229
:1030A00091F819120446FFF715FC0028F4DA2046BF
:1030B0000121FFF7EFFBEFE7F8B5D0F8A042054696
:1030C000267A5EB1012E07D104F21B2294F8191260
:1030D000FFF700FC00282FDB0020F8BDD0F8A83255
:1030E000D4F81012D3F83032D4F814221F2BC4E9CC
:1030F0008C1208D12D4BD4F80C229A4203D194F8AB
:10310000191201291DD994F85D32002105205A1C9D
:1031100004EBC303D2B283F83C0283F840120223CB
:10312000042A2846637214BF84F85D2284F85D1275
:10313000FDF744F80020F8BD28460121FFF7AAFB5F
:10314000CAE794F81A32013B0F2BDCD804F21B2299
:10315000FFF7C0FB0028237A1DDB013B022BBBD904
:103160006189F1B1D5F8A07204F10C020420D7F8FE
:103170003432D7F814425B1A87F83862A1423872A9
:10318000D5F8A802C7F834320B4628BF2346812160
:10319000FFF75CFBA0E7052BCED02846FDF70EF825
:1031A0009AE72846FFF776FB96E700BF5553424360
:1031B00070B5D0F89062E6B101EB810500EB8505B2
:1031C000EB695BB1D0F8A802C1EBC10400EB840449
:1031D000626CB3FBF2F402FB14341CB10020C6F89D
:1031E000140270BD23462246EC61FFF72FFB2046F8
:1031F00070BD022070BD00BF002310B504241A4624
:103200001946C0F86C42D0F8A802FFF71FFB002057
:1032100010BD00BF70B5054641B9D0F86C320C4600
:10322000032B10D0052B1FD0002070BDD0F88C329E
:103230009B6933B190F87422032A02D19847002089
:1032400070BD022070BDD0E953639E4212D8D0F801
:103250008C321B6923B190F87422032A00D198475D
:103260002846FFF7C9FFDFE7C5F86C12F9F73EFF04
:10327000204670BDF61AB342C0F84C6128BF3346F1
:103280009BB2F9F7A7FE204670BD00BF10B51346EC
:1032900002240A460021C0F86C42C0E90733D0F886
:1032A000A802FFF7D3FA002010BD00BFF0B500233D
:1032B00083B00E460446ADF806300B78D0F8A07205
:1032C00013F0600522D0202D19D14A78FE2A11D0A2
:1032D000FF2A14D14A8892B9CD8885B91B060ED42D
:1032E0004FF4807107F503721F2339810121F9F72B
:1032F00071FE08E04D8815B9CE88012E73D02046A6
:103300000225F9F74FFF284603B0F0BD4B780B2B91
:10331000F5D801A252F823F0573301087F33010892
:10332000FF320108FF320108FF320108FF320108B5
:10333000FF320108FF320108FF320108FF320108A5
:103340006D3301084933010890F87432032BD6D14C
:103350008B787B60D7E790F87422032ACFD10222C2
:103360000DF106011D46FFF791FFCCE790F874328E
:10337000032BC4D1391D0122FFF788FFC3E7097968
:10338000D0F8A802FCF7E8FC3179D4F8A802FCF7E1
:1033900015FDB38896F9042003F00F03002A4FF0BF
:1033A000000203EB830304EB83032ADBC3F844210D
:1033B000237C9BBB4FF40073022201212046F9F7C6
:1033C000FBFE0123C4F85831D4F8A0727B7A022B9B
:1033D00032D03279D20996D0012B94D020460121E7
:1033E000FFF758FA8FE71A0689D5D0F8A4329B69FF
:1033F000984703463246204639463B60FFF746FF72
:1034000081E79A61237C83B94FF400730222812102
:103410002046F9F7D1FE0123E362D5E740230222DB
:1034200001212046F9F7C8FECBE740230222812183
:103430002046F9F7C1FEEEE720468121F9F756FE56
:1034400000237B725FE700BF10B50C7882B00023C9
:10345000D0F8982214F06004ADF8063016D0202C75
:103460000ED14B78023B092B0AD8DFE803F0333941
:103470000909090909093F2F90F87432032B5AD022
:103480000224F9F78FFE204602B010BD4B780B2BBB
:10349000F6D80FF2080C5CF823F000BF21350108C4
:1034A0008134010881340108813401088134010824
:1034B00081340108F734010881340108813401089E
:1034C0008134010879340108133501088B78002410
:1034D0001360D8E7111D01220024FFF7D7FED2E7C1
:1034E000114601220024FFF7D1FECCE74B880024CF
:1034F0001B0A5360C7E74B881B0A222B1FD0212BC6
:10350000BED1CA881149092A28BF0922FFF7BEFE89
:10351000B9E790F87432032BB2D18B789360B2E79D
:1035200090F87422032AABD102220DF106011C4649
:10353000FFF7ACFEA7E702F108010122E6E7CA881F
:103540000349362A28BF3622E0E700BFE405012000
:10355000AC0501202DE9F0410A7884B000270D4622
:1035600012F060060446D0F890328DF80D70ADF878
:103570000E7016D0202E1AD1CE8806B3120643D56F
:1035800019460193D4F89432324668783E46D3F80F
:103590000880C047019BEA8820461946FFF776FE5F
:1035A00009E04B780A2B20D00B2B28D08BB120467A
:1035B0000226F9F7F7FD304604B0BDE8F081D0F8F7
:1035C0009432324648789B689847304604B0BDE84C
:1035D000F08190F87432032B29D002262046F9F7A7
:1035E000E1FD304604B0BDE8F08190F87432032B61
:1035F000F3D101220DF10D01FFF748FEDBE790F852
:103600007432032BD7D0E8E74A78032583F80162A8
:10361000394683F800221A46C0F848613346C0F89C
:103620004C613E46C0F86C52F9F7D4FCC3E7022265
:103630000DF10E01FFF72AFEBDE700BF2DE9F043B3
:103640000D784FF0010883B0044680F8805205F0F1
:103650001F0C4F7800F5207EC44580F88172CB782E
:103660008E7806EB0326B6B2A0F882624A790B790F
:1036700003EB02239BB2A0F8843291F807908A7979
:10368000C0F86C8202EB092292B2A0F88622C0F840
:1036900070220DD0BCF1020F3ED0BCF1000F19D04A
:1036A00005F08001F9F722FD002003B0BDE8F083AA
:1036B00005F06002402A67D06A0665D58021204661
:1036C000F9F714FD20460021F9F710FD002003B0A2
:1036D000BDE8F08305F06005202D6FD0402D6DD042
:1036E000002DEBD1092FE9D801A151F827F000BF37
:1036F0000938010837380108BD3601085538010876
:10370000BD36010865380108C5380108BD36010815
:10371000F1380108D137010805F06005202D4DD0A2
:10372000402D4BD0002DC9D1012FD9B200F004811A
:10373000032F00F0EF80002FC0D190F87422022AEE
:1037400000F0CC81032AB9D113F0800F01F00F03F0
:1037500003EB830300EB830340F0D881D3F84431BB
:10376000002BABD001F07F03142202FB030202F511
:10377000A072002B40F00D820023136011462046FA
:103780000222FFF783FD8FE794F87422013A022AA0
:1037900094D8DBB2032B91D8D4F88C3271462046F2
:1037A0009B689847B4F88632002B7FF47DAF0028E1
:1037B0007FF47AAF2046FFF71FFD75E7D4F88C320F
:1037C000714620469B689847002003B0BDE8F0830F
:1037D000F1B2C14D012985F80C113FF66FAF90F899
:1037E0007432022B00F0BE81032B00F0A9818021EE
:1037F000F9F77CFC00212046F9F778FC95F80C11CC
:103800002046FCF723FA4FE790F87432013B022B75
:103810003FF654AF022A7FF451AF0122D0F87C3238
:10382000C2600BB10323C360022204F10C012046E5
:10383000FFF72CFD38E790F87432013B022B3FF67E
:103840003DAF012E7FF430AF0023C0F87C32FFF78C
:10385000D3FC29E7012E7FF427AFC0F87C62FFF785
:10386000CBFC21E713437FF429AF7F2E3FF626AF31
:1038700090F87432032B3FF421AFF1B2D0F8A832A4
:1038800080F8761293F8BC23012A11D01A68002020
:1038900083F83810D2F8001821F4FE61C2F800183D
:1038A000D2F8001841EA0611C2F8001883F8BC03E8
:1038B0002046FFF7A1FC002E00F07C81022384F853
:1038C0007432F1E6330A013B062B3FF6F7AE01A254
:1038D00052F823F0553A01083B3A0108293A010809
:1038E000BD360108BD360108133A0108CD3901087B
:1038F000012A7FF4E3AE90F87432022B00F2FF80CD
:10390000002B3FF4DBAE0023014641F8083FFFF7F0
:10391000BDFCC9E690F87432022B00F0D380032B73
:103920007FF4CCAE4F063FF445AF56EA02037FF476
:1039300041AFF9F7DBFB3DE790F87422022A00F073
:10394000C180032A7FF4BAAE002E7FF4ADAE4806E4
:103950003FF430AFD4F8A80201F00F014268914261
:103960003FF628AF13F0800F4FF01C0340F0268184
:1039700003FB01020025134602F5FE7283F8FD5198
:1039800000231170937090F8BC33012B3FF412AFF9
:103990000121036880F8BC1355781178012D0CBF04
:1039A00003F5106303F5306303EB4113196821F449
:1039B00000111960D278023A012A03D81A6842F03D
:1039C00080521A60002380F8BC33F3E6037C002B9E
:1039D0007FF474AED0F88C320DF106001B6B984763
:1039E00007234370BDF806306BB1B4F88622002A75
:1039F0003FF4E0AE9A420146204628BF1A46ADF891
:103A00000620FFF743FCB4F88632002B7FF44CAE5F
:103A1000D0E6037C002B7FF451AED0F88C320DF150
:103A200006005B6B9847DDE7F6B2052E3FF646AE23
:103A3000DFE806F0302820184038037C002B40F0E7
:103A40009F80D0F88C320DF106009B6A98470223C4
:103A50004370C7E7D0F888320DF10601007C1B687F
:103A60009847BFE7D0F888320DF10601007C1B694A
:103A70009847B7E7D0F888320DF10601007CDB6883
:103A80009847AFE7D0F888320DF10601007C9B68BB
:103A90009847A7E7D0F888320DF10601007C5B68F3
:103AA00098479FE7D0F888320DF10601007C9B69AA
:103AB000984797E7D0F888320DF10601007C5B69E2
:103AC00098478FE74D063FF4F9ADF9F70FFB204615
:103AD0008021F9F70BFBE7E5807701204A067FF4A8
:103AE000EDAD1B064FF000034FF002024CBF00F19A
:103AF000140100F5A0710B60FFF7C8FBD4E5032BA0
:103B00007FF4DCAD011DFFF7C1FBCDE59B69002B08
:103B10003FF4D4AD01F07F035A1C02EB820200EBAC
:103B20008202002B3FF428AED0F8A8121C2000FB24
:103B3000031393F83E30002B3AD0012313601DE6A7
:103B400079B3416801293FF435AEC9B2FCF77EF87C
:103B500095F80C1120466160FCF780F802287FF48C
:103B600029AEABE500293FF425AE012103234160D6
:103B700080F87432FCF772F802287FF41BAE9DE5E2
:103B8000D0F88C320DF10600DB6A984702234370AF
:103B900028E7D0F8A8321C2000FB013393F8FE314F
:103BA000C9E70223416080F87432FCF74FF801E660
:103BB0001360E3E5012384F8743275E503FB010229
:103BC000012513463C3283F83D50D9E670B41D4EB2
:103BD000056803E03468A41AA14226D3AB6913F048
:103BE0002003F7D010222023EA61EB61AB699A072A
:103BF00001D50023AB62AB69DB0703D4AB6943F0AB
:103C00000103AB616B6800220F4C202123406B60E5
:103C1000436C80F8402043F00403436480F8411073
:103C200080F84220012070BC7047426C202180F84F
:103C300040300A43426480F8411080F8423001204D
:103C400070BC70478026012000E800FE2DE9F0419D
:103C5000DFF8548004460E4615460AE09B69DB06F1
:103C600002D5FFF7B3FFE0B9D8F800305B1BB342D1
:103C700009D823682A46314620469F69BF07EDD5FB
:103C80000020BDE8F081636C2021002201200B435D
:103C900084F84020636484F8411084F84220BDE831
:103CA000F0810120BDE8F08180260120F0B4844637
:103CB0000568049F104E03E03468E41B9C420AD858
:103CC000AC6931EA04000CBF012400249442F3D013
:103CD0000020F0BC7047DCF8443020210022012095
:103CE0000B438CF84020CCF844308CF841108CF811
:103CF0004220F0BC704700BF802601200268436B61
:103D00009169126803B11847704700BFF0B490F88A
:103D100041200346002A40D02420DC68D3E900215A
:103D200083F84100012C106821F0706120F001003F
:103D300010601161916821F400419160996828D068
:103D400041F40441022C916002D14FF400615160B2
:103D500051680020134C20269F690C43D3E90415B9
:103D600054602943DC69D56841EA07211F6A25F4BC
:103D700000453C43D560D1601460116841F00101F9
:103D80001160586483F84160186383F84200F0BC06
:103D9000704741F400419160DAE702F0FF0180F8DA
:103DA0004010B9E7008000022DE9F04F002383B0F6
:103DB000DFF810820D68DFF810E203E00133102B0A
:103DC00000F0B88001229A4032EA050405EA020CAC
:103DD000F4D14C6824F01007022F40F0AE80DF08C9
:103DE00003F0070A4FF00F0B0E6900EB87074FEA4D
:103DF0008A0AD7F820900BFA0AFB06FA0AF64FEA6D
:103E0000430A29EA0B094FF0030B46EA09090BFAAA
:103E10000AF604EA0B0BC7F820906FEA0609076858
:103E20000BFA0AFB27EA06064BEA060606608768D5
:103E3000C4F3001607EA090BCF689E4007FA0AF799
:103E400047EA0B078760476827EA02021643466085
:103E5000C668E7008A6806EA090902FA0AF242EA35
:103E60000902C260AAD5D8F8447023F0030903F010
:103E700003020F2647F4804709F180499200C8F8F1
:103E8000447009F59C39D8F8447006FA02FA07F430
:103E900080470197444F019EB842D9F8086026EA4E
:103EA0000A061AD007F58067B8425ED03F4FB84285
:103EB00060D03F4FB84262D03E4FB84264D03E4FD0
:103EC000B84266D03D4FB84268D03D4FB8420CBFB3
:103ED0000727082707FA02F21643C9F808606FEAB5
:103EE0000C07DEF80020E60303F1010354BF3A405B
:103EF0004CEA0202CEF80020A203DEF8046054BFB0
:103F00003E404CEA0606E202CEF80460DEF80860A5
:103F100054BF3E404CEA0606A402CEF80860DEF824
:103F20000C2054BF3A404CEA0202102BCEF80C2071
:103F30007FF448AF03B0BDE8F08F4FEA430A4FF07B
:103F40000309D0F800B0013F04EA090609FA0AF9AA
:103F5000012F2BEA090B06FA0AF66FEA090946EA6D
:103F60000B0606603FF674AF61E7012707FA02F21D
:103F70001643B2E7022707FA02F21643ADE703271A
:103F800007FA02F21643A8E7042707FA02F21643DB
:103F9000A3E7052707FA02F216439EE7062707FA6A
:103FA00002F2164399E700BF0000024000080240F9
:103FB000000C0240001002400014024000180240B1
:103FC000001C024000380240003C01402DE9F8434B
:103FD0003C4E337D012B6DD0012380460F46337557
:103FE000F7F758FC054600285FD14FF0FF333B60E0
:103FF000D8F80030012B3DD0D8E901934B444B4514
:1040000053D9314C2DE0022B0CBF4FF400734FF409
:104010004073226922F440722261226913432361B2
:10402000236923F0F8032361236943EAC90343F0BA
:1040300002032361236943F480332361BFF34F8F6D
:10404000F7F728FC236923F07A032361002835D190
:10405000D8F8083009F10109D8F8042013444B4579
:1040600023D998F80C30002BD3D0012BCBD14FF4AF
:104070008073CEE7144CD8F80C3022691B0222F46E
:1040800040729BB22261226942F0040222612269DD
:10409000134343F480332361BFF34F8FF7F7FAFBE9
:1040A0002369054623F00403236100232846337562
:1040B000BDE8F88302252846BDE8F8830546C7F821
:1040C0000090F2E728370120003C0240754B0021A8
:1040D00008222DE9F0411D6882B080460191D0E9A7
:1040E000166334689A40224204D001680F6878074A
:1040F00000F18A8001229A40224204D0D8F80010B0
:104100004969090678D404229A40224204D0D8F89A
:10411000001009688F0767D410229A40224204D009
:10412000D8F800100F68380749D420229A4022425C
:1041300017D0D8F800100C68E00612D5B26098F8D5
:104140003520052A73D00B6813F4802F0B6800F01C
:104150009080190340F19B80D8F83C300BB1404669
:104160009847D8F854303BB3D8F85430DA071BD509
:10417000D8F8002005214C4B88F83510A3FB0535F5
:10418000136823F00103AD0A136002E01368DB0734
:1041900004D5019B0133AB420193F7D900220123DF
:1041A00088F8342088F83530D8F84C3023B14046B0
:1041B00002B0BDE8F041184702B0BDE8F081B2603E
:1041C0000A6812F4802F0A682AD1D70503D40A6836
:1041D00022F008020A60D8F84020002AA5D0404604
:1041E0009047D8F85C30A0E7B260D8F8542042F08D
:1041F0000402C8F854208FE7B260D8F8542042F087
:104200000202C8F854207EE70F6827F004070F6009
:10421000B260D8F8542042F00102C8F8542069E78F
:104220001203D8D5D8F84820002AD8D17DE70A68EB
:10423000D8F8404022F016020A604A6922F0800253
:104240004A6154B30A6822F008020A603F2200243F
:10425000012102FA03F3D8F85020B36088F8344003
:1042600088F83510002AA7D0404602B0BDE8F041DA
:10427000104713F480737FF46FAF0A68012422F0B3
:1042800010020A6088F8343088F8354064E7D8F8BE
:104290004430002B7FF463AF63E7D8F84820002A4E
:1042A000D0D1D3E77C1E0120B5814E1B90F835207C
:1042B0000346022A03D0802201205A657047026813
:1042C0000521002083F83510136823F001031360E3
:1042D000704700BF70B5324A002590F8413004465F
:1042E00080F84250283BC2624585426C022B41EA6D
:1042F000020141642BD80321FBF7C6FD2822294B7C
:1043000080F84120436305632268136813F48043F7
:1043100012D01368A06B23F480431360B0B1224A1B
:104320000023026584F84030FFF7C0FF70B1A06B36
:10433000BDE87040036D1847116811F4004114D1B5
:1043400094F84130602B24D084F8401070BD0721D0
:10435000FBF79AFD90F84130602B02D0202380F8C3
:104360004130002323636363CEE71168E06B21F4DF
:10437000004111600028E9D00B4A026584F8403002
:10438000FFF794FF0028E1D0E06BBDE87040036DBB
:104390001847202384F8401084F8413070BD00BFD6
:1043A0000000FFFF9944010815FF00080368202260
:1043B00070B51E680D46DA6107210446FBF764FDFF
:1043C00003683348596841F4004159605A68024013
:1043D0005A609A69910701D500229A629A69D207B8
:1043E00003D49A6942F001029A6170042BD5A26B42
:1043F0001AB11268526892B262856A0709D55A6A80
:1044000025F00405636A1A70636A228D01336362C2
:104410004ABB638D9BB21BB1636C43F004036364BE
:104420000023236384F84230666C636316BBE36A3F
:10443000184DAB420DD194F84130202384F84060F0
:1044400084F8413070BD3104D7D5E26B002AD0D159
:10445000D3E72046FBF798FD2023E56284F840600F
:1044600084F8413070BD638D013A013B22859BB2D7
:104470006385CEE7616C2046FFF72CFF94F841304E
:10448000282BDFD129462046BDE87040FBF750BD00
:1044900000E800FE0000FFFFF8B590F84030C66A63
:1044A000012B00F0848017460123CA0604460D46FE
:1044B00080F8403020D5FB061ED5438D9BB2002BE3
:1044C00062D190F84130B6F1007FDBB202D1282BE7
:1044D00000F0848094F841301021292B2368D961A1
:1044E00002D116F5803F68D1AA0601D5BB0659D482
:1044F000002084F84000F8BD680710D42A072ED5A4
:104500003B072CD594F8413003F02803282B61D0C9
:10451000216808200023C86184F84030E4E7790767
:10452000ECD5638D9BB27BB1216825F00405636AED
:10453000496A1970638D606A218D013B01309BB21D
:104540000139606263852185638D9BB2002BCBD1DD
:1045500016F5803FC8D02046FBF716FDC4E7A80734
:10456000C2D5B907C0D5638D9BB213B3606A236807
:1045700010F8016B218D9E62638D01396062013BF1
:1045800021859BB26385AFE703681021D961436C35
:1045900043F00403436436F08073A5D1416CFFF708
:1045A00099FEA1E729462046FFF700FFA0E7022079
:1045B000F8BD36F0807397D1CDE799698A0701D5A8
:1045C000002199629969CE07C5D4996941F001012A
:1045D0009961C0E72046FBF779FC85E7FBF7A8FC6B
:1045E00082E700BF38B520220368204D0024DA613D
:1045F0005A682A401E4D5A6004634463CC06C56263
:1046000005D51022DA61426C42F0040242649A69D4
:10461000910701D500229A629A69D20703D49A6958
:1046200042F001029A610321FBF72EFC436C90F8E3
:104630004120602A0CD01A1E18BF012243B990F8FD
:104640004130212B08D090F84130222B04D038BDC6
:10465000416CBDE838403DE6202380F8402080F8DA
:10466000413090F8423080F8422038BD00E800FE2A
:104670000000FFFF38B590F840300446C06A012BB7
:1046800071D0012384F84030CB0615D5D50613D55B
:10469000D30BC2F3803543EA9232D20729D5E26BBD
:1046A0005AB3DB0729D513685B6833BBA36B53B3DD
:1046B0004DB31B685B6826E00B0707D4880601D55D
:1046C000930612D4002084F8400038BD1507F5D5B4
:1046D00094F8413003F02803282B46D023680822A1
:1046E0000020DA6184F84000EFE72046FFF75EFE25
:1046F000E8E723681022DA61E4E7A36B23B31DB374
:104700001B685B6803BB94F84130282B02D1B0F1E1
:10471000007F2ED094F841301022292B2368DA61D3
:10472000D0D110F5803FCDD09A69910701D50022F4
:104730009A629A69D20703D49A6942F001029A6197
:104740002046FBF721FCBDE723681022DA61636C89
:1047500043F00403636430F08073B3D1616C20468E
:10476000FFF7B8FDAEE7022038BD2046FBF7AEFBF1
:10477000A8E72046FBF7DCFBA4E700BFF8B590F8FC
:104780004030012B7BD00123CD06044680F8403019
:1047900023D5D00621D510222368616B4548DA6104
:1047A000626C814242F00402626466D0424A9142E5
:1047B00063D0F4211A680A431A609A69910701D5F7
:1047C00000229A629A69D20703D49A6942F00102E0
:1047D0009A61002084F84000F8BD0B0631D55706D9
:1047E00043D523681A6822F040021A60628D92B2A3
:1047F000002A46D05868618DC0F309008AB2FF2AAA
:104800004BD8628DE56A91B215F5803F2185CDB216
:104810004BD0E76A2D045A68284E324002433A438F
:104820002A435A60628D521A92B2628594F84120EE
:10483000222A1A680CBF42F4004242F480421A60F5
:10484000C7E74D0611D550060FD5638D9BB2FBB956
:1048500023685A689101BCD4E26A12F5803F13D1F3
:104860005A6842F480425A60B3E78B06B1D592068B
:10487000AFD52046FFF7B6FEABE760219AE70220EE
:10488000F8BD5B689E0103D42046FBF7A1FBA0E7BF
:1048900040212046FFF71EFD9BE7FF224FF47F05D6
:1048A0004FF0807711462285B5E74FF000772D0451
:1048B000B1E700BF754601087D470108009C00FC78
:1048C00090F84030012B00F09C8001232DE9F0414D
:1048D000044680F84030C8060D4690461BD512F0BD
:1048E000100F18D023681021D961616C41F00401C8
:1048F00061649969890701D5002199629969CA079C
:1049000064D5AB0602D518F0200F71D1002084F8D1
:104910004000BDE8F0816B0712D4AF0724D518F032
:10492000020F21D0606A236810F8016B218D9E620E
:10493000638D01396062013B21859BB26385E0E7AD
:1049400018F0040FE9D0216825F00405636A496A6C
:104950001970638D606A218D013B01309BB2013972
:10496000606263852185CCE72E0615D46906C8D51B
:1049700018F0400FC5D0638D9BB2002B33D1236854
:1049800059688A01BDD4E16A11F5803F27D1596881
:1049900041F480415960B4E718F0400FB1D0638D05
:1049A0009BB2C3B1238DB3B920684168638DC1F355
:1049B00009019BB2FF2B26D94368FF27204E27858C
:1049C0003340204E19430E4346609AE7996941F0FF
:1049D0000101996195E723685B68980103D420463B
:1049E000FBF7F6FA8DE740212046FFF773FC88E7D6
:1049F00020462946FFF7F6FD002084F84000BDE878
:104A0000F08102207047638DE66A9BB216F5803F05
:104A100023850AD0E76ADBB24668094A16403E435E
:104A200046EA0343194341606BE74668DBB2044F33
:104A30003E40314341EA034343F00073436060E783
:104A4000009C00FC0000FF0103689A69196810B41B
:104A5000D4052ED50C061FD5416C4FF4807441F05F
:104A6000010141645105DC6128D5416C4FF480643B
:104A7000920541F008014164DC6106D5426C4FF4B7
:104A8000007142F002024264D961416C11F00B0FD7
:104A90000CD15DF8044B70475405F6D49405F4D559
:104AA0000906EBD4416C11F00B0FF2D05DF8044B0A
:104AB00010E45405F2D50906D7D4E6E79205DDD413
:104AC000E3E700BFF0B4044690F834000128A66D77
:104AD00038D0012594F83500A84284F8345005D028
:104AE0000023022084F83430F0BC70472568022788
:104AF000002084F83570A76860652868402F20F48E
:104B0000802028606B601AD0A960EA60E16D3F23C5
:104B1000226C8B40B3602B6843F016032B606B69EB
:104B200043F080036B611AB12B6843F008032B60DC
:104B30002B68002043F001032B60F0BC7047AA6093
:104B4000E960E3E70220F0BC704700BFF0B490F8E2
:104B50003530022B34D0036800221B4D2127D9B2F7
:104B60001E68103926F00106A5FB0145174C5F2988
:104B70001E6004EB15141A605A6094F834409A6071
:104B8000DA601A615F61C46515D8114A1A400023C2
:104B90003F218265A1401C469160436580F8343016
:104BA00080F83530C0E90F33C0E91133C0E9133361
:104BB0002046F0BC7047A2F580621A400432E6E756
:104BC000DCB22046F0BC7047ABAAAAAA38C90408D8
:104BD00000FCFFFF0246F0B44A4C2068002A57D080
:104BE00002231168002582F8353082F834500B68B2
:104BF00023F001030B6003E023681B1A052B3FD849
:104C00000B68DD07F8D4D2E90130D56803430F689B
:104C1000D2E904402B432343146AD2E906650343D7
:104C20003948334338402B43556A2343042D40EA27
:104C3000030030D008604B6923F007031D43CBB25B
:104C4000324C4D61103B3248A4FB03545F2B314B77
:104C50004FF0010500EB14104FF0000403EA0103CC
:104C60004FF03F0190F8340088BF04338140D06595
:104C7000204693659960546582F83550F0BC7047C2
:104C8000032320211846516582F83530F0BC704767
:104C90000120F0BC7047D2E90B74936A3C43204377
:104CA00008604D6925F007051D4345F00405002FF8
:104CB000C5D07EB1B6F5005F12D0022B03D9032B0D
:104CC000BDD1FB01BBD5012340211846516582F8B7
:104CD0003530D3E7012B11D033F00203AFD1F0E729
:104CE000032BACD801A050F823F000BFC74C01083B
:104CF000C34C0108C74C0108FD4C0108B7F1C07F47
:104D00009DD1E0E7802601203F8010E0ABAAAAAA4F
:104D100038C9040800FCFFFF002807DB00F01F0172
:104D200001234009024A8B4042F82030704700BFFF
:104D300000E100E0034A0130116813685B1A834206
:104D4000FBD37047802601200023014410B410F8E3
:104D5000014B0822634002E0013AE3B209D013F0AC
:104D6000800F4FEA4304F7D084F00703013ADBB227
:104D7000F5D18842EBD118465DF8044B704700BF6F
:104D800030B54FF4806085B01BF0F8FEA8B1284C18
:104D900094F84820012A12D0022A24D0032A37D0BE
:104DA000606CFF23003884F8543084F8643018BFF6
:104DB000012084F8743084F8843005B030BD94F854
:104DC000495000234FF4E13190F904009D4218BF8F
:104DD0000825CDE9001202954FF48061154A1BF0B9
:104DE0002AFF6064DCE794F8495001214FF49642B1
:104DF0000023002D90F90400019118BF08250092AE
:104E00004FF480611A4602951BF015FF6064C7E7F6
:104E100094F84930012190F904004FF4E132002B5D
:104E200001914FF0000314BF0C250425E7E700BFF4
:104E30008077012051000000334B1B6813F00063A2
:104E400015D0324A92F84830012B09D0023B012B91
:104E50000DD8002802F1540214BF002010467047FC
:104E60002B4B93F8703298420ED3FF2801D00020CC
:104E700070472DE9F04FDFF8A8B09BF8BB1101B1E6
:104E800033B92448BDE8F08F543202EB001070476C
:104E9000002002F15401864680460746814684463A
:104EA00005464E880135B1F80CA037440E785044C1
:104EB00091F901A0B4453FB200B238BFB446D14524
:104EC000D1E90146B8BFD1469D42A04401F110018D
:104ED000B644E6DB1049002582F810C1097882F853
:104EE000119109298BF8BB5197FBF3F790FBF3F372
:104EF000C2E9458EA2F81271A2F81C31C1D1074B4C
:104F00000448C3F80CC0BDE74C390120807701206C
:104F100074220020907801209C200020A0200020F6
:104F2000F003012070B40478A51E15F0FF061DD013
:104F3000451E02464FF6FF73354401E012F8014F5B
:104F40001B1BAA429BB2F9D11C0A084410F8012C81
:104F5000A24202D0002070BC704710F8020CDBB2F5
:104F6000C01AB0FA80F070BC40097047FF244FF6B9
:104F7000FF73EAE72DE9F8434378434C190703F040
:104F80000F0594F8202100D072B10021AA4284F8C4
:104F9000241104D94FF000084046BDE8F883AA1A4E
:104FA000D1B20E29F6D803E084F8205184F82421E8
:104FB000224492F8BC100029ECD003F0F003802BBF
:104FC00040D0902B49D0A02BE4D1084665F05F0576
:104FD000FBF7A4F802462D48131D84F8255184F8E8
:104FE0002431FBF7F1FD94F82481B8F1000FD1D002
:104FF000A8F1020313F0FF0641D0254A4FF6FF71D6
:10500000901912F8015B491B904289B2F9D15FFAFD
:1050100081F90D0A4BB11E4FFE1817F8011BD4F889
:10502000480122F0E9FBBE42F7D14946D4F84801D5
:1050300022F0E2FBD4F84801294622F0DDFB40468D
:10504000BDE8F883042365F07F050226984684F8BE
:10505000243184F825513346CFE7084665F06F05C3
:10506000FBF75CF80426062284F82701334684F80F
:105070002551904684F8261184F82421BDE7FF25A8
:105080004FF00208A946C5E780770120A6780120E5
:10509000A4780120C21D2DE9F04F02F4FC7285B006
:1050A000524C064600AFD4F84C31ADEB020D04F57E
:1050B000AE7A89460DEB0002E8465345FA602FD0E0
:1050C00094F89C120DF1010C94F89D0201F00F0E62
:1050D000D4F850510131C7F808C04EEA401E07F11C
:1050E000080084F89C128DF800E0ED1AA2EB0C0B7E
:1050F0001946AB4544DD2A4627F006FAD4F84C2180
:10510000B96840462A44C4F84CA1A1EB0801C4F890
:105110005021C9B2C84700201437BD46BDE8F08F02
:1051200094F89C5294F89D0205F00F01B4F956C111
:10513000013541EA4011BCF1000F84F89C5241F066
:105140001001D4F85051C9B2A5EB0A0BB8BF41F019
:105150008001012888F8001022D1BBF1FE0F38DD54
:1051600007F10800FF2594F8542108F103031FFA02
:105170008BF1786088F8015088F80220BB6020E04D
:105180005A4627F0C1F9D4F84C31404631465B44C9
:10519000C4F84C31C84701201437BD46BDE8F08F34
:1051A00007F1080094F8582108F10203B4F85411EB
:1051B000786088F80120BB6027F0EAF91FFA8BF1CC
:1051C000786827F0E5F97868D7E902C2D4E9533561
:1051D0008BE794F8541108F1030C07F1080088F8E4
:1051E00001B088F80210C7F808C07EE78077012078
:1051F00001297ED9F0B5037883B0614CC3F3411522
:1052000003F00F07032D84F89D5200F0838013F004
:105210001003164606D0012D6DD0052912D80020A6
:1052200003B0F0BD94F87023002AF8D094F87123ED
:10523000013202F00F02BA4256D0184684F8703399
:1052400003B0F0BD43784518811D84F86C33438862
:10525000A4F868338388C02B76D84A4A4FF0000CF4
:1052600001201344C4F86023A4F86AC3C4F864336B
:1052700084F870039A1A6D1A84F8717395425EDB94
:10528000414F002A54D1B4F96833FA2B02D10EB140
:10529000052333703B4B00253C4839461A1FD4F890
:1052A00060C3A3F5A276C4F86033C4F85021A3F517
:1052B000AA72D0F8000201ABC4F84C61C4F864C310
:1052C00084F87053C4F8545101951BF051FF01301C
:1052D0004DD0019B0BB100209847D4F84C310120F0
:1052E000C4E9536303B0F0BD4518411CD4E9D82389
:1052F000C0E700207047022991D043788278FF2BC5
:10530000A4F8682318D1042989D94518B0F80330C6
:10531000411DA0E700201E4904F5AE7204F25D13A2
:1053200084F85C010120C4F85411C4E9532377E7E1
:10533000384627F0E9F8A6E74518C11C8BE72A464E
:10534000114827F0E1F86AE7124B0321B4F868032B
:105350004FF6F6725D1CC4F84C31A4F854010120DC
:10536000C4F8505184F85C11A4F8562158E7D4F8D9
:105370004C310222591CC4F84C111A70A9E700BF25
:1053800080770120207A0120E07A0120F0030120BB
:105390000000F6FFDC7801200B4B93F8E62012B1F9
:1053A000B3F8CC2052B9094B094AB3F9043082FB57
:1053B0000312D817C0EBA20000B27047D3F8040163
:1053C00090FBF2F000B2704780770120B8390120DD
:1053D00067666666F8B50546174CEEB2D4F87403F6
:1053E000C5F30727314622F007FA94F87833394697
:1053F000D4F874035E4084F8786322F0FDF994F8E1
:105400007833C5F30746D4F874032D0E5F40314658
:1054100084F8787322F0F0F994F878332946D4F8B8
:1054200074035E4084F8786322F0E6F994F8780318
:10543000454084F87853F8BD8077012070B5044664
:105440000B4DE6B2D5F87403240A314622F0D4F9A4
:1054500095F878332146D5F874035E4085F8786373
:1054600022F0CAF995F87803444085F8784370BD76
:105470008077012038B50B4C002305462421D4F851
:10548000740384F8783322F0B7F9D4F87403542104
:1054900022F0B2F92946D4F87403BDE8384022F06E
:1054A000ABB900BF807701202DE9F04FBF4D0E460C
:1054B000924695F879432DED028B83B0002C00F0D5
:1054C0007B82013C85F87943B94F9FEDBA8AA7F5F5
:1054D000037BDFF8F082DFEDB88ADFF8EC923378F7
:1054E000002B00F0918095F87943002C40F08C80DF
:1054F000BAF1000F07D020F02BFBDAF80030C01A09
:10550000002880F2D18395F87A23002A40F0938313
:1055100095F87B33062B40F211829BF809429BF8E9
:105520000812A14200F03782DBF80422601C95F8D3
:105530007C13013332F81440C0B2DBB2DFF88CC206
:105540000C4485F87B33A4B28CF80500B4F5E26F07
:1055500000F00B8200F2D88040F201439C4200F040
:10556000168300F2A080B4F5067F6FD8B4F5007FF3
:105570004FD3A4F50073182B42D8DFE813F068026C
:105580005902590259025902590259025902590243
:1055900041004100410041004100410041004F02F3
:1055A000340234023402340234023402340234024B
:1055B00095F8AC309C0723D5C107804B40F17A8326
:1055C0005A6882EAE273002AA3EBE27303EB530307
:1055D000A8FB03134FEAD303ACBF43F0004343F0EF
:1055E0004043102100240822CDF8033068462B6C7C
:1055F0008DF800108DF801408DF802209847347026
:10560000BAF1000F7FF46BAF03B0BDEC028BBDE8C5
:10561000F08FB4F5807F00F0E482B4F5887FEFD19D
:1056200012F00AFC102301220024CDF803008DF8AB
:10563000003068468DF801308DF802202B6C9847B9
:105640003470BAF1000F7FF44AAFDDE7B4F5806F34
:10565000D6D195F87D330133DAB2042A00F0008305
:1056600042F2107385F87D2303FB02F3D5F8802303
:10567000002A00F0F382023395F80821D407B5F828
:105680000A214FF0000448BF0433900748BF0A3393
:1056900051074FF0100148BF143392064FF0040237
:1056A00048BF2833A0E7B4F5A16F00F2D580B4F568
:1056B000A06F00F25582B4F5846F00F03E82B4F51D
:1056C000A06F40F085800EF0C3FC002898D03C49C4
:1056D000052310220024D1EDB87A68468DF80230F7
:1056E000C7FEA87AFCEEE77A8DF800208DF801401D
:1056F00017EE903ACDF803302B6C98473470BAF11E
:10570000000F7FF4ECAE7FE7B4F5376F00F0BB819C
:1057100038D945F230239C4200F0DE8120D945F291
:1057200040239C4200F0408245F250239C427FF48B
:1057300067AFD5F804211020502152230024CDF862
:1057400003208DF800008DF801108DF802306846B6
:105750002B6C98473470BAF1000F7FF4C0AE53E75A
:1057600045F210139C4200F0A18140F29C8045F26A
:1057700011139C427FF444AFD5F8942310201121DB
:105780005123DBE7B4F5036F00F0B48140F2A3804E
:10579000B4F5046F00F03082B4F5116F7FF430AFD0
:1057A00013F08AFB102309223EE700BF8077012017
:1057B000FC0501200000C8420000000078390120EB
:1057C000742200201F85EB51C5B3A291F40501207E
:1057D000B4F5826F7FF414AFEB6B9C0640F1468208
:1057E000DB4A95F8AC00518A6439C1EB4173C1EBD7
:1057F000C30189FB0134CB1721440024C3EB2123CF
:105800000933092BA8BF092310F0020F23EAE37321
:1058100014BF4FF47A710021C00703EB8303107D9E
:1058200048BF01F5FA61102203EB83038DF80020D5
:105830009B008DF801209BB20B44042103448DF89A
:1058400002106846CDF803302B6C98473470BAF1DB
:10585000000F7FF444AED7E6B4F5C06F00F0B2811C
:10586000B4F5E06F7FF4CCAEBA4B002493EDB40AEC
:10587000D3EDA27A20EE270A20EE080A34F0D8F8F9
:105880001022CDF80300072368468DF800208DF81C
:1058900002308DF801402B6C98473470BAF1000F3C
:1058A0007FF41DAEB0E66FF4376C04EB0C03072BEE
:1058B0003FF6A6AEA4F17100C0B2FFF7BDFA002812
:1058C0003FF49EAE90F9012010236846ADF80140E8
:1058D000CDF8032097E0B4F5006F3FF469AEB4F55E
:1058E000026F11D195F8AC309B077FF589AE9849CE
:1058F000102020220823896800248DF80000CDF8AC
:1059000003108DF8012020E7B4F5E46F7FF478AE42
:10591000904B002493EDB60AD3EDA27A20EE270A2D
:1059200020EE080A34F084F8102120220723CDF855
:1059300003008DF800108DF8012006E70133DBB27B
:105940009BF811229BF8101291421FD0501C52005C
:10595000C0B2DBF80C12BC4685F87B338C5A8CF84D
:105960000500B4F5E26F7FF4F5AD7A4B002493EDBA
:10597000B50AD3EDA27A20EE270A20EE080A34F009
:1059800057F810230722CDF8030050E6002201202B
:105990008BF81122DDE795F87C336E4901338BF8E3
:1059A000092291F87012DBB2013185F87C338B4209
:1059B00000F03D810123C3E700283FF485AD037863
:1059C000303B012B3FF680AD013005F279320621E4
:1059D000FFF70EFC95F8793385F87A03002B3FF436
:1059E00073AD347070E5A4F11100C0B2FFF724FA72
:1059F00000283FF405AEB0F9022010236846ADF848
:105A00000140CDF803208DF800302B6C984700231F
:105A10003370BAF1000F7FF462ADF5E595F8BB3055
:105A2000002B40F01881B5F8D40010230222FBE5CA
:105A3000601EC0B2FFF700FA00283FF4E1AD4268F3
:105A400010236846ADF80140CDF80320DBE7D5F818
:105A5000FC301022404900248DF80020DA1781FB29
:105A60000313022168468DF80140C2EBA3038DF8B1
:105A700002102A6CCDF8033090473470BAF1000F51
:105A80007FF42DADC0E5FF20FFF7D6F900283FF4E5
:105A9000B7AD90F90100102170220B230024CDF83E
:105AA00003008DF800108DF801204EE6D5F8902304
:105AB000102351210024CDF803208DF800306846D2
:105AC0008DF801308DF802102B6C98473470BAF1C4
:105AD000000F7FF404AD97E52049102030225223B7
:105AE000B1F9021000248DF80000CDF803108DF8F4
:105AF00001202AE695F8AC309B077FF581AD144B69
:105B000010214FF4F3620024DB8968468DF8001001
:105B1000302102FB03F208238DF80110A8FB0212CA
:105B20008DF8023052092B6CCDF803209847347061
:105B3000BAF1000F7FF4D3AC66E595F8AC309A0764
:105B40007FF55EADB5F8AE001021202223E000BF46
:105B5000783901207422002067666666B839012012
:105B60000EF076FA00283FF44BAD621E7E4BD2B2A7
:105B700003EB820393EDB90A80FE280A33F058FF45
:105B80001023CDF803006846ADF801403BE7B5F9B6
:105B90008C031021012204230024CDF803008DF88A
:105BA00000108DF80120D0E57049102040225223CA
:105BB000B1F9001000248DF80000CDF803108DF825
:105BC0000120C2E5B5F8E830002B41D1D5F8040139
:105BD0001022CDF803000024062368468DF800202B
:105BE00055E612F039F91022CDF803000024012304
:105BF00068468DF800204AE65C4B102240210024C4
:105C0000B3F9043068468DF80020082203EB8303C3
:105C10008DF801108DF802205B00CDF803302B6C5D
:105C200098473470BAF1000F7FF459ACECE40123CB
:105C300085F87C2384E64E490620FFF72BFA0023E3
:105C400085F87A03337003B0BDEC028BBDE8F08FAA
:105C500013F03EF9BCE713F02FF9E6E601330BE54C
:105C6000012242F2107385F87D23FFE4414B1B684B
:105C70001A062FD50024102204212B6C68468DF8BB
:105C800000208DF801208DF803408DF804408DF838
:105C900005408DF806408DF8021098473470BAF12F
:105CA000000F7FF41CACAFE4347003B0BDEC028B8A
:105CB000BDE8F08F1A6882EAE273002AA3EBE27370
:105CC00003EB5303A8FB03134FEAD303B8BF43F01E
:105CD000804386E495F8BA30002B3FF491AC95F8F8
:105CE0008423032A3BD8DFE802F0302617021E4B3C
:105CF0000022D3F8F43285F884239A7CD97C02F10F
:105D000040721B7D02EB012202EB034210230421AF
:105D10000024CDF80320D0E6D5F88813CB8BC88AB1
:105D20001B04C98903EB00230B44511C03EB0262E3
:105D300085F88413EAE7D5F888138B8B888A1B04CF
:105D4000898903EB00230B44EFE7D5F888134B8BCD
:105D5000488A1B04498903EB00230B44E5E7531CE5
:105D6000120685F88433D1E774220020B839012067
:105D70008D0101084C390120C4490020C44BD1F8E1
:105D8000D020F0B583F8110210070AD5D3F80C0221
:105D90004FF4806602254FF48264068083F8115226
:105DA000448017030AD593F8110240F20145D3F855
:105DB0000C42461C83F8116224F8105091F8E5005B
:105DC000002876D102F4803491F8E600002840F0F3
:105DD0002C8102F4004596050BD593F811024FF47F
:105DE0000467D3F80C6200F1010C83F811C226F8A5
:105DF0001070C96B880700F1D080480700F1B180AE
:105E0000A44909680E0670D4900212D593F81112B5
:105E100045F2101E93F811C245F21117481CD3F831
:105E20000C620231C0B226F81CE083F8111226F889
:105E3000107093F81102002183F8100283F81112F8
:105E400083F809123CB10124D3F804124FF4047012
:105E500083F80942088055B193F809124FF4007491
:105E6000D3F804024D1C83F8095220F81140910325
:105E70000AD593F809124FF4A064D3F804024D1C1C
:105E800083F8095220F8114052030AD593F80922E9
:105E90004FF43760D3F80412541C83F8094221F8F8
:105EA000120093F80912002283F8081283F80922DD
:105EB000F0BDD60786D512F480340AD193F81102CA
:105EC0004FF40476D3F80C52471C83F8117225F86E
:105ED000106093F811024FF41166D3F80C52471C6E
:105EE00083F8117225F810606EE790040AD593F8D4
:105EF00011124FF40366D3F80C024F1C83F8117291
:105F000020F81160D10410D593F811124FF40067F6
:105F100093F811C2481CD3F80C620231C0B226F8C3
:105F20001C7083F8111226F8107057040AD593F8E4
:105F300011124FF48466D3F80C024F1C83F81172CF
:105F400020F8116056057FF55FAF93F811124FF4FA
:105F50000266D3F80C024F1C83F8117220F811600E
:105F600052E751050AD593F811124FF48076D3F811
:105F70000C024F1C83F8117220F8116017057FF591
:105F80003FAF93F811124FF48876D3F80C024F1CF0
:105F900083F8117220F8116032E717060BD593F8D9
:105FA000110245F23027D3F80C6200F1010C83F89E
:105FB00011C226F81070D6050BD593F8110245F2E0
:105FC0004027D3F80C6200F1010C83F811C226F8C7
:105FD0001070D0060BD593F811024FF4E067D3F898
:105FE0000C6200F1010C83F811C226F810709706BC
:105FF0000BD593F811024FF4E267D3F80C6200F16D
:10600000010C83F811C226F8107056067FF5F5AE24
:1060100093F811024FF4E467D3F80C6200F1010C1D
:1060200083F811C226F81070E7E695077FF5D1AE28
:1060300012F400450BD193F811024FF40077D3F816
:106040000C6200F1010C83F811C226F810705007A1
:106050000BD593F811024FF4C067D3F80C6200F12E
:10606000010C83F811C226F81070D7027FF5B3AE89
:1060700093F8110245F25027D3F80C6200F1010C9D
:1060800083F811C226F81070A5E600BF80770120C2
:10609000F00301204C39012030B5044683B00D4691
:1060A0001046A4F17D03012B08D9214621F0A4FB61
:1060B00015B1288804442C8003B030BD7D210192A5
:1060C00021F09AFB019884F0200121F095FBEFE785
:1060D00070B5044682B00D46C61DADF8062014F812
:1060E000010B2A460DF10601FFF7D6FFB442F6D1A7
:1060F000BDF80630FF2B04D9180A50FA83F3FF2BA2
:10610000FAD8C3F1FF032A4600219BB2D8B2ADF8FA
:106110000630FFF7C1FF02B070BD00BF024B002286
:10612000D3F89813D4E700BF807701205E2810B51C
:106130000ED05D2804D00B4BBDE810401B681847FB
:10614000084C2368984723683D20BDE81040184755
:10615000044C5D202368984723683E20BDE810402A
:10616000184700BFB07B0120002301220370427159
:10617000C3700371437083708371C371704700BF34
:106180002D4A2DE9F043002840D1012712682B4BFE
:106190009740BFB21E7E16B3DFF8A4C04FF0000ECA
:1061A0000CEBC60663460CF5B475ACF12801D3E9D7
:1061B0000042083364040CD512F4F01FC2F34348C4
:1061C0000C7905D020B10134E4B2444509D80C71F2
:1061D0004CB19E4205F1040501F10101E7D1BDE892
:1061E000F08381F804E017EA5204F2D0C2F343527C
:1061F00040320CEB82043CF8229094F80280E27862
:10620000A5F8009085F80280EA70E2E713685C1E4A
:106210006BB1012700201460A740BFB2074B4FF4B9
:106220007A750C681A8A05FB02420A60B2E70F23EE
:106230004FF400471360F1E704060120B07B012012
:10624000F07B01202DE9F04F83B020B10A6844F2C1
:106250001A1313440B60534A534BD0791979814276
:1062600076D0032869D0012100241871197292F99F
:106270001310DC80B3F90600014409B2B1F5FA7FCE
:1062800040F383804FF4FA700021D8801972127E97
:10629000002A4FD0454DB3F9067005EBC20C2846D5
:1062A00005F5B474D0E900130830C1F3035211F4BA
:1062B000002FC3F3435302F1400237D0403305EBC4
:1062C000820A35F8221005EB830E9AF8022035F881
:1062D00023909EF80280A1EB09019AF80330A2EB0B
:1062E00008029EF803E007FB01F1314E07FB02F2C2
:1062F000A3EB0E0386FB01ABC917D61707FB03F30D
:10630000C1EB6B1101962A4E494486FB03ABDB17A8
:1063100086FB02A2019EC3EB6B132180C6EB6212C7
:106320009E44904484F803E084F80280844504F19C
:106330000404B7D103B0BDE8F08FD47C4FF4FA71F8
:10634000FF251871142CD9801D7222D8084622E02E
:1063500093F9080000289AD00130D47C92F91310E8
:1063600088D1142C15D8B3F90600312813DC114D4F
:10637000C41785FB0065C4EB650424B20134A14257
:10638000A8BF2146494249B276E7002906DBD980F9
:106390007DE7B3F90600614249B26DE70021D9807B
:1063A000197274E7B07B012004060120F07B012004
:1063B000D34D6210676666662DE9F041002839D139
:1063C0002C4A107E80B32C4A00242C4B92F80C806F
:1063D00092F90DC003EBC000C8F1FF07A8F17F06DA
:1063E00092F90EE003F5B472FFB2F6B203E0834215
:1063F00002F1040218D0196808338904F7D5E1B214
:10640000A1EB0C0181EAE175A5EBE175012D0DDC35
:1064100071B1714514BF394631468342D17004F1E0
:10642000010402F10402E6D1BDE8F0810821F4E79D
:106430004146F2E7104B1A7BF02A09D802F10F000F
:106440000C4A1873086844F21A1303440B60B8E747
:10645000084A7F2593F90D40907E1D738442987BF6
:1064600001DA002C02DA4042C0B29873204458731B
:10647000E8E700BFB07B012004060120F07B01208B
:10648000F0B5374E78B196F82832002B65D0013B35
:10649000344ADBB286F828321378DB073DD4324B1E
:1064A0000A681A440A60347EB4B3304B00252D4F7D
:1064B00003EBC40403F5B47003E09C4200F1040054
:1064C0002AD019680833C1F30322062AF5D197F8B8
:1064D00000C0EA431CF0010F02F001020DD096F853
:1064E000282296F81BE002EB050CBCFBFEF20EFB2B
:1064F00012C2012ACCBF002201220135002ADCD0C1
:10650000C1F303519C4200F1040006EB8101D1F874
:10651000402140F8042CD4D1F0BDD6ED8F7A642010
:10652000134BFDEEE77A134D134C17EE902AA2F5AC
:106530007A7200FB02F283FB0230D317C3EBA01385
:1065400003EB4303C3EB031385FB0302DB17C3EB2E
:106550006213053394FBF3F3A2E7F37E97E700BFE2
:10656000B07B012088780120400D0300F07B0120E2
:10657000D34D62101F85EB5140420F00F0B4514CD7
:10658000002863D194F8740200285BD04E4BB3EE20
:10659000097AD3ED007AF4EEC77AF1EE10FA53DC03
:1065A000BBEE097AF4EEC77AF1EE10FA4CBF082779
:1065B0000027B3EE097AD3ED017AF4EEC77AF1EE53
:1065C00010FA6EDD47F00107257E002D3AD03F4BD3
:1065D000DFF808C103EBC50503F5B47011E094F9C9
:1065E0007762B142ACBF0221002194F97862B242D5
:1065F00018DB41F004010F421CD19D4200F1040060
:1066000020D01A680833D103F7D502F00F0194F9AE
:106610007662C2F30312B142E1DC94F9786201219F
:10662000B242E6DA94F97962B242D8BF41F0080189
:106630000F42E2D0DCF80C209D4200F1040040F84B
:10664000042CDED1F0BC70470427B2E794F8753211
:106650008BB31D4B1E4ED3ED007A93ED017AF0EE15
:10666000E77A1C4DB0EEC77A0A6894F87402C7FE48
:10667000877AFDEEE77A80F0010017EE903A84F811
:106680007402193B03EB4303C3EB031386FB03764E
:10669000DB17C3EBE6130533B5FBF3F31A440A60CB
:1066A00072E7BBEE097AF4EEC77AF1EE10FA48BF52
:1066B00047F0020788E70A68074B94F8740213440E
:1066C0000B6061E7B07B0120E8240020F07B012013
:1066D000353AFC4440420F00400D030074C90408E1
:1066E000144A92F818C0BCF1000F21D002F1400307
:1066F0002DE9F04102F5D47E8846044600250022AB
:1067000002E00132624511D0D3E90010083300EAFB
:10671000050701EA0406AF4208BFA642F1D1D8F846
:1067200000004EF8220001326245EDD1BDE8F08153
:10673000704700BFB07B0120294B30B460B9294AB3
:10674000127DBAB993F89D312749403301EB83019B
:106750004FF4A06030BCC3E793F87A02E0B101388F
:10676000204A83F87A020C68204820440860127D91
:10677000002AE7D01E4A12689106E3D51D4A93F815
:106780007A12127892071AD511BB93F89F311649E5
:10679000403301EB8301DBE7124A93F87B42157D1E
:1067A000A54205D8042483F87B0283F87A42DAE70D
:1067B0000134012083F87B4283F87A02D3E7002971
:1067C000C0D193F89E310849403301EB8301BFE704
:1067D00093F89B310449403301EB8301B8E700BFD4
:1067E000B07B012078390120F07B0120801A06005F
:1067F000BC7701202C7801201D4A10B448B91D4CEB
:1068000092F87C020B6823440B6098B15DF8044B4E
:10681000704792F87D3203B3012B16D092F87C02B8
:106820000B68154C80F00100234482F87C020B6059
:106830000028EBD192F89B314FF440700F49403360
:106840005DF8044B01EB83014AE792F87C020C4CA3
:1068500080F0010082F87C02D4E708680124054B2F
:1068600082F87C4203445DF8044B0B60704700BF24
:10687000B07B012040420F0048E80100F07B01207E
:1068800020A10700364A10B498B992F87E3203B3BB
:1068900092F87F128A081341DB0707D5012A01F01D
:1068A000010155D0022A4BD0002A38D05DF8044BA4
:1068B000704792F87F32013303F00F0382F87F3282
:1068C000A3B192F87E320C68264820440860002B61
:1068D000DED192F8A832002BE8D0937B224901EB5D
:1068E00083014FF400305DF8044BF9E61F4882F84D
:1068F0007E32437ADBB992F8830218B143F0040385
:1069000082F87E321A480078C007DCD41948006843
:106910000028D8D043F0010382F87E32D3E7124B2F
:1069200003F11802002914BF19461146D9E792F85D
:106930007D32002BDFD00220034682F87E02DAE7A8
:106940000D4B03F1180200290CBF19461146C8E788
:10695000054B03F10802002914BF19461146C0E790
:10696000B07B0120A086010074C904085C78012076
:1069700088780120007B012084C9040830B40023FA
:106980000225054C0549064AC5700380C0E901414E
:10699000C0E9032330BC70470301F40132000164F5
:1069A0006400323270B40B4C00210B4D22680B4B4B
:1069B0002E6822F020022D6883F8C402C3F8B46266
:1069C000C3F8C052226083F8C812C3F8BC1270BC6E
:1069D000704700BFBC770120301D0120B07B012033
:1069E000074A002310B502F5D474D2F8CC129942AC
:1069F00000D810BD016844F823100133F5E700BF4B
:106A0000B07B012058B1084B0521D3F8E022C3F830
:106A1000D002013283F8E412C3F8E0227047042167
:106A2000014B83F8E4127047B07B0120024B014612
:106A3000D3F8E80220F0E0BEB07B01202DE9F84356
:106A400006461D4C0D46D4F8EC02317820F0D4FEF9
:106A50007178D4F8EC0220F0CFFE022D29D0EB1E85
:106A6000002506F10209DBB22F46033306EB0308CB
:106A700019F8011BD4F8EC020D4420F0BDFEC84506
:106A8000EDB22F44FFB2F3D12946D4F8EC0220F046
:106A9000B3FE3946D4F8EC0220F0AEFEF1780022C5
:106AA000012384F8C61284F8C72284F8C832BDE8EE
:106AB000F88300252F46E7E7B07B012000234FF63F
:106AC000FF720321984242F21070F0B593B04FF07C
:106AD000FA154FF005074FF47056ADF80A200CBFB9
:106AE0000A4608228DF80D10ADF80E304FF4480418
:106AF0008DF80C202A212422ADF81030ADF8143086
:106B00000A93ADF82C30ADF8120001A8074B06959A
:106B1000074DADF816700896079509940193ADF8E6
:106B20000820FFF78BFF13B0F0BD00BFB56206244D
:106B300064002C01F0B52B4F0E462B4A83B03B6806
:106B40002A4D82FB0312DC17B5F8F032C4EBA20425
:106B50003F89A4B2A3420CD1D5F8F4322449F31AE8
:106B6000B5F8F8228B4298BFBA4214BF0123002324
:106B700034D0036834210022019003F1010CC0F8E5
:106B800000C019702146036803F1010CC0F800C071
:106B90001A7025F0FDFC3946019825F0F9FC47F6FE
:106BA000FF71019825F0F4FC47F6FF71019825F07C
:106BB000EFFC47F6FF71019825F0EAFC47F6FF71FC
:106BC000019825F0E5FC01980221F5F7CFFE01239D
:106BD000A5F8F042A5F8F872C5F8F462184603B0BB
:106BE000F0BD00BF7C78012067666666B07B01203F
:106BF00080841E0002680E2170B5561C7F2500247B
:106C0000066015700268551C05601470F5F7AEFE3D
:106C1000012070BDC74B1B682DE9F04F814613F072
:106C2000800083B000F07881C34B187810F0020028
:106C300000F07281DFF820A39AF81430052B40F29F
:106C40007281DAF80030BD4C002B0093BC48B8BF0D
:106C50005B42BC49A4FB0352920D00FB023302EBE2
:106C60008202C3EB031302EB82029B0084FB0354FA
:106C7000DD17C5EBA45500FB053305EB820581FB51
:106C80000321ADB2DB17C3EBA111C5B10020AE4F9C
:106C90000446A7FB053CC3B22E4601304FEADC0C8C
:106CA0009A00092E0CEB8C03A5EB43031FFA8CF51D
:106CB0009BB203FA02F344EA0304EAD8250489B23A
:106CC000C1B10020A04F0446A7FB013CC3B20E4651
:106CD00001304FEADC0C9A00092E0CEB8C03A1EB7F
:106CE00043031FFA8CF19BB203FA02F344EA030454
:106CF000EAD82543DAF804B0904C8BEAEB7390485D
:106D0000904AA3EBEB73A4FB0361890D00FB0133F5
:106D100001EB8101C3EB031301EB81019B0084FBB9
:106D20000364DE17C6EBA45600FB063306EB8106B0
:106D300082FB0312B6B2DB17C3EBA212CEB1002165
:106D4000814F0846A7FB063ECBB2344601314FEADD
:106D5000DE0E4FEA830C092C0EEB8E03A6EB4303E9
:106D60001FFA8EF69BB203FA0CF340EA0300E9D84F
:106D7000060492B2CAB10021734F0846A7FB023E37
:106D8000CBB2144601314FEADE0E4FEA830C092CD8
:106D90000EEB8E03A2EB43031FFA8EF29BB203FAB3
:106DA0000CF340EA0300E9D80643DAF80830664AF3
:106DB000002B18460193B8BF5842644C6449A2FBAB
:106DC0000030030AA4FB0343DB0901FB03F1C1EB21
:106DD000D00189B2C1B1002496462746AEFB013CE2
:106DE000E3B20A4601344FEADC0C9800092A0CEBA6
:106DF0008C03A1EB43031FFA8CF19BB203FA00F35F
:106E000047EA0307EAD8B9B2BAF81080B8F1000F20
:106E10001AD00024DFF830E12746AEFB083CE3B28D
:106E2000424601344FEADC0C9800092A0CEB8C0333
:106E3000A8EB43031FFA8CF89BB203FA00F347EA6E
:106E40000307EAD81FFA87F8BAF812303E4AA2FBC5
:106E50000307FF08632F28BF6327092B67D94FF06B
:106E6000000C92466046AAFB073E5FFA8CF33A4656
:106E70000CF1010C4FEADE0E9C00092A0EEB8E038A
:106E8000A7EB43031FFA8EF79BB203FA04F340EA21
:106E90000300E8D8C4B2009B019A002BCCBF392371
:106EA0003823BBF1000F4FEA226738DD27F07F0758
:106EB000284A3B43934543F00207C8BF43F0060707
:106EC000D9F800301620002203F1010CC9F800C0E7
:106ED00018704846D9F8003003F1010CC9F800C019
:106EE0001A7025F055FB2946484625F03BFB3146F4
:106EF000484625F037FB4846414625F049FBD9F87E
:106F0000003001201A18C9F800201C70D9F8003090
:106F10001A18C9F800201F7003B0BDE8F08F27F0E1
:106F20007F071F43CCE7002003B0BDE8F08F0024AB
:106F3000B1E700BF4C3901202C7801206BCA5F6B90
:106F4000806967FFD34D6210CDCCCCCCC55A7C0A8A
:106F5000A0860100FFC99A3B78390120AE4B1B681F
:106F60002DE9F047064613F0800084B000F0A180C0
:106F7000AA4B187810F0020000F09B80DFF8B4E212
:106F80009EF81410052940F29980632900F294803C
:106F9000002089B2A24F0446A7FB013CC3B20D46B4
:106FA00001304FEADC0C9A00092D0CEB8C03A1EBAD
:106FB00043031FFA8CF19BB203FA02F344EA030481
:106FC000EAD8E4B2DEF80830964AD91782FB0323E8
:106FD000C1EB633399B2002900F019810025DFF875
:106FE00040C22846ACFB0138EBB20F4601354FEAF0
:106FF000D8089A00092F08EB8803A1EB43031FFA76
:1070000088F19BB203FA02F340EA0300EAD8C7B260
:10701000BEF80E304FF4F365834942F20F7005FB62
:1070200003F5A1FB0535C5F38F1585424AD8D5B1C7
:107030000021DFF8ECE10846AEFB0538CBB2AC46E8
:1070400001314FEAD8089A00BCF1090F08EB880318
:10705000A5EB43031FFA88F59BB203FA02F340EA5B
:107060000300E9D885B2714BD3E9C02313433ED165
:107070004FF0FF3833682946172000225D1C356029
:107080001870304633685D1C35601A7025F080FA40
:107090004146304625F066FA3368304606215A1CD0
:1070A00032601C7033685A1C32601F70F5F75EFC4A
:1070B000012004B0BDE8F087992483E7002004B0E4
:1070C000BDE8F0870021DFF858C10D46ACFB003267
:1070D000D20802EB8203A0EB430390B29BB28B4039
:1070E0000431102945EA0305F0D1ADB2BBE701A890
:1070F00024F0FAFF9DF80810002900F08A80002093
:10710000DFF81CE18046AEFB0139C3B28C4601308A
:107110004FEAD9099A00BCF1090F09EB8903A1EBE9
:1071200043031FFA89F19BB203FA02F348EA03080A
:10713000E9D84FEA08289DF80920E2B10021DFF8DC
:10714000E0E00846AEFB023ACBB2944601314FEA8A
:10715000DA0A4FEA8309BCF1090F0AEB8A03A2EBB2
:1071600043031FFA8AF29BB203FA09F340EA0300D1
:10717000E8D848EA00089DF80A204FEA0828E2B15A
:107180000021DFF89CE00846AEFB023ACBB2944601
:1071900001314FEADA0A4FEA8309BCF1090F0AEB21
:1071A0008A03A2EB43031FFA8AF29BB203FA09F3A4
:1071B00040EA0300E8D848EA0008BDF80C304FEA7E
:1071C00008181B4A632BA2FB03124FEA52127FF6E8
:1071D00051AF0021DFF848E00846AEFB023ACBB2DF
:1071E000944601314FEADA0A4FEA8309BCF1090FEC
:1071F0000AEB8A03A2EB43031FFA8AF29BB203FA5B
:1072000009F340EA0300E8D848EA000832E70F46ED
:10721000FEE688468FE700BF4C3901202C7801201C
:10722000CDCCCCCC89B5F814D34D6210B07B012005
:107230001F85EB51783901200268C82170B4561CB3
:1072400004250B24066015700268551C0560147037
:1072500070BC25F079B900BF304B0168B3F900303C
:107260002F4A03EBC30370B505467E26481C82FBFC
:107270000342DC17286000200E70C4EB62042B6808
:1072800020345A1CA4B22A6018700CF0E1FE0028C9
:1072900040D0244BDFED246A93ED007ADFED237AB2
:1072A00087FE267AB4EE677AF1EE10FA23DDDFED81
:1072B000206AB4EE667AF1EE10FA1CD5C6EE877A33
:1072C000FCEEE77A17EE903A99B2284625F03CF9A1
:1072D000184BDB7AC3B111F0EFFD0146284625F0CB
:1072E00033F92146284625F02FF928460821F5F7DD
:1072F0003DFB012070BD4EF69C21284625F024F967
:107300000C4BDB7A002BE6D10B4B2846198825F075
:107310001BF9E6E74FF6FF71D7E700BF0C7B0120B2
:1073200067666666542500200000000000C07944AE
:10733000C0E1644C307801205478012008B5A0F1F8
:1073400001030228B3FA83F34FEA531301D018461E
:1073500008BD0F2010F07AFE28B9054B1B7803F00A
:107360000103184608BD0F20BDE8084010F0D0BE4C
:107370008878012038B505464FF48072002105F564
:10738000807434F05FFE00213822204634F05AFE2B
:1073900000230C4951F8232044F8232001330E2BFD
:1073A000F8D11822084905F5A07033F0E9FE0B2248
:1073B000064905F5AC7033F0E3FE042385F863312C
:1073C00038BD00BF74C90408ACC90408C4C90408A6
:1073D00010B50C46A0B9174A174892F8081323684D
:1073E0000344236001B110BD92F89B314FF48060DB
:1073F00012494033BDE8104001EB8301FFF770B93B
:107400000AF084F9322808DD206801210A4B094A74
:10741000034482F80813236010BD064A142892F82A
:107420000813C8BF064881F00101D8BF054882F89B
:107430000813D4E7B07B012040420F00F07B01200D
:1074400020A1070048E801002DE9F84F002838D1B5
:10745000254F3B7E9BB3254C0025DFF8989004F523
:10746000B476DFF8948003E03B7E0436AB4226DD41
:107470002368013508345B03F6D533F08FFE09FB32
:107480000080B0F1333FEFD2B6F800A0043616F812
:1074900002BC33F083FE164B26F804AC83FB0032AB
:1074A000C31706F802BC0244C3EBE213C3EB032389
:1074B000C01A3B7E0130AB4206F8010CD8DCBDE8B7
:1074C000F88F094F0D46BC7C33F068FE2A684FF4F4
:1074D0007A71C4F1640490FBF4F303FB14031433D6
:1074E00001FB03232B60B4E7B07B0120F07B01207C
:1074F00081808080CDCCCCCC99999919F0B5464C3F
:10750000B7EE007A454D83B0D4F80C232B68444E77
:107510009B1ADFED446A2A6807EE903A3378C4F884
:107520000C23F8EE677A13F0010367EEA67AC7FE24
:10753000C77AC4EDC47A0CD13B4A3C491278A4F80E
:107540001C33D2070B803BD4012384F8403303B0B3
:10755000F0BD04F5457004F5467101AB6A46F5F7D8
:107560002FFB3349019B009A2F4FA1FB020281FBA5
:107570000301DB1752092D48C3EB611339780280F0
:10758000C907A4F81C33DFD533782D68DB073FD556
:1075900094F82733274E1BBBF3890F2B12D92649AA
:1075A00001AB6A46081FF5F70BFB94F82733B16867
:1075B000C3B9009AD4F838331344C4F8383302E01E
:1075C0001C4E2D68B168C4F83413C4F83C53D6E996
:1075D0000032C4E9CB32012384F8403303B0F0BD5C
:1075E000B389DAE7D4F83433DDED007ACB1AF8EE5C
:1075F000677A07EE103A67EEA77AB8EEC77AE7EE39
:10760000077AB1EEE77AFCEEC77A17EE902AD1E757
:10761000084EB168D7E700BFB07B0120301D0120C4
:107620002C7801206F12833A887801202E7801206F
:107630001F85EB5178390120E07E01202DE9F04FC4
:10764000B94C87B094F84133CDE9040123B194F8E3
:10765000423303F0FF0733B1B44B01221A701A71A1
:1076600007B0BDE8F08FB24B4FF03C0ED4F8CCC25F
:107670004FF00109DB7B754694F844A3002BD4F846
:10768000483394F84513019308BFE046B4F84C33EF
:1076900018BF4FF0200894F846030393B4F84E3314
:1076A000029304F5D4730093474517D19E4B0022F3
:1076B00083F845131C469E4983F84603CA7301218B
:1076C00083F844A383F8421393F89103B3F850135B
:1076D000022840F0C78083F84223C1E767451ED2E5
:1076E000009B009A1E88D2789B78059CC3F1FF030B
:1076F00012FB04F264249BB2B2FBF4F2D2B2002B70
:107700007BD0C3F1FF03B6FBFEFB53431B12BBF15F
:10771000050F75D8DFE80BF0071F303F50610022DE
:1077200013461646E1E7D11AD8B27143B1FBF5F121
:1077300051FA83F1C9B2019B049CFB4003F00103A1
:107740006340012B5ED0022B7BD01302182643EA44
:10775000014303435BE0B6FBF5F105FB1166D11A6B
:10776000D8B2B6B2C6F13C067143B1FBF5F151FA9D
:1077700083F31146DAB2DEE7B6FBF5F105FB1166DD
:10778000D01A1146DAB2B6B27043B0FBF5F050FA37
:1077900083F0C0B2CFE7B6FBF5F105FB1166D11A55
:1077A0001046DAB2B6B2C6F13C067143B1FBF5F150
:1077B00051FA83F1C9B2BEE7B6FBF5F005FB1066DE
:1077C000A2EB030AD9B21046B6B206FB0AFABAFB1C
:1077D000F5FA5AFA83F3DAB2ADE7B6FBF5F005FB3A
:1077E0001066D01AD9B2B6B2C6F13C067043B0FBEF
:1077F000F5F050FA83F0C0B29DE7104611469AE7C3
:10780000524698E70B02182643EA0243034306F167
:10781000FF3A484C7E4304EB860609FA0AFB039CB8
:107820001BEA030FA346029C18BFA346BAF1010A44
:1078300046F804BBF1D2009B013792460433009313
:1078400032E78A424FEA0243164643EA016328BF01
:107850000E4643EA0023F6B28642D4BF33430343C5
:107860002026D4E793F89133012B02D1022384F828
:1078700091330829D4F854233DD013D809B30429EF
:107880002CD00022D4F854335A62B4F85023082A7A
:107890005BD03DD8002A42D0042A51D0012384F87D
:1078A0009133DDE60C29ECD1D4F884034032224B2D
:1078B0002049C363214BC36440F22A43FDF702F918
:1078C000DFE7D4F8780334321B4B1A49C3631B4BF0
:1078D000C36440F22A43FDF7F5F8D2E7D4F87C03FD
:1078E0003832154B1349C363144BC36440F22A4327
:1078F000FDF7E8F8C5E7D4F880033C320E4B0D499C
:10790000C3630E4BC36440F22A43FDF7DBF8B8E7CC
:107910000C2AC3D1DA6842F48052DA60BEE7DA6832
:1079200042F40072DA60B9E7B07B01206C250020D8
:10793000040601202C2B00203DFD00084DFD000811
:10794000DA6842F48062DA60A8E7DA6842F400623A
:10795000DA60A3E768B110B5084CC4F8D402F6F7B2
:107960008FFC4FF6FF720223A4F8DC2284F8E43285
:1079700010BD024A82F8E402704700BFB07B0120CC
:107980000FB400B583B00649002004AB53F8042BB4
:10799000019324F00BFE03B05DF804EB04B07047D4
:1079A000D5B80108034A044BD2F894130B43C2F82C
:1079B00094337047B07B012000FC0600013070B5A5
:1079C000094EC4B202E028F065FF50B9E5B2214685
:1079D00030460134152DF6D9162D02D1034B93F8FC
:1079E0009853284670BD00BF447F0120B07B012022
:1079F00000B1D7E7034A044BD2F894130B40C2F806
:107A000094337047B07B0120FF03F9FFF0B5104EAF
:107A100085B004460D46D6F89C0319F086F80D4B48
:107A20001A795B79003A18BF01220BB142F00802C3
:107A300000234FF49647029208211A46019594F9C3
:107A40000000009719F0F7F8C6F89C0305B0F0BDE8
:107A5000B07B01203078012010B5064C03E0D4F84B
:107A60009C031FF09BFED4F89C031FF09FFE002890
:107A7000F5D110BDB07B012010B50D4CD4F8A0336A
:107A80001B791E3B012B0DD9D4F89C030121383002
:107A9000FFF7BCFF0023C4F8A43384F8A833BDE883
:107AA0001040D9E70121D4F89C031FF06FFEF1E7E5
:107AB000B07B012070B5094E05460C465E20336848
:107AC0009847284633689847E0B2FEF72FFBC4F387
:107AD0000720BDE87040FEF729BB00BFB07B012046
:107AE0000368002B2DE9F041B8BF5B423A4F0446D2
:107AF0003A4DA7FB03013A4E890DB27905FB0135DA
:107B0000C5EB0515AD0087FB0537EB17C3EBA75792
:107B1000002A55D101EB810101EB810107EB8101C5
:107B200009B2DFF8B8801320FFF7C4FF1B2008FB61
:107B300007552C4FE91787FB0535C1EBA511264DDD
:107B400009B2FFF7B7FF23682320002BB4BF5321EE
:107B50004E21FFF7AFFF6368B279002BB8BF5B42DD
:107B6000A5FB0301890D08FB0138C8EB08184FEA93
:107B7000880885FB08354FEAE873C3EBA5552ABB97
:107B800001EB810101EB810105EB810109B21220BA
:107B9000FFF790FF114B13491A2003FB058581FB6A
:107BA0000531ED17C5EBA11109B2FFF783FF63683B
:107BB0002220002BBDE8F041B4BF5721452179E7D1
:107BC000C1EB011107EB810109B2AAE7C1EB011179
:107BD00005EB810109B2DAE76BCA5F6B806967FF69
:107BE00030780120D34D6210F0B5484C83B0014687
:107BF00094F8A933012B56D994F8AA63444D721C0A
:107C0000444F1E44A5FB020507EB860605F4FF77EB
:107C1000F66D07EB5505521B84F8AA2396B194F82C
:107C2000AB33E3B93C4B48F2A50015220193123B5C
:107C3000A4F8C4036846009384F8C623B04708BB81
:107C400094F8A9330133324AA2FB031222F0010156
:107C500001EB52029B1A84F8A93303B0F0BD2F4BFD
:107C600048F2A6002E4D16220193123B2D7CA4F85B
:107C7000AC036846009384F8AF5384F8AE23B04752
:107C80000028DDD094F8AB1391B1009925480191FB
:107C9000091A0090023109F0E1FC002294F8A9339E
:107CA00084F8D923CEE71B4A02EB8302D66DB5E7F1
:107CB000009E1D4A964215D9013A013E41F2210526
:107CC00012F8010F082381EA002111F4004F4FEA56
:107CD000410085EA41010CBF81B289B2013BF4D178
:107CE0009642EDD1684624F053FC1049009D01F105
:107CF00018006D1A152DA8BF15252A4633F040FA35
:107D000094F8A93384F8F1539CE700BFB07B0120BD
:107D1000ABAAAAAA74C90408897F0120727F012036
:107D2000040601205C7F0120777F0120747F012001
:107D300070B50C4E0546D52206F2F63128F0F0FB60
:107D40002B6806F57D7106F20C406B605C1A2960A9
:107D5000182CA8BF1824224633F012FA86F82444BF
:107D600070BD00BFB07B012070B50C4E0546D5221A
:107D700006F22A4128F0D4FB2B6806F5856106F54A
:107D80008D606B605C1A2960402CA8BF402422469D
:107D900033F0F6F986F8A84470BD00BFB07B01202F
:107DA000F0B5BF4C8BB094F8A834DBB994F8B1347B
:107DB000234493F8AC54EF0700F1DA80AE0700F1EA
:107DC0009180680766D42A071DD4EB060CD494F87A
:107DD000B13494F8B8140133B3FBF1F201FB123360
:107DE00084F8B1340BB0F0BDAE4BC8226846A3F1A5
:107DF0003F0184F82824CDE90013FFF71DFA6846F7
:107E0000FFF7B2FFE3E7A74B0222A74E41F2C817E4
:107E1000A3F13D01684601930091316884F82A245A
:107E2000A4F8287424F07AFB7168684624F076FB85
:107E3000F2899E4F684602EBC20189003231A7FBEE
:107E40000131C1F34F1124F07FFB318A684601EB09
:107E50008101490089B224F077FB0FF0FDFF944ABD
:107E6000034668469342A8BF134623EAE373A7FB81
:107E70000331490901F57A7189B224F065FB009B51
:107E8000327D6846591C00911A70FFF76DFFEB06B2
:107E90009DD5A9E7834BC8228649A3F13F060193EC
:107EA00091F82D300096022B84F8282400F04781A9
:107EB000032B00F0E680012B00F01A817E4B1B782B
:107EC00013F0010300F049817C4A1288D70740F182
:107ED0004A812A237A4A02AF7A49384627F0D4FEEB
:107EE000009E15E16F4B40F6C820774A08210193A8
:107EF0003D3BD27A0093A4F8280484F82A14002A7F
:107F000040F0B280714A6E46714B1188304605319F
:107F1000A3FB0131C90824F017FB6E4F30466E49B0
:107F20003B6881FB0321DB17C3EBA10189B224F07D
:107F30000BFBBF6810F0CCFF009B02464FEA174CCA
:107F400030465E1C390A009683F800C0009B5E1C18
:107F500000961970009B591C00911F70009B591CC2
:107F600000911A70FFF700FF68077FF52CAF91E7CB
:107F70005A4F04F58D6604F22B4040F6C801B7F95C
:107F800002301E22A4F82814B3F5E16F84F82A24E5
:107F9000CDE9000656DDA3F561631BB2B3F5E16FD1
:107FA000F9DC07EE903A9FED4E7A6E46F8EEE77AEE
:107FB000304667EE877AFDEEE77A17EE903A99B28F
:107FC00024F0C2FAB7F90030B3F5E16F41DDA3F553
:107FD00061631BB2B3F5E16FF9DC07EE903A9FEDF8
:107FE000407A3046F8EEE77A67EE877AFDEEE77A78
:107FF00017EE903A99B224F0A7FAB7F90430B3F526
:10800000E16F2DDDA3F561631BB2B3F5E16FF9DC20
:1080100007EE903A9FED327A3046F8EEE77A67EE57
:10802000877AFDEEE77A17EE903A99B224F08CFA4F
:108030003046FFF799FEAE077FF5C3AE52E703F572
:1080400061631BB213F5E16FF9DBAAE703F5616326
:108050001BB213F5E16FF9DBBFE703F561631BB2F8
:1080600013F5E16FF9DBD3E710F026FF184B411D44
:108070006E46A3FB01313046C1F3CF0124F064FA10
:108080004BE7D4F8B434002B63D0164B02AF164A3A
:108090001B6838461268154927F0F6FD009E37E048
:1080A000B07B012018800120783901201F85EB5119
:1080B00020A10700C8360120887801208A78012095
:1080C000A4190508FC19050830780120547801200E
:1080D000CDCCCCCC7C78012067666666B8390120AF
:1080E00058A08B41147B0120107B0120F01905085A
:1080F0003B4B02AFDFED3B7A93ED000A80FE270A8F
:1081000031F096FC38490246384627F0BDFD009E06
:10811000701C002321223946009068463370009B72
:108120005F1C00971A7024F0C9F9009B68469B1BDE
:108130003370FFF719FE2A077FF547AE63E62B4B36
:1081400002AF2B49B3F90020384627F09DFD009E71
:10815000DEE702AF8DF80830DAE7264A12683AB156
:108160002023254AB7E6500616D52A23234AB2E62D
:10817000234A1268110608D5224A127802F0030237
:10818000032A02D02023204AA5E6204A1288D607D7
:1081900011D520231E4A9EE6960613D450071CD400
:1081A00012F0020F1B491C4A08BF0A46002B14BFDD
:1081B0002A2320238FE6510607D4970608D52023CB
:1081C000164A88E62A23154A85E620230B4A82E6CA
:1081D0005107E5D52023124A7DE62A23104A7AE684
:1081E0005425002000000000DC1905080C7B01204C
:1081F000E4190508007B0120BC190508C819050809
:108200004C3901202C780120B01905088A7801200A
:10821000A41905089C190508941905081C210508CE
:10822000D4190508104B0A46014603F58D6070B558
:1082300093F8B944151D82B07B2683F82B44C824DB
:1082400083F8295403F22D4583F82A640190684687
:1082500083F8284483F82C44009524F055F96846A7
:10826000FFF782FD02B070BDB07B0120F0B5454C38
:1082700085B0054694F8BC34D9073BD594F8BD3495
:108280000F2B58D9002217463F4E40F6C82E94F8BF
:10829000BC344FF0710CA6F1370184F830243B4A0E
:1082A000C3F3820302A80291C4F82824A6F13E0178
:1082B000BA2284F82F34A4F82CE484F82EC4039650
:1082C00028F02EF93F3E029A961B84F8296409F0A3
:1082D00009FA02A8FFF748FD09F004FA94F8BC3443
:1082E000C4F8C05423F0030343EA470384F8BC34C2
:1082F00005B0F0BD9A0726D5D4F8C0042D1AB5F5FF
:108300007A6FF5DB94F8BD340F2B39D8204A02EB95
:108310008303196FD4F8C40401911BF06BFE01991B
:1083200006202FF05FF994F8BC346FF3410384F812
:10833000BC3405B0F0BD174B93F82C301F1E18BF8E
:1083400001273A46A0E7144B1B685B05D0D4114BBC
:1083500093F82C30002BCBD004F58D6104F2294228
:10836000C82302A8CDE9022184F82834FEF764FF6F
:1083700009F0B8F902A8FFF7F7FC09F0B3F9B7E77D
:108380000649C7E7B07B012018800120C80032EC05
:1083900074C90408C83601204C390120A0680600C1
:1083A0000068430607D510F4057F04D007298CBF69
:1083B00000200120704700F48250B0F5825F08BFB2
:1083C00007290CBF01200020704700BFF0B5B84C52
:1083D00085B094F8C834012B00F04D8194F8D50491
:1083E000FEF7ACFF94F8D634054683421FD0002830
:1083F00000F0D780D4F8A033CBB1AE4D032193F970
:10840000040000236D794FF49642019108219D42AA
:1084100000921A4618BF0D46029518F00CFCC4F8DD
:108420009C0320B1FFF728FB012384F8D63494F88D
:10843000D734012B00F0C280D4F8E0643EB19E4BEB
:1084400030465978FFF7ACFF002840F0F38094F8ED
:10845000E504FEF773FF94F8E4340546834221D027
:10846000002800F0F780EEB1337A002B00F019817C
:10847000924A02EB8303196F8E4D0023022296F974
:1084800004002D7900911021ED1A01921A4618BFAF
:108490000125029518F0CFFB894B186010B101231C
:1084A00084F8E434D4F8E8643EB1834B304659781C
:1084B000FFF776FF002840F0AD8094F8F404FEF753
:1084C0003DFF94F8EC340546834222D0002800F0AA
:1084D000C980F6B1337A002B00F0E680774A02EBD0
:1084E0008303196F734D0023022296F904002D793E
:1084F00000914FF40071ED1A01921A4618BF012540
:10850000029518F098FBC4F8F00410B1012384F828
:10851000EC3494F8F504FEF711FF94F8F6340546B0
:10852000834232D0002832D0664B4FF47A72D4F8AE
:10853000F864D3F840341A613EB34FF480524021BE
:10854000304618F007FB0546F8B95A4B4FF4E132B4
:1085500096F90400032719792B4600922A46002930
:1085600001974FF4805114BF09260826029618F08F
:1085700062FBC4F8FC0440B153490123534A84F818
:1085800000550860157084F8F63405B0F0BDD4F8D5
:10859000FC0418F0CAFAC4F8FC5484F8F65405B088
:1085A000F0BDD4F89C0318F0C0FA94F8D734C4F89E
:1085B0009C53012B84F8D6547FF43EAF94F8D80432
:1085C000FEF7BCFE0546002800F08480404D2B6875
:1085D000002B7FF431AFD4F8DC24002A3FF42CAF19
:1085E0003449032692F904004F790A794FF4614126
:1085F000002F019600914FF0200114BF082600269D
:10860000002A08BF46F001061A46029618F013FB2E
:10861000286011E794F8EC34002B7FF47AAFD4F89B
:10862000D034002B3FF475AF0122C4F8F03484F845
:10863000EC246EE794F8E434002B7FF433AFD4F8E5
:10864000D034002B3FF42EAF1D4901220B6084F87B
:10865000E42427E71A4E306818F067FA356084F88A
:10866000E4541FE7D4F8F00418F05FFAC4F8F054AB
:1086700084F8EC544DE7104BD4F8CC64597830466C
:10868000FFF78EFE054670B3D4F8E832002B7FF476
:10869000A5AED4F8D034002B3FF4A0AEC4F8E83235
:1086A0009CE64FF49641E7E64FF461411AE700BFBC
:1086B000B07B012030780120A436012074C9040861
:1086C000F47A0120E42F0120C8780120A07801204D
:1086D000187B01201A4E306800283FF4ADAE18F028
:1086E00024FA3560A8E694F8D404FEF727FE07467E
:1086F000E0B1D4F8E832002B7FF470AE002E3FF4E6
:108700006DAE1049022296F904004FF416530E790B
:10871000042101922A46B6FA86F600932B46760982
:10872000029618F088FAC4F8E80257E6D4F8E8028E
:1087300000283FF453AE18F0F8F9C4F8E8724DE69B
:10874000187B012030780120F8B5C14C94F8C8346A
:10875000002B00F04F81082018F010FAC4F8A00395
:1087600010B308217D2518F0FFF903462B220021C4
:10877000B84884F8D53433F065FC48F67C60E023D3
:108780002B220021A4F80405B34884F8073584F8A7
:108790002F5533F057FC48F67C22A02384F85B5514
:1087A000A4F8302584F8333594F8D734002B00F042
:1087B0000B811020A94D18F0E1F91021C4F8E00454
:1087C00018F0D2F9A64B40F23B1184F8E5043A20A8
:1087D00019809F2118714AF21E40997100216A7A0E
:1087E00098601973002A40F0D780AB7A002B60D1D3
:1087F0009C4E3368580700F1C880990700F1BE808D
:108800001A0700F1B480984F3868C0F3C010FFF722
:10881000EFF80020FFF7D2F803464FF4007084F819
:10882000983318F0ABF94FF40071C4F8E80418F06D
:108830009BF9D4F85C3584F8F404002B14BF0123B1
:10884000002384F8603568D1D4F8C434002B14BFF9
:108850000123002384F8693532D10023D4F8D025D0
:10886000C4F8CC35002A00F0A680012284F8AB338E
:1088700084F8D4254FF48050002618F07FF94FF487
:108880008051C4F8F80418F06FF97849D4F8DC3551
:1088900001F5A075764A84F8F504581C5560754DAD
:1088A00084F8F6642B60C4F8DC051160BDE8F8407C
:1088B0008CE5D4F8943343F00403C4F8943397E779
:1088C000336800226C4913F0020384F86A2584F8A7
:1088D0006B2540F0DD806A7A1AB10A6AD60700F18A
:1088E000B080AA7A002A40F0A7800A6A100704D54F
:1088F000E1180420013381F8AC043968090600F15D
:10890000E4805E4A10211344053203F8011B9342B0
:10891000FBD1052384F8B8349FE76B7A23B156491D
:108920000B6ADB0700F18480AB7A002B7AD13A68BE
:10893000100600F1B680326851070BD54E49096A1E
:10894000480507D5E2180821013382F8641584F838
:10895000683579E7110703D54749096A8805F1D4D5
:108960001105F4D544490A6A1205F0D5EAE7D4F8AE
:10897000943343F48073C4F8943344E7D4F89413E5
:108980003F4A0A43C4F894233AE7D4F8942342F4C4
:108990000272C4F8942330E7D4F89433AA7A43F0EF
:1089A0000201C4F89413002A3FF422AF43F03603C7
:1089B000C4F894331CE7D4F8D83573B3012384F892
:1089C000D43584F8AB3355E7202018F0D7F8C4F835
:1089D000DC0400283FF4EDAE202118F0C5F8294B47
:1089E000294A84F8D8041A60FDF7C6F9012384F8EF
:1089F000D734DEE6042018F0C1F8C4F8CC0400280F
:108A00003FF4A9AE042118F0AFF8204A012384F8FE
:108A1000D404226084F8C8349DE684F8D43584F800
:108A2000AB3327E714490B6A13F006033FF47FAF1B
:108A3000012384F864357AE70A6A12F0060F3FF4DE
:108A400054AFE2180220013382F8AC044DE700BFB6
:108A5000B07B0120B4800120E08001205C780120FF
:108A600090390120BC7701204C390120DC780120AD
:108A7000CC780120F0050120307801205C800120B5
:108A8000C0003800C07701201D6101082D6A01086F
:108A90000B6A13F460733FF41EAF012384F8AC3407
:108AA00019E70F490A6A12F4A05F04D0E118022006
:108AB000013381F8640512F4085F3FF43CAFE2181B
:108AC0000421013382F8641535E712F4585F3FF44E
:108AD00018AFE2180821013382F8AC1411E700BF87
:108AE000307801200F2A13D803280ED805290FD873
:108AF00000EB4003012010B40E4C04EB4303194477
:108B000081F880215DF8044B7047042809D009B131
:108B1000002070470528FBD1064B012083F8A321D4
:108B200070470A29F4D8034B0120194481F8982191
:108B3000704700BFB07B01202DE9F041204B00F1D0
:108B4000400700250C461F4E03EB87080DE0A8F8F0
:108B5000400020462C2133F087FB0446C8B1013584
:108B600001340120022D1DDC10B3204623F02AFC25
:108B700036F8023B83421BDB012D16D0022DE6D1D5
:108B800088F843002C21204633F06EFB0446002871
:108B9000E5D1A5F102000135B0FA80F0022D4FEACF
:108BA0005010E1DD20B1BDE8F08188F84200D0E747
:108BB0000023054A184642F82730BDE8F08100BF7F
:108BC000B07B012024CA0408F07B012000228149E7
:108BD0002DE9F8430846164613460AE0062F03F12E
:108BE000010308BF0136A40448BF0132202B00F066
:108BF000CB80F0E8024554EA050CC4F30327EDD11D
:108C0000754CF5B27548012665762376A276C4F8D0
:108C1000CC32C673002B00F0C28000204FF00F0E44
:108C20008C46F14606460746DCF8002001370CF179
:108C3000080CC2F3031802F00F024645B8BF4646BF
:108C4000C145A8BFC1469042B8BF10469645A8BFCF
:108C500096469F42E8DB4E457ADD4E4470454FEA2A
:108C6000660206F1FF3602F1010246F3470652B2F0
:108C700084F8796284F8782272DD704446100138F5
:108C8000013640F3470076B205EBC50284F8760260
:108C900084F8776205EB420202EBC202C2F346009F
:108CA00040EAC212D2B22A2A2DD80622E27601EB7D
:108CB000C3030A4601E0934255D0106808324503C9
:108CC000F9D500250A4601E093424ED010680832DB
:108CD0000003F9D50A4601E0934249D010680832F2
:108CE0004704F9D50A4601E0934244D0106808329F
:108CF0008604F9D50A4601E093423FD01068083255
:108D0000800314D4F8E7062D2A4608D9EF0706D4C5
:108D100001E0D60702D45210062AFADCD5B2E57675
:108D2000002BC4D140F22F2506E08B4229D00A68DF
:108D30000831D203F9D5ADB2202200212848A4F889
:108D4000E05533F07FF96369C4F84833BDE8F88330
:108D500006260722704584F8796284F878228CDC34
:108D60000620072690E70125ACE745F00205B1E7AC
:108D700045F00405B6E745F00805BBE745F4007586
:108D8000D5E745F02005D6E7134CF5B21348012688
:108D900065762376A276C4F8CC32C6733DE705EB40
:108DA000C5020720062605EB420284F8780284F803
:108DB000770202EBC20284F8796284F87662C2F329
:108DC000460040EAC212D2B22A2A9CD840F22F258D
:108DD000E676B1E7F07B0120B07B0120040601209C
:108DE000CC7B0120814A00232DE9F04FC7008BB0D6
:108DF0000C4602EBC00142F830301D464B609B46EA
:108E00009946029305971F4603932C2004934FF035
:108E10003008774E4FF0010AE9B2CDE900332378EC
:108E2000002B5BD00DF11C0E0022F44605E00CF87F
:108E3000013B14F8013F002B51D0834200F0B98070
:108E40000A2A02F10102F2D100238DF82630AEF891
:108E500000804B1E062B00F2C380DFE803F09B7FEF
:108E60005D544C31040000230A2207A8194623F060
:108E700011FA0F2800F2A4804205009B019D03F027
:108E80000F00049B5B4940EA0550059D1C01029BB5
:108E900040EA09690398E4B2294449EA0B2B5B04D0
:108EA0004BEA073743EA400327431343FD170F6498
:108EB0002B434B64FFF78AFE01200BB0BDE8F08F17
:108EC00000230A2207A8194623F0E4F9029001358D
:108ED000237816F8010BE9B2002BA3D11A460AAB8E
:108EE0001A44002302F80C3C002867D0032973D9E8
:108EF0000DF11C0EABE700230A2207A8194623F048
:108F0000C9F90390E3E707A823F05CFA03460F28AA
:108F1000C8BF00230193DAE79DF81C20002AD6D0B1
:108F200007A8DFF8D4C00023432101E01CF8011B8F
:108F30008A423CD00133072BF8D1DFF8C0C00023B0
:108F4000542101E01CF8011B8A4228D00133082B70
:108F5000F8D110F8012F002AE3D1B8E79DF81C30B2
:108F6000002BB4D007AA0DE0452B2BD0532B2BD0D0
:108F7000572B2BD0552B2BD0442B2BD012F8013F45
:108F8000002BA4D04E2BEFD100230AFA03F349EAB9
:108F90000309F3E707A823F015FA009097E70AFA08
:108FA00003F310F8012F1F43002ABAD18FE79B4625
:108FB000C3E70AAB1A44002302F80C3C013448E72B
:108FC00000225AE70123E0E70B46DEE70323DCE754
:108FD0000423DAE70523D8E718460BB0BDE8F08F85
:108FE00007A823F0EFF9049071E700BFF07B0120A0
:108FF000A91B0508B07B01201119050805190508F2
:1090000038B5064CFFF7E2FD41F2A8020021657970
:10901000034833F017F884F8E25538BDB07B0120DF
:109020002C2B0020024A137843F00603137070477C
:109030002C7801202DE9F04FB04C93B0C5B294F8D4
:10904000203383B1012B56D194F8B036082B52D877
:10905000DFE813F0D301CC010702F601BB019B014D
:109060007B016A01DD01A5F10A03222B7FD8DFE82D
:1090700003F08C7E7E8C7E7E7E7E7E7E7E7E7E7EFD
:109080007E7E7E7E7E7E7E7E7E7E7E7EB47E7E7ECA
:109090007E7E457E45009A4A6721137884F89416AF
:1090A00013F0020300F07285964B0021D4F8E80516
:1090B000D4F8EC55186094F8F0055D601875D4F894
:1090C000F455B4F8FA059D60588284F8901694F827
:1090D000C432052B00F0AC8294F8BF38127883F0CC
:1090E000010384F8BF38930705D5864B1B7D042BFD
:1090F00001D9FEF703FA13B0BDE8F08F824A0020D1
:1091000094F8E43594F8E365D054002E40F0CF8015
:109110007E4B116884F8E665994200F069827C4BC9
:109120001168994200F078827A4B1168994200F0F8
:109130001E85794B1168994200F02C85774B116898
:10914000994205D19388562B02D1032384F8E63542
:10915000013600232A2D84F8E36584F8E43500F015
:10916000888194F8E5355D4084F8E555C3E794F8C7
:10917000E4350E2B04D8591C634A84F8E415D55401
:1091800094F89036002BB6D1EBE794F89036002B8C
:1091900000F08980624901F1140313F8012D99420E
:1091A0005A70FAD1584A1378402B40F2C781373BA6
:1091B0001B01DBB25278402A8CBF373A303AD2B228
:1091C000134494F8E525DBB29A420ED03F220023E7
:1091D00084F8942684F890368DE7002384F8E335EC
:1091E00084F8E43584F8E53585E7D4F8AC362121F8
:1091F00094F8E625013384F89416012AC4F8AC36B5
:109200003FF449AF022A4ED13E4B7220B4F8FC2500
:10921000B4F8F8151A82D98184F89406D4E9C023E9
:10922000134340D1D4F80426EAB3D4F80036D3B3BC
:10923000642142F210753B4EB2FBF1FEB2FBF5F039
:1092400001FB1E2202F5FA62B3FBF1F7B3FBF6F65F
:10925000B3FBF5F5BEFBF1FC0B40ADF8042001FBC0
:109260001CEC03EB83038DF806C05B00B0FBF1F24E
:1092700001FB120201A8ADF80C308DF80720B7FBF6
:10928000F1FCB5FBF1F2B6FBF1F301FB1C7701FB3E
:10929000125501FB13618DF80A708DF809508DF895
:1092A000081022F00DFF002384F8903623E794F88D
:1092B000E635032B00F0E1803FF64AAF012B00F0CA
:1092C0004181022B7FF444AF731E082B3FF640AF61
:1092D00001A252F823F000BF2D9501085191010819
:1092E00051910108519101085191010851910108D2
:1092F0000D950108FD940108ED940108B07B012053
:109300002C780120783901205039012047504747F7
:10931000474E47474750524D474E524D475047538F
:109320004482012040420F0094F8B2360822AB423A
:1093300084F8B0263FF4DFAED4F8AC3201221344F7
:1093400084F8B126C4F8AC32D5E694F8B22694F885
:10935000B3162A44B4F8B836D2B2B3F5007F11443C
:1093600084F8B22684F8B31602D2E21882F8BC560A
:109370000133B4F8B6269BB29A42A4F8B8363FF649
:10938000BAAE072384F8B036B5E694F8B2260621C3
:10939000B4F8B636154494F8B32603EB002084F8ED
:1093A000B016EDB280B2AB1884F8B256B0F5007FBB
:1093B000A4F8B60684F8B33640F2138101220023E4
:1093C00084F8B126A4F8B83695E694F8B2360522AA
:1093D000A4F8B6061D4494F8B33684F8B026EDB26E
:1093E0002B4484F8B25684F8B33684E6622814BF5E
:1093F0000023022384F8B0367DE6B5287FF47BAEE7
:109400000022012384F8B12684F8B03673E6D44BE9
:109410000022A3F1140184F8B02613F8012D8B4229
:109420005A70FAD194F8B336AB4200F0E980D4F820
:10943000AC323F22013384F89426C4F8AC325AE6A9
:1094400094F8B236042194F8B3262B4484F8B45629
:1094500084F8B016DBB21A4484F8B23684F8B32626
:1094600049E6032384F8B25684F8B35684F8B0363C
:1094700041E6012384F890363DE6022E00F0D180CB
:10948000032E09D1F3F764FCC3B2102B84F809361C
:1094900000F2768394F8E365032E7FF659AE331F0E
:1094A00094F80876C3F3870303EB8707033FFFB203
:1094B000102F3FF64DAEF21EA2EB8303DBB2012B61
:1094C00000F06D83042B0BD10020F3F741FC7B1ED1
:1094D000002294F8E365234483F84C0683F86C2655
:1094E000D4F88C360133C4F88C3631E60020F3F71B
:1094F0002FFC94F8E365C4F8040629E60120F3F78D
:1095000027FC94F8E365A4F8FC0521E60120F3F7B5
:109510001FFC41F21843934A03FB00F394F8E36500
:10952000A2FB03239B09A4F8F83511E60220F3F708
:109530000FFC94F8E365C4F8000609E61B0103F08C
:10954000F00337E6B31E072B3FF602AEDFE803F069
:10955000443A352B241C0F040120F3F7F9FB94F84F
:10956000E36500EB80004000C4F8F405F0E501205D
:10957000F3F7EEFB94F8E36500EB800000EB80006E
:109580008300A4F8FA35E3E50020F3F7E1FB94F853
:10959000E36584F8F005DBE51378302B40F20C83AB
:1095A000FFF740FDD4E51378572B7FF4D1ADD4F805
:1095B000EC355B42C4F8EC35CAE5F3F761F9C4F861
:1095C000EC05C5E51378532B7FF4C2ADD4F8E8352C
:1095D0005B42C4F8E835BBE5F3F752F9C4F8E80597
:1095E000B6E50023A4F8B83600283FF4CAAE82E5F9
:1095F0009388412B7FF493AD012384F8E635A7E5EA
:10960000D4F8AC3694F8B1560133C4F8AC36EDB1A9
:109610003E2384F894366EE59388412B7FF484AD25
:10962000EAE7F3F795FB94F8E36584F8080633E777
:109630004D494E480B68056843F02003D4F8B40246
:10964000C4F8B4520B60C4F8B80245E5212294F87E
:10965000B43684F894263E2B3FF64DAD01A252F865
:1096600023F000BFE1980108DB970108919A0108F7
:10967000679A0108F7900108F7900108DD9A010840
:10968000F7970108F7900108F7900108F790010893
:10969000F7900108F7900108F7900108F79001088A
:1096A000F7900108F7900108F790010893990108D5
:1096B000F7900108F7900108F7900108F79001086A
:1096C000F7900108F7900108F7900108F79001085A
:1096D000F7900108F7900108F7900108F79001084A
:1096E000F7900108F7900108F7900108F79001083A
:1096F000F7900108F7900108F7900108F79001082A
:10970000F7900108F7900108F7900108F790010819
:10971000F7900108F7900108F7900108F790010809
:10972000F790010801990108F7900108F7900108E6
:10973000F7900108F7900108C7990108F790010810
:10974000F7900108F7900108F7900108F7900108D9
:10975000F7900108F7900108F79001087197010848
:1097600058820120D34D6210BC770120301D0120AA
:1097700094F8BF36012B04D994F8C826012A00F0CA
:109780005182D4F8BC26D04922F0FF028A4200F070
:109790007F82DB00CD490DF10A001E1D324631F0FB
:1097A000EFFCB11DCA4BF6B201A801F0FE01019316
:1097B000ADF80860FDF742F994F8BD38002B3FF48E
:1097C0009AAC94F8BE38002B3FF495AC0023C14A04
:1097D00084F8BD3884F8BE3879E494F8C832012B97
:1097E000EAD194F8BD2694F8C6329A42E4D1022315
:1097F00084F8C832E0E74F2294F8D13684F89426F2
:10980000DA0704D594F8D036032B00F0E781B14A8B
:109810000A25D4F8E0360020117884F8BC0821F03D
:109820000201AD4893FBF5F31170D4F8D456D4F887
:10983000D826C0E9015302600A21D4F8F436D4F8DE
:10984000F82642F2107593FBF1F392FBF1F207EE6A
:10985000903A07EE102AD4F8FC36F8EEE77AC28187
:10986000B8EEC77A012294F8D31667EEA77A84F887
:10987000BD2884F8BE28B4F80827E7EE077A0175FA
:10988000428293FBF5F3B1EEE77A0382D4E9C02379
:109890001343BCEEC77A17EE101A818196D194F863
:1098A000C73603F00303032B90D1D4F8CC3694F8D9
:1098B000C606D4F8C016002BB4F8C4268DF80A00EA
:1098C0000191ADF8082040F313824FF47A7293FBB4
:1098D000F2F39BB201A8ADF80C3022F0F1FB6BE77C
:1098E00094F8C832012B7FF467AF94F8BD2694F842
:1098F000C6329A427FF460AF032384F8C8325BE734
:1099000094F8C0364922102B84F8942684F809363E
:1099100040F27D81102384F809366C4E0027A6F1B1
:10992000B002A6F19005A6F15000A6F17001914693
:10993000A84686468C4696F808B0013796F809A0E6
:1099400009F801BB9F4296F80BB008F801AB16F876
:109950000CAF0EF801BB0CF801ABECD3102B12D0FE
:10996000013B0026EF18C518C8181344194607F81C
:10997000016F05F8016F023100F8016F03F8016F04
:10998000891A0F29F2D9D4F88C360133C4F88C36F1
:1099900012E75621D4F8D42642F210704E4BD4F878
:1099A000CC5684F8941601219D8184F8BE18D4F811
:1099B000D05694F8BD18DD8192FBF0F21A8200298E
:1099C0003FF499AB02E794F8C1364922202B84F882
:1099D000942684F8093640F2F680202384F809366C
:1099E0003A4E0027A6F1B002A6F19005A6F170014B
:1099F000A6F150009146A8468E46844696F808B0D7
:109A0000013796F809A00C3609F801BB9F4216F8F9
:109A100002BC08F801ABD6F804A00EF801BB0CF8A4
:109A200001ABEBD3202B15D0013B4FF0FF0E4FF0D5
:109A3000000C1D441844194413441E4605F801CF78
:109A400000F801CF023601F801CF03F801EFB61A92
:109A50001F2EF2D9D4F88C362022013384F809263F
:109A6000C4F88C36A8E694F8C1365322DD0784F892
:109A7000942604D594F8C036032B00F00581154ACE
:109A80000021137884F8BC1823F00203137093E6C6
:109A9000D4F8CC260A20104B5025D4F8C01684F8F0
:109AA00094565960D4F8C45694F8BC181D6092FBC3
:109AB000F0F29A60002900F0A480FFF7B3FA0123C6
:109AC00084F8BD387DE600BF002020076C820120AD
:109AD000B562063E2C7801207839012094F8C7162B
:109AE0004F23C80784F8943604D594F8C636032B60
:109AF00000F0C8807F4A137823F0020313707E4B76
:109B0000B4F8E82694F8EB065A82187584F8BC5825
:109B1000D4E9C02313437FF44FAE01F00C010C29AC
:109B20007FF44AAE7548B4F9C486DFF8ECC1A8FBEF
:109B300000234FEAE879D4F8C01600FB0933D4F8C3
:109B4000BC066F4D12184FF0490091FBFCF143F138
:109B50000003521843EBE1736A4956190A6843EB54
:109B60000007B61A67F10007C4E9C06724E69388C6
:109B7000432B7FF4DEAA022384F8E635FFF7E8BA28
:109B8000102394F8E36584F8093685E484F8903668
:109B9000FFF79DBA9388432B7FF4D0AAEBE707F138
:109BA000FF380020A04488F80C76F3F7D1F894F839
:109BB000E36588F82C0693E44E4A137823F00203F9
:109BC0001370FFF7C5BA002B7FF40AAF4E4A02F1BB
:109BD000200502F1600002F1400125E7D4F8E036EB
:109BE0000A2145480125D4F8D42684F8BC5842609F
:109BF000D4F8D82693FBF1F302608360FFF712FAE2
:109C00001AE63C4A137823F00203137057E7002B3F
:109C10007FF483AE3C4A02F1200502F1600002F1BC
:109C200040019DE6D4F8BC26DB00384922F0FF0253
:109C3000D4F8CC768A4207F001073FD01E1D344984
:109C40000DF10A00324631F09BFA002F3FF4A9AD26
:109C500094F82133052B7FF4A4ADDDF81A3023F0FE
:109C60000103CDF81A30002D3FF49BAD94F8243356
:109C7000002B3FF496ADDDF8223043F00103CDF820
:109C800022308EE501253AE7012384F8BC3893E5BC
:109C9000D4F8D0261F4922F07F428A427FF479AD62
:109CA000DB00D4F8D4261A490DF10A001E1DD54355
:109CB000324605F0010531F063FAD4E7D4F8D02636
:109CC000144922F07F428A42B8D1D4F8D4261E1D0E
:109CD0000F490DF10A00D543324605F0010531F078
:109CE0004FFA002FBFD094F82133052BBBD1B4E736
:109CF0000023EFE52C7801207839012000840C2422
:109D0000B0F5F790301D0120BC8101200020200714
:109D10006C8201200204080040420F00FFF78AB95C
:109D20002DE9F043BC4C93B00546D4F8EC3294F8DE
:109D3000C4627BB996E01BF00BFF431B1E2B00F3A4
:109D40008380D4F8EC021DF029FD80B2FFF772F990
:109D5000D4F8EC3218461DF029FD0028EBD1AF4BAA
:109D600042F2107194F8C4221B68AD4F1B68196150
:109D7000531E052B35D8DFE813F07501340075014B
:109D800075010600C501A74B40F6C412D4F8B41201
:109D90001B685B1A934200F29B8294F82233012BDA
:109DA0001FD1D4F8BC02012800F07584022800F00D
:109DB0005884B0B99C4B1B6813F4803311D194F8CC
:109DC000CA22002A00F04985984A09218DF80C30F2
:109DD00001A8974B01920293FCF730FE0123C4F8CF
:109DE000BC3226441BF0B4FE401B96F8C0388342B8
:109DF00094F8C432234438BF86F8C00893F8C008EA
:109E000032F002FB8B4B1B689A0600F1F2808A4EFF
:109E100094F82623337803F00103134303D13B78EE
:109E200023F001033B700EF039F9054618BB0522FB
:109E30003B7813F0020310D094F8C432052B00F0E5
:109E4000DC8113B0BDE8F083744B4FF47A721B6869
:109E50001B681A6113B0BDE8F08384F8A43913B00D
:109E6000BDE8F08394F8BF8818F0020F40F0D68167
:109E700032466B4F7CE7714B1B8813F0400300F0B8
:109E8000628194F8CC38002B00F05D8394F8833223
:109E900084F804390DF0E0FF94F8C432C4F8D40813
:109EA000A3F10503B3FA83F35B0984F8F4381BF0DC
:109EB0004FFE94F84033002B56D0614AD4F8D418A2
:109EC000D2ED127AD2ED146A67EEA77AD4F80C3983
:109ED00092ED135ACB1ADFED5B5AE6EEA67A92EDBD
:109EE000004A07EE103AD4F80839DFED576AC31A72
:109EF000B8EEC77A554A06EE103A554BE5EE057AAC
:109F0000DFF85CC127EE257AD3ED094AB8EE466A40
:109F1000DFED505AD3ED073ABCF800C087EE065A81
:109F2000C4F80C19C4F80809D189107DB4F81C23B1
:109F3000B1EEE77AA4F8D8C884F8E008A4F8DE18EF
:109F4000A4F8DC2825EE266A83ED065AA3EEA56A5E
:109F500067EE047A67EEA66AC3ED087A83ED076AB6
:109F6000E4EEA56AC3ED096A1BF0F2FD94F8C43271
:109F7000052B40F065813B7813F0010228D0D4F81E
:109F800010293549821A8A4240F2E58213F0020212
:109F9000C4F8100940F0A3812C4B94F834191B7DB0
:109FA00084F814598B4234BF01214FF0FF3194F9EA
:109FB00016390B44022B1946A8BF0221012B21EAB6
:109FC000E17184F8161900F3A282002384F8153990
:109FD00094F8CC3884F80529072B00F20381DFE8D8
:109FE00013F08D020302CA01AE01B5008C0181019C
:109FF0008801D4F8C838EB1A002BFFF608AF134BD2
:10A000001B7D042B7FF603AF144B01202B44C4F8B7
:10A01000C8381DF07BFCFAE6B07B012070220020DE
:10A020002C780120301D0120007B0120B562060143
:10A0300003000135BC770120887801208A7801204F
:10A04000FC24002000247449CDCC4C3E78390120FA
:10A050007C840120CDCC4C3F3F420F00F0490200F0
:10A060002E78012094F82033002B00F0EE80012B95
:10A070007FF4B7AED4F8EC021DF08CFB00283FF45F
:10A08000B0AE94F8C432032B00F04883042B00F0E8
:10A090001583012B7FF4A5AEC64AD4F8C032D2F89E
:10A0A0000080A8EB0303C72B7FF69BAED4F8BC223D
:10A0B000042A00F24482C04902EB4202D4F8EC02C6
:10A0C000002301EB820201F1700ED0F808909C464B
:10A0D00092F8B920C4F8C08201E05EF804CFE145EF
:10A0E0005FFA83F803F1010303D0102BF5D14FF091
:10A0F0000008424500F0D78301EB8202116F19F08E
:10A1000079FF6EE6D4F8B03294F823230133C4F813
:10A11000B0326AB194F8C532A84A0133DBB2A2FB6F
:10A12000031202F0FC0101EB92029B1A84F8C53283
:10A130003B780021A24A012023F0020311753B70F5
:10A14000FCF730FC4DE684F8CC389FE6B4F8D8280C
:10A15000B4F83E3993420BD3B4F83C096423D4F8E5
:10A16000D41803FB00F3994202DC052384F8CC38B1
:10A17000944B07EE102A9FED946AC82AF3EC015A1B
:10A18000B8EEC77ADFED916AD3ED007AE7EE257A73
:10A1900067EE867AC7FEA67AFDEEE77A17EE903A6A
:10A1A00040F25482D4F89429632BD4F8F81840F381
:10A1B000CC828B42A8BF0B46632AC4F8F838D4F887
:10A1C000FC3840F3C0829A42A8BF1A4601200A21F7
:10A1D000B4F81839C4F8FC2884F8020984F8001986
:10A1E00084F801390DF0D6FB94F8CC3853BB00232A
:10A1F00094F8342984F840331AE6714B1B7D93425E
:10A20000FFF41FAE94F8A439002B7FF41AAE0D2092
:10A2100016F00CFE012384F8A43912E66C4F0520D9
:10A22000FCF7C0FB3B789A0703D5654B1B7D042BDD
:10A2300052D828F0020894F8C42284F8BF8897E521
:10A240000022C5E60DF042FCD1E7012A00F064814E
:10A25000032A7FF4C6AD574AD4F8C0321268D31A25
:10A26000B3F57A7FFFF4BDADD4F8BC32C4F8C02298
:10A27000002B00F0B382012B40F2DE820520FCF7B8
:10A2800091FBAEE594F82133052B04D094F82433E8
:10A29000002B00F0FB834F4A0023062101A8ADF8F4
:10A2A00008300192FCF7CAFB94F8C832022B00F088
:10A2B000ED82032B00F0DD82012B7FF492AD94F848
:10A2C000C7320133DBB2192B84F8C7327FF489AD72
:10A2D0000620FCF767FB84E5FDF710F9A9E72A469D
:10A2E000002559E64FF0007016F03AFF07200EF0F7
:10A2F000E9F8002384F8CC3874E7D4F8D438632B19
:10A30000354BCCBFB7EE087A9FED347AD3ED097A9E
:10A3100067EE877A93ED087AB4EEE77AF1EE10FAF9
:10A3200000F3158200234FF470610122C4F8F8385D
:10A33000C4F8FC38A4F8001984F8022952E7B4F8EC
:10A34000D828B4F898399A4202D8042384F8CC3833
:10A35000B4F81E390121D4F848090F22C4F8FC389A
:10A36000B4F81839C4F8F80884F8021984F80029F8
:10A3700084F8013936E7D4F8D408D4F84819D4F869
:10A38000F8381B1A002BB8BF5B42B3F57A7F02DAAC
:10A39000032384F8CC384FF4FA7040F60A72012394
:10A3A000C4F8F818C4F8FC08A4F8002984F80239A5
:10A3B00018E700BF301D012074C90408CDCCCCCCF7
:10A3C000783901204C8501200000C84200000000BF
:10A3D0002C780120B562063E7C8401209A99993F31
:10A3E0000AD7A339CDCCCC3DB4F884391BB9B4F825
:10A3F0002C39A4F88439B4F820391FED076A06EE29
:10A40000903AB4F824395FED095A07EE103AB4F8DF
:10A410002239F8EEE66A3A7807EE903AB8EEC77A53
:10A42000E14BF8EEE77A66EE866A27EE067A67EE8B
:10A43000A57AC3ED006A83ED027AC3ED017AD307F2
:10A4400040F19081B4F8D838B4F836299A4207D947
:10A45000052194F8042984F8CD18002A40F0E281FF
:10A46000B4F81C29B4F81E199A42C4F8941900F2E1
:10A47000E780134694F84019A4F89829012900F0C0
:10A480008781022900F07681B4F81A29B4F84619B8
:10A4900007EE902AD4F8D068642217EE900A02FBE7
:10A4A000016102FB00F5D4F8D408A942B8BF2946DF
:10A4B000C4F84819B4F83C29B8EE677A06EE903A29
:10A4C000F8EEE77A06EE102AB4F83E29F8EEE66ACE
:10A4D000B64DB8EEC66A9A1A022337EE466A07EE00
:10A4E000102A84F8CC38B8EEC77AC6EE075AE5EEE3
:10A4F000E67AE5EC015AC5ED007A40E7337813F0CF
:10A50000010332D1C4F8D038A4F8DA386AE601235E
:10A51000002284F815395BE5A54AD4F8C0321268E8
:10A52000D31AB3F57A7FFFF45CACD4F8BC32C4F82C
:10A53000C022002B00F06981012B40F289810320A9
:10A54000FCF730FA4DE4012384F8CC380DF0BEFA64
:10A550000DF020FA9AE494F81439002B7FF470AED1
:10A5600094F8152982F0010232E5D4F8D438B6EE19
:10A57000007AD4F8D00800258E4AB4F8D81898424A
:10A58000D2ED047AB4F8DA28B8BF1846FCEEE77AC0
:10A59000C4F850599142C4F8D008C4F84C5938BF97
:10A5A0001146854A17EE903AD2ED086A9BB2A4F89C
:10A5B000DA18F4EE476AA4F85439F1EE10FA7FF78E
:10A5C00011AEDFED7E7AF4EE676AF1EE10FA7FF5F8
:10A5D00009AED4F87C59DFED7A7A07EE105AB8EE5E
:10A5E000477AB4EE677AF1EE10FA7FF5FBAD40F2F0
:10A5F0002E418B427FF6F6ADA3F57A73DFED717ACB
:10A6000007EE103AB8EEC77AE7EE267AFCEEE77A64
:10A6100017EE903A9BB207EE903A002D40F063811E
:10A62000F8EE677A02F128030125B0EE670AC3ED60
:10A63000007A2FF0FDF9C4F87C59A4F88409D1E51B
:10A64000053B1E2BB8BF1E239AB213E7B4F81E09B0
:10A650005D4902FB00F2A1FB02129209C4F89429A1
:10A66000A2E55A4B1B68D9037FF5BBAB94F8CA32FD
:10A670005748002B00F0EE800523564A019009212F
:10A6800001A88DF80C300292FCF7D8F90023C4F829
:10A69000BC32FFF7A6BB3B789B0705D594F8258312
:10A6A000B8F1020F00F01A81484B1B68D8037FF500
:10A6B00098AB0223C4F8BC32FFF793BB94F8223363
:10A6C000002B3FF4DBAD94F8C832002B7FF4EEADE5
:10A6D000D4F8BC320E2B3FF684AB01A252F823F023
:10A6E0000BA9010845A9010829A9010865A90108C4
:10A6F0005DA9010855A901084DA90108ADA90108E6
:10A700009DA901087DA901086DA90108E5A9010815
:10A71000C9A90108F5A9010885A2010894F8C53264
:10A720002D4A03EB4303D4F8EC0202EB830393F8C6
:10A73000B93002EB8302116F19F05CFC0420FCF7C6
:10A7400031F9FFF74EBB642240E5642334E54FF056
:10A75000007016F005FD07200DF0B4FE072384F805
:10A76000CC38DFE54FF0007016F0FAFC07200DF052
:10A77000A9FE67E6D4F8D4086422B4F84619B4F800
:10A780001A5902FB010107EE905AC4F8481991E6E4
:10A79000B4F81A296421D4F8D40801FB02F107EEB9
:10A7A000902AC4F8481985E6388501204C85012097
:10A7B000301D0120E8240020088501208FC2753F4C
:10A7C0000024744900007A441F85EB51007B01206E
:10A7D000B56206010300013574C9040894F8C53256
:10A7E000AF4A03EB4303D4F8EC0202EB830393F884
:10A7F000B93002EB8302116F19F0FCFBD4F8BC32C4
:10A800000133C4F8BC32FFF7ECBA4FF49651D4F8D8
:10A81000EC0219F0EFFBD4F8BC320133C4F8BC32BF
:10A82000FFF7DFBA4FF0007016F09AFC07200DF02A
:10A8300049FEB4F8D83813E69A49D4F8EC021CF073
:10A84000DFFFD4F8BC320133C4F8BC32FFF7C9BA19
:10A850009549F2E70523954A10E7954B092101A890
:10A860008DF80C200193914B0293FCF7E7F8FFF76A
:10A87000B5BAD4F8BC32072B2BD00B2B24D1002334
:10A8800084F8CA3284F8C832FFF7ABBAD4F8BC32C5
:10A890000E2B3FF4F3AC01330022C4F8BC3284F831
:10A8A000C822FFF79EBA94F8C53203EB430301EBCD
:10A8B0008301D1F8BC101CF0A3FFD4F8BC320133E3
:10A8C000C4F8BC32FFF78DBA0420FCF76BF8FFF731
:10A8D00088BA0023A4F8C832FFF783BAFCF7EEF871
:10A8E000C4F8BC82E0E60135F8EEE77AD2ED0A6AF8
:10A8F000134607EE105A77EEE67A2833B8EE476A29
:10A9000087EE867A77EE267A8FE694F82503012380
:10A91000B0FA80F084F8C93284F8CA324009FCF7F2
:10A92000CDF894F8C832C1E461480023614A01902F
:10A93000092101A88DF80C300292FCF77FF894F8F9
:10A94000C832B3E45A4800235B4AF0E75848002372
:10A950005A4AECE756480023594AE8E7544800238E
:10A96000584AE4E752480023574AE0E794F8C932CE
:10A9700063B10B23C4F8BC32FFF733BA94F8C93281
:10A9800043B10A23C4F8BC32FFF72BBA484801236D
:10A990004E4ACCE7464801234D4AC8E794F8C932ED
:10A9A0005BB10923C4F8BC32FFF71BBA94F8C93273
:10A9B0003F4833B10123474AB9E73D480123464A9E
:10A9C000B5E70123454AB2E745484FF00113454A30
:10A9D0000C21019001A8CDE90223FCF72FF894F88F
:10A9E000C83263E494F8CA323148002B54D00523AE
:10A9F0003D4A9CE794F821330222052B8DF80A206A
:10AA000013D040F2033194F82823ADF80A1012B1A4
:10AA100007228DF80B200322013BADF80C20032BFD
:10AA20000CD8DFE803F01C2B2314032294F828131E
:10AA30008DF80B200029EBD1ADF80C200023ADF8E8
:10AA40000E30ADF81030294A08230E2126E40022EA
:10AA50004FF48C53ADF81020ADF80E30F3E74822D8
:10AA60000123ADF80E20ADF81030ECE74FF4007282
:10AA70000223ADF80E20ADF81030E4E74FF4284281
:10AA80000423ADF80E20ADF81030DCE70520FBF70D
:10AA900089FF94F8C83209E40523044A47E700BF58
:10AAA00074C904084C1A05082C1A05080300013063
:10AAB000B56206010300F0030300F0050300F00493
:10AAC0000300F0020300F0000300F0010300011294
:10AAD0000300010303000107030001020300010654
:10AAE000B56206080600C80003000135B562061607
:10AAF0002DE9F041DFF8888082B01C4C98F80060A6
:10AB0000F20712D594F826337BB1194DD5E90073BD
:10AB100018490022A8680968C4F82C73C4E9CC302D
:10AB2000C4E9CE2102B0BDE8F081B307EDD5104DE8
:10AB30002B7D042BEAD92F6846F001069FED0E0A03
:10AB400007EE907A6B68F8EEE77A0193C4E9C57373
:10AB5000F0EEE77A27EE800A31F062FC074A019BAB
:10AB600088F8006082ED000AD2E700BFB07B0120C8
:10AB700078390120301D012050E0EF30EC03012036
:10AB80002C7801200C4D044608B5D5F8EC0215F0E0
:10AB9000C1FF204615F0BEFFD5F8EC0201798B0706
:10ABA00003D52146054AF1F7EDFE41F002011CF004
:10ABB000EDFDD5F8EC02F4E7B07B01201D9D010806
:10ABC000002070B52B4C84B084F8C502C4F89806F8
:10ABD000C4F89C06C4F8A006C4F8A40684F8A80625
:10ABE000C4F89406C4E9AB00FBF7DCFE224B94F8F2
:10ABF00020031B680228C4F8B4322FD0022015F0BD
:10AC0000BDFF80B3867994F8C5221C4D02E0CAB21C
:10AC1000042A2AD802EB4203511C05EB830393F864
:10AC2000B930B342F3D184F8C52294F8C5220C217F
:10AC3000002390F9040001FB02520321029392F8D1
:10AC4000B9200191022105EB82051A462D6F00956E
:10AC500015F0F1FFC4F8EC0228B1012004B0BDE802
:10AC60007040FBF79FBE04B070BD002384F8C5326E
:10AC7000DBE700BFB07B0120301D012074C9040850
:10AC80002DE9F0477C4C8AB094F84153002D40F0F8
:10AC9000DF8094F8E285B8F1000F00F0D9802A46F1
:10ACA0002F2140461AF086FE0646002800F0D0808C
:10ACB0004379D0F800A0A4F850331DF0D3F9002850
:10ACC00000F0C6804768002F00F0C280D0F80890DE
:10ACD00038461DF04DFB2A462F211DF059FB002858
:10ACE00000F0B680654B664A1B68C4F854A39342D3
:10ACF00007D303F1B77505F55855B5FBF2F5013DDE
:10AD0000ADB26A1C03215F48C4F85853B3FBF2F399
:10AD10005D4AB3FBF2F39AB2C4F860330023B2FB8E
:10AD2000F1F25100A4F84C23C4F86433A4F84E1394
:10AD3000C4F85C33F7F776F8002840F08980404685
:10AD40001CF0F2FDC4F8A80908B12F23C380727A61
:10AD50004E211CF03BFE4D4B00251A6B42F40012B5
:10AD60001A631A6B02F400120292029A1A6B42F4EE
:10AD700080021A634FF480621B6BC4F8BC294FF445
:10AD8000805203F48003C4F8B099C4F8C0294FF48A
:10AD900080420193C4F8C4294FF40032019B402340
:10ADA000C4F8CC290322C4F8B439C4F8D42994F8DF
:10ADB0005023C4F8B8590C2AC4F8C859C4F8D0595B
:10ADC000C4F8D859C4F8DC59C4F8AC7904D8304B6D
:10ADD00003EB4203B3F8F4502E4B05F10809384653
:10ADE000A3F5CB6804EB8909C4F8E489C9F85433A6
:10ADF0001DF0BEFA2DF02CFD38461DF0B9FA2B4699
:10AE0000602225492DF0FEFCD9F85403F9F7E2FE43
:10AE1000F0B96023089003A90393337A09905A008C
:10AE20000490DB00079002F00202404603F00803A2
:10AE30000592B4F850230693EFF700FA40B9337A3D
:10AE40004046B4F850139B0705D5F6F777FE30B1AE
:10AE50000AB0BDE8F087F6F7B5FF0028F8D1002367
:10AE600003A80393FBF7BCFD64210220FCF7E6FB7B
:10AE7000012384F84133EBE7B07B01207C1E0120E5
:10AE8000006CDC02047F012000350C000038024019
:10AE900074C904085C850120B92A00002DE9F04F2F
:10AEA000B44C8FB094F8413323B194F8423303F09B
:10AEB000FF062BB1B04B01221A710FB0BDE8F08F25
:10AEC00094F80C3A05460C20002B42D00DF020F9E6
:10AED000002840F08B81FFF7D3FE0121E67984F84A
:10AEE0000C1A8E423AD80A200DF012F9002800F010
:10AEF0006981A24AFA21A24B1268A67BA3FB020336
:10AF00001B0901FB13237D2B28BF00269D4F7B7C53
:10AF1000B34203D1D4F8383A9D42CED39A4800EBDD
:10AF20008600FBF75DFDE17BA079FCF787FB07EE70
:10AF3000905A9FED967AF8EE677A7E7477EE877A6C
:10AF4000FCEEE77A17EE903AC4F8383A0FB0BDE855
:10AF5000F08F0DF0DDF80028ACD1BCE7023E8E4248
:10AF6000ABD80023B4F8E0C5894E1F46DFF8448211
:10AF7000DFF844E2DFF844924CFA03F2D0070ED433
:10AF800056F8232001FA03FAAA1A02EB08007045CA
:10AF900005D94A4547EA0A0788BF46F823500133D6
:10AFA0000A2BE9D1002F85D0207E002800F0888070
:10AFB000784A4FF4B47B94F899E192F80080DFF876
:10AFC00000920EF1400E08F0010294F89BC194F833
:10AFD000986109EB0B050CF1400C079209EB8E020E
:10AFE000403609EB8C036C490A9205EB800A39F86C
:10AFF0002C2094F8A301D046059209EB86024E4618
:10B0000008970992DA789B780392049304EB800303
:10B0100001930B680B93614B1B880293D6F800A039
:10B020000836CAF30323042B1CD8DFE803F02203FD
:10B0300096936600002304220299114207D101333E
:10B04000042B0FD0564A32F82320002AF5D1CAF338
:10B050000560002240FA02F1C90700F15E81013269
:10B06000062AF7D14FF4B473059ADDE9031700936C
:10B0700058E0CAF3035C1AF4805F0CF1400209EB5C
:10B08000820339F822209F78D978069240F0BB805D
:10B090004FF4B4730093009B043505F8011C13446E
:10B0A000404A05F8027C82FB0321DA171944C2EBFF
:10B0B00021220BFB123225F8042CA845AED1089FA3
:10B0C000394E0025394B4FF00109DFF8C48001E00B
:10B0D00056F8043F09FA05F208EB850101353A42BA
:10B0E00014BF0120002098470A2DF1D1E17BA079FF
:10B0F0000FB0BDE8F04FFCF7A1BA06F007FB00B2B5
:10B100000022FF2100EB80001746C0EB0013284807
:10B110005B00A0FB03035B091E3B23EAE37303F51B
:10B12000B47300931AF4805FB5D00198144BD0ED3E
:10B130008B7AFDEEE77A17EE900AA0F57A700BFB9A
:10B1400000F083FB003CC017009BC0EBAC10034435
:10B150000093A0E70DF0BCFED1E7079B002B00F0A9
:10B160009A800A9B4FF4B4729F78D97800921A881B
:10B17000D8E700BFB07B01206C250020301D0120E6
:10B18000D34D62100406012074C9040800247449D8
:10B19000C085012088780120007B01208A78012069
:10B1A000ACCA0408B7600BB684CA04084974010825
:10B1B0001F85EB513F4B4C003E4B4C009F860100DE
:10B1C000F07B012094F88332002B7FF492AE012EA5
:10B1D00000F0BA80267A2379002B3FF497AE94F8DA
:10B1E000A832002B3FF492AEA67B8FE6644BFF2281
:10B1F000644884F80C6A5A74FBF7F2FBE17BA0798F
:10B20000FCF71CFA56E6019BD3ED8B7A40F2DB5338
:10B21000FDEEE77A17EE900A984242DC0CF10F0C33
:10B220004FF4B473A0F57A700CF00F0C0093069BEA
:10B230000CF1400C09EB8C0239F82CC0A3EB0C0389
:10B2400092F802A092F803E000FB03F2A7EB0A07D2
:10B25000A1EB0E01D31700FB07F700FB01F00D93E4
:10B26000494B83FB02210C91F91783FB0727C21777
:10B270000692C1EB671783FB00205744DDE90C23DE
:10B28000FFB2C3EB6212069BC3EB601062447044D2
:10B2900092B2C1B2FFE60B9B002B7FF4E3AE099B99
:10B2A00060E70CF1110C4FF4B473A0F2DC500CF019
:10B2B0000F0C0093069B0CF1400C39F82CE009EBC5
:10B2C0008C02AEEB030E92F802C0D27800FB0EFEA9
:10B2D000ACEB070C521A4FEAEE7300FB0CFC00FBC0
:10B2E00002F00D93284B83FB0C2A4FEAEC7C83FB86
:10B2F0000E2EC217CCEB6A1C0C9283FB00200D9B18
:10B300006744C3EB6E120C9BFFB2C3EB6010069B4D
:10B3100008441A44C1B292B2BDE61A4901EB830156
:10B320004FF4B47391F83A11009301EB410104EB2F
:10B3300041010A4492F88021403209EB820139F838
:10B3400022208F78C978EDE6637B2BB10F4B1E78F6
:10B3500016F001063FF43FAF0D4B61891868237B5F
:10B360000C4F01FB03F3667AB0FBF1F201FB120212
:10B37000A7FB0313B2EB531F28BF00262BE700BF28
:10B380000406012074C90408D34D62108878012096
:10B39000301D01201F85EB5138B5134BD3F83C2AE3
:10B3A000824214DA93F8404A022C0DD0032C054651
:10B3B00004D0012C0ED00224204638BDD3F8483AE0
:10B3C0001B690BB18342F6DD0124204638BD002401
:10B3D000204638BD7F28EEDC29F06CF88542F3DD8D
:10B3E000204628F0D3FFE7E7B07B012070B51C4C66
:10B3F00094F8403A022B14D0032B2BD0012B26D0EB
:10B400000020D4F83C3A94F84C2A1344B3F5807FDA
:10B41000A8BF4FF480738342A8BF0346C4F83C3AE8
:10B4200070BD00230F4E104D194601F5B172080191
:10B43000013106EB0212D279D20704D4425D012A0F
:10B4400098BF03F500730B29EFD11846D9E729F00F
:10B4500031F8D6E7D4F8480A1CF0A4F9D1E700BFC8
:10B46000B07B01202C5F0120527501200B4A92F81D
:10B47000403A012B08D0022B04D1094A41F2E5736E
:10B48000D05C704700207047D2F8500AD2F8543A86
:10B49000984234BF00200120704700BFB07B0120DC
:10B4A0002C5F01200D4B93F8400A022805D0032899
:10B4B0000DD0012809D000207047094A41F2CC6321
:10B4C000D358002B07DDF2F701BC28F05FBFD3F89B
:10B4D000480A1CF05FB90120704700BFB07B012013
:10B4E0002C5F012070B5484C82B0D4F8583A94F8DB
:10B4F000402A0833012AC4F8583A18D0022A0546CF
:10B5000041D0D4F8480A1CF04DF9404AD4F8583AD2
:10B51000127802333C2AC4F8583A4BD0002853D151
:10B52000D4F8643A0133C4F8643A02B070BD28F02C
:10B5300061FF374AD4F85C1A106801F16402824254
:10B540001FD2D4F8582A411A304D02EB8202314EF4
:10B550002D7853003C2D03F10503B3FBF1F3A6FB5B
:10B5600003234FEAD302C3F3CF0341D0B4F8602AD8
:10B570009A4238BFA4F8603A0023C4F85C0AC4F8C1
:10B58000583A02B070BDD4F8D00240F2FF118DF8E5
:10B59000075090F91A204368561CC3F3080319D0CA
:10B5A0008B4217D003EB42231B4A9D54436801335F
:10B5B0004360BEE7194AD06030B9D4F8643A013329
:10B5C000C4F8643A9360DCE72946D4F8480A1CF0D2
:10B5D00013F9AEE7037E13F0060FAAD090F82830D7
:10B5E000002BA6D101220DF10701F3F7C5FAA0E760
:10B5F000B4F8605A92B209499D420A60BCD2A4F8DC
:10B60000603A4A60B8E700BFB07B01209C20002070
:10B61000301D0120CDCCCCCC445F0120A0200020E7
:10B6200070B5194E054696F8403A012B0DD0022B05
:10B6300015D0007830B32C46FFF754FF14F8010FF3
:10B640000028F9D1641B204670BD2DF06BFF044625
:10B6500000222846214628F0FBFE204670BD2DF032
:10B6600061FF0446D6F8D002037E13F0060FEAD03D
:10B6700090F82830002BE6D129462246F3F77CFAD1
:10B68000204670BD0446DEE7B07B01202DE9F04185
:10B6900000F1100200240746A40052F8043DE4B271
:10B6A00003F108012BB10F2903F1800340D844F0C6
:10B6B00001049742F0D100252046FFF713FF2E46E4
:10B6C000A84604F00303022B23D0032B13D0012B35
:10B6D00008D00135A408042DF3D1B8F1000F48D1EA
:10B6E000BDE8F081B8F1000F39D157F825609846D0
:10B6F0003601F6B2EDE757F82500B8F1000F1ED17C
:10B70000C0F30720FFF7EEFE17F82500FFF7EAFE6B
:10B71000DFE7B8F1000FF7D057F82500C0F30310AA
:10B720003043FFF7DFFE57F825603601F6B2D0E769
:10B73000FF2B94BF44F0020444F00304B9E7C0F3C4
:10B7400003303043FFF7CEFE57F82500C0F3071053
:10B75000FFF7C8FE57F825603601F6B2B9E757F88B
:10B7600025004FF0000800F00F003043FFF7BAFE4D
:10B77000AFE73046BDE8F041B4E600BF70B5021F48
:10B780000025044600F1080652F8043F03F12001A9
:10B7900003F1080002333F293DD80F281BD8032BA3
:10B7A00002D9012DB8BF0125B242EDD1022D24D01E
:10B7B000012D12D1206800F00F0040F04000FFF78B
:10B7C00091FED4E90130BDE8704000F00F0040EA7E
:10B7D0000310C0B286E60225E6E7D4E90032A0688D
:10B7E0001B01920000F0030003F0300302F00C0292
:10B7F0001343BDE87040184374E6206800F03F0032
:10B8000040F08000FFF76EFE2079FFF76BFE207A94
:10B81000BDE8704066E604F10C02002552F8043DD4
:10B82000AD0003F1800103F50040FF2906D9B0F512
:10B83000803F03F500031AD245F00105A242EDD185
:10B8400065F03F000026C0B2FFF74CFE05F0030391
:10B8500014F82600022B12D0032B28D0012B1DD068
:10B86000FFF740FE0136AD10032EEFD170BDB3F1EE
:10B87000807F34BF45F0020545F00305DEE7FFF7A2
:10B8800031FE54F82600C0F30720FFF72BFE54F8D2
:10B890002600C0F30740FFF725FEE3E7FFF722FE8F
:10B8A00054F82600C0F30720FFF71CFEDAE7FFF785
:10B8B00019FE54F82600C0F30720FFF713FE54F8D2
:10B8C0002600C0F30740FFF70DFE54F82600000ED7
:10B8D000C6E700BF084605E67F2810B5044607D92D
:10B8E00064F07F00E409C0B2FFF7FCFD7F2CF7D8BD
:10B8F000E0B2BDE81040F5E569B138B5841E04EB4F
:10B90000410534F9023FD81780EA4300FFF7E4FF0E
:10B91000A542F6D138BD704738B5044600EB810525
:10B9200054F8043BD81780EA4300FFF7D5FFA5423F
:10B93000F6D138BDC31783EA4000CDE7F8B50F4B09
:10B94000D3F8685AD3F86C7AD3F8706AA9B1831E19
:10B9500000EB41013C181E440F441D4434F9022BF6
:10B9600036F9023F35F9020F9B1848BF0133A0EBAF
:10B970006300FFF7DFFFA742F0D1F8BDB07B0120E5
:10B9800038B51C4D04464720FFF7ACFDD5F8743A96
:10B990009B0028D4184C207DFFF79EFFD5F8783AFD
:10B9A0002068C01AFFF7C6FFD5F87C3A6068C01A55
:10B9B000FFF7C0FF114AA368D81782FB0323C0EB2F
:10B9C000A300FFF789FFE089FFF786FF208AFFF7D2
:10B9D00083FF217DD4E9002385F8881AC5F8802AE1
:10B9E000C5F8843A38BDD5F86C3A1868201AFFF7C4
:10B9F00073FFCFE7B07B0120783901206766666668
:10BA000010B50D4C84B05320FFF76CFDD4F88C0AB0
:10BA1000FFF762FF94F8900AFFF75EFF94F8911A1F
:10BA200094F8922A01A894F8933ACDE9011203936D
:10BA3000FFF7A4FE04B010BDB07B01200EB430B5FA
:10BA400084B00546482007AC54F8042B0192FFF758
:10BA500049FD2020FFF746FD2846FFF7E1FD3A208B
:10BA6000FFF740FD019A23460A490020039420F085
:10BA70009DFD04460A20FFF735FD074A0334D2F83E
:10BA80003C3A1C1BC2F83C4A04B0BDE8304003B04D
:10BA9000704700BFD5B80108B07B0120204B0021C2
:10BAA000B3F8422A30B4C3F8941AA2B3B2F5FA5FDD
:10BAB0004FF47A74A8BF4FF4FA52114604FB02F413
:10BAC000184AC3F8981A92885501B5FBF4F040283B
:10BAD00016D98801C3F89C0A02EB820293F8404A07
:10BAE0005500003CB5FBF0F0B2FBF1F218BF0124A9
:10BAF000C3F8A02AC3F8A40A83F8A84A30BC704748
:10BB0000A54204D301FB00F0C3F89C0AE4E7084611
:10BB1000C3F89C1AE0E74FF47A740121D0E700BF24
:10BB2000B07B01208C0200202DE9F04F2B4CD4F883
:10BB3000942AD4F8983AB2FBF3F52DED028B03FB6F
:10BB4000152593B00090002D4ED0254B1B681A068A
:10BB500003D5D4F8443ADB0409D494F8403A012BD5
:10BB600000F0508213B0BDEC028BBDE8F08FD4F82A
:10BB70009C2AD4F8941AB1FBF2F302FB1313B3EB33
:10BB8000520FEAD1D4F81423D4F8783A9A4240F00C
:10BB9000A282D4F81823D4F87C3A9A4240F09B82CF
:10BBA000D4F8043DD4F8A42A934280F094820D4A3C
:10BBB000013394F8881A107DC4F8043D884209D1F5
:10BBC0001168D4F8803A994204D15268D4F8843A82
:10BBD0009A42C2D00098FFF7D3FEBEE7B07B0120A7
:10BBE0004C39012078390120D4F8AC6AD4F8B03A45
:10BBF000B34240F03A82D4F8B45AD4F8B86AB542A5
:10BC000012D094F8A83AC4F8B85A0A3B012B0BD8C2
:10BC10004520FFF767FC1E20FFF764FC2846FFF76E
:10BC20005BFE3046FFF758FED74F94F8BC3A7D7A5A
:10BC3000AB4240F00882D54A94F8BD3A9578AB42C1
:10BC400040F0378207F030FF94F8BE3A054698423C
:10BC500040F01D82D4F8A02AD4F8C03A9342CC4ACE
:10BC600080F0D88194F8A4520AA8D4F8B41A1278B3
:10BC70008DF82D50D4F88C5A94F875628DF82C20DC
:10BC8000A94294F8C42A0A918DF82F208DF82E60CD
:10BC9000C04A00F0BD8303C882E80300FFF7B0FE8E
:10BCA0000023C4F8C03AD4F8685A009A05F10E038C
:10BCB0002E46DFF81883994646F8042B0193079621
:10BCC0000596B8EC010A2DF0B3FE26F8020BB1453B
:10BCD000F7D105F11603019EDFF8F4829946069626
:10BCE0000493B8EC010A2DF0A3FE26F8020BB1452F
:10BCF000F7D197ED680A05F12003DFEDA78A05F17A
:10BD00002C029846089320EE280A02922DF090FE0D
:10BD100097ED690AE882B0EE688A20EE280A9F4E05
:10BD20002DF086FE97ED6A0A288320EE280A2DF072
:10BD30007FFE97ED6B0A688320EE280A2DF078FECF
:10BD4000DDF80890A88396ED2E0A203620EE080A2A
:10BD50002DF06EFE96ED270A48F8040B20EE080A37
:10BD60002DF066FE96ED280AC8F8080020EE080AB5
:10BD70002DF05EFE96ED290AC8F8140020EE080AA0
:10BD80002DF056FEC145C8F82000DCD105F1500366
:10BD9000DFF840A2DFF84092DFF840821E460395AC
:10BDA0005546DFF83CB2CA46C146099335F9022B25
:10BDB0000BF1040B9BED020A26F8022B2DF038FE46
:10BDC0001BED010A70812DF033FEBAEC010AB08040
:10BDD0002DF02EFEB9EC010A30822DF029FE704BB9
:10BDE000F082AB42E2D1039D0CF036F89FED6D8AF4
:10BDF00028670CF021F8A5F8740005F0C3FC6A4927
:10BE00006A4A6B4B52885B6891ED000AA5F8762070
:10BE1000A5F8783080FE080AA5F87A002DF008FE13
:10BE2000644BA5F87C0093ED000A80FE080A2DF013
:10BE3000FFFD614BA5F87E0093F800A0BAF1000F5A
:10BE400011D005F18008DFF89C919FED538A08EB33
:10BE50004A06B9EC010A20EE080A2DF0E9FD28F89F
:10BE6000020B4645F5D197F89C95B9F1000F0DD01E
:10BE700005F18807DFF8708107EB4906B8EC010A85
:10BE80002DF0D6FD27F8020BBE42F7D105F198063A
:10BE90004A4A05F1B8083746334652F8041F43F8BA
:10BEA000041B9845F9D1D4F8941AD4F89C2AB1FB14
:10BEB000F2F302FB1313002B40F025814920FFF71A
:10BEC00011FBD4F8940AFFF707FD2868FFF704FD7B
:10BED000D4F8743A990700F1C6825A0700F1D58266
:10BEE0001F0700F1CB82D80600F1ED82990600F120
:10BEF000E3825A0600F1D8821F0600F1CD82D805F0
:10BF000000F12E83990500F123835A0500F1168371
:10BF10001F0500F10C83D80400F1FD82990400F1A3
:10BF2000F3825A0400F1E9821F0400F1E182D4F89F
:10BF3000443A580400F1838219040DD5B9F1000F79
:10BF40000AD0883505EB490935F9020BA0F2DC501F
:10BF5000FFF7F0FC4D45F7D1D4F8743ADA0000F160
:10BF60007682D4F8685A01261549B820154B6A1A0A
:10BF7000C4F86C5AC4F8705AD21084F8006D03FBF0
:10BF800002F3114A334431E06C250020D420002014
:10BF90002C7801203C86012000007A44842800206F
:10BFA000BE390120000000005425002054780120F3
:10BFB0007C780120042B0020E42400209C20002019
:10BFC00088860120A737BDE956555555E82400203D
:10BFD00050210020B8390120442500207886012016
:10BFE000B00200208C2000200C2B002082FB03528A
:10BFF000A2EBE37202EB42029B1A00FB0313C4F8AC
:10C00000683AA2E5002028F0C1F913B0BDEC028B1C
:10C01000BDE8F08FD4F8B43A127894F8A41284F8FA
:10C02000902AC4F88C3A94F8752294F8C43A84F8AB
:10C03000911A84F8933A84F8922AFFF7E1FC0023DE
:10C04000C4F8C03A2FE694F8A83A84F8BC5A0A3BE0
:10C05000012B3FF6F0AD4520FFF744FA3220FFF701
:10C0600041FA2846FFF738FCE5E594F8A83AC4F809
:10C07000B06A0A3B012B3FF6BEAD4520FFF732FA0E
:10C080002846FFF72FFA3046FFF726FCB3E594F871
:10C09000A83A84F8BE0A0A3B012B3FF6DBAD4520E7
:10C0A000FFF720FA3420FFF71DFA2846FFF714FCAB
:10C0B000D0E594F8A83A84F8BD5A0A3B012B3FF624
:10C0C000C1AD4520FFF70EFA3320FFF70BFA2846E3
:10C0D000FFF702FCB6E500234820C4F8043DFFF753
:10C0E00001FAD4F81403FFF725FCD4F81803FFF77E
:10C0F00021FC0098D4E9C523C4F8782AC4F87C3A16
:10C10000FFF73EFC29E55020D4F86C6AFFF7EAF906
:10C11000D4F8702AD4F8683A10681B68D4F86C2AEE
:10C1200003441068A3EB4000FFF704FCD4F8741A32
:10C130008B071BD50AA8311D05F10C0EDDF814C0C4
:10C1400002463CF9023B31F902BBE645A3EB0B0387
:10C1500042F8043BF5D1FFF799FAB5F90C00B6F9AE
:10C160000C30C01AFFF7E6FBD4F8741A480715D54F
:10C170000AA806F10E01DDF818C00246DDF810E04D
:10C180003CF9023B31F902BBE645A3EB0B0342F855
:10C19000043BF5D1FFF77AFAD4F8741A0A0714D5DC
:10C1A0000AA8049B06F1160C05F11E0B014633F993
:10C1B000022B3CF902EB9B45A2EB0E0241F8042B4B
:10C1C000F5D1FFF763FAD4F8741ACB063DD5326A7D
:10C1D0000AA82B6A9B1A0A93726A6B6A9B1A0B93C2
:10C1E000B26AAB6A9B1A0C93FFF7C8FAF26A0AA804
:10C1F000EB6A9B1A0A93326B2B6B9B1A0B93726B35
:10C200006B6B9B1A0C93FFF7B9FAB26B0AA8AB6B76
:10C210009B1A0A93F26BEB6B9B1A0B93326C2B6C91
:10C220009B1A0C93FFF7AAFA6A6C0AA8736CD31ACC
:10C230000A93B26CAB6C9B1A0B93EB6CF26C9B1A6F
:10C240000C93FFF79BFAD4F8741A880616D5B6F942
:10C2500050200AA8B5F950309B1A0A93B6F952201B
:10C26000B5F952309B1A0B93B5F95430B6F95420F6
:10C270009B1A0C93FFF782FAD4F8741A4A0600F15D
:10C28000D7800B0600F1CD80C80500F1E58011F4E0
:10C29000007059D14A0500F16B810B050CD5B6F839
:10C2A0007A00B5F87A301B1AD8170A9380EA43004F
:10C2B000FFF712FBD4F8741ACB0400F1A5818804AF
:10C2C00000F198814A0400F183810B0400F1708130
:10C2D000D4F8443A5D0400F16481180400F15C81F3
:10C2E000D4F8743AD9000FD5983609AA57F8043B08
:10C2F00056F8041B4745A3EB010342F8043FF5D170
:10C3000008210AA8FFF708FBD4F8686AB825C548D1
:10C31000C54B311AC54AC91003FB01F3D4F86C1A96
:10C32000C4F86C6A0133C4F8701A012182FB0362FD
:10C3300084F8001DA2EBE37202EB42029B1A05FB9C
:10C340000303C4F8683A00E4B6F968204805B5F973
:10C350006830A3EB02030A93B6F96A20B5F96A3094
:10C36000A3EB02030B93B5F96C30B6F96C20A3EB89
:10C3700002030C9340F100814FF0050C04230320CD
:10C3800012AAB5F974B0B6F974E002EB8000326F0E
:10C39000ABEB0E0E0190286F821A019840F8202C0A
:10C3A00012AA02EB830242F820EC0A050CD5B5F87C
:10C3B0007A2012ABB6F87A0003EB8C016346121AAE
:10C3C0000CF1010C41F8202C01330AAA002002EBE9
:10C3D000830B40005BF8043DC0B20BB140F001009C
:10C3E0009345F6D10BEB8C030293FFF77BF8029B8E
:10C3F00001951D4602E0AB4500F0CA805BF8042BB6
:10C40000002AF8D0D01780EA4200FFF765FAF2E779
:10C41000456851688D427FF43EAC0133C4F8C03AA0
:10C4200041E403215C20FFF789FAD4F8741A2BE762
:10C4300003215620FFF782FAD4F8741A21E75146F7
:10C4400005F18000FFF758FAD4F8443A74E5304615
:10C450000821FFF761FA84E503216220FFF76EFAF5
:10C46000D4F8741A13E707980421FFF745FAB5F9D1
:10C470000C00FFF731FAD4F8743A2EE50498042141
:10C48000FFF73AFAD4F8743A2DE501980421FFF742
:10C4900033FAD4F8743A23E5032105F15C00FFF781
:10C4A0002BFAD4F8743A2AE5032105F15600FFF778
:10C4B00023FAD4F8743A1FE509980321FFF71CFA10
:10C4C000D4F8743A15E508980321FFF725FA029885
:10C4D0000321FFF721FA032105F13800FFF71CFAC9
:10C4E000032105F14400FFF717FAD4F8743AFDE48C
:10C4F000B5F87E00FFF7F0F919E5B5F87C00FFF715
:10C50000EBF9D4F8743A0FE5B5F87800FFF7E4F9E1
:10C51000D4F8743A05E5B5F87630B4F8D40AC01A00
:10C52000C0F30D00FFF7D8F9D4F8743AF6E4B5F883
:10C530007A00FFF7D1F9D4F8743AECE4286FFFF7EA
:10C54000F9F9B5F97400FFF7F5F9D4F8743ADFE4B6
:10C55000032105F16800FFF7CFF9D4F8743AD4E469
:10C56000032105F16200FFF7C7F9D4F8743AC9E472
:10C570004FF0020C012303E709054FD5B5F87A20E7
:10C580000323B6F87A104FF0040C521A0D921BE7F1
:10C59000019DD4F8741A8FE649468820FFF7CEF93A
:10C5A0009EE651468020FFF7C9F9D4F8443A94E654
:10C5B000D4F86C3AD4F8702AB3F87E30B2F87E2002
:10C5C000B5F87E001344A0EB5300FFF7B3F97FE604
:10C5D000D4F86C3AD4F8702AB3F87C30B2F87C20E6
:10C5E000B5F87C001344A0EB5300FFF7A3F9D4F88F
:10C5F000741A6AE6B5F87800B6F87830C01AFFF712
:10C6000099F9D4F8741A5DE6B5F87600B6F8763084
:10C61000C01AFFF78FF9D4F8741A50E602234FF0CE
:10C62000030CD1E688860120A737BDE9565555553C
:10C630002DE9F04F5F4D0F1E85B09A46D5F80C4D91
:10C6400014BF062304239046621C0393DDE90E9673
:10C6500067D0A14544DDAAEB08034FF0010A02931D
:10C66000109B9B1B01934EB1019BD5F8742A03FBD1
:10C6700004F3F35C0AFA03F313422AD0029B03FB90
:10C6800004F4D5F8083D08EB0407ABBB58F80400E8
:10C690002CF048FF00F1050B5846FEF77DFE90BBDD
:10C6A000D5F83C0A95F8102DA0EB0B00C5F83C0A14
:10C6B0009ABB85F810ADD5F8083D43BB58F8040087
:10C6C000FEF7AEFF97F904104B1C02D03A48FBF777
:10C6D00057F9D5F80C4D01344C45C5F80C4DC2DB6B
:10C6E000A14550D0D5F8080D039B834294BF00208C
:10C6F000012005B0BDE8F08F4FF0030B5846FEF760
:10C700004BFE0028CCD0012005B0BDE8F08F1F44BF
:10C710002A483979FBF734F9DBE72C20FEF7E2FEF3
:10C72000C9E7D5F8083D039A934203D3002005B02A
:10C73000BDE8F08F224A834602EB8303D3F8480119
:10C740002CF0F0FE0B30FEF727FE1D4A04460028B1
:10C75000D9D1D5F8081D1B4802EB8102032994BFEB
:10C7600059463946D2F84821FBF70AF9D5F83C3A40
:10C77000D5F80C2D181A85F8104D541CC5F83C0A34
:10C78000C5F80C4D65E70120FEF706FE0028A9D18B
:10C79000D5F83C3A0A20013BC5F83C3AFEF7A2FE28
:10C7A000D5F8080D4FF0FF330130C5F80C3DC5F842
:10C7B000080D99E7B07B0120741A05087C1A05085A
:10C7C00074C90408641A05080D4B93F8400A40B177
:10C7D00093F8413A012B05D0022B0BD0032B06D046
:10C7E00000207047074B187810F00100F9D0112095
:10C7F0000BF08EBC034B187800F00100704700BFAF
:10C80000B07B012088780120174BDFED186AD3ED4B
:10C81000057A93ED0C7A67EEA67AB0EEC77AB4EE9D
:10C82000E77AF1EE10FA08D593ED0D7AB0EEC77AFB
:10C83000B4EEE77AF1EE10FA02D40D4B18607047AF
:10C8400093ED0E7AB0EEC77AB4EEE77AF1EE10FA15
:10C85000F3D5074B4CF250321968401A9042EEDD86
:10C8600000221A71704700BF8C0200200008ED46BC
:10C87000D43B00207D2332214FF4817203830023B7
:10C880000181828243838383438043818381C38187
:10C8900003824382837570B43026FA2564240680AF
:10C8A0008580C48070BC704710B5102200210446FA
:10C8B0002FF0C8FB0A2323800023A381E381A380F8
:10C8C000E3802381638110BD83788B4207D9054BB8
:10C8D00033F8113000EE103AB8EE400A70479FED81
:10C8E000020A7047B08A012000000000034B187E46
:10C8F00010B1002201201A76704700BFB08A0120D3
:10C90000072907D8054B03EB810191ED070AB8EE23
:10C91000400A70479FED020A704700BFB08A0120AD
:10C9200000000000194B93F83C206AB393F84020B4
:10C930000021A82A83F83C1026D193F853201ABB73
:10C94000F4EE046A03F1400203F1180003F1380128
:10C950009FED0F7A10B4D478B0EE476A13790232A3
:10C9600003EB042307EE903AF8EEE77AA7EEA66A07
:10C97000FCEEC67A17EE903A40F8043F8142EAD1C5
:10C9800001205DF8044B704700207047B08A0120F9
:10C990000080BBC3044B03EB4101B1F8583000EEFB
:10C9A000103ABBEEEE0A7047B08A01202B4A92F88B
:10C9B0007C304BB30021F0B492F87D400646B2F8CB
:10C9C0007E5002EB440082F87C1090F8837090F85F
:10C9D000843043EA07239D4205D00846D2F8C83088
:10C9E0003362F0BC704792F88100032828D0812878
:10C9F0000CD00128F1D1122CA446A8BF4FF0120C84
:10CA0000002CEBD00D4609E018467047122CA446C6
:10CA1000A8BF4FF0120CE4B102250320104BA3F184
:10CA2000280404EB4C0CDF780233997841EA0721A3
:10CA300024F8021BA445F6D1002DCFD0F0BC7047DE
:10CA4000122CA446A8BF4FF0120C24B10D460120B1
:10CA5000E4E70320C5E70120C0E700BFB08A01205A
:10CA6000308B012083788B420ED983699FED087A41
:10CA700033F811309FED070A9B0807EE903AF8EE65
:10CA8000E77AA7EE870A70479FED030A704700BF59
:10CA90000000803D000077440000000083788B4256
:10CAA00019D90E4B93F8CC2003EB810152B1D1ED93
:10CAB000347AB6EE007A9FED0A0AF8EE677AA7EEAE
:10CAC000870A7047D1F8D03003F5777300EE103A3B
:10CAD000B8EE400A70479FED030A7047B08A012004
:10CAE00000007744000000008369B6EE047A9FEDF1
:10CAF000050A33F8113007EE903AF8EE677AA7EEA0
:10CB0000870A704700005C442DE9F0434D7840F2FD
:10CB10001474CA7905F007070D788369560091F8F7
:10CB2000028045EA07254A7AC87808F03F0891F85C
:10CB300005E002F01F0291F806C04FEA48181D8078
:10CB400097014D7B800091F801900EF00F0E05F0DB
:10CB50003F020CF07F0C48EAD90855018A78A3F807
:10CB600002804FEACE1E91F8048040EA92108A7942
:10CB70004FEA0C1C08F0010846EAD2120E7A40EA8D
:10CB8000882091F8058006F0030698804CEA181C6E
:10CB9000087942EA46228E7A4EEA500E087B5A8184
:10CBA000F6000A7AA3F806E000F0070E47EA9202C0
:10CBB000487AA3F808C046EA50169A81C87A0A7BD8
:10CBC00040EA0E20DE8145EAD20218825A828A7B30
:10CBD0004D7B920091F810C0887C42EA9512CD7B83
:10CBE0004F7C0CF00F0C05F0010591F813E04000AC
:10CBF0000E7D42EA85224D7C07F07F074FEACC1C70
:10CC000040EAD5109A82CD7B0EF0030E4A7D06F0E5
:10CC10001F064CEA550C3F01D500A3F816C040EAA8
:10CC20004E22087CB6015A8347EA10170A7DC87C59
:10CC300045EA52121F8346EA9000DA8398838A7D80
:10CC400012F0010F0CBFAD21214612F0020F198422
:10CC500008BFAD245C84130706D412F0040F0CBF88
:10CC600001200920BDE8F0830320BDE8F08300BF68
:10CC700038B5C569044695F8210078B10D4B0022FE
:10CC80001B7885F82120192B09D0691C2046FFF755
:10CC90003BFF10F00A0F01D1EB69236238BD064B50
:10CCA000691CEA7D20461A60FFF72EFF10F00A0F7C
:10CCB000F4D1F1E79C200020A0200020034B93F842
:10CCC000002112B1002283F800217047B08A0120B0
:10CCD000084BF7EE006AB6EE047A9FED070A03EB05
:10CCE0008101D1ED417AF8EE677A77EEA67AA7EE68
:10CCF000870A7047B08A012000005C44104B9FED0A
:10CD0000117AD3ED007A104BF4EE477AF1EE10FA77
:10CD10000AD103EB81019FED0D0AD1ED517AF8EEB6
:10CD2000677AA7EE870A704703EB81019FED080A37
:10CD300091ED517AB8EE477AA7EE870A704700BFA7
:10CD40001806012001F11F3FB08A012000405C4419
:10CD5000000077440B4A30B492F88431D2F888410D
:10CD600002EB43010133B1F98C5103F00F03A1F839
:10CD70008C01401B82F88431204430BCC2F8880109
:10CD8000704700BFB08A0120014B186A704700BF8E
:10CD9000A4360120064B93F8AC211AB993F8AD01E3
:10CDA00010B170470120704793F8AE01704700BF83
:10CDB000B08A01209FED010A704700BF000000000B
:10CDC000044B03EB4101B1F8B03100EE103AB8EE7C
:10CDD000400A7047B08A0120044B93F8D40118B17F
:10CDE0000022012083F8D421704700BFB08A0120BF
:10CDF000034B03EB810191ED760AB8EE400A7047D0
:10CE0000B08A012083788B4209D9064B03EB41019C
:10CE1000B1F8203200EE103AB8EE400A70479FEDAC
:10CE2000020A7047B08A012000000000012070470C
:10CE30000020704730B4002305251E24411C04E067
:10CE4000112B01F8134009D00133042BCCBF012270
:10CE5000002200F81320F3D10D72F5E730BC7047C3
:10CE600010B400234FF47A744FF4FA61821C20F856
:10CE7000234022F823100133052BF8D15DF8044B31
:10CE8000704700BF044B03EB4101B1F8403200EEA4
:10CE9000103AB8EE400A7047B08A0120044B03EB09
:10CEA0004101B1F8403200EE103AB8EE400A704746
:10CEB000B08A012070B4264D95F85832022B02D06A
:10CEC000002070BC7047064695F85E02F8B1013844
:10CED00005F25D2305F51774002253FA80F014F86B
:10CEE000013B110A5340A04283EA0313DBB24FEA2D
:10CEF000C30241EA032182EA131383EA0102EED15D
:10CF00002AB10020002385F8583270BC7047B5F86C
:10CF10005C3243F601625BBA23F002039BB2934298
:10CF200004D0D5F8843201203362EBE7094AA2F13C
:10CF30003E01A2F11E04D0790232137903EB0023E3
:10CF4000C3F3CC0321F8023F8C42F4D1E9E700BFE0
:10CF5000B08A01200C8D01200B49082230B5B1F8B0
:10CF600088324AF2010580EA03045B0814F0010FDD
:10CF700001D06B409BB2013A400812F0FF02F2D19F
:10CF8000A1F8883230BD00BFB08A0120274A284B63
:10CF9000D2ED087A274A67EEA77A93ED0D7AD2EDA3
:10CFA000016A93ED0F5A27EE877AD3ED0C5A70EE93
:10CFB000667A93ED0E6AD2ED024AD3ED126AA7EEBD
:10CFC000275A67EEA55A26EE246AB5EEC05AF1EE4E
:10CFD00010FA27D486FEC57A174A35EE860A83ED05
:10CFE0000F7A137830EE070A4A2B1AD1DFED136A55
:10CFF000FDEEE55ABDEEC77A114A67EEA67ABDEEA0
:10D00000C66AC2ED025AFDEEC06A82ED037AFDEEF9
:10D01000E77A82ED046AC2ED056A17EE903AC2E93A
:10D02000003370479FED077AD6E700BF08850120DF
:10D03000D4200020000000209C2000200000C842D6
:10D04000A020002000000000214B224AB3F902106A
:10D0500010B4B3F90040B2F90C30B2F90E201B1B2A
:10D06000521A07EE903A07EE102AF8EEE77AB8EE79
:10D07000C77A40B1B4F5617F1FDDDFED176AB1EE0D
:10D08000477A77EEA67A01F548719FED146A144B42
:10D0900089B25DF8044BD3ED076AB1F5C86F83ED33
:10D0A000156A26EE877A88BFF0EE467A83ED147A09
:10D0B00066EEA77AC3ED137A704714F5617FE2DA62
:10D0C000DFED056AB1EE477A77EEE67ADBE700BF7F
:10D0D000B8390120C03901200000E14400000000FF
:10D0E000D4200020204A92ED105A02F14C03D2EDD8
:10D0F000116A02F15801F1EE455AF3EC017AF4EEAF
:10D10000E57AC7FEC57A93ED037AF1EE10FAF5EEF3
:10D11000C06A37EE266A48BFF0EE657AF1EE10FA83
:10D120000ADDB4EEE76A37EE667AF1EE10FAC7FE72
:10D13000877A48BFF0EE467A8B4243ED017AC3ED21
:10D14000037ADAD192ED127AD2ED166AF1EE477ACD
:10D15000F4EEE76AF1EE10FA01D4C6FEC77AC2ED2A
:10D16000167AC2ED1A7A7047D4200020244B012889
:10D17000244A03EB800392ED037AD3ED006A17DCB7
:10D18000FFEE007A204BB7EE006A9FED205A1B6835
:10D19000E6EEA67A03449B7DF0EE675A07EE903ADE
:10D1A000F8EEE77A67EEA57AA7EE856A66EE866AFC
:10D1B000174BB1EE470A9FED156A03EB8003D3EDE1
:10D1C000007AF8EEE77A67EE867AE7EE267AB4EE32
:10D1D000E70AF1EE10FA01DC87FE670A0D4A0E4BF2
:10D1E00002EB40029FED0D7A33F91030B2F90C20BA
:10D1F0009B1A07EE903AF8EEE77AA7EEC70A704757
:10D2000040210020D43B0020682500200AD7233C81
:10D21000FC840120C0390120B8390120CDCCCC3D9F
:10D220000D4BFDEE006AF5EE005A9FED0C6A93ED92
:10D23000367AD3ED027A87FE657A87FE267A77EE14
:10D24000C77ADFED076A83ED367AC7FEC67AC7FE76
:10D25000A67AC3ED377A7047742500203333733FC5
:10D2600000000000284BF5EE004ABDEE005ADFED4D
:10D27000276A93ED366A93ED377ADFED257A86FEDD
:10D28000646A87FE667A86FE056A87FE277A77EEED
:10D29000067AD3ED385AD3ED396A77EEA57A83ED65
:10D2A000366AF5EEC05AC6FEE46AC6FE856A83EDAC
:10D2B000377A77EEA67AC3ED396AF1EE10FAC3ED4C
:10D2C0003B7A0FD9F7EE006AF4EE667AF1EE10FAC7
:10D2D00008D9B7EE007A9FED0F0AC7FEC77A87FE1E
:10D2E000800A7047F5EEC05AF1EE10FA06DADFED6B
:10D2F000096AF4EE667AF1EE10FAEADB35EE877A27
:10D3000083ED377AE5E700BF742500203333733FA0
:10D3100000000000CDCC4C3D174BF5EE005AFDEE61
:10D32000007A9FED165A93ED366AD3ED396A86FE80
:10D33000656A86FE276AC6FEE56AC6FEA76A36EEFD
:10D34000864AD3ED027A93ED3A7ADFED0D4A77EE15
:10D35000C47A87FE657A87FE057A83ED366AC3ED67
:10D36000396A77EEC77A83ED3A7AC7FEE47AC7FE68
:10D37000857AC3ED377A70477425002000000000DD
:10D380003333733F2D4BF5EE004AFDEE003A9FED2F
:10D390002C4ADFED2C7AD3ED365A93ED377AC5FE61
:10D3A000E45AC5FEA35A87FE677A87FE047A77EEB1
:10D3B000257A93ED385A93ED396AB4EEC45AD3ED19
:10D3C0003A6A77EE857A86FE646A86FE236AC6FE2E
:10D3D000E46AF1EE10FAC6FE846A77EE867AC3ED4F
:10D3E000365A83ED396A83ED377A77EEA67AC3ED44
:10D3F0003A6AC3ED3B7A0FD9F7EE006AF4EE667A2B
:10D40000F1EE10FA08D9B7EE007A9FED0F0AC7FEC9
:10D41000C77A87FE800A7047B5EEC05AF1EE10FA5F
:10D4200006DADFED096AF4EE667AF1EE10FAEADB6D
:10D4300035EE077A83ED377AE5E700BF74250020E3
:10D44000000000003333733FCDCC4C3D1A4BF5EE5A
:10D45000005AFDEE007A9FED195AD3ED026A93ED62
:10D46000357A93ED366A86EE874AD3ED396A86FEC1
:10D47000656A86FE276AC6FEE56AC6FEA76AD3ED20
:10D480001B3A93ED3A7A76EE867ADFED0D4A87FE07
:10D49000657A87FE057A83ED366AC3ED396A83EDD6
:10D4A0003A7AD3EE847A77EEC77AC7FEE47AC7FE7B
:10D4B000857AC3ED377A704774250020000000009C
:10D4C0003333733F314BB5EE005ABDEE004ADFED0A
:10D4D000304AD3ED356A93ED1B7ADFED2E7AC6EE36
:10D4E000873A93ED366A93ED377A86FE456A86FE73
:10D4F000046A87FE677A87FE247AD3ED385A77EE7E
:10D50000067AD3ED396AF4EEE45A93ED3A0AC6FE90
:10D51000C56AC6FE846A77EEA57A80FE450AF1EEFA
:10D5200010FA80FE240A83ED366A77EEA67AC3ED00
:10D53000396A83ED377A83ED3A0A77EE807AC3ED64
:10D540003B7A67EEA37A0FD9F7EE006AF4EE667ABB
:10D55000F1EE10FA08D9B7EE007A9FED0F0AC7FE78
:10D56000C77A87FE800A7047F5EEC05AF1EE10FACE
:10D5700006DADFED096AF4EE667AF1EE10FAEADB1C
:10D5800035EE877A83ED377AE5E700BF7425002012
:10D59000000000003333733FCDCC4C3D90F87A202F
:10D5A000DFED574A07EE102A564B9FED576AB8EE4B
:10D5B000C77ADFED567A564A9FED564A27EE247A0F
:10D5C00010B483ED407A90F87B4092F88C2206EEFE
:10D5D000904A1978002AF8EEE66A0CBF4FF0FF3245
:10D5E0000122012966EE866AC3ED416A90F87C400B
:10D5F00005EE104AB8EEC55A25EE065A83ED425A9A
:10D6000090F87D4005EE904AF8EEE55A65EEA75A8F
:10D61000C3ED435A90F87E4005EE904AF8EEE55A85
:10D6200065EEA45AC3ED445A90F87F4002FB04F221
:10D6300007EE902AF8EEE77A67EE847AC3ED497A2E
:10D6400090F8802006EE102AB8EEC66A26EE246A0C
:10D6500083ED4A6A05D927EE267AC7EE876AC3EDBD
:10D66000496A90F88120DFED266A07EE102AB0F8AB
:10D670007820B8EEC77A632A27EE267A83ED457ABA
:10D6800090F8821007EE101AB8EEC77A27EE267AC5
:10D6900083ED467A90F8831007EE901AF8EEE77A59
:10D6A00067EEA67AC3ED477A27D94CF250318A4209
:10D6B00020D807EE902AF8EE677AD3ED615A93ED01
:10D6C000646AD3ED636A65EEA75A93ED627A26EE3B
:10D6D000276A66EEA76AC3ED067A67EE277A5DF8D9
:10D6E000044BC3ED5C5A83ED5F6AC3ED5E6AC3ED24
:10D6F0005D7A7047DFED087ADFE7DFED087ADCE777
:10D700000AD7233C74250020CDCCCC3D6F12833A40
:10D71000B08A01206F1283BB005043470000C8420B
:10D72000214B1B781F2B3DD1204B9FED215AD3ED70
:10D730003B5A93ED366AD3ED376A65EE855A93ED21
:10D74000397A26EE056AD3ED3A7A66EE856A27EED7
:10D75000057AD3ED074A67EE857A93ED084A93ED93
:10D76000055AFDEEE55ABDEEC44A124BFDEEE44A01
:10D77000BDEEC55AC3ED035ABDEEC66A83ED004A3D
:10D78000FDEEE66AC3ED014ABDEEC77A83ED025AAB
:10D79000FDEEE77A83ED046AC3ED056A83ED067A50
:10D7A000C3ED077A704700BF9C200020742500203D
:10D7B00000007A44A02000209F4B1B7813F0010248
:10D7C00012D09E4B10B45A7893ED027A082A00F2D8
:10D7D000E580DFE812F032003D00610077009A003A
:10D7E000B400E300C70013009549944B0968DFEDCE
:10D7F000957A5A705960C3ED027A91E7D3ED627A57
:10D80000D3ED036AF5EEC07AF1EE10FA40F3DF8053
:10D8100077EE877AC7FEE67A1A7C002A40F0C68047
:10D820009FED897AF4EEC76AF1EE10FA62D5844A68
:10D830000721126859705A6005E01A7C002A00F02E
:10D84000D280DFED807A5DF8044BC3ED027A67E7A2
:10D8500093ED606AD3ED036AB5EEC06AF1EE10FA9B
:10D8600040F3BE8076EE077AF4EEE76AF1EE10FA46
:10D8700003DC77EE467AC7FEA67A1A7CE2B99FED02
:10D88000727AF4EEC76AF1EE10FADCDD6C4A02211E
:10D89000126859705A60D6E7D3ED617AD3ED036A06
:10D8A000F5EEC07AF1EE10FA40F3978077EE877AC2
:10D8B000C7FEE67A1A7CAAB1614A00211268597043
:10D8C0005A60C0E7D3ED637AD3ED036AF5EEC07A10
:10D8D000F1EE10FA78DD77EE877AC7FEE67A1A7CE9
:10D8E000002A63D19FED587AF4EEC76AF1EE10FA80
:10D8F00000F18180F4EEE76AF1EE10FAA3D8504A05
:10D900000421126859705A609DE7D3ED037A93EDB4
:10D91000487A1A7C67EE877A002A47D19FED4A7AC7
:10D92000F4EEC77AF1EE10FA8DD593F85C21002A57
:10D9300075D1434A1168012259605A7083E71A7CF5
:10D94000002A39D03E495C680A68D3F86801121B86
:10D950009042BFF676AF09680022DFED3A7A59604F
:10D960005A7070E7D3ED647AD3ED036AF5EEC07AAE
:10D97000F1EE10FA2EDD77EE877AC7FEE67A1A7C92
:10D98000A2B99FED317AF4EEC76AF1EE10FA38DDF4
:10D990002B4A0821126859705A6054E7284A00211E
:10D9A000DFED287A126859705A604CE7244A052145
:10D9B000126859705A6046E7214A0321DFED217A47
:10D9C000126859705A603EE7F0EE667A87E7F0EE2B
:10D9D000667A21E7F0EE667AD1E7F0EE667A69E7DB
:10D9E000F0EE667A49E7164A0121DFED167A1268F1
:10D9F00059705A6027E7124A0121126859705A601B
:10DA000021E70F495C680A68D3F86401121B904251
:10DA1000BFF619AF0968012259605A7013E7084A26
:10DA20005C681168D3F86001091B884282DA1168CA
:10DA3000072259605A7006E7887801207425002073
:10DA4000301D012000000000CDCC4C3E38B5C64B47
:10DA50002DED028B1B78DB070ED4C44CC44B002287
:10DA60009FEDC48A1B686270636084ED028ABDEC1E
:10DA7000028BBDE8384053E6BF4BBC4C93F89A325A
:10DA800013B92378042BE9D0637894ED028A082B2C
:10DA9000E4D8DFE813F051005C003A017D019A0000
:10DAA000A701B800F8000900237C002B40F0D881C2
:10DAB00094F83030002B40F0E581DFEDB27A94ED40
:10DAC000037AB4EEE77AF1EE10FA00F13282D4ED87
:10DAD000087ADFEDAD6A94ED057A67EEA67AB4EECA
:10DAE000E77AF1EE10FA00F3D381DFEDA87AB4EE15
:10DAF000678AF1EE10FA00F3CB81A04B9B6998473F
:10DB000094ED5D7AB5EEC07AD4ED076AB0EE408A46
:10DB1000D4ED087AF1EE10FA0BDD36EE876AF4EEFA
:10DB2000C67AF1EE10FA00F3208236EEC77AC7FE0D
:10DB3000877AC4ED077A98E79FED8E0A237C84EDFF
:10DB4000070A002B00F0C981B0EE408A8DE7D4EDC2
:10DB5000036ADFED8B7A76EEE77A77EEA77AF5EE59
:10DB6000C07AF1EE10FA00F1B2819FED867AF4EE00
:10DB7000476AF1EE10FA77FE277A94ED607AB5EEF7
:10DB8000C07AF1EE10FA40F38F8137EE088A88FEF2
:10DB9000678A6269237CE261002B40F06781DFEDD8
:10DBA000797AF4EEE76AF1EE10FA7FF75EAF94F857
:10DBB0003130002B3FF459AF6D4A022112686F4B90
:10DBC00061701B69626098474FE7237C002B40F02F
:10DBD000478194F83030002B40F05481DFED697AB2
:10DBE00094ED037AB4EEE77AF1EE10FA40F1898110
:10DBF00094F85C31002B40F0AA815D4B1A68012338
:10DC00006260637031E7D4ED036ADFED5D7A76EE32
:10DC1000E77A77EEA77AF5EEC07AF1EE10FA00F126
:10DC200059819FED587AF4EE476AF1EE10FA77FECB
:10DC3000277A94ED617AB5EEC07AF1EE10FA40F3EE
:10DC4000368137EE086AB4EEE76AF1EE10FA00F1B9
:10DC50006B8138EE478A88FE278A6269237CE261FD
:10DC6000002B40F0FD8094F83130002B00F04F8104
:10DC7000DFED447AF4EEE76AF1EE10FA40F3FC804F
:10DC80003B4A03219AE7D4ED036ADFED3D7A76EE55
:10DC9000E77A77EEA77AF5EEC07AF1EE10FA00F1A6
:10DCA00013819FED387AF4EE476AF1EE10FA77FEB1
:10DCB000277A94ED647AB5EEC07AF1EE10FA40F36B
:10DCC000F08037EE088A88FE678A6269237CE26109
:10DCD000002B40F0CB80DFED2B7A254AF4EEE76A8B
:10DCE000F1EE10FA04DD94F83130002B40F01F8182
:10DCF00060681368D4F864111B1A9942BFF6B5AE78
:10DD00001268012362606370AFE6237C002B40F051
:10DD1000AD80DFED1C7A94ED037AB4EEE77AF1EE94
:10DD200010FA00F1A98094F83030002B40F0A48064
:10DD3000D4ED087ADFED146A94ED057A67EEA67AE1
:10DD4000B4EEE77AF1EE10FA00F3A280DFED0F7A7D
:10DD5000B4EE678AF1EE10FA00F39A80074B9B69E4
:10DD6000984794ED5C7ACDE68878012074250020F0
:10DD7000301D012000000000B08A0120D43B0020AB
:10DD8000CDCCCC3DCDCC4C3EA4707D3F3333733FE6
:10DD9000237C002B64D194F83030002B72D15FEDDE
:10DDA000077A94ED037AB4EEE77AF1EE10FA63D4D1
:10DDB000D4ED087A5FED0C6A94ED057A67EEA67AE9
:10DDC000B4EEE77AF1EE10FA62DC5FED107AB4EEB1
:10DDD000678AF1EE10FA5BDC654B9B69984794ED1E
:10DDE0005E7A8FE6D4ED036ADFED627A76EEE77A4B
:10DDF00077EEA77AF5EEC07AF1EE10FA5AD49FEDDD
:10DE00005E6AF4EEC66AF1EE10FA6EDD94ED647AA5
:10DE1000B5EEC07AF1EE10FA40F39480F0EE467A57
:10DE200038EE078A88FE678ADFED537A6369F4EE7D
:10DE3000E76AE361F1EE10FA04DD94F83130002B6B
:10DE40007FF41EAF4D4A60681368D4F868111B1A3E
:10DE50009942BFF60AAE126800236260637004E65E
:10DE6000464B05221B6862706360FEE5434B00224F
:10DE70001B6862706360F8E5404B01221B686270AA
:10DE80006360F2E53D4B06221B6862706360ECE55F
:10DE90003A4A0421364B12685B69617062609847A8
:10DEA000E3E5B0EE678A10E7B0EE678A71E6B0EEA0
:10DEB000678AD2E694ED647AB5EEC07AF1EE10FA94
:10DEC0003DDDDFED2F7AABE7DFED2D7AF1E6DFED1B
:10DED0002C7A52E6DFED2A7AABE6284B0122B0EE2F
:10DEE000408A1B6862706360BFE594ED647AB5EEAA
:10DEF000C07AF1EE10FA93DC6369B0EE678AE361F1
:10DF0000A0E71B4BDB69984794ED5F7AFAE51B4964
:10DF100065680A68D4F86C01521B9042BFF6A5AD43
:10DF20000A6863706260A0E5B0EE468A95E6082153
:10DF300044E6124B07221B686270636095E59FED13
:10DF4000108A71E76369B0EE468AE36175E70B4BAF
:10DF500060681A68D4F86011121A9142BFF64EAE8A
:10DF60001A680723626063707FE5F0EE467AE0E5A9
:10DF7000D43B0020CDCCCC3DCDCC4C3E301D01203F
:10DF80000000000070B4044600F18006074D103414
:10DF90000FCD44F8100C44F80C1C44F8082C44F83D
:10DFA000043CB442F2D170BC704700BFD4CA04082C
:10DFB0000023037043708370C370037143718371D6
:10DFC000C3717047044B03EB40100023C0F8BC3012
:10DFD000C0F8D430704700BF84280020274B10B40D
:10DFE0001B7813F0010F264B0AD103EB400241F2DC
:10DFF0008834B2F9DC1001F6C41292B2A24233D9CD
:10E00000204900EB40029FED207A01EB4202B2F979
:10E01000A01207EE901AF8EEE77A67EE877AB4EE70
:10E02000E70AF1EE10FA0CDCB2F99E2207EE902A14
:10E03000F8EEE77A67EE877AB4EEE70AF1EE10FAC7
:10E040000BD503EB8001052203EB40005DF8044B88
:10E05000C1ED007AA0F81621704703EB80005DF84F
:10E06000044B80ED000A704707EE901A9FED060AF8
:10E07000F8EEE77A27EE800AC2E700BF8878012031
:10E0800008270020B08A01206F12833A70B52D4E08
:10E090000D46044696F84E33003B18BF012380F826
:10E0A0001D31CB7900F5927180F8DA3005F1080066
:10E0B00021F0ACFFAB7984F8213196F84D3384F828
:10E0C0001E3194F8D8300F2B0BD80D2B13D80A2BF8
:10E0D0002DD005234FF47A7284F8DB304FF4FA53D5
:10E0E00010E0102BF5D1042340F2413284F8DB30EC
:10E0F00041F6082306E002234FF4487284F8DB302F
:10E100004FF448630025A4F848312046236884F87A
:10E110002051A4F84A21984794F82331082B02D9BA
:10E12000103B032B0BD8012384F8223170BD06234A
:10E1300040F2654284F8DB3042F22833E2E784F8AB
:10E140002251F3E7B08A0120002302220361838277
:10E1500003808380C3804280704738B5514B0D46A1
:10E1600004460361232019F0D7FA6B780BB900201D
:10E1700038BD042B22692946204608BF01231370AD
:10E180002AF02CFE0028F2D094F8D800022811D1F1
:10E19000454B2360454B6360454BC4F8A830454A66
:10E1A000136843F00103136084F82301003818BF9B
:10E1B0000120DDE703280FD13F4B062023603F4BB2
:10E1C00063603B4BC4F8A8303D4BD3F894235223F3
:10E1D0005343C4F8EC30E2E7042808D1394B072058
:10E1E0002360324B6360324BC4F8A830D7E707286E
:10E1F00026D00ED8431F012B11D82D4BC4F8A830C0
:10E20000314B23602D4B6360831F032B24D90720E0
:10E21000C5E7A0F10803012BEFD90B281FD0A0F10F
:10E220000C03012B24D8294B0C282360234B63605B
:10E230001F4BC4F8A83031D00D2831D00020B3E7EF
:10E2400094F81D31DFED227A002B9FED227A47FEF4
:10E25000277AC4ED2A7AD3E70230C0B29FE71E4B7B
:10E260000D202360154B6360114BC4F8A83096E76E
:10E270000F2808D1194B11202360194B63600C4BF8
:10E28000C4F8A8308BE71028D8D1164B1220236091
:10E29000154B6360064BC4F8A83080E70E207EE77C
:10E2A0000F207CE71C8E0120013B04082D7D040813
:10E2B00000007A3DBC770120C93804088D7E04082F
:10E2C000B08A0120C3370408993804089D3904082E
:10E2D0000000FA3D00007A3D8D3A0408993B04089D
:10E2E000413D0408AD3204084D31040810B5044620
:10E2F00017F02EFC0D4B41F28831D3F89823C3F868
:10E300009803821A8A4206D9002283F840400132DB
:10E3100083F89C2310BD93F89C239918142A81F844
:10E320004040F4D1012283F83C2010BDB08A012086
:10E330002DE9F84F9F4C17F00BFC054694F89D33E0
:10E340008BB918469C4B1B785BB1D4F8C83343B1EA
:10E35000ED1AB5F57A7F04DB002340F00400C4F821
:10E36000C833BDE8F88F002394F89EE384F89D330A
:10E37000BEF1000F00F0A18094F8A00340B210F1AC
:10E38000630FC0F284808D4E84F8B03394F8B1737B
:10E390004FB36FF029016FF05B0C01236FF0300277
:10E3A0008142DFF82482A8BF01466145B8BF6146BB
:10E3B0004FFA81FC01E018F91320944580F2C380E4
:10E3C00001330D2BF7D16423D4F8B42304EB870178
:10E3D00002FB03F37A4A82FB03C2DB17C3EB62132F
:10E3E0009BB2C1F8D030307194F8AC0394F8AD33DF
:10E3F00094F8AE231B0494F8AF1343EA00630B4375
:10E4000043EA022303F0F023B3F1E02F4DD01026AE
:10E41000D4F8C033B7FA87FC94F8BE030322997886
:10E420004FEA5C1C94F8C48302E00232B24223DA61
:10E4300002F1FF3904EB090393F8A033034103F021
:10E440000F039942F1D90B2BEFD8BB42A14404EB47
:10E45000020B04EB830302D1BCF1000FE5D099F865
:10E46000A0A302329BF8A0930AEA080AB24209EB81
:10E470000A29C3F8D090DBDBBEF1000F13D094F86B
:10E48000A2331B060FD40120C4F8C8535AE794F8EE
:10E49000B0330133DBB2042B84F8B03334D8474EA9
:10E4A00096F9040072E701204CE794F8A23313F0C8
:10E4B000800F14BF10260C26AAE717F049FB3F4E29
:10E4C000404BA3FB002372795B0C0AB394F8A023A2
:10E4D00094F8A103122818BF0128C1B208D001F096
:10E4E000EF01A1F1A201B1FA81F1490901B97171FC
:10E4F000D4F8B813A1B994F8B17394F89EE3A4F8D2
:10E50000BC23C4F8B8336FE76FF05B002B4E3DE7D8
:10E5100094F8A01394F8A12302EB012292B2E7E74A
:10E520008B420BD0591A94F8B17301292BD094F86F
:10E530009EE3A4F8BC23C4F8B83355E794F8B1734C
:10E5400094F89EE350E703F1FF3CDFF8808008EB8E
:10E550004C0C08EB43039CF811905B7C9CF910C0B9
:10E56000A3EB0903A1EB0C01A2EB0C0201FB03F3EB
:10E5700093FBF2F202EB09035BB2642BA8BF6423A6
:10E5800023EAE37320E7002FD1D0B4F8BC0304EBF7
:10E590008706D4F8B413101ADFF834C0143801FB1E
:10E5A00000F18CFB01C0C917A1EBE00189B2C6F8EC
:10E5B000D010BCE7B08A0120A17F012018060120FD
:10E5C0001F85EB5183DE1B43E4CA0408D4CA040848
:10E5D0006766666608B517F0BBFA094B094A1B78EF
:10E5E000D2F8CC2353B1801A6FF47A7240F2E6333A
:10E5F000104498428CBF0020012008BD184608BD79
:10E60000D47F0120B08A01202DE9F8437F4D17F017
:10E610009FFA7F4BD5F8D023801A984203DD95F8F6
:10E62000D433062B52D095F8D80308B9BDE8F88347
:10E6300095F8DE330022162B85F8D82368D095F89C
:10E64000DF13C1F3411301F01F01022B56D0032B3E
:10E6500040D0002B48D04FF00B0C4FF07C526D4B4C
:10E6600040F2FF7866461A6095F8DD33033BDB0025
:10E6700093FBFCF313F0FF0325D05A1E664F0020D6
:10E68000012351FA82F207F1040E07EB81070146DC
:10E690000EEB820E0BE0EA1801F1080403F1010908
:10E6A00092F8DF235FFA89F38A40E1B210438E4289
:10E6B000F1D800EA0802891B20FA0CF047F8042B75
:10E6C000BE45C9B2F3D10120BDE8F8830023A5F807
:10E6D000D633A8E74FF00D0C4FF078524D4B41F672
:10E6E000FF7866461A60BFE74FF07E52494B4FF005
:10E6F0000A0C40F2FF381A606646B5E74FF07A52CE
:10E70000444B4FF00C0C40F6FF781A606646ABE7BE
:10E7100095F8E423012095F8E83302F00F0295F80C
:10E72000E37303F01F0395F8EC13D20195F8F0435F
:10E730009B0195F8E06342EA570295F8E77301F010
:10E740003F0104F07F0443EA9703C5F8502195F890
:10E75000EB73240195F8EF2306F00706C5F85C314A
:10E76000490195F8DF3344EA121241EAD701D5F89E
:10E77000E04343EA0623B5F8E0E3C4F38A3CC5F876
:10E780006811B5F8E843CEF3CA0EB5F8EA13C5F838
:10E790004431C4F34A14D5F8EC33C1F30A01B5F897
:10E7A000E473D5F8E463C5F87421C3F38A12B5F8AD
:10E7B000EE33C7F30A17C5F86041C6F3CA36C5F889
:10E7C0006411C3F34A03134C1449C5F848E12160AE
:10E7D000C5F84CC1C5F85471C5F85861C5E95B234B
:10E7E000D5F8F02395F8F433C2F3CA1195F8F34342
:10E7F000B5F8F223DB00C5F8781143EA5413C2F3ED
:10E800008A02C5E95F23BDE8F88300BFB08A012012
:10E8100090D0030018060120F48B012001F11F3F66
:10E8200040F2014370B543EA80040D4E17F090F9B1
:10E83000054696F82C3406EB8303D3F81C04E30753
:10E840000AD519F0ABF9640805F1340507D017F0C3
:10E850007FF98542FBD8ECE719F04EF9F3E770BD7C
:10E86000B08A012070B5194C06460D46012194F876
:10E870002C3404EB8303D3F81C0419F0FBF80023B9
:10E8800084F8883284F889323078013DFFF7C8FF78
:10E8900016F8010BFEF760FB15F0FF05F4D194F8B4
:10E8A0002D343BB194F88802FFF7BAFF94F889023F
:10E8B000FFF7B6FF94F82C34202104EB8304D4F83E
:10E8C0001C04BDE8704019F0D5B800BFB08A012023
:10E8D0002DE9F843204C0746204D2668A84602360D
:10E8E00095F82C3405EB8303D3F81C0419F0CCFA0B
:10E8F00010BB17F02DF900F1270517F029F9854213
:10E90000FBD800264FF00109344698F82C3408EB68
:10E910008303D3F81C0419F0B7FA18B109FA06F307
:10E920001C43A4B2092E05F134050BD017F010F9E1
:10E930008542FBD80136E8E723689E42D0D8002004
:10E94000BDE8F88340F201232340B3F5007FF6D100
:10E95000640801203C70F3E7301D0120B08A0120DB
:10E9600013B5FF2304468DF807300DF10700FFF7BC
:10E97000AFFF00B91CB99DF8070002B010BD013C03
:10E98000F3E7FE2313B5ADF80430002304468DF8F9
:10E99000063003788DF8073013B901238DF806305F
:10E9A00004210DEB0100FFF75DFF0220FFF7D8FF08
:10E9B000FF280CD121786068FFF754FF2820FFF76B
:10E9C000CFFFA0F130035842584102B010BD0020E3
:10E9D000FBE737B5054608461446FFF7D2FF78B186
:10E9E0000123022101A88DF804508DF80530FFF7AE
:10E9F00039FF2046FFF7B4FFA0F1300358425841D9
:10EA000003B030BD0F4B07B50268934317D0FF2307
:10EA10000421ADF8043043788DF8063083780DEB8F
:10EA200001008DF80730FFF71DFF0220FFF798FF68
:10EA3000A0F130035842584103B05DF804FB0120B7
:10EA4000FAE700BF00FFFF00002273B51F4E01442C
:10EA5000044686F88822CDB286F8892286F83124C9
:10EA600086F83224FF228DF807202046FFF730FF7A
:10EA7000F8B114F8010BFEF76FFAE3B2AB42F4D130
:10EA800096F82D34EBB11248FFF722FF88B11148F8
:10EA9000FFF71EFF68B10DF10700FFF719FF40B146
:10EAA000B6F88822B6F831349A4202D0C2238DF8E3
:10EAB00007309DF80700A0F130035842584102B0DA
:10EAC00070BD0DF10700FFF703FFF2E7B08A0120E8
:10EAD000E18E0120E28E012037B5054608460C463E
:10EAE000FFF790FF60B12378022101A88DF8045050
:10EAF0008DF80530FFF7B6FE21786068FFF7A4FFB8
:10EB000003B030BD30B50F4C83B000230546D4F8B8
:10EB100034240DF10601082084F83334ADF80630B2
:10EB2000F7F7BAFA0DF10601D4F834248120F7F78B
:10EB3000B3FA2846D4F83414BDF80620F7F7C8FA1B
:10EB400003B030BDB08A012038B51A4C17F000F878
:10EB50000546D4F83834C31AB3F5FA6F02DD002342
:10EB600084F83C3494F83C3423B900230120C4F8E1
:10EB7000403438BD00221049D4F84004F6F794FC24
:10EB800094F83C347BB90D4B1B781A2B04D1D4F884
:10EB900044340B4AEB1AD36000230120C4F84454D8
:10EBA000C4F8403438BD0748FFF7ACFF002384F8B1
:10EBB0003C34E8E7B08A0120EC8E01209C20002044
:10EBC000A020002000CB040838B5044616F092FFC0
:10EBD0005C4B002283F83C2493F83324012A06D9A5
:10EBE000D3F8482440F6AC51821A8A422ADCE2B2B9
:10EBF0007E2A37D093F8331419B393F833141B29B2
:10EC00006FD893F8B814002900F09180002182F0A9
:10EC1000200283F8B81493F83314022902D1012A90
:10EC200000F08C8093F84E0493F8334493F8331437
:10EC300003EB401001312044C9B280F84F2483F81F
:10EC4000331438BDB3F84C243F490132097892B2ED
:10EC50001A29A3F84C2459D0002283F83324E2B2B5
:10EC60007E2AC7D193F83324012A2ED993F84E2453
:10EC70003649013293F84F54A1FB024101F4FF746D
:10EC800004EB5101521AD2B295420AD093F83344A0
:10EC900093F84E14013C83F84E2403EB411282F8A2
:10ECA0006B4493F8B0243AB10121002283F83C145C
:10ECB00083F8B024C3F83804234A12781A2A30D0D3
:10ECC0000022C3F8B40483F8B8240122C3F848042E
:10ECD00083F8332493F84E2403EB4213C3F86C04F7
:10ECE00038BD0022184983F83324B3F84C2409783E
:10ECF00001321A2992B2A3F84C24A2D1B3F84C34B1
:10ED00000221134A9BB2C2E9013138BDB3F84C2449
:10ED100001250F4992B2C1E90125002283F833246D
:10ED20009DE7D3F8B4240A49821A0A60C8E77D2A0D
:10ED30007FF471AF012283F8B82438BD012183F834
:10ED4000B0146FE7B08A01209C200020ABAAAAAAC9
:10ED5000A020002070B5054616F0CCFE2C49D1F855
:10ED6000BC24821AB2F57A6F16DC91F8C024C1F87F
:10ED7000BC04B2B1022A42D0442A45D991F87D4060
:10ED800001326400D2B2E31C9A4281F8C02417DD3C
:10ED90000534A2422AD070BD0023C1F8BC0481F81A
:10EDA000C034A82DF7D1002691F87D402B4632467D
:10EDB00081F87C60A1F87E608E1886F88030DFE7ED
:10EDC000E8B2B1F87E30082241F2210483EA002340
:10EDD00013F4004F4FEA430084EA43030CBF83B2AD
:10EDE0009BB2013AF4D1A1F87E3070BD002201231C
:10EDF000C1F8C80081F8C02481F87C3070BDEBB246
:10EE00001C4681F87D30D7E7EBB291F87D40D3E71F
:10EE1000B08A012010B5164C94F86C3533B100233C
:10EE200084F86C350023C4F8703510BDD4F8703503
:10EE300033B9104A926813600023C4F8703510BDCE
:10EE400016F058FE0B4A04F2C443C4F87405D168A6
:10EE5000D4F8700599420CBF04F5A36304F5A361CF
:10EE60001860C2E902130023C4F8703510BD00BF5A
:10EE7000B08A01201806012010B5044616F03AFEAB
:10EE80000D4A0E4B9268C3F87805116819B9D3F88A
:10EE900070154F2906D900210822C3F8701583F890
:10EEA0007C2510BDD3F87005D3F8701502440131EC
:10EEB0001471C3F8701510BD18060120B08A012026
:10EEC00038B50D46044616F015FE134B41F2883155
:10EED000D3F88025C3F88005821A8A4209D9E4B2A2
:10EEE000012283F8A04383F88425002283F89D2320
:10EEF00038BD93F884250F2AFAD8511CE4B21A447D
:10EF0000C9B282F8A043102983F88415EDD10122FB
:10EF1000286283F89D2338BDB08A012038B50C469D
:10EF2000054616F0E7FD40F6AC52E369C31A93427A
:10EF30000DDD002384F820300F2D07D10123E0617F
:10EF4000257084F82030002384F8213038BD94F8EF
:10EF50002020002AF0D0182AF8D8511CC9B219294B
:10EF600084F82010A554EED1044A0121127884F8C7
:10EF70002110192AEAD1024A936038BD9C20002052
:10EF8000A0200020F8B51D4C054616F0B3FDD4F8BE
:10EF90008835C31AB3F5FA7F0ADC94F88C353BB197
:10EFA000022B28D994F891250232934208DBF8BD50
:10EFB0000123C4F8880584F8905584F88C35F8BD91
:10EFC000591C2344C9B283F89055914284F88C159A
:10EFD000EDDB0B4D00230127A5F1140684F88C35D9
:10EFE0000FCE0FC5336884F8B6752B8016F082FDFE
:10EFF000C4F8CC03F8BD0522D7E700BFB08A0120D2
:10F000005490012038B5044616F074FD2F4BD3F808
:10F01000B825821AB2F5FA7F18DD0022C3F8B805C8
:10F0200083F8BC2583F8BD25E1B204292AD0A1F1DB
:10F030002002B2FA82F2520922BB93F8C0550DB9F0
:10F04000552C33D0A54216D1002209E093F8BD25F6
:10F0500042BB93F8BC25C3F8B805002AE4D0E1B25E
:10F0600093F8BE45013C9D18A24285F8C41503D013
:10F07000013283F8BC2538BD0122C3F8E40583F8CA
:10F08000E82538BD022400224FF6FF7583F8C0152D
:10F0900083F8C1454C1E83F8BE1583F8BF25A3F83D
:10F0A000C255E0E7013A83F8BD2538BD012055215E
:10F0B0001F24A3F8C22583F8BF0583F8C10583F890
:10F0C000C01583F8C41583F8BE45D1E7B08A012086
:10F0D00038B5044616F00EFD364BD3F8F825821AE3
:10F0E000B2F57A7F23DC93F8FC15C3F8F80551B329
:10F0F0004A1CD3F80056D2B26C54062A83F8FC2579
:10F1000030D193F85822012A4FD093F8FE25012AD6
:10F1100002D1AA78092A3DD90022282183F8FC25AA
:10F1200083F8582283F8FE2583F8FD1538BD0022A8
:10F130002821C3F8F80583F8FC2583F8582283F8C2
:10F14000FE2583F8FD153D2C27D03E2CEED1012164
:10F15000194A83F858121146C3F8002601220C7090
:10F1600083F8FC2593F8FD159142DFD193F85822DE
:10F17000012A02D1022283F8582293F8FE25012A9F
:10F1800004D10222C3F8840283F8FE25002128223C
:10F1900083F8FC1583F8FD2538BD0121074A83F863
:10F1A000FE151146C3F80026D8E7AA78282AACD85D
:10F1B000F0E700BFB08A01200C8D01209C90012057
:10F1C000F8B51D4C0646002094F8045604F5C161BC
:10F1D000AA1E3544314421F0D5F9AB1E013D23442C
:10F1E000254493F8082695F8083603EB02239BB2D2
:10F1F000984200D0F8BD94F82B56D5B1701C04EBA2
:10F20000450521464FF4AF66C0B2421C23180230B8
:10F21000224493F8087692F8083603EB07239BB252
:10F2200006FB03F31B1303F5487321F8023BA942C5
:10F23000EBD101232376F8BDB08A0120F0B5414C13
:10F2400083B00546019016F083FCD4F82C36C4F840
:10F250002C06C31AB3F5FA5F25D9002384F830369B
:10F2600084F83136A12D5CD0A22D63D094F83136CC
:10F27000002203B394F80476531CEDB22244DBB2AF
:10F2800082F80856BB4284F830361AD194F83236E8
:10F29000052B18D0062B19D0002384F8313684F8BA
:10F2A000303603B0F0BD94F83026002ADAD094F856
:10F2B0003136002BDED194F8303694F80476BB4218
:10F2C000E4D003B0F0BD0020FFF77AFF94F80936D0
:10F2D0001E2BE1D1013F0023002F19DD19461A46EC
:10F2E000A0181D46082290F8083685EA03005E083B
:10F2F000013AC5F34705C30754BF334686F08C0374
:10F3000012F0FF02F1D10131C9B2B9420A46E7DB7E
:10F31000E61996F808269A42BED10320FFF750FF5F
:10F32000BAE71B2301221F4684F8312684F80436ED
:10F330000022A1E7232301221F4684F8312684F806
:10F340000436F5E7B08A012010B5114CD4F83436F4
:10F350000BB9012010BD16F0FBFBD4F87435D4F8BE
:10F3600078259B1A002BF4DDD4F87835C01AAD2827
:10F37000EFDD08480123D4F8342604F5C76100689E
:10F3800084F86C3518F016FA0023C4F83436E0E738
:10F39000B08A01208881012010B5074C22780AB973
:10F3A000012010BD054B0649186818F003FA002328
:10F3B0000120237010BD00BFA17F012080810120AA
:10F3C0008C7F01202DE9F041234C94F8B63523B30E
:10F3D00006460020D52294F8A61584F8B60521F03B
:10F3E000C3F894F8A575022F0BDD04F2A45804F2BB
:10F3F000A655B84415F8011FD52221F0B5F8A84547
:10F40000F8D1274497F8A53583420ED194F8A43556
:10F41000822B18D00820BDE8F081FFF7DBF8002828
:10F420000CBF00200420BDE8F0810C4B1B78412B61
:10F43000F0D1B4F88A360820094A01331BB2A4F887
:10F440008A361360EFE70122D4F8CC33052084F824
:10F4500088263362BDE8F081B08A01209C2000201C
:10F46000A0200020F8B53E4C94F8E8350BB90020F8
:10F47000F8BD94F8BF3500260546012B84F8E865F1
:10F4800023D194F8BE2594F8C1052244B4F8C2658E
:10F4900000F11C0C034692F8C31592F8C2E55FFA1E
:10F4A0008CFC0EEB012E1FFA8EFEE118023391F850
:10F4B000C575DBB291F8C425634502EB07223244DF
:10F4C00096B2F2D1B645D2D10DE094F8BE1504F251
:10F4D000C450F5F727FD0028C9D094F8C035202B7B
:10F4E00035D194F8C1051F49024601F13807A61825
:10F4F000023296F8C535D2B296F8C4651B0203F401
:10F500007063334441F8043B8F42F0D1421C193000
:10F5100004F50477D2B2C0B2A618063296F8C63502
:10F52000D2B296F8C81523F00F0396F8C465090106
:10F53000824243EA161301F4706143EA010347F87B
:10F54000043BE9D1D4F8E43501202B62F8BD04F284
:10F55000C450F5F70FFD0346304684F8BD35F8BDBD
:10F56000B08A0120888C012038B50D4C0546014633
:10F57000D4F88C0618F040F9B4F8903641F2210224
:10F5800083EA0520082310F4004F4FEA400018BF1B
:10F590005040013B80B2F6D1A4F8900638BD00BFC0
:10F5A000B08A012010B5064CD4F88C0618F0FEF88D
:10F5B0000028F9D0D4F88C06BDE8104018F0EEB859
:10F5C000B08A012010B5FFF7EDFF0A4A082141F289
:10F5D0002104B2F8923683EA00239BB213F4004F61
:10F5E0004FEA430318BF634001399BB2F6D1A2F83A
:10F5F000923610BDB08A01202DE9F04FD04C4FF06B
:10F6000000084FF0010ACDB0C4F88C0611F0F4FBED
:10F6100084F8928684F89386FFF7D4FF2F28F7D1D9
:10F620000DF1300B0121002018F060FB5D46ADF8B4
:10F630000080FFF7C7FF8146FFF7C4FF8DF8090080
:10F64000FFF7C0FF8DF80A00FFF7BCFF064607462C
:10F65000013FFFF7B7FF0BF8010B17F0FF07F7D1DA
:10F66000FFF7A0FF8DF80500FFF79CFFB4F8923676
:10F670008DF804000121BDF8042000209A4218BF33
:10F68000032718F033FB002F7FD1A9F13003039536
:10F69000102B00F2D381DFE813F0640089003102FF
:10F6A00091001100AF00D1010001D1018401AF012F
:10F6B000DC01D101CA01F7019A000E0201266D4654
:10F6C000B346002184F8908684F89186084618F0A5
:10F6D0000DFBD4F88C0618F053F82E20FFF744FFEA
:10F6E0004846FFF741FF9DF80900FFF73DFF9DF8F1
:10F6F0000A00FFF739FF5846FFF736FFD4F88C06AB
:10F7000018F050F80028F9D00BF1FF3B15F8010B69
:10F71000FFF72AFF1BF0FF0BF0D13846FFF724FF5D
:10F7200094F89116D4F88C0618F066F894F89016B0
:10F73000D4F88C0618F060F8D4F88C0618F01AF893
:10F740005946584618F0D2FA002E3FF461AF94F8AB
:10F750009536002B40F0DC8118F062F84DB0BDE822
:10F76000F08F94F82D3483B194F89436022B11D88D
:10F7700093B1FD23022107A8ADF81C30FFF772F802
:10F780000120FFF7EDF8C12806D100266D464FF0A5
:10F79000010B96E7042BECD000266D464FF0010BD1
:10F7A0000F2784F82D8484F82E848AE76C230026A2
:10F7B0006D464FF0010B8DF8003082E74FF4D963AE
:10F7C00000266D464FF0020BADF8003079E72E7839
:10F7D000022E07D9042E08D000266D464FF0010BEB
:10F7E00009276EE7002E00F08E8184F894666D463E
:10F7F00000264FF0010B64E72D7894F89536AB4264
:10F8000005D800266D464FF0010B082759E794F8FC
:10F81000943684F82C54022B34D8ABB39DF80A608C
:10F82000022107A8ADF81C8084F82DA4FFF71AF870
:10F83000012E29D104EB85053146D5F81C0418F0BA
:10F8400019F994F82C3404EB8303D3F81C0418F052
:10F8500053F93C4B19681A68521AB2F5967FFAD3DD
:10F8600094F82C3404EB8303D3F81C0418F096F9B5
:10F8700094F82C34202104EB8303D3F81C0418F0F3
:10F88000F9F801E0042BC9D000266D464FF0010BBA
:10F8900084F82D8484F82E8413E72B7894F8952629
:10F8A00084F82D849A4284F82E84AAD9032684F8F9
:10F8B0002C34254B07AA03F1100C1868083353F8B1
:10F8C000041C1546634503C52A46F6D11B78112151
:10F8D00007A82B70FEF7C6FF082104A8FFF7B4F8AD
:10F8E000002851D09DF81030342B4DD19DF81130A7
:10F8F000372B49D19DF81230312B45D19DF813306B
:10F9000041F2FE059DF8150084F82F349DF814305F
:10F9100084F82D0484F82E34B4F82D1401F5BF5268
:10F920001F3292B2AA4213D884F894A694F894365F
:10F930000026064D4FF0040B84F83034C1E600BFBA
:10F94000B08A0120301D012007CB0408DD8E012084
:10F9500021F0080249F20735AA4207D049F20A32DB
:10F96000914203D049F20B42914203D1022384F821
:10F970009436DBE7013BDBB28E2B05D8062803D19A
:10F98000042384F89436D1E7013E16F0FF0690D1A7
:10F99000694D4FF0040B0F2784F82D6484F82E6412
:10F9A0008FE694F89426012A01D0042A46D12B78B8
:10F9B000042A02A88DF80A808DF800300CBF9B0045
:10F9C0005B00DBB28DF80930FFF71CF870B14FF423
:10F9D0008173022107A8ADF81C30FEF743FF40F207
:10F9E000DC50FEF7BDFF30283FF4CFAE00266D4659
:10F9F0004FF0010B0F2764E62B788DF8083094F850
:10FA00009436022B0CD8CBB1022B0BD102A90720C4
:10FA1000FFF762F80028E9D09DF808B0002650E60C
:10FA2000042B0BD102A90320FFF756F8F2E72B783D
:10FA30008DF8083094F89436022B05D000266D46D8
:10FA40004FF0010B02273CE602A90420FFF744F81F
:10FA5000E0E794F894368DF80860022B10D8002B5C
:10FA60003FF493AE02A8FEF7CDFF0028BED0FA22E5
:10FA700002A90120FEF7ADFF00287FF486AEB5E7AE
:10FA8000042B7FF482AEEDE794F894368DF808608D
:10FA9000012BD3D0022BA9D102A8FEF7B3FF002877
:10FAA000A4D040F2DC5202A90520FEF792FF002804
:10FAB0007FF46BAE9AE794F89456042DBED102A859
:10FAC0008DF80860FEF79EFF00288FD002A8FEF791
:10FAD00058FF00288AD04FF48273022107A8ADF89E
:10FAE0001C30FEF7BFFE1420FEF73AFF30283FF42B
:10FAF0004CAEC0287FF47AAF2F4646E600260F4D65
:10FB00004FF0090BDDE56D464FF0010B0927D8E5F5
:10FB1000013B0221DBB284F8953604EB8303D3F872
:10FB20001C0417F0A7FF94F8953604EB8303D3F871
:10FB30001C0417F0E1FF0AE6DD8E0120B01B05086A
:10FB4000094BD3ED086A26EEA67A16EE903A002B02
:10FB5000064BF0EEC77AB8BFF1EE677A27EE800A5F
:10FB600083ED160A704700BF08850120D4200020CD
:10FB700008B50120FDF768FA044B93ED080AFFF77A
:10FB8000DFFFBDE80840FDF7ADBA00BFD42000207C
:10FB900010B50E4C94F89B06EAF756F894F8A906AF
:10FBA000EAF752F894F8B636022B04D0084B1A78CC
:10FBB000022A05D010BD94F8BA06EAF745F8F5E731
:10FBC0009878BDE81040EAF73FB800BFB08A01203E
:10FBD000A48A0120054B93F8920603F5EC723C339E
:10FBE00001280CBF10461846704700BF8C02002049
:10FBF000124B002908BF0146114A30B583F8F000C6
:10FC000083F8F41013889BB10E4CB4FBF3F59560A8
:10FC100004FB01F54443B5FBF3F5B4FBF3F4B3FB8C
:10FC2000F1F1B3FBF0F3D56014615180938030BDE6
:10FC3000C2E90233136153809380F8E7000000208B
:10FC40008C02002040420F002DE9F041694C6A4EC1
:10FC500094F861332DED048B84B06BB1B4F8663346
:10FC600053B1A6F89A36B4F86833B4F85223A6F81C
:10FC70009C360123A6F8982686F896364FF00008A1
:10FC8000B4F8503300275C4D08EE103A33889FEDEE
:10FC90005B9A08EE903AB8EE488AF8EE688A05F565
:10FCA0005E70B0EE491AF0EE680A0121B0EE480A23
:10FCB00008F10108C5F88473C5F88073C5F87C7332
:10FCC000C5F878732CF06CFB05F56770F0EE680AE8
:10FCD000B0EE480A01219FED4A1A4835C5F8607315
:10FCE000C5F85C73C5F85873C5F854732CF058FB0D
:10FCF000B8F1030FD3D1B4F8523394F8611300EE86
:10FD0000103A738896F8962600EE903AB8EE400ABC
:10FD10003C48F8EE600A03928DED010A0091CDEDAA
:10FD2000020A20F049FA039ADDED020A9DED010A6C
:10FD30000099354820F040FA039ADDED020A9DED66
:10FD4000010A0099314820F037FAB4F8543394F896
:10FD50006213002200EE103A73882D4800EE903AAC
:10FD6000B8EE400A0091F8EE600A8DED010ACDED83
:10FD7000020A20F021FADDED020A00229DED010ABF
:10FD80000099244820F018FA0022DDED020A9DEDCA
:10FD9000010A0099204820F00FFA73881F4801EEED
:10FDA000103AB4F8583300EE903AB4F85633B8EE3F
:10FDB000411A00EE103AF8EE600AB8EE400AEBF78E
:10FDC000EEFC7388164801EE103AB4F85C3300EE8E
:10FDD000903AB4F85A33B8EE411A00EE103AF8EE01
:10FDE000600AB8EE400A04B0BDEC048BBDE8F041F7
:10FDF000EBF7D5BCB08A01208C020020D48B0A3FDF
:10FE0000753DA73FDC0600200C0700203C070020C2
:10FE10006C0700209C070020CC070020FC07002076
:10FE20008C080020234930B591F89236E9B0012BB7
:10FE300004D0022B19D0ABB169B030BD01AC01F5D3
:10FE4000EC714FF4CE7220462BF09AF9A3681BB1E7
:10FE50000DF1DA0120469847B4F9D620164B1A80E6
:10FE600069B030BD01AC3C31EBE701AC3C314FF443
:10FE7000CE7220462BF084F9A3681BB10DF1DA0194
:10FE8000204698474FF4CE720C492046B4F9D6501C
:10FE90002BF076F9A3681BB10DF1DA0120469847E3
:10FEA000B4F9D630044AAB42B8BF2B46138069B0D0
:10FEB00030BD00BF8C0200207422002064040020AA
:10FEC0000D4B93F89226012A07D0022A0BD0D3F8C3
:10FED000D401B0FA80F040097047D3F87003B0FA4B
:10FEE00080F040097047D3F8D421D3F8703313431E
:10FEF0000CBF0120002070478C02002070B515F067
:10FF000027FE0E4B0E4A0026C3F8CC0603F2BC6552
:10FF100003F5DA6403F5DB6102F10C00F2EC017A1F
:10FF200025F8026BFDEEE77A824217EE903A1BB29B
:10FF300024F8023B21F8023BF0D170BDB08A0120C9
:10FF400078860120F8B5134E134DB6F8442012B947
:10FF5000A5F84028F8BD114B1B88A5F84038002BA8
:10FF6000F8D0002405F64407B6F844303819303488
:10FF7000002200EE903AB5F84038082100EE103A21
:10FF8000F8EE600AB8EE400A20F016F9902CEBD19A
:10FF9000E0E700BFFC240020D43B0020C039012052
:10FFA0002DE9F04F914C924D2DED048B94F8603378
:10FFB0008DB0012B00F08081022B0CBF07230023A2
:10FFC00085F89E368B4A00230121127885F89336F6
:10FFD000D31EA5F894163A2B3FD8DFE813F06A0138
:10FFE0003E003E006A013E003E003E003E003E00F4
:10FFF0003E003E003E006A013E006A013E003E00B7
:020000040802F0
:100000006A013B003B003E003E003E003E003E00D9
:100010003E003E003E003E003E003E003E003E00F0
:100020003E003E003E003E003E003E003E006A01B3
:100030003E003E003E003E003E003E003B003E00D3
:100040003E003E003E003E003E003E003E003E00C0
:100050003E006A01012385F89536002294F84F335B
:1000600094F86A7384F8052785F89236002F00F01B
:100070003081FE0700F1D680BB0740F1E4805E4985
:100080005E48FEF76AF894F80537002800F01881FA
:1000900043F0020384F80537002F40F016814FF03B
:1000A0000108574E84F86A3395F89226022A00F028
:1000B0008882002A40F0EA85D90700F1EA8203F03D
:1000C0000301DA43032902F0010285F8922684F83D
:1000D0004F2300F0E78595F89236013B012B1DD8A0
:1000E0004FF00108474B444903F110024348C5F85B
:1000F0007432C5F87822FDF7C9FF95F8943623B11C
:1001000095F8FA32003B18BF01233F4A95F8FB12DD
:1001100085F894361175B8F1000F04D0022384F8E5
:10012000163720F07FFA95F8923613F0FD0F13D1B1
:10013000364B3046364903F11002C5E93632FDF739
:10014000A5FF95F89436002B40F06A822E4A95F868
:100150005F1185F89436117595F89236D5F8E4203C
:10016000012BC5F874636A6100F04382294F58225D
:10017000B6F848310021B6F84A8138462B80A5F8F8
:1001800090862BF05FFFFFF725FDB861DFF89090B8
:1001900094F84F2399F80330B6F8D810012A3B772A
:1001A000B98294F89F3600F080851B481B49BB75C7
:1001B0001FF02CFF99F80230132B00F28082DFE849
:1001C00013F082027E027E0282027E027E027E02A4
:1001D00086028A027E028A028A028A027E02F8046B
:1001E000FF04FF047E020505090500BFB08A012057
:1001F0008C0200209C2000205691012064040020E5
:10020000C8020020F8000020180601201801002074
:1002100048910120FC240020509101201C25002041
:10022000C0390120C44EC5493046FDF796FF8046CF
:10023000002840F0FB81B8073FF521AF94F805375F
:10024000002B7FF431AF4FF0000ABD4E94F8B61684
:1002500094F8BB2606F1A403022986F8F420F36083
:1002600000F0A081032900F08581012900F043817D
:10027000B44E33787779012B39D0022B07D1B24DA8
:100280007178284618F0DAF9002840F0DA8109245C
:1002900028F0B4FC0028FBD128F0B0FC08B908F025
:1002A00061FE013CF4D150460DB0BDEC048BBDE8BD
:1002B000F08F85F89326D0E6042385F89E3681E6F4
:1002C000002BC0D0002F3FF4EAAE4FF000089A4E4A
:1002D000EAE69A499848FDF740FF00283FF4CFAE80
:1002E00094F8053743F0010384F80537C7E6F27840
:1002F000013A032A00F2DE8428219448924D01FB42
:1003000002F108442144286081F81C3781F8202735
:1003100033792B71082F00F2E68001A353F827F000
:10032000A50602088F020208A5060208590A02085B
:100330005D090208F5090208A3090208EF0802088E
:10034000890B020809210C20EAF7B0FB282017F0DE
:10035000E3F901233A4608217B4818F033FB9DF965
:1003600014309DF81420002B80F2BA82530640F11D
:10037000B7823A4659460923734818F023FB0028F0
:1003800000F0AE8209230DF11D0219216E4818F00C
:1003900019FB002800F0A4829DF815309DF8141078
:1003A0001A099DF817001B0242EA0112C90903F459
:1003B00070639DF8161018BFA2F5805219431E05F0
:1003C0009DF8183048BFA1F58051A4F810281B01F2
:1003D0009DF81920A4F8121843EA003343EA1211D9
:1003E0001803BDF81A304FEA024248BFA1F5801148
:1003F0005BBA02F47022C4F814189BB213431203C0
:10040000BDF81C2048BFA3F58013C4F8183853BAB0
:100410009AB21F04BDF81E304FF0080748BFA2F57E
:1004200080325BBAA4F81C281E049AB2BDF82030B2
:1004300048BFA2F580325BBAA4F81E2818049AB20D
:10044000BDF822304FF0060048BFA2F580325BBAFB
:10045000A4F8202819049AB24FF054014CBFA2F519
:1004600080331346BDF82420A4F8223852BA93B240
:10047000120448BFA3F58033A4F82438EAF716FB2A
:1004800001230DF1130228212F4818F09BFA9DF843
:100490001310072021F07F0141F05401EAF706FB19
:1004A0000C210920EAF702FB07213846EAF7FEFA99
:1004B000254818F0C1F9002225484AF6C873254995
:1004C000A5F89E20244AC5F8A400C5F8A810234822
:1004D0002349C5F8AC20A5F8A030224A224BC5E933
:1004E0002C01C5E92E23214A214913688F7543F059
:1004F00004031360CBE694F8B736013B032B0AD80C
:100500002822124802FB03F210442244F06082F8D1
:100510001C1782F8203794F8B836337494F8B5363F
:10052000062B00F2AE83DFE813F09100AC039100DC
:1005300049016001F800A101C80200204891012092
:10054000E82E0120A48A01201C2E0120CC9101203C
:10055000C5140408C1140408BD140408B514040823
:100560004D340408FD140408C9140408BC770120A4
:1005700018060120CC4B95F89206A3F5CE720128FF
:1005800018BF134693F8D830062B7FF471AEFFF7EF
:1005900021FB94F8B836103086F8A4103374C6F8EE
:1005A000A800BBE794F8B91606F10C0018F046F85D
:1005B00000283FF45DAE94F8BA0617F0B5F9706103
:1005C000ACE703F00302032A11467FF47AAD95F8F5
:1005D0005F1195F8FB22914200F0908095F89236D9
:1005E000022B40F08F80002385F8923684F84F3339
:1005F00094E5AD4E5822AD4F0021B6F84831B6F81B
:100600004A8138462B80D5F88032C5F874636B6117
:10061000A5F890862BF016FDFFF7DCFAB861B5E57A
:1006200095F85E31003B18BF01238FE594F805373C
:1006300017F0020843F0010384F805377FF41FAD7B
:1006400032E5B07817F070F9A86063E6F3681B78BC
:10065000012B00F06E850022022BDFF854828DF80A
:10066000142000F0F18605AF01230A2190483A4694
:1006700018F0A8F9002800F0FC809DF81430482BF1
:1006800040F0F7808B4A02278B4B48F80C2C7360A4
:10069000C5E003F00302032A99D0B8F1000F3FF43C
:1006A00042AD3BE5F38894F8C2875BBAF079A4F8D1
:1006B000C037B8F1000F00F0DD84022713E7012BEB
:1006C00000F08F8200233A7D022A00F0C7843A7D31
:1006D000032A00F040843A7D042A00F03684511F3A
:1006E000042900F26682931F74487549032BC7E9F9
:1006F000010140F29887082200F001BC63F07F03FB
:1007000084F8053795F89236013B012B7FF6EAAC69
:10071000B8F1000F3FF407AD00E5F3681B78012B3B
:1007200000F0428580220A21614805AF18F028FCBC
:100730000025142016F0F0FF3A4601230D215C48F5
:100740008DF8145018F03EF920B19DF81430FF2BAD
:1007500000F09A8694F8B536072B7FF489AD54489B
:1007600018F06AF8F36880226B215D68284618F05B
:1007700007FC962016F0D0FF012328463A46752143
:1007800018F020F99DF8143003F0FD03712B7FF46D
:100790006FADF36802223721586818F0F1FB9620FC
:1007A00016F0BAFF0C234248337418F045F8EAF704
:1007B000D2F9002800F05F86072735E0DFF8F080E7
:1007C00005AFF3681B78012B00F0F58400238DF84A
:1007D00014303A4601230021354818F0F3F820B1CF
:1007E0009DF81430482B00F07E83F7683B78012B8E
:1007F00002D194F8B83633742B4B95F89216A3F5C2
:10080000CE72012918BF134693F8D830062B00F09A
:10081000F785EAF7A0F900283FF47FAF042794F8A2
:10082000B536072B00F03082264A0121264D136889
:100830000846EF7543F00803136017F057FA336862
:10084000224898470021012017F050FA0121002288
:1008500094F8B43684F8BC1786F8CC200BB186F82F
:10086000CC301B491B481FF0D1FB01E5DFF840806D
:1008700005AFF3681B78012B00F0AA8400238DF8E4
:10088000143001233A460F21094818F09BF800283C
:1008900097D09DF814303D2B93D10F4A06270F4B6C
:1008A00048F80C2C7360BAE764040020FC24002094
:1008B000F42E0120E92E0408112E0408FD1C040862
:1008C000C17D0408BC77012018060120E82E012014
:1008D000B82F012074910120A12E0408912D040845
:1008E0002B681B78022B02D1A86817F081FDB37921
:1008F000142084F8303816F00FFF94F8300817F001
:1009000013F8074650B12722B84BB949C280C5F841
:100910009830E9F75BF9384617F0F8FA2B681B783E
:10092000022B00F081852B681B78012B00F06F846F
:1009300000260123AF4A0021AF4818F043F894F88D
:100940003138502B00F06C842B681B78022B02D1BD
:10095000A86817F04DFD0EB100232B71142016F07E
:10096000DBFEEAF789F82B681B78012B00F0468440
:1009700000260123A14AD0219F4818F023F894F8BB
:100980004938582B00F05081602B00F04D812B68C6
:100990001B78022B02D1A86817F02AFD0EB10023A4
:1009A0002B7100261420CDE90566CDE90766CDE957
:1009B00009668DF82C6016F0AFFEEAF75DF82B683B
:1009C0001B78012B00F0118401238D4AD1218A4824
:1009D00017F0F8FF94F864385C2B00F06E812B68F8
:1009E0001B78022B00F0C883002E3FF450AC00238C
:1009F0002B714CE405AF2B681B78022B00F056845A
:100A00002B6893F800B0BBF1010F00F04584002380
:100A100000934FF00508DFF8E091642016F07CFEAB
:100A200001233A460D21484617F0CCFF28B19DF826
:100A300014B0BBF1100F3FF485ACB8F10108ECD154
:100A40002B681B78022B00F03C85009B002B3FF4A9
:100A50004EAF00232B714AE70DF113070A2016F061
:100A60005BFEEAF709F82B681B78012B00F0D384B2
:100A70000023009339460122A020EAF745F8834677
:100A8000002800F066839DF81330FF2B00F061838F
:100A90002B6801221E2158481B78022B00F00B8581
:100AA00018F06EFA4FF42F60DFF878914FF0A0083D
:100AB00005AF16F025FE4FF00003404608F102088E
:100AC00002223946ADF814305FFA88F8EAF71CF8CC
:100AD0009DF814209DF81530B8F1B00F43EA0223B9
:100AE00029F8023BE7D1B4F80608002300F47F4C54
:100AF000194600F00F00A4F806C821F001022244B4
:100B0000B2F8F827002A18BF4FF0000B11F0010FC0
:100B100000F04083D2B25340082213F4004F18BFB4
:100B200083F4C053013A4FEA4303F6D1013110294F
:100B3000E3D14CEA000CA4F806C8BBF1000F40F06A
:100B40000983C3F30333984240F004832A48032700
:100B500017F072FE42F210732A492B4AA5F89E3014
:100B6000A5F8A030294B2A48C5F8A810C5F8AC2034
:100B70002849294AC5F8B030284BC5F8A400C5F863
:100B8000BC30C5E92D12AEE405AF2B681B78022BF3
:100B90007FF436AFA86817F001F8A86808B12123E0
:100BA000C380012116F066FF1D4817F087FDA8805D
:100BB00026E73A7D082A00F0D9820B2A00F0D68277
:100BC0003A7DA2F10C01012940F2CB813A7D0F2A36
:100BD00000F0B5813A7D102A00F08C81002B7FF463
:100BE0006EAD4FF0010AFFF730BB00BFF9300408CB
:100BF000B42E0120E19201201C2E0120F992012047
:100C0000149301206136040819340408633604087B
:100C10006936040821360408E5330408EF12040895
:100C200080969800A8920120D748012417F004FE6E
:100C30001823D64A8821D448042717F0C3FE31224E
:100C4000F421D14818F09CF90021D14B45F6D81277
:100C5000D048A5F89E10C5F8A430CF49CF4BC5F8B1
:100C6000AC00C5F8A810CE48CE49C5F8B030CE4B80
:100C700085F89C40A5F8A020C5F8BC30C5E92D102A
:100C800031E4072B7FF4F4AA05AF68E5012A40F0B0
:100C900084829A077FF513AA03F00302032A7FF4E4
:100CA00021AA94E44FF0010891E494F8AD36BF48CE
:100CB000FFF77CBAB44DFFF72BBBB34817F0BCFD70
:100CC0000522F121B04818F05BF9192305AAA021EB
:100CD000AD4817F077FEBDF822209DF8159052BA66
:100CE0009DF814304FEA0919BDF816C0ADF80A2076
:100CF0009DF82C2049EA0339BDF818709CFA9CFC39
:100D0000009219F4002F9DF826207FBABDF81A60D2
:100D10001FFA8CFC0392BFB2009A76BABDF81C4051
:100D200049EA1212BDF81E00BDF8201064BABDF8E1
:100D3000243040BA9DF827B049BABDF828805BBA84
:100D4000BDF82AE04FEA0B1B019298FA98F8BDF81B
:100D50000A209EFA9EFEB6B205EE902A039AA4B22D
:100D600080B289B29BB24BEA023B1FFA88F81FFAA5
:100D70008EFE40F002819DED016A009A05EE10CAD8
:100D800007EE108A1BF4002F02F00F02F8EEC54A9E
:100D9000F8EEC76A03EE104A42EA0B0207EE10EAC9
:100DA00005EE107ADFED823A18BFA2F580129FEDB2
:100DB000810AB8EEC32A04EE106A03EE100AB8EEF8
:100DC000C77AB8EEC55A07EE902AA6EEA30A9FEDA1
:100DD0007A8A06EE903ADFED790ADFED799AF8EE3D
:100DE000C32A9FED781AB8EEC44A9FED779AF8EEC1
:100DF000E77ADFED761A03EE101AE7EE080ADFED68
:100E0000748AA4EEA91A9FED737AE5EE091ADFED54
:100E1000724AB8EEE68A9FED715ADFED716AB8EE5C
:100E2000C33AE4EE074A9FED6F7AA2EE265ADFED51
:100E30006E6AF8EEE53ADFED6D5A27EEA84ADFED6F
:100E40006C7AE2EE875ADFED6B2AE3EE276A9FEDBC
:100E50006A7A9FED6A3AB8EEC66ADFED697AA3EE68
:100E6000A27A684C7B22E8EE037AF42126EE286A07
:100E7000454884ED004A4FF0010984ED010A4FF026
:100E8000000884ED036A0627C4ED020A84ED041A03
:100E9000C4ED051AC4ED064A84ED075AC4ED085A9C
:100EA000C4ED096A84ED0A7AC4ED0B7A18F068F88B
:100EB000554E45F6D812DFF89CE1DFF89CC1534C43
:100EC00053485449544B85F89C90A5F89E80A5F84A
:100ED000A020C5F8BC30C5E929ECC5E92B64C5E9FB
:100EE0002D01FFF700BB4D4A03274D4B48F80C2C52
:100EF000736094E44B4913224B4BC7E901134B49F0
:100F00004FF480704FF0010A0B68B88143F0020380
:100F100047480B6042757B6846489847BB89F7EEA7
:100F2000006AA7F8448007EE903AF8EEE77A86EE7A
:100F3000A77A87ED007AFFF705F8FFF786B93E49F3
:100F400012223E4BC7E90113D9E73D4908223D4B28
:100F5000C7E90113D3E73C4907223C4BC7E901131A
:100F6000CDE73B480C2A3949C7E9010100F0A782C7
:100F70000D2A7FF433AE1022C1E7019AA2F5801248
:100F800006EE102AF9E600BF1C2E0120FC9201207B
:100F9000F1110408FD1B0408E11204081D300408C7
:100FA000DD34040829350408351A04085E9101204F
:100FB000627361323B70CEBB07F283273220A7AD4C
:100FC000AA5F3A36CDCCCC3DF210212E8F284E327E
:100FD0000000803D1AA71B35022B073D5C7C613465
:100FE0001554962CA06B40286841A32A4F2C2DB095
:100FF00071EDD523EB2DD8202A521727CA2A361D8A
:101000003AE1152518930120E5120408712E040811
:10101000C1330408793304082D1204085D30040834
:10102000492F04080D1D04087D310408BC770120F8
:1010300018060120FC2400202D1D04081528040892
:10104000F51C0408797D0408051D0408C17D040809
:101050001D1D0408ED120408E91204087B7D03221B
:10106000002BC34B0CBF6F216E217B60C14B797786
:10107000BB6044E716F058FCC4F8C40708B150231D
:10108000C380012116F0F6FCD4F8C40716F086FDE3
:1010900094F8C10716F048FCC4F8C80708B1272324
:1010A000C380B54BB549C4F8CC37E8F78FFDD4F809
:1010B000C80716F02BFF142016F02EFB2B6893F8B0
:1010C0000090B9F1010F00F001824FF000090DF11D
:1010D00013070123D021AA483A4617F073FC48B100
:1010E0009DF813300322552B84F8E737A4F8F02736
:1010F00000F0F381D4F8C887B8F1000F0ED04FF09C
:10110000000B404688F806B016F0EEFE404616F09A
:10111000C5FE002802DB9B4B43F820B0D4F8C4077F
:1011200016F0EAFCB9F1000F3FF498AC00232B71E4
:1011300094E494F8B8260023DFF8888232748DF89E
:101140001430337C002B7FF48EAA1E233374FFF7F8
:101150008ABA05AF2B681B78022B00F0A881009B90
:10116000002B3FF448AC00232B7144E486490E2247
:10117000864BC7E90113C2E62021A86816F07AFC65
:10118000AB68002B3FF430AC4022DA80002E3FF4F5
:101190007EA82CE483EA1223BEE403F00302032AB0
:1011A0007FF4B0AAFFF713BA94F8B83603B90D2349
:1011B0003374FFF7B7BA94F8B836002233748DF859
:1011C0001420002B7FF405AB0C233374FFF701BB15
:1011D00094F8B836002233748DF81420002B7FF475
:1011E00050AB1E233374FFF74CBB2A79002A7FF4DF
:1011F000EBAB70221E462A71FFF7E6BB2A79002A64
:101200007FF4B6AB76221E462A71FFF7B2BB2A796D
:10121000002A7FF48DAB76221E462A71FFF789BB28
:10122000574817F009FB27B142221921544817F0FB
:10123000A7FE1523564A3121514817F0C3FB03225C
:101240001C214F4817F09CFE13221B214C4817F01D
:10125000E5FD00214F4B49F24B024F48A5F89E1087
:10126000C5F8A4304D494E4BC5F8AC00C5F8A810E0
:101270004C484D49C5F8B030414C4C4BA5F8A02026
:10128000C5F8BC30C5E92D102046E9F7DBFB002886
:10129000FAD10727FFF727B92B79002B7FF4B7ABDB
:1012A0007623CDF800B02B71FFF7B3BBA86808B167
:1012B0002123C380012116F0DDFBA86816F06EFC27
:1012C0003B4817F0FBF94FF0000C0123A8803A4689
:1012D000CF212B488DF814C017F050FA9DF8143028
:1012E000BD2B02D0B12B7FF450AC20210422244826
:1012F00017F078FA00212120E9F7F2FB00283FF4EB
:1013000044AC0F211020E9F7EBFB00283FF43DAC83
:1013100001212320E9F7E4FB00283FF436ACCE227C
:101320002021174817F05EFA01233A46E0211448BD
:1013300017F024FA01234AF2C2211E4A85F89C3094
:10134000A5F89E301C4BDFF88080A5F8A010C5F8EA
:10135000A8301A49C5F8B430DFF824B0D8F80090A6
:10136000C5F8A420C5E92B32154BC5E92E1330E092
:10137000351D0408797D0408E51C04087C920120D1
:101380001C2E012084260120251D0408C17D04088F
:10139000E492012015110408311A0408B914040854
:1013A0001530040871340408B9340408ED15040834
:1013B00080969800B1140408AD140408C1310408E3
:1013C00079140408F42E0120301D0120D4F80C38C3
:1013D00073B9584621F0F4FED8F80030A3EB0903A6
:1013E000B3F5FA7F3FF6D1ABB4F80838002BEDD057
:1013F00000230527A4F80838C4F80C38FFF773B8A1
:1014000003233B7094F8B8363374FEF7E3FB1030D7
:101410007860FFF7FEB92A79002A7FF429AB77229A
:1014200000932A71FFF726BBA86816F0B7FBA868DF
:1014300008B12123C380012116F01CFB7B4817F063
:101440003DF9A880FFF76FBA404617F0F5F97069CB
:1014500016F0A4FB706908B13423C380012116F093
:1014600009FB724817F02AF9F36830821B78012BC8
:101470007FF4F9A865E6682380226B216C483374F9
:1014800017F07EFDFEF7F4BE01233A4609216848B5
:1014900017F098FA20B19DF81430002B7FF45AA968
:1014A000644A0527644BC6E90023FFF7B8B9A8686A
:1014B00016F09EFF53E617F095F9FFF7F3BA0F22E7
:1014C0001DE5A86816F094FFFFF7BFBA2B79002B33
:1014D0007FF4FBAD77232B71F9E5584817F0ACF991
:1014E0003A460123D121554817F06CFA9DF81310A4
:1014F000162305AA01F00F070E095048AA2184F807
:10150000E87784F8E96717F05DFA9DF8143041F246
:1015100070769DF8152046F678109DF8161042EA70
:1015200003229DF817309DF8187043EA01239DF8B7
:101530001910A4F8D02741EA07219DF81B209DF837
:101540001A70A4F8D23742EA07229DF81D309DF8A0
:101550001C70A4F8D41743EA07239DF81F109DF8C8
:101560001E70A4F8D62741EA07219DF821209DF896
:101570002070A4F8D83742EA07229DF823309DF85E
:101580002270A4F8DA1743EA07239DF825109DF886
:101590002470A4F8DC2741EA07219DF827209DF854
:1015A0002670A4F8DE3742EA07229DF829309DF81C
:1015B0002870A4F8E01743EA07232149A4F8E2279A
:1015C000A4F8E4371F4A204BA5F89E60A5F8A000B8
:1015D0001E4E1F48C5F8A410C5F8A8201D491E4A74
:1015E000C5F8AC3094F8C237C5E92C60C5E92E12B5
:1015F0008BB9D4F8C80770B116F046FC58B90F483B
:1016000021F022FD42F6E06016F07AF8D4F8C8071F
:1016100016F03AFC80460123022784F8F48784F808
:10162000C237FEF760BF0332D2B268E480969800FA
:10163000F42E0120792E04080F2D04081C2E012001
:1016400049300408E9350408C13504082530040888
:10165000893504084D350408011C040870B503469B
:101660000C4682B00020A21E194601931EF08AFF8C
:101670000199502C03460A4D01EB0406A8BF5024E3
:1016800005F5C76006F8013CC3F30723224606F8B8
:10169000023C29F075FDC5F8344602B070BD00BFAC
:1016A000B08A01200D4A0023152130B587B010788B
:1016B0000B4D0322B2248DF814300095CDE901338F
:1016C0008DF8040068468DF805408DF80620CDE9B8
:1016D0000333FFF7C3FF07B030BD00BF140601207E
:1016E000A64115EB10B5064C227802B910BD054B8A
:1016F0000549186816F05EF80023237010BD00BF7E
:10170000588001207480012018800120184A194B4C
:10171000517CB3F8D63319B140F2FF31C91A8BB2FC
:10172000117C07EE903A92F91F306422F8EEE76AD6
:1017300007EE101A07EE903ADFED0F5AB8EEC77AAF
:101740009FED0E6AF8EEE77A0D4B27EE257A67EEED
:10175000867AE6EE877AFCEEE77A17EE901A88B280
:1017600002FB00F283FB02301044C0F347207047B5
:10177000C8360120B08A01200AD7233C0AD723416A
:1017800003082080144A154B517CB3F8D63319B1A5
:1017900040F2FF31C91A8BB207EE903A117C92F9F0
:1017A0001F30F8EEE76A07EE101A07EE903ADFED09
:1017B0000C5AB8EEC77A9FED0B6AF8EEE77A27EE7F
:1017C000257A67EE867AE6EE877AFCEEE77A17EE00
:1017D000903A98B2704700BFC8360120B08A012005
:1017E0000AD7233C0AD7234138B5164C94F8D43392
:1017F0008B4217D1052B16D094F8A038D4F8C41812
:1018000004EB43020133B2F8A45803F00F03A2F82B
:10181000A408401B84F8A03808440309C4F8C4088D
:10182000A4F8D63338BD07EE900A04F69800B8EE57
:10183000670A2AF0F9FDBCEEC00A10EE103AA4F8CF
:10184000D63338BDB08A01202DE9F0419E4C94F882
:101850004F2494F84E349A4259D094F84F3494F867
:101860004F2404EB431304EB421293F86B1492F8E9
:1018700050748A1E974255D0B4F84C34934A0133C1
:1018800012789BB21A2AA4F84C3442D0002594F85E
:101890004F348F4A0133A2FB031202F4FF7101EBB4
:1018A00052029B1ADBB284F84F34D4F840349BB117
:1018B00014F04EF9D4F83834C01AB0F5FA7F05DBCD
:1018C00045F004050023EDB284F8CE38D4F8C838CA
:1018D00053B92846BDE8F08194F8CE38002BE7D103
:1018E000D4F8C838002BF4D07A4A1268D31AB3F56A
:1018F000FA7FEED994F8D433032B02D10023A4F855
:10190000D63300232846C4F8C838BDE8F081002546
:10191000CBE7B4F84C3403216F4A9BB20025C2E9EF
:101920000131B4E794F84F2404F58A6C0CEB4212B1
:1019300061B306461144002312F8010B03448A42A6
:101940009BB2F9D1FF2B04D9DAB202EB1323FF2BA0
:10195000FAD8FF2B1AD194F84F84012303EB4818CF
:101960001CF80850E0447DB39D421ED1082F40D0A2
:10197000B4F84C34554A013312789BB21A2AA4F8B1
:101980004C3483D1B4F84C340621C5E7B4F84C3458
:101990004E4A013312789BB21A2AA4F84C347FF4D1
:1019A00075AFB4F84C340421B6E7B4F84C34474A68
:1019B000013312789BB21A2AA4F84C347FF466AF34
:1019C000B4F84C340521A7E7192F33D0B4F84C34C0
:1019D0003E4A013312789BB21A2AA4F84C347FF4A1
:1019E00055AFB4F84C3406213B4A9BB2C2E90131F1
:1019F0004DE794F8CC28002A3FF448AF98F80150FE
:101A0000102D4FD038D8002D7FF440AF94F8CD384A
:101A1000002B7FF43BAF94F8CF38012B4CD9D4F88E
:101A200040241AB11278303A012A45D9002384F8AB
:101A3000CF382CE708F101013046FBF765F898F83C
:101A40001830264A0546C3EB83230321A2FB03304B
:101A5000C0F34F10FFF7C8FE1E4B15F00A0F1B68AE
:101A6000C4F8C8387FF413AF94F84F3404EB431331
:101A7000D3F86C3433620AE7A5F13003DBB2012BF3
:101A80003FF604AFC446164B00255CF8010FC4F8BE
:101A90004034BCF804109CF80620C4F8D0089980A3
:101AA0009A71F4E694F8CD280AB984F8CD38012368
:101AB000002584F8CE38EAE60133012284F8CF38D5
:101AC00084F8CE28E3E600BFB08A01209C200020E5
:101AD000ABAAAAAA301D0120A02000201F85EB512F
:101AE000809301202DE9F041A84C0023A84D84B03B
:101AF000E668074685F87C35002E3CD0326862B92E
:101B0000144614F025F895F8DC380646013B032B03
:101B100022D8DFE803F076684F323279A62A78D0EF
:101B2000082485F87C4500233360EAE7D5F8E038DF
:101B3000C31A002B10DB95F8DD38002B40F0B8807D
:101B40004CF25032934B02210244034485F8DC18D6
:101B5000C5F8E028C5F8E438D5F834360BB144F0C0
:101B6000040414F00A0F02D1D5F874353B62204604
:101B700004B0BDE8F0813446C3E7D5F8D8384CF25C
:101B80004F32C31A9342E7DD834B4FF4E13144F007
:101B90000204186812F02EFA4CF250330022012190
:101BA000334485F8DC18C5F8E038C5F87825C5F861
:101BB000D828D1E7D5F8E038C31A002BCCDB764B18
:101BC0004FF4E13144F00204186812F013FA4CF2B9
:101BD000503301210022334485F8DC18C5F8E03881
:101BE000C5F87825B8E7D5F8E038C31A002BD5F842
:101BF000E438A0EB0303A8BF44F00404002BABDBE4
:101C0000DDE7D5F8D838002B39D0042385F8DC3847
:101C1000A2E73268B1798A4282D11846311D1EF09E
:101C2000B1FC804600287FF47BAF13F091FFE6689B
:101C3000C5F8D8087379212B42D0CD2B7FF470AF33
:101C400095F8DD38327A43F030039A4202D1534B93
:101C500001221A70F379002B3ED0012B95F87C45B8
:101C60007FF461AF95F8D43344F00204032B85F878
:101C70007C457FF458AF0023A5F8D63353E7D5F859
:101C80007435D5F878259B1A002B7FF74FAF95F860
:101C9000DE38002B3FF460AF3F4B18688368B3F524
:101CA000E13F0CBF3E494FF4E13112F0A3F953E795
:101CB000384B0322034485F8DC28C5F8E0384BE7AD
:101CC000337AFF2B4DD095F8DD2842F03002934255
:101CD00029D095F87C4526E796F909300122002B9A
:101CE00085F87C2508DBC3EB832364200321B3FB49
:101CF000F0F080B2FFF778FDF368002B3BD006F1DF
:101D00001000D7F818E04FF0010C93FAA3F130F867
:101D1000024BB1FA81F10CFA01F22EF81140934313
:101D2000F3D10124FFE63246ADF80C808DF8033084
:101D300095F8DE38CDE9018832F8040FF17996780C
:101D40000A22ADF8000068468DF804100E218DF8C7
:101D500002608DF805208DF80630FFF77FFCE668FD
:101D6000B7E7B37A0F4AF179012B117007D004233A
:101D700085F8DC38ADE7092485F87C45D3E6064BC9
:101D80000749186812F036F9E668F0E718060120EE
:101D9000B08A0120400D030088810120897F012045
:101DA000801A060014060120F8B5FCF713FC002881
:101DB00051D1524C94F88836002B4AD094F8A6356D
:101DC000103BDAB20F2A44D894F8A81594F8AC2541
:101DD00001F00F0094F8AB6594F8A7151201B4F860
:101DE000A85541EA0021B4F8AA0542EA1612C5F343
:101DF0004A154910C0F34A005210C4F80411C4F83F
:101E00001021C4E94250032B6BD8DFE803F0345CA7
:101E100002390F230E220D210C2094F8AD7504EB2E
:101E2000800094F8AE6504EB810194F8AF5504EBA3
:101E3000820204EB830394F8B045FF00F600ED0046
:101E4000C0F80471E400C1F80461C2F80451C3F899
:101E500004410120F8BD2A4D0123284C2A7884F83A
:101E60000031002AA6D0274B2749186815F0A2FC9C
:101E700000232B709EE70723062205210420CCE7D0
:101E8000224B1B78412B23D094F8D4130329E0D1A3
:101E900094F8AE3540F2FF301D4DC3F17503C3EB2E
:101EA000832385FB0325DA172B44C2EB63139BB214
:101EB0009842A8BF1846FFF797FC94F8AE05404239
:101EC000FAF748FFC5E70B230A2209210820A4E7F7
:101ED00094F8AE350F4A5B4294F8AD15C2E9023171
:101EE000D2E70A4B1B78412BB3D1B4F8E838094A42
:101EF00001331BB2A4F8E8385360AAE7B08A012086
:101F0000D47F01200C810120BC7F01209C20002077
:101F1000EF23B88FA02000202DE9F04FB34C85B0FF
:101F20000546884613F0E6FDD4F8EC3840F2D66258
:101F30000746C31A934294F8F03811DD03BB01231E
:101F4000C4F8EC7884F8F45884F8F038A84B1A7880
:101F500092071BD0002384F8F13805B0BDE8F08F5C
:101F6000002BECD0022B40F2D98194F8F5680236B0
:101F7000402EA8BF4026B34223DB05B0BDE8F08F5A
:101F800094F8F138013384F8F138D8E794F83459EB
:101F9000002DDFD194F8F128022AEED91A8895484D
:101FA00002F0FC029449006842F480525D601A809D
:101FB00012F020F89049062025F014FB84F8F1581F
:101FC000DBE75A1C2344D2B283F8F458B24284F8B7
:101FD000F028BBDB94F8F6580020D522294684F877
:101FE000F0081EF0C1FA94F8F5A8BAF1020F0BDD63
:101FF000824B03F1020B0AEB03091BF8011FD522E8
:102000001EF0B2FACB45F8D1A31993F8F338834206
:1020100007D094F8F138022B98D8013384F8F138BE
:1020200094E70023322D84F8F13845D8132D8DD94B
:10203000143D1E2D8AD801A353F825F02122020851
:102040004D1F0208BD220208BD2202084D1F0208D2
:102050004D1F02084D1F02084D1F02084D1F0208A8
:10206000832102084D1F02084D1F02084D1F020860
:102070004D1F02084D1F02084D1F02084D1F020888
:102080004D1F02084D1F02084D1F02084D1F020878
:102090004D1F02084D1F02084D1F02084D1F020868
:1020A0004D1F02084D1F02084D1F02084D1F020858
:1020B0004D1F0208FB2002087A2D02D07C2D7FF4F0
:1020C00045AF4F4DAAF10402296E4B1C1344602BFF
:1020D0003FF73CAF48194A554A49AAF1030A013073
:1020E00029F04EF82B6E012194F8F86853444648C5
:1020F000464A2B660670117028E7BA22322100206A
:1021000026441EF031FABAF1030F96F8F26809DDA1
:102110003A4DAA44033515F8011BBA221EF024FAE1
:102120005545F8D186427FF411AF94F8F738C82BA3
:102130007FF40CAF94F8F9380A2B7FF407AF94F8CA
:10214000FA38702B7FF402AFD4F8FC280023304912
:1021500012BA51F8045BD8B20133954202D0102B69
:10216000F7D1184694F8FB38214A9B00117803F008
:102170001C03507021F01F0143F001030B43137047
:10218000E4E694F8D41306297FF4E0AE94F8F4382A
:10219000C82B7FF4DBAEBAF1080F7FF4D7AE94F80A
:1021A000F8586423C4F8D073C5EB852094F8F77809
:1021B00094F8F98894F9FA68B0FBF3F080B2FFF76D
:1021C00013FB144B93F82430002B40F08F8078429F
:1021D00000B2FAF7BFFD104B1B78342B7FF4B6AE7C
:1021E0000E4BC3E90076C3E90285AFE6B08A012051
:1021F0006C80012074800120A0680600A493012057
:102200001C810120A9930120698001201B810120EC
:10221000E4C90408C83601209C200020A02000202A
:1022200094F8D433062B7FF491AE94F8F438C82B8D
:102230007FF48CAEBAF10C0F7FF488AE94F8FD38C1
:1022400094F8FB68009394F8FE38C4F8D0730193B7
:1022500094F8FF3894F8F788029394F9003994F8C9
:10226000F87894F8F9B894F9FA5894F8FCA803931C
:10227000002E4ED07B420FFA83F92F4A92F8242089
:10228000002A4DD005F10A03142006210FFA85F922
:1022900000FB03F080F30A0080B2FFF7A5FA48467E
:1022A000FAF758FD254B1B78342B2CD0352B1FD13A
:1022B000234B009AC3E900659A6047E694F8F43826
:1022C000C82B7FF443AE1F4D0123C8F8207005F5DD
:1022D000A36684F8D8330FCE0FC50FCE0FC50FCE2F
:1022E0000FC596E80F0085E80F002FE630B270E7C3
:1022F000362B7FF42BAE124B019A1A60029A5A6069
:10230000039A9A6022E60E4BC3E90087C3E902BA3A
:102310001CE6C8F100030FFA83F9AEE705262AE6AA
:1023200009F1820282200621C2EB822292FBF0F0A8
:1023300080B2FFF759FAB2E7C83601209C2000208E
:10234000A02000208C8E0120F0B4DFF834C00027DC
:102350000139C64301F8017F03785BB117F80C40DF
:10236000421C02E012F8013B23B19C4206EB02053D
:10237000F8D10D700137082FECD1F0BC704700BFC9
:10238000BC1B0508164B03EB400393F8382910B526
:102390000446CAB1022A08D193F8390900EB80003B
:1023A00000EB800000F2EE2010BD072005F0B0FE2B
:1023B00088B10C4800EB8404D4ED007AFCEEE77A97
:1023C00017EE903A98B210BD032806D90428ECD134
:1023D000054B188B10BD0548ECE7034B588A10BD20
:1023E000B08A01200C940120C8360120DC7D012038
:1023F00008B50B4B1B78013B012B07D9094A01217A
:10240000094B126883F82510DA6008BD13F0A0FBB1
:10241000064B0222C3F8A40983F8A829EEE700BFFF
:10242000A4360120301D0120307E0120B08A012019
:1024300008B50B4B1B78013B012B05D9094AD36822
:1024400003F2DC53D36008BD13F082FB064B074A4E
:102450000221034482F8A819C2F8A439EEE700BFAC
:10246000A4360120307E012060E31600B08A0120EE
:102470002DE9F04FDFF8588385B0BC4DD8F8003017
:102480009C0440F1C7804FF0010A85F800A0B84EC7
:102490004FF0000CB74F4CF2503E738A4FF0120BC6
:1024A000B54807F6A81207EE103A87F8A9C9C5F88B
:1024B00020C000F14801DFF81CC3F8EE477A347AF7
:1024C000DFF81493AD4BC5F810C0A5F804E08646BC
:1024D000DFF808C36C7085F802B0C5E90239DCF892
:1024E0000030EEEC017A714503F5967342F8043F33
:1024F000F5D1338B07EE903AA14BF8EE677A03F1F2
:102500007801C0ED047A02E00633994221D01A78AE
:10251000002AF9D193F9022012F17D0FF4DB93F92F
:1025200003C0BCF17D0FEFDC9445EDDD002A43DDF7
:1025300002EB820202F2D75292B207EE902A5A7848
:102540000633F8EE677A00EB82029942C2ED057A13
:10255000DDD1BAF1030F38D04AD80AF1FF33DBB22C
:10256000012B0AD844F62063BAF1020FAB8040F089
:10257000AF800C22834BAA70AB60D8F800301B04EC
:1025800041D5012387F8D43396F82030F2EE040ABF
:102590007D4800EE103AB8EEC00A80EE800A1DF0C9
:1025A00079FF727FA978531D8B42A8BF0B4687F82D
:1025B000203B05B0BDE8F08F0CEB8C0C0CF2E15C1D
:1025C0001FFA8CF207EE902AB9E70E2C7CD8DFE8D0
:1025D00014F0280028002C0399020303AA01AA0181
:1025E000C902EE01210228007B0007014F018C0087
:1025F000BAF1040FC1D144F62061644A644BA9804A
:10260000C5E90223B9E7F37B002BBDD0022387F88D
:10261000D433B9E7D80760D54FF0020A85F800A097
:1026200035E74020C7F8C0530EF0A8FA044600284A
:102630004AD095F801A00023514687F89E33F5F75C
:10264000AFFEBAF1010F024600F00B84BAF10A0F97
:1026500000F0FC83BAF1000F00F022844D494E4B8C
:10266000A960EB604D494E4BC5E9043194F9040073
:10267000002A40F08D8397F89E33002B00F02384CE
:10268000747A03224FF4E1334021003C18BF012447
:1026900044F00804CDE900320294424A334B0EF074
:1026A000CAFA414A1060F37BAA78013BDBB29A4236
:1026B00087F8B13302D8002387F8B133003818BF48
:1026C000012000287FF459AF2C4BC5E9023954E7AB
:1026D0000822364BAA70AB604FE7190740F1F6822B
:1026E0004FF0030A85F800A0D1E617EE103A0A2051
:1026F0002F4900221B01B3FBF0F3A3F5B0630132B5
:1027000041F8043B102AFAD141F294132949AA70E6
:102710004020AB80284B214AEB60284BA960C5E9DB
:1027200004320EF02BFA0028CED0727A0023032454
:1027300090F904009A42224A4FF04001019414BFDC
:102740004FF0190C4FF0180C0092CDF808C01D4A3C
:102750000EF071FA1C491D4A97F8D43308604263A1
:10276000002B7FF40AAF87F8D44306E7A436012094
:10277000C8360120B08A0120DC7D0120B5CD0108DA
:10278000A494012085CE010848930120C1CD010801
:10279000D9CD01089DCA010831E3010889CD01089E
:1027A00099F30108C1EE0108808101209DCE010846
:1027B000B48B0120D1CC0108C5F30108A91D020882
:1027C000A068060085EF01080C810120BDCC01083E
:1027D0004C3901202DCE010831CE0108301D0120D9
:1027E000AC4BAB61E8F71CFF42F6F822AA4B122172
:1027F0004020AA80EB60A94AA94BA970C5E904232F
:102800000EF0BCF900283FF45FAFB47A032390F9CF
:1028100004004FF4E131002C01934FF00003727A71
:1028200018BF0824009108BF1C4640219A4218BFD7
:1028300044F001049B4A02940EF0FDF9C7F83404F9
:1028400068B1994C2378002B00F0A683002397F8F9
:10285000D42387F8CC3812B9032387F8D433D7F8B8
:102860003434181E18BF012000287FF486AE2BE7F1
:102870008E4A00234FF40040013322F8020B202B34
:10288000FAD142F6F822AB7096F822304020AA80A6
:1028900087F8DE38864A874B96F82140AA60EB60BD
:1028A0007F4A854BA96187F8DD48C5E904320EF0FF
:1028B00065F900283FF408AF727A4FF4E13303243E
:1028C000DFF83CA2002A90F904007C4A4FF0400156
:1028D0000CBF4FF0080C4FF0090CCDE90034CDF8D7
:1028E00008C000230EF0A7F9CAF8000000283FF442
:1028F000EBAE734A0123426387F8DC3813F028F902
:102900004CF2503397F8D4230344C7F8E0380AB99F
:1029100087F8D443DAF80000003818BF01200028F7
:102920007FF42BAED0E6062C4FF00C0200F0F981BC
:1029300000231B2005214FF4E134AA7087F82B26D1
:102940003B7687F8313687F8303687F8040687F803
:10295000321642F6F8215B4A5B4B4020A980C5E95C
:1029600002230EF00BF9824600283FF4ADAE6978E1
:10297000F5F716FD03469AF90400002B00F0CA8211
:10298000727AB37A003A18BF0122D1B2002B00F05C
:10299000FA8242F00802032100230094029201917E
:1029A00040214A4A0EF047F9494B186086E6494BE8
:1029B000102241F27C514FF0000AAB604020464BA0
:1029C000AA702822EB60364BA98087F8FCA587F80F
:1029D000FD256B610EF0D2F800283FF475AE727AD7
:1029E000032190F90400534652453C4A01914FF0AF
:1029F000400118BF09240092394A02940EF01BF9D5
:102A0000C7F8F80AB0EB0A0018BF012000287FF4CD
:102A1000B4AD59E617EE103A0A20324900221B01E4
:102A2000B3FBF0F3A3F5B063013241F8043B102A85
:102A3000FAD12D4B41F60B21AA7040202B4AAB60F6
:102A4000174BA980EA606B610EF098F88246002867
:102A50003FF43AAE96F82C30002B40F0B581244A72
:102A6000737A03249AF904004021003B18BF012324
:102A7000CDE9002402931F4A1F4B0EF0DCF81F4AD9
:102A800097F8D4331060002B7FF418AE062387F834
:102A9000D43313E6AC9501204918020849EB01082C
:102AA00089CD0108C9EB0108878001201C95012010
:102AB00065CA0108E51A020849F3010879EE010820
:102AC00015EE0108C9C80108EDC801083DF201086A
:102AD0008080012005CE0108B5CE010848E801003C
:102AE000D1F00108F48B0120FDCC010809E60108B2
:102AF000A0680600191F0208A43601207480012076
:102B00008881012042F6F823B849B94A4020AB80B9
:102B1000B84BC5E902126B610EF030F8044600288C
:102B20003FF4D2AD6978F5F73BFC034694F9040015
:102B3000002B00F00681727AB37A003A18BF0122A6
:102B4000D4B2002B00F0FA8142F0080203214FF4C6
:102B5000E1340023029201914021A74A00940EF033
:102B60006AF821E744F62063A449A54A0024AB8013
:102B70004020A04B87F8C0456B61C5E902120DF0FB
:102B8000FDFF824600283FF49FAD4FF48052402164
:102B90000DF0E0FF034687F8BD459AF90400002BCD
:102BA00000F0A58096F809C003224FF4E1334021DC
:102BB000BCF1000C18BF4FF0010C4CF0080CCDE933
:102BC0000032CDF808C023468E4A0EF034F88E4A03
:102BD0008E4B10601C7071E5082342F6F8218C4A78
:102BE0004020AB708B4BA980C5E902230DF0C6FFD6
:102BF000044600283FF468AD6978F5F7D1FB034639
:102C000094F90400002B00F0B380727A03214FF492
:102C1000E133003A18BF0122CDE9003102920023CE
:102C200040217D4A0EF007F8BEE67C4B03F12404F8
:102C3000C5E90634E8F7F4FC96F8231041F2707009
:102C400042F6F82300297649764A4FF0120C14BF59
:102C500003460A4674494020AB80664BC7F8F42A05
:102C600085F802C0E9606B610DF088FF834600289B
:102C70003FF42AAD6978F5F793FB727A2346041E78
:102C8000B17A08BF4FF0010A002AD7F8F42A0CBF26
:102C90004FF0070C4FF0060C00299BF9040000923E
:102CA00014BF08210021614A4CEA010CCDF804A0B0
:102CB0004021CDF808C00DF0BEFFB37F13B105234E
:102CC00087F8D433002C3FF4F9AC6DE65A0405D5EF
:102CD0004FF0040A85F800A0FFF7D9BB13F000738A
:102CE0001BD04FF0050A85F800A0FFF7D0BB727A21
:102CF000B47A003A18BF012251B2002C00F02981A9
:102D000041F008024FF4E13401210094CDE90112B1
:102D100040213C4A0DF08FFFD0E49A462B70FFF71C
:102D2000B6BB0023212187F83246AA70404C87F8B1
:102D30002B263B7687F8313687F8303687F804162D
:102D400007E6727AB17A003A18BF01225FFA82FC74
:102D5000002900F0D18042F0080201214FF4E13453
:102D6000CDE9011200944021234A0DF064FFA5E44F
:102D7000727A01214FF4E134003A019100944FF04E
:102D8000400118BF01220292234A0DF054FF95E43E
:102D9000727A97F89E13003A18BF012253B20029A5
:102DA00074D1B17A002971D103214FF4E133CDE917
:102DB0000112402100931F4B1F4A0DF03CFF1F4A98
:102DC0001F4B106018606EE4062024F057FC1D496C
:102DD000024600231C4851F8044B0133A24202D1A1
:102DE00084423FF63DAE102BF5D138E695C9010877
:102DF000ADC9010889CD010855ED0108F1CD0108E3
:102E000065F4010805F00108C8780120A0780120C8
:102E100001C9010825C90108EDE201085C950120FE
:102E2000A0860100400D030071CC01081DEF0108D0
:102E300090D00300A4360120C1EE0108808101205A
:102E400080800120E4C904089F680600D8F800309B
:102E500083F48063C3F38023034383F0010387F883
:102E60009E33032107234FF0010C4FF4006087F8D5
:102E7000BE130C2187F8C43342F6F82387F8CCC080
:102E8000C7F8B403A970AB80FFF7E8BB43F00803B1
:102E900003244FF4E13240210293CDE900248AE774
:102EA000022103234FF4806087F8CCA087F8BE137B
:102EB000072187F8C43345F2F053C7F8B403A9706B
:102EC000AB80FFF7CBBB737AB17A003B18BF01230D
:102ED0005AB2002969D042F0080301244FF4E132CC
:102EE0004021029301940092334B344A0DF0A3FE2B
:102EF000334A1060FFF7D7BB01244FF4E1320B4691
:102F0000CDF808C04021CDE900242E4A0DF093FEF3
:102F1000FFF7D4BB727AB17A003A18BF01225FFA88
:102F200082FC21B342F0080201210094CDE9011294
:102F30004021254A0DF07FFEFFF7C0BB03214FF46F
:102F4000E132CDE90114009240211E4A0DF073FEDA
:102F50002AE54FF0010C4FF4E131029223461B4A5F
:102F6000CDE9001C40210DF066FEFFF7A7BB012252
:102F70000B46CDF808C0402101920094124A0DF092
:102F80005AFEFFF79BBB032202914021CDE900428C
:102F90000D4A0DF050FE07E50D4B0E4A1A60F2F790
:102FA000EBFE02220123227051E401214FF4E132B1
:102FB000CDE90113402196E7A4360120C1EE0108B6
:102FC0008081012055ED01083DF2010805F001085E
:102FD000C077012005EB0108C9B1013930B40546BD
:102FE000441E002055FA81F514F8011F020A4840DA
:102FF000A54280EA0010C0B24FEAC00342EA0022B4
:1030000083EA101080EA0200EED130BC7047084617
:103010007047334BDFED336A1968DFED337A334A9B
:1030200001F1220030B591F82B3001F12A0507EEAD
:10303000103A2F4BB8EEC77A03F14004E7EE667AF8
:10304000F7EE006A86EEA77AD2ED006A1A4683EDA3
:10305000147AB2EE047A30F8023B07EE903AA842B6
:10306000F8EEE77A67EE877A67EEA67AE4EC017A03
:10307000F1D1DFED206A00231F4CB0EE666A1F48D5
:1030800014F8015B013307EE105A042BB8EEC77A2F
:10309000C7EE267A67EEA77AE0EC017AF0D191F8D4
:1030A0002A301BB1FA2BA8BFFA2300E0012307EE58
:1030B000903AB8EEE77AC6EE077AFCEEE77A17EEBA
:1030C000903A9BB2B3F5FA7FA2F82C31A8BF4FF427
:1030D000FA73052BB8BF0523A2F82E3130BD00BF0F
:1030E00068250020C1BA873BF304B53F842800203F
:1030F0004021002000007A44D69501209421002030
:10310000F7B5154C0025154EFFF783FF04F16C074A
:10311000B4F82E3178193035002200EE103AD6ED91
:10312000010A0521B8EE400A1DF046F8C02DEFD186
:10313000D6ED010AB3EE040ACDED010A1DF084F9C3
:10314000DDED010A84ED190AB6EE000A1DF07CF9E6
:1031500084ED1A0A03B0F0BD40210020842800202D
:10316000484BB0F85C209FED487A1A8090F85F20B9
:1031700090F8601007EE902A90F85E209FED436A69
:10318000F8EEE77AC7EE876A07EE902AB0F8742067
:10319000F8EEE77AC3ED066AC7EE876A07EE902A73
:1031A0003B4AF8EE677AB2EE047AC3ED107AC3EDCB
:1031B000076AD2ED006AB0F8762007EE902AB0F8E0
:1031C0007220F8EEE77A67EEA67A67EE877A07EE66
:1031D000102A6422B8EE477A11FB02F1C3ED117A8E
:1031E000996090F8611083ED127A11FB02F1D960B9
:1031F00090F8621011FB02F1196190F8631011FB55
:1032000002F25A61B0F8642007EE102AB0F8662086
:10321000B8EE477A83ED087A07EE102AB0F86820F6
:10322000B8EE477A83ED097A07EE102AB0F86A20E3
:10323000B8EE477A83ED0A7A07EE102AB0F86C20D0
:10324000B8EEC77AC7EE067A07EE102AB0F86E20FD
:10325000B8EE477A83ED0C7AC3ED0B7A07EE902A2D
:10326000F8EEE77A67EEA67AC3ED0D7AB0F8702033
:1032700007EE902AF8EEE77AF1EE677AC3ED0E7A60
:10328000704700BFD420002000007A430000C842ED
:1032900084280020194B1A7802B970479A7832B105
:1032A000052A0BD003EB800090ED130A704703EB67
:1032B000800282ED130A82ED170A7047104A03EB71
:1032C00080005968F7EE007A12685B69521AD0EDF7
:1032D000135A013307EE102AF8EEC76A07EE103AC8
:1032E000B8EEC77A86EE876A77EEC67A67EEA57A79
:1032F000E0EE067AB0EE670A704700BFD4200020E7
:10330000301D012038B5844B1B7813F0010331D0F8
:10331000824CA378052B2CD8DFE803F04303506DD3
:103320009932FCF725FC7E4B1B8898065DD57D4ABB
:1033300060681368A1681B1A8B421ADD7A4B9FEDF7
:103340007B7AD3ED087AF0EEE76AF4EEC76AF1EE25
:1033500010FA40F3C08063782BB1F5EE407AF1EEBD
:1033600010FA00F1D38011680322A36A6160A27091
:10337000E36338BD6B49694A09689370516038BD91
:10338000674B1B8813F0200340F082806549656815
:103390000A686069521B8242EBDD0A68A3706260B2
:1033A00038BD5F4B1B889D06E3D55E4B01221B6831
:1033B000A2706360BDE83840FCF7DABB0020F9F783
:1033C00043FE94ED080AFCF7BBFBF9F78BFE564B66
:1033D0009FED577AD3ED087AF4EEC77AF1EE10FA42
:1033E00067DD4F4B1B88990658D44E4B05221B684E
:1033F000A270636038BDE9F74DFC23784A4A012B7F
:1034000092ED084A52D0022B7BD09FED4A0A24EE5F
:10341000047A14EE103A002BF0EEC77AB8BFF1EE42
:10342000677A67EE807AC4ED167AF9F75BFE3C4B5B
:103430001B889A06D9D53B4A60681368E1681B1A55
:103440008B4296DD126804236260A37038BDE9F7F1
:1034500021FC2378344A012B92ED084A40D0022BFC
:103460004AD09FED340A24EE047A14EE103A002B71
:10347000F0EEC77AB8BFF1EE677A67EE807AC4EDF6
:10348000167AF9F72FFE264B1B889B06ADD538BD63
:10349000244B01221B68A270636038BD214A0321BE
:1034A000A36A1268A1706260E36338BD94ED090AF3
:1034B000ADE71C4A6068136821691B1A8B427FF7CD
:1034C00058AFF0EEE77A9FED197AF4EEC77AF1EE95
:1034D00010FA3FF748AF126805236260A37038BD49
:1034E000154BB6EE007AD4ED0A7AD3ED076AE6EE14
:1034F000877AB0EE670AB6E794ED0B0AF9F746FD56
:10350000B1E794ED0B0AF9F741FD80E71268022359
:103510006260A37038BD00BF88780120D4200020ED
:103520008A780120301D0120088501202DB25D3FE1
:103530003333733F00000000402100206E4991F8B2
:10354000EC380128CCBF002303F0010303B9704716
:10355000F0B56A4C01EB000C694A83B004EB4004FF
:103560009FED687A32F91020B4F90C509CF9FC48B0
:10357000521B07EE902AF8EEE77A67EE877AF5EEAF
:10358000C07AF1EE10FAB5EEC00ACCBF01264FF0BA
:10359000FF36F1EE10FACCBF01224FF0FF32944219
:1035A00018BF002C14BF0125002531D101F6EC070E
:1035B000B0EEE77AD7ED026AB4EEE67AF1EE10FAF1
:1035C00007DDB24208BF002C0CBF0125002500F02A
:1035D0008C805CB307EE106AB0EE670A97ED015A73
:1035E000B8EEC77ADFED485A9FED486A97EE260A93
:1035F0009FED477A20EE050A80FE650A80FE060AE6
:10360000002D68D1434B1B7898423ED003B0F0BDEB
:10361000002501F6EC07B0EEE77A8CF8FC58D7ED00
:10362000026AF4EEC76AF1EE10FA5CD43A4BDFEDB1
:103630003B5A03EB800393ED0C7AB0EEC76AB4EE0D
:10364000E56AF1EE10FA4BDCDFED355A26EE256A1D
:10365000D7ED035A27EE257AF0EE675AE6EE075AC1
:10366000F5EEC05AB0EEE56AB0EE657AF1EE10FA0A
:10367000B4EE666ACCBF01234FF0FF33F1EE10FACF
:1036800001DD9A421AD00024BAE7264B1B78262B7C
:10369000BCD1F2EE046A244BBDEEC06A5C6067EEFA
:1036A000A67A27EE267A83ED026AFDEEE77ABDEE72
:1036B000C77AC3ED007A83ED037AA7E706EE103AE6
:1036C000B0EE470AD7ED015A0024B8EEC66A96EE6E
:1036D000260A20EE250A0190FAF774FC019891E77A
:1036E000B7EE006AB4E7B242A0D101441D463446A9
:1036F00081F8FC686DE700BFD43B0020C039012091
:10370000B8390120CDCCCC3D00007A4400007AC409
:1037100000000000880200208C020020FFFFF94317
:103720006F12033B9C200020A020002070B5B04CFD
:103730000022B04B064694F82C1B5A704A1E197092
:10374000032A11D8DFE812F0F100E600D9000400E6
:10375000A94AAA49AA48C2F80019AA491061916168
:10376000A948AA495061D161A949B4F83A2B09681E
:10377000D962002A61D0B4F83C0B003818BF012090
:103780006421B4F83E5B83F85C0101FB02F2B4F8FB
:103790002E0B01FB05F1C3E95812002840F01581FA
:1037A0009FED9C7AB4F8302B83ED607A002A40F0CC
:1037B000F9809FED987AB4F8322B83ED617A002A74
:1037C00040F0DF80DFED936AB4F8342BC3ED646A18
:1037D000002A40F0C5809FED8F6AB4F83C2B83ED42
:1037E000636A002A40F0AB80DFED8A5AD3ED067A97
:1037F0006422B4F8381BB4F8360B27EE877A67EEEC
:10380000A66AC3ED625A26EE276A02FB00F065EE57
:10381000A77A02FB01F294F8411B83ED5C7AC3EDB9
:103820005F6A83ED5E6AC3ED5D7AC3E95A0231B126
:1038300032295DD99FED780A03E01046A0E7B3EE88
:10384000040A764D00227648A988C3F8F42000EED9
:10385000901AC3F8F020F8EE600A1CF0C3FDAB88A4
:103860000022082100EE903A94F8403B6D4800EEAB
:10387000103AF8EE600AB8EE400A1CF09DFCAB88E6
:103880000022082100EE903A94F8403B664800EE92
:10389000103AF8EE600AB8EE400A1CF08DFCAB88D6
:1038A0000022082100EE903A94F8413B5F4800EE78
:1038B000103AF8EE600AB8EE400A1CF07DFCAB88C6
:1038C0000022082100EE903A94F8423B584800EE5E
:1038D000103AF8EE600AB8EE400A1CF06DFC554B49
:1038E0001B7823B13046BDE87040F9F757BE70BD74
:1038F00007EE901AB8EE670AA3E73F4A3F494048EF
:10390000C2F800193F49106191614B484B49506121
:10391000D16129E7384A39493948C2F8001939498B
:10392000C2E90400C2E906111EE7334A00214448F7
:103930001161C2F80009D161C2E9051114E7642AD6
:103940004049F2EE045AA8BF642291ED005A07EEF6
:10395000902A25EE255AF8EEE77AC5EE275A45E774
:10396000642A3849B2EE046AA8BF6422D1ED005A35
:1039700007EE902A65EE865AF8EEE77A85EEA76A9A
:103980002BE7642A2F49F2EE046AA8BF642291ED66
:10399000006A07EE902A26EE266AF8EEE77AC6EE6F
:1039A000276A11E7B2F5167F2649B2EE047AA8BF5E
:1039B0004FF41672D1ED006A07EE902A66EE876A20
:1039C000F8EEE77A86EEA77AF5E6B0F5167F1D4A9F
:1039D000B2EE047AA8BF4FF41670D2ED006A07EE7B
:1039E000900A66EE876AF8EEE77A86EEA77AD9E65D
:1039F000B08A012074250020D43B00204DDA010854
:103A000021D2010865D201084DD40108C5D40108AE
:103A1000D844002000000000000048428C02002032
:103A200064260020E425002018260020AC25002074
:103A3000A0260020E424002019D3010885D3010822
:103A4000B9D7010884280020024B1B780BB1F9F785
:103A5000A5BD7047E4240020104B187810F0010039
:103A60000DD00F4A13785BB15378023B062B13D865
:103A7000DFE803F006060412060404000120704784
:103A800092ED027ADFED077AB4EEE77AF1EE10FA02
:103A9000CCBF0120002070470020704788780120AB
:103AA00074250020FA7EAA3E08B5204B187810F045
:103AB000010000D108BDFFF7CFFF0028FAD01C4B52
:103AC00093ED0C7AD3ED157AB4EEE77AF1EE10FAB5
:103AD000F0DC93ED0D7AD3ED167AB4EEE77AF1EEE1
:103AE00010FAE7DC93ED0E7AD3ED177AB4EEE77AAD
:103AF000F1EE10FADEDC93ED0F7AD3ED187AB4EE26
:103B0000E77AF1EE10FAD5DC0A4BDFED0B7A93ED94
:103B1000087AB4EEE77AF1EE10FACBD4074B1888A6
:103B200000F06100003818BF012008BD887801202E
:103B300040210020088501206666663F8A780120C2
:103B40000128F0EE404A00DD704708B5F9F70EFB9A
:103B5000FFF7AAFF18B9F5EE007A20EE270AFFEE6C
:103B6000007A594B594AF7EE005AD3ED006AB0EE8D
:103B7000674A93ED015A1368B0EE653AE5EE057AAF
:103B8000DFED533AA6EEA64A9A7DDB7D06EE102ABB
:103B9000504A07EE103A5048B2F90030B8EEC66A03
:103BA000B2F9022067EEA37A24EE234A002BB8EE86
:103BB000C77A00F60811B8BF5B42002AA4EE063AA5
:103BC000D1ED003AB0EE656AB8BF52429BB29FEDAC
:103BD000434A92B220EE230AA7EE876A07EE103A14
:103BE00007EE902A90F81839B8EEC77AF8EEE77A1F
:103BF00066EE836A26EE056AC7FE277AF0EEE66A6D
:103C000067EE847AB0EEC67AC6FE876A13BB91ED82
:103C1000036AB4EEE56AF1EE10FA44D491ED016A5C
:103C2000DFED2F5AB4EEE56AF1EE10FA0FD99FEDF1
:103C30002D5AB7EE007AC5EE067AB0EE476AA6EEC8
:103C4000E76AC6FE477AC7FEA57AE0EE274AB0EEDD
:103C5000640A08BD91ED016A9FED214AB4EEC46A81
:103C6000F1EE10FAF3DD91ED025AB4EEC45AF1EE22
:103C700010FAECDD9FED1C7A75EE677A66EE876AC6
:103C800087EE857AC6EE867A87FE657A87FE047AA5
:103C900077EEA57A67EE277AC7FEE57AC7FE847AC3
:103CA000E0EE274AD3E735EEC67A9FED104ADFED06
:103CB000105A91ED015A27EE047A75EEE77AA7EED5
:103CC000876A26EE056AABE74021002068250020C0
:103CD0000AD7233CB8390120D43B0020CDCCCC3DC1
:103CE000000000000000C8420000C8C2610BB63BE3
:103CF00000003443012800DD704708B5F9F736FAB3
:103D0000FFF7D2FE18B9F5EE007A20EE270A034B32
:103D1000D3ED027A20EE270A08BD00BFD43B002075
:103D2000574B5849584A03F120002DE9F04F40F213
:103D3000D17495B031F8105B22F8024F07EE905A1B
:103D4000F8EE677AE3EC017A8342F3D14F4F002615
:103D50004FF004090DF12C0817F801AF5046BAF1E5
:103D6000000F00F08780741C13F0DEFD042105466F
:103D7000E4B25046224611F01DFE034602212846B9
:103D800048F8043F002B75D0264615B185F80690FB
:103D9000EC715A7A13F01AFE082CDDD13C4B264602
:103DA00003931C700DF10C090DF12C0BDFF8D4807E
:103DB0004FF0000EDFF8E0A05BF8043F09F10409C2
:103DC000B8F80A500BA81F6800232E4A03E0B4423B
:103DD00002F1100216D250F8041F01330968DCB258
:103DE0008F42F4D1B2F90410103232F806CC0A3105
:103DF000BAFBF1F1614528BF61468D4228BF0D46EF
:103E0000B442E8D3B5F57A7F0EF1010E08F110083F
:103E1000A8BF4FF47A755FFA8EF3322DB8BF322502
:103E20009E42C9F80050C7D80024DFF87080194FAF
:103E300020462646184DDDF80C9014AB009608EB92
:103E4000001C013403EB800207EBC00052F8403C39
:103E500052F8201CACF84E3B0F4AB5FBF3F39BB273
:103E6000E7F750FC99F80030E0B28342E5D815B08E
:103E7000BDE8F08F064B03931E70002E92D1F6E73B
:103E80000C2B0020F4950120EE44002073960120B5
:103E9000082B00200045002040420F00B08A01207E
:103EA00008B50022054B1A605A609A60DA60E8F79C
:103EB0003DFE3220BDE8084013F02EBC8C200020CF
:103EC00010B5234C234B607B68B1A27B32B1E27BFF
:103ED00032B1227C32B10420187005E0012002E0EA
:103EE000022000E003201870E7F7B8FE238DB7EE3C
:103EF000006AA28D06EE903A638D07EE103AF8EE56
:103F0000666A154BB8EE477AC6FE866A683387FE46
:103F1000067AC6EE875A07EE102AE28D07EE902A3F
:103F20000E4AB8EE477A92F88D22F8EE677A87FE4D
:103F3000067AC7FE867AC7EE276A43ED1A5AC3EDA2
:103F4000006A1AB9C5EEA67AC3ED007A10BD00BFAB
:103F5000BC380120E4240020D8440020B08A01208D
:103F60002DE9F84F304E0024DFF8DC8006F104091B
:103F700006F11405A8F108072C4BDFF8D0B0A246D3
:103F80001968CA0007D5382229486243125C12B169
:103F900002222A7012E09BF800202AB1254A927A68
:103FA00012B101222A7009E00B0105D5224A1268DC
:103FB00012B103222A7001E085F800A017F8012B46
:103FC000520803D0642AA8BF642200E0012238F915
:103FD000023B4FF0300CDFED196A082107EE103A72
:103FE00006F8012B164A0135B8EEC77A15489388B2
:103FF00000220CFB04000134C7EE267A00EE903A52
:10400000FB7800EE103AB7EE007AF8EE600AB8EEF0
:10401000400A77EE877AE9EC017A1CF0CDF8042C9F
:10402000024BADD1BDE8F88F444500204C3901204A
:10403000A8010020BC380120C47701200050C347EC
:104040008C0200205C450020DC3801201C0A002086
:10405000074B1A784AB1074B1A4401E0934204D047
:1040600013F8010B0028F9D170470120704700BFF9
:10407000E4240020584500202DE9F84FAC4B93F87C
:104080008D42AC4B003C93ED004AD3ED1A4A18BF69
:104090000124A94B1D78B5B1F7EE007AB4EE674A5A
:1040A000F1EE10FA14BF4FF0010E4FF0000EAC42CB
:1040B0000AD2F4EE674AF1EE10FA14BF4FF001088D
:1040C0004FF0000802E0AE464FF000089B4E00277C
:1040D000DFF884C2F2EE045A73883A4660464CF226
:1040E000503901EE103ADFED961A9FED962ADFED7A
:1040F000962A9FED963A9649DFED963A1CF8013BD9
:10410000002B00F0DE80B0F810B0BBF1000F00F023
:10411000D8809CF84FA0BAF1000F00F0D280CB45B8
:10412000B8EEC16AA8BFCB46BAF1040F07EE90BA49
:10413000F8EEE77A67EEA17AC2EE276A66EE227A97
:1041400026EE036A07D9BAF1640F07D807EE10AA62
:10415000B8EE477A04E0B1EE047A01E0B0EE637A9B
:10416000AB4287EE255A0AD801EBC21B013B4FEA4E
:10417000C21A8BF82430CBED0A6A038E84E00A2B36
:104180001CD1BEF1000F00F09C8001EBC21A4FF071
:10419000000BD3018AF824B0CAED0A6AB0F830A047
:1041A00000EE90AAF8EEE00A80EE847A27EE267AF6
:1041B000B4EEE57AF1EE10FA38D53EE0A3F10B0A41
:1041C000BAF1070F17D8002D7BD00A3B01EBC21BB9
:1041D0004FEAC21A07EE103A0023F8EEC70A8BF82E
:1041E0002430038E60EE840A60EEA60ACBED0A0A44
:1041F00017EE10BA46E0142B2AD1B8F1000F60D0A8
:1042000001EBC21AD3018AF82440CAED0A6AB0F859
:1042100030A000EE90AAF8EEE00A80EEA47A27EE35
:10422000267AB4EEE57AF1EE10FA06D4B4EEE77A27
:10423000F1EE10FA77FE877A01E0F2EE047A0B4491
:104240000132C3ED0B7A83ED0C6A83ED0D5A38E031
:10425000A3F1150ABAF1070F33D8AC4231D2143B9F
:1042600001EBC21B4FEAC21A07EE103A8BF824404A
:10427000B8EEC77A27EE247A27EE267A8BED0A7AF3
:10428000B0F830B003FB0BF307EE103AB8EEC77A84
:1042900027EE267AB4EEE57AF1EE10FA06D4B4EE03
:1042A000E77AF1EE10FA77FE877A01E0F2EE047A0F
:1042B00001EB0A030132C3ED0B7A83ED0C6A83ED47
:1042C0000D5A01370230102F7FF418AF204D4FF0F8
:1042D00000094FF0000805F1240785F8202095F823
:1042E00020304B4521DD3C464FF0000A73882046C4
:1042F0000AF1010A97ED020A00EE903A97ED041ACE
:104300000421C4F82080C4F81C80F8EE600AC4F8C8
:104310001880243440F8148F28F042F8BAF1030FC3
:10432000E4D109F101098037D9E7BDE8F88F00BF72
:10433000B08A0120D8440020E42400208C02002010
:104340000000704200401C46CDCCCC3E6666E63E86
:10435000D43B00200000C8427C96012038B50446BA
:104360002E4D47302DED048B05EBC000F0EE418A59
:104370002544B0EE408AB0EE410AB0EE609A28F0D3
:1043800053F86A7B38EEC06AF7EE007A244B06EEEB
:10439000902ADFED245AF0EEC64A1B78F8EEE66A62
:1043A0009C42B0EE407A84EEA65A77EEC57AC7FEFC
:1043B000A57A27EE880A02D0BDEC048B38BD1A4BD3
:1043C0001B78252BF8D1DFED196A194B68EEA68A08
:1043D00069EE260A27EE267A26EE266A67EEA67A88
:1043E00060EE266AFDEEE88AFDEEE00ABDEEC77AD1
:1043F000BDEEC66AC3ED008AFDEEE77AC3ED010AA1
:10440000FDEEE66A83ED027A83ED036AC3ED047A7A
:10441000C3ED056ABDEC048B38BD00BF84280020C5
:1044200088020020000000009C20002000007A4448
:10443000A0200020074B1B7B022B0AD0A3F1010315
:10444000B3FA83F35B0900B91BB9012800D103B9A2
:10445000704783E784280020B44BB54A1B8892ED4F
:10446000060A13F0430F10B52DED048B40F0438185
:104470005A0700F18F801B0700F15481AD4C0220D8
:10448000FEF708FFAC4AD4F87C31F0EE408A92ED9A
:104490000E9A84ED430A33B1B0EE490A04F5C270B6
:1044A0009847B0EE409AD4F80C3238EEC98A2BB156
:1044B000B0EE480AA1489847B0EE408AB2EE047ABE
:1044C000D4ED2A6AD4ED267AB4EEC78AF1EE10FA5A
:1044D00013DCBAEE046AB4EEC68AF1EE10FA00F10B
:1044E0000E8177EEE67A9FED966A38EE077A67EEF0
:1044F000867AE7EE276AF0EE667A67EE887AA37A24
:10450000C4ED3E7A002B40F0CC80B1EE490A8D48D4
:1045100027F02EFFE37A012B00F0CC80022B3DD157
:104520009FED897AD4ED286AB4EEC70AD4ED2C7ACF
:10453000F1EE10FA47DC9FED856AB4EEC60AF1EEA3
:1045400010FA3ED477EEE67A9FED816A30EE077A74
:10455000207B67EE867A0228E7EE276AF0EE667A1D
:1045600067EE806AC4ED406A34D1F0EE490AB0EEDD
:10457000681AB0EE480AFFF7F1FE764BD4ED406AB8
:10458000B3F81C3194ED3F6A6BBB94ED007A20EEDA
:10459000077A31E00220FFF7D3FA6FE7B2EE047A30
:1045A000D4ED2C6AD4ED287AB4EEC78AF1EE10FA75
:1045B00009DCBAEE046AB4EEC68AF1EE10FA40F1F4
:1045C000A480F0EE667A207B67EE806A0228C4ED54
:1045D000406ACAD05F4BB0EE480A94ED3F6AB3F828
:1045E0001C31002BD1D066EE007AF5EEC07AF1EEE8
:1045F00010FACADD9FED587AB2EE040AD4ED2B7A98
:1046000094ED275AB4EEC08AF1EE10FA12DCFAEEFD
:10461000045AB4EEE58AF1EE10FA73D435EE675A17
:10462000DFED475A38EE000A25EE255AE5EE007A0E
:10463000B0EE675AD4ED457AD4ED085A77EE277A72
:10464000F4EEE57AF1EE10FA28DCF1EE655AF4EEBC
:10465000E57AF1EE10FA21D4A7EE056AC4ED457AA9
:1046600084ED3F6AFFF7F8F928B9D4ED057A26EE14
:10467000276A84ED3F6A94ED290AD4ED3E7A68EE0C
:10468000808A78EEA77AC4ED418ABDEC048B77EE80
:10469000A66A76EE866AC4ED426A10BDC4ED455A3C
:1046A000E0E7B0EE480A274827F062FEE37A012BE4
:1046B0007FF434AFB2EE047AD4ED286AD4ED2C7ACC
:1046C000B4EEC79AF1EE10FA3FF77DAFBAEE046A86
:1046D000B4EEC69AF1EE10FA3FF573AF77EEE67AD4
:1046E0009FED176A39EE077A67EE867AE7EE876AFA
:1046F000F0EE667A67E70220FFF7FCFABEE6F0EE1E
:10470000667AFAE6B0EE675A94E777EEE67A9FEDBE
:104710000C6A38EE077A67EE867AE7EE876AF0EE83
:10472000667A50E70220FEF709FFA7E68A780120A3
:1047300040210020842800208C020020982A00209C
:10474000CDCC4C3DF42A00200000C8420000C8C275
:104750000AD7A33B08270020000000006E4A2DE97D
:10476000F843128804466D4B12F0430F03EB8003AD
:104770002DED048B93ED040A40F0C780510700F142
:10478000B980130700F1C4802046654DFEF782FD15
:10479000644A04EB4403B0EE408A05EB441005EB99
:1047A0000313660180ED330AD3F81C1102EB840376
:1047B000670093ED0C9A49B13020B0EE490A00FB36
:1047C000045000F592708847B0EE409A381978EEA0
:1047D000498A05EB00130001D3F8AC313BB100F579
:1047E000DA70B0EE680A28449847F0EE408A05EB8C
:1047F0000413A9196A7A4FEA0419D3ED1E7A67EEF9
:10480000A87AC1ED2E7A002A7CD1B1EE490A04F1D2
:10481000250004F10808A71D05EB001027F0A8FDEE
:10482000F0EE407A05EB081320460134F0EE490A19
:1048300093ED007A05EB4713B0EE680AE4B267EE39
:10484000277AB0EE481AC3ED007AFFF7F3FD364B36
:1048500003EB4404B4F81631002B4ED0AB19D3ED62
:104860002F7A60EE277AF5EEC07AF1EE10FA44DD89
:10487000DFED2E7AAA1905EB870392ED350A93ED49
:10488000007A77EE807AF1EE476AF4EEE67AF1EE9E
:1048900010FA01D4C7FEC76AA944AC19D9ED1F7A32
:1048A000C4ED356A26EEA76A84ED2F6AFFF7FCF89F
:1048B00028B9D5ED057A67EEA66AC4ED356A2E44AF
:1048C00005EB081805EB4715D8ED017A96ED2E7A21
:1048D000D5ED006A28EE278A77EE267A85ED018AE3
:1048E00077EE887ABDEC048B77EE867AC6ED327A65
:1048F000BDE8F883FFF724F946E7D5ED007A60EECE
:10490000277AB7E7B0EE680A81E7FFF7F3F93BE7EC
:10491000FEF714FE38E700BF8A780120402100200E
:10492000842800208C0200200827002000000000BE
:10493000664A2DE9F84312880446654B12F0430F8E
:1049400003EB80032DED048B93ED040A40F0B78058
:10495000510700F1A980130700F1B48020465D4D96
:10496000FEF798FC5C4A04EB4403B0EE408A05EB8A
:10497000441005EB0313660180ED330AD3F81C11D4
:1049800002EB8403D3ED0C8A49B13020B0EE680A03
:1049900000FB045000F592708847F0EE408A05EB6A
:1049A000041338EE689AA9196A7AD3ED1E7A4FEA91
:1049B000041967EE897AC1ED2E7A002A7CD1B1EE16
:1049C000680A04F1250004F10808A71D05EB001092
:1049D00027F0CEFCF0EE407A05EB081320460134B8
:1049E000F0EE680A93ED007A05EB4713B0EE490A42
:1049F000E4B267EE277AB0EE481AC3ED007AFFF70B
:104A000019FD364B03EB4404B4F81631002B4ED09D
:104A1000AB19D3ED2F7A60EE277AF5EEC07AF1EE7E
:104A200010FA44DDDFED2E7AAA1905EB870392ED2B
:104A3000350A93ED007A77EE807AF1EE476AF4EE6C
:104A4000E67AF1EE10FA01D4C7FEC76AA944AC19A0
:104A5000D9ED1F7AC4ED356A26EEA76A84ED2F6A78
:104A6000FFF722F828B9D5ED057A67EEA66AC4EDFE
:104A7000356A2E4405EB081805EB4715D8ED017A89
:104A800096ED2E7AD5ED006A28EE278A77EE267A03
:104A900085ED018A77EE887ABDEC048B77EE867A15
:104AA000C6ED327ABDE8F883FFF74AF856E7D5ED50
:104AB000007A60EE277AB7E7B0EE490A81E7FFF7A0
:104AC00019F94BE7FEF73AFD48E700BF8A78012065
:104AD00040210020842800208C020020082700208C
:104AE000000000006B4A2DE9F843128805466A4B26
:104AF00012F0430F03EB80032DED048B93ED040ABA
:104B000040F0BF80510700F1B680130700F1BF806D
:104B10002846624CFEF7BEFB614A05EB4503B0EE4A
:104B2000408A04EB451004EB03136F0180ED330A58
:104B3000D3F81C1102EB85036E0093ED0C9A49B17A
:104B40003020B0EE490A00FB054000F5927088471E
:104B5000B0EE409A701978EE499A04EB0013000108
:104B6000D3F8AC31002B00F08F8000F5DA70B0EE96
:104B7000690A20449847F0EE407A04EB0512E319E5
:104B800005F12500B1EE490A92ED1E7A05F10808FB
:104B900004EB0010AE1D67EE277A4FEA0519DFED32
:104BA000418AC3ED2E7A27F0E3FB6B1C3E4A284670
:104BB000DBB2F0EE407A04EB0811F0EE490A8833DC
:104BC000B0EE481A91ED007AB0EE690A02EB4305A7
:104BD00004EB4613EA88002A47FEA87A67EE277A94
:104BE000C3ED007AFFF726FCEB88D4ED007A002BAA
:104BF00044D127EE800AE21904EB860392ED357A60
:104C0000D3ED007A30EE070AF1EE676AB4EEE60AF9
:104C1000F1EE10FA01D4C0FE676AA144E51999EDDE
:104C20001F6AC5ED356A26EE866A85ED2F6AFEF7A6
:104C30003BFF28B9D4ED057A67EEA66AC5ED356A63
:104C4000E31904EB081804EB461498ED010AD3EDC0
:104C50002E7A94ED007A28EE000A37EE878A84EDEA
:104C6000010A38EE008A38EE068A83ED328ABDECFE
:104C7000048BBDE8F883FEF763FF49E7B0EE680AEE
:104C8000B9E7FFF737F843E7F0EE697A75E7FEF723
:104C900055FC3DE78A78012040210020842800202F
:104CA0008C02002000000000082700201A4A1B4B3D
:104CB000128803EB800312F0430F93ED040A10B542
:104CC000044622D151071DD4130721D42046FEF7F4
:104CD000E1FA134BA11D002203EB041003EB441473
:104CE000D0ED217A03EB411384ED330A20EE270A3D
:104CF0001A60C4F8B820C4F8BC2084ED320A83EDF1
:104D0000010A10BDFEF71CFFE0E7FEF7F3FFDDE749
:104D1000FEF714FCDAE700BF8A780120402100206A
:104D20008428002005280FD805290DD888420BD0EB
:104D3000064B00EB401001EB4111842203EB800095
:104D400003EB810126F01CBA704700BFDC960120FE
:104D50004389DFEDF06A07EE103A8389DFEDEE5A02
:104D6000B8EEC77ADFEDED4A9FEDED5A27EE267AD1
:104D70002DE9F047EB4D04462DED028B90F82A20EB
:104D800085ED1E7A07EE103AC389B8EEC77A2A720B
:104D900006EE103A038A9FEDE48AB8EEC66A27EE63
:104DA000247A26EE256A85ED1F7A85ED206A06EEC7
:104DB000103A438AB8EEC66A07EE903A838AF8EE54
:104DC000E77A26EE056A67EEA67A06EE903AC38A7F
:104DD000F8EEE66A85ED216A07EE103A038BC5ED21
:104DE000227AB8EEC77ADFEDD17A66EEA46ADFEDFB
:104DF000D04A27EE257AC5ED236ADFEDCE6A85ED30
:104E0000247A07EE103A438BB8EEC77A27EE057A7C
:104E100085ED257A07EE103A838BB8EEC77A27EE38
:104E2000267A85ED267A07EE103AC38BB8EEC77A5C
:104E300005EE903A038CF8EEE55A27EE247A65EEFB
:104E4000A75A85ED277AC5ED285A05EE903A438C8E
:104E5000F8EEE55A06EE103A838CB8EEC66A65EEB7
:104E6000855A26EE266A06EE903AC5ED295AF8EEE6
:104E7000E66A85ED2A6A66EEA46AC5ED2B6AC38CE4
:104E800007EE103A038DB8EEC77A27EE277A07EEC1
:104E9000903AF8EEE77A85ED2C7A67EE857AC5EDE3
:104EA0002D7A90F8363090F82D2007EE903A90F851
:104EB0003730F8EE677AC5ED067A07EE903A90F84B
:104EC0003830F8EE677AC5ED077A07EE903AF8EEDB
:104ED000677AC5ED087A62B1F2EE047A95ED007A50
:104EE00027EE277A07EE902AF8EEE77AC7EE276AD0
:104EF00001E0F0EE486AF7EE007ADFF8588294F8A5
:104F00002E3004F13906A8F58C7704F13C0977EED0
:104F1000E67A2B74C5ED057AB379B2464046002295
:104F200000EE103AD5ED010A94F842100136B8EEC1
:104F3000400A1BF041F99AF8003008F19000002275
:104F400000EE103AD5ED010A062108F13008B8EE5E
:104F5000400A1BF031F9B378D5ED010A07F514705A
:104F600000EE103A87ED958A87ED948A1037B8EEF7
:104F7000400A1BF037FA4E45CED194F82F302B73F0
:104F8000002B40F0E98094F82B3000229FED6A7AE4
:104F900006216B7294F82C30D5ED010AAB7294F8AF
:104FA00043306648EB72B4F8443007EE903AB4F8F8
:104FB0004630F8EEE77AC7EE876A07EE903A94F843
:104FC0004E3000EE103AF8EEE77AB8EE400AC5ED42
:104FD000096AC7EE876AC5ED0A6A1BF0EDF8B4F8F6
:104FE00048302046DFED567A07EE103AB4F84A30E2
:104FF000B8EEC77AC7EE276A07EE103AB4F84C301D
:10500000B8EEC77AC5ED1A6AC7EE276A07EE103AFE
:10501000B4F85030B8EEC77AC5ED1B6AC7EE276A00
:1050200007EE103AB8EEC77AC5ED1C6AC7EE276ADC
:10503000C5ED1D6AFEF708FD94F85220B2EE047A21
:10504000404B07EE902A94F8532003F60811F8EE2F
:10505000E77AC7EE876A07EE902A94F85420F8EEB4
:10506000677AC3ED037A07EE902A94F85520F8EE9C
:10507000E77AC3ED026AC7EE876A07EE902A94F8D2
:10508000572003F6EC0383F82C2094F85620F8EE12
:10509000677AC2F1AF00C2F16402C1ED017A07EE96
:1050A000900A2046F8EEE77ABDEC028BC1ED006A6B
:1050B000DFED256A67EEA67ADFED246AC1ED027A9C
:1050C00007EE902A94F85820F8EEE77A67EEA67A71
:1050D000C1ED037A07EE902A94F85920F8EEE77AAA
:1050E000C7EE876A07EE902AB4F85A20F8EE677A7E
:1050F000BDE8F047C3ED027A07EE902AF8EEE77AB2
:10510000C3ED016ADFED126A87EEA67A83ED037ABA
:10511000FEF726B83BB2DF3694BFD63318B7D13886
:1051200018B7D1378428002000000000BD3786352D
:105130006F12033A65CF8B380000C842B4280020B4
:105140000000FA43D43B00206666E63F0AD7233CC2
:1051500000007A449C290020134F04F1300604F12A
:105160003309A7F22B28F378B2461BB1642BA8BFF2
:10517000642300E0012307EE903A3846D5ED010A9A
:105180000136B8EE670A08371BF084F99AF8003048
:10519000FA2BA8BFFA230A2BB8BF0A23B14508F897
:1051A000013BE0D1EFE600BFBC2A00200A4BF7EE3E
:1051B000006A9FED0A7A1B69094A07EE903AF8EEF9
:1051C000677A67EE877A86EEA77AC2ED007A82ED7B
:1051D000017A044AD361BBE58C020020BD378635D5
:1051E000842800201806012060220021014826F0B2
:1051F00029BF00BF3C29002038B53A4D3A4C95F8FC
:105200008E3207EE903AB5F99232F8EEE77A2DED4C
:10521000048BDFED368A87EEA87A84ED547AABB141
:105220000A22DFED337A93FBF2F308EE103AB8EE80
:10523000C88A28EE278AB0EE480A27F0D5F8B0EEE3
:10524000409AB0EE480A27F0EBF803E0B7EE000A08
:105250009FED289AB5F8943284ED5E0A84ED5D9A4C
:1052600063B107EE903A4FF07E52F8EEE77AC4F859
:10527000682187EEA87A84ED5C7A12E095F8903286
:1052800063B107EE903ADFED1C6A9FED1C7AF8EEF1
:10529000E77AA7EEE67A84ED5A7A02E00023C4F8B2
:1052A000683195F9963207EE903A95F99732F8EE13
:1052B000E77A87EEA87A07EE903A95F99832F8EEF9
:1052C000E77A84ED567A87EEA87A07EE903AF8EE00
:1052D000E77A84ED577A87EEA87ABDEC048B84EDEB
:1052E000587A38BDB08A01200827002000007A448F
:1052F00035FA8E3C00000000C1BA873BF304B53F8D
:10530000494A0D230020002170B4013B42F8040BF0
:105310001163FAD1454A012340F6C511013322F841
:10532000021B1D2BFAD1424991F88F22002A59D035
:10533000013A404B052A3FD8DFE802F02C03030373
:105340001421D3E92C02D3F8AC4040F0160042F00F
:10535000160244F01404C3F8B000C3F8AC40C3F81C
:10536000B42029E0D3F8AC2042F00402C3F8AC200A
:10537000D3F8B02042F00202C3F8B0201CE0D3E919
:105380002B0240F0060042F00602C3F8AC00C3F85E
:10539000B02011E0D3F8AC2042F00402C3F8AC20F6
:1053A000D3F8B02042F00202C3F8B020D3F8B42002
:1053B00042F01002C3F8B420D3F8CC2042F020020F
:1053C000C3F8CC2091F88D2232B1D3F8D02042F02E
:1053D0000802C3F8D02005E0D3F8B82042F0080254
:1053E000C3F8B820144B0024124801251A78012A6A
:1053F0000DD0023A012A10D899785A782A3105FA44
:1054000002F250F82160324340F8212005E09978FB
:105410005E782A31B24040F8212001340833202C34
:10542000E4D170BCE8E600BF7C270020E62700201E
:10543000B08A012008270020F499012070B51A4B8A
:10544000002140F6C416194D42F2107418481A781B
:1054500002B3032AA8BF03221A705A781C2AA8BFD5
:105460001C225A709A780C2AA8BF0C229A70B3F9A1
:105470000420B242A8BF3246AA42B8BF2A469A8048
:10548000B3F90620A242A8BF22468242B8BF024614
:10549000DA8003E05A709A709A80DA80013108331A
:1054A0002029D4D170BD00BFF49901203CF6FFFF44
:1054B000F0D8FFFF2DE9F041DFF8C0830620DA4C79
:1054C0000B2598ED000A04F14807D84E2DED028B0C
:1054D000F8F784FD98ED010A0720F8F77FFD98EDB5
:1054E000020A0820DFEDD26AF8F778FD98ED030A8A
:1054F0000920F8F773FD98ED040A0A20F8F76EFD0D
:10550000738A2846F4EC017A013500EE103AB8EEC1
:10551000C00A37EEC00A20EE260AF8F75FFDBC424B
:10552000EED1C44F0120C44E97ED320AF8F756FD74
:1055300097ED3A0A0220C14CF8F750FD97ED420A68
:105540000320F8F74BFD97ED0B0A0420F8F746FD12
:1055500096F89932002B40F0AE81B94D95ED5C5A2A
:105560009FEDB87AB4EEC75AF1EE10FA09DDD5ED29
:10557000047AF0EEE77A75EE677AC7FE877AC5EDB2
:105580005B7AD5ED5A5A95ED016AF5EEC05AD5ED24
:10559000027AF1EE10FA4EDDB5EEC06ADFEDAA6ACE
:1055A000DFEDA94AF1EE10FAF5EEC07A4CBFB6F97C
:1055B000A432B6F9A632002BB8BF5B42F1EE10FA66
:1055C000B5EEC05A9BB207EE103A4CBFB6F9AA32FC
:1055D000B6F9AC32B8EEC77A002BB8BF5B4227EE03
:1055E000267AF1EE10FA9BB206EE903AF8EEE66AF1
:1055F00066EEA46A05DD95ED5B5A87FE457AC6FE28
:10560000C56A9FED915ADFED914AC6FE856A66EE46
:10561000A56A87FE057A27EE257AC7EEA65AC6EE5A
:10562000076A65EEA55AE6EEA65AF4EEE45AF1EEE4
:1056300010FA00F3318195ED5D7AB5EE407AF1EE26
:1056400010FA0FD066EE476AD5ED5E5A25EE866AEF
:10565000E5EEA76AA7EE276AF0EE667AC5ED026A64
:1056600085ED016A67EEA77AD8F81030E360E6EEC0
:10567000067AB1EEE77A85ED597A02F06DFD744B4A
:10568000B0FA80F093ED000A4009E36B84ED0D0A57
:105690002074002B00F0C9816E48984794ED0D7A74
:1056A000D4ED0B7AB5EE407AD4ED066A20EE270AE7
:1056B000F1EE10FAC0EE267A84ED050AC4ED097AFF
:1056C00007DDDFED656AF4EE667AF1EE10FA00F3BD
:1056D000D780A36E002B67D100239FED606AF7EEA1
:1056E000006A84F83130F4EEC67AF1EE10FAB4EEC6
:1056F000E67A4CBF01230023F1EE10FA48BF43F0D5
:10570000010353B194ED027ADFED557AB4EEE77AF6
:10571000F1EE10FACCBF0123002396F89A22DFEDB8
:10572000516A07EE902A504A9FED4C7A5288F8EE63
:10573000E77A84F8303000EE102A636F67EEA67ABD
:10574000B8EEC00AC4ED357A20EE070A0BB147481F
:105750009847474B84ED1B0A5B68DFED407A07EE04
:10576000103AD4F8A830B8EEC70A20EE270A0BB1D9
:1057700040489847237884ED280A002B40F0DA80CF
:10578000237CA3B994ED030A84ED020A0520F8F7FF
:1057900025FC96F88D32012B14D0022B00F04881A5
:1057A000BDEC028BBDE8F0810023A36694E79FED7A
:1057B000250A052084ED020AF8F710FC96F88D32D0
:1057C000012BEAD196F88C32D5ED037A0BB9F1EEC4
:1057D000677A9FED1C6A95ED547AC7FE867AF1EEE2
:1057E000E76AC6FE876AFEF737F9B0B9D5ED057AE4
:1057F0009FED1A7AF4EEC77AF1EE10FA00F16781A4
:105800009FED1D7AF4EEC77AF1EE10FA05D5B1EEF0
:10581000047A67EE877A66EEA76AC5ED036ABDEC87
:10582000028BBDE8F08100BFDC7D0120C83601207D
:105830006F12033B84280020B08A012074250020C9
:1058400008270020000000006F12833A0100803F0B
:105850001C460020B8250020CDCC4C3D0AD7233C67
:10586000CDCCCC3DCDCC6C4054780120F02500202F
:105870007C78012024260020CDCC4C3EC020002086
:10588000A26EA74B002A00F01C811B689B1A642B98
:10589000D4BF0023012320E7B1EEE57A4FF00513D2
:1058A000C5F8183186EE076AC7EE877A85ED016A7A
:1058B000C5ED027ABFE62378012B0FD96378042B5C
:1058C0000CD1F7EE046A94ED0A7ADFED967A87FE42
:1058D000667A87FE277A27EE077A01E0B7EE007A2C
:1058E000914DB6F9B832D5ED045A07EE903A9FEDD6
:1058F0008F6AC5EE876AF8EEE77A67EE867AF4EE8D
:10590000E76AF1EE10FA0FDCB6F9B63207EE903A1C
:10591000F8EEE77A67EE867AF4EEE76AF1EE10FACF
:1059200002D4C5ED046A19E60523C5ED047AA5F88D
:105930001E3113E6D5ED595A95ED030AD5ED046AEB
:1059400094ED467AF0EEC07AF0EEE66A94ED456AA0
:1059500027EE257A94ED475A67EE867AD4ED065AFB
:1059600094ED036AA5EE267AD4ED056A25EE866AE3
:1059700096F88D32F1EEE78A84ED086AF1EEC74AB7
:1059800086EE865A67EEA88AE7EE248A84ED0A5AE4
:105990005BB194ED498AB5EE408AF1EE10FA04D07D
:1059A000FEF75AF8002840F0A080F7EE007AB0EE3B
:1059B000677AC4ED487A94ED076AD4ED407AD6EE62
:1059C000076A94ED427A97ED005A27EE877A94EDB4
:1059D000438A574827EE888A27EE057AB0EE666A32
:1059E000D4ED416A67EEA66A86EE250A66EE807AF5
:1059F00027EE007AC4ED367A84ED387A26F0B8FCCA
:105A000094ED407A28EE000AD4ED446A494B27EE23
:105A1000267A84ED390AD3F8003967EE288AC4ED76
:105A20003A8A984794ED020AB0E6B0EE407A37E63B
:105A300096F88C32D5ED037A0BB9F1EE677AB0EEB9
:105A4000E77A17EE903AD5ED547A002BF1EEC76A5B
:105A5000B1EE677AF0EEE66AB8BFF1EE666AF4EE90
:105A6000476AF1EE10FA0CDDF4EE676AF1EE10FA17
:105A700007D595F9543106EE903AF8EEE66A66EEEF
:105A8000A76AFDF7E9FF78B9D5ED057A9FED2A7A87
:105A9000F4EEC77AF1EE10FA1CD49FED287AF4EEFA
:105AA000C77AF1EE10FA19D4F5EEC06AF1EE10FAE9
:105AB0004CBF4FF0FF33012385F85431C5ED036A25
:105AC000ADE61A68A266002A7FF4DFAE04E6F0EEC7
:105AD000466AA2E6DFED1A6A0123EDE7B1EE047A29
:105AE00067EE877A66EEA76ADEE7D4F830312BB12D
:105AF00014489847D4ED056AD4ED065A28EE008A7A
:105B0000D4ED4A7AB7EE007AB5EEC08AF1EE10FA1B
:105B100003D488FE678A38EE077A84ED487A4AE72C
:105B2000301D01206666663F082700206F12833A09
:105B300064260020D43B00200AD7233CCDCC4C3E29
:105B400000000000AC2600200A4A01232A3070B46D
:105B500052F82010052602F58B751C4604FA03F254
:105B60000A4218BF25F8136001331D2BF6D170BC13
:105B7000704700BF082700204FF47A734FF6184192
:105B800000F11E02C3800630418083809042F9D12B
:105B9000704700BF384BB7EE005AF0EE002A374A84
:105BA000D3ED033AD3ED017A93ED027A23EEA34AC3
:105BB000D3ED005A67EEA74A67EE071A25EEA76AEB
:105BC00083ED0D4A27EE232AC3ED084A65EEA36A4A
:105BD000C3ED0B1A25EE873A83ED056A27EE877A27
:105BE00083ED0C2A67EEA37AC3ED076A31EE841ABF
:105BF00083ED063A72EE463A83ED097A34EE844A32
:105C0000C3ED0A7A74EEA14A36EE026AF0EE451A46
:105C1000B0EE452AA4EEE25AE4EE621A77EE664A46
:105C2000A1EE622A36EE877A73EE276A77EEC37AA0
:105C300082ED085A65EEA55AC2ED041A73EEA33A36
:105C400036EE066A82ED002A74EEA44AC3ED045AC9
:105C500037EE077AC2ED053A76EEA66A82ED076A5C
:105C600077EEA77AC2ED014A82ED037AC2ED026AAD
:105C7000C2ED067A704700BF380601200885012072
:105C80002E4BB0EEC06A1B681844837B9BB107EEB5
:105C9000903ADFED2B5AF7EE006AB8EEE77A60EE45
:105CA000007A27EE257A67EE867A76EEC76AE7EE07
:105CB000276A20EE260A837ADFED227A06EE903AF2
:105CC0009FED1F7AF8EEE66AF4EEE76A26EE877A31
:105CD000F1EE10FA07DDF0EE007ADFED1B6A77EEE9
:105CE000677AA7EEA67ADFED177A837C20EE270A83
:105CF00020EE070AABB107EE903A9FED147AF8EE6A
:105D0000E77A67EE867AF4EEC77AF1EE10FA09DCEC
:105D10009FED0B7A67EE877AF5EEC07AF1EE10FA16
:105D200005D57047DFED0A7A20EE270A7047B7EEF7
:105D3000007A77EE677A80EE270A704768250020A0
:105D40000AD7233C00004843D7A368410000C6425D
:105D50000000C842194BBFEE007AF2EE047A9FEDC4
:105D6000185A1B68F0EEC04AA0EE007A184420EEE4
:105D7000270AB7EE006A837C06EE903A837BF0EE4A
:105D8000475A07EE103A837AF8EE666A07EE903AC1
:105D9000B8EEC77AF8EEE77A66EEA46A27EE257ABF
:105DA00027EE800AF0EE467AA7EE056AE6EE857ADF
:105DB00027EE800A20EE060A704700BF6825002003
:105DC0000AD7233C304BB0EEC06ADFED306A1B6867
:105DD0001844837C07EE903A837BF8EEE77A07EE6F
:105DE000103AB8EEC77A67EE867AF4EEE67AF1EE0C
:105DF00010FA3FDCDFED266A67EEA67AF5EEC07A90
:105E0000F1EE10FA33D4F7EE006A76EEE77AC6EEDA
:105E1000A75A837A9FED1F4A07EE903A9FED1C5ACE
:105E2000FFEE006AF8EEE77AB7EE006AF0EE664A37
:105E3000E0EE004A20EE040A27EE800A67EE247A9C
:105E4000B0EE467AA7EE857A20EE070A20EE250A04
:105E5000B4EEE60AF1EE10FA0FD4B4EEC60AF1EE93
:105E600010FA0DDCDFED0C7A20EE270A7047F7EE12
:105E7000005ACEE7DFED095ACBE79FED090A7047DC
:105E80009FED050A704700BF682500200000C6424C
:105E90000AD7233C6F12833A0000FA440000C8423C
:105EA0000000FAC43F4BF7EE004ADFED3F5AF0EE38
:105EB000C06A1B68184410B41C7E837C817A03EB93
:105EC0008302837B490006EE103A530007EE901AD6
:105ED0008B42B8EEC66AF8EEE77AB8BF0B4626EEFC
:105EE000256A07EE103AB8EE477A87EE275A35EE64
:105EF000645AC5EE075A9FED2D5A25EEA77AFFEE9C
:105F0000005AC4B166EE876A27EE807AF0EE657AB1
:105F1000F4EEC56AE0EE007AF1EE10FAB0EE640A33
:105F2000A6EE270A2FDCF5EEC06AF1EE10FA2FD5A7
:105F3000B0EE646A29E0E0EE005AB0EE644AA6EEE4
:105F4000254A66EE846A66EE876AF4EEC56AF1EE6B
:105F500010FA07DCF5EEC06AF1EE10FA1DD5B0EECE
:105F6000646A01E09FED126A27EE800A20EE060ABD
:105F70009FED107ADFED107A5DF8044B80FE470A42
:105F800080FE270A70479FED0A6A27EE000AEDE7B8
:105F900074EEE66A84EEA66AF7E774EEE66A84EECB
:105FA000A66AE1E7682500200AD7233CA4707D3F5C
:105FB0000000C8420000FA440000FAC4DFED027A93
:105FC00020EE270A704700BF0000FA43F0B5DFF863
:105FD00040C0074600F5847E0C4C3D4626461035F1
:105FE00010340FCE664545F8100C45F80C1C45F8EA
:105FF000082C45F8043CF1D123462C3707CB7745D4
:1060000028606960AA60E7D1F0BD00BF18CB040822
:1060100038CB0408D0E90920101AB0FA80F0400902
:10602000704700BF0171704703799B070AD5436A27
:106030008269D154436A01690133B3FBF1F201FB78
:1060400012334362704700BF037913F0010313D08A
:10605000C268D0E9073130B45B1A541E234008D01F
:106060004D1C4369B5FBF2F45B5C02FB1452DBB2DE
:106070000262184630BC704718467047037913F027
:10608000020308D00369D0E90921581E531A0340BE
:10609000DBB2C01A70471846704700BF037913F08F
:1060A000010306D0C268D0E90731581A531E1840C0
:1060B00070471846704700BF10F8113C0133DBB23F
:1060C0000A2B00F8113C07D90023044A10F8131CCE
:1060D00022F8113000F8113C704700BFF08C01200D
:1060E000F0B55B4C5B4A20785B4B0130DE6BA2FB6A
:1060F00000521D688F195E681209A94202EB8202E4
:10610000A0EB8202227010D293F84500002846D0FE
:10611000524807F580320578B2FBF5F7BE420AD245
:106120004FF48030B0FBF5F535E04C4A1578B7FBFD
:10613000F5F7BE422AD34FF48030BE1BB0FBF5F01A
:106140003044986040F68C2200255F6090421960D0
:1061500083F845502AD993F8402093F94210914290
:1061600002D1111F082961D900214FFA82FC93F94D
:10617000417083F84310BA4239D00121002283F8DC
:1061800042C083F8441083F84020F0BD93F84500E6
:106190000028C5D10546B81B401B9860D2E72F4A9E
:1061A0001578B7FBF5F7BE42F4D3C4E793F8442063
:1061B000002AEAD0A0F2EF2140F2DA5291420AD846
:1061C00093F840200B2A06D803EB82010132C86005
:1061D00083F84020F0BD0024214A204602F130011E
:1061E00083F8444042F8040F8A42FBD1F0BD93F893
:1061F00044100029C1D01B4962B13AB2184D08467B
:1062000001EB470E55F8046F20F8026B7045F9D189
:106210000B2F07DC01EB42021348002122F8021B7E
:106220008242FBD1627801326270A6E793F8431094
:10623000182907D801314FFA82FC93F9417083F88D
:10624000431098E74FFA82FC674683F841C092E713
:1062500014A20120CDCCCCCC70380120A8010120A3
:1062600078380120F08C0120088D012070B40E4C8C
:106270004FF6FF750D4B2278A9420D4E02F1010237
:10628000A3FB0203F06B4FEA131300F1010003EBD1
:1062900083030844A2EB8303F063237002D101233C
:1062A00086F8453070BC704714A20120CDCCCCCC10
:1062B000703801201D4890F82430B3B300221C4BE5
:1062C000DFF870C02DE9F0474FF0500E16462C272E
:1062D000DFF86480197C49B953F8181B01320E604D
:1062E00090F824109142F5DCBDE8F0875968FE244F
:1062F0008D0AA5F58015522D98BF18F80540EFF3CB
:1063000011858EF31288D1F824A007FB04C4D1F8BC
:106310001490EDB20AF1010A49F00109C4F82CA069
:10632000C1F8149085F31188D6E77047EC09002076
:106330002C09002014A2012050C70408034B00EBD5
:10634000400003EBC000407C704700BF2C090020D8
:10635000012070470A4890F824307BB10023094A95
:1063600010B41C4611680133183201B10C6090F86A
:1063700024108B42F6DB5DF8044B7047704700BF7A
:10638000EC0900202C0900200A4890F824307BB149
:106390000023094A10B41C4611680133183201B1B8
:1063A0000C6090F824109942F6DC5DF8044B7047BD
:1063B000704700BFEC0900202C090020704700BF87
:1063C000034B33F82C2F9B7802808370704700BFFB
:1063D00018CB040810B4124CB4F89822B4F99C32CB
:1063E00000FB02F0010BC3B142F21072B4F99E42FD
:1063F0000C4802FB01F292FBF3F3234480FB0320E1
:10640000DB17C3EBA000084B1B78212B02D1074BF5
:10641000C3E900105DF8044B70471846F3E700BF6E
:1064200014A20120676666669C200020A020002040
:10643000154B70B4D3E9A824821A74B1D3F8A852CA
:106440004FF47A71114E01FB05F10025B1FBF4F117
:10645000C3F8A4523180C3F8A85282B1D3F8AC5229
:106460004FF47A710024C3F8A00201FB05F107483C
:10647000C3F8AC42B1FBF2F270BC82807047044BAF
:10648000012270BC1A70704714A201202C46002013
:106490007025002003684A79591C01601A70704702
:1064A00038B5244B0129DA8A07EE902AF8EE677A8C
:1064B00023D0B5EEC00AF1EE10FA0DDD5A8A9B8AA0
:1064C00007EE902A07EE103AF8EE677AB8EE477AB0
:1064D00037EE677AE0EE077A00EB4000164D05EBE9
:1064E000C003C40093ED027A93ED030AA7EE270AD6
:1064F00023F09EFA2B59186038BDB5EE400AF1EE34
:1065000010FAE9D05A8AF6EE006A9B8AB7EE006A62
:1065100007EE902A07EE103AF8EE677AB8EE477A5F
:1065200030EE060A37EE677A27EE267AE0EE077A33
:10653000D2E700BFBC3801202C090020264B1B6885
:1065400099072DE9F04F254C2DED0C8B83B002D52A
:1065500094F854706FB90023012221482149A364A3
:10656000E364236502700A7003B0BDEC0C8BBDE8D8
:10657000F08F1D4DDFF87C90D5F8B022C5F8B00241
:10658000821A0AEE102A1A073AD5D9ED007AF5EEEA
:10659000407AF1EE10FA33D0D9ED017AF5EE407A77
:1065A000F1EE10FA2CD0D9ED027AF5EE407AF1EE48
:1065B00010FA25D00D4A92F82220002A00F03B83E1
:1065C00095F8B422002A40F036839FED0C8ADFF85C
:1065D0002880074E1EE000BFBC770120FC2400206D
:1065E0006C2500207025002014A20120C884012001
:1065F0003806012078860120B8390120000000000B
:1066000013F0200740F03B821FED048A3A46DFF882
:106610001484F24EDFF810C4DCF80010002900F0FA
:106620005582EF4BB7EE005ADFEDEE8A4FF0000EC9
:10663000DB68CCF800E003FB01F3002107EE903AA1
:10664000E94BF8EE677AD3ED015A93ED006AD3ED8A
:10665000026A85EE277A19605960996067EE255ABB
:1066600027EE066A67EE266A65EEA89A26EE289A55
:1066700066EEA88A69EEA9AAE9EE09AAE8EEA8AA38
:10668000DA4BD3F89810002940F3978207EE901A5E
:10669000B7EE005A93ED28CA4FF0000CB8EEE77A37
:1066A000D3ED27BA93ED294A0021D4ED007AC5EE47
:1066B00007CADFEDCF4A9FEDCF5A9FEDCF7AC3F8DF
:1066C00098C0C3F89C1067EEA77AC3F8A010C3F86F
:1066D000A4102CEE8CCA6CEEABBA6CEE84CA2CEE15
:1066E0000CBA85EDAFCAC5EDAEBAC5EDB0CAABEE1A
:1066F000ABBAACEEACBA67EE8B7AF4EEE47AF1EEBC
:1067000010FAF4EEC57ACCBF01246446F1EE10FA1B
:10671000B4EEC7BA04F0010458BF0024F1EE10FA39
:1067200004F0010AD8BF4FF0000AB44BB8EECAAA71
:106730009FEDB37A1B782AEE07AA03F0010113F04C
:10674000010300F0D28195EDB3DA85F8C412002A76
:1067500000F02682DFEDAB7AB4EEE78AF1EE10FAB4
:106760000CDDDFEDA96A9FEDA97AF0EE487A38EEEC
:10677000668AF4EEC77AF1EE10FAF6DCDFEDA47A61
:10678000B4EEE78AF1EE10FA0CD5DFED9F6A9FEDCB
:10679000A17AF0EE487A38EE268AF4EEC77AF1EE66
:1067A00010FAF6D4B0EE480A9B4C25F01DFEF0EE30
:1067B000407AB0EE480AD4ED00DAB0EE678A25F0F0
:1067C0002FFE94ED037AD4ED065A20EE077A94ED6D
:1067D000076AD4ED087AA8EE2D7A67EE655A27EE9F
:1067E000466A27EE677AD9ED017A99ED005A67EE8D
:1067F000A76AD9ED022ADFED804AE5EE056AE2EEEE
:10680000A26AF4EE646AF1EE10FA3ADDCFB3B1EEAB
:10681000E64AD4ED044AD4ED030A94ED010A94ED5E
:10682000001AD4ED051AF7EE003A94ED022A94ED21
:10683000063AC3EE846AD4ED073A94ED084A67EE4F
:10684000A67A25EE265A62EEA66A67EEA44A67EE9D
:10685000807AE5EE204AE5EE017AB0EE645AE6EE83
:10686000827AA6EEA15A65EE056AE7EEA76AF1EE16
:10687000E67A27EEC55AE5EE035AA5EE236AA5EEA1
:10688000047ABAF1000F1DD0B1EECB4AD4ED086AFC
:10689000D4ED064A94ED075AF7EE003AC3EE847A37
:1068A00067EEABBA27EE8CCA67EEACCAABEE857A60
:1068B000ECEE265AACEEA46AACEE647AECEEC55A65
:1068C000ABEEE66AD5EDB27A0023F5EEC07AF1EED2
:1068D00010FA40F38681DFED516AF4EEE6AAF1EE9C
:1068E00010FA00F1858195EDB75AD5EDB86AD5ED6E
:1068F000B97A78EE858A79EEA69A39EE279AA5EECE
:106900008D9AD6ED033AF6EE004AD6ED005AE6EE41
:106910000D9A96ED023AE7EE0D8AD6ED012A6AEE5F
:10692000244A9FED3F8AB7EE002A29EE245A29EE29
:10693000A44A68EEA44A65EE236A24EE227A24EE85
:10694000836AE4EE256AA4EEA57AA5EE256A64EED4
:10695000037A76EE836AE5EE227A33EE877AE4EE06
:10696000E26A32EE866AA5EE437AA4EE636A75EEB9
:10697000E77A26EEA65AE4EEE37AF0EE455AE6EE22
:10698000065AE7EE075AE7EEA75AB1EEE55AC2EE0D
:10699000055A67EEA57A26EE256A66EEA56A27EE09
:1069A000257AC6ED007A86ED016AC6ED026A86EDAB
:1069B000037AFFF7EFF80123D4ED080A94ED070AF4
:1069C00085F8B63225F0D8FC20EE080A23F030F81E
:1069D00094ED060AA8F800002CE000BF380601205C
:1069E0008C02002035FA8E3CF8430020144400202D
:1069F000295C4F3F48E19A3F0AD7233C8878012021
:106A0000BD378635DB0F4940DB0FC940E4CB16416B
:106A1000DB0F49C0E4CB16C108850120E58AF93DAA
:106A20004C3D0F44B839012010440020DB0FC93F12
:106A30004C3D0FC4B1EE400A25F0EEFC5FED057A47
:106A400037EEC00A20EE080A22F0F2FFD4ED000A69
:106A500094ED030AA8F8020025F08EFC5FED0C7A95
:106A600020EE270A22F0E4FF03B2002BC0F2A08040
:106A7000A8F8043003B0BDEC0C8BBDE8F08FD34B0D
:106A80001F7817F002073FF4BFADD14B1A7D042ADF
:106A900040F2C980DA89B2F5FA7FC0F0C480198A61
:106AA000CC4BDFEDCD7AA3FB012395F8B522DB08B3
:106AB00008EE103AB8EEC88A28EE278A002A00F0BD
:106AC000C7800027DFF83483C44EA3E5DFEDC4AAF6
:106AD000F0EE6A8AF0EE6A9AB0EE6A9AF0EE6A6AAE
:106AE000F0EE6A5AB0EE6A6ACAE595F8C41279B156
:106AF000BC49C5F8D432014485F8D832C5F8D01263
:106B000059B995F8D83243B9002385F8C4323EE02C
:106B1000D5F8D432002B00F05081B0EEC66AB2EE48
:106B20000E5AB4EEC56AF1EE10FA1EDCF0EEE57A0C
:106B3000F4EEC57AF1EE10FA17DCB0EEE67AB4EEB8
:106B4000457AF1EE10FA10D87CB1D5F8D432002B8A
:106B500000F03981984268D300230121C5E9B4339C
:106B600085F8C43285F8D81211E09E4B0021034409
:106B7000C5E9B431002BC7D09842C5D39A4B002148
:106B80000344C5F8D01285F8C412C5F8D432F2EE29
:106B9000047A95EDB3DA2DEE27DA002A7FF4DAAD28
:106BA0009FED8F7A914CB0EE476AF0EE475A1AE6A5
:106BB00000F56160A8F80400D6E49FED897A4FF0F3
:106BC000000AB0EE47BA5446F0EE47CA85EDAE7AF9
:106BD000B0EE47CA85EDAF7AF0EE47BA85EDB07AF0
:106BE000A3E5C5F8E432C5F8E032C5F8DC3286E644
:106BF0006AEE277AD5EDB94A95EDB85AD5EDB76A60
:106C0000E5EEA74AA6EE275AE7EE276A39EE249A60
:106C1000C5EDB94A79EE859A85EDB85A78EEA68A1F
:106C2000C5EDB76A6BE60027EEE40023B3EE09DAA0
:106C300085F8C4328BE56E4A1278013A042A7FF651
:106C4000DFAC9FED678A0022DFF8B081634EE1E49C
:106C5000DFF8A88101230FFA81FBB8F90060B8F9C9
:106C600002A0B6F5E16F85F8B53202DDA6F56166E2
:106C700036B2BAF5E16F03DDAAF5616A0FFA8AFA56
:106C8000BBF5E16F03DDA1F561610FFA81FB594BA3
:106C9000F117DFED59BA0027CDE9002083FB062C60
:106CA0004E4EC1EBAC010BB208EE903AF8EEE88A1A
:106CB00068EEAB8AB0EE680A25F0B2FBF0EE40AAAF
:106CC000B0EE680A25F090FB4A4B4FEAEA71F0EE0D
:106CD000409A83FB0A2CC1EBAC010BB208EE903A50
:106CE000F8EEE88A68EEAB8AB0EE680A25F098FB09
:106CF000B0EE40BAB0EE680A25F076FB3D4BB0EE40
:106D0000409A83FB0B234FEAEB7BABEBA30B07EE25
:106D100090BAF8EEE78A68EEAB8AB0EE680A25F022
:106D20007FFBF0EE407AB0EE680AF0EE678A25F05D
:106D30005BFB69EE897A69EE8B9A2AEE899A20EEDE
:106D4000276A6AEE8BAA20EE297A67EEE87A69EE66
:106D5000406AA8EE897AE0EE2A7AA8EEAA6AE8EEFE
:106D6000A96A67EE075A27EEA75A66EE874AC6ED6C
:106D70000B5A26EEA64A86ED0D5A67EE275A26EEE6
:106D8000A75AC6ED094A66EE266A86ED084A26EE3F
:106D9000077AC6ED0C5A66EE277A86ED0A5AC6EDDA
:106DA000056A86ED067AC6ED077AFEF7F3FE012343
:106DB000DDE9002085F8B6322CE4D5F8D0120029A0
:106DC0007FF4ABAE9DE6D5F8D032D3E62C78012027
:106DD00078390120CDCCCCCC35FA8E3C3806012058
:106DE0000000000090D0030020A1070008850120CA
:106DF0007C8401206766666635FA0E3CB83901204E
:106E000070B5304D304C95F8E832304E2046237046
:106E100095F8EE32D6ED010A00EE103A0023B8EEF6
:106E2000C00A63622DED028B9FED298A40F8203F56
:106E300080EE080A19F0D6FA95F8EB32D6ED010A81
:106E400004F1300000EE103A02220421B8EEC00A2C
:106E500080EE080A19F0B0F995F8E932D6ED010A8A
:106E600004F1600000EE103A02220421B8EEC00ADC
:106E700080EE080A9FED178A19F09EF995F8EC321A
:106E8000D6ED010A04F1900000EE103A022204212E
:106E9000B8EEC00A80EE080A19F08EF995F8EA32C9
:106EA000D6ED010A04F1C00000EE103A02220421DE
:106EB000B8EEC00A80EE080ABDEC028BBDE8704057
:106EC00019F07AB914A201200000002084280020C3
:106ED0000000C84200007A4410B58D4C2378012B85
:106EE00040F2A480022B00F0B880227B894B1B78F3
:106EF000DB0731D442B1D4F8C43094ED040A0BB1AD
:106F00008548984784ED050A637B002B45D0D4F86B
:106F1000943094ED060A0BB180489847237B84EDAA
:106F2000070A002B00F08C80D4ED057AF5EE407A4C
:106F3000F1EE10FA00F0848094ED040A70EE677AA6
:106F40007748C4ED017A25F013FA764B84ED020AF6
:106F50001B780E2B31D010BD002A71D0637BF3B1AA
:106F6000D4ED077AF5EE407AF1EE10FA00F0C48025
:106F700094ED047A94ED060A77EE877AD4F8C4305B
:106F800037EEC00A002B00F0BF8063489847237B90
:106F900084ED050A002BC7D152E0237B33B1D4ED39
:106FA000057AF5EE407AF1EE10FAC5D10023636060
:106FB000A3605C4B1B780E2BCDD1DFED5B7AD4ED5B
:106FC000014A94ED025AD4ED045A64EEA74A94EDB6
:106FD000056A25EE275AD4ED066A65EEA75A94EDA8
:106FE000077A26EE276A66EEA76A504A67EE277A86
:106FF0004F4BFDEEE44A9168BDEEC55A127DFDEEA1
:10700000E55A9961BDEEC66AC3ED004AFDEEE66A37
:1070100083ED015AFDEEE77AC3ED025A83ED036A70
:10702000C3ED046AC3ED057ADA6110BD414A126806
:1070300052073BD4374B00221B782273D8072DD53B
:10704000637B002BB2D0D4ED077AF5EE407AF1EEF7
:1070500010FAABD094ED060A70E7364B1B68990620
:1070600020D5354B1B789A071CD5304B334A197DF8
:1070700092F8ED22914215D393ED020ADFED307ABA
:10708000B8EEC00A636B20EE270A0BB12D48984773
:107090000123227B84ED060A637327E7637B002BC1
:1070A00084D034E70023227B63731FE7234A92F8DE
:1070B000EF120029BED0B2F8F022002ABAD1224A3B
:1070C00044F25A41D2F8C82002F6C31088423FF673
:1070D0000CAF07EE902A626EB8EEE70ADFED187A81
:1070E00020EE270A1AB104F16C00904723780122A0
:1070F00084ED040A2273F5E6D4ED057AF5EE407AC4
:10710000F1EE10FA9FD017E784ED050A0CE700BFF7
:107110000000002088780120CC0000209C00002086
:10712000200000209C2000200000C8427839012067
:10713000A0200020BC7701202C78012014A201207F
:107140000AD7233C3C0000201C2E01201A4BF2EEF3
:10715000044A60EE006ADFED193A1B68B7EE005A88
:10716000B0EEC07A9FED164A184466EEA66A837C9C
:1071700076EEC56A07EE903A837A05EE903A837B05
:10718000F8EEE77A06EE103AF8EEE55A67EEA47AE2
:10719000B8EEC66AE5EEE47A26EE236AA6EE265A33
:1071A000C7FE847A67EE277A67EE857AE5EEA47AE1
:1071B00027EE800A704700BF682500200AD7233CCD
:1071C0000000000070B53D4E04223D4C00253D49B5
:1071D0004FF4C840737A0A7084F8F222012B3A49BE
:1071E0003A4AA4F8FC02A4F8F452A4F8F652A4F81F
:1071F000F852A4F8FA52C4F800530D70156026D066
:10720000022B19D13422294604F5417024F01AFFCB
:10721000737DB2EE040A2A4607EE903A738B08217A
:1072200004F54270F8EEE77A00EE903AF8EE600A64
:1072300080EE270A18F0C0FFB17A0022244B012902
:1072400084F86C239A60C3E900221BD070BD2946E4
:10725000342204F54E7024F0F5FE737DB2EE040A7C
:107260002A4607EE903A738B082104F54F70F8EE2A
:10727000E77A00EE903AF8EE600A80EE270A18F0FE
:107280009BFFD9E7B37DB2EE040AC4F8702308214E
:1072900007EE903AB38BF8EEE77A00EE903A0D4B9A
:1072A000F8EE600ADA6080EE270A03F11000C3E905
:1072B0000122BDE8704018F07FBF00BF5C7801205C
:1072C00014A201202D7E01204A8D01205478012036
:1072D0007C78012084A5012025F056B808B525F05A
:1072E0004FF80549054A0B8910780133B3FBF0F2DA
:1072F00000FB12330B8108BD2C460020F00000205B
:1073000070B5A0F51B742379DB0757D5637994F822
:10731000502203F001010D4642BB94F85332012B79
:107320004DD0002B4FD194F8523294F851128B4229
:107330000CD2B4F85A22012606FA03F001330243B4
:10734000D8B2884292B2F7D3A4F85A220123606CD3
:1073500085EA030184F85332E3F7BEF9636C012236
:1073600059791868BDE87040EAF70CBCA36C1A683C
:10737000D36A5B08536294F86132012B07D094F80A
:10738000553223B1B4F85C320133A4F85C3285F095
:107390000101606CE3F7A0F9636C01225979186868
:1073A000EAF7F0FB0023012284F8513284F85322DB
:1073B00084F85232A4F85A3284F8503270BD94F8EE
:1073C000513284F852320023606C84F85332E3F770
:1073D00083F9C3E7C36C23B15A7A0121006C10F022
:1073E000F5BA006C012110F045BB00BF10B5437920
:1073F0000446DA0715D513F0200F436CC06B14BF99
:10740000022142215A7A10F0E1FA636C012284F8D9
:107410005422A4F8502259791868BDE81040EAF7C0
:10742000B1BB13F0200F436CC06B14BF02212221AB
:107430005A7A10F0CBFAE8E7084B1A68134610B4F2
:10744000B3FBF1F4B4F5803F04D2A1B25DF8044B74
:107450001FF03EBA012BF5D95B08F1E77C1E012035
:107460008160406CE8E700BF4379006CDB0748BFF0
:1074700081F0010109B110F091BB10F03DBB00BFDC
:1074800038B5A0F5197423799A0740D4D90700D4E8
:1074900038BD94F85032002BFAD194F851320133B0
:1074A000DBB2092B84F8513279D00A2BF0D194F851
:1074B0005352B4F85A021DB940F00100A4F85A0220
:1074C000820500F18480C30740F181804008E36AAF
:1074D000C0B2002B00F09580216B984794F853526E
:1074E00001220023954284F8513284F85022CFD1F2
:1074F0006179606C114084F85332E3F7EDF8636C06
:107500002A4659791868BDE83840EAF73BBB94F839
:1075100055524DBBD4E9091291425ED0531CA1696A
:107520002069A362895C0122834228BF2B460A207E
:10753000914084F85522A36241F4007194F85432CA
:1075400084F85602A4F85812ABB94B08204601F053
:107550000101A4F85832FFF787FF94F856222379E7
:10756000013A84F8562291E794F95622002A5BD119
:1075700084F855228AE763791807E6D5636C2A46B2
:1075800059791868EAF7FEFA2946E06B10F072FAAA
:10759000204684F85452FFF71DFF237976E794F8CC
:1075A0005332002B7FF474AF94F85232082B3FF61D
:1075B0006FAFB4F85A22012000FA03F101330A43F5
:1075C000D9B2082992B2F7D9A4F85A2238BDB4F832
:1075D0005E320133A4F85E3282E794F85412002937
:1075E0007FF454AF627915077FF550AFE36CB3B108
:1075F0005A7A206C10F0EAF92046FFF7F7FE23795B
:1076000044E7E3696269D054E369E168013394F8BF
:107610005352B3FBF1F201FB1233E36160E7194609
:10762000206C10F027FAE7E7B4F858128DE700BF96
:10763000F8B5494B1A789AB1484B0446484D9A7AA6
:10764000D5F8B073022AC5F8B00353D0032A06D088
:10765000012A0AD0434B0022C3E900229A60F8BDF8
:10766000404BC3E900229A60F8BD3F4A3F4BD279B4
:1076700033F81260B6B23046FEF7ACFE07EE906A01
:10768000D5F88433B8EE670AC5F87C033BB105F53D
:1076900063709847BCEEC00A10EE103A9EB23046B6
:1076A000FEF798FEE31BD5F87C1395EDDD7A01FB20
:1076B00003F3DFED2F6A2B4A07EE903A2D4BC5F806
:1076C0007803F8EEE77A1C78212CA7EEA67AC2E9B7
:1076D0000001F0EE477ABDEEC77AC5EDDD7A17EE10
:1076E000103A82ED027A85EDDC7AB8D1224AC2E9FD
:1076F0000213F8BD214B1B681B01B0D5FF20EDF72D
:107700009BFB18B103780A2B08D900200346154AC1
:10771000C5E9ED03C2E900339060F8BD184A194B82
:1077200092881B68D0ED027A03FB02F3DFED166A44
:10773000F8EEE77A154907EE103A4368A1FB02120A
:10774000B8EE477A03EBD203E7EE267AFDEEE77A4E
:1077500017EE900ADBE700BF4A8D01205C7801201C
:1077600014A201207C78012000270120A001002024
:107770002FE33E319C200020A02000204C39012026
:10778000C8770120301D01207D219534CDCCCCCC93
:107790004D4B70B55B7A012B11D0022B57D14B4B5F
:1077A0001B681B015BD44A4B1B78022B00D070BDB9
:1077B000484A494B51881288C3E9001270BD474AB4
:1077C000474B9278474C33F81200D4F8403385B2D7
:1077D00007EE905AB8EE670A002B64D004F5527099
:1077E0009847BCEEC00A10EE103A9BB294F8BC2346
:1077F00044F6FB71B4F8980200FB02F03A4A00FB31
:1078000003F300FB05F094F8BD53A2FB036394F867
:10781000BE63A2FB0002C5EB053001EBD3032D4D87
:1078200001EBD202B3FBF0F3B3FBF6F3B2FBF0F2E1
:107830009BB2B2FBF6F2A4F8383392B22B80244B01
:10784000A4F83A231B786A80022BB0D1B0E7214B11
:1078500000221A601E4B1B78022BA8D1A8E7FF203C
:10786000EDF7EAFA38B303780A2B1ED99FED1F0A09
:1078700000231C4CD4F80C23A4F806330AB304F5F7
:1078800045709047BCEEC00AB4F8061310EE103AEB
:107890009BB2A4F804330F4A13800D4B51801B7820
:1078A000022B84D184E72B46A0E7438807EE903A69
:1078B000B8EE670ADDE70B4AB2F80433B2F80613F4
:1078C000E9E71946E5E700BF5C7801204C39012063
:1078D0009C20002054780120A020002000270120B7
:1078E000A001002014A20120CDCCCCCC00000000CF
:1078F00010B50B7904461A2B27D01B2B11D01C2B4B
:1079000019D01D2B03D1184B93F8F0233ABB09680B
:10791000204614F0E7FD23683B22591C21601A70B1
:1079200010BD114B93F8D023002AF0D003F57471E9
:1079300014F0D8FDEFE70C4B93F8E023002AE6D0D3
:1079400003F5787114F0CEFDE5E7074B93F8C023FB
:10795000002ADCD003F5707114F0C4FDDBE703F5F9
:107960007C7114F0BFFDD6E714A20120B0F90830F5
:107970006E2B00D0704710B5044614F099FD2046D8
:1079800014F08AFD204614F087FD2046BDE8104023
:1079900014F082BD38B50EF0DBF8474B1A78002A98
:1079A00037D0012A37D05A785AB1444A92F8202069
:1079B000012A04D0022A04D193F838200AB1062201
:1079C0001A7093F828200AB902225A703C493D4C9B
:1079D000D1F80024821AA24219D91A78C1F80004F9
:1079E000032A28D0354A147F187D91F90924A04232
:1079F00034BF01204FF0FF3002440A2A1046A8BFCE
:107A00000A20092A20EAE07081F8090400DC38BD68
:107A100003225A7038BD9D890A24294B0021052272
:107A2000A3F80654C3F8000483F8044483F8081448
:107A300083F8092438BD588A91F90424962834BF64
:107A400001204FF0FF300244142A1046A8BF142032
:107A5000132A20EAE07081F8040401DD04225A7040
:107A60009C89B1F8060491F90824A04234BF012092
:107A70004FF0FF30A1F8064402440A2A1046A8BF7E
:107A80000A20092A20EAE07081F80804AADD0E4ADB
:107A9000126812F0080F094A0BD092F8220040B188
:107AA00091F8B40228B9012481F8080481F8B4429D
:107AB00099E70120587096E77C840120C884012052
:107AC00014A201203F420F00BC7701202DE9F047AE
:107AD000BB4C2378012B0DD1BA4B0022002003F2BE
:107AE0001441A3F80A24A3F80C240860C3F8102456
:107AF000A3F81824B44B1E78242E02D1B34B62781D
:107B0000DA60B34B1B78002B00F00481628A6FF0BF
:107B1000630C236BAF489B1AAA4DDFF8E88280FB09
:107B20000312DB17B5F90C74C3EB6213B5F80AE462
:107B3000B8F81A100FFA83F9B8F818209BB24F441E
:107B4000A5F80A94A3EB0E0EB8F81690642F11FB5B
:107B50000EF1DFF8B4E2A8BF642719FB0313DEF8C7
:107B600004106745B8BF674694F834C007FB02F2BB
:107B70000CEB8C0AA5F80C7480FB0297D2170AEB69
:107B80008A0A94F83590C2EB67124FEA8A071344C9
:107B90001BB2502BD4BFCB1801F15003B3EB8A0FAB
:107BA0000CDB09EB890909EB89094FEA89079F4238
:107BB000A8BF1F46A0FB07304FEA501C07EE90CA33
:107BC0009FED850ACEF80470F8EEE77A27EE800A7A
:107BD00021F0E6FEA168E36A5B1A1BB283EAE37256
:107BE000A2EBE372013A92B2B2F5957F40F2B8800F
:107BF000F7EE006A002B40F38F80B8F82A30D4EDFE
:107C0000067A07EE103AB8EEC77AD7EE267AFDEE7E
:107C1000E77A17EE903A83EAE37207EE903AA2EB26
:107C2000E372F8EEE75A632A40F3B580DFED6B6A42
:107C30006B496C4A6C481288D0ED007AA2F57A72D2
:107C400090ED015AB5F918C465EEA75A07EE102A4F
:107C5000D5F8102426EE855A07EE90CAB8EEC76A0A
:107C60009A1AC1ED006AF8EEE77A07EE102A75EE6F
:107C7000856AC6EE004A90ED024AC5F81034B8F89D
:107C80001000B8F812E0A0F57A728446B8EEC77A10
:107C900077EEA67A27EE047A77EE877AFDEEE77A1A
:107CA00017EE901AFDEEE47A17EE903A0FFA83F889
:107CB000A2EB0803994206DBAEF57A73A3EB080347
:107CC0008B42A8BF0B461BB203F57A72A5F8183495
:107CD0009044404505DCC645F446A8BFC4461FFA9B
:107CE0008CF0424A242E108034D0382E12D1D4ED9C
:107CF000067AFDEEE55ABDEEC55A344BFDEEE77A45
:107D0000BDEEC77AC3ED005A83ED015AC3ED037A85
:107D100083ED027ABDE8F0872BD0B1F5FA7F3FDC26
:107D200001EB8101324B94ED067A090183FB0123BB
:107D3000C917C1EB6313322BB8BF32235B4207EE86
:107D4000903AF8EEE77A77EEC77AFDEEE77A17EE2B
:107D5000903A60E71D4AC2E900C79360BDE8F0872A
:107D600007EE903AF8EEE76ADFED227A66EEA76A50
:107D700040E7DFED1A6AF0EE665A19499FED1E7A68
:107D800091ED006ADFED1D7A76EE866AC6FEC76A5F
:107D9000C6FEA76A4DE7DFED1A6A65EEA66AECE754
:107DA000B8F82C30D4ED067A5B4207EE103AB8EE04
:107DB000C77AD7EE267AFDEEE77A17EE903A2AE7F1
:107DC0007C84012014A201209C200020A0200020FF
:107DD000F07E01201F85EB5135FA8E3C000000003B
:107DE00028A6012034850120388501200485012042
:107DF000D34D62100E745A3B00007A4300007AC3E0
:107E00000AD7233CC8840120FC840120042008B543
:107E100009F0A6F9064B074A58681168DA68196133
:107E20008A1A904202DA002283F8252008BD00BF9A
:107E3000307E0120301D012008B5054BDFED057AAD
:107E400093ED020A20EE270A21F0F2FD00B208BDF0
:107E5000000000200000C842044BDFED057A93EDDE
:107E6000010A20EE270A21F0E3BD00BF0000002038
:107E70000000C842052813D8052911D888420FD020
:107E80002C2330B5074D00FB035401FB03550FCDE8
:107E90000FC40FCD0FC495E8070084E8070030BD7C
:107EA000704700BF30A6012016492C20164B01F266
:107EB0001C4210B45B78154C03FB002200FB03133B
:107EC000226093F82524124B013A042A13D8DFE8E4
:107ED00002F00306090C0F000E4ADA600DE00E4AAC
:107EE000DA600AE00D4ADA6007E00D4ADA6004E081
:107EF0000C4ADA6001E00C4ADA605DF8044BFBF7EB
:107F000088B800BF14A20120B89101206825002084
:107F10002C460020815C0208555D0208C55D020800
:107F20004D710208A55E0208BD5F0208052801D850
:107F3000014B5870B8E700BFB8910120F0B500239D
:107F400083B0194E1D46194C0093ADF80430C6F8A5
:107F50002435C6F828350BE0D6F828355A1C3344AA
:107F6000C6F8282583F82C7501350634142D16D053
:107F70006379204606226946EFB2002BECD124F04B
:107F800065F90028F0D0D6F82435013506345A1C9E
:107F9000142D3344C6F8242583F84075E8D103B086
:107FA000BDE8F04008F0FEBE14A20120A494012018
:107FB0000021F0B40A46244E0F4601EB410316F8A7
:107FC00013505C0006EB430C854239D0FAB18C1893
:107FD000132C30D804EB440306EB430303E00132D7
:107FE0005418132C27D81D7806338542F7D004EB9C
:107FF0004404013156F8143006EB44041429CCF83B
:108000000030A388ACF80430D7D1F0BC7047013100
:108010001429FAD001EB410316F81330834203D040
:1080200001311429C9D1F0E70122A31D8C1806EBF8
:10803000030C132CCED9CCF80070ACF80470EFE729
:10804000012A38BF0122C2E7A4940120124B014645
:1080500010B403F1780402E006339C4217D01A787A
:108060008A42F9D193F9022012F17D0F08DB93F9CE
:1080700003007D28D8BF8242B4BF0120002003DB6B
:108080005A79002AE8D001205DF8044B704700209F
:108090005DF8044B704700BFA4940120044B93F893
:1080A0005B35022B01D1012070470620CEE700BFCF
:1080B00014A20120F0B50D4683B00178044628468D
:1080C000174601911E4618F0E5FB019978B1237916
:1080D000012B15D00EB903B0F0BD284618F0BAFB3D
:1080E0002178384603B0BDE8F04018F0C3BB3846ED
:1080F00018F0D0FB01990028EDD12379012BE9D1AB
:10810000284618F0B7FB002EEAD003B0F0BD00BF40
:108110000146014818F0BEBB6486012008B5FFF790
:108120000DFF0020FFF792FF70B9094BD97B003992
:1081300018BF01211B7C074A003B82F8601518BF5D
:10814000012382F8613508BD0021014BF2E700BF31
:10815000B891012014A20120084A094B928A93ED9C
:10816000047A07EE902AF8EEE77AB4EEE77AF1EEB9
:1081700010FAACBF01200020704700BFC8360120B4
:10818000DC7D0120A0F12D02114B012A1B6800D9D2
:1081900060B9104940F6B832D1F864155B1A9342C1
:1081A00003DD0D4B00221A607047704770B40B4A14
:1081B00000EB4004074E02EB8402074D084CC6F862
:1081C0006435126B074B2A602060196070BC7047E1
:1081D000301D012014A201206480012018CB040866
:1081E000107B0120147B012001383C283ED8DFE8B9
:1081F00010F03E013A01360132012E012A0126011A
:1082000022011E011A01160112010E010A010601C6
:108210000201FE00FA00F600F200EE003D00E90067
:10822000E400DF00DA00D500D0003D00CB00C6003E
:10823000C100BC00B700B200AD00A800A3009E00C2
:10824000990094008F008C008800840080003D001D
:108250007C007800740070006C00670062005D00B4
:10826000580053004E00490044003F000020704772
:10827000814B1B68B3F8700070477F4B1B68B3F8E5
:108280006E0070477C4B1B68B3F86C0070477A4BEC
:108290001B6893F83E007047774B1B6893F83B00D0
:1082A0007047754B1B6893F83C007047724B1B6816
:1082B00093F839007047704B1B6893F83D00704786
:1082C0006D4B1B6893F83A0070476B4B1B68188D19
:1082D0007047694B1B68D88C7047674B1B68988C3C
:1082E0007047654B1B68588C7047644BD8780130D9
:1082F0007047634B187801307047614B58780130F4
:108300007047604BB3F9060070475E4B9878704732
:10831000594B1B6893F883007047574B1B6893F8C1
:1083200082007047544B1B6893F87F007047524B94
:108330001B6893F87E0070474F4B1B6893F87D00D5
:1083400070474D4B1B6893F87C0070474A4B1B6885
:1083500093F87B007047484B1B6893F87A0070478E
:10836000454B1B6893F858007047434B1B6893F8C4
:1083700054007047404B1B6893F8520070473E4BC7
:108380001B68B3F8680070473B4B1B68B3F8660086
:108390007047394B1B68B3F850007047364B1B6869
:1083A000B3F84C007047344B1B68B3F84A00704771
:1083B000314B1B68B3F8480070472F4B1B68B3F86C
:1083C000460070472C4B1B68B3F8440070472A4B9B
:1083D0001B68188C7047284B1B68D88B7047264B3E
:1083E0001B68988B7047244B1B68588B7047224B37
:1083F0001B68188A7047204B1B68D88970471E4B32
:108400001B68988970471C4B1B68588970471A4B2A
:108410001B68188B7047184B1B68D88A7047164B1F
:108420001B68988A7047144B1B68588A7047164B14
:108430001B68187C7047144B1B68987B7047124B65
:108440001B68D87B7047104B1B68187B70470E4B1E
:108450001B68987A70470C4B1B68D87A70470A4B98
:108460001B68187D7047084B1B68987C7047064B4B
:108470001B68D87C704700BF087B0120B47B0120BB
:10848000B89101203C8D0120682500200B4A13780B
:10849000527807EE903A0A4BF8EE677AC3ED047A09
:1084A000C3ED057A07EE902A0022F8EE677ADA61CA
:1084B0000122C3ED067A83F820207047D49501206D
:1084C0002C4600202B4A38B51378D90700D438BD84
:1084D00023F001030446284D43F0020313700DF00E
:1084E00037FB264BC5F868051B780A3B012B36D9AC
:1084F00000200FF0B9FB95F97C2595F86C15002A42
:1085000007DA0029E3D01E491E48BDE838400FF0C5
:10851000D9B81D4BD5F880451B681C481B1BA0FB18
:108520000303B2EB931F4FEA9314EAD8184BD5F824
:1085300084151B68174A5B1AD5F87005D5F87815AD
:10854000A2FB0323D5F87425013001EB5313224419
:10855000C5F87005C5F87835C5F87425D3E745200A
:10856000F2F7C0FF0F20F2F7BDFF2046F3F7B4F992
:10857000BEE700BF8878012014A2012058860120A0
:1085800020A1070070060120301D0120D34D62108C
:10859000E87E01201F85EB512DE9F843BB4E33786F
:1085A00013F0010405D001210020BDE8F8430FF0CD
:1085B0009DBBDFF82093D9F800309D0500F146817E
:1085C000B34D95F86005002800F035810720FFF7CE
:1085D0009FFD002800F0E680102008F0C1FDFFF7A5
:1085E000BBFD002800F0DA80802008F0B9FDA94F1B
:1085F0003B68980740F1C08095F8B632002B40F0F8
:10860000BB804FF4807008F0ABFDA34A40F2EE232C
:108610004FF400609188994203D812889A4240F240
:10862000D18008F09DFDD7F8008018F0010F6BD0C5
:10863000F7F746FC002867D14FF4805008F090FD12
:108640000820FFF703FD002879D00820FFF760FD20
:1086500018B13378590740F16F814FF4806008F00A
:108660007FFDFFF71BFD00286DD18C4B1B685A0066
:1086700004D5FBF7EDFC002800F09F804FF480103C
:1086800008F066FD864AD37A012B7DD0022B78D084
:108690004FF4800008F05CFD0920FFF739FD002849
:1086A00040F0C4803B689B0700F1B0804FF40000AD
:1086B00008F04EFD7B4B1B78002B00F0A28095F854
:1086C00060357BB995F88C35002B7ED1D9F8000048
:1086D000002840F08980FFF71BFD40B94FF0007083
:1086E00008F036FDD9F80060002E18BF022485F886
:1086F0008E450DF02DFAD5F89035C01A002855DBBF
:10870000BDE8F84308F0E8B918F0020F04D0664B52
:10871000B3F8A830002B8FD118F0040F03D0B5F8B0
:10872000F032002B88D118F0080F58D14FF4805048
:1087300008F00EFD0820FFF789FC002885D1FFF71F
:10874000ADFC002891D0594B4FF4802031781B7834
:10875000574A0B4392F8212003F00203134300F021
:10876000918008F0F5FC0620FFF7D2FC00B34FF42F
:10877000002008F0F5FC78E74FF4807008F0E8FC82
:1087800043E79378082B83D04A4B1B78002B3FF4A8
:108790007FAF4FF4800008F0E3FC7DE7802008F015
:1087A000D7FC24E7102008F0D3FC18E7BDE8F883D5
:1087B0004FF4002008F0CCFC57E74FF4801008F08D
:1087C000CFFC5FE708F0C4FC2DE7D9F800603A4819
:1087D000304048B9FFF79CFC002885D17EE7374B35
:1087E0001B68002BA2D027E70020FFF791FC002890
:1087F0003FF474AF4FF0007008F0B2FCD9F800609D
:1088000072E74FF0807008F0ABFC58E72C4BB3F9DF
:108810000A30002B7FF44AAF0120FFF717FC002835
:108820005AD04FF4000008F09BFC43E74FF40030AF
:1088300008F096FC36E795F88835224A93F0010354
:10884000177871D0B7B985F88875BFE61E494FF41F
:108850007A731E4A8979126803FB01F393423FF64B
:10886000AFAE1B4B1B78002B55D14FF4007008F0B6
:108870006FFCA5E6FFF74CFC002851D1082008F05A
:1088800067FCE0E708F06CFC6DE700BF887801202A
:1088900014A20120BC7701202C4600204C39012075
:1088A000BC38012088200020144400202C780120AE
:1088B000C8840120ED380120FFEFFFFD7C910120ED
:1088C000C0390120257E0120B8910120301D0120F2
:1088D0001C0A0020007B01200220FFF7B7FB0028C4
:1088E0009FD10320FFF7B2FB00289AD10520FFF7A4
:1088F000ADFB002895D10620FFF7A8FB002890D1FA
:108900000D20FFF7A3FB00288BD195F85B35022BD8
:108910007FF4CCAE85E710F071FC0028A5D14FE6BE
:10892000082008F01DFC8EE7002F8CD01846FFF7BA
:10893000EFFB002887D1A1E74FF4806008F008FC26
:10894000FDE600BF2DE9F0417D4C94F88C35002BFD
:1089500040F08A80FFF720FE7A4B1D68C5B97A4F38
:108960003B7813F0010501D0BDE8F0810DF0F0F87F
:10897000D4F89435754A0646C31A934200F28A80A9
:10898000D4F89835002BEFD10123C4F89835EBE7E4
:108990006F4B00221B78C4F898251BB1F7F790FAAB
:1089A0000028E1D0002D95FAA5F5D4F8A035B5FA48
:1089B00085F508BF4FF0FF350135AB42D4D0E8B2A2
:1089C000644A4FF00533C4F8A055A2FB001243F2ED
:1089D00005250428C4F8A43502F0FC01C4F8A83524
:1089E000A4F8AC554FEA920301EB9201A0EB010110
:1089F000CFB240F2A280013B0A22574E1920DBB2CF
:108A00005B0003EB020C511C6245B05402F1020200
:108A100006EB020540F08180214432220C3381F8BC
:108A2000A4253E2B00F28780002F00F08480791E61
:108A3000494E05251927C9B203EB410103E03E2B3E
:108A400000F8017C77D85A1C8B42F55403F10203DD
:108A500006EB0300F3D11444FF230E2084F8A43561
:108A6000BDE8F04108F0E2B9394A1378002B7FF4F1
:108A700071AF3A4842F2107339490125008B1570E5
:108A800003FB00F38A68B3FBF2F3C1F8D431C1F8F9
:108A900070335FE797F800800820324B48F00102FE
:108AA000C4F898551D823A70FFF7D0FA18B148F013
:108AB000050887F8008094F88D3507EE906ADFEDA1
:108AC0002A6A07EE103AF8EE677A0023B8EEC77A02
:108AD000C4F8A035E7EE267AFCEEE77A17EE903A76
:108AE000C4F89C35F2F704F8204B1B681A061AD517
:108AF0001F4B1B789B0703D51E4B1B7D042B16D8E1
:108B0000162008F093F91C4A1C4B12681B68C4F825
:108B10008025C4F88435BDE8F0813E2A05F8010CB3
:108B20007FF671AF97E7052008F080F9EBE70620A4
:108B300008F07CF9E7E71A468DE70A2371E700BFE2
:108B400014A20120007B0120887801207F4F1200B1
:108B5000B4910120CDCCCCCCB8A70120FC8D012054
:108B60008C020020C0440020002474494C390120AC
:108B70002C78012078390120301D0120E87E012069
:108B80002DE9F04F0E4689B004460B210A309E4D68
:108B90000396661815F800B00544F6B2049295F8ED
:108BA0000CA0584632461F469DF848909DF84C80D0
:108BB0000CF000FFDA45054640F0CE80059058469F
:108BC0000EF0B2FE18F008030246029300F0B780E0
:108BD000002D00F0AF802B7A990700F1AB80DFF811
:108BE00038A24FF41C7303FB04A3C3F82C56C3F83C
:108BF0002806C3F82406002800F001810B2309F0A1
:108C00000201C671019183714FF41C7B7F4E4FF4BA
:108C10008072DFF808E20BFB04FB04990BF15000B3
:108C20000AEB0B050BF5A873304485F8EC9533443B
:108C30004FF00009C5F8FC050398C5F80036C5F8E3
:108C4000F425C5F8F82585F8ED85C5F81406C5F8AE
:108C500018163946D5F82C06C5F8E8E5C5F8F075BC
:108C600085F84848C5F80896C5F80496C5F81096E2
:108C7000C5F80C96C5F84498A5F83C98FEF7DCFBBF
:108C800008F00101D5F82C060BF51B78E1F724FD5F
:108C90005F4B60490BF51972C5F84C38B044019B25
:108CA0003244C5F85098C5F85418E3B1D5F83406E5
:108CB000C8B1D5F82C16036809688B4213D001237C
:108CC0003946019285F84938FEF7B6FB019A4946C4
:108CD000D5F834061DF0C8FC4A464146D5F82C06A6
:108CE0001DF0C2FC0BE04FF41C730025414603FB52
:108CF00004A3D3F82C0683F849581DF0B5FC4FF4B3
:108D00001C705E4400FB04A4D4F82C3618681DF0D7
:108D100039FE029BC4F830062BB33046FEF766FBE3
:108D2000304609B0BDE8F08F059B079013B1197A62
:108D30008B0720D50026304609B0BDE8F08F19F02A
:108D400001030693F0D109F00201CBB20193019B1C
:108D50008BBBDFF8C4A057E732460C2150460CF01D
:108D600029FE05902BE73046FEF734FB0121304603
:108D7000FEF77AFBD1E75046DFF89CA00EF0D4FD59
:108D80004FF41C7C059A09F002010CFB04AC8E46E2
:108D90000191CCF82C26079ACCF82406904200D1F9
:108DA00009BB0028D1D04FF00C0C019BC67180F894
:108DB00006C0002BCDD0BBF1000FBBD0DFF858A010
:108DC0004FF41C73069803FB04A3C3F8282678B954
:108DD000002DAFD0C3F82C569AB1CBB2D671019307
:108DE0000B23937110E7BBF1000FA3D0CCF828261A
:108DF0004FF41C7303FB04A3C3F83456ECE709F0EB
:108E00000201CBB20193FFE628390120FCA7012023
:108E1000817402080173020814A2012030CE0408F4
:108E200070B584B00D4616461DF0ACFD98B10B49E7
:108E30000023012204460978029301290192694620
:108E40002A4608BF032300960393E8F7ABFE2946A2
:108E50002046E8F777FF04B070BD00BF82370120DD
:108E600070B510F80E3C044650F8040C53B90123B9
:108E700024F80C1C022204F80E3C41790068BDE87D
:108E80007040CDE734F80C3C002524F80A1CCB1ABE
:108E9000084E14F80F1C2A469BB224F8083C26F80A
:108EA000113004F80E5C41790068FFF7B9FF04F84F
:108EB0000D5C70BDF08C0120034B187818B1034B8A
:108EC0001B88B3FBF0F070474A8D012054780120D5
:108ED0001F4B187800283AD01E4A9389FBB11E4ACE
:108EE00007EE903A9FED1D6A07EE103AD2ED026A46
:108EF000F8EE677AB8EEC77AF8EEE66A77EEE66AD9
:108F000066EE866AC6EE877AFDEEE77A17EE900A7D
:108F10006428A8BF642020EAE070C0B270471049FE
:108F2000642310B409885488128800FB1411121BA2
:108F30005DF8044B03FB01F300FB02F0B3FBF0F020
:108F40006428A8BF642020EAE070C0B27047704770
:108F50004A8D01205C7801207C7801200000C84205
:108F60005478012070486FF0040C704B2DE9F04FDD
:108F7000D0F8C86A87B04FF0000993F851403168C3
:108F800040F6E44ACDF80C9004F10108C1F800C0A5
:108F9000CA6BDD6C0392039FCDF81090C1F800C03E
:108FA0001FFA87FED1F840909A6CCDF8109035F8F2
:108FB00014C07244DDF8109025F81470A2EB0C0276
:108FC0001FFA89F593F850C05F6D93F85D40D3F8B0
:108FD00058B02F449A640195D0F8D05AB2FBFCF2F5
:108FE0000AFB05F53BF814A092B22BF81490A7EBFE
:108FF0000A0793F85C9001345F65B5FBF2F2B7FBAA
:10900000F9FBB8FBFCF51FFA82FA0CFB158C1FFA72
:109010008BF5474F83F851C00AFB05F5A0F898225D
:10902000AD08A0F8CCBAD0F8D42AA7FB0557414D1B
:10903000B4FBF9FC09FB1C44C2EB57123E4F83F80A
:109040005D40D0F8D83A3F7803FB02F23B4C1E2F2C
:1090500002F5FA7285FB02354FEAE272C2EBA51205
:1090600002F11E0212B2228005D1354BC3E9002E57
:10907000019AC3E9022A96F83C300022012B05929E
:109080003ED0012386F83C308B68DC0714D42D4B8E
:109090002D4C1B688A68A4FB034342F001029B0C21
:1090A0008A6003EB43030593059B2BB1059B013BB2
:1090B0000593059B002BF9D18B68DA0720D5326C1C
:1090C000224B134043F480533364336C13F48073A6
:1090D00000D1736400246FF004021D4B86F83C40FD
:1090E0000A605B68DB0611D18A684B6802F44012A3
:1090F00003F48063134303D18B6843F480038B60D4
:10910000012380F8DC3A07B0BDE8F08F114B8C6882
:1091100099424A68F4D104F4401402F4806254EA9B
:109120000203EDD1E8E700BF14A2012038060120B8
:109130009F00EE09D34D62109C2000200C7B012083
:10914000A02000207C1E012083DE1B43FECFFFFFFA
:10915000002301400020014008B51FF04FFD00B181
:1091600008BDBDE80840FDE61B4AF0B4556A87011A
:109170001A4E002D06EB80100BDD2832002301E093
:109180009D4206D052F8044B01338442F8D10120AD
:1091900000E00020F259F31908721069C860107DD0
:1091A00048729E68D3E90804D2E90052E4080D60D1
:1091B000C0089D6A4A60DA6A4D61CC619D699C6B0A
:1091C0008A615A6BDB6B08620E614D620B63C1E909
:1091D0000A24F0BC704700BF2C460020E42F012079
:1091E000F8B51D4F7E6A162E0EDC002E05460DDDED
:1091F00007F128010B4601EB860001E0984208D0F8
:1092000053F8042B9542F9D10020F8BDFCD107F1A9
:109210002801124A00240AE018682B6890F914000B
:1092200093F91430984206DB0134A642ECDB52F885
:10923000043B002BF0D1601C321B013607EB840489
:1092400080009200031F0844194422F0E1FE01202F
:109250007E62A562F8BD00BF2C4600205446002067
:10926000124B820103EB801019B1D358DB6803B1B4
:10927000B6E770B50E4D6C6A002C15DD05F12801BE
:1092800000220B4602E00132A2420DD053F8046BDB
:10929000B042F8D19000A21A013C031D920008448C
:1092A000194422F0B5FE6C6270BD00BFE42F0120AE
:1092B0002C4600202DE9F04F012085B007F05EFC20
:1092C000002405462E4E2F4F002D47D0022C45D8A6
:1092D0004FF0E00808FB04F856F8089006EB080B7E
:1092E000B9F1000F02D00134E4B2EDE7032395F9A0
:1092F0000400CDF8089001210193234B6A7953F8BB
:1093000022304A4600934B4607F095FC8246D8B17E
:109310004FF40F720121284607F01CFC0546C4EBF0
:10932000C400DC224946013406EB4010E4B20430AC
:1093300022F088FE154A46F808A013688BF8DA5028
:10934000591CCBF8DC30116097F8E43A4FF00C0C64
:109350000F49DAB2082A04D987F8E42A05B0BDE833
:10936000F08F03F1010E0CFB03F301325D185B5823
:10937000D2B2DB0702D587F8E42AA5E77346E8E70F
:10938000E039012014A20120E4C904088C810120E5
:10939000803C01202DE9F04F6B4D2B782DED068B95
:1093A000052BC5B0079001F0FD80684CFDF794FDDA
:1093B000674E684B0021D6ED1A5A93F800B006F1BB
:1093C000300396ED196A2F7820686269DFF894C13E
:1093D0009FED615ABCEC017A8B45D3ED007A03ED29
:1093E0000C7A00F0D681F0EE676AD7EE076AF5EEE8
:1093F000C06AB0EE667AF1EE10FA40F3C581E6EE8F
:10940000077AE3EC017A01310429E3D1312F20609E
:10941000626100F0B18596ED147AD6ED016A96EDA1
:10942000000A67EE267A9FED4D6A20EE077A67EE16
:10943000A77AE7EE077AF4EEC67AF1EE10FA09DDC4
:10944000B1EEE77A80EE070AC6EE877A86ED000A6B
:10945000C6ED017ABBF1000F40F02285272F01F005
:10946000CC803B4F4FF00009DFF8FC8007F1780A11
:109470009FED398A97ED107AD7ED087AB5EEC07A6C
:10948000F1EE10FA0BDD77EE876AF4EEC06AF1EECA
:1094900010FA00F1998177EEC77A80FE270ACB4552
:1094A00087ED080A37D05AF8083C002B00F08F816E
:1094B00050469847274BA7EC010A1B784B4539D0FB
:1094C000274B4846DB689847D8F8003003EB490340
:1094D0005B8B5A4207EE902AF8EEE77AB4EEE70A81
:1094E000F1EE10FA05D407EE903AF8EE677AC7FE6F
:1094F000C07A184BC7ED037A93F800B0CB4500F063
:109500003A8109F101090AF1300AB9F1040F2DD0AD
:1095100097ED000AAEE72B78272B05D160EE087A8D
:10952000FDEEE77AC4ED027A5AF8083C002BBFD171
:10953000A7EC010A2B78272BC2D160EE087AFDEE4A
:10954000E77AC4ED037ABBE79C200020A02000202E
:10955000402100208802002000007A440100803F62
:109560002C460020C020002068250020CB4B1B7813
:10957000002B40F044862B78052B01F00C80C84F5F
:109580003B7C002B40F02681C64B049396ED070AE6
:109590000320F9F77FFEDFEDC47A97F8088020EE0C
:1095A000270AB8F1020F87ED0B0A00F02087B8F107
:1095B000090F00F01087B8F1010F00F07D86002040
:1095C000DFF81883FBF772FB0120FBF76FFB02202B
:1095D000FBF76CFBB54EFFEE007AF7EE008A7B6B73
:1095E000327898ED599A002A98ED048A47FEA88AA5
:1095F000002B00F03B86B0EE480AAD48984778EE65
:10960000404AB0EEE46AB0EEC97A97ED1A5AD7ED47
:109610001C5AF0EEC06AD7ED1B7A27EE057A97ED5B
:10962000415A26EE256AD7ED425A66EEA76A2B7894
:1096300076EE077A482B77EEA67A67EEA87A35EEB3
:10964000275A75EEA75A87ED415AC7ED425A00F0E6
:10965000D884D7ED1D7A472BD7ED396A68EE277A83
:1096600097ED3A7A76EEA76A37EE277AC7ED396A30
:1096700087ED3A7A40F0E7809FED8E7A8E4A28EEA9
:10968000078A67EE877A1278BDEEC88AFDEEE77A20
:1096900084ED008AC4ED017A002A40F0F984012BA0
:1096A00000F0ED80854B03F13A0133F8022F501E94
:1096B00002B118809942F8D1814B08F1A80100222B
:1096C00043F8042B9942FBD1FBF7F4FEF378002B0F
:1096D00000F036817B4A013B9FED735AB2F90610C8
:1096E000D8ED046A07EE101AB2F90C1026EE854A7E
:1096F000D8ED054A07EE901AB2F91210D8ED012AFA
:10970000B8EEC77A06EE101AB2F91810B2F91E2098
:1097100062EE852A98ED023A06EE901AD8ED033AE9
:1097200005EE902A23EE053A98ED562A63EE853A27
:10973000F8EEE77A24EE855AD8ED574AB8EEC66AB5
:10974000F8EEE66AF8EEE55A27EE227AD8ED582AC6
:1097500067EE837A26EE236A66EE846A65EE855AA2
:10976000052B00F2E580DFE813F0A5078107590714
:10977000BF00C107AD072B78272B7FF4C2AEFDEEEB
:10978000E77AC4ED047ABCE6E5EEA67AE3EC017A6A
:1097900039E6272F00F0D483F0EE676AD7EE076A28
:1097A000F5EEC06AB0EE667AF1EE10FA3FF727AE3A
:1097B000E5EE877A272FE3EC017A7FF424AEFDEE05
:1097C000E77A17EE902A1EE6B0EE660A67E6A7EC87
:1097D000010A75E6334BF7EE005A97ED006AB6EED4
:1097E000007AD3ED0E7ADFED386A67EE867A9FED68
:1097F000374ADFED374A97ED355A67EEA67A97ED8F
:109800003D6A049367EEA76A26EE877AF0EE656AF2
:10981000E7EE645AE7EE446A27EE257A67EEA67A09
:10982000F0EE455A65EE276AE6EE275AE6EE076A3D
:10983000F0EE657A36EE666AE5EE477A87ED3D6AC8
:10984000C7ED357AA2E61C4A1278002A40F020843F
:10985000052B7FF424AF1F4F0CF07AF92B78D7F843
:109860008C20052BA0EB020060607FF418AF0CF099
:109870006FF92B78C7F89000012B7FF413AF0CF031
:1098800067F9154A049BD2F8E81A1B69C2F8E80A7E
:10989000401AC31AC4E9020304E700BFD420002021
:1098A000842800208C0200206F12833A3C8D012016
:1098B000C028002000007A44D83B00201C2800204B
:1098C0007C2700204C8D012035FA8E3CABAAAA3EA5
:1098D000ABAA2A3E2C46002014A201200827002013
:1098E000BA8D243F7D1B443F1FED035AF6EE003A2C
:1098F0001FED044A27EE057A27EE844AB0EE475A58
:10990000D6EEA37AB0EE443AA6EEA35AA6EEA33A58
:1099100072EE277A74EE854AC8ED1E7A72EE832ABB
:1099200074EE844A32EEC77AC8ED1F4A88ED207A79
:109930007378C8ED265A002B00F0A08488ED276AC2
:109940008A4A8B4802F580719FED8A6A05E0012EF4
:1099500000F0F1800832914235D01678002EF9D00F
:10996000B2F90630022EB2F9047007EE103A5378BD
:1099700007EE907AB8EEC77A08EB830703EB430350
:10998000F8EEE77AD7ED005A30F9133027EE067A71
:1099900006EE903A937827EE257AF8EEE66AE6EE40
:1099A000877A67EE867A00F0CB80032ECFD11C3306
:1099B000083208EB8303914293ED017A67EE277A30
:1099C000C3ED017AC9D16C4B1B78002B00F0EC8001
:1099D000DFF8C8910026DFF8C8A1DFF8C881674F1B
:1099E0009FED648A9FED66AADFED669A9FED669A09
:1099F000DFED668A21E0B4EEE70AF1EE10FA00F13D
:109A0000A980BAF8003007EE903A614BF8EEE77A99
:109A100053F836B037EE800AA8EC010ABBF1000F0C
:109A200004D020F005F880B2CBF80000524B0AF1C8
:109A3000100A1B78B34240F3B780564B0136B9EC9D
:109A4000010A1B78D9070ED4534B33F9162002F5BF
:109A5000FA639BB2B3F57A6F05D807EE902AB8EE99
:109A6000E70A20EE080ABAF80C300BB3049A07EEA6
:109A7000903A97ED006A1269B8EE677A70EE465A2E
:109A800007EE902A0592F8EE677A67EE887AC7EEBD
:109A9000876AF4EEE56AF1EE10FA00F1C481F1EEA6
:109AA000667AF4EEE75AF1EE10FA48BF36EE660A2F
:109AB000BAF80EB0A7EC010A1BF0020F0FD0B4EEFB
:109AC000CA0AF1EE10FA4ED4B4EEC90AF1EE10FA59
:109AD00046DC20EE280A22F07FFC20EE290A1BF04B
:109AE000010F18BFB1EE400AB5EEC00AF1EE10FA50
:109AF000CCBFBAF80830BAF8063007EE903ABAF997
:109B00000430F8EEE77A07EE103ABAF90230B8EE10
:109B1000C77A20EE270A07EE903AF8EEE77AB4EE1D
:109B2000C70AF1EE10FA7FF766AFF0B2FCF70CF857
:109B3000B0EE470A65E708EB8303C3ED1D7A09E73A
:109B40001C3308EB830393ED017A77EE277AC3ED9C
:109B5000017AFFE6F0B2FBF7F7FFB0EE670A50E7D5
:109B6000B7EE000AB7E7BFEE000AB4E7F4990120A8
:109B70004C8D01206F12833A082B0020D446002020
:109B80009617A7BF5DAD923F9617A73F7D1B443F39
:109B9000F844002088780120EE440020802700202F
:109BA000F49501200C2B0020C74B1B782BB3C74921
:109BB000B7EE006AC64AFFEE006A0E7802EB830336
:109BC000C44806F00106C4499FEDC47A002E40F057
:109BD0002D81B1F9007007EE907AF8EEE77A67EE22
:109BE000877AC7FEC67AC7FEA67AE2EC017A93426C
:109BF00000F1040001F10201E8D1E2F797FFB24B56
:109C00001A78002A00F0DA84B54B4FF00009DFF82B
:109C100020830693B34FB44BB44EDFEDB58A9FED6E
:109C2000B58A9FEDB59A0593069A12F8013B022B6F
:109C3000069200F0FE80012B00F01081032B00F053
:109C40001A81F0EE687A4FEA890B059B13F8012B15
:109C500007EE102A0593A94BB8EEC77A03EB0B0267
:109C600087EE870AD2ED006A57F8082C20EE260A04
:109C700088ED000A0AB13846904795F800A006EB37
:109C80000B02BAF12F0F82ED000A05D198ED000A00
:109C90001FF0CEFE44F80B008B4B09F1010908F1CF
:109CA000040830371A789145BEDBD346012A944B1D
:109CB000D6ED007A94BF0022012293ED006ABBF139
:109CC000050F06EB82028F4B92ED007AD3ED006A0E
:109CD00027EE067A8C4A67EEA67A8C4B82ED007AE4
:109CE000C3ED007A00F045844FF00008884F4FF034
:109CF000000B4FF4005AC1463B7803B37969F1B1C8
:109D00007B783A6B002B00F0C3801268BB69526A03
:109D1000521A03FB02F3F96901225FFA88F09942B3
:109D20000DD27C4BC7F804B01B78C7F82090834253
:109D3000BA81FA81C7E904A901D10BF0E9FD08F164
:109D400001083837B8F1040FD6D1734A1378012BC4
:109D500004D95378023B062B40F22C84B7EE007AEC
:109D6000049991F89636002B42D0DFF8C89141F261
:109D700087320798D9F8EC3AC31A934238DDB1F824
:109D80009826B1F89C3607EE902AB1F89A26F8EE9C
:109D9000E77A08EE102AB8EE488A67EE877AF4EE82
:109DA000C87AF1EE10FA05D407EE103AB8EE478AF9
:109DB00088FE678A2B782B2B00F02984DFF87881C6
:109DC000DDF810A008F1900758F8043C4046B0EECA
:109DD000480A08F1300833B1BAF8022000EE902AA0
:109DE000F8EE600A98474745EED1079BC9F8EC3A70
:109DF000DFF848B19BF80030002B40F04E81474B14
:109E00001B7823B9464E3778002F40F081842B7899
:109E1000052B00F0A583012B00F0918345B0BDEC2C
:109E2000068BBDE8F08F36EE260A41E6D0ED007ACB
:109E3000D7E6374BC9EBC9024FEA890B03EBC202E5
:109E400092ED010A20EE090A1FF0F2FD80B207EE42
:109E5000900AF8EEE77A67EE887AF6E6314A4FEA3A
:109E6000890B02EB8902938907EE903AF8EEE77AC4
:109E700067EE887AE9E64FEA09122B494FEA890B27
:109E8000535A07EE903AF8EEE77A67EE887ADCE606
:109E90001268BB69526A521A92B203FB02F33AE7A4
:109EA000BBF1010F7FF4DDAA272F7FF4DAAAD6EDEC
:109EB000017A9FED1E7A67EE877AFDEEE77AC4EDB0
:109EC000017AFFF7CEBA00BFE42400208878012091
:109ED0008C200020A0270020F44600206F12833A37
:109EE00058450020684500204445002058250020A2
:109EF000000000000000C8429A99193F4845002020
:109F000040450020D8440020042B00205425002088
:109F1000A80100208802002074250020F03C0120C8
:109F2000F0850120FC460020E077012000007A4403
:109F30001C46002014A20120E8060020F43B00206B
:109F4000F0EE674A67EE056AD7EE074AFDEEE66A6D
:109F500016EE900AF5EEC04AB0EE647AF1EE10FA11
:109F60007FF726ACE6EE247AE3EC017AFDEEE77AA1
:109F700017EE902AFFF747BA96ED0C8AD6ED0D8AB8
:109F800096ED0E9AB1EEC85AD6ED0F9ABD4BDFEDA5
:109F9000BE6A93ED086AF1EEE85AB1EEC97AF1EEC5
:109FA000E97A25EE265A65EEA65A26EE266ABDEE19
:109FB000C55AFDEEE55ABDEEC66A27EE267A84ED57
:109FC000005AC4ED015A84ED046ABDEEC77A67EE0B
:109FD000A67A84ED027AFDEEE77AC4ED037AF9F70A
:109FE0003BFDD6ED157A6061B4EEE78AF1EE10FA2A
:109FF00040F3E9820123A361F9F756FDE061FFF721
:10A000000ABADFEDA15AD7ED1D3A97ED394A20EE95
:10A01000250A97ED3A5A64EEA54A9FED9C3A29EE3F
:10A02000259A66EEA56A9A4A27EE257A67EEA57A02
:10A030001278A8EE234AA8EE235A68EE255A26EE97
:10A04000036ABDEEC00AFDEEE55AFDEEE44A87ED77
:10A05000394ABDEEC99A84ED010AFDEEE66AC4ED07
:10A06000005ABDEEC77AC4ED024AFDEEE77A84EDF0
:10A07000039ABDEEC66AC4ED046A84ED067AC4EDA7
:10A08000077A84ED056A87ED3A5A002A3FF407AB58
:10A09000FBF7AAF82B78FFF7DBBB7E4AF2EE049AB7
:10A0A0007D4B4FF00009D2F880201B6811697B4A74
:10A0B00003FB01F3049902F52F62DFF8F88107EE44
:10A0C000903A498892ED007AF8EE677A0AEE901A93
:10A0D000B8EEC77A724BF8EEEAAA9FED72AA93F82F
:10A0E0004431C7EE876A66EEAAAA6AEEA99AFDEE27
:10A0F000E99A0CE09BF80020B1FBF2F302FB13138A
:10A100004A456749DBB281F844317FF778AE4FEAC0
:10A11000C31A80221420F0EE6A0A08EB0A07042111
:10A1200012FB030018F80A2097ED018A09F10109D2
:10A1300006EB8202D7ED028A4044D7ED037A92ED16
:10A14000009A89FE0A9A29EE088AB4EEE88AF1EEAE
:10A1500010FA01D4C8FE678AB0EE680A97ED041AB7
:10A1600022F01EF9BB6A386B3B67FB64B8674C4B47
:10A1700078654D487A6A93F844310078D7F82CC056
:10A18000591CFA669842BA647A6BC7F874C0C7F86B
:10A1900050C0FA67BA65ADD12B782E2BAAD1B2EE9A
:10A1A000046AD7ED026A97ED037ABDEEC99AD7ED3E
:10A1B000047A28EE068A18F80A3068EE868AC4ED1A
:10A1C000039A66EE866A236127EE067A84ED009A8A
:10A1D00067EE867ABDEEC88AFDEEE88AFDEEE66A95
:10A1E000BDEEC77A84ED018AFDEEE77AC4ED028AFE
:10A1F000C4ED056A84ED067AC4ED077A7AE7F9F7CB
:10A2000081F82B78492B7FF4B7A91E4BDFED1E6A2E
:10A21000D3ED087A254B67EEA67A93ED137A93ED8A
:10A22000146ABDEEC77AD3ED156ABDEEC66AFDEEBF
:10A23000E77A17EE102A93ED167A1D4BFDEEE66ACB
:10A24000BDEEC77A2261B3F90010B3F90220B3F969
:10A25000043084ED056AC4ED037AC4ED066A84ED2A
:10A26000077AA360C4E90012FFF789B99FED0D6A70
:10A27000B0EE480AF0EE464AFFF7C5B988ED216A0C
:10A28000FFF75EBB0885012000007A440000C84249
:10A29000D83B0020E42F0120448E012014A201208D
:10A2A0002C4600200000000088020020D42000205E
:10A2B000B8390120F83B00200020FAF713FC404693
:10A2C000FAF710FCD94B96ED060A1B8813F0430FE2
:10A2D00040F016825E0700F1F282180701F18081DA
:10A2E0000220F8F7D7FF049AD7F87C31F0EE409AB5
:10A2F00092ED0EAA87ED430A2BB1B0EE4A0ACC4884
:10A300009847B0EE40AAD7F80C3239EECA8A002B33
:10A3100000F0CF82B0EE480AC6489847F0EE407A87
:10A32000F5EEC07A97ED267ADFF83083B1EE4A0A6F
:10A3300067EE877AC048F1EE10FACCBF97ED099A24
:10A3400097ED0A9A67EE897AC7ED3E7A22F010F807
:10A35000B8F81C31002B00F03E823B7BDFEDB77A72
:10A36000022BC7ED407A00F0B282F0EE678AB0EEC1
:10A37000677AD7ED456AD7ED087A37EE267AB1EEDF
:10A38000678AB4EEC87AF1EE10FA01D487FE678AC4
:10A39000D7ED277A87ED458A28EE279A87ED3F9AF1
:10A3A000F9F75AFB28B9D7ED057A27EE888A87EDA9
:10A3B000458A97ED290AD7ED3E7A69EE809A79EEC3
:10A3C000A77AC7ED419A77EEA87A77EE897AC7ED3A
:10A3D000427AFFF7FFB80020DFF88082FAF7BEF973
:10A3E0000120FAF7BBF9FAF737F8FFF7F3B80020C6
:10A3F000FAF79EFA0120FAF79BFA8C4B96ED060AC3
:10A400001B8813F0430F40F07F815A0700F15B82F5
:10A410001B0701F1EA800220F8F73CFF049AD7F805
:10A420007C31F0EE408A92ED0E9A87ED430A2BB113
:10A43000B0EE490A7E489847B0EE409A38EEC98A95
:10A4400097ED0A6AF2EE046A97ED097AB4EEE68AAD
:10A45000F1EE10FA13DCFAEE047AB4EEE78AF1EECC
:10A4600010FA00F1298277EE467A9FED757A78EE40
:10A47000266A67EE877AB0EE467AA6EEA77AD7ED1F
:10A48000267ABB7A68EE277A67EE877AC7ED3E7A3E
:10A49000002B40F0B081B1EE490A674821F068FF17
:10A4A000D7ED287A387B60EE279A0228C7ED409ACC
:10A4B00000F02082DFF8A481B8F81C31002B00F0F6
:10A4C0008581D7ED3F7A68EE277AF5EEC07AF1EE16
:10A4D00010FA40F37B819FED598A97ED457AD7EDCD
:10A4E000087A38EE078AB1EE679AB4EEC98AF1EEBF
:10A4F00010FA01D488FE679AD7ED277A87ED459A3E
:10A5000029EE278A87ED3F8AF9F7A6FA28B9D7ED11
:10A51000057A27EE899A87ED459A97ED290AD7EDB6
:10A520003E7A68EE808A78EEA77AC7ED418A77EEA8
:10A53000A97A77EE887AC7ED427AFFF74BB8414B9C
:10A5400041499B88414AA1FB03131268C3F3C70327
:10A550009268C4E9002345B0BDEC068BBDE8F08FDE
:10A560000BF0F6FA374BD3F894202B78801AE06082
:10A5700051E4344F0BF0ECFA2B78D7F89020052BF0
:10A58000A0EB0200A0607FF4AFAB0BF0E1FAC7F8DC
:10A590009400FFF7A9BB0BF0DBFA2A4BC3F88C0041
:10A5A000FEF7EDBF0BF0D4FA079B294CC01A2060D0
:10A5B000FEF7FCBE92ED097AFFF7D2BB95F800B02A
:10A5C000244EFFF773BBD6ED167AF4EEE78AF1EE70
:10A5D00010FA3FF70FADD6ED177AB4EEE79AF1EE29
:10A5E00010FA3FF707ADD6ED187AF4EEE79AF1EEE0
:10A5F00010FACCBF01230023FDE4DFED177A60EEF3
:10A60000277AFDEEE77AC4ED017AFEF72ABFB0EEB5
:10A61000480A1FF00DFAA060FFF7D0BB9FED114A6A
:10A62000F6EE003A27EE047AFFF766B98A78012041
:10A63000082A0020982A0020F42A002000000000A8
:10A64000CDCC4C3D2C460020CDCCCCCC7022002073
:10A65000A02000205825002000007A440827002070
:10A66000D7B35D3FF304353FF30435BFB6EE004A80
:10A670001FED055A27EE057A67EE843AD6EE847A06
:10A68000B0EE475AB0EE633AA6EE845AA6EE843A8C
:10A6900072EE277AC8ED1E7A74EE854A73EE222A8E
:10A6A00074EEA34A32EEC77AC8ED1F4A88ED207ACD
:10A6B000FFF73EB9C8ED1E7A88ED1F7AC8ED206A13
:10A6C000FFF736B95FED196A37EE274A1FED1A5AC0
:10A6D00067EEA67AA4EE262AE7EE057A88ED1E2A12
:10A6E00034EEA77A88ED1F7AFFF722B977EE827AE7
:10A6F00037EE247AC8ED1E7A88ED1F7AFFF718B975
:10A700000220F9F7F7FAEBE54046F9F7F3FA82E6AB
:10A71000DFF82CB3F2F758F880469BF80030002899
:10A720006FD10B2B6AD8092B0ED8012B19D840F00A
:10A73000B4801220FDF7ECFC002800F0AE800D2361
:10A740008BF80030FFF763BB4520F0F7CBFEFF200E
:10A75000F0F7C8FEAE48F0F763FF4046F0F7C2FEE0
:10A760003778AC4A0C21AC4B12688BF800105A6059
:10A77000022F00F03382A84BA64A5B681268C833E8
:10A78000934204D3F0F78EFE002800F086803378E1
:10A79000012B01F00881032B0BD1A04E306806F08D
:10A7A000C4F99F4B002293F8F43A3260022B01F077
:10A7B000828101238BF80030F0F758FE00283FF427
:10A7C00026AB01238BF80030FFF721BB97ED000A81
:10A7D00028EE008A81E669EE007AD7ED288A3B7B75
:10A7E00067EEA88A022BC7ED408A70D097ED007AF9
:10A7F00028EE077ABDE5B0EE480A4EE60C2BB7D03E
:10A80000AFE7013B0E2B48D801A252F823F000BF5E
:10A810008DAC020819A9020837AB0208EDAA02089C
:10A82000B3AA020875AA020845AA02087BA9020871
:10A8300045A902084DA80208B1AB020871A7020899
:10A840009DAB0208C9AB020837A902087378754F9F
:10A85000012B01F05E80744B3E681A68B6FBF2F380
:10A8600002FB1363BBB94520F0F73CFE0E20F0F766
:10A8700039FE3046F1F730F8079E3046F1F72CF8F4
:10A880006A4A6B4B0B21126830468BF800101A6035
:10A89000F1F74AF93E6801363E60F0F7E7FD00281F
:10A8A0003FF4B5AA9BF800300D3B022B7FF6AFAA10
:10A8B00087E7F0EE487A33E5B0EE467ADFE502202E
:10A8C000F9F73EF90CE54046F9F73AF9A3E5F0EE61
:10A8D0004A0A0220B0EE480AB0EE691AF9F73EFDC6
:10A8E000B8F81C319BB997ED008AD7ED408A20EE6D
:10A8F000087A3EE5B0EE480AF0EE490AB0EE681A72
:10A90000F9F72CFDD7ED409AB0EE408AD2E5D7EDAD
:10A91000408A9FED487A2CE5022F00F028873D48B9
:10A9200000233D4A032100688BF80010C2E9003083
:10A93000414A136040E71220FDF7EAFB00287FF44C
:10A9400066AA36E7022F00F0D086F0F7ABFD0028AC
:10A95000A3D0334B93F8F53A9A1E0A2A00F2EB8201
:10A96000DFE812F06D036403E302E302E302E302B3
:10A970005603E902E9025F035A03F0F737FD40206E
:10A98000F0F70AFD002888D1234F2C4A3B68527803
:10A990003A2B01F2D280DFE813F0FC05F105EA055D
:10A9A000E205D505CF05C8051C06110609060206F5
:10A9B000C503BD03B303AC03B905B205AC05A505DA
:10A9C0009E059305830573056305530548053D05FD
:10A9D00032052B0524051D0516050F050805010583
:10A9E000F904F204EB0485047D04760450042A047F
:10A9F0000404DD03D303CC038B0384037C037503BE
:10AA00006E03670360035603A5039F039803920335
:10AA1000CC1B0508301D0120B8880120F8850120D5
:10AA200014A20120448601204C860120508601207A
:10AA30007086012000000000EC850120B891012003
:10AA400058860120F0F7D2FC05200021814B0090B0
:10AA50005320A3F10802CDE90111F1F7E9FD002827
:10AA60007FF41BAF7C4A0821092382F8F51A8BF882
:10AA70000030A1E6F0F7BAFC784A07270021A2F1DE
:10AA80000C00A2F108030292143A019047200097AB
:10AA9000F1F7CEFD00287FF400AF7368DE047FF588
:10AAA000FCAE6F4B4FF0FF328BF80070C3E9000231
:10AAB00082E6F0F79BFC022000216A4B00904820C0
:10AAC000A3F10802CDE90111F1F7B2FD00287FF4EE
:10AAD000E4AE7368DF047FF5E0AE614B4FF0FF3109
:10AAE0000622C3E900018BF8002065E6F0F77EFC42
:10AAF0005D4A45235021A2F10C0002920093A2F17D
:10AB00000A030190163A4920F1F792FD00287FF4DC
:10AB1000C4AE564B1B681A0640F118867368DB04F6
:10AB200040F114864E4B4FF0FF310522C3E900017E
:10AB30008BF8002040E64A4FF0F758FC4C4A7B68FF
:10AB4000126864339342BFF4A8AE4020F0F724FCAF
:10AB500000287FF4A2AE3B684FF04008454EDFF876
:10AB600028910FE0F0F7BEFCD9F800203B68B8F15F
:10AB7000010802F1FF3203F10103C9F800203B6034
:10AB800000F01C87F05C0028ECD100214FF0FF3270
:10AB90000423C7E900128BF800300DE6012F00F006
:10ABA000E0850E2313208BF8003006F03FF974E6A1
:10ABB0007378012B00F09B860798F0F7B5FF2E4ABB
:10ABC00013680133136068E6012F00F09B860F23A2
:10ABD00013208BF8003006F029F95EE6274B284F4A
:10ABE0001B78002B40F0CC86D7F80080B8F1000F1E
:10ABF0002BD098F8003043B398F82830002B7FF41E
:10AC0000DBADC8F83830042188F83C3098F81830AB
:10AC1000D8F8242013F0080388F82810C8E90B227C
:10AC200003D0184A41F2C473D3584FF00009C8F852
:10AC300034304046C8F82490C8E90299E3F720FB75
:10AC40000523C8F8409088F82830002204233A6091
:10AC50003B7590E508D2040814A20120C0D1040875
:10AC6000B8880120A4D1040876CE04084C3901200C
:10AC7000301D0120E022050844860120B088012013
:10AC8000807E01202C5F0120EC850120DFF85083BD
:10AC900008F16C0701228021404605F05BFF002887
:10ACA00000F01C8598F9040005F086FF002800F0EC
:10ACB0001585D0F80090B9F1000F0DD00027DFF80E
:10ACC000248358F8073008EB070AE037994500F06D
:10ACD0006086B7F5287FF4D133785A1E022A40F2F5
:10ACE0001D8503233370802005F048FF804600282F
:10ACF00000F04186802105F037FF98F80770A84BD7
:10AD00004FF0020C014698F9040053F827300C3F2D
:10AD1000CDF804C0B3F5613F00934FF00003A14AA2
:10AD200018BF9C4682F8F41A1A468021CDF808C054
:10AD300005F081FF9C4B032F186000F245869B4B6A
:10AD400040221A70002800F01686994A0121994B7A
:10AD50004FF00008D2F800C01F788C452A78706840
:10AD600094BF00230123C0F3C036C0F380391B9386
:10AD7000C0F3403A904BCDF8708093F800C0B2EB2E
:10AD800008038E4A18BF0123072F1A938CBF33463E
:10AD90004346062F1693C0F3802305938CBF33469A
:10ADA0004346052F8CBFB646C646042F1593CDF8F3
:10ADB00050E0937A88BFB646527A98BFC646032FB2
:10ADC00004930692C0F34022CDF84CE0C0F3002E6D
:10ADD000C0F3C0231D92CDF878E08CBFB646C646BE
:10ADE000774A0993022F7346CDF848E092F800E0C5
:10ADF0004246CDF828E0C0F3C01ECDF87CE08CBF01
:10AE0000B646C6468F428CBF334643464745C0F3DD
:10AE10008017CDF844E008BF46460897BCF1030F01
:10AE2000C0F34017DFF8C0E107978CBF4F46474695
:10AE3000BCF1020FDEF800E00E978CBF4F4647468C
:10AE40008C4510930D978CBF4F464746C4450F96CF
:10AE500008BFC1468C450C978CBF57464746049B9C
:10AE6000C4450B97574F08BFC2464345069BB7F8EA
:10AE700002C0059FADF810C00CBFC446BC46434598
:10AE8000514E08BF4746099BCDF864C006F1B80C87
:10AE900018970A9F47454D4F08BF43461EF0040FC1
:10AEA000C7F804C017931D9B3E60C0F300169C4674
:10AEB0001E9B08BFC4461EF0080F069614BF1E4610
:10AEC00046461EF0020F1F9B0A96C0F3C00E08BF35
:10AED00043463F4E09933F4BBB60C0F38007BDF82C
:10AEE00010303380C0F34003059300EA01033A4871
:10AEF00004934346C0F81080C0E90088C0E9028886
:10AF0000D8B2461E1D2E1BD8DFE806F02826242ABC
:10AF10003C3A38363432302E18807E7C7A7876741B
:10AF2000727048464442403E2C1D2C4A00204FF08F
:10AF3000FF31C2E900018BF80030AEE4199E3EB14A
:10AF400001FA03F632430130C0B21E2800F2E98450
:10AF50000133D5E73E46F2E7059EF0E7049EEEE7B3
:10AF60007646ECE71B9EEAE7189EE8E7179EE6E7C1
:10AF70006646E4E70A9EE2E7099EE0E7089EDEE710
:10AF8000079EDCE7069EDAE71A9ED8E7169ED6E70C
:10AF9000159ED4E7149ED2E7139ED0E7129ECEE70B
:10AFA000E4C9040814A20120F8850120FC850120D1
:10AFB00048860120082B0020E42400205C78012032
:10AFC000848E012054780120888601201886012073
:10AFD00084860120F887012028860120B888012076
:10AFE000803C0120E0390120BC770120119EA6E7BA
:10AFF000109EA4E70F9EA2E70E9EA0E70D9E9EE77F
:10B000000C9E9CE74E469AE70B9E98E7564696E7BD
:10B01000A84A002111608EE7A749A64A0968516035
:10B0200089E7A649A64A0968116084E7A248002278
:10B03000A0490668A348C1E9002602607BE7A24A4E
:10B040000021117077E7A14BA1495A8AA148F0F776
:10B05000F5FC3B6801333B601FE49C4B9C491A881C
:10B060009D48F0F7EBFCF4E7984B99499A789B4898
:10B07000F0F7E4FCEDE7954B95491A7A9848F0F71C
:10B08000DDFCE6E7974B92491A7A9748F0F7D6FC31
:10B09000DFE7964B8E4993F88C259548F0F7CEFC68
:10B0A000D7E7944B8A495A789348F0F7C7FCD0E722
:10B0B000924B87495A799248F0F7C0FCC9E7726809
:10B0C00083499048F0F7BAFCC3E78F4B80491A7860
:10B0D0008E48F0F7B3FCBCE72A787D498C48F0F73E
:10B0E000ADFCB6E7794B7A499A8A8A48F0F7A6FC14
:10B0F000AFE7894B89491A888948F0F79FFCA8E790
:10B10000884A894910889388009088485288F0F7C7
:10B1100095FC9EE7864B1B68D90400F1FA840E2348
:10B120003B6096E7834B7D499A898348F0F786FC1C
:10B130008FE7824B66499A788148F0F77FFC88E771
:10B140007E4B642262491B887E4802FB03F2F0F7C3
:10B1500075FC7EE724AE4FF001095D4BB04612E06E
:10B160004FF02C030AF8013B5046774B13F80920A7
:10B1700014F08AFDB9F1100F0AEB0008544B00F0EF
:10B18000BC8409F10109B9F1010FC2461946E7D1A2
:10B190006E4A404692F8502014F076FD4C4B8044A5
:10B1A000EFE724AE4FF00109494BB04612E04FF0F3
:10B1B0002C030AF8013B5046654B33F8192014F074
:10B1C00063FDB9F1100F0AEB0008414B00F09B84BE
:10B1D00009F10109B9F1010FC2461946E7D15B4AED
:10B1E0004046128E14F050FD394B8044F0E724AEF7
:10B1F0004FF00109364BB04612E04FF02C030AF82D
:10B20000013B5046534B33F8192014F03DFDB9F182
:10B21000100F0AEB00082E4B00F0638409F10109BE
:10B22000B9F1010FC2461946E7D1484A4046128A91
:10B2300014F02AFD264B8044F0E724AE4FF00109BC
:10B24000234BB04612E04FF02C030AF8013B504666
:10B25000414B13F8092014F017FDB9F1100F0AEB58
:10B2600000081B4B00F0438409F10109B9F1010FFB
:10B27000C2461946E7D1354A4046127814F004FD1B
:10B28000134B8044F0E7114B11499A7A3348F0F799
:10B29000D5FBDEE6324A3349138A33489289F0F708
:10B2A000CDFBD6E62E4A2F49D38930485289F0F794
:10B2B000C5FBCEE6B8880120301D01205086012054
:10B2C00070860120EC850120B0880120BC38012067
:10B2D0007C1A0508C81F0508B81F0508A41F050823
:10B2E000901F0508C83601207C1F050814A2012004
:10B2F000641F050864910120541F0508A48A0120D9
:10B30000441F0508F81F050888020020EC1F0508E7
:10B31000E01F0508D41F050884860120E01C0508ED
:10B32000141D05085C780120F81C0508041D05089B
:10B3300024860120FC240020E41C0508C0390120DB
:10B34000341F0508281F0508CB9601207C96012094
:10B35000AA9601208A9601207B9601209C1E050852
:10B36000FC8D01201C1D0508881E0508781E050897
:10B37000A04BA1491A89A148F0F760FB69E69D4BF3
:10B380009D499A7D9E48F0F759FB62E6994A9D498E
:10B39000938B9D48528BF0F751FB5AE6954B96499B
:10B3A000DA889A48F0F74AFB53E6924B92495A7D65
:10B3B0009748F0F743FB4CE68E4B8F499A889548A7
:10B3C000F0F73CFB45E68B4B8B495A789248F0F7F7
:10B3D00035FB3EE6874B8849DA789048F0F72EFB3C
:10B3E00037E68F4B84495A788E48F0F727FB30E6D2
:10B3F0008B4B81491A788C48F0F720FB29E68B4B60
:10B400008B491E688B48B38B728BF68B0096F0F7D6
:10B4100015FB1EE6854B86491E688748B38A728AEB
:10B42000F68A0096F0F70AFB13E6804B80491E6807
:10B430008248B3897289F6890096F0F7FFFA08E628
:10B440007F4B2C207A4900FB02327E48B2F83A64E6
:10B45000B2F838340096B2F83624F0F7EFFAF8E58F
:10B4600077482C23724903FB0202774892F8306434
:10B4700092F82F34009692F82E24F0F7DFFAE8E5E0
:10B480006F482C236A4903FB0202704892F82C642F
:10B4900092F82B34009692F82A24F0F7CFFAD8E5E8
:10B4A00067482C23624903FB0202694892F828642A
:10B4B00092F82734009692F82624F0F7BFFAC8E5F0
:10B4C0005F482C234C4903FB0202624892F8252472
:10B4D000F0F7B4FABDE5604B47491A785F48F0F7DA
:10B4E000ADFAB6E55E4B44491A785E48F0F7A6FA25
:10B4F000AFE5012240495C48F0F7A0FAA9E5049BBA
:10B500003D499A685948F0F799FAA2E5584B9B7A59
:10B51000012B7FF49EAD4A4A3A49B2F99C32554814
:10B52000B2F99E22F0F78AFA93E5534B32491A6832
:10B530005248F0F783FA8CE5514A52495248F0F7E5
:10B540007DFA86E521A810F0CFFD21A924A814F0EA
:10B5500051FC24AA4B494D48F0F770FA79E54C4B61
:10B560004C4903F118024C48F0F768FA71E54B4B6F
:10B570004B4A48494B48F0F761FA6AE54A4A4B4B57
:10B580004B494C48CDE900324B4B4C4AF0F756FA48
:10B590005FE54A4A3B494A48F0F750FA59E54FF00F
:10B5A0007E5248494848F0F749FA52E5244B12497F
:10B5B000D3F83C2B4548F0F741FA4AE52E4A444B74
:10B5C00012681B680C494348B2FBF3F2F0F736FAF5
:10B5D0003FE53F4B08491A683F48F0F72FFA38E536
:10B5E0000220F7F7ABFFFEF77BBE4046F7F7A6FF5A
:10B5F000FEF711BFFC8D01207C1A0508641E0508AA
:10B60000541E05081C1D0508401E05082C1E0508B3
:10B610001C1E0508081E0508F41D0508E81D050880
:10B62000D4950120D81D0508DC1D0508087B0120E4
:10B63000881D0508D01D0508C41D0508BC1D05088A
:10B6400014A20120B01D0508A81D0508A01D0508AD
:10B65000941D05087C1D0508F4000020641D0508E4
:10B66000F0000020501D0508401D0508341D050888
:10B670005C780120241D05084C860120A01C0508CB
:10B680002CAD0120E01B0508941C0508801C050852
:10B690000CAD0120541C05086C1C05083C1C050859
:10B6A000481C05085C1C0508281C0508341C0508F6
:10B6B000041C0508141C0508F41B0508C41805081B
:10B6C000E41B0508CC1C0508D41C0508C01C050893
:10B6D00048860120B81C0508AC1C050808F10C08B8
:10B6E00047457FF4D7AAFFF7F7BA0023BF49C04800
:10B6F00003E001330B2B3FF42CA91A018A5C032AC7
:10B7000008D0042AF5D103F5B17200EB0212D27908
:10B71000D207EED4EFF7C6FEFFF7BFB8022B00F05A
:10B720002081032B3FF4DFAA012B40F02481B14B91
:10B730001B68002B00F01F81EFF798FE002840F0F7
:10B740001A81AD4B40221A70FFF7FFBAAB4B0020B5
:10B750004FF0FF310722C3E900018BF80020FFF70B
:10B760002BB8F0F79BF918F0C3FEFFF71ABAA44FF5
:10B77000DFF8CC8207F10806A8F128093B7D052BEC
:10B780003FF68BA801A252F823F000BFB5B802081B
:10B790009BA802084DB8020817B80208A5B702080E
:10B7A0001FA902083A6924AE964B0DF1970EB046D8
:10B7B00002F1010C0FCBA8E807000DF19201924AAB
:10B7C00088F8003082FB0C034FEAEC70C0EBA3005A
:10B7D00000EB8003ACEB4303844630330EF80139B1
:10B7E0007145EFD1824B41F2D4610122595C3A7527
:10B7F000002900F0508141F21871595C002900F0D5
:10B800004B8141F25C729A5C002A00F09281042321
:10B810003B75FFF742B898F80030002B7FF43DA845
:10B820007968002900F07E8191F82830002B7FF4A0
:10B8300034A8442248461FF0A3FC00217868E2F7B0
:10B8400099FE002204237A603B7597E74FF0000AC7
:10B8500021AA31467868E2F773FD01287FF41DA81C
:10B86000219B002B00F0EE801A78002A00F0EA807D
:10B870004C2AEDD159784F29EAD19A78472AE7D155
:10B880001A7A422AE4D15A7A422AE1D19A7A4C2A87
:10B89000DED153F8030F249024A81B798DF895A0CE
:10B8A0008DF8943010F08EFD3B699842B8BF184671
:10B8B0003861CDE74E4B5A78032A7EF4EEAF41F261
:10B8C000D4610122595C3A75002900F0FA8041F2F6
:10B8D0001871595C002900F0F58041F25C729A5CA5
:10B8E000002A00F0288100233B75FEF7D6BF112007
:10B8F000FCF70EFC00287FF45FA90A238BF80030C8
:10B90000FFF75DB918F0ECFD00283EF4C6AFFFF775
:10B910005EB91120FCF7FCFB00287EF49CAFFEF71B
:10B92000B9BF3A4B00263A4F58783A4B3F6899785E
:10B93000394B1870394B3A481970006839493A4BFD
:10B940000F60186039493A4B0A601E60F8F7ACF88E
:10B9500038490223384A0E7010708BF80030FEF719
:10B96000E8BE234B5A78012A05D941F2E5729B5C67
:10B97000002B3FF4E6AE00238BF80030FEF7D9BE73
:10B9800000213868E2F7F6FD00283EF486AFFFF7A5
:10B990005CB9484605F0C9F85046E022002120F085
:10B9A00051FBFFF796B9254BD3F8403B9B7B012B0E
:10B9B0007EF4FFAE18F088FCFEF7FBBEF35C002BB4
:10B9C0007EF46BAFFFF7E1B8049B1B6903EB430305
:10B9D000B3F5FA7F73D34FF4FA72B3FBF2F3402B53
:10B9E000A8BF4023044A1370FFF7ACB95275012079
:10B9F0002C5F012004860120FC850120B8880120ED
:10BA0000807E01200C20050867666666742500208C
:10BA10005C860120D42000206C8601206D860120E8
:10BA2000648601206086012068860120248601202A
:10BA300044860120B08801206E86012014A20120D6
:10BA40003C770120796891F91A305A1C0AD003F525
:10BA5000B1723E4BFF2003EB0213DA796FF3000261
:10BA6000DA71887691F91B30581C11D003F5B17347
:10BA700036484FF0FF0C00EB0310C379C3F34502C7
:10BA8000013A22EAE27262F34603C37181F81BC0F5
:10BA900003233B7572E60A464427314641F2D460DF
:10BAA0002B4E07FB02323C23009610442022E3F782
:10BAB000A7FCFEF7F2BEFDF7FDFBFEF77ABE012301
:10BAC00090E70A464421234E41F2D46001FB023143
:10BAD00013231022009608441F49E3F791FCFEF758
:10BAE000DCBE31461D48EFF7A9FFFFF7B2BA314679
:10BAF0001B48EFF7A3FFFFF7ACBA31461948EFF741
:10BB00009DFFFFF7A6BA31461748EFF797FFFFF7FB
:10BB1000A0BA164B164993F8BC231648EFF78EFFD0
:10BB2000FFF797BAE2F7E2FB00287FF486AEFEF754
:10BB3000B4BE0222B0E70222C4E70C4A0B2109235B
:10BB400082F8F51A8BF80030FEF736BE2C5F012024
:10BB5000056A01085579010804200508C81E050872
:10BB6000A81E0508081F0508E81E050814A20120E4
:10BB7000E01C0508EC1C0508114A82B0034692E857
:10BB8000030002AA02E90300A3B1072B0ED802AA00
:10BB90000C4913440122098813F8083C02FA03F304
:10BBA0000B4214BF1046002002B07047184602B086
:10BBB000FCF7AEBA044B187800F0010002B07047F1
:10BBC00028D204088A780120887801203A4840F277
:10BBD00081313A4A40F2AF330068126810F0020F28
:10BBE00008BF0B461006F0B583B060D4D103344DC6
:10BBF000344C54BF43F4406343F4E053520505F121
:10BC00000406A4F5E36754BF43F4C82343F4D823E0
:10BC1000019315F8011BFF292ED1B542F9D12A4B0A
:10BC20009B6A002B3FD1019B43F0007300240193DA
:10BC300002E001341E2C19D0214601A814F02AFE7E
:10BC40000028F6D01F4B0022E1B203F1F00000E023
:10BC50001A79914203F10803EBD09842F8D12146BA
:10BC6000013401A814F0F6FD1E2CE5D1174B019A02
:10BC7000C3F8442B03B0F0BD0022134605E00133A6
:10BC80001E2B04EBC302C8D052799142F7D107EBC7
:10BC9000C30393F81C17A1F11A03032BBDD801A805
:10BCA00014F0E8FDB9E7019B43F08073BCE743F46F
:10BCB000803343F0400399E7BC7701204C390120E1
:10BCC000F836012030D20408C836012014A2012021
:10BCD0002DE9F84F4FF0000B4F01824691465C462C
:10BCE00007F12008144E154D05E001340BF1010B4E
:10BCF000BBF11E0F1DD05946304614F0CBFD002875
:10BD0000F4D0A742F1D8A045EFD900235FFA8BF217
:10BD1000194605E001311E2905EBC10307D01B7947
:10BD20009A42F7D105EBC1015046C847DDE7002133
:10BD3000FAE7BDE8F88F00BF58AD012030D2040803
:10BD400000220849134605E001331E2B01EBC30214
:10BD500006D052799042F7D1024800EBC3007047F9
:10BD60000020704730D2040800220849134605E03D
:10BD700001331E2B01EBC30206D012799042F7D19A
:10BD8000024800EBC30070470020704730D204081F
:10BD90002DE9F04F89B01BF02BFF08F029F80BF0CC
:10BDA000EBFD14F00CFC18B914F082FD14F03AFC11
:10BDB00010F088F8044609F01DFD4CB16E4B1B785D
:10BDC000AE2B05D105226D496D4810F0D3F918B19D
:10BDD00014F06EFD14F026FC6A4E6B4C96F8483B4E
:10BDE000B346A27843F00103684D86F8483B684BA0
:10BDF0001A70684BE2781A70DFF7D0FD012102203B
:10BE00000BF074FF40220021634820F01BF9634BC4
:10BE10004FF0FF3203941A60C3F803202B6813F02D
:10BE2000080F07D05E4B1B7A012B01D90A2B01D1D9
:10BE3000E0F77EFC039B5979012915D801EB4102FB
:10BE4000584B03EB420033F812304288B3FBF2F256
:10BE5000554B5343554A1268934205D002201BF0BC
:10BE6000C1FB72B618F01EFA9BF84F3B0BB10BF0FA
:10BE7000B1FDDFF84C811AF05DFA00264C484D4BBD
:10BE800044464FF001094FF0000201784FF0000CDA
:10BE900008EB010783F8B82102460097009F3F7B1B
:10BEA0003FB192F818E0BE4503D1B2F818E0A3F80C
:10BEB000ACE114F801E0BEF1000F11D092F820A01F
:10BEC000F24503D1B2F820A0A3F8AEA192F818A0D1
:10BED000F24505D1B2F818E083F8B891A3F8AEE1C5
:10BEE00047B192F820E0BE4504D1178C83F8B89191
:10BEF000A3F8AC710CF1010C0232BCF1040FCDD1EE
:10BF0000D3F8AC2112F0FF1F08D02B4AC3F8A801C8
:10BF100002EB8101C1F8B03B03F5DE7301363C3022
:10BF2000062EB0D100216C2224484FF0FF082E6865
:10BF300020F088F8E37D002094F80BC006F040065E
:10BF4000A77A4CEA030CA37DDFF878E01F431B4976
:10BF500009231EF9012B092A0A7235DC14F8029014
:10BF6000B9F1000F37D12244127BA2BB013B81F80B
:10BF70000880DBB22FE000BF00400008CA26050899
:10BF8000BF91012014A20120B89101204C39012059
:10BF90009C2000208802002084260120C426012045
:10BFA000C836012020D3040840420F007C1E012027
:10BFB0002CD30408744700202C46002068AD0120D3
:10BFC0002839012094D404081E2A40F0C080002E95
:10BFD000CCD0002FCAD001300C310928B9D18BF850
:10BFE000C03BF9F78DF9F7F76BFF9BF8483B43F03F
:10BFF00004038BF8483B2B68D80740F1B380DFF788
:10C00000C1FDDFF711FD00245F4978275F4ED1F8AD
:10C0100004C0BCF1000F49D091F90030002503EBBA
:10C020008300821910F806E007FB03B092F8018044
:10C0300092F802900A4692F808A0D64505D192F8E7
:10C0400009A080F8C8EB80F8CBAB92F810A0D045DF
:10C0500005D192F811A080F8C98B80F8CCAB92F88A
:10C0600018A0D14505D192F819A080F8CA9B80F894
:10C07000CDAB01350232042DDDD107FB03B393F8BC
:10C08000C82B9AB193F8C92B82B193F8CA2B6AB125
:10C0900091F82020C3F8C4CB83F8342C4FF0000271
:10C0A00083F8382C91F8212083F8392C013424317D
:10C0B000042CACD1F3F76CFD354B364800241B68DB
:10C0C0009847354B354D364E1878DDF7BDFD2B685A
:10C0D0009C424DDB0020334C1CF08EFA01201CF0FA
:10C0E0008BFA02201CF088FA607860B10BF01CFC1F
:10C0F000CBF8A40D08B13C23C380A378002B3FD01C
:10C1000020210BF0B7FC1BF051FD002850D0264C2D
:10C11000DFF744FC2578022D0BD11E4B1B796BB148
:10C12000DFF7F6F8214B00225D709A7041F6440269
:10C130009D502378012B01D11BF0A6FA0CF0B2F927
:10C1400018F034F8002840F0E6811BF059FA1F2A55
:10C150007FF441AF002E3FF409AFBCF1000F7FF434
:10C160003AAF03E799047FF54CAFDFF7B3FC48E73C
:10C1700004EB44002146013430440CF01DF9A6E7DD
:10C1800040210BF077FCBEE7A0D404085036012014
:10C190008401012044360120A4350120CC26012051
:10C1A000D0260120CC1D0120F08501202C5F01202C
:10C1B00018F066F804460028A9D10146BC4D0420B9
:10C1C0001BF010FA214605201BF00CFA6B68009357
:10C1D000002B41D02F46B74B6022002117F9088B66
:10C1E0004FF0000A02FB083630461FF02BFF0621F5
:10C1F000B14B01FB08F103EB01095B5C019399F87A
:10C200000130029317F8010B019B834203D11846BA
:10C210000BF08AFBB060F878029B984203D1184675
:10C220000BF082FBF0600AF1010ABAF1040FE9D1C8
:10C230006023A04A03FB08F802EB0803996859B190
:10C24000D96849B142F80850009A99F802105A602A
:10C25000B9F8042019745A8201341435042CB5D16C
:10C2600000201CF007FB01201CF004FB02201CF046
:10C2700001FBDDF707FD0BF55C610EC941EA020029
:10C28000184323D009B2DFED8D6A12B28C4807EE55
:10C29000101A1BB200248B49B8EEC77A07EE903A09
:10C2A000047005A8F8EEE77A27EE267A67EEA67AFC
:10C2B0008DED057A07EE102AB8EEC77ACDED077A34
:10C2C00027EE267A8DED067A13F048FEF3F768FE26
:10C2D00048B9039B997B022902D101200BF0AEFDE6
:10C2E000012004F03DFF9BF8483B0A249BF8CD1D3C
:10C2F00043F002039BF8CC0D734D8BF8483BF3F7EA
:10C3000077FC0FF01BFA9BF8CD1D9BF8CC0DF3F7D3
:10C310006FFCF3F799FC2868F8F748FFF7F700FD82
:10C32000DFF7B2F90BF0C2FBDFF79AF901210846FB
:10C330000BF0DCFC002108460BF0D8FC00210220A9
:10C340000BF0D4FC01200BF0E1FA00200BF0DEFA38
:10C3500019200BF0E1F9DBF8D03DDA0302D401201B
:10C360000BF082FC19200BF0D7F900200BF07CFCBD
:10C37000013CE7D1214620460BF0B8FC21460120C4
:10C380000BF0B4FCF9F706FCF6F7BAFE4F4B1C8035
:10C390009C70F6F76DF84E4CFAF732FD23681B06D9
:10C3A00001D5EEF70DFCECF72BFE2368DF0304D577
:10C3B000EEF766FC474B01221A7023681E0101D577
:10C3C000E8F7DEFC2368D80001D5DFF761F8F7F75E
:10C3D000C7FD2368590001D5F7F74EFE23685A01BF
:10C3E00005D53D4B1B7813B12868F7F79FF9E0F7A7
:10C3F000FFFCDEF759FC18F047FB384B1D78022D87
:10C400000BD1374B1B7943B1DEF782FF354B00224E
:10C410005D709A7041F644029D50EFF73FFB324B3E
:10C42000324D00261A8B42F21073A5F8DC6D53438F
:10C430002F4A9168B3FBF1F3C2F8D431C2F87033DC
:10C4400064230022A5F8F03205F55E631A60FAF75E
:10C45000B9FE012385F8E43DFFF7B8FB4FF42872DD
:10C46000314624481FF0EEFDFCF724FF23685B05EE
:10C4700001D5ECF769F94FF4007004F071FE0CF08F
:10C4800011F81D4B1B681B6898470BF0C9F91D205C
:10C490000BF04AFA18B183790BB95423C3801E20DC
:10C4A0000BF042FA50B3837943BB5423C38025E099
:10C4B00030D504089C2C0120BCAF012035FA8E3CFD
:10C4C0002806012090910120087B0120307E012068
:10C4D0004C390120BC850120E4240020F085012096
:10C4E000443601202C5F0120FC8D012014A2012084
:10C4F0008C020020E0390120280A00200BF0C0FA4D
:10C5000007F00AFB95F8483B63F07F0385F8483B4A
:10C5100009B0BDE8F08F1BF06BF800BF7047F8B5AD
:10C5200004466C22002104301FF08CFD04260F49C4
:10C53000234604F16C000522002511F9017B0C3320
:10C5400003F8072C03F8087C03F8066C03F8045C76
:10C5500003F8052C8342F0D101232360522384F891
:10C560006E306423A4F86C30F8BD00BF94D4040886
:10C5700008B5074B1B78DB0700D508BD054B022229
:10C580009A7314F04FF8BDE808400FF09BBC00BF51
:10C5900088780120B89101200A382DE9F04F0C4627
:10C5A0002DED028B89B0ED2800F2F080DFE810F06D
:10C5B000E607EE00EE00EE00EE00EE00EE00EE000C
:10C5C000EE00EE00EE00EE00EE00EE00EE00EE00FB
:10C5D000EE00EE00EE00EE00EE00EE00EE00EE00EB
:10C5E000C307EE00EE00EE00B407EE00EE00EE0032
:10C5F0007C07EE004907EE002F07EE00E606EE008E
:10C60000A406EE004208EE001608EE00EE00EE0072
:10C610001008F907EE009008EE00EE002E06EE007E
:10C62000EE00EE00EE00EE00FD05EE00EE00EE0086
:10C63000EE00DE05EE004709EE0028090E09EE00C7
:10C64000EE00EE00EE00EE00EE00EE00EE00EE007A
:10C65000F208EE00450AEE008209EE007306EE00D5
:10C66000EE00EE00EE003506A2089208880AC70523
:10C6700090057C0565055605EE001205CB0AEE0017
:10C68000EE00EE00EE00EE00EE00EE00E404EE0040
:10C69000EE00EE00EE00D804C6048304EE00EE00C7
:10C6A000EE0031041104EE00EE00D0039B03EE0017
:10C6B000EE003603EE00EE00FC02EE00DE02EE00BD
:10C6C0006E02EE000302EE00C201EE00EE00EE008C
:10C6D000EE00EE00EE00EE00EE00EE00EE00EE00EA
:10C6E000EE00EE008A01EE00EE00EE00EE00EE003D
:10C6F0007601EE002E01EE00EE00EE00EE00EE0000
:10C70000EE00EE00EE00EE00EE00EE00EE00EE00B9
:10C71000EE002001EE00EE001501EE000A01EE0031
:10C72000B80AEE00EE00EE00EE00EE00EE00EE00C5
:10C73000EE00EE00EE00EE00EE00EE00EE00EE0089
:10C74000EE00EE00EE00EE00EE00EE00EE00EE0079
:10C75000EE00EE00EE00EE00EE00EE00EE00EE0069
:10C76000EE00EE00EE00EE00EE00EE00EE00EE0059
:10C77000EE00EE00EE00EE005001EE000001EE00D3
:10C78000EE00EE00EE00EE00EE00F400002009B036
:10C79000BDEC028BBDE8F08F05A80FF0A5FC0028CA
:10C7A00041F0CD82012009B0BDEC028BBDE8F08FD5
:10C7B000A84D0846E9890FF0EBFEA98920460FF045
:10C7C000E7FEEFE7A44D05F1100635F8021F2046FD
:10C7D0000FF0DEFEB542F8D1E4E7A04D05F13A06D0
:10C7E00035F8021F20460FF0D3FEB542F8D1D9E745
:10C7F0000B6805A89A4A591C127821601A700FF02C
:10C8000073FC23685A1C22601870CBE7954D05F520
:10C810008076236820462A780835591C21601A70D2
:10C82000236815F8072C591C21601A70236815F825
:10C83000062C591C21601A7035F8041C0FF0A8FE54
:10C8400035F8021C20460FF0A3FEAE42E1D1A9E765
:10C850000B681422844D591C05F1780721601A7069
:10C8600028780635FFF780FA064615F8010CFFF721
:10C870007BFA23687279591C21601A70236815F8B5
:10C88000022CAF4203F1010121601A702368427942
:10C8900003F1010121601A70E2D183E7734D05F1C4
:10C8A000AE06298820460FF073FE698820460635BB
:10C8B0000FF06EFE35F8021C20460FF069FEB542FF
:10C8C000EFD16FE70B68DFF8C0E1591C9EF800203C
:10C8D00021601A709EF80030002B3FF463AF644E65
:10C8E0000023644D644865492268013316F8017BD2
:10C8F00002F1010CC4F800C01770226815F8017B22
:10C9000002F1010CC4F800C01770226810F8017B16
:10C9100002F1010CC4F800C01770226811F8017B05
:10C9200002F1010CC4F800C017709EF800209A4272
:10C93000DADC37E7524D08460B686A7A591C2160E9
:10C940001A7023686A79591C21601A7023682A7A40
:10C95000591C21601A70E9880FF01AFEA989204637
:10C960000FF016FE2368EA7A591C21601A702368BA
:10C97000EA7B591C21601A702368AA7B591C21602C
:10C980001A702368AA78591C21601A702368EA7803
:10C99000591C21601A7023682A79591C21601A7069
:10C9A00023682A78591C21601A702368AA7A591CB6
:10C9B00021601A70F6E6334D08462B68B3F87810FC
:10C9C0000FF0E6FD23682A68591C92F87A2021604E
:10C9D0001A7023682A68591C92F87B2021601A700B
:10C9E00023682A68591C92F87C2021601A702368F9
:10C9F0002A68591C92F87D2021601A7023682A68E1
:10CA0000591C92F87E2021601A7023682A68591CEC
:10CA100092F87F2021601A702B6893F88020236899
:10CA2000591C21601A7023682A68591C92F88120C9
:10CA300021601A7023682A68591C92F882202160AC
:10CA40001A702A68236892F88320591C21601A7092
:10CA5000A8E600BFC0390120EE440020E2270020F4
:10CA6000848E0120F4990120A49401204C8D012092
:10CA7000BC810120DC8101201C820120FC8101207D
:10CA8000B47B0120087B0120B9810120A54D084617
:10CA90000B682A68591C92F85C2021601A70236880
:10CAA0002A68591C92F85D2021601A7023682A6850
:10CAB000591C92F85E2021601A7023682A68591C5C
:10CAC00092F85F2021601A7023682A68591C92F836
:10CAD000602021601A7023682A68591C92F861202E
:10CAE00021601A702B6893F862202368591C21601A
:10CAF0001A7023682A68591C92F8632021601A7002
:10CB00002B68B3F864100FF043FD2B682046B3F890
:10CB100066100FF03DFD2B682046B3F868100FF04B
:10CB200037FD2B682046B3F86A100FF031FD2B68F3
:10CB30002046B3F86C100FF02BFD2B682046B3F89D
:10CB40006E100FF025FD2B682046B3F872100FF021
:10CB50001FFD2B682046B3F874100FF019FD2B68E9
:10CB60002046B3F876100FF013FD1BE66E4D05F16D
:10CB7000110605F110072368204615F8012F591CEE
:10CB800021601A7036F8021B0FF002FD2046F18B6F
:10CB90000FF0FEFC236895F85020AF4203F101012D
:10CBA00021601A70E7D1FDE5604D08460B682A78D0
:10CBB000591C21601A7069880FF0EAFCA988204688
:10CBC0000FF0E6FCE98820460FF0E2FC29892046B8
:10CBD0000FF0DEFC698920460FF0DAFCA9892046B7
:10CBE0000FF0D6FCE98920460FF0D2FC298A2046B6
:10CBF0000FF0CEFC698A20460FF0CAFC23682A7D1C
:10CC0000591C21601A7023686A7D591C21601A70B2
:10CC10002368AA7D591C21601A70C3E50B68444E35
:10CC2000591C327821601A703378002B3FF4BAAD6A
:10CC3000404F4FF0000ADFED408A3B469FED3F8AB0
:10CC4000574601969A4630E0884689460E468B46FE
:10CC50009AF80A50002D40F0C887D30002D5032F60
:10CC600041F23780364BDA5D002A40F0DB87204600
:10CC700001370FF077FC294620460FF089FC226827
:10CC800031462046551C256082F800B00FF080FC2C
:10CC9000494620460FF07CFC414620460FF078FCC8
:10CCA000019B1A78BA427FF67DAD264B1A6812F0C6
:10CCB0000061C9D0F8B2E8F7BFF8B0F90C50224BC8
:10CCC00005EB850590F801B017F803C005EB850169
:10CCD0001C4B468889001A68B0F80490B0F80880A8
:10CCE00091FBFCF1B4E7194D084629890FF050FC7F
:10CCF000698920460FF04CFCA98920460FF048FCBA
:10CD0000E98A20460FF044FC298B20460FF040FCB6
:10CD1000698B20460FF03CFCE98920460FF038FC77
:10CD200040E500BF087B01207B960120DC950120B7
:10CD3000E4240020BC3801209A99193F000000002B
:10CD4000584500204C39012044450020C88401206A
:10CD5000B54D084629880FF01BFC698820460FF066
:10CD600017FCA98820460FF013FCE98820460FF035
:10CD70000FFC298A20460FF00BFC698A20460FF031
:10CD800007FCA98A20460FF003FC236895F82020B1
:10CD90002046591C21601A7023682A7F591C216083
:10CDA0001A70698D0FF0F4FBA98D20460FF0F0FB8F
:10CDB000236895F821202046591C21601A702368A9
:10CDC00095F82820591C21601A70E98B0FF0E0FBC0
:10CDD000E8E40A68954B501C1978206011702268AD
:10CDE0005978501C2060117022689978501C20607E
:10CDF00011702268D978501C2060117022689979CE
:10CE0000501C2060117022681B79511C2160137026
:10CE1000C8E4874F0846798A07F11C050FF0B8FB74
:10CE2000B98A20460FF0B4FBF98A20460FF0B0FB18
:10CE30002368804A2046591C127821601A702368A2
:10CE40003A7E591C21601A702368BA7A591C2160F5
:10CE50001A702368BA78591C21601A7039880FF04B
:10CE600097FB2268397A07F11803501C2060117073
:10CE7000226813F8011B501CAB4220601170F7D1DF
:10CE80006D4B1D1D226813F8011B501C9D42206034
:10CE90001170F7D1398D20460FF07AFB798D20463D
:10CEA0000FF076FBB98D20460FF072FBF98D20460E
:10CEB0000FF06EFB76E4DFF8A0C10026F7B2614602
:10CEC00000232268501C206017702268501C2060CC
:10CED00013700133226811F8010F062B02F10105CE
:10CEE00025601070EDD101360CF1060C042EE5D151
:10CEF000524900232268501C206016702268501C82
:10CF0000206013700133226811F8010F0B2B02F11E
:10CF1000010525601070EDD1236805200021484AE5
:10CF20005D1C256018702368581C206019702368E8
:10CF300092F86321591C21601A7033E40B68414A4E
:10CF40005D1C4149D079256018702368527D581CBA
:10CF500020601A7023680A78591C21601A7021E435
:10CF60000B683A4A581C117820601970236852786F
:10CF7000591C21601A7015E4354D05F18006298889
:10CF800020460FF005FB6988204610350FF000FBA6
:10CF900035F80C1C20460FF0FBFA35F80A1C204629
:10CFA0000FF0F6FA35F8081C20460FF0F1FA35F8C4
:10CFB000061C20460FF0ECFA35F8041C20460FF052
:10CFC000E7FA35F8021C20460FF0E2FAAE42D6D15D
:10CFD000FFF7E8BB1F4E00250B683268591C527AD8
:10CFE00021601A703368204622682B44511C9B7ABA
:10CFF00021601370336822682B44511C9B7B216095
:10D000001370336822682B44511C9B7C2160137081
:10D01000336803EB45030135598B0FF0B9FA032D43
:10D02000E0D1FFF7BFBB00BFC8840120D07E012044
:10D03000BC380120E4240020D8380120477D01209D
:10D04000F07B01204891012064910120D4950120BA
:10D05000F4950120682500202F7D0120FAF7FCFEC1
:10D06000014620460FF07EFAFAF7E6FE014620461A
:10D0700089B20FF08DFAFFF795BBAB4D08462988B2
:10D080000FF086FA698820460FF082FAB5F904306D
:10D09000A64A2046D91782FB0323C1EBA30189B21C
:10D0A0000FF076FAFFF77EBBA14B084619880FF008
:10D0B0006FFAA04B204619880FF06AFA9E4B22683F
:10D0C0001B78511C03F0010321601370FFF76ABB4A
:10D0D0009A4B08460A681B78511C994D03F00203CD
:10D0E0002160137023682A7D591C21601A702968F9
:10D0F0000FF038FA696820460FF034FAAB6813F184
:10D10000630FC0F21586B3F5C80F80F214868D4AFE
:10D11000D91782FB0323C1EB631399B220460FF0AA
:10D1200037FAE98920460FF033FA298A20460FF0B2
:10D130002FFA698A20460FF02BFAFFF733BB824E95
:10D14000B378002B3FF42EAB804F0025F7EC017A2B
:10D1500020460135FCEEE77A17EE903A99B20FF0CF
:10D1600017FAB378AB42F1DCFFF71CBB0B6808463B
:10D17000774D591C2A7921601A7023686A79591CE5
:10D1800021601A7029880FF003FA2368AA792046D3
:10D19000591C21601A7069880FF0FAF92368EA793E
:10D1A000591C21601A70FFF7FDBA6A4E3568002DD0
:10D1B00000F0A98517F094F9674F40F002000023B2
:10D1C0003A46C5B204E001330632062B00F035863C
:10D1D00011780229F7D1226803EB4303204607EBBD
:10D1E0004303511C216015709A8859880132511AE5
:10D1F0000FF0B8F9316820460FF0B4F917F048F98C
:10D20000014620460FF0AEF9FFF7CCBA08460822D7
:10D2100052490FF079F9FFF7C5BA514D0846514E02
:10D22000B5F808110FF0B4F9B5F8881020460FF0E2
:10D23000AFF94D4B204619684A01C1F34003C1F3D1
:10D240008007C1F3C00502F020021343C1F340126E
:10D2500001F0100143EA470343EA850343EAC203AE
:10D2600019430FF095F900231D461F46059303E06F
:10D2700001351E2D00F0E2842946304613F00AFBEA
:10D28000EBB20028F4D01846FEF776FC002840F0F8
:10D290007B840137ECE70B680846344A5D1C9178C3
:10D2A0002560334A1970236851795D1C314A256025
:10D2B000197023685278591C2F4D21601A70236809
:10D2C000EA78591C21601A702368AA78591C2160D9
:10D2D0001A7023682A78591C21601A70298B0FF064
:10D2E00057F9698A20460FF053F923682A7D591CA3
:10D2F00021601A70FFF756BA0A68184B501CD97B88
:10D30000206011702268197C501C20601170226806
:10D31000597C501C206011702268DB7F511C2160F9
:10D320001370FFF73FBA00BFB83901206766666621
:10D330002E780120CC7E01206F8401202C780120E2
:10D34000783901201F85EB51A4360120DC7D0120B6
:10D3500068A7012004860120480C0120C83601205E
:10D36000E42F012058AD0120BC770120C0390120F5
:10D37000A48A012064910120FC8D0120A14901F5BE
:10D380008075206851F8083F461C4A681F0A2660CD
:10D390001E0C03701B0E20688D4200F1010CC4F8B6
:10D3A00000C007704FEA1227206800F1010CC4F892
:10D3B00000C006704FEA1246206800F1010CC4F864
:10D3C00000C003704FEA1260236803F1010CC4F837
:10D3D00000C01A70236803F1010222601F702368E5
:10D3E00003F1010222601E70236803F10102226032
:10D3F0001870C6D123680121834A5818206019701B
:10D400002368D278591821601A70FFF7CBB97F4D85
:10D4100005F14006B5F8001120460FF0B9F8236871
:10D4200095F802210435591C21601A70236895F87B
:10D43000FF20AE4203F1010121601A70EAD1FFF72B
:10D44000B1B90B680846724D0026591C2A7A216032
:10D450001A7023686A7A591C21601A702368AA7AA4
:10D46000591C21601A70E98A0FF092F8698A2046E7
:10D470000FF08EF8A98A20460FF08AF8298B2046F3
:10D480000FF086F8698B20460FF082F8236831464A
:10D4900020465A1C22601E700FF064F823685A1C44
:10D4A00022601E70FFF77EB90B680846594D591C63
:10D4B0002A7821601A7023686A78591C21601A70D2
:10D4C0002368AA78591C21601A702368EA78591CCD
:10D4D00021601A7023682A79591C21601A70E98822
:10D4E0000FF056F8298920460FF052F82368AA7ADF
:10D4F000591C21601A702368EA7A591C21601A703D
:10D5000023682A7B591C21601A7023686A7B591C86
:10D5100021601A70FFF746B93F4D084629880FF081
:10D5200037F8A98820460FF033F8298920460FF0F4
:10D530002FF8FFF737B9394D05F178062878063509
:10D54000FEF712FC23684279591C21601A70236887
:10D5500015F8052C591C21601A70236815F8042C45
:10D56000591C21601A70236815F8032CAE4203F190
:10D57000010121601A70E1D1FFF714B9284D284646
:10D580001BF0D0FF00283FF40DA92B46054422686C
:10D5900013F8011B501C9D4220601170F7D1FFF75A
:10D5A00001B90B684B2008211E4A5D1C25601870CC
:10D5B0002368581C2060197023689178581C2060DB
:10D5C00019702368D278591C21601A70FFF7EAB8E5
:10D5D000084600210EF0C6FFFFF7E4B8124D134EC7
:10D5E00005F16C0795F90410114B93F908208A4254
:10D5F00000F0DE820C339E42F7D10C35BD42F1D1F2
:10D60000FFF7D0B8E87B0120B47B0120F07B01203C
:10D61000C83601203C8D0120D4AF0120A494012004
:10D620002CAD0120B8910120803C0120D4AD012017
:10D6300068AD0120924D05F50076236820462A78D2
:10D640001035591C21601A70236815F80F2C591CCD
:10D6500021601A70236815F80E2C591C21601A706D
:10D66000236815F80D2C591C21601A70236815F8D1
:10D670000C2C591C21601A70236815F80B2C591CAE
:10D6800021601A70236815F80A2C591C21601A7041
:10D69000236815F8092C591C21601A7015F8082CFC
:10D6A0002368591C21601A7035F8061C0EF070FFB3
:10D6B00035F8041C20460EF06BFF236815F8022C89
:10D6C000AE4203F1010121601A70B6D1FFF76AB8CA
:10D6D0006C4A4BE46C4D05F12006B5EC010A1CF0D8
:10D6E000A7F90146204689B20EF052FFB542F4D1A7
:10D6F000FFF758B8654B9B89B3F5006F00F21583AF
:10D70000B3F5806F00F25183B6EE008AB3F5007F67
:10D71000F7EE007A38BFB0EE678A5D4D05F10C0672
:10D72000B5EC010A20EE080A1CF082F901462046F9
:10D7300089B20EF02DFFAE42F2D1564D05F10C0626
:10D74000A5F1300905F5D478374699F89236B5EC4D
:10D75000010A012B0CBF43463B46D3ED2A7A80EEEB
:10D76000270A1CF065F90146204689B20EF010FF29
:10D77000AE42EAD1484D05F10C06B5EC010A1CF0A9
:10D7800057F90146204689B20EF002FFAE42F4D1AD
:10D79000FFF708B80A680125404920465619404B52
:10D7A0002660157022680978551925601170226865
:10D7B000197A551C2560117022689978551C2560CE
:10D7C000117019880EF0E4FEFEF7ECBF0B68012221
:10D7D0000846344D991821601A7023682A78591C1C
:10D7E00021601A7023686A78591C21601A70698850
:10D7F0000EF0CEFE696820460EF0B4FEFEF7D2BFF2
:10D80000294B1B79002B40F0C4821E4698461D46CA
:10D81000194622682046571C2760137023685A1C3B
:10D82000226083F8008023685A1C22601E700EF06C
:10D8300099FE294620460EF095FEFEF7B3BF1B4E1B
:10D84000B378002B3EF4AEAF194F002507F1010865
:10D850002368204617F81520591C21601A7018F803
:10D860001510013501EB810101EB810101F2EE217F
:10D870000EF08EFEB378AB42EADCFEF793BF00BF3A
:10D8800034B20120A0A701200C2B0020FC24002092
:10D8900044250020BC02002078860120E0AF012052
:10D8A000BC380120F085012044360120A436012037
:10D8B000E8930120B74D08460B682A68591C92F876
:10D8C0002A2021601A7023682A68591C92F82D209A
:10D8D00021601A7023682A68591C92F82E20216052
:10D8E0001A7023682A68591C92F8362021601A7031
:10D8F00023682A68591C92F8372021601A7023681F
:10D900002A68591C92F8382021601A702B6893F805
:10D910003F202368591C21601A7023682A68591C0B
:10D9200092F8402021601A7023682A68591C92F8E6
:10D93000412021601A7023682A68591C92F83C2003
:10D9400021601A7023682A68591C92F83D202160D2
:10D950001A7023682A68591C92F83E2021601A70B8
:10D9600023682A68591C92F82F2021601A702368B6
:10D970002A68591C92F8332021601A7023682A689B
:10D98000591C92F8342021601A7023682A68591CA7
:10D9900092F8352021601A7023682A68591C92F881
:10D9A000442021601A7023682A68591C92F8462086
:10D9B00021601A702B68B3F848100EF0E9FD2B684F
:10D9C0002046B3F84A100EF0E3FD2B682046B3F86A
:10D9D0004C100EF0DDFD23682A682046591C92F891
:10D9E0004E2021601A702B68B3F850100EF0D0FD55
:10D9F00023682A68591C92F8522021601A70236803
:10DA00002A68591C92F8532021601A7023682A68EA
:10DA1000591C92F8542021601A7023682A68591CF6
:10DA200092F8582021601A702A68236892F85920C9
:10DA3000591C21601A70FEF7B5BE574D08460B6899
:10DA400000266A78591C21601A7023686A7D591C67
:10DA500021601A70E9880EF09BFD2368AA7D20469C
:10DA6000591C21601A7029890EF092FD698920469F
:10DA70000EF08EFDA98920460EF08AFDE989204628
:10DA80000EF086FD298A20460EF082FD698B204625
:10DA90000EF07EFDA98B20460EF07AFD23683146FC
:10DAA00020465A1C22601E700EF072FD3146204640
:10DAB0000EF06EFD314620460EF06AFDFEF772BE96
:10DAC0000025364E364FDFF8E4809FED368A07E0BA
:10DAD000002120460EF05CFD0135082D3EF462AEBB
:10DAE0003378AB42F4DD3B6893F82620002AEFD070
:10DAF0001B6AE8B298470028EAD008EB850393ED4B
:10DB0000000A20EE080A1BF093FF02044CBFA0F5A8
:10DB10007A7100F57A71204689B20EF039FDDBE7A3
:10DB200000251E4E204F33782046AB42C8BF37F841
:10DB3000151005F10105D8BF00210EF029FD042DB7
:10DB4000F1D1FEF72FBE0025124E01353368204675
:10DB500003EBC503EF0059880EF01AFD3368204629
:10DB60003B4499880EF014FD336820463B44D98825
:10DB70000EF00EFD336820463B4419890EF008FD77
:10DB8000032DE2D1FEF70EBE394605A812F072FE53
:10DB9000FFF77FBB087B0120FC8D0120E4240020DF
:10DBA000280A002000007A44F44600208C2000203F
:10DBB000236820465A1C2260197029680EF0D2FC96
:10DBC00023686A79591C21601A702368AA79591C44
:10DBD00021601A7023682A7A591C21601A70236800
:10DBE000EA79591C21601A7007E5974807F1020C81
:10DBF00000EB8C0C9CF80650002D3FF42EA8BCF8CE
:10DC000004006421914B01FB00F1F8B2DD5D039249
:10DC1000B1FBF5F1029119F0A7FA85B2DDE9021224
:10DC2000FFF71BB88A4A02EB870292ED000A80FEDA
:10DC3000080A1BF0FDFE0146FFF719B805A90422EA
:10DC4000204600250EF060FC2368824A2046591CBD
:10DC500021601D7011880EF09BFC7F4B20461988B7
:10DC60000EF096FC23687D4A1A215E1C2046266031
:10DC70001D7023685E1C2660197011680EF072FC1E
:10DC80002168774B0622481C764E20600D70216873
:10DC9000987B4D1C25600870216818784D1C256004
:10DCA0000870216870484D1C25600A7021685B78F7
:10DCB0004D1C25600B7023686C495D1C25601A7033
:10DCC000236832785D1C25601A7023680278FFF79C
:10DCD0003EB9674AC7EBC70012F8303002EBC0020A
:10DCE000002B3EF4BFAF92ED010A20EE280A1BF094
:10DCF0009FFE6422554B80B2D95D02FB00F2B2FB5D
:10DD0000F1F1FEF7AFBF0B68204629465A1C22608E
:10DD10001D700EF027FC294620460EF023FC2946F4
:10DD200020460EF01FFCFEF73DBDB4EE008AF4E481
:10DD30000021FFF7F3B94FF6FF71FFF7EFB9BDF818
:10DD4000141020460EF024FC23689DF8162020466F
:10DD5000591C21601A7023689DF81720591C2160F6
:10DD60001A7023689DF81820591C21601A702368C6
:10DD70009DF81920591C21601A7023689DF81A20FB
:10DD8000591C21601A70BDF81C100EF001FCFEF742
:10DD900009BDE3F755F958B9054641F2E472354833
:10DDA00001232946A846865C33E5B5EE008AB4E433
:10DDB000E3F736F948B941F2E4732E4A4FF001080F
:10DDC0000546D65C0146434623E52A4E96F8018077
:10DDD000B8F1020F1CD0B8F1030F08D041F2E47380
:10DDE00000254FF00108F65C2946434611E541F253
:10DDF000A87241F2E4734FF00408B158F65C890A46
:10DE00000191E3F707F9012305680199DD4000E579
:10DE1000194B1B68DB69984740B141F2E472002559
:10DE20004FF003080123B65C2946F2E441F2E472A4
:10DE3000054601230146B65CEBE423680022591C29
:10DE400021601D709388FFDEFC46002044450020C1
:10DE5000582500202C46002030460020007B012061
:10DE6000B8910120E4240020082B0020B591012066
:10DE7000A80100202C5F01204C36012038B5084D48
:10DE8000002415F8010BFF2805D0FDF775FE0146AB
:10DE9000204609F019FF0134042CF2D138BD00BF2F
:10DEA000FC360120084B1B7803B170472DE9F04F79
:10DEB000064E33685C052DED028BA7B008D427B061
:10DEC000BDEC028BBDE8F08FF03C01204C39012005
:10DED000CF4D04469FEDCF7AD5F81833C31A07EE1D
:10DEE000903AF8EEE77AF4EEC77AF1EE10FA80F2A3
:10DEF0006484C94B1B78012B00F0C483C74B1B788B
:10DF0000002B51D0D5F82833C54AE31A934200F2CA
:10DF10005582DFF85C9399F800A0BAF1000F40F049
:10DF20001F82C04F386809F041FCC0B201281DD9DA
:10DF3000022840F08E84DFF8188398F80030002B18
:10DF400040F00285D5F83033E31AB3F57A6F0DD37C
:10DF50000123386888F8003009F020FC80463868D2
:10DF600009F01CFC18F07F0F01F01C87DFF804C3D8
:10DF7000DCF80020C2B199F80030002B40F0F781A6
:10DF8000A94B022138681B681B791E3B012B41F20B
:10DF90008A863830E9F73AFD0122002389F800200B
:10DFA00085F83C33C5F8384307F0D2FD9F4B00F5A8
:10DFB0007A701B781E90012B00F091839C4B1B788C
:10DFC000002B00F0CA809B4F3B68002B00F0C580FF
:10DFD000994AD5F84433D2F800A0AAEB0303632B87
:10DFE00040F2BB80DFF890824120E7F743FADFF888
:10DFF0008C92B8F90230DFF888B289FB0320DB1776
:10E00000C3EBA00080B2E7F719FAB8F9003089FB3A
:10E010000320DB17C3EBA00080B2E7F70FFAB8F9D3
:10E02000043089FB0320DB17C3EBA00080B2E7F7C5
:10E0300005FA9BF80010386809F0DEFB95F8488374
:10E0400018F0010F00F01E847C4B1B689A0674D5F3
:10E050007B4B1B789B0741F1EE86DFF8289299F8FD
:10E060001430052B34BF4FF002084FF0030847204F
:10E07000E7F700FAD9F80000E7F7ACF9D9F804009F
:10E08000E7F7A8F96F4BB9F80E103868A3FB013118
:10E09000C1F34711039109F0AFFB9BF800300399DE
:10E0A00059408BF80010F9F7D7FEE7F793F999F884
:10E0B0001430386848EA83085FFA88F8414609F066
:10E0C0009BFB9BF80010386888EA01018BF8001070
:10E0D00009F092FB95F84883B8F1000F2DD1DFF8D5
:10E0E000A8914F20E7F7C6F9D9F80000E7F772F9D1
:10E0F000D9F80400E7F76EF94046E7F76BF901211C
:10E10000386809F079FB4E4A9BF8003092F800809D
:10E1100083F00103386808F001088BF800304146AD
:10E1200009F06AFB9BF80010386888EA01018BF857
:10E13000001009F061FB95F8488308F10108424B93
:10E14000C5F844A35FFA88F8A3FB0823DB0803EBB8
:10E150008303A8EB430885F848833C4F3B78022BA8
:10E1600000F048833A4EB378032B00F06683394BB6
:10E170001B78002B37D0384E3368A3B307F0E8FC88
:10E18000D5F8543344F61F620390C31A93422AD938
:10E1900095F85A33002B01F07B81013B85F85A3307
:10E1A00095F85B73002F01F0AF80013F85F85B733A
:10E1B00095F85E33002B00F07F86013B85F85E33D7
:10E1C00095F86233002B00F0AF85013B85F8623390
:10E1D00095F86333002B01F03982013B85F86333F6
:10E1E000039BC5F854331D4B1B7823B11C4B1B7884
:10E1F000980700F095801B4B1B78002B4AD01A4ED5
:10E200001A4B3178D5F8A024B3FBF1F33EE000BF00
:10E2100034B20120001B374A78800120868001201B
:10E220003F0D03004C7F0120507F0120878001209B
:10E2300094800120F47A0120301D0120BC77012058
:10E240002C7801201F85EB51CDCCCCCCAE90012099
:10E25000980601209C800120A080012019810120C6
:10E260006C8001201081012018810120A08601000E
:10E27000587F0120547F0120B83901206766666607
:10E28000F87A012078390120C47E012013449C4291
:10E2900080F0D681CA4B1B78002B39D0C94B1B7834
:10E2A000002B39D1C84B1B78002B3FF408AEC74F69
:10E2B000DFF86483DFF81C93386809F077FA0028E8
:10E2C0003FF4FDAD386809F069FA98F8006004463B
:10E2D0000322BF494846731E3EB1386888F80030B3
:10E2E00009F064FA0028EDD1E9E51DF091FE042162
:10E2F000484685F8AB44E6F715FE0028DCD0B54863
:10E30000E6F738FE98F80030184488F80000D3E7A4
:10E31000B14B1B78002BC5D12046E9F765FCC1E75E
:10E32000DFF8F892F3F7DEF999F80070002F40F06B
:10E330005284DFF8EC8298F80030002B40F0AA8479
:10E34000A64AA74B1178D5F89C24B3FBF1F31344EC
:10E350009C42FFF450AFC5F89C44E9F721FD4AE721
:10E36000DFF8C0C2DCF80020002A3FF41DAED5F86B
:10E37000383340F6B731E31A8B427FF615AE95F885
:10E380003433002B00F02384013BDBB285F83433B7
:10E39000002B00F0678295F83C7395F83D3312F836
:10E3A000011B904801330F44CCF80020006885F829
:10E3B0003C7385F83D3309F01FFAF3E58A4B4FF4BF
:10E3C0007A728A4900201B88497A894F053302FBFB
:10E3D00001F2DFF854E2D7F800C0D5F82C13AEFBF9
:10E3E00003E3DFF848A2ACEB0101DB088AF8020086
:10E3F0009142AAF81E30AAF814308AF8040080F07E
:10E40000D8827C4B7C491A689B6881FB0270D217CA
:10E4100081FB0371DB17C2EBA002DFF81482C3EBB0
:10E42000A103DFF81092AAF81C20AAF82030F9F70F
:10E4300013FD88FB0032C317C3EB621303F5FA73B5
:10E44000AAF81A30F9F7F8FC47F2305288FB00318D
:10E45000C31702443030C3EB6113684912128AF8C3
:10E460002200783309788AF823208AF82430880734
:10E4700099F81430624A937640F16382D9F8042007
:10E48000042B604B17464FEAE27C83FB0202D9F86B
:10E4900000B05D49CCEBA25C83FB0B03B9F80E2006
:10E4A0004FEAEB7E01FB0C795848CEEBA35E039755
:10E4B00009EB490901FB0EB10CEB8C0C4FEA490941
:10E4C00001EB410180FB09A30CEB8C0C4FEA4101ED
:10E4D0001F464FEAE97380FB010A02EBC202C3EB5D
:10E4E000A7404B4F4FEA8202034640B20EEB8E0E1E
:10E4F00007FB139300EB8C004FEAE179DFF838C19A
:10E500000EEB8E0EACFB022CC9EBAA42CDF810E04C
:10E5100080B2914607FB12124FEAE37188FB03A316
:10E52000DFF818A14FEA9C1C354FC1EB6313BAF812
:10E5300000E088FB021AF8734FFA89F987F813E0B4
:10E540004FEAE27287F807C04FEA1020039FC2EB40
:10E550006A124FEA1C2C4FEAD771294F4FEA1E2E40
:10E56000B9734FEADB7B7B7488BF3321049F4FEA8A
:10E57000232398BF322109EB8709214FBA81A7F8DD
:10E580000A90BB74387487F809B087F808C087F818
:10E5900014E0F976F9F760FC1E4B1A8888FB003806
:10E5A000C3173A77C3EB681303F5FA7383F31003C9
:10E5B000C3F307227B75BA75C5F82843A9E400BFE9
:10E5C0005B7F0120897F0120A6800120AC80012093
:10E5D000DDB60120DCB60120A17F0120688001208A
:10E5E000A08601004C7F0120547801203078012062
:10E5F000301D01207C780120676666662C7801203A
:10E60000E08001206BCA5F6B806967FF83DE1B437C
:10E6100040420F00CC7E0120B08001201B810120F0
:10E620001A810120547F0120CDCCCCCCB4800120B4
:10E630001F85EB5178390120D34D62102E780120CF
:10E64000C44A95F8A434C5F8A04412F8038018F021
:10E65000010F40F0738218F0020F40F0028218F0B0
:10E66000040F40F02C8218F0080F40F0B88195F8A4
:10E67000A43431780133B3FBF1F201FB123385F896
:10E68000A43407E6B44B1B68002B3FF437ACD5F835
:10E690001C33B24AE31A93427FF730ACB04F95F87F
:10E6A00020333A680133C5F81C43910785F82033BD
:10E6B00001F1A78212F0340F41F0948295F82033D3
:10E6C000120701F1C78213F0070801F01982282B05
:10E6D00001F0B783A34B5E201B6898470EE4A24F5E
:10E6E000386800283FF46AAC0023DFF8A882994616
:10E6F0009A468DF8703009F059F808B3B9F1000F57
:10E700001ED14FF00109386809F048F883B27E2B1A
:10E7100000F0848098F80120002A37D195F83F1343
:10E72000A1B11B2B85F83F234DD00D2B5AD0386853
:10E7300088F8019009F03AF80028E4D14FF0000978
:10E7400048461EAA1CA9E6F7AFFE37E47D2B00F071
:10E75000278195F8422322B180F0200385F84213E7
:10E76000DBB295F83E23062A16D8B5F84013501CA4
:10E770002A44194485F83E033868A5F8401382F806
:10E78000003209F013F80028BDD1D7E7386809F046
:10E790000DF80028B7D1D1E7B5F8402388F80190EB
:10E7A0001344C3F3072252FA83F3FF2BA5F8403337
:10E7B000ECD13868DFF8E0919DE7F1F733FBC5F85D
:10E7C0001843FFF796BB386808F0F0FF0028AED179
:10E7D00038688DF8709088F8019008F0E7FF0028FD
:10E7E00091D1ABE73868A5F8402308F0DFFF002897
:10E7F00089D1A3E707F0ACF95C4A40F6B833126858
:10E80000801A984200F2DA81DFF8909199F804308A
:10E810003A2B01F08F8000233B70A8E438688DF814
:10E8200070A085F83EA385F83F9388F801A008F012
:10E83000BDFF00287FF467AF80E74D4B186808F0F4
:10E84000A9FF00283FF493AC02220023B2703B7072
:10E850008DE4E9F701F9DFF83C81012388F8003005
:10E86000FFF784BB95F83C1395F83D3341484A1CAB
:10E870000133006885F83C2385F83D3308F0BCFF80
:10E88000FFF790BB3C4B1B88580601F1FD819906B0
:10E8900001F11E835A0701F1838313F0020F14BFA5
:10E8A0004FF008094FF00009344A354B92F80080C8
:10E8B000DB7808F001080BB148F002085320E6F7B6
:10E8C000D9FD304B1B8803EB8303580080B2E6F779
:10E8D000B5FD2D4B986880F3100080B2E6F7AEFDD1
:10E8E000F2F750FF294BC0EB0020984201F3D08192
:10E8F000274BC21783FB00131844C2EB6023DBB223
:10E9000019463868039308F077FF9BF8002049EA1E
:10E910000808039B0021386853408BF8003008F04A
:10E920006BFF4146386808F067FF9BF800103868B5
:10E9300088EA0101C9B28BF8001008F05DFFFFF70B
:10E94000C9BB2D23D37637E6C5F8304388F800A03D
:10E95000FFF70CBB14810120987E012047E80100DD
:10E96000BC770120B07B0120187B0120348D012071
:10E97000A89501204C7F01208A7801208878012009
:10E98000307E0120547801207C780120FFFE0300B6
:10E99000030820809806012034B401209C900120B7
:10E9A000386885F8429308F001FF00287FF4ABAE89
:10E9B000C4E6A74B3A681B78C5F82C23013B012B12
:10E9C00041F2CC81A34B1B78013B012B3FF619ADE3
:10E9D000162201238AF802208AF8043011E59E48A5
:10E9E00089219E4B0768A3F117021F9317F4006853
:10E9F00003F8181C1E922CD1C24617F0040941F0EE
:10EA0000518217F0080141F04182954B0C272720D5
:10EA1000DA1C5F7098701EA81E920DF0B9FD494671
:10EA20001EA80DF0B5FD1E9B1EA800215A1C1E92AB
:10EA300083F800800DF0ACFD1EA800210DF0A8FDAC
:10EA40001E9B1EA85A1C1E9283F800A0E9F770F9BD
:10EA50000DE6844B1B6A13F4006341F0A9829846CB
:10EA6000CAE77E4B1EAFDFF81C9240F68940252195
:10EA7000A3F1150223F8180C384603F8161CD9F830
:10EA800000101F931E920DF06DFDD9F8041038464A
:10EA90000DF068FD744BD9F808201B7813F00201C3
:10EAA00006D0724BD11783FB0232C1EB621189B2DF
:10EAB00038460DF06DFD3846E9F73AF9CFE5674B7A
:10EAC0001EAFDFF8C09140F689402621A3F1150260
:10EAD00023F8180C384603F8161CB9F80E101F93CB
:10EAE0001E920DF055FDB9F8101038460DF050FD8E
:10EAF0001E9B99F81410384603F1010C5C4ACDF8BE
:10EB000078C019705B4B1188A3FB0131C9080DF067
:10EB10003FFD594B384619880DF03AFD524B3846A7
:10EB20001B78C3F34002D9071E9B48BF42F0020284
:10EB3000591C1E911A70E9F7FBF894E5474B40F613
:10EB40008947484A2320A3F115011F93D27A23F85D
:10EB5000187C03F8160C1E91002A01F09C801EAF51
:10EB6000FAF7AAF9014638460DF012FDDFF81891C0
:10EB70003846B9F800100DF00BFDD9F808303F49C0
:10EB80003846DA1781FB0313C2EBA30399B20DF0E9
:10EB9000FFFC1E9A00233846511C1E9113701E9ACA
:10EBA000511C1E9113701E9A511C1E9113701E9AB7
:10EBB000511C1E911370E9F7BBF84CE5B5F84A33C8
:10EBC000002201333A70A5F84A33FFF7D0BAE8F7CC
:10EBD00053FFFFF7E7B995F89B645EBBDFF8AC80A5
:10EBE000D8F860306BB3DFF898A0DFF8A4B00EE07F
:10EBF00001373E44EFF31183502282F31288D8F894
:10EC00006020D9B2964281F2E58081F3118818F82C
:10EC10000670701C002239464044E6F7E9FA0028E5
:10EC2000E6D09AF800300122002B01F0EB8085F845
:10EC30009B24DDE7124B1B78002B01F0C28295F874
:10EC40009B6489F80060C5F89C44FFF7D4BA00BF04
:10EC500006A5012080A50120BC770120BC7F0120F2
:10EC6000A47F0120307801202C7801201F85EB51F2
:10EC70002E780120CDCCCCCCCC7E01206766666698
:10EC800058800120783901207C7801201C810120E6
:10EC900025820108BE494FF0C80ABE4B1EA8A1F14B
:10ECA0003F020093BC4B01F840ACCDE91C21BB4AAC
:10ECB000BB4910F0E9FFDDF870902920EA2209F144
:10ECC00001031EA91C9389F800701C9B5E1C1C96F6
:10ECD00018701CA81C9B5E1C1C960C261A701C9B92
:10ECE0005A1C1C9283F800A00DF0E8FB1C9B013E0F
:10ECF00003F101021C921F70F8D11C9B01221CA879
:10ED000099181C911E701C9B99181C911A701C9BC1
:10ED1000A3EB090389F80030E9F726F888F80060CA
:10ED2000C5F89C44FFF767BA9E490520DFF894E2D6
:10ED30001EAFB1F90020B1F904A08EFB02C9B1F9F0
:10ED400002C0D2178EFB0A184FEAEA7185F80D321D
:10ED5000C2EBA9028EFB0C9EC1EBA8039FED926A49
:10ED60004FEAEC7C914912B295F86A93ACEBAE0C89
:10ED700009681BB206EE902A07EE10CA002207EEC1
:10ED8000903AF8EEE66AB8EEC77ADFF824E2F8EED9
:10ED9000E77A1E9166EE866A229227EE067A239221
:10EDA00067EE867A2492CDED1F6AF0468DED207ACB
:10EDB000AEF1040CCDED217A85F8620385F80C9252
:10EDC0000FCFA8E80F0097E8070009F1010741F607
:10EDD000FE4341F6C86985F86A731C27A5F80A3214
:10EDE0004FF6FF73A5F80E9288E807003A4601E057
:10EDF0001CF8012B5A40E64582EA0212D2B24FEAD1
:10EE0000121181EA132343EA022383EAC203EFD1FA
:10EE1000674FA5F8083207F11C0117F8012B5A407B
:10EE20008F4282EA0212D2B24FEA121080EA132312
:10EE300083EA022383EAC20293B212B2A5F808322F
:10EE4000EBD182F0270205F20A2CDFF874E105F21B
:10EE50002A2882EA0212D2B24FEA121989EA13234F
:10EE600083EA022989EAC2020FFA82F9A5F8089218
:10EE7000A5F82C92DCF800000CF1100C5CF80C1CCE
:10EE800077465CF8082C0EF1100E5CF8043CC44583
:10EE90000FC7EFD1474FBCF8003007F12408AEF898
:10EEA0000030A5F8B69317F8011F306808F0A4FCED
:10EEB000B845F8D1FFF78CB93F4B19221B6885F88C
:10EEC0005E2398067FF57CA93C4B1B78990741F19E
:10EED0000380DFF8F49099F81430052B34BF4FF01D
:10EEE000020A4FF0030A06F033FED9F80820B9F8F9
:10EEF00010301EAF02EB8202B9F80E1003EB830351
:10EF00001E905200D9F800005B00049122924FF04D
:10EF1000000BADF892304FF0FF312090B84699F8D1
:10EF20001420DFF88CC0D9F80400049BE6468DF865
:10EF300094A041F6FE6A2190ADF890308DF89520AE
:10EF4000CDF87CB02391B8E80F00AEE80F0098E848
:10EF50000F00AEE8070095F86A13ACF10402AEF8B2
:10EF6000003041F6C80001F1010E904606924FF6BE
:10EF7000FF731E22A5F80AA2CDF814C085F80DB2C1
:10EF800085F80C1285F86AE3A5F80E0220E000BFB0
:10EF900018800120BF910120F41B0508C418050842
:10EFA000D0260508B839012035FA8E3C301D0120E5
:10EFB00044B40120C7B50120BC7701202C78012082
:10EFC000C8B50120676666667839012018F8012BFC
:10EFD0005A40C44582EA0212D2B24FEA121181EAC3
:10EFE000132343EA022383EAC203EFD1C149A5F800
:10EFF000083201F11E0011F8012B5A40814282EAC9
:10F000000212D2B24FEA121C8CEA132383EA0223C3
:10F0100083EAC20293B212B2A5F80832EBD182F0B1
:10F020001802B54905F20A2C05F22A2B82EA0212CF
:10F030008E460491D2B2110981EA132383EA022396
:10F0400083EAC20213B20793A5F80832A5F82E325C
:10F05000DCF800000CF1100C5CF80C1CF2465CF8BB
:10F06000082C0EF1100E5CF8043CDC45AAE80F00F9
:10F07000EED1DCF80000DFF88CA2CEF80000079B90
:10F08000D346A5F8B8331BF8011F306808F0B4FB6D
:10F090009A4B5B45F7D106F05BFDD9F80830D9F8FB
:10F0A0000020834603EB830309925B00D9F8042018
:10F0B00008930792F8F7D0FE8146E6F76DF9089BB2
:10F0C000002109EB8909099A21934FF01C0C4FEAA2
:10F0D0004903CDF878B0ADF89200BB46229342F2D6
:10F0E000C810079B1F9241F6FE42209395F86A33A1
:10F0F000DDF814E085F80C3201332391ADF890105F
:10F1000085F80D120793A5F80A22A5F80E02DDF87E
:10F110001890BBE80F00AEE80F009BE807008EE8F0
:10F120000700079A4FF6FF7385F86A23624601E0ED
:10F1300019F8012B5A40C84582EA0212D2B24FEAAE
:10F14000121181EA132343EA022383EAC203EFD1B7
:10F150006848A5F8083200F11C0110F8012B5A404C
:10F16000884282EA0212D2B24FEA121C8CEA1323BE
:10F1700083EA022383EAC20293B212B2A5F80832EC
:10F18000EBD182F0680205F20A2EDFF86CC105F2BD
:10F190002A2B82EA0212D2B2110981EA132383EAEE
:10F1A000022383EAC20213B20793A5F80832A5F836
:10F1B0002C32DEF800000EF1100E5EF80C1CE14659
:10F1C0005EF8082C0CF1100C5EF8043CDE45A9E852
:10F1D0000F00EED1BEF80020D346049BACF800200F
:10F1E00003F12309079BA5F8B6331BF8011F30680C
:10F1F00008F002FBD945F8D1414B002195F86A236C
:10F200004FF6FF7C209185F80C2285F80D12D3E98A
:10F210000030CDE91E30501C43F2C81240F6FE43C8
:10F2200085F86A03A5F80E22A5F80A320C2397E8A0
:10F230000700059F87E80700069901E011F8013BE8
:10F2400083EA0C03884583EA0313DBB24FEA131207
:10F2500082EA1C2242EA032282EAC30CEED1254A4A
:10F26000A5F808C202F10C0112F8013B83EA0C0375
:10F270008A4283EA0313DBB24FEA131080EA1C20B0
:10F2800080EA032080EAC3031FFA83FC1BB2A5F8BF
:10F2900008C2E9D183F02703049ADFF85CE083EA2F
:10F2A000031702F11308D5F80A02FFB2D5F80E12BF
:10F2B000D5F812224FEA1719D5F8163289EA1C2C14
:10F2C0008CEA072C8CEAC707B5F81AC23FB2AEE841
:10F2D0000F00A5F80872AEF800C0A5F81C72A5F8DA
:10F2E000A6731AF8011F306808F086FAD045F8D1E5
:10F2F000FEF766BF44B40120C8B50120EDB501207A
:10F30000C47E0120C7B50120C8490A22C84B8978AC
:10F310001B6885F85B23002940F0C98489468B4629
:10F320000A4688468A460F4604910591CDE9062390
:10F33000F2F728FA059AC0EBC010DFF804C3ADF865
:10F34000802041F2FE614000079BADF87CA00DF1EA
:10F35000780A8CFB002C4FEAE07E1E930023604469
:10F36000069AADF87E804FF0160CCEEB6020ADF81B
:10F3700082208DF88C308DF88D0095F86A03049A00
:10F38000DFF8B08285F80D3242F2C83385F80C02FE
:10F390000130ADF88890C146ADF88A70A8F1040E2E
:10F3A000ADF884204FF6FF77ADF886B0A5F80A12C5
:10F3B00085F86A03A5F80E32BAE80F00A9E80F0035
:10F3C0009AE80300634649F8040BA9F8001001E02D
:10F3D0001EF8013B7B40F04583EA0313DBB24FEAA2
:10F3E000131282EA172242EA032282EAC307EFD10C
:10F3F0009049A5F8087201F1160011F8013B7B4015
:10F40000814283EA0313DBB24FEA131282EA172226
:10F4100082EA032282EAC3039FB21BB2A5F80872F4
:10F42000EBD183F0F403D5F80A02D5F80E1205F2F9
:10F43000933883EA031CD5F81222DFF808E25FFA5A
:10F440008CFC4FEA1C1383EA1727D5F8163287EA9B
:10F450000C2787EACC0C05F2B137AEE80F000FFAA3
:10F460008CF3D5F81A02D5F81E12D5F82222A5F889
:10F470000832A5F82632AEE80700A5F8B03318F830
:10F48000011F306808F0B8F94745F8D1FEF790BE83
:10F49000694B49F6074248F6034719211B6885F86E
:10F4A0005A1313F0080F18BF17465A0703D547F42D
:10F4B000005747F008079B0603D547F4804747F0FD
:10F4C00020075E4B1B78022B40F20C8564224FF024
:10F4D000FF3A4FF00009C7F3090100238DF8962089
:10F4E0000DF1780820914FF4E472DFF848C141F63D
:10F4F000FE71ADF88690ADF888A0ADF88430ADF817
:10F500008A30ADF8943085F80D32A5F80A12A5F8C6
:10F510000E2295F86AE3CDE91E77CDE923336746DD
:10F52000B8E80F000FC798E80F000EF101084FEA86
:10F53000134907C7ACF1040127F8023B1F2287F8E3
:10F5400000904FF6FF7385F80CE285F86A8301E0BE
:10F5500011F8012B5A408C4582EA0212D2B24FEACE
:10F56000121080EA132343EA022383EAC203EFD195
:10F570003048A5F8083200F11F0710F8012B5A4057
:10F58000B84282EA0212D2B24FEA121181EA132380
:10F5900083EA022383EAC20293B212B2A5F80832C8
:10F5A000EBD182F07C0205F20A27DFF898C005F261
:10F5B0002A2E82EA0212D2B24FEA121888EA1323E4
:10F5C00083EA022888EAC20293B25FFA82F84FEA1D
:10F5D0001329A5F8083285F82F8285F8309238680B
:10F5E000103757F80C1CE24657F8082C0CF1100C99
:10F5F00057F8043C7745AAE80F00F0D13868DFF8E7
:10F6000048A0CCF800003B790AF127078CF80430B9
:10F6100085F8B98385F8BA931AF8011F306808F0A5
:10F62000EBF85745F8D1FEF7BBBD00BFA43601206B
:10F63000301D012044B40120BC7701202D7E012023
:10F6400003082080C8B50120C7B50120D14B052291
:10F650001B6885F863239A0640F1D183CE4BDFED1A
:10F66000CF7ADB8908EE903AF8EEE88A68EEA78A4E
:10F67000F8F7F2FB08EE100AE5F78EFEC84B64229D
:10F68000C849D3ED047AB8EEC88A1EAF4FF000091E
:10F69000FDEEE77ADFF810C3B84641F2FE4AADF856
:10F6A0008800E64617EE903ADFEDBC7ACDED1F8A72
:10F6B000B3F5FA6F68EE277ACDF87890A8BF4FF4CB
:10F6C000FA63CDF88490CDED207AB3F57A7FA5F872
:10F6D0000AA2ACF1040ACDF814C0B8BF4FF47A7393
:10F6E000A3F57A7302FB03F395F86A23A1FB0313D6
:10F6F00085F80C220132C3F38F1385F86A23ADF825
:10F700008A30B8E80F00AEE80F00D8F8009000206B
:10F7100044F6C821D04614224FF6FF73CEF800906D
:10F7200085F80D02A5F80E1201E018F8012B5A40D9
:10F73000C44582EA0212D2B24FEA121181EA1323BF
:10F7400043EA022383EAC203EFD19749A5F80832BE
:10F7500001F1140011F8012B5A40814282EA021291
:10F76000D2B24FEA121C8CEA132383EA022383EA03
:10F77000C20293B212B2A5F80832EBD182F01402A1
:10F780008A49D5F80A0205F2933982EA021E8C46AC
:10F79000D5F812225FFA8EFE0491D5F80E124FEAC8
:10F7A0001E1B06948BEA132BD5F816328BEA0E2B10
:10F7B000ACE80F008BEACE0E05F2AF33D5F81A0293
:10F7C000CB460FFA8EF2D5F81E12B5F822E21C468F
:10F7D000A5F80822A5F82422ACE80300ACF800E064
:10F7E000A5F8AE231BF8011F306808F005F85C454A
:10F7F000F8D16F4B069C1B78DB0740F1F4826D4B10
:10F800006D4A1B88D27803F02603002B15BF002019
:10F810000120D023C023002A14BF05210421042283
:10F820008DF87E3095F86A334FF0090CADF87C20E6
:10F830005A1C1E908DF87F10032040F6FE1185F8AB
:10F840006A23C822DDF814E08DF8800085F80C32B8
:10F850000023A5F80A12A5F80E2285F80D324FF6FE
:10F86000FF7397E80700AEE803008EF800206246B9
:10F8700001E01AF8012B5A40D04582EA0212D2B2B6
:10F880004FEA121181EA132343EA022383EAC203F7
:10F89000EFD14549A5F8083201F1090011F8012B13
:10F8A0005A40814282EA0212D2B24FEA121787EA24
:10F8B000132383EA022383EAC20293B212B2A5F8A9
:10F8C0000832EBD182F032020499DFF8E0C082EA1C
:10F8D000021701F11008D5F80A02FFB2D5F80E128E
:10F8E000D5F812224FEA171E95F818A28EEA1323B4
:10F8F000B5F816E283EA072383EAC707BBB2FFB273
:10F90000A5F808321B0A85F8197285F81A32ACE896
:10F910000700ACF800E08CF802A085F8A43385F865
:10F92000A37319F8011F306807F066FFC845F8D1C6
:10F93000FEF756BC99F802104846F3F74DFB002835
:10F940007EF469AF1D4B186807F030FF00287EF485
:10F9500009ACDFF87080042299F8033088F802209F
:10F9600008EE103A95F84C2398F803300592002BD6
:10F9700000F07B8498F80490114A09F10109DFF83E
:10F9800048B05FFA89F3994603EB430302EB830A1D
:10F9900025E000BFBC770120783901200AD7233C3D
:10F9A000DC7D0120D34D621044B40120C8B5012094
:10F9B000887801208A780120307E0120A8950120D6
:10F9C00098D5040898060120447F012010F062FFBA
:10F9D000A0B99AF808300AF10C0AFF2B0ED05FFA92
:10F9E00089F34946584609F10109152B88F8043076
:10F9F000ECD9162B02D1002388F8043098F80420A3
:10FA00004FF00C0BD94BDA490BFB023B01F1060A14
:10FA10000391DBF8081006920846049119F082FD64
:10FA2000DBF80CB05FFA80F9584619F07BFD069AB6
:10FA3000864659FA80F0039B22F00F0C083002F042
:10FA40000F0283F80AC00EEBC90CD87118465A731E
:10FA50004A4683F80EC05FFA8EF304990F30049380
:10FA60001BF08EFB049B09F1090059461A465044CD
:10FA70001BF086FB039AD37903F10109E3B103F18B
:10FA8000FF3C07325046002352FA8CFCDFF800E3BB
:10FA900010F8012F5A4084454FEA82034FEAD20101
:10FAA00083EA420301F0180183EA02034EFA01F2ED
:10FAB00083EA0203DBB2EBD109F80A3018EE100A30
:10FAC000DDF7C6F898F8039009F1FF395FFA89F974
:10FAD00088F80390B9F1000F00F08485059B04932A
:10FAE000039BA3499A78A34B186807F063FE03238E
:10FAF000049A88F8023085F84C233B70FEF737BB38
:10FB0000FF20E5F799F9002800F045820378FF2BE4
:10FB100000F04C8290F901100220DFF878A2E7F79C
:10FB2000C9FF954B9FED957A0320D3ED007AC7FE70
:10FB3000877AFDEEE77A17EE903A19B2E7F7BAFF47
:10FB40009AF80930002B40F004823B68980640F197
:10FB5000B281DFF83082D8F82030990400F16F824A
:10FB6000DFF834925B0500F1A382B9F8123095F802
:10FB70002023B3F5967F99F8141006D9100704D402
:10FB800042F20F719942A8BF194698F80730002B2E
:10FB900040F00A82A1F120039FED796ABEEE007A5F
:10FBA00007EE903AF6EE006AF8EEE77A67EE867AAC
:10FBB000F5EEC07AF1EE10FA58BFB0EE667A77EE45
:10FBC000877AFDEEE77A17EE903A19B20520E7F74B
:10FBD00071FFD8F82030DA0400F1068295F820335E
:10FBE000FEF775BDDFF89C81D8F820301B0500F1C9
:10FBF000A98195F82033980700F083813A68FEF7D1
:10FC00005FBD604B1B6A13F0700F3EF453ADDFF81D
:10FC10008C914FF02408A9F1480AF9EC017A40468A
:10FC20009AED007A08F1010867EE877A5FFA88F8A2
:10FC3000FDEEE77A17EE903AC3EB431103EB810335
:10FC4000D90009B2E7F736FFB8F1270FE5D13A68D6
:10FC5000FEF730BD4B4A126A90057EF534AD13F0C5
:10FC600003087EF430AD484A0A231420B2F9041088
:10FC700091FBF3F1E7F71EFF41461C20E7F71AFF5F
:10FC800095F82033FEF71FBD4FF02409FEF70CBE98
:10FC9000FF23FEF735BE3D4B1EAF198838460CF0EA
:10FCA00077FCFEF763BF07F071FDFEF775B9DFF86B
:10FCB000F0C00129DCED007AFCEEE77A17EE902A1D
:10FCC0001FFA82FA40F2A284DCED017A0229FCEEEE
:10FCD000E77A17EE902A1FFA82F800F08582DCEDB1
:10FCE000027A0329FCEEE77A17EE902A92B2059287
:10FCF00000F0A084DCED037A0429FCEEE77A17EE2D
:10FD0000902A92B200F09184DCED047A0529FCEE91
:10FD1000E77A17EE900A80B2049000F08284DCED5E
:10FD2000057A0629FCEEE77A17EE900A1FFA80FBA7
:10FD300000F07484DCED067A0729FCEEE77A17EE12
:10FD4000900A1FFA80F93FF4F1AADCED077AFCEE85
:10FD5000E77A17EE901A8FB2FFF7E8BA1022022363
:10FD60008AF802208AF80430FEF74BBB90D50408CD
:10FD700090390120A89501205425002000000000A2
:10FD8000E4380E3F30780120B83901205478012042
:10FD90000007090E5C7801207839012044250020F5
:10FDA000DC7D01208A2835D1CC4B1B6899067EF575
:10FDB000DDA899F80030002B7EF4D2AADFF868C3E2
:10FDC0002D22C74B85F83423CCF80030DCF8002016
:10FDD000FEF7D1B8002295F89B64C8F8602081F343
:10FDE0001188FEF72EBFBF4B03211B8803F02603AB
:10FDF000002B15BF00200120502340230FE5DFED2D
:10FE0000BA8A35E459463A20E5F744F985F89B0467
:10FE1000FEF7EEBE8E287EF4A9A899F80030002BDC
:10FE20007EF49EAADFF800C32D22B04B85F8342360
:10FE3000CCF80030CAE74FF00108DFF8F092FEF787
:10FE400016B9AB4B0022AB4917201F68AA4BA1FB88
:10FE5000071785F82023BF09A3FB07284FEA581886
:10FE6000A3FB08235B09C3EB0313A8EB8301C8EBD7
:10FE700008180902A7EB880809B2E7F71BFE18204B
:10FE80000FFA88F1E7F716FEFEF724BC9B4B1B6ABE
:10FE900013F4007300F08180994B4AF0010A9988AD
:10FEA000FEF7B3BD954B1B6A13F4806340F0888066
:10FEB0009946FEF7A6BD1F077FF590AE914A1EAB8F
:10FEC00092E8030083E803001846E7F709FE85E699
:10FED0004FF01409FEF7E8BC4FF0010ADFF84C922E
:10FEE000FFF701B8884B5A7A002A40F0CE809B7AFF
:10FEF000002B40F08081994664224FF0FF3AFFF7D3
:10FF0000EABAD8F8202051057FF578AEF7F7A4FFBC
:10FF10007E4BD5F81C134FF0640A99428CBF814682
:10FF20004FF00009102099FBFAF80FFA88F1E7F773
:10FF3000C1FD0AFB1891212009B2E7F7BBFD95F836
:10FF400020335BE6F7F778FF01463020E7F7B2FD94
:10FF50004FE6DFF8A881D8F82030D90700F1E88013
:10FF60009AF80A30002B3FF4F0ADD8F820309A0709
:10FF700000F14E81D8F820305B077FF5E6ADBAF886
:10FF80000C30002B00F03C83F8F7A2FF01B20420F4
:10FF9000E7F790FDD9E50146BEE51946FEF735BD08
:10FFA0004FF00C09FEF780BC09B20FE64146B3E5FD
:10FFB000F7F742FF4FF0040A5FFA80F8FEF71DBD25
:10FFC000F7F74AFF524A534B4FF0640990424AF008
:10FFD000020AA8BF10469842B8BF184690FBF9F035
:10FFE0001FFA80F9FEF70DBD4B4A00231278CDE9C8
:10FFF0001C33930700F1ED8095F82433012B00F0BA
:020000040803EF
:10000000E880B8F900301EA8DFED446A07EE103A28
:10001000B8F9023007EE903AB8EEC77AF8EEE77A10
:1000200027EE267A67EEA67ABDEEC77AFDEEE77A6E
:100030008DED1E7ACDED1F7AE7F752FDCEE5364AFB
:10004000DFF8E8901278920740F1DC804FF4F36714
:10005000B9F80E10324B112007FB01F1B1FBF3F19F
:1000600009B2E7F727FDB9F80E306421192007FB24
:1000700003F3B3FBF1F3B3FBF1F201FB123109B26D
:10008000E7F718FDD8F820306CE526499A7A0B88F6
:1000900003EB83034FEA43091FFA89F9002A40F072
:1000A000C1804FF0FF3AF8F713FF42B2FFF713BADF
:1000B000194B1B789F0740F1A880D9F808A04FF092
:1000C000640B01209AFBFBF739B2E7F7F3FC0BFB5B
:1000D00017A1092009B2E7F7EDFC46E5BC7701203E
:1000E000E08001208A78012000000000B480012017
:1000F000301D0120D34D6210898888883078012016
:10010000B839012090D504085C7801203F4B4C00A1
:1001100000D43000002CCFFF2C7801200050C347C2
:10012000A086010054780120547F012078390120F5
:10013000DFF8209399F80030002B40F08380DFF83F
:10014000FCB21A461901A5F82233C2F30323062094
:1001500089B241EA0221194309B2E7F7ABFCBBF8C7
:1001600000304FF00A0CB5F82213053398F8080058
:10017000013199F800200128A5F82213B3FBFCF304
:1001800099B253D001EB810398F80B101FFA83F951
:1001900011B10AB1B9FBF2F964233A20B9FBF3FBC0
:1001A0000FFA8BF1E7F786FC64233B2003FB1B91DE
:1001B0000A2389B20531B1FBF3F109B2E7F77AFC02
:1001C000CEE69B493A20E4F765FF85F89B04FEF7ED
:1001D00036BD01211CA8D9E9002385F82413CDE9F7
:1001E0001C23E7F77DFCF9E4B946BB463A46049781
:1001F0000597FFF79BB88F4B91466422B3F900A097
:10020000FFF769B95B057FF5B0AC4FF0000A56E720
:10021000884A0A232820116891FBF3F109B2E7F715
:1002200049FCA7E6834BB3F900A03CE798F80B0024
:1002300018B112B1B3FBF2F399B209B23920E7F762
:1002400039FC8DE6B5F822234FF0640CDFF8ECB1F1
:100250005800B2FBF3F103FB1121BBF800200CFBAB
:1002600002328BB2B2FBF0F26CE7734B4FF47A7E42
:10027000DFF8E4919A89D9F8000006EE102AD9F83F
:100280000420059E82EAE27193ED147AD3ED137A8D
:10029000B8EEC66A93ED125AA1EBE27180EAE07300
:1002A00006F0F00B5214C7EE066AA3EBE0730BF1F5
:1002B000100C02F48042401407915FFA8CFC5D49F7
:1002C00000F4804087EE867A0C925C4A049612888D
:1002D0005B4E0990C5EE067A086806F10D0A89683A
:1002E00086F80AB0CDF818C0B9F810B002FB00FCCF
:1002F00005321991CDF84CB0D9F80810B9F80EB004
:10030000189299F814904F4A1A90CDF82C904E48B4
:10031000B2F90090089303964C4BCDF854C0149159
:10032000CDF840B0CDF84890B0F80090079E0898FE
:10033000DFED475ADFF824C127EE257ACDF8449047
:1003400066EEA56ADFF818B167EEA57A1B94BDEEDC
:10035000C77AFDEEE66AFDEEE77AB0FBF3F2B6FB94
:10036000F3F103FB120016EE909A03FB11630C9E4F
:100370000FFA89F931430626CDF85C9006FB00F0B0
:1003800041F4005106FB03F3099E89B2BCF90490C5
:10039000324317EE106A0D9136B2CDF82890B3FBB8
:1003A000FEF316969BB2BCF902600C93099696B2C6
:1003B000B0FBFEF2159891B2189A0F96BCF9006046
:1003C0000E910896049E90FBFEF307930A23B2FB5E
:1003D000F3F3189317EE903A1BB21593069BB342B2
:1003E0007DD906EB4603D146721E0BEB83031C7CC2
:1003F00044EA061309F8013B1346142B00F2EF8080
:10040000DFE813F0C000BE00BB00B900B700B500C4
:10041000B300DF00DC00DA00D100C800C600C40071
:10042000C200ED00E700E500E300E100300000BF9E
:10043000258201087C780120FC24002054780120CA
:1004400090390120CC7E01202E78012080969800E2
:1004500000007A444A8D012078390120B839012002
:1004600090D5040817980BEB0402034692F810216C
:10047000012A10D9A2F1020C4A465FFA8CFC0CF159
:100480000200824402F8013B52454FEA1323F9D19E
:100490000CF1010CE144092C00F09D800C2203F0CA
:1004A0009F0309F1010A02FB06B2527C1343304656
:1004B00089F80030E7F782FA059B064683420ED2A0
:1004C00000EB40035E4A0BEB8303AAEB02021B7CAA
:1004D0005B4493F810311344102B7FF77FAF584BD8
:1004E0000398AAEB03031B9CDFF864A1DBB204961C
:1004F0009A1DD2B242F0400102F1010EC171EAB17F
:1005000005330AF10101D446002251FA83F3DFF8E2
:1005100044911CF8011F514063454FEA81024FEAA4
:10052000D10082EA410200F0180082EA010249FA91
:1005300000F182EA0102D2B2EBD1049618EE100A61
:100540000EF80A20DCF784FB98F80530002B7FF4C6
:10055000C7AA3C4B1B6899067FF5C2AAE7F722FAA7
:10056000012388F80530FFF7BBBA09987BE70898A4
:1005700079E7079877E7199875E7F7F76DFC72E761
:100580001A9870E718986EE712986CE711986AE766
:10059000109868E70E9BA5F850330F9BA5F85233CF
:1005A000D5F850035FE70C9BA5F850330D9BA5F8D9
:1005B0005233D5F8500356E70B9854E7F7F73CFC55
:1005C00051E70A984FE716984DE715984BE71498AE
:1005D00049E7139847E7DBB209F1010A67E74FF0F3
:1005E000FF3040E73368184A1806127804927FF506
:1005F00077AA4846E7F7FCF988F80590FFF770BA44
:10060000124B996881F3100109B2C0E4B946BB46A8
:100610003A46B84604970597FEF788BEB946FEF7F6
:1006200085BEB946BB46FEF781BEB946BB460497B8
:10063000FEF77CBEB946BB463A460497FEF776BE47
:100640009D390120BC770120487F01207C78012062
:10065000963901200007090E5D4B1B681B0700D46B
:10066000704770B504465B48DAF7ECF900286ED1A4
:10067000594E5A4D7368304605F2AC4198470028F0
:1006800065D0B5F9AC3496F8CC1006EE903AB5F9D1
:10069000AE34092907EE103AB5F9B034F8EEE66A3F
:1006A0004F4D07EE903AB8EEC77AF8EEE77AC5ED0F
:1006B000006A85ED017AC5ED027A52D028461BF01A
:1006C0006BFE484B1B7823B3474B95ED006AB3F99B
:1006D000082006EE902AB3F90A20B3F90C3007EE91
:1006E000102AF8EEE66A07EE903AB8EEC75A95ED92
:1006F000017AF8EEE75AD5ED027A76EE666A37EEC1
:10070000457A77EEE57AC5ED006A85ED017AC5EDAB
:10071000027A364B1868C0B1201A354A904226D961
:10072000344A0021344C951D3448196032F9023B9B
:1007300034F9021B5B1848BF0133AA424FEA630336
:1007400020F8023BF2D110F069F82D4A04E02D4B5D
:1007500001214FF47A7219702B4B1B681B681A61C8
:1007600070BD06F1D00128461BF03AFEA9E7002033
:1007700007F0CCF81A4A1F4902F10C001E4B31F960
:10078000024BF2EC017A07EE104ABDEEE76AB8EED2
:10079000C77AF0EE466AF4EEC77AF1EE10FA03D5A6
:1007A00016EE104A21F8024CB3F9004007EE104A49
:1007B000B8EEC77AF4EEC77AF1EE10FA02DD16EE63
:1007C000904A1C80904203F10203D8D1BDE700BFDC
:1007D000BC770120F42E0120E82E012034B2012044
:1007E000788601206C920120649101207C91012087
:1007F0007FC3C90180910120889101206C91012063
:10080000A08601006C25002070220020954B1B68FB
:100810005B0700D470472DE9F04FDFF87C8283B08E
:10082000914F044698F80030BE79372B01D18F4B99
:100830001E608F48DAF706F9002840F0BD80BB79CA
:10084000042B00F20281DFE803F06C8C8198030036
:10085000DFF81C92D9F8B83048469847002800F0D5
:10086000A580844DDFF834A2D9F8BC3005F2B4413C
:1008700005F597609847D5F8B8B4D5F8B424BAF818
:100880000030C9E9302B002B40F09E8007EE90BA73
:100890009FED790ADFED790AF8EEE77A019227EE0B
:1008A000800A19F047F9F7EE007A05F2BC43DFED54
:1008B000746A77EEC07A93ED007A97EEA67AB0EE7E
:1008C000470A19F0B5F8019AC9F8C80099F89C10C0
:1008D00098F80030002914BF02210521372BB97187
:1008E00005D16249D9F8C830C1E9012BCB60B9F80C
:1008F0009E8005EB860605F02BF9001BD6F8C03468
:100900009842BB7905EB830588BFC6F8C004D5F8CB
:10091000C0041BF079FDB8F1000F3CD103B0BDE875
:10092000F08FDFF84C91D9F8A83048469847002856
:100930003CD001234FF47A78BB71B9F89E3043451F
:1009400027D0504B01224B4D1A70D2E7DFF820918F
:10095000D9F8B030484698470323B9F8A080BB7156
:10096000EBE7DFF80C91D9F8AC3048469847E8B18E
:1009700002234FF47A78BB71DFE7DFF8F490D9F8FF
:10098000B4304846984788B104234FF47A78BB7155
:10099000D3E7384DADE743460A2BB8BF0A233A4A9E
:1009A00012681268136103B0BDE8F08F374B012263
:1009B0004FF47A781A70C0E70122324833494FF475
:1009C0007A7302700A70EAE73149088800F1010C75
:1009D0008342A1F800C00ED907EE90BA2D4BF8EE75
:1009E000E77A93ED007A77EE877AC3ED007A0023F9
:1009F000C9F8C8306AE707EE903A26489FED1E7A9C
:100A0000F8EEE77AD0ED006ADFED1C0A019286EE7F
:100A1000A70A20EE070A19F08DF8F7EE007A9FED8D
:100A2000187A00231A4905F2BC4077EEC07ADFF845
:100A300070C00B800121019A67EE877AAAF8003016
:100A40008CF80010C0ED007AD1E7DFF82480094D62
:100A5000D8F8A430404698470023B8F89E80BB7170
:100A600047E700BFBC77012098060120A0200020A6
:100A70001C2E012034B2012008942537B1DC423EFF
:100A8000D048874A6C250020702200207025002065
:100A9000F0AF0120F4AF01209C20002004A501202C
:100AA00003A5012010B50A4C2378022B03D0012B9B
:100AB00008D0002010BDE0F7B3FA0028FAD123785F
:100AC000012BF6D1034B1868003818BF012010BD68
:100AD000F08501200486012008B50B4B1978012907
:100AE00009D002290BD031B105F032F8074B084A82
:100AF0000344136008BD002007F0F8F8F4E7002075
:100B000006F004FFF0E700BFA2A7012020A1070024
:100B1000A4A7012010B50446204606F03BFE00B114
:100B200010BD0A2006F0F8FDF6E730B500230C25CD
:100B3000074905FB03F462186458A04203D001334F
:100B4000092BF6D130BD0023C362C2E90033F9E7B7
:100B500068AD012038B1036813EA020003D01942DE
:100B600014BF01200020704738B1036813EA010068
:100B700003D08B420CBF01200220704770B50023C8
:100B80000C250B4C092BDAB203D10A4B00201A704A
:100B90000AE05E1C6B43013219191B59D2B218428C
:100BA00003D0044B08461A7070BD3346EAE700BF15
:100BB000803C0120F8AC0120084A0023114610B502
:100BC00092F90840844205D001330C32092BF7D149
:100BD000002010BD0C2000FB0310FAE768AD0120D7
:100BE0000E4A08B592F8D834FD2B11D0FE2B0DD14A
:100BF00092F8D93401209840FFF7C0FF30B190F946
:100C00000400FFF7D9FF08B1006808BD002008BD47
:100C100092F9D904FFF7D0FFF5E700BF34B2012005
:100C200010B50446FFF7DCFF00B104B910BD214642
:100C30000022DBF7A7FE2DE9F04F85B004461746EA
:100C400098460291FFF7B8FFDDF8389006469DF808
:100C50003CA09DF840B020B90022104605B0BDE888
:100C6000F08F4568002DF7D11E2C00F0838074DCD6
:100C7000052C1DDC002CEFDB5B4652464946E0B2FA
:100C800015F042F80028E7D0012180F804A0C0F850
:100C9000089080F8A41180F805B00390C0E90755CA
:100CA000C0E90955C0E90B7815F09CF9039A4EE0AC
:100CB000142CD1D11B2006F037FE08B12923C380A4
:100CC0001C2006F031FE08B12923C3802F4DDCF72C
:100CD0007BF8D5F88C3213B10023C5F88C322C4F39
:100CE0004FF001094FF00008C5F8887285F874923A
:100CF00085F80080DAF7D8F8264B274A1978A7F14B
:100D000038031C37494518BF1346C5F89472C5F817
:100D10008C32D5F8A85295F8BC334B4512D02B68CD
:100D2000032085F8BC93D3F8042822F00202C3F80C
:100D30000428E3F7FFFF2A68936843EA09039360F6
:100D400085F8BC83154A164B02F2DC421360029B05
:100D500082F83840C6E900237FE71F2C7FF47CAF80
:100D600042464B4639460120CDE900ABF7F708FF74
:100D7000024608E042464B4639462846CDE900ABDC
:100D8000F7F7FEFE0246002AE1D165E7841A01204A
:100D9000D8060120CC1D01207800012034B20120AA
:100DA000ACD6040838B5094C251D14F8010BFF28F2
:100DB00003D0F7F74BF9014610B9AC42F5D1002149
:100DC0001520BDE83840F8F74BBA00BFFC360120CB
:100DD00016280CD800EB4000064B03EB800090F87F
:100DE0004C0128B10123013803FA00F070470020BC
:100DF000704700BF90D50408002010B5044606F0E7
:100E000033FF074B074A1C701470FFF765FE064B53
:100E1000C3F83045A3F83445C3F8384510BD00BFCA
:100E2000A2A70120587E012034B2012000283BD027
:100E300038B51E4B04461B689B0303D51C4B1B781F
:100E4000032B2CD00B20F7F763F9034638BB0122A4
:100E50001849944208D00133172B03EB43021DD0ED
:100E600011F822209442F6D1134AD2F83805C8B1BD
:100E7000124C03EB43014578580004EB810191F8D3
:100E80004D11A9420AD203440A48002100EB830312
:100E9000A2F83415C2F83835C2F8301538BDBDE8AF
:100EA0003840A9E75800EEE7A6E700BFE4AF01200D
:100EB0002D7E0120DCD6040834B2012090D5040830
:100EC0002DE9F84305460A20F7F722F9002866D0F5
:100ED0000A20FFF7ABFF6F4CD4F83865D6B1D4F8D1
:100EE0003035AB4200F28C80DFF8E88198F80030B2
:100EF00093B17368B4F83475DB5D002B40F08580E6
:100F0000002342F21072013702FB0355A4F8347536
:100F1000C4F83055BDE8F8835F4B1B7813F001032C
:100F20000FD15E4A117800297ED05D4A01E09942D6
:100F30007ADDF2EC017A0133F5EE407AF1EE10FA47
:100F4000F5D0B4F834757368DB5D002BD8D03378F6
:100F50004FF00109534A013B126809FA03F31342A7
:100F600000F08B80504B01221A70FFF7B5FD6FB96E
:100F700033785A1F012A01D9162B07D104F0E8FD56
:100F80004A4BD4F83865B4F8347518607368DB5D83
:100F9000FE2B67D10023A4F83435BDE8F883444B19
:100FA0001B681F0697D51020F7F7B2F8002892D0DB
:100FB0003C4B1B68DE058ED43E4B1B789C078AD5C4
:100FC0003D4B187D042886D93C4A40F60521022372
:100FD000052617460A24118005E002339670D47066
:100FE0000232402B53D0C3F346018842F5D8591E34
:100FF0003224FF220E207C54FA54FFF717FF6AE7D1
:101000002F4B01221A70BDE8F883002006F02CFE59
:101010000023254A88F800301370FFF75DFDD4F8EF
:101020003865B4F83475B1E733780A2B20D0022B39
:1010300087D11C4A93689B0783D4224B22481B68A4
:10104000EB1A83427FF67DAF204B1B68002B7FF4A9
:1010500078AF1F4EFF201279356008F0FDF8D4F804
:1010600038656EE7FF2B7FF44CAFBDE8F843C3E66D
:101070000C4A93689805E0D563E7484606F0F4FD0E
:10108000B4F83475D4F8386588F800906AE73F21E1
:10109000AEE700BF34B2012088780120E4240020AC
:1010A0008C200020E4AF0120A2A701205C86012053
:1010B0004C3901202C78012078390120B8A7012073
:1010C000702500207CA70120804F1200ACA70120D2
:1010D000A8A70120587E012042000C490023402A85
:1010E00070B428BF402202264D1E1424CE54023371
:1010F0009342EC54FAD300284FF0FF034FF00E0058
:1011000008BF02228B5470BC90E600BFB8A7012034
:1011100010B5064C228822EA00039342238003D0B4
:101120000120FFF7D9FF2288104610BD8A780120E0
:1011300010B5064C228842EA00039342238003D074
:101140000120FFF7C9FF2288104610BD8A780120D0
:10115000024A136823EA000010607047007B0120F8
:10116000024A136818431060704700BF007B0120DB
:101170002DE9F04F2DED028B9BB00D46144606462F
:10118000B1F9088000AF9946B8F1820FA2F8088043
:1011900047DCB8F1530F5DDC4246013A92B2372A80
:1011A00000F2F98308F1FF33372B00F2A580DFE866
:1011B00013F0E200F300FB000D01BD01A300A3004A
:1011C000A300A300A300A300A300A300A300A30007
:1011D000A300A300A300A300A300A300A300A300F7
:1011E000A300A300A300A300A300A300A300A300E7
:1011F000D801A300A300A3001502A300A300A3002D
:101200001D02A300A300A300A300A300A300A3004A
:10121000A300A300A300A300A300A300A300A300B6
:101220003E02B8F1B80F00F0D283B8F1FE0F46D1FC
:10123000A74D05F1200655F8041F20460BF092F942
:10124000AE4260D055F8041F20460BF08BF9AE4239
:10125000F1D158E0A8F154032E2B4DD8DFE813F05C
:101260000E024C004C004C004C004C004C004C005A
:101270004C004C004C004C004C004C004C004C000E
:101280004C004C004C004C004C004C004C004C00FE
:101290004C004C001A024C004C004C004C004C001E
:1012A0004C004C004C004C004C004C004C004402E4
:1012B0004C004C004C004C006802A9025600B8F1EA
:1012C000A00F42F04B83834B104619680BF04AF98C
:1012D000814B204619680BF045F9804B2046196870
:1012E0000BF040F9012080466C37A4F80A80BD4617
:1012F000BDEC028BBDE8F08F21464046FBF74CF970
:10130000002800F0C58201208046EDE723682046D2
:10131000734A5E1C734D1178734A26601970918967
:101320000BF036F92B887149204605332268704E40
:10133000A1FB0313511CDB082160FF2BA8BFFF2377
:101340001370B16881F3100189B20BF021F9316893
:10135000204601F30F0189B20BF01AF92368654AA0
:101360002046591C127821601A7029880BF010F958
:1013700001208046B8E72368002501200B215E1C70
:10138000022226601D7023681D18256019702368CD
:10139000191821601A70A7E72046042256490BF05D
:1013A000B3F8012080469FE723680425012003212C
:1013B0005E1C0022804626601D7023681D18256073
:1013C00019702368191821601A708DE704224B499F
:1013D00020460BF099F8002120460BF0D9F823683D
:1013E0000022591C21601A700AF0E4F8444B0028CE
:1013F0001A780CBF17253725032A00F0F9822368D5
:101400000922404920465E1C26601D7023685D1C31
:1014100025601A700BF078F83B4818F083F82368C1
:10142000024639495D1C204625601A700BF05AF8B7
:10143000364818F077F82368024634495D1C204688
:1014400025601A700BF04EF8314818F06BF82368DD
:1014500002462F495D1C2046256004251A700BF0BA
:1014600041F820222B4920460BF04EF823682A49E8
:1014700020465E1C294A26601D702368897B5D1CFE
:101480002560197011880BF083F8254A254BB2F9B5
:101490000A109B78B1FA81F1032B4FEA511104D95C
:1014A000053B032B88BF41F0020120460BF05AF8A0
:1014B000236801201C4A1D1892F86C15804625608F
:1014C0001970236892F86D25191821601A700BE7BE
:1014D0009C200020107AF01F147AF01F187AF01F59
:1014E0004A8D0120547801205C780120CDCCCCCCF1
:1014F0007C7801202D7E0120DC260508BF9101208B
:10150000A4360120281C05080CAD012070B701206D
:1015100024AD012080B70120B89101208C02002069
:10152000C0390120BC38012034B201200B22A94966
:1015300020460AF0E9FF0822A74920460AF0E4FF06
:101540000722A64920460AF0DFFF23680E22204624
:101550005D1CA34925601A700AF0C4FF0120804673
:10156000C2E6A04D2046A0496A88236805325E1C69
:10157000A1FB02C22660C2F3C7021A702A88236840
:1015800005325E1CA1FB02C22660C2F3C7021A70BC
:10159000AB8822680533561CA1FB03132660C3F3F6
:1015A000C7031370A9890AF0F3FF23686A7A2046FB
:1015B000591C21601A702368AA7A591C21601A707C
:1015C00069880AF0E5FF298820460AF0E1FF2046F5
:1015D000A9880AF0DDFF0120804685E6834B20467E
:1015E00019680AF0BFFF012080467DE623680125C7
:1015F00006210A2258197E4EA846206020461D70FA
:10160000236803EB050CC4F800C01970236859194E
:1016100021601A7023685A1922601D7031880AF0FF
:10162000B7FF204671880AF0B3FF28465CE62368BE
:10163000012205260A2598189046002120601046B0
:101640001A7023689A1822601E702268694B161857
:1016500026601570226815182560117022681978A7
:1016600015182560117022685978151825601170B9
:1016700022689B7811182160137035E623680120D9
:1016800000221918804621601A70236819182160F9
:101690001A7029E6584D204653492B882268053395
:1016A000564EA1FB0313511CDB082160FF2BA8BF82
:1016B000FF231370B16881F3100189B20AF068FF4B
:1016C000F0F760F8014620460AF062FF31682046D4
:1016D00001F30F0189B20AF05BFF204629880AF066
:1016E00057FF01208046FFE5454D204623682A78B4
:1016F000591C21601A7023686A78591C21601A707D
:1017000069880AF045FFA98820460AF041FFE98868
:1017100020460AF03DFF236801202A7A19188046E6
:1017200021601A7023686A7A191821601A70DBE543
:10173000344B93F8008008F1020818F0FF083FF4DA
:10174000E2AD314E0A25DFF8A090731EDFF8BCB081
:10175000DFF8BCA0984417E0322D00F06E81A5F1AF
:101760003C00C0B2132840F26F8123680022591C4C
:1017700021601D702368B04503F1010121601A70DA
:101780003FF4C1AD16F8015B0A2DE5D1BAF800109F
:101790004A1DA9FB0232D208236840F6FA1003F171
:1017A000010C8142C4F800C01D7040F25B81FF2231
:1017B000E0E7144B1E78023616F0FF063FF4A3ADA7
:1017C000DFF850A04FF00A09DFF84C800AF1FF3330
:1017D0001E4440E0481C05083C1C0508341C050854
:1017E000F41B05085C780120CDCCCCCC50AD012099
:1017F000B0A40120D0A50120547801207C780120DC
:10180000C8770120E42400204D2A050818A50120EE
:101810004CA501204D2A0508C8A50120B9F1320FB9
:1018200000F0F480A9F13C00C0B2132840F21C8102
:1018300000252946236820465A1C226083F8009020
:101840000AF0A6FE294620460AF0A2FEB2453FF461
:101850005AAD1AF8019BB9F10A0FDFD1954B964AA0
:10186000187893682128116803EB830300F00A813C
:101870004FF6FF725D009142A8BF11469542A8BF86
:10188000154621EAE17125EAE57589B2ADB2D1E7E5
:10189000B8F1770F01F0038540F38480B8F1E60FCB
:1018A00041F0C787D5E900239342FA6100F0AA808E
:1018B0007B63BB63D4E9009CACEB090808F1FF38FB
:1018C000B8F1000F61DD0023F86907F1440A07F160
:1018D000340B99467E620AE028685FFA81F96B68EA
:1018E00083421FD0B8F1000F1CDDD4F804C0411CA6
:1018F000002352462960594690F800E02668786A2D
:10190000C7F848C0A7F83CE07E64FFF731FC7B6C69
:1019100009F1010122689B1A013303F0FF03B8EBC0
:101920000308D9D563684946FA69C7F820902A6048
:101930007E6AD4F80090BB6439B35246FC614FF024
:1019400000084C46B246A94600E07C6C651C4FF08E
:101950000000002359467D6408F1010820705046BC
:10196000D9F800607A6206F1010CC9F800C0367837
:10197000BE87FFF7FDFB7B6C7A6A5D1B3B6A4345C4
:101980002570E2D1FC69D7F844904FF00108C4F803
:1019900000904046A8E421464046FAF7FDFD0028A5
:1019A0007FF4B1ACB8F1440F01F05084B8F1740F7A
:1019B00040F08A80D5E900329A421FD100214FF0D1
:1019C000010820463D4AFAF783F940468CE43C4D35
:1019D000104629680AF0C6FD23682A792046591C5A
:1019E00021601A70A9680AF0BDFD012080467BE4E1
:1019F0005B780D2B08BF45F0400500E55A1C2A60B6
:101A00001978DCE74FF0FF3840466DE4D8F8043031
:101A10004FF6FF72D8F8001003EB830391424FEAB0
:101A20004305A8BF1146954221EAE171A8BF1546BA
:101A300089B225EAE575ADB2FCE6BBF800104A1D97
:101A4000A9FB0232D208A7E6E3F7F6F900283FF433
:101A50008CAE03780A2B41F2F28323680022591CD2
:101A600021601D70D2B285E6E3F7E6F900283FF465
:101A7000DFAE03780A2B3FF6DBAE43684FF6FF720A
:101A80008168C9E74FF6FF7C5D00D2F80CE00A469A
:101A900061450C48A8BF62466545C160A8BF654660
:101AA00022EAE272C0F808E025EAE57591B2ADB22B
:101AB000C0E600BF9C20002084A50120F178020828
:101AC000E4AF0120A0200020B8F1470F01F0F5831A
:101AD000B8F1290FD5F8009001F00885B8F1390F59
:101AE00001F05985B8F1210F01F01385D5F804A054
:101AF000B8F1FA0FAAEB090301F36285B8F10A0FF6
:101B000041F3FE85A8F10B08B8F1EF0F00F24A810E
:101B1000DFE818F02E0A4801480148014801480151
:101B2000480148014801480148014801480148016D
:101B3000480148014801480148014801480148015D
:101B400048014801F8094801ED094801D809480150
:101B50004801480197094801E8064801CF064801B5
:101B60007606480159064801F205480190054801EA
:101B70004801480148017F054801730548014801B3
:101B800065054801480148014801480148015705D9
:101B9000480148014801310548010605480148014E
:101BA000E60448014801480148014801480148014C
:101BB00048014801D804480189044801C803480184
:101BC000F4084801D7084801480148014801480184
:101BD00048014801480148014801480148014801BD
:101BE00048014801480148014801480148014801AD
:101BF000480148014801480148014801480148019D
:101C0000480148014801480148014801480148018C
:101C1000480148014801480148014801900848012D
:101C200062084801DB074801920748014307480161
:101C3000480148014801480148014801480148015C
:101C4000480148014801480148014801480148014C
:101C500048014801210748016A0948014801480133
:101C6000480148014801480148014801420948012A
:101C700071025702480148014801480141024801E8
:101C80002D02480119024801480148014801EB01B1
:101C90004D0115014801B0018701A5014801480126
:101CA00048019101E3017F014801F00048016B0BFD
:101CB00048015A0B4F0B370B220BCC0A890A4801FB
:101CC000470A8B034801480148014801480148017F
:101CD0004801480148014801480148017B03480187
:101CE0004801480148014801480160034801F702E2
:101CF000D202B4020026D14900E0013691F800C0BA
:101D00002846664580F292800AF0C6FBCC4A80469F
:101D1000CA49D2F800E09EF826000028EDD0DEF88F
:101D20002090F0B2C847A8F57A7CC449C54B00287A
:101D3000E3D0BCF57A7F98BF23F816C0DDE7002614
:101D4000C14BD3F80080013628460AF0A5FBBE4BF4
:101D500008EBC6024FEAC609D3F800805080284637
:101D60000AF09AFB08EB0902B74B90802846D3F89B
:101D700000800AF091FBB44B08EB0902D3F8008015
:101D8000D08028460AF088FBC844032EAE4BA8F842
:101D90000800D6D14FF001081868F2F7D9FF404685
:101DA000FFF7A2BA4FF0FF384046FFF79DBA09F19E
:101DB00001032B6099F80030002B01F0DD84E7F778
:101DC00031F92B684FF00108A04E284603EB0802BA
:101DD0002A601B7833750AF047FB034628463360B8
:101DE0000AF042FB0346284673600AF055FB642262
:101DF0000346284602FB03F3B3600AF04DFB944A06
:101E0000014640461378F18143F002031370FFF757
:101E10006BBA112B01F00B864FF0FF384046FFF7ED
:101E200063BA8C4B1B78DE0741F1DF854FF0010868
:101E30004046FFF759BA09F101032B6099F90030C8
:101E400099F80000002BC1F2DA8506284FF001084E
:101E500028BF002009F04CFC4046FFF745BA7D4BF7
:101E60001B78DD07E2D44FF00108EEF747F8404653
:101E7000FFF73ABA09F10102DFF8FCA10026DAF80F
:101E800000302A6099F800205A722B682846DAF848
:101E90000080194603F1010C08EB060208EB460826
:101EA000C5F800C003F1030C11F802EB013682F80B
:101EB0000AE0296059789173C5F800C09B78937443
:101EC0000AF0EAFA032EA8F81A00DED14FF0010852
:101ED000F5F7EAFF4046FFF707BA4FF0010828463A
:101EE0000AF0DAFA4046FFF7FFB9C3F34706122EAD
:101EF00092D84FF0000807F1440905E00AF0CCFA47
:101F000029F8180008F10108B0452846F6DB524BC5
:101F10003246002107F14405184604E035F811C0A7
:101F2000013120F802CBB142F8DB002102E023F8B6
:101F300012100132122AFAD10123484A9846184653
:101F40001370FFF7D1B909F101032B6099F8006014
:101F5000032E3FF661AF28464FF001080AF09CFAC5
:101F6000384B0246404623F81620FFF7BDB909F169
:101F700001032B6099F80060072E3FF64DAF28460D
:101F80004FF001080AF088FA354B0246404623F824
:101F90001620FFF7A9B909F101032B6099F8006039
:101FA0001C2E3FF639AF28464FF001080AF074FAAC
:101FB0002C4B0246404603EB4603A3F8DC20FFF718
:101FC00093B909F1010328492B600A7899F8003088
:101FD000002A41F0B68304220A709B00234A4FF086
:101FE0000108138003F0B4FD214B02464046C3F8BC
:101FF0007427FFF779B928461E4E0AF035FAD5E95D
:1020000000933060A3EB0902002A07DD09F1010209
:102010002A6099F800203271D5F80090A3EB0903EB
:10202000032B7FF703AF28464FF001080AF01CFA94
:1020300003464046B360FFF757B900BFE4240020D1
:10204000280A0020F4460020087B0120783901206E
:102050006F84012088780120608C0120848C01200D
:10206000F044002008270020848E0120868E012065
:1020700034B20120E4AF0120682500207F4B1B789B
:10208000D8073FF5C9AE7E4B4FF001087D491B686C
:102090007D4A81F80080990182F8008001F1BB84BB
:1020A0007A4B02224FF001089A730EF0BBFA09F046
:1020B00009FF4046FFF718B9754B93F87A37002BA4
:1020C0007FF4AAAED9F8000007F14405D9F804104E
:1020D0004FF00108D9F80820D9F80C300FC5D9F80D
:1020E0001000D9F81410D9F81820D9F81C300FC5F1
:1020F00007F1440003F01CFB03F0E6FB4046FFF74A
:10210000F3B8634E96F87837002B7FF485AE09F16B
:10211000010807F1440AC5F80080414699F800908B
:1021200050464A46142AA8BF142219F029F8B9F1DA
:10213000140F01F2E9842A6807F16803002107F10E
:10214000340B4B4402F10109584603F8241C49465C
:10215000C5F8009092F8008042460C2AA8BF0C22D5
:1021600019F00EF8B8F10C0F01F2C6842A6807F1D5
:102170006803002107F12C00434402F1010903F830
:10218000341C4946C5F8009092F800804246042A63
:10219000A8BF042218F0F4FFB8F1040F01F2A484E0
:1021A00007F1680300225046434403F83C2C03F037
:1021B000F1FA584603F0D6FA07F12C0003F002FBBF
:1021C00096F87937002B41F08B844FF00108404698
:1021D000FFF78AB828462F4E0AF046F903462846EC
:1021E0004FF001081D460AF057F94FF47A71024684
:1021F00000233068C1FB0523121A2749404663F1CA
:102200000003C1E90023FFF76FB82846234E0AF008
:1022100043F9034628464FF00108F3810AF03CF9E0
:1022200003464046B381FFF75FB828461C4E0AF0CC
:1022300033F9034628464FF0010833810AF02CF9A0
:102240000346284673810AF027F903462846B381DE
:102250000AF022F903462846F3820AF01DF90346E4
:10226000284633830AF018F90346284673830AF098
:1022700013F903464046F381FFF736B8887801200A
:102280004C3901206C25002070250020B8910120D8
:1022900034B20120301D0120B07E0120C039012060
:1022A000C88401202846DFF84C940AF001F92B6815
:1022B000D9F8006028461A46591C03F1030C4FF068
:1022C0000108296012F8021B86F82D10191D2A60DA
:1022D0005A7886F82E205A1DC5F800C093F802C01F
:1022E00086F836C02960991D93F803C086F837C078
:1022F0002A60DA1D93F804C086F838C0296003F11B
:10230000080193F805C086F83FC02A6003F109026E
:1023100093F806C086F840C0296003F10A0193F8DB
:1023200007C086F841C02A6003F10B0293F808C089
:1023300086F83CC0296003F10C0193F809C086F8C7
:102340003DC02A6003F10D0293F80AC086F83EC032
:10235000296003F10E0193F80BC086F82FC02A60A4
:1023600003F10F0293F80CC086F833C0296003F123
:10237000100193F80DC086F834C02A6003F11102F1
:1023800093F80EC086F835C02960D97BA6F84410B2
:102390002A601B7CA6F846300AF07EF803462846E1
:1023A000D9F800A0A6F848300AF076F80346284687
:1023B000D9F80060AAF84A300AF06EF82B68024695
:1023C0002846A6F84C2003EB0802D9F800602A60E2
:1023D0001B7886F84E300AF05FF82A68A6F850009D
:1023E000134602EB0801D9F80000D61C2960111D24
:1023F00013F802CB80F852C02B60531D92F801C035
:1024000080F853C02E60967880F854602960D178A7
:1024100080F858102B60137980F85930F2F798FC47
:102420004046FEF761BF4B4609F10102A74E284620
:102430002A604FF0010813F8022B72702B6099F894
:10244000013073750AF028F82B6802462846F2809E
:1024500003EB08022A601B78B3750AF01DF80346E7
:10246000284633810AF018F80346284673810AF09B
:1024700013F803462846B3810AF00EF803462846AF
:10248000F3810AF009F80346284633820AF004F87B
:1024900003462846738309F0FFFF03462846B383AB
:1024A0000AF006F8284609F0F7FF284609F0F4FF7D
:1024B000284609F0F1FF09F041F9EDF7C5FB404668
:1024C000FEF712BF4FF00108284609F0F1FF2B6814
:1024D00040467F4A191829601B781370FEF704BF25
:1024E0007C4B1B78012B3FF6A1AC4B4609F1010256
:1024F000794E28462A604FF0010813F8022B3270FB
:102500002B6099F80130737009F0C6FF0346284626
:10251000738009F0A9FF034640467360FEF7E4BEEE
:1025200009F101032B6099F800A0BAF1110F3FF6F1
:1025300073AC09F10203694E28464FF001082B6085
:1025400040F2EE2599F8013006F81A3009F0A4FFA0
:1025500040F6CA03192106EB4A028342A8BF03468C
:102560004046AB42B8BF2B46A3F2EE23B3FBF1F3D8
:102570005370FEF7B9BE4B4609F10102584E28468A
:102580002A604FF0010813F8022B32712B6099F882
:102590000130737109F080FF2B68024628463280B3
:1025A00003EB08022A601B78B37109F075FF2B68F2
:1025B0000246404672801A182A601B78F371FEF7B3
:1025C00093BE454B93F80080B8F1010F7FF42EAC19
:1025D000E9F764FA11F08CFF4046FEF785BE414AE8
:1025E0000023484600E02868411C01332960082B7D
:1025F000017802F8011BF6D118E409F101023A4B07
:102600004FF001082A6099F8002040465A70FEF702
:102610006BBE4B4609F10101344A4FF001082960B5
:1026200013F8021B404691702B6099F80130D3706B
:10263000FEF75ABE0922B3FBF2F202EBC2018B4253
:102640007FF4EAAB5FFA82F8DFF8A4B04B46B8F14A
:10265000000F3FF4EBAB581C25490022286093F98A
:10266000003003E00132092A3FF4D6AB91F90400AF
:102670000C319842F6D10C21284608F1FF3801FBB5
:1026800002F65FFA88F80BEB060989F8043009F0C6
:10269000EBFE2B684BF806001A46591CD81C296023
:1026A000194612F8026B043389F805602A6013F8A2
:1026B000032C89F80620286013F8022C89F80820DA
:1026C0002B60CA7889F80720C1E700BFFC8D012084
:1026D000E0AF012058860120F0850120E893012019
:1026E00068A70120C8360120A0A70120B8910120C9
:1026F000803C0120087B012009F101032B6099F83F
:1027000000A0BAF11F0F3FF687AB09F10200C54BDD
:102710004FEA0A1109F10302286003EB0A1699F83F
:1027200001004FF001084FF0000B585409F1040369
:102730002A6009F1050199F8020009F1060270709A
:102740002B6009F1070399F80300B070296009F1C3
:10275000080199F80400F0702A6009F1090299F85B
:10276000050030712B6009F10A0399F806007071B9
:102770002846296099F80710B1712A6099F8082055
:10278000F2712B6099F80930337209F085FE034627
:102790002846738109F080FE2B6802465046B281BC
:1027A00003EB08022A601B78C6F870B5B373C6F84D
:1027B00074B5F5F719FD0346C6F87CB54046C6F872
:1027C0007835FEF791BD4B4609F10101964A09F1B2
:1027D0000300296009F1040113F8026B4FF00108AE
:1027E000D6732B6099F8013013742860404699F82D
:1027F00002305374296099F80330D377FEF774BD23
:1028000009F101022A6099F800101F293FF604AB74
:10281000092B7FF401AB09F1020009F1030309F16F
:10282000040209F1050C286009F1060699F80180F7
:1028300009F107002B6009F1080399F802E02A600A
:1028400099F80320C5F800C0120499F804C02E605E
:1028500042EA0E2299F80560286009F1090099F80A
:1028600006E042EA08022B6099F8073042EA0C625F
:1028700028601B0499F808C06C4843EA0E2340F80E
:10288000312000EBC101334343EA0C634B60E6F7B0
:102890009DF9D5E90032D21A002A7FF7C7AA591C40
:1028A000634A4FF0010829601B784046D370FEF759
:1028B0001BBD5E4E06F140082846043609F0ECFDCB
:1028C0002B68A6F8FC00591C1A46296012F8021B56
:1028D00086F8FE102A605B7886F8FF30B045EBD1B1
:1028E000FFF7A4BA4B4609F101014F4E09F103026B
:1028F0002960284613F8021B4FF0010831722B6043
:1029000099F8013073722A6099F80230B37209F0B5
:10291000C3FD03462846F38209F0BEFD0346284660
:10292000738209F0B9FD03462846B38209F0B4FD6D
:1029300003462846338309F0AFFD034628467383D8
:1029400009F0B6FD284609F08FFD284609F0B0FDD4
:102950004046FEF7C9BC09F101032B6099F80090CD
:10296000B9F11C0F3FF658AA2846324E09F094FDE3
:1029700006230246284603FB09F34FF00108F252F2
:102980001E4409F089FD03462846738009F084FD42
:1029900003464046B380FEF7A7BC4B4609F1010150
:1029A000234E09F103022960284613F8021B4FF059
:1029B000010871722B6099F8013073712A6099F8DF
:1029C0000230337209F068FD03462846F38009F0AF
:1029D00063FD2B68B0811A4603EB08012960D91CFE
:1029E00012F8020BF0722A601A1D5878F0732960F1
:1029F000591D9878B0732A609A1DD878B0702960F4
:102A0000D91D1879F0702A6003F1080258793071E5
:102A100040462960997931702A60DB79B372FEF7FC
:102A200063BC00BF34B20120C8360120F07B012016
:102A3000B47B01204C8D0120CF4E28464FF0010879
:102A4000D6F8009009F028FD2B68A9F878001946FF
:102A500003EB080032682860D81C11F8026B82F87A
:102A60007A602960191D5E7882F87B602860581DA5
:102A70009E7882F87C602960991DDE7882F87D60FE
:102A80002860D81D1E7982F87E60296003F1080154
:102A90005E7982F87F60286003F109009E7982F8F0
:102AA0008060296003F10A01DE7982F88160286084
:102AB00010461E7A82F8826029605B7A82F8833041
:102AC000F0F7C2FF4046FEF70FBCAB4E4B4609F194
:102AD000010209F10301D6F800A04FF001082A60B5
:102AE00009F1040213F8020B8AF85C002B6009F16B
:102AF000050399F801008AF85D00296009F10601D3
:102B000099F802008AF85E002A6009F1070299F834
:102B100003008AF85F002B6009F1080399F80400AC
:102B20008AF860002846296099F805108AF8611033
:102B30002A6099F806208AF862202B6099F80730FD
:102B40008AF8633009F0A8FC03462846D6F80090BE
:102B5000AAF8643009F0A0FC03462846D6F800A085
:102B6000A9F8663009F098FC03462846D6F800908C
:102B7000AAF8683009F090FC03462846D6F800A071
:102B8000A9F86A3009F088FC03462846D6F8009078
:102B9000AAF86C3009F080FC03462846D6F800A05D
:102BA000A9F86E3009F078FC03462846D6F8009064
:102BB000AAF8723009F070FC034628463568A9F877
:102BC000743009F069FC03463068A5F87630F0F7F8
:102BD000C7FA4046FEF788BB09F101032B6099F85C
:102BE00000600F2E3FF618A909F10203DFF8A4A137
:102BF00028464FF001082B6099F801300AF806309A
:102C000009F04AFC06F10803024628462AF8132078
:102C100009F042FC2A6806F118010AEB06032AF8BB
:102C2000110002EB080140462960127883F8502019
:102C3000FEF75ABB09F10103504E28464FF0010838
:102C40002B6099F80030337009F026FC03462846C3
:102C5000738009F021FC03462846B38009F01CFC70
:102C600003462846F38009F017FC034628463381C3
:102C700009F012FC03462846738109F00DFC034657
:102C80002846B38109F008FC03462846F38109F081
:102C900003FC03462846338209F0FEFB2B68708252
:102CA0001A4603EB08012960D91C12F8020B307593
:102CB00040462A605A78727529609B78B375FEF792
:102CC00013BB09F101032B6099F80030002B40F091
:102CD0005A852B4A4FF00108D2F8703708FA06F6E9
:102CE00023EA0603C2F87037002B7FF49FA84FF445
:102CF0008030FEF72DFA4046FEF7F6BA4B4609F152
:102D00000101204A09F10306296009F1040113F8C1
:102D1000020B4FF00108907009F105022B601A4870
:102D200099F80130437109F106032E60174899F8AC
:102D30000260467028462960154E99F80310F1701C
:102D40002A6099F80420B2702B6099F8053033702E
:102D500009F0A2FB03462846338309F09DFB2B684C
:102D6000708203EB08022A601B78337508F0E6FCDA
:102D70004046FEF7B9BA00BF087B0120DC95012070
:102D800034B20120C0390120A48A012064910120BD
:102D9000FC8D01207C96012009F101014B4609F1CF
:102DA0000302296013F8028B2B6099F801602A60F6
:102DB00099F80210B8F1000F00F0FE84B8F1010F8D
:102DC0007FF434A83046F5F755F8AE4B1B78DB0797
:102DD0003FF52CA8AC4B1878B0427FF427A8F5F744
:102DE000A5F84046FEF780BA09F101032B6099F877
:102DF00000301F2B3FF610A809F10200A34A09F189
:102E000003014FF00108286002EBC30699F80100A6
:102E100002F8330009F104032960284699F80220DA
:102E200072702B6099F80330B37009F035FB0346DC
:102E30002846B38009F030FB03464046F380FEF796
:102E400053BA4B4609F10102914E09F103012A6080
:102E500009F1040213F8020B4FF0010830702B60E7
:102E600009F1050399F8010070702846296099F866
:102E70000210B1702A6099F80320F2702B6099F863
:102E80000430337109F008FB03462846F38009F04B
:102E900003FB2B6830811A4603EB08012960D91C1B
:102EA00012F8020BB0722A601A1D5878F07229606D
:102EB000997831732A60DB787373F2F79DF9404695
:102EC000FEF712BA2846734E09F0E6FA0346284682
:102ED0004FF00108336009F0DFFA034628467360BB
:102EE00009F0DAFA03464046B360FEF7FDB928461A
:102EF0004FF0010809F0B8FA674B024640461A60E5
:102F0000FEF7F2B909F101032B6099F80080B8F1DE
:102F1000130F3EF681AF09F102032B6099F801000F
:102F2000F8F70EFF00283EF477AF062301795B4ED9
:102F300009F1030203FB08F3F1541E442A6009F16E
:102F4000040299F8021009F1050371709A452A608C
:102F500099F80320B2702B6099F80420F27040F0C9
:102F600057844FF00108F5F7D9F84046FEF7BCB991
:102F70004B4A0021102B1646084628BF102311602B
:102F800051601174C2E9021105E02A68511C2960E0
:102F9000127806F8012B984200F10100F5D3FEF7F4
:102FA00045BF28463F4E09F077FA0346284633804E
:102FB00009F072FA03462846738009F06DFA034659
:102FC0002846B38009F068FA03462846F38009F0E2
:102FD00063FA03462846338209F05EFA0346284620
:102FE000738209F059FA2A68B0821346511C29608D
:102FF00013F8021B86F820102B60527832776A682B
:10300000D31A052B00F3EC832B68D21A012A7EF722
:103010000DAF28464FF0010809F03EFA034640463E
:10302000F383FEF761B94E4609F101031E4A09F127
:1030300004012B6009F1030016F8023B1370AAEBA0
:1030400001032E6099F80160012B5670286099F8F1
:1030500002009070296099F80310D1707EF7E6AEF7
:1030600009F1050109F106034FF00108296099F8FB
:103070000410404691712B6099F805301371FEF7EA
:1030800033B900BF88780120B8910120F49901205C
:103090003C8D0120D4AF012050AD0120A49401202B
:1030A0002CAD0120C8840120D07E01202846B44EDA
:1030B00009F0F2F903462846738209F0EDF9034658
:1030C0002846B38209F0E8F903462846F38209F05E
:1030D000EFF92B6828461A46591C296012F8021B82
:1030E000B1722A605B78B37009F0D6F92A6806F1EC
:1030F000180130800023501C2860127832722A6830
:103100000133501C042B2860127801F8012BF6D1F2
:103110009C4A002329680133481C042B2860097845
:1031200002F8011BF6D128464FF0010809F0B4F966
:1031300003462846338509F0AFF9034628467385D0
:1031400009F0AAF903462846B38509F0A5F9034614
:103150004046F385FEF7C8B809F101014B4609F175
:103160000302296013F8020B2B6099F801102A6002
:1031700099F80220E5F7B6FC00287EF457AEFEF77A
:103180004BBE4B4609F101007F4A09F1030128605B
:103190004FF0010813F8020BD07140462B6099F8EC
:1031A000013053752960794B99F802201A70FEF7A7
:1031B0009BB8774B4FF0010884227649186817F0C6
:1031C000DFFF4046FEF790B84B4609F10101724A15
:1031D0004FF00108296013F8021B404611702B6064
:1031E00099F801305370FEF77FB84B4609F10102A0
:1031F0006A4E28462A604FF0010813F8022B3270FD
:103200002B6099F80130737009F046F9034628469F
:10321000738009F041F903462846B38009F03CF970
:103220002B68F080404603EB08011A46296012F82B
:10323000021B31722A605B787372FEF755B84188C1
:103240004A1DA9FB0232D208FEF7A6BAD5E9003220
:103250009A4274D1236800225148591C80F86E2587
:1032600021601A704F4B1B689D010BD4B9F1000F00
:1032700000F0E1814C4B4FF00108C9F800304046A6
:10328000FEF732B8494B1B689E42EFD14FF0010860
:103290004748484904F016FA4046FEF725B8D5E9F4
:1032A00000329A4267D101464FF001082046424A57
:1032B000F8F70EFD4046FEF717B86B6828462E68F3
:1032C0009E1B09F0D1F87861052E00F2B9818026A5
:1032D00000254FF00108B34679692046D4E9002360
:1032E0009B1A7A69103BB342B8BF1FFA83FB334B7A
:1032F0001B683B619B1A9B45FB6088BF1FFA83FBE1
:1033000009F030F9002D5BD1D4F80090B8F1000F2E
:1033100000F0A2815A464946786911F003F8236803
:10332000B0420344236002DBFDF7EDBF23680130A8
:103330005A1CB04222601D70F8D1FDF7E4BF591C41
:10334000174A29601B78042B82F86E3500F2E4815D
:103350002268022B02F101012160137082D1FDF776
:10336000A1FB0346002800F0A781236801229918D9
:1033700021601A7076E75A1C2A60197894E700BF1A
:10338000BC380120D83801204891012064910120E7
:10339000087B0120F4DB0408D4950120C8770120C4
:1033A00034B201204C3901200D3E0308F005012004
:1033B0000407012040420F009564020804860120A2
:1033C0006B46C6B0226808EE103A0DF11F010023CB
:1033D000501D537121F01F023862BA60BBF1000F1B
:1033E00000F0968178693969884280F08E819A462A
:1033F0004FF080091A467B627C60FB68BD689A1AB0
:103400002946B2F5807F28BF4FF4807210F08AFF02
:103410003C6A05EB000E22787545C7E9062032D2DA
:103420000EF1FF3E05F1FF3C21461CF8013FCB4861
:1034300000EB830210F8235056880DB300234FF49D
:10344000004205F1FF3816420AF101044FEA520228
:1034500003D0087849EA000008705FEA590906D1EC
:1034600081F801901FFA84FA01314FF08009D345A9
:1034700003D8F44534D3984532DC01339D42E2D180
:10348000E645D2D139627B6AD345FA6913449AB2D0
:103490007A6204D97B6998183B699842ADD37C68FD
:1034A000B9F1800F03D00AF101031FFA83FA0AF180
:1034B00002012046012589B209F06AF823682046F6
:1034C000796A5A19A84622601D7009F061F82368CC
:1034D00028465344236018EE103A9D46FDF704BF7A
:1034E0003B6A7C681A46BB691370D9E709F101038E
:1034F00028462B6099F800300A2B00F0E7804FF047
:10350000010808F0C9FF284608F0C6FF4046FDF74D
:10351000EBBE4A4609F10103914E09F103012B600C
:10352000284612F8023B03EB83035B0073802A609A
:1035300099F8013003EB83035B003380296099F82D
:10354000023003EB83035B00B38008F0A5FF2A6819
:10355000B0811346511C296013F8021B71722B6055
:103560005278B2726A68D31A052B7EF75FAC284690
:103570004FF0010808F090FF03462846738008F0DA
:103580008BFF03462846338008F086FF03464046FB
:10359000B380FDF7A9BE09F101032B6099F8003053
:1035A0000A2B71D028464FF0010808F081FF284609
:1035B00008F07EFF284608F07BFF4046FDF794BEEA
:1035C000B8F5405F00F0AD8043F20303984540F04A
:1035D000C080644B1B78DA073EF528AC4B4609F1F6
:1035E000010109F10302296013F8028BB8F1010F00
:1035F0002B6099F801A02A6099F802B000F0A6802B
:103600000026DFF8709107E02A68511C29601278C3
:1036100099F8001005F020FEF2B2434650460136FC
:103620005A45F1D3B8F1010F7EF400AC04F0F8F87C
:103630004046FDF759BE4FF001084046FDF754BE25
:10364000284608F029FF8346D5E900329A424CD13A
:1036500000250646A8463FE65946204608F098FF52
:1036600023685A467869591C216083F800802168D4
:1036700010F058FE2268034601201A44A9F80030D1
:1036800080462260FDF730BE09F10200364B09F199
:10369000030109F1040228604FF0010899F80100C4
:1036A00018704046296099F8021059702A6099F8FC
:1036B00003209A70FDF718BE22684FF0010802EB54
:1036C0000801404621601370FDF70EBE08F0E4FECD
:1036D000264E034628464FF00108338008F0DCFEF2
:1036E000034640467380FDF7FFBD5A1C4FF00008AB
:1036F00006462A601D78B5EB080518BF0125EBE5E5
:103700004FF0FF384046FDF7EFBD9A467B62CEE6AC
:10371000DA46C7F824B0CAE64FF0FF384046FDF756
:10372000E3BD134B1A78032A7EF476AB5B780D2B3E
:103730007EF472AB4FF00108EDF7B4FF4046FDF7A1
:10374000D3BD042A7EF472ABFEF747BC04F07EF8CA
:1037500056E74FF0FF384046FDF7C6BDF0D70408E6
:103760005C78012088780120D0A50120B0A4012038
:10377000A4360120E4240020C94A137823F0020370
:103780001370FEF71EBBC74A4FF001084FF480309C
:10379000D2F8701708FA06F30B43C2F87037FDF73A
:1037A000DFFCC14B1B78DB077EF540AB0020F4F754
:1037B00089FE4046FDF798BD3046F1F7B3FABA4BA3
:1037C0001B78DA073EF532ABB84B1878B0427EF47E
:1037D0002DAB4FF0010807F08BFF4046FDF784BD8D
:1037E000284608F059FE03462846738508F054FE23
:1037F0002B68B0851A46591C296012F8021B86F8FE
:1038000021102A605B7886F828306A68FFF7FCBBD5
:1038100009F1060209F107032A6099F805203271BF
:103820002B6099F80600F8F78BFA03797371FFF7AC
:1038300098BBB8F1F50F7EF44BA9D5E900329A4256
:1038400054D1984BFF2283F8D8240023DFF88C82D0
:10385000974E87F8443097F844203370032AC8E91C
:103860000033C8E902332FD8924D97F8443003EB68
:10387000430305EBC3035B7CE3B197F8443020219D
:1038800003EB430305EBC3035B699BB197F844303B
:10389000327803EB430305EBC303586948F8220071
:1038A00004F0E8F8337858F8230004F077F9337817
:1038B0000133337097F844300133DBB287F844307A
:1038C00097F84430032BD0D903F0C0FF2368327837
:1038D000591C21601A70B9F1000F3DF414AD764BFC
:1038E0000120C9F800308046FDF7FEBC5A1C19467D
:1038F0006C482A6011F8022B2960FF2A5B7880F857
:10390000D82480F8D934A0D0FC2A12D9FDF768F960
:103910000346C8B1B9F1000F02D0684BC9F80030B6
:103920000122236899181046904621601A70FDF70D
:10393000DBBC23684FF00108002203EB080140467E
:1039400021601A70FDF7D0BC22684FF0010802EB2D
:103950000801404621601370FDF7C6BC1146404681
:10396000F8F71AFE00287DF4CEACB8F1D00F7DF444
:1039700095AFD5E900239B1A002B0EDC4A4B1B7830
:10398000D80723D5002223684FF0010803EB080174
:10399000404621601A70FDF7A7BC511C424B2960BC
:1039A0001B78D907EED41378012B0FD00CF080FFD1
:1039B0000CF038FEB9F1000F15D03A490020404B09
:1039C000012281F86E05C9F80030DCE70CF070FFC9
:1039D0003C4B002201201A7005F08EFD07F000FE1E
:1039E0000028E5D1CEE70122CDE7374B4FF4C8726E
:1039F0004FF00108A3F8A8204046FDF775BC00F081
:103A00007F004FF00108062828BF0020F4F78EFA47
:103A10004046FDF769BC2D4B1B689E427EF440ABCF
:103A20002B482C4903F04EFE4046FDF75DBC09F1E2
:103A300001032B6099F80060072E3EF6EDA9284699
:103A40004FF0010808F028FD234B014632012846BB
:103A500003EB0616995208F01FFD034628467380B3
:103A600008F01AFD03462846B38008F015FD03460A
:103A70002846F38008F010FD03462846338108F0FD
:103A80000BFD03462846738108F006FD03462846D1
:103A9000B38108F001FD03464046F381FDF724BCE5
:103AA0002C78012034B2012088780120B8910120BF
:103AB000459101202C090020F9F50108210C03088B
:103AC0000D3E0308513D012014440020F005012063
:103AD0001407012040420F00F4950120CC8E0120F4
:103AE00001F0CEFEFEF771BBA8F104024FF004080E
:103AF0004A442A60FEF754BBA8F10C024FF00C08B0
:103B00004A442A60FEF732BBA9F114024FF01409AF
:103B100042442A60FEF70FBB00216022A1482DE934
:103B2000F84FDFF8B8820F469F4E18F08BFA9F4B84
:103B30004046376044461F60F5F752FB9C4D3946BE
:103B4000D8F8803040462A681F69DFF8949202EB6B
:103B5000420E02FB07F8974B974FA3FB023C974B93
:103B6000C7F80080D9F804804FEA1C1C4FEA8E0980
:103B7000C3F87C27C3F8A487C3F8A8874FEA4E0888
:103B8000C3F88427C3F88C27C3F8A02704F5B862CC
:103B9000C3F890E7C3F898E7C3F88097C3F8948711
:103BA000C3F888C7C3F89CC7C0E90711C0E90A1168
:103BB00040309042F8D10121DFF82882DFF81492DA
:103BC0000846F5F74DFB01210820F5F749FB7C4B32
:103BD000B8F81A200A20B3F86C1098F809A0D4F8A5
:103BE0000032B9FBF1F1B9FBF2F21961BAF100014F
:103BF000D4F8803218BF01211A61F5F731FBB8F80B
:103C00001C2098F80AB00B20D4F8C032BBF1000198
:103C1000B9FBF2F218BF01211A61F5F721FB98F800
:103C20000E30002B63D0DFF8C0915AEA0B0314BFAB
:103C300001210021DFF8B4810C20F5F711FBD8F841
:103C40000030D9076AD49A0705D55E4DB5F84430DF
:103C5000002B40F08E8001210720F5F701FB5A4B25
:103C600009205A4D1978F5F7FBFA01210D20F5F7D7
:103C7000F7FAD9F800100E20C1F3C011F5F7F0FAE9
:103C8000D8F800100F20C1F3C001F5F7E9FAD8F811
:103C900000101020C1F38001F5F7E2FAD9F8001006
:103CA0004B052FD4C1F300411220F5F7D9FA484A49
:103CB000484B13205688D9F80010D4F8C024C1F31B
:103CC000C061B3FBF6F31361F5F7CAFA01211420C2
:103CD000F5F7C6FAFDF766F869781620A1F1090133
:103CE000B1FA81F1BDE8F84F4909F5F7B9BA98F88A
:103CF0000F10DFF8F490002997D1D9F8003058035D
:103D000093D497E701211120F5F7AAFA6B78082BD5
:103D100040D0092B3ED0D9F80010C3E72E4A01212C
:103D20002868D2E9023512690A2BB8BF0A230A2D86
:103D300003FB00F0B8BF0A250A2A3860D4F88000D7
:103D4000B8BF0A22D4F8007103610220D4F8C03051
:103D50001D613A61F5F784FA01210320F5F780FA35
:103D600001210420F5F77CFA0122D8F800303271E5
:103D700069E701210520F5F773FAB5F84400154B02
:103D80000121D4F84021B3FBF0F306201361F5F7CD
:103D900067FA60E7D4F840344FF4FA62D9F80010BB
:103DA0001A617FE754460020FC7200205046002034
:103DB000448E01201F85EB5104AD012034B2012057
:103DC000803C0120FC240020F8AF0120A436012013
:103DD000C877012040420F008C020020E42F012010
:103DE000001000E05C7801204C390120BC770120F4
:103DF000044B054A03F50A7142F8403B18338B42E5
:103E0000FAD1704724070120E42F012008B503F000
:103E10002BFD0C4B93F86E35012B0BD002D872B6EC
:103E200010F040FA9A1E012A06D8022B05D0002075
:103E300013F0F8FBDBF766FB08BD034BB3F900009A
:103E4000F6E700BF34B20120DC390120034B1878BB
:103E500010F0010000D07047D8E700BF887801203B
:103E600070B5094C236873B10546002606E09A68D0
:103E70001E7322601B689847236823B15A6818464E
:103E8000AA1A002AF3DA70BDE4BB012070B40C4E0C
:103E9000102401250022334603E001324E2A0CD0C3
:103EA0001C79A04203F12003F7D16C1C8D42E5B2CE
:103EB000F3D106EB421070BC7047002070BC704715
:103EC00084DC040808B101B1E0E70020704700BFBE
:103ED00010B40023084C01E0152B09D003EB43027A
:103EE0000133A15C8142F7D1A0185DF8044B704703
:103EF00000205DF8044B7047E8BB0120D0F8FC209F
:103F0000034630B46AB1C168D0F814214469881AF4
:103F1000013A205C08BF0A46C0B2C3F8142130BC85
:103F20007047006A5D69411CDC68285CA14228BFBB
:103F30001146C0B2196230BC704700BFD0F80031E2
:103F400013B190F8A4017047D0E90903181AB0FA28
:103F500080F04009704700BFD0E9091291420ED3AA
:103F60008A1AD0F80011036981B1D0F88811013B99
:103F7000096849680A4493420BD9981A7047036943
:103F800019448A1AD0F800110029EED1013B981A81
:103F900070470020704700BFD0F8FC304BB1D0F81C
:103FA0008C31D0F814211B685B689A4205D3D01A73
:103FB0007047D0E907239A42F9D2C0681044C01A6A
:103FC00070470B4B002130B593F9002001315D782B
:103FD0000433092AC8BF143A082900EB02042573E8
:103FE00013F8025C855413F8012C2276ECD130BD15
:103FF00044E6040803681B69184700BF064B70B409
:104000001D68064604460FCD0FC40FCD2D680FC4A2
:104010003046256070BC7047280A00200020704799
:10402000704700BF704700BF704700BF0120704756
:10403000704700BF704700BF00207047704700BF47
:104040000023037043708370C370704730B40A4D0F
:1040500000232C1D01E0152B0AD003EB4302013392
:10406000A15C8142F7D12A4430BC92F90600704726
:104070004FF0FF3030BC7047E4BB0120034B00EB36
:10408000400003EBC000407C704700BF2C090020BB
:10409000704700BF704700BF70B406460424880014
:1040A0003546130B013C4FEA021203EB430392B275
:1040B00003F118032B600544F3D106EB011306202E
:1040C0000A01B45043F8214070BC7047F0B410238B
:1040D00007468E00044612F4004F4FEA420214BF16
:1040E0000E250725013B92B225603444F3D18C01A3
:1040F000122007EB81123B5142F82130F0BC70478F
:104100002DE9F8436B4CA36820469847002877D0E8
:10411000694B04F14806012504F10E021878B046F7
:1041200031460023654F84F85450042803D1B2F976
:10413000005047F8235032F9025B013307EE905AE2
:10414000032BF8EEE77AE1EC017AEED15C4D2B8897
:104150007BB105F11007DFF8889157F8083C384625
:10416000B6EC010A303703B19847B14506ED010AB4
:10417000F3D1A17D092945D0524818F00DF9B5F8C1
:10418000A820D5F89430002A47D1B3F9002006EED4
:10419000902AB3F90220B3F9043007EE102AB8EEE2
:1041A000E65A07EE903AD4ED126AF8EEC75A94ED4B
:1041B000137AB8EEE76AD4ED147A76EEC56A95ED17
:1041C000275A37EE657AD5ED285A77EEC67A95EDFF
:1041D000296AD5F8983035EE265A75EE875AC4ED1F
:1041E000126A36EE276A013385ED275A84ED137A79
:1041F000C5ED285AC4ED147A85ED296AC5F89830C2
:10420000BDE8F883304901F1280018F0E9F8B5F865
:10421000A820D5F89430002AB7D000262B48991E44
:104220001F1DDFED2B6AB2F5C87F17D0D0ED007AE5
:10423000B8EEE77AD8ED007AE8EC016A77EE877A93
:10424000FDEEE77AE0EC017A21F8026F8F42EAD1C5
:10425000012A07D0013AA5F8A82096E7B0EE667AC1
:104260000660E7E71B481C4FC16C466CC831806C88
:10427000C83687FB01ECC830C917B4F80CE0C1EBB5
:10428000EC1187FB068C87FB0087F617C017A1EBA4
:104290000E01C6EBEC16C0EBE710104F99801E80A4
:1042A00058807A810CF0BAFAB5F8A820D5F8943085
:1042B000D0E700BFFC2400209C200020A02000208C
:1042C00014440020442500201C25002028BC012087
:1042D00000000000E4BB01201F85EB51C039012024
:1042E00050250020A64B2DE9F0411B78064613F01F
:1042F000010FA44B3CD0A44D1C78012C69D0022C9A
:104300001CD0002C79D0A14FEB7B0BB1AB891BBB30
:104310003B782A7A632A07D89D49022C087800F056
:104320008380002840F0FB809C429A4A38BF1C469C
:10433000AB7B1470002B42D1BDE8F0819649974ABF
:10434000098812889142DED995490124954A096865
:104350008E4F1C701165D7E7934B1B78002BD7D07D
:10436000F4F7B6FD002840F0EE8002233B70D0E762
:104370001C78E21E012A6AD9874A834D1188528827
:104380008A1A002AB8BF5242142AB6DCEA888A4246
:1043900002D828888842B0D2B1EB420FADDC0321AD
:1043A0007A4F00228048197039707C4B7F491A80FF
:1043B0000A807F4B7F4902700A801A80BEE0012C80
:1043C00000F0B480022CB7D10720BDE8F041FCF723
:1043D0002DBD714A764912880988914280F08D80FE
:1043E00072490988914202D2002214461A706C4A1E
:1043F0006C4B1268654F1A6586E7674A6D491288EB
:104400000988624F9142664972D36648EA7D09681D
:10441000006D02EB8202091A02EB8202B1EB820FFD
:1044200080F28E801C786FE7002878D101274E60DB
:1044300006460F70C2F164025F4806FB02F280FB81
:104440000206D217A2EBA65264324A706CE75248B9
:104450004D4D0288E9888A4202D32F88974202D2C2
:10446000B2EB410F67DD4188511A0029B8BF4942BC
:1044700014296EDC0021454F2C7D197039703CB930
:104480002C88B2FBF4F40134082C28BF0824E4B2D1
:104490001FFA84FC6888A98810FB0CF0DFF80C81F7
:1044A00011FB0CF1DFF8F4C080B2DFF8FCE089B258
:1044B000ACF8000095F811C0A8F8001061458EF81E
:1044C000004050D9A1EB0C0189B23A4C60452180E3
:1044D00047D9A0EB0C0080B2DFF8D4E04FF0640CB9
:1044E0002B4CAEF80000002084F801C0606089E722
:1044F0002C4A09681C78116506E7294929482A7E53
:104500000968006D02EB8202091A02EB8202B1EB2C
:10451000820FFFF6F8AE02241C4F1C70F4E64868C8
:10452000361A2648864285DB4A70FDE60820BDE83B
:10453000F041FCF77BBC032C17D1144F0324E3E6B6
:1045400001241C70E0E62B7C834206D301233B70E0
:10455000DFE6032CF1D00424D5E6002213463A709E
:10456000D7E60020B8E70021AFE7018842888A1A21
:10457000002AB8BF5242142A7FF708AFEBE700BF0A
:104580008878012006A501205C78012080A5012003
:1045900010A501202D7E0120547801200AA50120BC
:1045A000301D0120E4BB01204A8D012008A5012017
:1045B0000EA501200CA501206BCA5F6B80969800A8
:1045C0002DE9F04387B0DCF733FD40B3B54C41F241
:1045D000CC63E358002B01DDD9F778FB6378022B1D
:1045E00020D0032B1BD141F2E873E35C13B1AE483A
:1045F000DAF780FE41F2D463E35C13B1AB48DAF73B
:1046000079FE41F21873E35C13B1A948DAF772FE40
:1046100041F25C73E35C13B1A648DAF76BFE07B0B6
:10462000BDE8F083A378A44DA44E072BF7D8DFE8AC
:1046300003F046D55C4107949E0403236370EEE7C4
:104640002378207D032BDFF88C829D4F0CBF4FF029
:1046500080094FF48079002800F0AB800128FAD15E
:1046600033684FF0FF3162684FEA432C0023D8F8DB
:104670000000B1FBFCF152184FF0000100F1020004
:1046800043F100039942394608BF904238BF0246C1
:104690000220DAF79DF8032800F2658101A353F8A0
:1046A00020F000BF1F460308874703081F46030882
:1046B0008747030883480378002BAED1AFE7002378
:1046C00005A9092218460391D9F7E2FB0128A6D1D2
:1046D000059B93F8FE21552A00F0BB8041F2E4725D
:1046E00002210123A154637099E777490325302300
:1046F0000522009173487549A570DAF781FE8EE7AF
:1047000023690622652BA27031D92278653B032AE2
:104710000BBF6FF07F016FF0FF0180224FF48072BA
:104720000B4001339A42236121D2D8F80020E76878
:10473000023203EB0708904502D3D9F73BFB23690C
:10474000634905206760CA6FC4F8088002FB03F361
:104750000F605B02A07041E90733A268294601207F
:10476000D9F724FF012840F093800623A37000218D
:104770005448D9F757FE012840F08A80A3780133C6
:10478000DBB2A37051E7D4E901C32269A3EB0C01AA
:10479000914288BFC4E903C10328B1D00133B3FB00
:1047A000F9F209FB12320AB14B449B1A00206360F4
:1047B0002075D8F8002029460232DAF709F80328D4
:1047C00000F2D18001A353F820F000BF1F46030878
:1047D000474803081F4603080147030805A941F697
:1047E0002C05002309226059D9F752FB01287FF4D8
:1047F00016AF0022059B2270B3F80B20B2F5007FA4
:104800001AD11A7C022A17D193F8FE21552A13D106
:1048100093F8FF21AA2A0FD1DF8941F630026559AA
:1048200026493D44A5505E7B721E0E607F2A03D848
:10483000724236EA02024FD041F2E47203210123B0
:10484000A1546370EBE60122636813442275A360F0
:1048500001E793F8FF21AA2A7FF440AF03F5DF7246
:10486000039903F5FF73906840B11579A5F10B0624
:1048700005F0F705012E05D9062D03D0103293421D
:10488000F1D12BE741F62C020123A050A370A6E73B
:1048900002287FF4C4AE012341F2E4726370A35492
:1048A000BDE600BF2C5F01201477012000760120B7
:1048B0004476012088760120305F01206C7701204A
:1048C000345F0120CC760120C18600085C2A0508EF
:1048D000F076012064770120720241F64801013A26
:1048E0006250D88A00B9586A41F6340241F6500144
:1048F000A050B3F81120520102F2FF12521262507E
:10490000B3F8131001B9196A174441F6380C07EBD4
:1049100040074000C91B40F6F477B1FBF6F1B942FD
:1049200044F80C101CD94FF6F476B14214D9032187
:104930002170DE6AAB1841F6100241F63C0541F6E3
:104940004C010344A25C665063510AB9D9F7CEFC0E
:10495000A3780133A37062E6022300262370E9E7FF
:104960000123237068E7207D75E600BF0B4AF8B588
:10497000136855692B4003EA000555616DB1084F76
:104980000126B5FA85F4C4F11F0457F8240006FA8D
:1049900004F403689847A543F3D1F8BD003C0140F7
:1049A000842601202DE9F0411E4688B00309904677
:1049B0000E9F00F00F04403349B30793FFF782FACC
:1049C000427A0546079B41463046CDE90042144AEB
:1049D000B847C8B1286811F0E9FF297A6A7911F05F
:1049E000020FDFF84CC04FEA92020E496D7A08BF01
:1049F00061460132079B0094CDE90102CDE9031520
:104A0000094A00213046B84708B0BDE8F081074A9E
:104A100041463046BC460E9408B0BDE8F0416047C0
:104A2000696605089E7605087B6605089D6605088B
:104A3000247B0508426A10B48469A154426A04695F
:104A40000132D0F80011A24228BF0022426219B1FF
:104A50005DF8044B11F04ABAD0F820215DF8044B00
:104A6000136843F080031360704700BF017111F0B9
:104A7000B9BA00BF816011F0B5BA00BF2DE9F04F9F
:104A80000C465A4E01680546594B83B00E44904679
:104A9000C4F3411A03EB962393F8E009D5F700F825
:104AA000C4F38103AF8804F003022868009397FAE7
:104AB000A7F1B1FA81F102F1FF3E37FA01F372D0AA
:104AC0004FF0030C4FF00F09019403E0013137FA66
:104AD00001F367D001238B403B40F7D0D0F800B002
:104AE00093FAA3F6B6FA86F693FAA3F5B5FA85F526
:104AF0007600BEF1010F4FEA45050CFA06F602FA00
:104B000005F52BEA060645EA0605056014D8D0F837
:104B100008B093FAA3F6B6FA86F693FAA3F5B5FAB7
:104B200085F57600009C6D000CFA06F604FA05F592
:104B30002BEA060635438560D0F80CB093FAA3F64D
:104B4000B6FA86F693FAA3F5B5FA85F57600022A49
:104B50004FEA45050CFA06F60AFA05F52BEA0606B1
:104B600045EA0605C560B1D193FAA3F6B6FA86F612
:104B70001D0A072E26DC066A93FAA3F5B5FA85F519
:104B800093FAA3F3B3FA83F3AD0001319B0009FA62
:104B900005F508FA03F326EA05061E4337FA01F382
:104BA000066297D1019CBEF1010F08D84368C4F397
:104BB000001407FB04F423EA07072743476003B008
:104BC000BDE8F08F466A95FAA5F3B3FA83F395FA38
:104BD000A5F5B5FA85F59B00AD0009FA03F308FACF
:104BE00005F526EA03062E4346626FE70000FEBF86
:104BF00084DC04087FB50A4B0A4A04930A4B0B492C
:104C000003930B4B0B4802930B4B01930B4B0093FD
:104C10000B4B08F0D3FB07B05DF804EB06F03EBD8C
:104C2000F0660508AF660508F5660508B96605086B
:104C3000FD660508C56605080667050812670508CC
:104C4000BF910120D6E738B50B4B0D4603EBC004EE
:104C50000A4894F8482B03EB8203D3F8E81908F0CC
:104C6000ADFB94F84E3B2BB1691C0548BDE83840BC
:104C700008F0A4BB38BD00BF84DC04084667050803
:104C8000237C05082DE9F0412F4C636D002B48D0A3
:104C90000A2801D00D2842D12C4D06F0FFFC23211B
:104CA000284617F0E1FA08B1401B6065636D8BB9C7
:104CB0004FF4807200212548636517F0C3F9244B37
:104CC0001B78002B3DD02348BDE8F04106F0E0BC46
:104CD0001346ECE75A1EA95C2029F9D0002263652F
:104CE000362623441C4DDFF8648083F858202F6853
:104CF0004046394607F0B0FA014640B9013E05F199
:104D00001005F4D11549164807F054FE05E0154B7F
:104D10009D42F7D2EB68384698470023C8E7FF2B3F
:104D20000FD8A0F120025E2A0BD80BB9202808D09A
:104D30005A1C62651C4484F85800BDE8F04106F036
:104D40009DBCBDE8F08100BFE4BB01203CBC01205C
:104D5000F03C01205E190508ECE80408216705080D
:104D6000E46D05084CEC04082DE9F84F00260746D1
:104D70000C461D4DB046DFF87890DFF878A020464D
:104D800006F054FCD5F800B048B92146584607F063
:104D900017FA20B92146686807F012FA80B1584620
:104DA00006F076FC696811B1504608F007FBA96867
:104DB00011B1484608F002FB4FF0010806F06EFC06
:104DC00001361035362EDAD1204606F02FFC48B9D0
:104DD000B8F1000F06D1224638460449BDE8F84F25
:104DE00007F06EBDBDE8F88FECE8040849670508D8
:104DF000436705083D67050807B5154806F048FCF8
:104E0000144B154893ED000A8DED010A06F040FCA5
:104E1000124B1B78BBB19DED010A14F009FE4FF453
:104E20007A7280B2B0FBF2F102FB11020C4892B22E
:104E300007F0EEFD0B4B0C48B3F82E1103B05DF8F4
:104E400004EB08F0BBBA094806F02CFCF2E700BFFF
:104E50005D6705080473002074670508257E01203E
:104E60008F67050840210020A3670508996705089A
:104E70003E4B1B782DE9F74F002B70D03C4D0026A0
:104E80003C48A96807F0C4FD69683B4807F0C0FDCD
:104E90003A4B3B48DFF80C81DFF80C91DFF80CA1AE
:104EA000D3E90131C91A374B1A68B1FBF2F207F0A6
:104EB000AFFD06F0F3FB344806F0F4FB334806F090
:104EC000F1FBF4B298F80030A34221D8304C002511
:104ED000304F06F0E3FB2646013556F8041B3846F2
:104EE00008F06CFA162DF7D101252A4E06F0D6FBF4
:104EF00023466168013530461B680434C91A08F03E
:104F00005DFA162DF4D103B0BDE8F04F06F0C6BB34
:104F100004F1020B642719F804303C2105EB8B0BDC
:104F20005046BBF804207A43B2FBF3F3B3FBF1F134
:104F30000091214608F042FA9BF806305BB120460A
:104F400012F012F990FBF7F107FB1102124807F07B
:104F50005FFD0136B5E7114806F0A4FBF9E71048FC
:104F600003B0BDE8F04F06F09DBB00BF200A002053
:104F7000FC460020C1670508D167050804730020BE
:104F8000E8670508448E0120156805084068050893
:104F90001847002097680508846805088F68050889
:104FA0009B680508E4240020444500206B68050840
:104FB0002DE9F04F06468BB040F2162003910BF01E
:104FC00089FC039A04460021304606F07DFB414AE5
:104FD0000546D4E9028392F858410CB144469846FC
:104FE0001522002104A808F1010717F02BF808F199
:104FF0004003039317F8019CB9F1000F30D097F8E4
:1050000000A0002C63D0224600231178494557D1D7
:1050100092F801800AAA1344012203F8182CD04503
:105020002A46304613BF012100214FF0010B4FF0FB
:10503000000B06F049FB054654B1B8F1000F07D04C
:10504000254B5A464146484600933346FFF7AAFC93
:10505000224B5A465146484600933346FFF7A2FC7E
:105060000337039BBB42C5D13CB3671C0DF110084D
:105070004034DFF86490DFF864A018F8013BCBB946
:1050800017F8013CB3B115B1284606F011FB397889
:10509000334617F8010C0022CDF800900025FFF7E9
:1050A00081FC002217F8010C33461146CDF800A010
:1050B000FFF778FC0337A742DFD10BB0BDE8F08FD4
:1050C00001330332152BA0D14FF00008A7E7A0460B
:1050D000A5E700BFE4BB01201DE203084DE2030881
:1050E0002DE9F04F3E4C87B00A460021064606F0F7
:1050F000EBFA05903B4A2378608802EB8303D3F8F0
:10510000E8A90BF0E7FB8368C1680493364B93F87A
:105110005821002A4BD0DDF8108004910027227915
:105120006179049B07FB021213F80290B8F1000F9B
:105130003FD018F802504D45059A304607F1010757
:1051400013BF012100214FF0010B4FF0000B06F0BF
:10515000BBFA05907DB305F00F022D095346594661
:10516000403502923046214ACDE9007509F056F8E3
:10517000B9F1000F2AD009F00F024FEA191953466E
:105180005946029209F140023046CDE90072174AB1
:1051900009F05CF8A279012A38BF0122BA42BEDCCC
:1051A0000834134BA342A5D107B0BDE8F08F904659
:1051B000B4E74546BFE7B8F1000FD9D053460D4AD2
:1051C00059463046009709F029F8D1E77306E1D433
:1051D0005346084A59463046009709F037F8D9E750
:1051E000CCE7040884DC0408E4BB0120B7680508A8
:1051F000ECE80408CD68050810B501311446FEF747
:1052000061FE28B9064B18681B792060237110BD18
:10521000427A20460349BDE810400AF035BD00BF80
:105220009F6C0508766605080B46411C024605D1B1
:10523000044A1068127918601A71704702491846BA
:105240000AF022BD9F6C0508247C05082DE9F04F6B
:10525000524F99B03B790997002B00F0928050484B
:1052600006F020FA00254F4EDFF860B1A846DFF8BF
:105270006091DFF860A10BA9E8B2F3F775FF9DF824
:105280003430002B50D0139C54B107EE904A9FED60
:10529000460AF8EE677A80EE270A14F0C9FB044646
:1052A0000B9A2946584608F089F8109A002A6CD0C3
:1052B00002FB04F04FF47A73B0FBF3F0DDF848C062
:1052C000BCF1000F63D00CFB04F142F21073B1FB90
:1052D000F3F1099B082D1B7918BF8844002B58D087
:1052E000179F4FF47A7E0A230797159F0697169FFC
:1052F0000597119FB7FBFEFECDF810E0B1FBF3FE62
:1053000003FB1E11CDE902E1B0FBF3F103FB110039
:10531000BCFBF3F3CDE900102146504607F078FBC3
:105320000023B362C6E90D3301354036172DA2D1F3
:10533000099B1B7913B31D4C4FF47A731C48D4E9B5
:105340005712B1FBF3F3D208D4F8641107F060FBF5
:105350000A221848B8FBF2F102FB118207F058FB51
:10536000154B1B78422B06D1144B15481A68154B68
:10537000196807F04DFB0023C4F8643119B0BDE88B
:10538000F08F114806F08EF96CE7104696E76146FB
:105390009FE72146484607F03BFBC1E7B891012053
:1053A000E1680508E42F01208096184BE4BB01203A
:1053B0008C690508AC6905089C200020CCB9012047
:1053C000D0690508B8B901203F6905084969050891
:1053D0008869050858690508A04BA1491A68A14BBE
:1053E0002DE9F04FB2FBF3F293B006469E4807F06A
:1053F000E5FF9E4B4FF47A720A201B889C4F9D4D0F
:10540000DFF82083DFF8A492B3FBF2F102FB113244
:10541000994B92B2B3F90030B2FBF0F2974807F023
:10542000F7FA974A9749984807F0C8FF06F036F907
:10543000964B97499B7B974A01EB8301964B974884
:10544000D31AD1F8C81FB7F8682107F0E1FA9448D9
:1054500006F01EF9934B9448197807F0AFFF934874
:1054600006F016F9924B9348197807F0A7FF06F05B
:1054700015F9914806F00CF900210A46AB7F4C1C47
:105480000B4113F0010F08D012B1484606F000F9A5
:105490002146404607F092FF0122072C2146EDD11C
:1054A000EAF798FB90F8DC30032B0BD0834807F029
:1054B00085FFEAF78FFB90F8DC30012B02D18048A2
:1054C00007F07CFFEAF786FB03695B7B012B02D9BF
:1054D0007C4807F073FF06F0E1F87B4D7B4B00241E
:1054E00005F12009DFF840A21B68DFF840B2039302
:1054F00055F8041B29B3012303FA04F8039B18EAA7
:10550000030F1CD018F01F0F19D01AF8040059F817
:10551000242052F8202034B16D48CDE9041206F061
:10552000B7F8DDE90412584607F048FFB8F1020F5A
:1055300005D1684B597F11B1674807F03FFF01342F
:10554000D6E706F0ABF8654B654819684FF47A73F7
:10555000B1FBF3F107F032FF07A806F0C5FD38B143
:1055600007A90AA80AF046FC0AA95E4807F026FF28
:1055700006F094F85C49D1F88820002A5BD007EE49
:10558000902ADFED5A6AB8EEE77AC6EE877AFDEE2A
:10559000E77A17EE903A564884895CB107EE904A54
:1055A000DFED526AF8EEE77A86EEA77AFDEEC77A6B
:1055B00017EE904A8D685DB107EE905ADFED4B6AA9
:1055C000F8EEE77A86EEA77AFDEEC77A17EE905AE4
:1055D00048490A200988B1FBF0F1C9B2464864295C
:1055E000CDE90045A8BF6421444D07F011FA444BB2
:1055F000444A1B78444905EB83031278098853F821
:10560000F03C424807F004FAB7F86A11404889B202
:10561000404F07F0FDF930463F49012608F04AFAAD
:105620003E4806F035F83E4B1C6834B906F036F8B3
:1056300013B0BDE8F08F1346ADE794FAA4F33846F3
:10564000B3FA83F306FA03F205EB830353F8DC1C89
:1056500024EA020407F0B2FEE7E700BF7C1E012047
:10566000FA69050840420F00FF690508ACA4012053
:10567000E4BB0120FC8D01200C7B0120126A05088F
:105680000000012000080000336A0508B8910120DD
:1056900084DC04080080000800400008576A050800
:1056A000866A0508A0B70120986A0508A06A05085F
:1056B000A1B70120A26A0508AA6A0508C36A0508FD
:1056C000CB6A0508D06A050858EC0408BC770120AD
:1056D000D86A0508FC240020E16A0508301D012075
:1056E000E56A0508FF6A0508E42F012000247449D3
:1056F0000473002030460020126B05087CED04087E
:105700002D7E01204A8D012054780120586B050818
:105710007F6B050862790508247B05088E6B0508F8
:10572000007B0120BA6A05082C060120DB6A050807
:105730000A4B1B7830B57BB90346094C00F12005B4
:105740001A46083403CAAA4244F8080C44F8041C58
:105750001346F5D1012030BD0020FCE7AEB9012091
:1057600080B7012008B5084B01461B7813B1074BE1
:105770001B783BB90D22054816F095FD0120044B1E
:10578000187008BD0020FCE7ACB9012070B70120FB
:10579000ADB9012008B5084B01461B7813B1074B82
:1057A0001B783BB91522054816F07DFD0120044BFE
:1057B000187008BD0020FCE7ACB901200CAD012039
:1057C000ADB9012008B5084B01461B7813B1074B52
:1057D0001B783BB90522054816F065FD0120044BF6
:1057E000187008BD0020FCE7ACB9012024AD0120F1
:1057F000ADB9012038B51A4C94F8B331002B194BD0
:1058000014BF012200221A7011D0052204F5C671BE
:10581000154816F048FD152204F29111134816F0B0
:1058200042FD0D2204F5D371114816F03CFD94F8A9
:10583000B431002B0F4B14BF012200221A700DD07F
:105840000D4C0E4A04F120052346083203CBAB422F
:1058500042F8080C42F8041C1C46F5D138BD00BFC4
:10586000E4BB0120ACB9012024AD01200CAD012026
:1058700070B70120AEB9012050BD012080B70120D2
:1058800038B50D4C05220D49012504F5C67016F0FA
:105890000AFD15220A4904F2911016F004FD0D22AA
:1058A000084904F5D37016F0FEFC84F8B351FFF7F5
:1058B000A1FF284638BD00BFE4BB012024AD012074
:1058C0000CAD012070B7012038B50D4B1B78A3B982
:1058D0000C4B0D4C03F120051868083353F8041CD9
:1058E0002246AB4203C21446F6D10124074B83F88B
:1058F000B441FFF77FFF204638BD0020FCE700BF22
:10590000AEB9012080B7012050BD0120E4BB0120C9
:10591000074A0020074B117803F11002392903F1DF
:10592000040308BF43F8040C9342F7D1704700BF4B
:105930009C200020A020002070B51A4C00250646AF
:1059400002E00135152D11D06178033414F8030CF1
:105950000029F6D00028F4D0FEF798FA0028F0D0FD
:105960008642EED1104800EB450070BD0F48046937
:10597000002C14DD14300023024602E001339C4267
:105980000DD0916802F586720029F7D08E42F5D1CC
:105990004FF4867505FB030303F5847070BD04485E
:1059A00070BD00BFE8BB01209CBD01200473002036
:1059B00008ED04082DE9F84320B3DFF854901746AA
:1059C0000E46002309F1040201E0152B1AD003EB67
:1059D00043044FEA43080133155D8542F5D14C4439
:1059E000617999B1FEF752FA04462046FFF7A4FF09
:1059F00003783BB9C844204688F8B86188F8B97183
:105A0000BDE8F88300242046BDE8F8830C46ECE7A7
:105A1000E4BB01202DE9F843DFF8A0900746884653
:105A200009F5DA7509F13F0603E04E4505F1020577
:105A30001CD099F8011009F1030919F8030C002989
:105A4000F3D00028F1D0FEF721FA04460028ECD06C
:105A5000006810F0ABFFB842E7D163794345E4D169
:105A60002B78002BE1D02046BDE8F883124DD5F805
:105A70001090B9F1000F1ADD1435002603E0B1458E
:105A800005F5867513D0AC680136002CF7D0206878
:105A900010F08CFF8742F2D163794345EFD195F83E
:105AA0000831002BDFD1B14505F58675EBD1002417
:105AB0002046BDE8F88300BF04730020E8BB012046
:105AC00030B40B4D00232C1D01E0152B0CD003EB43
:105AD00043020133A15C8142F7D12A44517918B1C4
:105AE00011B130BCFEF7D2B9002030BC704700BF06
:105AF000E4BB012030B4EFF31181102383F312884B
:105B00000F4A9468136813F4803F0E4B03D00120B2
:105B1000C3F8E40194680C4AC9B21568D3F8E421CB
:105B200081F31188094B4FF47A702A44196800FBFD
:105B300001F31B1BB3FBF1F330BC00FB02307047D9
:105B400010E000E0E4BB0120301D0120448E012064
:105B5000114B5B68C3F30803E3B9EFF31183CBB9CF
:105B60000E4A0F4830B40F4D1368846811688B4299
:105B7000FAD1D5F8E8118C42F6D80B4A4FF47A7076
:105B8000116800FB01F2121BB2FBF1F230BC00FB0A
:105B900003207047AEE700BF00ED00E0301D01209C
:105BA00010E000E0E4BB0120448E0120814B2DE990
:105BB000F04F2DED048B197899B0022904910290D1
:105BC00040F0B3807C4A7D4B1278D3ED007A08EE2A
:105BD000902ADFF838A2F8EEE88A9AF81C3068EECE
:105BE000A78AF5EEC08AF1EE10FA40F3E08307EEE3
:105BF000903AB7EE006AF7EE085A9FED715AF8EE48
:105C0000E76ADFED707A85EE287AA6EEA76AC5EE20
:105C1000867A27EE877A6C4C6C4DB4F82C31287854
:105C200007EE903AF8EEE77AC7FEC77AFDEEE77A1C
:105C300017EE903AB3F5FA7FA8BF4FF4FA73052B2D
:105C4000B8BF0523272807EE903AB4F82E31B8EEF6
:105C5000E78A07EE903A00F00D85F8EEE77AB4EEA9
:105C6000678AF1EE10FA1BD0DFF8A481584F08F1D3
:105C7000C00658F8043C4046B0EE480A08F1300827
:105C800013B1D7ED010A98474645F2D1BCEEC88A58
:105C90002878272818EE103AA4F82E3101F0328027
:105CA000BAF81230A9464B4F06EE903ADFF864E19D
:105CB000DFF864C10123F8EEE66A3E467146464CC1
:105CC0006246DFF85881DFED454A9FED455ADFED2A
:105CD000455AF6EC017AB4EC017A77EEE67AF4EE06
:105CE000C77AF1EE10FA00F39E84B1EE476AF4EE43
:105CF000C67AF1EE10FA48BF77EE877A032B00F0F0
:105D00004084C7FEE47AC7FE857A27EEA57A072885
:105D1000C1ED007A82ED007A00F04284042B00F09D
:105D20004884013304310432D3E701222E4B9142DF
:105D30001A7040F01D812D4C9FED217A637807EE9B
:105D4000903A2B4BF8EEE77A1B7813F0010F294BB2
:105D500067EE877A0693BCEEE78A40F0C88218EEB9
:105D6000103A0299244A0B44DFF8B4B013600920BA
:105D7000F2F7CEF9002800F06D811D4B1B78DD078E
:105D800000F168811D4B0193DFF898A000234FF4C8
:105D90000071DAF8002015919A42CDE9133378DDCD
:105DA0009846174B174C9FED188A9946CDF81CB0B2
:105DB00043E000BF5C8C01204C46002004730020AF
:105DC00000247449CDCCCC3D402100209C200020F3
:105DD00084280020DC7D01203C4600200000FA439E
:105DE0000000FAC36F12033B6C250020A0A701201E
:105DF000887801208A780120B0A70120BC77012093
:105E000054A70120A49401208096984AC836012006
:105E1000B8210020E8240020C02000209C20002081
:105E2000E4BB012038A701201D2940F2DD8108F1E3
:105E30000108DAF80030984529DA19F801BB15A8ED
:105E40000BEB4B0614F81610374604EB460603918D
:105E50000AF020FD4FEA4B0303997D003746059376
:105E60000028E1D0C5480AF015FD03990346002833
:105E700000F0E88114A808F101080AF0EBFC317881
:105E800013A80AF0F7FCDAF800309845D5DBDDF806
:105E90001CB0BB4F3B68002B21DDBA4E0025BA4C2D
:105EA00016F8018B14A8013508EB480308EB4808E5
:105EB00004EB4303597903910AF0ECFC8146039902
:105EC00013A80AF0E7FC89EA000313AA14A9DBB2BD
:105ED00004EB4800F2F7EEF83B689D42E0DBAB4A8A
:105EE000DDE9133112784B40A44913930B60002A6B
:105EF00000F06384019B1B689F0700F12682069BCC
:105F0000A34A1B881178C3F3C003994202D0002131
:105F1000137011820820F2F7FBF8002800F00882C5
:105F20009C4B1B68580500F1498502239A4A9B4DFA
:105F300013709B4B1B78002B00F0B1812B78462B04
:105F400008D10499974A0BEB8103D3F86C329B116B
:105F500042F82130904B1B780BEB8303D3F86C0293
:105F6000801116F051FA19B0BDEC048BBDE8F08F2A
:105F70008D4C2378002B40F0AC818C4B1A78002A92
:105F800000F0B3818A4A002114781970894B1B688C
:105F9000002C40F00F82029A9A4240F25B85864FB5
:105FA0003B78002B01F05082844EDFF838B2B046C7
:105FB000DFF818A2794D9FED829A30E0B5EE400AE5
:105FC000F1EE10FA15D0BBF8003007EE103ABBF82E
:105FD0000230B8EE477A07EE903AF8EE677A30EE84
:105FE000470A37EEC77A60EE097A87EE870A30EE05
:105FF000090A744B4FEA840903EB840383ED000A1A
:106000002B78292B04D113F013FD664B43F80900BC
:1060100001343B780BF1040B9C4280F26385072C22
:10602000DAF82830D4BF1AF804905FFA84F9002B0C
:1060300040F0FD824946B36840469847042CBDDDD8
:10604000604B072C4FEA840903EB840383ED000ABD
:10605000DEDCD5E75C4B1D785C4900235C4A888A0E
:10606000C98A06EE900A02F1100007EE101AF8EE47
:10607000E66AB8EEC77AF2EC017A9B08F4EEE67AAB
:1060800063F07F01F1EE10FAF4EEC77AC8BFCBB22D
:10609000F1EE10FA48BF43F040039042EBD19BF879
:1060A0005D229A4200F0B5870022ABF85E228BF8A1
:1060B00060228BF85D32002D00F0D2845F2B01F05E
:1060C0003C816F2B01F01281424B00221A60424B3F
:1060D0001B78DA073FF556AE9BF86032002B7FF451
:1060E00051AEBBF95E32322B7FF74CAE3B4B0122F7
:1060F0001B788BF86022934201F0BE811920F2F7E1
:1061000007F800287FF43EAE354B1B78002B3FF498
:1061100039AE9BF85D32572B01F00A825D2B01F0FE
:10612000F4815E2B01F0EA815B2B01F0F481562BA8
:1061300001F07B82972B01F08782A72B01F07E82F2
:10614000069A128802F00602002A41F02082B73B2C
:10615000072B3FF617AE01A252F823F08F70030809
:10616000855D0308855D0308855D0308817003086C
:10617000855D030873700308657003086486012059
:106180003CA7012040A70120A4940120F03C01205D
:10619000C04400204C3901205C8C01209C20002050
:1061A00070250020A02000205E8C01205D8C012045
:1061B0005894012054940120D0950120A436012048
:1061C00000007A440C94012074A70120C8360120F5
:1061D000DC7D0120ACA7012088780120CC1D0120A6
:1061E00075A701206439012002356357254413F156
:1061F0007D0F05DB95F901207D2AD8BF934206DB90
:106200000346384613AA14A9F1F754FF0FE6727833
:106210000525BA4940F2DB5C15FB03C301EB8202A2
:10622000D2ED057AFCEEE77A17EE902A92B293420D
:10623000E6DA96F9030015FB00C08242CCBF0020CD
:106240000120DDE702356057254410F17D0F06DBA4
:1062500095F901507D2DD8BFA842C0F27581A8489C
:1062600003930AF017FB039B0028CAD10393FFF79F
:106270006FFC07EE900AF8EE677AF4EEC87AF1EE5A
:1062800010FA3FF5D4AD039B002B7FF4D0AD059BF6
:106290009B485B4414F813100AF0ECFAC7E5FFF7CB
:1062A00057FC029BC3F10104044416F0A5F8049ABC
:1062B0000BEB82039200D3F86C32B0EBA31F01D03A
:1062C0008301981184425A443BDDA401C2F86C4218
:1062D00034E68C4E3369304698478B4B80F0010092
:1062E0001A782070002A7FF44DAE884D95E11B8806
:1062F0005E063FF534ADF1F72FFF854B06461D785E
:10630000002D00F0FD86002841F0668018EE103A5E
:106310002BB1804B029A1B689A4201F2D480102064
:10632000DFF820B2FAF782FD01238BF85C321EE51C
:10633000794A13785C077FF5F3AD23F004031370FB
:10634000EEE5013BC2F86C32F8E5734B1B78DE07D3
:106350000DD50620F1F7DCFE002840F073866F4B68
:10636000DB7823B16E4BDB79022B00F06B8640208B
:10637000FAF7CEFE684B1B78DD0705D50520F1F74F
:10638000C7FE002840F0FA872020FAF7C1FE01205E
:10639000F1F7BEFE002800F046830220FAF7C8FE9F
:1063A0000420FAF7B5FE0820FAF7B2FEA7E59FED44
:1063B0005D7A30E40299994240F24C83013C514E9F
:1063C000524D4E4FDFF87CB114707069002800F018
:1063D000278380470446FFF7BBFBDBF85432001BE2
:1063E000E31A00F01D83CBE994344F4C95F80080FC
:1063F000D4F84464029AB8F13E0FA2EB060603D12A
:106400004A4AC2E904369061864202DD002B18BF79
:106410001E46B4F84834B2B2029907EE906A632B74
:10642000A281B8EEE77AC4F8441400F28484D4ED73
:10643000006A013337EE667A9BB2A4F8483407EE5F
:10644000903A97ED000AF8EEE77A87EE278A38EE61
:10645000268A84ED008A13F0EBFAB4F84C3480B24B
:10646000834200F05184B4F85034032B40F2558439
:10647000D4F854340022A4F84C04A4F850249B0807
:106480002B490022B3F57A7FA8BF4FF47A730A2B09
:10649000B8BF0A2351F8040B01328342C0F06A8767
:1064A000042AF7D1B8F13E0F14D1224AFDEEC87A82
:1064B0001E4BB6B2127817EE901A9E6007EE902A25
:1064C000DA611960F8EEE77A27EE888ABDEEC88AAD
:1064D00083ED018A184B1978022900F0C18604293E
:1064E00000F0DF86012900F0EA86144B029A9A42F6
:1064F00000F233840123124A13701AE5DC7D012077
:1065000048BE0120A43601205D8C01209C20002083
:1065100074A70120B0A7012088780120307E0120D7
:1065200068A701200000000004730020A0200020C4
:106530005C7700204C460020848E0120404B4C00AC
:106540005C8C0120E4BB0120A74A4FF0050E757852
:1065500040F2DB5C1EFB00C002EB8505D5ED057A41
:10656000FCEEE77A17EE902A95B2A842BFF677AE16
:1065700096F903301EFB03C39D42CCBF00230123C9
:106580006DE6F1EE677A0728C7FEE47AC7FE857AE2
:1065900027EEA57AC1ED007A82ED007A7FF4C1ABD7
:1065A000FDEEE77A042B17EE905A48F823507FF45B
:1065B000B8ABBAF814300728D7ED046A4D4607EE99
:1065C000903ABAF81630DFED895AF8EE677A07EE9E
:1065D000103A9FED875AB8EE477A9FED866A76EEBD
:1065E000E76A37EE677A66EEA56AC6EE877AC7FE77
:1065F000E57AC7FE857A27EE867ACEED047A8CEDB1
:10660000047A04D1FDEEE77A7B4BC3ED047AF1F70F
:10661000C3FF7A4B1B78DA0740D50023784ADFF8AE
:1066200000B2137085E477EEC77AFFF767BB49467F
:10663000B368404698470122DAF82830182002FA59
:1066400009F27049F0EE408A31F8191002EA0309A4
:1066500008EE101AF1F75CFDB9F1000F00D030B967
:10666000BCEEE80A10EE103A9BB208EE103AB8EE13
:10667000480AE3E4F8EEE77A5F4ABDEEC87AB4EE82
:10668000678A82ED067AF1EE10FA7FF4EDAAFDEE4C
:10669000E88A2720C2ED078AFFF702BBD7ED007A10
:1066A0000DF15502584917ACFDEEE77A57480E46F2
:1066B00017EE903AB3F5FA6FA8BF4FF4FA63B3F54B
:1066C0007A7FB8BF4FF47A73A3F57A73C3EBC31321
:1066D0005B00A1FB03139B097F3B8DF8543025E041
:1066E00010F8011B013207EB8103D3ED007AFDEEB8
:1066F000E77A17EE903AB3F5FA6FA8BF4FF4FA6352
:10670000B3F57A7FB8BF4FF47A730129A3F57A7392
:10671000C3EBC3134FEA4303A6FB03C34FEA931330
:10672000A3F17F0308BF5B4202F8013C9442D7D13A
:1067300000213748082301240A4601E010F8013BF4
:1067400007EB830604FA02F30132D6ED007A41EA40
:106750000306FDEEE77A17EE903AB3F5FA6FA8BF9D
:106760004FF4FA63B3F57A7FB8BF4FF47A73A3F5A9
:106770007A73C3EBC3135B00B3F5FA3FA8BF71B2E2
:10678000082ADBD123488DF85C1090F87432D0F8D9
:106790009812032B7FF441AF00293FF43EAF0B7BEF
:1067A000002B7FF43AAF0124092315AA0C7383212F
:1067B000D0F8A802DCF74AF82FE70920F1F7A8FC87
:1067C00020B10E4B1B78DE0740F16884124B1B781A
:1067D000002B00F0BC840023104CDFF8489003939A
:1067E000CDF81CB033E000BFDC7D012000007A440E
:1067F000000000006F12833AA0200020887801205A
:106800005C8C0120608C0120D34D62100DED0408DA
:1068100015ED0408841A0120257E012034B20120E0
:10682000E4BB0120A4B7012094F9023013F17D0FDD
:1068300006DB94F903107D2902DC8B42C0F28D84C3
:1068400010349B4B09F11009A34200F06A8462786E
:10685000FF2AE9D1974BD3F800B0D9F80030ABEB61
:106860000303002BECDB944A2379257802EB8303A6
:10687000D9F8087093ED058AB0EE480A13F0D8F8FD
:10688000A67B002E00F08284D9F80C30C31A002BAE
:10689000B8BF5B42022B00F3AB84D9F80430ABEBFA
:1068A0000303002BCCDB94F9053013F17D0F06DBDD
:1068B00094F906107D2902DC8B42C0F2B48494F96D
:1068C000073013F17D0FBBDB94F908107D29B7DC8D
:1068D0008B42B5DABCEEC88A052040F2DB5C10FBC7
:1068E00003C318EE102A92B29342A9DA10FB01C139
:1068F0008A42A5DC2846F1F777FCB4F90C803044D5
:10690000B4F90A606D4B05EB45024FEA450A03EB0B
:106910008202B2F90630B2F90820834203DC8242D7
:106920001346A8BF0346B34203DB4345A8BF434613
:106930001E46B74284D06B1E3C2B00F21D82DFE85E
:1069400013F0640360035C035803540350034C03C7
:106950004803440340033C033803340330032C034F
:106960002803240320031C03180314031B020F0332
:106970000A0305030003FB02F6021B02F102EC020C
:10698000E702E202DD02D802D302CE02C902C4024B
:10699000BF02BA02B502B202AF02AA02A5021B02EE
:1069A0001502A1029D029902950290028B028602B5
:1069B00081027C02770243023E0239020F20F1F786
:1069C00045FBD0B93E4B1B78D9071BD59BF86832E5
:1069D000002B7FF4AAAA3B4C04F5287594F8DA3012
:1069E000002B40F0DB84E034A542F7D1E1F7EEFC68
:1069F00001238BF86832FFF798BA0F20F1F788FB74
:106A00000028E3D19BF86832002B3FF48EAAE1F70F
:106A1000DDFCF2F74FFC00238BF86832FFF785BAF4
:106A2000DBF85032E1E40220F1F772FB002840F07D
:106A30000E830320F1F76CFB002800F0A4840220F1
:106A4000FAF766FB0420FAF763FB0820FAF770FBFD
:106A5000FFF755BA1C4E1D4D174FDFF884B0B4E454
:106A60002846F1F755FB002840F02C83184B194AB3
:106A70001D60134B15601B78D8077FF52DAB164BA7
:106A80001B78002B3FF47EA9144BDB78002B7FF49E
:106A900079A99BF861320133DBB2032B8BF86132A9
:106AA0007FF670A90420F1F70DFDFFF710BB00BFC2
:106AB00034B40120301D0120DC7D012048CB0408C6
:106AC00088780120E0390120A43601209C20002094
:106AD000ACA70120B4A70120257E0120307E012033
:106AE000E4BB012007200393F1F712FBB94ABA4B2C
:106AF000117880F0010211931B680A4001900893FD
:106B0000B64B1A70039B002B00F0AD84B4494FF0D4
:106B10000009B44F0D91097808980C460E9100F5C4
:106B20009670DFF8FCE2A7FB0417DFF8F8C20690C6
:106B300007F0FE013078BEF8008001EB5701AA4F44
:106B4000013807EE908A611ABAF812E09CF800C08A
:106B5000F8EE679AC9B2DFF8D0820CF0010407EEB4
:106B600090EA0B91A8F5F67BF978B8EE679A9F4FFB
:106B70000A91C1B2BAF8180007944C46039099469E
:106B8000BAF81A000F950C90CDF824B0BB462878BF
:106B90000D461096DFF894A2DFED958A9FED958A59
:106BA000079E0590944BA70003EB840090ED000A2C
:106BB00062B3FCEEC07A17EE903A9AB2039B9A4207
:106BC00024D30C9B9A4221D8069B4AF80730002E0A
:106BD00068D1019B53BB012D80FE680A80FE080A24
:106BE00031D90BEB070282ED000A072C06DC059B6E
:106BF0002A2B03D112F01CFF804BD851013408F12D
:106C000006084C4562D0754B1A78CBE7002E4FD161
:106C1000019B5BB95AF80720089B9A1A002A50DB9F
:106C2000042C03DC6D4B4FF000021A70E0B2EBF75E
:106C3000A9FB07EE900A012DB8EE670A80FE680AEC
:106C400080FE080ACDD8FCEEC07A099B0B9993F818
:106C50003402CDED077ABDF81C2028F8112030B998
:106C60000E99022915D94FF0010283F83422B8F8A1
:106C70000220B8F800C0B8F804006244604B024437
:106C800010B283FB00325F4BA2EBE07223F81400DA
:106C900092B207EE902A0BEB0702F8EE677AC2ED8C
:106CA000007AA2E70A9B002B93D0042C93DDBDE76A
:106CB0000A9B002BACD0042CB8DC042C09FE890AFA
:106CC00089E70BEB070292ED000A84E7434B5F462E
:106CD0000F9D1A78DDF824B0109E002A40F0F8814C
:106CE000F1F794F82B78282B06D1D7ED047A434B93
:106CF000FDEEE77AC3ED037A0D9A13780133137032
:106D0000FFF763BB3D4AC2E4B4F85024D4F85434CE
:106D10000132A4F85024FFF7B2BB04EB8301D4F88E
:106D20005434D1F8582401330132C4F85434C1F832
:106D30005824FFF79FBBA2F2B7324FF6302192B230
:106D40008A4204D8234A1278002A40F0A783D4ED5F
:106D5000006A9FED2D7AFFF772BB234B9A78002AC9
:106D60007FF4C8AB01229A70FFF7C4BB731EDBB27D
:106D7000032B01D8254AD37031462846F1F702FA91
:106D8000234B1B78002B40F03B8201205544FAF73F
:106D9000A3F9204A0BF5FA71039802EB85051E4B07
:106DA000C9F8001001222979C9F8086008431A704F
:106DB000039045E5194B1B68A3F87060DCE7174B9F
:106DC0001B68A3F86E60D7E7144B1B68A3F86C60D0
:106DD000D2E700BF257E0120301D012074860120EE
:106DE00059940120ABAAAAAA307E0120DC7D0120A3
:106DF00000A00C4500803B440C940120A020002002
:106E0000565555551CBE012000000000B47B0120E2
:106E1000F085012048CB040880A70120087B0120D1
:106E200068A7012088780120D0BD01205C94012052
:106E30009E4B1B6883F83E609EE79C4B1B6883F863
:106E40003B6099E7994B1B6883F83C6094E7974B4C
:106E50001B6883F839608FE7944B1B6883F83D60AB
:106E60008AE7924B1B6883F83A6085E78F4B1B6873
:106E70001E8581E78D4B1B68DE847DE78B4B1B688D
:106E80009E8479E7894B1B685E8475E7701EC0B2EB
:106E900004F02EFC70E7701EC0B2F1F747F86BE704
:106EA000834BDE8068E7824B9E7065E77F4B1B68F3
:106EB00083F8836060E77D4B1B6883F882605BE743
:106EC0007A4B1B6883F87F6056E7784B1B6883F822
:106ED0007E6051E7754B1B6883F87D604CE7734B10
:106EE0001B6883F87C6047E7704B1B6883F87B6006
:106EF00042E76E4B1B6883F87A603DE76B4B1B687B
:106F000083F8586038E7694B1B6883F8546033E7AF
:106F1000664B1B6883F852602EE7644B1B68A3F82E
:106F2000686029E7614B1B68A3F8666024E75F4B44
:106F30001B68A3F850601FE75C4B1B68A3F84C600C
:106F40001AE75A4B1B68A3F84A6015E7574B1B68B2
:106F5000A3F8486010E7554B1B68A3F846600BE7A1
:106F6000524B1B68A3F8446006E7504B1B681E8415
:106F700002E74E4B1B68DE83FEE64C4B1B689E838C
:106F8000FAE64A4B1B685E83F6E6484B1B681E8296
:106F9000F2E6464B1B68DE81EEE6444B1B689E81A1
:106FA000EAE6424B1B685E81E6E6404B1B681E83A7
:106FB000E2E63E4B1B68DE82DEE63C4B1B689E82AF
:106FC000DAE63A4B1B685E82D6E63A4B1B681E74C3
:106FD000D2E6384B1B689E73CEE6364B1B68DE73D9
:106FE000CAE6344B1B681E73C6E6324B1B689E72A2
:106FF000C2E6304B1B68DE72BEE62E4B1B681E7568
:10700000BAE62C4B1B689E74B6E62A4B1B68DE74EE
:10701000B2E6294947F6FF70284A0968BBF95E6263
:10702000896882FB012CC917A1EBAC174FEAAC129F
:10703000384486423FF73DA8521A3244ABF85E22EC
:10704000FFF737B84020FAF773F8FFF793B902203B
:10705000FAF75EF80420FAF76BF80820FAF758F808
:10706000FEF74DBF164B02200193F0F75FFFFEF7CE
:107070008BBE134B03200193F0F758FFFEF784BE3D
:107080000F4B00200193F0F751FFFEF77DBE0C4B34
:1070900001200193F0F74AFFFEF776BE019B1B68C3
:1070A0009B073FF564A9FEF72ABF00BF087B0120BC
:1070B0003C8D01206825002070220020D34D6210F5
:1070C000BC7701208BF86152F1F73CFCFEF7FFBF63
:1070D0000420CC4CFAF73CF8119B22691B68E36052
:1070E000002A00F087819B1AA26893427FF7FAADCD
:1070F00001234FF4004084F82530FAF729F8F1E530
:1071000000283FF40CA9DFF83CB39BF85C32002B5D
:107110003EF4A2AFF9F770FE00238BF85C32FEF765
:1071200026BE039BDDF81CB0DD0700F15281039BF6
:107130009C0700F14981039B580700F13981039BAB
:107140001A46120700F13C81002B7EF4D3AE0021D9
:107150000846F1F717F8FEF7CDBEAB4840F2DB5515
:1071600000EB82020520D2ED057A10FB0353FCEE02
:10717000E77A17EE902A92B29342BFF661AB10FB0A
:1071800001518A423FF75CABFFF764BB94F90610EC
:1071900040F2DC5294F905A0B4F90C80A1EB0A0C82
:1071A000B4F90A600CEB8C0CA8EB06039CFBF3FE15
:1071B0000593BEF1000F4FF00503B8BF0EF1010EAD
:1071C00013FB012113FB0A2201EB6E01A2EB6E02FD
:1071D00088420ADA904208DD801A059B03FB00F31F
:1071E00093FBFCF03044FFF78DBB3846FFF78ABBBA
:1071F0000BF16403C9F80C00C9F80430FFF720BB99
:10720000824B1B780A3B012B3FF6BFAD4520E4F7CC
:1072100069F90D20E4F766F92846E4F763F930468A
:10722000E4F788FBB1E5FCEEC87A052040F2DB5CB0
:10723000CDED057A10FB03C3BDF814209342BFF6D1
:107240003EAB10FB01C18A423FF739AB2846F0F74D
:10725000CBFFB4F90C80801BB4F90A60FFF752BB76
:107260006B4B6C49DA7B07EB82076B4A57ED017A6F
:10727000FDEEE77A17EE903A1BB2B3F5FA6FA8BFAE
:107280004FF4FA63B3F57A7FB8BF4FF47A73A3F57E
:107290007A73C3EB8323A1FB03139B091380FFF7CE
:1072A00024B9FEF755FC5D4A5D4B1268801A98427E
:1072B0007FF71BA9584B00221A80FFF716B9DBF89D
:1072C0005832029CE31A002BFFF60FA9554844F6EA
:1072D0002063554A407C234432F81000CBF85832E2
:1072E000C0F38D00EAF780FAFFF7FFB81920F0F736
:1072F0000FFF00287EF4E8AEBBF95E32B3F5FA7FEB
:10730000FEF640AD9BF86032002B7EF43BAD474A61
:10731000012112788BF86012D10700F10381F1F797
:1073200011FB434B1B68002B00F025810023414AD1
:107330008BF860320192FEF727BDBBF95E32B3F5E0
:10734000FA7FFEF61FAD9BF86032002B7EF41AAD7B
:10735000364A0120364912788BF8600212EA00049E
:107360000B6000F0B980334B03200193F1F7AAF8CA
:10737000FEF70ABD304B1A70FFF794B82020F9F7DA
:10738000D7FEFFF704B80220F9F7C2FE0420F9F790
:10739000BFFE0820F9F7BCFEFEF7B1BD2068F9F783
:1073A000C4FBE0220021204614F04CFEFFF71BBB7B
:1073B000224B1868ECF748FB039B19077EF59AAD42
:1073C000EDF71AFFFEF796BD1C4B1868EDF7C0FCF1
:1073D000B1E6F0F769FDAAE6029A18EE103ADFF876
:1073E00064B0134416499BF85C220B60002A3EF4FB
:1073F00033AE8FE64FF400402361F9F7B1FED4E9D4
:10740000033270E6307E0120DC7D012058860120A9
:10741000C8360120D34D6210868E0120A8B9012004
:1074200060E3160000270120A001002088780120D9
:10743000ACA70120BC7701204C460020087B01202E
:10744000B0A70120E4BB0120884C0720884E11948E
:10745000F0F75EFE874A80F00100874B12782168C2
:107460000240864D1A70864B864FDFF854B20D935A
:10747000002A3FF435AC2BE6834B93F874329342E9
:107480003EF43CAE814B1B78032B3EF47BAC804B2F
:107490005B7A002B7EF432AEFEF774BCF6EE087A0F
:1074A000D4ED006A66EEA77AB4EEE77AF1EE10FA50
:1074B00020D4F7EE047A66EEA77A87FEC77A37EE15
:1074C000667AFEF7BCBFDFF8F8B10220F0F7FAFFEA
:1074D0008BF85C62FEF74BBC6E4B0F200193F9F703
:1074E000A5FCBBF85E328BF86042FA3BABF85E322B
:1074F000FEF74ABC37EEE67AFEF7A1BF654B0220E5
:10750000019304F0F5F8FEF73FBC04F0F1F8614B8D
:107510000193FEF739BC5F4B0120019304F0E8F8BA
:10752000FEF732BC5C4A5B4913600191FEF72CBC4C
:107530005A4942F210735A4A088B916803FB00F3D0
:107540005848B3FBF1F30168C2F8D431C2F8703384
:107550000B0670D44F4B01931B685F077EF514AC8C
:10756000514B1420514A0021188011800022504BA9
:107570001A60FEF709BC4F4B1B68B3F5805F7EF4C1
:1075800001AC2378002B7FF4D1AEFEF7FBBB0024C7
:107590009BF8622215941AB103F0C002802A5CD1D4
:1075A000B73B072B3EF6EEAB01A252F823F000BF2B
:1075B00021760308855D0308855D0308855D030862
:1075C00019760308855D03080F760308D175030853
:1075D0000123ADF85430384B0120BDF8544099894F
:1075E000DA892144BDF856408BF862022244998121
:1075F0002849DA810191F9F76FFDBBF85E3200226C
:10760000FA3B8BF86022ABF85E32FEF7BDBB4FF65B
:10761000FF73ADF85430DEE70123ADF85630DAE7FA
:107620004FF6FF73ADF85630D5E709F0F7F89BF841
:107630005D32FEF77FBDE3F75BFA8BE7E8F75EFCB0
:10764000144B0193FEF7A0BB1C4B4FF4C8721149B9
:10765000A3F8A8200191FEF797BB09F0DFF80D4BC6
:107660008BF862420193FEF78FBB00BF301D0120F3
:10767000A4360120257E0120748601209C20002054
:1076800059940120DC7D0120841A01202D7E0120E7
:107690005C780120BC770120B4A70120FC8D01207B
:1076A0008C0200204C39012004A50120F0AF0120FC
:1076B000F4AF0120007B0120C039012014440020D8
:1076C000E4BB012038B505460C46FEF741FA2B7B9A
:1076D00093B90A4A20441368144623B907E003F11A
:1076E00008049B681BB15A68121A002AF7DB0122B2
:1076F000C5E901032A73256038BD00BFE4BB012042
:1077000038B50546FEF724FA0446FEF721FA031BB6
:10771000AB42FAD338BD00BF10B5441E013C4FF454
:107720007A70FFF7EDFF631CF8D110BD30B4EFF3B2
:107730001183102282F312880A4C00250A49DBB219
:1077400022680A48013222608A68C0F8E821C0F83D
:10775000E4510A6883F31188054A1368013330BC89
:1077600013607047301D012010E000E0E4BB0120F1
:10777000802601200368DB6A03B11847704700BF09
:1077800003689B6A03B11847704700BF03689B6991
:10779000184700BF03685B69184700BF0368DB68D0
:1077A000184700BF03689B68184700BF03685B6801
:1077B000184700BF03682DE9F0415F6A1FB13B46DF
:1077C000BDE8F0411847002A164611DD04460D4673
:1077D0000E4400E023689B68204698470028F9D0B3
:1077E0002368204615F8011B1B689847AE42F1D16B
:1077F000BDE8F081DEE700BF03681B68184700BFE3
:1078000038B50C4614F8011B41B105462B682846D3
:107810001B68984714F8011B0029F7D138BD00BF39
:1078200010B5084C236893F8252012B15B6898477F
:1078300000B910BD044A01212368126883F826109C
:107840009A6210BD280A0020301D012010B5054C99
:1078500023689B6898472368002283F826209A6251
:1078600010BD00BF280A002010B5084C2368DB6853
:1078700098472368002240F2DC50BDE8104083F8AE
:1078800026209A6283F825203AE700BF280A0020C4
:1078900038B505460C46F9F705F930B3204603F034
:1078A000C5FE70B9204604F08DFD00F54373044613
:1078B000B3F5C36F08D928460E49BDE8384004F037
:1078C000FFBF0D4BB3F900400C4803F0F1FE0C482C
:1078D00003F0DEFE03F003FF0A4B1868F9F71AF90C
:1078E000FFF7C2FF20460FF09DFE0748BDE8384075
:1078F00003F0DEBEA46B0508DC390120BC6B050873
:10790000DC6B0508F43C0120E86B0508054B53F8D7
:10791000203033B11A689B8851690B4218BF1B0491
:10792000936170474C37012038B50409013C052CA0
:1079300019D80F4D00F00F0305EB440232F8601C1C
:1079400041FA03F212F001020FD001202C449840BA
:107950000138084011F056FE14F8543C054A18440A
:1079600002EBC00038BD002038BD104638BD00BF56
:107970007CED04085CBE0120F0B410494FF6FF74A2
:107980000F4F01250F4EDFF840C0002344FA03F2E9
:1079900005FA03F0013312F0010F03D00E60083135
:1079A00021F8040C102BF1D106F58066664502D053
:1079B00037F8024FE9E7F0BC704700BF5CBE01201A
:1079C0001CED0408000002400018024008B1FDF759
:1079D00055B8704770B5392086B0FFF7A5FF05464A
:1079E00010B140F23D23C380124C4FF400700221CD
:1079F0000026236B032243F004032363236B0190CF
:107A000003F0040302910C4801A90093009B049227
:107A100003960596DCF7C8F9A368324628460E217E
:107A200023F0784343F0E043A360FFF7CFFF06B0B5
:107A300070BD00BF0038024000080240F8B50B4F8F
:107A400097F8243083B10A4C0025A6680135A0348C
:107A50003079FFF769FF14F88C1C727AFFF7B6FFD4
:107A600097F82430AB42F0DC0120F8BDBC090020BF
:107A7000581A002010B10022FDF700B8704700BF6F
:107A800038B5094C04F5407502E00834AC4209D021
:107A9000A379002BF9D1204608342021FFF7EAFF13
:107AA000AC42F5D138BD00BF5CBE01202DE9F041EC
:107AB000104D01244FF0510852272E1D15F8010BCF
:107AC000FFF732FF202120B180F80680C471FFF754
:107AD000D1FF16F8010BFFF727FF402118B187717E
:107AE000C471FFF7C7FF0134E4B2052CE6D1BDE84D
:107AF000F08100BF5CC1012018B1838802681B04BB
:107B00009361704770B5056804462B6A1B6943B1E1
:107B10002B6AD0F894001B699847012823D00228CB
:107B20001ED02B6ADA694AB95869002834D099699D
:107B300029625A61BDE8704010F0AABB296A14336B
:107B400095F824200E7B2B62F6B2C2B906BB204604
:107B500010F094FA20460121BDE8704010F016BBE9
:107B600000232B6270BD2B6A01462046143B2B621A
:107B700010F00CFB2B6ADA69002ADFD1D4E7002170
:107B8000204610F003FB002385F82430002EDED0C1
:107B9000A068FFF7B1FFDAE7286270BD10B1036893
:107BA00082889A61704700BF38B58469002C39D04B
:107BB00025682B6A1B7B53BB204610F003FA2B6A07
:107BC0005B6803B32B6A5A682B6A22F01F0259685C
:107BD0002B6A01F01F019B681F33194421F01F011C
:107BE000BFF34F8F00290ADD114402F120030E4834
:107BF0008B42C0F85C221A4603F12003F8D1BFF390
:107C00004F8FBFF36F8F2046BDE838407AE7A068FA
:107C1000FFF7C4FF204610F0D5F92B6A5B68002BF4
:107C2000D0D1F0E738BD00BF00ED00E038B5846981
:107C300004B938BD2568204610F0C4F92B6A1B7BB7
:107C40001BB92046BDE838405CE7A068FFF7A6FFF7
:107C50002046BDE8384055E718B10268838809B16D
:107C6000936170471B04FBE7114B01461B882BB93E
:107C7000104B114A1B78106893B1EDE70F4B5A690E
:107C80008AB188B10E4801210E4A10B404881868E0
:107C9000B2FBF4F20A415DF8044B0260597470477C
:107CA00081F00101D8E770471A6810605874704776
:107CB0005E370120643701206037012068370120DA
:107CC0008037012040420F0038B5074B03EBC0045A
:107CD0002579627969408A4200D138BD53F8300075
:107CE000FFF7BAFF617138BD0837012001230A4A46
:107CF000834010B4094C127854F82000134029B185
:107D0000191E5DF8044B18BF0121A5E7B3FA83F1F2
:107D10005DF8044B49099FE7443701204C370120A7
:107D200008B501210020FFF7E1FF01210846FFF718
:107D3000DDFF01210220FFF7D9FF114B1B7803F073
:107D40000503052B18D000210846FFF7CFFF0021BF
:107D50000120FFF7CBFF00210220FFF7C7FF3220F1
:107D6000FFF7DAFC0020FFF7D1FD0120FFF7CEFD81
:107D70000220FFF7CBFDF2E7ECF792F8E3E700BF54
:107D80005CAD012008B501210220FFF7AFFF0F4BCA
:107D90001B7803F00503052B15D000210120FFF708
:107DA000A5FF00210846FFF7A1FF4FF4FA70FFF787
:107DB000B3FC0220FFF7AAFD3220FFF7ADFC022042
:107DC000FFF7A4FDF1E7ECF76BF8E6E75CAD012007
:107DD00070B50E46012104460846FFF787FF0021D3
:107DE0000846FFF783FF44B3651E013EEDB2012054
:107DF0003446FFF78BFD0020FFF788FD0120FFF7D9
:107E000033FF013C4FF47A70FFF77AFC621CF8D123
:107E100001203446FFF77AFD0020FFF777FD0020B0
:107E2000FFF722FF013C4FF47A70FFF769FC631CF7
:107E3000F8D1013DEDB2FF2DD9D170BD013070B543
:107E40004D1EC6B2322105204FF4FA74FFF7C0FF71
:107E50004FF47A70FFF754FC013CF9D1FA21304617
:107E60004FF47A74FFF7B4FF4FF47A70FFF748FCD1
:107E7000013CF9D1013DE5D270BD00BF0A2108B532
:107E8000FFF7DCFFD7F73EFB30B1036882881B6940
:107E90001A4214BF01200020704700BF28B180881B
:107EA000B0FA80F0C0F11F0070474FF0FF3070470C
:107EB0004FF47C40FCF75ABD4FF47870FCF756BD88
:107EC0001020FCF753BD00BF0820FCF74FBD00BFDA
:107ED0000420FCF74BBD00BF0220FCF747BD00BFEC
:107EE0000120FCF743BD00BF60B182884FF0004322
:107EF000B2FA82F2D34005D0034A116821EA0301A5
:107F000011605361704700BF003C014058B1838845
:107F10004FF00042B3FA83F332FA03F303D002497D
:107F20000A6813430B607047003C0140F0B4561CD4
:107F3000104F114D002306EB46063C46B60004E008
:107F40000133172B13D054F82C5FA842F8D12579B0
:107F50008D42F5D1A559002DF2D02C210C2001FB2A
:107F600003F3083310FB0233F818F0BC704700200D
:107F7000F0BC704730ED0408000001402DE9F041ED
:107F8000154686B0884619466A1CBDF830600D9FBC
:107F900026D0030900F00F04184A30464033CDE9DB
:107FA00000450593B847C0B1EAB2D8F8000098F888
:107FB0000510022A11D82A46FFF7B8FF68B10288D7
:107FC00001783046059B0391C2F30321120B029105
:107FD0000021CDE900420A4AB84706B0BDE8F08169
:107FE0007306FAD4030900F00F00064ABC460C9051
:107FF0004033304606B0BDE8F0416047156C0508D7
:10800000276C0508506C0508144B154A0168F0B43C
:1080100003F5727403E0A3421BD053F82C2F914256
:10802000F9D11D7942799542F5D11D46D0F80CC0A1
:108030000022EF68674506D001320C35032AEAD0EA
:10804000EF686745F8D12E690769BE42F4D150B296
:1080500001E04FF0FF30F0BC704700BF30ED040886
:1080600000000140D8B1002370B406460D483579B0
:10807000041D01E0152B0FD003EB43020133A15C7B
:10808000A942F7D102447179306892F90620D3B23F
:10809000022B01D870BC49E7002070BC704700205B
:1080A000704700BFE4BB0120D3B2012B23D80823C3
:1080B000F0B4124F0C26002516FB02363C462B4628
:1080C00004E00133182B13D014F81C5FA842F8D138
:1080D00065788D42F5D1A559002DF2D0C3EBC303CD
:1080E0000C209B00043310FB0233F818F0BC7047DF
:1080F0000020F0BC70470020704700BF24F1040846
:108100002DE9FF471E46C368044689469246BDF8DE
:108110003070DDF834804BB3CBB20D2B24D81A4A23
:10812000D556BAF1FF3F23D023683146174A384667
:10813000CDE9005AC04752465FFA89F12079FFF72E
:10814000B3FF024600B10288D3B2314638460393EA
:10815000C2F30323120B02932368CDE900520C4AA9
:10816000C04704B0BDE8F0870025DAE74D1CD8E72A
:108170007B06F6D423683146064A3846C4460C9539
:1081800004B0BDE8F047604724560508646C050854
:10819000716C0508956C05082DE9F04F704D0A4685
:1081A0000021824605F1800B2DED028B8BB003F090
:1081B0008BFA814600266B4B93F85841AB7AB34259
:1081C00000F391801035AB45F4D140F2162008F051
:1081D00081FBD0E902530CB12C461D460DF1100B6A
:1081E000002715220021584613F02CFF2E78002E70
:1081F00041D069783046FBF765FE95F9023008EE0C
:10820000100A5A1C029353425341002C00F0A580DF
:10821000002214F802C0A018B44540F09A8090F9EA
:108220000280029A424540F0928042788A4208BF1A
:108230000123012203F001030BF807204A4683F0D3
:1082400001015046039303F03FFA039B81464CB172
:10825000454A18EE101A3046CDE900A24246FFF713
:108260008DFE039B414A18EE101A3046CDE900A25C
:10827000029AFFF783FE01370335152FB6D16CB391
:1082800004F13F06384FDFF8E4801BF8013B02930E
:108290000BBB2078F8B194F9022001321BD0617831
:1082A000FBF710FE05464A460121504603F00CFA42
:1082B00094F90220029B294681462078CDE900A747
:1082C000FFF75CFE2078029B4FF0FF322946CDE994
:1082D00000A8FFF753FE0334B442D6D10BB0BDEC77
:1082E000028BBDE8F08FE88808F0F4FAD0E90223A9
:1082F0000CB114461A462B7A697A06FB031312F95D
:1083000003800CB3E756B8454A4650460DBF0123DB
:10831000002301210021029303F0D6F9029B81463C
:1083200044B1114A31462846CDE900A23A46FFF74A
:10833000E7FE029B0D4A314628460136CDE900A2F0
:108340004246FFF7DDFE36E74FF0FF37DBE700235D
:108350006FE703323F2A7FF45CAF4FF0FF386DE7E1
:108360004C090120E4BB01201DE203084DE2030893
:10837000064A0023516801332432814203D0102B76
:10838000F8D100207047D8B2704700BFAC0101207F
:1083900010B4441E074B04EBC40403EB84031C7F9E
:1083A00024B919775A775DF8044B704700205DF8BF
:1083B000044B7047AC01012038B50C4605460078E7
:1083C000FFF7B2FA611C0446C9B210B14023C17173
:1083D000837120466978FFF74DFBAB7820461BB1CF
:1083E000BDE83840FFF7DABBBDE83840FFF784BB93
:1083F0000D4B2DE9F04105461F6800240B4EA742A6
:1084000001DCBDE8F08104EB4403F05C03EB0608FB
:10841000FFF78AFA854204D121464046BDE8F04183
:10842000CAE70134EBE700BFCC260120D0260120AB
:1084300070B40468EFF31186102383F31288036885
:108440001B6AE3B18B6805460A461BB1D369143237
:10845000002BFBD1236ACBB19C683CB9934209D075
:108460001C682CB15B689C68002CF7D01433F3E7D0
:10847000C3E90051F6B286F3118870BC7047F6B2BA
:10848000216286F3118870BC0FF002BF1D60FFDE11
:1084900003680246187B18B1586908B192F8880041
:1084A000704700BF2DE9F04F5F4F83B05F4D01264D
:1084B000B8462B78022B08D00136283508F105087C
:1084C000052EF6D103B0BDE8F08F98F90340621C89
:1084D00000F0A180E4B200945FFA86FB0BF1FF3953
:1084E0005FFA89F962B249460020FFF7DDFD824656
:1084F000002869D04068FFF73BFF5A461421074621
:10850000FFF746FF00285FD07A1EDAF808403846A9
:108510005142134602EBC20201F0070C444903F03A
:10852000070301EB820258BFCCF10003D4602A613B
:10853000137210F08DF998F90440631C6FD0E4B207
:10854000CDE9004562B249460120FFF7ADFD054681
:10855000002840D04068FFF70BFF5A46132182469F
:10856000FFF716FF002836D00AF1FF322B46019D97
:10857000504651429C68134602EBC20201F0070CC0
:108580002B4903F0070301EB820258BFCCF1000333
:10859000D4606A61137210F05BF9002F38D0BAF121
:1085A000000F1ED068690FF0DBFF28690FF0D8FFBD
:1085B00028460FF0FBFF002350461E491A4610F0D4
:1085C00021F901232B7377E70134009BE4B2A34226
:1085D00088D20027AFE70134009BE4B2A342B1D2B6
:1085E000019DAFB12423124A781E002403FB002012
:1085F000C5E904040FF0B4FF28460FF0D7FF234667
:1086000022460D49384610F0FDF801232B7353E73D
:10861000C5E9047750E70123002400935CE70123B8
:108620000024019500938DE75036012064C101209C
:10863000AC010120A97B03082D7C03080139032923
:108640002ED81C4A0346012030B401EB810402F508
:10865000B06583F8880002EBC40205EBC40492F80D
:1086600080551C60022D1DD0C9B2134CC1EB011105
:1086700054F83110C2F8841579B102254FF4807492
:1086800003F110014C3382F88055A2F88C45C2F8F2
:108690009815C2F89C3530BC7047002030BC70473C
:1086A0000020704792F88D35034430BC82F88D3538
:1086B000704700BFE4BB0120D8AD0120084B024643
:1086C00002201968B2EB910F4FEA910307D25B08C1
:1086D00040009A4280B202D2FF28F8D97047704712
:1086E0007C1E012070B592B00023012204460DF1DA
:1086F00007060DF10B058DF8071003A905920A92E4
:108700008DF82C208DF84020039604938DF81830B6
:1087100011930995CDE90733CDE90C33CDE90E333B
:10872000FFF786FE2268136A002BFCD19DF80B0030
:1087300012B070BD70B592B00024054609920DF1DB
:10874000070601228DF8071003A90A9305928DF8F8
:108750002C208DF840208DF818401194CDE9036449
:10876000CDE90744CDE90C44CDE90E44FFF760FEA6
:108770002A68136A002BFCD112B070BD10B50468D2
:10878000246A0CB1002010BD41F08001FFF7D2FF38
:10879000012010BD70B592B00023012405468DF86C
:1087A00006200DF107060DF106028DF8071003A94A
:1087B0000396089204938DF8183007930993119348
:1087C00005940A948DF82C408DF84040CDE90C3387
:1087D000CDE90E33FFF72CFE2A68136A002BFCD17B
:1087E00012B070BD08B503681B6A0BB1002008BD4C
:1087F000FFF7D0FF012008BD70B58AB00024054600
:10880000012600916946019202938DF80C608DF863
:1088100020600994CDE90444CDE90644FFF708FE41
:108820002A68136A002BFCD10AB070BD0268136A73
:10883000002BFCD1704700BF03681B78012B06D0CA
:10884000022B08D1044A1378013313707047034A8E
:108850001378013313707047A0B70120A1B701202E
:108860002DE9F04F066883B03578012D0CD0022D2C
:1088700005D141F0800103B0BDE8F04F7EE700264E
:10888000304603B0BDE8F08F044696F90400032893
:10889000D4BF00260126B0F1FF3F08BF46F0010615
:1088A000002EECD194461F4600EB40023C4B4FEAB1
:1088B000400E03EB4212D2F81480B8F1000FDFD063
:1088C00092F85590B9F1200FDAD1D8F8188018F441
:1088D0000048D5D192F85490B9F1010FD0D01FFAC9
:1088E00087FADFF8DCB0222794F80490DBF8004028
:1088F0004FF0400B82F855702A4F82F856B0C2F8FC
:108900005880A2F83EA01764D78F82F85450BDB2A9
:10891000254FC2F838C0FF2D97643CD8D78F4FF051
:108920000075BFB2864400944FEA49090A4603EB3A
:108930004E101923494604461430A787D1F7E6F8AC
:10894000F0B9626949EA05051849536894F83C6032
:108950000B4017492B43A56C43EA0643154E1943B8
:10896000B542516084F8540004D0134B9D4218BFA7
:108970004FF0F4081368012643EA080313607FE709
:108980000E4A0021B2F86A3184F8541001339BB2C8
:10899000A2F86A3174E7FF274FF08075C2E700BF85
:1089A0009C2C01200000FFFFC1480108009800FC3A
:1089B00000240080754601087D470108E4BB0120C2
:1089C000802601202DE9F04F0C46016887B091F810
:1089D00000E00392BEF1010F0DD0BEF1020F05D1F0
:1089E00044F0800107B0BDE8F04FC7E600273846E5
:1089F00007B0BDE8F08F91F90480B8F1030FD4BF40
:108A000000270127B8F1FF3F08BF47F00107002FFB
:108A1000ECD108EB4805B64A1E464FEA48036D0103
:108A2000049302EB050A1435DAF814301544002BD0
:108A3000DDD00379FF2C05939AF8553000F0B7800C
:108A4000202B40F0AC809AF85430012B00F0A78026
:108A5000A84872468AF854E01923D0F800B04FF4C1
:108A600000412846CDF800B0DBF720F9002840F09F
:108A70009680059B2220B6B24FF0400C4FEA430986
:108A8000039BCDF800B022468AF8550049468AF883
:108A900056C02846CAF838300A23CAF85870CAF8AF
:108AA0004870AAF83E60D1F731F8002840F07D8187
:108AB000BAF83E309BB2FF2B40F27A81DAF81410FC
:108AC000FF208D4A4B68AAF83C0013408B4A43EACA
:108AD00009031A434A60049B5E4643449846844B0C
:108AE00003EB481404E0E38F9BB2002B00F072818B
:108AF0000A230022042128460096DBF7D7F8002835
:108B00004DD16269A36B526A1A70E18FA38F01394C
:108B1000A26B013B89B201329BB2E187E18FA3874F
:108B200089B2A263002BDED10029DCD0024680216D
:108B30000A2328460096DBF7B9F8DFF8D0C14FF0DA
:108B4000FF0E614658BBE38F6D4A9BB2734540F2FE
:108B5000F0806169A4F83CE04B6803EA0C0343EA47
:108B600009031A434A60BEE79A69520702D5A28FE9
:108B7000002A7CD1049A20205D494244D861614C8E
:108B80009046002201EB4818596821405960C8F806
:108B9000582088F8542088F8550088F856205A4AFA
:108BA000B2F86A3101339BB2A2F86A311FE7202B79
:108BB000F5D19AF85430012BF1D0DFF838B1724674
:108BC0008AF854E01923DBF800904FF4004128465E
:108BD000CDF80090DBF76AF80028E0D1B3B210229C
:108BE00022210598CAF848708AF8551040008AF882
:108BF0005620CAF85870AAF83E30BAF83E30039AA8
:108C00009BB20590CAF83820FF2B40F2A280DAF818
:108C10001410394A4B68AAF83C401340374A0343C2
:108C20001A434A60049B03EB080A314B03EB4A14D6
:108C3000E38F9BB2002B00F09F80636911E09E6977
:108C4000F60604D5DAF7C2FF0028A8D1636999694E
:108C500011F0200188D1DBF80020A2EB09020A2ADA
:108C600034D89E694A460A2128467607E7D55A6ACB
:108C7000A36B1A70E28FA38F013AA16B013B92B2F2
:108C800001319BB2E287E28FA38792B2A163002AEF
:108C9000CED0002BCCD10A23002280212846CDF84B
:108CA0000090DBF703F800287FF479AFE38F9BB2E5
:108CB000FF2B2DD96169FF20144A4B68A087134010
:108CC00005980F4A03431A434A60B1E7049B2022E8
:108CD00043449846064B03EB4818D8F8583088F8B8
:108CE00054101343C8F8583088F8552057E700BF90
:108CF0009C2C012080260120009800FC0024FF818C
:108D00000000FF0100E800FEE4BB0120009C00FC25
:108D1000E28F616992B23C4E4868D3B2A28700EA02
:108D20000602059840EA0343134343F000734B6087
:108D30007EE7E28F606992B2D0F804C0D3B2A28716
:108D40000CEA010149EA03430B4343F0007343601B
:108D5000C9E6BAF83E20DAF8141092B22B4C4868F3
:108D6000D3B2AAF83C202040059C294A44EA034398
:108D700003431A434A6055E749462846D0F7FCFEAC
:108D800000287FF40CAF63692021224A0127D961B2
:108D900002EB4A1A204D5A682A405A608AF8540059
:108DA00084F8551084F8560021E68AF85470F6E6E7
:108DB000BAF83E20DAF8141092B2144C4868D3B2D4
:108DC000AAF83C202040124A49EA034303431A43CD
:108DD0004A6080E631462846D0F7CEFE00287FF470
:108DE000DEAE636920210B4A0127D96102EB4818E6
:108DF000094D5A682A405A6088F8540084F8551082
:108E000084F85600F3E500BF009C00FC009800FCCD
:108E1000002400829C2C012000E800FE2DE9F04F88
:108E2000056883B02C78012C0CD0022C05D101F000
:108E30007F0103B0BDE8F04FD4E40025284603B01D
:108E4000BDE8F08F034695F90400454E032886F8E7
:108E50002026D4BF00250125B0F1FF3F08BF45F013
:108E60000105002DE9D1DFF808E100EB40024FEAEF
:108E7000400C0EEB42125769002FDFD092F855805C
:108E8000B8F1200FDAD1BF6917F40047D6D192F8B4
:108E90005480B8F1010FD1D04FF04009DFF8D480F1
:108EA000DFF8D4B04FF0210A1B79DBF800B082F86C
:108EB00055A082F8569006F5C4699765D487C2F824
:108EC0004080B2F83E8082F854401FFA88F4DFF800
:108ED000AC80C2F83890FF2CC2F848803CD8D48FC0
:108EE0004FF00078A4B284444FEA43090A46CDF813
:108EF00000B00EEB4C104946192382461430AAF8F4
:108F00003C40D1F765F9E8B9DAF8142015495368FF
:108F10009AF83C500B40144CDAF8481043EA090325
:108F2000A14243EA054343EA080353608AF8540028
:108F300003D00E4B994218BFF227136801251F4337
:108F400017607BE7B6F86A31002201338AF85420B3
:108F50009BB2A6F86A3171E7FF244FF08078C2E730
:108F6000E4BB0120009C00FC754601087D47010818
:108F70009C2C01200000FFFF80260120C148010831
:108F80002DE9F04F046887B00D462678012E0FD0EA
:108F9000022E08D101F07F01FFF724FC0446204691
:108FA00007B0BDE8F08F0024204607B0BDE8F08F81
:108FB00094F904800379B8F1030F8DF81720029318
:108FC000D4BF00240124B8F1FF3F08BF44F00104DE
:108FD000002CE8D108EB4807DFF8DCA14FEA480293
:108FE0000AEB471903927F01D9F81430002BD6D031
:108FF00099F85530202B40F08D8099F85430012B92
:1090000000F088806749143789F854601923D1F833
:1090100000B0574432464FF400413846CDF800B016
:10902000DAF744FE002875D1029B40200DF1170CA1
:10903000CDF800B05B002A46C9F8484019460293B3
:109040002123C9F838C089F855300A2389F8560019
:109050003846C9F85840A9F83E60D1F7B9F8002859
:1090600070D1B9F83E309BB2FF2B6ED9D9F81410ED
:10907000FF204D4A4B68A9F83C00134002984B4A28
:1090800003431A434A60039B5E46DDF8089043445D
:10909000029498460AEB431503E0EB8F9BB2002B3A
:1090A00067D032460A213846DAF7D0FD002830D1A1
:1090B000AA6B6C6912F8011BAB8FA162E98F013BAF
:1090C000AA6301399BB289B2AB87E987EA8F92B272
:1090D000002AE2D0002BE0D1024680210A23384644
:1090E0000096DAF7E3FDDFF8C0C04FF0FF0E6146EF
:1090F00078B9EB8F2D4A9BB2734513D96969A5F8EE
:109100003CE04B6803EA0C0343EA09031A434A6054
:10911000C3E7029C264AB2F86A3101339BB2A2F837
:109120006A313CE7EA8F686992B2D0F804C0D3B2E2
:10913000AA870CEA010149EA03430B4343F0007399
:109140004360AAE789F85440E4E7B9F83E20D9F82B
:10915000141092B2144D4868D3B2A9F83C2000EA2A
:109160000502029840EA0343134343F000734B6047
:1091700089E731463846029CD0F7FEFC0028C9D169
:109180006B6920210B4E0AEB4818D96101245A68FB
:1091900032405A6085F8551088F8540085F856001A
:1091A000FDE600BF80260120009C00FC0000FF01BE
:1091B000E4BB012000E800FE9C2C0120427B42B170
:1091C000036810B50446D0E9010198470023637392
:1091D00010BD704710B5437B04468268581C60730D
:1091E000D154627B237B934200D802B910BD23681F
:1091F000D4E9010198470023637310BD084B1B6835
:1092000093F8260000B97047986A0028FBD0054BF8
:1092100000F6B8301B6898422CBF00200120704730
:10922000280A0020301D0120094B1B6893F82400F8
:1092300058B1084B002201E0904206D01988013253
:10924000A0330029F8D0002070470120704700BFEC
:10925000280A0020581A00202DE9F04F754CA5B0BF
:10926000257815B925B0BDE8F08F06461446984616
:10927000002B6BD0012BF5D1DFF8CC91D9F8003061
:1092800093F826002F2CEDD80028EBD113F094F89A
:109290000028E7D1621E142A43D8DFE802F05D5DA2
:1092A0005D5D5D420B0B0B0B420B42424242424260
:1092B000420B0B004FF47A770A25B8F1010F4ED01C
:1092C000B8F1000FCED15C485C4B90F843A01B78FE
:1092D0000AF1010202F003029A42C3D0DFF86CB136
:1092E0000AEB8A034FEA8A0980F843200BEB8303D9
:1092F0001D739F60C9B11423A6F1FF0003FB0AB3DD
:10930000B0FA80F00D33400906E040B908F10108D9
:1093100003F8012B884508D246450246F5D122467E
:10932000F4E74FF47A770125C7E7FFF77DFF0028C0
:1093300067D009EB0A01012342F2107089000BF893
:10934000013013F05DF8594448608BE7FFF756FF92
:1093500080F00100C0B295E7394F0125ADE742F238
:109360002830DFF8E490FEF7CBF94FF47A70FEF77F
:10937000C7F9FCF7EDFB00F57A7805E0FCF7E8FBB0
:10938000A8EB0000002806DD6846FAF737FE049BCC
:1093900098470028F2D0D9F8003093F82430002BF9
:1093A00038D0A6F1FF084FF0000AB8FA88F8D34683
:1093B0004FEA581810E012A8FAF720FE5846199BF9
:1093C000414698470AF1010AD9F800105FFA8AFB72
:1093D00091F8241059451DD90BEB8B01194B5E45B3
:1093E00009A803EB411102D0B8F1000FE3D04FF010
:1093F00001038B70FAF702FE5846109B21469847EE
:10940000E0E709EB0A039B000BEB03020BF80300F8
:10941000506027E71BA8013DFAF7F0FD209B984715
:1094200015F0FF05A1D1384625B0BDE8F04FFEF795
:1094300067B900BF1C0A0020E4BB01208828012076
:10944000A0860100581A0020280A00208C2801203C
:10945000F0B41B4C1B4BA4FB024290F8584052093D
:10946000A3FB0253DB0803EB8303A2EB4303DEB24F
:10947000B44221D000EB83044FF0000C9B00A568A0
:10948000D0E90027521B0260256B7D1B4560C4F8A4
:1094900008C0C4F830C080F858600132034402604C
:1094A0009A6801329A6029B94268013242601A6BA7
:1094B00001321A63F0BC70479B000268EDE700BF01
:1094C0001F85EB51CDCCCCCC38B5084C084DAC4207
:1094D00004D3084B012283F8582138BDA288D4E96F
:1094E000021011F04DFE1C34F1E700BFE801000846
:1094F00090090008E4BB01202DE9F047284C814683
:1095000094F821761FB100252846BDE8F08702F0C7
:1095100051F805460028F6D0224ED6F80080376074
:10952000B9F1000F01D0204B1F6020494FF4807229
:10953000DFF888A001F2CA5011F022FE0023D4F80F
:1095400054906365012384F82136194B1F68013F4D
:1095500017F8010F431EDBB2FD2B03D8DAF80030F9
:10956000BB421AD80D20FBF78DFB002384F821366F
:10957000B8F1000F04D00C4BC6F80080C3F800808F
:109580000C494FF48072A1F2CA5011F0F9FD0A4B58
:109590000122C4F854909A73B6E7FBF773FBD7E740
:1095A000E4BB0120603901204C3D01203CBC01207E
:1095B0000028000806C20120B891012004280008F4
:1095C00008B50120FFF798FF20B90348BDE808401F
:1095D00002F068B808BD00BFA46C05082DE9F04F83
:1095E0000C4693B00546BA492046174602F034FEB1
:1095F0000646002840F05182B649204602F02CFE73
:109600000646002840F04B82B349204602F024FE73
:109610000646002840F04582B049204602F01CFE74
:109620000646002840F03F822046AD4902F014FE75
:109630000028064612BF0824264601240FB144F034
:109640001004A849304602F007FE002800F02D82E1
:1096500044F0200404F480730493A34B93F858312E
:109660000BB9FFF731FF07F023F9049B0BB9FFF7A4
:10967000A7FF14F0090F00F006839C4802F018F8C9
:10968000FBF7B8FA049B002B40F01982984802F0CF
:109690000FF8984802F006F804F01803182B40F071
:1096A0001182954802F004F8944801F0FBFF012371
:1096B000059301F0F3FF14F0100A00F00682904BBE
:1096C0001B78002B40F001828E4B1B78002B40F062
:1096D00004828D4B1B78002B40F0078204F48473C6
:1096E000082B07D18949284603F0FAFB8749284609
:1096F00006F0F2FA14F080060BD1854B20461A785A
:10970000002A844A06BF012113460021824A04F040
:109710009DFD82492046FBF7E3FC81492046FBF78B
:1097200047FC80492046FEF737FD002E40F0BD8201
:109730007D4B1B6802937D4B1B680393BAF1000FAE
:1097400040F0D88156467A4801F0B2FF794B4FF08D
:109750000008DFF87892CDE90633DDE9023263EAEA
:1097600002030993079B53F8047B0793002F40F0F3
:10977000C381B846DFF858B2DDE9022363EA020389
:109780000793069B53F8047B0693002F40F0E0817B
:10979000694B2046694A6A4906F014F8694B6A4ADF
:1097A00020466A4905F054F9694B6A4A20466A49DD
:1097B00004F034FE694B6A4A20466A4904F0B2FD5F
:1097C000DFF81082684B2046684E694A0193009288
:1097D000D8F80020316804F04DFD40F20222654BBC
:1097E000204600920193D8F80820B16804F042FDA9
:1097F000BAF1000F40F0DF815F4801F059FF524697
:109800005E490826DFF8D0C14FF001085C4811F826
:10981000013B0DF1480E1CF8019B0DF1480B9E44D5
:109820000EF8209C10F801EBF3440BF8109CB8F1F3
:10983000000F05D0A3EB0E0EDEF1000848EB0E087A
:10984000013EE4D188F0010120468DF8306001F03E
:109850003BFF0EAB4B4A414620468DF8406004F07A
:10986000DDFC0AAB474A4146204604F0EFFC464B7C
:10987000464A2046464905F0C3FC464B464A204628
:10988000464905F02BFC464B404A2046404905F02E
:1098900037FB444B444A2046444906F0B5F8444B54
:1098A000444A2046444905F003FE444B444A2046BE
:1098B000444905F03BFDBAF1000F40F07E8142487B
:1098C00001F0F6FEDFF814810023DFF8149189E03F
:1098D000E16C0508E86C0508F06C0508F66C0508F5
:1098E000FF6C0508477F0508E4BB0120086D0508EB
:1098F000106D0508286D0508346D05085C6D0508B8
:109900000CAD012070B7012024AD0120247B050897
:10991000E8B00120CC6C05089D6D0508AA6D05080E
:10992000B46D0508CC6A0508E0B0012050AD0120F7
:10993000CE6C0508C4F30408D16D0508803C0120F5
:10994000803D0120D86D0508F49501203CA0012040
:10995000DE6D05084C8D0120F89A0120EA6D05089E
:10996000F4990120AC9B0120F56D050864B001203D
:10997000FFFF3F00FC6D0508D66C0508A83E0120DE
:10998000C8360120036E05087E790508F07B0120AA
:10999000308901200F6E0508F07C0120308A0120FB
:1099A0000A6E0508156E0508A4940120FCA001208C
:1099B000196E050834B20120E4B90120216E0508B2
:1099C00064390120F43D0120DA6C0508BA6D050800
:1099D000C66D0508E4AF0120BC1B050878A1012075
:1099E000E8930120494602224046029312F02EFCE1
:1099F000002898F800B03A4614BF01210021204603
:109A00000CBF4FF0010A4FF0000A01F05DFEBBF100
:109A1000020F0746029B40F0D28099F8012040F2E5
:109A2000EE2B1921204611FB02B2A349019299F8AD
:109A300000208A5C51460092A04A04F0EFFB98F89F
:109A4000012019239C49204613FB02B2029B01927C
:109A500098F800208A5C51460092984A04F0F6FB80
:109A6000029B013308F1020809F10209122BB9D156
:109A7000934B22460021284606F042FF230700F1BF
:109A8000B680904E22462846317806F0D9FF22460D
:109A90007178284606F0B0FFEBE00124CEE5022401
:109AA000CCE50424CAE58124C8E58749304602F0A4
:109AB000D3FB00283FF4CEAD44F48074CAE5002304
:109AC0000593F6E501230593F3E58049804802F00C
:109AD0009FFFBAF1000F7FF4F7AD7E497E4802F098
:109AE00097FFBAF1000F7FF4F4AD7C497C4802F097
:109AF0008FFFF3E57B4E29E63B7833B34FF0010B44
:109B0000099B324620460BFA08FB13EA0B030CBFF5
:109B100001210021089301F0D7FD06462046DDE92A
:109B2000022363EA02034A4613EA0B0F3B4614BFC3
:109B30000121002104F072FB08993B464A46003996
:109B4000204618BF012104F081FB08F1010809E655
:109B50003B786BB34FF00109039B09FA08F913EA4C
:109B6000090F0DD02046DDE9023263EA02035A46AE
:109B700013EA090F3B4614BF0121002104F04EFBFC
:109B8000029B13EA090F13D0079B3246204613EAC3
:109B900009090CBF0121002101F096FDB9F1000176
:109BA00006463B465A4618BF0121204604F04EFBAC
:109BB00008F10108E5E54C4A22E64C4F82E699F8A7
:109BC000002020463C4902938A5C51460092484A54
:109BD00004F024FB98F8002037492046029B8A5C59
:109BE00051460092424A04F031FB029B39E70027BC
:109BF000F9B201372246284606F022FF062FF7D198
:109C0000304B3C4F1A789846049B87F8802033B934
:109C1000394801F04DFD3949284602F037FFFF234E
:109C200087F88030F1B201362246284606F0E4FE7D
:109C3000062EF7D198F8013087F88130049BABB934
:109C40002F4801F035FD2D49284602F0F0FE2D4841
:109C500001F02EFD2C4801F01BFDFF2387F8813019
:109C6000002001F0EBFC13B0BDE8F08FFF2387F874
:109C70008130059B002BF3D0244801F019FD2448C6
:109C800001F010FDECE7A10706D50E4B2246284651
:109C9000197806F0D5FEE3E76207E1D5094B2246C5
:109CA0002846597806F0A8FEDAE7054B2246182127
:109CB000284606F025FEDCE7E8590508296E050868
:109CC000E16C0508A0A10120036D05080CAD012081
:109CD0006C6D050870B701207A6D050824AD012070
:109CE0008A6D0508CE6C0508D66C0508DA6C050887
:109CF000396E05084C090120466E0508247B0508CD
:109D0000696E0508906E0508676D0508A36E050865
:109D1000B96E0508012261E400225FE470492DE973
:109D2000F84F0B78222B00F0B3806E4B1B783BB9B9
:109D30006D4B1878BDE8F84F00F00100D5F7EABB8D
:109D40006A4B1B6873B36A4F01F0C9FCDFF8C89116
:109D500007F15808D9F80000FDF728FD10B3D9F82D
:109D60000000FDF71BFD09281ED03F281CD07B6D8D
:109D700013B9042800F0A9800C2800F09F807F28E8
:109D800078D1002BE6D0013B00215A48FA187B65B8
:109D900082F8581001F07CFCD9F80000FDF706FDB0
:109DA0000028DCD1BDE8F88F4FF0000B524E7C6DDF
:109DB0005D4606F5587A02E0103656450ED022462A
:109DC000404624B1316802F0D5F90028F4D1B346F9
:109DD000002DF1D1354610365645F0D1002D3FD03B
:109DE0002E68DBF80020305D2644135D2244834258
:109DF00070D1611E23464144FD2B01D800283CD080
:109E0000013301F8010F7B6516F8010F12F801CF3D
:109E10008445F1D05D4500D193B9384801F038FC54
:109E20005D4508D855F8100B01F032FC092001F00F
:109E300025FC5D45F6D93248002401F029FC7B6DF4
:109E40009C4287D2013C4444254614F8010F01F09E
:109E500015FC7B6D0235A5EB08059D42F4D379E72F
:109E6000BBF1000F02D1002C7FF474AF234801F046
:109E70000FFCD7E7FAF706FF6CE75A1C20263B4495
:109E8000B9187A6583F85860134681F85800C1E71D
:109E90001C4B186878B1FDF7F7FF0B781A4A222B94
:109EA00010607FF442AF194B93F87432013B18BF36
:109EB0000123536039E7144A1060F4E7144801F0B5
:109EC000E7FB0F4801F0E4FB44E74146114806F088
:109ED000F7FF3FE7002CA0D05D459ED13AE700BFD9
:109EE0009C200020F03C012088780120603901206E
:109EF000E4BB0120802A0508ECE804086C2A050868
:109F00005E190508D0390120A0200020841A012004
:109F1000742A0508247B0508F43C012073B50E461D
:109F20001149054602F078F918B93070012002B0E5
:109F300070BD2C78602C8CBF613C413C072C11D843
:109F4000013501230A2201A9284602F0A3F9019B49
:109F50009D4207D00F2805D8013440EA041401209F
:109F60003470E4E70020E2E79F6C05082DE9F04F2C
:109F700080468DB008460D460FF0D4FA024630B93F
:109F800001460120FBF714F80DB0BDE8F08F0390F7
:109F90002846B04902F0EEF8039A20B9AE4940468F
:109FA00002F08EFCF0E7AD49284602F0E3F80446E3
:109FB00000285AD101F072FBA94FAA48DFF8ECB291
:109FC00001F070FBDFF8E8821720D2F787FD17F960
:109FD000015B002DD8D02946584603F0EFF9002345
:109FE000DFF8A0921A46DFF88CA29100284605936C
:109FF00089B20492FBF70EFD0390FBF79DFC049AD7
:10A000000178561C059BC9B11BB9049001F046FBB1
:10A010000498039B41781A7A037802F0020208EB55
:10A020008303B1B1D3F8E839002A14BF4A46524637
:10A03000009131468C4802F0EBFC0123042E32469D
:10A04000D3D113B9894801F02DFB01340E2C9BD0DC
:10A05000BDE7D3F8E839002A14BF4A4652463146D4
:10A06000834802F0D5FC0123E8E7002607AA8149CE
:10A0700028468DF81B6011F0F9F818B9404602F037
:10A0800095FC81E70DF11B01FFF748FF054600280D
:10A09000F4D09DF81B703846FDF746FC20B9764990
:10A0A000404602F00DFC6FE74FF0FF343346734932
:10A0B00003EB4302525C97420ED0601C02D1002A8F
:10A0C00008BF1C460133152BF2D1621C18D16C4914
:10A0D000404602F0F5FB57E71C4607AA65490020F9
:10A0E00011F0C4F80646002800F09F80594902F09C
:10A0F00093F830BB0446634E634FDFF8B88116E037
:10A100000025EAE7697A286803910CF04FFC0246C3
:10A11000287A6B7910F0020F03994FEA930314BF6A
:10A120003046384601330090404602F071FC01345D
:10A130009DF81B002146F9F7C5FE05460028E1D130
:10A1400022E702225149304602F014F8074600285F
:10A1500048D1B01C02F036F99DF81B908246394672
:10A160000F4648460131F9F7ADFE50B94FEA1912D2
:10A1700009F00F03464940464032009602F0A0FB2A
:10A1800002E7437A9A45EBD13E46002D3DD14FF090
:10A19000FF37731C9DF81B5008BF00253D4B04EB97
:10A1A000440431469DF81B001C44731C6371FF235B
:10A1B0002571A37108AC2246FBF71EF80AAA39469E
:10A1C0009DF81B00FBF718F89DF81B20BE424FEAD4
:10A1D000121121D10AAB02F00F0240312E4802F0D9
:10A1E00017FCD1E62D49304602F016F858B39DF819
:10A1F0001B3040462A491A09009603F00F034032EB
:10A2000002F05EFBC0E64FF0FF3604EB4402214B48
:10A2100013445F79013FBCE70AAB02F00F02403103
:10A220002048009402F0F4FBAEE61A4B04EB440421
:10A2300002469DF81B001C441B4B009301236179CF
:10A24000FAF7B0FBA0E6002DDDD14FF0FF373E4618
:10A25000A4E700BF44690508C36E0508D76E05086A
:10A2600024560508DC6E0508FC6E05081D6F050800
:10A270000E6F050882680508236F0508E8BB0120FA
:10A280003A6F05089E760508247B0508636F05086C
:10A29000D06F0508E4BB01208C6F05085C790508C8
:10A2A000666F0508AA6F05084DE20308F56E0508FC
:10A2B00084DC04084E6F05082DE9F04F80468BB012
:10A2C00008460D460FF02EF9024670B3A9492846FC
:10A2D00001F050FF044640BB01F0E0F9A64DA7484D
:10A2E000A74F01F0DFF9A74E1420DFF8E082D2F784
:10A2F000F5FBE11004F007023846013103F05EF887
:10A300002B7F6A7F06EB8303D3F8E8194AB19E4896
:10A3100002F07EFB01342435102CEAD10BB0BDE8ED
:10A32000F08F404602F074FBF4E7284605AA9749EF
:10A3300010F09CFF054620B901464120FDF72CFF97
:10A34000ECE7934901F068FF20B99249404602F0DA
:10A35000B7FAE3E70024904E2746013731682846D4
:10A3600001F05AFF002808BF3446082F06F11006F6
:10A37000F3D154B98949284601F04EFF28B12A4645
:10A380008749404602F09CFAC8E7002005AA7F49A9
:10A390008DF8130010F06AFF0546002C43D098B1E9
:10A3A00002F010F8461E09D4A37A9E4206DAE2684B
:10A3B00062B1012303FA00F0104207D12A4679491D
:10A3C000404602F07DFAA9E7774DF7E7E08806F00E
:10A3D00081FA764A92F858311BB192F8213683F00F
:10A3E00001030027D0E902120397002B08BF0A4699
:10A3F000237A617A06FB031302EB030B12F903A025
:10A4000005AA6249002010F031FF8146B8BB012344
:10A4100067495CB39BF900202046CDE90031314605
:10A42000FDF76EFE7AE780B10DF11301FFF776FDBF
:10A4300028B19DF813603046FDF776FA38B92A4600
:10A440005C49404602F03CFA68E7574DF7E7304672
:10A45000A346F9F7FBFD82463046F9F739FD039034
:10A4600030462646FBF72CFB0746C9E7CDE900310D
:10A47000524639469DF81300FDF780FD4EE74449EA
:10A4800001F0CAFE054670BBACB1F6B24A4F6AB2E3
:10A4900031462079FDF708FE00283FF43FAF0288DF
:10A4A00029460378384601350093C2F30323120B83
:10A4B00002F0AEFAEBE7404C032D386879796AB2C6
:10A4C0003FF42CAFFDF732FD00283FF427AF0288A0
:10A4D00029460378204601350093C2F30323120B6B
:10A4E00002F096FAE8E73549484601F095FE40B398
:10A4F000484601F067FF054642B26CB1F1B22079DF
:10A50000FDF7D2FDF8B9CDF80090731C22684046E3
:10A510002B4902F0D5F901E7EBB238687979022BC3
:10A5200002D8FDF703FD70B99DF813304046254968
:10A530001A09CDF8009003F00F03403202F0C0F981
:10A54000ECE64FF0FF3506AF28463946FAF76CFEC9
:10A5500008A95046FAF768FE554547D06DB2BCB31E
:10A560008BF8005008AB0097721C2168164802F067
:10A570004FFAD3E6D76E0508AC010120FC6F050841
:10A580001270050884DC0408076F05088268050856
:10A5900044690508C36E05084C09012023700508AD
:10A5A0002770050836700508247B0508E4BB0120E8
:10A5B0004DE2030846700508587005085C790508E7
:10A5C000797005089C700508C47005086279050853
:10A5D0009DF81320039B11090E489D7002F00F0295
:10A5E00008AB4031009702F013FA97E634B108AB9C
:10A5F000721C2168084802F00BFA8FE69DF81320C0
:10A6000008AB0648110902F00F02403102F000FACF
:10A6100084E600BFE77005080F7105082A71050878
:10A620002DE9F04F2DED028B87B006460846924982
:10A6300005AA10F01BFE074640B901464120FAF773
:10A640004FFD07B0BDEC028BBDE8F08F8B4901F0E8
:10A65000E3FDDFF86082044600283AD18848894D3E
:10A6600001F020F8884F1420DFF84C92D2F736FA28
:10A670002846FDF713FC2968AB79024601F13F41FA
:10A68000384608EB830301F57E01D3F8E839890ADF
:10A69000413102F093FEE97911B1484602F08EFE95
:10A6A000013400F0FBFF0835602CE1D1724905AAA6
:10A6B000002010F0DBFD754901F0AEFD0028C0D18F
:10A6C00030466E49FFF752FC6C493046FFF7F4FD07
:10A6D000B7E708F648340025A14614F8353008EBF2
:10A6E0008303D3F8E819084603910EF01BFF039982
:10A6F0000246384601F03EFD40B10135242DECD133
:10A700003A466349304602F0DBF89AE705AA5A490F
:10A7100008EBC50810F0AAFD074601F053FE98F8B3
:10A720004E3B04464FEAC50A2BBB002825DC3B788C
:10A73000002B00F09D80D144B9F8020006F0CAF861
:10A7400099F80580E3B2846838460393039A99F830
:10A75000043002FB038804EB0801FFF7DFFB00284D
:10A7600000F0868014F808A0BAF1000F1ED1494805
:10A7700000F098FF65E7002805DD012B1A4638BF79
:10A780000122A2420ADA012B434A4449304638BF2B
:10A7900001230093012302F093F852E705AA3649FA
:10A7A0000020013C10F062FD0746C0E75046FDF76F
:10A7B000BBF8814600285BD04FEA1A13DFF8FC8013
:10A7C0000027403308EE103A0AF00F0308EE903AE3
:10A7D0000026B8F8020006F07DF898F8052098F8F1
:10A7E000043006FB03238268D15C514523D1BD426E
:10A7F00004D103998E421ED00021D1545FFA86FB0A
:10A8000018EE902AFCB218EE101A254802F0D6FD78
:10A8100059462046FAF717FABD4209D1214802F0FD
:10A82000CDFD20465946FAF70EFA1F4802F0C6FD44
:10A830001E4800F037FF98F806300136012B38BF6C
:10A8400001239E42C5DB013708F10808242FBFD140
:10A850004846FDF723FBD9F800100246144801F1E1
:10A860003F4101F57E01890A413102F0D1F8E8E665
:10A87000304602F09BF8E4E682680508D76E0508CA
:10A88000467105085CBE012084710508FF6C05084F
:10A890008F710508CA710508AB710508B17105080B
:10A8A000DC710508B3790508007205081F760508F4
:10A8B0000A72050884DC0408237C0508CCE7040838
:10A8C0002DE9F74F0746084688460EF02BFE044652
:10A8D00028B1012824D198F800302A2B20D1A74E86
:10A8E00000254FF00D0ADFF8B482B146A44800F00D
:10A8F000D9FE0AFB059340460135196802F05EFD5A
:10A90000221E3146384618BF01220D3606F019F9CD
:10A9100000F0C4FEB5F5DE7FEBD103B0BDE8F08FEB
:10A920003D21404611F0A0FC002800F020810346A4
:10A930009A4613F8012D202AFAD0AAEB080A013012
:10A94000054610F8013B202BFAD08C4B4FF0000944
:10A950005FFA8AFA9B460D2202FB093421680846F9
:10A9600001910EF0DFFD019902460090404601F092
:10A9700001FC824B0646002855D1009A524552D11F
:10A9800094F8048008F0E001402900F0B8800ED867
:10A99000002954D0202900F088803846794901F0F8
:10A9A0008FFF204603B0BDE8F04F03F0CFBA602917
:10A9B0007CD08029F1D128460EF0B4FDE37906461B
:10A9C00094F80680DB070CD5204606F05DF8037886
:10A9D000014633B13246284611F053FC002840F0BE
:10A9E000C080002E00F0BD80464500F2BA800D23E5
:10A9F000204603FB09B393F805A006F045F842464C
:10AA0000002111F01FFB564529D332465E492846E6
:10AA100011F037FC18B3204606F036F832462946C6
:10AA200011F041FC1BE009F10109B9F5DE7F92D17B
:10AA30005649384603B0BDE8F04F01F041BF08F079
:10AA40000703042B1BD10A22284601F0EBFCD4F8A3
:10AA5000053001469842A0D8204606F02FF80D2375
:10AA60004B4803FB09B9D9F8001002F0A7FC0022FB
:10AA70002146384603B0BDE8F04F06F062B82846DC
:10AA800001F0A0FCB4F80550B4F8071018F0050F59
:10AA9000AAB28BB201D02AB20BB29042FFF67DAFC0
:10AAA00098423FF77AAF0146D6E76679394A4FF0C8
:10AAB000000802EBC606C246434696F8CC26009232
:10AAC000009A904502D2BAF1000F03D0002B3FF458
:10AAD00064AFC4E7D6F8C81651F8280060B129461B
:10AAE000019301F099FB019B30B94FF0010A4146F7
:10AAF000204605F0E3FF534608F10108E0E708F0BF
:10AB00000708637908F1FF380093009B9E42A6DA9C
:10AB1000AA4615F8012B202AFAD0204605F0B4FFEA
:10AB20000546B8F1030F03D8DFE808F0020D0D1356
:10AB3000504601F047FCA8552C21504611F094FBDB
:10AB40000136451CE1E7504601F03CFC25F81600B3
:10AB5000F2E70A220021504601F064FC45F8260085
:10AB6000EAE742460C49384601F0AAFE15E741469D
:10AB7000384603B0BDE8F04F05F0F3BFD4FA04083F
:10AB80002672050874720508CC6C050882720508E7
:10AB9000697205087CED040839720508F57E050820
:10ABA000037903F01803102B1BD004D82BB1082B0A
:10ABB00006D000207047182BFBD1B0F80B0070476F
:10ABC000114BB0F80B0093F90030591C07D10F4B13
:10ABD0001B7803EB431300EB830080B27047DBB2BA
:10ABE000F7E70B4BB0F80B0093F900305A1C09D172
:10ABF000064B5B7803EB830203EB420300EB83001D
:10AC000080B27047DBB2F5E7CC090120B891012092
:10AC1000CD090120F0B5067906F0E003402B09D1FB
:10AC200044794FF0FF350023012006F00706A342C8
:10AC30000BD1F0BD602B4FF0010403D1457904FA2C
:10AC400005F5F0E74FF0FF35EDE7042E0CD8DFE80F
:10AC500006F0030D18252F0030B1C85CD75C784092
:10AC600028420CBF012000200133E0E70028FBD080
:10AC7000C856D756A0EB070CDCF1000040EB0C00E7
:10AC8000F2E70028F0D031F8130032F81370784062
:10AC900080B228420CBF01200020E5E70028E3D065
:10ACA00031F9130032F91370C71B78427841DBE7A2
:10ACB0000028D9D051F8230052F823707840284258
:10ACC0000CBF01200020CFE7054B1A6822EA0002E2
:10ACD0001A60044A136823EA00031360704700BF38
:10ACE00050AD01204C390120904270B50546144604
:10ACF00009D20846B5FBF2F604FB1654054B1B5D62
:10AD000000F8013B70BDB0FBF2F63046FFF7ECFFF8
:10AD1000F2E700BF90720508002870B403DA2D2313
:10AD2000404201F8013B092805464FF0010307DDC9
:10AD300003EB83035B00B0FBF3F2092AF8D893B16D
:10AD40000B4EA6FB0302B5FBF3F40A2C4FEAD2022A
:10AD500003FB145534BF30205720092B13462044E1
:10AD600001F8010BEDD8002370BC0B70704700BFD9
:10AD7000CDCCCCCC884270B44FF001041FD301FB82
:10AD800004F4B0FBF4F58D42F9D214B913E0B0FB32
:10AD9000F4F5092D4FF0300603DD002A14BF3726E5
:10ADA00057262E4404FB1500A14203F8016BB4FBA7
:10ADB000F1F52C46EBD9002270BC1A70704705469D
:10ADC000E7E700BF0388B3F5FA6F17D38378013B39
:10ADD0000B2B13D8C378013B1E2B0FD80379172BED
:10ADE0000CD843793B2B09D883793B2B06D80089B3
:10ADF000B0F57A7F2CBF00200120704700207047FB
:10AE00002DE9F84317461E46454C05464FF47A7225
:10AE10000023384631460EF08DFB42490444424B34
:10AE200040F2B55C81FB0402E0172244C0EB6212E1
:10AE300081FB0201D017C2EB021E1144A4EB8E0469
:10AE4000C0EB6111AC7183FB0103C817C1EB0114A6
:10AE5000C0EBA3033548A2EB840280FB0304D817A0
:10AE60006A7103EB4302C0EBE410A1EBC2010CFBDF
:10AE7000103380002971B3F5896F3CDA40F2DA2291
:10AE8000934242DCB3F5B77FDFF8A480B4BF4FF044
:10AE9000000E4FF0010E4FEA4E091FFA8EFC09EB2F
:10AEA0000E0208EBC202D28A09EB0E040B2108EB5A
:10AEB000C404163401E034F8022D9A4218DD013939
:10AEC000F9D1CE44012138F83E2000F5FA6401336F
:10AED000A9703846A4449C1A31464FF47A72002374
:10AEE000A5F800C0EC700EF025FB2A81BDE8F883C0
:10AEF0000131C9B2E9E74FF0030C40F29652DFF896
:10AF000030804FF00609E646CEE74FF0020C40F2E3
:10AF10002942DFF81C804FF00409E646C4E700BF71
:10AF200080BC92C789888888ABAAAA2A73B06D169C
:10AF30006011050802881849A2F5FA62F0B402F01F
:10AF400003058478C37840F2B55605EB4505013C0E
:10AF5000124F013B04EB8504920837F8145006FBAE
:10AF6000023204794FF47A7653194279857903EBEA
:10AF700043032944002504EBC3030489C3EB0313F3
:10AF8000204602EB8303C3EB031301EB8303294643
:10AF9000C6FB0301F0BC704780436D3860110508A3
:10AFA00003685A1C02601970704700BF2DE9F04712
:10AFB000089F002B05460E463C4614BF4FF0300953
:10AFC0004FF0200914F8013B4BB3002A2DDD214638
:10AFD00000E0B2B111F8010B9046013A0028F8D117
:10AFE000A8F102086AB1C24649462846B04753460E
:10AFF0000AF1FF3A002BF7DC28EAE8723B780132CD
:10B0000053B1D71B19462846B047E01914F8013B45
:10B01000002BF7D1BDE8F0871046BDE8F087002A85
:10B0200002F1FF38DFDC1846F4E70022E9E700BF51
:10B03000704700BF704700BF704700BF0023FF226A
:10B04000411C70B400F8132001F813200133082BC1
:10B05000F8D10B4B4FF0FF31002203F10F060C46E5
:10B0600005E093F9044093F9051013F8032F00EB62
:10B0700042059E4200F812406970F2D170BC7047E0
:10B08000C011050800234370C370037003718370FF
:10B09000704700BF00230370704700BF0023037296
:10B0A000037043708370C370037143718371C37104
:10B0B000704700BF002306214FF47A7201700373BA
:10B0C000C0E90123704700BF002303704370837001
:10B0D000C3707047F8E700BF70B5064E044600F530
:10B0E0004675204684348422314610F049F8AC423B
:10B0F000F7D170BDF4DB040800210923FA22837024
:10B1000000F11803028000F120024173C181017433
:10B11000F0B440F22E474FF4FA664FF47A750124EA
:10B12000478200F11C0786820E46C5826425048191
:10B1300008241D714FF0000122F8026B03F8014B47
:10B14000BB42F6D101230222017303854385838527
:10B15000C385C272F0BC70470023037043708370D4
:10B16000C37070470023037043707047FF2343711F
:10B17000704700BFF0B5154B00244FF0FF35FF219D
:10B1800003F10C0E2746AC4626462246C1700171DB
:10B1900001724172417381738174C17402EB820246
:10B1A000734500EB020186544F708C7081F803C028
:10B1B0000D710AD093F9062006335E789F78DC780B
:10B1C00093F904C093F90550E8E7F0BDD4110508E0
:10B1D00000234FF6FF720121438101728381C381F5
:10B1E000028282747047024B1868DFF7CBBC00BF45
:10B1F000F43C012070B530220021044610F022FFFB
:10B20000642340F2DC560B4940F628500A4D4FF4B7
:10B210008F722374012361612146A0836682A56138
:10B220002284A37384F822300448BDE87040E7F715
:10B230008BB800BF1A049E0775034308B87205084F
:10B24000202108B511F010F8034618B11A78013022
:10B25000202AF9D0184608BD1C4B1B7870B504464F
:10B260003BB980F847301A4B1B78D3B984F8483083
:10B2700070BD05221749203011F015F81522164926
:10B2800004F1250011F00FF80D22144904F13A00E1
:10B2900011F009F8012384F847300D4B1B78002B7F
:10B2A000E4D00F4A0123166855689068D16826607B
:10B2B0006560A060E160166955699069D16984F89C
:10B2C000483026616561A061E16170BDACB90120C3
:10B2D000AEB9012024AD01200CAD012070B70120D2
:10B2E00080B701200139002201F0030349000280E8
:10B2F000C3EB031301F00801C3EB0313914214BF26
:10B300004FF4E16111469B0041808380704700BF8C
:10B31000092901D001B1E5E7704700BF2DE9F047E9
:10B3200088B00446002501210DF108084FF0020AFB
:10B3300025704FF4807940460295ADF80C50FFF728
:10B34000D1FF012304AE65806F46A37384F801A08A
:10B35000A4F806900095ADF8045098E80300049016
:10B36000ADF8141096E80300ADF81C101946BDF8AE
:10B370001C30A0603846A381FFF7B4FF042384F893
:10B380000FA063702582A4F8149097E8030004903E
:10B39000ADF8141096E80300ADF81C10BDF81C3091
:10B3A000C4F81600638308B0BDE8F08770B58588DF
:10B3B0000B4604460021C5F30B0518462A4610F03B
:10B3C00041FE6169084A0346914202D3074A91420D
:10B3D00005D319B11846BDE87040084770BD2A462C
:10B3E000BDE870400FF0CCBEDCB2050876B40508AD
:10B3F0008168DBE70021104BF0B40A464FF4487631
:10B400000C4603F10C070D460160818002EB4202FD
:10B41000BB4200EB420100F812504C70DA788E808B
:10B420008A7006D093F9062006335D789C789E8852
:10B43000ECE7F0BC704700BFE8110508FDF7CABE95
:10B4400013B568B14C1E14F8011F21B902B0BDE854
:10B450001040FDF7B3BE0190FDF7BCFE0198F2E786
:10B4600002B010BD0368C3F30D032DE9F04105469A
:10B4700086B00C46002B3FD1364A0120364E0221C1
:10B48000B242CDE90233CDE904011ED3334B9A42D7
:10B490001AD303F580439A4222D3314B9A4221D9E1
:10B4A00003F580339A421FD903F500339A421DD920
:10B4B00003F500339A421BD903F500339A4219D998
:10B4C0000520FCF7DBFCFBE7034601A902A8039378
:10B4D000D8F77CFD80B14FF0FF3006B0BDE8F081B9
:10B4E0000B46F2E70323F0E70423EEE70523ECE73E
:10B4F0000623EAE70723E8E71A4E337D012B02D142
:10B500006FF00100E9E701232F68D4F8008033755C
:10B51000D0F7C0F9B0B9144C236923F44073236108
:10B52000236943F400732361236943F0010323611A
:10B53000C7F80080BFF34F8FD0F7ACF9236923F031
:10B5400001032361002333750028D9D12B6804330C
:10B550002B60C2E70040000800400008008000089F
:10B56000FFFF000828370120003C02402DE9F04190
:10B5700004460D468E18002700F10808B5422069E0
:10B5800001D1BDE8F081E3685A1C2344E260042A3B
:10B5900015F8011B1972F1D118B941462046FFF781
:10B5A00061FFC4E90370E9E7014B1868FCF724B9AF
:10B5B000F83C012010B5074C23784BB9064B1E22EE
:10B5C0000649186810F05DFE012300B9637023700E
:10B5D000607810BDB0C3012000280008027405087F
:10B5E0000D4B10B51C7814B10124204610BD0B4B37
:10B5F0001B781BB10A4B1B78002BF6D1094CA278A3
:10B6000022B1094B1B780BB1FAF73AF9E478002C18
:10B61000EAD0FAF759F9E8E705C20120503D0120C8
:10B62000513D0120B0C30120ADB9012020B1007807
:10B63000B0FA80F04009704701207047F8B50C4D12
:10B6400006462A788AB9F8BD26B12388C3F30B03CE
:10B650009E4204D0A288D4E902010FF091FD1C346F
:10B66000BC42F1D300232B70EDE7024C024FF7E709
:10B670003CBD0120E801000890090008034B014689
:10B68000186808B1FDF7A6BD704700BF60390120FA
:10B69000014B01461868D3E6603901200048F7E7FE
:10B6A000227B050808B5FFF7F3FFBDE80840F5E782
:10B6B00010B504460348FFF7EBFF2046BDE81040F5
:10B6C000F0E700BF5E19050808B532B1C30600D522
:10B6D00019B11046FFF7ECFF0022104608BD034BDE
:10B6E000186808B1FDF76ABD704700BF60390120D6
:10B6F0000E4B0122052810B504461A7005D9601CAE
:10B70000BDE81040C0B2F5F7E7BC094B00EB4010B4
:10B71000084A03EB8000084B10601C70E9F718FB27
:10B72000601CBDE81040C0B2F5F7D6BC7025002003
:10B73000DC960120087B0120B89101208A4AF0B5EF
:10B740002DED028B537883B015781C4683B19D4252
:10B7500040F2DD80B5FBF3F103FB115139B1013447
:10B76000B5FBF4F304FB1353002BF8D1E3B2537091
:10B770007E4B1B88002B00F093807D4E07EE903AA5
:10B78000B378F8EEE78A062B00F2A880794901EB3E
:10B790008301D1ED277A317A002940F0A58007EEA8
:10B7A000105AB37AB8EEC77AC7EE286A0BB177EEB3
:10B7B000A77AF4EEE67AF1EE10FA00F3B280B6EE74
:10B7C000000A07EE905AB8EE678A28EE800A80EEEB
:10B7D000080A0EF02DF99FED680A85B228EE800A5E
:10B7E0001CB107EE904AB8EE678A80EE080A0EF0A8
:10B7F0001FF9624B80B29A88AA42DA8888BF9D807E
:10B80000904201D20246D8801989884201D201466D
:10B8100018815F89B84201D2074658819E89B0429B
:10B8200002D2002426469C81DD89A84201D2054629
:10B83000D8811C8AA04202D200200446188202B994
:10B840005A7501B99975598B988B814202D89142EA
:10B8500040F2838000225A839A83B74201D80022A3
:10B860005A81A54201D80022DA81454B1B685B0052
:10B8700016D5444B002103F1110203F1100413F813
:10B88000010F20B1108810B193F8500020B9197041
:10B890001180118483F850109C4202F10202EED113
:10B8A000394B1A78022A36D0384C6378052B01D9E7
:10B8B00000236370ECF7F8FA2378052B0AD803EB22
:10B8C0004313334A02EB8303324A136003B0BDECE7
:10B8D000028BF0BD00222E4B2270F5E7317ADFEDAE
:10B8E0002E7A00293FF45BAF5A1F032A7FF667AF19
:10B8F000002B3FF464AFB7EE000A80EE270A0EF08B
:10B9000097F83388984228BF1846308057E72B466F
:10B910002C4653702CE7214A1279002AC4D11A70A0
:10B92000C2E768EEA77ABCEEE77A8DED017A9DF862
:10B93000043007EE103AB8EEC77AF4EEC77AF1EEAB
:10B9400010FA01DD0133DBB25BB1102BA8BF10236D
:10B95000AB4238BF2B46137031E79042FFF47AAF09
:10B960007BE70123F4E700BFE0AF01208C02002059
:10B97000BC380120601105086666E63EFC8D01209A
:10B9800050AD01207B960120F0850120B891012067
:10B99000DC960120087B01206F1203384436012019
:10B9A0002DE9F04F8E4C83B08E4E4FF00008271FCC
:10B9B000DFF8709296F808B03D4607F1700A31E062
:10B9C0005FFA83F853084FEA920E03F07731D008FC
:10B9D0000EF0333E00F0113001EB0E03D31A1B1AA8
:10B9E00003EB131303F00F33A9FB031E4FEADE1E14
:10B9F000CEEB0E2EA3EB0E0EBEF1010F0ED9BEF153
:10BA0000020FA4F10400594617D1BCF1000F02D077
:10BA100012F42F7F02D1DCF7C3FC70B10C34544513
:10BA200000F0D78054F8042C08F1010312F0010C47
:10BA3000C6D194F90030142BC4D16B48F0F76FFDD8
:10BA40000220F5F79BF8694B1B78022B00F0B981B7
:10BA5000002800F01782DFF8D08198F802302BB967
:10BA6000B8F80030B3F5F07F00F27B81FFF766FE97
:10BA70005F48604C10F8101BFFF74AFCE17904F1B5
:10BA80000800FFF745FC617D04F11600FFF740FC5C
:10BA9000594A9388D088118903430B431BB20BB1D9
:10BAA0000123538155490B68DA0700F1C1815C0419
:10BAB00000F1B981180700F1AA819A0400F1AE8162
:10BAC0001C0440F143810022F273B27718060AD4B5
:10BAD0004B4BDA79022A00F0B6810620ECF7B6FA71
:10BAE000002840F0B8814FF48060F5F747F800284F
:10BAF00000F0BB81DFF8349109F1780A4C46627995
:10BB000072B1207850B14B4602E006339A4507D017
:10BB100019789142F9D159790029F6D0ECF748FA11
:10BB200006345445EBD198F80230082B00F03B81E5
:10BB3000344C354B607AA17AA0F101001A68A1F16A
:10BB40000101324BB0FA80F0C2F3C032B1FA81F198
:10BB5000DFF8DC9040099A70490918702C48197177
:10BB6000FFF7B2F84FF40070FFF7AEF84FF4003073
:10BB7000FFF7AAF84FF48020FFF7A6F84FF0007007
:10BB8000FFF7A2F8B9F80430002B40F03681214BC2
:10BB9000214A19680A400AB100221A6099681F4AAE
:10BBA0000A400AB100229A601A79013A042A01D99E
:10BBB00001221A7198F80230053B032B40F2A28053
:10BBC000174B93F800B0BBF1000F3ED00023019358
:10BBD000A4E008F1FF38B8F1020F7FF631AF2CE78F
:10BBE000843C0120C8360120803C0120D07E012009
:10BBF0006491012048910120C039012050AD0120FD
:10BC000068A701205C7801204C390120142701200D
:10BC10003619F821E4AF01200000C0FFFDFDFFFF51
:10BC2000E424002081808080BC380120A49401207D
:10BC3000583701200023019A3AB198F80B204AB9ED
:10BC400098F80920012A00D023B198F80A30002B77
:10BC500040F08380DFF85CC2DFF85CB20CF5847AD8
:10BC60001CF8012C6346032002EB42025A4492F86E
:10BC7000B89092F8B98092F8BAE01A784A45A8BF0D
:10BC80004A4603F8012BD979DA784145A8BF4146E5
:10BC90007245A8BF72460138D971DA70EDD10CF146
:10BCA0002C0CE245DCD1D6F828C0BCF1000F00F026
:10BCB000C480774B4FF0010E03F1780013F8012C8C
:10BCC000182A0AD11A78511D0EFA02F20EFA01F161
:10BCD00012EA0C0F18BF2CEA010C06339842EDD182
:10BCE00062882388C6F828C09A4201D3694B236032
:10BCF000694890F909104A1C38D103B0BDE8F04FEB
:10BD0000E9F79CBB654A002392F800B088F8083038
:10BD1000BBF1000F00F0BA80012301936FF00C0219
:10BD2000DFF89891A2EB080A03E00AEB09035B45F0
:10BD300080D219F8010B0028F7D0F9F7C1FE0028CE
:10BD4000F3D0037A9907F0D5012374E7F27B002A38
:10BD500000F090800022B277B8E6002388F80A301D
:10BD600078E74FF4F073A8F800307FE6002395F9E8
:10BD700004200C35914209D00133092BF7D1FF2360
:10BD8000437203B0BDE8F04FE9F758BB03EB430340
:10BD900057F82330DB07F2D51429F0D003B0BDE803
:10BDA000F04FE9F74BBB98F80A30002B3FF4C0AED8
:10BDB00098F80B30012B7FF4BBAE022388F80B30D0
:10BDC000B6E600283FF447AEDFF8F4E04FF0FF0C92
:10BDD000334B90F904409EF8001003F16C0093F986
:10BDE0000820A24203D1013983F808C0C9B20C333C
:10BDF0008342F4D18EF800102DE699F80000F9F78F
:10BE00005FFE00287FF4C3AEA9F80400BFE6254812
:10BE1000FEF75AFF0B689A047FF552AE2248FEF7F0
:10BE200053FF0B684CE62148FEF74EFF0B6841E6D6
:10BE30001F48FEF749FF0B6839E61820ECF7B8F801
:10BE4000D6F828C035E701220620DA71ECF7FEF8B3
:10BE500000283FF448AE0620ECF7AAF84FF48060C3
:10BE6000F4F78CFE00287FF445AE4FF00060FEF73B
:10BE70002BFF3FE642F2010213423FF427AE0022BD
:10BE8000B27723E68020FEF71FFFE4E55B46D4E6A9
:10BE9000A5940120AE014A01B0C30120E424002092
:10BEA00068AD012001600002094000020920000283
:10BEB000086000023AA6012060110508C938012077
:10BEC000D4AD01202DE9F04F6C4F83B06C4CE6F7F8
:10BED000AFFABC4280F0CF80DFF8DCA10125DFF8AB
:10BEE000DC910AF10208BAF80210002900F0A880DB
:10BEF00008EB01034B4534BF00220122052998BFFE
:10BF000042F00102002A40F09B8021884646C1F39E
:10BF10000B010BE01A881E461344002A00F09080A3
:10BF20004B4580F08D80052A40F28A8072888A42D3
:10BF3000F0D1727912F0030BECD133882046A1685E
:10BF4000019333790093FFF731FA2188009BB3EB1B
:10BF5000113F7BD05D46A669A1881C3454F8140CAF
:10BF6000C1F30B01CFF702FDBC423060BBD3454AA1
:10BF70000026454B1268B046444F1A60FFF710FD8B
:10BF8000434B444A1B78444C03EB431302EB8303BB
:10BF90003B60EBF789FFECF779FAF0B20136C4E9C0
:10BFA0000088ECF721F9202EC4E9020804F11004FE
:10BFB000F3D13868E8F7CCFEECF7B0F83749384AE7
:10BFC0000B79098903EB8303364803EB83039B005A
:10BFD000C72BD8BFC8235360642303FB01F3324946
:10BFE000C72BC1F89400D8BFC82393600023938463
:10BFF000C2E90333C2E90533C2E90733E3F7A2FF1D
:10C000002A4BDFED2B6A1A8A5B8A07EE102A07EEAD
:10C01000903A284BB8EEC77AF8EEE77A27EE267A00
:10C0200067EEA67A83ED017AC3ED007ADCF7CEFDE8
:10C03000EFF7CCFDE6F7DCF9284603B0BDE8F08F5A
:10C0400020460025FFF7D4F9A66985E7A3880636C0
:10C05000019AC3F30B0B3146063AA0689345A8BF7B
:10C0600093465A460FF08CF83046A6695946CFF7EA
:10C070007DFC306070E7012579E700BF900900087A
:10C08000E801000850AD01204C390120087B012057
:10C09000B8910120DC960120A4B7012068A70120F7
:10C0A000307E0120C439012014440020B0C3012097
:10C0B00017B7D138DCA40120004000080080000838
:10C0C00010B5074CFEF736FF02460B4624680120E8
:10C0D0000449121B63F10003C1E9002310BD00BF36
:10C0E000301D0120B07E012038B50C4BD3E900454E
:10C0F00054EA050208D103460022094910469A80F5
:10C100009A711A81196038BD064B1A68A21845F158
:10C110000003FEF775FE012038BD00BFB07E012090
:10C1200000000101301D01202DE9F04107460846BD
:10C130001646FEF7FFFE4FF47A7280460D46002346
:10C140000DF0F8F93C248446294640464FF47A72B3
:10C15000002306FB04C600250DF0ECF94FF47A73BA
:10C1600094B23846C3FB064522462B46BDE8F04153
:10C17000FEF746BE12B370B40446861803E0581B9F
:10C1800014D1B44214D014F8013B11F8010BA3F1FF
:10C19000410200F12005192AA0F1410298BF203385
:10C1A000192AECD91B1A06D10028EAD170BC7047B5
:10C1B000002070BC7047184670BC7047104670472E
:10C1C00070B5044608460D460DF0ACF9064602E08F
:10C1D00014F8013F43B1324629462046FFF7CAFF13
:10C1E0000028F5D1204670BD1C46204670BD38B5EC
:10C1F00007490546FFF7E4FF041E0649284618BF15
:10C200000124FFF7DDFF08B144F00204204638BDE9
:10C2100021740508247405086FF00042FFF7AABFD7
:10C22000A0F16103192B98BF20387047A0F141039A
:10C23000192B98BF2030704720280BD0092809D02F
:10C240000A2807D00D2805D00B3801288CBF002004
:10C25000012070470120704737B504460846019118
:10C260000DF060F90199054602462046FFF782FF6E
:10C2700070B9625D1046FFF7DFFF00B932B90135D2
:10C280002C44204601340378202BFAD003B030BD73
:10C290000020FBE72DE9F84306461F4605462C78AB
:10C2A0002B4601352046FFF7C7FF0028F7D12B2C7E
:10C2B0005DD02D2C06D0102A5ED04FF0FF3C994661
:10C2C00005463EE00125102A03F1010936D15C78CC
:10C2D000302C55D04FF0FF3C4FF01008BCFBF2FC67
:10C2E00002FB0CFE6FEA0E0E5FFA8EFE09F10103EF
:10C2F00000200EE0303CE4B2944210DA60451E4665
:10C3000002D828D1744526D93D404FF0FF3013F8AC
:10C31000014B392CEED944F02004602C0BD801B12C
:10C320000E60DDB1B0F1004F23D9FB0721D54FF0EE
:10C330000040BDE8F883573CE4B2DDE74FF0FF3C36
:10C340005C789046BCFBF2FC02FB0CFE6FEA0E0E22
:10C350005FFA8EFECAE708FB0040D8E70028E8DA5B
:10C3600017F0010F18BF6FF00040BDE8F8830546D5
:10C37000A9E74042BDE8F883302C99460546A9D18B
:10C3800099F8014009F101062046FFF74FFF782890
:10C390000DD04FF0FF3C4FF01008B146BCFBF2FC53
:10C3A00002FB0CFE6FEA0E0E5FFA8EFE9EE7102275
:10C3B00099F802406FF0704C09F1020990464FF075
:10C3C0000F0E93E701230A22002163E770B50D46A3
:10C3D0001446FEF735FF064670B1FFF7F3FFA0F2F3
:10C3E000DC53052093FBF0F303F17D02FA2A03D816
:10C3F0002B702378013323703046FEF721FF064669
:10C4000070B1FFF7DFFFA0F2DC53052093FBF0F3E0
:10C4100003F17D02FA2A03D86B702378013323706D
:10C42000304670BD002335E7613819288CBF0020E5
:10C4300001207047413819288CBF00200120704727
:10C44000303809288CBF002001207047A0F130034C
:10C45000092B07D920F02000413819288CBF002073
:10C460000120704701207047026830B41146541C07
:10C47000D31C151D046011F8024B01605178036054
:10C48000937805601B04D07843EA0123234330BC32
:10C4900043EA0060704700BF0368591C1A460160F8
:10C4A00012F8021B0260587841EA0020704700BF72
:10C4B00003685A1C02601878704700BF30B583B01B
:10C4C0000446084601910DF02DF8054601992068B3
:10C4D00001352A460EF054FE22682A44226003B039
:10C4E00030BD00BF30B583B00446084601910DF061
:10C4F00019F80546019920682A460EF041FE226887
:10C500002A44226003B030BD38B5044600681546A1
:10C510000EF036FE23682B44236038BD03680A0AF8
:10C5200070B45E1C0D0E0C0C06601D7003685D1C63
:10C5300005601C7003685C1C04601A7003685A1C58
:10C540000260197070BC704703680A0A10B45C1C62
:10C5500004601A7003685A1C026019705DF8044B7D
:10C56000704700BF03680A0E70B45E1C0D0A0C0C05
:10C57000066019700368591C01601D700368591C1E
:10C5800001601C700368591C01601A7070BC704710
:10C5900003680A0A10B45C1C046019700368591C13
:10C5A00001601A705DF8044B704700BF2DE9F04F31
:10C5B000984613468A4687B013F8011B002900F0FD
:10C5C0004A8114468146002709E0484601371C4647
:10C5D000D047234613F8011B002900F08A80252943
:10C5E000F3D16578302D00F0D98002344FF0000B84
:10C5F000A5F130010026CBB2092B5ED96C2D7CD081
:10C60000782DE6D8572D66D9A5F15803202BE0D810
:10C6100001A252F823F000BF3FC80308D3C50308A6
:10C62000D3C50308D3C50308D3C50308D3C503087E
:10C63000D3C50308D3C50308D3C50308D3C503086E
:10C64000D3C50308CFC70308DDC70308D3C5030854
:10C65000D3C50308D3C50308D3C50308D3C503084E
:10C66000D3C50308D3C50308D3C50308D3C503083E
:10C67000C7C70308D3C50308D3C50308D3C5030838
:10C68000D3C50308B1C70308D3C50308FBC7030814
:10C69000D3C50308D3C503083FC80308052817D925
:10C6A000BCF1050FAAD80A2AA8D106EB860614F811
:10C6B000015B02EB4606A5F13001CBB2A5F16100AA
:10C6C000A5F1410CA5F13702092BE7D80A46ECE7A2
:10C6D000A5F15702E7E765B1252D7FF47AAF252153
:10C6E0004846D0472346013713F8011B00297FF441
:10C6F00076AF384607B0BDE8F08F14F8012B782AE2
:10C700003FF667AF572A4ED9A2F15803202B3FF6C8
:10C7100060AF01A151F823F00BC80308D3C503088B
:10C72000D3C50308D3C50308D3C50308D3C503087D
:10C73000D3C50308D3C50308D3C50308D3C503086D
:10C74000D3C50308CFC7030823C80308D3C503080C
:10C75000D3C50308D3C50308D3C50308D3C503084D
:10C76000D3C50308D3C50308D3C50308D3C503083D
:10C77000C7C70308D3C50308D3C50308D3C5030837
:10C78000D3C50308B1C70308D3C503082FC80308DE
:10C79000D3C50308D3C503080BC80308A5784FF019
:10C7A000010B033424E7002AA3D0252A97D010E7F1
:10C7B00058F8045B32460023514648460095FEF780
:10C7C000F5FB074405E758F8043B1F6001E758F8FC
:10C7D000041B48460137C9B2D047FAE603A958F806
:10C7E000040BFEF799FA03AB3246514648460093D4
:10C7F0005B46FEF7DBFB0744EBE603AB00220A21B6
:10C8000058F8040BFEF7B6FAEDE7A2F1580203ABB5
:10C81000102158F8040BB2FA82F25209FEF7AAFA74
:10C82000E1E703A958F8040BFEF776FADBE703AB60
:10C83000002258F8040B0A21FEF79CFAD3E7A5F171
:10C84000580203AB102158F8040BB2FA82F25209D5
:10C85000FEF790FAC7E70F464BE773B5114C064653
:10C860000D4601922068A0B10F49FEF7E9FD31465F
:10C870002068FEF7E5FD0D492068FEF7E1FD0C4953
:10C88000019B2A462068FFF791FE0A492068FEF7BF
:10C89000D7FD094B1B7813B1084B01221A7002B067
:10C8A00070BD00BF4C3D012027740508897905083B
:10C8B0003DB40308C86C0508503D0120513D0120DE
:10C8C0000EB403B503AA52F8041B0192FFF7C5FF8B
:10C8D000044B05491868FEF7B3FD02B05DF804EBA0
:10C8E00003B070474C3D0120227B050870B50D4612
:10C8F0000446052216492846FFF73CFC58B9154A5C
:10C9000013781BB901211170134A13701348BDE845
:10C910007040FEF7C7BE032211492846FFF72AFCE4
:10C9200088B90C4D0C4E2A784AB133783BB10D4989
:10C930002046FFF7C5FF00232B70337070BD0A48F7
:10C94000FEF7B0FEF7E720460849BDE87040B7E7BC
:10C950002E6D0508503D0120513D0120347405081D
:10C96000BF6E05084A7405088174050895740508AA
:10C9700010B504460748FEF795FE08F0C7F820B149
:10C980000548BDE81040FEF78DBE20460349BDE8CE
:10C99000104095E7A4740508AE740508B674050840
:10C9A000024601498CE700BFBD740508004987E7CE
:10C9B000D47405080EB403B503AA52F8041B0192FF
:10C9C000FFF74BFF064B1B6823B9064B0649186857
:10C9D000FEF736FD02B05DF804EB03B0704700BF10
:10C9E000603901204C3D0120227B050808B50B462B
:10C9F00005490246086830B10449FFF7D7FDBDE894
:10CA00000840FEF76CBE08BD603901203DB4030844
:10CA10000FB407B504A951F8040B0191FFF7E6FF25
:10CA2000FEF73CFE03B05DF804EB04B0704738B588
:10CA30000446114D0846FEF7F9FD60B10F4B93F91E
:10CA400000104B1C05D10E4B59780E48BDE83840FC
:10CA5000DEE7C9B2F9E70846FFF7B4FC052804D8B9
:10CA6000C0B2EBF763FA2946E4E7204605220649FF
:10CA7000BDE8384024E700BF247B0508CD0901202C
:10CA8000B8910120E3740508F274050838B504462E
:10CA9000104D0846FEF7CAFD60B10F4B93F9001028
:10CAA0004B1C05D10D4B19780D48BDE83840AFE758
:10CAB000C9B2F9E70846FFF785FC052804D8C0B2DB
:10CAC000FEF716FE2946E4E7204605220549BDE8A3
:10CAD0003840F5E6247B0508CC090120B8910120F7
:10CAE000E7740508F774050870B506460846FEF7B2
:10CAF0009DFD00B3214B1B680133162B17D820492D
:10CB00000C221C4602FB031295682DBB1C4A0C210B
:10CB10000134162C0DDC03D801FB04208568DDB937
:10CB2000A342F5D130461749BDE87040C8E61C461F
:10CB3000ECE70024F0E70846FFF744FC162804461B
:10CB400005D80F4A0C2303FB00239D6825B9214615
:10CB50000D48BDE870405BE7084B1C60F4F74CF9EA
:10CB60002A4621460948FFF753FF0C20044B604337
:10CB7000BDE87040185CF4F759B900BFD009012036
:10CB8000DCD6040812750508267505083C750508ED
:10CB9000044B411C33F910200AB1034838E703481D
:10CBA00036E700BFF4460020517505086675050894
:10CBB0000F4A104BDFED107A13B5411C33F91040CA
:10CBC00002EB8000019190ED000A20EE270A0CF0A4
:10CBD0002FFF019902B22CB12346084802B0BDE8EC
:10CBE000104015E7064802B0BDE8104010E700BF4E
:10CBF0008C200020F446002000007A447C75050853
:10CC00008E7505082DE9F04186B00024DFF83C81DF
:10CC1000064602AF084601AA4C490EF027FB2546FE
:10CC2000D0B1042C0FD1029F49493846FFF7F4FADE
:10CC30000546F8B9474C2378AB4213DDE8B201351D
:10CC4000FFF7B6FFF7E747F8240001AA41460020A6
:10CC500001340EF00BFBE2E7002CE4D13D4C2378CD
:10CC6000AB4202DC06B0BDE8F081E8B20135FFF767
:10CC70009FFFF4E738493846FFF7CEFA054600280B
:10CC800060D1012C08D1334C2378AB42EADDE8B205
:10CC90000135FFF77DFFF7E7022C10D1039C2F49E8
:10CCA0002046FFF7B9FA28B12D492046FFF7B4FA1C
:10CCB0000028D7D12B4B0022C3E90022D2E7032C56
:10CCC0003CD1039D28492846FFF7A6FA044618B12F
:10CCD0002846FFF777FB0446049F20493846FFF7B4
:10CCE0009BFA054648B11E493846FFF795FA0546B6
:10CCF00018B13846FFF766FB0546164F3A7894425E
:10CD000004D91A493046FFF7DBFDABE705F57A7326
:10CD1000B3F5FA6FF5D8134E4CB93B78A342A1DDB9
:10CD2000E0B226F8025B0134FFF732FFF5E7013C81
:10CD3000E0B226F81050FFF72BFF93E73046FFF7DD
:10CD40002FFE8FE73046FFF731FE8BE7826805083C
:10CD50009B750508E4240020A2750508A77705083F
:10CD6000AB750508F4460020FF6C0508B175050891
:10CD700010B50F4C752104F5CE72012808BF14467A
:10CD800020460CF005F901460A48FFF741FE1A213A
:10CD900020460CF0FDF801460748FFF739FE1B213D
:10CDA00020460CF0F5F801460448BDE810402FE697
:10CDB000D8020020C7750508DA750508ED75050865
:10CDC00038B50B4CE07810F0FD0505D10948FFF7A8
:10CDD0001FFE2846FFF7CCFFE378013B012B06D866
:10CDE0000548FFF715FE0120BDE83840C0E738BD13
:10CDF000FC8D0120007605080B7605082DE9F0432F
:10CE0000064687B008460C460CF08CFB082843D138
:10CE1000671E03AD073429463A46A84612F8010FAB
:10CE2000FFF7FEF901F8010BA242F7D10023DFF86A
:10CE300078908DF8143017F8010FFFF7F1F905F825
:10CE4000010BC1B2484601910FF00EFA20B10199D1
:10CE500028460FF009FA28B13046FFF7A7FD07B0C2
:10CE6000BDE8F083A742E6D10E494046E5F76CFAEB
:10CE70000C4808230C4910F8012B06AD11F8014BA2
:10CE8000013B2A4402F80C4CF5D103A907488DF860
:10CE90001430FFF7BDFDE2E70028E9D03046FFF788
:10CEA0007FFDDCE7C8360120BC1B0508036E0508C2
:10CEB00008B5084B1A78032A08D15B780D2B05D1E9
:10CEC000E4F7F0FB0448BDE80840A1E50349BDE8EC
:10CED0000840F5E4A43601201676050821760508F9
:10CEE000034B044A04491B681268096803488FE52C
:10CEF000187AF01F147AF01F107AF01F30760508A8
:10CF00002DE9F041064608460C460CF00BFB0546A1
:10CF100020B3154B1B78A3B1144F3B788BB1384627
:10CF20000CF000FBA842024604D1214638460FF01F
:10CF3000A8F930B130460D4B0D4A0E49BDE8F0411D
:10CF4000BEE40D4B1B784BB92046F8F73BFC28B1EB
:10CF50000A4B01220A489A70FEF7AAFB03490948C6
:10CF6000BDE8F04154E500BFACB9012024AD01207B
:10CF700044760508547605083CBD0120B0C3012065
:10CF80007E7605088A6D05082DE9F04106460846BB
:10CF90000C460CF0C7FA054620B3154F3B78A3B1F9
:10CFA000144B1B788BB138460CF0BCFAA8420246F1
:10CFB00004D1214638460FF064F930B130460C4BAD
:10CFC0000D4A0E49BDE8F0417AE40D4B1B784BB990
:10CFD0002046F8F7C7FB28B10A4B01220A489A708D
:10CFE000FEF766FB02490948BDE8F04110E500BFC5
:10CFF00070B70120ACB90120937605085476050876
:10D000003CBD0120B0C30120A07605087A6D05085B
:10D010002DE9F041064608460C460CF083FA054619
:10D0200020B3154F3B78A3B1144B1B788BB1384616
:10D030000CF078FAA842024604D1214638460FF097
:10D0400020F930B130460C4B0D4A0E49BDE8F04195
:10D0500036E40D4B1B784BB92046F8F79BFB28B103
:10D060000A4B01220A489A70FEF722FB024909483E
:10D07000BDE8F041CCE400BF0CAD0120ACB901200B
:10D08000B2760508547605083CBD0120B0C30120E6
:10D09000BD7605086C6D0508F0B50D4689B00646ED
:10D0A0000846FFF78FF92021044628460FF0DCF8E8
:10D0B00020B93046FFF774FC09B0F0BDFFF782F9E4
:10D0C0002246054601460E48FFF7A2FC7DB1202D01
:10D0D0002A466946204628BF2022002707F022F969
:10D0E0000646B74206DBAD1B3444002EEED1FEF7F8
:10D0F000D5FAE1E71DF807000137FEF7BFFAF0E7C0
:10D10000CD76050870B50C4605460846FFF75AF976
:10D110002021064620460FF0A7F8044618B92846F5
:10D12000BDE870403CE4104D2A7D697D914201D0FC
:10D1300007F0E2F80D4B20461E600CF0F3F90122D7
:10D140000146204607F084F92B7D6A7D9A4201D082
:10D1500007F0D2F820460CF0E5F9324601460448C3
:10D16000BDE8704054E400BFB0C301200086012038
:10D17000E57605082DE9FF4707F07AFC8268284E1E
:10D180000025838904460188374601924288DFF8EA
:10D19000A090DFF8A080DFF8A0A0009242682148AC
:10D1A000FFF736FC15B94846FEF77CFAD8F8003090
:10D1B0009D420DDB0023062000FB03F17A18795C09
:10D1C00002291BD00133062BF6D100239B88FFDEFA
:10D1D0003378052B10D80AEB8303D3F8CC20B3881F
:10D1E0002946013510480093063636F8043CFFF70F
:10D1F0000FFC062DD6D1DDE70022F0E79188538899
:10D20000CB1A616803FB0111039107F041F90399FF
:10D210000246064804B0BDE8F047FFF7F9BB00BF7F
:10D22000480C0120FB76050854770508637705084C
:10D23000497705086C0C012060110508074B411C5B
:10D2400033F9102002F5FA639BB2B3F57A6F02D876
:10D250000348FFF7DDBB0348FFF7DABBF0440020CB
:10D2600080770508957705082DE9FF4106460846B1
:10D270000D46FEF7DBF90746E8B100240A25092C24
:10D2800017D90A2203A90120FDF72EFD434A03A95D
:10D29000B4FBF5F305FB13430134D35C03700023A7
:10D2A00043703046FFF7E0FF122CE8D104B0BDE830
:10D2B000F08103A8EAE70846FFF784F8C4B2112C0E
:10D2C00062D8681C364DFDF7BBFF8046C0B9354BB0
:10D2D00013F814108A1E51425141324B13F8142096
:10D2E000AA5C00294BD003EB4403192040F2EE2145
:10D2F0005B7800FB031321462B48FFF789FBD5E73A
:10D30000017828460EF0B0FF60B1431B042C8CBF9F
:10D31000032200222548104450FA83F393F8E47066
:10D32000032F03D13046FFF741FBBFE74046FDF72F
:10D3300087FFF0B1022FF5D1FFF744F840F6CA029B
:10D3400080B2184B904203EB4403A8BF104640F252
:10D35000EE229042B8BF10461922A0F2EE20B0FB98
:10D36000F2F05870BB1E594259410E4B03F814702D
:10D37000B3E7022FF6D13046FFF712FB96E72146BE
:10D380000B48FFF745FB91E711230A4A0A4930464B
:10D3900000933B46FFF794FA88E700BF90720508B8
:10D3A000E8590508E8930120296E05086011050871
:10D3B000396E0508AB770508B17105080FB407B5DC
:10D3C00004A951F8040B0191FFF710FB03B05DF8BD
:10D3D00004EB04B070472DE9F04F074691B0884840
:10D3E0000D46884EFFF714FB002340248649062291
:10D3F00033702846854B0978C3F800D0844B1C70E5
:10D400000123FBF729FF0A20FAF786F933780C2B62
:10D41000DAB240F2F0809DF80C50FE2D2ED0FF2D98
:10D420000BBF15240F2401260026944240F0E38010
:10D43000611E6846C9B2D7F787FC10AB1C4414F8CC
:10D44000413C834240F0D28006F1FF389DF80D3018
:10D450005FFA88F8B8F1010F12D903F01F075C09D1
:10D4600061376C48FEF714F9022E72D0013C042C8F
:10D470006BD8DFE804F00B5E626A66000226D4E730
:10D480009DF80E701D469DF80F40EAE76248FEF7D2
:10D4900009F96C464FF0000ADFF8D891DFF8D8B1EF
:10D4A0005E48FEF7F5F80AF1010A14F8011B484638
:10D4B000FFF784FFBAF10C0F53D1FEF7EFF8022EFD
:10D4C00059D064223B465648B5FBF2F102FB11529B
:10D4D000C9B2D2B2FFF79CFAB8F1010F7DD8514A18
:10D4E000514B9DF810105148002914BF11461946A0
:10D4F0004F4DFFF78DFA9DF811104E4B4E48002905
:10D5000014BF19462946FFF783FA022E65D19DF80C
:10D5100012404A48FEF7BCF89CB3FF2C41D00A22C7
:10D520004748B4FBF2F102FB1142D2B2FFF770FAA6
:10D530002AE04448FEF7B6F8ABE74348FEF7B2F8F6
:10D54000A7E74248FEF7AEF8A3E74148FEF7AAF87E
:10D550009FE700230DF11F008DF83F30FEF7A2F882
:10D5600097E73C4B03FB0AF2B2F1553F9BD8584674
:10D57000FEF78EF897E73A4629463748FFF748FA0C
:10D58000AAE72846FEF78EF89DF813403348FEF7C9
:10D590007FF854B1FF2C23D021463148FFF738FAE9
:10D5A00006E03048FEF77EF8EEE72148FEF77AF80D
:10D5B0000DF1130500241E4E2A4FDFF8788015F870
:10D5C000012F8AB1FF2A0CBF3A4642462146013458
:10D5D0002548FFF71DFA042CF1D111B0BDE8F08FFA
:10D5E0002048FEF75FF8E3E73246EFE71F49384689
:10D5F000FFF766F9F1E71E48FEF754F8EDE700BFC4
:10D60000CF77050884770120E42400208877012063
:10D61000B4770120E0770508EB770508197805084D
:10D6200030780508B3770508BC77050867780508E2
:10D63000A7770508006E05087E7805088578050837
:10D6400099780508F2770508FA7705080278050841
:10D6500011780508ABAAAAAA4C780508A178050894
:10D66000247C0508C3770508B1780508BC7805084F
:10D67000CC7805082B780508CC6C05082DE9F74F08
:10D68000054608460B46FDF7D1FF044610B93A4A55
:10D6900017782FB92846FFF789F903B0BDE8F08F56
:10D6A0002646DFF8F080DFF8F09001AADFF8ECA062
:10D6B000184632490DF0DAFD10B9FAF7B1F8ECE787
:10D6C000FEB9FEF77FFE041E2D4B14DD1A7894423E
:10D6D0000BDC21462B48FFF79BF9013C01AA2749A7
:10D6E000002001360DF0C2FDE6E7FF2C03D12648ED
:10D6F000FFF78EF9F1E71A7828462449FFF7E0F89A
:10D70000CBE7FEF75FFE2F2883462FD80FB1FAF73D
:10D710009DF8BBF1060F0DD0194901235FFA8BF27A
:10D720000978E0B2FBF798FD594648460027FFF715
:10D730006FF9D3E7DAF800301B0113D5FF2C0ED0B8
:10D74000E1B22846FFF747FEEEE728460137FFF72C
:10D7500042FE0B4BF9B21A788A42F6D8E4E700276A
:10D76000074BF7E70A48FDF79DFFDDE72F2241460B
:10D770002846FFF7A5F8B1E71C0A002082680508D3
:10D78000E4240020D5780508E6780508F97805082E
:10D7900021760508307905081F7905084C390120E4
:10D7A0002DE9F04F2DED028B08EE100A83B00846EC
:10D7B0000E46174698460BF0B5FE044608BB0C25EE
:10D7C000464EDFF83C814648FFF7F8FD2046F3F768
:10D7D000FFFA3B68184205D005FB04F3404699590F
:10D7E000FFF7ECFD0134162CF0D13B6813B93D482E
:10D7F000FDF74EFF03B0BDEC028BBDE8F04FFDF727
:10D800004DBF024638493046FEF7B4FC0546B0B974
:10D810002C46324E0C25354F3548FDF739FF204652
:10D82000F3F7D6FA10EA080F05D005FB04F33846E3
:10D830009959FFF7C3FD0134172CF0D1DAE733789B
:10D840002D2B2CD10136013C012548F48003DFF853
:10D85000B4904FF0000A0193D9F808B02246304640
:10D860005946FEF787FC38BB5046F3F7B1FA019BE7
:10D87000034221D0ADB1BAF1160F02D03B6840EAA5
:10D8800003081C48C7F80080FDF702FF59461748F7
:10D8900003B0BDEC028BBDE8F04FFFF7B9B800252F
:10D8A000D3E7BAF1160F02D03D6825EA0005124809
:10D8B0003D60FDF7EDFEE9E70AF1010A09F10C0907
:10D8C000BAF1170FC8D10D4918EE100A03B0BDEC1C
:10D8D000028BBDE8F04FFEF7F3BF00BFE4D60408AB
:10D8E000507905085A7905084469050862790508E0
:10D8F00066790508717905087A7905088272050844
:10D9000061790508DCD60408014B024A48E700BFEC
:10D91000FFFF3F00E4AF012040F20223004A3FE74F
:10D92000ECAF01202DE9F74F3D4E834608460D46EA
:10D930000BF0F8FDD6F800900446B8B9394D012631
:10D94000394F3A48FDF7A4FE55F8041B49B106FAD1
:10D9500004F313EA090F02D03846FFF72FFD013414
:10D96000F2E703B0BDE8F04FFDF798BE024630493C
:10D970002846FEF7FFFB78B92A4C2E4D2E48FDF7BE
:10D9800087FE54F8041B0029EBD00B78002BF8D04D
:10D990002846FFF713FDF4E72B782D2B11D1013525
:10D9A000013C4FF0010A1F4B002753F8048BB8F1DC
:10D9B000000F09D12149584603B0BDE8F04FFEF7EA
:10D9C0007FBF4FF0000AEEE722464146284601930A
:10D9D000FEF7D0FB019B00BB0123BB409A0505D598
:10D9E000174803B0BDE8F04FFDF75CBEBAF1000F79
:10D9F0000CD029EA030313483360FDF749FE414682
:10DA00000C4803B0BDE8F04FFFF702B849EA030342
:10DA10000D483360FDF73CFEF1E70137C5E700BF75
:10DA200050AD0120C4F304088C79050882790508FB
:10DA30004469050862790508667905088272050857
:10DA400090790508717905087A790508154B1B68E6
:10DA500070B533B30025144E1448FDF723FEFDF7CF
:10DA60003EFE06F045FD06F03BFD044648B113209E
:10DA7000F3F7DCF9FDF712FE0D48BDE87040FDF745
:10DA800011BE3046FFF79AFC782D06D80135FDF718
:10DA900026FE6420F9F740FEE5E72546FDF7FEFD8A
:10DAA000F5E770BD048601201F7605089C790508FE
:10DAB000B679050830B52E4885B0FDF7E9FD2D4B48
:10DAC0001B792BB92C4805B0BDE83040FDF7EABD05
:10DAD000D3F7B6FA08B92948F5E7D3F7A1FA08B998
:10DAE0002748F0E7274B1B68DB6998470028F7D0E9
:10DAF000D3F790FA02680446037D81795208407C8E
:10DB0000E51D0C34029020790190E08800901E48B9
:10DB1000FFF754FC15F8010BFDF7B0FDAC42F9D14D
:10DB20001A4C1B48FDF7B4FD6378022B0AD00DD9BF
:10DB3000032B02D11748FDF7ABFD05B0BDE830401F
:10DB4000FDF7ACBD1448FDF7A3FDF6E71348FDF75C
:10DB50009FFD41F2E473E35C022B05D0032BECD173
:10DB60000F48FDF795FDE8E70E48FDF791FDE4E766
:10DB7000BC79050844360120C6790508D579050821
:10DB8000E37905084C360120F27905082C5F012065
:10DB9000207A0508307A0508367A0508437A0508A0
:10DBA000627A0508497A05082DE9F04F024691B0DE
:10DBB00008460B46FDF73AFD044628B11046FEF72D
:10DBC000EFFE11B0BDE8F08F4FF0FF32274626463A
:10DBD000DFF8E482DFF8E492DFF8E4A2CDE9082080
:10DBE000A34A126892F83810CDE90E02CDE90C1064
:10DBF000CDE90A0007AA9F4918460DF037FB0546F4
:10DC000004943DB9089A0C9FBA4260D19A48FEF735
:10DC1000FFFED6E7062F12D8DFE807F0041E232800
:10DC2000454C510051462846FEF7CAFA78B14FF4E8
:10DC300080600124F2F7A2FF90F90430089307AA4C
:10DC40008C49002001370DF011FB0546D9E7284625
:10DC5000FEF7B8FB0890F2E72846FEF7B3FB099001
:10DC6000EDE72846FEF7C3FA0A90E8E728460BF0EE
:10DC700059FC4146024605902846FEF77BFA18B348
:10DC8000059A49462846FEF775FA06460028D6D07A
:10DC90002846FEF797FB04280646D0D90146774868
:10DCA000FEF7B6FE8DE72846FEF78CFB00230C90AE
:10DCB0000F93C4E72846FEF785FB0D90BFE7284683
:10DCC000FEF795FA0E90BAE701230493B7E7DFF861
:10DCD000F48151B2434613F9010B884208D0013553
:10DCE000092DF8D1002101316548FEF791FE68E762
:10DCF00001216448FEF78CFE00237AB218F9011B5B
:10DD00008A4200F010810133092BF7D13A460121F4
:10DD1000E9E7A7F1140253425341059308AD0023EC
:10DD200003F10108EB68002B36D195F900B0584695
:10DD3000F2F742FFD5F804A020B1D0F80090B9F175
:10DD4000000F62D1BAF1000F1BD14FF461434FF0C5
:10DD5000010A6B60AB680BB90323AB600023D5F8F5
:10DD600004905846029319462A7ACDE900921A4641
:10DD7000F2F761FFE86038B941464348FEF748FED4
:10DD80001FE74FF0000AE5E74A464146BAF1000FA7
:10DD900037D03E48FFF712FBB8F1020F05F110052E
:10DDA0004FF00103BCD1059BDDF83C800B9D53B1C6
:10DDB0003748FDF777FCD8F800301B6A1BB12A46BC
:10DDC000344940469847049B002B4ED03249334B90
:10DDD000142F18BF19463248FEF71AFE142F09D126
:10DDE000049B03B936B12B68DB691BB132462D4960
:10DDF00028469847002C67D1002241462846CEF796
:10DE0000C1FD2948FFF7DAFAC6E7C5F80C90BAF168
:10DE1000000F23D0414625485246FFF7CFFA51461E
:10DE20004846F6F7E7F8D5F808A0BAF1000F0DD08C
:10DE300099F80420924509D041461D485346FFF702
:10DE4000BDFA48465FFA8AF1F9F7A0FCD9F82C3000
:10DE5000002BA1D00023C9F82C309DE7D9F8082069
:10DE600041461448FFF7AAFADDE70C49B3E700BFC3
:10DE7000F43C012082680508A47A05088C7A05081C
:10DE8000E87B0508BD7A0508C97A0508E57A050822
:10DE90009C7B0508F53F0308747A0508247B050878
:10DEA000C57B0508410F0408097B0508257B05088B
:10DEB000777B0508527B0508AB7505085C7905087A
:10DEC000817A050894D404081D4F0026DFF8789065
:10DED0004FF0030AF9F7BAFC0520F9F71DFC99F891
:10DEE0000030B34288D917F801BBBBF1000F15D041
:10DEF0005846F7F7E5FD044680B15846F9F714FD9A
:10DF000008B1A0F806A001210490F9F7B3FD237A27
:10DF1000049813F0010F03D0F9F7EEFD0136DEE7A8
:10DF2000F9F73CFEFAE73A4602210648FEF770FD93
:10DF3000099B002B3FF4EDAE00230593EEE600BFF6
:10DF4000C9380120BD7A0508E42400202DE9F843F2
:10DF5000037903F0E002402A54D004D872B1202A99
:10DF60002CD0BDE8F883602A52D0802AF9D182797A
:10DF700041792A48BDE8F843FEF74ABD03F007039C
:10DF8000022B02D0042B09D07BB9B0F80720B0F8DF
:10DF900005102348BDE8F843FEF73ABDD0F8051058
:10DFA0002048BDE8F843FEF733BDB0F90720B0F9CB
:10DFB00005101B48BDE8F843FEF72ABD457900244B
:10DFC000194E1A48FDF764FB012306EBC50292F8CF
:10DFD0000480A04503D8BDE8F843FDF75FBB56F8C1
:10DFE00035704FEA840957F824204AB113B9104814
:10DFF000FDF74EFB57F809100E48FFF7DFF9002335
:10E000000134E6E741790C48BDE8F843FEF700BD6E
:10E010000A48BDE8F843FEF7FBBC00BF497C050891
:10E02000107C0508FA7B050844F40408277C0508E1
:10E03000D86A050846670508387C0508607C05082D
:10E040002DE9F04715460A7981460F4602F0E004B3
:10E050009846402C38D10024DFF89881644EDFF8D0
:10E06000B89115E03B7903F00703013B032B03D87C
:10E07000DFE803F013181E24295D3046FFF79EF9F0
:10E080007B79013BA34202DD4846FDF701FB0134E9
:10E090007B79A342E6DCBDE8F08729573046FFF7DD
:10E0A0008DF9EDE735F814103046FFF787F9E7E70B
:10E0B00035F914103046FFF781F9E1E755F82410DF
:10E0C0004046FFF77BF9DBE702F00702042A41D85C
:10E0D000DFE802F0030C141619002E78602C47D0EC
:10E0E0002BD8002C4ED0202C64D0D4E795F90060BA
:10E0F000602C3DD021D8002CF5D131E02E88EDE701
:10E10000B5F90060F4E7D5F800A0202C564651D0B0
:10E1100011D8002CBFD151463648FFF74FF9D7F838
:10E1200005108A455AD8B8F1000FB4D03248BDE87E
:10E13000F047FFF743B9602C1AD0802CABD1297877
:10E140002E4B2F48002914BF29461946BDE8F04739
:10E15000FFF734B9202C2CD007D8002C9BD12646B1
:10E16000B7F90540B7F9075010E0602CE5D100265B
:10E170007B7946FA03F3DB072BD52248BDE8F0474D
:10E18000FFF71CB9B7F80540B7F8075031461848F3
:10E19000FFF714F9B44221DCB5421FDBB8F1000FE0
:10E1A0003FF479AF2A4621461748BDE8F047FFF70C
:10E1B00005B900267A79154B03EBC2010979B14202
:10E1C0000CDD53F8323053F82600BDE8F047FDF778
:10E1D0005FBA0F48BDE8F047FFF7F0B8FDF75EFA09
:10E1E00033463A6848460B49BDE8F047FEF7E2BBC4
:10E1F000247C05080D7C0508787C0508CC6C050896
:10E2000046670508757C0508D77C050844F40408B2
:10E210007E7C0508827C0508A06A05080CB407B559
:10E2200010F020000BD079B92320FDF727FA05A9BB
:10E2300004980191FEF7DAFBFDF730FA012003B0F4
:10E240005DF804EB02B070470020F8E70CB4C30699
:10E2500007B500D561B905A904980191FEF7C6FB81
:10E26000FDF71CFA012003B05DF804EB02B0704723
:10E270000020F8E72DE9F04F0F46914687B00021C6
:10E2800087EA09099846119A06460025FDF71CFA07
:10E29000DFF888B06FEA0903044605932846F2F7D1
:10E2A00097FD109B184231D0059B1B4A0340DFF8B5
:10E2B00070A014BF4FF001094FF00009039310EA5A
:10E2C00007034946304604934FF00C0303FB05F364
:10E2D0009B5814BF5A465246029300934346FFF799
:10E2E0009DFF039B22463046B3FA83F14909FDF7AF
:10E2F000EBF9029B049A0446009349464346002AE0
:10E3000014BF52465A463046FFF7A0FF0135162D7E
:10E31000C4D107B0BDE8F08FE4D604089C7C0508A2
:10E32000A27C05082DE9F04F824687B00D461E46B7
:10E330001746002A6BD04FF48072394628460DF0FC
:10E3400085FF0AF03003102B5DD0B0FA80F4640929
:10E3500016B13046FDF7ACF93E464FF00009DFF844
:10E36000B480DFF8B4B02FB30822314628460DF050
:10E370006DFFB6F90430B0FA80F45A460493504663
:10E38000B6F90630640903932146B37808EB83039A
:10E39000D3F8EC300293737808EB8303D3F8203181
:10E3A0000193337808EB8303D3F8943100934B4601
:10E3B000FFF734FF2B78E3B1B5F9042008EB8303B2
:10E3C000214650460492B5F90620D3F894310392C1
:10E3D000AA7808EB8202D2F8EC2002926A780093C5
:10E3E0004B4608EB8202D2F8202101925A46FFF7F1
:10E3F0002DFF09F1010908350836B9F1200FB2D116
:10E4000007B0BDE8F08F0028FAD00024A0E714463A
:10E410009EE700BF60110508A97C05082DE9F04FB3
:10E42000804685B00E461D469146002A4DD0AE224C
:10E43000494630460DF00AFF08F03003102B40D05B
:10E44000B0FA80F4640915B12846FDF731F9204F80
:10E45000063609F1060509F1AE0BDFF878A0B9F12F
:10E46000000F16D00622294630460DF0EFFEB5F912
:10E470000030B0FA80F4524602934046B5F90430B9
:10E48000640901932146B5F9023000937B68FFF7D8
:10E49000C5FEB6F9003063B102935246B6F90430B6
:10E4A000214640460193B6F9023000937B68FFF79E
:10E4B000CDFE063504370636AB45D0D105B0BDE8F4
:10E4C000F08F0028FAD00024BDE71446BBE700BF58
:10E4D00080120508C67C05082DE9F0452DED028B5C
:10E4E00097B00024B64F05460CAE084603AAB449BF
:10E4F0000CF0BCFEA046B8B10A2C0CD10C9FB1495F
:10E500003846FDF789FE10BBAF48FCF771FFAF48F6
:10E51000FCF76EFF16E046F8240003AA39460020F7
:10E5200001340CF0A3FEE5E7002CE7D1A84B22460E
:10E53000A8490120FFF772FFA74B2246A7490120F7
:10E54000FFF7F0FE17B0BDEC028BBDE8F085A449E3
:10E550003846FDF761FEA8B9A24D01249FEDA28ABD
:10E56000A24FA34EB5EC010A20EE080A0BF060FAA8
:10E5700057F82410013402463046FEF749FA0D2CB4
:10E58000F0D1DFE79B493846FDF746FE002855D11C
:10E59000012C17D18F4D984E984FB5F9063063B1C5
:10E5A000B5F90A303A46002101200193B5F9083047
:10E5B000009356F82430FFF749FE013406351D2C30
:10E5C000EBD1BFE7042C35D101240CAF04AE57F8D2
:10E5D0002400FDF7F7FE46F824000134042CF6D1A0
:10E5E0000D9F0024844E56F8041B3846FDF714FE98
:10E5F00000B9059401341D2CF5D1059B5A1E1B2A28
:10E6000000F27981069941F2883001F6C412824203
:10E6100000F27181079A02F6C414844200F26B8101
:10E62000914200F368816B48062404FB0303598080
:10E630009A8087E72846FEF7B3F983E770493846A2
:10E64000FDF7EAFD064600283ED1012C12D1614DAE
:10E65000694E6C4F062363435B5F3BB100933A46C0
:10E6600056F8243000210120FFF7F0FD01341D2C65
:10E67000F0D167E7032CDDD10D9CDFF87CA12046AB
:10E68000FDF7A0FE07460E98FDF79CFE80465AF85F
:10E69000041B2046FDF7C0FD002808BF37460136A1
:10E6A0001D2EF4D17B1E1B2B00F2258108F51C5377
:10E6B00044F620621033934200F21D810620454B40
:10E6C000474323F807803DE74F493846FDF7A4FD4F
:10E6D0000346002856D1012C05D102463D4920466B
:10E6E000FFF79CFE2EE7022C0AD136490D98FDF764
:10E6F00093FD00287FF426AF3348FCF779FE21E72D
:10E70000052C97D101240CAF04AE57F82400FDF777
:10E7100059FE46F824000134052CF6D10D9F002443
:10E72000354E56F8041B3846FDF776FD00B90594C2
:10E7300001341D2CF5D1059E731E1B2B00F2DB80CE
:10E74000089C44F6206304F51C5210329A4200F2F1
:10E75000D280069941F2883301F6C4129A4200F23F
:10E76000CA80079A02F6C410984200F2C48091420F
:10E7700000F3C180062317487343C518C45269804B
:10E78000AA80DFE621493846FDF746FD034600280A
:10E7900040F0B680012C05D1024610492046FFF713
:10E7A000C1FDCFE6022C33D106490D98FDF734FDAB
:10E7B00000287FF4C7AE0548FCF71AFEC2E600BF8A
:10E7C00082680508AB7505081405000830050008C7
:10E7D000DE6D05084C8D0120EA6D0508F4990120D5
:10E7E0009B7505088027002000007A444C1205081C
:10E7F000DE7C0508F27C050880120508F87C050817
:10E800000D7D0508127D0508E46D0508F06D05080D
:10E81000032C13D17F490E98FDF7FEFC00287FF4EE
:10E8200091AE0D98FDF7CEFD1F2864D87A4A0023DB
:10E8300002EBC00142F830304B6083E6E31F012B4E
:10E840003FF6F8AE01260DF1300804AF58F8260067
:10E85000FDF7B8FD47F826000136A642F6D10E9F17
:10E8600000246E4E56F8041B3846FDF7D5FC00B95F
:10E8700006940134042CF5D10F9F0024684E56F8FD
:10E88000041B3846FDF7C8FC00B9079401341D2C61
:10E89000F5D1109F0024634E56F8041B3846FDF74F
:10E8A000BBFC00B9089401340D2CF5D1059A1F2A40
:10E8B00021D8069F032F1ED8079E1C2E1BD8089C0C
:10E8C0000C2C18D80A9941F2883301F6C4109842EA
:10E8D00011D8099844F6206C00F51C531033634599
:10E8E00009D84D4B03F8327003EBC2035E709C7085
:10E8F000D880998026E64C492846FDF7E1FF21E6BD
:10E900004A493846FDF788FC064600287ED1012C8E
:10E9100018D1474C424D474E474F34F9022B40F631
:10E92000C51355F828109A4208D13846FEF770F8FA
:10E9300008F10108B8F11D0FEFD103E63046FEF7EC
:10E9400067F8F5E7022C1DD10D9C3C492046FDF7E8
:10E9500063FCA0B13A492046FDF75EFC78B1204641
:10E96000FDF730FD00F6C41241F289339A42C2D855
:10E97000344B013623F8020B1D2EFAD1E2E540F6A6
:10E98000C510EFE7032C7FF455AE0D9F2E49384696
:10E99000FDF742FC044688B138460126FDF712FD1A
:10E9A000DFF87C80044658F826103846FDF734FC22
:10E9B000002808BF344601361D2EF4D10E9E1F4993
:10E9C0003046FDF729FCC0B11D493046FDF724FC57
:10E9D00098B13046FDF7F6FC1C2C8CD800F6C4121A
:10E9E00041F289339A4286D800B24CB9154B0134B2
:10E9F00023F8020B1D2CFAD1A4E540F6C510EBE775
:10EA0000124B03EB4404A4F8DC009BE52846FDF719
:10EA1000CDFF97E5237D0508F4990120F412050840
:10EA2000801205084C120508B1750508A275050885
:10EA3000E62700203D7D0508277D0508A777050806
:10EA4000AB750508E4270020FF6C050808270020A7
:10EA50002DE9F04F9046314A8BB00C4612780021D8
:10EA60000746454609921A46FCF72EFE4FF0000B6A
:10EA70000646DFF8ACA0099B5B4502D80BB0BDE8A9
:10EA8000F08F0BF1010BB8F1000F44D02946102292
:10EA900020460DF0DBFB00283246384613BF01212B
:10EAA00000214FF001094FF00009FCF70DFEEA8943
:10EAB00006465B4607924946AA89384606926A8905
:10EAC00005922A890492EA880392B5F904200292F9
:10EAD000B5F9022001922A8800925246FFF79EFB68
:10EAE000E2895B464946384607921035A28906926C
:10EAF0006289059222890492E2880392B4F9042083
:10EB00000292B4F90220019234F8102B009252467E
:10EB1000FFF79CFBAFE7C146E2E700BF082B0020F0
:10EB2000527D05082DE9F04F2DED028B9DB0A44BD1
:10EB30000025DFF890820AAC064609AA0846A149DA
:10EB40001F780CF093FBA0B3092D29D1DDF82880A4
:10EB50009D494046FDF760FB002845D19B4C9C4DEC
:10EB60009C4E9FED9D8ADFF89C82874229DD00F153
:10EB7000010906EB800035F902AB90ED000A0AF0BE
:10EB800057FF0AF5FA6182B289B2B1F57A6F1DD8E2
:10EB9000534649469148FDF73BFF04344846E4E7B5
:10EBA00044F8250009AA4146002001350CF05EFB1F
:10EBB000C9E7002DCAD12B462A4689490120FFF713
:10EBC00047FF1DB0BDEC028BBDE8F08F94ED1E0A2F
:10EBD000069220EE080A0AF02BFF069A03464946E1
:10EBE0004046FDF715FFD8E77E494046FDF714FB88
:10EBF000044600286AD1012D06D1BC42E1DAE0B218
:10EC00000134FEF71BFBF8E7022D24D10B9D76495A
:10EC10002846FDF701FB90B174492846FDF7FCFA40
:10EC200068B12846FDF7CEFB00F5FA630546B3F55B
:10EC30007A6F06D96E493046FDF742FEC1E740F2D1
:10EC4000D175634EBC42BCDAE0B226F8025B0134F7
:10EC5000FEF7F4FAF6E7032D34D10B9D65492846FB
:10EC6000FDF7DAFA044618B12846FDF7ABFB044677
:10EC70000C9D5D492846FDF7CFFAC8B12846FDF73F
:10EC8000A1FB0546082CD5D805F5FA63B3F57A6FD4
:10EC900003D940F2D1739D42CCD14D4E5CB9BC42F8
:10ECA0008FDAE0B226F8025B0134FEF7C7FAF6E726
:10ECB00040F2D175E6E7013CE0B226F81450FEF7C9
:10ECC000BDFA7EE73046FDF76BFE7AE74A494046DB
:10ECD000FDF7A2FA0446002840F09880012D16D1D5
:10ECE0003F4D464EBC42BFF66CAFEB890134304617
:10ECF000103513F0010F214614BF2B222D2213F0E3
:10ED0000020F14BF2B232D23FDF782FEEAE7022D0D
:10ED1000D8D00B98FDF756FB431E8046072B89D8A9
:10ED20002F4A19014FF00209DFF8DCB002EB0313A0
:10ED300006910792DC89A94512DBDDE9062314F070
:10ED4000010F414613442D4814BF2B222D2214F0ED
:10ED5000020FDC8114BF2B232D23FDF759FE30E772
:10ED60000AAB53F8297097F800A0BAF12B0F03D023
:10ED7000BAF12D0F7FF45EAF0137214938460AF012
:10ED8000C7FB58B9BAF12B0F04D144F0010409F1C3
:10ED90000109D0E724F00104A4B2F8E75946384647
:10EDA0000AF0B6FB00287FF445AFBAF12B0F02D171
:10EDB00044F00204EBE724F00204A4B2E7E700BF4A
:10EDC000082B0020826805089B750508082700208D
:10EDD000F04400200C2B002000007A44737D0508CD
:10EDE000F4950120A2750508A7770508AB750508FD
:10EDF000B1750508FF6C0508A47D0508AA7D050806
:10EE0000C57D0508907D0508C17D0508092D6FD1D8
:10EE10000AAF13AC00252422002113A80DF012F92B
:10EE2000013557F8040BFDF7CDFA44F8040B092D12
:10EE3000F6D1DDF84CE00EF1FF3007283FF6FAAED0
:10EE40006FF4BB73149AD11840F2537399423FF692
:10EE5000F1AE159B03F57A71B1F5FA6F3FF6EAAEA4
:10EE6000169D05F57A71B1F5FA6F3FF6E3AEAB4248
:10EE70003FF7E0AE179FA7F16401B1F5617F3FF660
:10EE8000D9AE1899A1F16404B4F5617F3FF6D2AE12
:10EE9000DDF864C040F2B634ACF13208A0453FF66C
:10EEA000C9AEDDF868804EF66024A0453FF6C2AEDC
:10EEB0001B9C032C3FF7BEAE0F4E4FEA001906EB2A
:10EEC000001026F80920C481A4B243808580C78041
:10EED0000181A0F80AC0A0F80C800848CDE9021C06
:10EEE000CDE904847146CDE90057FDF791FD68E650
:10EEF0003046FDF75BFD64E6F4950120527D050880
:10EF00002DE9F04F87B014461A46054603910021BB
:10EF1000FCF7DAFB4FF000080646DFF82CB10623B9
:10EF20004FF0000903FB08F707F5A077039BDB5DB3
:10EF30000493002C00F08380E35D2846049A059337
:10EF40009A42324613BF012100214FF0010A4FF0CF
:10EF5000000AFCF7B9FB059B06465A46514628466F
:10EF6000CDE900934346FFF759F9049B5A465146B1
:10EF700028460137CDE9009309F101094346FFF71F
:10EF800065F9B9F1060FD1D108F10108B8F1040F04
:10EF9000C5D14FF4AC77DFF8B0B0039BA7F5AC79DF
:10EFA00013F807A0002C4CD0E35D324628469A4562
:10EFB000049313BF012100214FF001084FF0000816
:10EFC000FCF782FB049B06465A4641462846CDE99B
:10EFD00000930423FFF722F904231B4A41462846E5
:10EFE0000137CDE9009AFFF731F940F263139F42F0
:10EFF000D3D1039B93F86371ACB194F8638132462B
:10F000002846474513BF0121002101240024FCF7B5
:10F010005BFB00230C4A2146009328460523CDF8CC
:10F020000480FFF7FBF80023074A21462846009397
:10F0300005230197FFF70AF907B0BDE8F08FA24654
:10F0400093E7A046C8E700BFC97D0508F0B50546AF
:10F0500087B008460B46FCF7E9FA044638B10023AE
:10F060001B4901201A46FFF74BFF07B0F0BD03AE66
:10F07000184F02AA174918460CF0F8F8B0B1032C43
:10F0800003D12846FDF78CFCEFE7FDF79BF902AAB8
:10F0900046F824003946002001340CF0E7F8EDE78B
:10F0A000324621460C48FDF7B3FCDEE7032CE8D1DD
:10F0B000059BDDE903461A4601933146E0B2D9F7D4
:10F0C00011FD019B0028EBD12846FDF76FFCCCE732
:10F0D000F07B012082680508C97D05082DE9F04F05
:10F0E000924685B00C461A46002181465546FCF7EB
:10F0F000EBFA00268046DFF86CB0BAF1000F2FD093
:10F100002946042220460DF0A1F800284246484630
:10F1100013BF0121002101270027FCF7D5FAEB7866
:10F1200080465A4602933946AB78484601932B886D
:10F1300000933346FFF772F8E3785A46394648465B
:10F1400002930435A378019334F8043B00933346CB
:10F150000136FFF77BF8102ECFD105B0BDE8F08F58
:10F160005746E9E7DD7D0508F0B5074685B0084656
:10F170000E46FCF75BFA054638B100231B49012017
:10F180001A4605B0BDE8F040A8E70846FDF71AF9B1
:10F190000F28044621DC3046FCF752F80146204691
:10F1A000D9F7CAFC98B104F14002114B03EB82017C
:10F1B000C8780290284689780191294633F8223090
:10F1C0000C4A00932346FFF741F805B0F0BD3846DE
:10F1D00005B0BDE8F040FDF7E9BB0F23064A07493B
:10F1E000384600932B46FDF76BFBEEE7F07C0120E1
:10F1F000F07B0120DD7D0508AB710508B1710508C4
:10F200002DE9F04F8A4691B0164600211A46054670
:10F21000AAF1080AFCF758FA4FF0000804460DF16D
:10F220002C091F4F494602A8FAE90223CDE902231F
:10F23000CDF7F6FB96B306EBC803D3E90001DDE991
:10F240000223CDE90401994208BF90422246284694
:10F2500013BF012100214FF0010B4FF0000BFCF711
:10F2600033FA06A9044604A8CDF7DAFB06A94346FB
:10F270003A46009128465946FEF7D0FF434608F12A
:10F2800001083A4659462846CDF80090FEF7DEFFC1
:10F29000B8F1200FC6D111B0BDE8F08FB346EDE74D
:10F2A000EF7D0508F0B5074689B008460E46FCF725
:10F2B000BDF9054638B10023184901201A46FFF769
:10F2C0009FFF09B0F0BD0846FDF77CF81F280446F3
:10F2D0001AD83046FBF7B4FF01462046D9F782FD25
:10F2E00070B103AE0D48314600EBC400CDF798FB7A
:10F2F00023460B4A294628460096FEF7A7FFE0E77B
:10F300003846FDF753FBDCE71F23064A064938461B
:10F3100000932B46FDF7D4FAD3E700BFF07B012022
:10F32000EF7D0508AB710508B17105082DE9F74FB0
:10F330008946154600211A460746C846FCF7C4F917
:10F3400000240646DFF870B09DB305EB840104226B
:10F3500040460CF07BFF00283246384613BF01219F
:10F3600000214FF0010A4FF0000AFCF7ADF9AB1C89
:10F3700006465A4633F8243051463846019335F84C
:10F38000243000932346FEF749FFB8F802305A466E
:10F3900051463846019308F1040839F824300093A7
:10F3A00023460134FEF752FF052CCDD103B0BDE852
:10F3B000F08FAA46E9E700BFF97D05082DE9F34182
:10F3C000064608460D46FCF731F9074638B10023DA
:10F3D000314901201A4602B0BDE8F041A6E72F49A5
:10F3E0002846FCF719FF20B902B0BDE8F041CDF77F
:10F3F0008BBB2846FCF7E6FF0428044642D8284683
:10F40000FBF71EFF074670B1FCF7DCFF4FF0010869
:10F4100005463846FBF714FF48B9304602B0BDE850
:10F42000F041FDF7BDBA40F2EE258046F1E7FCF76A
:10F43000C9FFB8F1000FF0D0A5F2EE2240F2DC5384
:10F440009A4203D8A0F2EE229A420CD940F6CA039F
:10F45000134A14493046009340F2EE23FDF730FA88
:10F4600002B0BDE8F0810C4B00210F4A23F8245074
:10F4700003EB840358802346CDE900500846FEF78D
:10F48000E5FEEDE70423094A0649304600933B4672
:10F49000FDF716FAE4E700BF64390120AB750508F3
:10F4A0000A7E0508B1710508F97D0508AB770508E6
:10F4B0002DE9F04F8FB00C46002181460C921A4680
:10F4C000FCF702F94FF000080C9D052740F2DC56CE
:10F4D000DFF814B10D900C9B002B00F081802946C1
:10F4E000102220460CF0B2FE00280D9A484613BFA9
:10F4F000012100214FF0010A4FF0000AFCF7E4F867
:10F50000B5F90C200D9043460B925146B5F90A20EF
:10F5100048460A92AA7B099295F9082017FB0262D5
:10F52000089295F9072017FB0262079295F90620C9
:10F5300017FB0262069295F9052017FB02620592FD
:10F540002A79049295F9032017FB0262039295F938
:10F55000022017FB026202926A7801922A780092D6
:10F560005A46FEF75BFEB4F90C20434608F1010849
:10F5700051460B924846B4F90A2010350A92A27BF4
:10F58000099294F9082017FB0262089294F9072067
:10F5900017FB0262079294F9062017FB026206929B
:10F5A00094F9052017FB026205922279049294F9DE
:10F5B000032017FB0262039294F9022017FB0262F8
:10F5C00002926278019214F8102B00925A46FEF7CC
:10F5D0003DFEB8F1200F7FF47EAF0FB0BDE8F08F95
:10F5E000DDF830A0BFE700BF187E05082DE9F04127
:10F5F00080468EB008460F46FCF718F8054640B125
:10F6000000236B4901201A46FFF752FF0EB0BDE8F8
:10F61000F0810846FCF7D6FE1F28064600F3BE80A0
:10F620000401781C8DF83750FBF70AFE604D074641
:10F6300048B1FCF7C7FE3D2805D89DF8373028555E
:10F6400001338DF837303846FBF7FAFD074650B1E5
:10F65000FCF7B8FE0C2806D82B1958709DF83730E7
:10F6600001338DF83730A11C0DF13702384629449B
:10F67000FCF7ACFEFBF7E4FD074650B1FCF7A2FE39
:10F680000C2806D82B1918719DF8373001338DF8E6
:10F690003730611D0DF1370238462944FCF796FEDC
:10F6A000E11D0DF137022944FCF790FEFBF7C8FD80
:10F6B000074640B1FCF786FE2B1998739DF837304A
:10F6C00001338DF837303846FBF7BAFD074640B1B5
:10F6D000FCF778FE2B1958819DF8373001338DF8EF
:10F6E00037303846FBF7ACFD40B1FCF76BFE2B1909
:10F6F00098819DF8373001338DF837309DF83730D9
:10F700000C2B08D01022002128190CF09BFC40463D
:10F71000FDF746F97AE7274B0027F0B203EB040820
:10F720001F51C8F80470E8F75FFD2B19B3F90C20DE
:10F73000C8E902070B9240F2DC50B3F90A200A92A2
:10F740009A7B0992052293F9081012FB0101089196
:10F7500093F9071012FB0101079193F9061012FBB0
:10F760000101069193F9051012FB01010591197928
:10F77000049193F9031012FB0101039193F9021014
:10F7800012FB01023946384602925B780A4A01931D
:10F790002B5D00933346FEF759FD37E71F23074AD9
:10F7A0000749404600932B46FDF78AF82EE700BF35
:10F7B00034B20120A4B70120187E0508AB710508FA
:10F7C000B17105082DE9F04F174689B01A460C466D
:10F7D000002181463D46FBF777FF324E07F16C036F
:10F7E0008046DFF8C8B0079394F9041000232E4A2E
:10F7F00092F90800884250D001330C32092BF7D11E
:10F800000C35079B0C349D42EED109B0BDE8F08F5A
:10F8100029460C2220460CF019FD00284246484695
:10F8200013BF012100214FF0010A4FF0000AFBF73E
:10F830004BFFEA7995F90430804656F8222051466C
:10F84000484604922A7A56F822200392AA7956F85A
:10F85000222002926A7956F8222001922A680092A8
:10F860005A46FEF7DBFCE279514694F904304846EB
:10F8700056F822200492227A56F822200392A27986
:10F8800056F822200292627956F8222001922268CC
:10F8900000925A46FEF7DAFCB2E7002FB8D1BA461A
:10F8A000E1E700BFE4C9040868AD0120477E050810
:10F8B0002DE9F04307468BB00846FBF7B7FE044638
:10F8C00038B100234D4901201A460BB0BDE8F04382
:10F8D00078E70DF11C0807904E1CC8E901000846A6
:10F8E000FCF770FD454B40B21A4693F90410814273
:10F8F0007DD001340C33092CF7D100242546304645
:10F90000FBF79EFC064630B101350A220021EDB21C
:10F91000FCF788FD07904FF000093046FBF790FC9C
:10F92000064638B3FCF74EFD354900228C4651F8A7
:10F9300004EBD3B2704503D00132102AF7D1002373
:10F940005CF82320904215D1B9F1020F1FD0B9F114
:10F95000030F21D05A1EB9F1010FD2B212D00B2AD7
:10F9600003D88DF821300135EDB209F10109B9F163
:10F97000040FD2D1052D15D838460BB0BDE8F043A1
:10F98000FDF70EB8042AF0D88DF82230EBE7052BEE
:10F99000EBD88DF82430E6E79A1E0D2AE5D88DF8CD
:10F9A0002330E0E798E80700154B84E807009DF84E
:10F9B0002320002153F82220084604929DF8242099
:10F9C00053F8222003929DF8222053F8222002921D
:10F9D0009DF8212053F822300A4A0193079B009397
:10F9E0009DF92030FEF732FC0BB0BDE8F0830C230C
:10F9F00001258DF8200003FB042480E7803C0120D2
:10FA0000E4C90408477E05082DE9F04F914689B006
:10FA10000C461A46002180464D46FBF755FE00274E
:10FA20000646DFF8E8B0B9F1000F6DD0294606228E
:10FA300020460CF00BFC00283246404613BF012143
:10FA400000214FF0010A4FF0000AFBF73DFE064689
:10FA50002878ECF789F9079020B36879ECF784F9F6
:10FA6000079B40F2DC514FF0050C5B7995F90320C0
:10FA7000079395F902301CFB021295F801E01CFB7C
:10FA80000313297900B14079CDF804E0CDE90232C1
:10FA9000079B5A46CDE90410009351463B46404629
:10FAA000FEF7BCFB2078ECF75FF9079020B3607994
:10FAB000ECF75AF9079B40F2DC514FF0050C5B79EB
:10FAC00094F90320079394F902301CFB021294F876
:10FAD00001E01CFB0313217900B14079CDF804E06B
:10FAE000CDE90232079B5A46CDE9041000935146F6
:10FAF0003B464046FEF7AAFB013706340635142F75
:10FB000091D109B0BDE8F08FCA46CBE7647E050805
:10FB10002DE9F041064686B008460F46FBF786FD04
:10FB2000054640B10023544901201A46FFF76CFFF7
:10FB300006B0BDE8F0810846FCF744FC13280446F3
:10FB400000F3918006268DF817504B4D4643781CE4
:10FB5000FBF776FB074660B1FCF734FCC0B2ECF76C
:10FB6000EFF830B10379AB559DF8173001338DF8BC
:10FB700017303846FBF764FB074660B1FCF722FC00
:10FB80000C2808D8062303FB045358709DF817303F
:10FB900001338DF81730B11C0DF117023846294496
:10FBA000FCF714FCFBF74CFB074660B1FCF70AFCC2
:10FBB000012808D8062303FB045318719DF8173059
:10FBC00001338DF817303846FBF73AFB78B1FCF774
:10FBD000F9FBC0B2ECF7B4F848B10623027903FB95
:10FBE00004535A719DF8173001338DF817309DF882
:10FBF00017200623042A28D103FB045300229A80ED
:10FC0000E8F79CF906236343EE18E85CECF7ACF8E0
:10FC100040F2DC5596F90320052396F902708046E0
:10FC2000707913FB075713FB0255ECF79DF84379E6
:10FC3000214698F805200393337910480097CDE9C1
:10FC400001537378FCF7E4FE72E7052A04D103FB45
:10FC5000045300225A71D3E7062AD1D00023AA19EF
:10FC6000AB519380CCE71323054A064930460093F5
:10FC70002B46FCF725FE5BE7A4940120647E050873
:10FC8000AB710508B17105080EB400B584B0084920
:10FC900005AB019001A853F8042B0393FCF786FCF5
:10FCA000019B00221A7004B05DF804EB03B07047AA
:10FCB000A1AF0308F8B54E1E054601F11F04054F1C
:10FCC00016F8012F284639460235FFF7DDFFA64218
:10FCD000F6D1F8BD2B7805082DE9F04300279BB03D
:10FCE000064608460C4609F01DFC05461C2239460E
:10FCF00002A801970CF0A6F925B3402D08D04023A7
:10FD00002A4632493046FCF7DBFD1BB0BDE8F083E4
:10FD10000DF1040804F140090222214668460CF066
:10FD2000C2FA102209A968468DF80270FCF77AFB26
:10FD3000099B0DF10202934220D1023408F8010B15
:10FD40004C45E9D100213D220AA809910CF07AF92D
:10FD5000002D2FD01E4B1B78B3B120221D4901A8C6
:10FD60000CF074FA80B109A81A49FFF7A3FF09AB98
:10FD7000194A30461949FCF7A3FDC6E71A78304600
:10FD80001749FCF79DFDC0E7164B1B7893B901A8F6
:10FD9000F5F7CEFC70B1144B012209A80D49DA70B9
:10FDA000FFF788FF1148FBF783FC09A91048FCF70F
:10FDB0002FFEAAE70C4BDB781BB9054B1B78002BF9
:10FDC000F3D0044909A8FFF775FFEEE77D7E05082B
:10FDD000AEB9012080B70120BB7E05085476050826
:10FDE0009F7E05083CBD0120B0C30120C57E0508EB
:10FDF000D47E05082DE9F04F06468DB00846FAF787
:10FE0000E1FF054698B3384BB3F90020002A5AD0D9
:10FE1000364BD71783FB020309A81344C7EB6317BC
:10FE2000C7EB07143FB2A2EB840424B2002CB8BF86
:10FE30006442FCF779F909A81FFA84F887EAE774A5
:10FE4000FAF7C0FF0546A4EBE77400284AD0BDF8D6
:10FE50002420A4B29DF826309DF827C09DF828E004
:10FE60009DF829909DF82AA0BDF82C1016E00446B4
:10FE70008046074600204FF0010CDFF878B00146BD
:10FE8000634682468146864602460546ADF828000E
:10FE90008DF82A00ADF82C00CDF824B0002FB4BFA7
:10FEA0002D202B2005903046CDF800C0CDE903A1D0
:10FEB000CDE906480E49CDE901E9FFF7E5FE284600
:10FEC0000DB0BDE8F08F14468B780A882B2091F88E
:10FED00003C0A04691F804E091F8059091F806A0BF
:10FEE0000989DFE7A4B2C5E7DC3901208988888861
:10FEF000C47205080000010191ED056AD0ED017A98
:10FF0000D1ED036A91ED047A67EEA66AD0ED005A4E
:10FF100027EE877AD1ED004A67EE867A91ED025A94
:10FF200091ED016AE4EEA56AD1ED064AA6EE257AC6
:10FF300090ED026AE5EE257A91ED075AD1ED085A67
:10FF4000E4EE866AA5EE067AE5EE867AC0ED006AF2
:10FF500080ED017AC0ED027A704700BFD0ED005A03
:10FF600008B5B0EE650A0CF05BFAB0EE405AB0EEA0
:10FF7000650A0CF039FAD0ED014AF0EE405AB0EEC5
:10FF8000640A0CF04DFAF0EE403AB0EE640A0CF060
:10FF90002BFA90ED023AF0EE404AB0EE430A0CF034
:10FFA0003FFAB0EE404AB0EE430A0CF01DFA23EEE1
:10FFB000E56A25EE847AC1ED024A65EE046A81EDB8
:10FFC000056A23EE844A25EE006A65EE805A81EDCB
:10FFD000004A60EE637AB0EE464A25EE235AC1ED40
:10FFE000017AA4EE874AA4EE867A81ED085AB0EE33
:10FFF000666AA4EEE56AE4EEE65A81ED034A81ED15
:020000040804EE
:10000000077A81ED046AC1ED065A08BD03469FEDEB
:100010001D6AF0B5B3F9022085B0B3F900401A4D5E
:1000200001A8B3F9043085FB0467E41785FB02C619
:10003000D21785FB03C5DB17C4EBA704C2EBA602EE
:10004000C3EBA50312B21BB224B207EE102A07EECF
:10005000903A06EE904AB8EEC77AF8EEE77AF8EEF4
:10006000E66A27EE067A67EE867A66EE866A8DED98
:10007000027ACDED037ACDED016AFFF76FFF05B08F
:10008000F0BD00BF35FA8E3C6766666600224260AE
:1000900002600CF089B900BFDFED107A9FED107A95
:1000A00060EEA77A08B5C7FEC07A67EE877A87EE5A
:1000B000A05AB0EE450A0CF097F9F0EE405AB0EEB7
:1000C000450A0CF0ADF9F7EE007AB6EE007AC7EE0D
:1000D000A56AE0EE267A27EE870A08BD3333F33EA1
:1000E000DB0F4940002208B5002302608360FFF760
:1000F000D3FF80ED010A08BD08B5FFF7CDFFD0EDB5
:10010000027A80ED010AF8EE677A87FEC00ABCEE3B
:10011000C00A80ED020A08BD0022DFED077A08B5AB
:10012000002320EE270AC26003604360FFF7B4FF9C
:1001300080ED020A08BD00BF11E2C63FDFED097A7B
:1001400008B520EE270AFFF7A7FFD0ED037A80ED70
:10015000020AF8EE677A87FEC00ABCEEC00A80ED9C
:10016000030A08BD11E2C63F0022DFED077A08B599
:10017000002320EE270A0261036043608360FFF7DB
:100180008BFF80ED030A08BD1811FB3FDFED097AF4
:1001900008B520EE270AFFF77FFFD0ED047A80ED47
:1001A000030AF8EE677A87FEC00ABCEEC00A80ED4B
:1001B000040A08BD1811FB3FB5EE400A10B4F1EE79
:1001C00010FA0ED0F5EE400AF1EE10FA09D001391E
:1001D000082906D8DFE801F019222B353F194922FA
:1001E0001000374A374C38491346C0E90024816073
:1001F0000C305DF8044B1847344BD20703603DD5F3
:100200003349344AC0E90112F2E7334BD2070360A5
:1002100051D53249324AC0E90112E9E7314BD107E1
:1002200003602BD52A49304AC0E90112E0E7930761
:1002300039D52E4A2E4C2F491346C0E9002481603F
:10024000D6E7940727D52C4A2C4C2D491346C0E9F4
:1002500000248160CCE7910715D52A4A2A4C2B4906
:100260001346C0E900248160C2E7294BD40703602C
:1002700004D51749274AC0E90112B9E72649124AAD
:10028000C0E90112B4E7254A254C26491346C0E9C6
:1002900000248160ACE7244A244C25491346C0E978
:1002A00000248160A4E7234A234C24491346C0E973
:1002B000002481609CE72249034AC0E9011297E7C4
:1002C00035B003081512000031B00308AD0304086F
:1002D00079110000CD0304088D00040819110000F5
:1002E000511400006D03040891030408E50004089C
:1002F000B90F0000F9000408190104080D100000EE
:100300003D01040869010408811000008D01040802
:10031000450304085D030408C9110000E90404084A
:10032000E110000009050408B10404085910000098
:10033000D104040895040408F10F0000A504040882
:1003400049110000002201219FED031AC260826062
:10035000426002600CF024B8F304353F01219FEDA8
:10036000021A0CF01DB800BFF304353F0022DFED88
:10037000067A01219FED051A20EE270AC2608260ED
:10038000426002600CF00CB88AD1A23F3ACD133F14
:10039000DFED047A01219FED041A20EE270A0BF00D
:1003A000FFBF00BF8AD1A23F3ACD133F0022DFED4D
:1003B000067AB6EE001A012120EE270AC26082609A
:1003C000426002600BF0ECBF11E2C63FDFED047A41
:1003D000B6EE001A012120EE270A0BF0E1BF00BFA4
:1003E00011E2C63FDFED157A9FED157A60EEA77A30
:1003F00008B5C7FEC05A25EE877AC7EE204AB0EE90
:10040000640A0BF0F1FFB0EE405AB0EE640A0CF053
:1004100007F8F7EE006AC5EE007A9FED0A7A65EEFE
:10042000875A37EEA67A77EEE67A85EE876AC7EEC8
:10043000876A80ED036AC0ED026A08BD3333F33E7C
:10044000DB0F4940DB0FC940DFED107A9FED107ADA
:1004500060EEA77A08B5C7FEC07A67EE877A87EEA6
:10046000A05AB0EE450A0BF0BFFFF0EE405AB0EED6
:10047000450A0BF0D5FFF7EE007AB0EE007AC7EE32
:10048000A56AE0EE267A87EE270A08BD3333F33EED
:10049000DB0F494008B500230360FFF7D5FF80ED6F
:1004A000010A08BD08B5FFF7CFFF80ED010A08BDBE
:1004B000DFED067A08B5002320EE270A03604360CB
:1004C000FFF7C2FF80ED020A08BD00BF11E2C63F80
:1004D000DFED047A08B520EE270AFFF7B5FF80EDBF
:1004E000020A08BD11E2C63FDFED067A08B5002317
:1004F00020EE270A036043608360FFF7A5FF80EDCD
:10050000030A08BD1811FB3FDFED047A08B520EEA1
:10051000270AFFF799FF80ED030A08BD1811FB3F7A
:10052000F0B407688F4218D94D1E7E1E002315F8BF
:10053000014F0821634013F0800F4FEA430482EA21
:1005400043030CBFE3B2DBB20139F4D1AE42EED1CA
:100550007A1C02603B70F0BC70477A1C002302607A
:100560003B70F0BC704700BF0823484010F0800F7C
:100570004FEA400182EA40000CBFC8B2C0B2013B62
:10058000F4D170470A44914218D030B44C1E551E25
:1005900041F2210114F8012F082380EA022010F40F
:1005A000004F4FEA400281EA40000CBF90B280B297
:1005B000013BF4D1A542EDD130BC70477047F8B58E
:1005C000154D6B78BE2B25D1AC1C144F0222294649
:1005D0004FF6FF70FFF7D6FF22884AB1A618BE4239
:1005E00018D2052A16D921463446FFF7CBFFF3E788
:1005F00021460222FFF7C6FF0222A1180634FFF7A8
:10060000C1FF074B641B1C8041F60F53C31A5842AD
:100610005841F8BD0020FCE70040000800800008B9
:100620004CBD01202DE9F04F8FB0DFF8E881FBF7DA
:10063000B7F9DFF8E4B1E1F7FBFE6F4A0123DFF819
:10064000C4A1A2EB08026D4F0292032201926C4AF0
:10065000137098F80030AE2B30D1FFF7B0FFBBF825
:10066000A43180F00100BA45ADF81030C4B210D208
:10067000644DA9881C3555F8140CC1F30B01CBF758
:1006800075F955F8043C1B68834218BF0124BD422C
:10069000EFD3DCB998F80030AE2B02D1FFF78FFF13
:1006A00010B90520F7F7EAFB0024554B1C70E1F761
:1006B0009FFE554B1C700FB0BDE8F08FBBF8A43106
:1006C000BA45ADF8103001D20124D1E70023029AD7
:1006D000CDF820800D93CDE909234C4ACDE90B33A9
:1006E0001369002B7DDB0123002404A9022208A842
:1006F0008DF834300C94FAF739FF04A902224FF632
:10070000FF70FFF73FFFBA45054671D203940DF124
:1007100018093C4CA6880622238849460398C6F34C
:100720000B061C348DF81D00C3F30B0006EB020C06
:100730001B0BADF81A0008A8ADF818C08DF81C30D6
:10074000FAF714FF284606224946FFF71BFF54F824
:10075000141C0546324608A8FAF708FF54F8141C82
:1007600028463246FFF70EFFBC420546D2D300248E
:10077000022205A908A8ADF81440FAF7F7FE05A96A
:1007800002222846FFF7FEFE43BA49460222DB4317
:1007900008A8ADF81830FAF7E9FE0B9890B90C9854
:1007A0009DF8343043B900283FF474AF019B013BFE
:1007B00001937FF44EAF74E7144A136943F000438A
:1007C0001361F0E70AABC0F10402214618440BF0B4
:1007D00039FC0C980028E3D108A80AA9FAF742FED0
:1007E000DEE70B4B536003F18833536013697AE7FC
:1007F0000DF11809BBE700BF008000089009000850
:10080000E4930120E801000880A70120003C024099
:1008100023016745004000086011050810B507492D
:100820000124074B02220C709A73FFF7FBFEFBF7C3
:1008300049FB2046BDE81040F0F74EBC7025002073
:10084000B891012008B5FFF7EDFE0120BDE8084092
:10085000F0F742BC10B401224C0901F01F0150F81E
:10086000243002FA01F123EA010340F824305DF854
:10087000044B704710B401224C0901F01F0150F8DD
:10088000243002FA01F10B4340F824305DF8044BA8
:10089000704700BF01234A0901F01F0150F82220D0
:1008A00003FA01F1114214BF18460020704700BF3F
:1008B00038B5064C064DAC4206D2A16820461C3421
:1008C000FAF774FDAC42F8D338BD00BFE801000868
:1008D00090090008084B024608498B420AD2184684
:1008E00002E01C30884205D20388C3F30B039A420E
:1008F000F7D1704700207047E80100089009000810
:100900002DE9F04F174685B01A46824601913846C8
:100910000021354CFAF7D8FE4FF0000907F010031C
:1009200006460293FAF7DBFE2379019A03F01803D7
:10093000934202D08AB9182B0FD12B4B4FF00D08E0
:1009400008FB0938B8F80900FFF7C4FF054668B985
:10095000D8F800102548FCF75BF809F101090D34BF
:10096000B9F5DE7FDED105B0BDE8F08F2046FAF79D
:1009700017F98046D5E90221024401442046FAF7DE
:1009800049F980F0010132460390C9B23846FAF7BE
:100990009BFE0646DDE902230AB1002BDDD10D22C4
:1009A000114902FB0912D2F800B0BA060ED56BB994
:1009B00059460F480393FCF701FDAA682146039BA3
:1009C00050464244FDF73CFBFAF768FE5946094899
:1009D000FCF7F4FCEA680023214642445046FDF748
:1009E0002FFBFAF75BFEB8E7D4FA0408E17E0508AE
:1009F000F07E0508F17E05080529F0B5054685B0AD
:100A00000C46164614D80B4F3970FAF747FE0A49C0
:100A10002846FCF70CF8224608496846FFF734F9E7
:100A20006B46324610212846FFF76AFFFF233B70D2
:100A300005B0F0BDCD090120247B0508E37405084D
:100A40000529F0B5054685B00C46164614D80B4F5F
:100A50003970FAF723FE0A492846FCF717F82246B0
:100A6000084901A8FFF710F901AB324608212846D2
:100A7000FFF746FFFF233B7005B0F0BDCC09012016
:100A8000247B0508E774050870B50546B0F8090031
:100A9000FFF720FF074B044628461E78FAF780F838
:100AA0002EB1054B1B7813B9E368184470BDA368D9
:100AB0001844FBE73CBD012005C2012038B50546BE
:100AC0000C46FFF7E1FF2B7903F0E00203F0070388
:100AD000602A29D1022BDAB20ED0042A18D03AB9F2
:100AE0006A79012393400278DBB214B11343037097
:100AF00038BD22EA0303FAE76A79012393400288AA
:100B00009BB214B113430380F2E722EA0303FAE72E
:100B100001236A7903FA02F2036814B113430360F4
:100B2000E6E723EA0203FAE7042BE1D8DFE803F063
:100B30000303050507000470DAE70480D8E70460C2
:100B4000D6E713B50446084601920091FFF79CFFD3
:100B500002462046DDE9001302B0BDE81040FDF773
:100B60006FBA2DE9F04F2DED028B08EE101A4849AF
:100B7000484A85B00B78054649781370464B197082
:100B800046490978CDE9012309B9F8F79DFC00260B
:100B9000434CDFF81CB1FFF78BFEB046F8F710FDB1
:100BA0000D233F4A18EE101A03FB0623D3F80090DA
:100BB0004846FBF705FB002841D0B8F1000F01D0F3
:100BC000FAF76CFD49463748FCF7F8FB002221464E
:100BD0002846FFF7B6FFFAF761FD237903F0180303
:100BE000082B45D0102B48D02046FDF7AFF92C4AF2
:100BF0000D2303FB0623B3F80900FFF76BFE8246C3
:100C0000D8B12046F9F7CCFF0746DAE902210244C1
:100C100001442046F9F7FEFF78B94946039022487F
:100C2000FCF7CCFBDAF80810039A28461346CA19D9
:100C30002146FDF705FAFAF731FD08F10108013602
:100C40000D34B6F5DE7FABD10020FAF7F7FCFF23B9
:100C5000019A1370029A1370B8F1000F12D1134960
:100C6000284605B0BDEC028BBDE8F04FFBF728BE6F
:100C700059462846FBF70AFFB6E759462846FBF7D0
:100C8000D6FEB1E705B0BDEC028BBDE8F08F00BF2A
:100C9000B8910120CC090120CD0901203CBD0120E3
:100CA000D4FA0408F57E0508FB7E05088272050863
:100CB000247B050808B504460848FAF7E9FCFAF76A
:100CC0000EFD074B1868EFF725FFF6F7CDFD012C59
:100CD00001D1CEF717FC72B603F0E4FADC6B05081D
:100CE000F43C01202DE9F74F4FF00009012605469D
:100CF00001AA08464D490AF0B9FA4F4682464C46C9
:100D0000B046DFF864B1BAF1000F26D1B9F1000F97
:100D10002CD1002C7AD021464548FBF779FE454B73
:100D20001B780BB9F8F7D0FBFFF7C2FD424F00204C
:100D300038700EB1F8F7E0FB14B12046FAF77EFCEC
:100D4000B8F1000F15D0FAF74BFC0446002861D02B
:100D5000FFF768FC0020FFF7ADFFB9F1000F0BD0E3
:100D60005046FBF72FFB84B2002C3ED12846FBF700
:100D70001DFE03B0BDE8F08F30495046FBF720FA66
:100D800000283CD12E495046FBF71AFA002839D1E9
:100D900059465046FBF714FA002835D129495046E8
:100DA000FBF70EFA0028E1D0002FDFD1FAF702FCA2
:100DB000B0B1254B254D1C68254E013C14F8011F90
:100DC0004B1EDBB2FD2BD4D82B689C42D1D20A2912
:100DD00003D03046FCF7F2FAF0E7FAF75FFCEDE7F4
:100DE0001C492846FBF7E6FDC3E74FF0000901AABE
:100DF0000E49002001370AF039FA824683E74FF0A6
:100E00000109F4E7C846F2E74E46F0E71248FAF760
:100E10004FFC89E711492846FBF752FD1049284647
:100E2000FBF74EFD0F4B3C701C70A2E78268050873
:100E30002D7F05083CBD0120513D01200B7F050899
:100E4000656D0508D76E050800280008042800080D
:100E5000B87E0508147F0508507F05084A74050808
:100E6000667F0508503D0120036D050838B505462D
:100E7000FAF7B6FB044650B10B4B02229A73FFF708
:100E8000D1FB0A48FAF714FC0020FFF713FF0849CA
:100E90002846FBF715FD07492846FBF711FD064BD1
:100EA0001C70064B1C7038BDB8910120847F05086A
:100EB0004A740508667F0508503D0120513D012018
:100EC000084808B5FAF7F4FBFAF709FC0020064BCE
:100ED0001870064B1860064B1870064BC3E90000EB
:100EE000FFF7E8FE8B7F05083CBC012038BC0120E1
:100EF000F03C0120F446002010B5044608460B469D
:100F0000FAF794FB28B9032208491846FBF732F98F
:100F100028B90748FAF7CCFB0120FFF7CBFE2046A3
:100F20000449BDE81040FBF7CBBC00BFB27F050809
:100F3000B67F050895740508012008B5FFF7BAFECD
:100F400010B50C4628B1C943013801F00101F6F78C
:100F5000BBFEE30702D472B603F0A4F910BD00BFD4
:100F60000020704700207047012070470120704723
:100F70000020704700207047054B00209B6810B48C
:100F80004FF4007414805DF8044B0B60704700BF91
:100F9000683601200020704700207047024A034B4A
:100FA00012681A60704700BF301D012028C401205C
:100FB0002DE9F84F144B1D68ED0A1FD00026134F82
:100FC000DFF84CA0B146B846AC193A681023404649
:100FD0006410D2F824B0C7F828905246E102D847EE
:100FE0000F280BDD0A4B03F1100253F8041B0131EB
:100FF00007D19342F9D12546B542E5DCE802BDE8C8
:10100000F88F661CF8E700BF04860120981D0120B8
:1010100038010020134A30B4134C1378134D234485
:10102000C0E900342B781078834213D810788342BB
:1010300005D3002330BC1846C1E90033704712784D
:10104000002B4B60C2F180020CBF012002200A601D
:1010500030BC70471478002201201B1B30BCC1E952
:1010600000327047C4C301206C770020C5C3012043
:101070000B4A10B413780B4C03442168DBB20844CC
:101080001370137820601B0603D5137883F0800358
:101090001370054B01225DF8044B1A70704700BFB6
:1010A000C4C3012000860120D40901200430704708
:1010B00004307047054A064B506800EB40000201BF
:1010C00003EB00109B589B69184700BF28C4012000
:1010D000381D01200648406800EB400030B405018F
:1010E000044C04EB001064596469A44630BC6047AA
:1010F00028C40120381D012004307047036A1B6892
:101100001B6A5B685B7813F0010308BF43761846DF
:10111000704700BF704700BF704700BF08B5C16A85
:101120004369826A0B4443610AB108469047002034
:1011300008BD00BF41618262704700BF03460122C3
:1011400000205A76704700BF014803681B681847A3
:10115000981D0120F8B506460D461446002B30D0E8
:10116000FFF7F2FF0028FBD01C4A1D4B11681B68DB
:10117000994202D300242046F8BD1A4F1A4A3B6810
:1011800038461B699847194B00221A709CB1FB889E
:1011900079692868B1FBF3F203FB12129B1A8342B0
:1011A00014D801242B60386823462A463146446906
:1011B0000C48A04704463B680A489B69984720466C
:1011C000F8BDFFF7C1FF0028CED1D3E7022CEAD14A
:1011D0001B1A6A68934238BF6B60E4E700860120FF
:1011E00004860120981D012071100408D4090120F3
:1011F000704770474378007840EA0320094B10FBA2
:1012000001F1994208DBB1F5000F07DA0029B8BFF8
:10121000FF31081200B270470348FBE747F6FF7042
:10122000F8E700BF01FF7FFF0080FFFF10B52A4CE9
:101230002A4BA26893ED026AA2F50002D3ED016A7F
:10124000D3ED007A07EE102AD3ED055AD3ED044A08
:10125000B8EEC77AE26893ED094AA2F5000293ED71
:10126000075AE7EE066A93ED066AE7EE267A06EE7F
:10127000902A93ED037AF8EEE66AE5EEA74AD3EDFD
:10128000085AA4EE275A93ED0A4AA7EEA47AD3EDA2
:101290000B4AA5EE276AE6EEA45AE4EE275AA5EE1D
:1012A000A66AA6EE867AB5EE407AF1EE10FA03D081
:1012B000BDEEC77A80ED007AF5EE407AF1EE10FAD5
:1012C00008D0FDEEE77A17EE903A002BB8BFFF3357
:1012D0001B120B6010BD00BF28C401201893012011
:1012E00001207047012070470120704770472DE9A9
:1012F000F04FDFF8808185B05C4B4FF0000EB8F8FE
:101300000A201C691302B8F80820B8F80660E41A2D
:101310004FF000036EEB0E0ECDE90201A2FB0401BB
:1013200002FB0E11C209B8F8040042EA4162CD1175
:1013300001045218A6FB040143EB050506FB0E1140
:10134000030AB8F80260B8F80C004FEA212C43EA0F
:1013500001630021F6039B19A0FB04674CEB010C11
:1013600000FB0E77F10D4FEAE75841EA472111F5EE
:10137000FA60009048F100000190DDE90067B6F5E1
:10138000FA6F77F1000055DAA1FB016701FB08F065
:1013900007EB40070520A6FB00AB00FB07BB4FEAAD
:1013A0005A004FF0FF3740EACB704FEA6B06121A33
:1013B0004FEA9A0040EA8B7065EB06054FEAAB06F0
:1013C0001B1ADDE9009A6CEB060C294EB1457AEB4D
:1013D000070023DA40F6AC5008184FF0000148EB44
:1013E000010800FB08F8A0FB000101EB48014FF0E9
:1013F0000B08C700CE00C71B46EA507661EB060615
:10140000D21946EB0505A0FB086708FB01777108B8
:1014100041EAC77178105B1A6CEB000C04FB0EFEFE
:10142000A4FB040101EB4E01C40F44EA41040099FE
:10143000091B0091029989B10C494C69A4FB030175
:1014400004FB0C11430D43EAC1234C159A1A029B6D
:1014500064EB0505D20B42EA45421A60039B13B1C7
:101460001A46009B136005B0BDE8F08F28C4012028
:1014700024FAFFFFA89201200A4B1A686423534301
:1014800048BF03F6FF731B130360074B1A880A2338
:1014900053433022B3FBF2F303F584531A330B604A
:1014A000704700BFBC920120B89201200120704714
:1014B000704700BF704700BF012070470120704790
:1014C00001207047704700BF30B10A4BD3ED067A58
:1014D000FDEEE77AC0ED007A51B1064B9FED067A3A
:1014E000D3ED077A67EE877AFDEEE77AC1ED007AF1
:1014F000704700BFC09201200000C8423849B6EED4
:10150000003ADFED383A4B7E087E1B028A7E03EB01
:1015100000431A4418020B7FC87E48BF02F17F4285
:101520001B02497F07EE902A03EB00430120F8EEEF
:10153000E77A19441B022C4B67EEA37A48BF01F1EE
:101540007F41B3F91420D3ED025A07EE101A06EECC
:10155000102AB3F91020F8EEE55A04EE902AB8EEFE
:10156000C66AB3F91220B8EEC77AF8EEE44A06EE7E
:10157000902AB3F90E2027EE237AE7EE864A05EE8D
:10158000102AF8EEE66AB3F90C20B8EEC55A04EE5C
:10159000102AB3F90220A7EEA65A06EE102AE4EEAE
:1015A000A75AD3ED016AB8EEC44AB3F90020F8EEA9
:1015B000E66AB8EEC66A04EE902AE7EE046AE5EE43
:1015C000075A26EE076AF8EEE44AB0EE467AE7EEEE
:1015D000A56AA4EE837AC3ED066A83ED077A7047A5
:1015E00028C4012008218436C09201202DE9F04F43
:1015F000DFF834C491B0DFF834E4DCF82030BEF812
:1016000000209EF90460A3EB02230D90BEF80200B7
:10161000F717A3FB03AB0E9106FB0BF9A0FB03012D
:101620000AFB0798A6FB0A238146860489044344E3
:10163000941941EA993143EB0105002C75F100033F
:1016400003DA14F1FF3445F100054FEAE5780D9A0D
:101650002B46CCE90A58002A00F07781A5FB05014A
:10166000DCF830A005FB08F201EB4202CDE90001F5
:101670000192DDE9000184098A1144EA816404FBD6
:1016800008F1A4FB054502FB0312002C154475F17B
:101690000002C0F2C4812E129EF90A00220AC1176C
:1016A00006FB00F442EA05620F9602FB0144A0FB30
:1016B00002672744002E34463D4677F10001CDE90C
:1016C0000245C0F2A4819EF90900019DC117BEF92F
:1016D000074000FB05FB009DA4F5804405FB01BB12
:1016E000039D4FEA6519009DA0FB050104FB08F569
:1016F000DDE90267CDE9020159444FEA561CBEF903
:1017000005604FF0000B0391E1174CEAC76CA6F59A
:10171000804603FB01570399A4FB03451CEB0B0C0C
:101720004FEA81014FEA8636CDE90A45DDE90245F7
:1017300049EB060941EA9471A0000B9C3C441CEB68
:1017400000000B9449EB0109DDE90ABC5C46670522
:1017500064466505C11945EADB25049149EB05019D
:101760000591DDE90445002C75F10001C0F24581C9
:101770009EF910000F9EC11706FB00F6DDE904BCC0
:1017800064464FEA1B69241649EA0C290A94A0FB17
:10179000024502FB0162002C20461544294675F1E2
:1017A0000002CDE90201C0F220819EF90F00029AE9
:1017B000C117BEF80D605209DDE9004500FB05FCCC
:1017C00004FB01CC039C42EAC462009CA0FB040120
:1017D000BEF80B40CDE90001B0B20021A4B2CDE9C2
:1017E000040103994FEAC43B04984F110199A0FBEF
:1017F0000345049E614400984FF0000C06FB085519
:101800000191090112EB0C024FEA845641EA107172
:101810004FEA001047EB0B0712184FEA855041EBD7
:10182000070740EA94209219069247EB00020792BC
:10183000DDE90612002972F10000C0F2CF80A9FB99
:101840000A019EF91340BEF91170E51704FB08F672
:10185000DDE906BCCDE9000101985A460A9903FB6F
:1018600005669208A4FB03450AFB0101380442EA1D
:101870008C72354401914FEAAC0C009952180199D1
:101880004CEB010C241845EBE075A4FB0A010AFBA4
:101890000511002806460F4677F10001C0F2978037
:1018A000740B781344EAC744A4FB0A450AFB0055AD
:1018B000002C294671F10001CDE900457CDB9EF941
:1018C0001450AAFB0A01009CEE17640A00FB06F7FD
:1018D000CDE90256019D029E44EAC554029D05FBD6
:1018E0000177019DA0FB060112194FEA65253944D5
:1018F00006464CEB050C00280F4677F1000154DB3F
:10190000300C3C1440EA0740A0FB0A010AFB04111A
:10191000002805460E4676F1000141DBEC09F01186
:1019200044EA4664A21840EB0C0C94184CEB0C01F2
:10193000A41841EB0C01E000C90082180D9A41EA9D
:10194000547141EB0C01090C11600E9ADAB1DA18EE
:1019500048EB0801D21841EB0801D000C900C318B8
:1019600041EA5271089341EB08030993DDE908014C
:10197000002871F1000309DBDDE908128B0B43EA53
:1019800082430E9A136011B0BDE8F08F43F6FF73E7
:101990000022C3180893099B42EB03030993EBE76A
:1019A00010F17F0546F10006B8E74FF6FF740025F9
:1019B000061945EB0707A3E7009C40F2FF11002042
:1019C00061180091019940EB0101019177E741F61F
:1019D000FF740025061945EB070761E7CA1C06924C
:1019E000079A42EB0C02079229E714F11F020292B8
:1019F000039A42F100020392D7E66FF07F41002084
:101A000061180491059940EB01010591B0E616F1CA
:101A10001F010291039941F10001039153E6FF3444
:101A200045F1000537E600BF28C40120E4920120FB
:101A3000012070472DE9F74FDFF8BCC183466D4D9B
:101A4000DCF834402A880191C2EB241352005B4336
:101A5000C2EBE402B5F902401B136243B5F904403E
:101A60005C43A41304EBE224B4F5FA3E4FEAE473BA
:101A7000CCF8384043F1FF3AB5F90820AEFB0E89A7
:101A800012B20EFB0AF302FB0AF109EB4309D3176A
:101A90000EFB0311A2FB0E230B441003190341EAB2
:101AA0001251B5F90A2012B2D31702FB09F608FB4E
:101AB0000366A2FB08233344160AEA8846EA036653
:101AC0001F12301892B241EB0707003047F500476C
:101AD000A0FB020102FB07114A10CB1752EA0301D7
:101AE00000F08580B5F91060B5F90E0036B200B28D
:101AF000F71706FB09F100FB0AFA08FB0711A6FB22
:101B000008670F44C1170EFB01AAA0FB0E01514448
:101B10004FEA40484FEA414EDCF83C104EEAD03ED6
:101B2000C1F5801118EB0600B5F90C804FEAC17CB5
:101B30004EEB070ECF17FE074FEAC80746EA5106DD
:101B40000021091847EB0E0EBCEB010140F63547AA
:101B500066EB0E06A1FB070107FB061107F0EAFC86
:101B6000B5F916204E1312B2470B02FB06FCD31731
:101B700047EAC14707FB03CCA2FB07236344564354
:101B800007FB0366A2FB07233344560EB5F9142066
:101B900046EAC31612B236184FEA63674FEAE27399
:101BA00041EB0707514300FB0311A2FB00230B4449
:101BB000D10C41EA4331D814761840EB0707B5F948
:101BC0001200320A00B242EA076203011344BBF179
:101BD000000F02D01B0ACBF80030019B23B104EBAD
:101BE0008404803424121C6003B0BDE8F08F00230D
:101BF000EDE700BFFC92012028C4012001207047BE
:101C00002DE9F041344B354EB3F840207489B6F9D4
:101C10001450121B3489B6F904806243B6F912409D
:101C2000B6F90E7005EBE235B6F920C0E4025B6C44
:101C300094FBF5F404EBE234B6F90250A4F57A6EA5
:101C4000F4610EFB0EF20EFB05F512130EFB08FEFF
:101C5000B6F90C80ED12574302FB08F205EBE727BB
:101C6000B6F90050121407EB850702EB6E32B6F896
:101C700006E007FA0CF7023202379210A3EBA7072F
:101C800002F500420EFB02F24FEAD23E4CF2503215
:101C900042FA0CF37B431BD45B00B3FBFEF378B139
:101CA0001A1202FB02F540F6DE326A430C4D1214A2
:101CB0005D4302EB254202F6CF6203EB2213036081
:101CC00021B10A235C43083424110C60BDE8F08183
:101CD000B3FBFEF35B00E2E728C401208092012001
:101CE00043E3FFFF024B012283F84820704700BF07
:101CF00028C401204FF40063838170474FF40063D0
:101D0000838170474FF40063838170474FF4006311
:101D100083817047012380F8103170474FF40063CE
:101D2000838170474FF40063838170474FF40063F1
:101D300083817047437D13B1012B04D070474FF46A
:101D40008063838170474FF400638381704700BFD5
:101D50004368426D70B49A61EFF31182502383F3AC
:101D600012884168D2B2856C0B68046D23EA0503C2
:101D700023430B6082F311884369002184681A6849
:101D8000246822F00102D0E908561A601D60C26A78
:101D9000856A5E615D60056B9A60B0F86C20DD60FD
:101DA000E262017770BC7047024B03EB4010407F4A
:101DB000704700BF08200020704700BFF0B4F2B1A8
:101DC0000E460C04034600F1C007002519680C33C9
:101DD00053F8042C214343F8085C324343F80C1CAD
:101DE00043F8042CBB42F1D1D0F8C030C0F8C45045
:101DF0001E43C0F8C850C0F8C060F0BC70470E0465
:101E00000C46DFE710B5074C94F84C300BB90020B6
:101E100010BDF3F79DFE236DC01AD0F5FA50F7D52B
:101E2000F5E700BF28C40120002108B50846F5F7F2
:101E30005DFF002008BD00BF2DE9F047089C8946E2
:101E400017460021202298460646099D0AF0FAF816
:101E50005CB16189D4E900237182C2F30F40F28141
:101E6000C3F30F42F38230823283484607F05AFBB5
:101E7000FB0619D4431EB8B109EB000401E0013B95
:101E800012D314F801CDBCF12E0FF8D1C41A082BCF
:101E900003F1010A04F1FF34A8BF0823CA44032C4C
:101EA0001A46A8BF032406E008280246CA464FF097
:101EB0000004A8BF08224FF020334946304606F1FF
:101EC00008093360736009F05BF9174B22465146ED
:101ED0003381484689F80230741E09F051F9F31D28
:101EE00014F8011FA1F161002039192898BF217051
:101EF000A342F5D1484606F10B0110F8013BA3F1CE
:101F00006102203B192A98BF00F8013C8842F4D1B5
:101F1000C8F30F421823F772A6F81A80B282F5614F
:101F20003373BDE8F08700BF2020200018462DE95C
:101F3000F04F85B01546FFF731F800285DD001EB72
:101F400040230C46CB4F0293A1EB4523DFF840938F
:101F500003931AE0002D5DD07B69AB4200F0CF8087
:101F60003B69AB4200F00481D7E90631AB4248D867
:101F7000A94200F2EE81691A2046C9F73BFA04F53E
:101F80000074029B0135A34237D03A6AAA42E1D8D5
:101F9000A5EB020A3E6B4FEADA0B336B0AF0070A35
:101FA0000BF1020B9B4502D3B36B9B4508D931461D
:101FB0005846C9F7EDF90646002800F0EA81386373
:101FC0003379002B40F06681D6F82880B8F1000FF5
:101FD00000F0D881316B3346F2682046ABEB010B41
:101FE0004FF4007104F5007401350AEBCB0B02EBE2
:101FF0004B22C047029BA342C7D1002005B0BDE8D9
:10200000F08FA942B7D94FF40072002120460AF0A0
:1020100019F8B4E74FF40072294620460AF012F886
:1020200080210C23944A84F8BE1184F8C2313B69A4
:10203000B968934284F8B85184F8B95184F8BA5118
:1020400084F8BB5184F8BC5184F8BD51C4F8C63142
:10205000C4F8CA1100F38281884A4FEAE37C89FB05
:10206000030682FB03028648CCEB26361A444FEA6D
:10207000A60E84F8C161CCEB6212C2EB821C80FB1D
:1020800002602EF03F06A3EB0C0310444FEAE27C03
:102090000133CCEBE0103343024484F8C03184F8C0
:1020A000BF214A1E744B9A4200F36481734BD617CA
:1020B00089FB021083FB02137149C6EB20301344E5
:1020C0004FEAA00C84F8C501C6EB6313C3EB83167B
:1020D00081FB03012CF03F00921B1944DE170132F3
:1020E000C6EBE11102430B4484F8C42184F8C331E8
:1020F0005522AA2384F8FE2184F8FF313FE772239A
:1021000000264FF0FF3C4FF0520E6122412084F830
:10211000E431314684F8E531BB6AA27084F8E721E6
:102120004FF4F072E07084F8E601201DC4F8E83145
:1021300084F800E084F801E084F8ECC184F8EDC193
:1021400084F8EEC184F8EFC109F07CFF55226FF0EE
:102150005503C4F8F061C4F8F461C4F8F86184F878
:10216000FC6184F8FD6184F8FE2184F8FF3106E704
:102170004FF4007200212046022609F063FF582127
:10218000EB20404A6170F82120704FF0080C617517
:102190003F219023267421764FF0FF3EA370002349
:1021A00084F80DC04FF0800884F81AE04FF03E0E1E
:1021B0002673A673E372E3736374A374E3742375E5
:1021C000A375E3756376E3766377A377E37784F8A3
:1021D0001CE04FF0010E03CAC4F80300C4F8071056
:1021E000BA683969501AF969274A2062B86984F8CF
:1021F0002C60091A942084F828306162292184F81F
:10220000430084F842100E2184F8293084F84410E9
:1022100084F82A3084F82B3084F82D3084F82E305E
:1022200084F82F3084F8313084F8323084F8333039
:102230000D23164E84F846C04FF0550C84F84530F7
:10224000AA2384F830E084F8408003CAC4F84B1015
:102250001188C4F847009278A4F84F1084F85120F0
:1022600003CEC4F85200C4F8561084F8FEC184F8B6
:10227000FF3184E668360120FF03FB0083200882DB
:1022800081808080E07F0508EC7F0508F87F0508E5
:10229000975545414FF400720021204609F0D2FEC7
:1022A000336CBAF1000F7DD1002B00F09180336BBD
:1022B000112220465249CDF804A004F1200BCDF89C
:1022C00000A0FFF7B9FD336C1A6C002A00F08F8074
:1022D000039A58461B6B02F14008CDF804A0CDF8D4
:1022E00000A008EB45284FF4E07A11224549FFF79A
:1022F000A3FD766C002E3FF442AEC2444FF0000BBB
:1023000008F1200810E05CF81C1B336BCDE900CB12
:10231000FFF792FDAAEB0803B66C08F12008002E27
:1023200018BF1F2B7FF62BAE3379B44606F11C0E77
:102330001122A8F12000002BE5D17279D6F810C047
:10234000336B42F021023168CDE900ECFFF774FDF8
:10235000E0E7E91A2046C9F74DF810E6FF234A1EC8
:1023600084F8BF3184F8C13184F8C031264B9A42D9
:102370007FF79CAEFF2384F8C33184F8C53184F81D
:10238000C431B5E641464FF40072204609F05AFECA
:10239000F5E5231F04F5FE721C4943F8041F934220
:1023A000FAD1ECE5002B766C0CBF01220222C2EBC5
:1023B0000A1A002E3FF4E3AD0AF1FF3AB66CBAF107
:1023C000000F01DD002EF7D1A0464FF4007A91E70F
:1023D0005346CDF804A0CDF800A00822F9682046A5
:1023E00004F120084FF4F07AFFF726FD81E7039B04
:1023F000584603F140085346CDE900AA71E700BFF3
:10240000D87F0508DC7F0508FF03FB00DEADBEEFCB
:102410002DE9F041CBB115460E4603EB02080D4FF6
:1024200001E0CEF705FE3C680023314628462469CA
:102430001A46A0470028F4D1CEF7FAFD0028FBD0B9
:10244000013506F50076A845EDD1FEF7A7FD002081
:10245000BDE8F0814C3601202DE9F041B3B11546BD
:102460000E4603EB02080C4F3C6800233146284619
:10247000A4681A46A0470028F6D0CEF7D9FD002858
:10248000FBD0013506F50076A845EDD1FEF786FDB7
:102490000020BDE8F08100BF4C36012008B5CEF722
:1024A000C7FD80F00100404240B208BD38B5144677
:1024B0000D46CEF7AFFD02464FF4007300201268C0
:1024C0002A60238038BD00BF002108B50846F5F713
:1024D0000DFCC8F71DFFCEF7ABFD0028FBD0FEF7C3
:1024E0005DFD002008BD00BF70B50A4E3368002BAB
:1024F00008DD094C0025237F01352BB933682034D2
:10250000AB42F8DC012070BD217DE068F5F7B2FA3E
:10251000F4E700BF240A00200820002038B50D4B46
:102520000D4D1C682B68E31A322B0BD8D5F894306C
:10253000A34200D338BD32340020F5F7E7F9C5F8DF
:10254000944038BD00210846F5F7D0FB0023C5F8BC
:10255000943038BD301D012028C4012070B552BA16
:102560008CB000230446ADF8062001AE01220425FC
:102570008DF8041002A98DF8053003930B938DF8A4
:1025800014208DF8282002960495CDE90633CDE974
:102590000833F5F74DFF2046F6F748F90CB070BD4B
:1025A00070B58CB00023012504468DF8062001AEDD
:1025B00003220B938DF8051004928DF804508DF8CA
:1025C00014508DF82850CDE90263CDE90633CDE9EA
:1025D0000833F6F72BF9204602A9F5F729FF204624
:1025E000F6F724F90CB070BD30B501298DB08DF827
:1025F000072001D00DB030BD0B46002204460DF17E
:10260000070502A904938DF814308DF828300B9239
:10261000CDE90252CDE90622CDE90822F5F708FFFF
:102620002046F6F703F90DB030BD00BF2DE9F041AB
:102630000446006A1E460F469046F6F7F7F8237EDA
:10264000002B39D063690522254D190E123505F886
:10265000011C4FEA134C2348190AAB7085F800C0DF
:10266000012E697042633A68D8F8003002648364CE
:10267000E36228D0022E23D10021D8F804200126BD
:10268000194D016513447F6880F84C10C265476599
:10269000E36280F860604566144B617E03F11402CA
:1026A000206A002914BF19461146F5F7C1FEA36A36
:1026B0008BB1E06ABDE8F081636904220C4DC8E784
:1026C0000020BDE8F0810023074A80F84C60C36514
:1026D000C0E91423E0E7206AF6F7A8F8E9E700BFAD
:1026E00038010020D40901201D110408D809012057
:1026F0004901002030B583B04161069D01A9CDE9B3
:1027000000326A4601238562FFF790FF03B030BDB7
:1027100010B594B0044650220649684608F030FDD2
:102720006946206AF5F784FE206AF6F77FF814B050
:1027300010BD00BF0813050870B5224C94B00D46BB
:10274000017E221D022300290646019204F108029F
:1027500014BF0521042105920122A4F1080002936F
:102760000C91002318498DF80C2007928DF8202039
:102770008DF834208DF84820144A0A90306A069368
:102780000B931393009404910992CDE90E33CDE994
:102790001033F6F74BF8337E93B1A4F120022B0EE1
:1027A000063C53762B0CA5702D0A69462370657084
:1027B000306AF5F73DFE306AF6F738F814B070BDB0
:1027C000073CEFE758010020FD1004083D11040804
:1027D00010B50F4B0446596894F8D020D0F8D83083
:1027E000D0F8E400012A0344C4E9361305D0D4F834
:1027F000D4300133C4F8D43010BD04F1E801201DF9
:10280000F5F716FED4F8D4300133C4F8D43010BD37
:10281000001000E08269F0B592F8DC308BB006461B
:10282000012B21D0023B012B26D8154D4FF08C0CEB
:10283000D2F89C706C460FCD87F800C0B7690FC402
:102840000FCD0FC495E80300D7E9272384E80300E0
:1028500007F110006946CDE90023F5F7E9FDB069FD
:102860001030F5F7E3FFB269D2F8A0305A88F28150
:102870009A883282DB88738201200BB0F0BD00BFE2
:102880005813050838B50B4D044694F82430206AD7
:10289000012B03D000230120E36138BDC8F7DCF928
:1028A000C04310F00100F5D12B68E2699B1A002BA0
:1028B000EBDB38BD301D01202DE9F047044692B016
:1028C000474D0F461646FFF7DDFF94F82410062209
:1028D000206AFFF789FE012395F898806376B8F1A6
:1028E000000F20D12046D7F800A0D6F80090D5F8E8
:1028F0009C70FFF7C7FF94F82430012B47D0394B69
:102900000121A26A1B6885F898100233E361D5F8AB
:102910009C3030680344C5F89C300AB19047306859
:1029200012B0BDE8F087D5F89C30842220463F687D
:102930008DF80A30C3F30223D6F800808DF80930F1
:102940008DF80820FFF79EFF94F82430012BD6D194
:102950000022206A089703278DF82C3003A98DF8F0
:10296000403002AB0190CDF82880039304928DF89B
:1029700018200792099211920597CDE90C22CDE912
:102980000E22F5F755FD0198F5F750FFB7E7C7F3AD
:102990000222206A8DF80A7002278DF8092003228E
:1029A0008DF82C3003A98DF8403002AB0190CDF8A2
:1029B00010808DF81880CDF844808DF8087003934E
:1029C0000592CDE9078ACDE90989CDE90C88CDE9E1
:1029D0000E88F5F72DFD0198F5F728FF8FE700BF6A
:1029E00028C40120301D012010B51C4623B9836A7C
:1029F00020469847204610BDBDE810405CE700BF68
:102A000038B504460D46FFF73DFF94F82430012BFE
:102A100004D0054B1B680233E36138BD2A46102100
:102A2000206AFFF79BFDF4E7301D012010B5084C2C
:102A3000084BD4F8A010C90AD967FFF7E1FF0022BC
:102A4000D4F89C3084F89820C4F8A03010BD00BFA2
:102A500028C40120D4090120054B93F8982022B105
:102A6000D3F89C30C3F30A0303B17047DEE700BF1D
:102A700028C4012038B504460A4DFFF703FF06229B
:102A800094F82410206AFFF7AFFD0123D5F8A010B9
:102A900020466376C90AFFF7B3FF002385F8983014
:102AA00038BD00BF28C4012030B5144D83B00446A2
:102AB00001920093069A95F89830826293B1D5F806
:102AC0009C30994211D16A4601A92046FFF7F4FED5
:102AD00095F8983023B1D5F89C30C3F30A033BB185
:102AE00003B030BDC5E92711EDE7FFF7C3FFEAE703
:102AF0002046FFF79BFF03B030BD00BF28C4012074
:102B00000A4B10B493F89840826234B1D3F89C30E9
:102B10008B4207D15DF8044B70475DF8044BC3E965
:102B2000271170475DF8044BA4E700BF28C40120BB
:102B300010B5084C94F8983003B910BDD4F8A01023
:102B4000054BC90AD967FFF75BFF002384F898306B
:102B500010BD00BF28C40120D409012038B50446A7
:102B60000D46FFF78FFE062294F82410206AFFF727
:102B70003BFD012294F824306276934204D0054B49
:102B80001B680F33E36138BDEA0AD821206AFFF7DA
:102B9000E5FCF4E7301D012038B583884BB10546CC
:102BA000002461042846FFF7D9FF0134AB88A34213
:102BB000F7D838BD08B590F82430012B01D001209A
:102BC00008BD006AC8F748F8C04300F0010008BD1E
:102BD0002DE9F041044694B0006A0D46334E90460C
:102BE0001F46F5F723FE022206F1340306F13800F2
:102BF000217E029206F12C02009301230190002015
:102C000005922B4A8DF80C3004920690002936D09C
:102C10004FF0050C290E06F12E028DF820000990C8
:102C20000C978DF834308DF848301390CDF81CC0D7
:102C300086F82D10CDE90A08CDE90E00CDE9100087
:102C40002B0A1C4E290C957053701170D6F8A400F5
:102C5000F5F734FD236A627E988022BB05A91846E9
:102C6000F5F7E6FB206AF5F7E1FDD6F8A800F5F7E1
:102C700025FD236A9880384614B0BDE8F081042011
:102C800006F12D028DF8201009910C978DF8343043
:102C90008DF8483013910790CDE90A18CDE90E114F
:102CA000CDE91011CCE76946D9E700BF3801002013
:102CB000FD10040828C4012038B50446006A0368E2
:102CC0001A7B9AB9637E0BB9012038BD0A4D0223E5
:102CD00005F13C0205F14001F5F78EFD95F83D0048
:102CE00000F00100607680F0010038BD1B6A002B07
:102CF000E8D0002038BD00BF3801002010B50446E0
:102D00002046FFF7D9FF0028FAD0012010BD10B5EA
:102D10001E4C0C3094F8AC30012B0CD0022B1AD086
:102D2000012304F1AD020621F5F79AFD01230020ED
:102D300084F8AC3010BD94F8AD3013F00403F6D035
:102D4000062304F1AE020021F5F78AFD02230020DC
:102D500084F8AC30EEE794F8AF20012094F8AE3060
:102D600043EA02230B8094F8B12094F8B03043EA90
:102D700002234B8094F8B32094F8B23043EA022344
:102D80008B80002384F8AC30D4E700BF28C4012036
:102D900010B51C4C94F8803022464BB106231A4AD9
:102DA00028210C30F5F75CFD002084F8800010BD70
:102DB000164890F8B54090F8B43043EA04231BB2AB
:102DC000002BB8BF03339B100B8090F8B74090F8EE
:102DD000B63043EA04231BB2002BB8BF03339B1069
:102DE0004B8090F8B94090F8B830012043EA0423B2
:102DF00082F880001BB2002BB8BF03339B108B807E
:102E0000D5E700BFD4090120DCC4012028C401207B
:102E100010B5144C94F881304BB10623124A0321AB
:102E20000C30F5F71DFD002084F8810010BD0F4B1C
:102E300093F8BA0093F8BB2042EA00220A8093F884
:102E4000BC0093F8BD2042EA002201208A8093F85A
:102E5000BE2093F8BF3084F8810043EA02234B8000
:102E6000E4E700BFD4090120E2C4012028C4012006
:102E70007B22F421F6F784B810B500F10C0420464B
:102E8000F5F7DAFC01220B212046F6F779F820B19C
:102E90001D2209212046F6F773F800F0010010BD4D
:102EA00010B500F10C042046F5F7C6FC00222121E4
:102EB0002046F6F765F8FC2220212046F6F760F858
:102EC000402224212046F6F75BF80C2223212046DD
:102ED000F6F756F8002222212046F6F751F8642032
:102EE000F4F71AFC012010BD37B500F10C050446BB
:102EF000702200212846F6F743F8202201212846B7
:102F0000F6F73EF8002202212846F6F739F8642049
:102F1000F4F702FC94F8F40088B1F4F705FD08B169
:102F20002823C3802146074B019041F8083FC6F78C
:102F30004DFE0198F4F7EAFF0198F4F7E7FF01204E
:102F400003B030BDF311040838B52D4C02460D46D0
:102F50000C3094F8C030013B032B03D8DFE803F0BA
:102F60000C1E28350123274A0221F5F779FC01239D
:102F7000002084F8C03038BD94F8C130DB0703D49A
:102F8000002084F8C000F6E706231F4A0321F5F766
:102F900067FC0223002084F8C030ECE70123194AC3
:102FA0000921F5F75DFC0323002084F8C030E2E737
:102FB00011220A21F5F732FF94F8C10010F00C003D
:102FC000DED1042384F8C030D5E7B2F9F6100E48FC
:102FD000FEF710F9404228800C48B2F9F810FEF7CD
:102FE00009F9404268800A48B2F9FA10FEF702F97E
:102FF0000023404284F8C030A8800120BBE700BF16
:1030000028C40120E9C40120EAC40120ECC4012045
:10301000EEC4012013221B21F5F700BF3122F42159
:10302000F5F7FCBE064B002193F82020054B9201DA
:1030300083F84810F421343202F0FC02F5F7EEBEBA
:103040008092012028C401200022034BF42183F840
:1030500048202E22F5F7E2BE28C4012037B500F142
:103060000C0405462046F5F7E7FB00220A2120461E
:10307000F5F786FF1420F4F74FFB0F220A212046B4
:10308000F5F77EFF0A20F4F747FB01AA032310217E
:103090002046F5F797FC0A20F4F73EFB9DF8043034
:1030A00000220A2180332046A5F8F6309DF805302D
:1030B0008033A5F8F8309DF806308033A5F8FA3053
:1030C000F5F75EFF0A20F4F727FB0DF10302012359
:1030D00002212046F5F776FC01230DF103020921B8
:1030E0002046F5F76FFC11220A212046F5F748FF2C
:1030F000012003B030BD00BF30B5094D83B00123BE
:103100000022D5F8C81098388DF807200DF1070275
:10311000CC181121C5F8C840F5F754FC03B030BDF8
:1031200028C40120002307B50F218DF807300DF1C9
:1031300007020123F5F746FC28B19DF807306C2BF8
:1031400014BF0020102003B05DF804FB10B582B05E
:103150000446062322216A461030F5F733FC9DF819
:1031600005109DF804300120009A43EA0123C4F8B9
:10317000D020A4F8D43002B010BD00BF30B5044652
:1031800083B0806906236A4628211030F5F71AFCBF
:103190009DF801509DF8033001209DF800109DF826
:1031A000022041EA05219DF8055042EA03229DF8DC
:1031B0000430E18143EA05232282638203B030BDFB
:1031C0007FB500230DF10702E72105468DF8073092
:1031D0000123F5F7D3FA9DF80730154E13F00303DA
:1031E000144C21D0052302AAE8212846F5F7C6FA97
:1031F0009DF80A209DF80910130412F0800F43EA8D
:1032000001239DF8081014BF4FF07F4200220B43AA
:1032100013439DF80C2033609DF80B3043EA0223E2
:103220002380012004B070BD33602380F9E700BF24
:10323000BC920120B892012070B505460C46FEF7FD
:10324000E1FD2B685D6808B1F4F75AFA064B0022DD
:103250002846492183F84C20224693F84D30BDE89A
:103260007040F5F78BBA00BF28C401202DE9F34167
:1032700090461F460DF10702012305460E46F5F75D
:10328000A1FB80B10220F4F73BFA9DF807403146DC
:10329000284624EA08023A438DF80720F5F770FE25
:1032A0000898F4F739FA02B0BDE8F081642373B5E9
:1032B00000F11004009301230546122120461A460E
:1032C0000126FFF7D3FF02220D212046F5F758FE15
:1032D0000120F4F721FA02220E212046F5F750FED4
:1032E0000120F4F719FA742210212046F5F748FE60
:1032F0000120F4F711FAAC2211212046F5F740FE27
:103300000120F4F709FA44237C221221204600967A
:10331000FFF7ACFF0623132120461A460096FFF75D
:10332000A5FF00231722152120460096FFF79EFFD8
:103330000223204618211A460096FFF797FF95F8BA
:10334000210178B1F4F7F0FA044608B12623C380CE
:103350002946074B204641F80C3FC6F737FC20466C
:10336000F4F7D4FD0348F5F7A9F9A88202B070BDBF
:10337000151D04088096980008B5C7F763FBC8B907
:103380000D4A0E4992F8813092F880001B0243EA00
:10339000004392F88200034392F88300CB6092F8D6
:1033A000843092F885201B0243EA00430120134336
:1033B0008B6008BD0020FCE76C77002028C401204A
:1033C00010B50446C7F73EFB38B90623044AF72177
:1033D0002046F5F745FA012010BD0020FCE700BFAC
:1033E000EC77002008B5C7F72DFB70B9084A01201B
:1033F00092F8893092F888101B0292F88A2043EAEA
:1034000001431343034A536108BD0020FCE700BF9A
:103410006C77002028C4012008B5C7F713FB70B9EA
:10342000084A012092F8893092F888101B0292F81D
:103430008A2043EA01431343034A136108BD002075
:10344000FCE700BF6C77002028C4012010B50446BB
:10345000C7F7F8FA08B1002010BD01460623204640
:10346000024AF5F7FDF9012010BD00BF40C401205C
:1034700070B5C7F7E7FAC8B90D4901200D4C91F8AE
:103480008E2091F8913091F88D50120491F890604F
:103490001B0442EA052291F88C5043EA062391F876
:1034A0008F102A430B432263236270BD002070BD3E
:1034B0006C77002028C4012010B50446C7F7C2FA73
:1034C00008B1002010BD20460623034A0421F5F769
:1034D000C7F9012010BD00BFF877002008B5C7F775
:1034E000B1FAD8B90E4A0F4992F8953092F8940083
:1034F0001B0143EA003392F8960043EA101392F856
:103500009700CB6392F8983092F899201B0143EA18
:103510000033012043EA12134B6308BD0020FCE78F
:103520006C77002028C4012010B50446C7F78AFA3A
:1035300038B90623044AF7212046F5F791F901200E
:1035400010BD0020FCE700BF0078002008B5C7F7D9
:1035500079FA98B90A4A012092F8CD3092F8CC1045
:103560001B0243EA014392F8CE100B430549B1F91F
:103570002010C1F10801CB40536408BD0020FCE7D6
:1035800028C401208092012010B50446C7F75AFADA
:1035900070B9084B1B781BB1074B93F8480030B14A
:1035A0000323064AF6212046F5F75AF9012010BDFB
:1035B0000020FCE7A492012028C40120F4C40120CB
:1035C00008B5C7F73FFA50B9064B012093F8CC1065
:1035D00093F8CD2042EA0122A3F8402008BD002044
:1035E000FCE700BF28C4012010B50446C7F72AFA3B
:1035F00070B9084B1B781BB1074B93F8480030B1EA
:103600000223064AF6212046F5F72AF9012010BDCB
:103610000020FCE7A492012028C40120F4C401206A
:1036200010B50446C7F70EFA014698B923681A7810
:10363000022A08D1196A79B920460323074AF5F707
:1036400079F8012010BD0323044A2046F5F708F954
:103650000120F7E70020F5E70120F3E7F4770020E9
:10366000DEE74821C7F76EBA5821C7F76BBA38B5FD
:10367000F5210546F5F736F870281AD007D8422804
:1036800019D0472819D0122819D000240FE0AC28EF
:1036900017D005D800F0FD03712BF6D1062402E007
:1036A000AF28F2D109240848F5F708F8A880204689
:1036B00038BD0524F7E70C24F5E70D24F3E70824CB
:1036C000F1E70724EFE700BF002D310138B5802274
:1036D00004466B21F5F75EF86420F4F71DF8F52138
:1036E0002046F4F7FFFF05460120F4F709F8682D9E
:1036F0001BD18C212046F4F7F5FF18280DD814288B
:1037000034BF00250325204607226821F5F742F83B
:103710006420F4F701F8284638BDA0F15403DBB269
:10372000072B34BF03250025EDE70025F3E738B567
:10373000152400224E210546F5F72CF89620F3F7C4
:10374000EBFFF5212846F4F7CDFF422807D04728A4
:1037500007D0013C14F0FF04F0D1204638BD0C2402
:10376000FBE70D24F9E738B5802205466B21F5F714
:1037700011F86420F3F7D0FFF5212846F4F7B2FFE3
:10378000AC2818D005D8122817D0982817D00024B4
:103790000FE0AF28FBD1092410226A212846F4F754
:1037A000F9FF284603226821F4F7F4FF6420F3F7B9
:1037B000B3FF204638BD0724EEE70824ECE70B24CE
:1037C000EAE7F8B544F23B33054600F11004A0F8EF
:1037D0004C3105F0EBFB95F8D830072B58D195F814
:1037E0001D310226002B55D1374680226B21204601
:1037F000F5F7C6FB6420F3F78FFF07226821204608
:10380000F5F7BEFB6420F3F787FF00226B2120460B
:10381000F5F7B6FB6420F3F77FFF01226B2120460A
:10382000F5F7AEFB0F20F3F777FF1B21FA002046D8
:10383000F5F7A6FB0F20F3F76FFF1C21F2002046DF
:10384000F5F79EFB0F20F3F767FF00221A212046B1
:10385000F5F796FB0F20F3F75FFF95F8202119216C
:103860002046F5F78DFB6420F3F756FF1022372131
:103870002046F5F785FB0F20F3F74EFF2046012287
:103880003821F5F77DFB0F20BDE8F840F3F744BF82
:103890000326A9E70327A8E710B50446FFF791FF21
:1038A00010226A21A018F4F775FF6420F3F734FFA3
:1038B0000448F4F703FFA0820120BDE81040F3F7AD
:1038C0001FBF00BF002D310138B5044644F23B3321
:1038D00004F11005A0F84C3105F068FB03226B21C0
:1038E0002846F4F757FF0F20F3F70AFF10226A214A
:1038F0002846F4F74FFF0F20F3F702FF00226C2158
:103900002846F4F747FF0F20F3F7FAFE94F820213A
:1039100019212846F4F73EFF0F20F3F7F1FE182295
:103920001B212846F4F736FF0F20F3F7E9FE182293
:103930001C212846F4F72EFF0F20F3F7E1FE10229A
:1039400037212846F4F726FF0F20F3F7D9FE01228E
:1039500038212846F4F71EFF0F20F3F7D1FE00228E
:103960001A212846F4F716FF0120F3F7C9FE0A488A
:10397000F4F7A4FEA082204604F0D8F994F9D230DE
:10398000013308D194F9D030013304D10620BDE8C9
:103990003840F4F773BA38BD002D310137B504460D
:1039A00000F110053748F4F789FE44F23B33A0825A
:1039B0002046A4F84C3105F0F9FA42F21F530F22C9
:1039C0004E21A4F84C312846F4F7E4FE0F20F3F71B
:1039D000A3FE94F8DB30002B4ED094F82021013266
:1039E000D3B20822B2FBF3F2082AD3B240D0042AA1
:1039F00040D0022B02D0012B3ED10323224A02EBFE
:103A0000430393F8792002F00F024F2128460192D8
:103A1000F4F7C0FE0F20F3F77FFE019A50212846ED
:103A2000F4F7B8FE0F20F3F777FE2846EE22522176
:103A3000F4F7B0FE284603221421F4F7ABFE284623
:103A400000226321F4F7A6FE082228466521F4F738
:103A5000A1FEE4212846F4F745FE00F0EF006421C2
:103A600040F06002284603B0BDE83040F4F792BE53
:103A70000023C3E70123C1E70023062284F8DB30DB
:103A8000C1E700BF00366E010813050838B500F124
:103A9000100405461948F4F711FE44F23B33A8829E
:103AA0002846A5F84C3105F081FA01226B21204609
:103AB000F4F770FE7820F3F723FE204618221B212E
:103AC000F4F768FE204618221C21F4F763FE204616
:103AD00000221A21F4F75EFE95F8202120461921D4
:103AE000F4F758FE204610223721F4F753FE204603
:103AF00001223821BDE83840F4F74CBE00127A00AC
:103B000038B544F23B3300F110040546A0F84C31BF
:103B100005F04CFA80226B212046F5F731FA64203B
:103B2000F3F7FAFD03226B212046F5F729FA95F801
:103B3000202119212046F5F723FA0F20F3F7ECFD99
:103B400000221A212046F5F71BFA18221B212046D5
:103B5000F5F716FA18221C212046F5F711FA022271
:103B600037212046F5F70CFA204601223821BDE81E
:103B70003840F5F705BA00BF10B504460068F3F702
:103B8000BBFF0120F3F7C8FD2068F4F707F80A200F
:103B9000BDE81040F3F7C0BDF0B500F1100491B0DE
:103BA000B6227E2105462046F4F7F4FD6420F3F7A3
:103BB000B3FD05F11800FFF7DFFF00227C2120464E
:103BC000F4F7E8FD0120F3F7A7FD00225921204674
:103BD000F4F7E0FD0120F3F79FFD5E220DF10301F4
:103BE00000238DF803204FF4A4760122444F019165
:103BF000204601A902938DF81030059307930F9387
:103C000003928DF824208DF8382006970896CDE988
:103C10000A33CDE90C33F4F70BFC2B691A6A002A3E
:103C2000FCD10A20F3F778FD012259212046F4F750
:103C3000B1FD0120F3F770FDAB2240212046F4F7DF
:103C4000A9FD0120F3F768FD032241212046F4F786
:103C5000A1FD0120F3F760FD2A4B422120465A784E
:103C6000022A28BF0222120162F0320202F0FD0293
:103C7000F4F790FD0120F3F74FFD08224321204681
:103C8000F4F788FD0120F3F747FD04225821204670
:103C9000F4F780FD0120F3F73FFD0A22532120466F
:103CA000F4F778FD0120F3F737FD02227C2120464E
:103CB000F4F770FD0120F3F72FFD20460E227D2141
:103CC000F4F768FD0120F3F727FD95F8210128B9E5
:103CD0000D48F4F7F3FCA88211B0F0BDF3F724FE11
:103CE000044608B12623C380084B2946204641F8E4
:103CF0000C3FC5F76BFF2046F4F708F9E8E700BF73
:103D000088130508FC8D012080969800D1270408AF
:103D100010B5044682B00830FFF72EFF0021204680
:103D2000022301AAADF80410F4F728FD28B19DF88C
:103D30000530242B14BF00200F2002B010BD00BF9F
:103D40002DE9F04290F8DC308AB00446D0F8A0703B
:103D5000012B45D015D8D0F89C30002205211A60DF
:103D60005A609A609A81D0F8E030C0F8F010B3F54C
:103D70007A7F42D8032380F8DC3001200AB0BDE806
:103D8000F082023B012BF8D82B4E4FF0920CD4F866
:103D90009C50EE4604F1100985F800C00FCEAEE845
:103DA0000F000FCEAEE80F0096E80300D4E92723FA
:103DB0008EE8030048466946CDE90023F4F738FB56
:103DC0004846F4F733FD7B880120A4F8D030BB8847
:103DD000A4F8D230FB88A4F8D4300AB0BDE8F08251
:103DE0003B89A0F8D0307B89A0F8D230BB89A0F8FD
:103DF000D43001200AB0BDE8F0821030F4F748FB5F
:103E0000A8B1D4F89C308C220E21C4F8A4401A70BA
:103E100001230A4AC4F8FC10C4F8042184F80031D4
:103E200084F8DC30D4E92750C4E93D50A5E70223EB
:103E300084F8DC30A1E700BF58130508413E0408B0
:103E400003F060BF80699C30D0F740B90269C36855
:103E50002DE9F04712EA03092AD005460E464FF035
:103E600000474FF00008B9FA89F327FA03F21B3B29
:103E7000D24309EA02092A61042B16D8DFE803F0CD
:103E8000352C231A0300B36A002B37D003F1FF3A15
:103E9000C6F828801FFA8AFA746A34B1236820466B
:103EA000514698476468002CF8D1B9F1000FDAD177
:103EB000BDE8F0877068696B036889B29847B9F10B
:103EC000000FD0D1F4E7B068A96B036889B29847B6
:103ED000B9F1000FC7D1EBE7F068E96B036889B26D
:103EE0009847B9F1000FBED1E2E73069296C036849
:103EF00089B29847B9F1000FB5D1D9E7E96A1FFA3D
:103F000081FAC9E72DE9F0412C4F07EB4016327FCB
:103F10000AB9BDE8F08104464FEA401828480D462A
:103F200004EB8402002100EB421293789170B3708D
:103F300008F046FAA0BB07EB441027F8085008F039
:103F400043FA204A07EB0803127899699AB15A6834
:103F50000124D1F8AC30944003F1C001420010F4C8
:103F6000004F90B202D15A6822435A600C338B4200
:103F7000F4D1BDE8F0815A680124D1F8AC30103298
:103F800003F1C0019440420010F4004F90B202D1FE
:103F90005A6822435A600C339942F4D1BDE8F0814B
:103FA000094A0A4B127802EB820203EB8203234494
:103FB0005D7B002DBFD00123B370BCE7082000203B
:103FC000581A0020200A0020882801208C2801206F
:103FD000F8B508F00DFA002833D01C4D2B68002BE3
:103FE00013DD00241A481B4E27463378013413B1E1
:103FF000037F012B20D0426900F586702968136881
:10400000A14243F001031360EFDCF1F7A1FD124B75
:10401000D3F8A440C3F8A000002C0CDDA83303EBB8
:10402000C4041968083333F8042CC868A34242EA70
:104030000002CA60F5D1F8BD80F8FC70FDF788FE7B
:10404000D9E7C6F7CBFA0028C7D1F8BD1473002012
:1040500018730020200A00206C7700202DE9F84F0B
:10406000414B1B78E3B9414F3B68002B15DD002520
:104070003F4829464669D0F8AC30346803F1C002A5
:1040800024F00104346059600C339A42FBD10135AD
:104090003B6800F58670AB42ECDC0120BDE8F88F90
:1040A000344B354CD3F800B0F1F752FDD4F8A020D2
:1040B000D4F8C830801A1433B0EB430F50DBDFF86C
:1040C000D090CC342D4E00254F46DFF8C8A0DAF84A
:1040D00000304FF6FF78AB42C5DDB06972684169C8
:1040E000CBB221F0FF0C2649103BA1FB031325495D
:1040F0001B09CB5C9C44DCF80430D0E93D0E9BB23C
:10410000AEEB030108F054F94FF6FE7301220146AD
:10411000984218D0D9F8083040451344C9F80830FF
:1041200018D0194BB8811B78BA732D2B02D1174BBD
:1041300043F825004FF6FF735A462046C91A18BFA8
:104140000121F5F785F901355C3420360437042D5B
:10415000BDD188E7D9F804300133C9F80430E9E764
:104160000020BDE8F88F00BF200A00201473002053
:1041700018730020301D01206C77002008200020DB
:10418000ABAAAAAA641905089C200020A020002040
:10419000FC460020240A002010B504460846C6F755
:1041A000DBF901462046BDE81040ABE638B5C8F75C
:1041B0000BFE1B20F3F7B8FB08B12923C3801C209A
:1041C000F3F7B2FB08B12923C380274CD4F88C3213
:1041D00013B10023C4F88C32244A00230125C4F80B
:1041E0008822237084F87452C6F75EFE204A214B61
:1041F0001278C4F88C32AA4209D0022A05D11E4A8C
:104200001279AA422BD0022A25D0284638BD78330D
:10421000C4F8A432D4F8A84294F8BC33012B14D0CB
:1042200023680122032084F8BC23D3F8042822F059
:104230000202C3F80428D0F77DFD226800219368AC
:1042400043F00103936084F8BC1300250B4B284610
:1042500083F8235038BD3833C4F8A432DAE7583332
:10426000C4F8A432D6E700BF841A0120D806012082
:10427000F0850120580A01204436012000ED00E0BD
:1042800008B5064B186838B1F3F7FEFD044B9B7870
:1042900013B180F00100C0B208BD00BFB8AF01206B
:1042A000CC1D0120BFF34F8F0549064BCA6802F4AD
:1042B000E0621343CB60BFF34F8F00BFFDE700BF49
:1042C00000ED00E00400FA05084808B503681B6A21
:1042D00003B19847064B074A196813684988013BA0
:1042E00048420B440340136008BD00BF981D0120E5
:1042F00054AD01200086012000B585B0694602A8B2
:10430000FCF788FE30B9FCF71FFF0028FBD005B092
:104310005DF804FB0246694602A80123FCF71AFF78
:10432000F1E700BF70B515460F4E0A4682B03368FC
:104330004119044699420D4988BF1D1A0C4B097852
:104340001B78994203D00192FFF7D6FF019A0948E2
:104350002B4621460026056886626C6AA44602B098
:10436000BDE87040604700BF04860120C5C301203E
:10437000C4C30120981D0120134610B40C46014609
:10438000184622465DF8044BCCE700BF70B5164EC8
:1043900084B0164D33782A789A421AD0144B0446CA
:1043A0001B7803F0FF000BB904B070BD02A968468A
:1043B000FCF730FE28B1DDE9023213443F2B0BD865
:1043C00054B933782878C01AB0FA80F0400904B0A4
:1043D00070BD012004B070BD024602A968460023EA
:1043E000FCF7B8FEEDE700BFC4C30120C5C3012040
:1043F000D4090120134910B40A78134C531CA0545B
:10440000DBB21A060B700DD410491A460878984290
:104410000B780FD9C3F180031A443F2A0DD85DF8F9
:10442000044B704700230B701A46084908789842DD
:104430000B78EFD8D21A3F2AF1D900205DF8044B4F
:10444000A4E700BFC5C301206C770020C4C30120CE
:1044500070B5164684B039B1441E651814F8010FC2
:10446000FFF7C8FFAC42F9D1694602A8FCF7D2FDBC
:10447000DDE9003213443F2B00D908B904B070BD08
:1044800002463346694602A8FCF764FE04B070BDDC
:1044900000B585B0694602A8FCF7BCFD044A009B44
:1044A000126801981344184405B05DF804FB00BF7E
:1044B00000860120084A094B10781A781B78904230
:1044C00005D2C3F180031844C0F17F007047C01AC1
:1044D000C0F17F00704700BFC5C30120C4C30120E5
:1044E000024B186800B97047FCF72EBE0486012005
:1044F0002DE9F8431F4D2B681A8842B900231E4846
:104500001E491F4A03700B701360BDE8F8831D49F4
:1045100009680029F2DD01291B4F1CD0D7F8D020F3
:1045200091885488A142E9D3184E4FF00008B14653
:1045300000E02B6859684846336801FB04F10134F8
:104540009B68C6F82880A4B29847D7F8D0309B88DB
:10455000A342EED2D2E7D7F8D00081884488481C25
:10456000001B9042DED10948002203688262DB68AA
:104570009847C3E754AD0120C5C30120C4C301203F
:10458000008601206C0C012028C40120981D012008
:1045900070B58CB000230C46054601AA0221C22644
:1045A0000393029201220B938DF814208DF828209A
:1045B00004918DF804608DF80540CDE90633CDE90E
:1045C0000833F4F733F9284602A9F3F731FF2846F8
:1045D000F4F72CF9014B1C600CB070BDD000012029
:1045E0002DE9F04F85B0CDE90203002B36D00C4603
:1045F0001646039DDFF874A0DFF874901A4F02E0AE
:10460000B5EB0B052CD0DAF80030D9F80000B4FB7C
:10461000F3F803FB1842414605EB020C9C4594BF9E
:10462000C2EB0C0BC2EB030B80455C4405D0029B34
:104630000192186AFFF7ACFF019A08EB480811468F
:104640005B4632464FEA081C5E4407EB081057F8F9
:104650000CC0DCF82480C0470028D1D1002303938C
:10466000039805B0BDE8F08F381D0120C81D01205A
:10467000D0000120114B70B50D461968104C82B066
:10468000104E2468B5FBF1F1A142716006D0006ABA
:104690000192FFF77DFF7468019A214604EB440400
:1046A000094E01EB41032946240106EB031033595F
:1046B0001B6902B0BDE87040184700BFC81D01204B
:1046C000D000012028C40120381D012070B582B01F
:1046D0000E4D0F4C0192069A0093FFF7CBFF6868CE
:1046E0006A4601A9012300EB4000060104EB00101B
:1046F000A6597669B047686800EB4000030104EBF7
:104700000010E3589B69984702B070BD28C401208F
:10471000381D01202DE9F0410E4F3B68002B16DDBE
:1047200006460D4D0024DFF83480D8F800302146CD
:10473000A34204F1010402D0306AFFF729FF2B687D
:1047400028463035DB6898473B68A342EDDCBDE87E
:10475000F08100BF341D0120381D0120D000012050
:1047600070B50E4E0D460E4A33681268B1FBF3F178
:1047700091420C4605D0006AFFF70AFF3368B5FB8B
:10478000F3F104EB4404074A03FB1151230102EB4C
:104790000410D358BDE870409B681847C81D01201D
:1047A000D0000120381D01202DE9F041104E336862
:1047B000002B1ADD80460F4D00240F4F02E03368B6
:1047C000A34212DD3B682146A34204F1010403D059
:1047D000D8F82000FFF7DCFE2B68284630355B68F0
:1047E00098470028EBD1BDE8F0810120BDE8F081B9
:1047F000341D0120381D0120D00001202DE9F04199
:10480000DFF84880D8F80030002B17DD06460D4C45
:1048100000250D4F637E5BB13B682946AB4202D059
:10482000306AFFF7B5FE236820461B68984730B111
:104830000135D8F800303034AB42EBDC0120BDE864
:10484000F08100BF381D0120D0000120341D01205F
:1048500010B5FF22044690F82410006AFDF7C4FE4C
:104860000E4B20461B6803F5FA73E361FEF70AF866
:1048700094F82430012B00D010BD206A0022A02122
:10488000FDF78EFE94F82430206A012BF4D1182213
:10489000B021BDE81040FDF783BE00BF301D0120F0
:1048A0002DE9F047414E0C4692B01746F16F9846FD
:1048B0000546B1EBD42F22D1DFF8F4A0C4F30A04EB
:1048C00095F82430C4F50060404534BF86B21FFA25
:1048D00088F6012B3BD0DAF8003028460233EB6132
:1048E000FDF7D0FF38B195F82430012B22D03046A7
:1048F00012B0BDE8F087002012B0BDE8F087FDF7E8
:10490000C1FF0028F7D095F824304FF0FF324FEA6E
:10491000D429012BF26742D0DFF894A02846DAF8B8
:1049200000300233EB61FDF7ADFF0028E3D0C6F89D
:104930007C90C3E7286AC6F78FF9C0F301100138ED
:104940000228D4D82846FFF783FF3046D0E7220A52
:104950000321286A8DF80A4004248DF809200022DA
:104960008DF82C308DF8403002AB8DF8081003A97B
:1049700001908DF80B2004928DF81820119203936A
:104980000594CDE90978CDE90722CDE90C22CDE9DE
:104990000E22F3F74DFD0198F3F748FF9BE74A46D7
:1049A0001321286AFDF7DAFDB6E700BFD40901201C
:1049B000301D01200023294AF0B5054683B0184672
:1049C000274C07E003EB4302184604EB8202D2F8BF
:1049D000482282B301339142DBB2F3D100EB4000B5
:1049E000204900264FF4807704EB8004AE74B4F8BD
:1049F0005202B4F8502203022882B4F84E02B4F8EE
:104A00004C4201FB00F001FB04F103FB02F4AB603C
:104A1000154BAA80EC60EF80C3E92901F3F74EFE45
:104A2000296AB4F1807F88800CD801200F4B68760A
:104A30002B6003B0F0BD1046AA802A82C5E902228D
:104A400003B0F0BD0123B7240846324601A92B76F6
:104A50008DF80440F3F7D0FEE7E700BF1620C20050
:104A60000813050840420F0028C401203416050829
:104A70000348036813B19B6A03B1184701487047A4
:104A8000981D012028C904080020194A38B511468C
:104A9000184C0346206008780631022822D00133E2
:104AA000062BF8D10023144DC5F8D030FFF7E0FFF6
:104AB000124BD5F8D02018609AB19188528843687B
:104AC0008A1A02FB03332360FCF772FA0C4B04468C
:104AD0000C4A1B7812789A4201D0FFF70DFC0A4B62
:104AE0001C6038BD03EB430302EB4303DBE700BF6D
:104AF000480C01200486012028C4012054AD012067
:104B0000C4C30120C5C30120008601202DE9F04760
:104B1000DFF8F09092B0384EFFF7EAFCFFF7B4FFF1
:104B200099F8003032789A4201D0FFF7E5FB334B19
:104B30000025DFF8D4801F68C8F8005097B16C4694
:104B4000DFF8C8A02A46514620462035FBF79CF8DE
:104B5000204604F0E7FC012201462046FFF778FCDE
:104B6000AF42EFD899F8003032789A4201D0FFF77F
:104B7000C3FB234B1B689B7B012B35D099F800307E
:104B800032789A4201D0FFF7B7FB0020C8F8000046
:104B90006FB380466C46DFF87490054601E0AF4283
:104BA0001CD92A46494609A8FBF76EF821220021A4
:104BB000204607F047FA202221462846FFF7B2FB9D
:104BC0002022064609A92046203507F05AFB08B9DD
:104BD000202EE4D0AF4208F10108E2D8B8FA88F0FC
:104BE000400912B0BDE8F087FFF76EFBC6E7012071
:104BF00012B0BDE8F08700BFC5C3012004860120C4
:104C000054AD0120C4C301200086012004800508A2
:104C100008B5F3F7BFFD0A20F2F772FD012008BDC9
:104C2000F8B5036814460F4D0F465E68252185F8D8
:104C30004D200279304642F08002FFF7E9FF3A4604
:104C400026213046FFF7E4FF44F08002272130465A
:104C5000FFF7DEFFF0F77CFF2865012085F84C00A8
:104C6000F8BD00BF28C40120F8B504680E461546FB
:104C70002778032F03D0BDE8F840F4F781B96468C2
:104C8000252102792046FFF7C3FF32462621204620
:104C9000FFF7BEFF2A4663212046FFF7B9FF8122B6
:104CA00027212046FFF7B4FF0120F8BD2DE9F04190
:104CB0000468884617461D4694F800C0BCF1030FEF
:104CC0001FD1646825210279204642F08002FFF757
:104CD0009FFF424626212046FFF79AFF45F08002BB
:104CE00027212046FFF794FF0420F2F715FD72B646
:104CF00049212B463A462046F3F740FD62B6BDE80F
:104D0000F081BDE8F041F3F75DBE37B500F10C046A
:104D100005462046F3F790FD00220A212046FFF7C2
:104D2000A3FF0F220A212046FFF79EFF01AA0323BB
:104D300010212046FFF7BAFF9DF8043000220A2117
:104D400080332046A5F8F6309DF805308033A5F86D
:104D5000F8309DF806308033A5F8FA30FFF784FF6D
:104D60000DF10302012302212046FFF79FFF0123DB
:104D70000DF1030209212046FFF798FF11220A21B5
:104D80002046FFF771FF012003B030BD2DE9FF473A
:104D9000C3680646884600F10C071C78022C04D82C
:104DA0003CB9204604B0BDE8F087032C38D000247D
:104DB000F7E701230DF1070202213846FFF776FFDE
:104DC000044658B19DF8074014F0010406D00723AB
:104DD00002AA03213846FFF769FF04469DF80E50EA
:104DE000002CE4D011220A213846FFF73DFF2B07A3
:104DF000DDD4B6F9F61002A8FCF7FCF9A8F800001B
:104E00000DF10A00B6F9F810FCF7F4F9A8F8020061
:104E100003A8B6F9FA10FCF7EDF9A8F80400C0E70A
:104E2000DFF894904FF0020A00244D4699F8D430F0
:104E3000012B10D0022B31D0002BCFD199F84C3060
:104E400023B9012202213846FFF7EAFE012300249C
:104E500085F8D430A5E7FCF7D5FF0028A7D102A933
:104E60003846FEF7E9F9044618B19DF80830DA072C
:104E700008D40023BAF1010F85F8D43097D04FF051
:104E8000010AD3E799F84C3023B9072203213846A9
:104E9000FFF7C6FE022385F8D43088E7FCF7B2FF9F
:104EA0000546002883D102A93846FEF7C5F989F8DE
:104EB000D450044692E700BF28C40120724A9042B1
:104EC0002DE9F04F834683B006D04832904203D09C
:104ED000002003B0BDE8F08F6C4D2868F3F748FA66
:104EE000002217210446F3F753FA0028F0D0684E49
:104EF0000120726A42F400627262F2F70DFC726A7B
:104F0000012022F400627262F2F706FC726C6149C1
:104F1000382042F400627264326B42F480023263E1
:104F2000326B42F00C0232638B780093F2F7FCFC98
:104F3000024639200192F2F7F7FC82463A20F2F756
:104F4000F3FC81463B20F2F7EFFC80463C20F2F771
:104F5000EBFC07464220F2F7E7FC019A06460AB14D
:104F60001721D180009B002B65D10FB11721F9804B
:104F70000EB11721F18010460E210C22F2F726FD0A
:104F8000009B002B6CD138460C220E210027F2F733
:104F90001DFD30460C220E21F2F718FD3E4A3F4E11
:104FA0004FF40033D168C1F30221C1F107000A1D9B
:104FB000042828BF0420062A4FF0FF328CBF033993
:104FC000002182403248D24302F001028A402E4939
:104FD00012018B45D2B286F83123736006F1C046C8
:104FE000026B06F59746C5F800B042F480020263F2
:104FF000CBF800702A4ACBF8086041D04FF4741106
:10500000D160284907222046CBF80010CBF81420A5
:1050100003F01EFC2A681C4B20469A424FF0000306
:105020004FF001020CBF2049204903F0EBFB0120A7
:1050300003B0BDE8F08FBAF1000F02D01721AAF833
:105040000610B9F1000F02D01721A9F80610B8F127
:10505000000F8AD01721A8F80610002F86D187E705
:1050600050460C220E21F2F7B1FC48460C220E21CC
:10507000F2F7ACFC40460C220E21F2F7A7FC82E7C7
:105080004FF074619160BCE758640240100C01203D
:1050900000380240D41D012000ED00E000E100E0F6
:1050A000006402406054A308155604082D550408F6
:1050B0002DE9F047AC4C0020AC4BD4E900124FEA8C
:1050C000917CC1F38367150EC1F3016E83F800C0B4
:1050D000C1F3074C5F702D01C1F30727C9B283F8F4
:1050E00002E0C2F3035683F803C0C2F3034E1F71FC
:1050F000C2F3C0385971C2F34037DD80C2F3803C3F
:10510000D9889B4D89B231432E78C2F30725D980C7
:10511000012EC2F3003183F808E083F8098083F898
:105120000AC0DF721973587340F2D180022E00F06A
:10513000AC80A1682A206D00E26883F819C0C1F331
:10514000C01C05F07E05960DD70FC2F3826E9D76CA
:1051500001F07F019D7E06F00C0645EA0C05C2F3C6
:10516000417C9D76C2F30045D9761F77C2F3815703
:1051700083F81DC0C2F3405C83F81EE04FF0000EC0
:10518000DE77D97F26693943C6F30747D977C2F35B
:10519000803183F820C0C2F3C03C83F821E03F0295
:1051A00083F82250C2F3403583F823C0C2F3003C99
:1051B00083F82410C2F3812183F82550C2F301251E
:1051C00083F826C0C2F3460283F82710310E83F815
:1051D0002850012583F82920C6F3072C83F82A508C
:1051E000320683F82C10DF85D98D676989B23E0AB3
:1051F000C7F3072E41EA0C014FEA176C06F47F460D
:10520000FFB2D9851A631A6B42EA0C421A631A6B11
:105210001643D4E906211E634FEA124C1E6B14029A
:105220004EEA06064FEA0C6C4FEA126E22461E63E7
:1052300004F47F0483F8347092B283F835E00E0AE8
:10524000C3F838C0C1F3035C9F6B06F470663C433F
:10525000C1F307279C639C6B2243C1F346049A6306
:105260009A6B42EA1161996393F83C1041EA0C0190
:1052700083F83C10DE87DA8F92B23A43DA8783F8FC
:10528000404083F84150BDE8F0871204A168002631
:1052900002F47C124FEA116CC1F30747C1F30725F2
:1052A0001A611A6942EA0C22C1F3803C1A611A6938
:1052B0003A434FF400771A611A691F65013276414B
:1052C0009702B6029F6446EA9256DE6433E7AD0267
:1052D000A1689200012605F44065CF0B02F47F72AD
:1052E000C1F3C2691D61C1F302681D6907F00607B9
:1052F000C1F3425CC1F3824A2A43C1F3C03E1A6142
:105300001D6945EA91751D61C1F3072583F8149065
:1053100083F8158083F816C0C1F3803C83F817A08A
:105320001F761A7E42EA0E021A76D3F810E01F7E2C
:105330001A7A023706FA02F2BE401A654FEAE67997
:10534000A6FB026702FB09770EF101020EFB077E46
:10535000A6FB0278F0447A0A4FEA582642EAC8527D
:10536000C3E91226E7E600BF140C0120E01D01206E
:10537000D91D012038B50D461446CBF761FE48B162
:10538000FFF796FE054A4FF400730020926C2A60E6
:10539000238038BD4FF0FF3038BD00BFE01D012035
:1053A0004A1C4FF4003330B4494C0CBF80254525CE
:1053B00000E0EBB1626B013B2A42FAD0002921DD0B
:1053C000626B52071BD403291CD0414A536B13F064
:1053D00001031DD1022908D01369DBB283421AD11F
:1053E0000129536927D0062917D0002030BC704707
:1053F000002904DD636B5C0701D40329E5D1032098
:1054000030BC7047002B30BC14BF00200320704715
:10541000012030BC70471020F2E713F4604F02D136
:105420002C4AC2F8D830990431D45A04F3D41B045E
:10543000DBD50F20E4E7284818400028E0D0002BF7
:1054400029DB5D0025D49C0029D4D80025D419017E
:1054500029D45A0125D4DD012FD41C02E9D45802E5
:10546000D9D4990227D4DA022FD41D030FD45C03B8
:1054700029D4980325D4D90321D41A0419D45D045E
:1054800015D49C0411D41807AFD51A20B8E71320FF
:10549000B6E70920B4E71C20B2E70B20B0E70A20EA
:1054A000AEE70D20ACE70C20AAE71920A8E71820EA
:1054B000A6E71720A4E71120A2E70E20A0E71620F8
:1054C0009EE715209CE714209AE7122098E700BF7A
:1054D000002C014028C4012008E0FFFDF8B5114D63
:1054E0000446296B01290ED00F4B40F2FF500021DA
:1054F000DA6A22F00802DA629863A962236823F06C
:1055000001032360F8BD084E40F2FF57002240F22D
:105510004C43B7630C20B260F360FFF741FFB76301
:10552000E2E700BF140C0120002C0140354B5A6803
:10553000100303D5344A1168490757D4314B5A68D0
:10554000D00303D5304A5169090647D42D4B5A6818
:10555000500303D52C4A1168890737D4294B5A6860
:10556000D00203D5284A1168090720D4254B5A6870
:1055700092021BD5244A1168C80617D51168490341
:105580003CD41368DB0503D4136823F010031360C5
:105590001C4A4FF400111D4BD1609B6A0BB11A4895
:1055A0009CE71B4AD36B43F48073D3637047116845
:1055B000480307D41368D90503D4136823F00803FC
:1055C0001360104B4FF48012DA60CFE711684FF48C
:1055D000802021F002011160D860BFE751694FF4CB
:1055E000803021F080015161D860AFE711684FF43D
:1055F000002021F004011160D8609FE74FF40012F1
:10560000DA60704700640240A0640240140C01207C
:10561000002C0140354B1A68900103D5344A1168BB
:10562000490757D4314B1A68500203D5304A5169A3
:10563000090647D42D4B1A68D00103D52C4A1168AE
:10564000890737D4294B1A68500103D5284A1168B5
:10565000090720D4254B1A6812011BD5244A11686A
:10566000C80617D5116849033CD41368DB0503D479
:10567000136823F0100313601C4A4FF000611D4BA8
:1056800091609B6A0BB11A4828E71B4AD36B43F41D
:105690008073D36370471168480307D41368D90532
:1056A00003D4136823F008031360104B4FF080629B
:1056B0009A60CFE711684FF0807021F0020111600D
:1056C0009860BFE751694FF4800021F0800151617B
:1056D0009860AFE711684FF0007021F0040111608D
:1056E00098609FE74FF000629A6070470064024044
:1056F00058640240140C0120002C014070B52A4C63
:10570000636BD9051AD54FF4807240F2FF56274BD0
:10571000A263A663E26B264D1340E3632B6B9A07EB
:105720001DD4012200232A626B621F4B40F2FF51FD
:105730001E4A9963D96B0A40DA6370BD636B9807A0
:1057400003D51B4B02225A62EFE7636B190720D483
:10575000636B9A0621D5164B06225A62E5E7154B74
:1057600000211A68136823F001031360E36A23F031
:105770000803E362E9622B6BDB07D2D540F24C43AE
:10578000A6630C20A1600121E360FFF709FEA66378
:10579000C7E7074B04225A62C7E7636BDB06C4D531
:1057A000034B05225A62C0E7002C0140C53EFFFFB3
:1057B000140C0120100C01200E4A01210D20D2F8FA
:1057C000D82038B50C4C40F2FF5540F24D43A5634C
:1057D000A260E360FFF7E4FDA56340B96069C0F330
:1057E0004320A0F10400B0FA80F0400938BD002049
:1057F00038BD00BF28C40120002C014070B50D4603
:1058000014461E46CBF71CFC90B133462A46204670
:105810000021C5F739F858B9074AD36A002BFCD1E3
:10582000FFF7CAFF0028FBD0FBF7B8FB002070BDD4
:105830004FF0FF3070BD00BF140C012070B50D4655
:1058400014461E46CBF7FCFB90B133462A46204651
:105850000021C4F769FF58B9074A936A002BFCD1AD
:10586000FFF7AAFF0028FBD0FBF798FB002070BDD4
:105870004FF0FF3070BD00BF140C012008B5FFF7DA
:105880009BFF30B1CBF7DCFB80F00100404240B21F
:1058900008BD4FF0FF3008BD564B1B78022B00F2BD
:1058A00097802DE9F041544D82B06B6913F000737D
:1058B00003D00E2002B0BDE8F08140F2FF564FF455
:1058C0008A620827044601211020CDE90033AE6327
:1058D000AF60EA60FFF764FDAE630028EAD1DFF84D
:1058E000248140F27742AE630121D8F8D8303720C6
:1058F000AB60EA60FFF754FDAE6303460028D9D1E0
:105900003E4A332040F2734C01216A62AF62EA6A78
:105910000243EA62AE63AB60C5F80CC0FFF740FD1E
:10592000AE630028C6D1694640F22A4201E09F02D8
:1059300052D46B6B13426B6BF9D01E0751D46B6B57
:10594000980750D46B6B99064FD46B6B9B024ED467
:10595000B4F5006F009B0CBF4FF480224FF48032EF
:105960001BBA1A4236D0D8F8D82040F2FF56224D42
:1059700040F2774301213720AE63AA60EB60FFF766
:105980000FFDAE63002895D1B4F5006F40F2464399
:10599000AE634FF0010114BF024602220620AA6046
:1059A000EB60FFF7FDFCAE63002883D16B6803F466
:1059B00000639C423FF47EAF2A46114953680B4076
:1059C00023435360536803F40063A342F6D171E7A5
:1059D0002820704726206DE7D5F8803041F8043B39
:1059E000A7E7042066E7022064E7062062E722209A
:1059F00060E700BFD91D0120002C014000E1F50542
:105A00000081FFFF28C401202DE9F04F9F4F85B092
:105A100097F8DC4034B19E4B93F81C41204605B00A
:105A2000BDE8F08F9B4A01269B4D0321506C40F24C
:105A3000FF5887F8DC6040F40060984B5064022007
:105A4000526C02F400620392039A6A68134043F0B6
:105A500076036B606B6823F480736B602960F1F7E9
:105A60005BFE6B684FF48062204643F480734FF016
:105A7000FF316B60C5F83880AC60EA60FFF790FCDE
:105A8000C5F838800446002858D14FF4D5724FF439
:105A90008963C5F838800721AA600820EB60FFF70A
:105AA0007FFCC5F8388000284FD00194DFF8E8B1BA
:105AB00040F2FF55002240F27743CBF838500121E5
:105AC000CBF808203720CBF80C30FFF769FCCBF877
:105AD0003850044690BBDFF8D4810646019BAA46A5
:105AE000814643EA080813E0CBF83850CBF8088029
:105AF000CBF80C20FFF754FC4FF6FE710446CBF8B0
:105B00003850D8B9DBF81420002A24DB8E4222D882
:105B100040F27742CBF838A00121CBF8089037202B
:105B2000CBF80C20FFF73CFC044640F2694203210D
:105B300029200136CBF83850002CD5D0544B2046C4
:105B400083F81C4105B0BDE8F08F554B4FF0804203
:105B50001E700192AAE74FF6FF739E4200F09380F9
:105B600051007CD50222DFF838814B4B88F80020A9
:105B70001B689A077ED0484D40F2FF56002240F243
:105B8000C2430221AE63AA600846EB60FFF708FC3F
:105B9000AE6304460028D1D16A69424EAB693261D6
:105BA000E9692A6A736198F80030062BC6E9061283
:105BB00001D0022B60D8384D40F2FF54002240F251
:105BC0004343AC630621AA600320EB60FFF7E8FBC8
:105BD000AC6304460028B1D198F80030042B19D0EA
:105BE0002D4D40F2FF54D7F8D82040F2C943AC63A2
:105BF0000221AA600920EB60FFF7D2FBAC630446E8
:105C000000289BD16B693360A969EA692B6AC6E9F0
:105C10000112F360FFF74CFA044600288ED11E4DA6
:105C200040F24743D7F8D82040F2FF560121072021
:105C3000AE63AA60EB60FFF7B3FBAE63174B04469D
:105C40006A6813406B6000287FF478AF164B9B782E
:105C5000ABB14FF40060FFF71FFE04466EE70E4B3A
:105C60001B689B0706D0DFF8388098F80030042BBB
:105C7000D0D080E7262461E7042BB1D1CAE7FFF733
:105C80000BFE04465AE71B2458E700BF28C4012036
:105C9000D409012000380240002C01400081FFFFA0
:105CA000D91D0120140C0120D41D012000001080FA
:105CB00008B5134B5878F1F737FE08B11F23C3809E
:105CC0002021F1F7D7FE00210846F2F70FF80D4B1F
:105CD0000021032093F90320F2F7E6F918B1406898
:105CE000FFF7ECF808B9012008BDCBF7A9F90028A7
:105CF000F9D0FFF789FE0028F5D1FBF74FF908BD71
:105D000044360120D41D01202DE9F04F734C83B09F
:105D100054F82040002C69D0D4F8A8519246064689
:105D200098466A6B6F68286B6D4BA160698F6261E2
:105D30002A8FDFF8B4912360C4F8A071A061C4E990
:105D400003122F7819F91720531C40F09680D4F8CD
:105D500000B109EB470999F9013001337BD1BBF15F
:105D6000000F0BD001375846F2F702FB0B21FAB2B5
:105D70008146F2F70DFB002840F09280D4F8FC0039
:105D800058B1F2F7F5FA2A780C2107460132D2B25F
:105D9000F2F7FEFA002840F097806B68C4F82031D3
:105DA00095F82800002878D194F8AE01F1F7BCFDF1
:105DB00018F0080F94F8AC711CD040B318F0110F14
:105DC0004FF00B0206F1010614BF0A271A2718F03C
:105DD000410FC671827114BF4021202194F8AF2178
:105DE0003943F1F7F3FDD4F8FC302BB3204603B070
:105DF000BDE8F08F1AF0020F09D040B10B21721CE0
:105E000081710221C27194F8AF21F1F7DFFD3846AC
:105E1000F1F78AFD0028E6D01AF0010FE3D00C223A
:105E200001360221C671827194F8AD21F1F7CEFDE1
:105E3000D4F8FC30002BD9D195F82C1095F92A0014
:105E40008909C3F775FD95F92A00CEF765FF20464D
:105E500003B0BDE8F08F39460520F2F725F9002898
:105E60003FF47DAFD0E90123C4F8FC20C4F804312D
:105E7000BBF1000F7FF476AF80E739460420019232
:105E8000F2F712F9019A00283FF461AFD0E901B3AB
:105E9000C4F800B1C4F808315BE7C3F701FE83E73B
:105EA000484602F0D5FC2346484695F82B200D497C
:105EB00002F0A8FC6B68D4F8FC002833C4F8183151
:105EC00000287FF45EAF68E7384602F0C1FC6B68DB
:105ED00003F12402C4F81C2160E700BFDC5100205C
:105EE00060160508453E040800C40120F8B5EFF32C
:105EF0001185502383F31288D0F800311B6813F00A
:105F0000010303D0EDB285F31188F8BDD0F89421D8
:105F10000446D0F898110A4302F02102212AF1D058
:105F2000D0E90912914253D043D800691946831A27
:105F30009BB2D4F894610020A162202E84F8A401C1
:105F4000E0D1A069D04200EB0201DBD0B3FA83F7C5
:105F50007F09002BD6D094F89021012AD2D04FF09F
:105F6000010C2122D4F88801A4F87231C4F86C1114
:105F7000C4F89C71A4F8703184F890C1C4F89421DD
:105F8000D0B1DFF858C0144A0765C0E90FC2D4F891
:105F90002021DFF84CC02832C0F84CC0CEF792FD6B
:105FA00050B1102384F89071C4F89C31C4F8946106
:105FB000A8E78B1A9BB2BCE7D4F82031002240211D
:105FC000196284F890219A6842F080029A6099E7F9
:105FD000012380F8A43195E7E1FC000819FD0008D1
:105FE00081FC0008D0F82021242100232DE9F04174
:105FF000C0F894110446116800F59075D0F808E0D7
:1060000021F00101116013605360936040792179A0
:106010000703C4F89C310602C4F894314FEA802C7F
:1060200007F4005706F48066C4F898310CF4805CDD
:1060300084F89031C4F83831C4F84031C4F83431B0
:10604000C4E94B7611F00106C4E949EC02D00423FF
:10605000C4F8343111F0020105D0D4F8343143F0E2
:106060000803C4F83431C7070BD5002E40F00B816C
:1060700039B1D4F844314FF4003143F00103C4E99D
:106080005131A84B03F1200653F8041F8C4200F055
:10609000C1809E42F8D1030700F1D180D4F8943139
:1060A000002B00F01F8124232846C4F89431136884
:1060B00023F001031360CCF723FA012815D0D4F89C
:1060C0004431002B40F01181D4F8203128465A6821
:1060D00022F490425A609A6822F02A029A601A6862
:1060E00042F001021A60CBF7A1FC2279D10763D5F7
:1060F000D4F8FC10002900F0DA80D4F80421002341
:1061000004F13C074FF48060E1634FF48071226436
:106110004FF48032E0643846C4E91133C4E91433E3
:10612000C4E91833C4E91A33C4E91612CEF70EFDD8
:106130003846CEF74FFDD4F89881C4F88C71B8F189
:10614000200F656733D1E368626999B27AB3B1FA17
:1061500081F6760959B394F89001012827D00B46AF
:106160003846A4F878114FF0010E6F4F4FF0220C13
:106170006E49A767E1676E4FD4F82011C4F89C619F
:106180002431C4F87421C4F88C6084F890E1C4F818
:1061900098C1C4F88870CEF795FC002800F0B08054
:1061A000102384F89061C4F89C31C4F89481E36BA7
:1061B00022795B68C4F81431920776D5D4F80021AF
:1061C000002A00F08780D4F80861002340204FF4B3
:1061D0008061C4F89C204FF48032C4F8A06004F1C0
:1061E0009C06C4F8A400C4F8A8303046C4F8B830FF
:1061F000C4F8AC10C4F8BC20C4E92C33C4E9303373
:10620000C4E93233CEF7A2FC3046CEF7E3FC0028D7
:1062100044D0FEE7002C3FF43EAF94F8B831002B99
:106220003FF439AFD4F844314FF4004143F0080350
:10623000C4F85411C4F8443103077FF52FAFD4F8E4
:106240009431002B59D024232846C4F89431136884
:1062500023F001031360CCF753F901283FF445AF55
:10626000D4F84431002B44D1D4F8203128465A6860
:1062700022F490425A609A6822F022029A609A6848
:1062800042F008022AE7D4F844314FF4803643F054
:106290000203C4F84C61C4F84431E9E6D4F89C30F8
:1062A000C4F88861C4F8D4505860BDE8F081D4F8CF
:1062B000A031196841F480711960996841F00101B9
:1062C0009960196841F020011960196841F01001C6
:1062D000196071E7D4F8A021136843F080031360BC
:1062E000BDE8F08184F89031DDE62846CBF7CEFB9F
:1062F000EAE62846CBF7CAFBB6E784F89031A2E776
:10630000D4F8203184F890011A6842F480721A603F
:106310009A6842F001029A609A6842F040029A60DC
:1063200045E700BFD8510020E9FC0008E5FC000863
:1063300081FC00082DE9F0434FF425728FB0002155
:10634000704805F07FFE704B704C4FF080415A6CE6
:10635000A4F1200804F51C6542F00102A1466C4F2F
:106360005A645A6C6B4E02F001020092009A1A6C49
:1063700042F001021A641A6C02F001020192019AC1
:106380001A6C42F002021A641A6C02F002020292C3
:10639000029A1A6C42F004021A641A6C02F00402A7
:1063A0000392039A1A6C42F008021A641A6C02F003
:1063B00008020492049A1A6C42F010021A641A6CD1
:1063C00002F010020592059A1A6C42F020021A643B
:1063D0001A6C02F020020692069A5A6C42F00202EF
:1063E0005A645A6C02F002020792079A5A6C42F4FD
:1063F00080325A645A6C02F480320892089A5A6CBD
:1064000042F400325A645A6C02F400320992099A3A
:106410005A6C42F480225A645A6C02F480220A9226
:106420000A9A1A6C42F040021A641A6C02F0400296
:106430000B920B9A1A6C42F080021A641A6C02F0EA
:1064400080020C920C9A1A6C42F480721A641B6CD3
:1064500003F480730D930D9B3A46002301E056F838
:10646000332091420CD001330E2BF8D109F12009D1
:106470000020C3F715FB4D450BD059F8201CEBE766
:1064800006EBC30309F120091879C3F709FB4D4551
:10649000F3D108F51C6608F12008B04510D0B8F813
:1064A0000630002BF7D098F8040008F12008F1F727
:1064B0003BFA18F8172C0221F1F788FAB045EED113
:1064C0004FF08041124F134E3A46002301E056F838
:1064D00033208A420BD001330E2BF8D12034002018
:1064E000C3F7DEFAAC420AD054F8201CECE706EB06
:1064F000C30320341879C3F7D3FAAC42F4D10FB0F8
:10650000BDE8F08318A2012000380240A4DC040892
:1065100000000140A4C7040801490248FDF796BCE9
:10652000FCA301200018004001490248FDF78EBC81
:10653000D0A301200048014001490248FDF786BC74
:1065400078A301200040014010B5064C06482146C2
:10655000FDF77CFC04F1DC010448BDE81040FDF7C8
:1065600075BC00BF4CA3012000040140001C00408A
:1065700001490248FDF76ABC4CA301200004014018
:106580002DE9F843184F3C69FB681C4010D04FF0D0
:106590000048DFF85890B4FA84F228FA02F31F2A70
:1065A0006FEA030304EA03043B6103D0002CF2D139
:1065B000BDE8F883D9F8041191B1013900238DB2F7
:1065C000C9F80431D9F80061002EEFD033683046A5
:1065D000294698477668002EF8D1002CDBD1E7E7F2
:1065E000FD6AADB2EEE700BF0010004018A2012026
:1065F00001490248FDF72ABCC8A20120000C004056
:1066000001490248FDF722BC9CA20120000800407D
:1066100001490248FDF71ABC70A2012000040040A5
:1066200002494FF08040FDF711BC00BF44A2012099
:1066300010B5064C06482146FDF708FC04F5C67166
:106640000448BDE81040FDF701BC00BF18A20120BE
:10665000000001400044014001490248FDF7F6BB3B
:1066600018A201200000014003689B0AA3F58013D3
:10667000522B56D82DE9F041394CE45C0D2C4ED804
:10668000467904EB8403374DA0014FEA960E0029AA
:106690004BD04FF0020855F800C004EB430326FA34
:1066A00008F7314E734408FA07F7DCF80C8006EB64
:1066B000830E47EA0807CEF80410CEF81420CCF871
:1066C0000C70EFF3118C502383F312882C2303FBFF
:1066D00004F3F158F71829B30A1D79622C21234FCE
:1066E00001FB04F101F114030F44334453F8041B7C
:1066F00019B1116053F8042C04329F42F6D10023E3
:106700005FFA8CFC13608CF311882C232A5803FB4E
:106710000464636AFBB1D36843F00103D360BDE84E
:10672000F08170472433F218D8E74FF0020C2F584D
:1067300004EB43030C4E0CFA0EF8D7F80CC073446C
:106740002CEA080C06EB830EC7F80CC0CEF8041038
:10675000CEF81420B5E7D36823F00103D360DEE759
:1067600050C70408DC28012018A201203CA2012007
:10677000830AA3F58013522B39D8F0B504464D484F
:1067800085B0C05C0D2830D84B4D8601AF5905EB64
:106790008013A74229D0494F01391846AC513F68B0
:1067A00089B2B7FBF2F20027013AD9605A601F6143
:1067B0009F605F61CBF736FB414B9C4218D0B4F130
:1067C000804F15D0A3F57C439C4211D003F5806324
:1067D0009C420DD03B4A03F57C439C4218BF944237
:1067E00044D003F570539C4240D005B0F0BD7047D3
:1067F000AA1900234FF4805092F83C10039301290A
:106800000090CDE90133F0D0A85902272E49012488
:1068100082F83D7087683940816082F83C3082F8A8
:106820003D40AA19002392F83C1002930129CDE9BA
:106830000033DAD0AB590221214882F83D1083425F
:106840005A68996833D000F5806083422FD0354470
:1068500022F0700221F08001012400205A6099602A
:1068600085F83D4085F83C0005B0F0BDAB1900212E
:106870004FF4805093F83C200391012A0090CDE919
:106880000111B2D00227A8590F4A4FF0010C83F82A
:106890003D7087683A400D4FBC42826083F83C10DF
:1068A00083F83DC0BDD0074B9C429ED1B9E722F48E
:1068B0007002CCE750C70408DC2801207C1E0120B0
:1068C00000000140000C00408800FEFF0004014071
:1068D00030B50446006883B0830AA3F58013522BB9
:1068E00003D8234DED5C0D2D01D903B030BDFFF76A
:1068F0003FFF204800EB8510CBF722FB21681E4AA2
:1069000000231E4801E050F8332091420CD001339F
:106910000E2BF8D101210020C3F70AF8002003B0A4
:10692000BDE83040CEF7F8B9144A012102EBC303A9
:1069300093F905005C790190C2F7FAFF0198CEF750
:10694000EBF91B2C08D101211920C2F7F1FF0C4BE8
:106950004FF000721A60C8E72E2CC6D101212C20FE
:10696000C2F7E6FF064B4FF480525A60BDE700BF06
:1069700050C70408DC28012000000140A4C7040817
:1069800000E100E0800AA0F58010522807D8054BEE
:106990001B5C0D2B03D8044800EB831070470020CC
:1069A000704700BF50C70408DC280120800AA0F50A
:1069B0008010522806D8044B1B5C0D2B02D8034ACA
:1069C000D05670470020704750C704082456050869
:1069D000AF4B2DE9F04F93F80C9091B00026A9F140
:1069E0000203B3FA83F35B090193AA4CDFF8D8A240
:1069F00008E008280FD0019B6BB1A74BA3425CD0E5
:106A000054F820AF5046FFF7D1FFB9F1010F074608
:106A1000EFD10128F1D1002529463846EEF7FAFFDB
:106A2000EEF78AFF0378B3F1530118BF0121002B61
:106A300008BF0021002940F0CB800435ADB2102DF5
:106A4000EAD1E6B1DFF88482002504E0013508F5DB
:106A50008678B54211DAD8F808B0DBF80000FFF705
:106A6000A5FF8742F2D19BF8053062799A42C4D0E3
:106A7000013508F58678B542EDDB0029BDD1204609
:106A8000F1F7C2FA6179C3B20246022B00F25983D0
:106A90005046F1F74BFA4068F1F76AFC01387F4B3A
:106AA00000EBC00003EB8000037F002BA5D14FF467
:106AB00086737B4A03FB06F39C500136042E94D167
:106AC000784E4FF00009DFF808B20296764B1B684B
:106AD0004B457ADDDBF80C509BF8103028460493C8
:106AE000F1F7DCF90190002D00F023832B6803F10E
:106AF0003F4303F57E039B0A6C4ADFF8D0A1176879
:106B0000002F6CDD0024504604E0013400F586704F
:106B1000BC4261D001689942F7D14FF4867309F104
:106B20000109019A03FB04A45FFA89F3CBF804205E
:106B3000CBF8184015B10322EB71AA710126DBF8DE
:106B400004000327A16C00FA06F3226D584D9F4004
:106B500006FA03F30F4313432978A764236500293A
:106B600000F08B8006FA00F2636D3146DBF80C0012
:106B700013436365F1F770F84E4BDBF80C0019789E
:106B8000490141F0090101F0E901F0F773FF2A78AA
:106B9000002A69D00122019BD4F8AC0002FA03F16B
:106BA00089B2FBF70BF920460BF1200BFBF7D0F86D
:106BB0000123029AB9F1040F0BF8043C0BF8033CD3
:106BC000537402F11803029380D111B0BDE8F08F25
:106BD000002E7FF437AF10E7032C00F3E6804FF46C
:106BE000867101FB07F10AEB01060391B0680028EA
:106BF00000F095825C1CDFF8DCE003994FF053084D
:106C0000E4B207F1010C4AF801309EF8003086F832
:106C1000094186F80881079341790368C2F800C0EA
:106C200005930691F1F7F0F9C3B20246022B00F288
:106C30008882DDE90501F1F779F9D0E90132C6E989
:106C400005321846F1F794FB22464146F1F7A0FBC6
:106C5000002841D1184B194819491A4A9861C3E9CB
:106C6000041211B0BDE8F08F019B0121D4F8AC00F3
:106C7000994089B2FBF7A2F895E71030636D864022
:106C8000DBF80C001E436665F0F7E6FF74E700BF13
:106C9000BC3801209016050890170508AC010120AA
:106CA000207300202C090020240A002014730020E7
:106CB000200A0020EC3801208C0900202540030820
:106CC0002D400308294003080004014018730020E8
:106CD0000820002020390120039B8C20844A9B102F
:106CE0008449854C02FB03F303EB430200FB03F3EF
:106CF00002EB021204EB4303344601EB82022968E3
:106D0000C6F8F430C6F8AC207C4BB2687160332111
:106D1000D2F800801A68079BC6F8F800062BC6F860
:106D2000B01000F0E281072BDFF8F0E17448754BFA
:106D300018BF4FF0710C74490ABF4FF01C0C73461A
:106D4000014640464FF48678B2FBF3F3B2FBF1F212
:106D500008FB07A8013B0399013A1FFA83FE6B4B1E
:106D6000A8F8B42058310022A8F86CE05144C6F8C5
:106D700060E0A6F858207266F265C3F8C8C0CAF78A
:106D800097FCD8F8082010680592036843F0800348
:106D9000036053790C2B0CD8DFE803F0650B0B0B69
:106DA0005D0B0B0B6D0B0B0B5400594B03221A7030
:106DB00050E74FF4867303FB07A3D968602203688A
:106DC0004FF000084FF0010E08924FF4807223F04C
:106DD00001034FF0020C0E920A22CDF828800B928C
:106DE00008AACDF83480CDF83C80CDF824E0CDF869
:106DF00030C00360CAF7F6FA4FF48672059B02FBB7
:106E000007A21B68D268012A00F06A81042A00F0F8
:106E10006781102A00F08781402A00F06181B2F575
:106E2000807F31D0B2F5806F2ED0B2F5805F00F058
:106E30008381B2F5803F4FF03C080CBF08224FF42D
:106E4000006224E04FF486734FF4805203FB07A3E3
:106E50001146DA60B2E74FF48673102203FB07A3F2
:106E60001146DA60AAE74FF48673012203FB07A3F9
:106E70001146DA60A2E74FF486734FF4807203FB89
:106E800007A31146DA6099E708224FF00408183387
:106E900053F808100A4343F80820059B1879002886
:106EA00040F028814FF4867808FB07A8D8F808300E
:106EB000D8F814001A68136843F001031360F1F75F
:106EC00057FA059001F0C4FCD8F808305A790C2A1A
:106ED00000F208810F4931F812C04FF4867118682A
:106EE0000D4A002301FB07A1A1F810C01FE000BF5D
:106EF0006B4CA407D81C0020A87900207C1E012020
:106F00001055220040771B00449508006C77002044
:106F1000ED38012054C8040814780020D0DD0600A4
:106F2000884200F003810133042B00F00D8152F8F8
:106F300033100029F4D186494FEAC308D1F8A410D0
:106F40000691834901EBC30E0699814B0131CEF8BE
:106F5000A800C3F8A4109044059833469022B8F8CE
:106F600004E009F101097B494CEA0E0CA8F804C0C1
:106F700001F048FC4FF48673039A03FB07A7DFF880
:106F8000E48170327B69524419681046059241F0E1
:106F900010011960196841F014011960CAF704FC66
:106FA00000234FF0400C4FF44030F367B969C6F846
:106FB00080304FF48063C6F894100421C6F878C07E
:106FC000C6F89C104FF48051C6F88430C6F898007B
:106FD000D7F8B030059AC6F890307B68C6F88810AC
:106FE0004FF4804118333367D7F8AC30C6F88C10B3
:106FF00073677869C3B220F0FF00103BA8FB033130
:107000000909CAF7E3FB7B69039A1968B832D3F818
:1070100014E0D3F804C0524431629968DB6810462A
:107020000392C6E909ECC6E90B13CAF7BDFB0023BE
:107030004FF0000C4FF40030C6F8C4300422BB6996
:107040004FF40061C6F8E420C6F8DC304FF48063EA
:10705000C6F8E000039AC6E932C30023C6F8C03080
:10706000D7F8F830C6F8D8307B68C6F8D0104FF49F
:1070700080411033C6F8B830D7F8F430C6F8D410D1
:10708000C6F8BC307869C3B220F0FF00103BA8FB03
:1070900003310909CAF79AFB7A695FFA89F3D2F8D2
:1070A0000080D2F814E0D2F804C09768D068116864
:1070B000C6F8348041F01001C6E90EECC6E9107044
:1070C0001160116841F014011160019ACBF80C5065
:1070D000CBF80420049ACBF818608BF810202AE52E
:1070E0000822D4E64FF0000CF7E61B494FF0380CAD
:1070F0001A4B26E6F0F718FC059B804602215A7AC7
:10710000F0F764FCB8F1000F02D05323A8F8063062
:10711000059B1A68536C43F400435364C2E6104B5A
:1071200002221A7096E54FF40062B0E64FEAC308F7
:1071300011E74FF0FF33DFE44FF400624FF0040833
:10714000A5E600235B68FFDE00239B88FFDE00BF0F
:107150006C77002081150000882A1100A0BB0D006B
:10716000ED380120ABAAAAAA08B5104B03EB8003A7
:107170009B7BC3B10E4B5C2202FB0033D3E933038C
:1071800080B107EE903A9FED0B7AB8EE670A07EEF2
:10719000900AF8EE677A20EE070A80EE270A02F0DE
:1071A00047FC00B208BD42F2107008BDFC4600204A
:1071B0006C77002000401C46F0B50446D0F89400DF
:1071C000444983B0C3B204F16402A56820F0FF0013
:1071D000103B01922D6804F11806A1FB0331090947
:1071E000CAF73AFB616D0023019A012984F85830EF
:1071F00018D0042916D0102957D0402912D0B1F543
:10720000807F55D0B1F5806F52D0B1F5805F58D0F6
:10721000B1F5803F4FF03C030CBF6FF0080C6FF4EA
:10722000006C01E06FF0080C05F118072846F958CA
:1072300001EA0C01F950616DCAF7D4F8636D012BB6
:1072400016D0042B14D0102B0FD0402B10D0B3F538
:10725000807F31D0B3F5806F2ED0B3F5805F34D00E
:10726000B3F5803F05F1540702D04FF4006C01E004
:107270004FF0080CD4F8940032463D684026C3B263
:10728000144945EA0C0520F0FF00103B3D60A1FBCE
:10729000033126620909CAF799FAD4F894201368D1
:1072A00043F01003136003B0F0BD6FF4006CBBE754
:1072B0006FF0080C0423B7E705F11C074FF0080C2A
:1072C000D8E76FF4006C0423AEE705F11C074FF418
:1072D000006CCFE7ABAAAAAA914B2DE9F04F1C781E
:1072E0002DED028B85B034B90124204605B0BDECEC
:1072F000028BBDE8F08F8B4B1B6808EE103AEEF75F
:1073000027FC894B019093F82430002B00F0038177
:10731000DFF81C920024DFF83CA24E46834FCDF8E4
:107320000C90DAF89C30019AD31A03D4F26D9A4289
:1073300000F3E080A20004EB840302927C4A02EB9B
:10734000431393F8583003F0FF08002B00F09E80A1
:10735000D6F89410774DCBB221F0FF01B268103B04
:10736000B0891268A5FB0353734D1B09EB5C1944EC
:107370004968D3681FFA81FC23EA0000CCF1160C9F
:10738000D060BCF1070F40F28180684901200022E3
:10739000D6F89CE08B688146154603448B60DEF886
:1073A000001018E05EF82030142DA3EB010B1946F5
:1073B00019DC1BF1080348BF0BF1170305EB23157C
:1073C0001B1103F1FF3B01309A4009FA0BFB844586
:1073D0004BEA020207D38445E4D8C5F115035EF8F1
:1073E00020101525EDE7152D7CD15449C2F3842CCE
:1073F000C2F3441502F01F0001EB8C0CC2F3C4323F
:1074000001EB8505DCF8A83401EB8000D5F8A85421
:1074100001EB82021B02D0F8A814D2F8A82443EA98
:1074200005150D4345EA023585EA152383EA131352
:1074300003F00F030F2B55D140F6FF722B09B2EB6F
:10744000151F65D0C3F308036D0B13FA05F549D07A
:107450003B4B4FF6FF7203EB5503B3FBF5F5ABB2B5
:1074600093423FD037490122BB810B78BA732D2B51
:1074700003D1ADB2344B029A9D505C20334B414650
:1074800018EE102A00FB0430F1F7E2FF3046013419
:10749000FFF792FE244B0437A03693F82430A34222
:1074A0003FF73FAF0022DDF80C90CAF89C20002B7C
:1074B0003FF41AAF03EB830309EB431399F8102051
:1074C00009F1A00959F84C0C12F0020F59F8982C48
:1074D00011680A6A14BF42EA800202434B450A62FD
:1074E000ECD101E7114A5368013353604CB14FF0BE
:1074F0000008C2E70024204605B0BDEC028BBDE8C1
:10750000F08F714658221248A04603F039FEB4E7C6
:1075100000252B46A6E70F4AC2F89C30E5E600BFDF
:10752000200A0020301D0120BC090020FC4600205C
:10753000581A0020ABAAAAAA64190508081305085E
:10754000C02709009C200020A020002038780020BF
:10755000184700206C770020704700BF1B4B53205A
:107560001B4A196C41F0805170B4196483B0196CD6
:10757000FF25184ECA2401F080510191019931680C
:1075800041F480713160196C41F480611964196CA7
:1075900001F48061009100995562546250625B6F02
:1075A000DB000CD40C4B00210C4A43F8041B934223
:1075B000FBD1074B0A4A1A6503B070BC7047126DC5
:1075C000074B9A42EED103B070BC704700380240BE
:1075D0000028004000700040542800406C28004003
:1075E00031666542014B43F8201070475028004037
:1075F0000021032008B5FFF7F5FF72B6FCF752FE35
:1076000008B5FCF73DFE0028FBD11420F0F784F804
:1076100001E0FAF783FF00BFFCF732FE0028F8D044
:10762000FFF7E6FF0321044608B50846FFF7DAFF37
:1076300072B6104BD3E9002352EA03010AD10022AB
:1076400011460420FFF7CEFF05201146FFF7CAFFC1
:10765000FCF728FE08484EF6602124B2006801FBC2
:1076600004F4121843F10003121943EBE4731946B2
:10767000E7E700BFB07E0120301D0120014B53F829
:1076800020007047502800402DE9F04F41F69462E9
:1076900089B00021BD4804F0D5FC0420FFF7EEFFBF
:1076A00001460520FFF7EAFF51EA000340F0598147
:1076B000B74B0293B54E4C220021B64D3046012403
:1076C00004F0C0FC4C220021304604F0BBFC029BBD
:1076D0003560D3F8503134717362C6E90733C3F7AC
:1076E000E3FAFDF7D1F900210846F0F7FFFAF9F7C0
:1076F0005FFC031E019340F313810027A64B06F1A4
:107700004C04BB46B8463D4603F1E00A05E005F5EA
:107710000065019BAB4240F3A780F9F73FFCFAF705
:10772000FDFE202251462846FCF7FCFD12229B4913
:10773000504604F0A6FD0028E9D145451ED0984BDF
:107740000BEB4B090BF10102964903EB89090394FA
:1077500093464846F8F798FAA5EB0801039B4FF0CB
:10776000010CE269904843F84C9B6161C4F808C081
:10777000A062C4E90381C4E908221C46029BA84612
:107780001222D3F85031E361834B9918874B0132B1
:10779000DB5D91F8E01099420DD00027202AF3D14B
:1077A00008F12008019B51464345404651DBFCF758
:1077B000B9FD0022E8E70137152FEFD102EB0800F1
:1077C0007B492022FCF7AEFD07A90A227848CDF8B4
:1077D0001CA0F4F727FE079B07A90A228146013364
:1077E00018460793F4F71EFE079B039007A9581C41
:1077F0000A220790F4F716FE079B07A904900A22B5
:10780000581C0790F4F70EFE079B07A905900A2263
:10781000581C0790F4F706FE079B80460A220021B9
:10782000581C0790F4F7FEFDB9F1000F11D04FEA94
:107830004818A9F2BC73DDE9031242EA4112059926
:1078400048EAC12942EA432849EA600343EA084377
:10785000E361BBF1640F00F0F680A846019B05F5DB
:107860000065AB423FF759AFBBF1640F51D04545BE
:107870004FD04B4B4FF00C090BF1010A494909FB62
:107880000B39A5EB08055246474F4846F8F7FCF977
:107890000121E2690BF10203D346C4F80090A7620C
:1078A000C4E90455C4E90218C4E908224C220021A5
:1078B000DFF80881012402FB03F57319184604F070
:1078C000C1FB4C22002104F0BDFB029A0346019942
:1078D000D2F850210BF1020046F805809F629C60AF
:1078E0005A62C3E90411C3E90722019B5B00B3F1AB
:1078F000805F16DBB5682DB933791BB13368002B77
:1079000040F0A68000210846F0F7F0F909B0BDE884
:10791000F08F0BF101030120BBF1000FE5D093E0E4
:1079200020464C220021234D022702FB00F433198C
:10793000184604F087FB4C22002104F083FB019AD7
:1079400003460121C2F10060029A3551D2F850215C
:1079500088405F71DA619960C3E90400C3E90822D5
:10796000C8E700244FF47A72002320184FF0020475
:1079700041F1000101F0DEFD0F4B40F26D1140F2CC
:10798000B272B0FBF3F30D4622E000BFE4C9012060
:10799000D40901200C5A050828C4012024800508B8
:1079A00028C5012038800508794304084880050867
:1079B00008C501207080050880510100608005081D
:1079C00001325B1A12F003040CBF4FF4B771294661
:1079D0009942F5DD6E49CCBB0C4602911D21C4F8DD
:1079E00024110299D1F82011994266DC694D0124D5
:1079F0005B1A55F8041F01349942F9DD664E0133D4
:107A00004FF46165A2F2BC7243EA44133C21B0FB1F
:107A1000F6F406FB140043EA42231C26B0FBF5F4FF
:107A200005FB1402029DB2FBF1F001FB1022C5F828
:107A30002461521042EA401242EAC42242EA03435D
:107A4000C5F8503136E66523544F2FE70291C8E759
:107A50002F46284652493564B5647564F563CC6C8D
:107A600001F14C035CB39C687A1E18649442D8639D
:107A7000C3E9110012D07A1C944217D0BC427FF4A3
:107A800041AF3A46002A3FF43DAF0C6CE76B01373B
:107A9000E7631C648B6417461946E0E7002F3FF448
:107AA00031AFBA4253F80C1CECD13A460C79002C99
:107AB0003FF428AF4B641964EDE701249EE7384892
:107AC0000223274611E0C16B03634901C0E9047733
:107AD0005AD001F6FF71013B03EB113101354B1C0C
:107AE000C0E90D1150F84C2FD2B10279002AEAD129
:107AF00001690363002940D103F1FF3C1A46416943
:107B0000426319B101F6FF730CEB1333A21A8363BE
:107B100019460135D41850F84C2F4B1C002AE4D1DB
:107B200020480139DFF880C03E278B0F84628A002D
:107B3000402445633F25846152EA03044162C0F852
:107B40000CC0C0E9047521D040F2FF1400251419BF
:107B50004FEA542445EB030344EAC35303F14002C4
:107B60001344C26103EBC10103628160CB0D490282
:107B7000C0E90B66C0E90013C4E601F6FF7103F12A
:107B8000FF3C0CEB1132BAE71946A7E70123E5E702
:107B9000D4090120F40A012080510100794304082E
:107BA000E4C9012068360120DC26050838B50E4CF2
:107BB00094F8542122B90D4B93F8B025104638BDE6
:107BC0000320FFF75BFD0328084B03D093F8B02593
:107BD000104638BD0125002183F8B055FFF702FD9E
:107BE000002384F85431E9E7D409012028C4012096
:107BF000F0B5032083B0FFF741FD012846D0304B9C
:107C00000024304905229C60DC6019615A60BFF392
:107C10004F8FBFF36F8F2C4D4FF6FF012B4BEA6850
:107C20002B480A402B492C4F13432C4EEB60436FDB
:107C30000B60CAF731FC2A4A2A49A2FB00202A4BD2
:107C40002A4A800C1860CB68294843F08073CB60C7
:107C5000C2F8B07F5460116841F0010111603368CF
:107C6000A0FB03239B09013BB3F1807F07D2214A8C
:107C7000F0200721536085F82300946011601D4AAD
:107C8000136843F00403136003B0F0BD0221032026
:107C9000FFF7A8FC0E4B18495A6C184842F4804272
:107CA0005A645B6C03F480430193019B0A68036888
:107CB0000A6083F30888124B1B689847FEE700BFF1
:107CC00090ED00E01B00000600ED00E00005FA0565
:107CD000003802402439012055CEACC57C1E01205D
:107CE00083DE1B43F0ED00E0448E0120001000E035
:107CF000D34D621010E000E0003801400000F01F9A
:107D00000400F01F084A0346D0F8E4005268D3F894
:107D1000F010121A00209142B8BFC3F8F0200122DF
:107D200083F81C21704700BF001000E030B583B01D
:107D3000044690F84D1106236A461030F0F742FED3
:107D4000B8B19DF800509DF802309DF801109DF8E3
:107D5000032041EA05219DF8045042EA03229DF8E0
:107D60000530A4F8D01043EA0523A4F8D220A4F8E3
:107D7000D43003B030BD00BF30B5044683B0806955
:107D800006236A4690F84C111030F0F71BFEA0B1A4
:107D90009DF800509DF802309DF801109DF80320D9
:107DA00041EA05219DF8045042EA03229DF805307E
:107DB000E18143EA05232282638203B030BD00BF24
:107DC0008369F0B593F8DC208BB00646012A23D0F6
:107DD000023A012A2BD893F84C216C46D3F89C30F8
:107DE00062F07F02134D1A7087690FCD0FC40FCD5B
:107DF0000FC4D7E9272395E80300013384E8030083
:107E000007F110006946CDE90023F0F711FBB069D6
:107E10001030F0F70BFDB369D3F8A0305A8852BA8E
:107E2000F2819A8852BA3282DB885BBA738201206F
:107E30000BB0F0BD54180508134BD0F8D8105B6890
:107E4000D0F8E02010B50446581A824200DC22B96E
:107E5000D4F8E4200A44C4F8DC2094F8D020C4F814
:107E6000D830012A05D0D4F8D4300133C4F8D43046
:107E700010BD04F1E801201DF0F7DAFAD4F8D4308F
:107E80000133C4F8D43010BD001000E02DE9F041FA
:107E900090F8DC308AB00446D0F8A070012B49D0AD
:107EA00016D8D0F89C304FF0FF3205211A605A6086
:107EB0009A60DA60D0F8E030C0F8F010B3F57A7F5D
:107EC00053D8032380F8DC3001200AB0BDE8F081EC
:107ED000023B012BF8D890F84D3100F11008D0F892
:107EE0009C206D4663F07F03344E13700FCE0FC598
:107EF0000FCE0FC5D4E9272396E80300013385E8A8
:107F0000030040466946CDE90023F0F791FA404668
:107F1000F0F78CFC7B8801205BBAA4F8D030BB88DA
:107F20005BBAA4F8D230FB885BBAA4F8D4300AB0AC
:107F3000BDE8F08190F84C2190F84D319B1A5B1010
:107F40000133DBB237F8132007EB430753BAA0F82D
:107F5000D0307B885BBAA0F8D230BB885BBAA0F87F
:107F6000D43001200AB0BDE8F0811030F0F790FA6B
:107F700000B394F84C310121D4F89C2063F07F03C6
:107F8000C4F8A4400E4D137094F84C0194F84D3190
:107F9000D4F8A0201B1AD4F89C000A44C4F8045159
:107FA000073384F8001184F8DC10C4F8FC30C4E90D
:107FB0003D0289E7022384F8DC3085E75418050880
:107FC000057D04080368D3E90412F0B45B680AB3C2
:107FD000147A294E1068375D0D68C45924F00104E5
:107FE000C451097A745C295921F001012951127D8B
:107FF0001F2A31D8202101FA02F242F018028260D1
:108000005A6822F002025A605A6822F00102F0BC5B
:108010005A6070479A68100604D59A681006F9D419
:1080200000E0DA689A68D207FBD4087A124C0A6832
:10803000245C105920F001001051097D1F2913D82C
:10804000202000FA01F141F0180191605A6822F0F5
:108050000202F0BC5A607047203A202101FA02F275
:1080600042F01802C260CBE72039202000FA01F16B
:1080700041F01801D160E9E764190508F8B507680F
:108080000646D7E90454002C50D0A0612B7D1F2B4D
:1080900039D82022286802FA03F343F018038360DA
:1080A000237D1F2B3AD9203B2021226801FA03F3BC
:1080B00043F01803D3606368002269680A601A609D
:1080C0001968BA6941F010011960297AC9F77EFB75
:1080D000FA69217A2068C9F779FB2B7A2A492F6837
:1080E000CD5C32687B59206843F0010352687B51B4
:1080F000237AC95C435843F001034350536843F06B
:1081000003035360F8BD203B2022286802FA03F3E2
:1081100043F01803C360237D1F2BC4D8202122689D
:1081200001FA03F343F018039360C4E72A7D6B68F8
:108130001F2AA8611FD82021286801FA02F242F004
:10814000180282600021BA691960196841F01001B3
:108150001960297AC9F73AFB2B7A0B4A2868D15C57
:1081600032684358526843F001034350536843F068
:1081700002035360F8BD203A2021286801FA02F278
:1081800042F01802C260DDE764190508F0B5066820
:10819000356A00295ED12F68AC68D6F818E0002F48
:1081A00061D0374B3B40B3F1005F63D007F01F0154
:1081B00004F11F0C27F01F020B466146194421F001
:1081C0001F01BFF34F8F00290BDD114402F1200383
:1081D000DFF8B0C08B42CCF868221A4603F12003C6
:1081E000F8D1BFF34F8FBFF36F8F03684FF48062F6
:1081F000CEF80470CEF814205B69CEF8204043B36B
:108200006868F669002837D01D4B0340B3F1005F62
:108210001AD000F01F0220F01F011F32224422F06A
:108220001F02BFF34F8F002A0ADD0A4401F1200329
:10823000144D9A42C5F87012194603F12003F8D183
:10824000BFF34F8FBFF36F8F4FF480637060736124
:108250003462F0BDEC69002CFBD06F691435D6F8A0
:1082600018E0002F9DD1084A3346CEF81470CEF89E
:108270000420C1E73346B9E7044B70617360E7E758
:108280000000FFFF00ED00E0980100209C010020AD
:108290002DE9F84F0646DFF8C4B2AD4D3468D4F886
:1082A0000490D94500F0E880AA4B994500F034814C
:1082B00003F58063994540F031810221D9F80030FF
:1082C0004FF0010CB088228923F0400396F8888093
:1082D000824284F824C0C9F8003040F00081337B2A
:1082E000A27A9A421ED0C1EB0111002B40F0DE8031
:1082F000994B03EBC10A9AF80400EFF715FB9AF8C3
:1083000007202E21EFF762FBD9F8003043F001037C
:10831000C9F80030D9F8003043F00203C9F8003042
:10832000337BA372D9F8003043F04003C9F8003022
:10833000226A9368002B00F0FF8000208446516879
:108340009C441432013001EA050E0B4331B16169DE
:10835000C1B1BEF1005F01D0DB0613D19368002BE1
:10836000EDD1237B73B1B8F1000F0BD0012800F2DF
:10837000D880BCF1070F00F2D480236A1B7B002B4E
:1083800000F0CF80236A9B68002B63D04FF0000879
:10839000B8F1000F02D098F80C3013B1B068EFF7C5
:1083A000ABFB226A63681168226A5268206AD0F8BF
:1083B00008E05868BEF1010F20F48050586015DDC8
:1083C00070469F68BF07FCD5002937D031F802CB33
:1083D000A3F80CC09F68FF07FCD5DF680AB122F83C
:1083E000027B02380128ECDC0EF0010E586840F4E4
:1083F00080505860BEF1000F0CD098688007FCD503
:10840000002951D0097819739968C907FCD5DB6830
:1084100002B11370236A1B7B002B41D1236A1B69B5
:108420007BB1236AD6F894001B69984701280DD0C8
:10843000022806D100232362BDE8F88F4FF6FF7CA7
:10844000C6E7D4F82080236A14332362236A9B682A
:10845000002B9DD1236A1B68002B76D0236A002253
:108460001E68236A5968236A216234681A60D4F846
:108470000490D9457FF418AF0021D9F800204FF0BF
:10848000010CB388208922F0400296F88880984237
:1084900084F824C0C9F800203FF421AF184620E03A
:1084A000B068EFF77BFBB9E7FF21ACE72A4B03EBA2
:1084B000C10A9AF80400EFF737FA9AF807204E211C
:1084C000EFF784FAD9F8003023F00103C9F800303F
:1084D000D9F8003023F00203C9F8003020E7C0F3D8
:1084E0004F03B3F5807FD9F80020A8BF4FF4807305
:1084F00022F03802022BB8BF0223002B93FAA3F319
:10850000B3FA83F308BF4FF0FF33013B42EAC303E2
:10851000C9F800302081E2E60121CFE64FF0FF31BB
:10852000ABE730460021FFF731FEB068EFF7E4FA21
:108530003046BDE8F84FA1E5237B002B3FF422AF86
:10854000B8F1000F7FF419AF1CE7236274E700BF96
:108550000000FFFF00380040D8AD0120003001408E
:10856000114A037A0168D35C10B4CC58CA1824F0BD
:108570000104CC501368DB07FCD4037D1F2B09D901
:10858000203B20225DF8044B02FA03F343F018036A
:10859000CB60704720225DF8044B02FA03F343F0EE
:1085A00018038B60704700BF6419050870B58469B3
:1085B000064600252046C9F7F7F83169736840225E
:1085C000C9680C33A260726961622360E560A562CC
:1085D0002561C4E9065572B1F4692046C9F7E4F88B
:1085E00072697368D2680C33E56062622360A560CB
:1085F000A5622561A56170BD2DE9F041C0EB0013B6
:10860000774E82B056F8332006EBC307002A00F0FD
:10861000A4800446050197F87000C1F741FA97F865
:1086200070200121530902F01F02013B01FA02F2FE
:10863000032B0AD8DFE813F0C8000400CE00C20004
:10864000684B596A21EA02025A622B1B671C06EB2F
:10865000C303FFB21879EFF767F910B11223C7719E
:1086600083712B1B06EBC3035879EFF75DF9804646
:1086700010B11323C77183712B1B06EBC3039879C9
:10868000EFF752F910B11423C77183712C1B2E21FF
:10869000404606EBC405E4002A7AEFF797F9A8797B
:1086A000EFF742F96A7A0E21EFF790F92879EFF7A0
:1086B0003BF9EA792E21EFF789F933594A491A68CB
:1086C0008B4222F040021A604AD0484A93426BD053
:1086D00002F5806293424DD1424A116A41F4004151
:1086E0001162116A21F4004111625A6842F4805209
:1086F0005A601A68520628D43D491868CC683D4E25
:10870000D1E90025064088682A43D1E9045722436D
:10871000CC6940EA17402A4301948C693A430D6AB8
:108720002243019CB5F5005F42EA0402324C42EA62
:10873000050242EA06021A605A6804EA020440EAA4
:108740000400586001D18A8C1A61DA6922F400624F
:10875000DA611A6842F040021A6002B0BDE8F081A6
:10876000204A516A41F480515162516A21F480518A
:108770005162BAE7214A934209D11A4A516A41F437
:1087800000515162516A21F400515162ADE71C4A17
:108790009342AAD1134A516A41F480115162516A3D
:1087A00021F480115162A0E70E4A116A41F4804120
:1087B0001162116A21F48041116296E7094B19692F
:1087C00021EA02021A6140E7064B596921EA0202D6
:1087D0005A613AE7034B196A21EA02021A6234E746
:1087E000D8AD012000380240003001400038004080
:1087F000740B01204000FFFFFBF0FFFF003401403D
:1088000000500140013800EBC0002DE9F0410E4D51
:1088100084001E460D4B285990462C440F46984222
:108820000CBF95209620C1F73BF994F915004FEA4B
:1088300098112761A661C1F77BF894F91500BDE88E
:10884000F041CCF769BA00BFAC01012000600240E2
:108850000138064A064B00EBC00052F8200098424F
:108860000CBF95209620C1F71BB900BFAC010120B9
:108870000060024060232DE9F74F4343C74D064691
:10888000EF58EA18002F00F0868194681CB1A37994
:10889000002B40F08081602303FB0653D3F80C804B
:1088A000B8F1000F04D098F80630002B40F0738127
:1088B000731CDBB214B11522E371A271B8F1000F81
:1088C00004D0162288F8073088F80620387C4FF04C
:1088D0000909C1F7E5F82046EFF760F94046EFF7E0
:1088E0005DF911212046EFF7C5F811214046EFF759
:1088F000C1F84FF0330A02E00A20EEF701FF2046EC
:10890000EFF7C2FA10B9BAF1010AF5D12046EFF734
:10891000F3F80520EEF7F4FE2046EFF73FF90520C7
:10892000EEF7EEFEB9F10109E3D120464FF0600BFE
:10893000EFF7E2F80520EEF7E3FE4046EFF7DCF84C
:108940000BFB06FB0520EEF7DBFE2046EFF726F9D2
:1089500005EB0B0A0520EEF7D3FE4046EFF71EF9B4
:108960009AF8103004222046002B14BF3E211E210D
:10897000EFF72CF89AF8103040460BF11408002B52
:108980004FF00402A84414BF3E211E21EFF71EF849
:108990004C224946404603F055FB55F80B305B68C6
:1089A000CAF81430C9F768FD07EE900A9FED7C7A8B
:1089B000B0EE084AF8EE677ABAF812B09FED795A2D
:1089C000F7EE003ACE4640F2145AC7EE275A07EEA9
:1089D00090BA9FED757AF8EEE77AC7EE274ADFED99
:1089E000737AB0EE007AE5EE877AA5EE875A25EE27
:1089F000844A37EE856A74EEE72ABBF5C87F0EF12C
:108A0000010CD5BF642332234FF49670782007EE13
:108A100090CAD8BF4FF416740344C8BF4FF4827491
:108A2000B8EEE77AD8BF514607EE903AC8BF4FF488
:108A3000FA7127EE257A0B19F8EEE76A86EE873A87
:108A400073EE636AFCEEE67ACDED017A07EE904AAA
:108A5000B8EEE73A07EE903AF8EEE77A23EE243ADA
:108A6000C3EE276A36EEC53A72EEE66AC3EE077ABF
:108A700077EEE37AFCEEE77A17EE901AC6EE877A85
:108A800077EEE37AFCEEE77A17EE903A9C1C6218D8
:108A9000F0EE466A07EE902AF8EE677AE7EE276A6C
:108AA000F4EEE64AF1EE10FA6EDC9DF804400F2C6D
:108AB0006CD8A0F1320207EE902AF8EEE77A77EE52
:108AC000C47AC7EE876AFCEEE67A17EE904AE0B207
:108AD0000F285BD888B2FF2858D898B2FF2855D8FD
:108AE000019A40EA0E731005220400F07F6002F440
:108AF0007F02034313432E4A02EA012943EA09098C
:108B000060240123404604FB06540025C4F8189055
:108B1000C4E90753C4E90955C4E90C55CBF7F6F885
:108B200094F85530202BD9B219D194F85430012B38
:108B300015D0242384F8553063691A6822F00102A5
:108B40001A601A6822F480521A601A681A601A6849
:108B500042F001021A6084F8551084F85450002144
:108B600097F91200C0F7E4FE97F91200CCF7D4F899
:108B700097F911000021C0F7DBFE97F9110003B04F
:108B8000BDE8F04FCCF7C8B8013180E7BCF10F0F5A
:108B9000B6D0E64631E703B0BDE8F08F9C2C01204B
:108BA000286B6E4E0000164300247449000070428A
:108BB00000FFFF000148CBF7A1B800BF702D0120D6
:108BC0000148CBF741BF00BF702D01200148CBF712
:108BD00095B800BF102D01200148CBF735BF00BF6D
:108BE000102D01200148CBF789B800BFB02C01201F
:108BF0000148CBF729BF00BFB02C0120204B1878CB
:108C000000B970471F49204A0968126810B40C68FF
:108C1000226812F0040206D1042381F83C205DF89A
:108C2000044B0B6470476FF00C0222600A6C42F434
:108C300000520A64A26812F4401F1AD1A26B12F407
:108C4000401F02D0A268520513D46268500510D4A8
:108C5000A26812F0405F0CD18A6952B90A6C22F402
:108C600080520A640A6CD20503D40A6C42F00102F5
:108C70000A6400225DF8044B10461A70704700BF6A
:108C8000F0AC0120DCAC01208026012090F84430BB
:108C900000F10801484A012B10B411606FD08368BD
:108CA000464AD968464C21F46001A342D960D9688C
:108CB00041F46001D960996B21F440119963996B7B
:108CC00041F480119963996B21F4F8419963996B90
:108CD00041F488419963996821F4702199609968F9
:108CE0009960996821F44011996099689960596870
:108CF00021F480615960596821F4805159605969A3
:108D000002EA01025A615A695A6149D0D9682B4A6C
:108D100021F0E0612A4CD960A342D96841F0E061BA
:108D2000D960996B21F440119963996B41F48011DA
:108D30009963996B21F478219963996B41F410211F
:108D40009963996821F4702199609968996099688C
:108D500021F44011996099689960596821F4806103
:108D60005960596821F480515960996902EA0102F9
:108D70009A619A699A6119D0002380F84430114BA6
:108D8000114A19885DF8044B116059880F4A116027
:108D90009A880F4B521A0F4993FBF2F30B607047FE
:108DA0000D494A6842F400024A60AFE70A4A536834
:108DB00043F400035360DFE7DCAC012000F0FFFF69
:108DC000002001402A7AF01FE4AC0120E8AC012029
:108DD00080380100ECAC0120002301402DE9F04374
:108DE0000D46016985B004460F78012F18D12E7900
:108DF0004FF0000900F110083B46013E0DF106025C
:108E000040468DF806900E7175216E794E4508BF6B
:108E100068262675EFF7D6FD064600283BD1216966
:108E200002230B70EB7823B90026304605B0BDE86D
:108E3000F08304F11008A9784046EFF7FFFB0646DF
:108E40000028F1D0E878EEF76FFDA0612B780133B0
:108E5000DBB210B12222C37182710D21EEF70AFE3E
:108E6000A069EEF79BFE464A1368632BFCD9454880
:108E7000EFF724FC444F454BA08202E057F8043B37
:108E800053B3404698470028F8D084F8D8004046AD
:108E9000EFF7D2FCC9E74046EFF7CEFC3B46494628
:108EA0000DF105024046EFF78DFD9DF8053003F00A
:108EB0007E03682B8DF8053000D1A0B99DF80630EF
:108EC00003F07E03682B8DF806300FD0702BACD1E9
:108ED000042384F8D830A8E7E8781E46EEF724FD8E
:108EE000EFF786FAA1E784F8D8709EE706230221FF
:108EF00002AA404684F8D8101946EFF763FD9DF8A2
:108F00000D309DF80B109B009DF80920490003F0DF
:108F1000040302F0010201F002010B4343EA0201E3
:108F200013430CD058B1012B22D0022B03D001F0F7
:108F30000301032920D1012384F8D93075E70123E7
:108F400040460DF107020C21EFF73CFD80F00100D7
:108F50009DF8073010F0FF0F03F00F030CD1B3FAA8
:108F600083F2520943B1042BE5D184F8D9205CE7A0
:108F7000002384F8D93058E70320EEF77FFF54E749
:108F8000301D012040420F0080180508CD3604082E
:108F900000B583B001230DF10702EFF713FD08B10F
:108FA0009DF8070003B05DF804FB00BF38B5044628
:108FB00090F8210100B938BDEEF7B6FC054608B1BE
:108FC0002623C3802146054B284641F80C3FC0F7B5
:108FD000FDFD2846BDE83840EEF798BF397E04080D
:108FE000F0B50320A5B0FEF749FB022800F036815A
:108FF0009E489F4A9F49121A02F0C2F89E489F4A13
:109000009F49121A02F0BCF80220FEF737FB012834
:1090100034D800EB40009B4A9B4E02EB400332F8F1
:1090200010205F889B88B262C6E90B73B2FBF7F22F
:1090300096490020964C01FB02F1964D964B296013
:10904000D4F88810954A41F47001DFF868E2DFF83F
:1090500068C2C4F888101968CCF3080741F0010110
:109060001960986019680A401A60C3F804E01A6829
:1090700022F480221A60D86027B1FEE7824ED6E93A
:109080000A27D3E786494FF6FF00C4F808C00A68EC
:10909000844B42F400720A60E26802401343E360CA
:1090A000C0F7D6FCBFF34F8FBFF36F8FC4F8507279
:1090B000BFF34F8FBFF36F8F636943F40033636176
:1090C000BFF34F8FBFF36F8FC4F88470BFF34F8F20
:1090D000D4F8800043F6E07CC0F34E31C0F3C90001
:1090E000490101EA0C07034647EA8372013BC4F8D1
:1090F00060225A1CF8D1203911F1200FF1D1BFF3B1
:109100004F8F636943F480336361BFF34F8FBFF3C5
:109110006F8F6348604A0168634B41F4807101605E
:10912000116C41F080511164116C01F08051029179
:109130000299196841F4404119601868D6F828C0AE
:1091400000F4404001900198906800F00C00042861
:10915000D6E90B1318D0906800F00C00082810D046
:109160004D4A524C1068174640F480301060206819
:1091700003E02268121A642A16D83A689203F8D5D6
:1091800005E052685002EBD5434A484C1268424A07
:10919000906800F00C00082806D01768104627F0E9
:1091A00080771760276804E0FEE72268D21B022A56
:1091B000FAD802689201F8D44A083D4F1B06364996
:1091C000013A43EA8C1343EA02431F4347600368B2
:1091D00043F080730360226803E023689B1A022B2C
:1091E000E2D80B689801F8D50B6C2F4A43F08053F6
:1091F0000B641346096C01F08051039103991168C7
:1092000041F480311160216804E02268521AB2F5FD
:109210007A7F29D85A68D203F7D51A68224942F4CE
:1092200000321A60226804E023689B1AB3F57A7F43
:109230001AD84B689F03F7D54FF000624FF4C07304
:109240004FF4001104A821920722089303230491EC
:10925000CDE90923C8F790FE80B3FEE70021032083
:10926000FEF7C0F9FBF71EF8FEE700BF00000000A4
:10927000182D0000C485050800000020A001002072
:1092800086C0050820D30408740B012040420F005B
:1092900000ED00E07C1E012000380240FFFFF6FEDA
:1092A000003C02400003FA050070004080260120C7
:1092B000080040201030002400000008644A1368B1
:1092C00003F00F03062B0AD8136823F00F0343F0B3
:1092D00007031360136803F00F03072B60D15D4B86
:1092E0009A6842F4E0529A609A6842F460429A6046
:1092F0009A6822F0F0029A601A68900150D59A6834
:10930000184641F2883122F0030242F002029A60CC
:10931000226803E023689B1A8B4241D8836803F0DC
:109320000C03082BF6D14A4A136819070AD51368AB
:1093300023F00F0343F007031360136803F00F03D8
:10934000072B2DD1434C444FA36823F4E05343F43F
:10935000A053A360A36823F4604343F40043A360D5
:10936000C9F79AF8A368C3F303133B4493F8443056
:10937000D8402860C0F76CFB0023384A04A8049248
:10938000CDE91333CDE91533CDE91733CDE91933E1
:10939000CDE91B33CDE91D33C8F7EEFD08B1FEE77B
:1093A000FEE74FF000720223D82104A804920122A4
:1093B00007930B92CDE90513C8F7DEFD00B1FEE778
:1093C000D4F88C3023F08073C4F88C30D4F88C300F
:1093D00043F08073C4F88C30A36803F00C03042BB3
:1093E00030D0082B15D01E4B2B601A4BF06A9A68B0
:1093F000B16AC2F303122B68B1FBF0F11744194AAA
:1094000097F8440002FB01F2C3409A422B601CD043
:10941000FEE7616862684B02616802F03F024CBF80
:10942000114B0F4BB3FBF2F3C1F3881203FB02F3B2
:10943000084A5268C2F3014201325200B3FBF2F310
:109440002B60D2E7084B2B60CFE725B0F0BD00BF03
:10945000003C02400038024054180508C0FF0300D9
:109460000024F40040420F0000127A0000000000C7
:1094700001F0FF01102A2BDB10F0070F08D010F8C5
:10948000013B013A8B422DD010F0070F42B3F6D1C9
:10949000F0B441EA012141EA014122F007047FF0E2
:1094A00000070023F0E80256083C85EA010586EA39
:1094B000010685FA47F5A3FA87F586FA47F6A5FA75
:1094C00087F68EB9EED1F0BC01F0FF0102F0070281
:1094D00032B110F8013B013A83EA010313B1F8D12C
:1094E0000020704701387047002D06BF354603380D
:1094F000073815F0010F07D1013015F4807F02BF46
:10950000013015F4C03F0130F0BC0138704700BF96
:1095100010F8012B11F8013B012A28BF9A42F7D01D
:10952000D01A7047034613F8012B002AFBD1181AF2
:10953000013870477BB972B90029BEBF00204FF0D7
:10954000004106E008BF00281CBF6FF000414FF04B
:10955000FF3000F0CDB9ADF1080C6DE904CE002963
:1095600009DB002B1ADB00F061F8DDF804E0DDE92F
:10957000022304B07047404261EB4101002B1BDB2A
:1095800000F054F8DDF804E0DDE9022304B04042C5
:1095900061EB4101524263EB43037047524263EB7C
:1095A000430300F043F8DDF804E0DDE9022304B0F2
:1095B000404261EB41017047524263EB430300F0CC
:1095C00035F8DDF804E0DDE9022304B0524263EB34
:1095D0004303704753B94AB9002908BF00281CBF8C
:1095E0004FF0FF314FF0FF3000F082B9ADF1080CC1
:1095F0006DE904CE00F01AF8DDF804E0DDE902239D
:1096000004B07047430803F05533C01A830803F0D1
:10961000333300F03330184400EB101000F00F30FB
:1096200000EB002000EB0040000E70472DE9F047F2
:10963000089D04468C46002B40F083808A421746E2
:1096400047D9B2FA82F242B1C2F1200024FA00F006
:109650009140974040EA010C94404FEA1748230C90
:10966000BCFBF8F61FFA87FE08FB16C143EA01436C
:1096700006FB0EF1994209D9FB1806F1FF3080F084
:109680001981994240F21681023E3B445B1AA4B212
:10969000B3FBF8F008FB103344EA034400FB0EFE72
:1096A000A64509D93C1900F1FF3380F00581A64594
:1096B00040F2028102383C4440EA0640A4EB0E042A
:1096C00000261DB1D4400023C5E900433146BDE862
:1096D000F08702B9FFDEB2FA82F2002A50D1CB1B2A
:1096E0004FEA174E1FFA87F80126B3FBFEFC210C48
:1096F0000EFB1C3341EA034108FB0CF38B4207D9F4
:1097000079180CF1FF3002D28B4200F2E9808446D6
:10971000C91AA3B2B1FBFEF00EFB101143EA0144DB
:1097200008FB00F8A04507D93C1900F1FF3302D22D
:10973000A04500F2D9801846A4EB080440EA0C408A
:10974000BFE78B4209D9002D00F0B1800026C5E9A2
:10975000000130463146BDE8F087B3FA83F6002EAB
:109760004AD18B4202D3824200F2B880841A61EB64
:10977000030101208C46002DA8D0C5E9004CA5E7C7
:10978000C2F1200320FA03F6974001FA02F04FEAF3
:10979000174ED9403043030CB1FBFEF61FFA87F891
:1097A0000EFB161143EA014306FB08F1994204FA45
:1097B00002F409D9FB1806F1FF3C80F08D80994234
:1097C00040F28A80023E3B445B1A81B2B3FBFEF05A
:1097D0000EFB103341EA034100FB08F38B4207D92B
:1097E000791800F1FF3C73D28B4271D902383944A9
:1097F000CB1A40EA064678E7C6F1200C03FA06F4D5
:1098000022FA0CF31C4320FA0CF701FA06F34FEA94
:10981000144E21FA0CF11F433B0CB1FBFEF91FFA69
:1098200084F80EFB191143EA014109FB08FA8A4545
:1098300002FA06F200FA06F308D9611809F1FF30BE
:1098400048D28A4546D9A9F102092144A1EB0A016F
:10985000BFB2B1FBFEF00EFB101147EA014700FB5F
:1098600008F8B84507D9E71900F1FF312ED2B845FD
:109870002CD90238274440EA0940A7EB0807A0FB8F
:1098800002894F45C64649461AD317D05DB1B3EB9E
:109890000E0267EB010707FA0CFCF2404CEA0202E9
:1098A000F740C5E9002700263146BDE8F0872E467F
:1098B00028460BE70646E9E61846FDE64345E5D2AD
:1098C000B8EB020E69EB04010138DFE70846D2E786
:1098D00060468DE78146B9E7664675E730464AE758
:1098E000ACF1020C394413E702383C4424E700BFD2
:1098F000704700BFDFF868D0FDF730FE002103E0BD
:10990000184B5B58435004311748184B42189A4281
:10991000F6D3174A02E0002342F8043B154B9A4263
:10992000F9D3154A02E0002342F8043B134B9A4254
:10993000F9D3134A02E0002342F8043B114B9A4248
:10994000F9D3114A03E05FF0A53342F8043B0F4B13
:109950009A42F8D3FFF744FB00F01CF87047000070
:109960000000012076B4050800000120100C012041
:10997000100C0120B8F8012000C0032000C0032013
:10998000A0010020087E0020F8F70020F8FF00204A
:10999000FEE7000008B5E2F7FBF902F0F9FC00BFB2
:1099A00000B510EE103A204A23F00043934283B0F2
:1099B00019DDB3F1FF4F04DB30EE400A03B05DF870
:1099C00004FB684600F056FD00F00300012811D0AA
:1099D00002281FD0B8B1DDED010A9DED000A01207B
:1099E00001F04EFAEAE7DFED110A00F091FE03B054
:1099F0005DF804FBDDED010A9DED000A01F040FA7F
:109A0000B1EE400ADAE7DDED010A9DED000A00F053
:109A10007FFED3E7DDED010A9DED000A00F078FE40
:109A2000B1EE400ACAE700BFD80F493F000000006E
:109A300010B485B08DED010A019BC3F3C751A1F1AC
:109A40007F021E2A2ADC501C23DB162A4FEAD3741D
:109A50000BDDC3F3160040F400009639884004B1D2
:109A6000404205B05DF8044B7047164BDDED017ABE
:109A700003EB840393ED007A77EE277ACDED037A3A
:109A8000DDED037A77EEC77A17EE903A33F00042B5
:109A90000ED1002005B05DF8044B7047DDED017A72
:109AA000FDEEE77A17EE900A05B05DF8044B7047BB
:109AB000C3F31600C3F3C75340F40000C3F1960389
:109AC000D840CCE77C80050808B52DED028BB0EEC0
:109AD000408A00F0CFF8144B93F90030013314D0D2
:109AE000B4EE488AF1EE10FA0FD6B5EEC08AF1EE68
:109AF00010FA0ADCB5EE408AF1EE10FA08D101F056
:109B000039FB22239FED090A0360BDEC028B08BDDF
:109B100001F030FBBDEC028B21230360BDE808405F
:109B2000034801F051BA00BFA80B0120000080FFDC
:109B30000C5A050808B52DED048BF0EE408AB0EE06
:109B4000608A00F097F9474B93F900300133B0EE8B
:109B5000409A1FD0B4EE488AF1EE10FA1AD6F4EE0D
:109B6000688AF1EE10FA59D6DFED3F9AF4EE698A71
:109B7000F1EE10FA13D1B4EE698AF1EE10FA29D0A1
:109B8000B0EE480A01F0CCF920B1B4EEE98AF1EE6A
:109B900010FA4DD4B0EE490ABDEC048B08BD01F0BB
:109BA000BFF9F0B1B5EE409AF1EE10FAF2D1B0EE95
:109BB000680A01F0B5F90028ECD0B0EE480A01F0CF
:109BC000AFF90028E6D001F0D5FA22239FED269ABE
:109BD0000360DFE7B7EE009AB0EE490ABDEC048BF4
:109BE00008BDB0EE680A01F09BF90028DAD0B0EEAB
:109BF000480A01F095F90028D4D0B4EE499AF1EE64
:109C000010FA28D601F0B6FAF5EEC08A2223F1EE5A
:109C100010FA036013D49FED159ABBE7B5EE408AA6
:109C2000F1EE10FAF7EE007A08BFB0EE679AB1E7EE
:109C300001F0A0FA21239FED0E9A0360AAE7B0EE8F
:109C4000480A01F0C7F9B4EE480AF1EE10FAE2D082
:109C50009FED079A9EE701F08DFA212389EEA99ADC
:109C6000036097E7A80B0120000000000000807F40
:109C7000000080FF10EE103A33F000422DD0002B90
:109C800032DBB3F1FF4F3FDAB3F5000F30B432DB14
:109C900000256848684CC3F31601084400F400022C
:109CA000DB1582F07E527F3B0A432B4400EE102AE4
:109CB00001F10F05F7EE007A2C4030EE670A03EB56
:109CC000D05324BBB5EE400AF1EE10FA61D1002B5F
:109CD00040F093809FED590A59E09FED597ADFEDEE
:109CE000577A87EE270A704770EE407A9FED537AD5
:109CF00087EE870A7047DFED537A60EE277A6FF0C0
:109D0000180517EE903AC4E730EE000A7047B0EE3F
:109D1000007A30EE077A9FED4C3ADFED4C4ADFEDEA
:109D20004C5ADFED4C3A9FED4C5ADFED4C7ADFEDAB
:109D30004C6A4C4880EE074AC1F55712084402F5B8
:109D400022720243002A07EE103A24EE046AF8EE6B
:109D5000C72A26EE067AE7EE034AA7EE235AE4EE78
:109D6000875AE5EE076AE5EE877A67EE867AE6EED1
:109D7000877A2BDDB6EE007A20EE077A27EE007A9E
:109D800053BB77EE877AA7EEC47A30EE470A30BC31
:109D90007047DFED357AB6EE007AA0EE677AF0EE26
:109DA000477A20EE007A27EE277A002BEDD007EED7
:109DB000903A9FED2E6ADFED2E6AF8EEE77AA7EE75
:109DC000C67A37EE400A97EEA60AE0E713BB70EEBC
:109DD000677AA7EEC40ADAE7DFED246A9FED246A0A
:109DE00077EE877A62EEA66AE7EE846A37EE667AE5
:109DF00037EE400A92EE860AC9E707EE903A9FEDE9
:109E00001B0A9FED1B7AF8EEE77A27EE800AA7EE91
:109E1000870ABCE79FED157ADFED156A70EE677A69
:109E200027EE627AA7EE847A37EE400A92EEA60A0F
:109E3000ADE700BF20FB4A00F0FF7F0000000000FC
:109E4000000000CC0000004C9788173E25333A3EB6
:109E50002549923E4FD01C3E298E633EABAA2A3F35
:109E6000CDCCCC3E305CCFFFABAAAA3ED1F71737A2
:109E70008071313F2DE9F04710EE904A34F00048F0
:109E80002DED028B15D010EE105A25F00047B7F1DA
:109E9000FF4F10EE109A06DDBDEC028BBA48BDE80C
:109EA000F04701F091B8B8F1FF4F08DDB7F17E5FE0
:109EB000F2D1B7EE000ABDEC028BBDE8F087002DB1
:109EC00010EE906AC0F2F6804FF0000AB8F1FF4F32
:109ED00000F00481B8F17E5F00F02A81B6F1804F76
:109EE00000F03F81B6F17C5F00EE105A40F0038134
:109EF000B9F1000F80F23A8101F00AF8B7F1FF4F93
:109F000000F00B81002F00F00481B7F17E5F00F0BC
:109F1000FA804FEAD972013A5AEA020300F02C8122
:109F2000B8F19A4F40F35281984B9F4240F35F82C1
:109F3000974B9F4200F30181F7EE007A30EE670AFB
:109F4000DFED946ADFED947ADFED945A9FED946A29
:109F5000B5EE007AE0EE476AB6EE007AA6EEC07A79
:109F6000F0EE476A20EE007A27EE267A67EEC77A8F
:109F7000E0EE257AF0EE676AE0EE066A16EE903AB9
:109F800023F47F6323F00F0307EE103AA0EE467A26
:109F900006EE903A77EEC77A26F47F6626F00F0633
:109FA00007EE104A06EE106A67EE877A37EE466AC9
:109FB00007EE106AE6EE267A0AF1FF3A5AEA020341
:109FC00026EE877AB7EE000A77EE876ABFEE006A60
:109FD00016EE903A0CBFB0EE468AB0EE408A002BE7
:109FE00023F0004240F3B981B2F1864F00F3F881CB
:109FF00000F0EB81B2F17C5F00F3BB8100221046E0
:10A0000023F47F6323F00F0306EE103ADFED656A59
:10A01000DFED655A9FED653ADFED653A9FED652A04
:10A020009FED654ADFED654A9FED655A36EE477A4A
:10A03000F0EE002A77EEC77A26EE267AA7EEA57A0A
:10A04000F7EE005AF0EE477AA6EE037A67EE076A5B
:10A05000F0EE471AE6EE431AB0EE636AA6EE826AA5
:10A0600077EEE17AA6EE264AE7EE277AE4EE264A74
:10A07000A4EEA65AB0EE456AB0EE475AA6EE665A6E
:10A08000F0EE456A36EEE26A27EE055AC5EE066A3C
:10A0900076EEE77A37EEC77A35EEC70A10EE103A59
:10A0A0001344B3F5000FC0F2BA8100EE103A20EE6F
:10A0B000080A00E7B8F1974F1ADAB8F17E5F0ADBB9
:10A0C0004FEAE853C3F1960348FA03F202FA03F3A6
:10A0D000434500F03D814FF0000AFBE6B7F17E5F9B
:10A0E0003FF4E7AE2FDD002E2ADB00EE104AE2E659
:10A0F0004FF0020AEAE600F00BFFB7F1FF4F02D083
:10A10000002F7FF402AF002EBCBFF7EE007A87EE7F
:10A11000800AB9F1000FBFF6CEAEA7F17E5757EA1D
:10A120000A0340F00E8170EE407A87EEA70AC2E67D
:10A13000002E0FDB00EE105ABDE6002E00F35A8110
:10A140009FED200AB7E6002EFADA07EE904AB1EE4C
:10A15000670AB0E607EE105AF7EE007A87EE870A34
:10A16000A9E607EE905A27EEA70AA4E6BDEC028BFB
:10A17000BDE8F04700F0C8BA07EE905A77EEE77AEC
:10A1800087EEA70A97E600BF0C5A0508F7FF7F3F46
:10A190000700803FABAAAA3E3BAAB83F70A5EC36A9
:10A1A00000AAB83F8CBEBF351872313F0072313FF4
:10A1B0000EEADDB54CBB313355B38A38610B36BB83
:10A1C000ABAA2A3E000000000000804B19F0FF4FB0
:10A1D00040F0F9805FED047A60EE277A6FF01701A6
:10A1E00017EE907A8F48FB15C7F316077F3B87421F
:10A1F0000B4447F07E5140F3DE808B48874240F3AA
:10A20000FE80DFED8A4A0133A1F50001F0EE643AE9
:10A210000020B7EE006A06EE901A76EE867AB7EE68
:10A22000007A87EE278A491041F0005101F580211C
:10A23000014436EEC67A07EE901A27EE082A77EE2A
:10A24000C65A9FED7B4A7B49DFED7B8A9FED7B0AF7
:10A25000DFED7B0A9FED7B1ADFED7B1ADFED7B2ABA
:10A260009FED7B3A9FED7B5A22EE026A12EE100AB6
:10A2700076EEE56AF0EE445AE6EE285A084004EE1F
:10A28000100AA4EE677AF0EE407AE5EE867AA4EE44
:10A29000667AE7EE860A67EE086AB0EE417AA0EECB
:10A2A000867A72EE047AE7EE061A67EEA67A26EE52
:10A2B000066AF0EE085AE6EE217AB0EE656AA4EE80
:10A2C000046A07EE103A36EE276AB8EEC77A16EE41
:10A2D000103A0B4006EE103A76EE655AE4EE445A18
:10A2E00077EEE57A67EE827AE6EE867AF0EE675AE6
:10A2F000E4EE065A15EE903A0B4006EE903AE4EE84
:10A30000466A05EE903A77EEE67A67EEA27AE5EED7
:10A31000837A77EEA37AF0EE676AE5EE856A76EEE9
:10A32000A46A76EE876A16EE903A0B4006EE903AF3
:10A3300036EEC77A37EE647AA5EEC57A77EEC77A3D
:10A340002AE6BAF1010F7FF4B6ADB1EE400AB2E5EC
:10A3500002F00102C2F1020ABCE53F498A4257DC21
:10A360007FF448AE76EEC76AF4EEE76AF1EE10FAD3
:10A370004EDAD2154FF400017E3A41FA02F21A4445
:10A38000C2F3C751354C7F390C41C2F3160022EAA3
:10A39000040206EE902A37EE667AC1F1170140F406
:10A3A00000000841002B77EE876AB8BF404216EEE6
:10A3B000903AC20524E6DFED1D4A0020F0EE643A33
:10A3C000B7EE006A27E700210CE79FED256A76EEDD
:10A3D000C76A37EE866AB4EEE66AF1EE10FAC8DDB7
:10A3E000DFED207A28EE270A20EE270A63E5002E0B
:10A3F000BFF6A6AE9FED1B0A20EE000A5BE5DFED7F
:10A400001A4ADFED1A3A4FF40010B7EE086A02E775
:10A41000DFED177A28EE270A20EE270A4BE500F039
:10A4200037FE44E671C41C00D6B35D000000000096
:10A4300055326C3E00F0FFFF42F1533E05A38B3EC8
:10A44000ABAAAA3EB76DDB3E9A99193F4F38763FCB
:10A45000A0C39D360038763F00001643FFFF7F0003
:10A460003CAA3833CAF2497100C0153FDCCFD13560
:10A470006042A20D70B510EE103A954A23F00044E8
:10A48000944286B0054668DD924A944210EE106A06
:10A490001ADC002BDFED907A904A24F00F0440F391
:10A4A000F180944270EE677A66D09FED8D7A77EEF8
:10A4B000C76A012077EEE67AC5ED006A77EEC77AC3
:10A4C000C5ED017A06B070BD864A944267DDB4F1ED
:10A4D000FF4F49DAE215863AA4EBC25307EE903AF1
:10A4E000BDEEE77ADFED806AB8EEC77A77EEC77A1D
:10A4F0008DED037A67EEA67ABDEEE77AB8EEC77AFD
:10A5000077EEC77A8DED047A67EEA67AF5EE407A9B
:10A51000F1EE10FACDED057A40F0A380B5EE407A69
:10A52000F1EE10FA14BF02230123704901910221B8
:10A53000009103A8294600F06DF9002EC2DA95EDCE
:10A54000007AD5ED017AB1EE477AF1EE677A4042B2
:10A5500085ED007AC5ED017AB4E7002285ED000AA9
:10A560004260002006B070BD70EE407A0020C5ED5C
:10A57000017AC5ED007AA5E7DFED5D6A9FED5D7AB2
:10A5800077EEE67A012077EEC76A77EEE67AC5EDD8
:10A59000006A77EEC77AC5ED017A06B070BD00F0AB
:10A5A000B7FCDFED556A9FED4C6A9FED4D7AF6EEF4
:10A5B000007AE0EE267AFDEEE77A17EE900AF8EEE2
:10A5C000E76A1F28A6EEC60A66EE877AB1EE666ACB
:10A5D0001EDC4A4A411E24F0FF0352F82120934218
:10A5E00016D030EE677A85ED007A30EE470A002EFD
:10A5F00030EE670A85ED010ABFF664AFB1EE477A27
:10A60000B1EE400A85ED007A85ED010A404259E736
:10A6100030EE677AE21517EE103AC3F3C753C3EB77
:10A62000D454082CDFDDDFED327A9FED327AF0EE84
:10A63000405AE6EE275A30EE650AA6EE270AF0EEFB
:10A64000407AD6EE877A35EEE77A17EE103AC3F302
:10A65000C753D21A192A06DC85ED007AB0EE650AD6
:10A66000C3E7032361E79FED267A9FED265AB0EEFC
:10A67000650AA6EE070A75EEC07AE6EE077AD6EE10
:10A68000857AAEE7944270EE277A0ED09FED147A69
:10A6900077EE876A4FF0FF3077EEE67AC5ED006A15
:10A6A00077EE877AC5ED017A0CE7DFED116A9FED51
:10A6B000117A77EEA67A4FF0FF3077EE876A77EE61
:10A6C000E67AC5ED006A77EE877AC5ED017AF9E69C
:10A6D000D80F493FE3CB1640800FC93FD00FC93F89
:10A6E00043443537800F4943000080430481050807
:10A6F0000044353708A3852E84F9223F848005085D
:10A7000000A3852E32318D24B1EEC00A704700BF00
:10A7100010EE103A23F00043B3F1485F2CDAFDEE5F
:10A72000C07A17EE903A002B60D020EE007ADFED71
:10A73000314A9FED315ADFED315A9FED316ADFED3D
:10A74000317ADFED316AA7EE245AE7EE055AA7EE1B
:10A75000256AE7EE067AE7EE276A67EE266A60EE7C
:10A76000C00AF6EE007AE7EE260AB7EE000AD7EE48
:10A77000270A30EE600A704720EE007ADFED1D4AAE
:10A780009FED1D5ADFED1D5A9FED1D6ADFED1D7A0D
:10A79000DFED1D6A1D4AA7EE245A9342E5EE075AE3
:10A7A000A5EE876AE6EE077AE7EE876A66EE876AC5
:10A7B000D5DD174A934214DC03F17F4307EE903A4C
:10A7C000B7EE006A36EE676A60EEC00AF6EE005A2F
:10A7D000E7EE260AD7EE257A77EEE00A36EE600A33
:10A7E0007047B6EE076AF5EE027AEDE7B7EE000ABB
:10A7F000704700BF4ED747ADF6740F317CF293B46B
:10A80000010DD037610BB6BAABAA2A3D9999993E92
:10A810000000483F2DE9F04F2DED048BDBB0D74C05
:10A82000689D0791111D54F8256004930992834691
:10A8300003F1FF39C0F29D82D31E44BF1346043397
:10A84000DB1003930133DB000893DDE908239B1A37
:10A850000693039B16EB0901A3EB090316D4013100
:10A860009FEDC77A699819441EAA002BA4BF50F81F
:10A87000234007EE904A03F10103ACBFF8EEE77AFC
:10A88000F0EE477A8B42E2EC017AEED1002EC0F274
:10A89000E082049B1EA901EB830446AD4FEA830CC2
:10A8A0004846F7180BEB8301B9F1000FDFEDB47ADE
:10A8B00009DB22465B46F3EC016A32ED017A8B42FA
:10A8C000E6EE877AF7D10130B842E5EC017A04F17F
:10A8D0000404E9D10DF1280808EB8603083B059331
:10A8E0009FEDA99ADFEDA78A0698009609AB03EBC6
:10A8F000860A0BEB0C0446AF5B465AAA02EB8602B3
:10A90000002E12ED140A4FEA860B16DD07EB8602C5
:10A91000414660EE097AB0EE407AFDEEE77A72EDDC
:10A92000016AF8EEE77ABA42A7EEE87A37EEA60AAD
:10A93000BDEEC77AA1EC017AEBD1CDE9010300F0BD
:10A94000A7FBB0EE408AB4EE000A28EE000A00F041
:10A95000F5FAF2EE007AA0EE678A0198029BFDEE0E
:10A96000C89A0028F8EEE97A38EE678A78DD06F1B1
:10A97000FF3CC0F1080258F82C5045FA02F101FAE8
:10A9800002F2AA1A48F82C20C0F1070519EE90CA65
:10A9900042FA05F58C44002D09EE90CA68DCB5EE4C
:10A9A000408AF1EE10FA40F0B680009A06F1FF3EC0
:10A9B000724510DC06F18042013A08EB8202002168
:10A9C0009C4652F80439524541EA0301F9D16346E5
:10A9D000002940F0F280009A013A58F82220002A1B
:10A9E00040F0E680059A4FF0010C52F804190CF182
:10A9F000010C0029F9D006F1010BB444DE4604999C
:10AA0000039A8D195A441EA902F1804201EB850573
:10AA10006999013A01EB820607EB8B0BD6ED017ABF
:10AA20009FED577AF8EEE77AB9F1000F06F10406C8
:10AA30002946C5ED007A05F1040509DB1A4601E057
:10AA400071ED017AF2EC016AA242A6EEA77AF7D183
:10AA50000EF1010EE645ABEC017ADFDD66464CE710
:10AA600040F09C80721E58F822502D12002D96DD69
:10AA700019EE902A002E02F1010209EE902A40F30D
:10AA80008E81D8F80010002974D1012E1CD04246C6
:10AA90004FF0010C52F8041F002979D00CF101028B
:10AAA000C1F58071964248F82C100CDD58F8221040
:10AAB000C34408EB820200E01168C1F1FF0142F8D3
:10AAC000041B5A45F8D1012100280CDD012800F0B3
:10AAD0004781022807D106F1FF3C58F82C2002F0EC
:10AAE0003F0248F82C20022D7FF459AFB7EE000A40
:10AAF00030EE488A00293FF452AFCDE9010300F05F
:10AB0000C7FA38EE408ADDE90103B5EE408AF1EE7E
:10AB100010FA3FF44AAFDDE90832B0EE480A981A5D
:10AB200002960195009E00F0B3FA9FED167AB4EEFE
:10AB3000C70AF1EE10FADDE90123C0F25781DFED1B
:10AB4000127A069960EE277A0831FDEEE77A0691CF
:10AB5000F8EEE77A5D1CA7EEC70AFDEEE77ABDEED8
:10AB6000C00A10EE101A48F8231017EE903A48F871
:10AB7000253039E001224FF0000C91E748840508A8
:10AB800000000000000080430000803B0000C93F3F
:10AB90000CF1010CB4457FF47DAF95E7F6EE007A39
:10ABA000B4EEE78AF1EE10FA80F2E8800025F6E6CE
:10ABB00006F1010BDE46DC4621E7069858F82E1018
:10ABC000083833462A46009E0690754661B903F15F
:10ABD0008043023B08EB8303014653F80409013D1F
:10ABE00008390028F9D0069106980092B7EE000ABD
:10ABF00000F04EFA002D009AC0F21E814FEA850E39
:10AC000046AB03EB0E070EF1040C1FED217A08EBA7
:10AC10000C03391D73ED017AF8EEE77A434567EED0
:10AC2000807A20EE070A61ED017AF3D1002E1FED44
:10AC3000296A4FF0000420DB8F48DFED907A394617
:10AC4000B0EE467A002303E09C4208DBB0EC017AC8
:10AC5000F1EC016A01339E42E6EE877AF4DA5AABF0
:10AC600003EB8403A54243ED287AA7F1040704F11E
:10AC7000010305D0002E1C46DEDADFED807AEEE718
:10AC8000689902291CDC002900F38B800FD132ABBC
:10AC9000DFED7A7A9C443CED017A634577EE877A62
:10ACA000F9D10AB1F1EE677A079BC3ED007A19EE8C
:10ACB000903A03F007005BB0BDEC048BBDE8F08F69
:10ACC000689B032BF3D1002D00F0CB805AAB73446B
:10ACD00032A913ED287A01EB850373ED017AF0EECA
:10ACE000476A37EE277A994277EEC77A83ED007A82
:10ACF00077EEA67AC3ED017AEFD1012D40F3B18052
:10AD000005F180455AAB013D9E44AD002B1D1EED63
:10AD1000287A0B4433A873ED017AF0EE476A37EED8
:10AD2000277A984277EEC77A83ED007A77EEA67A93
:10AD3000C3ED017AEFD10835DFED507A4B190831B8
:10AD400033ED017A994277EE877AF9D1002A55D10D
:10AD50000799329A339BC1ED027A0A604B60A6E7ED
:10AD600006F1FF3C58F82C2002F07F0248F82C2016
:10AD7000B9E6082308930023039366E519EE902AA9
:10AD8000002E02F1010209EE902AC8BF02253FF70A
:10AD900078AEF7EE007A37EEC88A0225FFE500218B
:10ADA00092E632A9DFED357A01EB830333ED017AC8
:10ADB000994277EE877AF9D192BB9DED327A079B63
:10ADC000002DC3ED007A77EE677A0BDD33A90123FE
:10ADD000B1EC017A01339D4277EE877AF8DA0AB155
:10ADE000F1EE677A079BC3ED017A60E7BDEEC00A1A
:10ADF0001D4610EE101A48F82310F5E6DDED326A14
:10AE00009DED337A079BF1EE677AF1EE666AB1EE5B
:10AE1000477AC3ED027AC3ED006A83ED017A46E713
:10AE2000DDED326A079BB1EE677A002D76EEE77AA8
:10AE300083ED007ACADCD3E7689B022B0DDC002B84
:10AE400014DC7FF434AFDFED0D7A002A3FF42CAF31
:10AE500028E7049B4FEA830C3CE5689B032B7FF4B7
:10AE600026AFDFED067A002AC8D171E7DFED037A5D
:10AE7000002AA2D0D4E700BF20840508000000000B
:10AE800010EE103A23F00043B3F1485F04DAFDEE10
:10AE9000C07A17EE903A5BB360EE007A9FED155AD8
:10AEA000DFED155A9FED156ADFED156A9FED157AF6
:10AEB000E7EE855A20EE275AA5EEA76AE6EE276A46
:10AEC000A6EEA77A30B9DFED106AE7EE876AA6EE44
:10AED000850A704727EE457AF6EE006AA0EEA67A5C
:10AEE000DFED0A6AD7EE270AE5EE260A30EE600AA1
:10AEF000704700BFD3C92E2F342FD7B21BEF38367F
:10AF0000010D50B98988083CABAA2ABEABAA2A3EDB
:10AF100010EE103A23F0004300EE103A704700BFE5
:10AF200082B08DED010A019820F00040B0F1FF4F92
:10AF3000ACBF0020012002B0704700BF10EE102A05
:10AF4000C2F3C7537F3B162B22F000411ADC002BC3
:10AF50001EDB1A4919410A4227D0DFED197A70EE3B
:10AF6000277AF5EEC07AF1EE10FA1EDD002A04DA37
:10AF70004FF4000040FA03F31A4422EA010300EE02
:10AF8000103A7047B1F1FF4F0FD330EE000A70470F
:10AF9000DFED0B7A70EE277AF5EEC07AF1EE10FA5B
:10AFA00003DD002A02DB9FED070A70470029FFEE50
:10AFB000007A18BFB0EE670A704700BFFFFF7F003E
:10AFC000CAF24971000000009FED010A704700BFFE
:10AFD0000000C07F10EE101AC1F3C753A3F17F0227
:10AFE000162A21F0004328DC33B310B4002A83B0C2
:10AFF0004FEAD17027DB244B1341194218D05C086B
:10B0000011EA530307D04FF4001321EA040113415E
:10B010000B4300EE103A1D4B03EB8000D0ED007A9D
:10B0200037EE800A8DED010A9DED010A30EE670AC8
:10B0300003B05DF8044B70477047B3F1FF4FFBD38B
:10B0400030EE000A7047C1F316035B420F4A5B0AF9
:10B05000090D03F480030905194302EB8002D2EDC8
:10B06000006A07EE901A36EEA77A8DED017ADDEDD3
:10B07000017A77EEE67A17EE903A23F0004343EA3E
:10B08000C07300EE103AD3E7FFFF7F005484050839
:10B0900082B08DED010A019B33F000422AD0B2F15B
:10B0A000FF4F23D213F0FF4F28D19DED017ADFED42
:10B0B0002A7A2A4B67EE277A9842CDED017A37DB60
:10B0C000019BC3F3C752193A0244FE2A1ADD9FEDD1
:10B0D000240A9FED247A019B002BF0EE407AB8BF42
:10B0E000B0EE470A20EE270A02B0704730EE000AA1
:10B0F00002B070479DED010A02B07047D20D0244C4
:10B10000FE2AE4DC002A0BDC12F1160F17DA4CF2EF
:10B1100050339842DBDC9FED140A9FED147ADAE796
:10B1200023F0FF4343EAC25300EE103A02B07047E7
:10B130009FED0D0ADDED017A27EE800AD8E719327E
:10B1400023F0FF4343EAC253DFED097A07EE103ADA
:10B1500027EE270ACCE700BF0000004CB03CFFFF01
:10B16000CAF24971CAF249F16042A20D6042A28D51
:10B1700000000033014B1868704700BFAC0B012082
:10B180000A44914200F1FF3300D1704710B511F825
:10B19000014B03F8014F9142F9D110BD174B10B587
:10B1A0001C68A36BB3B9182000F094F8A06328B909
:10B1B0000246134B13484E2100F05CF8124A134B21
:10B1C000C0E90023124B83600B23838101220023FB
:10B1D000C0E90423A16B0F480A694B690E4C504328
:10B1E00004FB0300A2FB04345A1C044444F1000095
:10B1F000C1E9042020F0004010BD00BFAC0B0120CD
:10B2000060840508778405080E33CDAB34126DE6F3
:10B21000ECDE05002DF451582D7F954CF0B508B9A2
:10B22000106888B10446204614F8015B0F4617F8F1
:10B23000016B1EB965B91560284605E0B542F6D127
:10B24000002BF0D114600370F0BD1C460CE015B962
:10B2500014F8013B0E4616F8015BAB42F7D1002B08
:10B26000F3D0002304F8013C1460EDE70123FFF75D
:10B27000D5BF00001FB514461A46094B1B6805468A
:10B28000D8684CB1074B0091CDE9013406492B46F3
:10B2900000F00EF800F096FC044B1C46F3E700BFEC
:10B2A000AC0B0120F384050800850508247B050804
:10B2B0000EB403B5014603AB054853F8042B0068F0
:10B2C000019300F0EBF802B05DF804EB03B07047B7
:10B2D000AC0B0120024B0146186800F05BB800BFC0
:10B2E000AC0B0120024B0146186800F003B800BF08
:10B2F000AC0B012037B5002948D051F8043C01902F
:10B30000002BA1F10404B8BFE41800F0A3FE204A0A
:10B3100001981368154633B96360146003B0BDE843
:10B32000304000F09DBEA3420BD9216862189342C1
:10B3300004BF1A685B68636004BF521822602C6007
:10B34000ECE71A465B680BB1A342FAD911685518AD
:10B35000A5420BD1246821445418A3421160DDD1C9
:10B360001C685B68536021441160D7E702D90C2345
:10B370000360D3E7256861198B4204BF19685B68D5
:10B38000636004BF491921605460C7E703B030BD52
:10B390009CF80120F8B5CD1C25F0030508350C2DCF
:10B3A00038BF0C25002D064601DBA94203D90C232A
:10B3B00033600020F8BD00F04DFE21490A681446B4
:10B3C0009CB9204F3B6823B92146304600F02AFB48
:10B3D00038602946304600F025FB431C23D10C235E
:10B3E0003360304600F03CFEE3E723685B1B17D474
:10B3F0000B2B03D923601C44256004E06368A24240
:10B400000CBF0B605360304600F02AFE04F10B00C5
:10B41000231D20F00700C21ACCD01B1AA350C9E785
:10B4200022466468CCE7C41C24F00304A042E3D0A5
:10B43000211A304600F0F6FA0130DDD1CFE700BF27
:10B440009CF80120A0F801209368013B002B10B468
:10B45000936008DA9469A34201DB0A2903D15DF8FD
:10B46000044B00F0EFBA1368581C106019700846BE
:10B470005DF8044B7047F8B506460F461446D518DC
:10B48000AC4201D1002007E014F8011B3A463046D7
:10B49000FFF7DAFF431CF3D1F8BD00002DE9F04FB0
:10B4A0000D469DB014469846064618B183690BB9FF
:10B4B00000F0AAFC894B9D421BD175686B6ED907C1
:10B4C00005D4AB899A0502D4A86D00F03BFDAB8989
:10B4D0001B0701D52B69EBB92946304600F004FB68
:10B4E000C0B16B6EDC070ED54FF0FF301DB0BDE86C
:10B4F000F08F7B4B9D4201D1B568DFE7794B9D42D0
:10B5000008BFF568DAE7AB899805EDD4A86D00F0BF
:10B510001AFDE9E70023099320238DF82930CDF89F
:10B520000C803023DFF8C0818DF82A304FF00109FC
:10B5300023469A4613F8012B0AB1252AF9D1BAEB12
:10B54000040B0BD05B46224629463046FFF793FF9B
:10B55000013000F0AA80099A5A4409929AF8003002
:10B56000002B00F0A28000234FF0FF32CDE905232D
:10B570000AF1010A049307938DF853301A93544645
:10B58000052214F8011B5848FDF772FF049AD8B938
:10B59000D10644BF20238DF85330130744BF2B231B
:10B5A0008DF853309AF800302A2B15D0079A54465C
:10B5B00000204FF00A0C214611F8013B303B092BCB
:10B5C0004ED9B0B1079214E0A0EB080309FA03F3D7
:10B5D00013430493A246D2E7039B191D1B680391F2
:10B5E000002BBBBF5B4242F0020207930793B8BF38
:10B5F000049223782E2B0CD163782A2B35D1039B10
:10B600001A1D1B680392002BB8BF4FF0FF330234A2
:10B610000593DFF8E4A0217803225046FDF728FFC8
:10B6200040B14023A0EB0A0003FA00F0049B03435F
:10B630000134049314F8011B2C488DF828100622BD
:10B64000FDF716FF00283FD0294B1BBB039B073398
:10B6500023F0070308330393099B3B44099367E7EF
:10B660000CFB02320C460120A5E7002301340593B0
:10B6700019464FF00A0C204610F8012B303A092ADF
:10B6800003D9002BC5D00591C3E70CFB012104466B
:10B690000123F0E703AB00932A46164B04A930467A
:10B6A000AFF300800746781CD6D16B6ED90705D45E
:10B6B000AB899A0502D4A86D00F045FCAB895B0606
:10B6C0003FF512AF099811E703AB00932A46094BE7
:10B6D00004A9304600F080F8E4E700BF848505083F
:10B6E000A4850508648505082F85050839850508A2
:10B6F0000000000077B40408358505082DE9F047FF
:10B70000164699468A680B69DDF820809342B8BFD7
:10B710001346336091F8432007460C460AB10133C3
:10B7200033602368990642BF33680233336025686B
:10B7300015F0060506D104F1190AE36832689B1A70
:10B74000AB4226DC94F84320131E226818BF012365
:10B7500092062BD404F1430249463846C0470130D3
:10B760001ED02368E568326803F00603042B08BF87
:10B77000AD1AA36822690CBF25EAE575002593423E
:10B78000C4BF9B1AED1800261A34B5421AD1002006
:10B7900008E00123524649463846C047013003D1EC
:10B7A0004FF0FF30BDE8F0870135C6E7E1185A1CBD
:10B7B000302081F84300224494F8451082F8431069
:10B7C0000233C7E70123224649463846C0470130C5
:10B7D000E6D00136D9E700002DE9FF470C46914637
:10B7E000277E0C99782F80469A4604F1430207D8A9
:10B7F000622F0AD8002F00F0D880582F00F0A380C5
:10B8000004F1420684F842703AE0A7F16303152B75
:10B81000F6D801A050F823F071B8040885B80408E0
:10B8200001B8040801B8040801B8040801B8040804
:10B8300085B8040801B8040801B8040801B8040870
:10B8400001B8040891B90408B5B8040873B904082C
:10B8500001B8040801B80408B3B9040801B8040821
:10B86000B5B8040801B8040801B804087BB9040895
:10B870000B681A1D1B680A6004F1420684F8423006
:10B880000123A3E0256808682E0600F104030AD509
:10B8900005680B60002D03DA2D236D4284F84330D8
:10B8A0005E480A2319E015F0400F05680B6018BFC9
:10B8B0002DB2EFE70B682568181D0860280601D532
:10B8C0001D6802E06906FBD51D8854486F2F0CBF28
:10B8D00008230A23002184F843106668A660002E1E
:10B8E000A2BF216821F0040121600DB9002E4DD0C6
:10B8F0001646B5FBF3F103FB1157C75D06F8017D52
:10B900002F46BB420D46F4D9082B0BD12368DF0725
:10B9100008D5236961689942DEBF302306F8013CEF
:10B9200006F1FF36921B2261CDF800A04B4603AA18
:10B9300021464046FFF7E2FE01304CD14FF0FF3088
:10B9400004B0BDE8F087354884F8457023680E6878
:10B950001F0656F8045B0E6014D5D90744BF43F0A8
:10B96000200323601DB9236823F0200323601023E4
:10B97000B0E7236843F0200323607823284884F845
:10B980004530E3E75E0648BFADB2E6E71646BBE7E3
:10B990000B68266860691D1D0D6035061B6801D5A2
:10B9A000186002E07106FBD518800023236116465B
:10B9B000BAE70B681A1D0A601E68626800213046EB
:10B9C000FDF756FD08B1801B6060636823610023AA
:10B9D00084F84330A8E72369324649464046D047B9
:10B9E0000130ABD023689B0713D4E068039B9842D7
:10B9F000B8BF1846A4E70123324649464046D0471F
:10BA000001309BD00135E36803995B1AAB42F2DC4D
:10BA1000EBE7002504F11906F5E700BF40850508AE
:10BA20005185050838B5064D0023044608462B60AD
:10BA300000F084FC431C02D12B6803B1236038BDA5
:10BA4000B4F80120F8B50E461446054618B18369CE
:10BA50000BB900F0D9F9214B9C422BD16C68A3693A
:10BA6000A360A3891A072FD523696BB323692068C4
:10BA7000C01A6369F6B28342374604DC2146284681
:10BA800000F02EF930BBA368013BA36023685A1C69
:10BA900022601E7063690130834204D0A389DB07F2
:10BAA00006D50A2E04D12146284600F019F988B996
:10BAB0003846F8BD0A4B9C4201D1AC68CFE7094B30
:10BAC0009C4208BFEC68CAE72146284600F00CF803
:10BAD0000028CBD04FF0FF37EAE700BF8485050888
:10BAE000A485050864850508324B70B51D680646B7
:10BAF0000C4625B1AB6913B9284600F085F92E4BE9
:10BB00009C420FD16C68A389B4F90C2019072CD47E
:10BB1000DD0611D40923336042F04003A3814FF0C6
:10BB2000FF303EE0254B9C4201D1AC68EBE7244B53
:10BB30009C4208BFEC68E6E7580712D5616B41B13B
:10BB400004F14403994202D03046FFF7D3FB0023AF
:10BB50006363A38923F02403A38100236360236923
:10BB60002360A38943F00803A38123694BB9A38908
:10BB700003F42073B3F5007F03D02146304600F074
:10BB800007FAA089B4F90C2010F001030AD00023B1
:10BB9000A36063695B42A361236943B910F080002D
:10BBA000BAD170BD810758BF6369A360F4E7002074
:10BBB000F7E700BFAC0B012084850508A4850508C4
:10BBC0006485050808B5062000F078FA012000F029
:10BBD000CBFB00008A892DE9F041054610070C4691
:10BBE00058D44B68002B05DC0B6C002B02DC0020CA
:10BBF000BDE8F081E66A002EF9D0002312F48052ED
:10BC00002F682B6032D0606DA3895A0705D5636811
:10BC1000C01A636B0BB1236CC01A00230246E66A9C
:10BC2000216A2846B047431CA38906D129681D29EB
:10BC30002CD82A4ACA40D60728D500226260D904E7
:10BC40002269226004D5421C01D12B6803B96065CA
:10BC5000616B2F600029CAD004F14403994202D0DD
:10BC60002846FFF747FB00206063C1E7216A0123F4
:10BC70002846B047411CC7D12B68002BC4D01D2BD0
:10BC800001D0162B01D12F60B1E7A38943F0400307
:10BC9000A381ADE70F69002FA9D093070E6808BFF5
:10BCA0004B690F6018BF0023A6EB07088B60B8F143
:10BCB000000F9CDD216AA66A43463A462846B047F3
:10BCC000002806DCA38943F04003A3814FF0FF3036
:10BCD0008EE70744A8EB0008E9E700BF0100402019
:10BCE00038B50B6905460C4613B90025284638BD02
:10BCF00018B183690BB900F087F8144B9C421BD133
:10BD00006C68B4F90C30002BEFD0626ED00704D40D
:10BD1000990502D4A06D00F015F928462146FFF7D9
:10BD200059FF636EDA070546E0D4A3899B05DDD48D
:10BD3000A06D00F008F9D9E7054B9C4201D1AC6831
:10BD4000DFE7044B9C4208BFEC68DAE7848505080E
:10BD5000A485050864850508002310B50446C0E9DC
:10BD60000033C0E90433836081814366C28183610B
:10BD7000194608225C3000F065F9054B6362054BFB
:10BD8000A362054BE362054B2462236310BD00BF31
:10BD9000F5C0040817C104084FC1040873C10408A2
:10BDA000014900F0AFB800BFE1BC040870B54A1EFD
:10BDB000682555430E4605F17401FFF7EBFA04467A
:10BDC00040B10021C0E900160C30A06005F1680206
:10BDD00000F038F9204670BD014800F0B3B800BF4C
:10BDE000ACF80120014800F0AEB800BFACF801206B
:10BDF000014800F0A7B800BFABF80120014800F0EF
:10BE0000A2B800BFABF8012010B50446FFF7F0FF61
:10BE1000A3691BB1BDE81040FFF7F0BFC4E91233BE
:10BE20002365134B134A1B68A262A34204BF01237C
:10BE3000A361204600F020F86060204600F01CF866
:10BE4000A060204600F018F80022E060042160683D
:10BE5000FFF782FFA06801220921FFF77DFFE0685C
:10BE600002221221FFF778FF0123A361D2E700BF6E
:10BE70005C840508A1BD0408F8B50746FFF7ACFFD0
:10BE80001E4B1E68B36913B93046FFF7BDFF483635
:10BE9000D6E90134013B03D533680BB33668F7E7C5
:10BEA000B4F90C50D5B9164BE36004F1580065663F
:10BEB00000F047F8FFF796FFC4E90155C4E90455BF
:10BEC0002560A5610822294604F15C0000F0BAF85B
:10BED000C4E90D55C4E912552046F8BD6834D9E7C8
:10BEE00004213846FFF762FF044630600028D5D1B0
:10BEF000FFF778FF0C233B60EEE700BF5C8405088A
:10BF00000100FFFF2DE9F8430646884600F148048A
:10BF10000027D4E90195B9F1010905D52468002C61
:10BF2000F7D13846BDE8F883AB89012B07D9B5F9BD
:10BF30000E30013303D029463046C04707436835E9
:10BF4000E9E770477047704770B50E46B1F90E10BB
:10BF5000002996B014461D4607DA00232B60B389EA
:10BF60001A0610D44FF480630EE06A4600F028F9F8
:10BF70000028F2DB019A02F47042A2F500535A4203
:10BF80005A412A60EEE740230020236016B070BDBE
:10BF90008B8973B59D0706460C4607D504F1470308
:10BFA000236023610123636102B070BD01AB6A4667
:10BFB000FFF7CAFF009905463046FFF7EBF948B98D
:10BFC000B4F90C309A05EFD423F0030343F00203D5
:10BFD000A381E3E70D4BB362A389206043F08003A4
:10BFE000A381009B6361019B20615BB1B4F90E10DA
:10BFF000304600F0F7F828B1A38923F0030343F09B
:10C000000103A381A0890543A581CDE7A1BD040853
:10C01000884210B501EB020402D98442234607D8B6
:10C02000431EA14208D011F8012B03F8012FF8E7B5
:10C03000024401468A4200D110BD13F8014D02F8B6
:10C04000014DF7E702440346934200D1704703F8DD
:10C05000011BF9E70148FFF775BF00BFA8F80120F1
:10C060000148FFF770BF00BFA8F801201F2938B5AD
:10C0700004460D4604D9162303604FF0FF3038BD47
:10C08000426C12B152F821304BB9204600F030F822
:10C090002A4601462046BDE8384000F017B8012B7B
:10C0A0000AD0591C03D1162303600120E7E70024BE
:10C0B00042F82540284698470020E0E7024B014619
:10C0C0001868FFF7D3BF00BFAC0B012038B5074D90
:10C0D00000230446084611462B6000F017F9431C64
:10C0E00002D12B6803B1236038BD00BFB4F8012032
:10C0F00000F0FCB810B50C46B1F90E1000F094F841
:10C100000028ABBF636DA3891B1823F48053ACBF19
:10C110006365A38110BD2DE9F0411F468B89DB05C6
:10C1200005460C46164605D5B1F90E10022300222D
:10C1300000F068F8A389B4F90E1023F48053A381AA
:10C1400032463B462846BDE8F04100F017B810B52E
:10C150000C46B1F90E1000F055F8431CA38915BF29
:10C16000606523F4805343F48053A38118BFA381F7
:10C1700010BDB1F90E1000F013B8000038B5074D2E
:10C1800004460846114600222A601A4600F0E4F8E8
:10C19000431C02D12B6803B1236038BDB4F80120E1
:10C1A00038B5064D0023044608462B6000F08EF893
:10C1B000431C02D12B6803B1236038BDB4F80120C1
:10C1C00038B5074D00230446084611462B6000F0A1
:10C1D00085F8431C02D12B6803B1236038BD00BF32
:10C1E000B4F8012038B5064D0023044608462B60FC
:10C1F00000F084F8431C02D12B6803B1236038BDE2
:10C20000B4F8012038B5074D04460846114600220F
:10C210002A601A4600F082F8431C02D12B6803B151
:10C22000236038BDB4F8012038B5074D04460846F0
:10C23000114600222A601A4600F078F8431C02D109
:10C240002B6803B1236038BDB4F8012030B5013943
:10C250000024A24201D1002005E0035D01340D5D00
:10C26000AB42F6D0581B30BDC9B2034610F8012BC3
:10C270001AB18A42F9D118467047002918BF002325
:10C28000F9E710B56AB10139841810F8013B11F8CB
:10C29000012F934203D1A04201D0002BF5D1981A6F
:10C2A00010BD1046FCE710B50139034632B111F854
:10C2B000014F03F8014B013A002CF7D11A44002139
:10C2C000934200D110BD03F8011BF9E7024B58223D
:10C2D0001A604FF0FF307047B4F80120024B58222B
:10C2E0001A604FF0FF307047B4F80120024B58221B
:10C2F0001A604FF0FF307047B4F80120024B58220B
:10C300001A600020704700BFB4F80120024B582289
:10C310001A604FF0FF307047B4F80120024B5822EA
:10C320001A604FF0FF307047B4F80120024B5822DA
:10C330001A604FF0FF307047B4F80120044A0549F5
:10C340001368002B08BF0B4618441060184670474E
:10C35000A4F80120087E0020024B58221A604FF0FA
:10C36000FF307047B4F80120FEE700BF0000000076
:10C370005FF800F0551500005FF800F01D12000096
:10C380005FF800F0750800005FF800F07900000029
:10C390005FF800F04D1600005FF800F0B1040000F7
:10C3A0005FF800F0AD1400005FF800F051140000D9
:10C3B0005FF800F0B12500005FF800F0A90A000066
:10C3C0005FF800F0F10E00005FF800F0750F00005C
:10C3D0005FF800F0350F00005FF800F06513000013
:10C3E0005FF800F0510500005FF800F079130000DD
:10C3F0005FF800F0590F00005FF800F08D0A0000B0
:10C400005FF800F0990E00005FF800F09D0A000050
:10C410005FF800F0AD0E00005FF800F005130000BB
:10C420005FF800F0411400005FF800F0F10F000029
:10C43000B52B0408852804085D2B0408992B0408F3
:10C44000012B0408E9290408592A0408A92A040828
:10C45000312B0408A1480408F9100408FD4704081A
:10C46000A9470408614704081547040875460408ED
:10C47000D5100408B5100408CD46040800000000DB
:10C48000E1450408B11004080000000000000000AD
:10C490000A00000000000000000000000000000092
:10C4A000000000000000000001000000000000008B
:10C4B0000001020304050505050506060606060635
:10C4C00000200140480000000000000000000000C3
:10C4D000000000000000000000000000000000005C
:10C4E000000000000000000000000000000000004C
:10C4F000000000000000000000000000000000003C
:10C50000000000000000000000000000000000002B
:10C51000000000000000000000000000000000001B
:10C52000000000000000000000000000000000000B
:10C5300000000000000000000000000000000000FB
:10C5400000000000000000000000000000000000EB
:10C5500000000000000000000000000000000000DB
:10C5600000000000000000000000000000000000CB
:10C570000021014049000000000000000000000010
:10C5800000000000000000000000000000000000AB
:10C59000000000000000000000000000000000009B
:10C5A000000000000000000000000000000000008B
:10C5B000000000000000000000000000000000007B
:10C5C000000000000000000000000000000000006B
:10C5D000000000000000000000000000000000005B
:10C5E000000000000000000000000000000000004B
:10C5F000000000000000000000000000000000003B
:10C60000000000000000000000000000000000002A
:10C61000000000000000000000000000000000001A
:10C62000002201404A00000000000000000000005D
:10C6300000000000000000000000000000000000FA
:10C6400000000000000000000000000000000000EA
:10C6500000000000000000000000000000000000DA
:10C6600000000000000000000000000000000000CA
:10C6700000000000000000000000000000000000BA
:10C6800000000000000000000000000000000000AA
:10C69000000000000000000000000000000000009A
:10C6A000000000000000000000000000000000008A
:10C6B000000000000000000000000000000000007A
:10C6C000000000000000000000000000000000006A
:10C6D000300700000A000000310700000B000000D6
:10C6E000320700000C000000330700000D000000BE
:10C6F000340300000E000000350300000F000000AE
:10C7000020030000080000002103000009000000D1
:10C7100010070000000000001107000001000000E9
:10C7200012070000020000001307000003000000D1
:10C7300014030000040000001503000005000000C1
:10C7400016030000060000001703000007000000A9
:10C750000102030405060B0C0DFEFEFEFEFEFEFEAE
:10C76000FEFEFEFEFEFEFEFEFEFEFEFEFEFEFEFEE9
:10C77000FEFEFEFEFEFEFEFEFEFEFEFEFEFEFEFED9
:10C78000FEFEFEFEFEFEFEFEFEFEFEFEFEFEFEFEC9
:10C790000007FEFEFEFEFEFEFEFEFEFEFEFEFEFEAE
:10C7A00008090A0000000140401B00000000004092
:10C7B000601C000000040040611D000000080040F3
:10C7C000621E0000000C00406332000000100040B8
:10C7D000643600000014004065370000000401408A
:10C7E000412E00000040014050180000004401406C
:10C7F0005119000000480140521A00000018004082
:10C80000662B0000001C0040672C00000020004048
:10C81000682D0000808D5B00001BB70000366E01A4
:10C820000100000000000000000000000000000007
:10C8300010000000000000000000000000000000E8
:10C8400000010000000000000000000000000000E7
:10C8500000100000000200000000000000040000C2
:10C8600000000000000800000000000000100000B0
:10C870003D400308394003083540030831400308B0
:10C880002D400308294003082540030821400308E0
:10C890001D4003083D4003083D7A0308914003080A
:10C8A000954003082D400308FD240000A90D000059
:10C8B000A50D00007D400308D1690408E92404089F
:10C8C00059750408B91D04085D400408D13F0408E7
:10C8D00099410408053F0408A91D04083D400308C8
:10C8E00051630208556302088963020800000000D2
:10C8F0000000000000000000000000003D6302088E
:10C900008CE801209CF80120FFFF000000000000DF
:10C9100000000800000008000800000000000000FF
:10C920000404043C3C000000000000000000000083
:10C9300000000000000000000000000001020304ED
:10C940000402080000101010041010100210101043
:10C9500008000000000000030080830000000000C9
:10C960000000000000060000000000000006101695
:10C9700000061016000000000000FFFF000000FF8E
:10C980001E0000FF3C0000FF5A0000FF780000FF7F
:10C99000960000FFB40000FFD20000FFF00000FF8F
:10C9A0000E0100FF2C0100FF4A0100FF010B020DE8
:10C9B0000A030A0B040D0A03080B040D0A03070BF4
:10C9C000030D0A03060A010000020306000000002E
:10C9D000F56B010859720108356B01085D6F01089C
:10C9E000156C01080000000080250000004B0000CD
:10C9F0000096000000E1000000C201000084030076
:10CA000090D00300801A06000008070020A107004C
:10CA100000100E0040420F0060E3160080841E00EC
:10CA200070B025006701FF00FF0000000005000056
:10CA3000A01A0508C41A050801040000DC1A05083C
:10CA4000001B050802030000141B0508381B05081D
:10CA5000030200004C1B0508701B050804010000C0
:10CA6000841B05080C5A05080100000000000000A6
:10CA700002000000000000000300000000000000B1
:10CA80000400000049740108456201088161010841
:10CA9000B9630108816401087D65010839670108EF
:10CAA000F9670108D17301088568010804000100D5
:10CAB000020002002000030000000000D83F05082B
:10CAC000801A0508881A0508941A0508881A0508A6
:10CAD000941A0508DC050CFEF401F401F4014D0183
:10CAE00000000000D665CF64C862C35FBE59BB5367
:10CAF000B94EB748B645B542B43FB33CA4000000B8
:10CB00000000000000000000000000000000000D18
:10CB1000424C48656C69F47D000000000000000094
:10CB20000004181824640000000018183064000085
:10CB30000000D007D007D007D00700000000000099
:10CB4000000032006E0A01003023050800000000DA
:10CB5000000000003823050801000000FF0000006D
:10CB60004423050801000000FF00000050230508D1
:10CB700001000000FF0000005C2305080100010027
:10CB8000FF0000006C23050801000100FF00000009
:10CB90007C23050801000100FF0000008823050830
:10CBA0000100000064000000982305080100000057
:10CBB00064000000A82305080100000064000000D4
:10CBC000B423050802000000E8030000C4230508A0
:10CBD00002000000E8030000D42305080200000062
:10CBE000E8030000E423050802000000E803000059
:10CBF000F423050802000000E803000000240508F3
:10CC000002000000E80300000C24050802000000F8
:10CC1000E80300001824050802000000E8030000F3
:10CC20002424050802000000E80300003024050861
:10CC300002000000E80300003C2405080200000098
:10CC4000E80300004824050802000000E803000093
:10CC5000000000000000000000000000542405084F
:10CC600002001900FA000000602405080200190003
:10CC7000FA0000007024050802000000C40900004A
:10CC80008024050802000000C4090000942405085F
:10CC900002000000C4090000A824050802000000EA
:10CCA000C4090000000000000000000000000000B7
:10CCB000BC24050802000000E8030000D424050895
:10CCC00002000000E8030000EC2405080200000058
:10CCD000C80000000025050802000000C800000090
:10CCE0001425050802001900FF000000282505088A
:10CCF00004000000FA0000003425050804000000CC
:10CD0000FA0000004025050804000000FA000000B9
:10CD10004C25050804000000FA000000582505080D
:10CD200004000000FA00000064250508040000006B
:10CD3000FA0000007425050804000000FA00000055
:10CD40008425050804000000FA0000009825050865
:10CD500008000000FA000000A82505080800F8F8FF
:10CD600008070000B42505080000010006000000C7
:10CD7000C42505080000010006000000D0250508B4
:10CD80000000010003000000DC2505080000010090
:10CD900004000000E825050802000000E803000088
:10CDA000F425050802000000E8030000002605083D
:10CDB00002000000E80300000C2605080200000045
:10CDC000E80300001826050802000000FA00000031
:10CDD0002C26050802000000FA0000004026050885
:10CDE00002000000FA0000005426050802000000BE
:10CDF000FA0000006826050802000000FA000000A2
:10CE00007C26050802000000FA00000090260508B4
:10CE100002000000E8030000A4260508020000004C
:10CE2000E8030000B826050802000000E80300003F
:10CE3000296002089D6002087D60020849600208BE
:10CE400061740208156002082560020800000000F5
:10CE500000000000000000000000000000000000D2
:10CE600020220508FF000001060900000849050806
:10CE7000FF00000102000000302205080001000050
:10CE8000010801003022050801010000010801002D
:10CE900030220508020100000108010030220508C7
:10CEA0000301000001080100302205080400000110
:10CEB000010001003C2205080001000001080200F9
:10CEC0003C22050801010000010802003C2205087F
:10CED00002010000010802003C22050803010000D5
:10CEE00001080200482205080001000001080300B3
:10CEF0004822050801010000010803004822050836
:10CF00000201000001080300482205080301000097
:10CF10000108030050220508000100000107040079
:10CF200050220508010100000107040050220508F5
:10CF3000020100000107040058220508000100005A
:10CF40000107040058220508010100000107040040
:10CF500058220508020100000107040060220508AC
:10CF60000001000001070400602205080101000023
:10CF70000107040060220508020100000107040007
:10CF80006822050800010000010704006822050866
:10CF900001010000010704006822050802010000E9
:10CFA00001070400702205080001000001070500C8
:10CFB0007022050801010000010705007022050824
:10CFC00002010000010705007C22050800010000A5
:10CFD000030006007C220508010100000300060092
:10CFE0007C220508020100000300060084220508D7
:10CFF0000001000003000700842205080101000071
:10D000000300070084220508020100000300070056
:10D010008C22050800010000030008008C2205088E
:10D0200001010000030008008C2205080201000035
:10D030000300080094220508000100000106090011
:10D040009422050801010000010609009422050848
:10D050000201000001060900E8210508FF010000A7
:10D0600001060A009C220508FF01000001060A00D3
:10D07000A4220508FF00000101060B00AC220508F0
:10D08000FF00090301000C00B4220508FF000001A5
:10D0900001000D00084A0508FF00000103000E0012
:10D0A000BC220508FF00000103000F00C82205088C
:10D0B0000001000003001000C82205080101000063
:10D0C00003001100C822050802010000030012003D
:10D0D000C82205080301000003001300D022050840
:10D0E0000000080003001400D02205080100080019
:10D0F00003001500D02205080200080003001600F6
:10D10000D02205080300080003001700D0220508FC
:10D110000400080003001800D022050805000800DC
:10D1200003001900D02205080600080003001A00B9
:10D13000D02205080700080003001B00D8220508BC
:10D140000001000001001C00D822050801010000B8
:10D1500001001C00D82205080201000001001C008B
:10D16000D82205080301000001001C00D822050890
:10D170000401000001001C00D82205080501000080
:10D1800001001C00D82205080601000001001C0057
:10D19000D82205080701000001001C001422050820
:10D1A00000010000142205080101000008490508DB
:10D1B000FF000A011D000000CC210508FF0000014E
:10D1C00000000000D8210508000107000000000051
:10D1D000D82105080101070000000000E42105082E
:10D1E000FF00000100000000F4210508FF0000011D
:10D1F0000000000000220508FF0000010000000000
:10D2000074210508FF00000184210508FF000001CA
:10D2100090210508FF000007A0210508FF00000776
:10D22000B4210508FF000007000102030405060001
:10D230001C200508000000009419050801010000E9
:10D24000D41905080202000020200508040300008C
:10D25000282005080A0D0000302005080C0F0000EA
:10D26000382005080D110000402005080E130000AD
:10D270004C2005080F14000058200508111A000062
:10D28000A4190508071B000064200508121F0000F0
:10D290007C200508132000009020050814210000C0
:10D2A000A420050815220000B82005080824000065
:10D2B000C020050810250000DC2005081627000006
:10D2C000EC2005081A280000F42005081B2900009E
:10D2D000FC2005081C2A0000042105081D2B000065
:10D2E0000C210508092D000018210508062E000054
:10D2F00024210508032F00002C2105081730000009
:10D30000402105081832000050210508193300009B
:10D31000682105080B3400001C21050805350000B4
:10D32000B00102000900E00102000A000000000054
:10D330000010014000000000000000000000000894
:10D34000000000081A072707000000001907260739
:10D35000000000004400255050000000FC6D00203B
:10D360007C6D0020000580000100000000440040AA
:10D37000000000000000000000000008000000089D
:10D3800013074607000000001207450700000000D1
:10D3900071002640600000007C680020FC670020CF
:10D3A000000580000200000000480040000000006E
:10D3B0000000000000000008000000082B073B07E9
:10D3C000490700002A073A07480700007200274073
:10D3D00060000000FC6200207C62002000058000EC
:10D3E00003000000004C00400000000000000000AE
:10D3F000000000080000000811083B0800000000C1
:10D4000010083A080000000073003440600000007B
:10D410007C5D0020FC5C0020000580000400000012
:10D420000050004000000000000000000000000864
:10D430000000000842080000000000003C08000056
:10D44000000000007400354060000000FC57002020
:10D450007C570020000580000500000000140140FA
:10D4600000000000000000000000000A0000000AA8
:10D47000370800080000000036080008000000001F
:10D4800045004740600000007C520020FC51002015
:10D4900000058000140001020304051E1F000000A7
:10D4A00000000000003001401505230500000000C9
:10D4B00016052405000000001705250500000000E2
:10D4C0004C0C0000010000000038004019052A053E
:10D4D0002D0543052E053205000000002F053105FE
:10D4E000330500006E05000002000000003C004013
:10D4F00023063A060000000024063B060000000058
:10D50000220725063C0646056F08000003000000C0
:10D510000034014052055C050000000055055D0522
:10D520000000000056055E05000000004D0A0000E6
:10D5300000000000005400402628000027290000B9
:10D54000751F200001000000005800402A61000003
:10D550002B6000007621220002000000005C0040E9
:10D560001800000039000000774849000000000062
:10D5700000000000000000000000000000000000AB
:10D580003C1C0508481C0508281C0508341C050817
:10D590008096980080969800642705080C5A050824
:10D5A000FF0000006C270508D02A050804200000B1
:10D5B00074270508101A05080440000020280508F3
:10D5C000601D0508044000007C2705088827050821
:10D5D000040000008C270508BC2E0508042000006C
:10D5E00094270508A027050804200000A4270508A3
:10D5F000A02705080420000014280508A027050816
:10D6000004200000B0270508B827050804400000E2
:10D61000BC2705080C5A050804000000C8270508A7
:10D620000C5A050809000000D42705080C5A050803
:10D6300009000000DC270508B827050804400000A1
:10D64000E8270508601D050804000000F827050804
:10D65000A027050804200000082805080C5A050822
:10D66000FF00000010280508A0270508042000007E
:10D670001C280508601D0508044000002C2805082A
:10D680000C5A050804600000382805080C5A0508E3
:10D6900004600000442805080C5A050804600000D6
:10D6A000010200000303000004040000FD880008DC
:10D6B00001840008BD830008A1D00008338400085D
:10D6C0000D840008318400082184000811840008BA
:10D6D0001D890008F9830008F58800080100000092
:10D6E0005C270508142905080201000058270508D1
:10D6F0002429050803020000442705082C290508F1
:10D70000040300003C2705083C2905080504000027
:10D7100034270508482905080605000028270508BC
:10D72000502905081606000020270508602905086D
:10D73000070700001C2705087429050808080000D1
:10D74000182705088429050809090000B8A7012041
:10D750008C2905080A0A00001427050898290508DD
:10D760000B0B00000C270508A02905080C0C000075
:10D7700004270508B02905080D0D0000F42605084A
:10D78000C82905080E0E0000B8A70120D4290508F5
:10D790000F0F000080DC0408E029050810100000CD
:10D7A00078DC0408F02905081111000000000000D1
:10D7B000F82905081212000000000000042A0508DC
:10D7C000131300000C2705080C2A05081415000087
:10D7D000EC2605081C2A050815160000E426050895
:10D7E000302A05081718000000000000482A050824
:10D7F000020000C0030000A00400009005000088A3
:10D800000500008006000074060000700600006C31
:10D810000600006807000062070000600700005E65
:10D820000700005C0700005A070000580700005678
:10D830000600006407000054070000520800005171
:10D84000080000500800004F0800004E0800004D7E
:10D850000800004C0800004B0800004A080000497E
:10D86000080000480800004708000046080000457E
:10D87000080000440800004308000042080000417E
:10D88000080000400900803C0900003C0900803B82
:10D890000900003B0900803A0900003A090080397C
:10D8A0000900003909008038090000380900803774
:10D8B0000800003F090000370900803609000036E3
:10D8C0000900803509000035090080340900003462
:10D8D000090080330900003309008032090000325A
:10D8E0000900803109000031090080300900003052
:10D8F0000800003E0900802F0900002F0900802E3B
:10D900000900002E0900802D0900002D0900802C3F
:10D910000900002C0900802B0A00C0270A0080277C
:10D920000900002B0A0040270A0000270900802A6E
:10D93000050000780900002A0A00C0260A00802697
:10D940000A0040260A0000260A00C0250A00802599
:10D950000A0040250A0000250A00C0240A0080248D
:10D960000A0040240A0000240A00C0230A00802381
:10D970000A0040230A0000230A00C0220A00802275
:10D980000A0040220A0000220A00C0210A00802169
:10D990000A0040210A0000210A00C0200A0080205D
:10D9A0000A0040200A0000200A00C01F0A00801F51
:10D9B0000A00401F0A00001F0A00C01E0A00801E45
:10D9C0000A00401E0A00001E0A00C01D0A00801D39
:10D9D0000A00401D0A00001D0A00C01C0A00801C2D
:10D9E0000A00401C0A00001C0A00C01B0A00801B21
:10D9F000090080290A00401B0A00001B0A00C01A07
:10DA00000A00801A0A00401A0A00001A0A00C01907
:10DA10000A0080190A0040190A0000190A00C018FB
:10DA20000A0080180A0040180A0000180A00C017EF
:10DA30000A0080170A0040170A0000170A00C016E3
:10DA40000A0080160A0040160A0000160A00C015D7
:10DA50000A0080150A0040150A0000150A00C014CB
:10DA60000A0080140A0040140A0000140A00C013BF
:10DA70000A0080130A0040130A0000130A00C012B3
:10DA80000A0080120A0040120A0000120A00C011A7
:10DA90000A0080110A0040110A0000110A00C0109B
:10DAA0000A0080100A0040100A0000100A00C00F8F
:10DAB0000A00800F0A00400F0A00000F0A00C00E83
:10DAC0000A00800E0A00400E0A00000E0A00C00D77
:10DAD0000A00800D0A00400D0A00000D0A00C00C6B
:10DAE0000A00800C0A00400C0A00000C0A00C00B5F
:10DAF0000A00800B0A00400B0A00000B0A00C00A53
:10DB00000A00800A0A00400A0A00000A0A00C00946
:10DB10000A0080090A0040090A0000090A00C0083A
:10DB20000A0080080A0040080A0000080A00C0072E
:10DB30000A0080070A0040070A0000070A00C00622
:10DB40000A0080060B0020030A0040060A000006B7
:10DB50000A00C0050A0080050A0040050A00000509
:10DB60000A00C0040B0000030A0080040A004004FD
:10DB7000090000290A0000040A00C0030B00E002AB
:10DB80000A0080030B00C0020B00A0020B00800201
:10DB90000B0060020B0040020B0020020B00000291
:10DBA0000B00E0010B00C0010B00A0010A004003C4
:10DBB0000800003D090080280B0080010B00600177
:10DBC0000B0040010B0020010B0000010B00E000E6
:10DBD0000B00C0000C0010000B00A0000B00800028
:10DBE0000B0060000B0040000B0020000900002823
:10DBF0000C000000000000000000000000003200E7
:10DC00006400000064003200640000006400320020
:10DC1000320000000000320032000000000002006C
:10DC2000001901022828280A0A0F3C3C3C00000089
:10DC30000F0F143232640100640064003200FA00F5
:10DC40000000190000002837284B4B004B1432000D
:10DC50000000281E05140A0590012C01C800F401DB
:10DC6000140014000A00F401FA00D007E803322877
:10DC700032000A001400286400F50A05FF000000C5
:10DC800000640AFF000000401000000000010000D6
:10DC90008860024000000006B860024000000006F4
:10DCA0000800000000000040110400000001000016
:10DCB000A060024000000006B860024000000006BC
:10DCC00008000000000000401208000000010000F1
:10DCD0002860024000000006B86002400000000614
:10DCE0000800000000000040130C000000010000CC
:10DCF000B860024000000006B86002400000000664
:10DD000008000000000000401500000000010000B5
:10DD10008860024000000006B86002400000000673
:10DD20000800000000000140170000000201000090
:10DD3000A064024000000000886402400000000C63
:10DD40000E0000000000014018000000000100006B
:10DD5000A064024000000000886402400000000C43
:10DD60000E00000000000140190400000001000046
:10DD7000A064024000000000886402400000000C23
:10DD80000E000000000001401A0800000001000021
:10DD9000A064024000000000886402400000000C03
:10DDA0000E000000000001401B0000000201000006
:10DDB000A064024000000000886402400000000CE3
:10DDC0000E000000000000401F00000000010000E5
:10DDD0008860024000000006B860024000000006B3
:10DDE00008000000000C00401000000000020000CD
:10DDF000406002400000000C106002400000000C77
:10DE000001000000000C00401104000000020000AE
:10DE1000706002400000000C106002400000000C26
:10DE200001000000000C0040120800000002000089
:10DE3000106002400000000C106002400000000C66
:10DE400001000000000C0040130C00000002000064
:10DE5000286002400000000C106002400000000C2E
:10DE60000100000000040040160000000002000055
:10DE7000706002400000000A406002400000000A9A
:10DE8000030000000004004017040000000200002E
:10DE9000886002400000000A406002400000000A62
:10DEA00003000000004001401200000000030000D9
:10DEB0000000000000000000000000000000000062
:10DEC00000000000004001401304000000030000B7
:10DED0000000000000000000000000000000000042
:10DEE00000000000000401401500000002030000D3
:10DEF0004064024000000000286402400000000E60
:10DF00000A000000000401401700000002030000A6
:10DF10004064024000000000286402400000000E3F
:10DF20000A000000001C004016000000000900006C
:10DF300000000000000000000000000000000000E1
:10DF40000000000000200040170000000009000051
:10DF500000000000000000000000000000000000C1
:10DF60000000000000000140200400000201000049
:10DF7000A064024000000000886402400000000C21
:10DF80000E00000000000140210800000201000016
:10DF9000A064024000000000886402400000000C01
:10DFA0000E000000000000402304000000010000FB
:10DFB000A060024000000006B860024000000006B9
:10DFC00008000000000000402A08000000010000D6
:10DFD0002860024000000006B86002400000000611
:10DFE00008000000000000402B0C000000010000B1
:10DFF000B860024000000006B86002400000000661
:10E0000008000000000001402D0000000201000097
:10E01000A064024000000000886402400000000C80
:10E020000E000000000001402E040000020100006C
:10E03000A064024000000000886402400000000C60
:10E040000E000000000001402F0800000201000047
:10E05000A064024000000000886402400000000C40
:10E060000E00000000040040200800000002000034
:10E07000B86002400000000A406002400000000A50
:10E080000300000000040040210C0000000200001A
:10E09000406002400000000A406002400000000AA8
:10E0A0000300000000040040240000000002000003
:10E0B000706002400000000A406002400000000A58
:10E0C00003000000000400402504000000020000DE
:10E0D000886002400000000A406002400000000A20
:10E0E00003000000000800402600000000020000BD
:10E0F0001060024000000004A06002400000000424
:10E100000700000000080040270400000002000093
:10E110005860024000000004A060024000000004BB
:10E12000070000000008004028080000000200006E
:10E13000B860024000000004A0600240000000043B
:10E140000700000000080040290C00000002000049
:10E150000000000000000000A06002400000000479
:10E16000070000000004014020040000020300003A
:10E170004064024000000000286402400000000EDD
:10E180000A00000000040140210800000203000012
:10E190004064024000000000286402400000000EBD
:10E1A0000A000000004401402800000000030000B5
:10E1B000000000000000000000000000000000005F
:10E1C000000000000048014029000000000300009A
:10E1D000000000000000000000000000000000003F
:10E1E00000000000000401402E04000002030000B3
:10E1F0004064024000000000286402400000000E5D
:10E200000A000000000401402F0800000203000083
:10E210004064024000000000286402400000000E3C
:10E220000A000000001800402E0000000009000055
:10E2300000000000000000000000000000000000DE
:10E2400000000000001800402F040000000900003A
:10E2500000000000000000000000000000000000BE
:10E260000000000000040040360000000002000032
:10E27000706002400000000A406002400000000A96
:10E28000030000000004004037040000000200000A
:10E29000886002400000000A406002400000000A5E
:10E2A00003000000000400403808000000020000E5
:10E2B000B86002400000000A406002400000000A0E
:10E2C0000300000000040040390C000000020000C0
:10E2D000406002400000000A406002400000000A66
:10E2E00003000000000401403600000000030000AD
:10E2F0004064024000000000286402400000000E5C
:10E300000A00000000040140370400000003000080
:10E310004064024000000000286402400000000E3B
:10E320000A0000000004014038080000000300005B
:10E330004064024000000000286402400000000E1B
:10E340000A00000000040140390C00000003000036
:10E35000B86402400000000E286402400000000E75
:10E360000A000000000800404C000000000200000D
:10E370001060024000000004A060024000000004A1
:10E3800007000000000800404D04000000020000EB
:10E390005860024000000004A06002400000000439
:10E3A00007000000000800404E08000000020000C6
:10E3B000B860024000000004A060024000000004B9
:10E3C00007000000000800404F0C000000020000A1
:10E3D0000000000000000000A060024000000004F7
:10E3E000070000000000014058000000020100008A
:10E3F000A064024000000000886402400000000C9D
:10E400000E00000000000140590000000001000063
:10E41000A064024000000000886402400000000C7C
:10E420000E000000000001405A040000020100003C
:10E43000A064024000000000886402400000000C5C
:10E440000E000000000001405B040000000100001D
:10E45000A064024000000000886402400000000C3C
:10E460000E000000000001405C08000002010000F6
:10E47000A064024000000000886402400000000C1C
:10E480000E000000000001405D08000000010000D7
:10E49000A064024000000000886402400000000CFC
:10E4A0000E000000000001405E0C000000010000B2
:10E4B000706402400000000C886402400000000C00
:10E4C0000E00000000400140550000000003000065
:10E4D000000000000000000000000000000000003C
:10E4E000000000000040014056040000000300004E
:10E4F000000000000000000000000000000000001C
:10E50000000000000044014066000000000300001D
:10E5100000000000000000000000000000000000FB
:10E5200000000000004801406700000000030000F8
:10E5300000000000000000000000000000000000DB
:10E5400000000000000000000000000000000000CB
:10E5500000000000000000000000000000000000BB
:10E5600000000000000000000000000000000000AB
:10E57000000000000000000000000000000000009B
:10E58000000000000000000000000000000000008B
:10E59000000000000000000000000000000000007B
:10E5A000000000000000000000000000000000006B
:10E5B000000000000000000000000000000000005B
:10E5C000000000000000000000000000000000004B
:10E5D000000000000000000000000000000000003B
:10E5E000000000000000000000000000000000002B
:10E5F000000000000000000000000000000000001B
:10E60000000000000000000000000000000000000A
:10E6100000000000000000000000000000000000FA
:10E6200000000000000000000000000000000000EA
:10E6300000000000000000000000000000000000DA
:10E6400000000000000000000100000002000000C7
:10E650000300000004000000050000001E00000090
:10E660001F000000808182838485000034560508E5
:10E67000C45905083C560508405605084856050883
:10E680000C2E050888220508505605085C5605081A
:10E6900068560508705605087C5605088856050812
:10E6A000945605089C560508A4560508B456050856
:10E6B00050280508C0560508F8550508EC5505080A
:10E6C000C8560508D056050848320508D85605082A
:10E6D000E0560508EC560508F4560508FC560508F2
:10E6E000045705080C57050818570508285705084A
:10E6F000345705083C570508445705084C5705088A
:10E7000058570508605705086C57050878570508DD
:10E710005C2F050888570508282005089457050828
:10E7200098570508A0570508AC570508B8570508BD
:10E73000C4570508CC570508D8570508E057050801
:10E74000EC570508FC57050808580508185805082F
:10E75000042F0508205805082858050830580508D2
:10E760003C580508405805084C58050858580508F5
:10E77000605805086C580508805805089858050821
:10E78000B0580508BC580508C8580508D4580508ED
:10E79000E0580508EC580508F8580508045905081C
:10E7A000105905081C590508285905083459050849
:10E7B0004059050848590508545905086459050881
:10E7C00068590508805905087C2E05082B00F701BB
:10E7D0000000000003000600010D040004003400E6
:10E7E000010008000200FB01000000000100FC0124
:10E7F000010008002F001B00000100000B00FD01BC
:10E8000001000C000C00FD01010C0C0015000602BB
:10E810000600040016000602060104000500F901C6
:10E82000010003002D001800000B00003500180047
:10E83000000C00001200080205000400130008028A
:10E840000501040014000802050204000700FE018F
:10E85000000100000A00FE01000300000800FE01A4
:10E86000000500000900FE0100070000210026004D
:10E8700000020000270026000006000050002600CD
:10E8800000070000340028000006000028002800CF
:10E89000000700001E00FF01000200001F00FF0132
:10E8A000000100003B001102010004003C001302C3
:10E8B000000100002000FA010000000026001C02F8
:10E8C0000E06020022001C020E0302002A001302A0
:10E8D000000300005100270201000400520028023A
:10E8E000010004005700E80301000400196E050848
:10E8F000345A0508545A0508EDF50308156E050845
:10E90000E45A0508F45A050811FB0308205B0508C2
:10E91000285B05084C5B0508EDC80308FC6D05087D
:10E92000585B0508845B050819D90308F56D0508CF
:10E93000985B0508845B050809D90308C05B0508D6
:10E94000C85B050800000000B1CE0308F05B0508B5
:10E95000F45B05080C5C0508F90E0408145C050856
:10E96000205C0508485C050811D00308585C0508C0
:10E97000685C0508905C050889CF03080F6E0508E0
:10E98000A05C05080000000069F10308477F050846
:10E99000B45C0508D45C0508E50C0408FC5C0508BB
:10E9A000005D050800000000390F04081C5D050823
:10E9B000245D05084C5D0508159D0308CC6A050813
:10E9C000805D05089C5D0508B9A20308E85D05089F
:10E9D000005E050800000000714E0308285E05086F
:10E9E000345E05084C5E05087DD60308605E0508A8
:10E9F000685E05084C5D0508199D03087C5E0508E6
:10EA00000000000000000000C10E0408CE6C0508E4
:10EA1000845E0508845B050825D90308985E05080F
:10EA2000A45E0508000000004DDA0308B85E050882
:10EA3000C45E05080000000075D10308DC5E05080F
:10EA400000000000E85E050899D00308FC5E050898
:10EA5000085F05080000000071C90308285F050869
:10EA600000000000345F050805D10308485F050871
:10EA70004C5F0508605F0508630B0408685F0508C4
:10EA8000785F050800000000E7B10308945F0508FF
:10EA9000A45F050800000000C1CD0308D85F050889
:10EAA000C85F0508E05F0508694D03087E79050821
:10EAB000F05F050800000000A5F2030800600508EB
:10EAC000106005083C60050801CF0308D66C0508F6
:10EAD000506005086C600508FDCD030874600508EA
:10EAE0007C60050800000000E1CE0308482205080C
:10EAF00098600508A8600508D9E403080A6E0508AF
:10EB0000E8610508000000004DF00308C822050870
:10EB10000C6205082062050805CC03086062050840
:10EB2000646205087C62050891780308986205080C
:10EB300000000000A4620508E9CA0308E86C0508A3
:10EB4000B0620508A46205088DCA0308C062050802
:10EB5000CC620508A46205082FCA0308E062050814
:10EB6000F062050800000000F94D03082063050865
:10EB70002C6305084063050821A60308DA6C050824
:10EB8000786305080000000069D20308216E0508BB
:10EB90009863050800000000BDF30308676D0508D1
:10EBA000B4630508000000006D0E0408C463050886
:10EBB000CC63050800000000B5DA0308D16D050834
:10EBC000D863050800000000B1F80308F0630508E9
:10EBD0000464050840640508A9DB0308D86D05082E
:10EBE00090640508A464050825EB03085837050858
:10EBF0006465050874650508C1A8030888650508EB
:10EC000094650508B8650508D9FC0308C4650508BE
:10EC1000CC65050800000000D9530308D865050835
:10EC2000E0650508000000004D520308B46D0508BA
:10EC3000F0650508006605086D9F0308086D050866
:10EC40005C66050800000000454C0308C055050837
:10EC5000D0550508E05505086828050870280508FE
:10EC6000C8280508BC550508042F0508BC28050858
:10EC7000B85505080000000084FA040830FA0408BA
:10EC80000CFA0408ECF90408DCF90408D45405086B
:10EC9000D8540508E0540508EC540508F854050854
:10ECA00000550508A419050808550508105505085C
:10ECB00018550508245505082C5505083455050830
:10ECC00094190508405505084C55050858280508AD
:10ECD00038200508585505085C5505086055050895
:10ECE000682B05080C210508BC2805086455050893
:10ECF000705505087C550508885505089455050884
:10ED0000A0550508AC5505080000000000010602EA
:10ED10000304070508090A0B0C0D0E0FFFFFFFFF88
:10ED2000FFFFFFFFFFFFFFFF0010203040500000FB
:10ED3000000001400000000000260000A064024026
:10ED40000000000006210000286402400000000CC2
:10ED500006230000586402400000000C000001403F
:10ED60000400000000260000A06402400000000033
:10ED700006220000406402400000000C0000000079
:10ED8000000000000000000000000140080000003A
:10ED900000260000A06402400000000006260000DB
:10EDA000A06402400000000C000000000000000011
:10EDB00000000000000001400C00000006240000DC
:10EDC000706402400000000C000000000000000021
:10EDD0000000000000000000000000000000000033
:10EDE00000000040000000000315000088600240A1
:10EDF000000000060000000000000000000000000D
:10EE000000000000000000000000000000000040C2
:10EE10000400000003160000A0600240000000068D
:10EE200000000000000000000000000000000000E2
:10EE3000000000000000000000000040080000008A
:10EE400003110000286002400000000600000000DE
:10EE500000000000000000000000000000000000B2
:10EE600000000000000000400C000000031700003C
:10EE7000B86002400000000603160000A0600240D7
:10EE8000000000060000000000000000000000007C
:10EE90000004004000000000051400007060024003
:10EEA0000000000A00000000000000000000000058
:10EEB000000000000000000000000000000400400E
:10EEC0000400000005150000886002400000000AF0
:10EED0000000000000000000000000000000000032
:10EEE00000000000000000000004004008000000D6
:10EEF00005170000B86002400000000A0000000092
:10EF00000000000000000000000000000000000001
:10EF100000000000000400400C000000051200008A
:10EF2000406002400000000A0000000000000000F5
:10EF300000000000000000000000000000000000D1
:10EF400000080040000000000210000010600240B5
:10EF500000000004000000000000000000000000AD
:10EF60000000000000000000000000000008004059
:10EF7000040000000213000058600240000000047A
:10EF80000000000000000000000000000000000081
:10EF90000000000000000000000800400800000021
:10EFA00002170000B86002400000000400000000EA
:10EFB0000000000000000000000000000000000051
:10EFC00000000000000C00400000000006120000DD
:10EFD000406002400000000C000000000000000043
:10EFE0000000000000000000000000000000000021
:10EFF000000C004004000000061400007060024095
:10F000000000000C000000000000000000000000F4
:10F01000000000000000000000000000000C0040A4
:10F020000800000006100000106002400000000C04
:10F0300000000000000000000000000000000000D0
:10F040000000000000000000000C00400C00000068
:10F0500006110000286002400000000C06130000AA
:10F06000586002400000000C00000000000000009A
:10F070000000000000040140000000000022000029
:10F08000406402400000000007220000406402408B
:10F090000000000E00000000000000000000000062
:10F0A000000401400400000000220000406402400F
:10F0B0000000000007230000586402400000000E1A
:10F0C00000000000000000000000000000040140FB
:10F0D0000800000000220000406402400000000020
:10F0E00007240000706402400000000E00000000D1
:10F0F0000000000000000000000401400C000000BF
:10F1000007270000B86402400000000E0000000065
:10F1100000000000000000000000000000000000EF
:10F1200000000000000000000323000058640240BB
:10F13000000000060325000088640240000000066D
:10F1400001000000032000001064024000000006DF
:10F15000032200004064024000000006000100009D
:10F160000014000070600240000000000000000079
:10F17000000000000000000001010000001300007A
:10F180005860024000000000000000000000000085
:10F19000000000000002000000150000886002402E
:10F1A0000000000000170000B860024000000000EE
:10F1B000010200000010000010600240000000008A
:10F1C0000012000040600240000000000003000048
:10F1D000042100002864024000000008052400000B
:10F1E000706402400000000A0103000004200000D7
:10F1F000106402400000000805230000586402402B
:10F200000000000A0200000000200000106402401C
:10F2100000000000002400007064024000000000B4
:10F2200002010000012200004064024000000002D0
:10F2300001230000586402400000000202020000A6
:10F2400002200000106402400000000402210000BF
:10F2500028640240000000040300000004230000B2
:10F26000586402400000000804260000A064024028
:10F27000000000080400000004270000B8640240F9
:10F280000000000800000000000000000000000076
:10F29000050000000425000088640240000000080A
:10F2A0000422000040640240000000080401000045
:10F2B00004160000A06002400000000800000000EA
:10F2C000000000000000000005010000041500001F
:10F2D00088600240000000080000000000000000FC
:10F2E0000000000004020000041300005860024007
:10F2F0000000000800000000000000000000000006
:10F30000050200000411000028600240000000080F
:10F3100000000000000000000000000004030000E6
:10F3200004140000706002400000000800000000AB
:10F3300000000000000000000503000004120000AF
:10F3400040600240000000080000000000000000D3
:10F35000000000000404000004170000B860024030
:10F360000000000800000000000000000000000095
:10F3700005040000041000001060024000000008B6
:10F380000000000000000000000000000405000074
:10F3900005260000A06402400000000A05270000C6
:10F3A000B86402400000000A0505000005210000C5
:10F3B000286402400000000A052200004064024068
:10F3C0000000000A98590508247B0508247B0508DD
:10F3D000A0590508247B0508247B0508AC590508BD
:10F3E000BC280508247B0508042F05084C200508C7
:10F3F000247B0508247B0508B8590508C859050869
:10F40000D0590508AC570508DC590508945705087C
:10F41000247B0508247B0508247B0508247B05083C
:10F42000247B0508247B050820580508402F050883
:10F43000DC280508A8300508247B0508E42F05080A
:10F4400000000000D4F9040802000000C8F9040814
:10F4500003000000A0F904080A00000094F9040861
:10F46000030000007CF904080600000070F904089D
:10F470000300000064F904080300000058F90408C0
:10F480000300000048F904080400000038F90408EB
:10F490000400000028F90408040000001CF9040816
:10F4A00003000000E0F804080F000000D4F804088E
:10F4B0000300000030FA0408150000000CFA0408EC
:10F4C00009000000ECF9040808000000A8F704088F
:10F4D0004B00000080F704080A00000058F70408F9
:10F4E0000A0000004CF704080300000040F704087D
:10F4F000030000002CF704080500000020F70408B2
:10F500000300000008F704080600000000F70408E4
:10F5100002000000F4F6040803000000E8F6040806
:10F5200003000000DCF604080300000084FA04086D
:10F5300014000000D0F6040803000000C0F6040820
:10F540000400000088F604080E0000007CF60408A1
:10F550000300000070F604080300000060F60408D1
:10F560000400000054F604080300000040F60408FC
:10F570000500000038F60408020000002CF604081C
:10F580000300000018F60408050000000CF604084B
:10F5900003000000FCF5040804000000F0F5040876
:10F5A00003000000D4F5040807000000C4F50408B7
:10F5B00004000000BCF504080200000068280508EB
:10F5C000842A05089F6C05088C2A0508902A0508DE
:10F5D000982A05089F6C0508A02A0508AC2A05088A
:10F5E000B42A0508BC2A0508C42A0508CC2A05083F
:10F5F000D42A0508D82A0508E02A0508D42A0508CF
:10F60000EC2A0508F42A0508002B0508D42A050869
:10F610000C2B0508102B0508D42A0508A02A05087C
:10F62000142B0508202B0508282B0508302B05086E
:10F630003C2B0508482B0508582B05085C2B0508B2
:10F640009F6C0508E02C0508602B0508682B050851
:10F650006C2B0508E02C0508782B0508802B050885
:10F66000D42A0508882B0508902B0508982B050837
:10F67000D42A05084C2C0508E02C0508A02B050809
:10F68000A82B0508B42B0508C02B0508C82B0508B6
:10F69000D02B0508D42B0508DC2B0508E42B050826
:10F6A000F02B0508F82B0508042C05080C2C050880
:10F6B000182C0508202C05082C2C0508342C0508CE
:10F6C000402C0508482C050890290508502C0508F1
:10F6D000D42A0508CC2F0508602C0508E02C050865
:10F6E000682C05086C2C0508742C05087C2C050872
:10F6F000842C05088C2C0508902C0508942C0508F2
:10F70000D42A05089C2C05089F6C0508A42C050824
:10F71000B02C0508EC2A0508BC2C0508C42C0508EB
:10F72000D42A0508CC2C0508482A05089F6C050832
:10F73000D02C0508CC2F0508D42C0508DC2C050896
:10F74000E82C0508F02C0508F82C0508002D050804
:10F750000C2D0508C81905089F6C0508142D05080F
:10F76000202D0508302D0508342D0508382D0508F5
:10F770003C2D0508442D05084C2D0508542D050881
:10F78000C45905085C2D0508682D0508742D050869
:10F79000802D05088C2D0508982D0508A42D050839
:10F7A000B02D0508BC2D05089F6C0508C82D05085F
:10F7B000D42D0508DC2D0508EC2D0508FC2D0508C9
:10F7C000042E0508102E05081C2E0508DC28050847
:10F7D000282E0508342E05083C2E05084C2E050859
:10F7E0005C2E0508682E05086C2E0508782E050885
:10F7F000842E0508942E0508A42E0508B02E0508B1
:10F80000C02E0508D02E0508E02E0508F42E0508A8
:10F81000FC2E0508042F0508102F0508242F0508C5
:10F82000302F0508402F0508602C05084C2F0508CF
:10F830005C2F0508602F05086C2F0508702F050840
:10F840007C2F05088C2F0508982F0508A82F050880
:10F85000B02F0508B82F0508C02F0508D02F0508C0
:10F86000E42F0508F02F0508FC2F050808300508CF
:10F8700014300508283005083C30050858300508C4
:10F8800074300508C828050890300508A830050818
:10F89000B4300508C8300508D4300508E430050840
:10F8A000F0300508FC300508043105081031050862
:10F8B0001831050830310508403105085431050874
:10F8C0006C3105087C3105088C3105081C210508C0
:10F8D000983105089C190508A8310508B4310508B8
:10F8E000C0310508CC310508F42E0508D8310508CB
:10F8F000E0310508E8310508F0310508FC3105085C
:10F9000004320508103205081832050820320508AF
:10F91000FC2E050828320508103105089F6C0508E3
:10F9200088220508303205089F6C050888220508E2
:10F9300030320508682B0508D42A05089C190508EB
:10F94000F0290508343205089F6C05083C3205088B
:10F9500048320508B05905085032050858320508E4
:10F9600064320508703205088432050898320508AB
:10F9700008300508B0320508BC320508E02C05083F
:10F98000C4320508CC320508D4320508DC3205083B
:10F990009F6C0508E4320508EC320508682B050861
:10F9A000A02B0508F4320508F832050800330508D5
:10F9B00008330508103305081833050824330508F3
:10F9C00030330508203205083C3305084833050864
:10F9D00050330508D42A05084C2C05089F6C0508EF
:10F9E000583305086033050868330508E02C05081E
:10F9F0009F6C050870330508783305089C330508AB
:10FA0000803305088833050890330508E02C050885
:10FA10009F6C0508A4330508AC330508B43305080A
:10FA2000BC330508C0330508C8330508D0330508C2
:10FA3000E02C05089F6C0508D8330508E03305085D
:10FA4000E8330508F0330508F833050804340508E1
:10FA50000C340508143405081C340508283405083E
:10FA600034340508403405084C340508583405087A
:10FA700064340508703405087834050880340508B6
:10FA800088340508E02C05089F6C0508E03305085C
:10FA9000903405089C340508A4340508043405088E
:10FAA0000C340508143405081C34050828340508EE
:10FAB00034340508403405084C340508583405082A
:10FAC000643405087034050878340508AC3405083A
:10FAD00088340508E81D0508381B0000000A0003EB
:10FAE00000F41D0508200D0000000A000100B434D8
:10FAF000050820170000000A001400CC3405080295
:10FB00003200B80B0A001800E0340508000000C8F5
:10FB1000000A000000F83405080318FCE8030A0096
:10FB20001200081E0508026400E8030A0004001C15
:10FB30001E050820130000000A0015002C1E0508F1
:10FB4000020000E8030A000600083505080200006C
:10FB5000E8030A001A0020350508020000E8030A3D
:10FB6000001C00541E050820130000000A001600A7
:10FB7000641E0508020000E8030A00080038350585
:10FB800008020000E8030A000A00483505080200E0
:10FB900000E8030A000C005C350508020000E803D9
:10FBA0000A000E006C350508020000E8030A001088
:10FBB00000341F0508200E00000023000200281F4B
:10FBC00005080200009001230000008035050803AD
:10FBD000D4FE2C0123000E009035050803D4FE2C22
:10FBE0000123000C00A03505084304000000230099
:10FBF0000400B0350508380200000028000000BCF1
:10FC00003505081BF0F1100E28001000CC35050852
:10FC10001BF0F1100E28001200DC3505081BF0F176
:10FC2000100E28001400EC350508381600000028D6
:10FC3000000200F835050818000004002800030041
:10FC4000083605081800007700280004001836055B
:10FC500008180000040028000500541F05082010A3
:10FC600000000028000100283605084303000000BA
:10FC70002800080038360508381600000026000065
:10FC80000048360508180000050026000100583617
:10FC9000050818000005002600030068360508184E
:10FCA0000000770026000400441F0508200F000014
:10FCB00000260005007C36050802B004A4061800E2
:10FCC00012008436050802EE02CA081800140090DB
:10FCD00036050802EE02CA08180016009C36050810
:10FCE000010000120018000F00AC360508210000CA
:10FCF000000018001E00C4360508000100FF0018AF
:10FD0000001000D0360508019CFF640018001F0099
:10FD1000DC360508210000000018001100E8360557
:10FD200008000000FF00180020000437050800004C
:10FD3000000D0018001D007C1F0508200C000000AD
:10FD400018000800183705082000000000180009F6
:10FD5000002C3705080000000A0018000D0040378D
:10FD60000508200000000018000E005C37050800A0
:10FD700000000F00180021006C370508200000006B
:10FD800000180022007C3705082000000000180041
:10FD900023008C3705082000000000180024009C78
:10FDA000370508202D00000018002D00B437050885
:10FDB000200000000018002C00D037050802EE02D9
:10FDC000CA0818001800DC37050802EE02CA081835
:10FDD000001A00E8370508200000000018000A009B
:10FDE000FC37050804FFFF03001800280018380539
:10FDF00008000000FA0018001C0028380508190047
:10FE0000000300FE01080034380508020000D00796
:10FE1000FE010A004C380508020000D007FE010C64
:10FE2000006C380508020000D007FE010E008C3877
:10FE300005082100000000FC010800A43805082086
:10FE40000900000005000100B43805082008000082
:10FE50000005000000C4380508020100401F05002D
:10FE60000200D8380508640000000005000400F016
:10FE70003805086401000000050004000839050881
:10FE80006402000000050004001C39050864040039
:10FE90000000050004003439050864030000000573
:10FEA000000400483905086405000000050004004E
:10FEB0006039050864060000000500040074390577
:10FEC000086407000000050004008839050864087C
:10FED000000000050004009C3905086409000000CA
:10FEE00005000400B0390508640C0000000500049A
:10FEF00000C4390508640A00000005000400DC396C
:10FF00000508640B00000005000400F039050864D2
:10FF10000D00000005000400043A0508640E00000E
:10FF20000005000400183A0508640F0000000500F1
:10FF300004002C3A050802EE02CA08060012003C32
:10FF40003A050802EE02CA08060014004C3A0508F9
:10FF500002EE02CA0806001600583A0508382200C8
:10FF60000000060009009C1E050820000000000695
:10FF7000000A00643A0508382200000006000B0061
:10FF8000743A0508382400000006000C00901F0594
:10FF900008200000000006000800A41F0508201229
:10FFA00000000006000200B81F0508023200401FD2
:10FFB00006000000883A050840040000000600041E
:10FFC000009C3A0508400400000006001800A83A0A
:10FFD0000508400400000006001C00B83A0508436C
:10FFE0000400000006002000CC3A05084202000090
:10FFF0000006002800E43A0508420200000006005E
:020000040805ED
:100000002C00FC3A0508000200C800010004000CA6
:100010003B0508000000C80001000500203B050862
:1000200002EE02CA0801000000343B05082015005A
:100030000000010006004C3B05080200002C0101F5
:10004000000200683B0508201400000001000700C2
:100050007C3B0508020000C80001000800943B0535
:1000600008000000320001000A00B03B0508034C04
:10007000FF680102000000C43B0508034CFF680153
:1000800002000400D83B0508034CFF680102000889
:1000900000E83B0508020000204E0B000C00F83B76
:1000A0000508026400F4010B000000103C05080282
:1000B0006400F4010B001200283C0508026400F4FF
:1000C000010B000200403C0508026400F4010B0033
:1000D00004005C3C0508000000FA000B0011006CF5
:1000E0003C0508380A0000000B000A007C3C0508AB
:1000F000380B0000000B0009008C3C0508020000D2
:10010000D0070B000600A83C050820000000000BEB
:10011000000E00B83C050820000000000B000F0096
:10012000C83C050800000064000B001000DC3C0522
:100130000800000064000B000800F03C0508000007
:100140000018000B0014000C3D0508000100FF0022
:100150000B001500243D0508000000FF000B0016F1
:1001600000343D050800000096000B001700503DCC
:10017000050800000096000B0018006C3D05080201
:100180000A00E8030B001A007C3D0508020A00E89B
:10019000030B001C00EC1C0508180000FF00020106
:1001A00000008C3D0508180100FF00020101009CC1
:1001B0003D0508180100FF0002010200AC3D0508E2
:1001C0001B80C1803E00010000B83D05081B008374
:1001D000007D00010200C83D05083800000000F75E
:1001E000010100DC3D05083800000000F7010200B5
:1001F000E83D05081B0000803EF7010400FC3D05BA
:10020000080001000500F6010400183E050820263C
:10021000000000EA030000283E0508202700000037
:10022000EA030100383E0508000000FA00EA030274
:1002300000483E0508202C000000EA030300543E5D
:1002400005080000006400EA030400603E0508039E
:10025000F8F80807EA0306006C3E050841030000B1
:1002600000EA030A00783E0508020000B80BEA0322
:100270000800903E05082000000000EA030D00ACD5
:100280003E05082028000000E9030000B83E0508EC
:100290000200005802E9030200CC3E0508020000FB
:1002A0005802E9030400E03E05080200006400E98A
:1002B000030600F43E05080200006400E90308009C
:1002C000083F05080200006400E9030E00243F0512
:1002D000080200006400E9031000443F0508020022
:1002E000006400E9031200643F0508020000640096
:1002F000E9030A00803F05080200006400E9030CDE
:10030000009C3F0508000000FA00E9031400AC3F20
:100310000508000000FA00E9031500BC3F050800CD
:100320000000FA00E9031600CC3F05089001080020
:10033000000C0000007C1D050830180000000C00B7
:100340000900E03F050830000000000C001800F430
:100350003F0508100100FF000C000A0004400508DA
:10036000100100FF000C000B0014400508100100F4
:10037000FF000C000C0020400508100100FF000CDD
:10038000000D003440050810000064000C000E0051
:100390004040050810000064000C000F004C4005B0
:1003A0000810000064000C00100058400508100000
:1003B0000064000C00110068400508100000FF00F8
:1003C0000C00120074400508100000FF000C001320
:1003D0000080400508100000FF000C0014008C4055
:1003E0000508100000FF000C001500A040050812D1
:1003F000C800D0070C001A00B040050812C800D091
:10040000070C001C00C440050812C800D0070C00EF
:100410001E00D440050812C800D0070C002000E8D8
:1004200040050812000050C30C002200FC400508E3
:1004300012000050C30C00240010410508120000F7
:1004400050C30C0026002041050812000050C30CC8
:100450000028003841050810000064000C00160058
:100460004841050810000064000C0017005C4105BD
:1004700008100100FA000C002A0070410508100065
:100480000064000C002B007C4105080030007E0059
:100490000D006E0090410508026400D0070D006C4D
:1004A00000A8410508020000007D16000000B441CC
:1004B0000508020000007D16000200C0410508008A
:1004C00000003C0010000100641F0508200000002F
:1004D0000010000000D441050820030000001E00A9
:1004E0000000E441050820040000001E000100F4A3
:1004F00041050820000000001E0008000842050811
:1005000020000000001E0002001842050820000024
:1005100000001E0003002842050820000000001E05
:100520000004004042050820050000001E000500F0
:100530005042050820000000001E00060068420529
:100540000820000000001E0007007C420508020091
:1005500000C8003700000090420508020000640057
:1005600037002E00A842050802140064003700027C
:1005700000C0420508021E00F40137000400D84202
:1005800005080203000A0037002400F042050802B3
:1005900005000F003700260008430508021E00B8BA
:1005A0000B3700060020430508020000F401370065
:1005B000080038430508020000F40137000A005023
:1005C000430508020000F40137000C0068430508E9
:1005D000020000F401370016008043050802000005
:1005E000F4013700180098430508020000F40137B1
:1005F000001A00B0430508020000F40137000E00A5
:10060000C443050802E803D00737001000DC4305A7
:100610000802E803D00737001200F443050802641B
:1006200000C40937002A000C440508026400F401E4
:1006300037002C002444050802E803D007370014D3
:1006400000404405082006000000370020005C44FC
:100650000508000500320037001C00704405080240
:100660003200E80337001E00844405082000000023
:100670000037002100A844050820070000003700CB
:100680002800BC440508200000000037002200DCE0
:100690001D0508000000200019000000D81D0508F5
:1006A000000000640019000100D044050840040067
:1006B000000019000200501D05080001001000F89C
:1006C000010000641D05080000001000F801010091
:1006D000D03F050888010800000E000000EC44052A
:1006E0000808000009000E002A00F8440508282E1A
:1006F0000000000E002B0008450508282E00000011
:100700000E002C001C45050828130000000E0042B6
:1007100000344505080A0000C4090E0012004445D3
:1007200005080A0000C4090E001400544505080A13
:100730000000C4090E001600644505080A0000C444
:10074000090E001800744505080A0000C4090E00CF
:100750000A00804505080A0000C4090E000C008C40
:100760004505080A0000C4090E000E00984505085A
:100770000A0000C4090E001000A44505080A000084
:10078000C4090E001A00B04505080A0000C4090E8D
:10079000001C00BC4505080A0000C4090E001E002C
:1007A000C84505080A0000C4090E002000D445050C
:1007B000080A0000C4090E002200E04505080A00EE
:1007C00000C4090E002400EC4505080A0000C40915
:1007D0000E002600F84505080A0000C4090E00288E
:1007E0000004460508080000FA000E003D0014460B
:1007F0000508080000FA000E004000284605080819
:100800000000FA000E003A003C460508080000FA15
:10081000000E003C004C460508080000FA000E00DF
:100820003F0060460508080000FA000E0039007419
:1008300046050808000002000E0043008446050833
:10084000080000FA000E003E00944605080800006B
:10085000FA000E004100A4460508080000FA000E48
:10086000003B00B84605080A1900FA000E004400D3
:10087000CC4605080A1900FA000E004600E04605BD
:10088000080A0000C4090E004800F44605080A00E2
:1008900000C4090E004A000C4705080A0000C409FC
:1008A0000E004C0024470508080000FA000E004E18
:1008B00000404705080A0000C4090E0050005C47CC
:1008C000050828000000000E002E006C47050808EF
:1008D0000000FA000E002D007847050848030000CC
:1008E000000E0036008447050828290000000E008D
:1008F0002F009847050848030000000E003000ACA8
:1009000047050848030000000E003300C0470508F3
:10091000080000C8000E005200D8470508080A0069
:100920005A000E005300EC470508080000C8000EEE
:1009300000540004480508080000C8000E005500D7
:1009400018480508080000FA000E0056002C48055B
:100950000828000000000E00570048480508080A53
:100960000050000E005900644805080A0A00C8003B
:100970000E005A0080480508081900FF000E0058B4
:100980000094480508282B0000000E005C00A048D9
:10099000050828000000000E005D00AC48050808AE
:1009A0000500FA000E005E00C0480508080500FAC0
:1009B000000E005F00D4480508080000FA000E0091
:1009C0006000E8480508080000FA000E006100FC1D
:1009D000480508080000FA000E00620010490508EA
:1009E000080000FA000E006300244905080A000010
:1009F000E8030E006400404905080A0000E8030E01
:100A0000006600584905080A0000E8030E00680067
:100A1000704905080A000010270E006A0088490581
:100A2000080A000010270E006C009C4905080A0007
:100A30000010270E006E00B04905080A00001027BC
:100A40000E007000C44905080A0100E8030E007496
:100A500000D84905080A010010270E007600EC496D
:100A600005080A0100E8030E007200044A05080A9E
:100A7000000050C30E007800144A0508080000FA70
:100A8000000E007A00204A0508080000FA000E0057
:100A90007B002C4A0508080000FA000E007C003894
:100AA0004A0508080000FA000E007D00444A0508C7
:100AB000080000FA000E007E00504A0508080000F9
:100AC000FA000E007F00604A0508080000FA000ED8
:100AD000008000704A0508080000FA000E0081003E
:100AE000844A0508080000FA000E0082009C4A05AE
:100AF00008080000FA000E008300B84A050820002C
:100B00000000001F000400C84A0508200000000083
:100B10001F000500D84A050803D8DC28231F000061
:100B200000EC4A050803B0B950461F000200004B14
:100B3000050800000001001F000600144B050820F6
:100B4000010000001F000700204B05080000000105
:100B5000001F000800384B050800000078001F0047
:100B60000900484B050820000000001F000A00543F
:100B70004B050820000000001F000B00684B050813
:100B8000400F0000001F000C00744B05080200001D
:100B900030751F001C00944B050864000000001F06
:100BA000002000B04B050864010000001F00200079
:100BB000CC4B050864020000001F002000E44B0538
:100BC0000864030000001F002000FC4B05086404BB
:100BD0000000001F002000144C0508640500000000
:100BE0001F0020002C4C050864060000001F002098
:100BF00000444C050864070000001F0020005C4C06
:100C0000050864080000001F002000744C050864FB
:100C1000090000001F002000904C0508640A000035
:100C2000001F002000AC4C0508640B0000001F00F2
:100C30002000C44C0508640C0000001F002000E0E8
:100C40004C0508640D0000001F002000004D050841
:100C5000640E0000001F0020001C4D0508640F00FA
:100C600000001F0020003C4D050864100000001F1C
:100C70000020005C4D050864110000001F002000EA
:100C8000784D050864120000001F0020009C4D05EF
:100C90000864130000001F002000BC4D0508641408
:100CA0000000001F002000D84D050864150000005A
:100CB0001F002000F44D050820000000001B00006C
:100CC000000C4E050820200000001B000A002C4EDE
:100CD0000508201A0000001B000200404E050820F5
:100CE0001F0000001B000300544E050820200000D8
:100CF000001B000400684E050820200000001B00B7
:100D00000500804E050802320010271B0006009CDB
:100D10004E050800000064001B000800B44E0508E2
:100D200020000000001B000900D04E05080005004F
:100D300064001B000B00E44E0508020A00F4011BCE
:100D4000000C00004F050800000064001B000E00AE
:100D5000184F050800000064001B000F00304F050D
:100D60000804FFFFFFFF1B0010004C4F0508380070
:100D7000000000FF010300644F0508381E0000005A
:100D8000FF010400704F05081800000400FF010077
:100D900000804F0508380000000014020000904F4A
:100DA0000508380000000014020100A04F050838B3
:100DB0000000000014020200B44F050821000000EA
:100DC0000012000400E01F050820110000001200BE
:100DD0000200EC1F0508000000FF0012000300C421
:100DE0004F0508201900000012000500D44F050827
:100DF0000000001E0012000600E84F050820000059
:100E0000000012000F00FC4F050820000000001237
:100E100000100014500508201C0000000202000011
:100E20002850050801FAFF000000020000445005A8
:100E30000801FDFF0000000201006050050801FFED
:100E4000FF2800000205007850050840040000005B
:100E50000002060090500508200000000000020A71
:100E600000B4500508202A00000005020000C85008
:100E70000508200000000005020100E050050802FE
:100E80000A00F40105020200F85005080200008083
:100E90003E0502040014510508020000E8030502A3
:100EA000060034510508000000FA00050208005051
:100EB000510508000000FA00050209006C51050800
:100EC0001800000700F90103007C510508580400D0
:100ED0000000110204008C510508580400000012A3
:100EE00002000098510508200000000013020000D5
:100EF000A4510508380000000013020200B8510593
:100F0000081800000400FA010100C851050838164D
:100F10000000001C020100D8510508180000040060
:100F20001C020200E851050818000004001C02041D
:100F300000F851050818000077001C0205000C524B
:100F4000050838020000001C020700205205081B9B
:100F5000F0F1100E1C020800345205081BF0F110CD
:100F60000E1C020A00485205081BF0F1100E1C026C
:100F70000C005C52050838160000001C020F006CC3
:100F800052050818000004001C0210007C520508DD
:100F900018000004001C0212008C52050818000002
:100FA00077001C021300A052050838020000001C44
:100FB000021500B45205081BF0F1100E1C021600B9
:100FC000C85205081BF0F1100E1C021800DC520577
:100FD000081BF0F1100E1C021A00F0520508380030
:100FE00000000006020200FC5205081A6400140505
:100FF000060204001053050838000000000602082D
:10100000001C5305081A6400140506020A00305338
:101010000508380000000006020E003C5305081ABF
:101020006400140506021000505305083800000043
:10103000001D0203005C530508020000F4012C02AD
:10104000000070530508020000F4012C0202008425
:1010500053050803F4FC0C030E020000A81E05084B
:10106000401000000020020000C81E0508421000C9
:10107000000020021000E81E0508421000000020B9
:10108000023000081F050840100000002002500038
:101090009C53050801FFFF7F0023020C00B4530599
:1010A0000804FFFFFFFF23020000C853050804FFE8
:1010B000FFFFFF23020400DC53050804FFFFFFFFCE
:1010C00023020800D83F050880011000002F00000F
:1010D00000F05305082021000000380000000454EF
:1010E0000508000100FA00380001001C5405080042
:1010F0000100FA003800020038540508000100FA27
:10110000003800030050540508000100FA003800C0
:101110000400685405080000003200380005008013
:10112000540508000100FA00380006009454050830
:10113000800110000029020000A45405088001105D
:10114000000029021000B454050880011000002995
:10115000022000C45405088001100000290230005C
:1011600000001F003C005B0079009800B600D5002D
:10117000F400120131014F016E018D01A901C80176
:10118000E60105022302420261027F029E02BC02C6
:10119000DB02FA0216033503530372039003AF0315
:1011A000CE03EC030B042904480467048304A2045F
:1011B000C004DF04FD041C053B05590578059605B0
:1011C00000FFFF01FFFF02FFFF03FFFF04FFFF051A
:1011D000FFFF000000000000FFFF01000000FFFF14
:1011E00002000000FFFF00000000000020030100DB
:1011F0000000200302000000200300008988083B53
:101200006F12033A17B7D1386F1203386F120338D1
:101210006F12833917B7D138000000FF6464C8FF2C
:1012200064FF6364C8C864FFC8640000BC73050839
:10123000C8730508D4730508E0730508EC73050846
:10124000F87305080001020301020000CC6C0508D8
:101250008C73050890730508947305089873050846
:101260009C730508A0730508A4730508A8730508F6
:10127000AC730508B0730508B4730508B8730508A6
:10128000CC6C0508FC720508CC5905089459050872
:101290000073050804730508087305080C73050836
:1012A000107305081473050890570508187305088E
:1012B0000C2B05081C73050820730508247305080A
:1012C000287305083073050838730508407305084E
:1012D000447305084C730508547305085C730508CE
:1012E000647305086C730508747305087C7305083E
:1012F00084730508CC6C050858370508F472050896
:10130000F8720508AEBE00008801002084010020AC
:101310000200000001000000FD1004088001002010
:101320000000000001000000010000003D11040861
:101330007C0100200000000001000000010000000E
:10134000000000000000000000000000000000009D
:10135000010000000000000000000000000000008C
:101360000800000001000000000000000000000074
:10137000000000000000000001000000000000006C
:101380000803040402050106C82E002E802E1A0050
:10139000C82E002EC82E002EC82E002EC82E002EBD
:1013A000C82E002EC82E002E9032212E59F5103056
:1013B000212E6AF51A242200802E3B00C82E4447B5
:1013C00022003700A400FF0FD10007AD802E00C11E
:1013D000802E00C1802E00C1802E00C1802E00C151
:1013E000802E00C1802E00C1802E00C1802E00C141
:1013F000802E00C1802E00C10000000000001124DA
:10140000FCF580304042505000301224EB00033095
:10141000002EC1865A0EFB2F212EFCF5132463F5F6
:10142000E03C48002230F780C242E17F3A25FC864A
:10143000F07F4133982EC2C4D66FF130F108C46FEB
:101440001124FF03122400FC6109A20836BE2AB948
:101450001324380064BBD1BE940A7108D54221BD63
:1014600091BCD242C14200B2FE82052F5030212EE3
:1014700021F2002E002ED02EF06F023002422026E4
:10148000E06F023103409A0A0242F037052E5EF700
:10149000100812241EF280428384F17F0A25133043
:1014A00083423B82F06F002E002ED02E124052421B
:1014B000002E124052423E84004040427E82E17F34
:1014C000F27F982E6AD62130232E61F5EB2CE16F46
:1014D000FFFFFFFFFFFFFFFFFFFFFFFFFFFFFFFF1C
:1014E000FFFFFFFFFFFFFFFFFFFFFFFFFFFFFFFF0C
:1014F000FFFFFFFF090000000A0000000B000000D2
:10150000FFFFFFFF0D0000000E0000000F000000B5
:10151000FFFFFFFFFFFFFFFF0200000003000000CE
:10152000FFFFFFFF050000000600000007000000AD
:10153000FFFFFFFF000000000800000001000000A6
:10154000FFFFFFFF040000000C000000FFFFFFFF93
:101550001620C20056002100400000011720C200E2
:1015600056002100800000011920C2005000320006
:1015700000020001152020001900140020000001C5
:1015800017BA20006C0036008000000118BA200055
:101590006C003600000100011540EF0068003200C9
:1015A000200000011630EF008500320040000001ED
:1015B0001640EF0085003200400000011740EF00A8
:1015C00085003200800000011770EF0085003200B6
:1015D000800000011840EF006800320000010001A7
:1015E00018405E0068003200000100011870EF0032
:1015F00042003200000100011940EF008500320076
:101600000002000117600100850032008000000127
:101610001860010085003200000100011640E00062
:1016200085003200000410000000000000000000EF
:1016300000000000B92C0408FD2C04083927040818
:1016400011270408351104082D260408191104086F
:10165000F526040800000000D12B0408AD10040892
:10166000354A0308993F0308593F0308FD3E030824
:10167000754A03083D3F03086D4A03080000000057
:10168000000000000000000000000000000000005A
:10169000000401400000000000030000406402401C
:1016A0000000000E286402400000000E0A00000046
:1016B00000040140000400000003000058640240E0
:1016C0000000000E286402400000000E0A00000026
:1016D00000040140000800000003000070640240A4
:1016E0000000000E286402400000000E0A00000006
:1016F00000040140000C000000030000B864024038
:101700000000000E286402400000000E0A000000E5
:1017100000000140000000000001000028640240B9
:101720000000000C886402400000000C0E00000065
:101730000000014000000000000100005864024069
:101740000000000C886402400000000C0E00000045
:10175000000001400004000000010000406402405D
:101760000000000C886402400000000C0E00000025
:10177000000001400008000000010000A0640240D9
:101780000000000C886402400000000C0E00000005
:1017900000000140000C00000001000070640240E5
:1017A0000000000C886402400000000C0E000000E5
:1017B0000000000000000000000000000000000029
:1017C0000000000000000000000000000000000019
:1017D00000000000090000000A0000000B000000EB
:1017E000000000000D0000000E0000000F000000CF
:1017F00000000000000000000200000003000000E4
:1018000000000000050000000600000007000000C6
:1018100000000000000000000800000001000000BF
:1018200000000000040000000C00000000000000A8
:10183000008002021F000000524F544F52464C5489
:10184000426C61636B626F7820466C617368202024
:101850002020202000000000000000000700000001
:101860000100000000000000000000000000000077
:10187000000000000100000000000000CD36040858
:101880006F3604086737040825310408113D040841
:101890002F370408000000000000000000000000D6
:1018A000010203040607080956435020496E746577
:1018B000726661636500000056435020436F6E6698
:1018C00069670000526F746F72666C6967687400B4
:1018D000526F746F72666C696768742053544D332D
:1018E000324637783200000025752C25753A25736D
:1018F0003A25733A25753A25753A25753A257500C6
:101900004D4D5800544F425649574B44000000007B
:101910004346414C534752004E45535755440000EF
:10192000060708090A1728000D0A456E74657269D2
:101930006E6720434C49204D6F64652C207479708C
:10194000652027657869742720746F207265747527
:10195000726E2C206F72202768656C7027000D0A4C
:1019600023200000102840587088A0B80000000014
:101970000B7E808182137C7D140A00000C0D0E0FFB
:101980001011000003040506070000000B8081828F
:1019900000000000414E474C450000004E4F524DA4
:1019A000414C00004641494C53414645000000006F
:1019B0004750532D57414954000000002D4E4F2DE4
:1019C00041524D2D000000004750532D52455343C6
:1019D00055450000484F52495A4F4E0052504D3A1B
:1019E0002025640054656D703A2025644300000092
:1019F00041444A2025643A2564000000257325638C
:101A0000000000004750474741000000474E47474D
:101A1000410000004750524D43000000474E524DD8
:101A200043000000475047535600000024505352D3
:101A3000463130302C312C3131353230302C382C8D
:101A4000312C302A30350D0A00000000245053524A
:101A5000463130332C30302C362C30302C302A327A
:101A6000330D0A0048204669656C642025632025F3
:101A7000733A00005B25645D0000000025640000EF
:101A80007369676E65640000707265646963746F82
:101A900072000000656E636F64696E67000000008D
:101AA00024505542582C34312C312C303030332CCA
:101AB000303030312C3131353230302C302A314514
:101AC0000D0A000024504D544B3235312C31313544
:101AD0003230302A31460D0A0000000024505542B1
:101AE000582C34312C312C303030332C30303031D4
:101AF0002C35373630302C302A32440D0A000000A5
:101B000024504D544B3235312C35373630302A3253
:101B1000430D0A0024505542582C34312C312C30BE
:101B20003030332C303030312C33383430302C30AE
:101B30002A32360D0A00000024504D544B32353104
:101B40002C33383430302A32370D0A0024505542B5
:101B5000582C34312C312C303030332C3030303163
:101B60002C31393230302C302A32330D0A0000004B
:101B700024504D544B3235312C31393230302A32E9
:101B8000320D0A0024505542582C34312C312C305F
:101B90003030332C303030312C393630302C302A44
:101BA00031360D0A000000002C3A3A3A3A3A3A002F
:101BB0006D34774643496E746600000041455243D8
:101BC000543132333435363738000000456E6420E6
:101BD0006F66206C6F6700004C4F470042424C001C
:101BE000257300004669726D7761726520747970A3
:101BF00065000000342E332E302D32303233303633
:101C000030320000257320257320282573292025D4
:101C1000730000004669726D7761726520726576A7
:101C20006973696F6E00000053544D333246375864
:101C300032000000393034646636610031303A33A6
:101C4000313A3533000000004A756E2020332032CF
:101C50003032330025732025730000004669726D11
:101C6000776172652064617465000000426F617283
:101C70006420696E666F726D6174696F6E0000003A
:101C80004C6F672073746172742064617465746949
:101C90006D6500004372616674206E616D650000C1
:101CA0004920696E74657276616C00005020696E1F
:101CB00074657276616C00005020726174696F0007
:101CC0006665617475726573000000003078257870
:101CD000000000006779726F5F7363616C650000DC
:101CE000257500006163635F3147000076626174AF
:101CF0005F7363616C65000025752C25752C257557
:101D0000000000007662617463656C6C766F6C74C1
:101D100061676500766261747265660025642C25D2
:101D20006400000063757272656E7453656E736F44
:101D3000720000006C6F6F7074696D6500000000C8
:101D40006779726F5F73796E635F64656E6F6D0044
:101D50007069645F70726F636573735F64656E6FE3
:101D60006D00000066696C7465725F70726F636508
:101D700073735F64656E6F6D00000000726174655F
:101D8000735F74797065000025642C25642C2564CC
:101D90000000000072635F726174657300000000F0
:101DA00072635F6578706F00726174657300000024
:101DB000726174655F6C696D69747300726F6C6CCD
:101DC0005049440070697463685049440000000041
:101DD00079617750494400007961775F6465616497
:101DE00062616E64000000006779726F5F746F5FFC
:101DF000757365006779726F5F686172647761728D
:101E0000655F6C70660000006779726F5F64656380
:101E1000696D6174696F6E5F687A00006779726FCF
:101E20005F6C7066315F7479706500006779726FFE
:101E30005F6C7066315F7374617469635F687A00A8
:101E40006779726F5F6C7066315F64796E5F687A14
:101E5000000000006779726F5F6C7066325F7479A2
:101E6000706500006779726F5F6C7066325F7374C3
:101E7000617469635F687A006779726F5F6E6F740F
:101E800063685F687A0000006779726F5F6E6F74D5
:101E900063685F6375746F66660000006473686FE3
:101EA000745F6269646972006779726F5F72706DE6
:101EB0005F66696C7465725F62616E6B5F72706D94
:101EC0005F736F75726365006779726F5F72706DB3
:101ED0005F66696C7465725F62616E6B5F72706D74
:101EE0005F726174696F00006779726F5F72706D05
:101EF0005F66696C7465725F62616E6B5F72706D54
:101F00005F6C696D697400006779726F5F72706DE4
:101F10005F66696C7465725F62616E6B5F6E6F7431
:101F200063685F71000000006163635F6C70665FEF
:101F3000687A00006163635F6861726477617265EB
:101F4000000000006261726F5F68617264776172A5
:101F5000650000006D61675F68617264776172653A
:101F6000000000006779726F5F63616C5F6F6E5F86
:101F700066697273745F61726D00000073657269E7
:101F8000616C72785F70726F7669646572000000D0
:101F90007573655F756E73796E6365645F70776D79
:101FA000000000006D6F746F725F70776D5F70720C
:101FB0006F746F636F6C00006D6F746F725F70771A
:101FC0006D5F7261746500006D696E7468726F7424
:101FD000746C65006D61787468726F74746C650000
:101FE00064656275675F6D6F646500006465627546
:101FF000675F6178697300006669656C64735F6D23
:1020000061736B006C6F6773000000004C4F4730CA
:10201000303030302E42424C0000000041524D0022
:10202000414C54484F4C44004245455045520000F5
:102030004C45444C4F57000043414C49420000007E
:102040004F53442044495341424C450054454C456C
:102050004D45545259000000424C41434B424F58A9
:1020600000000000424C41434B424F582045524132
:10207000534520283E3330732900000043414D452D
:10208000524120434F4E54524F4C2031000000002B
:1020900043414D45524120434F4E54524F4C203204
:1020A0000000000043414D45524120434F4E5452E1
:1020B0004F4C20330000000050524541524D00006B
:1020C000475053204245455020534154454C4C49BC
:1020D000544520434F554E5400000000565458209C
:1020E000504954204D4F444500000000555345527F
:1020F00031000000555345523200000055534552FF
:102100003300000055534552340000005041524105
:102110004C595A4500000000475053205245534344
:1021200055450000545241494E45520056545820DE
:10213000434F4E54524F4C2044495341424C45006A
:102140004D5350204F56455252494445000000001F
:10215000535449434B20434F4D4D414E445320442B
:10216000495341424C450000424545504552204D9F
:1021700055544500666C696768744D6F6465466CBC
:10218000616773007374617465466C616773000006
:102190006661696C73616665506861736500000013
:1021A00072785369676E616C5265636569766564C0
:1021B000000000007278466C696768744368616E5D
:1021C0006E656C7356616C69640000004750535F24
:1021D0006E756D53617400004750535F636F6F728B
:1021E000640000004750535F616C746974756465E6
:1021F000000000004750535F737065656400000085
:102200004750535F67726F756E645F636F7572736B
:10221000650000004750535F686F6D650000000067
:102220006C6F6F70497465726174696F6E00000045
:102230007263436F6D6D616E64000000736574704E
:102240006F696E74000000006D69786572000000AF
:10225000617869735000000061786973490000007B
:10226000617869734400000061786973460000007A
:102270006174746974756465000000006779726F39
:10228000524157006779726F414443006163634173
:10229000444300006D616741444300007661726908
:1022A0006F00000072737369000000005662617471
:1022B0000000000049626174000000007461696CF4
:1022C00073706565640000006D6F746F72000000CC
:1022D000736572766F0000006465627567000000C8
:1022E000482050726F647563743A426C61636B622C
:1022F0006F7820666C69676874206461746120720D
:1023000065636F72646572206279204E6963686FDD
:102310006C617320536865726C6F636B0A4820446C
:102320006174612076657273696F6E3A320A0000DB
:102330004E4F4E450000000050495443485F524103
:1023400054450000524F4C4C5F5241544500000030
:102350005941575F524154450000000050495443D1
:10236000485F52435F52415445000000524F4C4C6D
:102370005F52435F52415445000000005941575F8E
:1023800052435F524154450050495443485F5243C1
:102390005F4558504F000000524F4C4C5F52435F16
:1023A0004558504F000000005941575F52435F4568
:1023B00058504F0050495443485F505F4741494E81
:1023C0000000000050495443485F495F4741494E6F
:1023D0000000000050495443485F445F4741494E64
:1023E0000000000050495443485F465F4741494E52
:1023F00000000000524F4C4C5F505F4741494E0077
:10240000524F4C4C5F495F4741494E00524F4C4C34
:102410005F445F4741494E00524F4C4C5F465F4717
:1024200041494E005941575F505F4741494E0000B6
:102430005941575F495F4741494E00005941575F35
:10244000445F4741494E00005941575F465F47414D
:10245000494E00005941575F43575F4741494E007D
:102460005941575F4343575F4741494E00000000C1
:102470005941575F4359434C49435F46460000006A
:102480005941575F434F4C4C4543544956455F466D
:10249000460000005941575F434F4C4C4543544957
:1024A00056455F484600000050495443485F434F3B
:1024B0004C4C4543544956455F46460052455343AC
:1024C00055455F434C494D425F434F4C4C45435447
:1024D000495645005245534355455F484F5645526E
:1024E0005F434F4C4C45435449564500414E474C81
:1024F000455F4C4556454C5F4741494E0000000042
:10250000484F52495A4F4E5F4C4556454C5F4741E4
:10251000494E00004143524F5F545241494E45528B
:102520005F4741494E000000474F565F4741494EC3
:1025300000000000474F565F505F4741494E000082
:10254000474F565F495F4741494E0000474F565F2E
:10255000445F4741494E0000474F565F465F474141
:10256000494E0000474F565F5454415F4741494E22
:1025700000000000474F565F4359434C49435F46B4
:1025800046000000474F565F434F4C4C454354496B
:1025900056455F46460000005441494C5F4D4F543C
:1025A0004F525F49444C450053574153485F504890
:1025B00041534500524154455F50524F46494C45A6
:1025C000000000005049445F50524F46494C4500BE
:1025D0004F53445F50524F46494C45004C45445F71
:1025E00050524F46494C45005741595F505F474153
:1025F000494E00005741595F495F4741494E00002D
:102600005741595F445F4741494E00005741595F68
:10261000465F4741494E000050495443485F455288
:10262000524F525F4355544F464600005049544361
:10263000485F445445524D5F4355544F4646000051
:10264000524F4C4C5F4552524F525F4355544F4688
:1026500046000000524F4C4C5F445445524D5F437E
:1026600055544F46460000005941575F4552524F5E
:10267000525F4355544F4646000000005941575F92
:10268000445445524D5F4355544F464600000000A8
:102690005245534355455F414C545F505F47414954
:1026A0004E0000005245534355455F414C545F492D
:1026B0005F4741494E0000005245534355455F4135
:1026C0004C545F445F4741494E0053375832000035
:1026D00025732025733A2025730000005254464C80
:1026E000000000000A0805FF00000000050F0A0FA7
:1026F00014FF00000405040508050F05080504057E
:102700000405FF00140F2305FF0000000505050563
:10271000FF0000000A0AFF001932FF003202FF002A
:102720001E051E051E05FF0005050F0505050F1EEC
:10273000FF0000001E050505FF0000000F050F0546
:10274000FF0000000A0A0A0A0A28280A280A28287C
:102750000A0A0A0A0A46FF003232FF00140A140A63
:10276000140AFF004246204431000000566F6C748A
:102770006167650043757272656E740043617061D4
:1027800063697479000000006D416800506F7765DF
:1027900072000000526F6C6C20616E676C65000007
:1027A000B0000000506974636820616E676C65005A
:1027B000566172696F0000006D2F730047505320FF
:1027C0005361747300000000475053204C6F6E67D4
:1027D00000000000475053204C61740047505320C4
:1027E000537065656400000047505320482D4469CC
:1027F0007374616E6365000047505320482D44692F
:1028000072656374696F6E004246204432000000B6
:102810004750532048656164696E670047505320F4
:10282000416C74697475646500000000472D466F43
:102830007263652058000000472D466F7263652063
:1028400059000000472D466F726365205A00000052
:1028500053595354454D00004C4F41440000000073
:1028600055504441544500004759524F0000000064
:10287000414343004154544954554445000000002D
:1028800044495350415443480000000042415454CD
:102890004552595F564F4C544147450042415454AC
:1028A0004552595F43555252454E5400424154548B
:1028B0004552595F414C4552545300004750530014
:1028C000434F4D50415353004241524F00000000CE
:1028D0004C45445354524950000000004553435F57
:1028E00053454E534F520000414443494E544552C4
:1028F0004E414C0050494E494F424F580000000095
:1029000053504545445F4E45474F54494154494F04
:102910004E0000004759524F5F43414C49425241DB
:102920005445440052585F4C4F53540052585F4C2A
:102930004F53545F4C414E44494E47004449534124
:10294000524D494E4700000041524D494E4700004C
:1029500041524D494E475F4750535F46495800002A
:1029600041524D494E475F4750535F4E4F5F464976
:10297000580000004241545F435249545F4C4F5746
:10298000000000004241545F4C4F57004750535FD6
:10299000535441545553000052585F53455400005E
:1029A0004143435F43414C4942524154494F4E00D9
:1029B0004143435F43414C4942524154494F4E5F6A
:1029C0004641494C0000000052454144595F424590
:1029D000455000004D554C54495F42454550530009
:1029E00044495341524D5F52455045415400000007
:1029F00041524D454400000053595354454D5F49E1
:102A00004E4954004F4E5F5553420000424C4143E3
:102A10004B424F585F4552415345000043414D5F83
:102A2000434F4E4E454354494F4E5F4F50454E0025
:102A300043414D5F434F4E4E454354494F4E5F43D4
:102A40004C4F534500000000414C4C000A323C3DC5
:102A50003E3F4041424344454647000052455345AE
:102A6000525645442E444154000000000D0A1B5BA1
:102A70004B0000001B5B324A1B5B313B31480000BE
:102A8000082008004552524F5200000052504D009D
:102A900054454D500000000041444A46554E430005
:102AA000504153535448524F5547480043503132D8
:102AB00030000000435031333500000043503134C2
:102AC00030000000465039304C000000465039308C
:102AD000560000004F464600434C494D420000005E
:102AE000414C545F484F4C44000000004B49535345
:102AF00000000000484F42425957494E47563400A3
:102B00004B4F4E54524F4E494B0000005250000064
:102B1000525059005354414E444152440000000069
:102B20004D4F4445310000004D4F444532000000F8
:102B30005641524941424C45000000004D4F544F10
:102B400052495A45440000004249444952454354C1
:102B5000494F4E414C00000043570000434357008B
:102B60004D415837343536004D5350004652534B83
:102B7000594F53440000000054494D3100000000FB
:102B800054494D3800000000325F504F494E540008
:102B9000335F504F494E5400345F504F494E5400FC
:102BA00044454641554C54004241524F5F4F4E4CB4
:102BB000590000004750535F4F4E4C590000000031
:102BC000424C41434B000000574849544500000027
:102BD000524544004F52414E4745000059454C4C28
:102BE0004F5700004C494D455F475245454E000048
:102BF000475245454E0000004D494E545F475245EF
:102C0000454E00004359414E000000004C494748E2
:102C1000545F424C55450000424C554500000000B1
:102C20004441524B5F56494F4C4554004D41474536
:102C30004E544100444545505F50494E4B00000002
:102C40005241434500000000424541434F4E0000C1
:102C50005354415455535F44494D4D454400000081
:102C60005344494F0000000050414C004E54534320
:102C70000000000046495253540000005345434FA2
:102C80004E440000424F54480000000047524200AA
:102C90005247420047524257000000003234304D44
:102CA000485A000042455441464C494748540000A8
:102CB00052414345464C494748540000414354550E
:102CC000414C0000515549434B0000005941570009
:102CD00049324300534C4156450000004759524F7A
:102CE0004155544F00000000535441474531000006
:102CF0004B494C4C00000000535441474532000002
:102D00004155544F2D4C414E4400000044524F5009
:102D10000000000046495253545F4F524445520050
:102D20005345434F4E445F4F52444552000000000C
:102D30005054310050543200505433004F524445E7
:102D400052310000425554544552000042455353FD
:102D5000454C000044414D50454400004F4E455302
:102D6000484F5431323500004F4E4553484F54348C
:102D7000320000004D554C544953484F5400000058
:102D80005245534552564544000000004453484FB5
:102D900054313530000000004453484F5433303034
:102DA000000000004453484F54363030000000000B
:102DB00050524F53484F5431303030004449534102
:102DC000424C4544000000004359434C4554494D92
:102DD0004500000042415454455259004759524F52
:102DE0005F46494C54455245440000004143434529
:102DF0004C45524F4D455445520000005049444CFB
:102E00004F4F50004759524F5F5343414C45440088
:102E100052435F434F4D4D414E44000052435F5378
:102E20004554504F494E54005343484544554C4532
:102E300052000000535441434B0000004553435F90
:102E400053454E534F525F52504D00004553435F20
:102E500053454E534F525F544D500000414C54491E
:102E60005455444500000000464654004646545F11
:102E700054494D45000000004646545F46524551B6
:102E80000000000052585F4652534B595F5350495F
:102E90000000000052585F53464853535F53504957
:102EA000000000004759524F5F5241570000000098
:102EB0004455414C5F4759524F5F52415700000003
:102EC0004455414C5F4759524F5F444946460000C4
:102ED0004D4158373435365F5349474E414C000019
:102EE0004D4158373435365F535049434C4F434B6F
:102EF00000000000534255530000000046504F525E
:102F00005400000052414E474546494E4445520048
:102F100052414E474546494E4445525F5155414CFA
:102F2000495459004C494441525F54460000000046
:102F30004144435F494E5445524E414C000000000D
:102F4000474F5645524E4F520000000043555252D3
:102F5000454E545F53454E534F5200005553420067
:102F6000534D415254415544494F0000525448007A
:102F7000495445524D5F52454C4158004143524FD0
:102F80005F545241494E4552000000005345545091
:102F90004F494E540000000052585F5349474E417C
:102FA0004C5F4C4F5353000052435F524157000057
:102FB00052435F444154410044594E5F4C504600D7
:102FC00052585F5350454B5452554D5F5350490032
:102FD0004453484F545F52504D5F54454C454D4506
:102FE0005452590052504D5F46494C5445520000CE
:102FF00052504D5F534F555243450000554E555367
:1030000045445F3438000000414952424F524E451A
:10301000000000004455414C5F4759524F5F5343F5
:10302000414C4544000000004453484F545F525007
:103030004D5F4552524F52530000000043525346D9
:103040005F4C494E4B5F5354415449535449435389
:103050005F55504C494E4B00435253465F4C494ECE
:103060004B5F535441544953544943535F50575253
:1030700000000000435253465F4C494E4B5F53548F
:1030800041544953544943535F444F574E00000045
:103090004750535F5245534355455F5448524F5430
:1030A000544C455F50494400465245515F53454E8C
:1030B000534F520046454544464F52574152445F94
:1030C0004C494D495400000046454544464F52572F
:1030D00041524400424C41434B424F585F4F55547C
:1030E000505554004759524F5F53414D504C450085
:1030F00052585F54494D494E47000000445F4C50C0
:10310000460000005654585F5452414D5000000094
:1031100047485354000000005343484544554C452C
:10312000525F44455445524D494E49534D000000AD
:1031300054494D494E475F4143435552414359001D
:1031400052585F455850524553534C52535F535059
:103150004900000052585F455850524553534C5255
:10316000535F50484153454C4F434B0052585F53B7
:10317000544154455F54494D450000005049544363
:10318000485F505245434F4D500000005941575F32
:10319000505245434F4D50005245534355455F41B2
:1031A0004C54484F4C4400004F5054494F4E5F31EF
:1031B000000000004F5054494F4E5F3200000000A5
:1031C0005350454B31303234000000005350454BD2
:1031D000323034380000000053554D4400000000E8
:1031E00053554D480000000058422D420000000099
:1031F00058422D422D524A30310000004942555369
:10320000000000004A45544945584255530000000B
:1032100043525346000000005352584C0000000037
:10322000435553544F4D00005352584C3200000048
:1032300045534300535749544348000053504946AF
:103240004C415348000000005344434152440000A5
:103250004D41585F414C540046495845445F414CEC
:103260005400000043555252454E545F414C5400A7
:103270005245534355455F53414E4954595F4F465C
:10328000460000005245534355455F53414E495453
:10329000595F4F4E000000005245534355455F5360
:1032A000414E4954595F46535F4F4E4C5900000000
:1032B0005045444553545249414E000044594E41F3
:1032C0004D49430045474E4F53000000574141537D
:1032D000000000004D5341530000000047414741AA
:1032E0004E0000004E4D45410000000055424C4F3D
:1032F00058000000435730004357393000000000A9
:103300004357313830000000435732373000000057
:10331000435730464C49500043573930464C49508A
:10332000000000004357313830464C49500000003F
:103330004357323730464C4950000000494D504504
:103340005249414C000000004D4554524943000091
:1033500042524954495348004843535230340000C4
:1033600054464D494E49000054463032000000009A
:10337000484D433538383300414B38393735000034
:10338000514D4335383833004C4953334D444C008C
:103390004D41475F4D5055393235585F414B3839B3
:1033A00036330000424D5030383500004D5335362D
:1033B00031310000424D5032383000004C50530043
:1033C000514D503639383800424D503338380000AE
:1033D00044505333313000004144584C33343500AD
:1033E0004D505536303530004D4D41383435320072
:1033F000424D4132383000004C534D333033444C51
:10340000484300004D505536303030004D50553651
:10341000353030004D5055393235300049434D324A
:10342000303630310000000049434D323036303202
:103430000000000049434D3230363038470000006C
:1034400049434D32303634390000000049434D3293
:10345000303638390000000049434D3432363035BB
:103460000000000049434D34323638385000000027
:10347000424D493136300000424D4932373000006C
:103480004C534D3644534F0046414B45000000001D
:103490004C33473432303044000000004D50553337
:1034A000303530004C334744323000004C534D36F9
:1034B00053444F006779726F5F6F766572666C6F09
:1034C000775F646574656374000000006779726FEC
:1034D0005F63616C69625F6475726174696F6E00CD
:1034E0006779726F5F63616C69625F6E6F69736544
:1034F0005F6C696D697400006779726F5F6F6666F3
:103500007365745F796177006779726F5F6C70665D
:10351000315F64796E5F6D696E5F687A00000000EC
:103520006779726F5F6C7066315F64796E5F6D6131
:10353000785F687A000000006779726F5F6E6F7461
:103540006368315F687A00006779726F5F6E6F74CD
:103550006368315F6375746F666600006779726FC8
:103560005F6E6F746368325F687A00006779726FAC
:103570005F6E6F746368325F6375746F66660000B8
:103580006163635F7472696D5F7069746368000082
:103590006163635F7472696D5F726F6C6C000000D1
:1035A0006163635F63616C6962726174696F6E000D
:1035B000616C69676E5F6D61670000006D61675FD8
:1035C000616C69676E5F726F6C6C00006D61675F44
:1035D000616C69676E5F7069746368006D61675FD5
:1035E000616C69676E5F7961770000006D61675F8C
:1035F00062757374797065006D61675F6932635FCE
:1036000064657669636500006D61675F6932635F59
:1036100061646472657373006D61675F7370695F85
:1036200064657669636500006D61675F63616C69FD
:1036300062726174696F6E006261726F5F6275734E
:1036400074797065000000006261726F5F73706969
:103650005F646576696365006261726F5F6932639A
:103660005F646576696365006261726F5F6932638A
:103670005F61646472657373000000006D69645F6C
:10368000726300006D696E5F636865636B000000C4
:103690006D61785F636865636B00000072737369C6
:1036A0005F6368616E6E656C000000007273736921
:1036B0005F7372635F6672616D655F6572726F7270
:1036C00073000000727373695F7363616C6500005F
:1036D000727373695F6F6666736574007273736982
:1036E0005F696E7665727400727373695F7372637B
:1036F0005F6672616D655F6C70665F706572696F41
:10370000640000006D61785F6175785F6368616E69
:103710006E656C730000000073657269616C72788D
:103720005F696E7665727465640000007370656B26
:103730007472756D5F7361745F62696E640000001E
:103740007370656B7472756D5F7361745F62696EBF
:10375000645F6175746F7265736574007372786C01
:10376000325F756E69745F69640000007372786C13
:10377000325F626175645F66617374007362757352
:103780005F626175645F6661737400006372736683
:103790005F7573655F72785F736E720063727366D4
:1037A0005F666C696768745F6D6F64655F7265758D
:1037B00073650000637273665F7573655F6E65673E
:1037C0006F7469617465645F626175640000000014
:1037D00072785F6D696E5F757365630072785F6D97
:1037E00061785F757365630073657269616C727887
:1037F0005F68616C666475706C6578006D73705F8E
:103800006F766572726964655F6368616E6E656C20
:10381000735F6D61736B000072785F736D6F6F74AF
:10382000686E6573730000006164635F6465766948
:10383000636500006164635F76726566696E745FDC
:1038400063616C6962726174696F6E006164635F69
:1038500074656D7073656E736F725F63616C6962BE
:10386000726174696F6E3330000000006164635FE1
:1038700074656D7073656E736F725F63616C69629E
:10388000726174696F6E313130000000696E70755D
:10389000745F66696C746572696E675F6D6F64658D
:1038A00000000000626C61636B626F785F6D6F6433
:1038B00065000000626C61636B626F785F646576BF
:1038C00069636500626C61636B626F785F726174DB
:1038D000655F64656E6F6D00626C61636B626F78CB
:1038E0005F6C6F675F636F6D6D616E6400000000F9
:1038F000626C61636B626F785F6C6F675F73657436
:10390000706F696E74000000626C61636B626F7847
:103910005F6C6F675F6D697865720000626C6163F0
:103920006B626F785F6C6F675F61747469747564E4
:1039300065000000626C61636B626F785F6C6F673B
:103940005F70696400000000626C61636B626F7895
:103950005F6C6F675F6779726F5F726177000000FD
:10396000626C61636B626F785F6C6F675F677972BF
:103970006F000000626C61636B626F785F6C6F67F1
:103980005F61636300000000626C61636B626F786B
:103990005F6C6F675F6D616700000000626C616360
:1039A0006B626F785F6C6F675F616C740000000022
:1039B000626C61636B626F785F6C6F675F67707377
:1039C00000000000626C61636B626F785F6C6F6710
:1039D0005F6261747465727900000000626C6163FB
:1039E0006B626F785F6C6F675F7273736900000062
:1039F000626C61636B626F785F6C6F675F72706D32
:103A000000000000626C61636B626F785F6C6F67CF
:103A10005F6D6F746F727300626C61636B626F785D
:103A20005F6C6F675F736572766F73006D696E5F51
:103A30007468726F74746C65000000006D61785F6B
:103A40007468726F74746C65000000006D696E5F5D
:103A5000636F6D6D616E64006473686F745F62752F
:103A6000727374006473686F745F62697462616E0C
:103A7000670000006473686F745F62697462616EEE
:103A8000675F74696D6572006D6F746F725F636FED
:103A90006E74726F6C5F6D6F646500006D6F746F34
:103AA000725F706F6C6573006D6F746F725F7270B0
:103AB0006D5F6C70660000006D6F746F725F727086
:103AC0006D5F666163746F72000000006D61696E06
:103AD0005F726F746F725F676561725F7261746944
:103AE0006F0000007461696C5F726F746F725F6762
:103AF0006561725F726174696F0000006661696C74
:103B0000736166655F64656C617900006661696C0C
:103B1000736166655F6F66665F64656C61790000FE
:103B20006661696C736166655F7468726F74746CEA
:103B3000650000006661696C736166655F73776933
:103B40007463685F6D6F6465000000006661696C96
:103B5000736166655F7468726F74746C655F6C6FB7
:103B6000775F64656C6179006661696C7361666535
:103B70005F70726F63656475726500006661696C81
:103B8000736166655F7265636F766572795F6465A0
:103B90006C6179006661696C736166655F737469F5
:103BA000636B5F7468726573686F6C64000000001B
:103BB000616C69676E5F626F6172645F726F6C6C7B
:103BC00000000000616C69676E5F626F6172645F24
:103BD0007069746368000000616C69676E5F626F92
:103BE0006172645F796177006261745F63617061C3
:103BF0006369747900000000766261745F6D6178BA
:103C00005F63656C6C5F766F6C7461676500000064
:103C1000766261745F66756C6C5F63656C6C5F7611
:103C20006F6C746167650000766261745F6D696EC8
:103C30005F63656C6C5F766F6C7461676500000034
:103C4000766261745F7761726E696E675F63656CDF
:103C50006C5F766F6C7461676500000076626174FA
:103C60005F687973746572657369730063757272E6
:103C7000656E745F6D6574657200000062617474D6
:103C80006572795F6D6574657200000076626174BB
:103C90005F6465746563745F63656C6C5F766F6C9D
:103CA00074616765000000007573655F766261741A
:103CB0005F616C65727473007573655F63626174D4
:103CC0005F616C6572747300636261745F616C65DF
:103CD00072745F70657263656E7400007662617401
:103CE0005F6375746F66665F70657263656E74009E
:103CF000666F7263655F626174746572795F636534
:103D00006C6C5F636F756E740000000076626174A6
:103D10005F646973706C61795F6C70665F70657207
:103D2000696F6400696261745F6C70665F70657270
:103D3000696F6400766261745F6475726174696F43
:103D40006E5F666F725F7761726E696E670000000A
:103D5000766261745F6475726174696F6E5F666FBD
:103D6000725F637269746963616C0000766261748A
:103D70005F7570646174655F687A00006962617480
:103D80005F7570646174655F687A00007662617463
:103D90005F64697669646572000000007662617430
:103DA0005F6D756C7469706C6965720069626174CD
:103DB000615F7363616C650069626174615F6F6606
:103DC00066736574000000006265657065725F6906
:103DD0006E76657273696F6E0000000062656570D3
:103DE00065725F6F640000006265657065725F6692
:103DF00072657175656E63790000000062656570BB
:103E000065725F6473686F745F626561636F6E5F34
:103E1000746F6E65000000006D61696E5F726F7493
:103E20006F725F64697200007461696C5F726F74B5
:103E30006F725F6D6F6465007461696C5F6D6F7444
:103E40006F725F69646C650073776173685F747922
:103E50007065000073776173685F72696E67000058
:103E600073776173685F70686173650073776173FE
:103E7000685F7472696D0000746F74616C5F626C6E
:103E80006164655F70697463685F6C696D69740013
:103E9000636F6C6C6563746976655F72706D5F6388
:103EA0006F7272656374696F6E000000676F765F92
:103EB0006D6F646500000000676F765F73746172F8
:103EC0007475705F74696D6500000000676F765FE0
:103ED00073706F6F6C75705F74696D6500000000C2
:103EE000676F765F747261636B696E675F74696D2B
:103EF00065000000676F765F7265636F7665727943
:103F00005F74696D65000000676F765F6175746F3F
:103F1000726F746174696F6E5F74696D656F7574CB
:103F200000000000676F765F6175746F726F746177
:103F300074696F6E5F6261696C6F75745F74696DCF
:103F400065000000676F765F6175746F726F7461F2
:103F500074696F6E5F6D696E5F656E7472795F74A0
:103F6000696D6500676F765F7A65726F5F746872FE
:103F70006F74746C655F74696D656F7574000000B3
:103F8000676F765F6C6F73745F686561647370658B
:103F900065645F74696D656F75740000676F765F47
:103FA0007077725F66696C7465720000676F765F28
:103FB00072706D5F66696C7465720000676F765F22
:103FC0007474615F66696C74657200007261746517
:103FD00070726F66696C655F6E616D6500000000F0
:103FE000717569636B72617465735F72635F657825
:103FF000706F0000726F6C6C5F72635F72617465EA
:104000000000000070697463685F72635F726174BE
:10401000650000007961775F72635F7261746500AB
:10402000636F6C6C6563746976655F72635F726100
:1040300074650000726F6C6C5F6578706F000000D3
:1040400070697463685F6578706F00007961775F8D
:104050006578706F00000000636F6C6C6563746955
:1040600076655F6578706F00726F6C6C5F737261FC
:104070007465000070697463685F737261746500D1
:104080007961775F7372617465000000636F6C6CB7
:104090006563746976655F73726174650000000022
:1040A000726F6C6C5F726174655F6C696D697400CE
:1040B00070697463685F726174655F6C696D69745F
:1040C000000000007961775F726174655F6C696DF3
:1040D00069740000636F6C6C6563746976655F6C0E
:1040E000696D697400000000726F6C6C5F616363DE
:1040F000656C5F6C696D69740000000070697463C1
:10410000685F616363656C5F6C696D697400000072
:104110007961775F616363656C5F6C696D69740079
:10412000636F6C6C6563746976655F616363656C0E
:104130005F6C696D69740000726F6C6C5F6C6576A2
:10414000656C5F6578706F0070697463685F6C653B
:1041500076656C5F6578706F000000007261746551
:10416000735F736D6F6F74686E657373000000002A
:104170006379636C69635F72696E67007265626F11
:104180006F745F6368617261637465720000000040
:1041900073657269616C5F7570646174655F72618B
:1041A00074655F687A000000696D755F64636D5FB8
:1041B0006B700000696D755F64636D5F6B69000013
:1041C0006175746F5F64697361726D5F64656C6162
:1041D000790000006770735F70726F766964657252
:1041E000000000006770735F736261735F6D6F64DE
:1041F000650000006770735F736261735F696E745E
:1042000065677269747900006770735F6175746FB8
:104210005F636F6E666967006770735F6175746F67
:104220005F626175640000006770735F75626C6F38
:10423000785F7573655F67616C696C656F0000001E
:104240006770735F75626C6F785F6D6F6465000097
:104250006770735F7365745F686F6D655F706F69BA
:104260006E745F6F6E6365006770735F7573655F13
:1042700033645F7370656564000000006770735F8E
:104280007265736375655F616E676C650000000041
:104290006770735F7265736375655F616C745F628D
:1042A00075666665720000006770735F72657363A0
:1042B00075655F696E697469616C5F616C7400003B
:1042C0006770735F7265736375655F64657363655B
:1042D0006E745F64697374006770735F7265736393
:1042E00075655F6C616E64696E675F616C74000018
:1042F0006770735F7265736375655F6C616E646927
:104300006E675F64697374006770735F726573636F
:1043100075655F67726F756E645F73706565640065
:104320006770735F7265736375655F7468726F74CD
:10433000746C655F700000006770735F7265736313
:1043400075655F7468726F74746C655F69000000F6
:104350006770735F7265736375655F7468726F749D
:10436000746C655F640000006770735F72657363EF
:1043700075655F76656C6F636974795F70000000C6
:104380006770735F7265736375655F76656C6F6385
:104390006974795F690000006770735F72657363A9
:1043A00075655F76656C6F636974795F64000000A2
:1043B0006770735F7265736375655F7961775F704E
:1043C000000000006770735F7265736375655F74EA
:1043D00068726F74746C655F6D696E006770735F8F
:1043E0007265736375655F7468726F74746C655F12
:1043F0006D6178006770735F7265736375655F6187
:104400007363656E645F7261746500006770735FEB
:104410007265736375655F64657363656E645F720F
:10442000617465006770735F7265736375655F744F
:1044300068726F74746C655F686F766572000000F7
:104440006770735F7265736375655F73616E6974BE
:10445000795F636865636B73000000006770735F6A
:104460007265736375655F6D696E5F736174730008
:104470006770735F7265736375655F6D696E5F64A6
:10448000746800006770735F7265736375655F6160
:104490006C6C6F775F61726D696E675F7769746866
:1044A0006F75745F666978006770735F72657363B8
:1044B00075655F616C745F6D6F6465006770735FD5
:1044C0007265736375655F7573655F6D6167000025
:1044D000737469636B5F6D6F76656D656E745F7421
:1044E00068726573686F6C64000000007069645FD7
:1044F0006D6F6465000000007069645F64746572CC
:104500006D5F6D6F646500007069645F64746572EF
:104510006D5F6D6F64655F79617700007069645FDE
:104520006779726F5F66696C7465725F74797065C4
:104530000000000070697463685F705F6761696E96
:104540000000000070697463685F695F6761696E8D
:104550000000000070697463685F645F6761696E82
:104560000000000070697463685F665F6761696E70
:1045700000000000726F6C6C5F705F6761696E00B5
:10458000726F6C6C5F695F6761696E00726F6C6CF3
:104590005F645F6761696E00726F6C6C5F665F6716
:1045A00061696E007961775F705F6761696E0000B5
:1045B0007961775F695F6761696E00007961775F34
:1045C000645F6761696E00007961775F665F67614C
:1045D000696E00007761795F705F6761696E0000E6
:1045E0007761795F695F6761696E00007761795F04
:1045F000645F6761696E00007761795F665F67611C
:10460000696E000070697463685F645F6375746FDE
:104610006666000070697463685F6779726F5F63D4
:1046200075746F666600000070697463685F657218
:10463000726F725F6375746F66660000726F6C6C88
:104640005F645F6375746F6666000000726F6C6C08
:104650005F6779726F5F6375746F66660000000054
:10466000726F6C6C5F6572726F725F6375746F6688
:10467000660000007961775F645F73656C656374E1
:10468000000000007961775F645F6375746F666630
:10469000000000007961775F6779726F5F637574FE
:1046A0006F6666007961775F6572726F725F6375BE
:1046B000746F6666000000007961775F63775F73EF
:1046C000746F705F6761696E000000007961775FE9
:1046D0006363775F73746F705F6761696E0000007A
:1046E0007961775F6379636C69635F66665F676151
:1046F000696E00007961775F636F6C6C65637469E4
:1047000076655F66665F6761696E00007961775FF5
:10471000636F6C6C6563746976655F68665F67611B
:10472000696E00007961775F636F6C6C65637469B3
:1047300076655F66665F6375746F6666000000008D
:1047400070697463685F636F6C6C656374697665C8
:104750005F66665F6761696E000000006572726F78
:10476000725F726F746174696F6E00006572726F50
:10477000725F6465636179006572726F725F6C6904
:104780006D697400697465726D5F72656C61785FE4
:104790007479706500000000697465726D5F726500
:1047A0006C61785F6C6576656C0000006974657299
:1047B0006D5F72656C61785F6375746F666600002B
:1047C000616E676C655F6C6576656C5F737472654E
:1047D0006E67746800000000616E676C655F6C65F1
:1047E00076656C5F6C696D6974000000686F726952
:1047F0007A6F6E5F6C6576656C5F737472656E67F9
:1048000074680000686F72697A6F6E5F7472616EAF
:10481000736974696F6E0000686F72697A6F6E5F9A
:1048200074696C745F65666665637400686F72694D
:104830007A6F6E5F74696C745F6578706572745FAF
:104840006D6F6465000000006163726F5F74726178
:10485000696E65725F616E676C655F6C696D6974C6
:10486000000000006163726F5F747261696E65724F
:104870005F6C6F6F6B61686561645F6D73000000F2
:104880006163726F5F747261696E65725F6761699F
:104890006E0000007265736375655F6D6F6465001F
:1048A0007265736375655F666C69700072657363CA
:1048B00075655F666C69705F6761696E0000000016
:1048C0007265736375655F6C6576656C5F6761695A
:1048D0006E0000007265736375655F70756C6C5F68
:1048E00075705F74696D65007265736375655F638C
:1048F0006C696D625F74696D650000007265736359
:1049000075655F666C69705F74696D6500000000B5
:104910007265736375655F657869745F74696D65E9
:10492000000000007265736375655F70756C6C5F85
:1049300075705F636F6C6C65637469766500000009
:104940007265736375655F636C696D625F636F6CDD
:104950006C656374697665007265736375655F681D
:104960006F7665725F636F6C6C6563746976650002
:104970007265736375655F686F7665725F616C748D
:1049800069747564650000007265736375655F61C5
:104990006C745F705F6761696E00000072657363BD
:1049A00075655F616C745F695F6761696E000000C7
:1049B0007265736375655F616C745F645F6761697D
:1049C0006E0000007265736375655F6D61785F737B
:1049D000705F7261746500007265736375655F6D09
:1049E00061785F73705F616363656C0072657363A8
:1049F00075655F6D61785F636F6C6C656374697614
:104A000065000000676F765F686561647370656557
:104A100064000000676F765F6761696E00000000E8
:104A2000676F765F705F6761696E0000676F765FC2
:104A3000695F6761696E0000676F765F645F6761D9
:104A4000696E0000676F765F665F6761696E000080
:104A5000676F765F7474615F6761696E0000000064
:104A6000676F765F7474615F6C696D6974000000D4
:104A7000676F765F7961775F66665F77656967689C
:104A800074000000676F765F6379636C69635F66CB
:104A9000665F77656967687400000000676F765F1E
:104AA000636F6C6C6563746976655F66665F776576
:104AB0006967687400000000746C6D5F696E7665EC
:104AC0007274656400000000746C6D5F68616C66F0
:104AD0006475706C657800006672736B795F6465ED
:104AE0006661756C745F6C61740000006672736B54
:104AF000795F64656661756C745F6C6F6E670000EA
:104B00006672736B795F6770735F666F726D6174E5
:104B1000000000006672736B795F756E6974000047
:104B20006672736B795F766661735F7072656369D5
:104B300073696F6E00000000686F74745F616C6170
:104B4000726D5F696E7400007069645F696E5F7496
:104B50006C6D00007265706F72745F63656C6C5F82
:104B6000766F6C7461676500696275735F73656EFB
:104B7000736F72006D61766C696E6B5F6D61685FFB
:104B800061735F68656164696E675F6469766973A4
:104B90006F72000074656C656D657472795F656E27
:104BA00061626C655F766F6C746167650000000020
:104BB00074656C656D657472795F656E61626C6554
:104BC0005F63757272656E740000000074656C65D9
:104BD0006D657472795F656E61626C655F6675653F
:104BE0006C00000074656C656D657472795F656E4C
:104BF00061626C655F6D6F646500000074656C6573
:104C00006D657472795F656E61626C655F61636327
:104C10005F78000074656C656D657472795F656EB0
:104C200061626C655F6163635F79000074656C65E8
:104C30006D657472795F656E61626C655F616363F7
:104C40005F7A000074656C656D657472795F656E7E
:104C500061626C655F7069746368000074656C659F
:104C60006D657472795F656E61626C655F726F6CA1
:104C70006C00000074656C656D657472795F656EBB
:104C800061626C655F68656164696E670000000061
:104C900074656C656D657472795F656E61626C6573
:104CA0005F616C74697475646500000074656C659F
:104CB0006D657472795F656E61626C655F76617255
:104CC000696F000074656C656D657472795F656EFF
:104CD00061626C655F6C61745F6C6F6E6700000091
:104CE00074656C656D657472795F656E61626C6523
:104CF0005F67726F756E645F737065656400000056
:104D000074656C656D657472795F656E61626C6502
:104D10005F64697374616E636500000074656C653F
:104D20006D657472795F656E61626C655F657363F2
:104D30005F63757272656E740000000074656C6567
:104D40006D657472795F656E61626C655F657363D2
:104D50005F766F6C746167650000000074656C6558
:104D60006D657472795F656E61626C655F657363B2
:104D70005F72706D0000000074656C656D65747223
:104D8000795F656E61626C655F6573635F74656DA5
:104D900070657261747572650000000074656C6501
:104DA0006D657472795F656E61626C655F74656D67
:104DB00070657261747572650000000074656C65E1
:104DC0006D657472795F656E61626C655F63617059
:104DD0005F7573656400000074656C656D65747261
:104DE000795F656E61626C655F61646A7573746D2D
:104DF000656E74006C656473747269705F76697354
:104E000075616C5F62656570657200006C656473E6
:104E1000747269705F76697375616C5F62656570E5
:104E200065725F636F6C6F72000000006C65647385
:104E3000747269705F6772625F726762000000007F
:104E40006C656473747269705F70726F66696C65AB
:104E5000000000006C656473747269705F72616356
:104E6000655F636F6C6F72006C65647374726970F8
:104E70005F626561636F6E5F636F6C6F72000000ED
:104E80006C656473747269705F626561636F6E5F95
:104E9000706572696F645F6D730000006C656473A8
:104EA000747269705F626561636F6E5F7065726373
:104EB000656E74006C656473747269705F626561BD
:104EC000636F6E5F61726D65645F6F6E6C79000019
:104ED0006C656473747269705F6272696768746E1E
:104EE000657373006C656473747269705F626C697A
:104EF0006E6B5F706572696F645F6D7300000000B8
:104F00006C656473747269705F666C69636B6572FB
:104F10005F726174650000006C656473747269701F
:104F20005F64696D6D65725F726174650000000099
:104F30006C656473747269705F696E7665727465AE
:104F4000645F666F726D617400000000736463617A
:104F500072645F6465746563745F696E76657274AC
:104F6000656400007364636172645F6D6F64650003
:104F70007364636172645F7370695F62757300006C
:104F80007364696F5F636C6B5F62797061737300E8
:104F90007364696F5F7573655F6361636865000063
:104FA0007364696F5F7573655F346269745F776995
:104FB000647468007461736B5F7374617469737493
:104FC000696373006370755F6F766572636C6F639E
:104FD0006B0000007077725F6F6E5F61726D5F676C
:104FE0007261636500000000656E61626C655F73ED
:104FF0007469636B5F61726D696E6700656E616293
:105000006C655F737469636B5F636F6D6D616E6414
:10501000730000007663645F766964656F5F73791F
:105020007374656D00000000646973706C61797061
:105030006F72745F6D73705F636F6C5F61646A75CC
:1050400073740000646973706C6179706F72745F5F
:105050006D73705F726F775F61646A75737400005F
:10506000646973706C6179706F72745F6D73705F77
:1050700073657269616C0000646973706C6179704A
:105080006F72745F6D73705F61747472730000008F
:10509000646973706C6179706F72745F6D73705F47
:1050A0007573655F6465766963655F626C696E6B75
:1050B000000000006573635F73656E736F725F70ED
:1050C000726F746F636F6C006573635F73656E738B
:1050D0006F725F68616C666475706C657800000063
:1050E0006573635F73656E736F725F75706461740F
:1050F000655F687A000000006573635F73656E73B7
:105100006F725F63757272656E745F6F66667365EA
:10511000740000006573635F73656E736F725F6820
:1051200077345F63757272656E745F6F6666736500
:10513000740000006573635F73656E736F725F6800
:1051400077345F63757272656E745F6761696E0054
:105150006573635F73656E736F725F6877345F76D4
:105160006F6C746167655F6761696E006C65645F31
:10517000696E76657273696F6E00000070696E69A2
:105180006F5F636F6E6669670000000070696E692B
:105190006F5F626F780000007573625F6869645FBB
:1051A000636463007573625F6D73635F70696E5FE4
:1051B00070756C6C75700000666C6173685F7370FD
:1051C000695F6275730000006779726F5F315F62BB
:1051D00075737479706500006779726F5F315F7302
:1051E00070696275730000006779726F5F315F6983
:1051F00032634275730000006779726F5F315F69D7
:1052000032635F6164647265737300006779726F03
:105210005F315F73656E736F725F616C69676E009B
:105220006779726F5F315F616C69676E5F726F6C17
:105230006C0000006779726F5F315F616C69676E47
:105240005F706974636800006779726F5F315F61D6
:105250006C69676E5F796177000000006779726F33
:105260005F325F6275737479706500006779726F81
:105270005F325F7370696275730000006779726FE7
:105280005F325F6932634275730000006779726F45
:105290005F325F6932635F616464726573730000DB
:1052A0006779726F5F325F73656E736F725F616C87
:1052B00069676E006779726F5F325F616C69676EF4
:1052C0005F726F6C6C0000006779726F5F325F61B4
:1052D0006C69676E5F706974636800006779726FEC
:1052E0005F325F616C69676E5F7961770000000013
:1052F000693263315F70756C6C757000693263314F
:105300005F636C6F636B73706565645F6B687A0075
:10531000693263325F70756C6C757000693263322C
:105320005F636C6F636B73706565645F6B687A0055
:10533000693263335F70756C6C757000693263330A
:105340005F636C6F636B73706565645F6B687A0035
:105350006D636F325F6F6E5F706339007363686592
:1053600064756C65725F72656C61785F727800005D
:105370007363686564756C65725F72656C61785F94
:105380006F73640074696D657A6F6E655F6F6666D2
:105390007365745F6D696E757465730073746174A1
:1053A000735F6D696E5F61726D65645F74696D6571
:1053B0005F73000073746174735F746F74616C5F0A
:1053C000666C69676874730073746174735F746F7B
:1053D00074616C5F74696D655F73000073746174F0
:1053E000735F746F74616C5F646973745F6D0000E8
:1053F000706F736974696F6E5F616C745F736F75E2
:1054000072636500706F736974696F6E5F62617259
:105410006F5F616C745F6C7066000000706F736921
:1054200074696F6E5F6261726F5F6F6666736574D9
:105430005F6C706600000000706F736974696F6E56
:105440005F6770735F616C745F6C70660000000072
:10545000706F736974696F6E5F6770735F6F666694
:105460007365745F6C706600706F736974696F6EDA
:105470005F6770735F6D696E5F73617473000000C6
:10548000706F736974696F6E5F766172696F5F6C5C
:1054900070660000626F785F757365725F315F6E72
:1054A000616D6500626F785F757365725F325F6E04
:1054B000616D6500626F785F757365725F335F6EF3
:1054C000616D6500626F785F757365725F345F6EE2
:1054D000616D65004F4B00005741524E494E4700E9
:1054E000435249544943414C000000004E4F542060
:1054F00050524553454E5400494E49540000000057
:105500004E4F4759524F000052584C4F53530000D2
:105510004241445258000000424F584641494C53C2
:105520004146450052554E4157415900435241535F
:10553000480000005448524F54544C4500000000AD
:10554000424F4F5447524143450000004E4F505286
:105550004541524D00000000434C4900434D53006B
:10556000425354005245534355455F535700000082
:1055700052504D46494C5445520000005245424F4E
:105580004F545F52455144004453484F545F424288
:10559000414E47004E4F5F4143435F43414C000043
:1055A0004D4F544F525F50524F544F0041524D5344
:1055B00057495443480000004750532B4D41470082
:1055C000554E434F4E464947555245440000000052
:1055D000435553544F4D2044454641554C54530078
:1055E000434F4E4649475552454400005350495F8A
:1055F0004D4F5349000000005350495F4D49534FF0
:10560000000000005350495F545800005350495F58
:1056100052580000554152545F545800554152545D
:105620005F5258000102030405060708090A0B0C23
:105630000D0E0000465245450000000050504D0040
:105640004D4F544F52000000534552564F0000003A
:105650004144435F42415454000000004144435FD1
:1056600043555252000000004144435F45585400E6
:105670004144435F5253534900000000534552498F
:10568000414C5F545800000053455249414C5F5211
:1056900058000000444542554700000054494D451C
:1056A00052000000534F4E41525F54524947474504
:1056B00052000000534F4E41525F4543484F000097
:1056C0005350495F53434B004932435F53434C00AF
:1056D0004932435F534441005344494F5F434B00B9
:1056E0005344494F5F434D44000000005344494F29
:1056F0005F4430005344494F5F4431005344494FA5
:105700005F4432005344494F5F44330053444341A4
:1057100052445F43530000005344434152445F44AA
:105720004554454354000000464C4153485F4353A1
:10573000000000004241524F5F4353004759524F0F
:105740005F4353004F53445F4353000052585F532D
:1057500050495F43530000005350495F43530000DA
:105760004759524F5F455854490000004241524F3B
:105770005F454F4300000000434F4D504153535F7E
:1057800045585449000000005553425F4445544574
:10579000435400004F53440052585F42494E440066
:1057A000494E564552544552000000004C45445F56
:1057B00053545249500000005654585F504F5745BB
:1057C000520000005654585F435300005654585F2F
:1057D00044415441000000005654585F434C4B0074
:1057E000434F4D504153535F4353000052585F4263
:1057F000494E445F504C5547000000004553435309
:10580000455249414C00000043414D4552415F43E0
:105810004F4E54524F4C000054494D55500000001B
:1058200052585F535049000050494E494F00000004
:105830005553425F4D53435F50494E004D434F0017
:1058400052585F5350495F42494E440052585F538B
:1058500050495F4C45440000505245494E49540060
:1058600052585F5350495F455854490052585F534E
:1058700050495F4343323530305F54585F454E00E6
:1058800052585F5350495F4343323530305F4C4E7E
:10589000415F454E0000000052585F5350495F433E
:1058A00043323530305F414E545F53454C00000069
:1058B000515350495F434C4B000000005153504935
:1058C0005F424B31494F3000515350495F424B3199
:1058D000494F3100515350495F424B31494F3200DB
:1058E000515350495F424B31494F33005153504956
:1058F0005F424B3143530000515350495F424B329A
:10590000494F3000515350495F424B32494F3100AB
:10591000515350495F424B32494F32005153504925
:105920005F424B32494F3300515350495F424B3233
:10593000435300004241524F5F58434C5200000015
:1059400050554C4C5550000050554C4C444F574E00
:10595000000000004453484F545F42495442414EB6
:10596000470000005357440052585F5350495F4569
:105970005850524553534C52535F5245534554006F
:1059800052585F5350495F455850524553534C52FB
:10599000535F42555359000052585F50504D00001C
:1059A00052585F53455249414C000000534F4654F2
:1059B00053455249414C000052585F504152414CAE
:1059C0004C454C5F50574D0052585F4D53500000AE
:1059D000525353495F41444300000000444153483F
:1059E000424F41524400000061687300010101010F
:1059F000010101010101010102040608080808086B
:105A00000808080808080808080808080000000036
:105A10000101010101010101020202020204060862
:105A200008080808080808080808080808080808F6
:105A300000000000636F6E666967757265206164BF
:105A40006A7573746D656E742066756E6374696FC4
:105A50006E7300003C696E6465783E203C66756E2E
:105A6000633E203C656E61626C65206368616E6EAA
:105A7000656C3E203C73746172743E203C656E64BC
:105A80003E203C76616C7565206368616E6E656C66
:105A90003E203C6465632073746172743E203C64F4
:105AA000656320656E643E203C696E63207374619B
:105AB00072743E203C696E6320656E643E203C73C8
:105AC0007465702073697A653E203C76616C7565FB
:105AD000206D696E3E203C76616C7565206D617845
:105AE0003E000000636F6E666967757265206D6FBA
:105AF000646573003C696E6465783E203C6D6F643C
:105B0000653E203C6175783E203C73746172743E42
:105B1000203C656E643E203C6C6F6769633E00000C
:105B200062617463680000007374617274206F7244
:105B300020656E642061206261746368206F662056
:105B4000636F6D6D616E6473000000007374617249
:105B500074207C20656E6400656E61626C652F64E4
:105B6000697361626C65204473686F74206265615B
:105B7000636F6E20666F72206120636F6E6469745C
:105B8000696F6E006C6973740D0A093C2D3E5B6E83
:105B9000616D655D00000000656E61626C652F647B
:105BA000697361626C652062656570657220666FFD
:105BB00072206120636F6E646974696F6E0000000B
:105BC00062696E645F727800696E69746961746598
:105BD0002062696E64696E6720666F722052582079
:105BE000535049206F72205352584C32000000002D
:105BF000626C00007265626F6F7420696E746F2052
:105C0000626F6F746C6F6164657200005B726F6DC0
:105C10005D000000626F6172645F6E616D6500001F
:105C2000676574202F2073657420746865206E6129
:105C30006D65206F662074686520626F61726420F4
:105C40006D6F64656C0000005B626F617264206E52
:105C5000616D655D00000000626F6172645F646584
:105C60007369676E00000000676574202F207365FC
:105C70007420746865206E616D65206F662074689D
:105C80006520626F6172642064657369676E0000ED
:105C90005B626F6172642064657369676E5D0000AA
:105CA000636F6E66696775726520636F6C6F727380
:105CB00000000000726573657420746F206465666F
:105CC00061756C747320616E64207265626F6F74AD
:105CD000000000007B73686F777D207B6E6F7361BF
:105CE00076657D207B626172657D207B67726F7552
:105CF000705F6964203C69643E7D000064667500E5
:105D00007265626F6F7420696E746F20444655200F
:105D1000626F6F746C6F61646572000064696666BF
:105D2000000000006C69737420636F6E66696775AC
:105D3000726174696F6E206368616E676573206657
:105D4000726F6D2064656661756C74005B6D617364
:105D50007465727C70726F66696C657C7261746563
:105D6000737C68617264776172657C616C6C5D20C4
:105D70007B64656661756C74737C626172657D00BD
:105D800073686F772F73657420444D41206173737E
:105D900069676E6D656E7473000000003C3E207C88
:105DA000203C6465766963653E203C696E64657875
:105DB0003E206C697374207C203C64657669636561
:105DC0003E203C696E6465783E205B3C6F70746970
:105DD0006F6E3E7C6E6F6E655D207C206C697374A7
:105DE000207C2073686F77006473686F745F7465DC
:105DF0006C656D657472795F696E666F0000000096
:105E0000646973706C6179206473686F7420746561
:105E10006C656D6574727920696E666F20616E6461
:105E200020737461747300006473686F7470726FB0
:105E30006700000070726F6772616D204453686F75
:105E40007420455343287329000000003C696E64A8
:105E500065783E203C636F6D6D616E643E2B000083
:105E600064756D700000000064756D7020636F6E66
:105E700066696775726174696F6E00006578697430
:105E800000000000636F6E66696775726520666565
:105E90006174757265730000666C6173685F65722A
:105EA00061736500657261736520666C617368205B
:105EB0006368697000000000666C6173685F696EFA
:105EC000666F000073686F7720666C61736820638B
:105ED00068697020696E666F00000000666C61730F
:105EE000685F7265616400003C6C656E6774683E53
:105EF000203C616464726573733E0000666C61737C
:105F0000685F7363616E00007363616E20666C612D
:105F100073682064657669636520666F72206572B8
:105F2000726F727300000000666C6173685F777255
:105F3000697465003C616464726573733E203C6DF6
:105F40006573736167653E006765740067657420FB
:105F50007661726961626C652076616C75650000BE
:105F60005B6E616D655D0000677073706173737463
:105F700068726F7567680000706173737468726F20
:105F80007567682067707320746F2073657269612C
:105F90006C0000006779726F72656769737465726F
:105FA0007300000064756D70206779726F20636FF5
:105FB0006E666967207265676973746572732063C2
:105FC0006F6E74656E747300646973706C617920B0
:105FD000636F6D6D616E642068656C700000000019
:105FE0005B73656172636820737472696E675D00CC
:105FF000636F6E666967757265206C656473000017
:106000006D616E7566616374757265725F69640057
:10601000676574202F207365742074686520696437
:10602000206F662074686520626F617264206D6104
:106030006E75666163747572657200005B6D616E8A
:106040007566616374757265722069645D00000035
:10605000636F6E666967757265207263206368613D
:106060006E6E656C206F7264657200005B3C6D61E2
:10607000703E5D006D63755F696400006964206F48
:106080006620746865206D6963726F636F6E7472E9
:106090006F6C6C6572000000636F6E666967757285
:1060A00065206D69786572007374617475730D0A8B
:1060B00009696E7075740D0A09696E7075742072C5
:1060C000657365740D0A09696E707574203C696E9C
:1060D0007075743E203C6D696E3E203C6D61783E6B
:1060E000203C726174653E0D0A096C696D69740D1E
:1060F0000A096C696D6974203C696E7075743E2084
:106100003C6D696E3E203C6D61783E0D0A097261FE
:1061100074650D0A0972617465203C696E7075744E
:106120003E203C726174653E0D0A0972756C650D06
:106130000A0972756C652072657365740D0A0972BF
:10614000756C65203C696E6465783E205B73657490
:106150007C6164647C6D756C5D203C696E707574E7
:106160003E203C6F75747075743E203C776569679E
:1061700068743E203C6F66667365743E205B3C6DC0
:106180006F6465733E5D0D0A0972756C65203C692C
:106190006E6465783E205B64656C5D0D0A096F7600
:1061A0006572726964650D0A096F76657272696459
:1061B00065206F66660D0A096F766572726964659F
:1061C000203C76616C75653E0D0A096F76657272CA
:1061D000696465203C696E7075743E203C76616C24
:1061E00075653E7C6F666600636F6E666967757283
:1061F00065206D6F646520616E64207370656369EE
:10620000616C20636F6C6F7273000000636F6E6669
:106210006967757265206D6F746F7273000000009E
:106220007374617475730D0A096F766572726964AF
:10623000650D0A096F76657272696465206F66661E
:106240000D0A096F76657272696465203C696E6437
:1062500065783E203C76616C75653E7C6F666600B5
:106260006D73630073776974636820696E746F205F
:106270006D7363206D6F6465000000005B3C7469A2
:106280006D657A6F6E65206F6666736574206D69E3
:106290006E757465733E5D00706C61795F736F75C8
:1062A0006E6400005B3C696E6465783E5D000000D2
:1062B0006368616E67652070726F66696C65000067
:1062C0007261746570726F66696C65006368616E97
:1062D000676520726174652070726F66696C650015
:1062E000736574706F696E745F696E666F0000002D
:1062F00073686F7720736574706F696E7420736D47
:106300006F6F7468696E67206F7065726174696F12
:106310006E616C2073657474696E677300000000B1
:106320007265736F757263650000000073686F7744
:106330002F736574207265736F75726365730000E7
:106340003C3E207C203C7265736F75726365206EE5
:10635000616D653E203C696E6465783E205B3C70F3
:10636000696E3E7C6E6F6E655D207C2073686F7712
:10637000205B616C6C5D000073686F772F736574D0
:10638000207278206661696C73616665207365743C
:1063900074696E6773000000636F6E66696775727B
:1063A00065207278206368616E6E656C2072616E24
:1063B000676573007361766520616E642072656243
:1063C0006F6F740073645F696E666F0073646361FE
:1063D000726420696E666F00636F6E6669677572BE
:1063E000652073657269616C20706F727473000050
:1063F00073657269616C706173737468726F7567CD
:1064000068000000706173737468726F756768204C
:1064100073657269616C2064617461206461746188
:106420002066726F6D20706F7274203120746F203F
:10643000564350202F20706F7274203200000000ED
:106440003C6964313E205B3C62617564313E5D2095
:106450005B3C6D6F6465313E5D205B6E6F6E657C8D
:106460003C6474722070696E696F3E7C72657365FE
:10647000745D205B3C6964323E5D205B3C6261750B
:1064800064323E5D205B3C6D6F6465323E5D0000B2
:10649000636F6E66696775726520736572766F7378
:1064A000000000003C736572766F3E203C63656EB1
:1064B0007465723E203C6D696E3E203C6D61783E95
:1064C000203C2D7363616C653E203C2B7363616CD3
:1064D000653E203C7570646174655F726174653EF1
:1064E000203C73706565643E203C666C6167733E5A
:1064F0000D0A097374617475730D0A09666C61671E
:10650000730D0A09666C616773203C736572766F60
:106510003E203C5B2B7C2D5D464C41473E202E2E81
:106520002E0D0A096F766572726964650D0A096F2E
:1065300076657272696465203C76616C75653E7C37
:106540006F66660D0A096F76657272696465203C34
:10655000736572766F3E203C76616C75653E7C6F2C
:10656000666600006368616E6765207365747469B0
:106570006E6700005B3C6E616D653E3D3C76616C14
:1065800075653E5D000000007369676E6174757229
:1065900065000000676574202F207365742074689F
:1065A0006520626F61726420747970652073696719
:1065B0006E617475726500005B7369676E617475F6
:1065C00072655D00737461747573000073686F7732
:1065D00020737461747573007461736B73000000D1
:1065E00073686F77207461736B20737461747300C8
:1065F00073686F772F7365742074696D65727300AB
:106600003C3E207C203C70696E3E206C6973742097
:106610007C203C70696E3E205B61663C616C7465F9
:10662000726E6174652066756E6374696F6E3E7C10
:106630006E6F6E657C3C6F7074696F6E28646570F8
:1066400072656361746564293E5D207C206C6973AA
:1066500074207C2073686F770000000073686F7788
:106660002076657273696F6E0074696D657220259E
:106670006325303264204146256400232070696E12
:10668000202563253032643A2054494D2564204347
:106690004825642573202841462564290074696DC6
:1066A000657220256325303264204E4F4E450053DD
:1066B000544D33324637583200526F746F72666CE5
:1066C000696768740023202573202F2025732028F4
:1066D000257329202573202573202F20257320283A
:1066E000257329204D5350204150493A20257300ED
:1066F00031312E3200393034646636610031303A3F
:1067000033313A3533004A756E202033203230322F
:106710003300342E332E302D323032333036303297
:1067200000554E4B4E4F574E20434F4D4D414E441A
:106730002C20545259202748454C502700202D200A
:106740002573000D0A092573004E4F204D41544317
:1067500048455320464F52202725732700232053B6
:106760006574706F696E7420536D6F6F7468696EB5
:10677000673A200023204465746563746564205281
:1067800058206672616D6520726174653A2000253B
:10679000642E253033646D73004E4F205349474EAD
:1067A000414C0023204163746976652066696C74EE
:1067B0006572206375746F66663A202564487A2096
:1067C000004473686F742072656164733A202575A4
:1067D000004473686F7420696E76616C6964207020
:1067E0006B74733A202575004473686F7420646974
:1067F00072656374696F6E4368616E676520637963
:10680000636C65733A2025752C206D6963726F7314
:106810003A202575004D6F746F72202020202020B3
:106820006552504D20202020202052504D20202005
:10683000202020487A202020496E76616C6964000F
:106840003D3D3D3D3D2020203D3D3D3D3D3D3D20EC
:1068500020203D3D3D3D3D3D2020203D3D3D3D3DF9
:106860002020203D3D3D3D3D3D3D0025356420201F
:1068700020253764202020253664202020253564FB
:10688000202020002533642E253032642525004E3B
:106890004F204441544100257520004473686F74B3
:1068A0002074656C656D65747279206E6F742065F7
:1068B0006E61626C6564007265736F7572636520EA
:1068C00025732025642025632530326400726573AA
:1068D0006F75726365202573202564204E4F4E45E9
:1068E000005461736B206C69737420202020202079
:1068F00020202020202020726174652F687A2020BB
:106900006D61782F757320206176672F7573206D08
:1069100061786C6F6164206176676C6F61642020C0
:10692000746F74616C2F6D732020206C617465200E
:1069300020202072756E20726571642F757300546B
:1069400061736B206C6973740025303264202D20D4
:106950002825313573292000253664202537642009
:10696000253764202534642E2531642525202534DF
:10697000642E2531642525202539642025366420A0
:10698000253664202537640025366400525820439C
:106990006865636B2046756E6374696F6E20253180
:1069A000396420253764202532356400546F7461C2
:1069B0006C20286578636C7564696E672053455256
:1069C00049414C2920253333642E25316425250087
:1069D0005363686564756C657220737461727420AA
:1069E0006379636C65732025642067756172642028
:1069F0006379636C65732025640046373232004D3D
:106A0000435520257320436C6F636B3D25644D48CF
:106A10007A002C20567265663D25642E2532645618
:106A20002C20436F72652074656D703D256464652C
:106A3000674300537461636B2073697A653A20255C
:106A4000642C20537461636B20616464726573739A
:106A50003A203078257800436F6E666967757261F9
:106A600074696F6E3A2025732C2073697A653A2019
:106A700025642C206D617820617661696C61626C9F
:106A8000653A202564004465766963657320646512
:106A90007465637465643A00205350493A25640074
:106AA0002C00204932433A2564004779726F7320E5
:106AB00064657465637465643A00206779726F2059
:106AC000256400206C6F636B65640020646D610059
:106AD00020736861726564002C200025733D257366
:106AE000002E25630053797374656D2055707469A9
:106AF0006D653A202564207365636F6E6473002CA6
:106B00002043757272656E742054696D653A202554
:106B100073004350553A256425252C206379636C16
:106B2000652074696D653A2025642C204759524FC1
:106B300020726174653A2025642C205258207261BD
:106B400074653A2025642C2053797374656D207226
:106B50006174653A20256400566F6C746167653A0C
:106B6000202564202A20302E3031562028256453D9
:106B70002062617474657279202D20257329004983
:106B80003243204572726F72733A2025640041725D
:106B90006D696E672064697361626C6520666C6103
:106BA00067733A00494E56414C49442054494D457B
:106BB0005A4F4E45204F4646534554005265737414
:106BC000617274696E6720696E206D6173732073E2
:106BD000746F72616765206D6F6465000D0A5265A0
:106BE000626F6F74696E670053746F7261676520BE
:106BF0006E6F742070726573656E74206F7220669C
:106C000061696C656420746F20696E697469616C78
:106C1000697A652100646D612070696E20256325A5
:106C200030326420256400232070696E202563259E
:106C30003032643A20444D412564205374726561BA
:106C40006D202564204368616E6E656C20256400AC
:106C5000646D612070696E20256325303264204E9A
:106C60004F4E4500646D6120257320256420256406
:106C700000232025732025643A20444D41256420BB
:106C800053747265616D202564204368616E6E6582
:106C90006C20256400646D61202573202564204EDE
:106CA0004F4E45002323235741524E494E473A2029
:106CB0004E4F20435553544F4D2044454641554C6B
:106CC000545320464F554E44232323002D00666520
:106CD0006174757265006D61700072786661696CCF
:106CE000006D61737465720070726F66696C650027
:106CF00072617465730068617264776172650061C6
:106D00006C6C00626172650076657273696F6E000B
:106D100073746172742074686520636F6D6D616E49
:106D200064206261746368006261746368207374D4
:106D300061727400726573657420636F6E66696753
:106D400075726174696F6E20746F20646566617519
:106D50006C742073657474696E6773006465666132
:106D6000756C7473206E6F7361766500626F61720B
:106D7000645F6E616D6520257300626F6172645F90
:106D800064657369676E202573006D616E75666159
:106D90006374757265725F6964202573000D0A2340
:106DA000206E616D653A202573007265736F757290
:106DB0006365730074696D657200666561747572F0
:106DC00065202D25730066656174757265202573D5
:106DD0000073657269616C00736572766F006D692E
:106DE00078657220696E707574006D6978657220BF
:106DF00072756C65006265657065720062656163DD
:106E00006F6E006D6170202573006D6F64655F6348
:106E10006F6C6F72006175780061646A66756E638D
:106E200000727872616E67650072786661696C20C5
:106E300025752025632025640072786661696C20C1
:106E4000257520256300726573746F7265206F72FB
:106E50006967696E616C2070726F66696C6520731A
:106E6000656C656374696F6E00726573746F7265CB
:106E7000206F726967696E616C20726174657072EF
:106E80006F66696C652073656C656374696F6E000D
:106E90007361766520636F6E666967757261746988
:106EA0006F6E00656E642074686520636F6D6D6140
:106EB0006E64206261746368006261746368206557
:106EC0006E64004E4F5420494D504C454D454E5434
:106ED0004544205945540073686F770043757272BA
:106EE000656E746C79206163746976652054696D90
:106EF0006572733A0054494D25643A0020202020E1
:106F00004348256425733A202573202564002020FA
:106F100020204348256425733A20257300204652DB
:106F200045450050494E204E4F542055534544206E
:106F30004F4E20424F4152442E0050494E2054495A
:106F40004D4552204D41502046554C4C2E0023209B
:106F5000414625643A2054494D2564204348256420
:106F6000257300616600494E56414C4944205449FE
:106F70004D4552204F5054494F4E20464F522025E8
:106F800063253032643A2027257327002320746953
:106F90006D6572202563253032643A206E6F206360
:106FA00068616E67653A20257300232074696D65FA
:106FB00072202563253032643A206368616E67650C
:106FC000642066726F6D20257320746F2025730016
:106FD000494E56414C494420414C5445524E41542F
:106FE000452046554E4354494F4E20464F5220258A
:106FF00063253032643A2027257327004375727267
:10700000656E746C792061637469766520444D41C6
:107010003A00444D4125642053747265616D20250A
:10702000643A0070696E0042414420444556494329
:10703000453A2025730042414420494E4445583A80
:10704000202725732700494E56414C49442050497A
:107050004E3A202725732700232025643A20444DEB
:107060004125642053747265616D20256420436856
:10707000616E6E656C20256400494E56414C494452
:1070800020444D41204F5054494F4E20464F5220EE
:1070900025732025643A202725732700494E564141
:1070A0004C494420444D41204F5054494F4E2046B6
:1070B0004F522050494E202563253032643A202714
:1070C000257327002320646D612025732025643AF1
:1070D000206368616E6765642066726F6D2025733A
:1070E00020746F202573002320646D612070696E09
:1070F000202563253032643A206368616E676564D9
:107100002066726F6D20257320746F202573002315
:1071100020646D612025732025643A206E6F206302
:1071200068616E67653A202573002320646D6120D5
:107130002563253032643A206E6F206368616E6784
:10714000653A2025730043757272656E746C792000
:1071500061637469766520494F207265736F75723B
:1071600063652061737369676E6D656E74733A0D44
:107170000A287265626F6F7420746F207570646185
:10718000746529002563253032643A20257300494F
:107190004E56414C4944205245534F555243452089
:1071A0004E414D453A202725732700494E44455806
:1071B000002573204E4F54204245545745454E20DC
:1071C000256420414E44202564005265736F75721A
:1071D0006365206973206672656564000D0A4E4F11
:1071E00054453A2025632530326420616C72656114
:1071F00064792061737369676E656420746F200021
:107200002064697361626C6564000D0A5265736F76
:10721000757263652069732073657420746F20250F
:1072200063253032640043757272656E7420736535
:107230007474696E67733A2000535452494E472064
:107240004D55535420424520312D2564204348415B
:1072500052414354455253204F5220272D27204658
:107260004F5220454D5054590025732073657420AA
:10727000746F2000494E56414C49442056414C55AC
:107280004500494E56414C4944204E414D45000071
:10729000303132333435363738394142434445464C
:1072A0004748494A4B4C4D4E4F50515253545556F6
:1072B0005758595A00000000414554524331323367
:1072C00000000000253034752D253032752D253015
:1072D000327554253032753A253032753A253032C0
:1072E000752E253033752563253032643A253032CA
:1072F00064000000616464006D756C00535200000E
:107300005343000053540000435200004350000018
:1073100043590000434300005252000052590000FC
:107320005243000052540000415558310000000003
:10733000415558320000000041555833000000000C
:1073400043483900434831300000000043483131A0
:107350000000000043483132000000004348313350
:10736000000000004348313400000000434831353C
:107370000000000043483136000000004348313728
:107380000000000043483138000000005331000085
:1073900053320000533300005334000053350000D3
:1073A0005336000053370000533800004D310000C1
:1073B0004D3200004D3300004D340000554E4B4E11
:1073C0004F574E2020000000504152544954494F1D
:1073D0004E000000464C4153484653202000000018
:1073E00042424D474D542020200000004649524D56
:1073F0005741524520000000434F4E464947202048
:107400002000232320526F746F72666C6967687462
:1074100020437573746F6D2044656661756C747379
:10742000007278007478002323234552524F522073
:10743000494E2000436F6D6D616E6420626174631C
:10744000682073746172746564004552524F5253E0
:107450002057455245204445544543544544202D2A
:1074600020504C45415345205245564945572042EE
:1074700045464F524520434F4E54494E55494E477D
:1074800000436F6D6D616E64206261746368206596
:107490006E64656400496E76616C6964206F707417
:1074A000696F6E00566572696679696E670053751B
:1074B0006363657373004661696C656400494E5689
:1074C000414C494420415247554D454E5420434F6D
:1074D000554E540050415253494E47204641494C65
:1074E0004544007261746570726F66696C65202531
:1074F0006400524154452050524F46494C45204F5C
:10750000555453494445204F46205B302E2E256468
:107510005D004552524F5220504C4159494E472030
:10752000534F554E44004E6F20736F756E64206646
:107530006F7220696E64657820256400506C6179F3
:10754000696E6720736F756E642025643A20257319
:10755000006D6F746F72206F76657272696465205A
:107560002564202564006D6F746F72206F766572DC
:1075700072696465202564206F6666006D6F746FA4
:10758000722025643A202564205B25645D006D6FC0
:10759000746F722025643A202564007374617475D9
:1075A00073006F76657272696465007265736574E5
:1075B00000415247554D454E54204F5554204F469B
:1075C0002052414E474500232057484F5F414D5FB1
:1075D000492020202030782558002320434F4E4654
:1075E000494720202020202030782558002320479C
:1075F00059524F5F434F4E46494720307825580037
:107600000D0A23204779726F2031000D0A2320478D
:1076100079726F20320042696E64696E672E2E2E79
:10762000004E6F7420737570706F727465642E00F5
:107630006D63755F6964202530387825303878258A
:10764000303878004D414E554641435455524552CD
:107650005F49440025732043414E4E4F542042451C
:10766000204348414E4745442E2043555252454EF3
:10767000542056414C55453A202725732700536521
:1076800074206D616E7566616374757265725F6991
:10769000642E00424F4152445F44455349474E00D7
:1076A00053657420626F6172645F64657369676EAD
:1076B0002E00424F4152445F4E414D450053657488
:1076C00020626F6172645F6E616D652E005265614C
:1076D00064696E6720257520627974657320617412
:1076E0002025753A0057726F7465202575206279E0
:1076F0007465732061742025752E00466C61736873
:1077000020736563746F72733D25752C20736563F8
:10771000746F7253697A653D25752C2070616765B9
:1077200073506572536563746F723D25752C2070BC
:1077300061676553697A653D25752C20746F7461A6
:107740006C53697A653D2575005061726974696F83
:107750006E733A00202025643A2025732025752079
:10776000257500466C61736846532073697A653DE0
:1077700025752C207573656453697A653D25750000
:10778000736572766F206F76657272696465202505
:107790006420256400736572766F206F766572725F
:1077A000696465202564206F6666004348414E4E3B
:1077B000454C007265766572736564006E6F726D1C
:1077C000616C00756E737570706F727465640049DA
:1077D0006E666F20666F72204553432025643A0021
:1077E00045534320547970653A20004B4953533830
:1077F00041004B495353313641004B4953533234C6
:1078000041004B49535320556C7472616C69746527
:1078100000756E6B6E6F776E004D43552053657229
:1078200069616C204E6F3A20307800253032780044
:107830004669726D776172652056657273696F6E05
:107840003A2025642E253032642563004669726D26
:10785000776172652056657273696F6E3A20256490
:107860002E253032642500526F746174696F6E206A
:10787000446972656374696F6E3A202573003344FE
:107880003A202573004C6F7720766F6C74616765C2
:10789000204C696D69743A200025642E25303164CE
:1078A0000043757272656E74204C696D69743A207C
:1078B000004C45442025643A202573004348454345
:1078C0004B53554D204552524F522E004E6F20497A
:1078D0006E666F2E005573696E67206F75747075D4
:1078E000742025642E005573696E6720616C6C20CE
:1078F0006F7574707574732E00494E56414C49442F
:10790000204F5554505554204E554D4245522E202F
:1079100052414E47453A2031202D2025642E004308
:107920006F6D6D616E642053656E743A202564003E
:10793000494E56414C494420434F4D4D414E442EF3
:107940002052414E47453A2031202D2025642E00FB
:1079500044697361626C65643A0020206E6F6E65E5
:10796000002020257300417661696C61626C653A84
:107970000044697361626C656400456E61626C65A8
:107980006400456E61626C65643A200025732000D6
:10799000756E617661696C61626C650045726173D8
:1079A000696E672C20706C656173652077616974FE
:1079B000202E2E2E2000446F6E652E00534420632F
:1079C0006172643A20004E6F7420636F6E6669675F
:1079D00075726564004E6F6E6520696E73657274B2
:1079E00065640053746172747570206661696C65BA
:1079F00064004D616E7566616374757265722030E6
:107A00007825782C2025756B422C20253032642F68
:107A1000253034642C207625642E25642C20270004
:107A2000270D0A46696C6573797374656D3A200099
:107A3000526561647900496E697469616C697A693B
:107A40006E6700466174616C00202D206E6F2046C9
:107A50004154204D425220706172746974696F6E96
:107A60007300202D206261642046415420686561C6
:107A7000646572006F722064726F702044545220EB
:107A8000006573635F73656E736F7200496E766134
:107A90006C69642050696E494F206E756D62657225
:107AA00020256400506F72743120616E6420706F05
:107AB000727432206172652073616D6500506F725F
:107AC0007425643A2025642000506F727425642068
:107AD000636F756C64206E6F74206265206F7065D3
:107AE0006E65642E00506F72742564206F70656E31
:107AF00065642C2064656661756C742062617564D0
:107B0000203D2025642E0D0A00506F7274256420DC
:107B10006F70656E65642C2062617564203D202560
:107B2000642E0D0A00506F72742564206973206101
:107B30006C7265616479206F70656E2C207365745A
:107B400074696E672062617564203D2025642E0D86
:107B50000A00506F7274256420697320616C72652D
:107B6000616479206F70656E2C2062617564203DC0
:107B70002025642E0D0A00506F72742564206D6FED
:107B80006465206368616E6765642066726F6D204E
:107B9000256420746F2025642E0D0A00506F7274C6
:107BA0003120626175642072617465206368616E62
:107BB0006765206F7665722055534220656E61625D
:107BC0006C65642E00466F7277617264696E672C13
:107BD00020706F776572206379636C6520257374FC
:107BE0006F20657869742E00496E76616C69642037
:107BF000706F7274256420256400416C6C6F77652A
:107C0000642072616E67653A2030202D2025750052
:107C1000416C6C6F7765642072616E67653A2025F0
:107C200064202D20256400416C6C6F77656420769C
:107C3000616C7565733A20004172726179206C65E0
:107C40006E6774683A20256400537472696E672009
:107C50006C656E6774683A202564202D20256400C9
:107C6000416C6C6F7765642076616C7565733A2042
:107C70004F46462C204F4E002030202575004F46A1
:107C80004600434F5252555054454420434F4E46B0
:107C900049473A202573203D20256400257320257F
:107CA00073002573202D2573006D6978657220722D
:107CB000756C65202575202573202573202573207C
:107CC0002564202564006D6978657220696E707581
:107CD00074202573202564202564202564006D69A7
:107CE000786572206F75747075742025733A20253D
:107CF00064006C696D6974006D69786572206C69E7
:107D00006D697420257320256420256400726174D8
:107D100065006D6978657220726174652025732035
:107D200025640064656C006D69786572206F766506
:107D30007272696465202573206F6666006D6978CC
:107D40006572206F766572726964652025732025DF
:107D50006400736572766F20257520257520256473
:107D60002025642025752025752025752025752062
:107D7000257500736572766F2025643A202534647A
:107D8000757320253364204F5645525249444500AF
:107D9000736572766F2025643A20253464757320EC
:107DA00025336400666C61677300736572766F20BB
:107DB000666C616773202564202563524556202533
:107DC0006347454F00524556006D6F64655F636FB2
:107DD0006C6F7220257520257520257500636F6CEA
:107DE0006F722025752025642C25752C2575006C57
:107DF000656420257520257300727872616E676551
:107E00002025752025752025750072616E67652017
:107E10006D696E2F6D61780061646A66756E6320AE
:107E2000257520257520257520257520257520258B
:107E3000752025752025752025752025752025752B
:107E40002025642025640073657269616C202564B7
:107E500020256420256C6420256C6420256C64201A
:107E6000256C6400617578202575202575202575A1
:107E700020257520257520257520257500494E562D
:107E8000414C4944204C454E4754483A20256420F3
:107E90002845585045435445443A20256429004913
:107EA0004E56414C49442043484152414354455267
:107EB00020464F554E443A202563005349474E41D2
:107EC0005455524500536574207369676E6174752B
:107ED00072652E007369676E617475726520257313
:107EE0000056414C5545202573204552524F5200B3
:107EF00023736574202573203D20004465666175F9
:107F00006C742076616C75653A200067726F7570CD
:107F10005F6964004E4F20435553544F4D204445F4
:107F20004641554C545320464F554E44000D0A23AC
:107F300020726573657474696E672067726F7570FF
:107F400020256420746F2064656661756C7473000D
:107F5000726573657474696E6720746F20646566FA
:107F600061756C747300504C454153452046495827
:107F7000204552524F5253205448454E20275341DA
:107F800056452700736176696E67006C6561766996
:107F90006E6720434C49206D6F64652C20756E73AD
:107FA00061766564206368616E676573206C6F73CA
:107FB0007400726F6D0072657374617274696E67BC
:107FC00020696E20524F4D20626F6F746C6F616438
:107FD0006572206D6F6465002E0000002E2E00007B
:107FE0004D53444F53352E30000000004E4F204E6D
:107FF000414D45202020200046415433322020208E
:108000000000000025303878203E3E202A2A3031FA
:1080100032333435363738394142434445462A2ACB
:1080200000000000482050726F647563743A426C1F
:1080300061636B626F7800005254464C5F253033A9
:10804000642E42424C00000048204C6F672073743D
:10805000617274206461746574696D653A00000032
:108060005254464C5F414C4C2E42424C00000000A2
:1080700050414444494E472E545854000000004B90
:10808000000000CB000FC93F000F494000CB9640D5
:10809000000FC9400053FB4000CB164100ED2F41BB
:1080A000000F49410031624100537B41003A8A414F
:1080B00000CB9641005CA34100EDAF41007EBC4186
:1080C000000FC94100A0D5410031E24100C2EE419C
:1080D0000053FB4100F20342003A0A42008310427F
:1080E00000CB164200141D42005C234200A5294229
:1080F00000ED2F4200363642007E3C4200C742422D
:10810000000F4942A2000000F900000083000000B7
:108110006E0000004E00000044000000150000004A
:1081200029000000FC0000002700000057000000AC
:10813000D1000000F500000034000000DD00000068
:10814000C0000000DB00000062000000950000009D
:10815000990000003C000000430000009000000077
:1081600041000000FE00000051000000630000001C
:10817000AB000000DE000000BB000000C5000000F6
:1081800061000000B7000000240000006E00000045
:108190003A000000420000004D000000D200000044
:1081A000E000000006000000490000002E00000072
:1081B000EA00000009000000D10000009200000069
:1081C0001C000000FE0000001D000000EB0000008D
:1081D0001C000000B100000029000000A700000002
:1081E0003E000000E80000008200000035000000B2
:1081F000F50000002E000000BB000000440000005D
:1082000084000000E90000009C00000070000000F5
:1082100026000000B40000005F0000007E000000A7
:10822000410000003900000091000000D60000006D
:1082300039000000830000005300000039000000F6
:10824000F40000009C000000840000005F000000BB
:108250008B000000BD000000F900000028000000B5
:108260003B0000001F000000F80000009700000025
:10827000FF000000DE000000050000009800000084
:108280000F000000EF0000002F00000011000000B0
:108290008B0000005A0000000A0000006D00000082
:1082A0001F0000006D000000360000007E0000008E
:1082B000CF00000027000000CB00000009000000F4
:1082C000B70000004F000000460000003F00000023
:1082D000660000009E0000005F000000EA00000051
:1082E0002D0000007500000027000000BA0000000B
:1082F000C7000000EB000000E5000000F1000000F6
:108300007B0000003D000000070000003900000075
:10831000F70000008A0000005200000092000000F8
:10832000EA0000006B000000FB0000005F0000009E
:10833000B10000001F0000008D0000005D00000083
:10834000080000005600000003000000300000009C
:1083500046000000FC0000007B0000006B000000F5
:10836000AB000000F0000000CF000000BC000000E7
:10837000200000009A000000F40000003600000019
:108380001D000000A9000000E300000091000000B3
:10839000610000005E000000E60000001B0000001D
:1083A0000800000065000000990000008500000042
:1083B0005F00000014000000A00000006800000042
:1083C000400000008D000000FF000000D800000009
:1083D000800000004D000000730000002700000036
:1083E000310000000600000006000000150000003B
:1083F00056000000CA00000073000000A800000042
:10840000C900000060000000E20000007B000000E6
:10841000C00000008C0000006B0000000000C93F9D
:108420000000F0390000DA370000A2330000842E8B
:108430000000502B0000C2270000D0220000C41F03
:108440000000C61B000044170400000007000000E5
:10845000090000000000004B000000CBB00B012021
:108460005245454E54206D616C6C6F63207375638B
:10847000636565646564002F6D6E742F776F726B32
:1084800073706163652F776F726B73706163652FB3
:108490004743432D392D706970656C696E652F6A8D
:1084A000656E6B696E732D4743432D392D7069706E
:1084B000656C696E652D3230305F32303230303568
:1084C00032315F313539303035333337342F7372D1
:1084D000632F6E65776C69622F6E65776C69622FAA
:1084E0006C6962632F7374646C69622F72616E646D
:1084F0002E63002C2066756E6374696F6E3A2000DF
:10850000617373657274696F6E2022257322206611
:1085100061696C65643A2066696C65202225732266
:108520002C206C696E65202564257325730A002351
:108530002D302B2000686C4C00656667454647006F
:108540003031323334353637383941424344454689
:10855000003031323334353637383961626364651F
:1085600066000000000000000000000000000000A5
:1085700000000000000000000000000000000000FB
:1085800000000000000000000000000000000000EB
:1085900000000000000000000000000000000000DB
:1085A00000000000000000000000000000000000CB
:1085B00000000000000000000000000000000000BB
:0485C00000000000B7
:1085C40000F14803D0ED046AB0EE406AD0ED027ABF
:1085D400243010ED027AE6EE807A10ED045A50ED64
:1085E400035A50ED066AB0EE670A50ED017A27EEA1
:1085F400407A67EEC07AA5EE067AE5EE867A36EE24
:10860400877A40ED067A00ED077A9842DAD170470E
:10861400084B197993F83420914209D210B419798E
:108624009C684A1CD2B21A7160545DF8044B7047BE
:10863400704700BF807701202DE9F04FB24F2DED38
:10864400028B97F8936683B00190002E6AD1AF4DE8
:1086540007F1240907F25C4405F1380A95F8203043
:10866400B9EC010A73B10AEB060B4FF00008584647
:1086740008F1010801F060F895F820300BF1800B47
:108684009845F4DBD4F8883013B104F1900098478E
:1086940054F8083C0BB120469847D4F8A83113B1DC
:1086A40004F5D8709847D4F8183113B104F59070D4
:1086B40098472436303489ED020A6C2ECED197F8CF
:1086C4009536002B40F0D480914B93F8603323B15E
:1086D40097F89436002B00F07D812B79002B40F025
:1086E400B581D7ED0C6A8B4BF6EE005A97ED036A11
:1086F40003F10C028849B8EE466A1046D2ED007ABE
:1087040093ED007A77EEA67AE2EC016A67EEA57A39
:10871400A7EE867AA3EC017A984200F09281F1ECFC
:10872400016AEBE77D4BB846DFF8FC9107F25C4445
:108734001B780026DFF8ECA1A9F138059B4652E02E
:10874400D7F8742306F1680132F91120CAF8002021
:10875400B34500F0808198ED090A95F8203093B173
:108764004FF0000B00945C46CB465846013400F0B1
:10877400E3FF95F820300BF1800B9C42F5DB674B4F
:10878400009C93F800B0B34551D0D4F8883013B1AD
:1087940004F19000984754F8083C0BB120469847E0
:1087A400D4F8A83113B104F5D8709847D4F8183127
:1087B40013B104F590709847584B93F800B0584B98
:1087C400B3451B7840D0032B49D0013688ED0C0A01
:1087D4000AF1040A08F10408032E04F1300409F133
:1087E40024093FF46CAF4E4B1B78142BA8D0062BF6
:1087F40008D198ED060A009302F03AFD009BCAF8EE
:108804000000A5E7B345A6D13D2BA4D198ED060AF7
:1088140002F02EFD434B98ED090A18608DED000A15
:1088240002F026FD3F4B9DED000A586095E73C4B56
:108834001B783D2BA9D18DED000A02F019FD394BAF
:108844009DED000A9860A0E73D2BBCD18DED000A98
:1088540002F00EFD334B9DED000AD860B5E78DEDB7
:10886400000A02F005FD9DED000ACAF80000ACE71D
:1088740097F89236012B25D0022B57D0002B7FF48A
:1088840023AF274B1B78152B14D0322B7FF41CAF4E
:1088940097ED398A97ED3D0A224C28EE000A02F042
:1088A400E7FC97ED3E0A206028EE000A02F0E0FCA7
:1088B400606009E71B4BB7F90C11B7F90E21C3E946
:1088C400001201E7164B1B78152B14D0322B7FF4C2
:1088D400FBAE97EDA08A97EDA40A124C28EE000A8D
:1088E40002F0C6FC97EDA50AA06028EE000A02F08B
:1088F400BFFCE060E8E60B4BB7F9A812B7F9AA226F
:10890400C3E90212E0E600BF8C020020D43B002041
:10891400B08A0120F8430020C00200208802002011
:108924009C200020A02000200C3C00204D4B1B78F4
:10893400152B17D0322B23D197ED398A97ED3D0AA9
:10894400494C28EE000A02F093FC97ED3E0A2060A1
:1089540028EE000A02F08CFC97EDA08A97EDA40A99
:108964006060BBE7404BB7F90C11B7F90E211960F1
:108974005A60B7F9A812B7F9AA22C3E90212A3E60A
:10898400162B7FF4A1AED7EDA08A97EDA40A97ED3C
:10899400398A20EE680AD7ED3D7A334CA7EE880A6F
:1089A40002F066FC97EDA50AD7ED3E7A20EE680A40
:1089B4002060A8EE270A02F05BFC97EDA60AD7ED2B
:1089C4003F7A20EE680A6060A8EE270A02F050FCA5
:1089D400A06079E62B7983BB9FED247AD7ED057AE5
:1089E400D7ED0C6A67EE877A97ED0D7AB0EEE66AFA
:1089F40097F89E26B0EEC77AF4EEC67AF1EE10FA36
:108A0400F4EEC77A97ED0E7AB0EEC77A4CBF012325
:108A14000023F1EE10FAF4EEC77A48BF43F00203E4
:108A2400F1EE10FA48BF43F0040313423FF45BAE87
:108A34000123019A2B712A6008E0019802F048FC96
:108A44004BE6D5F83C380133C5F83C3803B0BDECEF
:108A5400028BBDE8F08F3D2B98ED090A7FF47DAEC3
:108A6400DCE600BF9C200020A020002000D8F946AE
:108A74000239D0ED007A90ED017AD0ED026A062930
:108A84003AD8DFE801F0040B141B31242D00F1EE79
:108A9400677A80ED007AC0ED017A2DE0F1EE677A15
:108AA400B1EE477AC0ED007A80ED017A24E0B1EEB0
:108AB400477AC0ED017A80ED007A1DE0F1EE677A25
:108AC400F1EE666AC0ED007AC0ED026A14E0B1EE20
:108AD400477AF1EE666A80ED017AC0ED026A0BE036
:108AE400B1EE477AF1EE677AF1EE666A80ED007ACC
:108AF400C0ED017AC0ED026A034B1B7C03B17047E1
:108B0400024902F0A1BB00BF180601209091012088
:108B140010B5044602F098FB044B1B7C03B110BD56
:108B240020460349BDE8104002F08EBB1806012020
:108B3400909101202DE9F04F436804462DED048BFC
:108B440085B09847002800F01B810026D4F898715E
:108B540084F81C61002F55D1AE4AB4F9D03092F894
:108B64006023002A40F02681AB4A92F89426002A1A
:108B740040F02081D4F8C420991A0029B8BF494292
:108B8400B1F5804F02DC1A46C4F8C430B4F9D210EF
:108B940007EE902AD4F8C830F8EEE77A94ED2B7AF1
:108BA400CA1A002A77EEC77AB8BF5242C4ED2E7AA9
:108BB400B2F5804F02DC0B46C4F8C81007EE903AB9
:108BC400B4F9D410D4F8CC30F8EEE77A94ED2C7ADA
:108BD400CA1A002A77EEC77AB8BF5242C4ED2F7A78
:108BE400B2F5804F00F3FE800B46C4F8CC10F9E0D8
:108BF40004F5927104F1B80005B0BDEC048BBDE836
:108C0400F04F85E7834B42F21079834904F1AC08B5
:108C1400B3F86423B646D1F808C0254693F84C133C
:108C240009FB02F97D4804F1D00A7D4A4FF0010B9B
:108C34000191B3F95E13DFED7B8A03910178D0686B
:108C44000291B9FBFCF984461DE0F8EEE77AC8ED21
:108C5400298AC5F86CE198ED298AC8ED008A37EEB7
:108C6400888A88ED298AC5F86CB1C5ED587AC5EDB6
:108C7400577AC5ED598A012F35D0013608F1040819
:108C84001435032E75D03AF9021B4F4507EE901A9E
:108C9400DBD0D5F86C01F8EEE77A98ED298A01303B
:108CA40037EE888A012888ED298AC5F86C01DCD062
:108CB40095ED575A07EE100A95ED596A77EEC55AA5
:108CC400B8EEC77AC5EE876A36EE857A77EEC77A4C
:108CD40085ED587A85ED577AA5EEA76A85ED5A6A2F
:108CE40085ED596AC7E7D5F86C0101282CDD0138F8
:108CF400D5ED5A6A07EE900AF8EEE77A86EEA77A7F
:108D0400B1EEC79A1EB3019941B107EE901AF8EE7D
:108D1400E77AF4EEC97AF1EE10FA25D407EE909AC8
:108D2400022EB8EEE77AC8EE077AC8ED007AA4D12D
:108D34009DED037A6046DFED3C6AB8EEC77AE7EE54
:108D4400667AC4ED2D7A15E0B0EE689ADAE70299F6
:108D54001429D8D1B0EE490A02F08AFA4FF0000E75
:108D640084462F4A2B4BCEE7C2F80CC0C4F8989126
:108D740006E06046012FD06007D0013FC4F8987127
:108D840005B0BDEC048BBDE8F08F2848002293F8B1
:108D940004170368C3E90722C3E90A2221B1244B5B
:108DA4001B6833F48053E8D1012002F08DFAD4F823
:108DB4009871E2E7B4F9D22007EE903AD4ED2C6A28
:108DC40007EE102AF8EEE77A94ED2B6AB8EEC77A2C
:108DD400B4F9D43077EEC67A37EE667AC4ED2E7ADB
:108DE40084ED2F7A07EE903A94ED2D7A94F8DA1008
:108DF400F8EEE77A092977EEC77AC4ED307A3FF4C2
:108E0400F7AE04F1B80005B0BDEC048BBDE8F04F3B
:108E14002EE600BFB08A01208C0200209C20002096
:108E2400A0200020000000000AD7233C702200206C
:108E3400007B012010B53E4C94F89236012B39D0BA
:108E4400022B48D0CBB194ED060A3A48FFF7B8FBA1
:108E5400F0EE407A384894ED070AC4ED097AFFF73A
:108E6400AFFBF0EE407A354894ED080AC4ED0A7A77
:108E7400FFF7A6FB84ED0B0A10BD04F13C00FFF7DD
:108E840059FED4F8D431002BDDD1D4ED396A94EDF8
:108E94003D0A94ED3E7AD4ED3F7A20EE260A27EE81
:108EA400267A67EEA67A84ED060A84ED077AC4ED85
:108EB400087ACAE704F5EC70FFF73CFED4F8703387
:108EC400002BC0D1D4EDA06A94EDA40A94EDA57A48
:108ED400D4EDA67AE1E704F13C00FFF72BFE04F59C
:108EE400EC70FFF727FED4F8D421D4F87033134381
:108EF400A9D1D4EDA07AF6EE006AD4EDA65A94ED89
:108F0400A40A94EDA57A27EE800A94ED396A27EE37
:108F1400877AD4ED3D4A67EEA57A94ED3E5AD4EDB6
:108F24003F5AA4EE860AA6EE057AE6EE257AB4E761
:108F34008C020020040600204C0600209406002029
:108F44002DE9F84304462DED028B002860D0036818
:108F54000D46416900221E694FF0FF30E368314439
:108F6400DFF8E0C0EB1A344EDFF8DC8007EE903A0D
:108F7400324F6161A280B8EE678AE56088F800200C
:108F84003A70CCF80040C6F8E00A02F079F9236898
:108F94008146DB68984702F073F9636AA0EB090025
:108FA400D6F8AC22A3EBD30398F8001000EB800CA6
:108FB400024403EB4C03C6F8AC22636259B9226B3A
:108FC400236AAA1A2563A3EBD30302EB8201A260EE
:108FD40003EB41032362D6F8E03A5A1C1CD0DB01B0
:108FE4003A78E36122B9A36A834238BF0346A36295
:108FF400D4ED067A9FED127A38EE678AE26A636BE3
:109004000244E8EE077A0133E2626363C4ED067A50
:10901400BDEC028BBDE8F8833B78002BE8D1E36913
:10902400B0EBD31F02D9C301E361DCE7012BDAD92A
:10903400013BE361D7E700BF14A2012070250020A3
:10904400CDCC4C3D702200206C250020024B1B68C7
:10905400D869C009704700BF70220020014BC3F8D3
:10906400E00A704714A20120064B074A93F84330E4
:109074001078013303F00303181AB0FA80F04009A2
:10908400704700BFE4BB01208828012010F8243C6D
:1090940003B97047C16850F8102C0B684979343310
:1090A4005B58002A74D09A1A72D03B4907EE902A72
:1090B40050ED076AF8EE677AF0B550F8145C86EE66
:1090C400A77A6C00A1FB0461B2EB510F24D92C44A4
:1090D400B2EB540F20D2F3EE097AB4EEE77AF1EE54
:1090E40010FA07D4DFED2D7AB4EEE77AF1EE10FA38
:1090F40012D501E09FED2A7A30F8161C10ED086AAB
:1091040006EE901A77EE465AF8EEE66AC5EEA67AAF
:1091140077EE867A40ED087A30F8186C511B214CB2
:10912400214F041BDFF898C091FBF6F12944E510A8
:109134001E4CB1FA81F640F8141C04FB05F41C4DD6
:1091440017F806E01CF80670E4B220F818EC20F8D2
:10915400167C2D78A54202D040F8103CF0BD154C89
:109164002478392CF8D150ED087ADFED136A134CCA
:1091740067EEA67A27EE267A2661FDEEE77ABDEE43
:10918400C77AC4E90212C4ED007A84ED017AE3E7F8
:1091940040F8103C704700BFABAAAAAA00401C4686
:1091A40000000000CC010020105A0508B76DDBB6A2
:1091B400880200209C20002000007A44A020002087
:1091C400EC59050810F8243C002B00F0B38050F84B
:1091D400103C002B00F0A880CB1A9BB2002B00F0AF
:1091E400A38050ED076A2DE9F04150F80C6C50F85B
:1091F400145C03FB06F26C0007EE902A4E4AA2FBB5
:109204000472F8EE677AB3EB520F86EEA77A11D99F
:109214002C44B3EB540F0DD2F3EE097AB4EEE77A93
:10922400F1EE10FA46D4DFED457AB4EEE77AF1EECA
:1092340010FA41D430F818EC5A1B414C414F041B2E
:10924400DFF818C192FBFEF22A44E5103E4C02FB03
:1092540006F8DFF80CE104FB05F4B8FA88F540F8E9
:10926400142CE4B217F805801CF8057020F8188C4B
:1092740020F8167C9EF80070A7422ED0B2F5805FCD
:1092840049D2012E0FD97608C16852004FF0FF353C
:109294000C68012340F80C6C7119A1620021E5628D
:1092A400636140F8142C002340F8101C40F8043C7F
:1092B400BDE8F0819FED257A30F8162C10ED086A90
:1092C40006EE902A77EE465AF8EEE66AC5EEA67ADE
:1092D40077EE867A40ED087AACE71D4C2478392C79
:1092E400CCD150ED087AB6FA86F7DFED1A6A1A4C3B
:1092F400C7F1200767EEA67A27EE267A2561676113
:10930400FDEEE77ABDEEC77AC4E90223C4ED007A24
:1093140084ED017AB2E7FF2EC5D8B2F5804FC2D9E9
:109324007600C1685208B1E7002340F8101C40F8E9
:10933400043C7047704700BFABAAAAAA00401C4671
:10934400CC010020105A0508B76DDBB60000000000
:109354009C20002000007A44A0200020EC5905083D
:109364008802002001F01CBE10B50446084601F036
:109374009BFF01462046BDE8104001F011BE00BF2E
:1093840050F8083C0133012B40F8083C39D91D4BF7
:109394001D49C31A50F8102CDB10FF2A01FB03F3FC
:1093A40070B4DBB21DD8816852004FF0FF35012440
:1093B4000968561940F8102C8E62CD624C61012266
:1093C40000214FF40055114C40F8081C20F81C2CC7
:1093D40020F81A2C40E9065122789A420ED070BC2B
:1093E40070478168013A4FF0FF360125096800246F
:1093F4008A62CE624D6140F8244CE0E770BC01F013
:109404002BBF7047D0010020B76DDBB68802002067
:10941400014B586901F0ACBCDC510020014B1869C8
:1094240001F0A6BCDC510020014BD86801F0A0BCBF
:10943400DC510020014B986801F09ABCDC510020FB
:10944400014B586801F094BCDC510020014B1868B2
:1094540001F08EBCDC510020034B1A68531E1844E3
:10946400B0FBF2F0704700BF340601200D4B0E49EB
:1094740093F843200B78934212D0013303F0030096
:10948400904208700CD000EB8003084A012030B4ED
:1094940002250024AB40D118D5544C6030BC704731
:1094A40000207047E4BB0120882801208C2801207B
:1094B4000D4A0E4B92F843201B78934209D003EBDC
:1094C40083000B4911F82010481E01280AD90329EA
:1094D40001D000207047581C00F00300801A18BF08
:1094E4000120704701207047E4BB01208828012037
:1094F4008C280120064B074A1B7892F8430001335D
:1095040003F00303181AB0FA80F04009704700BF53
:1095140088280120E4BB0120044A054B92F843004B
:109524001B78C01AB0FA80F040097047E4BB0120F0
:109534008828012010B4EFF31182902383F312885A
:10954400837800240188D2B2847043EA41039BB239
:1095540082F31188074A180A127880EA13105840D7
:1095640002B1C0431B0100F00F005DF8044B9BB235
:1095740018437047200A0020836890ED017A013374
:1095840007EE903AF8EE677AF4EEC77AF1EE10FA45
:1095940002D5B0EE677A8360D0ED006A30EE660AD9
:1095A400C0EE077A37EEA60A80ED000A704700BFC6
:1095B400D0ED007A90ED017A30EE670AE0EE077A9A
:1095C400B0EE670AC0ED007A704700BFC36890ED43
:1095D400027A013307EE903AF8EE677AF4EEC77A2E
:1095E400F1EE10FA02D5B0EE677AC36090ED016A2D
:1095F400D0ED006A30EE460AC0EE077A77EE867A3E
:1096040037EEE66AC0ED017A86EE070A30EE260AE6
:1096140080ED000A704700BFD0ED017AD0ED026AF8
:1096240030EE677A90ED000AE7EE267A37EEC07ADC
:10963400C0ED017AA6EE870A80ED000A704700BFEC
:109644000369D0ED037A013307EE103AB8EE477A96
:10965400B4EEE77AF1EE10FA02D5F0EE477A036140
:1096640090ED027AD0ED015A30EE470A90ED006A8F
:10967400C0EE276A76EE876A36EEE55AC0ED026AD6
:1096840085EE277A37EE257A77EE466A80ED017A01
:1096940086EEA70A30EE060A80ED000A704700BF86
:1096A40090ED027AD0ED036A30EE476AD0ED017A8C
:1096B40090ED000AA6EE267A37EE676A80ED027A0C
:1096C400E6EE867A37EEC07AC0ED017AA6EE870A16
:1096D40080ED000A704700BFB0EE407AD0ED037A07
:1096E40090ED010A90ED026A27EE800AD0ED046A3B
:1096F400D0ED007A80ED017AA6EE070AA6EEE70A1D
:1097040080ED000A704700BF90ED017AF0EE406AE8
:1097140090ED026AD0ED047AA6EE007AB0EE470A24
:1097240090ED037A67EEC07A80ED000AE7EE267AC0
:10973400C0ED017A704700BFD0ED026AB0EE407A06
:10974400D0ED057A90ED046A26EEA70AD0ED034A1F
:1097540090ED064AD0ED007AA6EE070A90ED075A7E
:1097640090ED016AD0ED085A80ED027AC0ED036AEB
:10977400C0ED017AA4EE240AA5EE670AA5EEC60A96
:1097840080ED000A704700BF90ED046AF0EE406A75
:10979400D0ED027A90ED077AE6EE007A90ED055A64
:1097A400D0ED065A90ED036AB0EE670AD0ED087A60
:1097B40027EE407A80ED000A67EEC07AA5EE267A9D
:1097C400E5EEA67A36EE077AC0ED037A80ED027AEA
:1097D400704700BF80ED000A704700BFF0EEC07A0A
:1097E400B0EEE07AB4EEE77AF1EE10FA77FE275A9B
:1097F400F5EE405AF1EE10FA48D0B4EEE77ADFED18
:10980400273ADFED272AB7EE005A9FED262AF1EE1C
:1098140010FA9FED253A9FED254ADFED254A54BF06
:10982400F0EE671AF0EE471A9FED226AC1EEA56AC0
:10983400F0EE635AE6EEA25AA6EE823AA6EEA55AD6
:10984400A6EE834AF0EE455AB0EE645AA6EE845A68
:10985400A6EE856AB1EE466AC6EE256AB4EEE77AEC
:10986400F1EE10FA03D5DFED147A77EEE66AF5EE41
:10987400C00AF1EE10FA0CD4B5EEC00AF1EE10FAFB
:1098840048BFF1EE666AB0EE660A7047DFED0B6A18
:10989400E4E7DFED0B7A77EEE66AEDE769A2163EC0
:1098A40099FB243F39094E3DE3B59EBE88FA16BEA6
:1098B40045FE7FBFA7DFA8B4DB0FC93FA7DFA834ED
:1098C400DB0F4940F0EEC07ADFED114AB7EE007AC3
:1098D400DFED105A9FED106AB5EEC00AE7EEA45A08
:1098E400DFED0E6A37EE675AF1EE10FAB1EEC57A83
:1098F400A5EEA76AE6EE276A67EE267A02D4B0EEF2
:10990400670A70479FED067A77EE677AF7E700BF3C
:10991400306E99BC2716983D843459BEA40DC93FB6
:10992400DB0F494008B5FFF7CDFFDFED027A37EED4
:10993400C00A08BDDB0FC93FFDEEC07A17EE903AAE
:109944002033402B47D8DFED257AB4EEE70AF1EE59
:1099540010FA08DD9FED227A30EE470AB4EEE70AEA
:10996400F1EE10FAF8DCDFED1F7AB4EEE70AF1EE5F
:1099740010FA08D59FED1A7A30EE070AB4EEE70A1A
:10998400F1EE10FAF8D4DFED187AB4EEE70AF1EE4E
:1099940010FA14DDDFED117A37EEC00A20EE007AFA
:1099A4009FED126ADFED126ADFED127AE7EE066AC6
:1099B40020EE076AE6EE877AA6EE270A7047DFED07
:1099C4000E7AB4EEE70AF1EE10FAE7D5DFED057A88
:1099D40037EEC00AE2E79FED090A7047DB0F494002
:1099E400DB0FC940DB0F49C0DB0FC93F92E741B928
:1099F4009730083C15A82ABEDB0FC9BF0000000041
:109A0400DFED027A30EE270A96E700BFDB0FC93F8D
:109A1400DFED147A9FED147A60EEA77A08B5C7FEDD
:109A2400C07A67EE877A87EEA05AB0EE450AFFF750
:109A340083FFF0EE405AB0EE450AFFF7E1FFF7EE80
:109A4400007A85EE807A37EE276A77EE677AC7EE7A
:109A5400066A87EE867AC0ED026AC0ED036A80ED7D
:109A6400047A08BD3333F33EDB0F4940DFED277A38
:109A74009FED277A60EEA77A08B5C7FEC07A67EE35
:109A8400877A87EEA05AB0EE450AFFF755FFF0EE4D
:109A9400405AB0EE450AFFF7B3FF31EE011A04292C
:109AA400B0EE407AC5EE817A24D0B7EE005AF6EED5
:109AB400006AB8EE000A35EE476A35EE675A27EEBB
:109AC400000A66EE266AB7EE007A77EE877A86EEAB
:109AD400A77AC6EE275AC5EE276A80EE276A80ED7C
:109AE400047A80ED067AC0ED055AC0ED086A80ED6F
:109AF400076A08BDB8EE006AF7EE006A20EE066A4F
:109B040036EEE75AB0EE460ADDE700BF3333F33EE4
:109B1400DB0FC940D0ED017AB0EE407AD0ED036A94
:109B240090ED026A27EEE60AD0ED007A80ED017A24
:109B3400A6EE870AA6EE670A80ED000A704700BF0A
:109B4400836930B45C6999682268096822F001026B
:109B54001D8A2260CA6822EA0502CA60027D006882
:109B64001F2A16D9203A082144689140214215D170
:109B7400202101FA02F2C260234A12783AB11A7F14
:109B8400012A11D1D3F804210132C3F8042130BCD5
:109B94007047082104689140214200D0FEE720214B
:109BA40001FA02F28260E7E7D3F800210132C3F838
:109BB4000021EFF31181502282F312885868C9B250
:109BC4009D6C0268DC6C22EA05022243026081F388
:109BD4001188996801255A695C6B986B096814604F
:109BE400DC6B5061186C54605C6C9060B3F8B4002A
:109BF400D460C8621468188A2C4314601D77CB683B
:109C04000343CB60C3E700BF200A00202DE980484E
:109C1400DFF8148289B0DFF814A2DFF814B2DFEDA4
:109C2400658A9FED659A8FE1644B54681968644BAB
:109C34001B685D185A42281B0295904206DA90FB75
:109C4400F2F202FB03331D44281B02955D4B1D6891
:109C540085424DDC5C4B1A68904280F29C859542AB
:109C640004DA5A4B1B68D21A574B1A60002805DDD8
:109C7400574A02985468031B002BFBDC554B1B7896
:109C8400422B40D001F0FCFA054653482946FFF721
:109C940057F9524B03901A88514B501C1978B0FB5A
:109CA400F1F301FB1303002B38D0002A40D0494ABA
:109CB4004C4B1778D3F8CC31282FA5EB03093FD0B0
:109CC400494B1B78002B40F0CE80484B1B78022B6D
:109CD40000F0B08043D8012B40F0B380444B33F8FC
:109CE400022B002A40F04A85424A9A42F7D1A8E062
:109CF400354E414B32681B689A42ADDA3F4B1B68C4
:109D04001A443260A8E7611A3D4B01EB81011A68DD
:109D14004B0093FBF2F33B4A1360B3E729463A48FE
:109D2400FFF70EF92D4B1A88039B03440393BCE7FA
:109D340029463648FFF704F9039B03440393B6E727
:109D4400334A4FEAE97382FB0912C3EB62132D4ACB
:109D5400B3F5FA6FA8BF4FF4FA639360B0E7033B1F
:109D6400022B6ED8214B2148DB689847194B0246D9
:109D74001F78282F00F00E81264B197802F00B0370
:109D84000529019300F00B8102F00400224A1378A4
:109D9400034314BF012300231370019A012A50D1F5
:109DA4001E4B1F492B440A70C8F8583001231D4A22
:109DB400137055E000007A440000C842D8B901206D
:109DC40004AD0120B0B90120B8B90120BCB901200B
:109DD400001000E09C200020643001203446002064
:109DE400F4000020E42F01205C8C0120A436012023
:109DF400F08C0120088D0120B4B90120C0B90120E4
:109E0400448E0120A0200020A4300120E430012051
:109E14001F85EB51848E01205E8C0120A0860100F9
:109E2400257E01205D8C012028C40120FC720020C5
:109E3400BCA40120A14B98F854201B789A4240F00E
:109E44009F80D8F85830EB1A002B09DD9C4B002179
:109E540001229C482B440170C8F858309A4B1A7060
:109E6400282F00F0CC80994BD8F864201B689B1AEB
:109E74000A2B00F3D080964B1F78432F00F08D827D
:109E8400944B1B681A1B002AC0F25E84924B029A00
:109E94001A6001F0CDF990F8DC30032B3BD0D8F8F0
:109EA4007430D0F8E010002B00F09882994280F0D2
:109EB400B3828A4B1A68029B002AD0F8E800144641
:109EC400B8BF541C181A90FBF2F302FB1303B3EB54
:109ED400640FC8BF9B1AD8E91F201344C8F87C300C
:109EE40018B901F13200C8F88000814213D37C49CB
:109EF400DA173230422F81FB03137749C8F8800008
:109F0400C2EB2313029AA2EB03020A6000F09682CA
:109F14000023C8F87C30734A734B52680299049248
:109F24001B788A1A0192F3B1704B019A1B68B2EB49
:109F3400430F18DC664B1A780A2A00F0BB83D8F862
:109F440088300133C8F8883001F09AF9664B654AC5
:109F54001B780590002B7FF467AE5268039302933D
:109F640053420492019301F08BF9614B002705469B
:109F74001C68CAF80070002C00F0FD82B9467BE230
:109F84004F4A012188F854302A444E4BC8F85820CF
:109F940019700BE700F0020356494B60ECE6012B05
:109FA400B8F860C040F2FF30B8F8623018BF002043
:109FB400D8F85C600133604409EB060EDFF84CC14D
:109FC4009BB280B2C8F85CE0E645A8F86230A8F815
:109FD40060007FF7D9AE0492B0FBF3F001F038F9DA
:109FE400D8F85C00444B0021394A0344A8F86010B7
:109FF4001778A8F86210049AC8F85C30C4E6334BAA
:10A00400D8F864201B682F499B1A3A4A09780A2B0E
:10A0140011607FF735AF394A2C4BD1681B68526801
:10A024005B1A93420ADC354E96F80290B9F1000FA0
:10A034000CD1264B1B68C8F864301CE700232F4A58
:10A04400042082F8253001F017F9ECE72C4B0720A7
:10A054001D7801F025F996F8253005F001070190E7
:10A0640018B1284A9279022A0AD0012B0DD005F0A2
:10A07400020357EA03051ED04FF00009022505E04C
:10A0840001F0DAF81E4B1D78F1E700253A461B4B28
:10A094004F469FED1D8AA94693F824301546062B9A
:10A0A40000F27181DFE813F034009F00B500C500B1
:10A0B400D400DE00BC00A946E8E700BF15A20120D9
:10A0C400A0860100257E01205D8C0120301D012029
:10A0D4009C200020DCB90120D8B9012004AD012066
:10A0E4001F85EB51001000E000730020448E012016
:10A0F40054460020A02000206079FEFF307E01201D
:10A104008878012068A701200000FA449F86010096
:10A11400002D5BD001F0C0F8002838D1019B1BB1A1
:10A12400B24B987901283CD0002F40F02C81B04BE1
:10A13400B0491B684A699A4203D2AC4BDB79022BC3
:10A1440034D1AC4B4FF0010283F82420A94AA7492B
:10A154001388C8794FF0010101330128D1701380AD
:10A1640044D002284BD00028F0D1012001F0A4F8FB
:10A174009F4B02211A689D4B5879642313FB0023DB
:10A184009C48826880F824108361026242E0984B04
:10A1940064211A68954B5B8801FB0323954A53613C
:10A1A400BCE794490B88C870013305E00B88012093
:10A1B4004FF001020344CA700E460B8001F07CF894
:10A1C4000322B36886F82420336232E0019B4D46B3
:10A1D40001202BB101F070F80023864A5361D3E0CB
:10A1E40001F06EF8F8E7002F3CD1AFE701F064F816
:10A1F400804903228B6881F824200B6219E04020F7
:10A2040001F05AF87B4906228B6881F824200B62FE
:10A2140008E03FBB002D40F0A782754B1B6804E0AB
:10A22400002F39D1002D40F0B6800323714A82F803
:10A234002430012001F004F8022001F01DF86D48DB
:10A244006B4B04221968036A80F824200B44C36111
:10A25400002F00F08E80664B664A1B68D2699A42D2
:10A2640080F09180624B6420002219685F4B5B8808
:10A2740000FB03135F4940200E464B6181F8242004
:10A28400CA7001F01DF8012001F01AF8022000F054
:10A29400C7FF96F8243002E7574B54495A8A0023E3
:10A2A40091F80AE01646C2F5FA6206950492534AFA
:10A2B40092F800C05078524A22E0711A07EE101A40
:10A2C400B8EEC77AF4EEC77AF1EE10FA4FD5A1F5DD
:10A2D4007A7137EE677A07EE901A27EE097AF8EE6C
:10A2E400E77AC7EE276AFCEEE67ACDED077A9DF8A9
:10A2F4001C1000E064218E4543D90133032B42D066
:10A30400F2EC017A022B0CBF01466146F4EEC87AE6
:10A31400F1EE10FAEEDAF4EEE87AF1EE10FAE9D999
:10A32400751807EE105AB8EEC77AF4EEC77AF1EE54
:10A3340010FAC2DD06EE901A049DB8EEE66A06EE47
:10A34400906A6D1AF8EEE66A07EE105A77EEE67A2E
:10A35400B8EEC77A77EEC67A67EE897AC7EE876A6F
:10A36400FCEEE67ACDED077A9DF81C10C3E70021D8
:10A37400C1E71F4B4D461F491A680B6A1344CB6152
:10A3840002E0069D6EE74D46002D3FF452AE28468E
:10A3940000F09AFF4DE60325F9E71A4B1A481968AD
:10A3A4001A4B1A880B1B002B0260BFF66FADD8F84E
:10A3B4006C30174A03EB8303164812685B00114D97
:10A3C40000FB0211B8F9680093FBF2F329600E4D0B
:10A3D400B8F970106860C5E90231BCE146F2A8130F
:10A3E400C8F878400B44C8F874305FE568A70120CA
:10A3F400301D0120307E0120C8360120D495012073
:10A40400DC7D0120DCB90120A020002030460020A2
:10A41400448E012040420F00D8F8782046F2A81557
:10A42400C8F87840A21AA84C1D44D208C8F8745041
:10A43400A4FB0232A54B120A1A603CE503EB83032A
:10A44400A34A5B00126893FBF2F3A24AD3605FE570
:10A45400E1682846691A904760BBA388E080994563
:10A464006DD3DAF800309C4A013352F82340CAF81D
:10A474000030002C00F08C80206890F91430591CB6
:10A48400EFD08268002A45D0A1880029E0D0226953
:10A494000069AA1ADBF8001092FBF0F201320131D4
:10A4A40092B2CBF8001013FB02F3E28001339BB2AB
:10A4B400A380D4E700F0E4FE884E4FF001028849FF
:10A4C400401B2368E2803268864E0968A2EBD20200
:10A4D4003668A1EBD10C02443118834E25613668ED
:10A4E40093F91430B04203F1010338BF30467B4E78
:10A4F4009BB23260A2687B4E9444DBF8002031604A
:10A504000132794E7649A3803060C1F800C0CBF89F
:10A514000020A4E7E16800696A1A92FBF0F292B2A3
:10A52400E2800AB9A3889AE713FB02F3DBF8001070
:10A53400013301319BB2CBF80010A3808FE76B4845
:10A54400E2690068D8F88410D209064660483144AC
:10A55400006800FB0210019A824209DCD8F88820C6
:10A56400520705D0624AA21AB2F5007F7FF479AF90
:10A574009946274675E75F485F4903685F4A013398
:10A58400127803604B6804995B1AC8F88430D3E4EA
:10A59400584A5949136801331360049A4B689B1A4B
:10A5A400C8F88430002F3FF4C5AC494BF8691A68E9
:10A5B4004E4BC4091B68FC6302FB0434D1F80490BD
:10A5C400029BA3EB0903A34215DC4D4B1B78012B23
:10A5D40011D1FB88012B59D907EE900A9FED497AD6
:10A5E400464BF8EE677A1A7867EE877AFCEEE77ADC
:10A5F400C7ED077AA0E429463846FEF7A1FC3E4B96
:10A60400039A5B680244A3EB09093F4B0392A9EB4D
:10A6140004041B68364A002C7ADD9D1AB5F5007FC8
:10A624007FD0364A1278422A15D0986BB5F5E07F70
:10A63400B8F86870D8F86C1000F1010007F1010750
:10A644000C449863A8F86870C8F86C406BD1002378
:10A6540088F8903067E004EB84011D481D4EAF116B
:10A6640000684900776091FBF0F1B160DDE71F4AB3
:10A6740011688B4202DB214B1A785EE0234B1F4AA0
:10A684001B681278C91A194B196056E0184BFB1A4B
:10A69400B3F5E07F7FF44EACB8F88C20002A3FF489
:10A6A40049AC98F890300133DBB29A4288F8903084
:10A6B40092D33FE400F0E4FD059B039A1344C01ACF
:10A6C400044B98603BE400BF89B5F81404AD012045
:10A6D400448E0120A02000205446002044BD0120C7
:10A6E400ACC3012040BD012048BD0120CCB90120EC
:10A6F400E42F0120B8A40120001000E09C200020D9
:10A70400007300206666663F70220020D0B90120E5
:10A714009B1AB3F5E07F3AD0244B64421B689C42F9
:10A72400A5DA234B1A7823482349036809688B4226
:10A7340003DA224909680B440360B8F87030013326
:10A74400A8F87030FFF7F8BB1D4A1E49126801FBD8
:10A7540002331D4A13600023A8F86830C8F86C302F
:10A76400A8F87030FFF792BB184B1A68184B9B6916
:10A774009A427FF610AE4FF0030956E5154B0122BD
:10A7840015492B440A70C8F85830FFF769BB0023F9
:10A7940088F89030C0E70022104B03925B68029A5D
:10A7A4000493D31A0193FFF7BFBB00BFC4B90120C0
:10A7B4009C200020CCB90120C8B90120D4B90120C3
:10A7C400448E012040420F00DCB90120301D0120DD
:10A7D400307E0120A0860100257E0120001000E0CB
:10A7E4002DE9F04F037D83B0044602681F2B1ED968
:10A7F400A3F1200520215068A940014214BF012182
:10A80400002189B1A569A54E05EB8501AF0006EBD2
:10A81400411191F8580090B11F2B40F23A81A3F1F5
:10A82400200120238B40D36003B0BDE8F08F2021AA
:10A8340010689940014214BF01210021E1E7DFF8CB
:10A8440070C29748DCF804C0DFF868820078C8F862
:10A8540000C000286ED08968D1F814C00868DCF8FC
:10A86400001021F00101CCF80010C16821F48071BE
:10A87400C1608C4909780029CED07B198A49DFF858
:10A8840038925B0106EB030A1833DAF89400F218E5
:10A89400C3B2019220F0FF00A3F1100CDAF80830E3
:10A8A400A1FB0C21D3F800B0090900F0BDFC012183
:10A8B400D9F89C30019A8AF85810002B4ED07B1995
:10A8C400DBF800004FF0FF3C06EB431340F0800040
:10A8D400596DCBF80000B1F5807FCBF82CC000F0A7
:10A8E400B58041D8012965D0102940F08580DBF876
:10A8F4002010D3F8880021F01001D3E923CECBF83F
:10A90400201040EA0E00DBF8181040EA0C00D3F8DF
:10A9140084C021F47F4343EA1023CBF81830DBF8DA
:10A92400203023F0A00343EA0C1343F01003CBF8C8
:10A93400203061E0D1F894E08868DEF800C0D0F8F7
:10A9440000902CF00100B1F80CC0CEF80000D9F84A
:10A954000C1021EA0C01C9F80C108AE700F090FCF5
:10A96400019AC9F89C00AAE7B1F5805F44D1DBF8ED
:10A974002010D3F8880021F48051D3E923CECBF8FA
:10A98400201040EA0E00DBF81C1040EA0C00D3F85B
:10A9940084C021F47F4343EA1023CBF81C30DBF856
:10A9A400203023F4204343EA0C3343F48053CBF8A0
:10A9B400203021E0DBF82010D3F8880021F00101D9
:10A9C400D3E923CECBF8201040EA0E00DBF81810B0
:10A9D40040EA0C00D3F884C021F0FF0343EA10439B
:10A9E400CBF81830DBF8203023F00A0343EA0C03D9
:10A9F40043F00103CBF820303D4400232A4906EB01
:10AA04004516D6F894003362C3B220F0FF00103B21
:10AA1400A1FB0331090900F03BFCD6F89410234B49
:10AA24004868B2680340B089156843F01603226889
:10AA34001F4E4B600B6843F001030B60EB6803434C
:10AA4400EB607168237DC8F80410E5E6DBF820109C
:10AA5400D3F8880021F48071D3E923CECBF82010F9
:10AA640040EA0E00DBF81C1040EA0C00D3F884C066
:10AA740021F0FF0343EA1043CBF81C30DBF820300D
:10AA840023F4206343EA0C2343F48073CBF820308F
:10AA9400B2E7202101FA03F39360C5E6581A0020B7
:10AAA400300A0020200A0020ABAAAAAA0000FFFF57
:10AAB400001000E0087300206C770020F8B5FEF762
:10AAC4002BFD80B1254B1C788CB104EB4401244B45
:10AAD400244A40F20D37C4EBC104234E107803EB33
:10AAE400C404224D1CE000F0BBFB0028EAD1F8BDF1
:10AAF4001A68B3F804E0D2F800C0B3F8B4102CF02C
:10AB0400800CC2F800C0C2F82CE05062D2F80CC02D
:10AB140041EA0C01D160A3F8B400B833A342E6D0F3
:10AB24000028E5D0D3F8A820B3F8ACC0D2F804E0EC
:10AB340019680EEA060E4CEA0E0CC2F804C0D2F8EC
:10AB440000C04CF0010CC2F800C08A6C2A403A43A1
:10AB54008A64CA6842F48072CA60DEE7340A00205C
:10AB6400380A0020300A00200000FFFFE0E0FFFF69
:10AB74002DE9F0477A4C064601200C44334600FA8E
:10AB840002F206EB4404A3420ED2188810420AD003
:10AB94005888104223D09888104222D0D88808338D
:10ABA4001042F0D100E002331C8804EA020004469B
:10ABB400002840F0CE809D1BA1EB6505452D28BFE4
:10ABC400452503EB4505AB4280F0C38084469E4691
:10ABD40007460646DFF894914FF0010824E0043359
:10ABE400E2E70633E0E70233AB422DD2A3EB0E01DA
:10ABF40033F8026C9E46491016404C1C89FB04A194
:10AC0400A1EBE4710129B8BF01214C1E8F408C4493
:10AC140008FA04F10F4305E00433E5E70633E3E7FC
:10AC24009D4211D91C881440B442DCD1598811408A
:10AC34008C42F1D1998811408C42EFD1D9880833E4
:10AC440011408E42ECD0CFE7BCF1110F40F281806D
:10AC5400CCF1150CBCF1000F7EDB4BD00CF1FF31B5
:10AC6400012307FA0CFC3F4A03FA01F747EA0C0CEC
:10AC7400CCF3C4330CF01F04CCF34411CCF3842C78
:10AC840002EB830302EB8404D3F8C85102EB810185
:10AC9400D4F8C83102EB8C0CD1F8C81143EA05335F
:10ACA400DCF8C82143EA011343EA022383EA1322AE
:10ACB400B3F5803F82EA121234BF0021012102F071
:10ACC4000F020F2A0CBF0A4641F00102002A43D1A9
:10ACD40040F6FF711A09B1EB131F3FD0C2F308000D
:10ACE4005B0B10FA03F337D01F4800EB5300B0FBA3
:10ACF400F3F033E01B4AC7F3C43407F01F03C7F370
:10AD0400441102EB8404C7F3842702EB830302EBB0
:10AD14008101D4F8C841D3F8C83102EB8702D1F8D5
:10AD2400C81143EA0433D2F8C82143EA011343EAC1
:10AD3400022383EA1321B3F5803F81EA111134BF62
:10AD44000022012201F00F010F2918BF42F0010275
:10AD5400BCE74FF6FE7001E04FF6FF70BDE8F087E8
:10AD6400C7FFFF7F08130508C0270900565555552E
:10AD7400F8B5D0F820310446DA69910614D5586A3A
:10AD8400E36AC0B2002B34D0216B9847D4F8203149
:10AD94001A6822F480721A609A6822F001029A609A
:10ADA4009A6942F008029A61DA69D20701D5012250
:10ADB4001A62DA69970701D502221A62DA6956071C
:10ADC40001D504221A62DA69150701D508221A622C
:10ADD400D4F80021CAB1D969490634D4DA69D20653
:10ADE40006D5626B12B19047D4F8203110221A6252
:10ADF400F8BDE3696269D054E369E1680133B3FBE8
:10AE0400F1F201FB1233E361C0E7D9690806E2D528
:10AE1400D4F894112129DED0D4E9090181420BD060
:10AE2400A069405C0131C0B298622569B1FBF5F0BC
:10AE340005FB1011A162CEE7A4F87221196821F074
:10AE440080011960C7E7D96904F590701E680F077F
:10AE54009D6809D18F060DD5B5060BD5D4F8803180
:10AE6400002B40F0918092E005F0010506F4907704
:10AE74002F4315D10F0602D5350600F1828048060E
:10AE840040F18580710640F18280196820250020F8
:10AE940021F040011960C4F89451C4F8840176E0AB
:10AEA400CF0709D5F70507D501271F62D4F89C7190
:10AEB40047F00107C4F89C718F070BD5ADB1022789
:10AEC4001F62D4F89C7147F00407C4F89C714F07C3
:10AED4000BD502E04F0708D53DB104271F62D4F813
:10AEE4009C7147F00207C4F89C710F070BD506F05C
:10AEF40020073D4307D008251D62D4F89C5145F036
:10AF04000805C4F89C51D4F89C51002D3FD08D06FF
:10AF140007D5B10605D5D4F8802112B19047D4F8ED
:10AF24002031D4F89C119A6801F0080102F0400223
:10AF34000A4323D01A682020002122F490721A6058
:10AF44009A6822F001029A60C4F898019A68C4F8D9
:10AF54008011520619D59A68D4F88C0122F0400267
:10AF64009A6090B10D4B036500F0A2F968B1D4F872
:10AF74008C01036D9847D4F8002108E0C4F89C21A3
:10AF840003E0D4F8843113B19847D4F8002112B106
:10AF9400204600F069F9D4F820311FE771FC00085D
:10AFA4002DE9F041DFF8CC8000EB800608EB461673
:10AFB400F37B0BB9BDE8F08104460F468500FEF72C
:10AFC40077FA50BB254404EB84046B0108EB44106E
:10AFD40028F8037008EB4518FEF7ACFA204B02463C
:10AFE4001B7843BB1F4B0121D8F89C001B68984772
:10AFF400D8F89420D8F8985051681B4BB8F80C40F6
:10B004000B40B5F8B41018432143A5F8B4105060B0
:10B01400136843F001031360CCE7144A144B12780D
:10B0240002EB820203EB820323445F7B002FC9D02F
:10B034000123B370C6E7D8F808300421D8F8980083
:10B044005B79D0F8B00003F0FC03064D18442B687C
:10B054009847D8F898308000A3F8AC00AAE700BF5E
:10B06400300A00202C0A00200000FFFF882801205D
:10B074008C280120581A0020836910B50833184C15
:10B0840054F8230000F000F9164B1B880C2B0DD844
:10B09400DFE803F0070C0C0C130C0C0C190C0C0C53
:10B0A4001F002268D36823F40073D36001210E4B80
:10B0B400002284F83D101A7010BD2268D36823F46E
:10B0C4008063D360F2E72268D36823F40063D3601B
:10B0D400ECE72268D36823F48053D360E6E700BF2B
:10B0E400047F0120007F0120F27E01200348D0F874
:10B0F4002C3213B100F5077018477047AC010120DA
:10B104000348D0F8083213B100F5FC7018477047B3
:10B11400AC0101200348D0F8E43113B100F5EA7022
:10B1240018477047AC0101200348D0F8C03113B16F
:10B1340000F5D87018477047AC0101200348D0F8D7
:10B144009C3113B100F5C67018477047AC0101205B
:10B154000348D0F8783113B100F5B470184770473C
:10B16400AC0101200348D0F8543113B100F5A270AA
:10B1740018477047AC0101200348D0F8303113B1AF
:10B1840000F5907018477047AC0101200348D0F8CF
:10B194000C310BB1FC301847704700BFAC010120E3
:10B1A4000348D0F8E8300BB1D8301847704700BFD7
:10B1B400AC0101200348D0F8C4300BB1B4301847B7
:10B1C400704700BFAC0101200348D0F8A0300BB198
:10B1D40090301847704700BFAC0101200248C36F8C
:10B1E4000BB16C3018477047AC0101200248836DE5
:10B1F4000BB1483018477047AC0101200248436B3B
:10B204000BB1243018477047AC0101200248036990
:10B2140003B11847704700BFAC01012000000000D3
:10B224005FF800F0511103085FF800F059180108A5
:10B234005FF800F0D5FB01085FF800F00D7E02080E
:10B244005FF800F0C58402085FF800F0F9FE030817
:10B254005FF800F0E91702085FF800F011590308DD
:10B264005FF800F0DDA500085FF800F0ED5E04086B
:10B274005FF800F0319A04085FF800F061110308E8
:10B284005FF800F0515B03085FF800F0CD4001085F
:10B294005FF800F0CD1701085FF800F0598102084B
:10B2A4005FF800F0118102085FF800F059A500086A
:10B2B4005FF800F0AD4201085FF800F031110308B7
:10B2C4005FF800F0111103085FF800F02D0E030879
:08B2D4005FF800F009C8010851
:10B2DC000000000000FF0000000001000000000062
:10B2EC00000001010101FFFFFFFF00000100000051
:10B2FC00AE014A015E012C01640000000000010057
:10B30C000A019A01001E0A000000C800C8000000D3
:10B31C000000000000010001000500000102030014
:10B32C000000000000000000000000000000000011
:10B33C00FF7F08000100C80000000F00646E0000D1
:10B34C00030108004ECC000020003200C800D007DA
:10B35C0096001400320028004C04400600055000F2
:10B36C0014000F00080064000100010005000A0031
:10B37C000000F40196000F00000501000000000021
:10B38C00000000000000640000000000000000004D
:10B39C000100C8006400140014001E000A00000024
:10B3AC0000003200141400000000464646960000CF
:10B3BC000000010005533758320000000000000067
:10B3CC000000000000000000000000000000000071
:10B3DC000000000000000000000000000000000061
:10B3EC000000000000000000000000000000000051
:10B3FC000000000000000000000000000000000041
:10B40C000000000001000000020200000800000023
:10B41C00000000000000000000000000FF00000021
:10B42C00000590010000000000000000000000007A
:10B43C000000000000000000000000000000000000
:10B44C0000000000000000000000000000000019D7
:10B45C000519050C1900E80364000F0A00010A0025
:0AB46C001E00C409000019001900B9
:10B4760000C20100000008000A06000200000040A9
:10B486000100000009026400030100C03209040043
:10B496000001030000000921110100012236000706
:10B4A60005830308000A080B0102020201000904D1
:10B4B600010001020201000524001001052401001B
:10B4C600020424020205240601020705820308007D
:10B4D600FF09040200020A000000070501024000FD
:10B4E60000070581024000004D030108D50201084E
:10B4F6005535010800000000EDFB0008B1310108D8
:10B5060019FC000800000000000000000000000018
:10B51600CDFB0008DDFB0008BDFB0008ADFB000805
:10B526001A030000000000000000000000000000F8
:10B5360000000000000000000000000004030904F1
:10B54600FFFFFFFF120100020000004083042A579C
:10B556000002010203010000120100020200004085
:10B566008304405700020102030100001201000299
:10B57600EF0201408304563200020102030100007B
:10B5860000000000000000000100000000000000B4
:10B5960000000000381E012000000000010000002D
:10B5A6000000000000000000000000000000000095
:10B5B6000000000000000000000000000000000085
:10B5C6000000000000000000010000000000000074
:10B5D60000000000CD8F000809A80008B18E000801
:10B5E60045A90008AD900008AD86000885860008CC
:10B5F60069860008819C0008C98C0008F18D000846
:10B60600498F0008FD920008C59300089986000836
:10B616007186000861860008010000000060024093
:10B626001060024000000000000000000000000062
:10B63600000B0000000000000000000000000000F9
:10B646000060024028600240010000000000000087
:10B6560000000000060C00000000000000000000D2
:10B66600000000000060024040600240020000004E
:10B676000000000000000000100D000000000000A7
:10B686000000000000000000006002405860024018
:10B69600030000000000000000000000160E00007D
:10B6A60000000000000000000000000000600240F2
:10B6B600706002400400000000000000000000006E
:10B6C600200F000000000000000000000000000045
:10B6D6000060024088600240050000000000000093
:10B6E600000000002610000000000000000000001E
:10B6F6000000000000600240A0600240060000005A
:10B7060000000000000000003011000000000000F2
:10B71600000000000000000000600240B860024027
:10B72600070000000000000000000000362F0000A7
:10B73600000000000000000000000000006402405D
:10B74600106402400000000000000000000000003D
:10B7560000380000000000000000000000000000AB
:10B76600006402402864024001000000000000005E
:10B776000000000006390000000000000000000084
:10B786000000000000640240406402400200000025
:10B796000000000000000000103A00000000000059
:10B7A60000000000000000000064024058640240EF
:10B7B600030000000000000000000000163B00002F
:10B7C60000000000000000000000000000640240CD
:10B7D6007064024004000000000000000000000049
:10B7E600203C0000000000000000000000000000F7
:10B7F600006402408864024005000000000000006A
:10B8060000000000264400000000000000000000C8
:10B816000000000000640240A06402400600000030
:10B82600000000000000000030450000000000009D
:10B83600000000000000000000640240B8640240FE
:10B84600070000000000000000000000364600006F
:10B856000000000000000000000000000000803F23
:10B866000A0600020000004001000000090720004F
:10B87600010104C03209040000020806500507054C
:10B886008102400000070501024000000902200075
:10B89600010104C03209040000020806500507052C
:10B8A6008102400000070501024000000902200055
:10B8B600010104C03209040000020806500507050C
:10B8C6008102000200070501020002000A060002CA
:10B8D600000000400100000009022200010100E012
:10B8E60032090400000103010200092111010001CF
:10B8F6002236000705830308000A00000902220019
:10B90600010100E0320904000001030102000921DF
:10B916001101000122360007058303080007000015
:10B9260009022200010100E03209040000010301BE
:10B9360002000921110100012236000705830308D0
:10B94600000A00000A060002000000400100000094
:10B9560009074300020104C0320904000001020283
:10B96600010005240010010524010001042402023F
:10B9760005240600010705820308001009040100DA
:10B98600020A0000000705010240000007058102C7
:10B996004000000009024300020100C03209040011
:10B9A6000001020201000524001001052401000126
:10B9B600042402020524060001070582030800107C
:10B9C60009040100020A0000000705010200020046
:10B9D600070581020002000009024300020100C0BF
:10B9E60032090400000102020100052400100105CD
:10B9F6002401000104240202052406000107058231
:10BA06000308001009040100020A000000070501EE
:10BA160002400000070581024000000105010905FA
:10BA2600A101A1000501093009310932093309359F
:10BA36000934093609371581257F7508950881026D
:10BA460005091901290815002501950875018102C6
:10BA5600C0C00000092111010001223600000000CB
:10BA6600FFFFFFFF4C7B0120000000001C7B012034
:10BA7600000000000F0000000200000001000000AE
:10BA860000000101FFFF000001F11F3FD601000089
:10BA9600748F0120C88F0120010000000001010100
:10BAA600000000007D0000000000803F0000000054
:10BAB60000000000000000000000803F00000000C1
:10BAC6000000000000000000000000000000000070
:10BAD6000000000000000000000000000000000060
:10BAE60045080408000000000000000000000000F7
:10BAF6000000000050B00120080000000000000017
:10BB060040B0012008000000010102FFFF01020011
:10BB160071850008558500081185000800000000A1
:10BB260005850008F1840008DD8400080000000097
:10BB3600000000000000000000000000CD840008A6
:10BB460000000000BD840008958D00085586000899
:10BB56002D86000841860008E5850008D185000885
:10BB6600BD85000895990008B98400083584000849
:10BB7600C5D000084D3E030800000000000000008C
:10BB86000000000071C5020800000000000000006F
:10BB9600000000005028050858280508000000008D
:10BBA60031640208A0860100040000005028050840
:10BBB6006028050800000000C1450308E8030000EE
:10BBC60004000000682805080000000000000000CE
:10BBD600DD7202087D000000FF000000E82F050866
:10BBE6000000000000000000D97202087D0000007D
:10BBF600FF000000A430050800000000000000005F
:10BC0600959302087D000000FF00000070280508DB
:10BC1600000000000000000001410308E8030000E6
:10BC26000300000074280508000000000000000062
:10BC36003D650208D0070000030000001056050805
:10BC46000000000095CD0108AD5B03085F7600009B
:10BC560005000000B05905080000000000000000C3
:10BC66001D9D03081027000002000000802805081B
:10BC76000000000000000000613E0308E803000029
:10BC8600050000008C2805080000000000000000E8
:10BC96009177020888130000030000009C2805081D
:10BCA6000000000000000000317602088813000042
:10BCB60003000000AC28050800000000000000009A
:10BCC600E5420308400D0300030000002820050894
:10BCD6000000000000000000C10E0308102700004D
:10BCE60002000000BC28050800000000000000005B
:10BCF600219D01081027000003000000C028050848
:10BD0600000000000000000059060308A08601009C
:10BD160002000000C828050800000000000000001E
:10BD26000D08030850C30000020000004C2005085F
:10BD36000000000000000000A5DE0208A00F0000C1
:10BD460002000000D02805080000000000000000E6
:10BD56009DAE01081027000002000000DC2805083F
:10BD660000000000000000008504010888130000A0
:10BD760002000000E828050800000000000000009E
:10BD86005991020840420F0001000000F4280508FE
:10BD960000000000000000007DDE020850C3000025
:10BDA6000100000000290508000000000000000056
:10BDB6006D8201081027000002000000EC550508FE
:10BDC600000008020503040000000000F8550508FD
:10BDD60001000802050404000000000004560508DE
:10BDE6000000080205030400000000000C560508C8
:10BDF600010008020504040000000000882205086E
:10BE06000200FE010110030000000000602C05087E
:10BE16000300140200030000000000001456050889
:10BE260004001F0202000800000000001C5605085E
:10BE360005001F020201080000000000FFFF0000CD
:10BE4600FFFFFFFF01000000940100209001002089
:10BE56000200000001000000FD1004088C01002013
:10BE66000000000001000000010000003D11040870
:10BE76004801002000000000000000000000000053
:10BE860000000000000000000000000000000000AC
:10BE9600010000000000000000000000000000009B
:10BEA600000000000100000000000000000000008B
:10BEB600000000000000000001000000000000007B
:10BEC600FFFFFFFF010100000102010881020108D6
:10BED600AD320108000000000000000081300108BA
:10BEE600B93001080000000000000000000000005A
:10BEF60051FB000841FB000831FB000821FB00084C
:10BF0600B15C0408755304087D580408710F0408D1
:10BF16003D580408FD570408610F0408500B012022
:10BF2600C9240408AD2404089D240408990F0408B4
:10BF36005924040811240408950F04082C0B012029
:10BF4600291E0408790F0408750F04086D0F0408EC
:10BF56002D1F0408690F0408650F0408301805082A
:10BF66002A0000001F0000001C0000001F00000047
:10BF76001E0000001F0000001E0000001F00000041
:10BF86001F0000001E0000001F0000001E00000031
:10BF96001F0000000068214C010000000080020222
:10BFA6001F00000053544D202020202050726F6443
:10BFB600757420202020202020202020302E303193
:10BFC600008002021F00000053544D202020202034
:10BFD60050726F647574202020202020202020209D
:10BFE600302E303100000000040100000007000080
:10BFF6000200000001000000000200001000000026
:10C00600000000000000000000000000B001000079
:10C016000200000009000000FF000000B00B012034
:10C026000000000084850508A485050864850508C8
:10C0360000000000000000000000000000000000FA
:10C0460000000000000000000000000000000000EA
:10C0560000000000000000000000000000000000DA
:10C0660000000000000000000000000000000000CA
:10C0760000000000000000000000000000000000BA
:10C0860000000000000000000000000000000000AA
:10C09600000000000000000000000000000000009A
:10C0A600000000000000000000000000000000008A
:10C0B600000000000000000000000000000000007A
:10C0C600000000000000000000000000000000006A
:10C0D600000000000000000000000000000000005A
:10C0E600000000000000000000000000000000004A
:10C0F600000000000000000000000000000000003A
:10C106000000000000000000000000000000000029
:10C116000000000000000000000000000000000019
:10C126000000000000000000000000000000000009
:10C1360000000000000000000000000000000000F9
:10C1460000000000000000000000000000000000E9
:10C1560000000000000000000000000000000000D9
:10C1660000000000000000000000000000000000C9
:10C1760001000000010000000000000000000000B7
:10C1860000000000000000000000000000000000A9
:10C196000000000000000000000000000000000099
:10C1A6000000000000000000000000000000000089
:10C1B6000000000000000000000000000000000079
:10C1C6000000000000000000020000000000000067
:10C1D600D80000000000000005000000000000007C
:10C1E600060000000300000000000000050000003B
:10C1F600000000000000000005000000C70000006D
:10C206000600000000000000050000000600000017
:10C216000000000005000000FF0000000000000014
:0400000508000000EF
:00000001FF
