:020000040800F2
:1000000000000120E59C0408819D040895800308F8
:10001000F9800308819D0408819D04080000000008
:10002000000000000000000000000000819D0408A6
:10003000819D040800000000819D0408457B0308A1
:10004000819D0408819D0408819D0408819D040808
:10005000819D0408819D04084982030841820308A8
:10006000398203083182030829820308512C0000D9
:10007000412C0000312C0000212C00000D2C000030
:10008000F92B0000E52B0000819D0408819D0408E8
:10009000819D0408819D0408819D04082182030834
:1000A000896C0408816D0408796C0408A96D040842
:1000B000716D0408616D0408516D0408D18F040846
:1000C000DD8F0408B98F0408C58F0408819D0408DA
:1000D000819D0408910E0000850E0000790E00003D
:1000E00019820308819D0408819D0408696C040835
:1000F000996C0408819D0408C16C0408D12B000090
:10010000819D0408155D0408416D0408819D040863
:100110006D0E0000610E0000D16C04080DD40008C3
:10012000BD2B0000A92B0000952B0000812B0000A7
:100130006D2B000000000000000000000000000027
:10014000000000000000000000000000A5D800082A
:10015000592B0000452B0000312B0000550E0000EC
:10016000A18F0408AD8F0408819D0408819D0408B7
:10017000819D0408819D040800000000000000002B
:10018000819D0408819D0408819D0408819D0408C7
:10019000819D0408819D040800000000819D0408E1
:1001A000000000000000000000000000819D040825
:1001B000819D0408819D04080000000000000000EB
:1001C000000000000000000000000000000000002F
:1001D000000000000000000000000000819D0408F5
:0801E0003C980400010000003E
:1001E8000E02010002000000503D0120583D012090
:1001F8000000000000B70508543D0120140201006A
:1002080005000000D41D0120603D01200000000011
:1002180002B705085C3D0120232001001000000002
:10022800343D01206C3D012000000000D5CA0108C2
:10023800683D01200D10010070000000583C0120AD
:10024800803D01200000000073C802087C3D0120A9
:100258002C0005001400000064390120F43D012041
:10026800000000008DD00108F03D0120FD010100D3
:1002780024000000283901200C3E01200000000065
:10028800F7430308083E0120061001003000000073
:10029800BC380120343E01200000000061B2030890
:1002A800303E0120FB01010001000000B8380120A8
:1002B800683E012000000000FDB10308643E0120F3
:1002C800FC0101000900000084370120703E012074
:1002D8000000000005B203086C3E0120F701010090
:1002E8000600000058370120803E01200000000071
:1002F80008B705087C3E0120F90101000400000050
:10030800483701208C3E0120000000007544030896
:10031800883E01201102010008000000003701207A
:10032800943E0120000000000EB70508903E012011
:100338001212010004000000F8360120A03E01203E
:100348000000000016B705089C3E01201830010087
:1003580030000000C8360120A83E0120000000003F
:10036800B5B40308A43E0120E8030100040000001E
:10037800A0360120DC3E012000000000C1B20308C5
:10038800D83E0120FF21010005000000443601206D
:10039800E43E012000000000EDB10308E03E01202A
:1003A800081204001400000050360120F03E01201D
:1003B80000000000DDB20308EC3E0120130201003A
:1003C80004000000CC1D0120083F012000000000AF
:1003D8001AB70508043F0120FA01010003000000D4
:1003E800A4350120103F012000000000CDB2030811
:1003F8000C3F0120FE010100140000001427012019
:10040800183F01200000000005130408143F0120D4
:100418000B3001001E00000068780120647B012079
:100428000000000020B70508607B01201F50010074
:10043800240000003C780120887B01200000000097
:1004480040B70508847B0120050201000A0000006E
:10045800C8770120B07B01200000000064B70508C0
:10046800AC7B012005200100080000000086012067
:10047800D48801200000000070B70508D08801204A
:100488003710010030000000D8840120E0880120E6
:100498000000000078B70508DC8801201E00010074
:1004A80009000000E07E01201489012000000000FE
:1004B800A8B70508108901201B20010014000000BE
:1004C800C47B01202489012000000000996B0108E9
:1004D800208901202102010068010000007C012020
:1004E8004089012000000000917501083889012029
:1004F8002610010008000000B48A0120AC8A0120FF
:100508000000000085630108A88A0120EC031D0093
:10051800AE0000005C8D0120F09A01200000000070
:100528004D5E0208EC9A0120EB0320000001000058
:10053800EC990120A49B01200000000000000000AD
:10054800A09B01200E00060000030000EC9601208D
:10055800A89C01200000000041B20308A49C0120CF
:1005680020020100600000008C960120AC9F012051
:100578000000000000000000A89F012034000100D6
:10058800080000008496012010A00120000000004F
:1005980021E101080CA001202A00080080000000C9
:1005A800049601201CA0012000000000F5E00108CD
:1005B80018A00120EA0301000E0000004C8D012064
:1005C800A0A0012000000000B2B705089CA00120EF
:1005D800E903010018000000EC950120B4A00120F7
:1005E80000000000C0B70508B0A0012019000100F4
:1005F80006000000E4950120D0A0012000000000C2
:10060800D8B70508CCA001202920140078000000E4
:10061800B4940120DCA001200000000000000000CC
:10062800D8A001202B00120024000000F89301201C
:1006380058A101200000000061D0010854A1012048
:100648001230010011000000C891012080A1012092
:1006580000000000DEB705087CA101200A90010017
:10066800200000000C8E012098A10120000000004D
:10067800A1CA010894A101201C0202001C0000006C
:1006880058910120BCA101200000000089B3030893
:10069800B8A1012028300100160000007491012043
:1006A800DCA1012000000000B9E20108D8A1012066
:1006B8002902010040000000B4A50120E0AF01209C
:1006C80000000000F0B70508DCAF0120F6210100AA
:1006D8000C000000C4AF012044B00120000000005D
:1006E80030B8050840B00120F831010002000000D0
:1006F800C0AF012054B00120000000003CB805083C
:1007080050B00120020001000C000000B4AF01202D
:100718005CB00120000000000000000058B001207B
:1007280006120400180000009CAF01206CB00120E4
:100738000000000061B4030868B001201D02020037
:100748000600000040AD012088B001200000000034
:100758000000000084B001202322010010000000E6
:1007680064A7012094B001200000000040B80508EB
:1007780090B00120101001000200000080A70120A5
:10078800A8B001200000000050B80508A4B001205E
:10079800000101000400000090A40120B0B0012075
:1007A8000000000052B80508ACB0012002010100A9
:1007B80003000000B0A50120B8B00120000000002F
:1007C80095660208B4B0012013100100040000006F
:1007D80030AD0120C0B001200000000058B8050865
:1007E800BCB001202F100100220000000CAD012038
:1007F800C8B00120000000005CB80508C4B00120A2
:100808000C4006000801000010A60120F0B00120ED
:1008180000000000A1620208ECB0012038000100CD
:1008280007000000DCA40120FCB10120000000004A
:100838007EB80508F8B10120012001000C00000075
:1008480048A7012008B201200000000086B805086A
:1008580004B20120253020000002000014B201205B
:1008680010BA012000000000000000000CBA0120AE
:1008780028020400040000008CC1012038C30120B4
:10088800000000003DB2030834C301202702040021
:100898000400000088C1012040C3012000000000BE
:1008A80031B203083CC30120160215003F000000C6
:1008B80014BC012048C3012000000000A1B10308B6
:1008C80044C301201A020100490000007CBD012038
:1008D8008CC30120000000000D21040888C30120FA
:1008E8001B0201001000000008C40120F8C3012009
:1008F800000000001DB20308F4C301201F02080015
:10090800100000002CC401201CC4012000000000BD
:10091800A5B1030818C40120000201000B00000063
:10092800E0C3012040C4012000000000D5B2030844
:100938003CC401201610010004000000ECC3012093
:1009480050C401200000000092B805084CC40120E2
:100958002C02010004000000E4C401200CCA01209C
:100968000000000096B8050808CA0120020201002C
:1009780003000000B0E80120ACE8012000000000FE
:0809880000000000A8E80120B6
:08280000082800080040000850
:04400000FFFFFFFFC0
:10800000026C03463AB11A6CD20608D50022012050
:1080100083F83C207047426480F83C20F3E71A6CF8
:1080200049494A4811401A6841F00201F0B4196404
:108030004168474D21F44031416041685C6821430B
:1080400041605168186921F48071D3F808C0DF6875
:10805000516054689E6A44EA0024AE4254605468F9
:1080600024F040745460506840EA0C0050609068FE
:1080700020F400609060916841EA0701916054D05B
:108080009068DC6A20F07060906091680E439660A2
:10809000906820F040509060916821439160906812
:1080A0009C6920F002009060916841EA440191606F
:1080B00093F82010002941D05468596A44F40064B0
:1080C000481E5460516821F460415160516841EA92
:1080D00040315160D06A0025DC6920F470005E698F
:1080E000611ED0622846D46A44EA0154D46294687E
:1080F00024F400749460946893F8301044EA4124A6
:108100009460946824F480649460916841EA8621C4
:1081100091605D641A6C22F0030242F001021A645D
:10812000002283F83C20F0BC7047916821F0706118
:108130009160916821F040519160B0E7516821F45D
:1081400000615160C6E700BFFDEEFFFF0023014064
:108150000100000F0129F0B42A4C4FF000062A4D0F
:1081600094BF002701272368EE626662A6626763F8
:10817000676B47EA42076763EE63EC6B002A38D10E
:1081800044F49574EC631C6824F001041C601C68C2
:10819000E407FCD4490289085960D8601968EAB933
:1081A00021F04001196019498B421DD018494FF444
:1081B0007410C860196841F01E011960596941F0D6
:1081C00080015961196841F00101196022B90E4A14
:1081D000D36A43F00803D362F0BC704741F040011A
:1081E00019600A498B42E1D14FF0746041F8500C9C
:1081F000E0E744F01A04EC63EC6A44F00804EC6233
:10820000C1E700BF100C0120002C0140586402405F
:108210000064024011480023024611780632032907
:1082200016D00133062BF8D10D49CA6D052A0ED0A0
:1082300002EB4203013200EB4303CA65032040F224
:10824000EB3140F2FF32187059809A8070477047C6
:1082500003EB430300EB4303F0E700BF480C0120AE
:10826000100C0120124B30B41D6E6B6A28B943EA22
:1082700001430020AB6230BC7047AC6A013803EBAD
:1082800014440BD0002303F14002013305EB8202BA
:10829000DBB25268834204EB1244F4D3403044EA28
:1082A000014405EB80004460002030BC704700BFF3
:1082B000100C01200A44914219D0013910B4541E07
:1082C00011F8012F0823504002E0013BD0B209D041
:1082D00010F0800F4FEA4002F7D082F0D500013B4A
:1082E000C0B2F5D1A142EBD15DF8044B70477047A5
:1082F000037870B42BB30246C0F10105531912F88C
:10830000014FDBB2002CF9D101335B000E4C03228C
:108310000B8084F8643484F86524017879B10223F1
:1083200000265A1CE518023354FA82F285F86414C8
:10833000DBB282F8646410F8011F0029F1D170BC2F
:1083400070470223E2E700BF100C0120826D136A20
:108350005B681B78FF2B08D090F8F030013BDBB254
:1083600080F8F0301BB10120704700207047126A7E
:108370000220526813707047F0B40F4BC40800F02D
:10838000070700221E5D03EBD005BE40F6B2C7F121
:10839000080300278B4228BF0B46C3F108049A400C
:1083A000C91A46FA04F415F8016F42EA0402EED144
:1083B0001046F0BC704700BFB411012030B5EFF398
:1083C0001181802383F312880A4AD2F85836D2F8F2
:1083D0005C46D2F85806D2F85C56CAB282F31188CD
:1083E000013BA84294BF4FF4006000201B1B1844BF
:1083F00030BD00BF100C0120012380F851307047C0
:10840000014BD3F860067047100C01200120704723
:10841000024BC3F86426C3F868167047100C01209D
:10842000024BC3F86C26C3F870167047100C01207D
:1084300070477047212870B505D0222829D0202800
:1084400010D0002070BD0029FBD0072AF9D1184BAD
:1084500018791C685A799B79087100200C604A7160
:108460008B7170BD0029ECD0072AEAD11148104B5E
:108470000C680E794D79D0F8682689791C601E71D8
:108480005D719971002ADCD02146D0F864069047CE
:10849000D7E70029D5D0022AD3D1064AD2F87036C0
:1084A000002BCED00988D2F86C069847C9E700BFE8
:1084B00000000120100C01200020704703460A2212
:1084C00001481A80704700BF08000120034664225B
:1084D00001481A80704700BF14000120012901D013
:1084E00000207047014BD3F890301847000001205E
:1084F000012901D007F02ABB014BD3F88C30184773
:1085000000000120014BD3F88830184700000120FB
:1085100010B40B780A46044603F00303012B05D080
:10852000022B0BD000205DF8044B70478B8843B9B9
:10853000204611465DF8044B0BF092B88B88832BD4
:10854000F6D0034B5DF8044BD3F88030184700BFDA
:108550000000012038B5054B04460D46DB6F9847F7
:108560002946204607F086FE002038BD0000012085
:1085700038B5054B04460D469B6F98472946204663
:1085800007F0B0FE002038BD00000120F0B4002448
:1085900052004E1C2746030FB0F1204F4FEA001047
:1085A00003F1300503F1370334BF0D550B55375533
:1085B0000234A242EFD1F0BC704700BF024808B5B8
:1085C000FFF796FE014808BD881C050874100120BD
:1085D000024808B5FFF78CFE014808BD981C050845
:1085E000741001200B481A220B4B00681B680A808C
:1085F000C01801D109487047094B0822094910B534
:108600001C68FFF7C3FF042207492046FFF7BEFF9F
:10861000024810BD107AF01F187AF01FB000012038
:10862000147AF01FB2000120C2000120024808B5F0
:10863000FFF75EFE014808BDA41C05087410012068
:10864000024808B5FFF754FE014808BDB01C0508F4
:1086500074100120042301480B807047CC000120D6
:10866000004870479C110120004870479C11012070
:10867000034B93F88805032894BF0020012070471E
:10868000100C0120034B93F88805032894BF0020A9
:1086900001207047100C0120034B93F88805003827
:1086A00018BF0120704700BF100C0120034B93F846
:1086B0008805003818BF0120704700BF100C01204A
:1086C00098B182680C4B12B107229A7070471878E3
:1086D0000421DA6003281A611A750CBF80224FF456
:1086E00080729970C3E901227047034B012241F265
:1086F000E4715A705A5470472C5F01200378022BA2
:108700000FD0006908B9012070470E4B1B78032B6E
:1087100012D080B24FF6F773984294BF0020012028
:108720007047084941F6500243688A58B3EB422F1C
:108730002CBF012000207047034B984294BF0020BB
:10874000012070472C5F0120F7FFFF0F30B4037842
:10875000022B13D0104A41F64801436841F63C040D
:10876000555802F5C25100692B4009680238125968
:108770005B0A01FB003030BC10447047064B41F6E9
:10878000300441F6340142681859595800EB410051
:1087900030BC00EB522070472C5F0120826D0346F5
:1087A000126A52681278FF2A0AD190F8F020002A43
:1087B00002F1FF3214BF0120022083F8F02070473D
:1087C0000020704738B540F48062074C0B4640F2F9
:1087D000FF55012100F03F00A563A360E2603DF07A
:1087E000EBF8A56338BD00BF002C01402DE9F8432C
:1087F000884600294FD04718461E284C802507F18F
:10880000FF39EFF3118185F31288D4F85826C9B2E5
:10881000D4F85C06D4F85836D4F85CC681F31188D5
:10882000634594BF4FF400630023121A1344012BD5
:108830001AD101202FF07CF9EFF3118185F3128812
:10884000D4F85826C9B2D4F85C06D4F85836D4F80F
:108850005C7681F31188BB4294BF4FF40063002320
:10886000121A1344012BE4D0EFF3118285F312881E
:10887000D4F85C36D2B216F8011F234483F874167C
:10888000D4F85C360133C3F30A03C4F85C3682F3D0
:1088900011884E45B5D14046BDE8F883100C012043
:1088A000F8B5002390F8505080F85030CDB10F4902
:1088B00041F2E8028A5C032A15D10D4E00F13C0416
:1088C000B76A29462046FFF791FFB36A2D1A044480
:1088D000DB1B322B01D8002DF3D1B5FA85F040090E
:1088E000F8BD0120FCE71846FAE700BF100C012094
:1088F000081D0120002280F85120D1E790F8502077
:10890000531C0244DBB280F8503082F83C1090F8DF
:1089100051200AB1132B00D9C2E77047F8B51446AD
:1089200041F2E803094A0D46D35C032B0DD1084EF2
:10893000B76A002C09DD21462846FFF757FFB36AC6
:10894000241A0544DB1B322BF3D9F8BD100C01208F
:10895000081D012030B500238DB0134908250122E0
:1089600002938DF814300DF10704099301F2BC5005
:108970000B9381F854560DEB05018DF82820CDE9B5
:1089800007330A4BCDE9034206932FF005FF084851
:1089900030F000F99DF80700A0F1FF00B0FA80F078
:1089A00040090DB030BD00BF100C01204D83000800
:1089B000CC11012070B5952292B040F040050446DC
:1089C0008DF80920080E0A0C8DF80810090A0023FA
:1089D00001AE8DF804508DF8050006250DF1030059
:1089E0008DF806208DF8071001221749039604938D
:1089F0008DF818308DF82C300F93119305958DF864
:108A000040200C91CDE90733CDE90D33CDE90902C2
:108A1000FFF7A0FF24B180F0010010F0FF0F10D18C
:108A20000A4C082303A904F2BC5084F854362FF0F2
:108A3000B3FE04F2BC5030F0ADF89DF8030012B064
:108A400070BDFF2012B070BD9D870008100C012082
:108A500030B500238DB010490546012202938DF8F0
:108A600014300DF10704099301F2BC500B9381F807
:108A7000545602A98DF82820CDE90733074BCDE9DC
:108A8000034206932FF088FE054830F083F89DF8E6
:108A900007000DB030BD00BF100C01209D870008FD
:108AA000CC11012070B590B01C4D0024FD22012690
:108AB0000DF1030301A905F2BC508DF803200693C4
:108AC000C5F884458DF81040059407948DF824402E
:108AD0000F94039608968DF83860CDE90144CDE9EE
:108AE0000A44CDE90C442FF057FE05F2BC5030F09B
:108AF00051F83046FFF7ACFFFF2809D0084A20465E
:108B00000923926A85F88835C5F8782510B070BDBC
:108B10000423022085F8883510B070BD100C0120A8
:108B2000081D012070B5064690B008200D46FFF7DD
:108B30008FFFFF2823D0FE2802D0022010B070BD86
:108B400000240222012301A90E4808928DF8383032
:108B50000296039501948DF8104007948DF82440F7
:108B60000F94CDE90544CDE90A44CDE90C442FF03A
:108B700013FE044830F00EF8204610B070BD0120FE
:108B800010B070BDCC1101202DE9F84F484B984230
:108B90000FD003F56853083398424DD00023454A5F
:108BA0001846A2F89430A2F8A030C2E92633BDE8F6
:108BB000F88F404C022300263F4F04F13005DFF8C8
:108BC0000481E362D7F8D0303146B34206F10106A2
:108BD00003D0D4F8B0003BF057FD94F8B4302846E9
:108BE000D4F8B020414685F82430303545F8102CB3
:108BF0003BF05CFFE36A9E42E4DB002384F8A23092
:108C0000E36A0120E16BA28EA56B12FB03F201FB6C
:108C100003F3B4F84060A4F89420C4F89C30E28ECA
:108C2000264BC4F8C010C4F89850A4F8A060A4F86B
:108C30009620C4F89030BAE71E4C02224FF0000B89
:108C40001D4F04F130054FF4806A4FF040094FF496
:108C50000068E262D7F8D020012659465A45B3444D
:108C600003D0D4F8B0003BF00FFD4FF00062D4F811
:108C7000B0104FF4003094F8B4C0296285F824C0D5
:108C8000A5F804A0A5F81090A5F80680AE74C5E973
:108C90000202FFF7BFFA28466E763BF055FEE26A05
:108CA000074B934545F8303BD4DB84F8A260A7E737
:108CB0001971EF00081D0120000001204CC80408B4
:108CC00020C804081940EF002DE9F04103798AB06B
:108CD0002B4E002B14BF0122002286F8B42504D1AC
:108CE00086F888350AB0BDE8F08106F2BC57044624
:108CF00090F9001038462FF055FEA4789CBB4FF039
:108D00000108204B2048C6F8C4456C46C6F85036CA
:108D100086F8C8852FF086FE03461C4D4FF47A7006
:108D2000A6F8C0352EF004FFD6F8C4052FF0F0F8F1
:108D30000FCD0FC40FCD0FC495E8030084E80300E6
:108D4000694638462FF028FD38462FF023FF104B98
:108D5000002286F888859B6A86F87C25C6F87835D7
:108D60000AB0BDE8F08120462EF098FF044608B115
:108D70001E23C3800D2120462FF036F8BFE700BF29
:108D8000100C012074110120801A060078C8040814
:108D9000081D012010B50C463BF0F4FA50B9074B02
:108DA00093F8C430012B4FF012030CBF0448054860
:108DB000238010BD12230448238010BD081D01200C
:108DC000FC000120E8000120D400012010B5074C70
:108DD00004F2BC502FF0DEFE0A202EF09DFED4F8E7
:108DE000C405BDE810402FF093B800BF100C01205F
:108DF0002DE9F8431C4C05468946904694F8886551
:108E00001F46042E08D0082E02D00020BDE8F883AB
:108E1000FFF748FE0228F8D1D4F8C4052FF026F851
:108E200094F87E35B3B969021120FFF7C3FDB8B9D4
:108E30000E4A05230120C4F86495926AC4F8685567
:108E4000C4F87085C4F87475C4F8782584F888353A
:108E5000BDE8F88329461120FFF7ACFD0028E7D0D4
:108E6000FFF7B4FFD1E700BF100C0120081D01205F
:108E700010B50D4C002394F85626C4F8843512B171
:108E80000A4AC2F8C8303CF0A3FF20B104230220F4
:108E900084F8883510BD054A0923926A84F888351C
:108EA000C4F8782510BD00BF100C0120081D01205A
:108EB00070B50F4D04460E4695F88835042B0BD03F
:108EC000082B07D1D5F8803583420ED0FFF7D0FFAD
:108ED000022801D0012070BD08230220C5F8846556
:108EE000C5F8804585F8883570BD022070BD00BF8B
:108EF000100C012010B508F0AFF9104C58B194F8DF
:108F00008835032B13D894F87C350133DBB2072B5B
:108F100084F87C3503D9002384F8883510BD084BCC
:108F200001229B6A84F88825C4F8783510BD05486D
:108F30002FF078FDA4F8C005E5E700BF100C012074
:108F4000081D0120801A060070B51F4C06460D460C
:108F500094F88835042B09D0082B25D1D4F8803516
:108F600083422FD0FFF79EFD02281DD1D4F8C405FF
:108F70002EF07CFF00213720FFF71CFD294617202B
:108F8000FFF718FDC0B994F87E357BB9710219203E
:108F9000FFF710FD80B908230220C4F88455C4F8F7
:108FA000806584F8883570BD012070BD3146192078
:108FB000FFF700FD0028EED0FFF708FFFFF79AFF4C
:108FC000032070BD022070BD100C012070B5037924
:108FD000234C002B14BF0123002384F8B43503D1A4
:108FE000002384F8883570BD1E4D0021032095F9BB
:108FF000CF202FF00DFA0028F2D0466830462FF02F
:109000006BFB84F855060028EAD095F8CD30304641
:10901000003B18BF012384F856363CF05BFA08F099
:109020001BF938B994F87C3584F88805013384F845
:109030007C3570BD3CF0F4FF40B194F87C350022E3
:10904000013384F8882584F87C3570BDAA6A012331
:1090500084F87C05C4F8782584F8883570BD00BF95
:10906000100C0120081D012010B53CF0D9FF58B1AB
:109070000C4C94F87C350133DBB2072B84F87C353B
:1090800003D9002384F8883510BD08F0E5F80028DE
:10909000F7D0054B01229B6A84F88825C4F87835FF
:1090A00010BD00BF100C0120081D01202DE9F84F54
:1090B000904C94F8B455002D00F0028194F8882566
:1090C00002278D4E531E082B3ED8DFE803F03436BE
:1090D000A73D6649153D05003CF07AFE002840F0AA
:1090E0000181D4F87835B26AFA33934229D2FFF776
:1090F000BBFF94F88825E5E73CF06AFE0028F0D035
:10910000D4F884350022012B84F87C2540F2EE80CF
:10911000D4F88015013B94F856560131C4F88435D3
:10912000C4F8801515B1744BC3F8C8200823054650
:1091300084F8883511E084F888753CF049FE0028F1
:109140004DD194F88825531EDBB2022B3CD9082A56
:1091500018BF042A0CBF012500252846BDE8F88F5A
:10916000236B002B37D1644B0722D4F870559B6AD0
:1091700084F88825C4F87835002DEED0D4F87435FD
:109180000120D4F86425D4F86815A847D9E7D4F8A5
:109190007835B26A643393421DD2D4F82C80B8F18A
:1091A000000FF4D13CF014FE0028A2D00423D4F820
:1091B000705584F87C8584F88835002D00F0908007
:1091C0004046D4F87435DCE74B4BD4F878259B6ADD
:1091D0009B1AC82B79D800252846BDE8F88F3CF0AB
:1091E00073FA0028ADD196F8D130002BA3F1020319
:1091F000B3FA83F314BF022201225B0984F87D25B0
:1092000084F87E353CF060FA00287FF470AFD6F821
:1092100020210323C4F88C2584F888353CF054FAC7
:1092200000288ED1344A4FF0040EC4F8840503237D
:1092300092F804B1B2F80611D2F8080184F892B598
:10924000D2F808714FEA106CD2F80861A4F89015B2
:109250003F0CD2F808A1360A92F80C9192F80D5101
:1092600092F80D01D2F8108125FA0EF5B2F816B178
:1092700000F00F00B2F81611B2F81621C1F30B116D
:1092800084F893C502F00F0C84F8947541EA1B2111
:10929000724684F8956501F00F0184F896A584F86C
:1092A000979501F5FA6184F89C5584F89D05C4F8FA
:1092B0009885A4F89E1584F8A0C584F888E543E74E
:1092C000284684F88855BDE8F88FFFF7CDFE94F85E
:1092D0008855082D18BF042D0CBF012500253CE73B
:1092E00005463AE7042384F8883536E7FAD1FFF7D4
:1092F000BFFD26E7100C0120081D01202DE9F843D1
:109300000546884617461E462A4C94F888050428C8
:1093100035D0082807D1D4F88035AB4206D0FFF706
:10932000C1FB0228F1D00120BDE8F883FC22224BCA
:10933000DFF88C90214883F83021C9F838812FF06C
:109340005BFA002809F588711C4814BF4FF40073BC
:109350004FF48073C9F840312FF01EFA0122062322
:109360000020C4F86485C4F86855C4F87075C4F862
:10937000746584F86C2584F88835BDE8F883D4F8E2
:10938000C4052EF073FD94F87E3553B96902182098
:10939000FFF710FB38B994F88835082BC6D0FE22A9
:1093A000C5E72946F3E7FFF711FDFFF7A3FD03200B
:1093B000BAE700BF100C0120081D0120CC110120CC
:1093C000000001202DE9F04FD84C95B094F8B46519
:1093D000002E00F0998194F8882504F2BC57DFF83C
:1093E000508304F2A459531E082B00F2A080DFE83A
:1093F00013F034005E0029019E008C00AF001B00BA
:109400009E000900FFF7A6FA002840F05782D4F822
:109410007835D8F82820FA33934280F08580FFF71A
:1094200069FD94F88825DEE7FFF794FA0028EED06E
:10943000D4F884350022012B84F87C2540F2638225
:10944000D4F88025013B082106460132C4F8843552
:1094500084F88815C4F8802552E1D4F8C4052EF0AC
:1094600005FD00210846FFF7A5FA0546FFF7AEFC0B
:10947000012D59D14FF0000AD4F8C40584F87DA518
:109480002EF0F4FC40F2AB110820FFF793FA052808
:1094900000F09081012800F05181FFF797FC94F8CB
:1094A0007D35002B00F02B82022384F88835D4F818
:1094B000C4052EF0DBFC94F87D3500213720022B0B
:1094C0000CBF4FF080450D46FFF774FA292029465E
:1094D000FFF770FA0546FFF779FC2DBB94F87D3550
:1094E000022B00F0988184F87E55D4F8C4052EF044
:1094F000BDFC00210920FFF75DFA002871D0FFF7BD
:1095000065FC94F88825531E11E04FF40071D4F8DF
:109510006405FFF707FB012800F03081022800F006
:109520003581002800F0618194F88825531EDBB254
:10953000022B00F2DF807E4BD4F878259B6A9B1AC1
:10954000C82B00F2E7800026304615B0BDE8F08F4A
:10955000D4F8BC3577481D6A2FF04EF9002800F08A
:109560002C81B5FA85F56D09002DDDD004A8002504
:109570000DF10F0302224FF0010A05A905903846AC
:109580000792ADF8105006958DF820508DF83450A4
:1095900013958DF848A0CDE90B3ACDE90955CDE9F1
:1095A0000E55CDE910552FF0F7F838462FF0F2FAA6
:1095B0009DF80F3003F01F03052B00F08881FFF7A3
:1095C00099FCD4F870B5BBF1000F00F0F0802A468A
:1095D0005046D4F87435D4F86815D84794F88825DF
:1095E00001E710214846FFF79DFA8246002886D100
:1095F00001217F20FEF7C0FE012805467FF47FAFE2
:1096000050460221FEF7B8FE002800F038810128FC
:109610007FF475AF16213A20FEF7AEFE01308002CE
:10962000C4F88C05FFF7D2FBD4F8C4052EF01EFC5D
:1096300000210A20FFF7BEF9002840F0198103231A
:1096400084F88835102105A8FFF76CFA00287FF40C
:109650006BAF9DF821309DF822201B019DF815006D
:109660009DF8165002F00F01DBB245EA0025DDF847
:109670001D0043EA12139DF81C2000BA84F8A015BF
:1096800003F5FA639DF81710C4F89805A4F89E3501
:1096900013099DF8140002F00F0284F89C35069B14
:1096A000A4F89055C4F8943584F89D2584F8920563
:1096B00084F89315FFF78AFB94F87E3573B9D4F8D4
:1096C000C4052EF0D3FB4FF400711020FFF772F9A0
:1096D0000546FFF77BFB002D7FF4A1AE16482FF067
:1096E000A1F900220423A4F8C005C4F884251A4671
:1096F00084F88835082A18BF042A0CBF01260026E2
:10970000304615B0BDE8F08F304684F8886515B056
:10971000BDE8F08FFFF7EEFB94F88865042E18BFC4
:10972000082E0CBF01260026EAE700BF100C01201E
:10973000081D0120CC11012040787D01042304AADA
:1097400005A98DF83400784807930692CDF814A047
:109750008DF820A0CDF838A0CDE909AACDE90BAA53
:109760002FF01AF870482FF015FA9DF81330AB2B34
:109770007FF493AE022384F87D358EE6D4F87835F5
:10978000D8F8282064339342BFF4CEAEFFF71EFB17
:10979000FFF7B0FBD4F870554DB10022D4F8743502
:1097A000D4F868151046A84794F888251BE694F865
:1097B000882518E684F87D556FE694F86C550246C6
:1097C000D4F864154FF48073384601EB05212FF06F
:1097D000C7F994F86C250132D2B2A2F1020584F8DF
:1097E0006C25B5FA85F56D09BEE60190FFF7EEFA36
:1097F00004230198D4F8705584F87C0584F88835E2
:10980000002D3FF47DAFD4F87435D4F86425D4F836
:109810006815A84788E6D4F8C4052EF027FB29462A
:109820003A20FFF7C7F80DF1100C042201238246FD
:1098300005A9384605958DF820500E95CDF818C02D
:1098400007928DF83430CDE90955CDE90B552EF04E
:10985000A3FF38462FF09EF9BAF1000F08D1FFF7A9
:10986000B5FA049B1BBAC3F3807384F87E353CE6DB
:10987000FFF7ACFAFFF73EFB94F88825B3E5042127
:109880002C20FEF779FD032182464E20FEF774FD61
:1098900083460C213620FEF76FFD0BF1020B421CB4
:1098A00005FA0AF502FA0BF2A2FB0501420A42EAA6
:1098B000C152C4F88C25FFF789FAB5E60190FFF78D
:1098C00085FA0423019884F88835064618E7174B73
:1098D0000722D4F870659B6A84F88825C4F8783527
:1098E000002E3FF40DAFD4F874355046D4F86425FB
:1098F000D4F86815B04794F88825531E17E61E461D
:1099000084F88835FCE608D0042384F88835FFF70E
:109910005DFA94F88825531E09E6FFF7C3F802287C
:109920007FF402AEEBE500BFCC110120081D012041
:10993000154BDB68C3F3022310B4C3F107041A1DEF
:10994000042C28BF0424062A4FF0FF328CBF033BAF
:109950000023A240002821EA020101FA03F108DBFA
:1099600009010A4BC9B2034483F800135DF8044BA4
:10997000704700F00F000901054BC9B20344197686
:109980005DF8044B704700BF00ED00E000E100E02F
:10999000FCEC00E030B5264C0022264841F287312D
:1099A000D4F8743183B0244DA0FB030304F59A70FE
:1099B000C4F83451DB0C013BC4E95012C4E94E3207
:1099C00008F03CFB1D4B062137201A6C42F02002A8
:1099D0001A641B6C03F020030193019BFFF7A8FF9F
:1099E000D4F834314FF400001549164A4860D9685C
:1099F00041F00101D96099680A40062A06D0B2F503
:109A0000803F03D01A6842F001021A600E4B41F207
:109A1000041200200D499A5803F27464C3F87006CA
:109A2000C2F81002C3F86806C2E9811403B030BD61
:109A3000081D012083DE1B43001400400038024053
:109A400000E100E007000100100C0120801E012051
:109A500038B50F4B0F4AD3F87431A2FB03239B098F
:109A6000013BB3F1807F10D20B4A0024F0200B4958
:109A70000725536081F82300214694604FF0FF30A2
:109A80001560FFF755FF204638BD012038BD00BFE7
:109A9000081D0120D34D621010E000E000ED00E051
:109AA0004309012200F01F0084B0013B02FA00F0DC
:109AB000032B0BD8DFE803F015021E0C124B5A6C77
:109AC00002435A645A6C10400090009B04B07047E7
:109AD0000D4B1A6B02431A631A6B10400390039BE1
:109AE000F4E7094B5A6B02435A635A6B10400290D9
:109AF000029BEBE7044B1A6C02431A641A6C104089
:109B00000190019BE2E700BF0038024070B51D4D97
:109B10002B6893F82620C2B11B699847C0B12B6807
:109B200093F824207AB12E1D00241A19E0B29B6903
:109B3000013492F82C10B6EC010A98472B6893F880
:109B400024209442F1DB5B6998472B7D332B00D0B6
:109B500070BD2B7E002BFBD02B6893F82430042B98
:109B60001E46A8BF0426002BF2D00024064D234633
:109B7000013418463DF0D4FA45F8040BE3B29E4296
:109B8000F6D870BDA0010020BC0100202DE9F041F5
:109B9000D0F800E00C46DFF8588084B0DEF80450BE
:109BA0001746DFF850C0194605EA0805DDF8288099
:109BB000064603932C43424644EA0C0CCEF804C0FC
:109BC0000AF050F978B931680246039B30468F623B
:109BD0004021CDF800800AF075F9003818BF012047
:109BE00004B0BDE8F081012004B0BDE8F08100BF01
:109BF000009800FC00200180F8B5134F04460D4684
:109C00000AE09B69DB0602D50AF0ECF8D0B9D7F878
:109C100078395B1B0A2B08D823682A460A2120467C
:109C20009E69B606EDD50020F8BD636C20210022A8
:109C300001200B4384F84020636484F8411084F8C9
:109C40004220F8BD0120F8BD081D0120F0B589B003
:109C50000D4604462EF0D6FA031E1CDB164A20469B
:109C6000164E1A4406EB830392F88070C3F87C59B1
:109C70002EF0EEFA3E440023A588114A03A920687D
:109C80000793CDE90533CDE903520AF099F996F827
:109C9000BC39F02B01D809B0F0BD0A4AF0230321EA
:109CA000D05786F8BC390190FFF742FE01980BF0BF
:109CB0003FF909B0F0BD00BF20C80408081D01200D
:109CC00000001110001D0508B0B10C49D1F8C439CD
:109CD000102B03D1052100202EF06ABA03EB4302BA
:109CE0000A4482F8C809202082F8C90901200344E7
:109CF00082F8CA09C1F8C439704700BF081D0120A5
:109D00008078E1E72DE9F04FC14C002387B004F6DD
:109D1000F81894F80C2AC4F8F839C8E90133C8E9EE
:109D200003331AB194F80D3A84F8F83994F80E3ADE
:109D30001BB194F80F3A84F8073A94F8123A1BB121
:109D400094F8133A84F8023A94F8103A1BB194F854
:109D5000113A84F8FD3994F8143A013B5FB2DBB252
:109D6000019702933B46013300F04F81A94EB02288
:109D70000023A94802FB076106F5287AA0F128050F
:109D80000093903106F5467941F0F2FB0122009BE9
:109D90002E4602FA07FB1F46307890B39F494FF0DA
:109DA000300C03E089452CD011F808CF6045F9D17B
:109DB0004A7812EA0B0FF5D02DF070FFFB1DDBB2D5
:109DC00010B100218371C17103212EF00DF830789C
:109DD0000023302101E01AF83310884200F0B281EC
:109DE0000133102BF7D14FF0000C009A012107200E
:109DF00086F801C0531CB270F170DBB23071009371
:109E00000B4601370536042FC6D194F8240A0127E2
:109E10000393FFF745FE4FF44031814E0022009B33
:109E2000C4F82C1A3046D4F8201AC4F8443AC4F8BE
:109E3000407AC4F8387A84F8587AC4F8302AC4F8DA
:109E4000502AC4F8542AC4F8342A84F8482AC4F89A
:109E50004C2AC4F83C2AC4F8281AFEF7D1F8019B12
:109E6000002B40F0EF80039B002B00F0EB80A6F16D
:109E700008003FF001F9012308F114084FF0000A2F
:109E80009B46EA78002A40F0178105354545F8D110
:109E9000019B02200299234493F91C2A2EF0B8FA60
:109EA0000546002800F0B18040682EF015FC002225
:109EB00006212EF021FC002800F0A780686800270A
:109EC0002EF00AFCDFF874813EF0B8FE009B6A6851
:109ED000012B4FF40063A8684FF400558CBF4FF47A
:109EE00080613946C4F8702A4FF40032C4F8801AF1
:109EF0004FF48071C4F8843A0323C4F8740A4046CE
:109F0000C4F8983AC4F8787AC4F87C7AC4F8947A99
:109F1000C4F89C7AC4F8A07AC4F8885AC4F88C1A99
:109F2000C4F8902A0AF062FF94F8643AC4F8608A90
:109F3000012B0597C4F8A86A67D00123D4F8285AE2
:109F400084F8643AAB68DE0713D4D4F87431354929
:109F5000AA68B3FBF1F342F0010203EB4303AA60EA
:109F60000593059B2BB1059B013B0593059B002B9E
:109F7000F9D1AB68D80748D5D4F8682A2A4B1340E2
:109F800043F48073C4F8683A6B68590507D5D4F870
:109F9000683A23F4405343F48053C4F8683AD4F841
:109FA000683A13F4805300F03881D4F86C3A23F007
:109FB0000603C4F86C3A1D4800231D496FF02202C5
:109FC000C4F8B00A1B4884F8643AC4F8AC1A05F126
:109FD0004C01C4F8BC0A2A606E68009B46F080669B
:109FE000154A16486E60AE6846F48076AE600AF098
:109FF00075FE134B5A68D20640F0F880D4F8283A20
:10A000009A6812F0405F00F0038107B0BDE8F08F5E
:10A01000081D012020C8040828270120C0CA040800
:10A020003027012040420F00FEF8FFFFFDFF00082F
:10A0300001000108EDFF0008DC0100207827012065
:10A0400000230140B02200217B48482742F0F2F96A
:10A05000B0220021784842F0EDF9784B384684F878
:10A06000D47AC4F8D03AFFF71BFD4FF440300023F8
:10A070000121D4F8D02AC4F8DC0A7148C4F8F01AD7
:10A08000C4F8E81A84F8081BC4F8E03AC4F8003BA6
:10A09000C4F8043BC4F8E43AC4F8F43A84F8F83A53
:10A0A000C4F8FC3AC4F8EC3AC4F8D82AFDF7A8FF83
:10A0B00061483EF0E1FFDEE694F8640A5A1C6978D4
:10A0C0000128D2B22F79CDF810A039D0092984F80F
:10A0D00064BA52D94FF0030E6FF01D00D4F828CAAD
:10A0E0004FF007091EFB0100DCF80CE009FA00F94B
:10A0F00007FA00F02EEA0907CCF80C70DCF80C70B7
:10A100003843CCF80C00062B4FF0050020D86FF038
:10A11000040710FB0373D4F8287A1F2000FA03FC0D
:10A12000786B01FA03F320EA0C007863786B034341
:10A130007B63D4F8283A4148834234D084F864AA37
:10A140001346A2E63F4A02EBC30393F8A4C24CE6CF
:10A150000C2B32D86FF0220710FB0373D4F8280AB7
:10A160001F2707FA03FC076B01FA03F327EA0C0722
:10A170000763076B3B430363DBE7D4F8280A01EB73
:10A1800041094FF0070ED0F810C007FA09F70EFA90
:10A1900009FE2CEA0E0CC0F810C0D0F810C047EA37
:10A1A0000C070761AFE712291AD01129C6D1264939
:10A1B0004B6843F400034B60C0E76FF0400710FBAF
:10A1C0000373D4F8280A1F2707FA03FCC76A01FAA9
:10A1D00003F327EA0C07C762C76A3B43C362A8E7D9
:10A1E00019494B6843F480034B60A7E7D4F8282A49
:10A1F00012498A4214D05B68DB063FF506AF134B69
:10A200009A427FF402AF9A6812F0405F7FF4FDAE8D
:10A210009A6842F080429A60F7E6C4F86C3ACAE65F
:10A22000936813F0405F03D1936843F080439360D9
:10A23000054B5B68E9E600BFD827012000200140FC
:10A24000E027012020C8040800230140002201402B
:10A250002DE9F041D0F800E00C46DFF8588084B0DA
:10A26000DEF804501746DFF850C0194605EA080525
:10A27000DDF82880064603932C43424644EA0C0C42
:10A28000CEF804C009F0EEFD78B931680246039BB0
:10A2900030468F628021CDF8008009F013FE00382F
:10A2A00018BF012004B0BDE8F081012004B0BDE872
:10A2B000F08100BF009800FC00200181034690F867
:10A2C0003C00012800F03E810220F0B4012483F814
:10A2D0003D0083F83C40142A45D8DFE812F04D00D9
:10A2E0004400440044007B00440044004400DA0081
:10A2F000440044004400AA00440044004400060115
:10A3000044004400440015001A688E68156A0F68FE
:10A3100025F48015AB4C1562106A556820F40010C6
:10A32000D2F854C040EA0650A74E0CEA0404B242E8
:10A3300044EA072400F0088106F58066B24200F086
:10A3400003814E6855605465D6651062506D0C6986
:10A3500040F400605065506D20F480605065516D90
:10A3600041EA0421516500220121104683F83D1085
:10A3700083F83C20F0BC70471A68D1F808C0156A11
:10A380000F6825F00105914C1562106A56689569B1
:10A3900020F002002C408C4D40EA0C00AA4244EA16
:10A3A000070400F0DD8005F58065AA4200F0D88042
:10A3B0004D68566094615563106290690C6940F075
:10A3C00008009061906920F0040090619169214338
:10A3D0009161C8E71A68D1F808C0156A0F6825F0BE
:10A3E00010057B4C1562106A5668956920F02000B4
:10A3F0002C40754D40EA0C10AA4244EA072400F0B4
:10A40000C38005F58065AA4200F0BE804D685660A5
:10A4100094619563106290690C6940F400609061EA
:10A42000906920F480609061916941EA0421916112
:10A4300099E71A688E68156A0F6825F48055644C90
:10A440001562106A556820F40050D2F81CC040EA2A
:10A4500006305D4E0CEA0404B24244EA072400F0E0
:10A460008D8006F58066B24200F088804E685560A7
:10A47000D46116641062D0690C6940F40060D06148
:10A48000D06920F48060D061D16941EA0421D161B2
:10A4900069E71A68D1F808C0156A0F6825F4807555
:10A4A0004A4C1562106A5668D56920F400702C4039
:10A4B000454D40EA0C20AA4244EA070473D005F552
:10A4C0008065AA426FD04D685660D461D563106232
:10A4D000D0690C6940F00800D061D06920F0040018
:10A4E000D061D1692143D1613DE71A688E68156A50
:10A4F0000F6825F48035374C1562106A556820F4D2
:10A500000030D2F854C040EA06402F4E0CEA040452
:10A51000B24244EA07041DD006F58066B24219D063
:10A520004E685560546596651062506D0C6940F038
:10A5300008005065506D20F004005065516D2143B6
:10A54000516510E70220704725F480254E6945EAE1
:10A550008625F6E625F480354E6945EA0625DFE7CF
:10A5600026F4407C20F008008E69CF684D6938439E
:10A57000354320F0040045EA0C0619E725F4804530
:10A580004E6945EA861571E726F4406C20F080009C
:10A590008E69CF684D6940EA0710354320F04000CE
:10A5A0004CEA850632E726F4405C20F400608E69B0
:10A5B000CF684D6940EA0720354320F480604CEABB
:10A5C000051680E7FF8FFFFE000001408CFFFEFFB5
:10A5D000FF8CFFFE8FFFFEFF0128B5EEC00A10D0F2
:10A5E000F1EE10FA0BDD9FED177ADFED177AE0EE52
:10A5F000077AFCEEE77A17EE903A98B2704700209F
:10A600007047F1EE10FA0BDD9FED107ADFED107A56
:10A61000E0EE077AFCEEE77A17EE903A98B27047D0
:10A62000EDD5F7EE006A9FED0B7ADFED0B7A30EE99
:10A63000260AE0EE077AFCEEE77A17EE903A98B237
:10A64000704700BF00E0F9440000404200C0794478
:10A650000000834400C079C400E08244F8B53D4E58
:10A6600096F8804B04EB8403A70006EB830393F872
:10A67000843B032B44D8DFE803F0461B0F023C4425
:10A6800006EB8404D4F8883B002B58D0013B00250E
:10A69000C4F8883B2846F8BD3B1906EB8303D3F882
:10A6A000882B7AB1013A0025C3F8882B2846F8BDDB
:10A6B0003B1906EB8303D3F8882B002AF2D1022240
:10A6C00083F8842B3C4406EB840494F8903B013BD4
:10A6D000DBB284F8903B4BBB0323D4F88C0B84F89B
:10A6E000843B42F055F8C4F8880B064642F070F8F7
:10A6F00080F00100002E0CBF002500F0010525BBF5
:10A7000001252846F8BD2EF043FF05460028F7D066
:10A710003C44012342F2107006EB840484F8843B2D
:10A7200042F036F8C4F8880B2846F8BD01254FF4EE
:10A730007A7042F02DF8C4F8880B2846F8BD42F034
:10A740006BF880F00100C5B2B0E7013EC4F8886B39
:10A75000ACE700BF081D012003689B0AA3F5801326
:10A76000522B00D970470E4A134470B593F820431A
:10A7700084B00D2C12D800294FF0000309494FF086
:10A78000010514BF1E460226427901EB841069467A
:10A79000CDE90065CDE9023307F010FB04B070BDD0
:10A7A00020C80408DC28012033492DE9F84F91F82E
:10A7B000D1101C46012507460229DFF8C4A0104627
:10A7C00019464FF00002DFF8BC9018BF7F02CAF8AC
:10A7D0002C50FDF7BFFC294A630240F2FF5BC9F829
:10A7E00024204FF40075C9F828304FF48A62D9F854
:10A7F0002C30012110205E4643F09303C9F82C3021
:10A80000C9F838B0C9F808504D46C9F80C203BF0DB
:10A81000D3F8012CC9F838B04FF00A048CBF4FF0C0
:10A8200052084FF051084FF0000939464046FDF7F5
:10A83000C9FF013C034640F2774201213720E4B2D0
:10A8400023B91846CAF82830BDE8F88FAE63C5F8BA
:10A850000890EA603BF0B0F8AE63034608B1002C04
:10A86000E3D1002BEDD000221846CAF82C20CAF8FC
:10A870002830BDE8F88F00BF081D012000E1F50574
:10A88000100C0120002C01402DE9F843DFF8748002
:10A8900004460F46914698F888551E46042D08D068
:10A8A000082D02D00020BDE8F883FEF7E1FA022867
:10A8B000F8D101233A4620460021FFF775FF68B121
:10A8C000FEF7D2FBD8F87045002CEBD00022D8F868
:10A8D0007435D8F868151046A047E3E7084A052301
:10A8E0000120C8F86475926AC8F86845C8F8709580
:10A8F000C8F87465C8F8782588F88835BDE8F88305
:10A90000081D0120100C01202A492DE9F04F91F873
:10A91000D1100124DFF8A8B00746022983B0CBF894
:10A9200030409A4618BF4702012B4FF00A04224DCF
:10A9300040F2FF568CBF4FF059084FF058084FF0C7
:10A940000009009239464046FDF73CFF013C0346B2
:10A9500040F2774201213720E4B2BBB9009851465A
:10A9600001220193154CFDF7F5FB13494FEA4A22EA
:10A970000020019B4C628A62CA6A42F09102CA625C
:10A98000CBF82800184603B0BDE8F08FAE63C5F8D9
:10A990000890EA603BF010F8AE63034608B1002C63
:10A9A000D0D1002BDAD000221846CBF8302003B0EB
:10A9B000BDE8F08F081D0120002C014000E1F505E5
:10A9C000100C01202DE9F84F05460E4690461F4613
:10A9D000394C94F8880504280CD0082807D1D4F8FD
:10A9E0008035AB4206D0FEF743FA0228F1D00120B1
:10A9F000BDE8F88FDFF8C8A0C4F86465DAF8C8903D
:10AA0000C4F86855C9F34F234FEA59220F2B2BD8AE
:10AA1000D4F884B5BBF1000F26D094F8561619B3BC
:10AA2000B9F5005F41D025484FF4007231464844E3
:10AA300040F09EFD09F50072C2F34F23CAF8C8200A
:10AA4000520A102B31D0BBF1010F2ED0D4F8802543
:10AA50000BF1FF33042102200132C4F8843584F85D
:10AA60008815C4F88025C3E701234FF00109284663
:10AA7000062532460021C4F87085C4F8747584F840
:10AA80006C9584F88855FFF73FFF0028B0D0FEF79B
:10AA9000EBFAD4F870556DB14846D4F87435D4F853
:10AAA00068150022A8470320A2E792B2034E013A9C
:10AAB000AD1ADAE703209BE7100C01202C3F0120A0
:10AAC000081D012003681878012801D00020704774
:10AAD00093F90430074A03EB430302EB431393F863
:10AAE000E92F202AF3D1D3F8A83F9869C0F3C030EA
:10AAF000704700BF081D012010B50A4CE3691B78A0
:10AB0000022B0DD1606A2DF003FA606A08B121238F
:10AB1000C38001212DF068F903482DF083FF2084C4
:10AB200010BD00BF002E01208096980030B504466D
:10AB300083B001230D460DF10702084821462EF08F
:10AB4000F5F89DF8072035EA020304D02A43214690
:10AB500002482EF0C9FB03B030BD00BF1C2E0120FF
:10AB600038B505460A460C46064829462DF0C6FF6C
:10AB700045F0800103482DF069FF231A58425841DF
:10AB800038BD00BF1C2E012070B50D4C1346E56981
:10AB90002A78022A07D00A46014604F11C00BDE8C3
:10ABA00070402EF0C3B82A6A0AB1002070BD0A4670
:10ABB000014604F11C002DF071FF012070BD00BFA3
:10ABC000002E0120036801221B78022B01D02EF0F9
:10ABD000D9BA2DF0BBBF13B53A4C0023D4F8F420FA
:10ABE0008DF80730137803F0FD01012905D194F8A1
:10ABF000F81011B90C2184F8F810022B1ED0032B89
:10AC00002ED001220B2130483AF03AFB04202CF0E0
:10AC10008FFF01230DF1070200212B483AF052FB70
:10AC2000002839D09DF80730482B35D1274BC4F880
:10AC3000E830274BC4F8EC3002B010BDD4F8FC006B
:10AC40002DF066F9D4F8FC0008B13423C38001214B
:10AC50002DF0CAF81F482DF0E5FEA4F8F800D0E763
:10AC6000D4F8A43546F2A8115068122219610023C5
:10AC7000372180F888303AF0D7FAD4F8F4300D2232
:10AC8000242158683AF0D0FAD4F8F43030226A21FE
:10AC900058683AF0C9FAB4E7D4F8F4301A78022ABE
:10ACA00003D0032A07D00020C6E7D4F8FC002DF01B
:10ACB00053FD0020C0E71022372158683AF0B4FA5B
:10ACC000F1E700BF002E0120F42E012023530408D9
:10ACD000A55304088096980030B54CF205028DB05B
:10ACE000002304460321ADF8002001AD01228DF8B8
:10ACF00002300B938DF814208DF82820CDF808D061
:10AD0000CDE90633CDE90833CDE903512DF042FFFB
:10AD1000204602A92DF040FD20462DF03BFF9DF876
:10AD200006000DB030BD00BF2DE9F043744E83B076
:10AD3000744C2422002106F1380041F07BFB0023F3
:10AD400094F8A557F365002D37D16F4FD7F89030A1
:10AD500043B39B6A33B36D489847836813B3038842
:10AD600000246B4F013BBC4639469BB20878063144
:10AD700003281BD00134062CF8D10022397806377D
:10AD8000022900F09E800132062AF7D1F16D0529D3
:10AD900008D002FB01C20131F1650220002193803D
:10ADA00010705180284603B0BDE8F083062303FBF2
:10ADB0000464638F013B9BB2DFE704F2AC7394F849
:10ADC000A407C4F8A83710B900254F4FBEE72CF0F0
:10ADD00065FFC4F8B40718B1837913F0BF0FF3D13E
:10ADE00029464C482DF0DEFD05460028ECD0D4F86D
:10ADF000A837464A9868C3F8942008B12023C38036
:10AE00000D21414F2CF0F0FFD4F8A8374FF0010985
:10AE100098682DF07DF840482DF004FED4F8A8374E
:10AE2000024632209A80C7F8B03087F8B4902CF0F0
:10AE30007FFE04234FF0000C9F21D4F8A8070DEBF0
:10AE40000302CDF804C02DF029FE9DF805809DF881
:10AE5000043007F190004FEA08289DF8061048EAF0
:10AE6000034848EA0108414639F020FE00287FF4F3
:10AE70006DAF4046FDF788FE034600287FF466AFBD
:10AE80009DF806009DF8052000029DF8071040EA95
:10AE90000240224A0843904217D0A7F89430A7F8FE
:10AEA000A030C7E92633FDF76FFE034600287FF484
:10AEB0004DAF94F8A4071D462CF0F0FE2DF04CFC8D
:10AEC00044E7062101FB02C267E7154B4FF400314E
:10AED0004FF0006287F8A290C7F894304023C7E98A
:10AEE0002612A7F8A030FDF795F907F1900087F832
:10AEF000A99039F029FD0B4BC7F8903026E700BF29
:10AF0000100C0120002E0120081D0120981D012099
:10AF1000480C0120AC350120404B4C0021AAEF0029
:10AF20000004000820C804082DE9F04F0423BE4C9B
:10AF3000402141F21C1504F6746704F160064FF0DD
:10AF4000A042636661670023022194F81D048BB060
:10AF5000C4F8607466512266C4F890302367C4F860
:10AF60008C30C4F88430A167E166C4E91F3300283F
:10AF700000F0628103211F46164684F81D14936871
:10AF800023F001039360F368304643F04003F3601D
:10AF900006F074F9B36B012F054643F48033B363B5
:10AFA00017D005B3022384F81D34A04B93F8C45086
:10AFB000012D00F0FD80236E8021012059625A6A24
:10AFC00042F480029A62FDF74DF900200BB0BDE813
:10AFD000F08FB36843F00603B360B36843F0200317
:10AFE000B360002DDED1236E3220DA6822F0C04239
:10AFF000DA60DA6842F08042DA6009F0A7FF606E3A
:10B0000050B32A4601272946C2EBC203561C04EB63
:10B01000830383F89C20A3F8A220F2B283F89D70EA
:10B02000824283F89F10C3F8B010C3E92911EBD313
:10B0300000221146C2EBC203561C04EB830383F8C3
:10B040005C22F2B283F85D12824283F85F12C3F889
:10B050007012C3E99911EDD30022236ED4F86CC0AD
:10B060001646D4F87080D4F88CE0D4E91E710191B2
:10B0700002F14001013203EB81010F2A4E60F7D14A
:10B080009A6BBEF1000F40F0438122F400129A63E4
:10B090001A6842F040021A601A6842F080021A6090
:10B0A0000022012F03F50066C3F8002ED3F8002814
:10B0B000C3F80028D3F8002800F02181032F00F006
:10B0C0001E8142F00302C3F800284FF48461584AFD
:10B0D000196102E0013A00F0328119698F06F9D452
:10B0E0001021534A196102E0013A00F026811969E2
:10B0F000C906F9D4002131617161F161E0B103F554
:10B1000010624FF0904A4FF0006B0F464FF67F39B8
:10B110009C4607E0176001311761C2F808902032A1
:10B12000814261D01368002BF4DA11B1C2F800A09B
:10B13000F1E7C2F800B0EEE73269B8F1010F22F48E
:10B140008072326100F0ED8000216FF080429961E1
:10B150005A61B8F1000F03D19A6942F010029A6166
:10B160009969344A0A439A61019A1AB19A6942F07C
:10B1700008029A61BEF1010F00F0CE80002D7FF42D
:10B1800011AF0121D4F8842084F898508A4284F8C1
:10B190001D1400F0D6807368032043F0020373602F
:10B1A00009F0D4FE214B93F8C450012D7FF403AF76
:10B1B00039F0E8F800287FF4FEAE236E802228469E
:10B1C00040215A625A6A42F400129A62FDF74AF824
:10B1D00020210220FDF746F840210320FDF742F828
:10B1E00000200BB0BDE8F08F002163460CF5306203
:10B1F0004FF0904A4FF0006B0F464FF67F39844670
:10B2000007E0176001311761C2F8089020326145EC
:10B2100092D010680028F4DA11B1C2F800A0F1E76A
:10B22000C2F800B0EEE700BF100C0120081D01209D
:10B23000400D030000383C8000F0FF054C4B03201C
:10B240004FF4C05684F81C541A6B42F001021A6382
:10B250000A221B6B069105A903F0010308904548DB
:10B260000493049B07950596099208F0A9FED4F86B
:10B270008C30012B72D03E4B062143205A6B42F09A
:10B2800080025A635A6B02F080020292029A5A6C50
:10B2900042F480425A645B6C03F480430393039B43
:10B2A000FEF746FB266E0323334A0821916084F89B
:10B2B0001D34A26FB368012A276F23F00103B36026
:10B2C0007FF461AEB26B2D4B22F48032D4F894102F
:10B2D000B2630129F26803EA0203F360F36823F41E
:10B2E0004013F36003D1F36843F48013F3603046F6
:10B2F00005F0C4FF012F05467FF453AE69E6BCF1AB
:10B30000000F3FF4E0AE42F00102C3F80028DCE693
:10B3100042F400129A63C3E69969194A0A439A6192
:10B320002CE718490020184A31636FF08041376BD1
:10B330003A4332639861596112E70125DAE6012543
:10B34000CEE684F854549969C4F85C2441F0006155
:10B350000E4A9961596D0A435A651CE74FF4007310
:10B3600005A904480593CDE9065508F029FE82E7B2
:10B37000003802400000024000E100E0BFFFBDFFD6
:10B3800004000040000180000300010003000010E1
:10B3900010B51A4C94F84508C0B9194B83F8B50597
:10B3A000C3F8B80594F84838012B05D0022B21D0FA
:10B3B000D4F84C381BB910BD124BC4F84C381249A4
:10B3C0005B68A1F10C00BDE8104018472CF066FC4A
:10B3D00094F847280A49003AC1F8B80518BF012275
:10B3E00081F8B5250028DDD01F222021C2802CF055
:10B3F000FBFCD7E7054BC4F84C38E0E7002E0120F2
:10B40000100C012084010120503601206001012030
:10B4100099B10A6B824216D9154BD3F89428914200
:10B4200021D34C3991421ED30B6B9842F9D38B6BCD
:10B430009842F6D80B46184670470D4BD3F894182F
:10B440000A6B904212D30B680BB9F4E70A6B904277
:10B450000B4602D38A6B9042EDD951F84C3F002B3A
:10B46000F4D1184670470023184670470A46D8E7BB
:10B47000002E01202DE9F047CC0143D1034622499B
:10B480004FF0FF32022443F8081B7E264260184624
:10B49000DFF878802644051D6FF07047D8F898983B
:10B4A0004FF0010A013E494608E0A3421CD0631C4C
:10B4B00045F8043C321B1C460435CAB10B6BA34251
:10B4C00002D88B6BA34204D22046FFF7A1FF0146AE
:10B4D00090B10A794B6B002AE7D1A34204D0E6D29F
:10B4E000631C45F8042CE5E7631C45F8047CE1E7A0
:10B4F000C8F89818BDE8F087321B631C494645F828
:10B5000004ACD8E78026C3E7F8FFFF0F002E012028
:10B510002DE9F04FDFF870810127574CDFF86CA15F
:10B52000DFF86C912DED028B9FED548A85B0FEB251
:10B53000572118F8010B32462AF056FC0546002820
:10B5400000F0828003680122DFF848B14FF4005C0C
:10B55000534518BFB3F1804FE060DBED5D7A0CBF5F
:10B5600001230023F8EE677A04ED088A002B04F823
:10B57000233CDBF8743114BF10464FF48070A9FBF4
:10B580000313002144F80C0CDB0818F8010C44EDFF
:10B59000077A44F8083C04F8242C24F8182C24F8E2
:10B5A000162C44F8041C44E905C12CF077FB2061FB
:10B5B00010B15723C67183716A7A42212CF0C0FB07
:10B5C000DBF87421002128463BF02AFD14F8233CC7
:10B5D000002B43D02A4B00222146284623603BF013
:10B5E000EBFB28683BF076FD834670B10023012118
:10B5F000042200930392CDE9011369466A7906F0AB
:10B60000DDFB6979584606F0A9FCE2684FF0FF358A
:10B6100054F80C3C013E1B484FF4005C11682B446D
:10B62000F6B290F824018B6201220023B042CD6271
:10B630004A6124F8182C24F8162C44F8043C44E9F8
:10B6400005C301D12AF07EFB01373834052F7FF482
:10B650006EAF05B0BDEC028BBDE8F08FDFF838E0CF
:10B66000221DDFF838C021462846A360C4E900EC5B
:10B670003BF0A2FBB5E700BF08020020000000007D
:10B68000D10A0000A0010020A0360120000C0040DB
:10B690001F85EB51081D0120090C0000C50D00009D
:10B6A0000C480D4BD0F8BC1810B48A1E0B4C22313C
:10B6B000C0F8AC38B0F8DA381B01A4FB03C3DB08D0
:10B6C000A3F5B06322F8023F9142F3D15DF8044B39
:10B6D000704700BF002E012015CD0108CDCCCCCC89
:10B6E00070B5084C251D2E4614F8010B20F0C6FC41
:10B6F00028B10379B44205F8013BF5D170BDFF23B1
:10B70000F8E700BFF83601202DE9F0471C4F01266D
:10B710004FF03B094FF0000807F10805B24617F853
:10B72000010B2CF0BBFA044690B180F80690C6716C
:10B73000FB7803F07F02012A17D013F0800F204618
:10B740000CD185F804802CF091FB85F805802C60E5
:10B7500001360835052EE2D1BDE8F08785F804A052
:10B760002CF0D6FB85F805A0F1E71B0605D40121D6
:10B7700020462CF039FBFB78DFE72CF0C9FBF6E71D
:10B78000003701202DE9F047D1F800A088B0064627
:10B790000C46504690461F46BDF840903BF09AFC40
:10B7A000002836D039464246054650463BF088FBD5
:10B7B00020683BF08FFC6179237AC8B15F000A46AC
:10B7C000DB00602107F002074FF4807C03F00803E0
:10B7D000019103974FF400770493002301A9CDF85A
:10B7E00008900593CDE906C7FEF768FD237A6179D5
:10B7F0009B07284610D406F0F1FB284606F0ACFC67
:10B8000021686379002001F134027160D118316040
:10B81000D05008B0BDE8F08706F09CFAEDE7374B52
:10B82000F0EE607AB3F82A3107EE103ABAEEEF7A0A
:10B830002DE9F041B4EEC70A2DED048BF1EE10FABC
:10B84000DFED2F8AB0EE408AF0EE419A06DDF4EE8D
:10B85000C70AF1EE10FA32D5B0EE478AB5EEC08ACB
:10B86000F1EE10FA30DDF5EEC07AF1EE10FA2BDDD4
:10B8700027EE887A67EEE77AE8EE087A87EE279A6D
:10B8800000F10C0400F19C051E4E1F4FDFF8808074
:10B89000B5EE408A44F80C6C44F8047CF1EE10FAE2
:10B8A00004DDB5EEC09AF1EE10FA10DC44F8088C15
:10B8B0003034AC42ECD1BDEC048BBDE8F081B0EE8D
:10B8C000688AB0EE689ADBE79FED0D9AD8E70F4BD8
:10B8D000B0EE491AF0EE690A0421B0EE480A20469B
:10B8E00044F8083CC4ED038AC4ED028AC4ED018A21
:10B8F000C4ED008A40F078FFDAE700BFA001002025
:10B90000000000009DB1030899B10308CD110000AB
:10B910001912000030B40023314D32494CF250343A
:10B92000C5F84039304AD1F8780904E0D1F87839BF
:10B930001B1AA3420FD8D368DB03F7D4D16811F4E4
:10B94000F9710BD1D06810F0010002D00123084634
:10B95000D36030BC7047032030BC7047D3689B076E
:10B9600005D5D5F8403943F02003C5F840391E4BC2
:10B97000DB68DC0605D5D5F8403943F01003C5F87F
:10B980004039194BDB68980605D5D5F8403943F0A6
:10B990000803C5F84039144BDB68590605D5D5F8BE
:10B9A000403943F00403C5F840390F4BDB681A06F1
:10B9B00005D5D5F8403943F00203C5F840390A4BA4
:10B9C000DB68DB0505D5D5F8403943F04003C5F801
:10B9D0004039054B4FF4F9720120DA6030BC7047F2
:10B9E000002E0120081D0120003C02400144884235
:10B9F0000ED00346074810B4074C13F8012B04FB84
:10BA000000F0994280EA0200F7D15DF8044B7047DC
:10BA100000487047C59D1C81930100012DE9F0414C
:10BA2000204C00234FF0050894F84B2904F64817E2
:10BA300004F64C1584F8442917F8010B5E1C20BB52
:10BA40002860032E05F104053346F5D194F8441916
:10BA5000D4F84C09C94301F001012CF0B7FA94F86D
:10BA60004419D4F8500981F00201C1F340012CF0CF
:10BA7000ADFA94F84419D4F8540981F00401BDE8F2
:10BA8000F041C1F380012CF0A1BA2CF007F901219B
:10BA9000F3B2286010B180F80680C37128682CF0DA
:10BAA000A3F9CEE7002E0120F0B5284C83B0B4F8FE
:10BAB0005C59A4F85E59EDB994F858092CF0EEF8E9
:10BAC00094F85929C4F86009003A18BF012284F893
:10BAD000642948B194F85A192B220029C28014BF56
:10BAE000112101212CF080F9002003B0BDE8F040C5
:10BAF0002CF074BA94F8587900222B2138462AF099
:10BB000073F9064638462CF0C9F800B10EB903B0F7
:10BB1000F0BD2B22C4F87C090221C280727A2CF07D
:10BB20000FF90B4AA4F88059314604F66810B2FBAD
:10BB3000F5F3C3F34F059BB20095FFF723FE0023F7
:10BB4000D4F86829136084F87939E0E7002E0120E1
:10BB500040420F002DE9F84F264B002693F88C2920
:10BB600003F6831703F51A6483F882295FFA86FBCC
:10BB70004FF0010917F8010F01360BEB090A49468E
:10BB80004FF000085FFA8AFA52462AF02DF905466E
:10BB900048B3387804F80E8C04F80D8C04F80FBC08
:10BBA00004F8109C44F8045C2CF078F8022118B1D9
:10BBB00080F8069080F807A06A7A2CF0C1F80E4A47
:10BBC000002128463BF02CFA0C4B221D2146236015
:10BBD00028460B4BC4E901383BF0EEF84246697940
:10BBE00028681DF07BFA082E04F11C04BED1BDE8C4
:10BBF000F88F00BF002E012040420F001D91020867
:10BC00008D63020870B52C4C00222C4B022194F855
:10BC1000B80AC4F8B03AC4F8702AC4F8742AC4F850
:10BC2000782AC4F8AC2AA4F8B42A2AF0DDF800284F
:10BC300036D0234B0546016803F160005A7C12B1EF
:10BC40005A6891422DD018338342F7D1002394F8DB
:10BC5000B80AC4F89C5984F890392CF01FF808B140
:10BC60000223C38000266A7A02212CF069F831464B
:10BC70002846144A3BF0D4F9134B144A2846C4F81A
:10BC8000A039134B111FC4F8A869C4F8A4393BF0BC
:10BC900093F8324669792868BDE870401DF01EBAF5
:10BCA00070BD8A6A0B4801320B49D0F87431B3FB7E
:10BCB000F2F381F8A831C9E7002E012000FFFF0050
:10BCC0006809002040420F00B5630208A437012034
:10BCD00041650208081D0120000001202DE9F04FF8
:10BCE000DFF85C8398F8BE4A2DED048B032C95B0E9
:10BCF000029000F2AE80DFF84C930022BD4B01278A
:10BD0000BD4E09F6880589F8B828022C83F8247EF0
:10BD10000FCE0FC50FCE36680FC598F8C43A2E6007
:10BD200040F0F7819FEDB58AB0EE489A002BB44AF7
:10BD3000B44B0EBF002101211346B34A0391B3490E
:10BD4000C9F89828C9F8A01879EE087ADFEDB06A2A
:10BD5000B5EE007AAF4C28EE268ADFF8D0A2002597
:10BD6000C9F89C38C7EE278ACDF81090FAFE688A89
:10BD7000FCEEE88A029BAB4265DD6F1C1AF8019B62
:10BD800003215FFA87FB48465A462AF02DF80646FB
:10BD9000002800F0A88448462BF080FF606118B1AD
:10BDA000032380F807B08371727A02212BF0C8FF59
:10BDB000039B002B00F0E181B8F8BC3A4FF6FF720C
:10BDC00007EE903A944BF8EEE77AD3F87411FCEE54
:10BDD000E77A17EE903AB1FBF3F00244120CB1FB94
:10BDE000F2F2B2FBF3F307EE902A00209BB2314649
:10BDF000B8EE677ADFED897A0090204667EE086A30
:10BE000067EEE67AC4ED026AE7EE097AC4ED037ADA
:10BE1000FFF7B8FC002D00F0AB8161687D4B02E0BC
:10BE20009C4200F0A5815A6818338A42F8D1012358
:10BE300083F001030122042F3D46237404F118040A
:10BE400004F8072C96D1DDF81090754EC9F8006003
:10BE5000A1E0631FDAB2032A00F292800122654B4F
:10BE6000DFF8E09183F8242E98F8C73A89F8B828CB
:10BE7000934200F0EB809A1E53425341082C08BFB6
:10BE80000023002B40F0E280664E09F6580598F832
:10BE9000C67A0FCE0FC50FCED6F800C03E1E0FC516
:10BEA00018BF0126604B072CC5F800C089F8186040
:10BEB000C9F8683800F26F81042C00F2C0820023B8
:10BEC000DFF884A10393534B0493584B0593DDE9AA
:10BED0000232934240F3B1829DF80C300321059A5F
:10BEE0005D1C089312F8016BEDB2059230462A46AC
:10BEF00029F07AFF0446002800F0018130462BF03B
:10BF0000CDFE049B586110B10323C571837198F86D
:10BF1000BE3A204606932CF059FA94F808B003462E
:10BF2000002800F0E88099F8C4280792002A40F021
:10BF300039814768002F00F0E2809B6838460A93F9
:10BF40002CF0CAFB2A46032109902CF0D5FB0028CF
:10BF500000F0D58099F8C86825683548CAF894700B
:10BF6000002E00F07C820022034603E00132B24240
:10BF700000F075821968B8338D42F7D1D6B276E2F7
:10BF80001C490022032B81F8242E22D8DFF8B4901C
:10BF9000012389F8B838D9F80030FBB1012100221B
:10BFA000029883F8251083F82400014683F82620A0
:10BFB0009A6248B12C331F4A1944084612F8011BF3
:10BFC00003F8011B9842F9D115B0BDEC048BBDE814
:10BFD000F08FDFF8709089F8B828DCE7164D174C21
:10BFE0000FCD0FC40FCD0FC42B6844F82039C9F80A
:10BFF0000040E9E798120020CCCC0408282930380A
:10C000005D440308896502086144030875670208F6
:10C010006F12833A68090020081D012000007A444D
:10C02000280A002084CC040891720408C938012031
:10C030006C0A0020C038012060CC0408F0380120D0
:10C04000002E0120A00100208C1A0020002798F863
:10C05000C63A029ADB1B744DC9F8BC2818BF0123ED
:10C06000724E88F8204B89F8183088F8ED7ADFF89E
:10C07000F0A10FCD0FC60FCD0FC62B6839464FF478
:10C080004C726B4846F8803940F0D4F9694B039301
:10C09000D9F8BC38BB4269DD039B13F8014B20463D
:10C0A000039329F027FF054620462BF0F7FD95F86E
:10C0B00008B099F8182004460BF00105013588F8FE
:10C0C000EC5A0AB18BF0010B002C00F08C80A279A5
:10C0D00012F0BF0F24D058490122584BC9F840181C
:10C0E0000021C9F83838564B88F8ED2AC9F83C3891
:10C0F000C9F800104FE799F8C438002B52D14E49C7
:10C1000000234F4AC9F87018C9F86C28C9F80030E4
:10C1100041E7032C77D19FED4B8A9FED4B9A05E6C3
:10C120006D0120462CF06EF8013745F001014FF00B
:10C130000303CAF80C40CAF804008AF810B0CAF821
:10C140001410E771A37120462BF04EFE1BF0010F77
:10C1500020460FD02BF08AFEDAF80C30042F0AF1BB
:10C16000200A06F1180646F8043C91D12F49BFE792
:10C1700000235DE62BF0CCFEEEE7344B18EE902A60
:10C18000D3F874114FF6FF73B1FBF2F21A44120C9C
:10C19000B1FBF2F227E6082C7FF491AE2C4BC9F8E4
:10C1A000C0388CE66769002FA9D0A36938460A9386
:10C1B0002CF092FA274B2422451E099002FB0535EC
:10C1C00095F8C831382B00F0CB8120683AF096FF03
:10C1D000024638210998D2B22CF08EFA00288ED06F
:10C1E00000230793B6E66D0120462CF00BF80137CB
:10C1F00045F00101CAF80C40CAF804008AF810B0F2
:10C20000CAF814109FE7002C40F0BA820B4B124A78
:10C210009FED128AC9F89838B0EE489A084B0397F8
:10C22000C9F8A02890E500BFA8CC0408C8090020E0
:10C230000C1D0020C938012059440308614403083B
:10C240005D440308ACC5A737ACC5A736081D01205F
:10C25000CD44030800000120756702086F12833A7D
:10C260003C20002099F8C428CAF85430002A00F075
:10C270008A819B46DAF89830C3F8A870CAF894709F
:10C28000079B002B00F0D6810AF118000D9005F0F5
:10C2900097FB99F8C4380D98002B00F0B481CE4973
:10C2A0004FF4907322684FF0030C03FB0613DAF887
:10C2B00098104C32C1F8B030CAF81C300A9BCAF84A
:10C2C0001820CAF83C30CAF848C0069B40214FF4F9
:10C2D000806C082B4FF00403CAF820104FF48051F3
:10C2E000CAF844304FF000030CBF06221222CAE9FC
:10C2F0001333CAE909334FF40033CAF838204FF436
:10C300008042CAF84030079BCAF83420CAE90BC102
:10C31000002B00F052819DF82C30CAF89470022B4B
:10C3200000F20D81AD4AAE4902EB8303069AD3F8C1
:10C33000E433082AB1FBF3F308BF5F2203F12303C0
:10C3400018BF1322CAF85C30DAF8983050469A8049
:10C350003AF00EFF99F8C4380BB1079B33B909982E
:10C3600090229AF811309F493CF042FC18EE102AB6
:10C370005946284605F042F9BBF1010F00F015813E
:10C38000BBF1040F00F0F780BBF1100F00F0B58196
:10C39000BBF1400F00F0C681BBF5807F00F0D0817B
:10C3A000BBF5806F00F0D481BBF5805F00F0D881D1
:10C3B000BBF5803F00F0DC816A6D05F118000823B1
:10C3C00042F400626A6588490422884FC95CFF5CB8
:10C3D0000B58BA4023EA02030B502B6843F00103C9
:10C3E0002B600C9B002B00F0DB802B6A43EA8B0355
:10C3F0002B62089B9E420BD16B6C43F400436B6431
:10C400002B6843F080032B602B6843F001032B6003
:10C4100099F81830002B40F0EF80039A012304991B
:10C420000AF1A00A01320AF8913C4B7401F1180399
:10C43000042A039204937FF44AAD6D4B66E698F8A4
:10C44000C53A6C4A012BC9F8C02805D0022B08BF99
:10C45000002F0CBF0123002389F8C4382FE5B8232F
:10C46000721C03FB069389F8C828C3F8CC58B8237C
:10C4700099F8C828089906FB0303013A8AF81110B5
:10C48000CAF89830207908922BF008FC0BF00101D3
:10C4900099F8183001310BB18BF0010B4901CAF842
:10C4A000084041F00E01CAF81410627A2BF048FCE3
:10C4B000089B9E4200F0CF80069B063B0B93002317
:10C4C00060220AF16401CAF8803008EE101ACAF836
:10C4D0006420CAE91A33CAE91C33CAE91E331BF0C7
:10C4E00002030C934FEA4B032ED0012203F0020308
:10C4F000CAF86C20CAF87830002302224FF480304A
:10C500000A21CAF87030CAF88410CAF89020CAE923
:10C51000220362790C2A3FF6A5AE304B99F8C41875
:10C5200003EB8203D3F8F0B3CAF854B000297FF4C8
:10C53000A1AE2A4B03EB4202B2F8241425E08D236E
:10C540001322CAF85C30FFE601214FF4807203F039
:10C550000203CAF86810CAF87C20CAF87430CBE726
:10C5600020683AF0CBFD95F8C93183427FF42DAEB7
:10C5700001230793EEE4AA6905F11800012342F0B4
:10C580000802AA611FE793461146DAF89820AAF834
:10C590000C10B2F8B43023EA0103A2F8B4306FE60D
:10C5A0002B6A43EA0B032B6223E7AA6905F1180003
:10C5B000002342F00802AA6105E7FBB218210246F7
:10C5C00027F0FF00103BB3FBF1F105F00BFA3B68DD
:10C5D00043F010033B609EE62C10002020C80408A6
:10C5E00000D01213592100000CCD040800CD04081E
:10C5F000F80900200145030823684FF6FF716279AE
:10C600003433995009E70A9A5821DFF8A0C1CAF8D3
:10C610003C20039A01FB02C12268CAF84830CAF8DC
:10C620009C1002F13403CAF81C1062791344CAF852
:10C6300018304AE63A68FBB2182127F0FF0022F0D2
:10C640000102103B3A60B3FBF1F105F011FA0998D1
:10C650003CF0F4FA18E600224FF0FF311346ADF833
:10C660003C20109212928DF84C201191474A52F8BA
:10C67000332095425ED001330E2BF7D10020069B6C
:10C680009A1F0B92FDF70CFA2B6841499DF82C205C
:10C6900023F00103D1ED5D7A022A2B60F8EE677A70
:10C6A00033D83C49DFED3C6A01EB820292EDF97A26
:10C6B000B8EE477A87EE870A30EE260A3DF0B0FBE7
:10C6C000069B0138082BADF83C0014BF13225F22F3
:10C6D00000230FA92846119212938DF84C30109325
:10C6E00005F0F2F8EBE6DDF810902C4A2C4BC9F877
:10C6F000A028C9F89C38FFF7A9BBAA6905F1180062
:10C70000022342F40062AA615DE69FED267A9FED66
:10C71000220AA7EE870A3DF083FB01381322ADF809
:10C720003C00D5E7AA6905F11800032342F008028E
:10C73000AA6148E6174A02EBC30393F878039EE721
:10C74000EA6905F11800042342F00802EA613AE6BA
:10C75000EA6905F11800052342F00802EA6132E6B1
:10C76000EA6905F11800062342F40062EA612AE64C
:10C770006A6D05F11800072342F008026A6522E697
:10C780009FED098AB0EE489AFFF7D0BA94CB04081F
:10C79000081D012020C804080AD7233C916602081E
:10C7A0005D440308FCF4B2346F1203392C190020E5
:10C7B00070B5524E96F8D4082BF070FA96F8D5580A
:10C7C00060B12D2304462021C3802BF00DFB0A20ED
:10C7D0002BF0A2F920462BF00BFD18B9D6F8243B1C
:10C7E000DA0000D570BD013D092DFBD896F8D3487D
:10C7F000CCB9402024F0E8FB0028F3D090F90430B5
:10C8000096F8A518092BC8BF143B0A29334493F89E
:10C81000284B66D093F8343B96F8D228002A08BFFC
:10C820001C46002CDED020462BF038FA054608B115
:10C830002D23C380012128462BF0D6FA012108467A
:10C840002BF00EFC012128462BF0C0FB3C202BF0E6
:10C850006FF9002101202BF003FC96F8D5381BB3AB
:10C8600000240021013408462BF0FAFB00210220AD
:10C870002BF0F6FB002128462BF0A8FB78202BF0AC
:10C880004BF9012100202BF0EBFB012102202BF0C2
:10C89000E7FB012128462BF099FB78202BF03CF98F
:10C8A00096F8D5389C42DCDB96F8D3388BB9D6F8AD
:10C8B000D43803F0FF13B3F5803F93D1D6F8243B6F
:10C8C00013F080538ED186F8D538BDE8704034F02F
:10C8D00089B832202BF02CF9284600212BF084FA5D
:10C8E000E5E7D6F84C3B5B057FF57CAF0BF066FEC9
:10C8F00000287FF477AF002C95D173E7002E01203C
:10C90000344870B490F8503BA3F13001092958D84D
:10C9100000F5356400F65F30224612F8015FA5F19C
:10C920003001092904D88242F7D1002070BC704739
:10C93000141B022C4BDD2848002101E010F8013BBC
:10C9400001EB8101161A044603EB4103022EA3F109
:10C95000300303F0FF01F1DC204B03FB01F1A242A5
:10C960004FF000030ED903EB830314F8016B5B0057
:10C97000A242A3F13003334403F0FF03F3D118487C
:10C9800000FB03F32E2D06D01648A0FB032370BC3A
:10C9900001EB9300704701320425002404EB84046A
:10C9A0001078013D303864000928A4B2204401D831
:10C9B000013284B215F0FF05F0D1642202FB04338A
:10C9C000E2E700211D4600F535620B46DAE700215B
:10C9D000054CC4E7002E01205139012080969800B3
:10C9E00040420F00ABAAAAAA5039012038B50D4623
:10C9F0000446FF2100682A463FF01CFD22682A44B5
:10CA0000226038BD0C461646054683B524F0A8FAC8
:10CA1000204624F0A5FA0021204B0846002E08BF2E
:10CA20001E462BF01DFB002101202BF019FB284690
:10CA30002BF0C8F8B0B1012100202BF011FB2846E3
:10CA40002BF0B8F8074620462BF0B8F80028FAD0AB
:10CA5000394620462BF0DCF83846B047002108461E
:10CA60002BF0FEFA20462BF0ADF80028DFD0012194
:10CA700000202BF0F5FA20462BF09CF801462846C2
:10CA800001912BF09BF801990028F8D028462BF053
:10CA9000BFF8002108462BF0E3FAC8E771C8020886
:10CAA000F0B500228DB0DFF8ACE007AF13460A61A5
:10CAB000BC46C1E90022C1E90222D0E90020C2F34C
:10CAC000056646FA03F46546E40704D513F80E40FC
:10CAD00005F8014BAC460133062BF2D11B4DC2F3D6
:10CAE00003240023C2F3073E2C5D0DF125068CF8CC
:10CAF0000030DFF864C08DF824404EFA03F4354668
:10CB0000E40704D513F80C4005F8014B2E46013319
:10CB1000082BF2D10025C0F3435CC0F34343C0F3BC
:10CB20004F0435700846C2F3035509A900970394D2
:10CB3000CDE9043CCDE9011502F00F030449C2F32D
:10CB4000031233F059F90DB0F0BD00BFF01C050819
:10CB5000C81C0508F81C0508E41C050870B5094C3C
:10CB60000546D4F8602B62B1002601362D21D4F899
:10CB7000600B2CF0E3FCAE42F7DBBDE870402EF01A
:10CB8000EFBD70BD002E0120074B4FF47A704FF4BB
:10CB9000FA6103F1140223F8040C043323F8061C91
:10CBA0009342F8D1704700BF6839012038B51E4C58
:10CBB0000968D4F87C5B0068491B1C4DDFED1C6ADA
:10CBC00000EE901AD4F8781BD5EDFB7A1C46F8EEEF
:10CBD000E00A401A60EEA70A07EE900AF8EEE77A3C
:10CBE00020EEA07AB1EE670AA7EEA77AF1EEC77A37
:10CBF00067EEA67AFCEEE77AC2ED007A3FF0E4FD3C
:10CC00009FED0C7ADFED0C7AE0EE077AFDEEE77A25
:10CC100017EE902A002A02DBC4ED007A38BD48F6F0
:10CC2000A0431344236038BD002E012000000120E2
:10CC30002C7D8E3FA00CB34500A00C4638B50F4CA0
:10CC4000034694F8971B04F5396084F8933B01F090
:10CC50003F0101F10A058B1C083184F8925B2544E1
:10CC600084F8953B16F0E2FA85F88E0B94F8923B27
:10CC7000000A1C4484F88F0B38BD00BF002E012031
:10CC80002DE9F04FCE4C91B04FF0000A04F2213361
:10CC9000A4F6C3350090019354F80B0C002800F063
:10CCA00052812AF08FFF0646002800F0A682C54B6D
:10CCB000E0279B6A07FB0AF744F8073C002304F8C7
:10CCC000033C54F80B0C2AF07DFF002800F03B8158
:10CCD00054F80B0C2AF06EFF14F8023C06465A1E5C
:10CCE0000B2A0DD8DFE812F01F003A004500520071
:10CCF00082009900390176019501A001CB01E30181
:10CD000024280CD0009A3AB995F8C62E824240F0F9
:10CD1000D481012204F8032C0D2BD2D184E001230D
:10CD200004F8023CCDE700234D28C4F8C53084F850
:10CD3000CD3084F8CE3004D0582808D004F8023C16
:10CD4000BFE7022284F8C43004F8022CB9E70323B9
:10CD500004F8023C022384F8C430B2E704233C28E0
:10CD600004F8023C0AD03E2E0CD0002304F8023C0A
:10CD7000A7E70A233C2804F8023CF4D1002304F876
:10CD8000013C9EE7012304F8013C9AE7D4F8C51062
:10CD9000EB194A1C0B44C4F8C520022A83F8C30BC4
:10CDA00094F8CD0080EA060084F8CD0089D123787C
:10CDB000C02BDAD86278FF2A08D1052BD5D90123F8
:10CDC00084F8C430072304F8023C7AE7A4F8C120B1
:10CDD0000022C4F8C930934284F8C320C4F8C520A7
:10CDE00014BF0523062304F8023C6AE7D4F8C510F3
:10CDF000EB194A1C0B44C4F8C52083F8C30B94F804
:10CE0000CD00D4F8C93070409A4284F8CD007FF448
:10CE100058AF062304F8023C53E794F8CD30834220
:10CE2000A3D10D2304F8023C14F8017C002F40F03C
:10CE3000C681654B04AE4FF001090894ADF82A7025
:10CE40008DF82D9003970FCB86E80F00D4F8C930EA
:10CE5000324608A9D4F8D10023440993B4F8C1306C
:10CE6000ADF8283094F8C3308DF82C3003AB24F0A3
:10CE7000A5FB002860D0049E1022DFF854B139468B
:10CE80000CA894F8C4800596A6EB0B06CDF810B05C
:10CE90003FF0D0FA24228DF830204C4A12F80820B6
:10CEA0008DF83120BDF91A20531C0CBF21223E22DF
:10CEB0008DF83220B8F1000F40F01581BDF8183020
:10CEC000FE2E8DF8343040F3FF80FF234FF007092A
:10CED000ADF835608DF833300DF13302A9F103035D
:10CEE000013B80F0F5803346394A002B00F3F58092
:10CEF00001278DF8088054F80B0C2AF057FE002803
:10CF000000F0528154F80B0C2AF046FE4A460CA958
:10CF100054F80B0C2AF05AFE32462D4954F80B0CEB
:10CF20002AF054FE54F80B0C3A4602A92AF04EFEA1
:10CF300054F80B0C2AF02AFE0023039E04F8023C4E
:10CF4000002E40F052810AF1010AE034BAF1030FD9
:10CF50007FF4A2AE11B0BDE8F08FD4F8C520EB1974
:10CF6000014602F101081344D522C4F8C58083F8B4
:10CF7000C30B94F8CD30434094F8CE0084F8CD3004
:10CF800033F0AAFBB8F1070F84F8CE007FF499AE16
:10CF9000B4F80530C02B3FF6E8AEB4F80320C4F86F
:10CFA000C930A4F8C120A27884F8C320002293429B
:10CFB000C4F8C52014BF0823092304F8023C80E606
:10CFC000C3390120081D0120F0CC0408E01C05082D
:10CFD000B8E801200146D52294F8CE0033F07CFB5E
:10CFE00094F8CD30D4F8C510734084F8CE004A1CB4
:10CFF00084F8CD30EB19C4F8C5200B4483F8C36B1B
:10D00000D4F8C9309A427FF45CAE092304F8023C9C
:10D0100057E694F8CD30434084F8CD3094F8CE30C4
:10D0200083427FF4A2AEF4E6D4F8C520EB190146A2
:10D0300002F101081344D522C4F8C58083F8C30B5C
:10D0400094F8CE0033F048FBB8F1050F84F8CE0019
:10D050007FF437AEB4F80120B4F80330A4F8C1204F
:10D060002278C4F8C93084F8C32000229342C4F85F
:10D07000C52014BF0B230C2304F8023C21E6014613
:10D08000D52294F8CE0033F027FBD4F8C510EB1965
:10D0900084F8CE004A1C0B44C4F8C52083F8C36B47
:10D0A000D4F8C9309A427FF40CAE0C2346E694F8CB
:10D0B000CE3083427FF459AEB3E623287FF42CAE02
:10D0C000022204F8032C27E6F3B24FF0050901E72A
:10D0D00012F8011B88EA010802E712F8011B013B64
:10D0E00088EA010801E7B8F1010F3FD1B21DFF2323
:10D0F000B046FE2A8DF834302ADD4FF00C09ADF829
:10D100003A208DF8333005229DF81C300DF13501A1
:10D110000020ADF838608DF83530BDF81830ADF826
:10D120003630FBF7C7F832465249FBF7C3F8A9F18E
:10D1300003030DF133028DF80800013B0CD24D4B77
:10D14000B8F1000F0CDC784002278DF80900D2E618
:10D15000D3B24FF00A09D4E712F8011B4F40ECE7B5
:10D1600013F8012B08F1FF385740E9E7B8F1020F37
:10D170007FF4E2AE9DF81C200DF133013846ADF886
:10D1800036608DF833204F46BDF818204FF008095F
:10D19000ADF834200522FBF78DF832465946FBF7EF
:10D1A00089F88DF80800A6E654F80B0C2AF006FD65
:10D1B00009EB06033B4483427FF7A4AEBCE6012F94
:10D1C0004FF0000602D004F8026CBCE6D4F8C93077
:10D1D0000CA80C9423440D93B4F8C130CDE90E662D
:10D1E000ADF838301AF02CFDEDE754F80B0C23F0B5
:10D1F000B7FE54F80B0CB047A5E614F8030C002852
:10D200003FF4A1AE1C4B54F8072C9B6A9B1A632B6E
:10D210007FF699AE01282AD002287FF494AE54F804
:10D220000B3C01221548C5F8CC3EC5F8D03EC5F8E8
:10D23000D83E402385F8C82EA5F8E03E019B104A51
:10D24000C5F8DC3E0F4BC5F8D42EC5F8603BC5F8D9
:10D25000243F2EF089FA4FF4005024F0A7F90A4831
:10D260002EF078FA85F8286F85F8296F6BE62DF097
:10D27000DBFC68E6B8E80120081D0120081D050850
:10D280000D7C0308D43C01203E1D050828499FED74
:10D29000296AB1F92C0FB1F9403FB1F92E2FB0F541
:10D2A000617FA0EB030307EE903AB1F9423F10B45F
:10D2B000A2EB0303204CF8EEE77AD4ED005A07EE18
:10D2C000103AD4ED016AD5EE867A66EE866AB8EE3B
:10D2D000C77A20DD9FED196A37EE667A77EE867A97
:10D2E00002F548729FED166A164B92B25DF8044B38
:10D2F000D3ED066AB2F5C86FD3F8842026EE877A9C
:10D3000088BFF0EE467A5A6583ED147A66EEA77A06
:10D31000C3ED137A704710F5617F06DA9FED076A57
:10D3200037EE667A77EEC67ADAE736EEC77AD7E76F
:10D33000002E01200000E143C02000200000E14455
:10D3400000000000D42000201C4991F8502B9AB313
:10D35000F0B4002605463346304637461BB991F8EF
:10D36000504B2D2C22D02E2A18D0CA1800EB80004A
:10D3700092F8504B4000A4F13002092A02D8A0F1E3
:10D380003002A0180E2B14D80133CA1892F8502B73
:10D39000002AE3D106B14042F0BC70470133002DB2
:10D3A000F8D0CA182A4482F8507BDEE701231E46D3
:10D3B000EBE70020F0BC704700207047002E0120F2
:10D3C00010B51C202AF06AFC044611212AF00CFD3D
:10D3D00020462AF04BFDC8202AF0AAFB2046BDE8D3
:10D3E00010402AF095BD00BF08B500202AF056FC79
:10D3F000054BC3F8440F08B12A23C3804021BDE880
:10D4000008402AF0F1BC00BF002E0120F8B56A4C9C
:10D41000D4F834110B699E0702D5CB689D074BD415
:10D420000B69580702D5CB685A073DD40B691B0717
:10D4300002D5CB681F072FD40B69DE0602D5CB6857
:10D44000DD0621D40B69D80702D5CB68DA073FD4B3
:10D450000B691B0603D5CB681F0600F191800B6991
:10D46000DE0503D5CB681D0600F18E800B695C06D6
:10D4700003D5CB68580600F18B800B699A0602D55C
:10D48000CB689B0620D4F8BD6FF0100200230A6120
:10D49000CA6984F85031D5E76FF0080200230A61A9
:10D4A000CA6984F85031C7E76FF0040200230A61AB
:10D4B0008A6984F85031B9E76FF0020200230A61EB
:10D4C0008A6984F85031ABE76FF020030B61F8BD37
:10D4D0003A4B6FF0010299420A61B9D141F204134B
:10D4E0003748C558D5F81432002BB1D1354FD7F88D
:10D4F000482F92B1D0F858C602F03F066244C0F8F7
:10D500005826D0F85826B2F5006F01D1C0F8583629
:10D510000023C7F8483F002E44D0D0F85826D0F852
:10D520005C369A4294D0D0F85826D0F85C369A42AD
:10D5300032D9D0F85866C6F50066D0F858C6B6F5A8
:10D54000007F214A28BF4FF40076D5F81432624498
:10D55000C5F81062C5F80822002B7FF479AF0123CB
:10D5600041F21C11C0F8A46EC5F81432334640587D
:10D57000812105F077FAD4F83411C7F8486F67E7CE
:10D580006FF080030B616AE76FF480730B616DE7E6
:10D590006FF040030B6170E7D0F85C66D0F8583646
:10D5A000F61ACAE7D0F85826074BC5F8106213449C
:10D5B000C5F808324CE700BF081D012000140040E8
:10D5C000100C0120002E01208412012070B5D0F82B
:10D5D000A852C1EBC1000C46002605EB80001C21BF
:10D5E000C0F80822C0F8103280F8FC41C0F814627C
:10D5F00080F8FD612B6901FB0451012B01F5FE71DF
:10D6000008BFC0F80C22DAB228681CB903F07CFE0F
:10D61000002070BD03F004FF002070BD0E4841F2F1
:10D620000413C35810B5A3B190F8844E00F674608B
:10D63000D3F8042234B1002440230121FFF7C6FFB0
:10D64000204610BD4FF400730121FFF7BFFF2046B5
:10D6500010BD0224204610BD100C012010B50C4C4A
:10D66000D4F8603663B10B49013BD1F84C2FC4F8B4
:10D67000603612F8014BC1F84C2F047013B101232E
:10D68000184610BDFFF7CAFF0123184610BD00BFA2
:10D69000100C0120002E012013B5074CD4F84C3F8C
:10D6A00003B9FEE701A8FFF7D9FF0028F6D09DF8DF
:10D6B000040002B010BD00BF002E012010B50B68A1
:10D6C000064C074AC4F86036C2F84C0F0BB1002074
:10D6D00010BDFFF7A3FF002010BD00BF100C0120FC
:10D6E000002E012038B5D0F8A84201F00F0362687F
:10D6F00093422BD80A062BD41C25C1EBC102002073
:10D7000005FB014104EB820201F5FE7182F8FD0187
:10D7100001220B708A7094F8BC03904216D084F8F2
:10D72000BC234A782068012A09781DD000F53062B0
:10D7300002EB41121568002D00DBF1B9116841F4CC
:10D74000001111601BB3002384F8BC33002038BDE6
:10D750001C21C3EBC302012001FB034104EB820245
:10D760003C3182F83D00D3E700F5106202EB411234
:10D7700015680029E2D0002DE0DB116821F080411E
:10D780001160116841F400111160002BDBD104F528
:10D790007172217C03F08CFDD5E700BF10B5044603
:10D7A0008021FFF79FFF00212046BDE8104099E748
:10D7B00011F0800F01F00F01F0B4D0F8A8424FF043
:10D7C0001C0042D1C1EBC10500FB0140002604EB67
:10D7D000850500F5FE7085F8FD6145780170836070
:10D7E000C27005B1C180022A01D10023037194F8EF
:10D7F000BC33012B1AD00122236884F8BC23417862
:10D80000057891422CD003F5006605F00F0103F571
:10D8100030638A40F16903EB451341EA0242F26149
:10D820001A68120405D5002384F8BC330020F0BC2C
:10D83000704782681D68C2F30A02C07818492A43FB
:10D8400042EA804211431960EDE7C1EBC1050126B0
:10D8500000FB014004EB85053C3085F83D60BCE7EA
:10D8600005F00F06D3F81CC803F5106203F5006736
:10D87000B14002EB451241EA0C01F9611368190449
:10D88000D1D483681668C3F30A03C07804493343CC
:10D8900043EA804343EA855319431160C3E700BF5D
:10D8A000008000102DE9F04F854D83B02C6E636928
:10D8B00013F0010B02D003B0BDE8F08F6269A369D9
:10D8C0001A42F8D06369A26913409E0703D56369C1
:10D8D00003F0020363616369A2691340180379D4FA
:10D8E0002046436982691340590300F1D48042699C
:10D8F00083691A4200F1B9804369826913401A05AD
:10D9000008D5D4F80838DB0700F15383436903F4E2
:10D91000006343614369826913401F0110D5436965
:10D9200003F00063436195F85434002B40F04A82C1
:10D93000012385F85434436DC3F38303C5F8583489
:10D94000436982691340DE0400F1D381436982692F
:10D9500013409A0400F17681436982691340DB0623
:10D9600012D5836923F010038361236AC3F3434212
:10D9700003F00F01022A00F0E582062A00F05E8221
:10D98000836943F0100383614369826913401F0771
:10D9900000F10D82436982691340DE0200F10282C8
:10D9A0004369826913409C0200F1F78143698269EF
:10D9B0001340590000F1EC814369826913405A0712
:10D9C0007FF579AF4468630700F1E78243681C4341
:10D9D000446070E7D4F81868D4F81C381E40360C40
:10D9E0003FF47EAF374B20460027CDF800B0994674
:10D9F00006E0760807F1010709F11C0900F0328200
:10DA0000F107F6D5F9B200F5306A0AEB41129268D7
:10DA1000D0F8143802EA030818F0010F40F0288209
:10DA200018F0080F40F05C8218F0100F05D004F5D4
:10DA30003063102203EB47139A6018F0200F09D0CF
:10DA4000296F012900F0568304F53063202203EB8F
:10DA500047139A6018F4005FCBD004F530634FF49D
:10DA6000005203EB47139A60C3E7D4F8043823F05D
:10DA70000103C4F8043895F85434012B00F0B78141
:10DA8000D5F8603493F8752283F87422436903F063
:10DA90000043436130E7D0F81838D0F81C2803EA77
:10DAA00002081FFA88F8B8F1000F3FF420AF054EC6
:10DAB0004FF0000A04F51067CDE9004B0CE000BF01
:10DAC000100C0120700C01205FEA58080AF1010ACD
:10DAD00006F11C0600F0C98118F0010FF4D05FFABE
:10DAE0008AF9D0F81028D0F8344800F5106309F00E
:10DAF0000F0103EB4913CC409B68E401E4B21443EB
:10DB00001C40E20732D54FF0010E009B0AF00F0CCB
:10DB100007EB4A12D3F834180EFA0CFC21EA0C0178
:10DB2000D5F870C0F445C3F83418C2F808E003D142
:10DB3000D6E911231344B364D5F860B4B9F1000FEA
:10DB400040F0E681DBF86C32022B00F0D88233F033
:10DB5000040300F01A839BF87832012B02D10023D2
:10DB60008BF87832BCF1010F00F0F182230703D566
:10DB700007EB4A1308229A60E10603D507EB4A1324
:10DB800010229A60620603D507EB4A1340229A607E
:10DB9000A30703D507EB4A1302229A60210693D507
:10DBA000D6E91441A1428FD8621A736C00EB4A1C6B
:10DBB00093420CF5106C28BF1346DCF81820033391
:10DBC00092B2B2EB930F2ED309F10109864600EB16
:10DBD00009393CB3A14280F0C682621A736C95F891
:10DBE00070009A4228BF1A46B36C02F1030B4FEA49
:10DBF0009B0B70B990B2033080080AD003EB800110
:10DC000053F8040B8B42C9F80000F9D1B36CD6E984
:10DC10001441DCF818001344114480B2B3647165F8
:10DC20008345D6D97046A142FFF44EAF0AF00F01EA
:10DC30000124D0F8342804FA01F122EA0102C0F8E4
:10DC4000342841E7D0F8001900F50063B84A0A40CB
:10DC5000C0F800299A6802F00602042A00F0CB807E
:10DC60005A6842F480725A609B6813F0060340F0D1
:10DC7000AA81C268EB6622F47052C260C36843F4A2
:10DC80001053C3604FF00009D5F860644FF04008AE
:10DC900000220127434630461146FFF789FD4346DF
:10DCA000002230468021C6F84471C6F85081FFF743
:10DCB0007FFD0023D6F8A022B761C6F8248086F83D
:10DCC0007472C6F86C327360C6F87C32002A00F0B9
:10DCD000EC81D6F88C32304600215B689847D5F845
:10DCE0006034286E83F81090436903F40053436155
:10DCF00032E6D4F804284FF4846104F500678D4BB4
:10DD000022F001027A60016101E0013B02D0026968
:10DD10009106FAD4D5F864C0BCF1000F16D004F512
:10DD200010634FF67F3199600BF1010B1A682033B5
:10DD3000E34522F4001243F8202CC3F8E811D3F88D
:10DD4000E02122F40012C3F8E021ECD1FB69D5F800
:10DD5000902043F00113FB61002A3DD17A6942F221
:10DD60002B0313437B613B6943F00B033B61D4F806
:10DD7000003895F8701023F4FE636F4AC4F8003839
:10DD800003F096FA286E436903F480534361DDE59E
:10DD9000436903F0804343610EE6436903F40013D3
:10DDA000436103E6436903F480134361F8E5D5F862
:10DDB000603493F87422032A37D0436903F00803D0
:10DDC0004361E7E5D5F86034042193F8742283F8C1
:10DDD000741283F87522B3E5D7F8843043F00B034F
:10DDE000C7F884307B6C43F00B037B64BFE70023F0
:10DDF00085F854344AE6D0F8002942F00302C0F80E
:10DE000000295A6842F480725A609B6813F0060336
:10DE100040F0D980C368002223F47053EA66C360DF
:10DE2000C36843F41053C3602CE7D3F88C22D26943
:10DE3000002AC2D018469047286EBEE7C1EBC10148
:10DE400004F58054C3F30A1305EB81022668D2F867
:10DE50007412C5F824640B442168C2F87432C5F802
:10DE600028148DE5DDF800B03BE5DDE9004B3EE52B
:10DE700004F530634FF0010C2A6F0AEB471A03EBED
:10DE8000471B6245CBF808C0D0F840E0DAF808300C
:10DE900000F01681294A964540F0FB801A0440F1B3
:10DEA000F3804FF4004218F0080FCAF808203FF43E
:10DEB000BBAD026CDAF80800204B9A4200F0D0802B
:10DEC0001D49D5F86004019205F0C4FC1C4B019A71
:10DED0009A4200F2D0800822286ECBF80820A3E5F1
:10DEE0007B01296F026C03F5306A012904F530616A
:10DEF000824401EB030BDAF80800DDD1104B9A42A3
:10DF000000F2AE800C49D5F8600405F0A3FCE2E70E
:10DF1000DBF88C325B69002B3FF428AE9BF874224F
:10DF2000032A7FF423AE584649469847286E1DE6DB
:10DF300000F8FFFF400D0300341001200A31544F58
:10DF40000A30544F47F6F07213423FF419ADC3F351
:10DF50000A16C1EBC1024FEAC10C3346033605EB8A
:10DF60008202B608D2F8682208D004F5805402EB89
:10DF70008607266842F8046BBA42FAD1ACEB01027C
:10DF800005EB8202D2F86842D2F874121C440B44AA
:10DF9000C2F86842C2F87432F2E4D5F86004012293
:10DFA000D0F88C3280F8742201795B689847286E2B
:10DFB0000CE5D5F86034042193F8742283F87412C8
:10DFC00083F87522A2E423F00403002B3FF422AF70
:10DFD000A74A0326A74BD2F87421A7491344EE663B
:10DFE0008B4240F2C280A54BA54913448B4240F2BC
:10DFF000D480A44BA44913448B4240F2F380A34B3A
:10E00000A34913448B42C0F02481A24BA24913447C
:10E010008B4240F22181A14BA14913448B42C0F0B5
:10E020001E81A04BA04913448B42C0F01E819F4B20
:10E030009F4913448B42C0F015819E4B9E49134467
:10E040008B4234BF4FF4E0534FF4C053C2684FF0DB
:10E05000010922F47052C260C2681343C36013E620
:10E06000000403D54FF40042CAF808209349D5F8BC
:10E07000600405F0EFFB296F01297FF42CAF8F4A74
:10E08000286E03F015F926E79B0602D52023CAF86F
:10E090000830C1EBC103D5F8600405EB8303D3F866
:10E0A000682205F0C3F9286EBAE4D6F89032002B46
:10E0B0007FF40FAED6F89832002B7FF40AAE0EE64E
:10E0C0001A0755D57E4A964505D9190403D54FF44C
:10E0D0000043CAF808307949D5F8600405F0BAFB66
:10E0E000764A0121286E03F0E3F80823286ECAF867
:10E0F000083095E4714A03F0DBF8286EA4E4DBE90C
:10E1000008239A4259D8DBF81C10B1FBF3F203FB49
:10E1100012120AB98B4268D9DBF88C32DB682BB15A
:10E120009BF87422032A01D158469847802158460B
:10E13000FFF7D8FA0023052258461946CBF86C227F
:10E140001A46FFF743FAD5F870C0286E03E5D5F8F4
:10E15000B0305AEA03037FF409AD6146574A03F031
:10E16000A7F8286E02E5704660E54FF470536DE73E
:10E170009A0615D52022CAF8082018F0080F3FF497
:10E1800053AC026CDAF80800B8E680215846FFF775
:10E19000A9FAD5F870C0286EDDE44FF4605355E756
:10E1A00013F0280FE9D1464A96452CD91B042AD5ED
:10E1B0004FF40042CAF80820DFE7D31A4946D5F8E1
:10E1C000A820DBF8A802CBF820309BB204F04AFC70
:10E1D0004B464A4649465846FFF7F8F9D5F870C00D
:10E1E000286EB8E44FF4505330E7DBF870329942B0
:10E1F00092D24B464A464946DBF8A80204F032FC6C
:10E20000CBF87092E4E7DAF81020C1EBC100D9F83E
:10E210000432C2F3120CD9F8082205EB80001A442C
:10E22000A3EB0C03C9F80822D0F86822D5F86004E3
:10E23000C9F8143205F0FAF8D5F870323B437FF490
:10E2400032AF1E4A0121286E03F032F8286EFFF724
:10E25000E7BB4FF44053F9E64FF43053F6E64FF482
:10E260002053F3E64FF40053F0E64FF41053EDE67D
:10E27000081D0120405327FFFF340C00401E1BFFE8
:10E280003F420F0000DC0BFF7F4F1200808CF9FE35
:10E2900020D6130060B6E5FE5FE3160000D3CEFE85
:10E2A00040771B00C05BB3FEC091210000CA91FE05
:10E2B00020753800E05459FEE09C410034100120E4
:10E2C0000A30544F2DE9F0414FF0FF35324A002318
:10E2D00032482C4603E0013310320B2B14D0917AD4
:10E2E0000429F8D103F5B17100EB0111C979CF0709
:10E2F000F1D4661C116801D0A942ECD21C4601334E
:10E300000D4610320B2BEAD1631C02D10120BDE86F
:10E31000F081224D04F5B17705EB07139988E9B92F
:10E320002601DFF88480AA19D8F84C3841F2186029
:10E330001B491E690023105801EB4421194AB047BC
:10E34000E0B1022817D141F2CC6205EB0717012199
:10E350000020AB58B971013BAB50D8E7DFF84880DB
:10E3600005EB041241F218602601D8F84C38105819
:10E37000DB689847D7E70020BDE8F08141F2CC6226
:10E38000032405EB071741F2D061AB58BC7101249F
:10E39000013B6C54AB50BAE7487501202C5F01205B
:10E3A000445F0120C5E30008002E0120044B41F228
:10E3B000E472995C09B90121995401225A7070479D
:10E3C0002C5F012070B50024164D41F2D066164B2B
:10E3D0002046AC5503E0013010330B2814D053F81D
:10E3E0000E4C8C42F7D11C78032CF4D16AB10F4B40
:10E3F00003EB40239A4201D0FFF7D8FF00F5B1703C
:10E40000012305EB0010837170BD41F2CC6100F572
:10E41000B17304206A5805EB0313013298716A50F6
:10E4200070BD00BF2C5F012052750120445F0120A8
:10E4300038B50020114B9C7B14B11D688D4204D06F
:10E44000013010330B28F6D138BD82B10C4B03EBF1
:10E4500040239A4201D1022C01D0FFF7A7FF00F51B
:10E46000B170084B012203EB0010827138BD00F53A
:10E47000B170044B03EB0010827138BD447501206C
:10E48000445F01202C5F01202DE9F04F83B002F0A2
:10E49000020C019310B9BCF1000F60D1844C41F61D
:10E4A00038056559002D61D14FF0FF36814F0025A9
:10E4B000B146B046B2463B68984200F0BE8097F83D
:10E4C0000EE0BEF1000F62D0BEF1010F15D105F5CF
:10E4D000B17E04EB0E1E9EF807E01EF0010F0CD17A
:10E4E0001EF07E0F09D15FEADE1340F0B080D7F84E
:10E4F00008E0F24501D9F246A946013510370B2D47
:10E50000D9D1751C04D1B8F1FF3F00F0A780464671
:10E5100041F2C86806F5B17704EB061E41F21C6AA9
:10E5200054F808504FEA071941F2186B01354EF8BC
:10E530000B0044F8085004EB07184EF80A5044F852
:10E5400009500025C8F8045004EB0715AD79042DD7
:10E5500000F2A980DFE805F02139163955000225BF
:10E56000FFF724FF284603B0BDE8F08F04F5C2573B
:10E5700041F63C063F68A65907FB0565A84293D3C0
:10E58000FFF714FF0025284603B0BDE8F08F2E46A4
:10E59000013510370B2D8ED1B3E712F0010E6FD17C
:10E5A00004EB0710019BD51090F80780032B65F34F
:10E5B000C71880F8078061D94FF6FF70834228BFE3
:10E5C00003469BB204EB07108380BCF1000F18D008
:10E5D00004EB061041F218630344987B042810D022
:10E5E00041F2C86C41F2CC654FF0040E54F80C00B7
:10E5F000013044F80C00586083F80EE06359013391
:10E600006351500705D504EB0710C37943F00103AC
:10E61000C371D30608D504EB0714E379C3F34502AD
:10E62000013262F34603E371234B012503EB4626D7
:10E6300028460E6003B0BDE8F08F05F5B17704EB16
:10E6400007164FEA071EB6796EB92E4660E7A84650
:10E65000013510370B2D7FF42EAF52E7B9F1FF3F94
:10E6600090D04E4654E741F2C8682E4654F8085000
:10E67000013544F8085044F80E5065E77346A1E7A9
:10E680000E4A00230C49D2F84CC801EB46210C4A33
:10E69000DCF80860B04700283FF474AF04EB0714BF
:10E6A0000223A3715EE70225FFF780FE5AE700BF51
:10E6B0002C5F012044750120445F0120002E0120C1
:10E6C00031E40008F0B5154D83B00E462B78022BCF
:10E6D0000FD14FEA102CC4B241F6300700230122BB
:10E6E00001A9E8596044FFF7CFFE012806D003B026
:10E6F000F0BDC0F3D41C00F07F04EDE72B78022BB3
:10E70000019B04D133F81430336003B0F0BD53F8EB
:10E71000243023F07043336003B0F0BD2C5F012040
:10E7200010B5144602070B4610D50B4941F2C472CE
:10E73000581C8B58834204D305D100230120236049
:10E7400010BDFFF733FE2060012010BD21461846A2
:10E75000BDE81040B6E700BF2C5F01202DE9F04175
:10E760000D46416882B00446C1F308032B44B3F55B
:10E77000007F58D390F91A30591C0AD0304A03F55B
:10E78000B173FF2102EB0313DA796FF30002DA7140
:10E79000817694F91B305A1C0FD0294A03F5B173C6
:10E7A000FF2002EB0313DA79C2F34501013921EAB4
:10E7B000E17161F34602DA71E0762378022B38D0FA
:10E7C0001F4A02F5C2531B68B5EB432F4FEA43289B
:10E7D00025DC41F648036768D6583E407242AA429B
:10E7E0001DDCAB19434512D301AA2169207EFFF736
:10E7F00097FF012813D16768A5EB0805206908EB8E
:10E800000703019A354460619F1B226167602046BF
:10E81000F9F774FF20B93D440120656000E0002055
:10E8200002B0BDE8F08129440120616002B0BDE87A
:10E83000F081616801202944616002B0BDE8F08187
:10E840002C5F012070B5154604460E46FFF786FF83
:10E8500050B994F8280028B90223C4E90B5684F86B
:10E86000283070BD022070BD1DB12046A847012090
:10E8700070BD012070BD00BFD0E9011310B48B4200
:10E8800090F91A2038BF0B46511C83600AD0144BF4
:10E8900002F5B172FF2103EB0212D3796FF300038B
:10E8A000D371817690F91B305A1C0FD00C4A03F5B6
:10E8B000B173FF2402EB0313DA79C2F34501013986
:10E8C00021EAE17161F34602DA71C4760022436AFB
:10E8D0005DF8044B1146426142600361B2E700BF3C
:10E8E0002C5F012070B544220021114841F602043A
:10E8F0003DF0A0FD0F4B032141F64C001A784FF676
:10E90000FF761D5803F5C050022A1E5341F2E876E7
:10E9100041F60C0418BF0A4600F8181941F6010127
:10E920001D519A5510225A54FFF7A6FF012070BDC1
:10E93000147701202C5F0120B1F904300F2B2DE951
:10E94000F0410C4682B01646054633D02846F9F70A
:10E95000FDFE95F91B800746B8F1FF3F34D02D4BE3
:10E9600041F2186203EB08118A58904212D1183311
:10E9700003EB4823A1882846013109B203EB411378
:10E98000A1803360F9F7E2FE03460120236002B064
:10E99000BDE8F081FFF70AFD2846F9F7AFFE28B180
:10E9A00000230120336002B0BDE8F081002002B0F6
:10E9B000BDE8F0814FF40071FFF7D0FE0028F5D0DC
:10E9C0004FF6FF73A380C1E72846F9F797FE0028AA
:10E9D000E2D10FB9FFF7EAFC38460023112201A962
:10E9E000FFF752FD0128D7D1019B0B4A9A1A48BF65
:10E9F00002F2FF12B2F5B05F4FEA622106D24FFA7F
:10EA000081F885F81B80002BB4D1C5E7FFF7CEFC59
:10EA1000019BF6E72C5F0120445F012030B50446DE
:10EA2000C06983B010B9012003B030BD0D4600238A
:10EA3000032201A9FFF728FD0128F5D1B4F9203000
:10EA4000002B03DAFFF7B2FC0220EDE7019A012D5B
:10EA50004FEA431102EB431303D0022D12D1E525F7
:10EA60005554A268DA612278032A04D100221A7769
:10EA70005A779A77DA77626AC2F30F415A8399829A
:10EA800003B030BDE268DA61EDE700BF10B503788E
:10EA90000446023B012B037E02D913F0060F5AD124
:10EAA00098063AD494F91A30591C0AD02D4A03F525
:10EAB000B173FF2102EB0313DA796FF30002DA710D
:10EAC000A17694F91B305A1C0FD0264A03F5B17376
:10EAD000FF2002EB0313DA79C2F34501013921EA81
:10EAE000E17161F34602DA71E076237E1B070BD5F4
:10EAF0001C4841F2C873C35C072B01D0FFF756FCDA
:10EB000041F2C8730022C2540023E26A237084F8E1
:10EB10002830FAB1BDE81040104700231249E069DF
:10EB20001A018A58904206D001330B2BBAD01A0131
:10EB30008A589042F8D10B4A03F5B17302EB0313E4
:10EB4000DA79C2F34501013921EAE17161F3460244
:10EB5000DA71A7E710BD0121FFF760FF0128F9D1A5
:10EB6000237E9DE72C5F012044750120B8B138B5A4
:10EB7000027822B190F828201AB1002038BD012077
:10EB800038BD826803244568C162AA4280F82840E3
:10EB900038BF2A468260FFF779FF012038BD012087
:10EBA000704700BF2DE9F04FDFF84C91174683B056
:10EBB0008A4699F800300A68022B7BD1D6B241F61A
:10EBC00030044FF48071A6EB020859F80450B844A1
:10EBD00005EB12258844BA4208F1FF38B8FBF1F87A
:10EBE00064D200F0010BA844032B06EB0704A8EB4A
:10EBF00005030CBF80214FF48071A41A8C4228BFFA
:10EC00000C460EB98C4235D20B2201A92846FFF7DB
:10EC10003BFC012802D003B0BDE8F08F99F800104A
:10EC2000DAF80020022902F1010325D0A64210D211
:10EC3000019A6FF04040111F304401EB840102EB58
:10EC4000800242F8043F914203F10103F9D1DAF85E
:10EC50000020A61B3244BA42CAF8002002D1BBF100
:10EC6000000F39D1BA4205F101051FD299F80030E1
:10EC70000026B9E70A22C8E7A642EAD201996FF056
:10EC8000004C881EB44400EB440001EB4C0121F819
:10EC9000023F884203F10103F9D1DAE76FF0004344
:10ECA000019A4FF6FF71234422F81310012003B09C
:10ECB000BDE8F08F41F6300102F07F06032BC2F36E
:10ECC000D41559F80140A6EB020814BF4FF4807127
:10ECD0008021B84425447DE799F80030022BDDD02F
:10ECE0006FF04043019A4FF0FF31234442F8231064
:10ECF000DAF80020B6E700BF2C5F0120F8B590F8E5
:10ED000038300446032B4ED8DFE803F00230394494
:10ED10002B4B41F2A87EC56841F2C47C187803F5FC
:10ED2000C25153F80C2041F2AC770328096853F81C
:10ED30000E000CBF80264FF48076226101FB06F1A5
:10ED400005EB4125A0EB4120E560951943F80E0045
:10ED5000D85943F80C50A0EB4121E06AD951C4E9DD
:10ED60000C2548BB6262012384F838300021154825
:10ED7000FFF754FE012811D1022384F83830626B6A
:10ED800004F130010120FFF70DFF012806D1032314
:10ED900084F8383000212046FFF740FE431EDBB2E6
:10EDA000012B01D9F8BD022094F82830062BF9D1A7
:10EDB000002384F82830F8BD921B2263D3E700BFFC
:10EDC0002C5F0120CC7601202DE9F04FDFF8248163
:10EDD000012887B00C4698F800608CBF00230123FF
:10EDE0001546032E02930B6839D0022E62D14FF4E0
:10EDF00080724FEA1329DFB201920138012823D82B
:10EE0000012203929D421AD9384E06F1880A06F172
:10EE10001C0B32681AB1DBF8001099424ED0DAF8B8
:10EE200000000023092205A94844FFF72DFB012813
:10EE30001FD002280FD020B123689D42E9D80320BB
:10EE4000256007B0BDE8F08F87B1FFF7AFFA022069
:10EE500007B0BDE8F08F022007B0BDE8F08F802238
:10EE60000192C3F3D41903F07F07C6E7019A039216
:10EE7000C8E7059ADDF804E0DDE902C198F8003042
:10EE8000022B14D0032BE6D152F8273023F0704325
:10EE9000B3FA83F30F445B096345236823D00B4423
:10EEA00077452360EAD309F101090027C5E732F865
:10EEB0001730EDE74FF480720192D2E70C49013A26
:10EEC000096802EB41224902B2FBF1F203991344B3
:10EED000B3FBF1F201FB12320AB10B449B1A9D42C3
:10EEE000236096D8ABE7AB42ABD3A8E7D47601203A
:10EEF0006C7701202C5F0120F0B5114D83B00E46D8
:10EF00002B78022B17D14FEA102CC4B241F63007F0
:10EF10000023032201A9E8596044FFF7B5FA01284C
:10EF200007D12B78022B019B0CBF23F8146043F808
:10EF3000246003B0F0BDC0F3D41C00F07F04E5E70B
:10EF40002C5F01202DE9F043002990F83C3083B07C
:10EF5000044614BF02210021042B7BD8DFE803F014
:10EF6000030C3C476900FFF759FD012870D1626B23
:10EF7000002A75D184F83C00404E4FF6F777DFF851
:10EF800004813F4D1BE0B94594BF4FF000094FF09D
:10EF9000010901A9B9F1000F48D1FFF793FB01283E
:10EFA000494652D1206BFFF7A7FF01284DD1019AA6
:10EFB0002B68511E22638B4228BF0B462B6033788F
:10EFC000206B032B1FFA80F9DDD1404594BF4FF031
:10EFD00000094FF00109DCE7426B04F13001002029
:10EFE000FFF7E0FD012833D1032384F83C30234BA5
:10EFF00041F2C470E16A41F2A8771A5803F5C2558C
:10F00000195041F2AC76511A2A68D85902FB01F224
:10F01000995900EB422503F5BD5001EB4222002136
:10F02000DD519A51FFF7FAFC012811D1042384F82D
:10F030003C3094F82830042B02D1002384F8283087
:10F04000A36B8BB120469847012003B0BDE8F08345
:10F050000228FAD194F82830042B09D00220F4E7D2
:10F06000022384F83C30B8E7012003B0BDE8F08308
:10F070000023022084F82830E7E700BF2C5F01203E
:10F0800070770120F7FFFF0F38B590F83430044651
:10F09000052B42D8DFE803F01E033B0F1868006B16
:10F0A0004FF0FF31FFF728FF012836D1E06AB0BBEF
:10F0B000032384F8343000212046FFF7AFFC0128F9
:10F0C0002BD1042384F8343094F82830082B2AD02C
:10F0D000012038BD41F63803244D00F130010120F4
:10F0E000EA580232FFF770FE01282AD00238C0B277
:10F0F000012812D8052384F8343094F82830082BDE
:10F1000016D041F2E57301220220EA5438BDC06AEC
:10F11000216BFFF7F1FE0128CAD0002038BD022381
:10F1200084F83430F4E70023012084F8283038BD17
:10F1300000230122022084F8283041F2E573EA54CA
:10F14000E4E705F5C252E368206B41F6440112681A
:10F15000685003EB4223E26AC4E9033002B96062FB
:10F16000012384F834309BE7004DC6E72C5F012073
:10F1700043682DE9F04F164683B0C3F30808002A10
:10F1800000F0DF80704B054689464FF0000AA3F17E
:10F19000180BC8F5007495F91A702846B44228BFB8
:10F1A0003446791C2ED0F9F7D1FA41F218620BEBF4
:10F1B00007139B58984205D0FFF7F8F8504603B064
:10F1C000BDE8F08F604B03EB4720224649464044A0
:10F1D000A2443CF0CDF9002221462846FFF732FB3D
:10F1E0000028EBD02B7E1B0706D5584B2A691B68DD
:10F1F0009A4201D3FFF7DAF8361BA1444FF000081A
:10F20000C7D1DBE7F9F77AFA002846D12846F9F7A3
:10F210009DFA6968C1F308031BBB4D4AAB680A40FD
:10F2200002F500729A422CBF062207222B7E03F0C1
:10F230000C030C2B1BD0002301A9FFF725F9012893
:10F24000BCD10198404BC31A48BF03F2FF13B3F57A
:10F25000B05F4FEA63224CD257B2AF760028B4D1E8
:10F26000ACE72B7E072203F00C030C2BE3D19BF8B9
:10F2700000C0384BBCF1030F1B680CBF4FF0800C73
:10F280004FF4807C03FB0CF34FEA432C0CF1FF3C62
:10F290000CEA0101A3EB5123CEE72B7E1A072CD5F4
:10F2A0009BF800202B4B032A95F828201B680CBFE5
:10F2B00080214FF48071062A03FB01F34FEA4323B8
:10F2C0003FF47CAF24490868834231D891F83D303F
:10F2D000002B7FF473AF002A7FF470AF06216B69B7
:10F2E000284685F8382085F82810EB62FFF706FDE0
:10F2F0001AE0FFF75BF80198AFE795F82830002B8C
:10F300007FF45CAF154B1A78002A7FF457AF0821C1
:10F3100085F834206A69284685F82810D3F85F30CC
:10F32000C5E90B23FFF7B0FE01283FF46FAF45E7B7
:10F3300041F2E573012250460BF8032003B0BDE80B
:10F34000F08F92463AE700BF445F0120F07601203B
:10F3500000FEFFFF6C770120D47601201177012099
:10F360002DE9F04790F8384082B00546032C00F2B2
:10F370009980DFE804F00218600BFFF785FE012892
:10F380000FD0022809D1032385F8383000202B6CD8
:10F39000022485F8280003B19847204602B0BDE852
:10F3A000F08785F838002B78022B50D03E4941F683
:10F3B00048026B688A5803EA0208C8F34F282846B7
:10F3C000DFF8E890F9F7C2F90646A8EB0008022238
:10F3D00001A930460023FFF757F808EB060701287C
:10F3E0004FF40072BFB24FF00001044606F101066F
:10F3F000D3D101983DF01EF8EB694FF40071284617
:10F400000BB16B684BB3D9F80030013B9F4206D279
:10F41000FFF7A4F90028DAD1FEF7C8FFD7E7C3EB5E
:10F42000C35328465902FFF799F908B9FEF7BEFF02
:10F43000022385F8383000222B6C85F8282053B140
:10F44000012428469847204602B0BDE8F0876B6843
:10F45000C3F34F28B3E701249FE7019B4FF020320D
:10F460002E244FF0100C1A605A601C70C3F807204D
:10F47000D5F824E01A625A62CEF30F4A83F820408E
:10F4800083F82140C3F8272083F80BC0EA6BA3F868
:10F490001AE0C2F30F44A3F814A05A879C8683F89D
:10F4A0002BC0B0E7002478E72C5F01206C770120A7
:10F4B0002DE9F04F90F8303089B00446042B00F26B
:10F4C000A780DFE813F0A800B10005008900E7007D
:10F4D000B54D41F61003EB5C002B40F09980B34F23
:10F4E00004F11C0901AEB84607F1380BBA463246A2
:10F4F00049464046FFF720FA012840F0168101985E
:10F50000002800F0F98003780BB1E52BEFD1A84A71
:10F51000821A48BF02F2FF12B2F5B05F4FEA6223CF
:10F5200080F03B811B01A34A13449A7B042A0CD030
:10F5300041F2C86641F2CC610427AA590132AA51AE
:10F540005A609F736B5801336B5041F60202AB5601
:10F550005E1C09D003F5B173FF2105EB0313A95419
:10F56000DA796FF30002DA7141F603016B565A1C27
:10F570000ED003F5B173FF2605EB0313DA796E5451
:10F58000C2F34501013921EAE17161F34602DA7102
:10F59000202200213CF04EFF2346019A05A853F893
:10F5A000315F59681560516019899B7A1181937296
:10F5B000019B627EDA722CF02DFEBDF81430002B18
:10F5C00040F02E8144F28172019903200A82CB819E
:10F5D0000A83CB8284F83000237E980600F1A8804D
:10F5E0002046FFF749F92369002B00F0AD80237E08
:10F5F00003F0F70213F00403227640F0B380122ADE
:10F6000000F0B9800022E36A204684F82820984759
:10F6100009B0BDE8F08F6548FFF72EF94FF6FF728D
:10F620000123228484F8303004F11C0801AE5F4FBE
:10F6300004F13109324641463846FFF77DF9012889
:10F640002FD00228E4D1584D41F60202AB56591C86
:10F6500009D003F5B173FF2105EB0313A954DA793F
:10F660006FF30002DA7141F603016B565F1C0ED096
:10F6700003F5B173FF2005EB0313DA796854C2F385
:10F680004501013921EAE17161F34602DA7104238F
:10F6900084F830300020E36A2070984709B0BDE854
:10F6A000F08F019D0B2249462846002D00F08680F0
:10F6B0002B78002B00F0828095F80BA01AF0080F31
:10F6C000B8D13CF0D6FF0028B4D1637E8AEA0303A8
:10F6D000DB0640F1C680344D41F60202AB565F1C9A
:10F6E000C1D003F5B173FF2105EB0313A954DA79F7
:10F6F00060F30002DA71B6E73B78092250462E49E2
:10F70000022BC4D00B78002BC1D10A708BF80030CB
:10F710004A6B0B73C1E9053351F8143CC1E901325E
:10F72000FFF71EFE01283FF4E2AE0228AFD06FE7DC
:10F730000023112205A9E069FEF7A6FE01283FF487
:10F740004FAF09B0BDE8F08F237E19077FF55AAFA0
:10F75000154A41F2C873D15C00297FF459AF0721E3
:10F76000D1544FE70023E26AA168204684F828308C
:10F77000FFF768F84CE7E56A0421626A204684F8DE
:10F780003C306363A56384F828106362C4E90233E4
:10F79000C4E90B22FFF770F83AE7FEF707FE01987D
:10F7A0006FF00F03BFE600BF2C5F0120147701202C
:10F7B000445F0120447501203C770120474D41F60C
:10F7C0000202AB565E1C09D003F5B173FF2105EBB5
:10F7D0000313A954DA796FF30002DA7141F60301D9
:10F7E0006B56581C0ED003F5B173FF2005EB0313C5
:10F7F000DA796854C2F34501013921EAE17161F314
:10F800004602DA71237EDA067FF541AF3448FFF70E
:10F8100033F84FF6FF720223228484F8303058E622
:10F82000304B05A902A8B3F9502F2CF013FD9DF819
:10F830000C309DF80D00DB029DF80A509DF80B205E
:10F84000BDF8081043EA401342EA45129DF80E0045
:10F85000A1F2BC7143EA500342EA41229BB292B248
:10F86000B2E6A98A6A8B204B42EA01421B686262B7
:10F870005A02EB69B3FBF2F102FB1131A36009B14B
:10F8800013445B1A154D41F60202E36084F819A097
:10F89000AB565E1C09D003F5B173FF2105EB0313D2
:10F8A000A954DA796FF30002DA7141F603016B565D
:10F8B000581C0ED003F5B173FF2005EB0313DA7962
:10F8C0006854C2F34501013921EAE17161F346024E
:10F8D000DA71032384F830307EE600BF2C5F01200C
:10F8E00014770120002E01206C7701202DE9F041D2
:10F8F00090F8283084B00446013B082B41D8DFE85B
:10F9000003F048054D525865406A4300394B41F6B3
:10F91000480241689F5803F5C253056B0F401B68AE
:10F92000EA194FEA4328B2EB432F16D258E0216977
:10F93000207EFEF7F5FE012823D1256B6168A5EB3B
:10F94000080522694144039B3D446261C91B236150
:10F95000A84537466160256342D82046F8F7CEFEB9
:10F9600003AA06460028E2D06168A3680020E26A84
:10F97000994284F8280038BF1946A1600AB1204690
:10F98000904704B0BDE8F081FFF7EAFC04B0BDE8A1
:10F99000F081FFF78DFD04B0BDE8F081FFF776F848
:10F9A00004B0BDE8F0810021FFF7CCFA04B0BDE857
:10F9B000F0810121FFF7C6FA0128E2D10023216C72
:10F9C000204684F82830FFF7D1F8DAE7FFF796F9F8
:10F9D00004B0BDE8F081FFF757FB04B0BDE8F0814B
:10F9E00020460191F8F78AFE01990028BDD12944EB
:10F9F0006160BAE72C5F01202DE9F0470D46904683
:10FA00000021442204461E46089F3CF013FD0123BA
:10FA10004FF6FF722676628384F828302B782E2BDF
:10FA200042D004F1310A04F139092E4632782023FC
:10FA300010462AB12E2A03D02CF088FC0136C3B21E
:10FA40000AF8013BCA45F1D130782E2801D17078EF
:10FA5000013604F1380904F13B0A202318B12CF0D7
:10FA600075FC0136C3B209F8013FD14507D03078A3
:10FA700020230028F3D109F8013FD145F7D118F030
:10FA8000100F84F81980E76214BF03230123237049
:10FA90002B782E2B24D00023204684F83030FFF71B
:10FAA00007FD2046BDE8F0876B78002BB9D1124BDB
:10FAB00041F60C0041F2F47141F2F0721E589A586E
:10FAC000585841F601016662C4E9022041F2E87229
:10FAD000595C61769B5CE76223702B782E2BDAD120
:10FAE0006B78002BD7D10323204684F83030FFF702
:10FAF000DFFC2046BDE8F0872C5F012003460A2288
:10FB000001481A80704700BFF003012003462022FD
:10FB100001481A80704700BFFC03012003462022E1
:10FB200001481A80704700BF1C04012003462022B0
:10FB300001481A80704700BF3C04012003460A2296
:10FB400001481A80704700BF5C0401200023D0F8F0
:10FB500098221846137370470346222201481A80E0
:10FB6000704700BF680401200346222201481A8022
:10FB7000704700BF8C0401200346222201481A80EE
:10FB8000704700BFB004012003460A2201481A80D2
:10FB9000704700BFD40401200346432201481A8065
:10FBA000704700BFE00401200346432201481A8049
:10FBB000704700BF240501200346432201481A80F4
:10FBC000704700BF68050120D0F8943283B110B5AA
:10FBD000D0F8904294F80002FF2807D09B68214695
:10FBE00094F801229847FF2384F80032002010BDCA
:10FBF0000020704701F00F01D0F8A822C1EBC1012D
:10FC000002EB810238B5D0F89032D0F89452D2F895
:10FC1000144203F50371EA68D3F80402C3F80C42F6
:10FC20009047002038BD00BF08B5D0F88C325B6823
:10FC30009847002008BD00BF08B5D0F88C321BB132
:10FC40001B68984700B908BD022008BD0022836BDD
:10FC5000A3F85A20A3F85220704700BF836B1A689C
:10FC600010B45C6F986F9168090601D5212C1AD0E9
:10FC70009168490601D5222806D0DA6F5DF8044B59
:10FC800042F01002DA67704700202024A3F85A00DF
:10FC9000116821F490711160916821F00101916067
:10FCA00018669C67E9E700212024A3F85210116828
:10FCB00021F0C00111605C67DAE700BF704700BF48
:10FCC000704700BFC369B3F5807F12D0826B0021FB
:10FCD00020201368A2F85A10196821F48071196065
:10FCE000996821F001019960996821F040019960BB
:10FCF00090677047C369B3F5807F0CD0826B002199
:10FD00001368A2F852109A6822F080029A601A686A
:10FD100042F040021A607047836B0121002283F891
:10FD20003D101A77704700BF0122836B83F83D2096
:10FD3000704700BF90F8BC33012B29D0012380F815
:10FD4000BC330B060ED402681021124B116101E086
:10FD5000013B02D01169C906FAD4002380F8BC33F4
:10FD60001846704701F00F010A4B890110B441F0A9
:10FD700020010468216101E0013B02D02269920662
:10FD8000FAD4002380F8BC3318465DF8044B704762
:10FD900002207047400D030011F0800F4FF01C034C
:10FDA00001F00F0170B432D103FB0103C1EBC102BA
:10FDB000002400EB820203F5FE7382F8FD41197006
:10FDC00090F8BC23012A31D00121026880F8BC13CD
:10FDD0005C781D7802F500638C422AD005F00F0490
:10FDE000DE6B02F53062A1401C4C02EB451226EAA4
:10FDF0000146DE63DD6925EA0141D96113681C40D3
:10FE00001460002380F8BC33184670BC704703FBB5
:10FE10000103C1EBC102012400EB82023C3382F8F2
:10FE20003D40197090F8BC23012ACDD1022070BC4E
:10FE3000704705F00F01DE6B02F510628C40084937
:10FE400002EB451226EA0406DE63DD6925EA0404B6
:10FE5000DC61136819401160D3E700BF0078F3EF4D
:10FE6000007833EC11F0010307D090F8413003F033
:10FE70002803282B0CBF4223F2238A0709D590F8C8
:10FE8000412002F02802282A0CBF43F0440343F02B
:10FE9000F4034A07016848BF43F0B8030A6822EA3E
:10FEA00003030B60704700BFC16838B502290368BF
:10FEB0009A699C699A68DD680DD1C2F3C21282EA20
:10FEC000144212F0060206D1816C01318164816C0A
:10FED000022907D038BD0421FFF7C4FF002380F8B2
:10FEE000403038BD08218264D96180F8402038BD97
:10FEF000836B0022D3E90E0102650A6593F8412065
:10FF0000602A02D1202283F841207047002320225A
:10FF100010B5134C4363C462036380F8412080F83A
:10FF200042304B0712D50268436A526A1A70436A1C
:10FF3000028D013343624AB1438D013A013B028590
:10FF40009BB24385436C43F0040343640721FFF7EE
:10FF500089FF102102680023D16180F8403010BD74
:10FF60000000FFFF38B5002580F8425090F841307E
:10FF7000292B04D090F841302A2B0BD038BD2822F1
:10FF80002123012180F841200363FFF76BFF80F8F4
:10FF9000405038BD28222223022180F841200363EB
:10FFA000FFF760FF80F8405038BD00BF38B500252E
:10FFB000202280F8425090F84130212B0AD01223A1
:10FFC00080F84120022145630363FFF74BFF80F86F
:10FFD000405038BD112380F841200121456303635F
:10FFE000FFF740FF80F8405038BD00BF836B4022D0
:10FFF0001A645A6C42F004025A647047704700BF9A
:020000040801F1
:10000000836B1A6C12F0500F1A6C20D142F40072FC
:1000100019681A648A6812F0405F1AD19A69C2B9E5
:10002000CA6A12F4700F02D08A68500511D44A6867
:1000300022F020024A601A6C22F480721A641A6C50
:10004000D10406D41A6C42F001021A647047D20639
:1000500000D570479B6BDB6C184700BF0B4B70B42F
:1000600093F8312000260A4C194602EB82020A2539
:100070005863012004EB421201F8086B83F8320048
:1000800083F830505960907070BC704780770120C1
:100090008C1A00200E4B0F4ADB6BB2F900005B0795
:1000A00007D400EB8000400080B200F5C87080B239
:1000B0007047094B094AD3F8C030323382FB031230
:1000C000D817C0EBA20080B200F5C87080B27047AC
:1000D00080770120742200201C2E0120676666664E
:1000E00080F08003042B70B520D941281ED0FD2854
:1000F00006D0F0281DD0EF281FD00224204670BD66
:100100000B2004260F4D2E4400240135FFF7E8FF95
:100110002044AE42C4B2F1D015F8010BFFF7E0FF66
:100120002044AE42C4B2F7D1204670BD042420461C
:1001300070BD03200526044DE5E70C200626034D7F
:10014000E1E700BF6C1D0508641D05085C1D05087E
:1001500010B5062982B004464FF032030A460DF16D
:10016000010028BF062221468DF800303BF000FA3E
:10017000024B68461B6C984702B010BD8077012087
:1001800070B5D0F8A052044695F8183213B9D5F8D6
:1001900014323BB981212046FDF7A4FA6B7A022B79
:1001A00007D070BD6B7A002BF4D10121FDF79AFACC
:1001B000F0E705F5037220461F230121BDE87040DA
:1001C000FDF704BA70B5037C044601257BBB4FF4F0
:1001D000007302222946FDF7EBFA4FF40073C4F8CE
:1001E0005851174E812102222046FDF7E1FA321DB7
:1001F000E5620025D4F8A432C4F8A0222846B581CF
:10020000A6F860521B6898470121D4F8A802FFF7AE
:1002100091FD8121D4F8A802FFF78CFD06F5047248
:1002200020461F230121FDF7D1F9284670BD402348
:1002300002222946FDF7BCFA4023C4F85851D0E702
:100240007422002038B5044600250121D0F8A80208
:10025000FFF7A2FD8121D4F8A802C4F85851FFF796
:100260009BFDD4F8A002E5623BF034FA2846C4F8BE
:10027000A05238BD38B504468321D0F8A802002525
:10028000FFF78AFDD4F89802656518B13BF022FAB1
:10029000C4F89852002038BD38B5044600258121A5
:1002A000D0F8A802FFF778FD0121D4F8A802E56292
:1002B000FFF772FDD4F8A8028221C4F85851FFF765
:1002C0006BFDD4F8903225644BB1D4F894325B685E
:1002D0009847D4F890023BF0FDF9C4F89052002002
:1002E00038BD00BF10B50823032283210446FDF763
:1002F0005FFA0123102063653BF0E4F9C4F898022B
:1003000018B103460020187310BD022010BD00BFB5
:100310002DE9F041037C04460125BBBB4FF400737B
:1003200002228121FDF744FA29464FF4007302228C
:100330002046E562FDF73CFAC4F858514FF0010839
:100340000823032282212046FDF732FA4FF407707A
:10035000C4F840803BF0B6F90546C4F8900258B3A3
:10036000D4F8943200271B689847267CC5F814728D
:100370004146D5F804222046C5F81872AEB1402394
:100380003E46FDF723F93046BDE8F08140230222C6
:100390008121FDF70DFA2946402302222046E5621D
:1003A000FDF706FAC4F85851C8E74FF40073FDF79B
:1003B0000DF93046BDE8F0814646E4E707EE900AC5
:1003C000DFED196A9FED197AF8EEE77A9FED186A6A
:1003D00067EEA67A37EE677AC7EE876AF4EEC66AEA
:1003E000F1EE10FA1DD49FED130A08B526EE800A2F
:1003F00039F062FD9FED106ADFED107AF7EE006ACA
:100400009FED0F7AE0EE067A86EEA70AB4EEC70AF1
:10041000F1EE10FA02D430EE470A08BD9FED090A4A
:1004200008BD9FED080A70473333533A33335340C6
:1004300075029A3B52DF593E2CBB84390FCF5B3B90
:1004400033938843000000002DE9F04FA34C636C08
:100450002DED068B85B043B3A14A126892F8262091
:100460001AB394F848200546013A042A06D8DFE872
:1004700012F00202A90076004C002100994B1B7873
:100480000D2B12D1984BA16BD4F89420D4F898007E
:1004900019605A60D4F89C1094F8A020D4E929651A
:1004A000C3E90401C3E902659A6105B0BDEC068B9E
:1004B000BDE8F08F18460FE01F2D05F1010213D89B
:1004C000A36B2544606C013384F8A020A36327F05C
:1004D00071FB0346606C2B7227F074FB94F8A050FC
:1004E0000028E9D1002DC9D094F8B8300A3B012B7F
:1004F00040F23D83D4F8943000207A495A1C84F8A5
:10050000A0000B78C4F89420BAE7764F0026DFF8F5
:10051000F081184603E0202B00F08880606C27F003
:1005200051FB002800F09980606C27F043FB94F8A1
:10053000A020A16B531C22440131DBB21072A163D5
:10054000012B84F8A030E6D1DD2800F0B180D4F88A
:10055000A83084F8A0600133C4E92963DEE7614F65
:100560001846624EDFF89CA1DFF87CB14FF000081E
:100570000AE0022B6BD0032B6CD0042B00F0A4807C
:10058000262B00F01182606C27F01CFB002864D041
:10059000606C27F00FFB94F8A020A16B531C224441
:1005A0000131DBB21072A163012B84F8A030E0D1DD
:1005B0004B28E8D0D4F8A83084F8A0800133C4E9EF
:1005C0002983E0E7474F00269FED498A184605E05A
:1005D0000C2B25D0132B00F09B80606C27F0F2FAD7
:1005E000002800F00782606C27F0E4FA94F8A0205D
:1005F000A16B531C22440131DBB21072A163012BA9
:1006000084F8A030E4D19B2858D0B92800F02B8181
:10061000D4F8A83084F8A0600133C4E92963DCE78A
:10062000637A9B2BD9D184F8A060D6E7D4F8A430A4
:1006300084F8A060032B7FF671AF637A012B00F082
:100640005D81D4F898300133C4F8983066E74F28BC
:10065000B0D198E74428ADD195E7D4F8AC30254A1D
:10066000EB1A934240F3428194F8313004EB0311CA
:10067000180191F85420FF2A07D001321E4E4FF086
:10068000010C81F8542086F8BBC11C4A12789A42AA
:100690003B7800F0F581D4F89C200021C4F8AC50E0
:1006A000013284F8A010C4F8A410C4F89C20E7E636
:1006B000D4F8A4300133C4F8A4302FE7D4F8A43020
:1006C0000133C4F8A43088E74C287FF473AFD4F822
:1006D000A4300133C4F8A43055E700BF807701206F
:1006E000A0010020B4010020BC0100202083B8ED4F
:1006F0000000043C90D00300F0030120C40200205D
:10070000CDCCCCCC1F85EB51000000000000C842CE
:10071000227B84F8A060032A00F2EA8094F80E801D
:10072000B8F1030F00F2E480237C032B00F2E08099
:10073000E17C0F2900F2DC8094F815C0BCF10F0FAA
:1007400000F2D680E07D0F2800F2D28094F819A044
:10075000BAF10F0F00F2CC8094F814E01B0494F867
:1007600051904EEA012194F816E008EE909A94F820
:100770000DB04EEA0C2C94F8119009B2B4F84EE08A
:10078000F8EEE88A43EA092307EE901A94F81290EB
:100790004BEA0221F445E27B43EA0903B8EEE79A0B
:1007A0000FFA8CF968EE888A009200F2F9821FED48
:1007B0002AAA227E42EA0020CDE90213FFF7FEFDBD
:1007C00084F85460F0EE409A39F02AFBA37E29EEBB
:1007D000280A84F85500019339F022FB1FED350AF1
:1007E0008146A4F856002AEE000A39F019FB039B53
:1007F0004FF0640C8346632BA065B3FBFCFCA4F8AC
:1008000060C040F2BC820299312940F2B882397846
:10081000092900F0B6820C291DD1009AF2EE048A53
:1008200042EA0821DFF8C08329EEA80A09B2C8E924
:10083000003139F0F5FA019A0346C8F810B042EADF
:100840000A20C8E90239FFF7B9FD20EE280A39F07D
:10085000E7FAC8E90606D4F89430C4F8AC5001337E
:10086000C4F89430B9E6D4F8A43084F8A060013319
:10087000C4F8A430B1E6D54894F83230A0FB052086
:100880008009002B00F02281012B7FF4F7AD626B11
:1008900064329042C0F08A8194F8312004EB021552
:1008A000160195F85410FF2905D00131C84F85F87D
:1008B000541087F8BB31C74BC74F1B78934200F0E9
:1008C000D681531CC54ADBB292F870229A4284F852
:1008D000313002D8002384F83130FFF7BFFBD4F861
:1008E0009C203B780132C4F89C20C9E53B78C7E5E1
:1008F000D4F898300133C4F898306EE6A37A202BF0
:100900007FF49FAEE27C637D13437FF49AAE94F84C
:1009100010C0617CE27A41EA0C2194F80DE0207B62
:1009200094F80EC040EA022097F800A04CEA0E2C82
:10093000A8FB012B00EB8009A27C0CEB8C0EBAF11A
:10094000090F4FEADB0B00924FEA490984F8552062
:100950004FEA4E0EA4F860B0A4F85690E27D94F8E9
:10096000189094F816B084F85430E365C4F858E051
:1009700000F0D981BAF10C0F0ED1DFF86CE249EA30
:100980000229009ACEF81490CEF810C0CEE90013D8
:10099000CEE90220CEE906B3D4F89430C4F8AC50C6
:1009A0000133C4F89430B9E5D4F8A43084F8A080B9
:1009B000032B7FF6E8ADD4F82AC0E01D04F1290E20
:1009C0004FF0FF3110F8012F0823514041F300028E
:1009D000013B02EA060282EA5101F7D17045F1D1EA
:1009E000C9438C457BD0D4F898300133C4F8983093
:1009F000606CBBE5D4F8B020F2EE046AA36DAA1ACD
:100A000094ED2D7A9FED760A03FB02F3C4F8B05003
:100A100007EE903AF8EEE77AA7EEA67A27EE000AFC
:100A200084ED2D7A39F0FCF93B78D4F8AC200C2B0E
:100A3000E0653AD06B49AA1A8A427FF721AD94F853
:100A4000311004EB01120E0192F85420FF2A3FF4FA
:100A500022AE0132A0195E4F4FF0010C80F85420F5
:100A600087F8BBC15B4A12788A427FF414AE0C2B24
:100A70007FF411AE26445C4A96F85410D1610AE620
:100A80000C2B7FF408AED4F89C3020440022564949
:100A900090F854000133C4F8AC50C861C4F89C30DD
:100AA00084F8A020C4F8A420FFE4AA1A4D494E4EB1
:100AB0008A4270617FF7F9AC94F8311004EB0112AF
:100AC0000E0192F85420FF2AC3D1CBE7474B9D4239
:100AD0007FF6D4ACFFF7C2FA3F4B1B78D0E4D4F8D2
:100AE0000CE094F811C0AAFB0E28227C94F819900F
:100AF00042EA0C2294F818C0E07C4FEA58184CEAFD
:100B00000929A17C97F800C0009241EA0021A4F8CD
:100B10005620BCF1090FA27F94F82200019294F8AC
:100B20002320A4F8608084F8543094F81F8084F85F
:100B300055000292C4E916192BD0BCF10C0F0ED14E
:100B4000019ACBF800E042EA0828009ACBF814900A
:100B5000CBE90321029ACBE90180CBE90623D4F843
:100B60009430C4F8AC500133C4F8943040E74520C9
:100B70001F4E0AF0C5FD64200AF0C2FD2846AF19D9
:100B80000AF0BEFD16F8010B0AF0BAFDBE42F9D11B
:100B9000B0E400EB8000009BCBF800E04000CBF815
:100BA0000830CBF80C10CBF80400D8E7227894F882
:100BB00030309A42FFF462AC0E4D002305F1090675
:100BC00015F8011F08224B4019E000BFD34D6210F9
:100BD000F0030120C4020020B40100207422002090
:100BE000BFB5982F20A10700BC0100203F4B4C004F
:100BF0008877012087770120CBB2013A08D013F023
:100C0000800F4FEA4301F7D081F00703DBB2F4E72E
:100C1000B542D5D1617C994233D094F83130D4F8C3
:100C2000982004EB031601321D0196F85410C4F805
:100C30009820FF2906D00131634A012786F8541015
:100C400082F8BB71614A624F12789A4250D00133E8
:100C5000604ADBB292F8702284F831309A4202D8AE
:100C6000002384F83130FFF7F9F93B7808E43B784A
:100C70000C2B7FF426AE2644574B96F85410D961BE
:100C80001FE6667A4FF00109E37A677BA57A94F84C
:100C9000311094F80CE045EA062594F80E8004EB38
:100CA00001164EEA032E94F810C0E37B48EA0728A9
:100CB000D4F894704CEA032C86F854204F44237ADD
:100CC000414AC4F89470A6F85650414F86F8553002
:100CD000A6F860C082F8BB91C6E916E889B93A78EF
:100CE000092A3ED0394A12788A422DD04B1CAFE7F0
:100CF0003A780C2AABD12544374A95F85410D16183
:100D0000A5E70129EED13A78092AEBD103EB830359
:100D10006426314A5B0006FB0CF6C2F81CE0166143
:100D2000C2E90535E2E7009B4FF00A0C03EB8302B2
:100D30000CFB01F1284B0CFB00F05200C3F80CE057
:100D40005A601960986027E63A780C2ACED1224A78
:100D50000026C2F800C0D661C2E90235C2E904E843
:100D6000C4E703EB830364261B4A03FA09F306FB7B
:100D70000CF6C2F80CE01660C2E90135B6E7A665CC
:100D800045E5B2EE040ADFF85080C8F8003029EEDD
:100D9000800A39F045F8C8F80400C8E9029B5AE512
:100DA00094F85020A9EB0E0EDFED0C6A07EE102A26
:100DB00007EE90EAB8EEC77AF8EEE77A86EE87AAF1
:100DC0002AEE27AAF5E400BFF0030120C4020020A8
:100DD000B401002074220020BC01002000E8004281
:100DE000FD292DE9F041044682B000F0D780F029BA
:100DF00000F0BB80EF2900F0298117464AB1034675
:100E0000861801AD002003F8010BB34205F8010B71
:100E1000F9D19D4B0B2003F1090501E013F8010FF7
:100E2000814200F0C0809D42F8D14B1E832B00F21E
:100E30009080DFE813F01A011F013701400199018A
:100E40009F018400450151018E008E00560156011C
:100E500056016C016C016C0151018E008E0076010F
:100E60007E018E008E008E008E008E008E008E0021
:100E70008E008E008E008E008E008E008E008E0002
:100E80008E008E008E008E008E008E008E008E00F2
:100E90008E008E008E008E008E008E008E008E00E2
:100EA0008E008E008E008E008E008E008E008E00D2
:100EB0008E008E008E0090018E008E008E008E00BF
:100EC0008E008E008E008E008E008E008E008E00B2
:100ED0008E008E008E008E008E008E008E008E00A2
:100EE0008E008E008E008E008E008E008E008E0092
:100EF0008E008E008E008E008E008E008E008E0082
:100F00008E008E008E008E008E008E008E008E0071
:100F10008E008E008E008E008E008E008E008E0061
:100F20008E008E008E008E008E008E008E008E0051
:100F30008E008E008E008E008E0016011601534B1F
:100F400093F81411CD0700F15481B3F8F430ADF8E3
:100F500004303FB101ABE21913F8011B04F8011B87
:100F60009442F9D102B0BDE8F08103214FF00508A9
:100F7000474FB8440025013701E017F8011B084628
:100F8000FFF7AEF8064660193246FFF729FF7019E1
:100F9000B845C5B2F1D102B0BDE8F0810B214FF0E8
:100FA00004083C4FE5E7394BD86B82060CD4002F80
:100FB000D8D001ABE21913F8011B04F8011B9442CD
:100FC000F9D102B0BDE8F08193F8B900820742D5AB
:100FD000314D287D052834BF02260326142917D950
:100FE0007C39C8B20628E2D80629E0D801A252F816
:100FF00021F000BFC7110108C7110108B111010894
:10100000AF0F01089D11010897110108A3110108F4
:101010000929CCD90A390A29C9D801A252F821F0E4
:1010200085110108D1110108AF0F0108AF0F0108A8
:10103000AF0F0108AF0F0108AF0F0108AF0F010894
:10104000AF0F0108A9110108C71101080C214FF0C9
:101050000608124F8DE7104B0B29187DA7D10126EA
:10106000B7E017F063F8019073E7FFF713F8ADF8F6
:1010700004006EE70A4BD3EDA17AFDEEE77A17EE96
:10108000903AADF8043064E7501D050880770120E0
:10109000641D05086C1D0508783901205C1D0508D4
:1010A000742200205A4B93F8C710002900F09C804E
:1010B00018F060F8DBE718F05DF8ADF8040048E7D9
:1010C000544B5549B3F9043081FB0321DB17C3EBC3
:1010D000A103ADF804303CE717F018F8ADF80400B0
:1010E00037E70C394D4B9FED4E7AC9B2D3EDA27A5A
:1010F00003EB810367EE877A93EDB47A67EE877A24
:10110000FDEEE77A17EE903AADF8043021E70F399B
:10111000404B33F8113003EB83035B00ADF8043030
:1011200017E73B4B93F8143103F00103ADF804309B
:101130000FE7374BB3F81611480758D481F0020374
:10114000C3F3400311F0200F18BF042311F0010F67
:1011500018BF0923FBE6FEF79DFF324BD3F8C430DE
:1011600043EAC0400190F4E6294BD3F80831ADF8CA
:101170000430EEE6264BB3F8F41079B318F006F815
:1011800080B274E72B8A03EB830303EB83039B009A
:10119000ADF804300BE76B68019308E72B68019307
:1011A00005E7AB68019302E7EB89ADF80430FEE692
:1011B000EB891D4903EBC3039B00A1FB03235B09E0
:1011C000ADF80430F3E6B3F8BA30ADF80430EEE62B
:1011D000F6B28DF804608DF80500E8E6D3F810014A
:1011E00080F3100080B242E7B3F8E0003FE7072346
:1011F000A8E717F01BF9094BD3EDA17A28B1FCEE53
:10120000E77A17EE903A9BB2A1E603469FE600BF4D
:10121000807701202C3D01206766666674220020DD
:1012200000007A441C2E01201F85EB51014B1B68E6
:101230001B6A18474C360120024B186808B18369B5
:10124000184770474C360120024B186808B14369B3
:10125000184770474C36012010B5074C606D40B1FF
:1012600026F0C6FF94F8513013B180F00100C0B2EF
:1012700010BD012010BD00BF741101200B4B01E017
:10128000013B10D00269002AFADA0369074A43F0E9
:101290000103036101E0013A05D0036913F0010382
:1012A000F9D1184670470320704700BF400D030076
:1012B000144B10B4046C9C421AD800F53060002323
:1012C00001290361036943F400230361036943F0C7
:1012D00018030361036943F0C043036104D1426111
:1012E000036843F08023036000205DF8044B7047DF
:1012F000D0F8003B00F53060002BE0DA00205DF80C
:10130000044B70470A30544F4B78012BF0B50D78E1
:1013100026D000F53060404C404B00EB45104D6945
:101320000669344004610469234003618B6805B198
:101330004B610469C3F31203012A44F400240461DD
:10134000046943EA0403036105D0036843F00443DE
:1013500003600020F0BDCB68002BF6D04361F4E7BA
:101360004B6993B300F510642B4FD1F808C004EB20
:1013700045142A4E6345D4F810E00EEA07072761AA
:10138000276906EA07062661266938D946F4002649
:10139000C1F814C0CCF31203012A2661266943EA7E
:1013A0000603236126D0BCF1000F08D005F00F0220
:1013B0000125D0F8343895401D43C0F834582368CF
:1013C000002043F004432360F0BD00F51060134E8D
:1013D000A3F50023012A00EB4514206906EA000664
:1013E0002661206940F400202061206903EA00039F
:1013F0002361E4D10B69002BE1D06361DFE746F4A0
:101400000026C3F31203012A2661266943EA060374
:101410002361CBD1EEE700BF0000F8FFFFFF07E03C
:101420002DE9F0434D780F78012D4DD000F5306354
:101430006F4E4C6903EB47136E4D1F693E401E61B2
:101440001E6935401D616CB38D68012A6A4E2C44BB
:101450001F6904F1FF34B4FBF5F41FFA84FC06EABB
:10146000C44405FB0CF544EA0704C5F312051C61EE
:101470001C6945EA04051D6121D0CA78012A0AD1F8
:10148000D0F8082812F4807F1A680CBF42F000528E
:1014900042F080521A601A6842F004421A6000203A
:1014A000BDE8F0838C68012A1D69C4F3120444EA84
:1014B00005041C611C6944F400241C61DDD1CA6868
:1014C000002ADAD05A61D8E74B6900F51064002B86
:1014D00037D104EB4714474E454D012AD4F810C0CC
:1014E0000CEA06062661266946F40026266126696E
:1014F00005EA06052561CE7872D0012E59D1D0F8C3
:10150000085815F4807F25680CBF45F0005545F05C
:1015100080552560256845F004452560002ABED128
:101520009BB203339C08BAD0CA6800F5805302EB23
:10153000840403EB073352F8041BA2421960FAD16A
:10154000ADE704EB4714D1F808E0DFF8A490C3F34B
:101550001206D4F8108003EB0E0C08EA09090CF10E
:10156000FF3CDFF89080C4F81090D4F81090BCFBDA
:10157000FEFE09EA0808DFF880C0C4F810800CEA13
:10158000CE4CD4F810E04CEA0E0CC4F810C0D4F8DD
:1015900010C046EA0C062661CE78012E10D0012A32
:1015A00022D007F00F03D0F834789D403D43C0F8B7
:1015B00034582368002043F004432360BDE8F083DF
:1015C0002569012A25F0C0452561256945F00055AA
:1015D000256194D10D69002D91D0164665618CE787
:1015E0000D69002D89D0F9E70D69002DF6D1E0E7EE
:1015F0000000F8FFFFFF07E00000F81FB1F5805F73
:10160000F0B482B000F0E3802DD8102900F00781FB
:10161000B1F5807F54D1016A166921F48071576851
:10162000A44C0162036A416823F40073C56943EA6C
:1016300006232C40A04D166823F48073A84244EA88
:10164000060443EA07237ED005F58065A8427AD0D8
:101650000025D26841600195C461C26303620198AC
:1016600002B0F0BC7047B1F5803F00F08980B1F561
:10167000801F4ED1046A166924F4801455688F497E
:101680000462036A446D23F4001321408A4C43EA48
:1016900006531668A04223F4801341EA062143EA68
:1016A000055365D004F58064A04261D00024D2685F
:1016B00041650194C2650362019802B0F0BC7047B5
:1016C000012926D1016A166921F001015768794C78
:1016D0000162036A416823F00203856933432C40A9
:1016E000754D166823F00103A84244EA060443EA54
:1016F000070314D005F58065A84210D00025D268F4
:1017000041600195846142630362019802B0F0BCBC
:10171000704701230193019802B0F0BC7047D2E9F1
:10172000056523F0080321F4807143EA8603294309
:101730009668D56923F0040321F4007143EA860317
:1017400041EA4501DAE7D2E9056523F4006321F4B3
:10175000805143EA8623966841EA0511D56923F44E
:10176000806321F4005143EA862341EA45116FE783
:101770004468956924F4802444EA8524446095E70C
:10178000046A166924F4803455684D490462036A7A
:10179000446D23F400332140474C43EA0643166866
:1017A000A04223F4803341EA060143EA05435ED0B8
:1017B00004F58064A0425AD00024D26841650194A7
:1017C000816D82650362019802B0F0BC7047046AC3
:1017D000166924F4805457683A490462036A4468DD
:1017E00023F40053C56943EA06332940324D166895
:1017F00023F48053A84241EA062143EA07333ED04E
:1018000005F58065A8423AD00025D268446001956C
:10181000C16102640362019802B0F0BC7047016AC2
:10182000166921F010015768264C0162036A41686D
:1018300023F02003856943EA06132C401E4D1668E9
:1018400023F01003A84244EA062443EA07131CD0FD
:1018500005F58065A84218D00025D2684160019541
:10186000846182630362019802B0F0BC70474468EF
:10187000956924F4803444EA052444609CE724F408
:101880008044956944EA8514BEE7D2E9056523F0F2
:10189000800321F4806143EA8613966841EA85015A
:1018A000D56923F0400321F4006143EA861341EA3D
:1018B000C501D1E78CFFFEFF00000140FF8FFFFE56
:1018C0008FFFFEFFFF8CFFFE70B4344CB0F1804FF1
:1018D0000368A0EB0404B4FA84F44FEA541406D06D
:1018E0002CB92F4D2F4A904218BFA8421DD12E4A25
:1018F00023F070034D68821A2B43B2FA82F2520928
:1019000023F44073D1E902652B430D880360C6625E
:1019100085623CB932B9436943F0010370BC43614D
:10192000002070470B7C0363F5E702F5806290426C
:1019300020D002F5784290421CD01C4A1C4DA8428F
:1019400018BF90420CBF0122002224D0194EA5F5E9
:101950009635A84218BFB042D2D0174A90421AD04A
:1019600002F58062904216D08C680A880360C462D7
:101970008262D0E70C4A23F07003104D821A4E6841
:10198000A842B2FA82F243EA06034FEA5212B7D0F3
:10199000002AB5D1D1E70022B2E700BF0000014024
:1019A00000040040000800400004014000400140E5
:1019B0000044014000480140001C0040000C004071
:1019C0000023C0E90033C0E90233C0E90433C0E9B1
:1019D0000633C0E90833C0E90A33C0E90C33836336
:1019E000704700BF1F4BF0B4595C0446D2E9023681
:1019F0004518106933435669675803439069334368
:101A0000D6690343906A3343174E03433E40D06A7E
:101A10003343635090B16E69176B26F00706536B22
:101A20003843976B30436861605820F0C0701843AA
:101A30006050635823F4C0033B4363505668002052
:101A40001368EE60AB60094E6B681E40D2E9083245
:101A50001E436E60635823F0F05313436350F0BC91
:101A6000704700BF441D05081F80FCFF0000FFFFFA
:101A700030B4614C0346614A655C0C1E18BF0124FA
:101A8000821A405918BF012220F00100585192B922
:101A90008CB95B4A00212120116051609160D160B6
:101AA000116150615A5922F0F0525A513F220020E0
:101AB0009A6030BC70475348181A18BF012014B9F7
:101AC00008B9514AE6E74C1E18BF01241ABB14BBE3
:101AD0004E4A00202124106050609060D060106158
:101AE00054615A5922F0F0525A5101290DD002295D
:101AF00015D0032924D0042927D0052914D006297C
:101B00002BD0072935D00120D3E74FF47462002091
:101B100030BC9A60704760B95CB93D4AD9E74FF470
:101B20007C1200209A60C4E74FF474620020DA60EF
:101B3000BFE78C1E18BF01245AB954B9354AC8E70B
:101B40004FF0746200209A60B3E73F220020DA6011
:101B5000AFE738B934B9304ABBE74FF47C12002004
:101B6000DA60A6E7CC1E18BF01243AB934B92B4A73
:101B7000AFE74FF074620020DA609AE710B90CB951
:101B8000274AA6E70C1F18BF012412B90CB9254A31
:101B90009FE710B90CB9244A9BE74C1F18BF0124DA
:101BA00012B90CB9214A94E710B90CB9204A90E750
:101BB0008C1F18BF012412B90CB91E4A89E710B94D
:101BC0000CB91D4A85E70D4A934203D1072901D17B
:101BD0001A4A7EE71A4A0020212410605060906063
:101BE000D060106154615A5922F0F0525A510029C4
:101BF0007FF47BAF5AE700BF441D05080060024038
:101C000010600240006402401064024028600240FC
:101C10002864024040600240406402405860024034
:101C20005864024070600240706402408860024064
:101C300088640240A0600240A0640240B860024094
:101C4000B864024030B40023154C0168C3672568AE
:101C50000B681B0709D4002220231446436780F831
:101C600070208367204630BC7047CB6913F40013A3
:101C7000F1D12268521BB2F1007FF6D30A68202509
:101C8000032422F4D0720A608A6822F001028A607A
:101C9000456780F870308567204630BC704700BFCC
:101CA00080260120436ADA0710B406D50168846AE9
:101CB0004A6822F4003222434A609C0706D5016834
:101CC000C46A4A6822F4803222434A60590706D522
:101CD0000168046B4A6822F4802222434A601A0792
:101CE00006D50168446B4A6822F4004222434A60E8
:101CF000DC0606D50168846B8A6822F48052224390
:101D00008A60990606D50168C46B8A6822F400527D
:101D100022438A605A060AD50168046C4A68B4F501
:101D2000801F22F4801242EA04024A600BD01B0694
:101D300006D50268816C536823F400230B4353607B
:101D40005DF8044B70474A68446C22F4C002224399
:101D50004A60ECE70368042201F01F01186A02FAE6
:101D600001F120EA010010B418621A6A0A4C11430A
:101D700019625A6C42F400425A649A681440062C64
:101D800006D0B4F5803F03D01A6842F001021A6011
:101D900000205DF8044B70470700010001F01F01AF
:101DA000036A10B401248A408C4023EA04035DF8DE
:101DB000044B0362016A0A4302627047034690F8CB
:101DC0003C00012800F0C6800220F0B4012483F812
:101DD0003D0083F83C40002A31D0042A73D0082A01
:101DE0001A6800F09580166AC86826F480560D6857
:101DF0004F688C68010316622D03D06989B2166A98
:101E000005F4204520F4407026F4204640EA0720DF
:101E1000354320F470400143D1611562D06920F44C
:101E20004060D061D16941EA0421D16100220121E1
:101E3000104683F83D1083F83C20F0BC70471A68C8
:101E4000DFF814C1166A62450C6826F001064D6879
:101E5000C86816629769166A1DD0B2F1804F1AD011
:101E6000ACF57C4C624516D00CF5806C624512D006
:101E70000CF5806C62450ED00CF5784C62450AD0AA
:101E80000CF5705C624506D0ACF5943C624502D01E
:101E900047F0010502E027F003073D43000125F06C
:101EA000F00526F00A0604F00A04C0B28F68344335
:101EB000284390611462906920F00C009061916950
:101EC00039439161B2E71A68C868166A0D6826F04E
:101ED00010064F688C68010316622D01906989B263
:101EE000166A05F0A00520F4407026F0A00640EA2E
:101EF0000720354320F470400143916115629069D9
:101F000020F440609061916941EA042191618DE77C
:101F1000176AC86827F480770E684C688D680101DD
:101F200017623602D069C9B2176A06F4206620F03B
:101F3000030027F4206720433E4320F0F0000143D4
:101F4000D1611662D06920F00C00D061D1692943BB
:101F5000D1616BE702207047000001400C2908D8CE
:101F6000DFE801F0280707072E07070734070707F0
:101F700022000368012201F01F01186A02FA01F130
:101F8000154A20EA01001862186A0143196299682B
:101F90000A40062A06D0B2F5803F03D01A6842F004
:101FA00001021A60002070470368DA6842F01002EC
:101FB000DA60DFE70368DA6842F00202DA60D9E744
:101FC0000368DA6842F00402DA60D3E70368DA688B
:101FD00042F00802DA60CDE7070001000368012241
:101FE00001F01F01186A02FA01F120EA010010B4A1
:101FF00018620F4C1A6AA34241EA0201196212D018
:102000000C4A93420FD099680B4A0A40062A06D020
:10201000B2F5803F03D01A6842F001021A60002036
:102020005DF8044B70475A6C42F400425A64EAE788
:10203000000001400004014007000100F0B490F8E6
:102040003D30002B66D0026802233B49B2F1804F3D
:1020500080F83D30A2EB01011368B1FA81F14FEA3B
:1020600051113BD0002939D1344D354CA24218BF13
:10207000AA4233D0334F05F50065D71BAA42B7FA01
:1020800087F74FEA57174AD0002F48D12E4F2F4CD1
:10209000A24218BFBA420CBF012700274AD02C4DDC
:1020A000A4F59634A24218BFAA4220D004F5806459
:1020B000A2423FD004F58064A2423BD0816923F064
:1020C0008003C4680B4341681360D46291620123AA
:1020D000536180F83D300020F0BC7047194F23F069
:1020E00070038568D71B2B43B7FA87F77F0904690C
:1020F00023F4407385692343C668446823F0800352
:102100002B431360D662946209B9002FDFD0436974
:102110001363DCE703F0FF0280F83C2093E70D4CEB
:1021200023F070038568A24243EA0503DFD0002F45
:10213000DDD1ABE70027DAE70000014000040040F2
:1021400000080040000401400040014000440140FC
:1021500000480140000C004010B4016802240B4A02
:10216000034680F83D4088680240062A06D0B2F552
:10217000803F03D00A6842F001020A600122002079
:1021800083F83D205DF8044B704700BF0700010055
:1021900003682DE9F04F13F0010785B000F0F080DF
:1021A000C44A13F40025916821F400019160C46AC7
:1021B0009168B4FA84FE41EA04014FEA5E1E916020
:1021C00000F0E380BB49446BD1F88C20B4F5801F4C
:1021D00022F4401242EA0402C1F88C2000F0B681D9
:1021E000B4FA84F413F480124FEA5414019240F0CC
:1021F000D280990600F1E480DE060CD5AD49D1F815
:102200008C2022F08072C1F88C20D1F88C20066BD3
:102210003243C1F88C20590408D5A649C66DD1F8BF
:10222000902022F440323243C1F890201A0408D59D
:10223000A049066ED1F8902022F440223243C1F822
:102240009020DE0308D59B49466ED1F8902022F4F9
:1022500040123243C1F89020590608D59549C66B03
:10226000D1F8902022F003023243C1F890201A06E0
:1022700008D59049066CD1F8902022F00C02324328
:10228000C1F89020DE0508D58A49466CD1F8902027
:1022900022F030023243C1F89020990508D58549D3
:1022A000866CD1F8902022F0C0023243C1F8902011
:1022B0005A0508D57F49C66CD1F8902022F44072A7
:1022C0003243C1F890201E0508D57A49066DD1F831
:1022D000902022F440623243C1F89020D90408D5FE
:1022E0007449466DD1F8902022F440523243C1F82F
:1022F00090209A0408D56F49866DD1F8902022F479
:1023000040423243C1F8902013F4001C0ED06949BA
:10231000D0F87480D1F89020B8F1006F22F00062FC
:1023200008BF012442EA0802C1F890205E0309D5E3
:10233000DFF88081C26ED8F8901021F040710A4316
:10234000C8F89020190209D5DFF86881826FD8F8A3
:10235000901021F080510A43C8F890205A0100F1F2
:102360008E80B3F1007F00F09980BEF1000F40F045
:102370009580012C00F0F180002005B0BDE8F08FC1
:1023800013F40025BE467FF41DAF2C4613F48012D3
:1023900001923FF42EAFDFF81CC1816BDCF88C207A
:1023A000B1F5800F22F4400242EA0102CCF88C2001
:1023B00000F0D080002908BF012499067FF51CAFEA
:1023C000DFF8F0803C4AD8F840903C49944649F008
:1023D0008059C8F84090D8F8408008F08058CDF86F
:1023E0000C80DDF80C80D2F8008048F48078C2F8C8
:1023F0000080D1F8008005E00A68A2EB0802642A98
:1024000000F2A080DCF80020D205F5D5DFF8A4802A
:10241000D8F8702012F4407C826A02F4407919D016
:10242000E14517D0D8F870C0D8F870A02CF4407CE3
:102430004AF4803AC8F870A0D8F870A02AF4803A1C
:10244000C8F870A0C8F870C0D8F870C01CF0010FB0
:1024500040F00581B9F5407F00F0EE80DFF854C010
:10246000DCF8081021F4F811CCF808101149C2F377
:102470000B02D1F870C042EA0C020A67BCE6DFF832
:102480003480B3F1007FC26FD8F8901021F0005172
:1024900042EA0102C8F890207FF467AF054A074975
:1024A000D2F80080964628F08068C2F80080D1F803
:1024B00000800AE0003802400070004080260120C1
:1024C0000A68A2EB0802642A3CD8DEF80020160154
:1024D000F6D46FB1C26A5AB98268DEF88470466871
:1024E000120707F0706742EA86123A43CEF884205A
:1024F000002D40F08380019A22B1826BB2F5800FEB
:1025000000F081809A010AD5C36842681B0687687B
:1025100043EA82135B4A43EA0773C2F88430594B9B
:102520001F681A4647F080671F600F6803E00B685A
:10253000DB1B642B06D813681B01F8D5012C7FF434
:102540001BAF0AE0032005B0BDE8F08F00244FF078
:10255000010E1BE74FF0010E4BE64A4B4A491C683F
:102560001A4624F080541C600C6803E00B681B1BA7
:10257000642BE7D813689E00F8D4002D6BD1019B23
:10258000C3B1836BB3B93F4A4369D2F88840056948
:102590001B0604F4403443EA85132343C2F8883011
:1025A000D2F88C30046A23F4F853013C43EA042344
:1025B000C2F88C30BCF1000F10D0436FB3F1006F44
:1025C0000CD183692F4C00691B04D4F8882043EA9E
:1025D000801302F070621343C4F88830294B1868E6
:1025E0001A4640F080501860086803E00B681B1A18
:1025F000642BA7D813689B00F8D5BDE6426BB2F5F3
:10260000801F7FF478AFDFF87CE0C268DEF884706A
:102610004668120607F0E04842EA861242EA0802DB
:10262000CEF88420DEF88C70C26927F01F07013ACB
:102630003A43CEF88C2065E7DFF84880DFF84CC0DD
:10264000D8F8081002EA0C0C21F4F81141EA0C0148
:10265000C8F808100AE7436B002B94D08FE7D1F835
:1026600000B041F2883A06E0D1F800C0ACEB0B0CA8
:10267000D4453FF667AFD8F870C01CF0020FF3D016
:10268000E8E600BF0038024080260120FFFCFF0F73
:10269000044B054A9B680549C3F382230868D35C51
:1026A000D84070470038024028CD04087C1E012025
:1026B000164908B58B6803F00C03042B1BD0082BBC
:1026C00017D14A684B6802F03F02496813F480034F
:1026D00013D10F48C1F38811A1FB000137F072F943
:1026E0000A4B5B68C3F3014301335B00B0FBF3F0BB
:1026F00008BD074808BD074808BD0648C1F3881152
:102700000023A1FB000137F05DF9E9E70038024042
:102710000024F40000127A00F8B504468368B44936
:10272000E669E768B34DD0E904201A432368024301
:102730001868AB4201EA000142EA060242EA0102DD
:10274000A1691A605868226A20F4405042EA0102E6
:1027500040EA07005860996821F4306142EA0102BA
:102760009A605DD0A44A93421CD0A44A934200F0E0
:102770000081A34A934200F00A81A24A934200F0EA
:102780008680A14A934200F09E80A04A934200F0C6
:102790004B819F4A934200F0178100230120C4E936
:1027A0001833F8BD9B4B9C4AD3F8903003F00C03D0
:1027B00013441B7BB6F5004F16D0082BEDD801A1B2
:1027C00051F823F0F72801083B280108DD2801080B
:1027D0009B270108B12801089B2701089B270108B6
:1027E0009B27010867280108082B06D8DFE803F0BB
:1027F000B6A49B058F050505860001200023A3F1E3
:1028000010014FF6EF729142C7D823F00F02C3F3C5
:10281000420321681343CB600023C4E91833F8BD99
:102820007C4B7D4AD3F8903003F00303013B022B2D
:1028300040F29780B6F5004F7ED07649774B896895
:102840001B68C1F342316068525CD34003EB500314
:10285000B3FBF0F39BB2A3F110020DE0302B9CD13F
:10286000B6F5004F4AD06268530803F50043B3FB46
:10287000F2F39BB2A3F110024FF6EF718A428CD8AB
:1028800022680020D3600023C4E91833F8BD614BEF
:10289000D3F8903003F44073B3F5007F1BD063D8B6
:1028A00033B3B3F5807F7FF478AFB6F5004F2ED009
:1028B000FFF7FEFE636800EB5300B0FBF3F39BB23F
:1028C000A3F11002D8E7534BD3F8903003F44063E0
:1028D000B3F5006F6CD1B6F5004F24D06268504B51
:1028E00003EB5203B3FBF2F39BB2A3F11002C3E775
:1028F000B6F5004F32D0FFF7CBFEDBE76268002071
:10290000530803F58033B3FBF2F39BB277E7FFF78D
:10291000CFFE6168034600204A0802EB4303B3FB85
:10292000F1F39BB26BE7626800203E4B03EB52036E
:10293000B3FBF2F39BB262E736490020374B8D6858
:102940006668C5F3423519687308525D21FA02F2D0
:1029500003EB4203B3FBF6F39BB250E7FFF798FE9D
:10296000D7E713441B7A25E7B3F5407F3FF478AFF0
:1029700013E7284BD3F8903003F03003202BAAD074
:102980003FF66CAF002BB3D0102B8ED005E7214B58
:10299000D3F8903003F0C003802B9CD004D8002BD8
:1029A000A6D0402B81D0F8E6C02B3FF459AFF4E617
:1029B00005D8D3B1B3F5806F3FF477AFEDE6B3F54B
:1029C000406F3FF44DAFE8E6124BD3F8903003F47C
:1029D0004043B3F5004F3FF47EAF3CD8002B87D087
:1029E000B3F5804F3FF461AFD7E60B4A22E700BF53
:1029F000F369FFEF00100140004400400048004030
:102A0000004C00400050004000140140007800409D
:102A1000007C00400038024028CD04087C1E0120C4
:102A20000024F4000048E8010D4BD3F8903003F483
:102A30004053B3F5005F3FF44EAF07D8002B3FF48F
:102A400057AFB3F5805F3FF430AFA6E6B3F5405F14
:102A50003FF406AFA1E6B3F5404F3FF401AF9CE66B
:102A600000380240F8B501F00F05012600271C21AF
:102A7000C5EBC50401FB050100EB84043C31A264F5
:102A8000236584F83C50676584F83D600369B34270
:102A900008BFE264DAB200681DB9FEF735FC002019
:102AA000F8BDFEF7BDFC0020F8BD00BF2DE9F041E8
:102AB0000A46D0F8A05200270B4E044685F838226B
:102AC0002F7205F50B720D238121C5F82C62D0F809
:102AD000A802FFF7C7FF05F5037220461F23012157
:102AE000BDE8F041FAF772BD555342532DE9F04766
:102AF000137882B0914604468A465A2B5CD8DFE8A8
:102B000013F0CD005B005B007D005B005B005B00B1
:102B10005B005B005B005B005B005B005B005B00DD
:102B20005B005B005B00B2005B005B005B005B0076
:102B30005B005B005B00A80174005B005B0074003D
:102B40005B005B005B005B00CC015B00F6015B009F
:102B50005B003A015B00DF005B005B005B005B0039
:102B600027015B005B005B005B005B005B005B00C0
:102B70005B005B005B005B005B005B005B005B007D
:102B80005B005B005B005B005B005B005B005B006D
:102B90005B005B005B005B005B005B005B005B005D
:102BA0005B005B005B005B005B005B005B005B004D
:102BB0005B005B005B001702D0F8A0120524002028
:102BC00091F85D325A1C01EBC303D2B283F83C4248
:102BD00083F84002042A00F003824FF0FF3581F8A9
:102BE0005D22284602B0BDE8F087D0F8A032002070
:102BF00005465881284602B0BDE8F087D0F8A042CB
:102C0000002104F10B0304F11D0003F8011F8342AE
:102C1000FBD1702094F85C320C25207394F85D028F
:102C2000E574984213D004EBC300013390F83C5292
:102C3000DBB2A573042B90F84152257690F8400240
:102C400018BF84F85C32607608BF84F85C121223E7
:102C5000638199F80430122B98BF638100252846C0
:102C600002B0BDE8F08799F80130D0F8A002DB0788
:102C700040F18281072100F1120300F10B0583224C
:102C80004181C3F10604D54900E0127F03F8012910
:102C9000E218AB4211FA82F2F7D1DFE7D0F8A06276
:102CA000D6F81472002F40F02E82D0F8A4320846D5
:102CB0009B6898470546002840F06E82708190E737
:102CC000D0F8A062357A002D40F0918196F9183243
:102CD000002BC0F27081D0F8A43208469B68984758
:102CE0000746002840F07282D4F8A4325046DB68D0
:102CF00098470546002840F08E82D9F80210D4F893
:102D0000A00209BAD0F86072C6F86412B9F80730A8
:102D10005BBA9BB21944C6F86832B94200F26982C4
:102D2000B6F85E12D6F8142203FB01F3934240F08A
:102D30009F81B3F5007F4FF00101204606F10C02A0
:102D400028BF4FF4007331729BB2FAF73FFC48E79B
:102D500099F80150D0F8A03215F0020040F0F88147
:102D6000D3F86012D3E9992422448A4200F2028205
:102D70000546588135E7D0F8A08298F80860002E03
:102D800040F0338198F91832002B80F2CF81D0F8CF
:102D9000A43208469B6898470546002840F04F82B9
:102DA000D9F80200D4F8A06200BAD6F86072C8F868
:102DB0006402B9F807305BBA9BB21844C8F86832AD
:102DC000B84200F2F880B8F85E22022003FB02F35A
:102DD000D8F8142288F808009A4240F0EC80B6F83F
:102DE0005E324FF4007CD6F8687206F10C05D4F818
:102DF000A422504607FB03F72946A8F80AC06745F6
:102E0000D2F81080D6F8642228BF6746B7FBF3F3E8
:102E10009BB2C0470028C0F260812A463B46D4F8E6
:102E2000A8028121FFF71EFEB6F85E52D6F83432B2
:102E3000B7FBF5F5D6E99920DF1B2A44451BC6F8F8
:102E40003472C6E99925002D7FF408AF032333724D
:102E5000C7E6D0F8A07208200022604E07F11303E5
:102E6000788107F10B05C3F1070001E092F82420F7
:102E700003F80129C2189D4216FA82F2F6D1D4F85D
:102E8000A4325046DB68984700283FF4E7AEBB7B8E
:102E9000002563F07F03BB73A3E6D0F8A062002592
:102EA00006F10B0306F1170203F8015F9342FBD111
:102EB000D4F8A43250460DF1020201A95B6898478C
:102EC000002840F0F880019B0821BDF80220022074
:102ED000013BF17352BA0C211C0EF374F2821A0CEE
:102EE0001B0A34747274B374B0827181B6E6D0F880
:102EF000A0620846D4F8A43206F25E2206F51871E4
:102F00005B6898470546002840F0C280D6F86032DA
:102F10000821B6F85E22013B308252BA7181180E48
:102F2000F373190C72821B0A30737173B37358E612
:102F3000D0F8A07208200022284E07F113037881F0
:102F400007F10B05C3F1070001E092F82C2003F80C
:102F50000129C218AB4216FA82F2F6D1D4F8A43293
:102F60005046DB68984700283FF478AEFB7B00258D
:102F700063F07F03FB7334E6D4F8A44201EBC10194
:102F800099F80430E46904EB810422790532934214
:102F900028BF13464381002B3FF460AE013B9AB239
:102FA000531C0C322344024413F8011D9C4202F8C6
:102FB0000119F9D152E696F85D3205211A4601331E
:102FC000DBB206EBC202042B82F8405282F83C12BC
:102FD00000F0A98086F85D3240E600BF28CD0408E5
:102FE0004FF0FF3581F85D02FBE54646F7E6B6F89F
:102FF0005E5206F10C08D6F868720846D4F8A4327E
:10300000414607FB05F7D6F86422D3F81490B7F5CC
:10301000007F28BF4FF40077B7FBF5F39BB2C8479A
:103020000028C0F22781B6F85E02D6F83432B7FB2A
:10303000F0F1D6E99925DB1B0A446D1AC6F8343243
:10304000C6E9992525B920462946FFF72FFDC8E591
:1030500005FB00F3424620460121B3F5007F4FF007
:10306000000528BF4FF400739BB2FAF7AFFAB8E53A
:1030700090F85D3205215A1C00EBC303D2B283F8ED
:10308000405283F83C12042A3AD080F85D22E5E5EC
:10309000D4F8A0220220002592F85D32591C02EBE0
:1030A000C303C9B283F83C0283F84052042924D0F8
:1030B00082F85D12D2E5D4F8A022022092F85D32A7
:1030C000591C02EBC303C9B283F8405283F83C0297
:1030D0000429EDD182F85D52C0E5D4F8A022042085
:1030E000002592F85D32591C02EBC303C9B283F884
:1030F0003C0283F840528142DAD182F85D5270E599
:1031000080F85D526DE596F85D32052100251A467E
:103110000133DBB206EBC202042B82F83C1282F8C8
:1031200040527FF457AF86F85D525AE598F85D3209
:1031300005211A460133DBB208EBC202042B82F8E8
:10314000406282F83C1200F0918088F85D3285E59B
:1031500093F85D220520002511460132D2B203EB1F
:10316000C101042A81F83C0281F840527BD083F8E7
:103170005D2273E593F85D22052411460132D2B237
:1031800003EBC101042A81F8400281F83C42EED1F0
:10319000054683F85D0224E5D4F8A022022000252C
:1031A00092F85D3219460133DBB202EBC101042B08
:1031B00081F8407281F83C0218BF82F85D324FF00E
:1031C000050308BF82F85D7233720AE5D4F8A022C5
:1031D000022092F85D3219460133DBB202EBC101E5
:1031E000042B81F8405281F83C0286D082F85D328F
:1031F00034E590F85D3205211A460133DBB200EB6D
:10320000C202042B82F8405282F83C123FF478AF9D
:1032100080F85D3222E5D4F8A022022092F85D32D7
:1032200019460133DBB202EBC101042B81F8407275
:1032300081F83C02DAD13D4682F85D72D1E4D4F8DF
:10324000A022022092F85D3219460133DBB202EB74
:10325000C101042B81F8406281F83C02C6D1354699
:1032600082F85D62BDE483F85D52BAE4354688F8C1
:103270005D62B6E4D4F8A0220420002592F85D3205
:1032800019460133DBB202EBC101834281F83C02F3
:1032900081F84052AAD130E7D0F8A01210B50B7ACD
:1032A000022B07D0033B012B02D80021FFF7FEFBC6
:1032B000002010BD01F21B2291F819120446FFF7FD
:1032C00015FC0028F4DA20460121FFF7EFFBEFE7B9
:1032D000F8B5D0F8A0420546267A5EB1012E07D196
:1032E00004F21B2294F81912FFF700FC00282FDBD0
:1032F0000020F8BDD0F8A832D4F81012D3F830323C
:10330000D4F814221F2BC4E98C1208D12D4BD4F809
:103310000C229A4203D194F8191201291DD994F86C
:103320005D32002105205A1C04EBC303D2B283F89E
:103330003C0283F840120223042A2846637214BF19
:1033400084F85D2284F85D12FCF71AFF0020F8BDB6
:1033500028460121FFF7AAFBCAE794F81A32013B7D
:103360000F2BDCD804F21B22FFF7C0FB0028237AC6
:103370001DDB013B022BBBD96189F1B1D5F8A072ED
:1033800004F10C020420D7F83432D7F814425B1A47
:1033900087F83862A1423872D5F8A802C7F83432EB
:1033A0000B4628BF23468121FFF75CFBA0E7052BD6
:1033B000CED02846FCF7E4FE9AE72846FFF776FBD6
:1033C00096E700BF5553424370B5D0F89062E6B11E
:1033D00001EB810500EB8505EB695BB1D0F8A80234
:1033E000C1EBC10400EB8404626CB3FBF2F402FB9A
:1033F00014341CB10020C6F8140270BD23462246C6
:10340000EC61FFF72FFB204670BD022070BD00BFAE
:10341000002310B504241A461946C0F86C42D0F8AF
:10342000A802FFF71FFB002010BD00BF70B50546C6
:1034300041B9D0F86C320C46032B10D0052B1FD0AD
:10344000002070BDD0F88C329B6933B190F87422A3
:10345000032A02D19847002070BD022070BDD0E938
:1034600053639E4212D8D0F88C321B6923B190F876
:103470007422032A00D198472846FFF7C9FFDFE7E7
:10348000C5F86C12FAF72EF9204670BDF61AB34251
:10349000C0F84C6128BF33469BB2FAF797F8204634
:1034A00070BD00BF10B5134602240A460021C0F8C3
:1034B0006C42C0E90733D0F8A802FFF7D3FA002026
:1034C00010BD00BFF0B5002383B00E460446ADF832
:1034D00006300B78D0F8A07213F0600522D0202DB2
:1034E00019D14A78FE2A11D0FF2A14D14A8892B9FC
:1034F000CD8885B91B060ED44FF4807107F5037291
:103500001F2339810121FAF761F808E04D8815B9C8
:10351000CE88012E73D020460225FAF73FF92846BF
:1035200003B0F0BD4B780B2BF5D801A252F823F075
:103530006F3501089735010817350108173501085F
:103540001735010817350108173501081735010827
:10355000173501081735010885350108613501085F
:1035600090F87432032BD6D18B787B60D7E790F834
:103570007422032ACFD102220DF106011D46FFF766
:1035800091FFCCE790F87432032BC4D1391D01228E
:10359000FFF788FFC3E70979D0F8A802FCF7CAFB58
:1035A0003179D4F8A802FCF7F7FBB38896F9042028
:1035B00003F00F03002A4FF0000203EB830304EB38
:1035C00083032ADBC3F84421237C9BBB4FF40073A5
:1035D000022201212046FAF7EBF80123C4F8583102
:1035E000D4F8A0727B7A022B32D03279D20996D0ED
:1035F000012B94D020460121FFF758FA8FE71A06D5
:1036000089D5D0F8A4329B699847034632462046B4
:1036100039463B60FFF746FF81E79A61237C83B917
:103620004FF40073022281212046FAF7C1F80123EA
:10363000E362D5E74023022201212046FAF7B8F8D9
:10364000CBE74023022281212046FAF7B1F8EEE7CA
:1036500020468121FAF746F800237B725FE700BF1E
:1036600010B50C7882B00023D0F8982214F06004D2
:10367000ADF8063016D0202C0ED14B78023B092B2A
:103680000AD8DFE803F033390909090909093F2F8E
:1036900090F87432032B5AD00224FAF77FF82046B0
:1036A00002B010BD4B780B2BF6D80FF2080C5CF86B
:1036B00023F000BF3937010899360108993601080F
:1036C0009936010899360108993601080F37010823
:1036D0009936010899360108993601089136010892
:1036E0002B3701088B7800241360D8E7111D0122C5
:1036F0000024FFF7D7FED2E7114601220024FFF78E
:10370000D1FECCE74B8800241B0A5360C7E74B88E7
:103710001B0A222B1FD0212BBED1CA881149092A8E
:1037200028BF0922FFF7BEFEB9E790F87432032BD9
:10373000B2D18B789360B2E790F87422032AABD1B0
:1037400002220DF106011C46FFF7ACFEA7E702F1CD
:1037500008010122E6E7CA880349362A28BF362233
:10376000E0E700BFE4050120AC0501202DE9F041B0
:103770000A7884B000270D4612F060060446D0F89F
:1037800090328DF80D70ADF80E7016D0202E1AD133
:10379000CE8806B3120643D519460193D4F8943265
:1037A000324668783E46D3F80880C047019BEA88D5
:1037B00020461946FFF776FE09E04B780A2B20D009
:1037C0000B2B28D08BB120460226F9F7E7FF3046B5
:1037D00004B0BDE8F081D0F89432324648789B6856
:1037E0009847304604B0BDE8F08190F87432032B5E
:1037F00029D002262046F9F7D1FF304604B0BDE8B3
:10380000F08190F87432032BF3D101220DF10D01F8
:10381000FFF748FEDBE790F87432032BD7D0E8E7D8
:103820004A78032583F80162394683F800221A4654
:10383000C0F848613346C0F84C613E46C0F86C524F
:10384000F9F7C4FEC3E702220DF10E01FFF72AFECD
:10385000BDE700BF2DE9F0430D784FF0010883B0BC
:10386000044680F8805205F01F0C4F7800F5207E4A
:10387000C44580F88172CB788E7806EB0326B6B209
:10388000A0F882624A790B7903EB02239BB2A0F87D
:10389000843291F807908A79C0F86C8202EB092291
:1038A00092B2A0F88622C0F870220DD0BCF1020FAF
:1038B0003ED0BCF1000F19D005F08001F9F712FFDE
:1038C000002003B0BDE8F08305F06002402A67D015
:1038D0006A0665D580212046F9F704FF20460021BD
:1038E000F9F700FF002003B0BDE8F08305F06005A4
:1038F000202D6FD0402D6DD0002DEBD1092FE9D8B0
:1039000001A151F827F000BF213A01084F3A010800
:10391000D53801086D3A0108D53801087D3A01080B
:10392000DD3A0108D5380108093B0108E9390108E9
:1039300005F06005202D4DD0402D4BD0002DC9D174
:10394000012FD9B200F00481032F00F0EF80002F87
:10395000C0D190F87422022A00F0CC81032AB9D198
:1039600013F0800F01F00F0303EB830300EB8303DD
:1039700040F0D881D3F84431002BABD001F07F0365
:10398000142202FB030202F5A072002B40F00D820C
:1039900000231360114620460222FFF783FD8FE7C4
:1039A00094F87422013A022A94D8DBB2032B91D8FE
:1039B000D4F88C32714620469B689847B4F886321A
:1039C000002B7FF47DAF00287FF47AAF2046FFF70D
:1039D0001FFD75E7D4F88C32714620469B689847E6
:1039E000002003B0BDE8F083F1B2C14D012985F894
:1039F00018113FF66FAF90F87432022B00F0BE81C1
:103A0000032B00F0A9818021F9F76CFE00212046EC
:103A1000F9F768FE95F818112046FCF705F94FE70D
:103A200090F87432013B022B3FF654AF022A7FF428
:103A300051AF0122D0F87C32C2600BB10323C360C6
:103A4000022204F10C012046FFF72CFD38E790F824
:103A50007432013B022B3FF63DAF012E7FF430AFB5
:103A60000023C0F87C32FFF7D3FC29E7012E7FF456
:103A700027AFC0F87C62FFF7CBFC21E713437FF44C
:103A800029AF7F2E3FF626AF90F87432032B3FF418
:103A900021AFF1B2D0F8A83280F8761293F8BC23A7
:103AA000012A11D01A68002083F83810D2F80018C3
:103AB00021F4FE61C2F80018D2F8001841EA06119C
:103AC000C2F8001883F8BC032046FFF7A1FC002EC3
:103AD00000F07C81022384F87432F1E6330A013B62
:103AE000062B3FF6F7AE01A252F823F06D3C010819
:103AF000533C0108413C0108D5380108D53801087C
:103B00002B3C0108E53B0108012A7FF4E3AE90F865
:103B10007432022B00F2FF80002B3FF4DBAE002357
:103B2000014641F8083FFFF7BDFCC9E690F8743242
:103B3000022B00F0D380032B7FF4CCAE4F063FF472
:103B400045AF56EA02037FF441AFF9F7CBFD3DE7FD
:103B500090F87422022A00F0C180032A7FF4BAAEE2
:103B6000002E7FF4ADAE48063FF430AFD4F8A80283
:103B700001F00F01426891423FF628AF13F0800F29
:103B80004FF01C0340F0268103FB01020025134681
:103B900002F5FE7283F8FD5100231170937090F8C6
:103BA000BC33012B3FF412AF0121036880F8BC1332
:103BB00055781178012D0CBF03F5106303F53063C0
:103BC00003EB4113196821F400111960D278023A0D
:103BD000012A03D81A6842F080521A60002380F844
:103BE000BC33F3E6037C002B7FF474AED0F88C3248
:103BF0000DF106001B6B984707234370BDF8063094
:103C00006BB1B4F88622002A3FF4E0AE9A42014636
:103C1000204628BF1A46ADF80620FFF743FCB4F84B
:103C20008632002B7FF44CAED0E6037C002B7FF471
:103C300051AED0F88C320DF106005B6B9847DDE792
:103C4000F6B2052E3FF646AEDFE806F03028201823
:103C50004038037C002B40F09F80D0F88C320DF16F
:103C600006009B6A984702234370C7E7D0F8883262
:103C70000DF10601007C1B689847BFE7D0F8883239
:103C80000DF10601007C1B699847B7E7D0F8883230
:103C90000DF10601007CDB689847AFE7D0F8883269
:103CA0000DF10601007C9B689847A7E7D0F88832A1
:103CB0000DF10601007C5B6898479FE7D0F88832D9
:103CC0000DF10601007C9B69984797E7D0F8883290
:103CD0000DF10601007C5B6998478FE74D063FF4C4
:103CE000F9ADF9F7FFFC20468021F9F7FBFCE7E589
:103CF000807701204A067FF4EDAD1B064FF00003EC
:103D00004FF002024CBF00F1140100F5A0710B60EE
:103D1000FFF7C8FBD4E5032B7FF4DCAD011DFFF7F3
:103D2000C1FBCDE59B69002B3FF4D4AD01F07F03CF
:103D30005A1C02EB820200EB8202002B3FF428AEF9
:103D4000D0F8A8121C2000FB031393F83E30002B80
:103D50003AD0012313601DE679B3416801293FF48D
:103D600035AEC9B2FBF760FF95F8181120466160C7
:103D7000FBF762FF02287FF429AEABE500293FF490
:103D800025AE01210323416080F87432FBF754FF14
:103D900002287FF41BAE9DE5D0F88C320DF10600B1
:103DA000DB6A98470223437028E7D0F8A8321C202A
:103DB00000FB013393F8FE31C9E70223416080F82C
:103DC0007432FBF731FF01E61360E3E5012384F869
:103DD000743275E503FB0102012513463C3283F87A
:103DE0003D50D9E670B41D4E056803E03468A41A4E
:103DF000A14226D3AB6913F02003F7D01022202371
:103E0000EA61EB61AB699A0701D50023AB62AB694C
:103E1000DB0703D4AB6943F00103AB616B6800229D
:103E20000F4C202123406B60436C80F8402043F00E
:103E30000403436480F8411080F84220012070BCE4
:103E40007047426C202180F840300A43426480F879
:103E5000411080F84230012070BC7047802601205C
:103E600000E800FE2DE9F041DFF8548004460E46DC
:103E700015460AE09B69DB0602D5FFF7B3FFE0B900
:103E8000D8F800305B1BB34209D823682A46314674
:103E900020469F69BF07EDD50020BDE8F081636C27
:103EA0002021002201200B4384F84020636484F821
:103EB000411084F84220BDE8F0810120BDE8F08186
:103EC00080260120F0B484460568049F104E03E06C
:103ED0003468E41B9C420AD8AC6931EA04000CBF88
:103EE000012400249442F3D00020F0BC7047DCF899
:103EF00044302021002201200B438CF84020CCF8D4
:103F000044308CF841108CF84220F0BC704700BF60
:103F1000802601200268436B9169126803B118473B
:103F2000704700BFF0B490F841200346002A40D00B
:103F30002420DC68D3E9002183F84100012C1068BB
:103F400021F0706120F0010010601161916821F48E
:103F500000419160996828D041F40441022C91609D
:103F600002D14FF40061516051680020134C2026AB
:103F70009F690C43D3E9041554602943DC69D56873
:103F800041EA07211F6A25F400453C43D560D16012
:103F90001460116841F001011160586483F84160B8
:103FA000186383F84200F0BC704741F4004191600F
:103FB000DAE702F0FF0180F84010B9E70080000264
:103FC0002DE9F04F002383B0DFF810820D68DFF891
:103FD00010E203E00133102B00F0B88001229A4078
:103FE00032EA050405EA020CF4D14C6824F010070B
:103FF000022F40F0AE80DF0803F0070A4FF00F0BEE
:104000000E6900EB87074FEA8A0AD7F820900BFA6F
:104010000AFB06FA0AF64FEA430A29EA0B094FF0AF
:10402000030B46EA09090BFA0AF604EA0B0BC7F878
:1040300020906FEA060907680BFA0AFB27EA0606D2
:104040004BEA060606608768C4F3001607EA090B08
:10405000CF689E4007FA0AF747EA0B078760476870
:1040600027EA020216434660C668E7008A6806EA45
:10407000090902FA0AF242EA0902C260AAD5D8F88E
:10408000447023F0030903F003020F2647F480472E
:1040900009F180499200C8F8447009F59C39D8F8B4
:1040A000447006FA02FA07F480470197444F019ED4
:1040B000B842D9F8086026EA0A061AD007F58067E0
:1040C000B8425ED03F4FB84260D03F4FB84262D056
:1040D0003E4FB84264D03E4FB84266D03D4FB842E2
:1040E00068D03D4FB8420CBF0727082707FA02F2F5
:1040F0001643C9F808606FEA0C07DEF80020E603F3
:1041000003F1010354BF3A404CEA0202CEF800200A
:10411000A203DEF8046054BF3E404CEA0606E20209
:10412000CEF80460DEF8086054BF3E404CEA060654
:10413000A402CEF80860DEF80C2054BF3A404CEAE6
:104140000202102BCEF80C207FF448AF03B0BDE87C
:10415000F08F4FEA430A4FF00309D0F800B0013F57
:1041600004EA090609FA0AF9012F2BEA090B06FAF3
:104170000AF66FEA090946EA0B0606603FF674AFD5
:1041800061E7012707FA02F21643B2E7022707FAAE
:1041900002F21643ADE7032707FA02F21643A8E737
:1041A000042707FA02F21643A3E7052707FA02F2EB
:1041B00016439EE7062707FA02F2164399E700BF67
:1041C0000000024000080240000C024000100240C3
:1041D0000014024000180240001C02400038024057
:1041E000003C01402DE9F8433C4E337D012B6DD05E
:1041F000012380460F463375F7F78CFB05460028F0
:104200005FD14FF0FF333B60D8F80030012B3DD039
:10421000D8E901934B444B4553D9314C2DE0022B47
:104220000CBF4FF400734FF44073226922F44072C4
:104230002261226913432361236923F0F803236178
:10424000236943EAC90343F002032361236943F46A
:1042500080332361BFF34F8FF7F75CFB236923F0B3
:104260007A032361002835D1D8F8083009F1010913
:10427000D8F8042013444B4523D998F80C30002B70
:10428000D3D0012BCBD14FF48073CEE7144CD8F8A8
:104290000C3022691B0222F440729BB22261226917
:1042A00042F0040222612269134343F48033236104
:1042B000BFF34F8FF7F72EFB2369054623F0040366
:1042C0002361002328463375BDE8F883022528467C
:1042D000BDE8F8830546C7F80090F2E728370120CB
:1042E000003C0240754B002108222DE9F0411D6879
:1042F00082B080460191D0E9166334689A40224228
:1043000004D001680F68780700F18A8001229A4082
:10431000224204D0D8F800104969090678D4042252
:104320009A40224204D0D8F8001009688F0767D459
:1043300010229A40224204D0D8F800100F683807A3
:1043400049D420229A40224217D0D8F800100C6895
:10435000E00612D5B26098F83520052A73D00B68B4
:1043600013F4802F0B6800F09080190340F19B80BC
:10437000D8F83C300BB140469847D8F854303BB39E
:10438000D8F85430DA071BD5D8F8002005214C4B5B
:1043900088F83510A3FB0535136823F00103AD0A37
:1043A000136002E01368DB0704D5019B0133AB42C5
:1043B0000193F7D90022012388F8342088F835309A
:1043C000D8F84C3023B1404602B0BDE8F041184760
:1043D00002B0BDE8F081B2600A6812F4802F0A686A
:1043E0002AD1D70503D40A6822F008020A60D8F857
:1043F0004020002AA5D040469047D8F85C30A0E77E
:10440000B260D8F8542042F00402C8F854208FE774
:10441000B260D8F8542042F00202C8F854207EE777
:104420000F6827F004070F60B260D8F8542042F0FC
:104430000102C8F8542069E71203D8D5D8F84820FB
:10444000002AD8D17DE70A68D8F8404022F0160249
:104450000A604A6922F080024A6154B30A6822F075
:1044600008020A603F220024012102FA03F3D8F86F
:104470005020B36088F8344088F83510002AA7D05F
:10448000404602B0BDE8F041104713F480737FF45A
:104490006FAF0A68012422F010020A6088F83430F5
:1044A00088F8354064E7D8F84430002B7FF463AFD8
:1044B00063E7D8F84820002AD0D1D3E77C1E01203A
:1044C000B5814E1B90F835200346022A03D0802286
:1044D00001205A65704702680521002083F83510D5
:1044E000136823F001031360704700BF70B5324AB0
:1044F000002590F84130044680F84250283BC262C3
:104500004585426C022B41EA020141642BD803210C
:10451000FBF7A8FC2822294B80F841204363056360
:104520002268136813F4804312D01368A06B23F43D
:1045300080431360B0B1224A0023026584F8403002
:10454000FFF7C0FF70B1A06BBDE87040036D184766
:10455000116811F4004114D194F84130602B24D03B
:1045600084F8401070BD0721FBF77CFC90F84130C7
:10457000602B02D0202380F8413000232363636343
:10458000CEE71168E06B21F4004111600028E9D00A
:104590000B4A026584F84030FFF794FF0028E1D011
:1045A000E06BBDE87040036D1847202384F840108D
:1045B00084F8413070BD00BF0000FFFFB146010824
:1045C000F1FE00080368202270B51E680D46DA610E
:1045D00007210446FBF746FC03683348596841F459
:1045E000004159605A6802405A609A69910701D5A2
:1045F00000229A629A69D20703D49A6942F00102B2
:104600009A6170042BD5A26B1AB11268526892B2EB
:1046100062856A0709D55A6A25F00405636A1A702B
:10462000636A228D013363624ABB638D9BB21BB107
:10463000636C43F0040363640023236384F8423013
:10464000666C636316BBE36A184DAB420DD194F8F8
:104650004130202384F8406084F8413070BD31043B
:10466000D7D5E26B002AD0D1D3E72046FBF77AFCFE
:104670002023E56284F8406084F8413070BD638D8A
:10468000013A013B22859BB26385CEE7616C2046EF
:10469000FFF72CFF94F84130282BDFD12946204624
:1046A000BDE87040FBF732BC00E800FE0000FFFFF1
:1046B000F8B590F84030C66A012B00F084801746A8
:1046C0000123CA0604460D4680F8403020D5FB067B
:1046D0001ED5438D9BB2002B62D190F84130B6F1CC
:1046E000007FDBB202D1282B00F0848094F84130A7
:1046F0001021292B2368D96102D116F5803F68D19A
:10470000AA0601D5BB0659D4002084F84000F8BDA4
:10471000680710D42A072ED53B072CD594F84130D2
:1047200003F02803282B61D0216808200023C861EA
:1047300084F84030E4E77907ECD5638D9BB27BB118
:10474000216825F00405636A496A1970638D606AFF
:10475000218D013B01309BB2013960626385218567
:10476000638D9BB2002BCBD116F5803FC8D020467D
:10477000FBF7F8FBC4E7A807C2D5B907C0D5638D1E
:104780009BB213B3606A236810F8016B218D9E629F
:10479000638D01396062013B21859BB26385AFE780
:1047A00003681021D961436C43F00403436436F07D
:1047B0008073A5D1416CFFF799FEA1E729462046F9
:1047C000FFF700FFA0E70220F8BD36F0807397D115
:1047D000CDE799698A0701D5002199629969CE07C9
:1047E000C5D4996941F001019961C0E72046FBF702
:1047F0005BFB85E7FBF78AFB82E700BF38B5202229
:104800000368204D0024DA615A682A401E4D5A6020
:1048100004634463CC06C56205D51022DA61426C9C
:1048200042F0040242649A69910701D500229A621B
:104830009A69D20703D49A6942F001029A6103216E
:10484000FBF710FB436C90F84120602A0CD01A1E35
:1048500018BF012243B990F84130212B08D090F8BD
:104860004130222B04D038BD416CBDE838403DE6D4
:10487000202380F8402080F8413090F8423080F8C2
:10488000422038BD00E800FE0000FFFF38B590F878
:1048900040300446C06A012B71D0012384F84030B7
:1048A000CB0615D5D50613D5D30BC2F3803543EA15
:1048B0009232D20729D5E26B5AB3DB0729D51368A8
:1048C0005B6833BBA36B53B34DB31B685B6826E0D7
:1048D0000B0707D4880601D5930612D4002084F86C
:1048E000400038BD1507F5D594F8413003F0280392
:1048F000282B46D0236808220020DA6184F8400083
:10490000EFE72046FFF75EFEE8E723681022DA6152
:10491000E4E7A36B23B31DB31B685B6803BB94F888
:104920004130282B02D1B0F1007F2ED094F84130D5
:104930001022292B2368DA61D0D110F5803FCDD029
:104940009A69910701D500229A629A69D20703D425
:104950009A6942F001029A612046FBF703FBBDE72A
:1049600023681022DA61636C43F00403636430F05F
:104970008073B3D1616C2046FFF7B8FDAEE702202B
:1049800038BD2046FBF790FAA8E72046FBF7BEFAB1
:10499000A4E700BFF8B590F84030012B7BD001238D
:1049A000CD06044680F8403023D5D00621D510220C
:1049B0002368616B4548DA61626C814242F004020F
:1049C000626466D0424A914263D0F4211A680A4375
:1049D0001A609A69910701D500229A629A69D207F2
:1049E00003D49A6942F001029A61002084F84000E1
:1049F000F8BD0B0631D5570643D523681A6822F057
:104A000040021A60628D92B2002A46D05868618DC9
:104A1000C0F309008AB2FF2A4BD8628DE56A91B2D1
:104A200015F5803F2185CDB24BD0E76A2D045A6839
:104A3000284E324002433A432A435A60628D521A4A
:104A400092B2628594F84120222A1A680CBF42F47F
:104A5000004242F480421A60C7E74D0611D5500665
:104A60000FD5638D9BB2FBB923685A689101BCD402
:104A7000E26A12F5803F13D15A6842F480425A60CC
:104A8000B3E78B06B1D59206AFD52046FFF7B6FE49
:104A9000ABE760219AE70220F8BD5B689E0103D472
:104AA0002046FBF783FAA0E740212046FFF71EFDD2
:104AB0009BE7FF224FF47F054FF080771146228558
:104AC000B5E74FF000772D04B1E700BF8D4801082E
:104AD00095490108009C00FC90F84030012B00F043
:104AE0009C8001232DE9F041044680F84030C8063F
:104AF0000D4690461BD512F0100F18D023681021D8
:104B0000D961616C41F0040161649969890701D53B
:104B1000002199629969CA0764D5AB0602D518F0DD
:104B2000200F71D1002084F84000BDE8F0816B07B0
:104B300012D4AF0724D518F0020F21D0606A236881
:104B400010F8016B218D9E62638D01396062013B1B
:104B500021859BB26385E0E718F0040FE9D0216856
:104B600025F00405636A496A1970638D606A218DB6
:104B7000013B01309BB20139606263852185CCE73E
:104B80002E0615D46906C8D518F0400FC5D0638D20
:104B90009BB2002B33D1236859688A01BDD4E16AE6
:104BA00011F5803F27D1596841F480415960B4E73D
:104BB00018F0400FB1D0638D9BB2C3B1238DB3B950
:104BC00020684168638DC1F309019BB2FF2B26D990
:104BD0004368FF27204E27853340204E19430E435C
:104BE00046609AE7996941F00101996195E7236868
:104BF0005B68980103D42046FBF7D8F98DE7402184
:104C00002046FFF773FC88E720462946FFF7F6FDAC
:104C1000002084F84000BDE8F08102207047638DD9
:104C2000E66A9BB216F5803F23850AD0E76ADBB2BD
:104C30004668094A16403E4346EA03431943416029
:104C40006BE74668DBB2044F3E40314341EA034321
:104C500043F00073436060E7009C00FC0000FF012C
:104C600003689A69196810B4D4052ED50C061FD5AF
:104C7000416C4FF4807441F0010141645105DC61E5
:104C800028D5416C4FF48064920541F008014164DD
:104C9000DC6106D5426C4FF4007142F002024264BE
:104CA000D961416C11F00B0F0CD15DF8044B7047CA
:104CB0005405F6D49405F4D50906EBD4416C11F0F3
:104CC0000B0FF2D05DF8044B10E45405F2D5090641
:104CD000D7D4E6E79205DDD4E3E700BFF0B404469D
:104CE00090F834000128A66D38D0012594F83500DD
:104CF000A84284F8345005D00023022084F83430D0
:104D0000F0BC704725680227002084F83570A7683A
:104D100060652868402F20F4802028606B601AD0DE
:104D2000A960EA60E16D3F23226C8B40B3602B6881
:104D300043F016032B606B6943F080036B611AB17B
:104D40002B6843F008032B602B68002043F001031D
:104D50002B60F0BC7047AA60E960E3E70220F0BC7A
:104D6000704700BFF0B490F83530022B34D00368A0
:104D700000221B4D2127D9B21E68103926F00106EA
:104D8000A5FB0145174C5F291E6004EB15141A6042
:104D90005A6094F834409A60DA601A615F61C465C1
:104DA00015D8114A1A4000233F218265A1401C46B4
:104DB0009160436580F8343080F83530C0E90F33B6
:104DC000C0E91133C0E913332046F0BC7047A2F5A7
:104DD00080621A400432E6E7DCB22046F0BC70473D
:104DE000ABAAAAAA28CD040800FCFFFF0246F0B433
:104DF0004A4C2068002A57D002231168002582F807
:104E0000353082F834500B6823F001030B6003E067
:104E100023681B1A052B3FD80B68DD07F8D4D2E9AD
:104E20000130D56803430F68D2E904402B43234384
:104E3000146AD2E9066503433948334338402B43AB
:104E4000556A2343042D40EA030030D008604B69C3
:104E500023F007031D43CBB2324C4D61103B324867
:104E6000A4FB03545F2B314B4FF0010500EB1410F2
:104E70004FF0000403EA01034FF03F0190F83400C3
:104E800088BF04338140D06520469365996054659E
:104E900082F83550F0BC7047032320211846516535
:104EA00082F83530F0BC70470120F0BC7047D2E981
:104EB0000B74936A3C43204308604D6925F0070555
:104EC0001D4345F00405002FC5D07EB1B6F5005F47
:104ED00012D0022B03D9032BBDD1FB01BBD501237B
:104EE00040211846516582F83530D3E7012B11D0A7
:104EF00033F00203AFD1F0E7032BACD801A050F898
:104F000023F000BFDF4E0108DB4E0108DF4E010831
:104F1000154F0108B7F1C07F9DD1E0E78026012041
:104F20003F8010E0ABAAAAAA28CD040800FCFFFF2E
:104F3000002807DB00F01F0101234009024A8B40D3
:104F400042F82030704700BF00E100E0034A013022
:104F5000116813685B1A8342FBD3704780260120D7
:104F60000023014410B410F8014B0822634002E012
:104F7000013AE3B209D013F0800F4FEA4304F7D0AF
:104F800084F00703013ADBB2F5D18842EBD1184631
:104F90005DF8044B704700BF30B54FF4806085B0BA
:104FA0001CF012F800283BD02D4C94F84820012A20
:104FB00016D0022A36D0032A03D0042A48D0052A64
:104FC00021D194F84930012190F904004FF4E132E5
:104FD000002B01914FF0000314BF0C2504252EE097
:104FE00094F8495000234FF4E13190F904009D42B8
:104FF00018BF0825CDE9001202954FF48061194AC7
:105000001CF03FF86064606CFF23003884F8543073
:1050100084F8643018BF012084F8743084F8843038
:1050200005B030BD94F84950012190F904004FF4C7
:105030009642002D4FF00003019118BF0825009201
:105040004FF480611A4602951CF01BF86064DAE7A1
:1050500094F84950012190F904004FF4E132E8E757
:105060008077012051000000304B1B6813F0006373
:1050700016D02F4A92F8481001290AD00239022985
:105080000ED801385432C0B2FE282CBF1046002082
:105090007047284B93F8703298420ED3FF2801D006
:1050A000002070472DE9F04FDFF8909099F8BB1180
:1050B00001B133B92048BDE8F08F543202EB001043
:1050C0007047002402F15401A346A4462546A64693
:1050D000A04620464E880130B1F80CA035440E7829
:1050E000544491F901A0B0452DB224B238BFB04666
:1050F000D645D1E90176B8BFD6468342BC4401F11A
:105100001001B344E6DC00210B4882F81C8182F8D0
:105110001DE189F8BB1195FBF3F594FBF3F3C2E9AC
:1051200048CBA2F81E51A2F82831C4E74C3901201F
:1051300080770120742200209C780120F003012058
:1051400070B40478A51E15F0FF061DD0451E02465A
:105150004FF6FF73354401E012F8014F1B1BAA42C2
:105160009BB2F9D11C0A084410F8012CA24202D0CB
:10517000002070BC704710F8020CDBB2C01AB0FA05
:1051800080F070BC40097047FF244FF6FF73EAE7D8
:105190002DE9F8434378434C190703F00F0594F8C1
:1051A0002C2100D072B10021AA4284F8301104D918
:1051B0004FF000084046BDE8F883AA1AD1B20E2984
:1051C000F6D803E084F82C5184F83021224492F878
:1051D000C8100029ECD003F0F003802B40D0902BB6
:1051E00049D0A02BE4D1084665F05F05FAF778FFB7
:1051F00002462D48131D84F8315184F83031FBF7F5
:10520000EFFD94F83081B8F1000FD1D0A8F102037E
:1052100013F0FF0641D0254A4FF6FF71901912F89E
:10522000015B491B904289B2F9D15FFA81F90D0AFD
:105230004BB11E4FFE1817F8011BD4F8540122F091
:10524000E7FCBE42F7D14946D4F8540122F0E0FC15
:10525000D4F85401294622F0DBFC4046BDE8F8832F
:10526000042365F07F050226984684F8303184F8DF
:1052700031513346CFE7084665F06F05FAF730FF46
:105280000426062284F83301334684F831519046CF
:1052900084F8321184F83021BDE7FF254FF0020871
:1052A000A946C5E780770120B2780120B0780120B7
:1052B000C21D2DE9F04F02F4FC7285B0524C064637
:1052C00000AFD4F85831ADEB020D04F5B47A89463D
:1052D0000DEB0002E8465345FA602FD094F8A8126F
:1052E0000DF1010C94F8A90201F00F0ED4F85C51F5
:1052F0000131C7F808C04EEA401E07F1080084F8E3
:10530000A8128DF800E0ED1AA2EB0C0B1946AB4584
:1053100044DD2A4627F08EF9D4F85821B968404672
:105320002A44C4F858A1A1EB0801C4F85C21C9B211
:10533000C84700201437BD46BDE8F08F94F8A85246
:1053400094F8A90205F00F01B4F962C1013541EAF0
:105350004011BCF1000F84F8A85241F01001D4F8BC
:105360005C51C9B2A5EB0A0BB8BF41F0800101281E
:1053700088F8001022D1BBF1FE0F38DD07F10800DC
:10538000FF2594F8602108F103031FFA8BF1786080
:1053900088F8015088F80220BB6020E05A4627F0C8
:1053A00049F9D4F85831404631465B44C4F8583185
:1053B000C84701201437BD46BDE8F08F07F108004B
:1053C00094F8642108F10203B4F86011786088F859
:1053D0000120BB6027F072F91FFA8BF1786827F083
:1053E0006DF97868D7E902C2D4E956358BE794F8AD
:1053F000601108F1030C07F1080088F801B088F883
:105400000210C7F808C07EE78077012001297ED905
:10541000F0B5037883B0614CC3F3411503F00F0777
:10542000032D84F8A95200F0838013F01003164670
:1054300006D0012D6DD0052912D8002003B0F0BD93
:1054400094F87C23002AF8D094F87D23013202F0EE
:105450000F02BA4256D0184684F87C3303B0F0BD30
:1054600043784518811D84F878334388A4F8743351
:105470008388C02B76D84A4A4FF0000C0120134491
:10548000C4F86C23A4F876C3C4F8703384F87C03A2
:105490009A1A6D1A84F87D7395425EDB414F002A9B
:1054A00054D1B4F97433FA2B02D10EB10523337001
:1054B0003B4B00253C4839461A1FD4F86CC3A3F572
:1054C000A276C4F86C33C4F85C21A3F5AA72D0F8B4
:1054D000000201ABC4F85861C4F870C384F87C536F
:1054E000C4F8605101951CF069F801304DD0019B62
:1054F0000BB100209847D4F858310120C4E9566315
:1055000003B0F0BD4518411CD4E9DB23C0E70020FF
:105510007047022991D043788278FF2BA4F8742336
:1055200018D1042989D94518B0F80330411DA0E7E6
:1055300000201E4904F5B47204F2691384F868016E
:105540000120C4F86011C4E9562377E7384627F0F4
:1055500071F8A6E74518C11C8BE72A46114827F0C9
:1055600069F86AE7124B0321B4F874034FF6F67238
:105570005D1CC4F85831A4F860010120C4F85C51E6
:1055800084F86811A4F8622158E7D4F8583102224F
:10559000591CC4F858111A70A9E700BF8077012080
:1055A0002C7A0120EC7A0120F00301200000F6FFA4
:1055B000E87801200B4B93F8F22012B1B3F8D82011
:1055C00052B9094B094AB3F9043082FB0312D817C8
:1055D000C0EBA20000B27047D3F8100190FBF2F0CC
:1055E00000B27047807701202C3D01206766666617
:1055F000F8B50546174CEEB2D4F88003C5F307277B
:10560000314622F005FB94F884333946D4F8800300
:105610005E4084F8846322F0FBFA94F88433C5F387
:105620000746D4F880032D0E5F40314684F884731A
:1056300022F0EEFA94F884332946D4F880035E40D1
:1056400084F8846322F0E4FA94F88403454084F8F3
:105650008453F8BD8077012070B504460B4DE6B247
:10566000D5F88003240A314622F0D2FA95F8843323
:105670002146D5F880035E4085F8846322F0C8FA9D
:1056800095F88403444085F8844370BD80770120F9
:1056900038B50B4C002305462421D4F8800384F848
:1056A000843322F0B5FAD4F88003542122F0B0FA02
:1056B0002946D4F88003BDE8384022F0A9BA00BFDB
:1056C000807701202DE9F04FBF4D0E46924695F8A8
:1056D00085432DED028B83B0002C00F07B82013CD2
:1056E00085F88543B94F9FEDBA8AA7F5037BDFF8AC
:1056F000F082DFEDB88ADFF8EC923378002B00F00F
:10570000918095F88543002C40F08C80BAF1000F11
:1057100007D020F037FCDAF80030C01A002880F2F9
:10572000D18395F88623002A40F0938395F8873338
:10573000062B40F211829BF809429BF80812A14205
:1057400000F03782DBF80422601C95F888130133DF
:1057500032F81440C0B2DBB2DFF88CC20C4485F8DA
:105760008733A4B28CF80500B4F5E26F00F00B8229
:1057700000F2D88040F201439C4200F0168300F210
:10578000A080B4F5067F6FD8B4F5007F4FD3A4F5A1
:105790000073182B42D8DFE813F06802590259024F
:1057A0005902590259025902590259024100410055
:1057B000410041004100410041004F0234023402E7
:1057C00034023402340234023402340295F8B9301F
:1057D0009C0723D5C107804B40F17A835A6882EA3F
:1057E000E273002AA3EBE27303EB5303A8FB03135A
:1057F0004FEAD303ACBF43F0004343F040431021D2
:1058000000240822CDF8033068462B6C8DF8001078
:105810008DF801408DF8022098473470BAF1000FDE
:105820007FF46BAF03B0BDEC028BBDE8F08FB4F535
:10583000807F00F0E482B4F5887FEFD112F066FC3F
:10584000102301220024CDF803008DF800306846B3
:105850008DF801308DF802202B6C98473470BAF126
:10586000000F7FF44AAFDDE7B4F5806FD6D195F82D
:1058700089330133DAB2042A00F0008342F2107354
:1058800085F8892303FB02F3D5F88C23002A00F066
:10589000F382023395F81421D407B5F816214FF09E
:1058A000000448BF0433900748BF0A3351074FF044
:1058B000100148BF143392064FF0040248BF28334A
:1058C000A0E7B4F5A16F00F2D580B4F5A06F00F2A7
:1058D0005582B4F5846F00F03E82B4F5A06F40F0BD
:1058E00085800EF0DFFC002898D03C49052310226B
:1058F0000024D1EDB87A68468DF80230C7FEA87A48
:10590000FCEEE77A8DF800208DF8014017EE903A12
:10591000CDF803302B6C98473470BAF1000F7FF448
:10592000ECAE7FE7B4F5376F00F0BB8138D945F2B4
:1059300030239C4200F0DE8120D945F240239C4276
:1059400000F0408245F250239C427FF467AFD5F8C7
:1059500010211020502152230024CDF803208DF86F
:1059600000008DF801108DF8023068462B6C9847C6
:105970003470BAF1000F7FF4C0AE53E745F2101354
:105980009C4200F0A18140F29C8045F211139C42A0
:105990007FF444AFD5F8A023102011215123DBE779
:1059A000B4F5036F00F0B48140F2A380B4F5046F46
:1059B00000F03082B4F5116F7FF430AF13F0DAFBF2
:1059C000102309223EE700BF80770120FC0501205B
:1059D0000000C84200000000783901207422002035
:1059E0001F85EB51C5B3A291F4050120B4F5826F78
:1059F0007FF414AFEB6B9C0640F14682DB4A95F8CE
:105A0000B900518A6439C1EB4173C1EBC30189FB11
:105A10000134CB1721440024C3EB21230933092B84
:105A2000A8BF092310F0020F23EAE37314BF4FF459
:105A30007A710021C00703EB8303107D48BF01F595
:105A4000FA61102203EB83038DF800209B008DF890
:105A500001209BB20B44042103448DF802106846D8
:105A6000CDF803302B6C98473470BAF1000F7FF4F7
:105A700044AED7E6B4F5C06F00F0B281B4F5E06F84
:105A80007FF4CCAEBA4B002493EDB40AD3EDA27AE6
:105A900020EE270A20EE080A34F0C2F91022CDF8D1
:105AA0000300072368468DF800208DF802308DF83A
:105AB00001402B6C98473470BAF1000F7FF41DAE93
:105AC000B0E66FF4376C04EB0C03072B3FF6A6AE81
:105AD000A4F17100C0B2FFF7C7FA00283FF49EAEF0
:105AE00090F9012010236846ADF80140CDF803205D
:105AF00097E0B4F5006F3FF469AEB4F5026F11D1D1
:105B000095F8B9309B077FF589AE9849102020227F
:105B10000823896800248DF80000CDF803108DF863
:105B2000012020E7B4F5E46F7FF478AE904B0024B9
:105B300093EDB60AD3EDA27A20EE270A20EE080AEA
:105B400034F06EF9102120220723CDF803008DF8E0
:105B500000108DF8012006E70133DBB29BF811221B
:105B60009BF8101291421FD0501C5200C0B2DBF8BB
:105B70000C12BC4685F887338C5A8CF80500B4F5B6
:105B8000E26F7FF4F5AD7A4B002493EDB50AD3EDC7
:105B9000A27A20EE270A20EE080A34F041F91023F9
:105BA0000722CDF8030050E6002201208BF81122D5
:105BB000DDE795F888336E4901338BF8092291F8B7
:105BC0007012DBB2013185F888338B4200F03D81E1
:105BD0000123C3E700283FF485AD0378303B012B58
:105BE0003FF680AD013005F285320621FFF70EFC4D
:105BF00095F8853385F88603002B3FF473AD347038
:105C000070E5A4F11100C0B2FFF72EFA00283FF4AE
:105C100005AEB0F9022010236846ADF80140CDF87A
:105C200003208DF800302B6C984700233370BAF1B5
:105C3000000F7FF462ADF5E595F8C730002B40F01A
:105C40001881B5F8E00010230222FBE5601EC0B207
:105C5000FFF70AFA00283FF4E1AD426810236846D6
:105C6000ADF80140CDF80320DBE7D5F8083110226C
:105C7000404900248DF80020DA1781FB031302212C
:105C800068468DF80140C2EBA3038DF802102A6C20
:105C9000CDF8033090473470BAF1000F7FF42DAD8A
:105CA000C0E5FF20FFF7E0F900283FF4B7AD90F919
:105CB0000100102170220B230024CDF803008DF881
:105CC00000108DF801204EE6D5F89C2310235121B9
:105CD0000024CDF803208DF8003068468DF801309F
:105CE0008DF802102B6C98473470BAF1000F7FF4D6
:105CF00004AD97E52049102030225223B1F902105B
:105D000000248DF80000CDF803108DF801202AE65C
:105D100095F8B9309B077FF581AD144B10214FF4F6
:105D2000F3620024DB8968468DF80010302102FB05
:105D300003F208238DF80110A8FB02128DF802303F
:105D400052092B6CCDF8032098473470BAF1000F3C
:105D50007FF4D3AC66E595F8B9309A077FF55EAD70
:105D6000B5F8BA001021202223E000BF78390120C5
:105D700074220020676666662C3D01200EF092FAC0
:105D800000283FF44BAD621E7E4BD2B203EB820380
:105D900093EDB90A80FE280A34F042F81023CDF8BA
:105DA00003006846ADF801403BE7B5F998031021C0
:105DB000012204230024CDF803008DF800108DF893
:105DC0000120D0E57049102040225223B1F9001083
:105DD00000248DF80000CDF803108DF80120C2E5F5
:105DE000B5F8F430002B41D1D5F810011022CDF8D0
:105DF00003000024062368468DF8002055E612F0C3
:105E000095F91022CDF803000024012368468DF88F
:105E100000204AE65C4B102240210024B3F90430F4
:105E200068468DF80020082203EB83038DF80110EB
:105E30008DF802205B00CDF803302B6C984734704E
:105E4000BAF1000F7FF459ACECE4012385F8882304
:105E500084E64E490620FFF72BFA002385F88603D7
:105E6000337003B0BDEC028BBDE8F08F13F08EF9F8
:105E7000BCE713F07FF9E6E601330BE5012242F2BD
:105E8000107385F88923FFE4414B1B681A062FD550
:105E90000024102204212B6C68468DF800208DF818
:105EA00001208DF803408DF804408DF805408DF8F1
:105EB00006408DF8021098473470BAF1000F7FF455
:105EC0001CACAFE4347003B0BDEC028BBDE8F08FC6
:105ED0001A6882EAE273002AA3EBE27303EB53032E
:105EE000A8FB03134FEAD303B8BF43F0804386E413
:105EF00095F8C630002B3FF491AC95F89023032A17
:105F00003BD8DFE802F0302617021E4B0022D3F800
:105F1000F43285F890239A7CD97C02F140721B7D83
:105F200002EB012202EB0342102304210024CDF8EE
:105F30000320D0E6D5F89413CB8BC88A1B04C989FB
:105F400003EB00230B44511C03EB026285F8901312
:105F5000EAE7D5F894138B8B888A1B04898903EBB5
:105F600000230B44EFE7D5F894134B8B488A1B04AE
:105F7000498903EB00230B44E5E7531C120685F81F
:105F80009033D1E7742200202C3D012051010108FB
:105F90004C390120C4490020C44BD1F8DC20F0B5B5
:105FA00083F8110210070AD5D3F80C024FF480666B
:105FB00002254FF48264068083F81152448017034F
:105FC0000AD593F8110240F20145D3F80C42461C61
:105FD00083F8116224F8105091F8F100002876D16E
:105FE00002F4803491F8F200002840F02C8102F491
:105FF000004596050BD593F811024FF40467D3F8CA
:106000000C6200F1010C83F811C226F81070C96B04
:10601000880700F1D080480700F1B180A4490968E1
:106020000E0670D4900212D593F8111245F2101E8C
:1060300093F811C245F21117481CD3F80C620231D3
:10604000C0B226F81CE083F8111226F8107093F8FD
:106050001102002183F8100283F8111283F809124B
:106060003CB10124D3F804124FF4047083F80942C0
:10607000088055B193F809124FF40074D3F8040264
:106080004D1C83F8095220F8114091030AD593F86A
:1060900009124FF4A064D3F804024D1C83F809528E
:1060A00020F8114052030AD593F809224FF43760C3
:1060B000D3F80412541C83F8094221F8120093F813
:1060C0000912002283F8081283F80922F0BDD607CE
:1060D00086D512F480340AD193F811024FF4047675
:1060E000D3F80C52471C83F8117225F8106093F80E
:1060F00011024FF41166D3F80C52471C83F8117249
:1061000025F810606EE790040AD593F811124FF449
:106110000366D3F80C024F1C83F8117220F811604B
:10612000D10410D593F811124FF4006793F811C2FF
:10613000481CD3F80C620231C0B226F81C7083F8F8
:10614000111226F8107057040AD593F811124FF463
:106150008466D3F80C024F1C83F8117220F811608A
:1061600056057FF55FAF93F811124FF40266D3F82E
:106170000C024F1C83F8117220F8116052E7510590
:106180000AD593F811124FF48076D3F80C024F1C05
:1061900083F8117220F8116017057FF53FAF93F86F
:1061A00011124FF48876D3F80C024F1C83F8117249
:1061B00020F8116032E717060BD593F8110245F26B
:1061C0003027D3F80C6200F1010C83F811C226F8D5
:1061D0001070D6050BD593F8110245F24027D3F87D
:1061E0000C6200F1010C83F811C226F81070D00681
:1061F0000BD593F811024FF4E067D3F80C6200F16D
:10620000010C83F811C226F8107097060BD593F88D
:1062100011024FF4E267D3F80C6200F1010C83F82D
:1062200011C226F8107056067FF5F5AE93F81102EC
:106230004FF4E467D3F80C6200F1010C83F811C24B
:1062400026F81070E7E695077FF5D1AE12F4004509
:106250000BD193F811024FF40077D3F80C6200F1E0
:10626000010C83F811C226F8107050070BD593F873
:1062700011024FF4C067D3F80C6200F1010C83F8EF
:1062800011C226F81070D7027FF5B3AE93F8110251
:1062900045F25027D3F80C6200F1010C83F811C2CB
:1062A00026F81070A5E600BF80770120F0030120DA
:1062B0004C39012030B5044683B00D461046A4F198
:1062C0007D03012B08D9214621F0A2FC15B12888B5
:1062D00004442C8003B030BD7D21019221F098FC54
:1062E000019884F0200121F093FCEFE770B504469B
:1062F00082B00D46C61DADF8062014F8010B2A46E3
:106300000DF10601FFF7D6FFB442F6D1BDF8063015
:10631000FF2B04D9180A50FA83F3FF2BFAD8C3F1E4
:10632000FF032A4600219BB2D8B2ADF80630FFF732
:10633000C1FF02B070BD00BF024B0022D3F8A4130E
:10634000D4E700BF807701205E2810B50ED05D280D
:1063500004D00B4BBDE810401B681847084C23685D
:10636000984723683D20BDE810401847044C5D2045
:106370002368984723683E20BDE81040184700BFB7
:10638000C07B01200023012203704271C37003719E
:10639000437083708371C371704700BF2D4A2DE92C
:1063A000F043002840D1012712682B4B9740BFB221
:1063B0001E7E16B3DFF8A4C04FF0000E0CEBC6062D
:1063C00063460CF5B475ACF12801D3E900420833FB
:1063D00064040CD512F4F01FC2F343480C7905D0C5
:1063E00020B10134E4B2444509D80C714CB19E424D
:1063F00005F1040501F10101E7D1BDE8F08381F861
:1064000004E017EA5204F2D0C2F3435240320CEBDC
:1064100082043CF8229094F80280E278A5F800907B
:1064200085F80280EA70E2E713685C1E6BB1012711
:1064300000201460A740BFB2074B4FF47A750C6878
:106440001A8A05FB02420A60B2E70F234FF40047A5
:106450001360F1E704060120C07B0120007C0120CD
:106460002DE9F04F83B020B10A6844F21A131344A7
:106470000B60534A534BD0791979814276D0032867
:1064800069D0012100241871197292F91310DC806F
:10649000B3F90600014409B2B1F5FA7F40F38380F5
:1064A0004FF4FA700021D8801972127E002A4FD062
:1064B000454DB3F9067005EBC20C284605F5B474DA
:1064C000D0E900130830C1F3035211F4002FC3F3D5
:1064D000435302F1400237D0403305EB820A35F8CE
:1064E000221005EB830E9AF8022035F823909EF8CF
:1064F0000280A1EB09019AF80330A2EB08029EF892
:1065000003E007FB01F1314E07FB02F2A3EB0E03A0
:1065100086FB01ABC917D61707FB03F3C1EB6B1161
:1065200001962A4E494486FB03ABDB1786FB02A289
:10653000019EC3EB6B132180C6EB62129E44904414
:1065400084F803E084F80280844504F10404B7D1A0
:1065500003B0BDE8F08FD47C4FF4FA71FF251871B9
:10656000142CD9801D7222D8084622E093F9080025
:1065700000289AD00130D47C92F9131088D1142CC1
:1065800015D8B3F90600312813DC114DC41785FB6B
:106590000065C4EB650424B20134A142A8BF2146C2
:1065A000494249B276E7002906DBD9807DE7B3F995
:1065B0000600614249B26DE70021D980197274E783
:1065C000C07B012004060120007C0120D34D621015
:1065D000676666662DE9F041002839D12C4A107EA5
:1065E00080B32C4A00242C4B92F80C8092F90DC0F9
:1065F00003EBC000C8F1FF07A8F17F0692F90EE097
:1066000003F5B472FFB2F6B203E0834202F1040272
:1066100018D0196808338904F7D5E1B2A1EB0C0151
:1066200081EAE175A5EBE175012D0DDC71B17145D4
:1066300014BF394631468342D17004F1010402F19E
:106640000402E6D1BDE8F0810821F4E74146F2E713
:10665000104B1A7BF02A09D802F10F000C4A18736C
:10666000086844F21A1303440B60B8E7084A7F2510
:1066700093F90D40907E1D738442987B01DA002CC3
:1066800002DA4042C0B2987320445873E8E700BF72
:10669000C07B012004060120007C0120F0B5374EAC
:1066A00078B196F82832002B65D0013B344ADBB232
:1066B00086F828321378DB073DD4324B0A681A4437
:1066C0000A60347EB4B3304B00252D4F03EBC40475
:1066D00003F5B47003E09C4200F104002AD019686D
:1066E0000833C1F30322062AF5D197F800C0EA4324
:1066F0001CF0010F02F001020DD096F8282296F846
:106700001BE002EB050CBCFBFEF20EFB12C2012AE1
:10671000CCBF002201220135002ADCD0C1F3035195
:106720009C4200F1040006EB8101D1F8402140F8C1
:10673000042CD4D1F0BDD6ED8F7A6420134BFDEE3E
:10674000E77A134D134C17EE902AA2F57A7200FBEC
:1067500002F283FB0230D317C3EBA01303EB430316
:10676000C3EB031385FB0302DB17C3EB6213053393
:1067700094FBF3F3A2E7F37E97E700BFC07B012011
:1067800094780120400D0300007C0120D34D62105D
:106790001F85EB5140420F00F0B4514C002863D1EB
:1067A00094F8740200285BD04E4BB3EE097AD3ED17
:1067B000007AF4EEC77AF1EE10FA53DCBBEE097AF8
:1067C000F4EEC77AF1EE10FA4CBF08270027B3EEBB
:1067D000097AD3ED017AF4EEC77AF1EE10FA6EDDA4
:1067E00047F00107257E002D3AD03F4BDFF808C166
:1067F00003EBC50503F5B47011E094F97762B1427B
:10680000ACBF0221002194F97862B24218DB41F05A
:1068100004010F421CD19D4200F1040020D01A68EF
:106820000833D103F7D502F00F0194F97662C2F371
:106830000312B142E1DC94F978620121B242E6DA56
:1068400094F97962B242D8BF41F008010F42E2D018
:10685000DCF80C209D4200F1040040F8042CDED14D
:10686000F0BC70470427B2E794F875328BB31D4B28
:106870001E4ED3ED007A93ED017AF0EEE77A1C4DCF
:10688000B0EEC77A0A6894F87402C7FE877AFDEE04
:10689000E77A80F0010017EE903A84F87402193B11
:1068A00003EB4303C3EB031386FB0376DB17C3EB56
:1068B000E6130533B5FBF3F31A440A6072E7BBEE47
:1068C000097AF4EEC77AF1EE10FA48BF47F00207F2
:1068D00088E70A68074B94F8740213440B6061E779
:1068E000C07B0120E8240020007C0120353AFC44D4
:1068F00040420F00400D030064CD0408144A92F892
:1069000018C0BCF1000F21D002F140032DE9F04185
:1069100002F5D47E884604460025002202E00132BA
:10692000624511D0D3E90010083300EA050701EAF7
:106930000406AF4208BFA642F1D1D8F800004EF8D5
:10694000220001326245EDD1BDE8F081704700BF01
:10695000C07B0120294B30B460B9294A127DBAB9F5
:1069600093F89D312749403301EB83014FF4A06038
:1069700030BCC3E793F87A02E0B10138204A83F8CB
:106980007A020C68204820440860127D002AE7D073
:106990001E4A12689106E3D51D4A93F87A121278BE
:1069A00092071AD511BB93F89F311649403301EB7A
:1069B0008301DBE7124A93F87B42157DA54205D897
:1069C000042483F87B0283F87A42DAE70134012059
:1069D00083F87B4283F87A02D3E70029C0D193F889
:1069E0009E310849403301EB8301BFE793F89B31A7
:1069F0000449403301EB8301B8E700BFC07B0120AD
:106A000078390120007C0120801A0600BC77012023
:106A1000397801201D4A10B448B91D4C92F87C0207
:106A20000B6823440B6098B15DF8044B704792F8F3
:106A30007D3203B3012B16D092F87C020B68154C03
:106A400080F00100234482F87C020B600028EBD127
:106A500092F89B314FF440700F4940335DF8044B7E
:106A600001EB83014AE792F87C020C4C80F00100B4
:106A700082F87C02D4E708680124054B82F87C4246
:106A800003445DF8044B0B60704700BFC07B0120DE
:106A900040420F0048E80100007C012020A10700CF
:106AA000364A10B498B992F87E3203B392F87F1246
:106AB0008A081341DB0707D5012A01F0010155D0EF
:106AC000022A4BD0002A38D05DF8044B704792F868
:106AD0007F32013303F00F0382F87F32A3B192F8C3
:106AE0007E320C68264820440860002BDED192F8E4
:106AF000A832002BE8D0937B224901EB83014FF4AD
:106B000000305DF8044BF9E61F4882F87E32437A84
:106B1000DBB992F8830218B143F0040382F87E32A5
:106B20001A480078C007DCD4194800680028D8D07B
:106B300043F0010382F87E32D3E7124B03F11802CF
:106B4000002914BF19461146D9E792F87D32002B6F
:106B5000DFD00220034682F87E02DAE70D4B03F114
:106B6000180200290CBF19461146C8E7054B03F16E
:106B70000802002914BF19461146C0E7C07B012056
:106B8000A086010064CD0408687801209478012073
:106B90000C7B012074CD040830B400230225054C81
:106BA0000549064AC5700380C0E90141C0E90323D5
:106BB00030BC70470301F4013200016464003232DA
:106BC00070B40B4C00210B4D22680B4B2E6822F049
:106BD00020022D6883F8C402C3F8B462C3F8C0521F
:106BE000226083F8C812C3F8BC1270BC704700BFA3
:106BF000BC770120301D0120C07B0120074A002303
:106C000010B502F5D474D2F8CC12994200D810BD58
:106C1000016844F823100133F5E700BFC07B012071
:106C200058B1084B0521D3F8E022C3F8D002013255
:106C300083F8E412C3F8E02270470421014B83F883
:106C4000E4127047C07B0120024B0146D3F8E802F2
:106C500020F0DEBFC07B01202DE9F84306461D4C25
:106C60000D46D4F8EC02317820F0D2FF7178D4F8D8
:106C7000EC0220F0CDFF022D29D0EB1E002506F1FD
:106C80000209DBB22F46033306EB030819F8011B98
:106C9000D4F8EC020D4420F0BBFFC845EDB22F4400
:106CA000FFB2F3D12946D4F8EC0220F0B1FF394607
:106CB000D4F8EC0220F0ACFFF1780022012384F834
:106CC000C61284F8C72284F8C832BDE8F8830025CC
:106CD0002F46E7E7C07B012000234FF6FF72032118
:106CE000984242F21070F0B593B04FF0FA154FF0A1
:106CF00005074FF47056ADF80A200CBF0A4608226B
:106D00008DF80D10ADF80E304FF448048DF80C20BE
:106D10002A212422ADF81030ADF814300A93ADF8D2
:106D20002C30ADF8120001A8074B0695074DADF8C1
:106D300016700896079509940193ADF80820FFF79F
:106D40008BFF13B0F0BD00BFB562062464002C01B8
:106D5000F0B52B4F0E462B4A83B03B682A4D82FB81
:106D60000312DC17B5F8F032C4EBA2043F89A4B2D9
:106D7000A3420CD1D5F8F4322449F31AB5F8F8221D
:106D80008B4298BFBA4214BF0123002334D003685A
:106D900034210022019003F1010CC0F800C01970E9
:106DA0002146036803F1010CC0F800C01A7025F0F9
:106DB00085FC3946019825F081FC47F6FF71019862
:106DC00025F07CFC47F6FF71019825F077FC47F62B
:106DD000FF71019825F072FC47F6FF71019825F0CC
:106DE0006DFC01980221F5F701FE0123A5F8F042A0
:106DF000A5F8F872C5F8F462184603B0F0BD00BFFC
:106E00008878012067666666C07B012080841E004A
:106E100002680E2170B5561C7F250024066015708F
:106E20000268551C05601470F5F7E0FD012070BD87
:106E3000C74B1B682DE9F04F814613F0800083B0EB
:106E400000F07881C34B187810F0020000F07281D6
:106E5000DFF820A39AF81430052B40F27281DAF89B
:106E60000030BD4C002B0093BC48B8BF5B42BC490E
:106E7000A4FB0352920D00FB023302EB8202C3EB30
:106E8000031302EB82029B0084FB0354DD17C5EB66
:106E9000A45500FB053305EB820581FB0321ADB250
:106EA000DB17C3EBA111C5B10020AE4F0446A7FB11
:106EB000053CC3B22E4601304FEADC0C9A00092E85
:106EC0000CEB8C03A5EB43031FFA8CF59BB203FA82
:106ED00002F344EA0304EAD8250489B2C1B10020D0
:106EE000A04F0446A7FB013CC3B20E4601304FEA57
:106EF000DC0C9A00092E0CEB8C03A1EB43031FFA68
:106F00008CF19BB203FA02F344EA0304EAD8254366
:106F1000DAF804B0904C8BEAEB739048904AA3EBFC
:106F2000EB73A4FB0361890D00FB013301EB8101CD
:106F3000C3EB031301EB81019B0084FB0364DE17A9
:106F4000C6EBA45600FB063306EB810682FB031258
:106F5000B6B2DB17C3EBA212CEB10021814F0846B7
:106F6000A7FB063ECBB2344601314FEADE0E4FEAB4
:106F7000830C092C0EEB8E03A6EB43031FFA8EF64F
:106F80009BB203FA0CF340EA0300E9D8060492B27C
:106F9000CAB10021734F0846A7FB023ECBB214468C
:106FA00001314FEADE0E4FEA830C092C0EEB8E0303
:106FB000A2EB43031FFA8EF29BB203FA0CF340EAF2
:106FC0000300E9D80643DAF80830664A002B184671
:106FD0000193B8BF5842644C6449A2FB0030030AD5
:106FE000A4FB0343DB0901FB03F1C1EBD00189B230
:106FF000C1B1002496462746AEFB013CE3B20A46E7
:1070000001344FEADC0C9800092A0CEB8C03A1EB4D
:1070100043031FFA8CF19BB203FA00F347EA03071C
:10702000EAD8B9B2BAF81080B8F1000F1AD000242B
:10703000DFF830E12746AEFB083CE3B242460134BC
:107040004FEADC0C9800092A0CEB8C03A8EB4303F5
:107050001FFA8CF89BB203FA00F347EA0307EAD859
:107060001FFA87F8BAF812303E4AA2FB0307FF085E
:10707000632F28BF6327092B67D94FF0000C924676
:107080006046AAFB073E5FFA8CF33A460CF1010C0E
:107090004FEADE0E9C00092A0EEB8E03A7EB43039A
:1070A0001FFA8EF79BB203FA04F340EA0300E8D814
:1070B000C4B2009B019A002BCCBF39233823BBF10B
:1070C000000F4FEA226738DD27F07F07284A3B434D
:1070D000934543F00207C8BF43F00607D9F80030D4
:1070E0001620002203F1010CC9F800C018704846B0
:1070F000D9F8003003F1010CC9F800C01A7025F06E
:10710000DDFA2946484625F0C3FA3146484625F0BF
:10711000BFFA4846414625F0D1FAD9F8003001209F
:107120001A18C9F800201C70D9F800301A18C9F8CC
:1071300000201F7003B0BDE8F08F27F07F071F43CA
:10714000CCE7002003B0BDE8F08F0024B1E700BF1A
:107150004C390120397801206BCA5F6B806967FF69
:10716000D34D6210CDCCCCCCC55A7C0AA086010090
:10717000FFC99A3B78390120AE4B1B682DE9F047D7
:10718000064613F0800084B000F0A180AA4B187866
:1071900010F0020000F09B80DFF8B4E29EF81410BB
:1071A000052940F29980632900F29480002089B279
:1071B000A24F0446A7FB013CC3B20D4601304FEA83
:1071C000DC0C9A00092D0CEB8C03A1EB43031FFA96
:1071D0008CF19BB203FA02F344EA0304EAD8E4B266
:1071E000DEF80830964AD91782FB0323C1EB6333DC
:1071F00099B2002900F019810025DFF840C2284625
:10720000ACFB0138EBB20F4601354FEAD8089A00C3
:10721000092F08EB8803A1EB43031FFA88F19BB207
:1072200003FA02F340EA0300EAD8C7B2BEF80E3010
:107230004FF4F365834942F20F7005FB03F5A1FBA0
:107240000535C5F38F1585424AD8D5B10021DFF841
:10725000ECE10846AEFB0538CBB2AC4601314FEA53
:10726000D8089A00BCF1090F08EB8803A5EB43038B
:107270001FFA88F59BB203FA02F340EA0300E9D84B
:1072800085B2714BD3E9C02313433ED14FF0FF3891
:1072900033682946172000225D1C3560187030467F
:1072A00033685D1C35601A7025F008FA4146304697
:1072B00025F0EEF93368304606215A1C32601C7006
:1072C00033685A1C32601F70F5F790FB012004B040
:1072D000BDE8F087992483E7002004B0BDE8F0877B
:1072E0000021DFF858C10D46ACFB0032D20802EB9A
:1072F0008203A0EB430390B29BB28B400431102970
:1073000045EA0305F0D1ADB2BBE701A824F082FF46
:107310009DF80810002900F08A800020DFF81CE1A9
:107320008046AEFB0139C3B28C4601304FEAD90921
:107330009A00BCF1090F09EB8903A1EB43031FFA83
:1073400089F19BB203FA02F348EA0308E9D84FEA4D
:1073500008289DF80920E2B10021DFF8E0E00846A6
:10736000AEFB023ACBB2944601314FEADA0A4FEA59
:107370008309BCF1090F0AEB8A03A2EB43031FFA4E
:107380008AF29BB203FA09F340EA0300E8D848EA1C
:1073900000089DF80A204FEA0828E2B10021DFF832
:1073A0009CE00846AEFB023ACBB2944601314FEA6C
:1073B000DA0A4FEA8309BCF1090F0AEB8A03A2EB50
:1073C00043031FFA8AF29BB203FA09F340EA03006F
:1073D000E8D848EA0008BDF80C304FEA08181B4A04
:1073E000632BA2FB03124FEA52127FF651AF00212A
:1073F000DFF848E00846AEFB023ACBB294460131D2
:107400004FEADA0A4FEA8309BCF1090F0AEB8A0353
:10741000A2EB43031FFA8AF29BB203FA09F340EA94
:107420000300E8D848EA000832E70F46FEE688463F
:107430008FE700BF4C39012039780120CDCCCCCC6E
:1074400089B5F814D34D6210C07B01201F85EB5124
:10745000783901200268C82170B4561C04250B2419
:10746000066015700268551C0560147070BC25F02C
:1074700001B900BF304B0168B3F900302F4A03EB6C
:10748000C30370B505467E26481C82FB0342DC1709
:10749000286000200E70C4EB62042B6820345A1C54
:1074A000A4B22A6018700CF0FDFE002840D0244BD6
:1074B000DFED246A93ED007ADFED237A87FE267AEA
:1074C000B4EE677AF1EE10FA23DDDFED206AB4EE58
:1074D000667AF1EE10FA1CD5C6EE877AFCEEE77AF2
:1074E00017EE903A99B2284625F0C4F8184BDB7A8B
:1074F000C3B111F03FFE0146284625F0BBF82146F6
:10750000284625F0B7F828460821F5F76FFA01203C
:1075100070BD4EF69C21284625F0ACF80C4BDB7A6A
:10752000002BE6D10B4B2846198825F0A3F8E6E797
:107530004FF6FF71D7E700BF187B012067666666CC
:10754000542500200000000000C07944C0E1644CD4
:107550003C7801206078012008B5A0F101030228E1
:10756000B3FA83F34FEA531301D0184608BD0F2036
:1075700010F0D6FE28B9054B1B7803F0010318461E
:1075800008BD0F20BDE8084010F02CBF9478012002
:1075900038B505464FF48072002105F5807434F04B
:1075A00049FF00213822204634F044FF00230C49D3
:1075B00051F8232044F8232001330E2BF8D1182250
:1075C000084905F5A07033F0D3FF0B22064905F5F5
:1075D000AC7033F0CDFF042385F8633138BD00BFB4
:1075E00064CD04089CCD0408B4CD040810B50C4645
:1075F000A0B9174A174892F8081323680344236078
:1076000001B110BD92F89B314FF4806012494033B4
:10761000BDE8104001EB8301FFF770B90AF0A0F953
:10762000322808DD206801210A4B094A034482F808
:107630000813236010BD064A142892F80813C8BF27
:10764000064881F00101D8BF054882F80813D4E745
:10765000C07B012040420F00007C012020A10700D8
:1076600048E801002DE9F84F002838D1254F3B7E2E
:107670009BB3254C0025DFF8989004F5B476DFF82D
:10768000948003E03B7E0436AB4226DD236801355F
:1076900008345B03F6D533F079FF09FB0080B0F1C5
:1076A000333FEFD2B6F800A0043616F802BC33F030
:1076B0006DFF164B26F804AC83FB0032C31706F8A7
:1076C00002BC0244C3EBE213C3EB0323C01A3B7EAC
:1076D0000130AB4206F8010CD8DCBDE8F88F094F49
:1076E0000D46BC7C33F052FF2A684FF47A71C4F126
:1076F000640490FBF4F303FB1403143301FB032332
:107700002B60B4E7C07B0120007C01208180808059
:10771000CDCCCCCC99999919F0B5464CB7EE007AFE
:10772000454D83B0D4F80C232B68444E9B1ADFEDF3
:10773000446A2A6807EE903A3378C4F80C23F8EECE
:10774000677A13F0010367EEA67AC7FEC77AC4ED25
:10775000C47A0CD13B4A3C491278A4F81C33D207B6
:107760000B803BD4012384F8403303B0F0BD04F513
:10777000457004F5467101AB6A46F5F717FA3349CF
:10778000019B009A2F4FA1FB020281FB0301DB1733
:1077900052092D48C3EB611339780280C907A4F858
:1077A0001C33DFD533782D68DB073FD594F82733BA
:1077B000274E1BBBF3890F2B12D9264901AB6A4612
:1077C000081FF5F7F3F994F82733B168C3B9009AA5
:1077D000D4F838331344C4F8383302E01C4E2D6813
:1077E000B168C4F83413C4F83C53D6E90032C4E994
:1077F000CB32012384F8403303B0F0BDB389DAE71C
:10780000D4F83433DDED007ACB1AF8EE677A07EE60
:10781000103A67EEA77AB8EEC77AE7EE077AB1EECC
:10782000E77AFCEEC77A17EE902AD1E7084EB168E6
:10783000D7E700BFC07B0120301D0120397801202F
:107840006F12833A947801203A7801201F85EB511A
:1078500078390120F07E01202DE9F04FB94C87B036
:1078600094F84133CDE9040123B194F8423303F095
:10787000FF0733B1B44B01221A701A7107B0BDE88B
:10788000F08FB24B4FF03C0ED4F8CCC24FF0010950
:10789000DB7B754694F844A3002BD4F8483394F866
:1078A0004513019308BFE046B4F84C3318BF4FF0BE
:1078B000200894F846030393B4F84E33029304F57A
:1078C000D4730093474517D19E4B002283F845138C
:1078D0001C469E4983F84603CA73012183F844A3DA
:1078E00083F8421393F89103B3F85013022840F041
:1078F000C78083F84223C1E767451ED2009B009AE8
:107900001E88D2789B78059CC3F1FF0312FB04F21A
:1079100064249BB2B2FBF4F2D2B2002B7BD0C3F151
:10792000FF03B6FBFEFB53431B12BBF1050F75D8DB
:10793000DFE80BF0071F303F506100221346164668
:10794000E1E7D11AD8B27143B1FBF5F151FA83F1F5
:10795000C9B2019B049CFB4003F001036340012B6F
:107960005ED0022B7BD01302182643EA0143034367
:107970005BE0B6FBF5F105FB1166D11AD8B2B6B2E1
:10798000C6F13C067143B1FBF5F151FA83F31146A0
:10799000DAB2DEE7B6FBF5F105FB1166D01A114647
:1079A000DAB2B6B27043B0FBF5F050FA83F0C0B271
:1079B000CFE7B6FBF5F105FB1166D11A1046DAB236
:1079C000B6B2C6F13C067143B1FBF5F151FA83F151
:1079D000C9B2BEE7B6FBF5F005FB1066A2EB030AE1
:1079E000D9B21046B6B206FB0AFABAFBF5FA5AFA51
:1079F00083F3DAB2ADE7B6FBF5F005FB1066D01AFB
:107A0000D9B2B6B2C6F13C067043B0FBF5F050FAFD
:107A100083F0C0B29DE7104611469AE7524698E7B8
:107A20000B02182643EA0243034306F1FF3A484C8F
:107A30007E4304EB860609FA0AFB039C1BEA030F4C
:107A4000A346029C18BFA346BAF1010A46F804BB3C
:107A5000F1D2009B013792460433009332E78A4209
:107A60004FEA0243164643EA016328BF0E4643EA43
:107A70000023F6B28642D4BF334303432026D4E723
:107A800093F89133012B02D1022384F89133082912
:107A9000D4F854233DD013D809B304292CD00022A4
:107AA000D4F854335A62B4F85023082A5BD03DD836
:107AB000002A42D0042A51D0012384F89133DDE614
:107AC0000C29ECD1D4F884034032224B2049C36303
:107AD000214BC36440F22A43FDF700F9DFE7D4F8F5
:107AE000780334321B4B1A49C3631B4BC36440F207
:107AF0002A43FDF7F3F8D2E7D4F87C033832154B6C
:107B00001349C363144BC36440F22A43FDF7E6F8FC
:107B1000C5E7D4F880033C320E4B0D49C3630E4BCE
:107B2000C36440F22A43FDF7D9F8B8E70C2AC3D161
:107B3000DA6842F48052DA60BEE7DA6842F4007232
:107B4000DA60B9E7C07B01206C2500200406012023
:107B50000C2B002019FD000829FD0008DA6842F40A
:107B60008062DA60A8E7DA6842F40062DA60A3E7CC
:107B700068B110B5084CC4F8D402F6F77DFE4FF694
:107B8000FF720223A4F8DC2284F8E43210BD024A1A
:107B900082F8E402704700BFC07B01200FB400B53B
:107BA00083B00649002004AB53F8042B019324F062
:107BB00093FD03B05DF804EB04B07047F1BA01081F
:107BC000034A044BD2F894130B43C2F89433704722
:107BD000C07B012000FC0600013070B5094EC4B224
:107BE00002E028F03BFF50B9E5B2214630460134AF
:107BF000152DF6D9162D02D1034B93F8985328462C
:107C000070BD00BF547F0120C07B012000B1D7E7C9
:107C1000034A044BD2F894130B40C2F894337047D4
:107C2000C07B0120FF03F9FFF0B5104E85B004467C
:107C30000D46D6F89C0319F09EF90D4B1A795B7925
:107C4000003A18BF01220BB142F0080200234FF4A2
:107C50009647029208211A46019594F90000009770
:107C600019F00FFAC6F89C0305B0F0BDC07B0120E7
:107C70003C78012010B5064C03E0D4F89C031FF0BB
:107C800099FFD4F89C031FF09DFF0028F5D110BD8B
:107C9000C07B012010B50D4CD4F8A0331B791E3BDE
:107CA000012B0DD9D4F89C0301213830FFF7BCFF1C
:107CB0000023C4F8A43384F8A833BDE81040D9E702
:107CC0000121D4F89C031FF06DFFF1E7C07B012078
:107CD00070B5094E05460C465E2033689847284625
:107CE00033689847E0B2FEF72FFBC4F30720BDE8E6
:107CF0007040FEF729BB00BFC07B01200368002B4A
:107D00002DE9F041B8BF5B423A4F04463A4DA7FB1C
:107D100003013A4E890DB27905FB0135C5EB051516
:107D2000AD0087FB0537EB17C3EBA757002A55D1EA
:107D300001EB810101EB810107EB810109B2DFF861
:107D4000B8801320FFF7C4FF1B2008FB07552C4FFA
:107D5000E91787FB0535C1EBA511264D09B2FFF7E1
:107D6000B7FF23682320002BB4BF53214E21FFF718
:107D7000AFFF6368B279002BB8BF5B42A5FB03017C
:107D8000890D08FB0138C8EB08184FEA880885FB05
:107D900008354FEAE873C3EBA5552ABB01EB810117
:107DA00001EB810105EB810109B21220FFF790FF81
:107DB000114B13491A2003FB058581FB0531ED1793
:107DC000C5EBA11109B2FFF783FF63682220002BE6
:107DD000BDE8F041B4BF5721452179E7C1EB01115E
:107DE00007EB810109B2AAE7C1EB011105EB8101A3
:107DF00009B2DAE76BCA5F6B806967FF3C780120E4
:107E0000D34D6210F0B5484C83B0014694F8A933C5
:107E1000012B56D994F8AA63444D721C444F1E445A
:107E2000A5FB020507EB860605F4FF77F66D07EB69
:107E30005505521B84F8AA2396B194F8AB33E3B9E5
:107E40003C4B48F2A50015220193123BA4F8C40351
:107E50006846009384F8C623B04708BB94F8A9335A
:107E60000133324AA2FB031222F0010101EB52025C
:107E70009B1A84F8A93303B0F0BD2F4B48F2A6003B
:107E80002E4D16220193123B2D7CA4F8AC036846BC
:107E9000009384F8AF5384F8AE23B0470028DDD0B8
:107EA00094F8AB1391B1009925480191091A0090FB
:107EB000023109F0FDFC002294F8A93384F8D9239B
:107EC000CEE71B4A02EB8302D66DB5E7009E1D4A42
:107ED000964215D9013A013E41F2210512F8010FEF
:107EE000082381EA002111F4004F4FEA410085EA9E
:107EF00041010CBF81B289B2013BF4D19642EDD170
:107F0000684624F0DBFB1049009D01F118006D1A52
:107F1000152DA8BF15252A4633F02AFB94F8A9335E
:107F200084F8F1539CE700BFC07B0120ABAAAAAA4A
:107F300064CD0408997F0120827F0120040601207E
:107F40006C7F0120877F0120847F012070B50C4E5B
:107F50000546D52206F2F63128F09AFB2B6806F585
:107F60007D7106F20C406B605C1A2960182CA8BF6A
:107F70001824224633F0FCFA86F8244470BD00BF72
:107F8000C07B012070B50C4E0546D52206F22A4171
:107F900028F07EFB2B6806F5856106F58D606B6029
:107FA0005C1A2960402CA8BF4024224633F0E0FA36
:107FB00086F8A84470BD00BFC07B0120F0B5BF4C5F
:107FC0008BB094F8A834DBB994F8B134234493F817
:107FD000AC54EF0700F1DA80AE0700F1918068073A
:107FE00066D42A071DD4EB060CD494F8B13494F867
:107FF000B8140133B3FBF1F201FB123384F8B1344E
:108000000BB0F0BDAE4BC8226846A3F13F0184F827
:108010002824CDE90013FFF71DFA6846FFF7B2FFE9
:10802000E3E7A74B0222A74E41F2C817A3F13D0197
:10803000684601930091316884F82A24A4F82874D2
:1080400024F002FB7168684624F0FEFAF2899E4F24
:10805000684602EBC20189003231A7FB0131C1F34E
:108060004F1124F007FB318A684601EB810149007A
:1080700089B224F0FFFA10F059F8944A0346684692
:108080009342A8BF134623EAE373A7FB03314909D0
:1080900001F57A7189B224F0EDFA009B327D6846D1
:1080A000591C00911A70FFF76DFFEB069DD5A9E7EB
:1080B000834BC8228649A3F13F06019391F82D30E6
:1080C0000096022B84F8282400F04781032B00F04F
:1080D000E680012B00F01A817E4B1B7813F0010320
:1080E00000F049817C4A1288D70740F14A812A234F
:1080F0007A4A02AF7A49384627F07EFE009E15E1A3
:108100006F4B40F6C820774A082101933D3BD27A55
:108110000093A4F8280484F82A14002A40F0B280BE
:10812000714A6E46714B118830460531A3FB01310F
:10813000C90824F09FFA6E4F30466E493B6881FBB8
:108140000321DB17C3EBA10189B224F093FABF68C6
:1081500011F01CF8009B02464FEA174C30465E1C9B
:10816000390A009683F800C0009B5E1C00961970C7
:10817000009B591C00911F70009B591C00911A70A4
:10818000FFF700FF68077FF52CAF91E75A4F04F522
:108190008D6604F22B4040F6C801B7F902301E226A
:1081A000A4F82814B3F5E16F84F82A24CDE9000679
:1081B00056DDA3F561631BB2B3F5E16FF9DC07EEA1
:1081C000903A9FED4E7A6E46F8EEE77A304667EECB
:1081D000877AFDEEE77A17EE903A99B224F04AFAE0
:1081E000B7F90030B3F5E16F41DDA3F561631BB270
:1081F000B3F5E16FF9DC07EE903A9FED407A304637
:10820000F8EEE77A67EE877AFDEEE77A17EE903AB6
:1082100099B224F02FFAB7F90430B3F5E16F2DDDF0
:10822000A3F561631BB2B3F5E16FF9DC07EE903A99
:108230009FED327A3046F8EEE77A67EE877AFDEE08
:10824000E77A17EE903A99B224F014FA3046FFF725
:1082500099FEAE077FF5C3AE52E703F561631BB22B
:1082600013F5E16FF9DBAAE703F561631BB213F5C0
:10827000E16FF9DBBFE703F561631BB213F5E16F53
:10828000F9DBD3E710F076FF184B411D6E46A3FBD8
:1082900001313046C1F3CF0124F0ECF94BE7D4F8BB
:1082A000B434002B63D0164B02AF164A1B68384615
:1082B0001268154927F0A0FD009E37E0C07B012021
:1082C00028800120783901201F85EB5120A107006B
:1082D000C83601209478012096780120841D050875
:1082E000DC1D05083C78012060780120CDCCCCCC89
:1082F00088780120676666662C3D012058A08B4176
:10830000207B01201C7B0120D01D05083B4B02AFC8
:10831000DFED3B7A93ED000A80FE270A31F080FD05
:1083200038490246384627F067FD009E701C00233E
:1083300021223946009068463370009B5F1C0097ED
:108340001A7024F051F9009B68469B1B3370FFF7AD
:1083500019FE2A077FF547AE63E62B4B02AF2B4988
:10836000B3F90020384627F047FD009EDEE702AF54
:108370008DF80830DAE7264A12683AB12023254AF8
:10838000B7E6500616D52A23234AB2E6234A1268D6
:10839000110608D5224A127802F00302032A02D0FD
:1083A0002023204AA5E6204A1288D60711D520238B
:1083B0001E4A9EE6960613D450071CD412F0020FF4
:1083C0001B491C4A08BF0A46002B14BF2A2320233E
:1083D0008FE6510607D4970608D52023164A88E66B
:1083E0002A23154A85E620230B4A82E65107E5D564
:1083F0002023124A7DE62A23104A7AE654250020DB
:1084000000000000BC1D0508187B0120C41D0508E4
:108410000C7B01209C1D0508A81D05084C39012076
:1084200039780120901D050896780120841D0508E3
:108430007C1D0508741D0508FC240508B41D0508ED
:10844000104B0A46014603F58D6070B593F8B944A8
:10845000151D82B07B2683F82B44C82483F8295449
:1084600003F22D4583F82A640190684683F8284476
:1084700083F82C44009524F0DDF86846FFF782FD70
:1084800002B070BDC07B0120F0B5454C85B00546FB
:1084900094F8BC34D9073BD594F8BD340F2B58D988
:1084A000002217463F4E40F6C82E94F8BC344FF0D9
:1084B000710CA6F1370184F830243B4AC3F38203E0
:1084C00002A80291C4F82824A6F13E01BA2284F839
:1084D0002F34A4F82CE484F82EC4039628F0D8F89E
:1084E0003F3E029A961B84F8296409F025FA02A8F7
:1084F000FFF748FD09F020FA94F8BC34C4F8C054E2
:1085000023F0030343EA470384F8BC3405B0F0BD0D
:108510009A0726D5D4F8C0042D1AB5F57A6FF5DB85
:1085200094F8BD340F2B39D8204A02EB8303196F1E
:10853000D4F8C40401911BF077FF019906202FF0B5
:108540002BFF94F8BC346FF3410384F8BC3405B0BE
:10855000F0BD174B93F82C301F1E18BF01273A4669
:10856000A0E7144B1B685B05D0D4114B93F82C305B
:10857000002BCBD004F58D6104F22942C82302A858
:10858000CDE9022184F82834FEF764FF09F0D4F91C
:1085900002A8FFF7F7FC09F0CFF9B7E70649C7E7EC
:1085A000C07B012028800120C80032EC64CD040883
:1085B000C83601204C390120A06806000068430637
:1085C00007D510F4057F04D007298CBF00200120B7
:1085D000704700F48250B0F5825F08BF07290CBFD6
:1085E00001200020704700BFF0B5B84C85B094F86A
:1085F000C834012B00F04D8194F8D504FEF7ACFF90
:1086000094F8D634054683421FD0002800F0D78066
:10861000D4F8A033CBB1AE4D032193F9040000236D
:108620006D794FF49642019108219D4200921A46BD
:1086300018BF0D46029518F024FDC4F89C0320B124
:10864000FFF728FB012384F8D63494F8D734012BA4
:1086500000F0C280D4F8E0643EB19E4B30465978B9
:10866000FFF7ACFF002840F0F38094F8E504FEF734
:1086700073FF94F8E4340546834221D0002800F0CB
:10868000F780EEB1337A002B00F01981924A02EBA9
:108690008303196F8E4D0023022296F904002D7971
:1086A00000911021ED1A01921A4618BF012502957A
:1086B00018F0E7FC894B186010B1012384F8E4340A
:1086C000D4F8E8643EB1834B30465978FFF776FF23
:1086D000002840F0AD8094F8F404FEF73DFF94F8D4
:1086E000EC340546834222D0002800F0C980F6B160
:1086F000337A002B00F0E680774A02EB8303196F90
:10870000734D0023022296F904002D7900914FF455
:108710000071ED1A01921A4618BF0125029518F052
:10872000B0FCC4F8F00410B1012384F8EC3494F8E0
:10873000F504FEF711FF94F8F6340546834232D073
:10874000002832D0664B4FF47A72D4F8F864D3F82C
:1087500040341A613EB34FF480524021304618F045
:108760001FFC0546F8B95A4B4FF4E13296F9040064
:10877000032719792B4600922A46002901974FF4C6
:10878000805114BF09260826029618F07AFCC4F816
:10879000FC0440B153490123534A84F80055086052
:1087A000157084F8F63405B0F0BDD4F8FC0418F068
:1087B000E2FBC4F8FC5484F8F65405B0F0BDD4F8DC
:1087C0009C0318F0D8FB94F8D734C4F89C53012BC1
:1087D00084F8D6547FF43EAF94F8D804FEF7BCFE7C
:1087E0000546002800F08480404D2B68002B7FF464
:1087F00031AFD4F8DC24002A3FF42CAF34490326EF
:1088000092F904004F790A794FF46141002F0196E3
:1088100000914FF0200114BF08260026002A08BF4F
:1088200046F001061A46029618F02BFC286011E764
:1088300094F8EC34002B7FF47AAFD4F8D034002BCA
:108840003FF475AF0122C4F8F03484F8EC246EE7ED
:1088500094F8E434002B7FF433AFD4F8D034002BF9
:108860003FF42EAF1D4901220B6084F8E42427E772
:108870001A4E306818F07FFB356084F8E4541FE727
:10888000D4F8F00418F077FBC4F8F05484F8EC54F2
:108890004DE7104BD4F8CC6459783046FFF78EFE84
:1088A000054670B3D4F8E832002B7FF4A5AED4F8B7
:1088B000D034002B3FF4A0AEC4F8E8329CE64FF46D
:1088C0009641E7E64FF461411AE700BFC07B012003
:1088D0003C780120A436012064CD0408007B0120EF
:1088E000E42F0120D4780120AC780120247B0120E2
:1088F0001A4E306800283FF4ADAE18F03CFB3560EE
:10890000A8E694F8D404FEF727FE0746E0B1D4F8B1
:10891000E832002B7FF470AE002E3FF46DAE1049AC
:10892000022296F904004FF416530E7904210192A5
:108930002A46B6FA86F600932B467609029618F078
:10894000A0FBC4F8E80257E6D4F8E80200283FF498
:1089500053AE18F010FBC4F8E8724DE6247B0120FA
:108960003C780120F8B5C14C94F8C834002B00F0D5
:108970004F81082018F028FBC4F8A00310B3082189
:108980007D2518F017FB03462B220021B84884F8F8
:10899000D53433F04FFD48F67C60E0232B220021D4
:1089A000A4F80405B34884F8073584F82F5533F04C
:1089B00041FD48F67C22A02384F85B55A4F83025BD
:1089C00084F8333594F8D734002B00F00B81102055
:1089D000A94D18F0F9FA1021C4F8E00418F0EAFAE9
:1089E000A64B40F23B1184F8E5043A2019809F2100
:1089F00018714AF21E40997100216A7A98601973C1
:108A0000002A40F0D780AB7A002B60D19C4E3368AF
:108A1000580700F1C880990700F1BE801A0700F1DD
:108A2000B480984F3868C0F3C010FFF7EFF800200B
:108A3000FFF7D2F803464FF4007084F8983318F02B
:108A4000C3FA4FF40071C4F8E80418F0B3FAD4F88C
:108A50005C3584F8F404002B14BF0123002384F850
:108A6000603568D1D4F8C434002B14BF012300232F
:108A700084F8693532D10023D4F8D025C4F8CC3538
:108A8000002A00F0A680012284F8AB3384F8D425B4
:108A90004FF48050002618F097FA4FF48051C4F834
:108AA000F80418F087FA7849D4F8DC3501F5A07598
:108AB000764A84F8F504581C5560754D84F8F664C0
:108AC0002B60C4F8DC051160BDE8F8408CE5D4F8F3
:108AD000943343F00403C4F8943397E733680022D7
:108AE0006C4913F0020384F86A2584F86B2540F082
:108AF000DD806A7A1AB10A6AD60700F1B080AA7AD4
:108B0000002A40F0A7800A6A100704D5E118042063
:108B1000013381F8AC043968090600F1E4805E4A4B
:108B200010211344053203F8011B9342FBD10523A6
:108B300084F8B8349FE76B7A23B156490B6ADB0798
:108B400000F18480AB7A002B7AD13A68100600F1EC
:108B5000B680326851070BD54E49096A480507D5DA
:108B6000E2180821013382F8641584F8683579E742
:108B7000110703D54749096A8805F1D41105F4D5D1
:108B800044490A6A1205F0D5EAE7D4F8943343F46D
:108B90008073C4F8943344E7D4F894133F4A0A43EB
:108BA000C4F894233AE7D4F8942342F40272C4F848
:108BB000942330E7D4F89433AA7A43F00201C4F83E
:108BC0009413002A3FF422AF43F03603C4F89433E1
:108BD0001CE7D4F8D83573B3012384F8D43584F86E
:108BE000AB3355E7202018F0EFF9C4F8DC04002877
:108BF0003FF4EDAE202118F0DDF9294B294A84F825
:108C0000D8041A60FDF7C6F9012384F8D734DEE6EC
:108C1000042018F0D9F9C4F8CC0400283FF4A9AE18
:108C2000042118F0C7F9204A012384F8D4042260F3
:108C300084F8C8349DE684F8D43584F8AB3327E74C
:108C400014490B6A13F006033FF47FAF012384F845
:108C500064357AE70A6A12F0060F3FF454AFE2185F
:108C60000220013382F8AC044DE700BFC07B012035
:108C7000C4800120F0800120687801209039012013
:108C8000BC7701204C390120E8780120D8780120F8
:108C9000F00501203C7801206C800120C0003800E4
:108CA000C077012039630108496C01080B6A13F48D
:108CB00060733FF41EAF012384F8AC3419E70F4909
:108CC0000A6A12F4A05F04D0E1180220013381F88F
:108CD000640512F4085F3FF43CAFE218042101334D
:108CE00082F8641535E712F4585F3FF418AFE218C4
:108CF0000821013382F8AC1411E700BF3C78012051
:108D00000F2A13D803280ED805290FD800EB4003EB
:108D1000012010B40E4C04EB4303194481F8802168
:108D20005DF8044B7047042809D009B10020704752
:108D30000528FBD1064B012083F8A32170470A299F
:108D4000F4D8034B0120194481F89821704700BFE3
:108D5000C07B01202DE9F041204B00F140070025A8
:108D60000C461F4E03EB87080DE0A8F84000204694
:108D70002C2133F071FC0446C8B1013501340120C7
:108D8000022D1DDC10B3204623F0B2FB36F8023B67
:108D900083421BDB012D16D0022DE6D188F843005B
:108DA0002C21204633F058FC04460028E5D1A5F1DB
:108DB00002000135B0FA80F0022D4FEA5010E1DDDB
:108DC00020B1BDE8F08188F84200D0E70023054AD1
:108DD000184642F82730BDE8F08100BFC07B012073
:108DE00014CE0408007C0120002281492DE9F843BB
:108DF0000846164613460AE0062F03F1010308BF92
:108E00000136A40448BF0132202B00F0CB80F0E8EB
:108E1000024554EA050CC4F30327EDD1754CF5B2B5
:108E20007548012665762376A276C4F8CC32C673DF
:108E3000002B00F0C28000204FF00F0E8C46F14650
:108E400006460746DCF8002001370CF1080CC2F397
:108E5000031802F00F024645B8BF4646C145A8BFF9
:108E6000C1469042B8BF10469645A8BF96469F425D
:108E7000E8DB4E457ADD4E4470454FEA660206F166
:108E8000FF3602F1010246F3470652B284F87962D6
:108E900084F8782272DD704446100138013640F3C0
:108EA000470076B205EBC50284F8760284F8776253
:108EB00005EB420202EBC202C2F3460040EAC212D4
:108EC000D2B22A2A2DD80622E27601EBC3030A4643
:108ED00001E0934255D0106808324503F9D50025CA
:108EE0000A4601E093424ED0106808320003F9D5DB
:108EF0000A4601E0934249D0106808324704F9D588
:108F00000A4601E0934244D0106808328604F9D53D
:108F10000A4601E093423FD010680832800314D41F
:108F2000F8E7062D2A4608D9EF0706D401E0D60750
:108F300002D45210062AFADCD5B2E576002BC4D151
:108F400040F22F2506E08B4229D00A680831D2036F
:108F5000F9D5ADB2202200212848A4F8E05533F01D
:108F600069FA6369C4F84833BDE8F8830626072226
:108F7000704584F8796284F878228CDC0620072614
:108F800090E70125ACE745F00205B1E745F004059F
:108F9000B6E745F00805BBE745F40075D5E745F0B1
:108FA0002005D6E7134CF5B21348012665762376E3
:108FB000A276C4F8CC32C6733DE705EBC5020720A4
:108FC000062605EB420284F8780284F8770202EB69
:108FD000C20284F8796284F87662C2F3460040EAFD
:108FE000C212D2B22A2A9CD840F22F25E676B1E7E7
:108FF000007C0120C07B012004060120DC7B0120D5
:10900000814A00232DE9F04FC7008BB00C4602EBDC
:10901000C00142F830301D464B609B469946029392
:1090200005971F4603932C2004934FF03008774E8A
:109030004FF0010AE9B2CDE900332378002B5BD071
:109040000DF11C0E0022F44605E00CF8013B14F86B
:10905000013F002B51D0834200F0B9800A2A02F16F
:109060000102F2D100238DF82630AEF800804B1EAD
:10907000062B00F2C380DFE803F09B7F5D544C3188
:10908000040000230A2207A8194623F099F90F28A3
:1090900000F2A4804205009B019D03F00F00049B99
:1090A0005B4940EA0550059D1C01029B40EA0969A5
:1090B0000398E4B2294449EA0B2B5B044BEA0737D7
:1090C00043EA400327431343FD170F642B434B64CC
:1090D000FFF78AFE01200BB0BDE8F08F00230A22C3
:1090E00007A8194623F06CF902900135237816F889
:1090F000010BE9B2002BA3D11A460AAB1A44002394
:1091000002F80C3C002867D0032973D90DF11C0E1E
:10911000ABE700230A2207A8194623F051F9039070
:10912000E3E707A823F0E4F903460F28C8BF0023AC
:109130000193DAE79DF81C20002AD6D007A8DFF8B3
:10914000D4C00023432101E01CF8011B8A423CD01B
:109150000133072BF8D1DFF8C0C00023542101E010
:109160001CF8011B8A4228D00133082BF8D110F8D3
:10917000012F002AE3D1B8E79DF81C30002BB4D0B2
:1091800007AA0DE0452B2BD0532B2BD0572B2BD0E0
:10919000552B2BD0442B2BD012F8013F002BA4D001
:1091A0004E2BEFD100230AFA03F349EA0309F3E750
:1091B00007A823F09DF9009097E70AFA03F310F847
:1091C000012F1F43002ABAD18FE79B46C3E70AABA2
:1091D0001A44002302F80C3C013448E700225AE705
:1091E0000123E0E70B46DEE70323DCE70423DAE7AD
:1091F0000523D8E718460BB0BDE8F08F07A823F089
:1092000077F9049071E700BF007C0120891F0508F1
:10921000C07B0120F11C0508E51C050838B5064C8B
:10922000FFF7E2FD41F2A80200216579034833F01F
:1092300001F984F8E25538BDC07B01200C2B0020D9
:10924000024A137843F006031370704739780120FF
:109250002DE9F04FB04C93B0C5B294F8203383B1F0
:10926000012B56D194F8B036082B52D8DFE813F012
:10927000D301CC010702F601BB019B017B016A010E
:10928000DD01A5F10A03222B7FD8DFE803F08C7EF5
:109290007E8C7E7E7E7E7E7E7E7E7E7E7E7E7E7EE0
:1092A0007E7E7E7E7E7E7E7EB47E7E7E7E7E457EE1
:1092B00045009A4A6721137884F8941613F0020344
:1092C00000F07285964B0021D4F8E805D4F8EC55EF
:1092D000186094F8F0055D601875D4F8F455B4F88A
:1092E000FA059D60588284F8901694F8C432052BD4
:1092F00000F0AC8294F8BF38127883F0010384F850
:10930000BF38930705D5864B1B7D042B01D9FEF78B
:1093100003FA13B0BDE8F08F824A002094F8E435D8
:1093200094F8E365D054002E40F0CF807E4B116856
:1093300084F8E665994200F069827C4B1168994295
:1093400000F078827A4B1168994200F01E85794BC3
:109350001168994200F02C85774B1168994205D12C
:109360009388562B02D1032384F8E6350136002377
:109370002A2D84F8E36584F8E43500F0888194F8B8
:10938000E5355D4084F8E555C3E794F8E4350E2BE8
:1093900004D8591C634A84F8E415D55494F89036DF
:1093A000002BB6D1EBE794F89036002B00F08980C3
:1093B000624901F1140313F8012D99425A70FAD150
:1093C000584A1378402B40F2C781373B1B01DBB270
:1093D0005278402A8CBF373A303AD2B2134494F8CC
:1093E000E525DBB29A420ED03F22002384F8942672
:1093F00084F890368DE7002384F8E33584F8E4356B
:1094000084F8E53585E7D4F8AC36212194F8E625D3
:10941000013384F89416012AC4F8AC363FF449AFFE
:10942000022A4ED13E4B7220B4F8FC25B4F8F81550
:109430001A82D98184F89406D4E9C023134340D119
:10944000D4F80426EAB3D4F80036D3B3642142F248
:1094500010753B4EB2FBF1FEB2FBF5F001FB1E2294
:1094600002F5FA62B3FBF1F7B3FBF6F6B3FBF5F5E1
:10947000BEFBF1FC0B40ADF8042001FB1CEC03EB40
:1094800083038DF806C05B00B0FBF1F201FB120212
:1094900001A8ADF80C308DF80720B7FBF1FCB5FB47
:1094A000F1F2B6FBF1F301FB1C7701FB125501FB56
:1094B00013618DF80A708DF809508DF8081022F0AC
:1094C00095FE002384F8903623E794F8E635032BC5
:1094D00000F0E1803FF64AAF012B00F04181022B02
:1094E0007FF444AF731E082B3FF640AF01A252F841
:1094F00023F000BF499701086D9301086D9301089F
:109500006D9301086D9301086D9301082997010877
:109510001997010809970108C07B012039780120BB
:10952000783901205039012047504747474E474777
:109530004750524D474E524D475047535482012099
:1095400040420F0094F8B2360822AB4284F8B026AD
:109550003FF4DFAED4F8AC320122134484F8B126D4
:10956000C4F8AC32D5E694F8B22694F8B3162A447F
:10957000B4F8B836D2B2B3F5007F114484F8B226FD
:1095800084F8B31602D2E21882F8BC560133B4F85C
:10959000B6269BB29A42A4F8B8363FF6BAAE072375
:1095A00084F8B036B5E694F8B2260621B4F8B6369B
:1095B000154494F8B32603EB002084F8B016EDB2FE
:1095C00080B2AB1884F8B256B0F5007FA4F8B606A6
:1095D00084F8B33640F213810122002384F8B126C7
:1095E000A4F8B83695E694F8B2360522A4F8B60683
:1095F0001D4494F8B33684F8B026EDB22B4484F8B9
:10960000B25684F8B33684E6622814BF00230223DE
:1096100084F8B0367DE6B5287FF47BAE00220123C6
:1096200084F8B12684F8B03673E6D44B0022A3F157
:10963000140184F8B02613F8012D8B425A70FAD128
:1096400094F8B336AB4200F0E980D4F8AC323F2254
:10965000013384F89426C4F8AC325AE694F8B23652
:10966000042194F8B3262B4484F8B45684F8B01639
:10967000DBB21A4484F8B23684F8B32649E60323F1
:1096800084F8B25684F8B35684F8B03641E6012324
:1096900084F890363DE6022E00F0D180032E09D1E9
:1096A000F3F752FEC3B2102B84F8093600F276832A
:1096B00094F8E365032E7FF659AE331F94F80876CD
:1096C000C3F3870303EB8707033FFFB2102F3FF677
:1096D0004DAEF21EA2EB8303DBB2012B00F06D83D3
:1096E000042B0BD10020F3F72FFE7B1E002294F8F1
:1096F000E365234483F84C0683F86C26D4F88C3653
:109700000133C4F88C3631E60020F3F71DFE94F8DF
:10971000E365C4F8040629E60120F3F715FE94F882
:10972000E365A4F8FC0521E60120F3F70DFE41F204
:109730001843934A03FB00F394F8E365A2FB032369
:109740009B09A4F8F83511E60220F3F7FDFD94F823
:10975000E365C4F8000609E61B0103F0F00337E6F1
:10976000B31E072B3FF602AEDFE803F0443A352B79
:10977000241C0F040120F3F7E7FD94F8E36500EBE8
:1097800080004000C4F8F405F0E50120F3F7DCFDAB
:1097900094F8E36500EB800000EB80008300A4F800
:1097A000FA35E3E50020F3F7CFFD94F8E36584F89C
:1097B000F005DBE51378302B40F20C83FFF740FD1A
:1097C000D4E51378572B7FF4D1ADD4F8EC355B4258
:1097D000C4F8EC35CAE5F3F793F8C4F8EC05C5E531
:1097E0001378532B7FF4C2ADD4F8E8355B42C4F84C
:1097F000E835BBE5F3F784F8C4F8E805B6E50023DF
:10980000A4F8B83600283FF4CAAE82E59388412B0D
:109810007FF493AD012384F8E635A7E5D4F8AC36A0
:1098200094F8B1560133C4F8AC36EDB13E2384F858
:1098300094366EE59388412B7FF484ADEAE7F3F725
:1098400083FD94F8E36584F8080633E74D494E48F4
:109850000B68056843F02003D4F8B402C4F8B4528E
:109860000B60C4F8B80245E5212294F8B43684F8B8
:1098700094263E2B3FF64DAD01A252F823F000BFD7
:10988000FD9A0108F7990108AD9C0108839C010825
:109890001393010813930108F99C0108139A010816
:1098A00013930108139301081393010813930108FC
:1098B00013930108139301081393010813930108EC
:1098C0001393010813930108AF9B01081393010838
:1098D00013930108139301081393010813930108CC
:1098E00013930108139301081393010813930108BC
:1098F00013930108139301081393010813930108AC
:10990000139301081393010813930108139301089B
:10991000139301081393010813930108139301088B
:10992000139301081393010813930108139301087B
:10993000139301081393010813930108139301086B
:109940001D9B010813930108139301081393010849
:1099500013930108E39B0108139301081393010873
:10996000139301081393010813930108139301083B
:1099700013930108139301088D990108688201204F
:10998000D34D6210BC770120301D012094F8BF3602
:10999000012B04D994F8C826012A00F05182D4F88A
:1099A000BC26D04922F0FF028A4200F07F82DB0011
:1099B000CD490DF10A001E1D324631F0D9FDB11D11
:1099C000CA4BF6B201A801F0FE010193ADF80860A0
:1099D000FDF742F994F8BD38002B3FF49AAC94F8A7
:1099E000BE38002B3FF495AC0023C14A84F8BD3843
:1099F00084F8BE3879E494F8C832012BEAD194F89F
:109A0000BD2694F8C6329A42E4D1022384F8C832C3
:109A1000E0E74F2294F8D13684F89426DA0704D58B
:109A200094F8D036032B00F0E781B14A0A25D4F828
:109A3000E0360020117884F8BC0821F00201AD481E
:109A400093FBF5F31170D4F8D456D4F8D826C0E9B6
:109A5000015302600A21D4F8F436D4F8F82642F211
:109A6000107593FBF1F392FBF1F207EE903A07EEDB
:109A7000102AD4F8FC36F8EEE77AC281B8EEC77A3D
:109A8000012294F8D31667EEA77A84F8BD2884F8EB
:109A9000BE28B4F80827E7EE077A0175428293FBE7
:109AA000F5F3B1EEE77A0382D4E9C0231343BCEEA9
:109AB000C77A17EE101A818196D194F8C73603F051
:109AC0000303032B90D1D4F8CC3694F8C606D4F80F
:109AD000C016002BB4F8C4268DF80A000191ADF829
:109AE000082040F313824FF47A7293FBF2F39BB297
:109AF00001A8ADF80C3022F079FB6BE794F8C8327E
:109B0000012B7FF467AF94F8BD2694F8C6329A42D1
:109B10007FF460AF032384F8C8325BE794F8C03663
:109B20004922102B84F8942684F8093640F27D816E
:109B3000102384F809366C4E0027A6F1B002A6F176
:109B40009005A6F15000A6F170019146A846864600
:109B50008C4696F808B0013796F809A009F801BBC1
:109B60009F4296F80BB008F801AB16F80CAF0EF850
:109B700001BB0CF801ABECD3102B12D0013B00263B
:109B8000EF18C518C8181344194607F8016F05F8EF
:109B9000016F023100F8016F03F8016F891A0F2974
:109BA000F2D9D4F88C360133C4F88C3612E756213A
:109BB000D4F8D42642F210704E4BD4F8CC5684F828
:109BC000941601219D8184F8BE18D4F8D05694F8DB
:109BD000BD18DD8192FBF0F21A8200293FF499ABA7
:109BE00002E794F8C1364922202B84F8942684F8A1
:109BF000093640F2F680202384F809363A4E0027D1
:109C0000A6F1B002A6F19005A6F17001A6F15000F0
:109C10009146A8468E46844696F808B0013796F8D5
:109C200009A00C3609F801BB9F4216F802BC08F8DF
:109C300001ABD6F804A00EF801BB0CF801ABEBD3D6
:109C4000202B15D0013B4FF0FF0E4FF0000C1D44B0
:109C50001844194413441E4605F801CF00F801CFFB
:109C6000023601F801CF03F801EFB61A1F2EF2D920
:109C7000D4F88C362022013384F80926C4F88C36B7
:109C8000A8E694F8C1365322DD0784F8942604D55B
:109C900094F8C036032B00F00581154A0021137893
:109CA00084F8BC1823F00203137093E6D4F8CC2692
:109CB0000A20104B5025D4F8C01684F894565960E9
:109CC000D4F8C45694F8BC181D6092FBF0F29A6068
:109CD000002900F0A480FFF7B3FA012384F8BD380F
:109CE0007DE600BF002020077C820120B562063E91
:109CF000397801207839012094F8C7164F23C80716
:109D000084F8943604D594F8C636032B00F0C88046
:109D10007F4A137823F0020313707E4BB4F8E826D1
:109D200094F8EB065A82187584F8BC58D4E9C0231D
:109D300013437FF44FAE01F00C010C297FF44AAEBF
:109D40007548B4F9C486DFF8ECC1A8FB00234FEADC
:109D5000E879D4F8C01600FB0933D4F8BC066F4D7F
:109D600012184FF0490091FBFCF143F10003521827
:109D700043EBE1736A4956190A6843EB0007B61AC8
:109D800067F10007C4E9C06724E69388432B7FF49A
:109D9000DEAA022384F8E635FFF7E8BA102394F828
:109DA000E36584F8093685E484F89036FFF79DBAB8
:109DB0009388432B7FF4D0AAEBE707F1FF3800200C
:109DC000A04488F80C76F3F7BFFA94F8E36588F8B6
:109DD0002C0693E44E4A137823F002031370FFF726
:109DE000C5BA002B7FF40AAF4E4A02F1200502F1FA
:109DF000600002F1400125E7D4F8E0360A21454829
:109E00000125D4F8D42684F8BC584260D4F8D8266A
:109E100093FBF1F302608360FFF712FA1AE63C4A03
:109E2000137823F00203137057E7002B7FF483AEFF
:109E30003C4A02F1200502F1600002F140019DE67A
:109E4000D4F8BC26DB00384922F0FF02D4F8CC76E7
:109E50008A4207F001073FD01E1D34490DF10A0068
:109E6000324631F085FB002F3FF4A9AD94F8213341
:109E7000052B7FF4A4ADDDF81A3023F00103CDF8F3
:109E80001A30002D3FF49BAD94F82433002B3FF49F
:109E900096ADDDF8223043F00103CDF822308EE597
:109EA00001253AE7012384F8BC3893E5D4F8D0269D
:109EB0001F4922F07F428A427FF479ADDB00D4F85B
:109EC000D4261A490DF10A001E1DD543324605F06D
:109ED000010531F04DFBD4E7D4F8D026144922F027
:109EE0007F428A42B8D1D4F8D4261E1D0F490DF105
:109EF0000A00D543324605F0010531F039FB002F49
:109F0000BFD094F82133052BBBD1B4E70023EFE594
:109F1000397801207839012000840C24B0F5F790BD
:109F2000301D0120CC810120002020077C820120EF
:109F30000204080040420F00FFF78AB92DE9F04300
:109F4000BC4C93B00546D4F8EC3294F8C4627BB9AB
:109F500096E01CF017F8431B1E2B00F38380D4F807
:109F6000EC021DF027FE80B2FFF772F9D4F8EC3254
:109F700018461DF027FE0028EBD1AF4B42F21071BE
:109F800094F8C4221B68AD4F1B681961531E052B42
:109F900035D8DFE813F0750134007501750106004E
:109FA000C501A74B40F6C412D4F8B4121B685B1A63
:109FB000934200F29B8294F82233012B1FD1D4F8F4
:109FC000BC02012800F07584022800F05884B0B962
:109FD0009C4B1B6813F4803311D194F8CA22002AD9
:109FE00000F04985984A09218DF80C3001A8974B5B
:109FF00001920293FCF730FE0123C4F8BC322644E0
:10A000001BF0C0FF401B96F8C038834294F8C4325E
:10A01000234438BF86F8C00893F8C00832F0C8FB64
:10A020008B4B1B689A0600F1F2808A4E94F8262327
:10A03000337803F00103134303D13B7823F001038A
:10A040003B700EF095F9054618BB05223B7813F0DE
:10A05000020310D094F8C432052B00F0DC8113B059
:10A06000BDE8F083744B4FF47A721B681B681A6169
:10A0700013B0BDE8F08384F8A43913B0BDE8F083D1
:10A0800094F8BF8818F0020F40F0D68132466B4F2B
:10A090007CE7714B1B8813F0400300F0628194F859
:10A0A000CC38002B00F05D8394F8833284F80439B7
:10A0B0000EF03CF894F8C432C4F8D408A3F10503B8
:10A0C000B3FA83F35B0984F8F4381BF05BFF94F870
:10A0D0004033002B56D0614AD4F8D418D2ED127A0E
:10A0E000D2ED146A67EEA77AD4F80C3992ED135AC0
:10A0F000CB1ADFED5B5AE6EEA67A92ED004A07EE48
:10A10000103AD4F80839DFED576AC31AB8EEC77AA7
:10A11000554A06EE103A554BE5EE057ADFF85CC17C
:10A1200027EE257AD3ED094AB8EE466ADFED505A9C
:10A13000D3ED073ABCF800C087EE065AC4F80C19F4
:10A14000C4F80809D189107DB4F81C23B1EEE77A70
:10A15000A4F8D8C884F8E008A4F8DE18A4F8DC282D
:10A1600025EE266A83ED065AA3EEA56A67EE047A09
:10A1700067EEA66AC3ED087A83ED076AE4EEA56A86
:10A18000C3ED096A1BF0FEFE94F8C432052B40F0C3
:10A1900065813B7813F0010228D0D4F810293549A5
:10A1A000821A8A4240F2E58213F00202C4F81009D2
:10A1B00040F0A3812C4B94F834191B7D84F814597A
:10A1C0008B4234BF01214FF0FF3194F916390B4413
:10A1D000022B1946A8BF0221012B21EAE17184F864
:10A1E000161900F3A282002384F8153994F8CC38AC
:10A1F00084F80529072B00F20381DFE813F08D02B4
:10A200000302CA01AE01B5008C0181018801D4F8B6
:10A21000C838EB1A002BFFF608AF134B1B7D042B3D
:10A220007FF603AF144B01202B44C4F8C8381DF04F
:10A2300027FDFAE6C07B012070220020397801203A
:10A24000301D01200C7B0120B562060103000135A1
:10A25000BC7701209478012096780120FC2400200E
:10A2600000247449CDCC4C3E783901208C840120E7
:10A27000CDCC4C3F3F420F00F04902003A7801201C
:10A2800094F82033002B00F0EE80012B7FF4B7AE62
:10A29000D4F8EC021DF08AFC00283FF4B0AE94F82C
:10A2A000C432032B00F04883042B00F01583012BEC
:10A2B0007FF4A5AEC64AD4F8C032D2F80080A8EB2D
:10A2C0000303C72B7FF69BAED4F8BC22042A00F20E
:10A2D0004482C04902EB4202D4F8EC02002301EBB5
:10A2E000820201F1700ED0F808909C4692F8B920D5
:10A2F000C4F8C08201E05EF804CFE1455FFA83F85C
:10A3000003F1010303D0102BF5D14FF000084245B3
:10A3100000F0D78301EB8202116F1AF085F86EE628
:10A32000D4F8B03294F823230133C4F8B0326AB1C0
:10A3300094F8C532A84A0133DBB2A2FB031202F043
:10A34000FC0101EB92029B1A84F8C5323B78002194
:10A35000A24A012023F0020311753B70FCF730FC88
:10A360004DE684F8CC389FE6B4F8D828B4F83E39E6
:10A3700093420BD3B4F83C096423D4F8D41803FBFC
:10A3800000F3994202DC052384F8CC38944B07EEA5
:10A39000102A9FED946AC82AF3EC015AB8EEC77AE6
:10A3A000DFED916AD3ED007AE7EE257A67EE867AE3
:10A3B000C7FEA67AFDEEE77A17EE903A40F2548295
:10A3C000D4F89429632BD4F8F81840F3CC828B424C
:10A3D000A8BF0B46632AC4F8F838D4F8FC3840F319
:10A3E000C0829A42A8BF1A4601200A21B4F818393F
:10A3F000C4F8FC2884F8020984F8001984F80139AB
:10A400000DF032FC94F8CC3853BB002394F8342977
:10A4100084F840331AE6714B1B7D9342FFF41FAE64
:10A4200094F8A439002B7FF41AAE0D2016F024FF07
:10A43000012384F8A43912E66C4F0520FCF7C0FB19
:10A440003B789A0703D5654B1B7D042B52D828F027
:10A45000020894F8C42284F8BF8897E50022C5E674
:10A460000DF09EFCD1E7012A00F06481032A7FF4FD
:10A47000C6AD574AD4F8C0321268D31AB3F57A7F02
:10A48000FFF4BDADD4F8BC32C4F8C022002B00F0FC
:10A49000B382012B40F2DE820520FCF791FBAEE592
:10A4A00094F82133052B04D094F82433002B00F0CA
:10A4B000FB834F4A0023062101A8ADF80830019222
:10A4C000FCF7CAFB94F8C832022B00F0ED82032B94
:10A4D00000F0DD82012B7FF492AD94F8C732013396
:10A4E000DBB2192B84F8C7327FF489AD0620FCF764
:10A4F00067FB84E5FDF710F9A9E72A46002559E630
:10A500004FF0007017F052F807200EF039F90023D1
:10A5100084F8CC3874E7D4F8D438632B354BCCBFEF
:10A52000B7EE087A9FED347AD3ED097A67EE877A31
:10A5300093ED087AB4EEE77AF1EE10FA00F31582A3
:10A5400000234FF470610122C4F8F838C4F8FC38D5
:10A55000A4F8001984F8022952E7B4F8D828B4F80E
:10A5600098399A4202D8042384F8CC38B4F81E39BA
:10A570000121D4F848090F22C4F8FC38B4F818397E
:10A58000C4F8F80884F8021984F8002984F801391D
:10A5900036E7D4F8D408D4F84819D4F8F8381B1A98
:10A5A000002BB8BF5B42B3F57A7F02DA032384F84D
:10A5B000CC384FF4FA7040F60A720123C4F8F81848
:10A5C000C4F8FC08A4F8002984F8023918E700BF91
:10A5D000301D012064CD0408CDCCCCCC78390120CD
:10A5E0005C8501200000C84200000000397801208D
:10A5F000B562063E8C8401209A99993F0AD7A33907
:10A60000CDCCCC3DB4F884391BB9B4F82C39A4F8BE
:10A610008439B4F820391FED076A06EE903AB4F891
:10A6200024395FED095A07EE103AB4F82239F8EEF2
:10A63000E66A3A7807EE903AB8EEC77AE14BF8EE60
:10A64000E77A66EE866A27EE067A67EEA57AC3EDAC
:10A65000006A83ED027AC3ED017AD30740F190815D
:10A66000B4F8D838B4F836299A4207D9052194F8B5
:10A67000042984F8CD18002A40F0E281B4F81C299E
:10A68000B4F81E199A42C4F8941900F2E7801346F0
:10A6900094F84019A4F89829012900F0878102292B
:10A6A00000F07681B4F81A29B4F8461907EE902A1A
:10A6B000D4F8D068642217EE900A02FB016102FB15
:10A6C00000F5D4F8D408A942B8BF2946C4F84819FF
:10A6D000B4F83C29B8EE677A06EE903AF8EEE77ADD
:10A6E00006EE102AB4F83E29F8EEE66AB64DB8EE4A
:10A6F000C66A9A1A022337EE466A07EE102A84F8D1
:10A70000CC38B8EEC77AC6EE075AE5EEE67AE5EC45
:10A71000015AC5ED007A40E7337813F0010332D1D6
:10A72000C4F8D038A4F8DA386AE60123002284F8A5
:10A7300015395BE5A54AD4F8C0321268D31AB3F5CF
:10A740007A7FFFF45CACD4F8BC32C4F8C022002B92
:10A7500000F06981012B40F289810320FCF730FA77
:10A760004DE4012384F8CC380DF01AFB0DF07CFA8F
:10A770009AE494F81439002B7FF470AE94F81529FC
:10A7800082F0010232E5D4F8D438B6EE007AD4F87B
:10A79000D00800258E4AB4F8D8189842D2ED047A31
:10A7A000B4F8DA28B8BF1846FCEEE77AC4F8505976
:10A7B0009142C4F8D008C4F84C5938BF1146854AB4
:10A7C00017EE903AD2ED086A9BB2A4F8DA18F4EECC
:10A7D000476AA4F85439F1EE10FA7FF711AEDFEDB5
:10A7E0007E7AF4EE676AF1EE10FA7FF509AED4F8DE
:10A7F0007C59DFED7A7A07EE105AB8EE477AB4EE5C
:10A80000677AF1EE10FA7FF5FBAD40F22E418B42F4
:10A810007FF6F6ADA3F57A73DFED717A07EE103AA5
:10A82000B8EEC77AE7EE267AFCEEE77A17EE903AB2
:10A830009BB207EE903A002D40F06381F8EE677A04
:10A8400002F128030125B0EE670AC3ED007A2FF06C
:10A85000E7FAC4F87C59A4F88409D1E5053B1E2B1E
:10A86000B8BF1E239AB213E7B4F81E095D4902FB74
:10A8700000F2A1FB02129209C4F89429A2E55A4BF6
:10A880001B68D9037FF5BBAB94F8CA325748002B3D
:10A8900000F0EE800523564A0190092101A88DF8A9
:10A8A0000C300292FCF7D8F90023C4F8BC32FFF751
:10A8B000A6BB3B789B0705D594F82583B8F1020F1A
:10A8C00000F01A81484B1B68D8037FF598AB022330
:10A8D000C4F8BC32FFF793BB94F82233002B3FF44B
:10A8E000DBAD94F8C832002B7FF4EEADD4F8BC3267
:10A8F0000E2B3FF684AB01A252F823F027AB0108E0
:10A9000061AB010845AB010881AB010879AB0108D7
:10A9100071AB010869AB0108C9AB0108B9AB01080B
:10A9200099AB010889AB010801AC0108E5AB01084E
:10A9300011AC0108A1A4010894F8C5322D4A03EB1B
:10A940004303D4F8EC0202EB830393F8B93002EB33
:10A950008302116F19F068FD0420FCF731F9FFF74D
:10A960004EBB642240E5642334E54FF0007016F0DE
:10A970001DFE07200DF004FF072384F8CC38DFE527
:10A980004FF0007016F012FE07200DF0F9FE67E69A
:10A99000D4F8D4086422B4F84619B4F81A5902FB62
:10A9A000010107EE905AC4F8481991E6B4F81A2943
:10A9B0006421D4F8D40801FB02F107EE902AC4F810
:10A9C000481985E6488501205C850120301D01205D
:10A9D000E8240020188501208FC2753F00247449A7
:10A9E00000007A441F85EB510C7B0120B562060103
:10A9F0000300013564CD040894F8C532AF4A03EB77
:10AA00004303D4F8EC0202EB830393F8B93002EB72
:10AA10008302116F19F008FDD4F8BC320133C4F879
:10AA2000BC32FFF7ECBA4FF49651D4F8EC0219F0AF
:10AA3000FBFCD4F8BC320133C4F8BC32FFF7DFBAF8
:10AA40004FF0007016F0B2FD07200DF099FEB4F83B
:10AA5000D83813E69A49D4F8EC021DF0DDF8D4F8A2
:10AA6000BC320133C4F8BC32FFF7C9BA9549F2E7EA
:10AA70000523954A10E7954B092101A88DF80C2074
:10AA80000193914B0293FCF7E7F8FFF7B5BAD4F8BE
:10AA9000BC32072B2BD00B2B24D1002384F8CA32D5
:10AAA00084F8C832FFF7ABBAD4F8BC320E2B3FF4AF
:10AAB000F3AC01330022C4F8BC3284F8C822FFF79B
:10AAC0009EBA94F8C53203EB430301EB8301D1F83E
:10AAD000BC101DF0A1F8D4F8BC320133C4F8BC326C
:10AAE000FFF78DBA0420FCF76BF8FFF788BA002354
:10AAF000A4F8C832FFF783BAFCF7EEF8C4F8BC82BA
:10AB0000E0E60135F8EEE77AD2ED0A6A134607EE81
:10AB1000105A77EEE67A2833B8EE476A87EE867ADF
:10AB200077EE267A8FE694F825030123B0FA80F0B9
:10AB300084F8C93284F8CA324009FCF7CDF894F899
:10AB4000C832C1E461480023614A0190092101A88B
:10AB50008DF80C300292FCF77FF894F8C832B3E419
:10AB60005A4800235B4AF0E7584800235A4AECE76A
:10AB700056480023594AE8E754480023584AE4E776
:10AB800052480023574AE0E794F8C93263B10B23D7
:10AB9000C4F8BC32FFF733BA94F8C93243B10A2380
:10ABA000C4F8BC32FFF72BBA484801234E4ACCE721
:10ABB000464801234D4AC8E794F8C9325BB10923DE
:10ABC000C4F8BC32FFF71BBA94F8C9323F4833B11E
:10ABD0000123474AB9E73D480123464AB5E7012327
:10ABE000454AB2E745484FF00113454A0C21019010
:10ABF00001A8CDE90223FCF72FF894F8C83263E4EA
:10AC000094F8CA323148002B54D005233D4A9CE7C2
:10AC100094F821330222052B8DF80A2013D040F23C
:10AC2000033194F82823ADF80A1012B107228DF8E9
:10AC30000B200322013BADF80C20032B0CD8DFE8DE
:10AC400003F01C2B2314032294F828138DF80B20F7
:10AC50000029EBD1ADF80C200023ADF80E30ADF893
:10AC60001030294A08230E2126E400224FF48C5389
:10AC7000ADF81020ADF80E30F3E748220123ADF80F
:10AC80000E20ADF81030ECE74FF400720223ADF85F
:10AC90000E20ADF81030E4E74FF428420423ADF85D
:10ACA0000E20ADF81030DCE70520FBF789FF94F8A3
:10ACB000C83209E40523044A47E700BF64CD04080D
:10ACC0002C1E05080C1E050803000130B5620601A4
:10ACD0000300F0030300F0050300F0040300F0029A
:10ACE0000300F0000300F001030001120300010360
:10ACF000030001070300010203000106B562060814
:10AD00000600C80003000135B56206162DE9F041C2
:10AD1000DFF8888082B01C4C98F80060F20712D5EA
:10AD200094F826337BB1194DD5E9007318490022F8
:10AD3000A8680968C4F82C73C4E9CC30C4E9CE21F2
:10AD400002B0BDE8F081B307EDD5104D2B7D042B8B
:10AD5000EAD92F6846F001069FED0E0A07EE907AB9
:10AD60006B68F8EEE77A0193C4E9C573F0EEE77A11
:10AD700027EE800A31F0F4FC074A019B88F8006056
:10AD800082ED000AD2E700BFC07B012078390120A4
:10AD9000301D012050E0EF30EC0301203978012014
:10ADA0000C4D044608B5D5F8EC0216F0D9F820464B
:10ADB00016F0D6F8D5F8EC0201798B0703D52146B9
:10ADC000054AF1F71FFE41F002011CF0EBFED5F839
:10ADD000EC02F4E7C07B0120399F0108002070B528
:10ADE0002B4C84B084F8C502C4F89806C4F89C06BD
:10ADF000C4F8A006C4F8A40684F8A806C4F894060B
:10AE0000C4E9AB00FBF7DCFE224B94F820031B687F
:10AE10000228C4F8B4322FD0022016F0D5F880B33F
:10AE2000867994F8C5221C4D02E0CAB2042A2AD8B9
:10AE300002EB4203511C05EB830393F8B930B34294
:10AE4000F3D184F8C52294F8C5220C21002390F98F
:10AE5000040001FB02520321029392F8B9200191F0
:10AE6000022105EB82051A462D6F009516F009F9AF
:10AE7000C4F8EC0228B1012004B0BDE87040FBF733
:10AE80009FBE04B070BD002384F8C532DBE700BF6D
:10AE9000C07B0120301D012064CD04082DE9F0475E
:10AEA0007C4C8AB094F84153002D40F0DF8094F838
:10AEB000E285B8F1000F00F0D9802A462F214046E4
:10AEC0001AF092FF0646002800F0D0804379D0F8AF
:10AED00000A0A4F850331DF079FA002800F0C680D5
:10AEE0004768002F00F0C280D0F8089038461DF067
:10AEF000F3FB2A462F211DF0FFFB002800F0B6804F
:10AF0000654B664A1B68C4F854A3934207D303F108
:10AF1000B77505F55855B5FBF2F5013DADB26A1CA4
:10AF200003215F48C4F85853B3FBF2F35D4AB3FB07
:10AF3000F2F39AB2C4F860330023B2FBF1F251008D
:10AF4000A4F84C23C4F86433A4F84E13C4F85C335B
:10AF5000F7F774F8002840F0898040461CF09EFE08
:10AF6000C4F8A80908B12F23C380727A4E211CF0BF
:10AF7000E7FE4D4B00251A6B42F400121A631A6B60
:10AF800002F400120292029A1A6B42F480021A63CF
:10AF90004FF480621B6BC4F8BC294FF4805203F459
:10AFA0008003C4F8B099C4F8C0294FF480420193DB
:10AFB000C4F8C4294FF40032019B4023C4F8CC29C3
:10AFC0000322C4F8B439C4F8D42994F85023C4F83F
:10AFD000B8590C2AC4F8C859C4F8D059C4F8D8597B
:10AFE000C4F8DC59C4F8AC7904D8304B03EB420305
:10AFF000B3F8F4502E4B05F108093846A3F5CB6899
:10B0000004EB8909C4F8E489C9F854331DF064FBE2
:10B010002DF014FE38461DF05FFB2B4660222549BB
:10B020002DF0E6FDD9F85403F9F7E0FEF0B96023FE
:10B03000089003A90393337A09905A000490DB0027
:10B04000079002F00202404603F008030592B4F8AC
:10B0500050230693EFF732F940B9337A4046B4F8FB
:10B0600050139B0705D5F6F775FE30B10AB0BDE861
:10B07000F087F6F7B3FF0028F8D1002303A8039365
:10B08000FBF7BCFD64210220FCF7E6FB012384F8FA
:10B090004133EBE7C07B01207C1E0120006CDC0209
:10B0A000147F012000350C000038024064CD0408F4
:10B0B0006C850120BD2A00002DE9F04FB44C8FB003
:10B0C00094F8413323B194F8423303F0FF062BB1D7
:10B0D000B04B01221A710FB0BDE8F08F94F80C3A12
:10B0E00005460C20002B42D00DF07CF9002840F0E2
:10B0F0008B81FFF7D3FE0121E67984F80C1A8E428A
:10B100003AD80A200DF06EF9002800F06981A24AB1
:10B11000FA21A24B1268A67BA3FB02031B0901FBC9
:10B1200013237D2B28BF00269D4F7B7CB34203D188
:10B13000D4F8383A9D42CED39A4800EB8600FBF70C
:10B140005DFDE17BA079FCF787FB07EE905A9FED50
:10B15000967AF8EE677A7E7477EE877AFCEEE77A75
:10B1600017EE903AC4F8383A0FB0BDE8F08F0DF002
:10B1700039F90028ACD1BCE7023E8E42ABD800239F
:10B18000B4F8E0C5894E1F46DFF84482DFF844E298
:10B19000DFF844924CFA03F2D0070ED456F823207D
:10B1A00001FA03FAAA1A02EB0800704505D94A45CC
:10B1B00047EA0A0788BF46F8235001330A2BE9D132
:10B1C000002F85D0207E002800F08880784A4FF438
:10B1D000B47B94F899E192F80080DFF800920EF1C8
:10B1E000400E08F0010294F89BC194F8986109EBB5
:10B1F0000B050CF1400C079209EB8E02403609EB6F
:10B200008C036C490A9205EB800A39F82C2094F8DB
:10B21000A301D046059209EB86024E460897099293
:10B22000DA789B780392049304EB800301930B6814
:10B230000B93614B1B880293D6F800A00836CAF323
:10B240000323042B1CD8DFE803F022039693660047
:10B25000002304220299114207D10133042B0FD09D
:10B26000564A32F82320002AF5D1CAF3056000229D
:10B2700040FA02F1C90700F15E810132062AF7D1D6
:10B280004FF4B473059ADDE90317009358E0CAF34D
:10B29000035C1AF4805F0CF1400209EB820339F879
:10B2A00022209F78D978069240F0BB804FF4B47387
:10B2B0000093009B043505F8011C1344404A05F82F
:10B2C000027C82FB0321DA171944C2EB21220BFB1B
:10B2D000123225F8042CA845AED1089F394E00251E
:10B2E000394B4FF00109DFF8C48001E056F8043F04
:10B2F00009FA05F208EB850101353A4214BF012035
:10B30000002098470A2DF1D1E17BA0790FB0BDE86C
:10B31000F04FFCF7A1BA06F023FB00B20022FF2198
:10B3200000EB80001746C0EB001328485B00A0FB31
:10B3300003035B091E3B23EAE37303F5B473009335
:10B340001AF4805FB5D00198144BD0ED8B7AFDEEE6
:10B35000E77A17EE900AA0F57A700BFB00F083FBFA
:10B36000003CC017009BC0EBAC1003440093A0E767
:10B370000DF00CFFD1E7079B002B00F09A800A9B91
:10B380004FF4B4729F78D97800921A88D8E700BF3A
:10B39000C07B01206C250020301D0120D34D6210A0
:10B3A0000406012064CD040800247449D0850120DE
:10B3B000947801200C7B0120967801209CCE040813
:10B3C000B7600BB674CE0408657601081F85EB5193
:10B3D0003F4B4C003E4B4C009F860100007C0120FF
:10B3E00094F88332002B7FF492AE012E00F0BA80E5
:10B3F000267A2379002B3FF497AE94F8A832002BDD
:10B400003FF492AEA67B8FE6644BFF22644884F83B
:10B410000C6A5A74FBF7F2FBE17BA079FCF71CFA8B
:10B4200056E6019BD3ED8B7A40F2DB53FDEEE77AD3
:10B4300017EE900A984242DC0CF10F0C4FF4B473F3
:10B44000A0F57A700CF00F0C0093069B0CF1400CE9
:10B4500009EB8C0239F82CC0A3EB0C0392F802A084
:10B4600092F803E000FB03F2A7EB0A07A1EB0E0141
:10B47000D31700FB07F700FB01F00D93494B83FB4B
:10B4800002210C91F91783FB0727C2170692C1EB23
:10B49000671783FB00205744DDE90C23FFB2C3EBA1
:10B4A0006212069BC3EB60106244704492B2C1B258
:10B4B000FFE60B9B002B7FF4E3AE099B60E70CF1EA
:10B4C000110C4FF4B473A0F2DC500CF00F0C00938D
:10B4D000069B0CF1400C39F82CE009EB8C02AEEB2A
:10B4E000030E92F802C0D27800FB0EFEACEB070C04
:10B4F000521A4FEAEE7300FB0CFC00FB02F00D93B6
:10B50000284B83FB0C2A4FEAEC7C83FB0E2EC217E0
:10B51000CCEB6A1C0C9283FB00200D9B6744C3EBB1
:10B520006E120C9BFFB2C3EB6010069B08441A44DA
:10B53000C1B292B2BDE61A4901EB83014FF4B47374
:10B5400091F83A11009301EB410104EB41010A44E7
:10B5500092F88021403209EB820139F822208F785D
:10B56000C978EDE6637B2BB10F4B1E7816F0010610
:10B570003FF43FAF0D4B61891868237B0C4F01FBF3
:10B5800003F3667AB0FBF1F201FB1202A7FB03138F
:10B59000B2EB531F28BF00262BE700BF0406012093
:10B5A00064CD0408D34D621094780120301D012031
:10B5B0001F85EB5138B5134BD3F83C2A824214DA7D
:10B5C00093F8404A022C0DD0032C054604D0012CE0
:10B5D0000ED00224204638BDD3F8483A1B690BB17F
:10B5E0008342F6DD0124204638BD0024204638BDC4
:10B5F0007F28EEDC28F0DAFF8542F3DD204628F0D4
:10B6000041FFE7E7C07B012070B51C4C94F8403A3D
:10B61000022B14D0032B2BD0012B26D00020D4F8E2
:10B620003C3A94F84C2A1344B3F5807FA8BF4FF4FA
:10B6300080738342A8BF0346C4F83C3A70BD002320
:10B640000F4E104D194601F5B1720801013106EB9C
:10B650000212D279D20704D4425D012A98BF03F5C1
:10B6600000730B29EFD11846D9E728F09FFFD6E7E2
:10B67000D4F8480A1CF0A2FAD1E700BFC07B012031
:10B680002C5F0120527501200B4A92F8403A012BA1
:10B6900008D0022B04D1094A41F2E573D05C70470F
:10B6A00000207047D2F8500AD2F8543A984234BF7A
:10B6B00000200120704700BFC07B01202C5F0120CB
:10B6C0000D4B93F8400A022805D003280DD001281D
:10B6D00009D000207047094A41F2CC63D358002BAF
:10B6E00007DDF2F7EFBD28F0CDBED3F8480A1CF015
:10B6F0005DBA0120704700BFC07B01202C5F012094
:10B7000070B5484C82B0D4F8583A94F8402A0833BF
:10B71000012AC4F8583A18D0022A054641D0D4F874
:10B72000480A1CF04BFA404AD4F8583A12780233CF
:10B730003C2AC4F8583A4BD0002853D1D4F8643A84
:10B740000133C4F8643A02B070BD28F0CFFE374A26
:10B75000D4F85C1A106801F1640282421FD2D4F856
:10B76000582A411A304D02EB8202314E2D78530097
:10B770003C2D03F10503B3FBF1F3A6FB03234FEAD2
:10B78000D302C3F3CF0341D0B4F8602A9A4238BF42
:10B79000A4F8603A0023C4F85C0AC4F8583A02B02E
:10B7A00070BDD4F8D00240F2FF118DF8075090F927
:10B7B0001A204368561CC3F3080319D08B4217D0D4
:10B7C00003EB42231B4A9D54436801334360BEE7A9
:10B7D000194AD06030B9D4F8643A0133C4F8643AF5
:10B7E0009360DCE72946D4F8480A1CF011FAAEE76A
:10B7F000037E13F0060FAAD090F82830002BA6D1B4
:10B8000001220DF10701F3F7B3FCA0E7B4F8605A89
:10B8100092B209499D420A60BCD2A4F8603A4A60DB
:10B82000B8E700BFC07B0120B4010020301D01201B
:10B83000CDCCCCCC445F0120BC01002070B5194EAA
:10B84000054696F8403A012B0DD0022B15D0007812
:10B8500030B32C46FFF754FF14F8010F0028F9D13C
:10B86000641B204670BD2EF055F804460022284681
:10B87000214628F069FE204670BD2EF04BF80446A4
:10B88000D6F8D002037E13F0060FEAD090F82830E5
:10B89000002BE6D129462246F3F76AFC204670BD0C
:10B8A0000446DEE7C07B01202DE9F04100F11002E3
:10B8B00000240746A40052F8043DE4B203F1080155
:10B8C0002BB10F2903F1800340D844F001049742C3
:10B8D000F0D100252046FFF713FF2E46A84604F0BE
:10B8E0000303022B23D0032B13D0012B08D00135E7
:10B8F000A408042DF3D1B8F1000F48D1BDE8F081C0
:10B90000B8F1000F39D157F8256098463601F6B2E4
:10B91000EDE757F82500B8F1000F1ED1C0F307205E
:10B92000FFF7EEFE17F82500FFF7EAFEDFE7B8F1B4
:10B93000000FF7D057F82500C0F303103043FFF78E
:10B94000DFFE57F825603601F6B2D0E7FF2B94BF33
:10B9500044F0020444F00304B9E7C0F30330304379
:10B96000FFF7CEFE57F82500C0F30710FFF7C8FE1B
:10B9700057F825603601F6B2B9E757F825004FF0C1
:10B98000000800F00F003043FFF7BAFEAFE7304683
:10B99000BDE8F041B4E600BF70B5021F00250446C3
:10B9A00000F1080652F8043F03F1200103F10800FA
:10B9B00002333F293DD80F281BD8032B02D9012D74
:10B9C000B8BF0125B242EDD1022D24D0012D12D1F4
:10B9D000206800F00F0040F04000FFF791FED4E92E
:10B9E0000130BDE8704000F00F0040EA0310C0B223
:10B9F00086E60225E6E7D4E90032A0681B01920042
:10BA000000F0030003F0300302F00C021343BDE822
:10BA10007040184374E6206800F03F0040F080005A
:10BA2000FFF76EFE2079FFF76BFE207ABDE87040CD
:10BA300066E604F10C02002552F8043DAD0003F166
:10BA4000800103F50040FF2906D9B0F5803F03F5DA
:10BA500000031AD245F00105A242EDD165F03F0086
:10BA60000026C0B2FFF74CFE05F0030314F82600D1
:10BA7000022B12D0032B28D0012B1DD0FFF740FE44
:10BA80000136AD10032EEFD170BDB3F1807F34BF0E
:10BA900045F0020545F00305DEE7FFF731FE54F8F7
:10BAA0002600C0F30720FFF72BFE54F82600C0F352
:10BAB0000740FFF725FEE3E7FFF722FE54F82600D4
:10BAC000C0F30720FFF71CFEDAE7FFF719FE54F872
:10BAD0002600C0F30720FFF713FE54F82600C0F33A
:10BAE0000740FFF70DFE54F82600000EC6E700BF22
:10BAF000084605E67F2810B5044607D964F07F00A4
:10BB0000E409C0B2FFF7FCFD7F2CF7D8E0B2BDE836
:10BB10001040F5E569B138B5841E04EB410534F9F0
:10BB2000023FD81780EA4300FFF7E4FFA542F6D1B1
:10BB300038BD704738B5044600EB810554F8043B26
:10BB4000D81780EA4300FFF7D5FFA542F6D138BDEC
:10BB5000C31783EA4000CDE7F8B50F4BD3F8685A16
:10BB6000D3F86C7AD3F8706AA9B1831E00EB410157
:10BB70003C181E440F441D4434F9022B36F9023F91
:10BB800035F9020F9B1848BF0133A0EB6300FFF7A4
:10BB9000DFFFA742F0D1F8BDC07B012038B51C4DB6
:10BBA00004464720FFF7ACFDD5F8743A9B0028D433
:10BBB000184C207DFFF79EFFD5F8783A2068C01A10
:10BBC000FFF7C6FFD5F87C3A6068C01AFFF7C0FFE0
:10BBD000114AA368D81782FB0323C0EBA300FFF729
:10BBE00089FFE089FFF786FF208AFFF783FF217D29
:10BBF000D4E9002385F8881AC5F8802AC5F8843A64
:10BC000038BDD5F86C3A1868201AFFF773FFCFE7F4
:10BC1000C07B0120783901206766666610B50D4C3F
:10BC200084B05320FFF76CFDD4F88C0AFFF762FF55
:10BC300094F8900AFFF75EFF94F8911A94F8922A0C
:10BC400001A894F8933ACDE901120393FFF7A4FEFB
:10BC500004B010BDC07B01200EB430B584B00546E1
:10BC6000482007AC54F8042B0192FFF749FD20202F
:10BC7000FFF746FD2846FFF7E1FD3A20FFF740FDBC
:10BC8000019A23460A490020039420F025FD04462A
:10BC90000A20FFF735FD074A0334D2F83C3A1C1B53
:10BCA000C2F83C4A04B0BDE8304003B0704700BF62
:10BCB000F1BA0108C07B0120204A0021B2F8423AC3
:10BCC00070B4C2F8941AA3B3B3F5FA5F4FF47A7460
:10BCD000A8BF4FF4FA53194604FB03F4184BC2F8FB
:10BCE000981A9B885D01B5FBF4F0402816D98801AD
:10BCF000C2F89C0A03EB830392F8404A114E5D00A0
:10BD0000003CB5FBF0F0B3FBF1F318BF0124C2F81F
:10BD1000A03AC2F8A40A347070BC7047A54204D39C
:10BD200001FB00F0C2F89C0AE4E70846C2F89C1A3E
:10BD3000E0E74FF47A740121D0E700BFC07B012017
:10BD4000C8020020387801202DE9F04F2B4CD4F8A0
:10BD5000942AD4F8983AB2FBF3F52DED028B03FB4D
:10BD6000152593B00090002D4ED0254B1B681A0668
:10BD700003D5D4F8443ADB0409D494F8403A012BB3
:10BD800000F04C8213B0BDEC028BBDE8F08FD4F80C
:10BD90009C2AD4F8941AB1FBF2F302FB1313B3EB11
:10BDA000520FEAD1D4F81423D4F8783A9A4240F0EA
:10BDB0009E82D4F81823D4F87C3A9A4240F09782B5
:10BDC000D4F8003DD4F8A42A934280F090820D4A22
:10BDD000013394F8881A107DC4F8003D884209D1D7
:10BDE0001168D4F8803A994204D15268D4F8843A60
:10BDF0009A42C2D00098FFF7D1FEBEE7C07B012077
:10BE00004C39012078390120D4F8A86AD4F8AC3A2A
:10BE1000B34240F03682D4F8B05AD4F8B46AB5428E
:10BE200012D0D84BC4F8B45A1B780A3B012B0BD85C
:10BE30004520FFF765FC1E20FFF762FC2846FFF750
:10BE400059FE3046FFF756FECF4F94F8B83A7D7A48
:10BE5000AB4240F00482CD4A94F8B93A9578AB42AF
:10BE600040F0338207F04AFF94F8BA3A0546984208
:10BE700040F01982D4F8A02AD4F8BC3A9342C44ABC
:10BE800080F0D48194F8A4520AA8D4F8B01A127899
:10BE90008DF82D50D4F88C5A94F875628DF82C20BA
:10BEA000A94294F8C02A0A918DF82F208DF82E60AF
:10BEB000B84A00F0C38303C882E80300FFF7AEFE70
:10BEC0000023C4F8BC3AD4F8685A009A05F10E036E
:10BED0002E46DFF8EC82994646F8042B019307962C
:10BEE0000596B8EC010A2DF09BFF26F8020BB14530
:10BEF000F7D105F11603019EDFF8C8829946069630
:10BF00000493B8EC010A2DF08BFF26F8020BB14523
:10BF1000F7D197ED680A05F12003DFED9F8A05F15F
:10BF20002C029846089320EE280A02922DF078FF02
:10BF300097ED690AE882B0EE688A20EE280A974EEB
:10BF40002DF06EFF97ED6A0A288320EE280A2DF067
:10BF500067FF97ED6B0A688320EE280A2DF060FFDB
:10BF6000DDF80890A88396ED260A203620EE080A10
:10BF70002DF056FF96ED1F0A48F8040B20EE080A34
:10BF80002DF04EFF96ED200AC8F8080020EE080AB2
:10BF90002DF046FF96ED210AC8F8140020EE080A9D
:10BFA0002DF03EFFC145C8F82000DCD105F150035B
:10BFB000DFF814A2DFF81492DFF814821E4603950E
:10BFC0005546DFF810B2CA46C146099335F9022B2F
:10BFD0000BF1040B9BED020A26F8022B2DF020FF3B
:10BFE0001BED010A70812DF01BFFBAEC010AB08035
:10BFF0002DF016FFB9EC010A30822DF011FF684BCD
:10C00000F082AB42E2D1039D0CF090F89FED658A7F
:10C0100028670CF07BF8A5F8740005F0DDFC624998
:10C02000624A634B52885B6891ED000AA5F876205E
:10C03000A5F8783080FE080AA5F87A002DF0F0FE09
:10C040005C4BA5F87C0093ED000A80FE080A2DF0F9
:10C05000E7FE594BA5F87E0093F800A0BAF1000F57
:10C0600011D005F18008DFF870919FED4B8A08EB45
:10C070004A06B9EC010A20EE080A2DF0D1FE28F894
:10C08000020B4645F5D197F87C95B9F1000F0DD01C
:10C0900005F18807DFF8448107EB4906B8EC010A8F
:10C0A0002DF0BEFE27F8020BBE42F7D105F198062F
:10C0B000424A05F1B8083746334652F8041F43F8A0
:10C0C000041B9845F9D1D4F8941AD4F89C2AB1FBF2
:10C0D000F2F302FB1313002B40F02A814920FFF7F3
:10C0E0000FFBD4F8940AFFF705FD2868FFF702FD5F
:10C0F000D4F8743A990700F1CC825A0700F1DB8238
:10C100001F0700F1D182D80600F1F382990600F1F1
:10C11000E9825A0600F1DE821F0600F1D382D805BB
:10C1200000F13483990500F129835A0500F11C833D
:10C130001F0500F11283D80400F10383990400F174
:10C14000F9825A0400F1EF821F0400F1E782D4F86B
:10C15000443A580400F1898219040DD5B9F1000F51
:10C160000AD0883505EB490935F9020BA0F2DC50FD
:10C17000FFF7EEFC4D45F7D1D4F8743ADA0000F140
:10C180007C822DE0387801206C250020D42000200E
:10C19000397801204C86012000007A448428002050
:10C1A000323D01200000000054250020607801206D
:10C1B00088780120E42A0020E4240020B80100202F
:10C1C000E8240020502100202C3D0120442500209F
:10C1D00084860120EC020020A4010020EC2A00202B
:10C1E000D4F8685A01264E49B8204E4B6A1AC4F852
:10C1F0006C5AC4F8705AD21084F8FC6C03FB02F33A
:10C20000494A334482FB0352A2EBE37202EB42023F
:10C210009B1A00FB0313C4F8683AA6E5002028F037
:10C2200031F913B0BDEC028BBDE8F08FD4F8B03A11
:10C23000127894F8A41284F8902AC4F88C3A94F8EE
:10C24000752294F8C03A84F8911A84F8933A84F8E5
:10C25000922AFFF7E3FC0023C4F8BC3A33E6334BE1
:10C2600084F8B85A1B780A3B012B3FF6F4AD452001
:10C27000FFF746FA3220FFF743FA2846FFF73AFC69
:10C28000E9E52A4BC4F8AC6A1B780A3B012B3FF660
:10C29000C2AD4520FFF734FA2846FFF731FA3046A1
:10C2A000FFF728FCB7E5214B84F8BA0A1B780A3B54
:10C2B000012B3FF6DFAD4520FFF722FA3420FFF7D0
:10C2C0001FFA2846FFF716FCD4E5184B84F8B95A34
:10C2D0001B780A3B012B3FF6C5AD4520FFF710FA4E
:10C2E0003320FFF70DFA2846FFF704FCBAE50023D8
:10C2F0004820C4F8003DFFF703FAD4F81403FFF711
:10C3000027FCD4F81803FFF723FC0098D4E9C523D1
:10C31000C4F8782AC4F87C3AFFF740FC2DE500BF4A
:10C3200094860120A737BDE9565555553878012028
:10C330005020D4F86C6AFFF7E3F9D4F8702AD4F8E7
:10C34000683A10681B68D4F86C2A03441068A3EBA1
:10C350004000FFF7FDFBD4F8741A8B071BD50AA821
:10C36000311D05F10C0EDDF814C002463CF9023B0C
:10C3700031F902BBE645A3EB0B0342F8043BF5D1D0
:10C38000FFF792FAB5F90C00B6F90C30C01AFFF7B6
:10C39000DFFBD4F8741A480715D50AA806F10E0178
:10C3A000DDF818C00246DDF810E03CF9023B31F937
:10C3B00002BBE645A3EB0B0342F8043BF5D1FFF7C4
:10C3C00073FAD4F8741A0A0714D50AA8049B06F164
:10C3D000160C05F11E0B014633F9022B3CF902EB5A
:10C3E0009B45A2EB0E0241F8042BF5D1FFF75CFA56
:10C3F000D4F8741ACB063DD5326A0AA82B6A9B1A68
:10C400000A93726A6B6A9B1A0B93B26AAB6A9B1AA5
:10C410000C93FFF7C1FAF26A0AA8EB6A9B1A0A9317
:10C42000326B2B6B9B1A0B93726B6B6B9B1A0C937F
:10C43000FFF7B2FAB26B0AA8AB6B9B1A0A93F26BC6
:10C44000EB6B9B1A0B93326C2B6C9B1A0C93FFF7C4
:10C45000A3FA6A6C0AA8736CD31A0A93B26CAB6C19
:10C460009B1A0B93EB6CF26C9B1A0C93FFF794FAEC
:10C47000D4F8741A880616D5B6F950200AA8B5F96A
:10C4800050309B1A0A93B6F95220B5F952309B1AD4
:10C490000B93B5F95430B6F954209B1A0C93FFF75F
:10C4A0007BFAD4F8741A4A0600F1D8800B0600F122
:10C4B000CE80C80500F1E68011F400705AD14A051B
:10C4C00000F16C810B050CD5B6F87A00B5F87A301E
:10C4D0001B1AD8170A9380EA4300FFF70BFBD4F826
:10C4E000741ACB0400F1A681880400F199814A04F2
:10C4F00000F184810B0400F17181D4F8443A5D04A9
:10C5000000F16581180400F15D81D4F8743AD90016
:10C510000FD5983609AA57F8043B56F8041BB845BE
:10C52000A3EB010342F8043FF5D108210AA8FFF765
:10C5300001FBD4F8686AB825C548C64B311AC64A0B
:10C54000C91003FB01F3D4F86C1AC4F86C6A013308
:10C55000C4F8701A012182FB036284F8FC1CA2EB70
:10C56000E37202EB42029B1A05FB0303C4F8683A2C
:10C57000FFF7FBBBB6F968204805B5F96830A3EBB7
:10C5800002030A93B6F96A20B5F96A30A3EB0203F5
:10C590000B93B5F96C30B6F96C20A3EB02030C9346
:10C5A00040F100814FF0050C0423032012AAB5F9D5
:10C5B00074B0B6F974E002EB8000326FABEB0E0E94
:10C5C0000190286F821A019840F8202C12AA02EBE1
:10C5D000830242F820EC0A050CD5B5F87A2012AB9C
:10C5E000B6F87A0003EB8C016346121A0CF1010CC9
:10C5F00041F8202C01330AAA002002EB830B4000F3
:10C600005BF8043DC0B20BB140F001009345F6D198
:10C610000BEB8C030293FFF773F8029B01951D4609
:10C6200002E05D4500F0CA805BF8042B002AF8D0D8
:10C63000D01780EA4200FFF75DFAF2E745685168DB
:10C640008D427FF438AC0133C4F8BC3A3BE403219B
:10C650005C20FFF781FAD4F8741A2AE703215620E8
:10C66000FFF77AFAD4F8741A20E7514605F18000F2
:10C67000FFF750FAD4F8443A6EE530460821FFF748
:10C6800059FAADE503216220FFF766FAD4F8741A6F
:10C6900012E707980421FFF73DFAB5F90C00FFF700
:10C6A00029FAD4F8743A28E504980421FFF732FAFD
:10C6B000D4F8743A27E501980421FFF72BFAD4F84F
:10C6C000743A1DE5032105F15C00FFF723FAD4F865
:10C6D000743A24E5032105F15600FFF71BFAD4F85C
:10C6E000743A19E509980321FFF714FAD4F8743A5B
:10C6F0000FE508980321FFF71DFA02980321FFF7C1
:10C7000019FA032105F13800FFF714FA032105F1A6
:10C710004400FFF70FFAD4F8743AF7E4B5F87E0056
:10C72000FFF7E8F913E5B5F87C00FFF7E3F9D4F873
:10C73000743A09E5B5F87800FFF7DCF9D4F8743AF3
:10C74000FFE4B5F87630B4F8D00AC01AC0F30D0093
:10C75000FFF7D0F9D4F8743AF0E4B5F87A00FFF7AF
:10C76000C9F9D4F8743AE6E4286FFFF7F1F9B5F99E
:10C770007400FFF7EDF9D4F8743AD9E4032105F118
:10C780006800FFF7C7F9D4F8743ACEE4032105F145
:10C790006200FFF7BFF9D4F8743AC3E44FF0020C1B
:10C7A000012303E709054FD5B5F87A200323B6F82E
:10C7B0007A104FF0040C521A0D921BE7019DD4F829
:10C7C000741A8EE649468820FFF7C6F99DE6514661
:10C7D0008020FFF7C1F9D4F8443A93E6D4F86C3AD4
:10C7E000D4F8702AB3F87E30B2F87E20B5F87E0017
:10C7F0001344A0EB5300FFF7ABF97EE6D4F86C3A94
:10C80000D4F8702AB3F87C30B2F87C20B5F87C00FC
:10C810001344A0EB5300FFF79BF9D4F8741A69E6B0
:10C82000B5F87800B6F87830C01AFFF791F9D4F867
:10C83000741A5CE6B5F87600B6F87630C01AFFF7E1
:10C8400087F9D4F8741A4FE602234FF0030CD1E6AF
:10C8500094860120A737BDE9565555552DE9F04F6F
:10C860005F4D0F1E85B09A46D5F8084D14BF0623BC
:10C8700004239046621C0393DDE90E9667D0A14520
:10C8800044DDAAEB08034FF0010A0293109B9B1BA7
:10C8900001934EB1019BD5F8742A03FB04F3F35CBA
:10C8A0000AFA03F313422AD0029B03FB04F4D5F8DF
:10C8B000043D08EB0407ABBB58F804002DF02AF840
:10C8C00000F1050B5846FEF775FE90BBD5F83C0A03
:10C8D00095F80C2DA0EB0B00C5F83C0A9ABB85F827
:10C8E0000CADD5F8043D43BB58F80400FEF7A6FF95
:10C8F00097F904104B1C02D03A48FBF74FF9D5F8D2
:10C90000084D01344C45C5F8084DC2DBA14550D057
:10C91000D5F8040D039B834294BF0020012005B08D
:10C92000BDE8F08F4FF0030B5846FEF743FE00289A
:10C93000CCD0012005B0BDE8F08F1F442A483979DA
:10C94000FBF72CF9DBE72C20FEF7DAFEC9E7D5F878
:10C95000043D039A934203D3002005B0BDE8F08F55
:10C96000224A834602EB8303D3F848012CF0D2FF1E
:10C970000B30FEF71FFE1D4A04460028D9D1D5F81A
:10C98000041D1B4802EB8102032994BF5946394616
:10C99000D2F84821FBF702F9D5F83C3AD5F8082D32
:10C9A000181A85F80C4D541CC5F83C0AC5F8084DFA
:10C9B00065E70120FEF7FEFD0028A9D1D5F83C3A35
:10C9C0000A20013BC5F83C3AFEF79AFED5F8040D63
:10C9D0004FF0FF330130C5F8083DC5F8040D99E765
:10C9E000C07B0120541E05085C1E050864CD0408A8
:10C9F000441E05080D4B93F8400A40B193F8413AA4
:10CA0000012B05D0022B0BD0032B06D00020704742
:10CA1000074B187810F00100F9D011200BF0E2BCA0
:10CA2000034B187800F00100704700BFC07B012065
:10CA300094780120174BDFED186AD3ED057A93ED5A
:10CA40000C7A67EEA67AB0EEC77AB4EEE77AF1EE2A
:10CA500010FA08D593ED0D7AB0EEC77AB4EEE77A06
:10CA6000F1EE10FA02D40D4B1860704793ED0E7A78
:10CA7000B0EEC77AB4EEE77AF1EE10FAF3D5074BD1
:10CA80004CF250321968401A9042EEDD00221A71C1
:10CA9000704700BFC80200200008ED46B43B0020EC
:10CAA0007D2332214FF4817203830023018182822E
:10CAB00043838383438043818381C3810382438291
:10CAC000837570B43026FA25642406808580C4807E
:10CAD00070BC704710B51022002104462FF0AAFC4C
:10CAE0000A2323800023A381E381A380E3802381A1
:10CAF000638110BD83788B4207D9054B33F8113021
:10CB000000EE103AB8EE400A70479FED020A7047F7
:10CB1000C08A012000000000034B187E10B10022E3
:10CB200001201A76704700BFC08A0120072907D864
:10CB3000054B03EB810191ED070AB8EE400A7047FF
:10CB40009FED020A704700BFC08A0120000000006C
:10CB5000194B93F83C206AB393F840200021A82A8F
:10CB600083F83C1026D193F853201ABBF4EE046AE4
:10CB700003F1400203F1180003F138019FED0F7A31
:10CB800010B4D478B0EE476A1379023203EB042371
:10CB900007EE903AF8EEE77AA7EEA66AFCEEC67AC0
:10CBA00017EE903A40F8043F8142EAD101205DF847
:10CBB000044B704700207047C08A01200080BBC32F
:10CBC000044B03EB4101B1F8583000EE103ABBEED4
:10CBD000EE0A7047C08A01202B4A92F87C304BB392
:10CBE0000021F0B492F87D400646B2F87E5002EB88
:10CBF000440082F87C1090F8837090F8843043EA07
:10CC000007239D4205D00846D2F8C8303362F0BCF5
:10CC1000704792F88100032828D081280CD0012881
:10CC2000F1D1122CA446A8BF4FF0120C002CEBD06F
:10CC30000D4609E018467047122CA446A8BF4FF0D5
:10CC4000120CE4B102250320104BA3F1280404EBDD
:10CC50004C0CDF780233997841EA072124F8021B53
:10CC6000A445F6D1002DCFD0F0BC7047122CA446BD
:10CC7000A8BF4FF0120C24B10D460120E4E70320B9
:10CC8000C5E70120C0E700BFC08A0120408B01201A
:10CC900083788B420ED983699FED087A33F811307F
:10CCA0009FED070A9B0807EE903AF8EEE77AA7EEA9
:10CCB000870A70479FED030A704700BF0000803D60
:10CCC000000077440000000083788B4219D90E4B96
:10CCD00093F8CC2003EB810152B1D1ED347AB6EE5A
:10CCE000007A9FED0A0AF8EE677AA7EE870A704786
:10CCF000D1F8D03003F5777300EE103AB8EE400A61
:10CD000070479FED030A7047C08A012000007744F6
:10CD1000000000008369B6EE047A9FED050A33F83F
:10CD2000113007EE903AF8EE677AA7EE870A70475F
:10CD300000005C442DE9F0434D7840F21474CA7948
:10CD400005F007070D788369560091F8028045EADF
:10CD500007254A7AC87808F03F0891F805E002F004
:10CD60001F0291F806C04FEA48181D8097014D7BBD
:10CD7000800091F801900EF00F0E05F03F020CF0CC
:10CD80007F0C48EAD90855018A78A3F802804FEA57
:10CD9000CE1E91F8048040EA92108A794FEA0C1C6A
:10CDA00008F0010846EAD2120E7A40EA882091F88B
:10CDB000058006F0030698804CEA181C087942EAC0
:10CDC00046228E7A4EEA500E087B5A81F6000A7A85
:10CDD000A3F806E000F0070E47EA9202487AA3F8AB
:10CDE00008C046EA50169A81C87A0A7B40EA0E20AB
:10CDF000DE8145EAD20218825A828A7B4D7B9200FC
:10CE000091F810C0887C42EA9512CD7B4F7C0CF0E3
:10CE10000F0C05F0010591F813E040000E7D42EA89
:10CE200085224D7C07F07F074FEACC1C40EAD510E5
:10CE30009A82CD7B0EF0030E4A7D06F01F064CEA67
:10CE4000550C3F01D500A3F816C040EA4E22087CDD
:10CE5000B6015A8347EA10170A7DC87C45EA521288
:10CE60001F8346EA9000DA8398838A7D12F0010FCF
:10CE70000CBFAD21214612F0020F198408BFAD246A
:10CE80005C84130706D412F0040F0CBF01200920A4
:10CE9000BDE8F0830320BDE8F08300BF38B5C56965
:10CEA000044695F8210078B10D4B00221B7885F8D7
:10CEB0002120192B09D0691C2046FFF73BFF10F0F9
:10CEC0000A0F01D1EB69236238BD064B691CEA7D6C
:10CED00020461A60FFF72EFF10F00A0FF4D1F1E799
:10CEE000B4010020BC010020034B93F8002112B1D3
:10CEF000002283F800217047C08A0120084BF7EE1A
:10CF0000006AB6EE047A9FED070A03EB8101D1EDCA
:10CF1000417AF8EE677A77EEA67AA7EE870A70472D
:10CF2000C08A012000005C44104B9FED117AD3EDC4
:10CF3000007A104BF4EE477AF1EE10FA0AD103EBC7
:10CF400081019FED0D0AD1ED517AF8EE677AA7EED7
:10CF5000870A704703EB81019FED080A91ED517A32
:10CF6000B8EE477AA7EE870A704700BF180601207F
:10CF700001F11F3FC08A012000405C44000077445B
:10CF80000B4A30B492F88431D2F8884102EB430165
:10CF90000133B1F98C5103F00F03A1F88C01401B50
:10CFA00082F88431204430BCC2F88801704700BF49
:10CFB000C08A0120014B186A704700BFA4360120C7
:10CFC000064B93F8AC211AB993F8AD0110B1704734
:10CFD0000120704793F8AE01704700BFC08A01205E
:10CFE0009FED010A704700BF00000000044B03EBF7
:10CFF0004101B1F8B03100EE103AB8EE400A704786
:10D00000C08A0120044B93F8D40118B100220120FA
:10D0100083F8D421704700BFC08A0120034B03EB83
:10D02000810191ED760AB8EE400A7047C08A01206E
:10D0300083788B4209D9064B03EB4101B1F82032CA
:10D0400000EE103AB8EE400A70479FED020A7047B2
:10D05000C08A0120000000000120704700207047B6
:10D0600030B4002305251E24411C04E0112B01F8D7
:10D07000134009D00133042BCCBF0122002200F859
:10D080001320F3D10D72F5E730BC704710B40023C4
:10D090004FF47A744FF4FA61821C20F8234022F88E
:10D0A00023100133052BF8D15DF8044B704700BF06
:10D0B000044B03EB4101B1F8403200EE103AB8EEF8
:10D0C000400A7047C08A0120044B03EB4101B1F8CC
:10D0D000403200EE103AB8EE400A7047C08A012094
:10D0E00070B4264D95F85832022B02D0002070BC47
:10D0F0007047064695F85E02F8B1013805F25D23E7
:10D1000005F51774002253FA80F014F8013B110A58
:10D110005340A04283EA0313DBB24FEAC30241EA61
:10D12000032182EA131383EA0102EED12AB100201F
:10D13000002385F8583270BC7047B5F85C3243F66E
:10D1400001625BBA23F002039BB2934204D0D5F88C
:10D15000843201203362EBE7094AA2F13E01A2F1D9
:10D160001E04D0790232137903EB0023C3F3CC03FE
:10D1700021F8023F8C42F4D1E9E700BFC08A0120C8
:10D180001C8D01200B49082230B5B1F888324AF2D3
:10D19000010580EA03045B0814F0010F01D06B4025
:10D1A0009BB2013A400812F0FF02F2D1A1F8883296
:10D1B00030BD00BFC08A0120214B224AB3F90210C2
:10D1C00010B4B3F90040B2F90C30B2F90E201B1BB9
:10D1D000521A07EE903A07EE102AF8EEE77AB8EE08
:10D1E000C77A40B1B4F5617F1FDDDFED176AB1EE9C
:10D1F000477A77EEA67A01F548719FED146A144BD1
:10D2000089B25DF8044BD3ED076AB1F5C86F83EDC1
:10D21000156A26EE877A88BFF0EE467A83ED147A97
:10D2200066EEA77AC3ED137A704714F5617FE2DAF0
:10D23000DFED056AB1EE477A77EEE67ADBE700BF0D
:10D240002C3D0120343D01200000E144000000009D
:10D25000D42000201C4A92ED105A02F14C03D2ED6A
:10D26000116A02F15801F1EE455A10B4F3EC017A5B
:10D27000F4EEE57AC7FEC57A93ED037AF1EE10FA83
:10D28000F5EEC06A37EE266A48BFF0EE657AF1EE39
:10D2900010FA0ADDB4EEE76A37EE667AF1EE10FABC
:10D2A000C7FE877A48BFF0EE467A8B4243ED017A9B
:10D2B000DCD1D46C106D516D936DD46510665DF842
:10D2C000044B516693667047D4200020244B0128FC
:10D2D000244A03EB800392ED037AD3ED006A17DC56
:10D2E000FFEE007A204BB7EE006A9FED205A1B68D4
:10D2F000E6EEA67A03449B7DF0EE675A07EE903A7D
:10D30000F8EEE77A67EEA57AA7EE856A66EE866A9A
:10D31000174BB1EE470A9FED156A03EB8003D3ED7F
:10D32000007AF8EEE77A67EE867AE7EE267AB4EED0
:10D33000E70AF1EE10FA01DC87FE670A0D4A0E4B90
:10D3400002EB40029FED0D7A33F91030B2F90C2058
:10D350009B1A07EE903AF8EEE77AA7EEC70A7047F5
:10D3600040210020B43B0020682500200AD7233C40
:10D370000C850120343D01202C3D0120CDCCCC3D3D
:10D380000D4BFDEE006AF5EE005A9FED0C6A93ED31
:10D39000367AD3ED027A87FE657A87FE267A77EEB3
:10D3A000C77ADFED076A83ED367AC7FEC67AC7FE15
:10D3B000A67AC3ED377A7047742500203333733F64
:10D3C00000000000284BF5EE004ABDEE005ADFEDEC
:10D3D000276A93ED366A93ED377ADFED257A86FE7C
:10D3E000646A87FE667A86FE056A87FE277A77EE8C
:10D3F000067AD3ED385AD3ED396A77EEA57A83ED04
:10D40000366AF5EEC05AC6FEE46AC6FE856A83ED4A
:10D41000377A77EEA67AC3ED396AF1EE10FAC3EDEA
:10D420003B7A0FD9F7EE006AF4EE667AF1EE10FA65
:10D4300008D9B7EE007A9FED0F0AC7FEC77A87FEBC
:10D44000800A7047F5EEC05AF1EE10FA06DADFED09
:10D45000096AF4EE667AF1EE10FAEADB35EE877AC5
:10D4600083ED377AE5E700BF742500203333733F3F
:10D4700000000000CDCC4C3D184BB5EE005AFDEE3F
:10D48000007ADFED175A93ED366AF6EE004AD3EDD7
:10D49000396A86FE456A86FE276AC6FEC56AC6FEEA
:10D4A000A76A36EE864AD3ED027A93ED3A7A9FED7B
:10D4B0000D5A77EEC47A87FE647A87FE257A83ED6B
:10D4C000366AC3ED396A77EEC77A83ED3A7AC7FEDA
:10D4D000C57AC7FEA57AC3ED377A70477425002058
:10D4E000000000003333733F2E4BF5EE003ABDEEE3
:10D4F000004ADFED2D4ADFED2D7AB6EE003AD3ED8E
:10D50000365A93ED377AC5FEE35AC5FE845A87FE34
:10D51000677A87FE247A77EE257A93ED385A93ED71
:10D52000396AB4EEE45AD3ED3A6A77EE857A86FE2C
:10D53000636A86FE046AC6FEC36AF1EE10FAC6FE8E
:10D54000A46A77EE867AC3ED365A83ED396A83EDA5
:10D55000377A77EEA67AC3ED3A6AC3ED3B7A0FD9F4
:10D56000F7EE006AF4EE667AF1EE10FA08D9B7EE3B
:10D57000007A9FED0F0AC7FEC77A87FE800A7047C0
:10D58000B5EEC05AF1EE10FA06DADFED096AF4EEF4
:10D59000667AF1EE10FAEADB35EE077A83ED377A38
:10D5A000E5E700BF74250020000000003333733F1F
:10D5B000CDCC4C3D1B4BF5EE004ABDEE005ADFEDE5
:10D5C0001A5A93ED027AF6EE003AD3ED357A93EDDE
:10D5D000366A87EE274AD3ED396A86FE646A86FE8C
:10D5E000056AC6FEE46AC6FE856AD3ED1B4A93ED62
:10D5F0003A7A76EE867A9FED0D5A87FE637A87FE39
:10D60000257A83ED366AC3ED396A83ED3A7AD4EE32
:10D61000847A77EEC77AC7FEC57AC7FEA57AC3EDCE
:10D62000377A704774250020000000003333733FC1
:10D63000324BB5EE006ABDEE004ADFED314AD3ED64
:10D64000356AB6EE003A93ED1B7ADFED2E7AC6EE20
:10D65000873AD3ED365AD3ED376AC5FEC65AC5FEB2
:10D66000845AC6FEE76AC6FEA46AD3ED397A36EE5E
:10D67000A57A93ED385A87FEC66A86FE046AB4EE30
:10D68000E45A93ED3A0A77EE057AC3ED365A80FEF6
:10D69000430A80FE240AF1EE10FA83ED396A77EE30
:10D6A000867AC3ED376A83ED3A0A77EE807AC3ED66
:10D6B0003B7A67EEA37A0FD9B7EE007AF4EE477A99
:10D6C000F1EE10FA08D9B7EE007A9FED0F0AC7FE07
:10D6D000C77A87FE800A7047B5EEC05AF1EE10FA9D
:10D6E00006DA9FED097AF4EE477AF1EE10FAEADBFA
:10D6F00075EE266AC3ED376AE5E700BF74250020A2
:10D70000000000003333733FCDCC4C3D90F87620C1
:10D71000DFED574A07EE102A564B9FED576AB8EED9
:10D72000C77ADFED567A564A9FED564A27EE247A9D
:10D7300010B483ED407A90F8774092F88C2206EE90
:10D74000904A1978002AF8EEE66A0CBF4FF0FF32D3
:10D750000122012966EE866AC3ED416A90F878409D
:10D7600005EE104AB8EEC55A25EE065A83ED425A28
:10D7700090F8794005EE904AF8EEE55A65EEA75A22
:10D78000C3ED435A90F87A4005EE904AF8EEE55A18
:10D7900065EEA45AC3ED445A90F87B4002FB04F2B4
:10D7A00007EE902AF8EEE77A67EE847AC3ED497ABD
:10D7B00090F87C2006EE102AB8EEC66A26EE246A9F
:10D7C00083ED4A6A05D927EE267AC7EE876AC3ED4C
:10D7D000496A90F87D20DFED266A07EE102AB0F83E
:10D7E0007420B8EEC77A632A27EE267A83ED457A4D
:10D7F00090F87E1007EE101AB8EEC77A27EE267A58
:10D8000083ED467A90F87F1007EE901AF8EEE77AEB
:10D8100067EEA67AC3ED477A27D94CF250318A4297
:10D8200020D807EE902AF8EE677AD3ED615A93ED8F
:10D83000646AD3ED636A65EEA75A93ED627A26EEC9
:10D84000276A66EEA76AC3ED067A67EE277A5DF867
:10D85000044BC3ED5C5A83ED5F6AC3ED5E6AC3EDB2
:10D860005D7A7047DFED087ADFE7DFED087ADCE705
:10D870000AD7233C74250020CDCCCC3D6F12833ACF
:10D88000C08A01206F1283BB005043470000C8428A
:10D89000214B1B781F2B3DD1204B9FED215AD3EDFF
:10D8A0003B5A93ED366AD3ED376A65EE855A93EDB0
:10D8B000397A26EE056AD3ED3A7A66EE856A27EE66
:10D8C000057AD3ED074A67EE857A93ED084A93ED22
:10D8D000055AFDEEE55ABDEEC44A124BFDEEE44A90
:10D8E000BDEEC55AC3ED035ABDEEC66A83ED004ACC
:10D8F000FDEEE66AC3ED014ABDEEC77A83ED025A3A
:10D90000FDEEE77A83ED046AC3ED056A83ED067ADE
:10D91000C3ED077A704700BFB401002074250020D2
:10D9200000007A44BC0100209F4B1B7813F00102D9
:10D9300012D09E4B10B45A7893ED027A082A00F266
:10D94000E580DFE812F032003D00610077009A00C8
:10D95000B400E300C70013009549944B0968DFED5C
:10D96000957A5A705960C3ED027A91E7D3ED627AE5
:10D97000D3ED036AF5EEC07AF1EE10FA40F3DF80E2
:10D9800077EE877AC7FEE67A1A7C002A40F0C680D6
:10D990009FED897AF4EEC76AF1EE10FA62D5844AF7
:10D9A0000721126859705A6005E01A7C002A00F0BD
:10D9B000D280DFED807A5DF8044BC3ED027A67E731
:10D9C00093ED606AD3ED036AB5EEC06AF1EE10FA2A
:10D9D00040F3BE8076EE077AF4EEE76AF1EE10FAD5
:10D9E00003DC77EE467AC7FEA67A1A7CE2B99FED91
:10D9F000727AF4EEC76AF1EE10FADCDD6C4A0221AD
:10DA0000126859705A60D6E7D3ED617AD3ED036A94
:10DA1000F5EEC07AF1EE10FA40F3978077EE877A50
:10DA2000C7FEE67A1A7CAAB1614A002112685970D1
:10DA30005A60C0E7D3ED637AD3ED036AF5EEC07A9E
:10DA4000F1EE10FA78DD77EE877AC7FEE67A1A7C77
:10DA5000002A63D19FED587AF4EEC76AF1EE10FA0E
:10DA600000F18180F4EEE76AF1EE10FAA3D8504A93
:10DA70000421126859705A609DE7D3ED037A93ED43
:10DA8000487A1A7C67EE877A002A47D19FED4A7A56
:10DA9000F4EEC77AF1EE10FA8DD593F85C21002AE6
:10DAA00075D1434A1168012259605A7083E71A7C84
:10DAB000002A39D03E495C680A68D3F86801121B15
:10DAC0009042BFF676AF09680022DFED3A7A5960DE
:10DAD0005A7070E7D3ED647AD3ED036AF5EEC07A3D
:10DAE000F1EE10FA2EDD77EE877AC7FEE67A1A7C21
:10DAF000A2B99FED317AF4EEC76AF1EE10FA38DD83
:10DB00002B4A0821126859705A6054E7284A0021AC
:10DB1000DFED287A126859705A604CE7244A0521D3
:10DB2000126859705A6046E7214A0321DFED217AD5
:10DB3000126859705A603EE7F0EE667A87E7F0EEB9
:10DB4000667A21E7F0EE667AD1E7F0EE667A69E769
:10DB5000F0EE667A49E7164A0121DFED167A12687F
:10DB600059705A6027E7124A0121126859705A60A9
:10DB700021E70F495C680A68D3F86401121B9042E0
:10DB8000BFF619AF0968012259605A7013E7084AB5
:10DB90005C681168D3F86001091B884282DA116859
:10DBA000072259605A7006E79478012074250020F6
:10DBB000301D012000000000CDCC4C3E38B5C64BD6
:10DBC0002DED028B1B78DB070ED4C44CC44B002216
:10DBD0009FEDC48A1B686270636084ED028ABDECAD
:10DBE000028BBDE8384053E6BF4BBC4C93F89A32E9
:10DBF00013B92378042BE9D0637894ED028A082BBB
:10DC0000E4D8DFE813F051005C003A017D019A008E
:10DC1000A701B800F8000900237C002B40F0D88150
:10DC200094F83030002B40F0E581DFEDB27A94EDCE
:10DC3000037AB4EEE77AF1EE10FA00F13282D4ED15
:10DC4000087ADFEDAD6A94ED057A67EEA67AB4EE58
:10DC5000E77AF1EE10FA00F3D381DFEDA87AB4EEA3
:10DC6000678AF1EE10FA00F3CB81A04B9B699847CD
:10DC700094ED5D7AB5EEC07AD4ED076AB0EE408AD5
:10DC8000D4ED087AF1EE10FA0BDD36EE876AF4EE89
:10DC9000C67AF1EE10FA00F3208236EEC77AC7FE9C
:10DCA000877AC4ED077A98E79FED8E0A237C84ED8E
:10DCB000070A002B00F0C981B0EE408A8DE7D4ED51
:10DCC000036ADFED8B7A76EEE77A77EEA77AF5EEE8
:10DCD000C07AF1EE10FA00F1B2819FED867AF4EE8F
:10DCE000476AF1EE10FA77FE277A94ED607AB5EE86
:10DCF000C07AF1EE10FA40F38F8137EE088A88FE81
:10DD0000678A6269237CE261002B40F06781DFED66
:10DD1000797AF4EEE76AF1EE10FA7FF75EAF94F8E5
:10DD20003130002B3FF459AF6D4A022112686F4B1E
:10DD300061701B69626098474FE7237C002B40F0BD
:10DD4000478194F83030002B40F05481DFED697A40
:10DD500094ED037AB4EEE77AF1EE10FA40F189819E
:10DD600094F85C31002B40F0AA815D4B1A680123C6
:10DD70006260637031E7D4ED036ADFED5D7A76EEC1
:10DD8000E77A77EEA77AF5EEC07AF1EE10FA00F1B5
:10DD900059819FED587AF4EE476AF1EE10FA77FE5A
:10DDA000277A94ED617AB5EEC07AF1EE10FA40F37D
:10DDB000368137EE086AB4EEE76AF1EE10FA00F148
:10DDC0006B8138EE478A88FE278A6269237CE2618C
:10DDD000002B40F0FD8094F83130002B00F04F8193
:10DDE000DFED447AF4EEE76AF1EE10FA40F3FC80DE
:10DDF0003B4A03219AE7D4ED036ADFED3D7A76EEE4
:10DE0000E77A77EEA77AF5EEC07AF1EE10FA00F134
:10DE100013819FED387AF4EE476AF1EE10FA77FE3F
:10DE2000277A94ED647AB5EEC07AF1EE10FA40F3F9
:10DE3000F08037EE088A88FE678A6269237CE26197
:10DE4000002B40F0CB80DFED2B7A254AF4EEE76A19
:10DE5000F1EE10FA04DD94F83130002B40F01F8110
:10DE600060681368D4F864111B1A9942BFF6B5AE06
:10DE70001268012362606370AFE6237C002B40F0E0
:10DE8000AD80DFED1C7A94ED037AB4EEE77AF1EE23
:10DE900010FA00F1A98094F83030002B40F0A480F3
:10DEA000D4ED087ADFED146A94ED057A67EEA67A70
:10DEB000B4EEE77AF1EE10FA00F3A280DFED0F7A0C
:10DEC000B4EE678AF1EE10FA00F39A80074B9B6973
:10DED000984794ED5C7ACDE6947801207425002073
:10DEE000301D012000000000C08A0120B43B00204A
:10DEF000CDCCCC3DCDCC4C3EA4707D3F3333733F75
:10DF0000237C002B64D194F83030002B72D15FED6C
:10DF1000077A94ED037AB4EEE77AF1EE10FA63D45F
:10DF2000D4ED087A5FED0C6A94ED057A67EEA67A77
:10DF3000B4EEE77AF1EE10FA62DC5FED107AB4EE3F
:10DF4000678AF1EE10FA5BDC654B9B69984794EDAC
:10DF50005E7A8FE6D4ED036ADFED627A76EEE77AD9
:10DF600077EEA77AF5EEC07AF1EE10FA5AD49FED6B
:10DF70005E6AF4EEC66AF1EE10FA6EDD94ED647A34
:10DF8000B5EEC07AF1EE10FA40F39480F0EE467AE6
:10DF900038EE078A88FE678ADFED537A6369F4EE0C
:10DFA000E76AE361F1EE10FA04DD94F83130002BFA
:10DFB0007FF41EAF4D4A60681368D4F868111B1ACD
:10DFC0009942BFF60AAE126800236260637004E6ED
:10DFD000464B05221B6862706360FEE5434B0022DE
:10DFE0001B6862706360F8E5404B01221B68627039
:10DFF0006360F2E53D4B06221B6862706360ECE5EE
:10E000003A4A0421364B12685B6961706260984736
:10E01000E3E5B0EE678A10E7B0EE678A71E6B0EE2E
:10E02000678AD2E694ED647AB5EEC07AF1EE10FA22
:10E030003DDDDFED2F7AABE7DFED2D7AF1E6DFEDA9
:10E040002C7A52E6DFED2A7AABE6284B0122B0EEBD
:10E05000408A1B6862706360BFE594ED647AB5EE38
:10E06000C07AF1EE10FA93DC6369B0EE678AE3617F
:10E07000A0E71B4BDB69984794ED5F7AFAE51B49F3
:10E0800065680A68D4F86C01521B9042BFF6A5ADD2
:10E090000A6863706260A0E5B0EE468A95E60821E2
:10E0A00044E6124B07221B686270636095E59FEDA2
:10E0B000108A71E76369B0EE468AE36175E70B4B3E
:10E0C00060681A68D4F86011121A9142BFF64EAE19
:10E0D0001A680723626063707FE5F0EE467AE0E538
:10E0E000B43B0020CDCCCC3DCDCC4C3E301D0120EE
:10E0F0000000000070B4044600F18006074D1034A3
:10E100000FCD44F8100C44F80C1C44F8082C44F8CB
:10E11000043CB442F2D170BC704700BFC4CE0408C6
:10E120000023037043708370C37003714371837164
:10E13000C3717047044B03EB40100023C0F89C30C0
:10E14000C0F8B430704700BF84280020274B10B4BB
:10E150001B7813F0010F264B0AD103EB400241F26A
:10E160008834B2F9DC1001F6C41292B2A24233D95B
:10E17000204900EB40029FED207A01EB4202B2F908
:10E18000A01207EE901AF8EEE77A67EE877AB4EEFF
:10E19000E70AF1EE10FA0CDCB2F99E2207EE902AA3
:10E1A000F8EEE77A67EE877AB4EEE70AF1EE10FA56
:10E1B0000BD503EB8001052203EB40005DF8044B17
:10E1C000C1ED007AA0F81621704703EB80005DF8DE
:10E1D000044B80ED000A704707EE901A9FED060A87
:10E1E000F8EEE77A27EE800AC2E700BF94780120B4
:10E1F00008270020C08A01206F12833A70B52D4E87
:10E200000D46044696F84E33003B18BF012380F8B4
:10E210001D31CB7900F5927180F8DA3005F10800F4
:10E2200021F0ACFFAB7984F8213196F84D3384F8B6
:10E230001E3194F8D8300F2B0BD80D2B13D80A2B86
:10E240002DD005234FF47A7284F8DB304FF4FA5363
:10E2500010E0102BF5D1042340F2413284F8DB307A
:10E2600041F6082306E002234FF4487284F8DB30BD
:10E270004FF448630025A4F848312046236884F809
:10E280002051A4F84A21984794F82331082B02D949
:10E29000103B032B0BD8012384F8223170BD0623D9
:10E2A00040F2654284F8DB3042F22833E2E784F83A
:10E2B0002251F3E7C08A01200023022203618382F6
:10E2C00003808380C3804280704738B5514B0D4630
:10E2D00004460361232019F02BFC6B780BB9002056
:10E2E00038BD042B22692946204608BF012313703C
:10E2F0002AF06AFF0028F2D094F8D800022811D141
:10E30000454B2360454B6360454BC4F8A830454AF4
:10E31000136843F00103136084F82301003818BF29
:10E320000120DDE703280FD13F4B062023603F4B40
:10E3300063603B4BC4F8A8303D4BD3F89423522381
:10E340005343C4F8EC30E2E7042808D1394B0720E6
:10E350002360324B6360324BC4F8A830D7E70728FC
:10E3600026D00ED8431F012B11D82D4BC4F8A8304E
:10E37000314B23602D4B6360831F032B24D907206F
:10E38000C5E7A0F10803012BEFD90B281FD0A0F19E
:10E390000C03012B24D8294B0C282360234B6360EA
:10E3A0001F4BC4F8A83031D00D2831D00020B3E77E
:10E3B00094F81D31DFED227A002B9FED227A47FE83
:10E3C000277AC4ED2A7AD3E70230C0B29FE71E4B0A
:10E3D0000D202360154B6360114BC4F8A83096E7FD
:10E3E0000F2808D1194B11202360194B63600C4B87
:10E3F000C4F8A8308BE71028D8D1164B1220236020
:10E40000154B6360064BC4F8A83080E70E207EE70A
:10E410000F207CE72C8E0120613E04082D8004082B
:10E4200000007A3DBC770120293C04088D81040856
:10E43000C08A0120233B0408F93B0408FD3C040882
:10E440000000FA3D00007A3DED3D0408F93E040865
:10E45000A14004080D360408AD34040810B5044684
:10E4600017F090FD0D4B41F28831D3F89823C3F893
:10E470009803821A8A4206D9002283F8404001326A
:10E4800083F89C2310BD93F89C239918142A81F8D3
:10E490004040F4D1012283F83C2010BDC08A012005
:10E4A0002DE9F84F9F4C17F06DFD054694F89D330C
:10E4B0008BB918469C4B1B785BB1D4F8C83343B179
:10E4C000ED1AB5F57A7F04DB002340F00400C4F8B0
:10E4D000C833BDE8F88F002394F89EE384F89D3399
:10E4E000BEF1000F00F0A18094F8A00340B210F13B
:10E4F000630FC0F284808D4E84F8B03394F8B1730A
:10E500004FB36FF029016FF05B0C01236FF0300205
:10E510008142DFF82482A8BF01466145B8BF614649
:10E520004FFA81FC01E018F91320944580F2C38072
:10E5300001330D2BF7D16423D4F8B42304EB870106
:10E5400002FB03F37A4A82FB03C2DB17C3EB6213BD
:10E550009BB2C1F8D030307194F8AC0394F8AD336D
:10E5600094F8AE231B0494F8AF1343EA00630B4303
:10E5700043EA022303F0F023B3F1E02F4DD010263D
:10E58000D4F8C033B7FA87FC94F8BE030322997815
:10E590004FEA5C1C94F8C48302E00232B24223DAF0
:10E5A00002F1FF3904EB090393F8A033034103F0B0
:10E5B0000F039942F1D90B2BEFD8BB42A14404EBD6
:10E5C000020B04EB830302D1BCF1000FE5D099F8F4
:10E5D000A0A302329BF8A0930AEA080AB24209EB10
:10E5E0000A29C3F8D090DBDBBEF1000F13D094F8FA
:10E5F000A2331B060FD40120C4F8C8535AE794F87D
:10E60000B0330133DBB2042B84F8B03334D8474E37
:10E6100096F9040072E701204CE794F8A23313F056
:10E62000800F14BF10260C26AAE717F0ABFC3F4E54
:10E63000404BA3FB002372795B0C0AB394F8A02330
:10E6400094F8A103122818BF0128C1B208D001F024
:10E65000EF01A1F1A201B1FA81F1490901B971718A
:10E66000D4F8B813A1B994F8B17394F89EE3A4F860
:10E67000BC23C4F8B8336FE76FF05B002B4E3DE767
:10E6800094F8A01394F8A12302EB012292B2E7E7D9
:10E690008B420BD0591A94F8B17301292BD094F8FE
:10E6A0009EE3A4F8BC23C4F8B83355E794F8B173DB
:10E6B00094F89EE350E703F1FF3CDFF8808008EB1D
:10E6C0004C0C08EB43039CF811905B7C9CF910C048
:10E6D000A3EB0903A1EB0C01A2EB0C0201FB03F37A
:10E6E00093FBF2F202EB09035BB2642BA8BF642335
:10E6F00023EAE37320E7002FD1D0B4F8BC0304EB86
:10E700008706D4F8B413101ADFF834C0143801FBAC
:10E7100000F18CFB01C0C917A1EBE00189B2C6F87A
:10E72000D010BCE7C08A0120B17F0120180601206B
:10E730001F85EB5183DE1B43D4CE0408C4CE0408EE
:10E740006766666608B517F01DFC094B094A1B7819
:10E75000D2F8CC2353B1801A6FF47A7240F2E633C8
:10E76000104498428CBF0020012008BD184608BD07
:10E77000E47F0120C08A01202DE9F8437F4D17F086
:10E7800001FC7F4BD5F8D023801A984203DD95F821
:10E79000D433062B52D095F8D80308B9BDE8F883D6
:10E7A00095F8DE330022162B85F8D82368D095F82B
:10E7B000DF13C1F3411301F01F01022B56D0032BCD
:10E7C00040D0002B48D04FF00B0C4FF07C526D4BDB
:10E7D00040F2FF7866461A6095F8DD33033BDB00B4
:10E7E00093FBFCF313F0FF0325D05A1E664F002065
:10E7F000012351FA82F207F1040E07EB810701466B
:10E800000EEB820E0BE0EA1801F1080403F1010996
:10E8100092F8DF235FFA89F38A40E1B210438E4217
:10E82000F1D800EA0802891B20FA0CF047F8042B03
:10E83000BE45C9B2F3D10120BDE8F8830023A5F895
:10E84000D633A8E74FF00D0C4FF078524D4B41F600
:10E85000FF7866461A60BFE74FF07E52494B4FF093
:10E860000A0C40F2FF381A606646B5E74FF07A525C
:10E87000444B4FF00C0C40F6FF781A606646ABE74D
:10E8800095F8E423012095F8E83302F00F0295F89B
:10E89000E37303F01F0395F8EC13D20195F8F043EE
:10E8A0009B0195F8E06342EA570295F8E77301F09F
:10E8B0003F0104F07F0443EA9703C5F8502195F81F
:10E8C000EB73240195F8EF2306F00706C5F85C31D9
:10E8D000490195F8DF3344EA121241EAD701D5F82D
:10E8E000E04343EA0623B5F8E0E3C4F38A3CC5F805
:10E8F0006811B5F8E843CEF3CA0EB5F8EA13C5F8C7
:10E900004431C4F34A14D5F8EC33C1F30A01B5F825
:10E91000E473D5F8E463C5F87421C3F38A12B5F83B
:10E92000EE33C7F30A17C5F86041C6F3CA36C5F817
:10E930006411C3F34A03134C1449C5F848E121603C
:10E94000C5F84CC1C5F85471C5F85861C5E95B23D9
:10E95000D5F8F02395F8F433C2F3CA1195F8F343D0
:10E96000B5F8F223DB00C5F8781143EA5413C2F37B
:10E970008A02C5E95F23BDE8F88300BFC08A012091
:10E9800090D0030018060120048C012001F11F3FE4
:10E9900040F2014370B543EA80040D4E17F0F2FADD
:10E9A000054696F82C3406EB8303D3F81C04E307E2
:10E9B0000AD519F0ADFA640805F1340507D017F04F
:10E9C000E1FA8542FBD8ECE719F050FAF3E770BDA5
:10E9D000C08A012070B5194C06460D46012194F8F5
:10E9E0002C3404EB8303D3F81C0419F0FDF9002345
:10E9F00084F8883284F889323078013DFFF7C8FF07
:10EA000016F8010BFEF7BEFB15F0FF05F4D194F8E4
:10EA10002D343BB194F88802FFF7BAFF94F88902CD
:10EA2000FFF7B6FF94F82C34202104EB8304D4F8CC
:10EA30001C04BDE8704019F0D7B900BFC08A01209E
:10EA40002DE9F843204C0746204D2668A84602369B
:10EA500095F82C3405EB8303D3F81C0419F0C8FB9C
:10EA600010BB17F08FFA00F1270517F08BFA8542DB
:10EA7000FBD800264FF00109344698F82C3408EBF7
:10EA80008303D3F81C0419F0B3FB18B109FA06F399
:10EA90001C43A4B2092E05F134050BD017F072FA0D
:10EAA0008542FBD80136E8E723689E42D0D8002093
:10EAB000BDE8F88340F201232340B3F5007FF6D18F
:10EAC000640801203C70F3E7301D0120C08A01205A
:10EAD00013B5FF2304468DF807300DF10700FFF74B
:10EAE000AFFF00B91CB99DF8070002B010BD013C92
:10EAF000F3E7FE2313B5ADF80430002304468DF888
:10EB0000063003788DF8073013B901238DF80630ED
:10EB100004210DEB0100FFF75DFF0220FFF7D8FF96
:10EB2000FF280CD121786068FFF754FF2820FFF7F9
:10EB3000CFFFA0F130035842584102B010BD002071
:10EB4000FBE737B5054608461446FFF7D2FF78B114
:10EB50000123022101A88DF804508DF80530FFF73C
:10EB600039FF2046FFF7B4FFA0F130035842584167
:10EB700003B030BD0F4B07B50268934317D0FF2396
:10EB80000421ADF8043043788DF8063083780DEB1E
:10EB900001008DF80730FFF71DFF0220FFF798FFF7
:10EBA000A0F130035842584103B05DF804FB012046
:10EBB000FAE700BF00FFFF00002273B51F4E0144BB
:10EBC000044686F88822CDB286F8892286F8312458
:10EBD00086F83224FF228DF807202046FFF730FF09
:10EBE000F8B114F8010BFEF7CDFAE3B2AB42F4D161
:10EBF00096F82D34EBB11248FFF722FF88B1114887
:10EC0000FFF71EFF68B10DF10700FFF719FF40B1D4
:10EC1000B6F88822B6F831349A4202D0C2238DF871
:10EC200007309DF80700A0F130035842584102B068
:10EC300070BD0DF10700FFF703FFF2E7C08A012066
:10EC4000F18E0120F28E012037B5054608460C46AC
:10EC5000FFF790FF60B12378022101A88DF80450DE
:10EC60008DF80530FFF7B6FE21786068FFF7A4FF46
:10EC700003B030BD30B50F4C83B000230546D4F847
:10EC800034240DF10601082084F83334ADF8063041
:10EC9000F7F710FB0DF10601D4F834248120F7F7C3
:10ECA00009FB2846D4F83414BDF80620F7F71EFBFC
:10ECB00003B030BDC08A012038B51A4C17F062F994
:10ECC0000546D4F83834C31AB3F5FA6F02DD0023D1
:10ECD00084F83C3494F83C3423B900230120C4F870
:10ECE000403438BD00221049D4F84004F6F7EAFC5D
:10ECF00094F83C347BB90D4B1B781A2B04D1D4F813
:10ED000044340B4AEB1AD36000230120C4F8445466
:10ED1000C4F8403438BD0748FFF7ACFF002384F83F
:10ED20003C34E8E7C08A0120FC8E0120B4010020B9
:10ED3000BC010020F0CE040838B5044617F0F4F802
:10ED40005C4B002283F83C2493F83324012A06D933
:10ED5000D3F8482440F6AC51821A8A422ADCE2B247
:10ED60007E2A37D093F8331419B393F833141B2940
:10ED70006FD893F8B814002900F09180002182F038
:10ED8000200283F8B81493F83314022902D1012A1F
:10ED900000F08C8093F84E0493F8334493F83314C6
:10EDA00003EB401001312044C9B280F84F2483F8AE
:10EDB000331438BDB3F84C243F490132097892B27C
:10EDC0001A29A3F84C2459D0002283F83324E2B244
:10EDD0007E2AC7D193F83324012A2ED993F84E24E2
:10EDE0003649013293F84F54A1FB024101F4FF74FC
:10EDF00004EB5101521AD2B295420AD093F833442F
:10EE000093F84E14013C83F84E2403EB411282F830
:10EE10006B4493F8B0243AB10121002283F83C14EA
:10EE200083F8B024C3F83804234A12781A2A30D061
:10EE30000022C3F8B40483F8B8240122C3F84804BC
:10EE400083F8332493F84E2403EB4213C3F86C0485
:10EE500038BD0022184983F83324B3F84C240978CC
:10EE600001321A2992B2A3F84C24A2D1B3F84C343F
:10EE70000221134A9BB2C2E9013138BDB3F84C24D8
:10EE800001250F4992B2C1E90125002283F83324FC
:10EE90009DE7D3F8B4240A49821A0A60C8E77D2A9C
:10EEA0007FF471AF012283F8B82438BD012183F8C3
:10EEB000B0146FE7C08A0120B4010020ABAAAAAA4F
:10EEC000BC01002070B5054617F02EF82C49D1F88A
:10EED000BC24821AB2F57A6F16DC91F8C024C1F80E
:10EEE000BC04B2B1022A42D0442A45D991F87D40EF
:10EEF00001326400D2B2E31C9A4281F8C02417DDCB
:10EF00000534A2422AD070BD0023C1F8BC0481F8A8
:10EF1000C034A82DF7D1002691F87D402B4632460B
:10EF200081F87C60A1F87E608E1886F88030DFE77B
:10EF3000E8B2B1F87E30082241F2210483EA0023CE
:10EF400013F4004F4FEA430084EA43030CBF83B23B
:10EF50009BB2013AF4D1A1F87E3070BD00220123AA
:10EF6000C1F8C80081F8C02481F87C3070BDEBB2D4
:10EF70001C4681F87D30D7E7EBB291F87D40D3E7AE
:10EF8000C08A012010B5164C94F86C3533B10023BB
:10EF900084F86C350023C4F8703510BDD4F8703592
:10EFA00033B9104A926813600023C4F8703510BD5D
:10EFB00016F0BAFF0B4A04F2C443C4F87405D168D2
:10EFC000D4F8700599420CBF04F5A36304F5A3615E
:10EFD0001860C2E902130023C4F8703510BD00BFE9
:10EFE000C08A01201806012010B5044616F09CFFC7
:10EFF0000D4A0E4B9268C3F87805116819B9D3F819
:10F0000070154F2906D900210822C3F8701583F81E
:10F010007C2510BDD3F87005D3F87015024401317A
:10F020001471C3F8701510BD18060120C08A0120A4
:10F0300038B50D46044616F077FF134B41F2883180
:10F04000D3F88025C3F88005821A8A4209D9E4B230
:10F05000012283F8A04383F88425002283F89D23AE
:10F0600038BD93F884250F2AFAD8511CE4B21A440B
:10F07000C9B282F8A043102983F88415EDD101228A
:10F08000286283F89D2338BDC08A012038B50C461C
:10F09000054616F049FF40F6AC52E369C31A9342A5
:10F0A0000DDD002384F820300F2D07D10123E0610E
:10F0B000257084F82030002384F8213038BD94F87E
:10F0C0002020002AF0D0182AF8D8511CC9B21929DA
:10F0D00084F82010A554EED1044A0121127884F856
:10F0E0002110192AEAD1024A936038BDB4010020E8
:10F0F000BC010020F8B51D4C054616F015FFD4F8EC
:10F100008835C31AB3F5FA7F0ADC94F88C353BB125
:10F11000022B28D994F891250232934208DBF8BDDE
:10F120000123C4F8880584F8905584F88C35F8BD1F
:10F13000591C2344C9B283F89055914284F88C1528
:10F14000EDDB0B4D00230127A5F1140684F88C3567
:10F150000FCE0FC5336884F8B6752B8016F0E4FE29
:10F16000C4F8CC03F8BD0522D7E700BFC08A012050
:10F170006490012038B5044616F0D6FE2F4BD3F824
:10F18000B825821AB2F5FA7F18DD0022C3F8B80557
:10F1900083F8BC2583F8BD25E1B204292AD0A1F16A
:10F1A0002002B2FA82F2520922BB93F8C0550DB97F
:10F1B000552C33D0A54216D1002209E093F8BD2585
:10F1C00042BB93F8BC25C3F8B805002AE4D0E1B2ED
:10F1D00093F8BE45013C9D18A24285F8C41503D0A2
:10F1E000013283F8BC2538BD0122C3F8E40583F859
:10F1F000E82538BD022400224FF6FF7583F8C015BC
:10F2000083F8C1454C1E83F8BE1583F8BF25A3F8CB
:10F21000C255E0E7013A83F8BD2538BD01205521EC
:10F220001F24A3F8C22583F8BF0583F8C10583F81E
:10F23000C01583F8C41583F8BE45D1E7C08A012004
:10F2400038B5044616F070FE364BD3F8F825821A0E
:10F25000B2F57A7F23DC93F8FC15C3F8F80551B3B7
:10F260004A1CD3F80056D2B26C54062A83F8FC2507
:10F2700030D193F85822012A4FD093F8FE25012A65
:10F2800002D1AA78092A3DD90022282183F8FC2539
:10F2900083F8582283F8FE2583F8FD1538BD002237
:10F2A0002821C3F8F80583F8FC2583F8582283F851
:10F2B000FE2583F8FD153D2C27D03E2CEED10121F3
:10F2C000194A83F858121146C3F8002601220C701F
:10F2D00083F8FC2593F8FD159142DFD193F858226D
:10F2E000012A02D1022283F8582293F8FE25012A2E
:10F2F00004D10222C3F8840283F8FE2500212822CB
:10F3000083F8FC1583F8FD2538BD0121074A83F8F1
:10F31000FE151146C3F80026D8E7AA78282AACD8EB
:10F32000F0E700BFC08A01201C8D0120AC900120B5
:10F33000F8B51D4C0646002094F8045604F5C1614A
:10F34000AA1E3544314421F0D5F9AB1E013D2344BA
:10F35000254493F8082695F8083603EB02239BB260
:10F36000984200D0F8BD94F82B56D5B1701C04EB30
:10F37000450521464FF4AF66C0B2421C2318023047
:10F38000224493F8087692F8083603EB07239BB2E1
:10F3900006FB03F31B1303F5487321F8023BA94254
:10F3A000EBD101232376F8BDC08A0120F0B5414C92
:10F3B00083B00546019016F0E5FDD4F82C36C4F86C
:10F3C0002C06C31AB3F5FA5F25D9002384F830362A
:10F3D00084F83136A12D5CD0A22D63D094F831365B
:10F3E000002203B394F80476531CEDB22244DBB23E
:10F3F00082F80856BB4284F830361AD194F8323677
:10F40000052B18D0062B19D0002384F8313684F848
:10F41000303603B0F0BD94F83026002ADAD094F8E4
:10F420003136002BDED194F8303694F80476BB42A6
:10F43000E4D003B0F0BD0020FFF77AFF94F809365E
:10F440001E2BE1D1013F0023002F19DD19461A467A
:10F45000A0181D46082290F8083685EA03005E08C9
:10F46000013AC5F34705C30754BF334686F08C0302
:10F4700012F0FF02F1D10131C9B2B9420A46E7DB0D
:10F48000E61996F808269A42BED10320FFF750FFEE
:10F49000BAE71B2301221F4684F8312684F804367C
:10F4A0000022A1E7232301221F4684F8312684F895
:10F4B0000436F5E7C08A012010B5114CD4F8343673
:10F4C0000BB9012010BD16F05DFDD4F87435D4F8E9
:10F4D00078259B1A002BF4DDD4F87835C01AAD28B6
:10F4E000EFDD08480123D4F8342604F5C76100682D
:10F4F00084F86C3518F06AFB0023C4F83436E0E772
:10F50000C08A01209881012010B5074C22780AB9E1
:10F51000012010BD054B0649186818F057FB002361
:10F520000120237010BD00BFB17F01209081012018
:10F530009C7F01202DE9F041234C94F8B63523B38C
:10F5400006460020D52294F8A61584F8B60521F0C9
:10F55000C3F894F8A575022F0BDD04F2A45804F249
:10F56000A655B84415F8011FD52221F0B5F8A845D5
:10F57000F8D1274497F8A53583420ED194F8A435E5
:10F58000822B18D00820BDE8F081FFF7DBF80028B7
:10F590000CBF00200420BDE8F0810C4B1B78412BF0
:10F5A000F0D1B4F88A360820094A01331BB2A4F816
:10F5B0008A361360EFE70122D4F8CC33052084F8B3
:10F5C00088263362BDE8F081C08A0120B4010020A2
:10F5D000BC010020F8B53E4C94F8E8350BB900208A
:10F5E000F8BD94F8BF3500260546012B84F8E86580
:10F5F00023D194F8BE2594F8C1052244B4F8C2651D
:10F6000000F11C0C034692F8C31592F8C2E55FFAAC
:10F610008CFC0EEB012E1FFA8EFEE118023391F8DE
:10F62000C575DBB291F8C425634502EB072232446D
:10F6300096B2F2D1B645D2D10DE094F8BE1504F2DF
:10F64000C450F5F77DFD0028C9D094F8C035202BB3
:10F6500035D194F8C1051F49024601F13807A618B3
:10F66000023296F8C535D2B296F8C4651B0203F48F
:10F670007063334441F8043B8F42F0D1421C19308F
:10F6800004F50477D2B2C0B2A618063296F8C63591
:10F69000D2B296F8C81523F00F0396F8C465090195
:10F6A000824243EA161301F4706143EA010347F80A
:10F6B000043BE9D1D4F8E43501202B62F8BD04F213
:10F6C000C450F5F765FD0346304684F8BD35F8BDF6
:10F6D000C08A0120988C012038B50D4C05460146A2
:10F6E000D4F88C0618F094FAB4F8903641F221025E
:10F6F00083EA0520082310F4004F4FEA400018BFAA
:10F700005040013B80B2F6D1A4F8900638BD00BF4E
:10F71000C08A012010B5064CD4F88C0618F052FAB5
:10F720000028F9D0D4F88C06BDE8104018F042BA91
:10F73000C08A012010B5FFF7EDFF0A4A082141F207
:10F740002104B2F8923683EA00239BB213F4004FEF
:10F750004FEA430318BF634001399BB2F6D1A2F8C8
:10F76000923610BDC08A01202DE9F04FD04C4FF0E9
:10F7700000084FF0010ACDB0C4F88C0611F062FD0C
:10F7800084F8928684F89386FFF7D4FF2F28F7D168
:10F790000DF1300B0121002018F062FC5D46ADF840
:10F7A0000080FFF7C7FF8146FFF7C4FF8DF809000F
:10F7B000FFF7C0FF8DF80A00FFF7BCFF06460746BB
:10F7C000013FFFF7B7FF0BF8010B17F0FF07F7D169
:10F7D000FFF7A0FF8DF80500FFF79CFFB4F8923605
:10F7E0008DF804000121BDF8042000209A4218BFC2
:10F7F000032718F035FC002F7FD1A9F130030395C2
:10F80000102B00F2D381DFE813F06400890031028D
:10F8100091001100AF00D1010001D1018401AF01BD
:10F82000DC01D101CA01F7019A000E0201266D46E2
:10F83000B346002184F8908684F89186084618F033
:10F840000FFCD4F88C0618F0A7F92E20FFF744FF20
:10F850004846FFF741FF9DF80900FFF73DFF9DF87F
:10F860000A00FFF739FF5846FFF736FFD4F88C0639
:10F8700018F0A4F90028F9D00BF1FF3B15F8010BA3
:10F88000FFF72AFF1BF0FF0BF0D13846FFF724FFEC
:10F8900094F89116D4F88C0618F0BAF994F89016EA
:10F8A000D4F88C0618F0B4F9D4F88C0618F06EF978
:10F8B0005946584618F0D4FB002E3FF461AF94F837
:10F8C0009536002B40F0DC8118F0B6F94DB0BDE85C
:10F8D000F08F94F82D3483B194F89436022B11D81C
:10F8E00093B1FD23022107A8ADF81C30FFF772F891
:10F8F0000120FFF7EDF8C12806D100266D464FF034
:10F90000010B96E7042BECD000266D464FF0010B5F
:10F910000F2784F82D8484F82E848AE76C23002630
:10F920006D464FF0010B8DF8003082E74FF4D9633C
:10F9300000266D464FF0020BADF8003079E72E78C7
:10F94000022E07D9042E08D000266D464FF0010B79
:10F9500009276EE7002E00F08E8184F894666D46CC
:10F9600000264FF0010B64E72D7894F89536AB42F2
:10F9700005D800266D464FF0010B082759E794F88B
:10F98000943684F82C54022B34D8ABB39DF80A601B
:10F99000022107A8ADF81C8084F82DA4FFF71AF8FF
:10F9A000012E29D104EB85053146D5F81C0418F049
:10F9B0001BFA94F82C3404EB8303D3F81C0418F0DE
:10F9C00055FA3C4B19681A68521AB2F5967FFAD369
:10F9D00094F82C3404EB8303D3F81C0418F098FA41
:10F9E00094F82C34202104EB8303D3F81C0418F082
:10F9F000FBF901E0042BC9D000266D464FF0010B46
:10FA000084F82D8484F82E8413E72B7894F89526B7
:10FA100084F82D849A4284F82E84AAD9032684F887
:10FA20002C34254B07AA03F1100C1868083353F83F
:10FA3000041C1546634503C52A46F6D11B781121DF
:10FA400007A82B70FEF7C6FF082104A8FFF7B4F83B
:10FA5000002851D09DF81030342B4DD19DF8113035
:10FA6000372B49D19DF81230312B45D19DF81330F9
:10FA700041F2FE059DF8150084F82F349DF81430EE
:10FA800084F82D0484F82E34B4F82D1401F5BF52F7
:10FA90001F3292B2AA4213D884F894A694F89436EE
:10FAA0000026064D4FF0040B84F83034C1E600BF49
:10FAB000C08A0120301D0120F7CE0408ED8E012000
:10FAC00021F0080249F20735AA4207D049F20A326A
:10FAD000914203D049F20B42914203D1022384F8B0
:10FAE0009436DBE7013BDBB28E2B05D8062803D129
:10FAF000042384F89436D1E7013E16F0FF0690D136
:10FB0000694D4FF0040B0F2784F82D6484F82E64A0
:10FB10008FE694F89426012A01D0042A46D12B7846
:10FB2000042A02A88DF80A808DF800300CBF9B00D3
:10FB30005B00DBB28DF80930FFF71CF870B14FF4B1
:10FB40008173022107A8ADF81C30FEF743FF40F295
:10FB5000DC50FEF7BDFF30283FF4CFAE00266D46E7
:10FB60004FF0010B0F2764E62B788DF8083094F8DE
:10FB70009436022B0CD8CBB1022B0BD102A9072053
:10FB8000FFF762F80028E9D09DF808B0002650E69B
:10FB9000042B0BD102A90320FFF756F8F2E72B78CC
:10FBA0008DF8083094F89436022B05D000266D4667
:10FBB0004FF0010B02273CE602A90420FFF744F8AE
:10FBC000E0E794F894368DF80860022B10D8002BEB
:10FBD0003FF493AE02A8FEF7CDFF0028BED0FA2274
:10FBE00002A90120FEF7ADFF00287FF486AEB5E73D
:10FBF000042B7FF482AEEDE794F894368DF808601C
:10FC0000012BD3D0022BA9D102A8FEF7B3FF002805
:10FC1000A4D040F2DC5202A90520FEF792FF002892
:10FC20007FF46BAE9AE794F89456042DBED102A8E7
:10FC30008DF80860FEF79EFF00288FD002A8FEF71F
:10FC400058FF00288AD04FF48273022107A8ADF82C
:10FC50001C30FEF7BFFE1420FEF73AFF30283FF4B9
:10FC60004CAEC0287FF47AAF2F4646E600260F4DF3
:10FC70004FF0090BDDE56D464FF0010B0927D8E584
:10FC8000013B0221DBB284F8953604EB8303D3F801
:10FC90001C0418F0A9F894F8953604EB8303D3F804
:10FCA0001C0418F0E3F80AE6ED8E0120901F050809
:10FCB000094BD3ED086A26EEA67A16EE903A002B91
:10FCC000064BF0EEC77AB8BFF1EE677A27EE800AEE
:10FCD00083ED160A704700BF18850120D42000204C
:10FCE00008B50120FDF768FA044B93ED080AFFF709
:10FCF000DFFFBDE80840FDF7ADBA00BFD42000200B
:10FD0000314A324BD2ED087A314A27EEA77A93ED89
:10FD10000D6AD2ED016AD3ED0F7A70EE666AD3ED0B
:10FD20000C5A27EE067A92ED025A93ED0E6A66EEB1
:10FD3000A55A93ED120AE7EE267A26EE056AF5EE4D
:10FD4000C07AF1EE10FA3BD4C0FE677A35EE867ABF
:10FD5000204AC3ED0F7A137837EE277A4A2B87FEB5
:10FD6000400A2CD1F0EEE64A16EE902A9FED1A5A80
:10FD7000FDEEE55A002AFDEEE77AB1EEE47A174B84
:10FD8000C3ED025AC3ED037A26EE855ADFED126AFF
:10FD9000BDEEC66ABDEEC55A83ED046A83ED005A16
:10FDA000B0EEC77AB8BFB1EE477A27EE267AFDEEFD
:10FDB000C06ABDEEC77AC3ED056A83ED017A70476C
:10FDC000DFED077AC2E700BF18850120D4200020AC
:10FDD00000000020B40100200000C842BC01002047
:10FDE0000000000010B50E4C94F89B06E9F76CFF7C
:10FDF00094F8A906E9F768FF94F8B636022B04D008
:10FE0000084B1A78022A05D010BD94F8BA06E9F713
:10FE10005BFFF5E79878BDE81040E9F755BF00BFF4
:10FE2000C08A0120B48A0120054B93F8920603F59D
:10FE3000EC723C3301280CBF10461846704700BFD7
:10FE4000C8020020124B002908BF0146114A30B5F4
:10FE500083F8F00083F8F41013889BB10E4CB4FBC8
:10FE6000F3F5956004FB01F54443B5FBF3F5B4FBF2
:10FE7000F3F4B3FBF1F1B3FBF0F3D56014615180FF
:10FE8000938030BDC2E90233136153809380F8E759
:10FE900000000020C802002040420F002DE9F04180
:10FEA000694C6A4E94F861332DED048B84B06BB1CC
:10FEB000B4F8663353B1A6F89A36B4F86833B4F898
:10FEC0005223A6F89C360123A6F8982686F8963683
:10FED0004FF00008B4F8503300275C4D08EE103A9C
:10FEE00033889FED5B9A08EE903AB8EE488AF8EEB8
:10FEF000688A05F55E70B0EE491AF0EE680A0121D5
:10FF0000B0EE480A08F10108C5F88473C5F880739B
:10FF1000C5F87C73C5F878732CF066FC05F567703E
:10FF2000F0EE680AB0EE480A01219FED4A1A483502
:10FF3000C5F86073C5F85C73C5F85873C5F8547399
:10FF40002CF052FCB8F1030FD3D1B4F8523394F82B
:10FF5000611300EE103A738896F8962600EE903AF8
:10FF6000B8EE400A3C48F8EE600A03928DED010AB3
:10FF70000091CDED020A20F0D7F9039ADDED020AD7
:10FF80009DED010A0099354820F0CEF9039ADDED88
:10FF9000020A9DED010A0099314820F0C5F9B4F834
:10FFA000543394F86213002200EE103A73882D48FF
:10FFB00000EE903AB8EE400A0091F8EE600A8DED3E
:10FFC000010ACDED020A20F0AFF9DDED020A0022B0
:10FFD0009DED010A0099244820F0A6F90022DDEDEC
:10FFE000020A9DED010A0099204820F09DF97388CE
:10FFF0001F4801EE103AB4F8583300EE903AB4F8C6
:020000040802F0
:100000005633B8EE411A00EE103AF8EE600AB8EE38
:10001000400AEBF704FC7388164801EE103AB4F876
:100020005C3300EE903AB4F85A33B8EE411A00EE61
:10003000103AF8EE600AB8EE400A04B0BDEC048B4A
:10004000BDE8F041EBF7EBBBC08A0120C8020020FD
:10005000D48B0A3F753DA73F1807002048070020B2
:1000600078070020A8070020D807002008080020F3
:1000700038080020C8080020234930B591F892368E
:10008000E9B0012B04D0022B19D0ABB169B030BD5F
:1000900001AC01F5EC714FF4CE7220462BF068FAFA
:1000A000A3681BB10DF1DA0120469847B4F9D620B8
:1000B000164B1A8069B030BD01AC3C31EBE701ACA6
:1000C0003C314FF4CE7220462BF052FAA3681BB19C
:1000D0000DF1DA01204698474FF4CE720C492046C4
:1000E000B4F9D6502BF044FAA3681BB10DF1DA0134
:1000F00020469847B4F9D630044AAB42B8BF2B46E5
:10010000138069B030BD00BFC802002074220020F7
:10011000A00400200D4B93F89226012A07D0022A52
:100120000BD0D3F8D401B0FA80F040097047D3F86F
:100130007003B0FA80F040097047D3F8D421D3F8A7
:10014000703313430CBF012000207047C802002009
:1001500070B515F017FF0E4B0E4A0026C3F8CC06FB
:1001600003F2BC6503F5DA6403F5DB6102F10C0010
:10017000F2EC017A25F8026BFDEEE77A824217EE87
:10018000903A1BB224F8023B21F8023BF0D170BD3B
:10019000C08A012084860120F8B5134E134DB6F8AD
:1001A000442012B9A5F84028F8BD114B1B88A5F8CA
:1001B0004038002BF8D0002405F64407B6F8443048
:1001C00038193034002200EE903AB5F84038082152
:1001D00000EE103AF8EE600AB8EE400A20F0A4F8FB
:1001E000902CEBD1E0E700BFFC240020B43B0020C2
:1001F000343D01202DE9F04F914C924D2DED048BB3
:1002000094F860338DB0012B00F08081022B0CBF7D
:100210000723002385F89E368B4A0023012112789C
:1002200085F89336D31EA5F894163A2B3FD8DFE80D
:1002300013F06A013E003E006A013E003E003E00AF
:100240003E003E003E003E003E006A013E006A0164
:100250003E003E006A013B003B003E003E003E0087
:100260003E003E003E003E003E003E003E003E009E
:100270003E003E003E003E003E003E003E003E008E
:100280003E006A013E003E003E003E003E003E0051
:100290003B003E003E003E003E003E003E003E0071
:1002A0003E003E003E006A01012385F8953600229B
:1002B00094F84F3394F86A7384F8052785F89236DA
:1002C000002F00F03081FE0700F1D680BB0740F11F
:1002D000E4805E495E48FDF7F8FF94F80537002892
:1002E00000F0188143F0020384F80537002F40F036
:1002F00016814FF00108574E84F86A3395F892261C
:10030000022A00F08882002A40F0EA85D90700F12D
:10031000EA8203F00301DA43032902F0010285F8BF
:10032000922684F84F2300F0E78595F89236013B3A
:10033000012B1DD84FF00108474B444903F110022F
:100340004348C5F87432C5F87822FDF757FF95F891
:10035000943623B195F8FA32003B18BF01233F4A87
:1003600095F8FB1285F894361175B8F1000F04D09A
:10037000022384F8163720F00DFA95F8923613F020
:10038000FD0F13D1364B3046364903F11002C5E953
:100390003632FDF733FF95F89436002B40F06A8231
:1003A0002E4A95F85F1185F89436117595F89236B6
:1003B000D5F8E420012BC5F874636A6100F043822C
:1003C000294F5822B6F848310021B6F84A813846FC
:1003D0002B80A5F890862CF02DF8FFF725FDB8614D
:1003E000DFF8909094F84F2399F80330B6F8D810BE
:1003F000012A3B77B98294F89F3600F080851B482C
:100400001B49BB751FF0BAFE99F80230132B00F29E
:100410008082DFE813F082027E027E0282027E0288
:100420007E027E0286028A027E028A028A028A0294
:100430007E02F804FF04FF047E020505090500BFE3
:10044000C08A0120C8020020B4010020669101206A
:10045000A004002004030020F8000020180601205A
:100460001801002058910120FC24002060910120F7
:100470001C250020343D0120C44EC5493046FDF7FF
:1004800024FF8046002840F0FB81B8073FF521AFEC
:1004900094F80537002B7FF431AF4FF0000ABD4EC2
:1004A00094F8B61694F8BB2606F1A403022986F840
:1004B000F420F36000F0A081032900F08581012978
:1004C00000F04381B44E33787779012B39D0022B79
:1004D00007D1B24D7178284618F064FA002840F030
:1004E000DA81092428F080FD0028FBD128F07CFD6A
:1004F00008B908F095FE013CF4D150460DB0BDECB2
:10050000048BBDE8F08F85F89326D0E6042385F8A8
:100510009E3681E6002BC0D0002F3FF4EAAE4FF0AC
:1005200000089A4EEAE69A499848FDF7CEFE002860
:100530003FF4CFAE94F8053743F0010384F8053754
:10054000C7E6F278013A032A00F2DE8428219448B3
:10055000924D01FB02F108442144286081F81C37C8
:1005600081F8202733792B71082F00F2E68001A350
:1005700053F827F0F9080208E3040208F908020812
:10058000AD0C0208B10B0208490C0208F70B020877
:10059000430B0208DD0D020809210C20EAF7C6FA18
:1005A000282017F0C5FA01233A4608217B4818F0A5
:1005B000BDFB9DF914309DF81420002B80F2BA8207
:1005C000530640F1B7823A4659460923734818F05A
:1005D000ADFB002800F0AE8209230DF11D021921A8
:1005E0006E4818F0A3FB002800F0A4829DF8153097
:1005F0009DF814101A099DF817001B0242EA011217
:10060000C90903F470639DF8161018BFA2F5805253
:1006100019431E059DF8183048BFA1F58051A4F874
:1006200010281B019DF81920A4F8121843EA003382
:1006300043EA12111803BDF81A304FEA024248BFCC
:10064000A1F580115BBA02F47022C4F814189BB2B1
:1006500013431203BDF81C2048BFA3F58013C4F850
:10066000183853BA9AB21F04BDF81E304FF008076D
:1006700048BFA2F580325BBAA4F81C281E049AB2C7
:10068000BDF8203048BFA2F580325BBAA4F81E281E
:1006900018049AB2BDF822304FF0060048BFA2F508
:1006A00080325BBAA4F8202819049AB24FF05401A2
:1006B0004CBFA2F580331346BDF82420A4F822389D
:1006C00052BA93B2120448BFA3F58033A4F8243879
:1006D000EAF72CFA01230DF1130228212F4818F014
:1006E00025FB9DF81310072021F07F0141F05401F4
:1006F000EAF71CFA0C210920EAF718FA0721384614
:10070000EAF714FA254818F04BFA002225484AF671
:10071000C8732549A5F89E20244AC5F8A400C5F849
:10072000A81023482349C5F8AC20A5F8A030224AD8
:10073000224BC5E92C01C5E92E23214A2149136822
:100740008F7543F004031360CBE694F8B736013B92
:10075000032B0AD82822124802FB03F21044224439
:10076000F06082F81C1782F8203794F8B83633749A
:1007700094F8B536062B00F2AE83DFE813F0910053
:10078000AC03910049016001F800A10104030020BD
:1007900058910120E82E0120B48A01201C2E01204E
:1007A000DC910120811804087D18040879180408D8
:1007B00071180408AD370408B9180408851804082E
:1007C000BC77012018060120CC4B95F89206A3F5C2
:1007D000CE72012818BF134693F8D830062B7FF449
:1007E00071AEFFF721FB94F8B836103086F8A410EC
:1007F0003374C6F8A800BBE794F8B91606F10C00EC
:1008000018F0D0F800283FF45DAE94F8BA0617F05F
:1008100045FA7061ACE703F00302032A11467FF446
:100820007AAD95F85F1195F8FB22914200F0908027
:1008300095F89236022B40F08F80002385F892368F
:1008400084F84F3394E5AD4E5822AD4F0021B6F8F1
:100850004831B6F84A8138462B80D5F88032C5F841
:1008600074636B61A5F890862BF0E4FDFFF7DCFA6A
:10087000B861B5E595F85E31003B18BF01238FE5FF
:1008800094F8053717F0020843F0010384F80537A0
:100890007FF41FAD32E5B07817F000FAA86063E688
:1008A000F3681B78012B00F06E850022022BDFF825
:1008B00054828DF8142000F0F18605AF01230A213F
:1008C00090483A4618F032FA002800F0FC809DF873
:1008D0001430482B40F0F7808B4A02278B4B48F8A6
:1008E0000C2C7360C5E003F00302032A99D0B8F121
:1008F000000F3FF442AD3BE5F38894F8C2875BBA42
:10090000F079A4F8C037B8F1000F00F0DD840227B9
:1009100013E7012B00F08F8200233A7D022A00F0BA
:10092000C7843A7D032A00F040843A7D042A00F00F
:100930003684511F042900F26682931F744875495A
:10094000032BC7E9010140F29887082200F001BC9F
:1009500063F07F0384F8053795F89236013B012B4D
:100960007FF6EAACB8F1000F3FF407AD00E5F3689D
:100970001B78012B00F0428580220A21614805AFD7
:1009800018F0B2FC0025142017F0D2F83A460123E3
:100990000D215C488DF8145018F0C8F920B19DF86D
:1009A0001430FF2B00F09A8694F8B536072B7FF4AD
:1009B00089AD544818F0F4F8F36880226B215D6823
:1009C000284618F091FC962017F0B2F8012328462B
:1009D0003A46752118F0AAF99DF8143003F0FD038A
:1009E000712B7FF46FADF36802223721586818F03D
:1009F0007BFC962017F09CF80C234248337418F0C7
:100A0000CFF8EAF7E8F8002800F05F86072735E01E
:100A1000DFF8F08005AFF3681B78012B00F0F58458
:100A200000238DF814303A4601230021354818F090
:100A30007DF920B19DF81430482B00F07E83F768D3
:100A40003B78012B02D194F8B83633742B4B95F8D0
:100A50009216A3F5CE72012918BF134693F8D83029
:100A6000062B00F0F785EAF7B6F800283FF47FAFD1
:100A7000042794F8B536072B00F03082264A01216E
:100A8000264D13680846EF7543F00803136017F00E
:100A9000E7FA3368224898470021012017F0E0FA6E
:100AA0000121002294F8B43684F8BC1786F8CC20D3
:100AB0000BB186F8CC301B491B481FF05FFB01E5EA
:100AC000DFF8408005AFF3681B78012B00F0AA84A3
:100AD00000238DF8143001233A460F21094818F0FD
:100AE00025F9002897D09DF814303D2B93D10F4A5B
:100AF00006270F4B48F80C2C7360BAE7A0040020BF
:100B0000FC240020F42E012049320408713104082D
:100B1000B9200408C1800408BC7701201806012010
:100B2000E82E0120B82F0120849101200132040811
:100B3000F13004082B681B78022B02D1A86817F04B
:100B40000BFEB379142084F8303816F0F1FF94F8D6
:100B5000300817F0A3F8074650B12722B84BB9491F
:100B6000C280C5F89830E9F771F8384617F082FB73
:100B70002B681B78022B00F081852B681B78012BDA
:100B800000F06F8400260123AF4A0021AF4818F01F
:100B9000CDF894F83138502B00F06C842B681B781A
:100BA000022B02D1A86817F0D7FD0EB100232B71DC
:100BB000142016F0BDFFE9F79FFF2B681B78012B6F
:100BC00000F0468400260123A14AD0219F4818F056
:100BD000ADF894F84938582B00F05081602B00F0A4
:100BE0004D812B681B78022B02D1A86817F0B4FD49
:100BF0000EB100232B7100261420CDE90566CDE946
:100C00000766CDE909668DF82C6016F091FFE9F7CB
:100C100073FF2B681B78012B00F0118401238D4A90
:100C2000D1218A4818F082F894F864385C2B00F0DF
:100C30006E812B681B78022B00F0C883002E3FF4D6
:100C400050AC00232B714CE405AF2B681B78022BB2
:100C500000F056842B6893F800B0BBF1010F00F050
:100C60004584002300934FF00508DFF8E0916420ED
:100C700016F05EFF01233A460D21484618F056F85B
:100C800028B19DF814B0BBF1100F3FF485ACB8F15A
:100C90000108ECD12B681B78022B00F03C85009BEF
:100CA000002B3FF44EAF00232B714AE70DF11307E1
:100CB0000A2016F03DFFE9F71FFF2B681B78012B78
:100CC00000F0D3840023009339460122A020E9F7E5
:100CD0005BFF8346002800F066839DF81330FF2BEE
:100CE00000F061832B6801221E2158481B78022BDB
:100CF00000F00B8518F0F8FA4FF42F60DFF87891C8
:100D00004FF0A00805AF16F007FF4FF00003404674
:100D100008F1020802223946ADF814305FFA88F86B
:100D2000E9F732FF9DF814209DF81530B8F1B00FA7
:100D300043EA022329F8023BE7D1B4F8060800236E
:100D400000F47F4C194600F00F00A4F806C821F00B
:100D500001022244B2F8F827002A18BF4FF0000B16
:100D600011F0010F00F04083D2B25340082213F477
:100D7000004F18BF83F4C053013A4FEA4303F6D142
:100D800001311029E3D14CEA000CA4F806C8BBF1EC
:100D9000000F40F00983C3F30333984240F004830B
:100DA0002A48032717F0FCFE42F210732A492B4A07
:100DB000A5F89E30A5F8A030294B2A48C5F8A81000
:100DC000C5F8AC202849294AC5F8B030284BC5F8E9
:100DD000A400C5F8BC30C5E92D12AEE405AF2B6800
:100DE0001B78022B7FF436AFA86817F091F8A8683B
:100DF00008B12123C380012116F0F6FF1D4817F02A
:100E000011FEA88026E73A7D082A00F0D9820B2A35
:100E100000F0D6823A7DA2F10C01012940F2CB818B
:100E20003A7D0F2A00F0B5813A7D102A00F08C81BE
:100E3000002B7FF46EAD4FF0010AFFF730BB00BF0F
:100E400059340408B42E0120F19201201C2E0120F7
:100E50000993012024930120C1390408793704083B
:100E6000C3390408C939040881390408453704081E
:100E7000AB16040880969800B8920120D748012448
:100E800017F08EFE1823D64A8821D448042717F07D
:100E90004DFF3122F421D14818F026FA0021D14B20
:100EA00045F6D812D048A5F89E10C5F8A430CF4911
:100EB000CF4BC5F8AC00C5F8A810CE48CE49C5F850
:100EC000B030CE4B85F89C40A5F8A020C5F8BC30CA
:100ED000C5E92D1031E4072B7FF4F4AA05AF68E5CE
:100EE000012A40F084829A077FF513AA03F00302D7
:100EF000032A7FF421AA94E44FF0010891E494F8C6
:100F0000AD36BF48FFF77CBAB44DFFF72BBBB348F3
:100F100017F046FE0522F121B04818F0E5F9192333
:100F200005AAA021AD4817F001FFBDF822209DF8C9
:100F3000159052BA9DF814304FEA0919BDF816C041
:100F4000ADF80A209DF82C2049EA0339BDF8187045
:100F50009CFA9CFC009219F4002F9DF826207FBA81
:100F6000BDF81A601FFA8CFC0392BFB2009A76BAE1
:100F7000BDF81C4049EA1212BDF81E00BDF8201051
:100F800064BABDF8243040BA9DF827B049BABDF81C
:100F900028805BBABDF82AE04FEA0B1B019298FA51
:100FA00098F8BDF80A209EFA9EFEB6B205EE902A89
:100FB000039AA4B280B289B29BB24BEA023B1FFAF9
:100FC00088F81FFA8EFE40F002819DED016A009ABA
:100FD00005EE10CA07EE108A1BF4002F02F00F0274
:100FE000F8EEC54AF8EEC76A03EE104A42EA0B0271
:100FF00007EE10EA05EE107ADFED823A18BFA2F58F
:1010000080129FED810AB8EEC32A04EE106A03EE47
:10101000100AB8EEC77AB8EEC55A07EE902AA6EEC7
:10102000A30A9FED7A8A06EE903ADFED790ADFEDAA
:10103000799AF8EEC32A9FED781AB8EEC44A9FED6C
:10104000779AF8EEE77ADFED761A03EE101AE7EEFC
:10105000080ADFED748AA4EEA91A9FED737AE5EE13
:10106000091ADFED724AB8EEE68A9FED715ADFED9C
:10107000716AB8EEC33AE4EE074A9FED6F7AA2EECA
:10108000265ADFED6E6AF8EEE53ADFED6D5A27EE8F
:10109000A84ADFED6C7AE2EE875ADFED6B2AE3EEC9
:1010A000276A9FED6A7A9FED6A3AB8EEC66ADFED6D
:1010B000697AA3EEA27A684C7B22E8EE037AF421E7
:1010C00026EE286A454884ED004A4FF0010984ED78
:1010D000010A4FF0000884ED036A0627C4ED020AF6
:1010E00084ED041AC4ED051AC4ED064A84ED075ACE
:1010F000C4ED085AC4ED096A84ED0A7AC4ED0B7A8E
:1011000018F0F2F8554E45F6D812DFF89CE1DFF8FA
:101110009CC1534C53485449544B85F89C90A5F8B6
:101120009E80A5F8A020C5F8BC30C5E929ECC5E92A
:101130002B64C5E92D01FFF700BB4D4A03274D4B3A
:1011400048F80C2C736094E44B4913224B4BC7E9CD
:1011500001134B494FF480704FF0010A0B68B881BE
:1011600043F0020347480B6042757B684648984746
:10117000BB89F7EE006AA7F8448007EE903AF8EED4
:10118000E77A86EEA77A87ED007AFFF705F8FFF792
:1011900086B93E4912223E4BC7E90113D9E73D49C2
:1011A00008223D4BC7E90113D3E73C4907223C4BDA
:1011B000C7E90113CDE73B480C2A3949C7E90101CA
:1011C00000F0A7820D2A7FF433AE1022C1E7019A06
:1011D000A2F5801206EE102AF9E600BF1C2E0120AF
:1011E0000C930120AD150408B91F04089D160408CE
:1011F0007D3304083D38040889380408F11D0408CB
:101200006E910120627361323B70CEBB07F283277F
:101210003220A7ADAA5F3A36CDCCCC3DF210212EBC
:101220008F284E320000803D1AA71B35022B073D48
:101230005C7C61341554962CA06B40286841A32A2D
:101240004F2C2DB071EDD523EB2DD8202A52172726
:10125000CA2A361D3AE1152528930120A116040853
:10126000D131040821370408D9360408E9150408E7
:10127000BD330408A9320408C9200408DD34040879
:10128000BC77012018060120FC240020E920040876
:10129000752B0408B120040879800408C1200408D3
:1012A000C1800408D9200408A9160408A51604085A
:1012B0007B7D0322002BC34B0CBF6F216E217B6013
:1012C000C14B7977BB6044E716F0E8FCC4F8C4076B
:1012D00008B15023C380012116F086FDD4F8C4075D
:1012E00016F016FE94F8C10716F0D8FCC4F8C8072B
:1012F00008B12723C380B54BB549C4F8CC37E8F70C
:10130000A5FCD4F8C80716F0B5FF142016F010FCA1
:101310002B6893F80090B9F1010F00F001824FF0B3
:1013200000090DF113070123D021AA483A4617F00E
:10133000FDFC48B19DF813300322552B84F8E737A4
:10134000A4F8F02700F0F381D4F8C887B8F1000FB3
:101350000ED04FF0000B404688F806B016F078FF2C
:10136000404616F04FFF002802DB9B4B43F820B0AD
:10137000D4F8C40716F07AFDB9F1000F3FF498AC29
:1013800000232B7194E494F8B8260023DFF88882B8
:1013900032748DF81430337C002B7FF48EAA1E2318
:1013A0003374FFF78ABA05AF2B681B78022B00F065
:1013B000A881009B002B3FF448AC00232B7144E430
:1013C00086490E22864BC7E90113C2E62021A86890
:1013D00016F00AFDAB68002B3FF430AC4022DA80F7
:1013E000002E3FF47EA82CE483EA1223BEE403F02F
:1013F0000302032A7FF4B0AAFFF713BA94F8B836B1
:1014000003B90D233374FFF7B7BA94F8B836002246
:1014100033748DF81420002B7FF405AB0C23337448
:10142000FFF701BB94F8B836002233748DF814200E
:10143000002B7FF450AB1E233374FFF74CBB2A798B
:10144000002A7FF4EBAB70221E462A71FFF7E6BB41
:101450002A79002A7FF4B6AB76221E462A71FFF75E
:10146000B2BB2A79002A7FF48DAB76221E462A7100
:10147000FFF789BB574817F093FB27B14222192188
:10148000544817F031FF1523564A3121514817F0BF
:101490004DFC03221C214F4817F026FF13221B216D
:1014A0004C4817F06FFE00214F4B49F24B024F485A
:1014B000A5F89E10C5F8A4304D494E4BC5F8AC00B8
:1014C000C5F8A8104C484D49C5F8B030414C4C4BBC
:1014D000A5F8A020C5F8BC30C5E92D102046E9F7D5
:1014E000F1FA0028FAD10727FFF727B92B79002B4B
:1014F0007FF4B7AB7623CDF800B02B71FFF7B3BB09
:10150000A86808B12123C380012116F06DFCA868EA
:1015100016F0FEFC3B4817F085FA4FF0000C012353
:10152000A8803A46CF212B488DF814C017F0DAFA7C
:101530009DF81430BD2B02D0B12B7FF450AC20218C
:101540000422244817F002FB00212120E9F708FBC0
:1015500000283FF444AC0F211020E9F701FB0028DC
:101560003FF43DAC01212320E9F7FAFA00283FF4CB
:1015700036ACCE222021174817F0E8FA01233A466C
:10158000E021144817F0AEFA01234AF2C2211E4AA4
:1015900085F89C30A5F89E301C4BDFF88080A5F8BC
:1015A000A010C5F8A8301A49C5F8B430DFF824B047
:1015B000D8F80090C5F8A420C5E92B32154BC5E931
:1015C0002E1330E0F120040879800408A1200408DB
:1015D0008C9201201C2E012084260120E120040889
:1015E000C1800408F4920120D1140408ED1D040800
:1015F0007518040875330408D1370408193804082D
:10160000A9190408809698006D1804086918040840
:101610002135040835180408F42E0120301D01205E
:10162000D4F80C3873B9584621F07AFFD8F8003056
:10163000A3EB0903B3F5FA7F3FF6D1ABB4F8083852
:10164000002BEDD000230527A4F80838C4F80C3887
:10165000FFF773B803233B7094F8B8363374FEF782
:10166000E3FB10307860FFF7FEB92A79002A7FF497
:1016700029AB772200932A71FFF726BBA86816F0E2
:1016800047FCA86808B12123C380012116F0ACFBF8
:101690007B4817F0C7F9A880FFF76FBA404617F0EC
:1016A0007FFA706916F034FC706908B13423C38086
:1016B000012116F099FB724817F0B4F9F3683082F3
:1016C0001B78012B7FF4F9A865E6682380226B2143
:1016D0006C48337417F008FEFEF7F4BE01233A4657
:1016E0000921684817F022FB20B19DF81430002B27
:1016F0007FF45AA9644A0527644BC6E90023FFF723
:10170000B8B9A86817F028F853E617F01FFAFFF7E2
:10171000F3BA0F221DE5A86817F01EF8FFF7BFBA4D
:101720002B79002B7FF4FBAD77232B71F9E558481B
:1017300017F036FA3A460123D121554817F0F6FA48
:101740009DF81310162305AA01F00F070E09504843
:10175000AA2184F8E87784F8E96717F0E7FA9DF89A
:10176000143041F270769DF8152046F678109DF8F9
:10177000161042EA03229DF817309DF8187043EACC
:1017800001239DF81910A4F8D02741EA07219DF8FC
:101790001B209DF81A70A4F8D23742EA07229DF860
:1017A0001D309DF81C70A4F8D41743EA07239DF858
:1017B0001F109DF81E70A4F8D62741EA07219DF856
:1017C00021209DF82070A4F8D83742EA07229DF81E
:1017D00023309DF82270A4F8DA1743EA07239DF816
:1017E00025109DF82470A4F8DC2741EA07219DF814
:1017F00027209DF82670A4F8DE3742EA07229DF8DC
:1018000029309DF82870A4F8E01743EA07232149FE
:10181000A4F8E227A4F8E4371F4A204BA5F89E60FD
:10182000A5F8A0001E4E1F48C5F8A410C5F8A820B2
:101830001D491E4AC5F8AC3094F8C237C5E92C6082
:10184000C5E92E128BB9D4F8C80770B116F0D0FCD8
:1018500058B90F4821F0A8FD42F6E06016F05CF997
:10186000D4F8C80716F0C4FC80460123022784F888
:10187000F48784F8C237FEF760BF0332D2B268E45F
:1018800080969800F42E0120D93104086F300408A6
:101890001C2E0120A9330408493904082139040801
:1018A00085330408E9380408AD380408BD1F04086E
:1018B00070B503460C4682B00020A21E1946019363
:1018C0001EF018FF0199502C03460A4D01EB040647
:1018D000A8BF502405F5C76006F8013CC3F30723F1
:1018E000224606F8023C29F043FEC5F8344602B011
:1018F00070BD00BFC08A01200D4A0023152130B5FC
:1019000087B010780B4D0322B2248DF81430009567
:10191000CDE901338DF8040068468DF805408DF857
:101920000620CDE90333FFF7C3FF07B030BD00BF8A
:1019300014060120A64115EB10B5064C227802B919
:1019400010BD054B0549186816F040F900232370B7
:1019500010BD00BF68800120848001202880012004
:10196000184A194B517CB3F8D63319B140F2FF3104
:10197000C91A8BB2117C07EE903A92F91F3064229B
:10198000F8EEE76A07EE101A07EE903ADFED0F5A0D
:10199000B8EEC77A9FED0E6AF8EEE77A0D4B27EEA8
:1019A000257A67EE867AE6EE877AFCEEE77A17EE1E
:1019B000901A88B202FB00F283FB02301044C0F39D
:1019C00047207047C8360120C08A01200AD7233C2F
:1019D0000AD7234103082080144A154B517CB3F8E1
:1019E000D63319B140F2FF31C91A8BB207EE903AE3
:1019F000117C92F91F30F8EEE76A07EE101A07EE35
:101A0000903ADFED0C5AB8EEC77A9FED0B6AF8EE0C
:101A1000E77A27EE257A67EE867AE6EE877AFCEE9D
:101A2000E77A17EE903A98B2704700BFC8360120A7
:101A3000C08A01200AD7233C0AD7234138B5164C67
:101A400094F8D4338B4217D1052B16D094F8A038D4
:101A5000D4F8C41804EB43020133B2F8A45803F0DD
:101A60000F03A2F8A408401B84F8A0380844030917
:101A7000C4F8C408A4F8D63338BD07EE900A04F6BB
:101A80009800B8EE670A2AF0B7FEBCEEC00A10EE66
:101A9000103AA4F8D63338BDC08A01202DE9F041B0
:101AA0009E4C94F84F2494F84E349A4259D094F8AE
:101AB0004F3494F84F2404EB431304EB421293F891
:101AC0006B1492F850748A1E974255D0B4F84C3477
:101AD000934A013312789BB21A2AA4F84C3442D0AC
:101AE000002594F84F348F4A0133A2FB031202F40D
:101AF000FF7101EB52029B1ADBB284F84F34D4F829
:101B000040349BB114F03EFAD4F83834C01AB0F522
:101B1000FA7F05DB45F004050023EDB284F8CE38EA
:101B2000D4F8C83853B92846BDE8F08194F8CE38C7
:101B3000002BE7D1D4F8C838002BF4D07A4A1268C9
:101B4000D31AB3F5FA7FEED994F8D433032B02D12C
:101B50000023A4F8D63300232846C4F8C838BDE8CB
:101B6000F0810025CBE7B4F84C3403216F4A9BB2D7
:101B70000025C2E90131B4E794F84F2404F58A6CDA
:101B80000CEB421261B306461144002312F8010B1C
:101B900003448A429BB2F9D1FF2B04D9DAB202EB9B
:101BA0001323FF2BFAD8FF2B1AD194F84F8401236B
:101BB00003EB48181CF80850E0447DB39D421ED149
:101BC000082F40D0B4F84C34554A013312789BB2F8
:101BD0001A2AA4F84C3483D1B4F84C340621C5E752
:101BE000B4F84C344E4A013312789BB21A2AA4F846
:101BF0004C347FF475AFB4F84C340421B6E7B4F834
:101C00004C34474A013312789BB21A2AA4F84C3458
:101C10007FF466AFB4F84C340521A7E7192F33D011
:101C2000B4F84C343E4A013312789BB21A2AA4F815
:101C30004C347FF455AFB4F84C3406213B4A9BB288
:101C4000C2E901314DE794F8CC28002A3FF448AFAF
:101C500098F80150102D4FD038D8002D7FF440AFA8
:101C600094F8CD38002B7FF43BAF94F8CF38012B9C
:101C70004CD9D4F840241AB11278303A012A45D907
:101C8000002384F8CF382CE708F101013046FBF738
:101C900051F898F81830264A0546C3EB83230321F0
:101CA000A2FB0330C0F34F10FFF7C8FE1E4B15F028
:101CB0000A0F1B68C4F8C8387FF413AF94F84F3488
:101CC00004EB4313D3F86C3433620AE7A5F1300315
:101CD000DBB2012B3FF604AFC446164B00255CF87F
:101CE000010FC4F84034BCF804109CF80620C4F876
:101CF000D00899809A71F4E694F8CD280AB984F84E
:101D0000CD380123002584F8CE38EAE601330122DC
:101D100084F8CF3884F8CE28E3E600BFC08A0120DB
:101D2000B4010020ABAAAAAA301D0120BC010020EA
:101D30001F85EB51909301202DE9F041A84C002321
:101D4000A84D84B0E668074685F87C35002E3CD067
:101D5000326862B9144614F015F995F8DC38064675
:101D6000013B032B22D8DFE803F076684F3232794B
:101D7000A62A78D0082485F87C4500233360EAE75A
:101D8000D5F8E038C31A002B10DB95F8DD38002BAE
:101D900040F0B8804CF25032934B0221024403448D
:101DA00085F8DC18C5F8E028C5F8E438D5F83436ED
:101DB0000BB144F0040414F00A0F02D1D5F87435C5
:101DC0003B62204604B0BDE8F0813446C3E7D5F855
:101DD000D8384CF24F32C31A9342E7DD834B4FF4AD
:101DE000E13144F00204186812F01EFB4CF250334B
:101DF00000220121334485F8DC18C5F8E038C5F825
:101E00007825C5F8D828D1E7D5F8E038C31A002BD3
:101E1000CCDB764B4FF4E13144F00204186812F049
:101E200003FB4CF2503301210022334485F8DC18C7
:101E3000C5F8E038C5F87825B8E7D5F8E038C31A12
:101E4000002BD5F8E438A0EB0303A8BF44F004044A
:101E5000002BABDBDDE7D5F8D838002B39D00423D5
:101E600085F8DC38A2E73268B1798A4282D1184617
:101E7000311D1EF03FFC804600287FF47BAF14F03C
:101E800081F8E668C5F8D8087379212B42D0CD2BAC
:101E90007FF470AF95F8DD38327A43F030039A4220
:101EA00002D1534B01221A70F379002B3ED0012B43
:101EB00095F87C457FF461AF95F8D43344F0020483
:101EC000032B85F87C457FF458AF0023A5F8D63363
:101ED00053E7D5F87435D5F878259B1A002B7FF792
:101EE0004FAF95F8DE38002B3FF460AF3F4B1868DA
:101EF0008368B3F5E13F0CBF3E494FF4E13112F086
:101F000093FA53E7384B0322034485F8DC28C5F8DD
:101F1000E0384BE7337AFF2B4DD095F8DD2842F0BF
:101F20003002934229D095F87C4526E796F909308E
:101F30000122002B85F87C2508DBC3EB832364207A
:101F40000321B3FBF0F080B2FFF778FDF368002BBC
:101F50003BD006F11000D7F818E04FF0010C93FACF
:101F6000A3F130F8024BB1FA81F10CFA01F22EF82C
:101F700011409343F3D10124FFE63246ADF80C80C3
:101F80008DF8033095F8DE38CDE9018832F8040F7A
:101F9000F17996780A22ADF8000068468DF80410B1
:101FA0000E218DF802608DF805208DF80630FFF7C0
:101FB0007FFCE668B7E7B37A0F4AF179012B11701D
:101FC00007D0042385F8DC38ADE7092485F87C4583
:101FD000D3E6064B0749186812F026FAE668F0E7E0
:101FE00018060120C08A0120400D030098810120BD
:101FF000997F0120801A060014060120F8B5FCF72D
:10200000A1FB002851D1524C94F88836002B4AD0BD
:1020100094F8A635103BDAB20F2A44D894F8A815E4
:1020200094F8AC2501F00F0094F8AB6594F8A7156F
:102030001201B4F8A85541EA0021B4F8AA0542EA11
:102040001612C5F34A154910C0F34A005210C4F8DD
:102050000411C4F81021C4E94250032B6BD8DFE807
:1020600003F0345C02390F230E220D210C2094F86A
:10207000AD7504EB800094F8AE6504EB810194F833
:10208000AF5504EB820204EB830394F8B045FF00E4
:10209000F600ED00C0F80471E400C1F80461C2F874
:1020A0000451C3F804410120F8BD2A4D0123284CF6
:1020B0002A7884F80031002AA6D0274B27491868CF
:1020C00015F084FD00232B709EE7072306220521CF
:1020D0000420CCE7224B1B78412B23D094F8D41357
:1020E0000329E0D194F8AE3540F2FF301D4DC3F125
:1020F0007503C3EB832385FB0325DA172B44C2EB5F
:1021000063139BB29842A8BF1846FFF797FC94F858
:10211000AE054042FAF734FFC5E70B230A22092136
:102120000820A4E794F8AE350F4A5B4294F8AD1549
:10213000C2E90231D2E70A4B1B78412BB3D1B4F884
:10214000E838094A01331BB2A4F8E8385360AAE71B
:10215000C08A0120E47F01201C810120CC7F012066
:10216000B4010020EF23B88FBC0100202DE9F04F0F
:10217000B34C85B00546884613F0D6FED4F8EC384B
:1021800040F2D6620746C31A934294F8F03811DD44
:1021900003BB0123C4F8EC7884F8F45884F8F038D1
:1021A000A84B1A7892071BD0002384F8F13805B0A9
:1021B000BDE8F08F002BECD0022B40F2D98194F8CF
:1021C000F5680236402EA8BF4026B34223DB05B097
:1021D000BDE8F08F94F8F138013384F8F138D8E78E
:1021E00094F83459002DDFD194F8F128022AEED961
:1021F0001A88954802F0FC029449006842F4805223
:102200005D601A8012F010F99049062026F0C4F89B
:1022100084F8F158DBE75A1C2344D2B283F8F4580F
:10222000B24284F8F028BBDB94F8F6580020D5229F
:10223000294684F8F0081EF04FFA94F8F5A8BAF190
:10224000020F0BDD824B03F1020B0AEB03091BF8B3
:10225000011FD5221EF040FACB45F8D1A31993F8FF
:10226000F338834207D094F8F138022B98D8013321
:1022700084F8F13894E70023322D84F8F13845D8FA
:10228000132D8DD9143D1E2D8AD801A353F825F0A6
:1022900075240208A121020811250208112502084F
:1022A000A1210208A1210208A1210208A1210208FE
:1022B000A1210208D7230208A1210208A1210208B6
:1022C000A1210208A1210208A1210208A1210208DE
:1022D000A1210208A1210208A1210208A1210208CE
:1022E000A1210208A1210208A1210208A1210208BE
:1022F000A1210208A1210208A1210208A1210208AE
:10230000A1210208A12102084F2302087A2D02D040
:102310007C2D7FF445AF4F4DAAF10402296E4B1C72
:102320001344602B3FF73CAF48194A554A49AAF17C
:10233000030A013029F01CF92B6E012194F8F8688A
:1023400053444648464A2B660670117028E7BA2265
:102350003221002026441EF0BFF9BAF1030F96F88F
:10236000F26809DD3A4DAA44033515F8011BBA227B
:102370001EF0B2F95545F8D186427FF411AF94F8BA
:10238000F738C82B7FF40CAF94F8F9380A2B7FF498
:1023900007AF94F8FA38702B7FF402AFD4F8FC281A
:1023A0000023304912BA51F8045BD8B20133954288
:1023B00002D0102BF7D1184694F8FB38214A9B0025
:1023C000117803F01C03507021F01F0143F001034A
:1023D0000B431370E4E694F8D41306297FF4E0AEBF
:1023E00094F8F438C82B7FF4DBAEBAF1080F7FF411
:1023F000D7AE94F8F8586423C4F8D073C5EB8520A1
:1024000094F8F77894F8F98894F9FA68B0FBF3F047
:1024100080B2FFF713FB144B93F82430002B40F0ED
:102420008F80784200B2FAF7ABFD104B1B78342B4B
:102430007FF4B6AE0E4BC3E90076C3E90285AFE682
:10244000C08A01207C80012084800120A0680600D1
:10245000B49301202C810120B993012079800120BF
:102460002B810120D4CD0408C8360120B4010020FE
:10247000BC01002094F8D433062B7FF491AE94F87D
:10248000F438C82B7FF48CAEBAF10C0F7FF488AE11
:1024900094F8FD3894F8FB68009394F8FE38C4F87B
:1024A000D073019394F8FF3894F8F788029394F965
:1024B000003994F8F87894F8F9B894F9FA5894F83F
:1024C000FCA80393002E4ED07B420FFA83F92F4ACB
:1024D00092F82420002A4DD005F10A031420062189
:1024E0000FFA85F900FB03F080F30A0080B2FFF7D2
:1024F000A5FA4846FAF744FD254B1B78342B2CD01F
:10250000352B1FD1234B009AC3E900659A6047E63B
:1025100094F8F438C82B7FF443AE1F4D0123C8F85C
:10252000207005F5A36684F8D8330FCE0FC50FCE03
:102530000FC50FCE0FC596E80F0085E80F002FE6F8
:1025400030B270E7362B7FF42BAE124B019A1A6033
:10255000029A5A60039A9A6022E60E4BC3E90087FA
:10256000C3E902BA1CE6C8F100030FFA83F9AEE72B
:1025700005262AE609F1820282200621C2EB822288
:1025800092FBF0F080B2FFF759FAB2E7C8360120AB
:10259000B4010020BC0100209C8E0120F0B4DFF8C3
:1025A00034C000270139C64301F8017F03785BB1CD
:1025B00017F80C40421C02E012F8013B23B19C4288
:1025C00006EB0205F8D10D700137082FECD1F0BCF5
:1025D000704700BF9C1F0508164B03EB400393F8A0
:1025E000382910B50446CAB1022A08D193F839092E
:1025F00000EB800000EB800000F2EE2010BD072011
:1026000005F0F0FE88B10C4800EB8404D4ED007AAC
:10261000FCEEE77A17EE903A98B210BD032806D97F
:102620000428ECD1054B188B10BD0548ECE7034B93
:10263000588A10BDC08A01201C940120C836012090
:10264000EC7D012008B50B4B1B78013B012B07D912
:10265000094A0121094B126883F82510DA6008BD88
:1026600013F090FC064B0222C3F8A40983F8A829B2
:10267000EEE700BFA4360120301D0120407E01207E
:10268000C08A012008B50B4B1B78013B012B05D9F3
:10269000094AD36803F2DC53D36008BD13F072FC1F
:1026A000064B074A0221034482F8A819C2F8A4394C
:1026B000EEE700BFA4360120407E012060E3160053
:1026C000C08A01202DE9F04FDFF8588385B0BC4D5A
:1026D000D8F800309C0440F1C7804FF0010A85F81B
:1026E00000A0B84E4FF0000CB74F4CF2503E738A2A
:1026F0004FF0120BB54807F6A81207EE103A87F80C
:10270000A9C9C5F820C000F14801DFF81CC3F8EEE4
:10271000477A347ADFF81493AD4BC5F810C0A5F8AA
:1027200004E08646DFF808C36C7085F802B0C5E99E
:102730000239DCF80030EEEC017A714503F596734E
:1027400042F8043FF5D1338B07EE903AA14BF8EEF7
:10275000677A03F17801C0ED047A02E0063399420A
:1027600021D01A78002AF9D193F9022012F17D0FB5
:10277000F4DB93F903C0BCF17D0FEFDC9445EDDD94
:10278000002A43DD02EB820202F2D75292B207EE38
:10279000902A5A780633F8EE677A00EB8202994263
:1027A000C2ED057ADDD1BAF1030F38D04AD80AF16B
:1027B000FF33DBB2012B0AD844F62063BAF1020FD3
:1027C000AB8040F0AF800C22834BAA70AB60D8F88E
:1027D00000301B0441D5012387F8D43396F820300C
:1027E000F2EE040A7D4800EE103AB8EEC00A80EE20
:1027F000800A1DF007FF727FA978531D8B42A8BF86
:102800000B4687F8203B05B0BDE8F08F0CEB8C0C35
:102810000CF2E15C1FFA8CF207EE902AB9E70E2C5D
:102820007CD8DFE814F0280028002C039902030369
:10283000AA01AA01C902EE01210228007B000701BA
:102840004F018C00BAF1040FC1D144F62061644AF3
:10285000644BA980C5E90223B9E7F37B002BBDD007
:10286000022387F8D433B9E7D80760D54FF0020ABE
:1028700085F800A035E74020C7F8C0530EF0A4FB50
:10288000044600284AD095F801A00023514687F855
:102890009E33F5F793FEBAF1010F024600F00B8468
:1028A000BAF10A0F00F0FC83BAF1000F00F02284A5
:1028B0004D494E4BA960EB604D494E4BC5E9043183
:1028C00094F90400002A40F08D8397F89E33002B82
:1028D00000F02384747A03224FF4E1334021003C5A
:1028E00018BF012444F00804CDE900320294424AA2
:1028F000334B0EF0C6FB414A1060F37BAA78013BD4
:10290000DBB29A4287F8B13302D8002387F8B1339B
:10291000003818BF012000287FF459AF2C4BC5E9BF
:10292000023954E70822364BAA70AB604FE719070B
:1029300040F1F6824FF0030A85F800A0D1E617EEC9
:10294000103A0A202F4900221B01B3FBF0F3A3F534
:10295000B063013241F8043B102AFAD141F29413DA
:102960002949AA704020AB80284B214AEB60284BB4
:10297000A960C5E904320EF027FB0028CED0727A98
:102980000023032490F904009A42224A4FF04001A8
:10299000019414BF4FF0190C4FF0180C0092CDF8B1
:1029A00008C01D4A0EF06DFB1C491D4A97F8D43330
:1029B00008604263002B7FF40AAF87F8D44306E730
:1029C000A4360120C8360120C08A0120EC7D0120F8
:1029D000E1CF0108B4940120B1D00108589301203F
:1029E000EDCF010805D00108C9CC0108A1E4010818
:1029F000B5CF010809F5010831F0010890810120E7
:102A0000C9D00108C48B0120FDCE010835F50108AD
:102A1000FD1F0208A0680600F5F001081C810120D6
:102A2000E9CE01084C39012059D001085DD00108D8
:102A3000301D0120AC4BAB61E8F732FE42F6F822C4
:102A4000AA4B12214020AA80EB60A94AA94BA97089
:102A5000C5E904230EF0B8FA00283FF45FAFB47A5A
:102A6000032390F904004FF4E131002C01934FF05F
:102A70000003727A18BF0824009108BF1C46402149
:102A80009A4218BF44F001049B4A02940EF0F9FAEE
:102A9000C7F8340468B1994C2378002B00F0A68362
:102AA000002397F8D42387F8CC3812B9032387F88A
:102AB000D433D7F83434181E18BF012000287FF40F
:102AC00086AE2BE78E4A00234FF40040013322F8F4
:102AD000020B202BFAD142F6F822AB7096F8223086
:102AE0004020AA8087F8DE38864A874B96F8214036
:102AF000AA60EB607F4A854BA96187F8DD48C5E98C
:102B000004320EF061FA00283FF408AF727A4FF4F5
:102B1000E1330324DFF83CA2002A90F904007C4A48
:102B20004FF040010CBF4FF0080C4FF0090CCDE9FD
:102B30000034CDF808C000230EF0A3FACAF8000054
:102B400000283FF4EBAE734A0123426387F8DC3878
:102B500013F018FA4CF2503397F8D4230344C7F813
:102B6000E0380AB987F8D443DAF80000003818BF13
:102B7000012000287FF42BAED0E6062C4FF00C028B
:102B800000F0F98100231B2005214FF4E134AA70E5
:102B900087F82B263B7687F8313687F8303687F86A
:102BA000040687F8321642F6F8215B4A5B4B402058
:102BB000A980C5E902230EF007FA824600283FF4F7
:102BC000ADAE6978F5F7FAFC03469AF90400002BDC
:102BD00000F0CA82727AB37A003A18BF0122D1B2E9
:102BE000002B00F0FA8242F0080203210023009437
:102BF0000292019140214A4A0EF043FA494B186073
:102C000086E6494B102241F27C514FF0000AAB603E
:102C10004020464BAA702822EB60364BA98087F8EB
:102C2000FCA587F8FD256B610EF0CEF900283FF476
:102C300075AE727A032190F90400534652453C4A1E
:102C400001914FF0400118BF09240092394A0294C3
:102C50000EF017FAC7F8F80AB0EB0A0018BF012007
:102C600000287FF4B4AD59E617EE103A0A20324935
:102C700000221B01B3FBF0F3A3F5B063013241F86E
:102C8000043B102AFAD12D4B41F60B21AA704020AB
:102C90002B4AAB60174BA980EA606B610EF094F988
:102CA000824600283FF43AAE96F82C30002B40F0D4
:102CB000B581244A737A03249AF904004021003B29
:102CC00018BF0123CDE9002402931F4A1F4B0EF0C9
:102CD000D8F91F4A97F8D4331060002B7FF418AE50
:102CE000062387F8D43313E6BC9501209D1A020809
:102CF000B9EC0108B5CF010839ED01089780012032
:102D00002C95012091CC0108391D0208B9F4010865
:102D1000E9EF010885EF0108F5CA010819CB0108A0
:102D2000ADF301089080012031D00108E1D0010805
:102D300048E8010041F20108048C012029CF010874
:102D400079E70108A06806006D210208A436012079
:102D5000848001209881012042F6F823B849B94ABD
:102D60004020AB80B84BC5E902126B610EF02CF924
:102D7000044600283FF4D2AD6978F5F71FFC0346FE
:102D800094F90400002B00F00681727AB37A003ABD
:102D900018BF0122D4B2002B00F0FA8142F00802E1
:102DA00003214FF4E1340023029201914021A74A0C
:102DB00000940EF066F921E744F62063A449A54A81
:102DC0000024AB804020A04B87F8C0456B61C5E96B
:102DD00002120EF0F9F8824600283FF49FAD4FF43E
:102DE000805240210EF0DCF8034687F8BD459AF981
:102DF0000400002B00F0A58096F809C003224FF4D0
:102E0000E1334021BCF1000C18BF4FF0010C4CF035
:102E1000080CCDE90032CDF808C023468E4A0EF0EA
:102E200030F98E4A8E4B10601C7071E5082342F613
:102E3000F8218C4A4020AB708B4BA980C5E9022356
:102E40000EF0C2F8044600283FF468AD6978F5F743
:102E5000B5FB034694F90400002B00F0B380727AAE
:102E600003214FF4E133003A18BF0122CDE90031CC
:102E70000292002340217D4A0EF003F9BEE67C4B0E
:102E800003F12404C5E90634E8F70AFC96F8231098
:102E900041F2707042F6F82300297649764A4FF0E5
:102EA000120C14BF03460A4674494020AB80664B9F
:102EB000C7F8F42A85F802C0E9606B610EF084F867
:102EC000834600283FF42AAD6978F5F777FB727ADC
:102ED0002346041EB17A08BF4FF0010A002AD7F832
:102EE000F42A0CBF4FF0070C4FF0060C00299BF999
:102EF0000400009214BF08210021614A4CEA010C31
:102F0000CDF804A04021CDF808C00EF0BAF8B37F88
:102F100013B1052387F8D433002C3FF4F9AC6DE6E8
:102F20005A0405D54FF0040A85F800A0FFF7D9BB75
:102F300013F000731BD04FF0050A85F800A0FFF7CF
:102F4000D0BB727AB47A003A18BF012251B2002C79
:102F500000F0298141F008024FF4E134012100948E
:102F6000CDE9011240213C4A0EF08BF8D0E49A469C
:102F70002B70FFF7B6BB0023212187F83246AA70D9
:102F8000404C87F82B263B7687F8313687F8303669
:102F900087F8041607E6727AB17A003A18BF012260
:102FA0005FFA82FC002900F0D18042F00802012182
:102FB0004FF4E134CDE9011200944021234A0EF090
:102FC00060F8A5E4727A01214FF4E134003A0191EE
:102FD00000944FF0400118BF01220292234A0EF0E4
:102FE00050F895E4727A97F89E13003A18BF0122C0
:102FF00053B2002974D1B17A002971D103214FF461
:10300000E133CDE90112402100931F4B1F4A0EF01E
:1030100038F81F4A1F4B106018606EE4062025F038
:10302000C1F91D49024600231C4851F8044B0133E5
:10303000A24202D184423FF63DAE102BF5D138E6D4
:10304000C1CB0108D9CB0108B5CF0108C5EE0108F5
:103050001DD00108D5F5010875F10108D4780120CB
:10306000AC7801202DCB010851CB01085DE40108AB
:103070006C950120A0860100400D03009DCE010843
:103080008DF0010890D00300A436012031F0010832
:103090009081012090800120D4CD04089F68060013
:1030A000D8F8003083F48063C3F38023034383F0B4
:1030B000010387F89E33032107234FF0010C4FF4DF
:1030C000006087F8BE130C2187F8C43342F6F8235A
:1030D00087F8CCC0C7F8B403A970AB80FFF7E8BB92
:1030E00043F0080303244FF4E13240210293CDE979
:1030F00000248AE7022103234FF4806087F8CCA0E4
:1031000087F8BE13072187F8C43345F2F053C7F898
:10311000B403A970AB80FFF7CBBB737AB17A003BE5
:1031200018BF01235AB2002969D042F008030124D4
:103130004FF4E1324021029301940092334B344A20
:103140000DF09FFF334A1060FFF7D7BB01244FF407
:10315000E1320B46CDF808C04021CDE900242E4ACB
:103160000DF08FFFFFF7D4BB727AB17A003A18BF27
:1031700001225FFA82FC21B342F00802012100948F
:10318000CDE901124021254A0DF07BFFFFF7C0BBBE
:1031900003214FF4E132CDE90114009240211E4A8F
:1031A0000DF06FFF2AE54FF0010C4FF4E131029270
:1031B00023461B4ACDE9001C40210DF062FFFFF7BA
:1031C000A7BB01220B46CDF808C040210192009414
:1031D000124A0DF056FFFFF79BBB032202914021DC
:1031E000CDE900420D4A0DF04CFF07E50D4B0E4AAC
:1031F0001A60F2F7CFFE02220123227051E401216E
:103200004FF4E132CDE90113402196E7A4360120C5
:1032100031F0010890810120C5EE0108ADF30108ED
:1032200075F10108C077012075EC0108C9B10139B9
:1032300030B40546441E002055FA81F514F8011FEC
:10324000020A4840A54280EA0010C0B24FEAC0031B
:1032500042EA002283EA101080EA0200EED130BC7C
:10326000704708467047334BDFED336A1968DFED6E
:10327000337A334A01F1220030B591F82B3001F155
:103280002A0507EE103A2F4BB8EEC77A03F1400437
:10329000E7EE667AF7EE006A86EEA77AD2ED006A6C
:1032A0001A4683ED147AB2EE047A30F8023B07EE48
:1032B000903AA842F8EEE77A67EE877A67EEA67A48
:1032C000E4EC017AF1D1DFED206A00231F4CB0EE6F
:1032D000666A1F4814F8015B013307EE105A042B8D
:1032E000B8EEC77AC7EE267A67EEA77AE0EC017AE5
:1032F000F0D191F82A301BB1FA2BA8BFFA2300E0D5
:10330000012307EE903AB8EEE77AC6EE077AFCEEB4
:10331000E77A17EE903A9BB2B3F5FA7FA2F82C3118
:10332000A8BF4FF4FA73052BB8BF0523A2F82E31BE
:1033300030BD00BF68250020C1BA873BF304B53F0C
:10334000842800204021002000007A44E6950120D6
:1033500094210020F7B5154C0025154EFFF783FF8B
:1033600004F16C07B4F82E3178193035002200EEE4
:10337000103AD6ED010A0521B8EE400A1CF0D4FF40
:10338000C02DEFD1D6ED010AB3EE040ACDED010A4E
:103390001DF012F9DDED010A84ED190AB6EE000AFE
:1033A0001DF00AF984ED1A0A03B0F0BD4021002097
:1033B00084280020484BB0F858209FED487A1A80A6
:1033C00090F85B2090F85C1007EE902A90F85A2055
:1033D0009FED436AF8EEE77AC7EE876A07EE902A18
:1033E000B0F87020F8EEE77AC3ED066AC7EE876A98
:1033F00007EE902A3B4AF8EE677AB2EE047AC3ED04
:10340000107AC3ED076AD2ED006AB0F8722007EEB9
:10341000902AB0F86E20F8EEE77A67EEA67A67EEAB
:10342000877A07EE102A6422B8EE477A11FB02F180
:10343000C3ED117A996090F85D1083ED127A11FB5B
:1034400002F1D96090F85E1011FB02F1196190F859
:103450005F1011FB02F25A61B0F8602007EE102AEB
:10346000B0F86220B8EE477A83ED087A07EE102AAA
:10347000B0F86420B8EE477A83ED097A07EE102A97
:10348000B0F86620B8EE477A83ED0A7A07EE102A84
:10349000B0F86820B8EEC77AC7EE067A07EE102AB1
:1034A000B0F86A20B8EE477A83ED0C7AC3ED0B7A58
:1034B00007EE902AF8EEE77A67EEA67AC3ED0D7A6A
:1034C000B0F86C2007EE902AF8EEE77AF1EE677A12
:1034D000C3ED0E7A704700BFD420002000007A436D
:1034E0000000C84284280020194B1A7802B970479E
:1034F0009A7832B1052A0BD003EB800090ED130AC5
:10350000704703EB800282ED130A82ED170A7047C1
:10351000104A03EB80005968F7EE007A12685B6985
:10352000521AD0ED135A013307EE102AF8EEC76A8B
:1035300007EE103AB8EEC77A86EE876A77EEC67A5B
:1035400067EEA57AE0EE067AB0EE670A704700BF34
:10355000D4200020301D012038B5844B1B7813F097
:10356000010331D0824CA378052B2CD8DFE803F07F
:103570004303506D9932FCF7B3FB7E4B1B889806D2
:103580005DD57D4A60681368A1681B1A8B421ADDFD
:103590007A4B9FED7B7AD3ED087AF0EEE76AF4EE92
:1035A000C76AF1EE10FA40F3C08063782BB1F5EEF4
:1035B000407AF1EE10FA00F1D38011680322A36A79
:1035C0006160A270E36338BD6B49694A0968937012
:1035D000516038BD674B1B8813F0200340F0828098
:1035E000654965680A686069521B8242EBDD0A68BA
:1035F000A370626038BD5F4B1B889D06E3D55E4BB0
:1036000001221B68A2706360BDE83840FCF768BB0C
:103610000020F9F7D1FD94ED080AFCF749FBF9F712
:1036200019FE564B9FED577AD3ED087AF4EEC77A20
:10363000F1EE10FA67DD4F4B1B88990658D44E4BBC
:1036400005221B68A270636038BDE9F71FFE23786E
:103650004A4A012B92ED084A52D0022B7BD09FEDB3
:103660004A0A24EE047A14EE103A002BF0EEC77AE0
:10367000B8BFF1EE677A67EE807AC4ED167AF9F793
:10368000E9FD3C4B1B889A06D9D53B4A6068136814
:10369000E1681B1A8B4296DD126804236260A370F6
:1036A00038BDE9F7F3FD2378344A012B92ED084A3F
:1036B00040D0022B4AD09FED340A24EE047A14EE57
:1036C000103A002BF0EEC77AB8BFF1EE677A67EEDA
:1036D000807AC4ED167AF9F7BDFD264B1B889B0650
:1036E000ADD538BD244B01221B68A270636038BD84
:1036F000214A0321A36A1268A1706260E36338BDA6
:1037000094ED090AADE71C4A6068136821691B1A29
:103710008B427FF758AFF0EEE77A9FED197AF4EE1F
:10372000C77AF1EE10FA3FF748AF126805236260DE
:10373000A37038BD154BB6EE007AD4ED0A7AD3EDFE
:10374000076AE6EE877AB0EE670AB6E794ED0B0AF1
:10375000FCF7D6FAB1E794ED0B0AFCF7D1FA80E753
:10376000126802236260A37038BD00BF9478012004
:10377000D420002096780120301D012018850120DA
:103780002DB25D3F3333733F000000004021002025
:103790006E4991F8EC380128CCBF002303F00103F7
:1037A00003B97047F0B56A4C01EB000C694A83B06D
:1037B00004EB40049FED687A32F91020B4F90C5004
:1037C0009CF9FC48521B07EE902AF8EEE77A67EE68
:1037D000877AF5EEC07AF1EE10FAB5EEC00ACCBFEA
:1037E00001264FF0FF36F1EE10FACCBF01224FF068
:1037F000FF32944218BF002C14BF0125002531D19F
:1038000001F6EC07B0EEE77AD7ED026AB4EEE67A9D
:10381000F1EE10FA07DDB24208BF002C0CBF012503
:10382000002500F08C805CB307EE106AB0EE670AEA
:1038300097ED015AB8EEC77ADFED485A9FED486A16
:1038400097EE260A9FED477A20EE050A80FE650A6C
:1038500080FE060A002D68D1434B1B7898423ED06B
:1038600003B0F0BD002501F6EC07B0EEE77A8CF866
:10387000FC58D7ED026AF4EEC76AF1EE10FA5CD498
:103880003A4BDFED3B5A03EB800393ED0C7AB0EE3D
:10389000C76AB4EEE56AF1EE10FA4BDCDFED355A9B
:1038A00026EE256AD7ED035A27EE257AF0EE675A01
:1038B000E6EE075AF5EEC05AB0EEE56AB0EE657A6C
:1038C000F1EE10FAB4EE666ACCBF01234FF0FF337D
:1038D000F1EE10FA01DD9A421AD00024BAE7264B25
:1038E0001B78262BBCD1F2EE046A244BBDEEC06AD5
:1038F0005C6067EEA67A27EE267A83ED026AFDEE1B
:10390000E77ABDEEC77AC3ED007A83ED037AA7E7C5
:1039100006EE103AB0EE470AD7ED015A0024B8EE91
:10392000C66A96EE260A20EE250A0190FAF702FCF6
:10393000019891E7B7EE006AB4E7B242A0D1014422
:103940001D46344681F8FC686DE700BFB43B00209B
:10395000343D01202C3D0120CDCCCC3D00007A44EB
:1039600000007AC400000000C4020020C802002049
:10397000FFFFF9436F12033BB4010020BC0100209C
:1039800070B5B04C0022B04B064694F82C1B5A7010
:103990004A1E1970032A11D8DFE812F0F100E60080
:1039A000D9000400A94AAA49AA48C2F80019AA499C
:1039B00010619161A948AA495061D161A949B4F83F
:1039C0003A2B0968D962002A61D0B4F83C0B003860
:1039D00018BF01206421B4F83E5B83F85C0101FB51
:1039E00002F2B4F82E0B01FB05F1C3E958120028CE
:1039F00040F015819FED9C7AB4F8302B83ED607A0E
:103A0000002A40F0F9809FED987AB4F8322B83EDCC
:103A1000617A002A40F0DF80DFED936AB4F8342B3E
:103A2000C3ED646A002A40F0C5809FED8F6AB4F848
:103A30003C2B83ED636A002A40F0AB80DFED8A5AAD
:103A4000D3ED067A6422B4F8381BB4F8360B27EEAF
:103A5000877A67EEA66AC3ED625A26EE276A02FBF2
:103A600000F065EEA77A02FB01F294F8411B83EDAA
:103A70005C7AC3ED5F6A83ED5E6AC3ED5D7AC3E98C
:103A80005A0231B132295DD99FED780A03E0104620
:103A9000A0E7B3EE040A764D00227648A988C3F861
:103AA000F42000EE901AC3F8F020F8EE600A1CF043
:103AB00051FDAB880022082100EE903A94F8403B7B
:103AC0006D4800EE103AF8EE600AB8EE400A1CF0BD
:103AD0002BFCAB880022082100EE903A94F8403B82
:103AE000664800EE103AF8EE600AB8EE400A1CF0A4
:103AF0001BFCAB880022082100EE903A94F8413B71
:103B00005F4800EE103AF8EE600AB8EE400A1CF08A
:103B10000BFCAB880022082100EE903A94F8423B5F
:103B2000584800EE103AF8EE600AB8EE400A1CF071
:103B3000FBFB554B1B7823B13046BDE87040F9F7CD
:103B4000E5BD70BD07EE901AB8EE670AA3E73F4ADD
:103B50003F494048C2F800193F49106191614B4804
:103B60004B495061D16129E7384A39493948C2F88F
:103B700000193949C2E90400C2E906111EE7334AB7
:103B8000002144481161C2F80009D161C2E9051160
:103B900014E7642A4049F2EE045AA8BF642291ED6A
:103BA000005A07EE902A25EE255AF8EEE77AC5EE80
:103BB000275A45E7642A3849B2EE046AA8BF64224E
:103BC000D1ED005A07EE902A65EE865AF8EEE77AB4
:103BD00085EEA76A2BE7642A2F49F2EE046AA8BF94
:103BE000642291ED006A07EE902A26EE266AF8EE2E
:103BF000E77AC6EE276A11E7B2F5167F2649B2EEDC
:103C0000047AA8BF4FF41672D1ED006A07EE902A2D
:103C100066EE876AF8EEE77A86EEA77AF5E6B0F503
:103C2000167F1D4AB2EE047AA8BF4FF41670D2ED8B
:103C3000006A07EE900A66EE876AF8EEE77A86EE8B
:103C4000A77AD9E6C08A012074250020B43B002061
:103C5000BDDB010881D30108C5D30108B5D5010832
:103C600031D60108B844002000000000000048429E
:103C7000C802002064260020E42500201826002029
:103C8000AC250020A0260020E424002079D40108DF
:103C9000E9D4010829D9010884280020024B1B78A7
:103CA0000BB1F9F733BD7047E4240020104B1878AE
:103CB00010F001000DD00F4A13785BB15378023B2E
:103CC000062B13D8DFE803F00606041206040400EE
:103CD0000120704792ED027ADFED077AB4EEE77AC1
:103CE000F1EE10FACCBF0120002070470020704791
:103CF0009478012074250020FA7EAA3E08B5204B56
:103D0000187810F0010000D108BDFFF7CFFF0028A0
:103D1000FAD01C4B93ED0C7AD3ED157AB4EEE77A1A
:103D2000F1EE10FAF0DC93ED0D7AD3ED167AB4EEE5
:103D3000E77AF1EE10FAE7DC93ED0E7AD3ED177A1D
:103D4000B4EEE77AF1EE10FADEDC93ED0F7AD3ED04
:103D5000187AB4EEE77AF1EE10FAD5DC0A4BDFED13
:103D60000B7A93ED087AB4EEE77AF1EE10FACBD441
:103D7000074B188800F06100003818BF012008BD0B
:103D80009478012040210020188501206666663F56
:103D9000967801200128F0EE404A00DD704708B512
:103DA000F9F794FAFFF7AAFF18B9F5EE007A20EEBA
:103DB000270AFFEE007A594B594AF7EE005AD3ED25
:103DC000006AB0EE674A93ED015A1368B0EE653AA7
:103DD000E5EE057ADFED533AA6EEA64A9A7DDB7D45
:103DE00006EE102A504A07EE103A5048B2F9003059
:103DF000B8EEC66AB2F9022067EEA37A24EE234A2F
:103E0000002BB8EEC77A00F60811B8BF5B42002A53
:103E1000A4EE063AD1ED003AB0EE656AB8BF524260
:103E20009BB29FED434A92B220EE230AA7EE876A27
:103E300007EE103A07EE902A90F81839B8EEC77AD4
:103E4000F8EEE77A66EE836A26EE056AC7FE277A01
:103E5000F0EEE66A67EE847AB0EEC67AC6FE876A4E
:103E600013BB91ED036AB4EEE56AF1EE10FA44D4A7
:103E700091ED016ADFED2F5AB4EEE56AF1EE10FA2A
:103E80000FD99FED2D5AB7EE007AC5EE067AB0EE47
:103E9000476AA6EEE76AC6FE477AC7FEA57AE0EE55
:103EA000274AB0EE640A08BD91ED016A9FED214AF0
:103EB000B4EEC46AF1EE10FAF3DD91ED025AB4EEFD
:103EC000C45AF1EE10FAECDD9FED1C7A75EE677ABC
:103ED00066EE876A87EE857AC6EE867A87FE657A11
:103EE00087FE047A77EEA57A67EE277AC7FEE57A31
:103EF000C7FE847AE0EE274AD3E735EEC67A9FED17
:103F0000104ADFED105A91ED015A27EE047A75EE52
:103F1000E77AA7EE876A26EE056AABE74021002024
:103F2000682500200AD7233C2C3D0120B43B00200B
:103F3000CDCCCC3D000000000000C8420000C8C24B
:103F4000610BB63B00003443012800DD704708B523
:103F5000F9F7BCF9FFF7D2FE18B9F5EE007A20EEBA
:103F6000270A034BD3ED027A20EE270A08BD00BFD3
:103F7000B43B0020574B5849584A03F120002DE923
:103F8000F04F40F2D17495B031F8105B22F8024F37
:103F900007EE905AF8EE677AE3EC017A8342F3D1A8
:103FA0004F4F00264FF004090DF12C0817F801AF10
:103FB0005046BAF1000F00F08780741C13F06EFEBB
:103FC00004210546E4B25046224611F00DFF034697
:103FD0000221284648F8043F002B75D0264615B12B
:103FE00085F80690EC715A7A13F0AAFE082CDDD100
:103FF0003C4B264603931C700DF10C090DF12C0B64
:10400000DFF8D4804FF0000EDFF8E0A05BF8043F4B
:1040100009F10409B8F80A500BA81F6800232E4ABA
:1040200003E0B44202F1100216D250F8041F01332B
:104030000968DCB28F42F4D1B2F90410103232F8C0
:1040400006CC0A31BAFBF1F1614528BF61468D42C9
:1040500028BF0D46B442E8D3B5F57A7F0EF1010EC4
:1040600008F11008A8BF4FF47A755FFA8EF3322D6D
:10407000B8BF32259E42C9F80050C7D80024DFF8E7
:104080007080194F20462646184DDDF80C9014AB71
:10409000009608EB001C013403EB800207EBC00024
:1040A00052F8403C52F8201CACF84E3B0F4AB5FB8E
:1040B000F3F39BB2E7F766FB99F80030E0B2834276
:1040C000E5D815B0BDE8F08F064B03931E70002EA7
:1040D00092D1F6E7EC2A002004960120CE4400207D
:1040E00083960120E82A0020E044002040420F008F
:1040F000C08A012008B50022054B1A605A609A60F8
:10410000DA60E5F703FD3220BDE8084013F010BD8A
:10411000A401002010B5234C234B607B68B1A27B27
:1041200032B1E27B32B1227C32B10420187005E05A
:10413000012002E0022000E003201870E7F7CEFD26
:10414000238DB7EE006AA28D06EE903A638D07EEDE
:10415000103AF8EE666A154BB8EE477AC6FE866AE4
:10416000683387FE067AC6EE875A07EE102AE28D7C
:1041700007EE902A0E4AB8EE477A92F88D22F8EEB2
:10418000677A87FE067AC7FE867AC7EE276A43ED0E
:104190001A5AC3ED006A1AB9C5EEA67AC3ED007AC1
:1041A00010BD00BFBC380120E4240020B84400202A
:1041B000C08A01202DE9F84F304E0024DFF8DC8062
:1041C00006F1040906F11405A8F108072C4BDFF8E5
:1041D000D0B0A2461968CA0007D5382229486243E0
:1041E000125C12B102222A7012E09BF800202AB160
:1041F000254A927A12B101222A7009E00B0105D5F5
:10420000224A126812B103222A7001E085F800A048
:1042100017F8012B520803D0642AA8BF642200E0DB
:10422000012238F9023B4FF0300CDFED196A08210A
:1042300007EE103A06F8012B164A0135B8EEC77A98
:104240001548938800220CFB04000134C7EE267A3F
:1042500000EE903AFB7800EE103AB7EE007AF8EEF6
:10426000600AB8EE400A77EE877AE9EC017A1CF032
:104270005BF8042C024BADD1BDE8F88F244500203B
:104280004C390120E4010020BC380120C477012012
:104290000050C347C80200203C450020DC38012004
:1042A000580A0020074B1A784AB1074B1A4401E01C
:1042B000934204D013F8010B0028F9D17047012074
:1042C000704700BFE4240020384500202DE9F84F56
:1042D000AC4B93F88D42AC4B003C93ED004AD3EDD0
:1042E0001A4A18BF0124A94B1D78B5B1F7EE007A20
:1042F000B4EE674AF1EE10FA14BF4FF0010E4FF022
:10430000000EAC420AD2F4EE674AF1EE10FA14BF86
:104310004FF001084FF0000802E0AE464FF00008F1
:104320009B4E0027DFF884C2F2EE045A73883A46A7
:1043300060464CF2503901EE103ADFED961A9FEDCF
:10434000962ADFED962A9FED963A9649DFED963A4A
:104350001CF8013B002B00F0DE80B0F810B0BBF180
:10436000000F00F0D8809CF84FA0BAF1000F00F0C9
:10437000D280CB45B8EEC16AA8BFCB46BAF1040FD4
:1043800007EE90BAF8EEE77A67EEA17AC2EE276AF6
:1043900066EE227A26EE036A07D9BAF1640F07D8CF
:1043A00007EE10AAB8EE477A04E0B1EE047A01E015
:1043B000B0EE637AAB4287EE255A0AD801EBC21BF6
:1043C000013B4FEAC21A8BF82430CBED0A6A038E08
:1043D00084E00A2B1CD1BEF1000F00F09C8001EBA1
:1043E000C21A4FF0000BD3018AF824B0CAED0A6A52
:1043F000B0F830A000EE90AAF8EEE00A80EE847AE1
:1044000027EE267AB4EEE57AF1EE10FA38D53EE0E2
:10441000A3F10B0ABAF1070F17D8002D7BD00A3B86
:1044200001EBC21B4FEAC21A07EE103A0023F8EE66
:10443000C70A8BF82430038E60EE840A60EEA60A69
:10444000CBED0A0A17EE10BA46E0142B2AD1B8F1C8
:10445000000F60D001EBC21AD3018AF82440CAEDE4
:104460000A6AB0F830A000EE90AAF8EEE00A80EEFA
:10447000A47A27EE267AB4EEE57AF1EE10FA06D4A5
:10448000B4EEE77AF1EE10FA77FE877A01E0F2EE09
:10449000047A0B440132C3ED0B7A83ED0C6A83ED91
:1044A0000D5A38E0A3F1150ABAF1070F33D8AC4220
:1044B00031D2143B01EBC21B4FEAC21A07EE103A8D
:1044C0008BF82440B8EEC77A27EE247A27EE267AB6
:1044D0008BED0A7AB0F830B003FB0BF307EE103A1D
:1044E000B8EEC77A27EE267AB4EEE57AF1EE10FA46
:1044F00006D4B4EEE77AF1EE10FA77FE877A01E09F
:10450000F2EE047A01EB0A030132C3ED0B7A83ED7C
:104510000C6A83ED0D5A01370230102F7FF418AF6B
:10452000204D4FF000094FF0000805F1240785F8F1
:10453000202095F820304B4521DD3C464FF0000A05
:10454000738820460AF1010A97ED020A00EE903ABC
:1045500097ED041A0421C4F82080C4F81C80F8EEFA
:10456000600AC4F81880243440F8148F28F03CF90D
:10457000BAF1030FE4D109F101098037D9E7BDE8A9
:10458000F88F00BFC08A0120B8440020E424002036
:10459000C80200200000704200401C46CDCCCC3E3A
:1045A0006666E63EB43B00200000C8428C960120BF
:1045B00038B504462E4D43302DED048B05EBC0007D
:1045C000F0EE418A2544B0EE408AB0EE410AB0EEEA
:1045D000609A28F011F96A7B38EEC06AF7EE007A2B
:1045E000244B06EE902ADFED245AF0EEC64A1B78E3
:1045F000F8EEE66A9C42B0EE407A84EEA65A77EE78
:10460000C57AC7FEA57A27EE880A02D0BDEC048BD6
:1046100038BD1A4B1B78252BF8D1DFED196A194BE1
:1046200068EEA68A69EE260A27EE267A26EE266A24
:1046300067EEA67A60EE266AFDEEE88AFDEEE00AF5
:10464000BDEEC77ABDEEC66AC3ED008AFDEEE77A1D
:10465000C3ED010AFDEEE66A83ED027A83ED036A9B
:10466000C3ED047AC3ED056ABDEC048B38BD00BF11
:1046700084280020C402002000000000B4010020B3
:1046800000007A44BC010020074B1B7B022B0AD0A0
:10469000A3F10103B3FA83F35B0900B91BB9012845
:1046A00000D103B9704783E784280020B84BB94A8A
:1046B0001B8892ED060A13F0430F10B52DED048B05
:1046C00040F04B815A0700F18F801B0700F15C819D
:1046D000B14C0220FEF708FFB04AD4F85C31F0EE8E
:1046E000408A92ED0E9A84ED3B0A33B1B0EE490A4E
:1046F00004F5B2709847B0EE409AD4F8EC3138EE39
:10470000C98A2BB1B0EE480AA5489847B0EE408A56
:10471000B2EE047AD4ED226AD4ED1E7AB4EEC78AE2
:10472000F1EE10FA13DCBAEE046AB4EEC68AF1EECA
:1047300010FA00F1168177EEE67A9FED9A6A38EE6C
:10474000077A67EE867AE7EE276AF0EE667A67EE1A
:10475000887AA37AC4ED367A002B40F0D480B1EE8B
:10476000490A914828F020F8E37A012B00F0D48020
:10477000022B3DD19FED8D7AD4ED206AB4EEC70AAD
:10478000D4ED247AF1EE10FA47DC9FED896AB4EE9D
:10479000C60AF1EE10FA3ED477EEE67A9FED856A0E
:1047A00030EE077A207B67EE867A0228E7EE276AEA
:1047B000F0EE667A67EE806AC4ED386A34D1F0EEC6
:1047C000490AB0EE681AB0EE480AFFF7F1FE7A4BDC
:1047D000D4ED386AB3F81C3194ED375A6BBB94EDC5
:1047E000007A20EE077A31E00220FFF7D3FA6FE774
:1047F000B2EE047AD4ED246AD4ED207AB4EEC78AFE
:10480000F1EE10FA09DCBAEE046AB4EEC68AF1EEF3
:1048100010FA40F1AC80F0EE667A207B67EE806A99
:104820000228C4ED386ACAD0634BB0EE480A94ED52
:10483000375AB3F81C31002BD1D065EE007AF5EE73
:10484000C07AF1EE10FACADD9FED5C7AB2EE040A8E
:10485000D4ED237AD4ED1F5AB4EEC08AF1EE10FAEB
:1048600012DCBAEE046AB4EEC68AF1EE10FA7BD41A
:1048700075EEE75A9FED4B6A38EE000A65EE865AF0
:10488000E5EE807AF0EE675AD4ED3D7A94ED0A6A4F
:1048900077EE277AF4EEC67AF1EE10FA2ADCB1EE62
:1048A000466AF4EEC67AF1EE10FA23D4A7EE255A42
:1048B000C4ED3D7AB0EE676A84ED375AFFF7F6F93A
:1048C000F0B1D4ED057A94ED210A27EE866AD4ED95
:1048D000367A68EE808A84ED3D6A78EEA77AC4ED78
:1048E000398ABDEC048B77EEA66A76EE856AC4ED54
:1048F0003A6A10BD84ED3D6AFFF7D8F90028E0D18F
:10490000D4ED077ADFE7B0EE480A274827F04CFFDE
:10491000E37A012B7FF42CAFB2EE047AD4ED206A57
:10492000D4ED247AB4EEC79AF1EE10FA3FF775AFE2
:10493000BAEE046AB4EEC69AF1EE10FA3FF56BAF28
:1049400077EEE67A9FED176A39EE077A67EE867A98
:10495000E7EE876AF0EE667A5FE70220FFF7F4FA87
:10496000B6E6F0EE667AF2E6F0EE675A8CE777EE9E
:10497000E67A9FED0C6A38EE077A67EE867AE7EE04
:10498000876AF0EE667A48E70220FEF701FF9FE6AD
:10499000967801204021002084280020C8020020B1
:1049A000782A0020CDCC4C3DD42A00200000C842FB
:1049B0000000C8C20AD7A33B08270020000000005F
:1049C0006F4A2DE9F843128804466E4B12F0430FEC
:1049D00003EB80032DED048B93ED040A40F0CA80B5
:1049E000510700F1BC80130700F1C7802046664DD7
:1049F000FEF77AFD654A04EB4403B0EE408A05EB0E
:104A0000441005EB0313670180ED2B0AD3F8FC106B
:104A100002EB8403660093ED0C9A49B13020B0EEAE
:104A2000490A00FB045000F582708847B0EE409AB6
:104A3000301978EE498A05EB00130001D3F88C3168
:104A40003BB100F5CA70B0EE680A28449847F0EE12
:104A5000408A05EB0413E9196A7A4FEA0419D3ED89
:104A6000167A67EEA87AC1ED267A002A7FD1B1EED8
:104A7000490A04F1230004F10608661D05EB001045
:104A800027F092FEF0EE407A05EB0813F0EE490AAB
:104A9000B0EE680A204693ED007A05EB4613B0EEBF
:104AA000481A67EE277AC3ED007AFFF7EDFD631C25
:104AB000374ADBB202EB4303B3F81631002B51D077
:104AC000EB19D3ED277A60EE277AF5EEC07AF1EE96
:104AD00010FA47DDDFED2F7A05EB8404EB1994ED36
:104AE000087A93ED2D0AF1EE476A77EE807AF4EEBC
:104AF000E67AF1EE10FA01D4C7FEC76AA9442F4442
:104B000005EB4616D9ED177A05EB0818C7ED2D6AA7
:104B100026EEA76A87ED276AFFF7F0F8D6ED005A70
:104B2000D7ED267A002898ED010A77EEA57A95ED63
:104B3000067A28EE008AD5ED075A05FE877A27EE19
:104B4000267A77EE887A86ED018ABDEC048B77EEC3
:104B5000867A87ED2D7AC7ED2A7ABDE8F883FFF7CC
:104B600019F943E7D5ED007A60EE277AB4E7B0EEA5
:104B7000680A7EE7FFF7E8F938E7FEF709FE35E750
:104B8000967801204021002084280020C8020020BF
:104B90000827002000000000674A2DE9F84312882A
:104BA0000446664B12F0430F03EB80032DED048B9C
:104BB00093ED040A40F0BA80510700F1AC8013076E
:104BC00000F1B78020465E4DFEF78EFC5D4A04EB97
:104BD0004403B0EE408A05EB441005EB0313660175
:104BE00080ED2B0AD3F8FC1002EB8403D3ED0C8A82
:104BF00049B13020B0EE680A00FB045000F5827025
:104C00008847F0EE408A05EB041338EE689AA9193C
:104C10006A7AD3ED167A4FEA041967EE897AC1ED04
:104C2000267A002A7FD1B1EE680A04F1230004F14C
:104C30000608671D05EB001027F0B6FDF0EE407A80
:104C400005EB0813F0EE680AB0EE490A204693ED32
:104C5000007A05EB4713B0EE481A67EE277AC3EDEA
:104C6000007AFFF711FD631C374ADBB202EB430306
:104C7000B3F81631002B51D0AB19D3ED277A60EE83
:104C8000277AF5EEC07AF1EE10FA47DDDFED2F7AE4
:104C900005EB8404AB1994ED087A93ED2D0AF1EE3F
:104CA000476A77EE807AF4EEE67AF1EE10FA01D4F4
:104CB000C7FEC76AA9442E4405EB4717D9ED177AFA
:104CC00005EB0818C6ED2D6A26EEA76A86ED276A61
:104CD000FFF714F8D7ED005AD6ED267A002898EDA4
:104CE000010A77EEA57A95ED067A28EE008AD5EDD1
:104CF000075A05FE877A27EE267A77EE887A87EDBF
:104D0000018ABDEC048B77EE867A86ED2D7AC6EDAE
:104D10002A7ABDE8F883FFF73DF853E7D5ED007A2E
:104D200060EE277AB4E7B0EE490A7EE7FFF70CF9A8
:104D300048E7FEF72DFD45E7967801204021002049
:104D400084280020C802002008270020000000005E
:104D50006C4A6D4B128803EB800312F0430F93ED06
:104D6000040A2DE9F04704462DED048B40F0C18084
:104D7000510700F1B880130700F1C1802046634D50
:104D8000FEF7B2FB624A04EB4403B0EE408A05EB47
:104D9000441005EB0313670180ED2B0AD3F8FC10D8
:104DA00002EB8403660093ED0C9A49B13020B0EE1B
:104DB000490A00FB045000F582708847B0EE409A23
:104DC000301978EE499A05EB00130001D3F88C31C5
:104DD000002B00F0918000F5CA70B0EE690A2844FB
:104DE0009847F0EE407A05EB0413EA1904F123002A
:104DF000B1EE490A93ED167A04F1060805EB0010AE
:104E0000DFED448A67EE277A661D4FEA0419C2ED8A
:104E1000267A27F0C9FC631C3F4A05EB0811DBB278
:104E2000F0EE407A91ED007AF0EE490A8833B0EE68
:104E3000481AB0EE690A204602EB430A05EB461316
:104E4000BAF80620002A47FEA87A67EE277AC3ED53
:104E5000007AFFF719FCBAF80630D5ED007A002B7E
:104E600044D127EE800A05EB8404EB19D4ED087ACF
:104E700093ED2D7AF1EE676A30EE070AB4EEE60A9A
:104E8000F1EE10FA01D4C0FE676AA944EC1999ED5D
:104E9000176AC4ED2D6A26EE866A84ED276AFEF74E
:104EA0002DFF28B9D5ED077A67EEA66AC4ED2D6A05
:104EB000EA1905EB461305EB0818D2ED267A98EDB2
:104EC000010A93ED007A28EE000A37EE878A83ED17
:104ED000010A38EE008A38EE068A82ED2A8ABDEC95
:104EE000048BBDE8F087FEF755FF47E7B0EE680A90
:104EF000B9E7FFF729F841E7F0EE697A73E7FEF7C3
:104F000047FC3BE7967801204021002084280020C0
:104F1000C802002000000000082700201A4A1B4B8E
:104F2000128803EB800312F0430F93ED040A10B5CF
:104F3000044622D151071DD4130721D42046FEF781
:104F4000D3FA134B611D002203EB041003EB44144E
:104F5000D0ED197A03EB411384ED2B0A20EE270ADA
:104F60001A60C4F89820C4F89C2084ED2A0A83EDC6
:104F7000010A10BDFEF70EFFE0E7FEF7E5FFDDE7F3
:104F8000FEF706FCDAE700BF9678012040210020FA
:104F90008428002005280BD8052909D8884207D085
:104FA000044B802203EBC11103EBC01026F0E0BAE2
:104FB000704700BFEC9601202DE9F047CB4D044629
:104FC0009FEDCB6ADFEDCB7ADFEDCB5A9FEDCB5A6D
:104FD000DFEDCB4A2DED028B90F82A309FEDC98A88
:104FE0002B72438907EE103A838906EE903AC38903
:104FF000B8EEC77AF8EEE66A27EE257A66EE866A9C
:1050000085ED167AC5ED176A06EE903A038AF8EE3A
:10501000E66A66EEA76AC5ED186A06EE903A438A1C
:10502000F8EEE66A07EE903A838A66EE856A07EE46
:10503000103AF8EEE77AC38AB8EEC77AC5ED196A76
:1050400006EE903A67EEA57A038BF8EEE66A27EE55
:10505000067AC5ED1A7ADFEDAC7A85ED1B7A66EE3D
:10506000A76A9FEDAA7AC5ED1C6A06EE903A438BBB
:10507000F8EEE66A66EE856AC5ED1D6A06EE903AC0
:10508000838BF8EEE66A05EE903AC38BF8EEE55AAC
:1050900066EEA46A65EE875AC5ED1E6AC5ED1F5A15
:1050A00005EE903A038CF8EEE55A65EEA75AC5ED89
:1050B000205A05EE903A438CF8EEE55A06EE103A87
:1050C000838C06EE903AB8EEC66A65EE855AF8EE25
:1050D000E66A26EE246AC5ED215A66EE876A85EDFA
:1050E000226AC5ED236AC38C07EE103A038DB8EE31
:1050F000C77A27EE277A07EE903AF8EEE77A85ED41
:10510000247A67EE857AC5ED257A90F8383007EE77
:10511000903A90F83930F8EE677AC5ED087A07EEE4
:10512000903A90F83A30F8EE677AC5ED097A07EED2
:10513000903AF8EE677AC5ED0A7A90F82D3063B1AF
:10514000F2EE047AD5ED006A66EEA76A07EE903AB1
:10515000F8EEE77A86EEA77A01E0B0EE487AF7EE4D
:10516000007A94F82E3037EEC77A85ED077A63B16E
:10517000B2EE047A95ED006A26EE076A07EE103A61
:10518000F8EEC76A86EE267A01E09FED5E7A37EE8A
:10519000C77A94F82F3085ED067A63B1B2EE047ABF
:1051A000D5ED006A66EE876A07EE103AB8EEC77A68
:1051B00086EE876A01E09FED536ADFF85C8177EE47
:1051C000C67A94F8303004F13B06A8F1F80704F1F0
:1051D0003E09C5ED057A2B74B379B24640460022EC
:1051E00000EE103AD5ED010A94F844100136B8EEFD
:1051F000400A1BF099F89AF8003008F1900000225C
:1052000000EE103AD5ED010A062108F13008B8EE9B
:10521000400A1BF089F8B378D5ED010A07F50C7048
:1052200000EE103A87ED8D8A87ED8C8A1037B8EE44
:10523000400A1BF08FF94E45CED194F831302B73D4
:1052400013BB94F82B309FED328A6B7294F82C309C
:10525000AB7294F84530EB7294F8463007EE903A12
:1052600094F84730F8EEE77A87EE887A07EE903ABE
:1052700094F84B30F8EEE77A85ED0B7A87EE887A72
:1052800085ED0C7A3BBB2DE0224F04F1320604F190
:105290003509A7F20B28F378B2461BB1642BA8BFDF
:1052A000642300E0012307EE903A3846D5ED010A69
:1052B0000136B8EE670A08371BF0A4F99AF80030F7
:1052C000FA2BA8BFFA230A2BB8BF0A23B14508F866
:1052D000013BE0D1B5E7FA2B22D807EE903AB8EEC1
:1052E000670A1FE0B7EE000A1CE000BF8428002018
:1052F00017B7513995BFD6332CB2DF3617B7D13730
:1053000064CF8B3800000000BD3786356F12033A3A
:105310000000C8429C2A00207C29002000007A431B
:105320001FED020A88EE000AD5ED010A4E481BF077
:1053300069F994F84830DFED4D6A204607EE903A5F
:10534000F8EEE77A87EE887A85ED127A94F849309C
:1053500007EE903AF8EEE77A87EE887A85ED137AD1
:1053600094F84A3007EE903AF8EEE77A87EE887ABA
:1053700085ED147A94F84C3007EE903AF8EEE77A1F
:1053800087EEA67A85ED157AFEF788FC94F84D2015
:10539000B2EE047A364B07EE902A94F84E2003F6CC
:1053A0000811F8EEE77AC7EE876A07EE902A94F8BC
:1053B0004F20F8EE677AC3ED037A07EE902A94F84F
:1053C0005020F8EEE77AC3ED026AC7EE876A07EE6F
:1053D000902A94F8522003F6EC0383F82C2094F8DA
:1053E0005120F8EE677AC2F1AF00C2F16402C1ED5C
:1053F000017A07EE900A2046F8EEE77ABDEC028BC0
:10540000C1ED006ADFED1B6A67EEA67ADFED1A6A6E
:10541000C1ED027A07EE902A94F85420F8EEE77A6C
:1054200067EEA67AC1ED037A07EE902A94F855202C
:10543000F8EEE77AC7EE876A07EE902AB4F85620AE
:10544000F8EE677ABDE8F047C3ED027A07EE902ADE
:10545000F8EEE77AC3ED016ADFED086A87EEA67A17
:1054600083ED037AFDF7A6BFBC2800200000FA43B5
:10547000B43B00206666E63F0AD7233C00007A442E
:105480000A4BF7EE006A9FED0A7A1B69094A07EE9C
:10549000903AF8EE677A67EE877A86EEA77AC2EDE1
:1054A000007A82ED017A044AD36185E5C8020020C2
:1054B000BD3786358428002018060120602200218F
:1054C000014826F0B7BF00BF1C29002038B53A4D6F
:1054D0003A4C95F88E3207EE903AB5F99232F8EEE2
:1054E000E77A2DED048BDFED368A87EEA87A84ED1E
:1054F000547AABB10A22DFED337A93FBF2F308EE74
:10550000103AB8EEC88A28EE278AB0EE480A27F08B
:1055100037F9B0EE409AB0EE480A27F021F903E0DF
:10552000B7EE000A9FED289AB5F8943284ED5E0A32
:1055300084ED5D9A63B107EE903A4FF07E52F8EE3B
:10554000E77AC4F8682187EEA87A84ED5C7A12E0E5
:1055500095F8903263B107EE903ADFED1C6A9FED4B
:105560001C7AF8EEE77AA7EEE67A84ED5A7A02E042
:105570000023C4F8683195F9963207EE903A95F910
:105580009732F8EEE77A87EEA87A07EE903A95F927
:105590009832F8EEE77A84ED567A87EEA87A07EE2D
:1055A000903AF8EEE77A84ED577A87EEA87ABDEC68
:1055B000048B84ED587A38BDC08A0120082700206A
:1055C00000007A4435FA8E3C00000000C1BA873BE7
:1055D000F304B53F494A0D230020002170B4013B7C
:1055E00042F8040B1163FAD1454A012340F6C51174
:1055F000013322F8021B1D2BFAD1424991F88F2268
:10560000002A59D0013A404B052A3FD8DFE802F082
:105610002C0303031421D3E92C02D3F8AC4040F04F
:10562000160042F0160244F01404C3F8B000C3F8A8
:10563000AC40C3F8B42029E0D3F8AC2042F0040217
:10564000C3F8AC20D3F8B02042F00202C3F8B02077
:105650001CE0D3E92B0240F0060042F00602C3F83A
:10566000AC00C3F8B02011E0D3F8AC2042F0040243
:10567000C3F8AC20D3F8B02042F00202C3F8B02047
:10568000D3F8B42042F01002C3F8B420D3F8CC20F1
:1056900042F02002C3F8CC2091F88D2232B1D3F829
:1056A000D02042F00802C3F8D02005E0D3F8B8209B
:1056B00042F00802C3F8B820144B00241248012518
:1056C0001A78012A0DD0023A012A10D899785A780E
:1056D0002A3105FA02F250F82160324340F82120C5
:1056E00005E099785E782A31B24040F821200134F3
:1056F0000833202CE4D170BCE8E600BF7C270020F2
:10570000E6270020C08A012008270020EC9901200C
:1057100070B51A4B002140F6C416194D42F21074B0
:1057200018481A7802B3032AA8BF03221A705A78BD
:105730001C2AA8BF1C225A709A780C2AA8BF0C22D7
:105740009A70B3F90420B242A8BF3246AA42B8BF49
:105750002A469A80B3F90620A242A8BF2246824276
:10576000B8BF0246DA8003E05A709A709A80DA80F5
:10577000013108332029D4D170BD00BFEC9901203C
:105780003CF6FFFFF0D8FFFF2DE9F041DFF8C083C2
:105790000620DA4C0B2598ED000A04F14807D84E94
:1057A0002DED028BF8F7D2FC98ED010A0720F8F7EF
:1057B000CDFC98ED020A0820DFEDD26AF8F7C6FCAE
:1057C00098ED030A0920F8F7C1FC98ED040A0A20B5
:1057D000F8F7BCFC738A2846F4EC017A013500EE38
:1057E000103AB8EEC00A37EEC00A20EE260AF8F7E3
:1057F000ADFCBC42EED1C44F0120C44E97ED2A0A45
:10580000F8F7A4FC97ED320A0220C14CF8F79EFC91
:1058100097ED3A0A0320F8F799FC97ED0D0A04205A
:10582000F8F794FC96F89932002B40F0AE81B94D10
:1058300095ED5C5A9FEDB87AB4EEC75AF1EE10FAC6
:1058400009DDD5ED047AF0EEE77A75EE677AC7FEEA
:10585000877AC5ED5B7AD5ED5A5A95ED016AF5EE7A
:10586000C05AD5ED027AF1EE10FA4EDDB5EEC06AFF
:10587000DFEDAA6ADFEDA94AF1EE10FAF5EEC07A83
:105880004CBFB6F9A432B6F9A632002BB8BF5B42C2
:10589000F1EE10FAB5EEC05A9BB207EE103A4CBFCB
:1058A000B6F9AA32B6F9AC32B8EEC77A002BB8BF57
:1058B0005B4227EE267AF1EE10FA9BB206EE903AA2
:1058C000F8EEE66A66EEA46A05DD95ED5B5A87FEA2
:1058D000457AC6FEC56A9FED915ADFED914AC6FE34
:1058E000856A66EEA56A87FE057A27EE257AC7EEF9
:1058F000A65AC6EE076A65EEA55AE6EEA65AF4EE7B
:10590000E45AF1EE10FA00F3318195ED5D7AB5EECF
:10591000407AF1EE10FA0FD066EE476AD5ED5E5A86
:1059200025EE866AE5EEA76AA7EE276AF0EE667AAC
:10593000C5ED026A85ED016A67EEA77AD8F81030E6
:10594000E360E6EE067AB1EEE77A85ED597A02F089
:105950006DFD744BB0FA80F093ED000A4009E36BE3
:1059600084ED0D0A2074002B00F0C9816E48984721
:1059700094ED0D7AD4ED0B7AB5EE407AD4ED066A4B
:1059800020EE270AF1EE10FAC0EE267A84ED050A21
:10599000C4ED097A07DDDFED656AF4EE667AF1EEB3
:1059A00010FA00F3D780A36E002B67D100239FED80
:1059B000606AF7EE006A84F83130F4EEC67AF1EEF0
:1059C00010FAB4EEE67A4CBF01230023F1EE10FA90
:1059D00048BF43F0010353B194ED027ADFED557AED
:1059E000B4EEE77AF1EE10FACCBF0123002396F86B
:1059F0009A22DFED516A07EE902A504A9FED4C7AC9
:105A00005288F8EEE77A84F8303000EE102A636F9F
:105A100067EEA67AB8EEC00AC4ED357A20EE070A22
:105A20000BB147489847474B84ED1B0A5B68DFED95
:105A3000407A07EE103AD4F8A830B8EEC70A20EE44
:105A4000270A0BB140489847237884ED280A002B99
:105A500040F0DA80237CA3B994ED030A84ED020AB6
:105A60000520F8F773FB96F88D32012B14D0022B2A
:105A700000F04881BDEC028BBDE8F0810023A366F5
:105A800094E79FED250A052084ED020AF8F75EFBF6
:105A900096F88D32012BEAD196F88C32D5ED037A47
:105AA0000BB9F1EE677A9FED1C6A95ED547AC7FE4B
:105AB000867AF1EEE76AC6FE876AFEF7F7F8B0B9B4
:105AC000D5ED057A9FED1A7AF4EEC77AF1EE10FA69
:105AD00000F167819FED1D7AF4EEC77AF1EE10FABE
:105AE00005D5B1EE047A67EE877A66EEA76AC5ED52
:105AF000036ABDEC028BBDE8F08100BFEC7D0120A4
:105B0000C83601206F12033B84280020C08A012080
:105B10007425002008270020000000006F12833A3F
:105B20000100803FFC450020B8250020CDCC4C3D35
:105B30000AD7233CCDCCCC3DCDCC6C406078012045
:105B4000F02500208878012024260020CDCC4C3E72
:105B5000C0200020A26EA74B002A00F01C811B6809
:105B60009B1A642BD4BF0023012320E7B1EEE57A12
:105B70004FF00513C5F8183186EE076AC7EE877A2D
:105B800085ED016AC5ED027ABFE62378012B0FD9B6
:105B90006378042B0CD1F7EE046A94ED0A7ADFEDFA
:105BA000967A87FE667A87FE277A27EE077A01E0E3
:105BB000B7EE007A914DB6F9B832D5ED045A07EE3A
:105BC000903A9FED8F6AC5EE876AF8EEE77A67EE46
:105BD000867AF4EEE76AF1EE10FA0FDCB6F9B63227
:105BE00007EE903AF8EEE77A67EE867AF4EEE76A27
:105BF000F1EE10FA02D4C5ED046A19E60523C5EDED
:105C0000047AA5F81E3113E6D5ED595A95ED030A2D
:105C1000D5ED046A94ED467AF0EEC07AF0EEE66ACD
:105C200094ED456A27EE257A94ED475A67EE867A19
:105C3000D4ED065A94ED036AA5EE267AD4ED056AF2
:105C400025EE866A96F88D32F1EEE78A84ED086AD1
:105C5000F1EEC74A86EE865A67EEA88AE7EE248AF6
:105C600084ED0A5A5BB194ED498AB5EE408AF1EEB3
:105C700010FA04D0FEF71AF8002840F0A080F7EEE2
:105C8000007AB0EE677AC4ED487A94ED076AD4EDF5
:105C9000407AD6EE076A94ED427A97ED005A27EEE5
:105CA000877A94ED438A574827EE888A27EE057A4B
:105CB000B0EE666AD4ED416A67EEA66A86EE250A02
:105CC00066EE807A27EE007AC4ED367A84ED387A73
:105CD00026F06AFD94ED407A28EE000AD4ED446A7D
:105CE000494B27EE267A84ED390AD3F8003967EE5E
:105CF000288AC4ED3A8A984794ED020AB0E6B0EEDD
:105D0000407A37E696F88C32D5ED037A0BB9F1EE8E
:105D1000677AB0EEE77A17EE903AD5ED547A002B19
:105D2000F1EEC76AB1EE677AF0EEE66AB8BFF1EE5F
:105D3000666AF4EE476AF1EE10FA0CDDF4EE676A7B
:105D4000F1EE10FA07D595F9543106EE903AF8EED7
:105D5000E66A66EEA76AFDF7A9FF78B9D5ED057A80
:105D60009FED2A7AF4EEC77AF1EE10FA1CD49FED7B
:105D7000287AF4EEC77AF1EE10FA19D4F5EEC06A7B
:105D8000F1EE10FA4CBF4FF0FF33012385F8543188
:105D9000C5ED036AADE61A68A266002A7FF4DFAE9D
:105DA00004E6F0EE466AA2E6DFED1A6A0123EDE7AB
:105DB000B1EE047A67EE877A66EEA76ADEE7D4F87A
:105DC00030312BB114489847D4ED056AD4ED065A0A
:105DD00028EE008AD4ED4A7AB7EE007AB5EEC08A92
:105DE000F1EE10FA03D488FE678A38EE077A84ED64
:105DF000487A4AE7301D01206666663F0827002082
:105E00006F12833A64260020B43B00200AD7233C5B
:105E1000CDCC4C3E00000000AC2600200A4A0123F5
:105E20002A3070B452F82010052602F58B751C46F6
:105E300004FA03F20A4218BF25F8136001331D2B40
:105E4000F6D170BC704700BF082700204FF47A736A
:105E50004FF6184100F11E02C38006304180838056
:105E60009042F9D1704700BF384BB7EE005AF0EEC0
:105E7000002A374AD3ED033AD3ED017A93ED027A43
:105E800023EEA34AD3ED005A67EEA74A67EE071A3E
:105E900025EEA76A83ED0D4A27EE232AC3ED084AB3
:105EA00065EEA36AC3ED0B1A25EE873A83ED056A0A
:105EB00027EE877A83ED0C2A67EEA37AC3ED076A93
:105EC00031EE841A83ED063A72EE463A83ED097A92
:105ED00034EE844AC3ED0A7A74EEA14A36EE026AC1
:105EE000F0EE451AB0EE452AA4EEE25AE4EE621A4C
:105EF00077EE664AA1EE622A36EE877A73EE276A5B
:105F000077EEC37A82ED085A65EEA55AC2ED041AFF
:105F100073EEA33A36EE066A82ED002A74EEA44AC6
:105F2000C3ED045A37EE077AC2ED053A76EEA66A5B
:105F300082ED076A77EEA77AC2ED014A82ED037A15
:105F4000C2ED026AC2ED067A704700BF3806012032
:105F5000188501202E4BB0EEC06A1B681844837B65
:105F60009BB107EE903ADFED2B5AF7EE006AB8EEE0
:105F7000E77A60EE007A27EE257A67EE867A76EE8B
:105F8000C76AE7EE276A20EE260A837ADFED227AD7
:105F900006EE903A9FED1F7AF8EEE66AF4EEE76AB5
:105FA00026EE877AF1EE10FA07DDF0EE007ADFEDEB
:105FB0001B6A77EE677AA7EEA67ADFED177A837C05
:105FC00020EE270A20EE070AABB107EE903A9FEDCC
:105FD000147AF8EEE77A67EE867AF4EEC77AF1EE95
:105FE00010FA09DC9FED0B7A67EE877AF5EEC07A3E
:105FF000F1EE10FA05D57047DFED0A7A20EE270A98
:106000007047B7EE007A77EE677A80EE270A70471E
:10601000682500200AD7233C00004843D7A36841E5
:106020000000C6420000C842194BBFEE007AF2EEF3
:10603000047A9FED185A1B68F0EEC04AA0EE007A71
:10604000184420EE270AB7EE006A837C06EE903AE9
:10605000837BF0EE475A07EE103A837AF8EE666AD1
:1060600007EE903AB8EEC77AF8EEE77A66EEA46AE1
:1060700027EE257A27EE800AF0EE467AA7EE056A2B
:10608000E6EE857A27EE800A20EE060A704700BF0A
:10609000682500200AD7233C304BB0EEC06ADFED04
:1060A000306A1B681844837C07EE903A837BF8EED5
:1060B000E77A07EE103AB8EEC77A67EE867AF4EE22
:1060C000E67AF1EE10FA3FDCDFED266A67EEA67A9B
:1060D000F5EEC07AF1EE10FA33D4F7EE006A76EE00
:1060E000E77AC6EEA75A837A9FED1F4A07EE903AE9
:1060F0009FED1C5AFFEE006AF8EEE77AB7EE006AF1
:10610000F0EE664AE0EE004A20EE040A27EE800A2E
:1061100067EE247AB0EE467AA7EE857A20EE070A7B
:1061200020EE250AB4EEE60AF1EE10FA0FD4B4EE32
:10613000C60AF1EE10FA0DDCDFED0C7A20EE270A2C
:106140007047F7EE005ACEE7DFED095ACBE79FED37
:10615000090A70479FED050A704700BF68250020B7
:106160000000C6420AD7233C6F12833A0000FA446B
:106170000000C8420000FAC43F4BF7EE004ADFEDD2
:106180003F5AF0EEC06A1B68184410B41C7E837C32
:10619000817A03EB8302837B490006EE103A5300B9
:1061A00007EE901A8B42B8EEC66AF8EEE77AB8BFEF
:1061B0000B4626EE256A07EE103AB8EE477A87EED0
:1061C000275A35EE645AC5EE075A9FED2D5A25EE33
:1061D000A77AFFEE005AC4B166EE876A27EE807A8E
:1061E000F0EE657AF4EEC56AE0EE007AF1EE10FAB0
:1061F000B0EE640AA6EE270A2FDCF5EEC06AF1EED7
:1062000010FA2FD5B0EE646A29E0E0EE005AB0EE45
:10621000644AA6EE254A66EE846A66EE876AF4EE64
:10622000C56AF1EE10FA07DCF5EEC06AF1EE10FA7D
:106230001DD5B0EE646A01E09FED126A27EE800A78
:1062400020EE060A9FED107ADFED107A5DF8044B20
:1062500080FE470A80FE270A70479FED0A6A27EEF4
:10626000000AEDE774EEE66A84EEA66AF7E774EEDC
:10627000E66A84EEA66AE1E7682500200AD7233C97
:10628000A4707D3F0000C8420000FA440000FAC438
:10629000DFED027A20EE270A704700BF0000FA43C4
:1062A000F0B5DFF840C0074600F5847E0C4C3D4653
:1062B0002646103510340FCE664545F8100C45F8CB
:1062C0000C1C45F8082C45F8043CF1D123462C372A
:1062D00007CB774528606960AA60E7D1F0BD00BFB1
:1062E00008CF040828CF0408D0E90920101AB0FA12
:1062F00080F04009704700BF0171704703799B0728
:106300000AD5436A8269D154436A01690133B3FBF8
:10631000F1F201FB12334362704700BF037913F0BF
:10632000010313D0C268D0E9073130B45B1A541EA0
:10633000234008D04D1C4369B5FBF2F45B5C02FBC3
:106340001452DBB20262184630BC704718467047E0
:10635000037913F0020308D00369D0E90921581E1C
:10636000531A0340DBB2C01A70471846704700BF8B
:10637000037913F0010306D0C268D0E90731581A37
:10638000531E184070471846704700BF10F8113C64
:106390000133DBB20A2B00F8113C07D90023044A71
:1063A00010F8131C22F8113000F8113C704700BFA0
:1063B000008D0120F0B55B4C5B4A20785B4B0130CF
:1063C000DE6BA2FB00521D688F195E681209A9429C
:1063D00002EB8202A0EB8202227010D293F84500F9
:1063E000002846D0524807F580320578B2FBF5F711
:1063F000BE420AD24FF48030B0FBF5F535E04C4A8E
:106400001578B7FBF5F7BE422AD34FF48030BE1B98
:10641000B0FBF5F03044986040F68C2200255F60B8
:106420009042196083F845502AD993F8402093F997
:106430004210914202D1111F082961D900214FFA5F
:1064400082FC93F9417083F84310BA4239D001219C
:10645000002283F842C083F8441083F84020F0BD46
:1064600093F845000028C5D10546B81B401B98602D
:10647000D2E72F4A1578B7FBF5F7BE42F4D3C4E74D
:1064800093F84420002AEAD0A0F2EF2140F2DA5239
:1064900091420AD893F840200B2A06D803EB8201D8
:1064A0000132C86083F84020F0BD0024214A204614
:1064B00002F1300183F8444042F8040F8A42FBD1D4
:1064C000F0BD93F844100029C1D01B4962B13AB223
:1064D000184D084601EB470E55F8046F20F8026B83
:1064E0007045F9D10B2F07DC01EB42021348002164
:1064F00022F8021B8242FBD1627801326270A6E769
:1065000093F84310182907D801314FFA82FC93F908
:10651000417083F8431098E74FFA82FC674683F88E
:1065200041C092E7F4A10120CDCCCCCC7038012041
:10653000A801012078380120008D0120188D01204C
:1065400070B40E4C4FF6FF750D4B2278A9420D4EDC
:1065500002F10102A3FB0203F06B4FEA131300F1F7
:10656000010003EB83030844A2EB8303F063237071
:1065700002D1012386F8453070BC7047F4A1012098
:10658000CDCCCCCC703801201D4890F82430B3B36A
:1065900000221C4BDFF870C02DE9F0474FF0500E81
:1065A00016462C27DFF86480197C49B953F8181B6C
:1065B00001320E6090F824109142F5DCBDE8F087BE
:1065C0005968FE248D0AA5F58015522D98BF18F83C
:1065D0000540EFF311858EF31288D1F824A007FB54
:1065E00004C4D1F81490EDB20AF1010A49F001098E
:1065F000C4F82CA0C1F8149085F31188D6E7704731
:10660000280A002068090020F4A1012040CB0408DA
:10661000034B00EB400003EBC000407C704700BF21
:1066200068090020012070470A4890F824307BB1A7
:106630000023094A10B41C4611680133183201B115
:106640000C6090F824108B42F6DB5DF8044B704729
:10665000704700BF280A0020680900200A4890F807
:1066600024307BB10023094A10B41C461168013361
:10667000183201B10C6090F824109942F6DC5DF8F4
:10668000044B7047704700BF280A002068090020AB
:10669000704700BF034B33F82C2F9B780280837028
:1066A000704700BF08CF040810B4124CB4F8982209
:1066B000B4F99C3200FB02F0010BC3B142F210723C
:1066C000B4F99E420C4802FB01F292FBF3F323441F
:1066D00080FB0320DB17C3EBA000084B1B78212BAA
:1066E00002D1074BC3E900105DF8044B7047184610
:1066F000F3E700BFF4A1012067666666B4010020DD
:10670000BC010020154B70B4D3E9A824821A74B1DF
:10671000D3F8A8524FF47A71114E01FB05F1002510
:10672000B1FBF4F1C3F8A4523180C3F8A85282B18E
:10673000D3F8AC524FF47A710024C3F8A00201FBE5
:1067400005F10748C3F8AC42B1FBF2F270BC82809D
:106750007047044B012270BC1A707047F4A10120ED
:106760000C4600207025002003684A79591C0160FE
:106770001A70704738B5244B0129DA8A07EE902A3F
:10678000F8EE677A23D0B5EEC00AF1EE10FA0DDD0F
:106790005A8A9B8A07EE902A07EE103AF8EE677A3B
:1067A000B8EE477A37EE677AE0EE077A00EB400002
:1067B000164D05EBC003C40093ED027A93ED030A76
:1067C000A7EE270A23F02CFB2B59186038BDB5EE35
:1067D000400AF1EE10FAE9D05A8AF6EE006A9B8A76
:1067E000B7EE006A07EE902A07EE103AF8EE677AE5
:1067F000B8EE477A30EE060A37EE677A27EE267A49
:10680000E0EE077AD2E700BFBC380120680900201B
:10681000264B1B6899072DE9F04F254C2DED0C8B6D
:1068200083B002D594F854706FB900230122214837
:106830002149A364E364236502700A7003B0BDECD0
:106840000C8BBDE8F08F1D4DDFF87C90D5F8B022A1
:10685000C5F8B002821A0AEE102A1A073AD5D9ED05
:10686000007AF5EE407AF1EE10FA33D0D9ED017AE4
:10687000F5EE407AF1EE10FA2CD0D9ED027AF5EE71
:10688000407AF1EE10FA25D00D4A92F82220002A23
:1068900000F03B8395F8B422002A40F036839FED48
:1068A0000C8ADFF82880074E1EE000BFBC7701206D
:1068B000FC2400206C25002070250020F4A101207C
:1068C000D884012038060120848601202C3D012037
:1068D0000000000013F0200740F03B821FED048A07
:1068E0003A46DFF81484F24EDFF810C4DCF80010EA
:1068F000002900F05582EF4BB7EE005ADFEDEE8A2B
:106900004FF0000EDB68CCF800E003FB01F3002140
:1069100007EE903AE94BF8EE677AD3ED015A93ED22
:10692000006AD3ED026A85EE277A19605960996092
:1069300067EE255A27EE066A67EE266A65EEA89A84
:1069400026EE289A66EEA88A69EEA9AAE9EE09AAB7
:10695000E8EEA8AADA4BD3F89810002940F3978202
:1069600007EE901AB7EE005A93ED28CA4FF0000CCC
:10697000B8EEE77AD3ED27BA93ED294A0021D4ED9A
:10698000007AC5EE07CADFEDCF4A9FEDCF5A9FEDE3
:10699000CF7AC3F898C0C3F89C1067EEA77AC3F803
:1069A000A010C3F8A4102CEE8CCA6CEEABBA6CEE3F
:1069B00084CA2CEE0CBA85EDAFCAC5EDAEBAC5EDF2
:1069C000B0CAABEEABBAACEEACBA67EE8B7AF4EE13
:1069D000E47AF1EE10FAF4EEC57ACCBF01246446F5
:1069E000F1EE10FAB4EEC7BA04F0010458BF002467
:1069F000F1EE10FA04F0010AD8BF4FF0000AB44BD0
:106A0000B8EECAAA9FEDB37A1B782AEE07AA03F064
:106A1000010113F0010300F0D28195EDB3DA85F89E
:106A2000C412002A00F02682DFEDAB7AB4EEE78ACA
:106A3000F1EE10FA0CDDDFEDA96A9FEDA97AF0EE18
:106A4000487A38EE668AF4EEC77AF1EE10FAF6DC90
:106A5000DFEDA47AB4EEE78AF1EE10FA0CD5DFEDA3
:106A60009F6A9FEDA17AF0EE487A38EE268AF4EE1E
:106A7000C77AF1EE10FAF6D4B0EE480A9B4C25F036
:106A80007FFEF0EE407AB0EE480AD4ED00DAB0EEC8
:106A9000678A25F065FE94ED037AD4ED065A20EE60
:106AA000077A94ED076AD4ED087AA8EE2D7A67EE9E
:106AB000655A27EE466A27EE677AD9ED017A99ED95
:106AC000005A67EEA76AD9ED022ADFED804AE5EEAB
:106AD000056AE2EEA26AF4EE646AF1EE10FA3ADDBB
:106AE000CFB3B1EEE64AD4ED044AD4ED030A94EDF7
:106AF000010A94ED001AD4ED051AF7EE003A94ED70
:106B0000022A94ED063AC3EE846AD4ED073A94ED76
:106B1000084A67EEA67A25EE265A62EEA66A67EE66
:106B2000A44A67EE807AE5EE204AE5EE017AB0EEFF
:106B3000645AE6EE827AA6EEA15A65EE056AE7EEA1
:106B4000A76AF1EEE67A27EEC55AE5EE035AA5EEFE
:106B5000236AA5EE047ABAF1000F1DD0B1EECB4A3C
:106B6000D4ED086AD4ED064A94ED075AF7EE003AE0
:106B7000C3EE847A67EEABBA27EE8CCA67EEACCA76
:106B8000ABEE857AECEE265AACEEA46AACEE647AF3
:106B9000ECEEC55AABEEE66AD5EDB27A0023F5EE1F
:106BA000C07AF1EE10FA40F38681DFED516AF4EE1F
:106BB000E6AAF1EE10FA00F1858195EDB75AD5ED10
:106BC000B86AD5EDB97A78EE858A79EEA69A39EE6B
:106BD000279AA5EE8D9AD6ED033AF6EE004AD6ED49
:106BE000005AE6EE0D9A96ED023AE7EE0D8AD6EDE2
:106BF000012A6AEE244A9FED3F8AB7EE002A29EE69
:106C0000245A29EEA44A68EEA44A65EE236A24EECB
:106C1000227A24EE836AE4EE256AA4EEA57AA5EE34
:106C2000256A64EE037A76EE836AE5EE227A33EE25
:106C3000877AE4EEE26A32EE866AA5EE437AA4EE43
:106C4000636A75EEE77A26EEA65AE4EEE37AF0EE92
:106C5000455AE6EE065AE7EE075AE7EEA75AB1EEB6
:106C6000E55AC2EE055A67EEA57A26EE256A66EE6B
:106C7000A56A27EE257AC6ED007A86ED016AC6ED93
:106C8000026A86ED037AFFF7EFF80123D4ED080AD4
:106C900094ED070A85F8B63225F096FD20EE080A35
:106CA00023F0BEF894ED060AA8F800002CE000BF1F
:106CB00038060120C802002035FA8E3CD843002057
:106CC000F4430020295C4F3F48E19A3F0AD7233C18
:106CD00094780120BD378635DB0F4940DB0FC94072
:106CE000E4CB1641DB0F49C0E4CB16C11885012067
:106CF000E58AF93D4C3D0F442C3D0120F043002036
:106D0000DB0FC93F4C3D0FC4B1EE400A25F03CFDFE
:106D10005FED057A37EEC00A20EE080A23F080F80E
:106D2000D4ED000A94ED030AA8F8020025F04CFD0A
:106D30005FED0C7A20EE270A23F072F803B2002BE5
:106D4000C0F2A080A8F8043003B0BDEC0C8BBDE805
:106D5000F08FD34B1F7817F002073FF4BFADD14B34
:106D60001A7D042A40F2C980DA89B2F5FA7FC0F0B0
:106D7000C480198ACC4BDFEDCD7AA3FB012395F8B3
:106D8000B522DB0808EE103AB8EEC88A28EE278A4A
:106D9000002A00F0C7800027DFF83483C44EA3E543
:106DA000DFEDC4AAF0EE6A8AF0EE6A9AB0EE6A9A53
:106DB000F0EE6A6AF0EE6A5AB0EE6A6ACAE595F8D1
:106DC000C41279B1BC49C5F8D432014485F8D8322F
:106DD000C5F8D01259B995F8D83243B9002385F8CF
:106DE000C4323EE0D5F8D432002B00F05081B0EE32
:106DF000C66AB2EE0E5AB4EEC56AF1EE10FA1EDCA7
:106E0000F0EEE57AF4EEC57AF1EE10FA17DCB0EEAA
:106E1000E67AB4EE457AF1EE10FA10D87CB1D5F8E6
:106E2000D432002B00F03981984268D3002301212D
:106E3000C5E9B43385F8C43285F8D81211E09E4B09
:106E400000210344C5E9B431002BC7D09842C5D313
:106E50009A4B00210344C5F8D01285F8C412C5F836
:106E6000D432F2EE047A95EDB3DA2DEE27DA002A69
:106E70007FF4DAAD9FED8F7A914CB0EE476AF0EE79
:106E8000475A1AE600F56160A8F80400D6E49FEDC1
:106E9000897A4FF0000AB0EE47BA5446F0EE47CA7E
:106EA00085EDAE7AB0EE47CA85EDAF7AF0EE47BA1F
:106EB00085EDB07AA3E5C5F8E432C5F8E032C5F84F
:106EC000DC3286E66AEE277AD5EDB94A95EDB85AF6
:106ED000D5EDB76AE5EEA74AA6EE275AE7EE276A90
:106EE00039EE249AC5EDB94A79EE859A85EDB85AFE
:106EF00078EEA68AC5EDB76A6BE60027EEE40023BC
:106F0000B3EE09DA85F8C4328BE56E4A1278013A9D
:106F1000042A7FF6DFAC9FED678A0022DFF8B0819C
:106F2000634EE1E4DFF8A88101230FFA81FBB8F991
:106F30000060B8F902A0B6F5E16F85F8B53202DD60
:106F4000A6F5616636B2BAF5E16F03DDAAF5616AAE
:106F50000FFA8AFABBF5E16F03DDA1F561610FFA63
:106F600081FB594BF117DFED59BA0027CDE900201D
:106F700083FB062C4E4EC1EBAC010BB208EE903AEF
:106F8000F8EEE88A68EEAB8AB0EE680A25F0E8FB16
:106F9000F0EE40AAB0EE680A25F0F2FB4A4B4FEA49
:106FA000EA71F0EE409A83FB0A2CC1EBAC010BB204
:106FB00008EE903AF8EEE88A68EEAB8AB0EE680A1E
:106FC00025F0CEFBB0EE40BAB0EE680A25F0D8FB53
:106FD0003D4BB0EE409A83FB0B234FEAEB7BABEBD0
:106FE000A30B07EE90BAF8EEE78A68EEAB8AB0EE34
:106FF000680A25F0B5FBF0EE407AB0EE680AF0EED4
:10700000678A25F0BDFB69EE897A69EE8B9A2AEED4
:10701000899A20EE276A6AEE8BAA20EE297A67EE1B
:10702000E87A69EE406AA8EE897AE0EE2A7AA8EE5C
:10703000AA6AE8EEA96A67EE075A27EEA75A66EE33
:10704000874AC6ED0B5A26EEA64A86ED0D5A67EE24
:10705000275A26EEA75AC6ED094A66EE266A86ED3D
:10706000084A26EE077AC6ED0C5A66EE277A86EDB8
:107070000A5AC6ED056A86ED067AC6ED077AFEF76E
:10708000F3FE0123DDE9002085F8B6322CE4D5F8C3
:10709000D01200297FF4ABAE9DE6D5F8D032D3E60E
:1070A0003978012078390120CDCCCCCC35FA8E3C12
:1070B000380601200000000090D0030020A1070046
:1070C000188501208C8401206766666635FA0E3CBF
:1070D0002C3D012070B5304D304C95F8E832304EE3
:1070E0002046237095F8EE32D6ED010A00EE103AF4
:1070F0000023B8EEC00A63622DED028B9FED298A52
:1071000040F8203F80EE080A19F024FA95F8EB3297
:10711000D6ED010A04F1300000EE103A02220421FB
:10712000B8EEC00A80EE080A19F0FEF895F8E932C8
:10713000D6ED010A04F1600000EE103A02220421AB
:10714000B8EEC00A80EE080A9FED178A19F0ECF835
:1071500095F8EC32D6ED010A04F1900000EE103AF9
:1071600002220421B8EEC00A80EE080A19F0DCF809
:1071700095F8EA32D6ED010A04F1C00000EE103AAB
:1071800002220421B8EEC00A80EE080ABDEC028B90
:10719000BDE8704019F0C8B8F4A10120000000203B
:1071A000842800200000C84200007A4410B58D4CAD
:1071B0002378012B40F2A480022B00F0B880227BC0
:1071C000894B1B78DB0731D442B1D4F8C43094ED3D
:1071D000040A0BB18548984784ED050A637B002BB0
:1071E00045D0D4F8943094ED060A0BB18048984706
:1071F000237B84ED070A002B00F08C80D4ED057A08
:10720000F5EE407AF1EE10FA00F0848094ED040A75
:1072100070EE677A7748C4ED017A25F0C5FA764BAF
:1072200084ED020A1B780E2B31D010BD002A71D0DC
:10723000637BF3B1D4ED077AF5EE407AF1EE10FA04
:1072400000F0C48094ED047A94ED060A77EE877A14
:10725000D4F8C43037EEC00A002B00F0BF8063487A
:107260009847237B84ED050A002BC7D152E0237B8E
:1072700033B1D4ED057AF5EE407AF1EE10FAC5D1CE
:1072800000236360A3605C4B1B780E2BCDD1DFED38
:107290005B7AD4ED014A94ED025AD4ED045A64EEBF
:1072A000A74A94ED056A25EE275AD4ED066A65EEE5
:1072B000A75A94ED077A26EE276A66EEA76A504A27
:1072C00067EE277A4F4BFDEEE44A9168BDEEC55A52
:1072D000127DFDEEE55A9961BDEEC66AC3ED004A26
:1072E000FDEEE66A83ED015AFDEEE77AC3ED025A40
:1072F00083ED036AC3ED046AC3ED057ADA6110BD5C
:10730000414A126852073BD4374B00221B78227344
:10731000D8072DD5637B002BB2D0D4ED077AF5EEDC
:10732000407AF1EE10FAABD094ED060A70E7364BD6
:107330001B68990620D5354B1B789A071CD5304B16
:10734000334A197D92F8ED22914215D393ED020A4A
:10735000DFED307AB8EEC00A636B20EE270A0BB17E
:107360002D4898470123227B84ED060A637327E7A3
:10737000637B002B84D034E70023227B63731FE7F9
:10738000234A92F8EF120029BED0B2F8F022002A68
:10739000BAD1224A44F25A41D2F8C82002F6C310A8
:1073A00088423FF60CAF07EE902A626EB8EEE70A0D
:1073B000DFED187A20EE270A1AB104F16C0090472D
:1073C0002378012284ED040A2273F5E6D4ED057AD0
:1073D000F5EE407AF1EE10FA9FD017E784ED050A3A
:1073E0000CE700BF0000002094780120CC000020B2
:1073F0009C00002020000020B40100200000C842B2
:1074000078390120BC010020BC77012039780120A7
:10741000F4A101200AD7233C3C0000201C2E0120AF
:107420001A4BF2EE044A60EE006ADFED193A1B686F
:10743000B7EE005AB0EEC07A9FED164A184466EED9
:10744000A66A837C76EEC56A07EE903A837A05EEEB
:10745000903A837BF8EEE77A06EE103AF8EEE55ABA
:1074600067EEA47AB8EEC66AE5EEE47A26EE236A01
:10747000A6EE265AC7FE847A67EE277A67EE857AEB
:10748000E5EEA47A27EE800A704700BF6825002049
:107490000AD7233C0000000070B53D4E04223D4C4D
:1074A00000253D494FF4C840737A0A7084F8F222EF
:1074B000012B3A493A4AA4F8FC02A4F8F452A4F881
:1074C000F652A4F8F852A4F8FA52C4F800530D701A
:1074D000156026D0022B19D13422294604F54170BB
:1074E00024F0A8FF737DB2EE040A2A4607EE903A14
:1074F000738B082104F54270F8EEE77A00EE903ABB
:10750000F8EE600A80EE270A18F00EFFB17A00222A
:10751000244B012984F86C239A60C3E900221BD014
:1075200070BD2946342204F54E7024F083FF737D2C
:10753000B2EE040A2A4607EE903A738B082104F54E
:107540004F70F8EEE77A00EE903AF8EE600A80EEBF
:10755000270A18F0E9FED9E7B37DB2EE040AC4F8B1
:107560007023082107EE903AB38BF8EEE77A00EE2D
:10757000903A0D4BF8EE600ADA6080EE270A03F1CC
:107580001000C3E90122BDE8704018F0CDBE00BF75
:1075900068780120F4A101203D7E01205A8D012050
:1075A000607801208878012064A5012025F008B9C1
:1075B00008B525F0DDF80549054A0B891078013337
:1075C000B3FBF0F200FB12330B8108BD0C46002028
:1075D000F000002070B5A0F51B742379DB0757D5A8
:1075E000637994F8502203F001010D4642BB94F8F0
:1075F0005332012B4DD0002B4FD194F8523294F8D6
:1076000051128B420CD2B4F85A22012606FA03F02A
:1076100001330243D8B2884292B2F7D3A4F85A2277
:107620000123606C85EA030184F85332E3F794F890
:10763000636C012259791868BDE87040EAF7AEBB67
:10764000A36C1A68D36A5B08536294F86132012B09
:1076500007D094F8553223B1B4F85C320133A4F862
:107660005C3285F00101606CE3F776F8636C01220F
:1076700059791868EAF792FB0023012284F8513205
:1076800084F8532284F85232A4F85A3284F85032E3
:1076900070BD94F8513284F852320023606C84F843
:1076A0005332E3F759F8C3E7C36C23B15A7A012187
:1076B000006C10F045BB006C012110F095BB00BFC1
:1076C00010B543790446DA0715D513F0200F436C43
:1076D000C06B14BF022142215A7A10F031FB636C57
:1076E000012284F85422A4F8502259791868BDE880
:1076F0001040EAF753BB13F0200F436CC06B14BF6C
:10770000022122215A7A10F01BFBE8E7084B1A6885
:10771000134610B4B3FBF1F4B4F5803F04D2A1B228
:107720005DF8044B1FF07CBC012BF5D95B08F1E739
:107730007C1E01208160406CE8E700BF4379006C4B
:10774000DB0748BF81F0010109B110F0E1BB10F087
:107750008DBB00BF38B5A0F5197423799A0740D4C2
:10776000D90700D438BD94F85032002BFAD194F8E0
:1077700051320133DBB2092B84F8513279D00A2B14
:10778000F0D194F85352B4F85A021DB940F00100F8
:10779000A4F85A02820500F18480C30740F1818079
:1077A0004008E36AC0B2002B00F09580216B984737
:1077B00094F8535201220023954284F8513284F800
:1077C0005022CFD16179606C114084F85332E2F7D6
:1077D000C3FF636C2A4659791868BDE83840EAF758
:1077E000DDBA94F855524DBBD4E9091291425ED0EE
:1077F000531CA1692069A362895C0122834228BFCE
:107800002B460A20914084F85522A36241F400716E
:1078100094F8543284F85602A4F85812ABB94B08C5
:10782000204601F00101A4F85832FFF787FF94F8D1
:1078300056222379013A84F8562291E794F9562288
:10784000002A5BD184F855228AE763791807E6D5C8
:10785000636C2A4659791868EAF7A0FA2946E06B62
:1078600010F0C2FA204684F85452FFF71DFF237926
:1078700076E794F85332002B7FF474AF94F85232C9
:10788000082B3FF66FAFB4F85A22012000FA03F13B
:1078900001330A43D9B2082992B2F7D9A4F85A227F
:1078A00038BDB4F85E320133A4F85E3282E794F852
:1078B000541200297FF454AF627915077FF550AF59
:1078C000E36CB3B15A7A206C10F03AFA2046FFF715
:1078D000F7FE237944E7E3696269D054E369E1681C
:1078E000013394F85352B3FBF1F201FB1233E3611D
:1078F00060E71946206C10F077FAE7E7B4F8581201
:107900008DE700BFF8B5494B1A789AB1484B044649
:10791000484D9A7AD5F8B073022AC5F8B00353D00F
:10792000032A06D0012A0AD0434B0022C3E90022D1
:107930009A60F8BD404BC3E900229A60F8BD3F4A07
:107940003F4BD27933F81260B6B23046FEF7ACFE48
:1079500007EE906AD5F88433B8EE670AC5F87C0361
:107960003BB105F563709847BCEEC00A10EE103AC3
:107970009EB23046FEF798FEE31BD5F87C1395EDDA
:10798000DD7A01FB03F3DFED2F6A2B4A07EE903A15
:107990002D4BC5F87803F8EEE77A1C78212CA7EE7A
:1079A000A67AC2E90001F0EE477ABDEEC77AC5EDCE
:1079B000DD7A17EE103A82ED027A85EDDC7AB8D1E5
:1079C000224AC2E90213F8BD214B1B681B01B0D546
:1079D000FF20EDF749FB18B103780A2B08D90020E6
:1079E0000346154AC5E9ED03C2E900339060F8BDCE
:1079F000184A194B92881B68D0ED027A03FB02F3F8
:107A0000DFED166AF8EEE77A154907EE103A43689B
:107A1000A1FB0212B8EE477A03EBD203E7EE267A17
:107A2000FDEEE77A17EE900ADBE700BF5A8D0120E2
:107A300068780120F4A10120887801200027012026
:107A4000DC0100202FE33E31B4010020BC01002006
:107A50004C390120C8770120301D01207D2195344B
:107A6000CDCCCCCC4D4B70B55B7A012B11D0022B19
:107A700057D14B4B1B681B015BD44A4B1B78022B25
:107A800000D070BD484A494B51881288C3E90012A2
:107A900070BD474A474B9278474C33F81200D4F8F0
:107AA000403385B207EE905AB8EE670A002B64D0D7
:107AB00004F552709847BCEEC00A10EE103A9BB223
:107AC00094F8BC2344F6FB71B4F8980200FB02F072
:107AD0003A4A00FB03F300FB05F094F8BD53A2FB08
:107AE000036394F8BE63A2FB0002C5EB053001EB13
:107AF000D3032D4D01EBD202B3FBF0F3B3FBF6F34E
:107B0000B2FBF0F29BB2B2FBF6F2A4F8383392B2B9
:107B10002B80244BA4F83A231B786A80022BB0D127
:107B2000B0E7214B00221A601E4B1B78022BA8D114
:107B3000A8E7FF20EDF798FA38B303780A2B1ED98F
:107B40009FED1F0A00231C4CD4F80C23A4F8063325
:107B50000AB304F545709047BCEEC00AB4F80613AA
:107B600010EE103A9BB2A4F804330F4A13800D4B69
:107B700051801B78022B84D184E72B46A0E74388F1
:107B800007EE903AB8EE670ADDE70B4AB2F8043325
:107B9000B2F80613E9E71946E5E700BF6878012067
:107BA0004C390120B401002060780120BC01002084
:107BB00000270120DC010020F4A10120CDCCCCCC99
:107BC0000000000010B50B7904461A2B27D01B2BA0
:107BD00011D01C2B19D01D2B03D1184B93F8F02377
:107BE0003ABB0968204614F013FD23683B22591C58
:107BF00021601A7010BD114B93F8D023002AF0D0E9
:107C000003F5747114F004FDEFE70C4B93F8E023D7
:107C1000002AE6D003F5787114F0FAFCE5E7074B8B
:107C200093F8C023002ADCD003F5707114F0F0FC47
:107C3000DBE703F57C7114F0EBFCD6E7F4A101203F
:107C4000B0F908306E2B00D0704710B5044614F020
:107C5000C5FC204614F0B6FC204614F0B3FC2046C8
:107C6000BDE8104014F0AEBC38B50EF08BF9474BB0
:107C70001A78002A37D0012A37D05A785AB1444AA4
:107C800092F82020012A04D0022A04D193F8382047
:107C90000AB106221A7093F828200AB902225A70F3
:107CA0003C493D4CD1F80024821AA24219D91A78D5
:107CB000C1F80004032A28D0354A147F187D91F9B1
:107CC0000924A04234BF01204FF0FF3002440A2AA9
:107CD0001046A8BF0A20092A20EAE07081F80904AA
:107CE00000DC38BD03225A7038BD9D890A24294B17
:107CF00000210522A3F80654C3F8000483F80444C5
:107D000083F8081483F8092438BD588A91F90424AB
:107D1000962834BF01204FF0FF300244142A104649
:107D2000A8BF1420132A20EAE07081F8040401DDC2
:107D300004225A709C89B1F8060491F90824A042E3
:107D400034BF01204FF0FF30A1F8064402440A2A54
:107D50001046A8BF0A20092A20EAE07081F808042A
:107D6000AADD0E4A126812F0080F094A0BD092F8E9
:107D7000220040B191F8B40228B9012481F8080426
:107D800081F8B44299E70120587096E78C8401206D
:107D9000D8840120F4A101203F420F00BC770120CC
:107DA0002DE9F047BB4C2378012B0DD1BA4B0022B3
:107DB000002003F21441A3F80A24A3F80C2408605D
:107DC000C3F81024A3F81824B44B1E78242E02D133
:107DD000B34B6278DA60B34B1B78002B00F0048160
:107DE000628A6FF0630C236BAF489B1AAA4DDFF8D1
:107DF000E88280FB0312DB17B5F90C74C3EB621346
:107E0000B5F80AE4B8F81A100FFA83F9B8F8182090
:107E10009BB24F44A5F80A94A3EB0E0EB8F8169047
:107E2000642F11FB0EF1DFF8B4E2A8BF642719FB41
:107E30000313DEF804106745B8BF674694F834C0F2
:107E400007FB02F20CEB8C0AA5F80C7480FB02977E
:107E5000D2170AEB8A0A94F83590C2EB67124FEA00
:107E60008A0713441BB2502BD4BFCB1801F1500327
:107E7000B3EB8A0F0CDB09EB890909EB89094FEA9F
:107E800089079F42A8BF1F46A0FB07304FEA501C3E
:107E900007EE90CA9FED850ACEF80470F8EEE77AF7
:107EA00027EE800A21F074FFA168E36A5B1A1BB217
:107EB00083EAE372A2EBE372013A92B2B2F5957FE4
:107EC00040F2B880F7EE006A002B40F38F80B8F8DC
:107ED0002A30D4ED067A07EE103AB8EEC77AD7EE1C
:107EE000267AFDEEE77A17EE903A83EAE37207EE20
:107EF000903AA2EBE372F8EEE75A632A40F3B580BA
:107F0000DFED6B6A6B496C4A6C481288D0ED007AE1
:107F1000A2F57A7290ED015AB5F918C465EEA75A28
:107F200007EE102AD5F8102426EE855A07EE90CADF
:107F3000B8EEC76A9A1AC1ED006AF8EEE77A07EE62
:107F4000102A75EE856AC6EE004A90ED024AC5F821
:107F50001034B8F81000B8F812E0A0F57A72844630
:107F6000B8EEC77A77EEA67A27EE047A77EE877AAC
:107F7000FDEEE77A17EE901AFDEEE47A17EE903AEE
:107F80000FFA83F8A2EB0803994206DBAEF57A7389
:107F9000A3EB08038B42A8BF0B461BB203F57A7212
:107FA000A5F818349044404505DCC645F446A8BF02
:107FB000C4461FFA8CF0424A242E108034D0382E4A
:107FC00012D1D4ED067AFDEEE55ABDEEC55A344B1A
:107FD000FDEEE77ABDEEC77AC3ED005A83ED015A94
:107FE000C3ED037A83ED027ABDE8F0872BD0B1F5BB
:107FF000FA7F3FDC01EB8101324B94ED067A0901F7
:1080000083FB0123C917C1EB6313322BB8BF3223A3
:108010005B4207EE903AF8EEE77A77EEC77AFDEE2C
:10802000E77A17EE903A60E71D4AC2E900C793600D
:10803000BDE8F08707EE903AF8EEE76ADFED227AC6
:1080400066EEA76A40E7DFED1A6AF0EE665A194954
:108050009FED1E7A91ED006ADFED1D7A76EE866A5D
:10806000C6FEC76AC6FEA76A4DE7DFED1A6A65EE6F
:10807000A66AECE7B8F82C30D4ED067A5B4207EE3E
:10808000103AB8EEC77AD7EE267AFDEEE77A17EE09
:10809000903A2AE78C840120F4A10120B401002049
:1080A000BC010020007F01201F85EB5135FA8E3C7A
:1080B0000000000008A60120448501204885012019
:1080C00014850120D34D62100E745A3B00007A4390
:1080D00000007AC30AD7233CD88401200C850120F4
:1080E000042008B509F062FA064B074A586811687F
:1080F000DA6819618A1A904202DA002283F8252090
:1081000008BD00BF407E0120301D012008B5054B91
:10811000DFED057A93ED020A20EE270A21F080FEBA
:1081200000B208BD000000200000C842044BDFED93
:10813000057A93ED010A20EE270A21F071BE00BFF7
:10814000000000200000C842052813D8052911D8D6
:1081500088420FD02C2330B5074D00FB035401FBA0
:1081600003550FCD0FC40FCD0FC495E8070084E869
:10817000070030BD704700BF10A6012016492C2013
:10818000164B01F21C4210B45B78154C03FB002225
:1081900000FB0313226093F82524124B013A042AB2
:1081A00013D8DFE802F00306090C0F000E4ADA606C
:1081B0000DE00E4ADA600AE00D4ADA6007E00D4A87
:1081C000DA6004E00C4ADA6001E00C4ADA605DF83B
:1081D000044BFBF748B800BFF4A10120C89101206F
:1081E000682500200C460020555F0208296002081F
:1081F00099600208217402087961020891620208FC
:10820000052801D8014B5870B8E700BFC89101207C
:10821000F0B5002383B0194E1D46194C0093ADF8FC
:108220000430C6F82435C6F828350BE0D6F82835D2
:108230005A1C3344C6F8282583F82C7501350634BA
:10824000142D16D06379204606226946EFB2002B22
:10825000ECD124F0F3F90028F0D0D6F8243501351C
:1082600006345A1C142D3344C6F8242583F840756F
:10827000E8D103B0BDE8F04008F0BABFF4A1012096
:10828000B49401200021F0B40A46244E0F4601EBBD
:10829000410316F813505C0006EB430C854239D0BD
:1082A000FAB18C18132C30D804EB440306EB4303CB
:1082B00003E001325418132C27D81D780633854269
:1082C000F7D004EB4404013156F8143006EB4404B3
:1082D0001429CCF80030A388ACF80430D7D1F0BC16
:1082E000704701311429FAD001EB410316F813301D
:1082F000834203D001311429C9D1F0E70122A31D23
:108300008C1806EB030C132CCED9CCF80070ACF80B
:108310000470EFE7012A38BF0122C2E7B4940120BC
:10832000124B014610B403F1780402E006339C427C
:1083300017D01A788A42F9D193F9022012F17D0FF1
:1083400008DB93F903007D28D8BF8242B4BF012027
:10835000002003DB5A79002AE8D001205DF8044BA5
:10836000704700205DF8044B704700BFB4940120B3
:10837000044B93F85B35022B01D101207047062096
:10838000CEE700BFF4A10120F0B50D4683B001781F
:1083900004462846174601911E4618F05FFB0199D6
:1083A00078B12379012B15D00EB903B0F0BD284662
:1083B00018F034FB2178384603B0BDE8F04018F0DF
:1083C0003DBB384618F04AFB01990028EDD12379CE
:1083D000012BE9D1284618F031FB002EEAD003B07A
:1083E000F0BD00BF0146014818F038BB708601207F
:1083F00008B5FFF70DFF0020FFF792FF70B9094B9A
:10840000D97B003918BF01211B7C074A003B82F849
:10841000601518BF012382F8613508BD0021014BAA
:10842000F2E700BFC8910120F4A10120084A094BDE
:10843000928A93ED047A07EE902AF8EEE77AB4EE8A
:10844000E77AF1EE10FAACBF01200020704700BFC0
:10845000C8360120EC7D0120114B02281B680CD886
:10846000104940F6B832D1F864155B1A934203DD27
:108470000D4B00221A607047704770B40B4A00EB36
:108480004004084E02EB8402074D094CC6F86435DF
:10849000126B084B2A602060196070BC704700BFE7
:1084A000301D0120F4A101207480012008CF0408B0
:1084B0001C7B0120207B01200138382800F2388104
:1084C000DFE810F032012E012A01360126012201D7
:1084D0001E011A01160112010E010A010601020114
:1084E000FE00FA00F600F200EE00EA00E600E2000C
:1084F000DE00DA00D600D100CC00C700C200BD000B
:10850000B800B300AE00A900A4009F009A00950037
:1085100090008B00860081007C00770072006D0067
:10852000680063005E00590054004F004A00450097
:1085300040003D0039007F4BB3F9060070477D4B8A
:10854000987870477C4B1B6893F87F0070477A4B94
:108550001B6893F87E007047774B1B6893F87B008D
:108560007047754B1B6893F87A007047724B1B6815
:1085700093F879007047704B1B6893F87800704748
:108580006D4B1B6893F8770070476B4B1B6893F833
:1085900076007047684B1B6893F854007047664B31
:1085A0001B6893F84F007047634B1B6893F84D00AE
:1085B0007047614B1B68B3F86C0070475E4B1B68DB
:1085C000B3F86A0070475C4B1B68B3F868007047EB
:1085D000594B1B68B3F866007047574B1B68B3F8DC
:1085E00064007047544B1B68B3F862007047524BED
:1085F0001B6893F8400070474F4B1B6893F83E0090
:1086000070474D4B1B6893F83F0070474A4B1B68FF
:1086100093F843007047484B1B6893F8410070473C
:10862000454B1B6893F842007047434B1B6893F817
:108630004C007047404B1B6893F84B0070473E4B13
:108640001B6893F84A0070473B4B1B6893F849003E
:108650007047394B1B6893F848007047364B1B68CE
:1086600093F847007047344B1B6893F846007047F7
:10867000314B1B68188C70472F4B1B68D88B704789
:108680002D4B1B68988B70472B4B1B68588B704782
:10869000294B1B68188A7047274B1B68D88970477D
:1086A000254B1B6898897047234B1B685889704776
:1086B000214B1B68188B70471F4B1B68D88A70476B
:1086C0001D4B1B68988A70471B4B1B68588A704764
:1086D0001A4B1B68187C7047184B1B68987B7047B7
:1086E000164B1B68D87B7047144B1B68187B704770
:1086F000124B1B68987A7047104B1B68D87A7047EA
:108700000E4B1B68187D70470C4B1B68987C70479C
:108710000A4B1B68D87C7047094BD87801307047EA
:10872000084B187801307047064B58780130704775
:10873000002070474C8D0120147B0120682500200B
:10874000C47B0120C89101200B4A1378527807EEB0
:10875000903A0A4BF8EE677AC3ED047AC3ED057AD6
:1087600007EE902A0022F8EE677ADA610122C3ED63
:10877000067A83F820207047E49501200C460020FB
:108780002B4A38B51378D90700D438BD23F001033C
:108790000446284D43F0020313700DF0F3FB264B03
:1087A000C5F868051B780A3B012B36D900200FF06D
:1087B00015FC95F97C2595F86C15002A07DA002937
:1087C000E3D01E491E48BDE838400FF087B91D4B65
:1087D000D5F880451B681C481B1BA0FB0303B2EBAC
:1087E000931F4FEA9314EAD8184BD5F884151B68E9
:1087F000174A5B1AD5F87005D5F87815A2FB032344
:10880000D5F87425013001EB53132244C5F87005E7
:10881000C5F87835C5F87425D3E74520F2F770FF21
:108820000F20F2F76DFF2046F3F764F9BEE700BFB3
:1088300094780120F4A101203878012020A10700BC
:1088400070060120301D0120D34D6210F87E0120FA
:108850001F85EB512DE9F843BB4E337813F001042B
:1088600005D001210020BDE8F8430FF0F9BBDFF887
:108870002093D9F800309D0500F14681B34D95F85D
:108880006005002800F035810720FFF7ABFD0028C8
:1088900000F0E680102008F089FEFFF7C7FD0028F1
:1088A00000F0DA80802008F081FEA94F3B6898072D
:1088B00040F1C08095F8B632002B40F0BB804FF4F9
:1088C000807008F073FEA34A40F2EE234FF400607C
:1088D0009188994203D812889A4240F2D18008F0D8
:1088E00065FED7F8008018F0010F6BD0F7F712FC87
:1088F000002867D14FF4805008F058FE0820FFF799
:108900000FFD002879D00820FFF76CFD18B13378EF
:10891000590740F16F814FF4806008F047FEFFF780
:1089200027FD00286DD18C4B1B685A0004D5FBF73E
:10893000B9FC002800F09F804FF4801008F02EFE54
:10894000864AD37A012B7DD0022B78D04FF4800059
:1089500008F024FE0920FFF745FD002840F0C48000
:108960003B689B0700F1B0804FF4000008F016FE52
:108970007B4B1B78002B00F0A28095F860357BB90B
:1089800095F88C35002B7ED1D9F80000002840F0F6
:108990008980FFF727FD40B94FF0007008F0FEFD19
:1089A000D9F80060002E18BF022485F88E450DF01E
:1089B000E9FAD5F89035C01A002855DBBDE8F84330
:1089C00008F0B0BA18F0020F04D0664BB3F8A83024
:1089D000002B8FD118F0040F03D0B5F8F032002B24
:1089E00088D118F0080F58D14FF4805008F0D6FD08
:1089F0000820FFF795FC002885D1FFF7B9FC002877
:108A000091D0594B4FF4802031781B78574A0B4353
:108A100092F8212003F00203134300F0918008F044
:108A2000BDFD0620FFF7DEFC00B34FF4002008F088
:108A3000BDFD78E74FF4807008F0B0FD43E7937810
:108A4000082B83D04A4B1B78002B3FF47FAF4FF4A9
:108A5000800008F0ABFD7DE7802008F09FFD24E753
:108A6000102008F09BFD18E7BDE8F8834FF40020C4
:108A700008F094FD57E74FF4801008F097FD5FE78A
:108A800008F08CFD2DE7D9F800603A48304048B92D
:108A9000FFF7A8FC002885D17EE7374B1B68002B29
:108AA000A2D027E70020FFF79DFC00283FF474AF19
:108AB0004FF0007008F07AFDD9F8006072E74FF0CF
:108AC000807008F073FD58E72C4BB3F90A30002B87
:108AD0007FF44AAF0120FFF723FC00285AD04FF45F
:108AE000000008F063FD43E74FF4003008F05EFD3E
:108AF00036E795F88835224A93F00103177871D04C
:108B0000B7B985F88875BFE61E494FF47A731E4AD7
:108B10008979126803FB01F393423FF6AFAE1B4B1A
:108B20001B78002B55D14FF4007008F037FDA5E6F7
:108B3000FFF758FC002851D1082008F02FFDE0E78E
:108B400008F034FD6DE700BF94780120F4A1012006
:108B5000BC7701200C4600204C390120BC38012094
:108B6000BC200020F443002039780120D884012063
:108B7000ED380120FFEFFFFD8C910120343D0120F5
:108B8000357E0120C8910120301D0120580A0020A7
:108B90000C7B01200220FFF7C3FB00289FD103209C
:108BA000FFF7BEFB00289AD10520FFF7B9FB00288C
:108BB00095D10620FFF7B4FB002890D10D20FFF7D8
:108BC000AFFB00288BD195F85B35022B7FF4CCAE40
:108BD00085E710F0C7FC0028A5D14FE6082008F073
:108BE000E5FC8EE7002F8CD01846FFF7FBFB002832
:108BF00087D1A1E74FF4806008F0D0FCFDE600BF0C
:108C00002DE9F0417D4C94F88C35002B40F08A80A2
:108C1000FFF720FE7A4B1D68C5B97A4F3B7813F0F9
:108C2000010501D0BDE8F0810DF0ACF9D4F8943520
:108C3000754A0646C31A934200F28A80D4F89835E2
:108C4000002BEFD10123C4F89835EBE76F4B0022DE
:108C50001B78C4F898251BB1F7F75CFA0028E1D01F
:108C6000002D95FAA5F5D4F8A035B5FA85F508BF1D
:108C70004FF0FF350135AB42D4D0E8B2644A4FF033
:108C80000533C4F8A055A2FB001243F205250428C1
:108C9000C4F8A43502F0FC01C4F8A835A4F8AC551A
:108CA0004FEA920301EB9201A0EB0101CFB240F237
:108CB000A280013B0A22574E1920DBB25B0003EB76
:108CC000020C511C6245B05402F1020206EB02058F
:108CD00040F08180214432220C3381F8A4253E2BC0
:108CE00000F28780002F00F08480791E494E052510
:108CF0001927C9B203EB410103E03E2B00F8017CC8
:108D000077D85A1C8B42F55403F1020306EB03009B
:108D1000F3D11444FF230E2084F8A435BDE8F041BC
:108D200008F0AABA394A1378002B7FF471AF3A4899
:108D300042F2107339490125008B157003FB00F3D3
:108D40008A68B3FBF2F3C1F8D431C1F870335FE73E
:108D500097F800800820324B48F00102C4F898557B
:108D60001D823A70FFF7DCFA18B148F0050887F861
:108D7000008094F88D3507EE906ADFED2A6A07EEE1
:108D8000103AF8EE677A0023B8EEC77AC4F8A03537
:108D9000E7EE267AFCEEE77A17EE903AC4F89C35B7
:108DA000F1F7B4FF204B1B681A061AD51F4B1B782E
:108DB0009B0703D51E4B1B7D042B16D8162008F0ED
:108DC0005BFA1C4A1C4B12681B68C4F88025C4F867
:108DD0008435BDE8F0813E2A05F8010C7FF671AFBD
:108DE00097E7052008F048FAEBE7062008F044FA78
:108DF000E7E71A468DE70A2371E700BFF4A10120D7
:108E00000C7B0120947801207F4F1200C491012037
:108E1000CDCCCCCC98A701200C8E0120C80200201C
:108E2000A0440020002474494C39012039780120E5
:108E300078390120301D0120F87E01202DE9F04F06
:108E40000E4689B004460B210A309E4D03966618E3
:108E500015F800B00544F6B2049295F80CA05846F7
:108E600032461F469DF848909DF84C800CF0BCFFA0
:108E7000DA45054640F0CE80059058460EF00EFFCC
:108E800018F008030246029300F0B780002D00F0AE
:108E9000AF802B7A990700F1AB80DFF838A24FF44E
:108EA0001C7303FB04A3C3F82C56C3F82806C3F8AD
:108EB0002406002800F001810B2309F00201C6718D
:108EC000019183714FF41C7B7F4E4FF48072DFF869
:108ED00008E20BFB04FB04990BF150000AEB0B05B5
:108EE0000BF5A873304485F8EC9533444FF0000936
:108EF000C5F8FC050398C5F80036C5F8F425C5F893
:108F0000F82585F8ED85C5F81406C5F81816394614
:108F1000D5F82C06C5F8E8E5C5F8F07585F8484899
:108F2000C5F80896C5F80496C5F81096C5F80C96CD
:108F3000C5F84498A5F83C98FEF7E8FB08F0010155
:108F4000D5F82C060BF51B78E1F706FC5F4B604962
:108F50000BF51972C5F84C38B044019B3244C5F882
:108F60005098C5F85418E3B1D5F83406C8B1D5F80F
:108F70002C16036809688B4213D0012339460192ED
:108F800085F84938FEF7C2FB019A4946D5F8340600
:108F90001DF012FF4A464146D5F82C061DF00CFF85
:108FA0000BE04FF41C730025414603FB04A3D3F8E8
:108FB0002C0683F849581DF0FFFE4FF41C705E44E8
:108FC00000FB04A4D4F82C3618681EF083F8029B2A
:108FD000C4F830062BB33046FEF772FB304609B0BA
:108FE000BDE8F08F059B079013B1197A8B0720D548
:108FF0000026304609B0BDE8F08F19F00103069352
:10900000F0D109F00201CBB20193019B8BBBDFF8D9
:10901000C4A057E732460C2150460CF0E5FE0590FF
:109020002BE73046FEF740FB01213046FEF786FB7A
:10903000D1E75046DFF89CA00EF030FE4FF41C7CC8
:10904000059A09F002010CFB04AC8E460191CCF8A4
:109050002C26079ACCF82406904200D109BB0028A0
:10906000D1D04FF00C0C019BC67180F806C0002BCC
:10907000CDD0BBF1000FBBD0DFF858A04FF41C736C
:10908000069803FB04A3C3F8282678B9002DAFD0B7
:10909000C3F82C569AB1CBB2D67101930B239371BE
:1090A00010E7BBF1000FA3D0CCF828264FF41C73B7
:1090B00003FB04A3C3F83456ECE709F00201CBB27A
:1090C0000193FFE628390120DCA70120557702082B
:1090D000D5750208F4A10120F0D1040870B584B060
:1090E0000D4616461DF0F6FF98B10B4900230122EC
:1090F0000446097802930129019269462A4608BF6D
:10910000032300960393E8F759FE29462046E8F723
:1091100025FF04B070BD00BF8237012070B510F884
:109120000E3C044650F8040C53B9012324F80C1CDF
:10913000022204F80E3C41790068BDE87040CDE79A
:1091400034F80C3C002524F80A1CCB1A084E14F8FD
:109150000F1C2A469BB224F8083C26F8113004F86C
:109160000E5C41790068FFF7B9FF04F80D5C70BD33
:10917000008D0120034B187818B1034B1B88B3FBFB
:10918000F0F070475A8D0120607801201F4B18784D
:1091900000283AD01E4A9389FBB11E4A07EE903A46
:1091A0009FED1D6A07EE103AD2ED026AF8EE677A7B
:1091B000B8EEC77AF8EEE66A77EEE66A66EE866A99
:1091C000C6EE877AFDEEE77A17EE900A6428A8BF0C
:1091D000642020EAE070C0B270471049642310B4E4
:1091E00009885488128800FB1411121B5DF8044B87
:1091F00003FB01F300FB02F0B3FBF0F06428A8BF0F
:10920000642020EAE070C0B2704770475A8D012098
:1092100068780120887801200000C8426078012029
:1092200070486FF0040C704B2DE9F04FD0F8C86A0D
:1092300087B04FF0000993F85140316840F6E44A96
:10924000CDF80C9004F10108C1F800C0CA6BDD6CC8
:109250000392039FCDF81090C1F800C01FFA87FE5B
:10926000D1F840909A6CCDF8109035F814C0724443
:10927000DDF8109025F81470A2EB0C021FFA89F5A6
:1092800093F850C05F6D93F85D40D3F858B02F4409
:109290009A640195D0F8D05AB2FBFCF20AFB05F5AE
:1092A0003BF814A092B22BF81490A7EB0A0793F89E
:1092B0005C9001345F65B5FBF2F2B7FBF9FBB8FBDC
:1092C000FCF51FFA82FA0CFB158C1FFA8BF5474F41
:1092D00083F851C00AFB05F5A0F89822AD08A0F864
:1092E000CCBAD0F8D42AA7FB0557414DB4FBF9FC02
:1092F00009FB1C44C2EB57123E4F83F85D40D0F887
:10930000D83A3F7803FB02F23B4C1E2F02F5FA726B
:1093100085FB02354FEAE272C2EBA51202F11E0292
:1093200012B2228005D1354BC3E9002E019AC3E960
:10933000022A96F83C300022012B05923ED00123F0
:1093400086F83C308B68DC0714D42D4B2D4C1B6801
:109350008A68A4FB034342F001029B0C8A6003EB82
:1093600043030593059B2BB1059B013B0593059B8F
:10937000002BF9D18B68DA0720D5326C224B1340D1
:1093800043F480533364336C13F4807300D17364FB
:1093900000246FF004021D4B86F83C400A605B68B5
:1093A000DB0611D18A684B6802F4401203F4806333
:1093B000134303D18B6843F480038B60012380F84F
:1093C000DC3A07B0BDE8F08F114B8C6899424A68CF
:1093D000F4D104F4401402F4806254EA0203EDD1A3
:1093E000E8E700BFF4A10120380601209F00EE0944
:1093F000D34D6210B4010020187B0120BC01002075
:109400007C1E012083DE1B43FECFFFFF00230140B3
:109410000020014008B51FF0E7FD00B108BDBDE820
:109420000840FDE61B4AF0B4556A87011A4E002D2C
:1094300006EB80100BDD2832002301E09D4206D0B0
:1094400052F8044B01338442F8D1012000E000209F
:10945000F259F31908721069C860107D48729E684D
:10946000D3E90804D2E90052E4080D60C0089D6AFF
:109470004A60DA6A4D61CC619D699C6B8A615A6B66
:10948000DB6B08620E614D620B63C1E90A24F0BC1C
:10949000704700BF0C460020E42F0120F8B51D4F97
:1094A0007E6A162E0EDC002E05460DDD07F1280122
:1094B0000B4601EB860001E0984208D053F8042BDC
:1094C0009542F9D10020F8BDFCD107F12801124ADC
:1094D00000240AE018682B6890F9140093F91430FE
:1094E000984206DB0134A642ECDB52F8043B002B29
:1094F000F0D1601C321B013607EB8404800092001F
:10950000031F0844194422F07BFF01207E62A562FC
:10951000F8BD00BF0C46002034460020124B8201EB
:1095200003EB801019B1D358DB6803B1B6E770B50F
:109530000E4D6C6A002C15DD05F1280100220B464A
:1095400002E00132A2420DD053F8046BB042F8D1D0
:109550009000A21A013C031D92000844194422F015
:109560004FFF6C6270BD00BFE42F01200C4600204D
:109570002DE9F04F012085B007F026FD00240546B7
:109580002E4E2F4F002D47D0022C45D84FF0E0082B
:1095900008FB04F856F8089006EB080BB9F1000F29
:1095A00002D00134E4B2EDE7032395F90400CDF8CD
:1095B000089001210193234B6A7953F822304A46DF
:1095C00000934B4607F05DFD8246D8B14FF40F7211
:1095D0000121284607F0E4FC0546C4EBC400DC2268
:1095E0004946013406EB4010E4B2043022F022FF79
:1095F000154A46F808A013688BF8DA50591CCBF8C6
:10960000DC30116097F8E43A4FF00C0C0F49DAB2F5
:10961000082A04D987F8E42A05B0BDE8F08F03F1E1
:10962000010E0CFB03F301325D185B58D2B2DB076D
:1096300002D587F8E42AA5E77346E8E7B8390120A0
:10964000F4A10120D4CD04089C810120583C0120C4
:109650002DE9F04F6D4D2B782DED068B052BC5B008
:10966000069001F0E3806A4CDFF8B481FDF79EFDBF
:10967000684F0020D8ED1A5A08F130023B7898ED77
:10968000196A2E78D4F800C06169DFF8A0E19FED77
:10969000625ABEEC017A8342D2ED007A02ED0C7A76
:1096A00000F0E581F0EE676AD7EE076AF5EEC06A72
:1096B000B0EE667AF1EE10FA40F3D481E6EE077A66
:1096C000E2EC017A01300428E3D1312EC4F800C065
:1096D000616100F0D48398ED147AD8ED016A98EDB9
:1096E000000A67EE267A9FED4D6A20EE077A67EE54
:1096F000A77AE7EE077AF4EEC67AF1EE10FA09DD02
:10970000B1EEE77A80EE070AC6EE877A88ED000AA6
:10971000C8ED017A002B40F08683272E01F0C88027
:109720003F4E4FF0000ADFF8089106F1780BDFEDAD
:109730003A8A9FED3C8A96ED107AD6ED087AB5EE1E
:10974000C07AF1EE10FA0BDD77EE876AF4EEC06AAC
:10975000F1EE10FA00F1A68177EEC77A80FE270AB3
:10976000534586ED080A38D05BF8083C002B00F022
:109770009C81584698473B78A6EC010A53453BD05C
:10978000294B5046DB689847D9F8003003EB4A0371
:109790005B8B5A4207EE902AF8EEE77AB4EEE70ABE
:1097A000F1EE10FA05D407EE903AF8EE677AC7FEAC
:1097B000C07ABAF1030F3DD03B78C6ED037A53452A
:1097C00000F047810AF1010A0BF1300BBAF1040FE6
:1097D00038D096ED000A3B78ADE72B78272B05D1E2
:1097E00060EE287AFDEEE77AC4ED027A5BF8083C79
:1097F000002BBED1A6EC010A2B78272BC0D160EE3E
:10980000287AFDEEE77AC4ED037AB9E7B4010020C7
:10981000BC010020C402002000007A440100803F07
:1098200040210020555505400C460020C020002056
:10983000682500203B7867EE887A032BC6ED037A13
:1098400000F00781CC4B1B78002B40F011862B7861
:10985000052B00F0E487C94E337C002B40F02881B3
:10986000C74B049398ED070A0320F9F73DFEDFED9F
:10987000C57A96F8089020EE270AB9F1020F86ED16
:109880000D0A00F08786B9F1090F00F07786B9F16B
:10989000010F00F029870020DFF81893FBF73EFB4B
:1098A0000120FBF73BFB0220FBF738FBDFF80883C6
:1098B000FFEE007A99ED048AF7EE008A98F80030FE
:1098C00099ED599AB0EE480A002BAF4847FEA88A96
:1098D00022F092FFB0EEC86AD6ED136AB0EEC97AF4
:1098E000D6ED127A78EE404A96ED144A26EE266AB4
:1098F00096ED395A27EE277AD6ED3A5AF0EEE46A19
:109900002B7876EE077A482B66EE846A77EEA67A95
:1099100067EEA87A35EE275A75EEA75A86ED395AC2
:10992000C6ED3A5A00F00E83D6ED157A472BD6EDE8
:10993000316A68EE277A96ED327A76EEA76A37EECC
:10994000277AC6ED316A86ED327A40F0EA809FEDE3
:109950008F7A8F4A28EE078A67EE877A1278BDEEF3
:10996000C88AFDEEE77A84ED008AC4ED017A002A08
:1099700040F02D83012B00F0F080864BA3F58A7612
:1099800003F13A0133F8022F501E02B118809942B8
:10999000F8D1814B09F1A801002243F8042B994228
:1099A000FBD1FBF7F1FE98F80330002B00F0378174
:1099B0007A4A013B9FED735AB2F90610D9ED046A59
:1099C00007EE101AB2F90C1026EE854AD9ED054AB9
:1099D00007EE901AB2F91210D9ED012AB8EEC77A43
:1099E00006EE101AB2F91810B2F91E2062EE852A9E
:1099F00099ED023A06EE901AD9ED033A05EE902A57
:109A000023EE053A99ED562A63EE853AF8EEE77AA9
:109A100024EE855AD9ED574AB8EEC66AF8EEE66AE2
:109A2000F8EEE55A27EE227AD9ED582A67EE837AC6
:109A300026EE236A66EE846A65EE855A052B00F2EF
:109A4000E580DFE813F0B2078E078607BF007C07CA
:109A500068072B78272B7FF4B5AEFDEEE77AC4EDCF
:109A6000047AAFE6E5EEA67AE2EC017A2AE6272E42
:109A700000F0EA81F0EE676AD7EE076AF5EEC06A99
:109A8000B0EE667AF1EE10FA3FF718AEE5EE877A9F
:109A9000272EE2EC017A7FF415AEFDEEE77A17EEA1
:109AA000901A0FE6B0EE660A5AE6A6EC010A67E6DF
:109AB000334BF7EE005A96ED006AB6EE007AD3ED1E
:109AC0000E7ADFED376A67EE867A9FED364ADFED74
:109AD000364A96ED2D5A67EEA67A96ED356A0493CE
:109AE00067EEA76A26EE877AF0EE656AE7EE645ABB
:109AF000E7EE446A27EE257A67EEA67AF0EE455A3D
:109B000065EE276AE6EE275AE6EE076AF0EE657A1A
:109B100036EE666AE5EE477A86ED356AC6ED2D7A51
:109B2000A0E61B4A1278002A40F05182052B7FF4F0
:109B300021AF1E4E0CF026FA2B78D6F88C20052B80
:109B4000A0EB020060607FF415AF0CF01BFA2B78DD
:109B5000C6F89000012B7FF410AF0CF013FA144AF2
:109B6000049BD2F8E81A1B69C2F8E80A401AC31A23
:109B7000C4E9020301E700BFD420002084280020AC
:109B8000C80200206F12833ABC28002000007A44EB
:109B9000B83B00201C2800207C2700205C8D012081
:109BA00035FA8E3CABAAAA3EABAA2A3E0C46002050
:109BB000F4A10120082700204C8D0120BA8D243FFC
:109BC0007D1B443F1FED035AF6EE003A1FED044A99
:109BD00027EE057A27EE844AB0EE475AD6EEA37AEE
:109BE000B0EE443AA6EEA35AA6EEA33A72EE277A56
:109BF00074EE854AC9ED1E7A72EE832A74EE844AA9
:109C000032EEC77AC9ED1F4A89ED207A98F8013003
:109C1000C9ED265A002B00F0AD8489ED276ABC4BB4
:109C2000DFF80CC303F580709FEDBA6A05E00129E7
:109C300000F0EC800833984235D019780029F9D02B
:109C4000B3F906200229B3F904E007EE102A5A7886
:109C500007EE90EAB8EEC77A09EB820E02EB4202F9
:109C6000F8EEE77ADEED005A3CF9122027EE067A8C
:109C700006EE902A9A7827EE257AF8EEE66AE6EE66
:109C8000877A67EE867A00F0B7800329CFD11C323D
:109C9000083309EB8202984292ED017A67EE277A47
:109CA000C2ED017AC9D19C4B069A9A4200F2938187
:109CB0002A78052A00F00F834FF00008974E4FF0E6
:109CC000000B4FF4005AC1463378FBB17169E9B11A
:109CD0007378326B002B00F09E801268B369526A71
:109CE000521A03FB02F3F16901225FFA88F09942EC
:109CF0000CD23B78C6F804B08342C6F82090B281FB
:109D0000F281C6E904A901D10CF01CF808F10108A0
:109D10003836B8F1040FD7D1814A1378012B04D912
:109D20005378023B062B40F2A485B7EE007A0499E3
:109D300091F89636002B42D0DFF8F89141F2873245
:109D40000698D9F8EC3AC31A934238DDB1F8982650
:109D5000B1F89C3607EE902AB1F89A26F8EEE77A29
:109D600008EE102AB8EE488A67EE877AF4EEC87AD1
:109D7000F1EE10FA05D407EE103AB8EE478A88FEE5
:109D8000678A2B782B2B00F0BF85DFF8AC81DDF8DC
:109D900010A008F1900658F8043C4046B0EE480A7E
:109DA00008F1300833B1BAF8022000EE902AF8EE3C
:109DB000600A98474645EED1069BC9F8EC3ADFF8B1
:109DC0007CB19BF80030002B40F09982554B1B78FA
:109DD00033B9554E96F80080B8F1000F40F0008678
:109DE0002B78052B00F03B85012B00F0278545B033
:109DF000BDEC068BBDE8F08F1C3209EB820292EDC0
:109E0000017A77EE277AC2ED017A13E709EB820235
:109E1000C2ED1D7A0EE71268B369526A521A92B205
:109E200003FB02F35FE7012B7FF47AAC272E7FF46C
:109E300077ACD8ED017A9FED427A67EE877AFDEE36
:109E4000E77AC4ED017A6BE4F0EE674A67EE056AE3
:109E5000D7EE074AFDEEE66A16EE90CAF5EEC04A66
:109E6000B0EE647AF1EE10FA7FF710AEE6EE247AE7
:109E7000E2EC017AFDEEE77A17EE901A22E498ED13
:109E80000C8AD8ED0D8A98ED0E9AB1EEC85AD8ED2D
:109E90000F9A264ADFED2A6A92ED086AF1EEE85A37
:109EA0000493B1EEC97AF1EEE97A25EE265A65EE11
:109EB000A65A26EE266ABDEEC55AFDEEE55ABDEE5F
:109EC000C66A27EE267A84ED005AC4ED015A84ED65
:109ED000046ABDEEC77A67EEA67A84ED027AFDEEDB
:109EE000E77AC4ED037AF9F7E1FED8ED157A049B21
:109EF000B4EEE78A6061F1EE10FA40F3BE8401220D
:109F00000493A261F9F7FAFE049BE061FFF7E3BB5B
:109F1000EC9901206F12833A80841E00E401002036
:109F200074250020C83C01200086012018850120EE
:109F30005C8D0120F4A1012024070020D43B0020E7
:109F400000007A445FED025AD6ED153A96ED314A9B
:109F500020EE250A96ED325A64EEA54A29EE259A9E
:109F6000804A26EE256A66EEA56A127827EE257AE3
:109F700067EEA57AA8EE234AA8EE235A68EE255A82
:109F8000BDEEC00AFDEEE44AFDEEE55ABDEEC99A0B
:109F900084ED010ABDEEC66AC4ED024AFDEEE66A32
:109FA000C4ED005ABDEEC77A84ED039AFDEEE77A60
:109FB00084ED046AC4ED056A84ED067AC4ED077A7F
:109FC00086ED314A86ED325A002A3FF4D3ACFBF7D6
:109FD00075FA2B78AAE5644B1B78002B00F0E08023
:109FE0004FF00009DFF8A8B1604B07965E46089471
:109FF0004C46DFF8A0A19946DFF89C819FED5C8A72
:10A000009FED5C9ADFED5C8ADFED5C9A9FED5CAAC8
:10A010001FE0B4EEC70AF1EE10FA00F19D8033881C
:10A0200007EE903A574BF8EEE77A53F834B037EE34
:10A03000800AA9EC010ABBF1000F04D01FF0F0FE6A
:10A0400080B2CBF80000484B10361978A14240F39B
:10A05000A5804D4B0134BAEC010A1978C9070ED41A
:10A060004A4B33F9140000F5FA6189B2B1F57A6F01
:10A0700005D807EE900AB8EEE70A20EE080AB18983
:10A0800001B3049B07EE901AD8ED005A1B69B8EE95
:10A09000677A30EE656A07EE903A0593F8EE677AD4
:10A0A00067EE887AC7EE876AF4EEC66AF1EE10FAB8
:10A0B0004CD4F1EE667AB4EEE76AF1EE10FA48BFDE
:10A0C00035EEE60AB6F80EB0A8EC010A1BF0020F56
:10A0D0000FD0B4EEC90AF1EE10FA34D4B4EEE90AA6
:10A0E000F1EE10FA35DC20EE0A0A22F075FB20EEC4
:10A0F000280A1BF0010FB6F9041018BFB1EE400A90
:10A10000B5EEC00AF1EE10FACCBF3389F38807EE42
:10A11000903AB6F90230F8EEE77A07EE103AB8EE68
:10A12000C77A20EE270A07EE901AF8EEE77AB4EE27
:10A13000E70AF1EE10FA7FF76CAFE0B2FBF76EFEC4
:10A14000B0EE670A6BE7BFEE000ACEE735EEA60A6F
:10A15000B8E7B7EE000AC8E7E0B2FBF75FFEB0EE83
:10A16000470A5CE7B83B0020E82A0020EC2A0020E0
:10A170006F12833A9617A7BF5DAD923F9617A73F20
:10A180007D1B443FD844002094780120CE44002019
:10A190000496012080270020B4460020DDE90764F2
:10A1A000CF4B197821B3CF4AF7EE006ACE4BBFEE02
:10A1B000007A107803EB8101CC4A00F001009FED9A
:10A1C000CC6A002840F09880B2F900C007EE90CA2F
:10A1D000F8EEE77A67EE867AC7FEE67AC7FE877AF8
:10A1E000E3EC017A994206F1040602F10202E8D199
:10A1F000DFF78CFCBA4B1B78002B00F0D484BD4BEE
:10A200000026BD4ADFF834A39946DFF834B3DFF8FF
:10A2100034839FEDBA8ADFEDBA8A9FEDBA9A059230
:10A2200007941AF8013B022B00F09081012B00F0FB
:10A23000EA82032B00F0C983F0EE487AB40019F8E3
:10A24000013B07EE103AB04BB8EEC77A1A19D2EDBF
:10A25000006A87EE870A58F8082C20EE260A8BED54
:10A26000000A0AB140469047059B2A7818192F2A00
:10A2700080ED000A07D19BED000A08921FF0D0FD87
:10A28000079B089A1851964B01360BF1040B08F105
:10A2900030081B789E42C4DB079C012B05999B4824
:10A2A00094BF00230123D1ED007A052A01EB83033B
:10A2B000974990ED006A93ED007AD1ED006A27EEA0
:10A2C000067A944967EEA67A934B81ED007AC3ED46
:10A2D000007A7FF4F1AC914E0BF054FE2B78D6F857
:10A2E0009020052BA0EB0200A0607FF4E5AC0BF002
:10A2F00049FEC6F89400DFE4D6ED267A6CE7884A7A
:10A30000F2EE049A874B4FF00009D2F880201B68C8
:10A310001169854A03FB01F3049902F52F62DFF806
:10A32000288207EE903A498892ED007AF8EE677A33
:10A330000AEE901AB8EEC77A784BF8EEEAAA6E4A9F
:10A3400093F84431C7EE876A9FED6CAA059266EEDA
:10A35000AAAA6AEEA99AFDEEE99A0CE09BF8002001
:10A36000B1FBF2F302FB13134A456C49DBB281F8EF
:10A3700044317FF72BAD4FEAC31A80221420F0EE50
:10A380006A0A18F80AC008EB0A0612FB0300059ACD
:10A3900096ED018A042102EB8C0CD6ED028A404432
:10A3A00009F101099CED009AD6ED037A89FE0A9A1B
:10A3B00029EE088AB4EEE88AF1EE10FA01D4C8FE5C
:10A3C000678AB0EE680A96ED041A22F00DFAB36AB5
:10A3D000D6F830C03367F364504BC6F878C093F8B2
:10A3E0004431C6F854C097F800C0716AD6F82CE022
:10A3F0009C45706BF166B16403F10101C6F874E02D
:10A40000C6F850E0F067B065A8D12B782E2BA5D107
:10A41000B2EE046AD6ED026A96ED037ABDEEC99AF1
:10A42000D6ED047A28EE068A18F80A3068EE868A95
:10A43000C4ED039A66EE866A236127EE067A84ED00
:10A44000009A67EE867ABDEEC88AFDEEE88AFDEED8
:10A45000E66ABDEEC77A84ED018AFDEEE77AC4EDC7
:10A46000028AC4ED056A84ED067AC4ED077A75E7C1
:10A47000F9F772F82B78492B7FF4EAA92B4BDFED23
:10A480002C6AD3ED087A2B4B67EEA67A93ED137AFC
:10A4900093ED146ABDEEC77AD3ED156ABDEEC66AB8
:10A4A000FDEEE77A17EE102A93ED167A224BFDEEB9
:10A4B000E66ABDEEC77A2261B3F90010B3F9022053
:10A4C000B3F9043084ED056AC4ED037AC4ED066A7D
:10A4D00084ED077AA360C4E90012FFF7BCB900BF9E
:10A4E000E424002094780120A4010020D446002018
:10A4F0006F12833A244500205825002000000000F8
:10A500000000C8429A99193F2845002020450020A4
:10A51000B8440020E42A0020542500200C460020E6
:10A52000E42F0120548E0120F4A101201885012080
:10A5300000007A44D42000202C3D01203845002022
:10A54000FC45002048450020D83B0020DD4BC6EBF1
:10A55000C602B40003EBC20292ED010A20EE090A22
:10A560001FF05EFC80B207EE900AF8EEE77A67EE25
:10A57000A87A64E689ED216AFFF751BB0020DFF875
:10A580007893FAF71DFA0120FAF71AFAFAF78EF81B
:10A59000FFF78CB90020FAF7FFFA0120FAF7FCFA6E
:10A5A000C94B98ED060A1B8813F0430F40F009824F
:10A5B000580700F10483190701F1E7810220F8F739
:10A5C00093FF049AD6F85C31B0EE409AD2ED0E8A31
:10A5D00086ED3B0A2BB1B0EE680ABC489847F0EE16
:10A5E000408A39EE688A96ED0C6AF2EE046A96EDBE
:10A5F0000B7AB4EEE68AF1EE10FA13DCFAEE047A86
:10A60000B4EEE78AF1EE10FA00F1D28277EE467AE4
:10A610009FEDAF7A78EE266A67EE877AB0EE467ADB
:10A62000A6EEA77AD6ED1E7AB37A68EE277A67EEA1
:10A63000877AC6ED367A002B40F04882B1EE680A80
:10A64000A44822F0B1F8D6ED207A307B60EE279A4C
:10A650000228C6ED389A00F0C782DFF89C92B9F85C
:10A660001C31002B00F02D82D6ED377A68EE277A68
:10A67000F5EEC07AF1EE10FA40F323829FED968A50
:10A6800096ED3D7AD6ED0A7A38EE078AF1EE678AC2
:10A69000B4EEE88AF1EE10FA01D4C8FE678AD6ED6E
:10A6A0001F7AC6ED3D8A28EEA78A86ED378AF9F72C
:10A6B000FDFA002800F00282D6ED057A96ED210A17
:10A6C00068EEA78AD6ED367A29EE009AC6ED3D8A65
:10A6D00079EE277A86ED399A77EEA97A77EE887A3D
:10A6E000C6ED3A7AFFF7E2B80020FAF731FB4846A8
:10A6F000FAF72EFB744B98ED060A1B8813F0430FF4
:10A7000040F05B815A0700F15682180701F1388149
:10A710000220F8F7E9FE049AD6F85C31F0EE409A90
:10A7200092ED0EAA86ED3B0A2BB1B0EE4A0A6748BD
:10A730009847B0EE40AAD6F8EC3139EECA8A002B21
:10A7400000F02E82B0EE480A64489847F0EE407A56
:10A75000F5EEC07A96ED1E7ADFF89C91B1EE4A0ACA
:10A7600067EE877A5B48F1EE10FACCBF96ED0B9A54
:10A7700096ED0C9A67EE897AC6ED367A22F014F8D7
:10A78000B9F81C31002B00F0A481337BDFED527A45
:10A79000022BC6ED387A00F01682F0EE678AB0EE32
:10A7A000677AD6ED3D6AD6ED0A7A37EE267AB1EEB3
:10A7B000678AB4EEC87AF1EE10FA01D487FE678A90
:10A7C000D6ED1F7A86ED3D8A28EE279A86ED379AD8
:10A7D000F9F76CFA28B9D6ED077A27EE888A86ED64
:10A7E0003D8A96ED210AD6ED367A69EE809A79EEA9
:10A7F000A77AC6ED399A77EEA87A77EE897AC6ED10
:10A800003A7AFFF753B8364AB40002EB86029389CE
:10A8100007EE903AF8EEE77A67EEA87A0FE50BF0CC
:10A82000B1FB304BC3F88C00FFF715B80BF0AAFB57
:10A83000069B2D4CC01A2060FEF716BF294B2B49F2
:10A840009B882B4AA1FB03131268C3F3C7039268CA
:10A85000C4E9002345B0BDEC068BBDE8F08F0BF0DA
:10A8600091FB204BD3F894202B78801AE060FFF7FF
:10A87000BBBA92ED097AFFF75ABAD8ED167AF4EE20
:10A88000E78AF1EE10FA3FF73AABD8ED177AB4EE5B
:10A89000E79AF1EE10FA3FF732ABD8ED187AF4EE02
:10A8A000E79AF1EE10FACCBF01220022FFF728BB95
:10A8B000DFED107A60EE277AFDEEE77AC4ED017ADB
:10A8C000FEF72EBFE401002096780120E829002041
:10A8D000CDCC4C3DD42A002000000000782A002076
:10A8E000DC4600200C460020BC010020CDCCCCCCA6
:10A8F0007022002000007A4408270020F30435BFAE
:10A90000F304353FD7B35D3FB0EE480A1FF088FA35
:10A91000A060FFF73ABA5FED066A37EE274A1FEDEF
:10A92000095A67EEA67AA4EE262AE7EE057A89EDA3
:10A930001E2A34EEA77A89ED1F7AFFF767B977EE02
:10A94000827A37EE247AC9ED1E7A89ED1F7AFFF7F5
:10A950005DB91FED154AF6EE003A27EE047AFFF7CF
:10A9600039B9B6EE004A1FED195A27EE057A67EE9F
:10A97000843AD6EE847AB0EE475AB0EE633AA6EE49
:10A98000845AA6EE843A72EE277AC9ED1E7A74EEE6
:10A99000854A72EE832A74EEA34A32EEC77AC9ED75
:10A9A0001F4A89ED207AFFF731B9C9ED1E7A89ED8A
:10A9B0001F7AC9ED206AFFF729B90220F9F7C4FA16
:10A9C000A6E64846F9F7C0FAF8E53201C048B400F7
:10A9D000135A07EE903AF8EEE77A67EEA87A2EE47B
:10A9E000DFF848B3F2F706F881469BF800300028FC
:10A9F00040F0B2800B2B3AD8092B00F20281012BD8
:10AA000039D9B44A0C21B44B12688BF800105A6043
:10AA1000B8F1020F00F0B782AF4BAE4A5B68126824
:10AA2000C833934204D3F0F74BFE002800F088802F
:10AA30003378012B01F06E81032B0BD1A74E3068C8
:10AA400006F099FAA64B002293F8F43A3260022BF2
:10AA500001F0D08101238BF80030F0F715FE0028BB
:10AA60003FF4BEA901238BF80030FFF7B9B9A3F179
:10AA70000C02022AC5D8013B0D2B61D801A252F865
:10AA800023F000BF6BAC020831AD0208F7AE02083C
:10AA9000ADAE020873AE020899AD020869AD0208B6
:10AAA000D7AD020897AC0208F3AA020851AD02081C
:10AAB00011AA020881AC020871AF0208D6ED077A2C
:10AAC000FCE596ED000A28EE008AD9E5B0EE480ACA
:10AAD000B6E569EE007AD6ED208A337B67EEA88A68
:10AAE000022BC6ED388A6ED096ED007A28EE077AF2
:10AAF00057E673787B4F012B01F0D1807A4B3E688B
:10AB00001A68B6FBF2F302FB1363BBB94520F0F7FA
:10AB1000F7FD0E20F0F7F4FD3046F0F7EBFF069E50
:10AB20003046F0F7E7FF714A714B0B21126830464F
:10AB30008BF800101A60F1F707F93E6801363E60A5
:10AB4000F0F7A2FD00283FF44BA99BF800300D3B25
:10AB5000022B7FF645A985E7013B0E2BF0D801A219
:10AB600052F823F03DB0020831AD0208F7AE0208FA
:10AB7000ADAE020873AE020899AD020869AD0208D5
:10AB8000D7AD020897AC0208F3AA020851AD02083B
:10AB900011AA020881AC020871AF020863AF020873
:10ABA000F0EE487AD4E553492A780591FFF775BB52
:10ABB000B0EE467A36E50220F9F7ECF8A8E548460B
:10ABC000F9F7E8F8FAE4F0EE4A0A0220B0EE480A93
:10ABD000B0EE691AF9F7ECFCB9F81C3103B3D6ED05
:10ABE000388A9FED457ADCE5B0EE480AF0EE680A57
:10ABF000B0EE491AF9F7DCFCD6ED389AB0EE408A8F
:10AC00002BE54520F0F77CFDFF20F0F779FD3B4870
:10AC1000F0F714FE4846F0F773FD96F80080F0E672
:10AC200096ED008AD6ED388A20EE087AB9E5344BE5
:10AC30000026344F5878344B3F689978334B18705E
:10AC4000334B3448197000683349344B0F60186037
:10AC50003349244B0A601E60F9F750F8314902234A
:10AC6000314A0E7010708BF800301220FDF7BAFBDD
:10AC700000283FF465AF0D238BF80030FFF7B0B824
:10AC8000B8F1010F01F013800E2313208BF8003070
:10AC900006F0F2FA54E7B8F1020F00F0FE86F0F782
:10ACA0000FFD00283FF44CAF0D4B93F8F53A9A1E78
:10ACB0000A2A00F21883DFE812F09A0391031003C6
:10ACC0001003100310038303160316038C0387037A
:10ACD000E0770120301D0120C48801200886012072
:10ACE000F4A10120548601205C86012060860120A9
:10ACF0007C8601205825002000000000AC1F0508BC
:10AD00007425002068860120D42000207886012048
:10AD100079860120708601206C86012074860120CE
:10AD200034860120BC8801207A86012038780120F1
:10AD3000B8F1020F00F0F486B1480023B14A0321B4
:10AD400000688BF80010C2E90030AF4A136084E657
:10AD50007378012B00F0B1870698F0F7F5FFAB4A46
:10AD6000136801331360EBE6F0F74EFC0520002179
:10AD7000A74B00905320A3F10802CDE90111F1F790
:10AD80006DFD00287FF4DCAEA24A0821092382F879
:10AD9000F51A8BF8003060E6F0F736FC9E4A07277C
:10ADA0000021A2F10C00A2F108030292143A0190D2
:10ADB00047200097F1F752FD00287FF4C1AE736879
:10ADC000DE047FF5BDAE8F4B4FF0FF328BF8007085
:10ADD000C3E9000241E6F0F717FC4020F0F7EAFB78
:10ADE00000287FF4ADAEDFF81C828C4AD8F8003022
:10ADF00052783A2B01F24080DFE813F09B05900572
:10AE00008905810574056E056705BB05B005A805B4
:10AE1000A105600557054D054605370530052A058E
:10AE200023051C0511050105F104E104D104C60444
:10AE3000BB04B004A904A2049B0494048D048604FA
:10AE40002C0424041D0416040E040604FF03D90375
:10AE5000B3038D0366035C0355034E0347033F03AF
:10AE6000380331032A0323031C0315030F030903CB
:10AE7000FD02F0F7C9FB02200021694B0090482039
:10AE8000A3F10802CDE90111F1F7E8FC00287FF4F5
:10AE900057AE7368DF047FF553AE5A4B4FF0FF3166
:10AEA0000622C3E900018BF80020D6E5F0F7ACFBE1
:10AEB0005C4A45235021A2F10C0002920093A2F1BA
:10AEC0000A030190163A4920F1F7C8FC00287FF4E4
:10AED00037AE554B1B681A0640F110867368DB04C9
:10AEE00040F10C86474B4FF0FF310522C3E90001CA
:10AEF0008BF80020B1E5DFF80C81F0F785FB404AC4
:10AF0000D8F80430126864339342BFF419AE40207D
:10AF1000F0F750FB00287FF413AED8F8003040273C
:10AF2000424EDFF8E49010E0F0F7EAFBD9F8002099
:10AF3000D8F80030013F02F1FF3203F10103C9F8F4
:10AF40000020C8F8003000F0F086F05C0028EBD15B
:10AF500000214FF0FF320423C8E900128BF80030C3
:10AF60007BE51220FDF73EFA00287EF439AF71E54B
:10AF7000B8F1010F00F0CD850F2313208BF80030BE
:10AF800006F07AF9DCE52A4B2A4F1B78002B40F0BB
:10AF9000AE86D7F80080B8F1000F2BD098F80030BB
:10AFA00043B398F82830002B7FF457ADC8F83830F9
:10AFB000042188F83C3098F81830D8F8242013F091
:10AFC000080388F82810C8E90B2203D01A4A41F276
:10AFD000C473D3584FF00009C8F834304046C8F85D
:10AFE0002490C8E90299E3F747FC0523C8F840908C
:10AFF00088F82830002204233A603B750CE500BF36
:10B00000301D0120C4880120FC85012054860120C8
:10B01000C8D50408F4A1012080D50408C8910120F6
:10B0200064D5040836D204084C390120C02605082E
:10B03000BC880120907E01202C5F0120DFF8508326
:10B0400008F16C0701228021404605F0A9FF002885
:10B0500000F01C8598F9040005F0D4FF002800F0EA
:10B060001585D0F80090B9F1000F0DD00027DFF85A
:10B07000248358F8073008EB070AE037994500F0B9
:10B080003F86B7F5287FF4D133785A1E022A40F262
:10B090001D8503233370802005F096FF804600282D
:10B0A00000F02086802105F085FF98F80770A84BF6
:10B0B0004FF0020C014698F9040053F827300C3F7A
:10B0C000CDF804C0B3F5613F00934FF00003A14AEF
:10B0D00018BF9C4682F8F41A1A468021CDF808C0A1
:10B0E00005F0CFFF9C4B032F186000F224869B4B8A
:10B0F00040221A70002800F0F585994A01214FF08E
:10B10000000895F800C01268964F8A4270683F7830
:10B1100094BF00230123C0F3C036934A1B93BCEBBA
:10B12000080392F800C0C0F3803918BF0123072F2D
:10B130008E4AC0F3403A1A938CBF33464346062FDB
:10B14000CDF870801693C0F3802305938CBF3346EF
:10B150004346052F8CBFB646C646042F1593CDF83F
:10B1600050E0937A88BFB646527A98BFC646032FFE
:10B1700004930692C0F34022CDF84CE0C0F3002EB9
:10B18000C0F3C0231D92CDF878E08CBFB646C6460A
:10B19000774A0993022F7346CDF848E092F800E011
:10B1A0004246CDF828E0C0F3C01ECDF87CE08CBF4D
:10B1B000B646C6468F428CBF334643464745C0F32A
:10B1C0008017CDF844E008BF46460897BCF1030F4E
:10B1D000C0F34017DFF8C0E107978CBF4F464746E2
:10B1E000BCF1020FDEF800E00E978CBF4F464746D9
:10B1F0008C4510930D978CBF4F464746C4450F961C
:10B2000008BFC1468C450C978CBF57464746049BE8
:10B21000C4450B97574F08BFC2464345069BB7F836
:10B2200002C0059FADF810C00CBFC446BC464345E4
:10B23000514E08BF4746099BCDF864C006F1B80CD3
:10B2400018970A9F47454D4F08BF43461EF0040F0D
:10B25000C7F804C017931D9B3E60C0F300169C46C0
:10B260001E9B08BFC4461EF0080F069614BF1E465C
:10B2700046461EF0020F1F9B0A96C0F3C00E08BF81
:10B2800043463F4E09933F4BBB60C0F38007BDF878
:10B2900010303380C0F34003059300EA01033A48BD
:10B2A00004934346C0F81080C0E90088C0E90288D2
:10B2B000D8B2461E1D2E1BD8DFE806F02826242A09
:10B2C0003C3A38363432302E18807E7C7A78767468
:10B2D000727048464442403E2C1D2C4A00204FF0DC
:10B2E000FF31C2E900018BF8003029E4199E3EB11C
:10B2F00001FA03F632430130C0B21E283FF697AC84
:10B300000133D5E73E46F2E7059EF0E7049EEEE7FF
:10B310007646ECE71B9EEAE7189EE8E7179EE6E70D
:10B320006646E4E70A9EE2E7099EE0E7089EDEE75C
:10B33000079EDCE7069EDAE71A9ED8E7169ED6E758
:10B34000159ED4E7149ED2E7139ED0E7129ECEE757
:10B35000D4CD0408F4A10120088601200C86012028
:10B3600058860120E82A0020E42400206878012083
:10B37000948E012060780120948601202886012087
:10B38000908601200488012038860120C48801208D
:10B39000583C0120B8390120BC770120119EA6E756
:10B3A000109EA4E70F9EA2E70E9EA0E70D9E9EE7CB
:10B3B0000C9E9CE74E469AE70B9E98E7564696E70A
:10B3C000A84A002111608EE7A749A64A0968516082
:10B3D00089E7A649A64A0968116084E7A2480022C5
:10B3E000A0490668A348C1E9002602607BE7A24A9B
:10B3F0000021117077E77268A049A148F0F72CFC92
:10B40000D8F800300133C8F80030FFF799BB3A781C
:10B410009A499C48F0F720FCF2E72A7897499A4825
:10B42000F0F71AFCECE7994B94499A8A9848F0F7A0
:10B4300013FCE5E7954B91495A8A9648F0F70CFCC6
:10B44000DEE7924B8D491A889348F0F705FCD7E761
:10B450008E4B8A499A789148F0F7FEFBD0E78B4BE8
:10B4600086491A7A8E48F0F7F7FBC9E78D4B834976
:10B470001A7A8D48F0F7F0FBC2E78C4B7F4993F8BE
:10B480008C258B48F0F7E8FBBAE78A4B7B495A7862
:10B490008948F0F7E1FBB3E7884B78495A79884847
:10B4A000F0F7DAFBACE7874B74499A788648F0F7F7
:10B4B000D3FBA5E7834B642270491B88834802FBBA
:10B4C00003F2F0F7C9FB9BE724AE4FF001096B4B89
:10B4D000374612E04FF02C030AF8013B50467C4BF4
:10B4E00013F8092014F088FCB9F1100F0AEB0007DB
:10B4F000624B00F0838409F10109B9F1010FBA46EA
:10B500001946E7D1734A384692F8502014F074FC7B
:10B510005A4B0744EFE724AE4FF00109574B37462B
:10B5200012E04FF02C030AF8013B50466A4B33F807
:10B53000192014F061FCB9F1100F0AEB00074F4B12
:10B5400000F07A8409F10109B9F1010FBA461946F0
:10B55000E7D1604A3846128E14F04EFC474B074440
:10B56000F0E724AE4FF00109444B374612E04FF0AC
:10B570002C030AF8013B5046584B33F8192014F0BD
:10B580003BFCB9F1100F0AEB00073C4B00F04E8476
:10B5900009F10109B9F1010FBA461946E7D14D4A3F
:10B5A0003846128A14F028FC344B0744F0E724AEE6
:10B5B0004FF00109314B374612E04FF02C030AF8E7
:10B5C000013B5046464B13F8092014F015FCB9F125
:10B5D000100F0AEB0007294B00F0348409F1010930
:10B5E000B9F1010FBA461946E7D13A4A38461278FE
:10B5F00014F002FC214B0744F0E7244B1F499A7AD0
:10B600003848F0F729FBFBE6374A3849138A3848AF
:10B610009289F0F721FBF3E6334A3449D389354860
:10B620005289F0F719FBEBE62F4B14491A8932487F
:10B63000F0F712FBE4E62C4B10499A7D2F48F0F707
:10B640000BFBDDE6284A2949938B2D48528BF0F7F6
:10B6500003FBD5E6244B0949DA882A48F0F7FCFABF
:10B66000CEE600BFC4880120301D01206086012085
:10B670007C860120FC850120BC8801205C1E050819
:10B68000D8230508CC230508C0230508BC380120B1
:10B69000B4230508A8230508982305088423050872
:10B6A00070230508C83601205C230508F4A1012099
:10B6B000442305087491012034230508B48A01202D
:10B6C00024230508343D0120142305080823050818
:10B6D000DB9601208C960120BA9601209A960120D3
:10B6E0008B9601207C2205080C8E0120FC20050889
:10B6F0006822050858220508442205083422050856
:10B70000202205080C220508A24BA3495A7DA34814
:10B71000F0F7A2FA74E69F4B9F499A88A048F0F789
:10B720009BFA6DE69B4B9C495A789E48F0F794FA39
:10B7300066E6984B9849DA789B48F0F78DFA5FE611
:10B740009A4B95495A789A48F0F786FA58E6974BFB
:10B7500091491A789748F0F77FFA51E6964B974946
:10B760001E689748B38B728BF68B0096F0F774FACD
:10B7700046E6914B91491E689248B38A728AF68ACE
:10B780000096F0F769FA3BE68B4B8C491E688E48B1
:10B79000B3897289F6890096F0F75EFA30E68B4B32
:10B7A0002C20864900FB02328948B2F83A64B2F88C
:10B7B00038340096B2F83624F0F74EFA20E6834883
:10B7C0002C237E4903FB0202824892F8306492F8EF
:10B7D0002F34009692F82E24F0F73EFA10E67B48BC
:10B7E0002C23764903FB02027B4892F82C6492F8E2
:10B7F0002B34009692F82A24F0F72EFA00E67348CC
:10B800002C236E4903FB0202744892F8286492F8D4
:10B810002734009692F82624F0F71EFAF0E56B48DC
:10B820002C235D4903FB02026D4892F82524F0F7B2
:10B8300013FAE5E56B4B58491A786B48F0F70CFAA8
:10B84000DEE56A4B54491A786948F0F705FAD7E5FE
:10B85000012251496748F0F7FFF9D1E5049B4E49B1
:10B860009A686548F0F7F8F9CAE5644B9B7A012BB2
:10B870007FF4C6AD554A6249B2F99C326148B2F9CB
:10B880009E22F0F7E9F9BBE55F4B60491A886048F2
:10B89000F0F7E2F9B4E5594A5E49108893880090C0
:10B8A0005D485288F0F7D8F9AAE55C4B1B68D904CB
:10B8B00000F1CE820E23C8F80030A1E5584B534961
:10B8C0009A895848F0F7C8F99AE5574B32491A68EF
:10B8D0005648F0F7C1F993E5554A56495648F0F7EE
:10B8E000BBF98DE521A810F095FC21A924A814F03E
:10B8F00039FB24AA4F495148F0F7AEF980E5504B87
:10B90000504903F118025048F0F7A6F978E54F4B7B
:10B910004F4A4C494F48F0F79FF971E54E4A4F4B5B
:10B920004F495048CDE900324F4B504AF0F794F957
:10B9300066E54E4A3F494E48F0F78EF960E54FF014
:10B940007E524C494C48F0F787F959E51F4B124994
:10B95000D3F83C2B4948F0F77FF951E5324A484B80
:10B9600012681B680C494748B2FBF3F2F0F774F910
:10B9700046E5434B08491A684348F0F76DF93FE53F
:10B980000220F7F705FFFEF7C3BE4846F7F700FFB2
:10B99000FEF714BE0C8E01205C1E0508FC21050874
:10B9A000E8210508D4210508C8210508E4950120EF
:10B9B000B8210508BC210508147B01206821050871
:10B9C000B0210508A42105089C210508F4A1012047
:10B9D00090210508882105088021050874210508A3
:10B9E0005C210508F400002044210508F000002037
:10B9F0003021050820210508142105086878012058
:10BA0000FC2005080421050890860120C0200508B7
:10BA1000F4200508D8200508E42005083486012014
:10BA2000FC240020C42005085C8601208020050835
:10BA30000CAD0120C01F0508742005086020050812
:10BA4000ECAC0120342005084C2005081C2005081A
:10BA5000282005083C2005080820050814200508B2
:10BA6000E41F0508F41F0508D41F0508A41C0508D9
:10BA7000C41F0508AC200508B4200508A02005084F
:10BA800058860120982005088C20050808F10C082C
:10BA900047457FF4D7AAFFF7F7BA0023C349C44844
:10BAA00003E001330B2B3FF4FFA81A018A5C032A41
:10BAB00008D0042AF5D103F5B17200EB0212D27955
:10BAC000D207EED4EFF7FCFDFFF73AB8022B00F0F7
:10BAD000FF80032B3FF4DFAA012B40F00381B54B1D
:10BAE0001B68002B00F0FE80EFF7CEFD002840F031
:10BAF000F980B14B40221A70FFF7FFBAAF4B00201C
:10BB00004FF0FF310722C3E900018BF80020FEF758
:10BB1000A4BF18F061FD00283FF412A8FFF72CBA6B
:10BB2000A74FDFF8AC8207F10806A8F128093B7D92
:10BB3000052B3FF605A801A252F823F065BC0208C8
:10BB400041AB0208FDBB0208C7BB020855BB020897
:10BB500039AD02083A6924AE9A4B0DF1970EB04602
:10BB600002F1010C0FCBA8E807000DF19201964AF3
:10BB700088F8003082FB0C034FEAEC70C0EBA300A6
:10BB800000EB8003ACEB4303844630330EF80139FD
:10BB90007145EFD1864B41F2D4610122595C3A756F
:10BBA000002900F0178141F21871595C002900F05A
:10BBB000128141F25C729A5C002A00F052810423E7
:10BBC0003B75FEF7BDBF98F80030002B7EF4B8AF90
:10BBD0007968002900F0498191F82830002B7EF423
:10BBE000AFAF442248461FF0C3FC00217868E2F75B
:10BBF000BDFF002204237A603B7598E74FF0000AEE
:10BC000021AA31467868E2F797FE01287EF498AFC2
:10BC1000219B002B00F0A1801A78002A00F09D8063
:10BC20004C2AEDD159784F29EAD19A78472AE7D1A1
:10BC30001A7A422AE4D15A7A422AE1D19A7A4C2AD3
:10BC4000DED153F8030F249024A81B798DF895A01A
:10BC50008DF8943010F04CFC3B699842B8BF184600
:10BC60003861CDE7524B5A78032A7EF469AF41F22E
:10BC7000D4610122595C3A75002900F0C78041F275
:10BC80001871595C002900F0C28041F25C729A5C24
:10BC9000002A00F0E88000233B75FEF751BF112019
:10BCA000FCF7A0FB00287EF429AFFEF746BFF0F7B3
:10BCB00003F818F099FCFEF7E7BF1120FCF792FBA0
:10BCC00000287FF449A80A238BF80030FFF747B813
:10BCD000374B5A78012A05D941F2E5729B5C002B5B
:10BCE0003FF407AF00238BF80030FEF7BEBF002102
:10BCF0003868E2F73BFF00283EF422AFFFF77AB93D
:10BD0000484605F038F95046E022002120F092FB29
:10BD1000FFF7B7B92D4BD3F8403B9B7B012B7EF44B
:10BD200099AE18F04DFBFEF795BEF35C002B7EF448
:10BD300007AFFFF70DB9049B1B6903EB4303B3F592
:10BD4000FA7F61D34FF4FA72B3FBF2F3402BA8BF32
:10BD50004023194A1370FFF7CDB9796891F91A3069
:10BD60005A1C0AD003F5B172114BFF2003EB0213EA
:10BD7000DA796FF30002DA71887691F91B30581C7A
:10BD800011D003F5B1730A484FF0FF0C00EB03101C
:10BD9000C379C3F34502013A22EAE27262F3460331
:10BDA000C37181F81BC003233B75C0E652750120A7
:10BDB0002C5F0120148601200C860120C4880120FC
:10BDC000907E0120EC23050867666666F4A10120D9
:10BDD0003C7701200A464427314641F2D4602B4E7D
:10BDE00007FB02323C23009610442022E3F704FEB6
:10BDF000FEF7A6BEFDF7BCFBFEF72CBE314624487D
:10BE0000EFF72AFFFFF7FCBA0123A2E70A46442115
:10BE1000204E41F2D46001FB023113231022009620
:10BE200008441D49E3F7E8FDFEF78ABE31461B488A
:10BE3000EFF712FFFFF7E4BA31461948EFF70CFFAE
:10BE4000FFF7DEBA31461748EFF706FFFFF7D8BA1B
:10BE5000154B164993F8BC231548EFF7FDFEFFF785
:10BE6000CFBA0222B7E70222D1E7E2F73BFD002872
:10BE70007FF4BBAEFEF764BE0B4A0B21092382F8A8
:10BE8000F51A8BF80030FEF7E8BD00BF216C010801
:10BE9000E8220508717B0108E4230508A8220508AB
:10BEA000C822050888220508F4A10120C020050841
:10BEB000CC200508114A82B0034692E8030002AA8A
:10BEC00002E90300A3B1072B0ED802AA0C491344C0
:10BED0000122098813F8083C02FA03F30B4214BF4D
:10BEE0001046002002B07047184602B0FCF77ABA3C
:10BEF000044B187800F0010002B07047E8D5040840
:10BF000096780120947801203A4840F281313A4AEB
:10BF100040F2AF330068126810F0020F08BF0B4602
:10BF20001006F0B583B060D4D103344D344C54BF07
:10BF300043F4406343F4E053520505F10406A4F5CD
:10BF4000DD6754BF43F4C82343F4D823019315F8A5
:10BF5000011BFF292ED1B542F9D12A4B9B6A002B38
:10BF60003FD1019B43F000730024019302E00134B0
:10BF70001E2C19D0214601A814F070FD0028F6D01F
:10BF80001F4B0022E1B203F1F00000E01A79914268
:10BF900003F10803EBD09842F8D12146013401A8FF
:10BFA00014F03CFD1E2CE5D1174B019AC3F8442B2D
:10BFB00003B0F0BD0022134605E001331E2B04EB55
:10BFC000C302C8D052799142F7D107EBC30393F86B
:10BFD000EC16A1F11A03032BBDD801A814F02EFD15
:10BFE000B9E7019B43F08073BCE743F4803343F02F
:10BFF000400399E7BC7701204C390120F836012035
:10C00000F0D50408C8360120F4A101202DE9F84F2D
:10C010004FF0000B4F01824691465C4607F1200825
:10C02000144E154D05E001340BF1010BBBF11E0F51
:10C030001DD05946304614F011FD0028F4D0A74217
:10C04000F1D8A045EFD900235FFA8BF2194605E03D
:10C0500001311E2905EBC10307D01B799A42F7D1A4
:10C0600005EBC1015046C847DDE70021FAE7BDE80E
:10C07000F88F00BF38AD0120F0D504080022084930
:10C08000134605E001331E2B01EBC30206D05279A3
:10C090009042F7D1024800EBC30070470020704780
:10C0A000F0D5040800220849134605E001331E2B91
:10C0B00001EBC30206D012799042F7D1024800EB9F
:10C0C000C300704700207047F0D504082DE9F04FF9
:10C0D00089B01AF03BFC08F0CFF80BF007FE14F023
:10C0E00026FB18B914F0C8FC14F054FB0FF05CFFE9
:10C0F000044609F099FD4CB16D4B1B78AE2B05D170
:10C1000005226C496C4810F0CBF818B114F0B4FC5F
:10C1100014F040FB694E6A4C96F8483BB346A2784F
:10C1200043F00103674D86F8483B674B1A70674B35
:10C13000E2781A70DFF772FC012102200BF090FF09
:10C1400040220021624820F075F9624B4FF0FF3227
:10C150001A60C3F803202B6813F0080F07D05E4B5A
:10C160001B7A012B01D90A2B01D1E0F721FB617960
:10C17000012915D801EB4102584B03EB420033F87B
:10C1800012304288B3FBF2F2554B5343554A1268C2
:10C19000934205D002201CF0FFF872B61AF060FC42
:10C1A0009BF84F3B0BB10BF0CFFDDFF84C811AF041
:10C1B00069FC00264C484D4B44464FF001094FF0B6
:10C1C000000201784FF0000C08EB010783F8B8215A
:10C1D00002460097009F3F7B3FB192F818E0BE45B2
:10C1E00003D1B2F818E0A3F8ACE114F801E0BEF115
:10C1F000000F11D092F820A0F24503D1B2F820A090
:10C20000A3F8AEA192F818A0F24505D1B2F818E053
:10C2100083F8B891A3F8AEE147B192F820E0BE45AB
:10C2200004D1178C83F8B891A3F8AC710CF1010C10
:10C230000232BCF1040FCDD1D3F8AC2112F0FF1FB4
:10C2400008D02B4AC3F8A80102EB8101C1F8B03B2A
:10C2500003F5DE7301363C30062EB0D100216C228E
:10C2600024484FF0FF082E6820F0E4F8E37D00201A
:10C2700094F80BC006F04006A77A4CEA030CA37DA5
:10C28000DFF878E01F431B4909231EF9012B092A17
:10C290000A7235DC14F80290B9F1000F37D122444C
:10C2A000127BA2BB013B81F80880DBB22FE000BF0C
:10C2B00000400008A82A0508CF910120F4A1012020
:10C2C000C89101204C390120B4010020C402002093
:10C2D00084260120C4260120C8360120E0D60408A7
:10C2E00040420F007C1E0120ECD604085447002079
:10C2F0000C46002048AD01202839012054D80408FC
:10C300001E2A40F0A780002ECCD0002FCAD00130CA
:10C310000C310928B9D18BF8C03BF9F75BF9F7F775
:10C32000F9FE9BF8483B43F004038BF8483B2B682D
:10C33000DC0740F19A80DFF765FCDFF7B5FB0024EE
:10C3400053497827534ED1F804C0BCF1000F49D0AF
:10C3500091F90030002503EB8300821910F806E004
:10C3600007FB03B092F8018092F802900A4692F817
:10C3700008A0D64505D192F809A080F8C8EB80F84E
:10C38000CBAB92F810A0D04505D192F811A080F85F
:10C39000C98B80F8CCAB92F818A0D14505D192F8A2
:10C3A00019A080F8CA9B80F8CDAB01350232042D6C
:10C3B000DDD107FB03B393F8C82B9AB193F8C92BCF
:10C3C00082B193F8CA2B6AB191F82020C3F8C4CB8C
:10C3D00083F8342C4FF0000283F8382C91F8212098
:10C3E00083F8392C01342431042CACD1F3F7FAFC56
:10C3F000294B2A4800241B689847294B294D2A4E6F
:10C400001878DDF761FC2B689C4234DB0020274C58
:10C410001CF0E8FA01201CF0E5FA02201CF0E2FA18
:10C42000607858B10BF03AFCCBF8A40D08B13C236E
:10C43000C380A3783BB320210BF0D6FC17F0A2FFFA
:10C44000C0B31B4DDFF7EAFA2C78022C00F0ED8127
:10C450000424F9E11F2A7FF45AAF002E3FF422AFE3
:10C46000BCF1000F7FF453AF1CE798047FF565AF74
:10C47000DFF770FB61E704EB4400214601343044F0
:10C480000CF04EF9BFE740210BF0AEFCD6E700BF41
:10C4900060D8040850360120840101204436012070
:10C4A000A4350120CC260120D0260120CC1D01205E
:10C4B0000086012017F040FF0028C2D1042400218B
:10C4C0000420BF4D00271BF067FF002105201BF053
:10C4D00063FF6B680093002B44D02E466022B94B5B
:10C4E000002116F9089B4FF0000A02FB0933184699
:10C4F0001FF0A0FF0621B44A01FB09F1039002EBF3
:10C500000108525C019298F80120029216F8013B52
:10C51000019A9A4204D110460BF0C0FB039B98602D
:10C52000F378029A934204D110460BF0B7FB039BB9
:10C53000D8600AF1010ABAF1040FE7D16023A14AD9
:10C5400003FB09F902EB0903996859B1D96849B1AC
:10C5500042F80950009A98F802105A60B8F804207E
:10C5600019745A8201371435042FB2D100201CF0FF
:10C5700077FB01201CF074FB02201CF071FBDDF73F
:10C58000C1FB0BF55C610EC941EA0200184323D0E0
:10C5900009B2DFED8E6A12B28D4807EE101A1BB297
:10C5A00000258C49B8EEC77A07EE903A057005A8C9
:10C5B000F8EEE77A27EE267A67EEA67A8DED057A11
:10C5C00007EE102AB8EEC77ACDED077A27EE267A65
:10C5D0008DED067A13F07AFDF3F70CFE48B97E4B29
:10C5E000997B022902D101200BF0E2FD012004F029
:10C5F000DDFF9BF8483B0A259BF8CD1D43F0020365
:10C600009BF8CC0D754E8BF8483BF3F71BFC0FF0F5
:10C6100031F99BF8CD1D9BF8CC0DF3F713FCF3F724
:10C620003DFC3068F8F72CFFF7F7A4FCDFF76CF857
:10C630000BF0F6FBDFF754F8012108460BF010FD74
:10C64000002108460BF00CFD002102200BF008FD34
:10C6500001200BF015FB00200BF012FB19200BF052
:10C6600067FADBF8D03DD90302D401200BF0B6FC09
:10C6700019200BF05DFA00200BF0B0FC013DE7D172
:10C68000294628460BF0ECFC294601200BF0E8FC7B
:10C69000F9F7EAFBF6F75EFE514B1D809D70F6F749
:10C6A00011F8504DFAF716FD2B681A0601D5EEF772
:10C6B00095FBECF7B3FD2B68DB0304D5EEF7EEFB3F
:10C6C000494B01221A702B681F0101D5E8F764FC61
:10C6D0002B68D80001D5DEF71BFFF7F76BFD2B6841
:10C6E000590001D5F7F7F2FD2B685A0105D53F4BEC
:10C6F0001B7813B13068F7F743F9E0F775FEDEF702
:10C7000013FB18F03DFA3A4B1E78022E0DD1394B2F
:10C710001B7953B114F0020407D1DEF739FE364B12
:10C7200041F644025E709C709E50EFF7C5FA334BA1
:10C73000334C00261A8B42F21073A4F8DC6D53437D
:10C74000304A9168B3FBF1F3C2F8D431C2F87033C8
:10C7500064230022A4F8F03204F55E631A60FAF74D
:10C760009BFE012384F8E43DFFF7CEFB4FF42872D3
:10C77000314625481FF05EFEFCF7FAFE2B685B058C
:10C7800001D5ECF7EFF84FF4007004F00FFF0CF058
:10C790003DF81E4B1B681B6898470BF04DFA1D2097
:10C7A0000BF07CFA18B183790BB95423C3801E2097
:10C7B0000BF074FA60B3837953BB5423C38027E032
:10C7C000F0D804089C2C01209CAF012035FA8E3C47
:10C7D00028060120A0910120C8910120147B01208E
:10C7E000407E01204C390120CC850120E42400202A
:10C7F00000860120443601202C5F01200C8E012090
:10C80000F4A10120C8020020B8390120A0010020B5
:10C810000BF0F0FA07F0C4FB94F8483B63F07F0399
:10C8200084F8483B09B0BDE8F08F0F4B1B79002B13
:10C830003FF40EAEDEF7ACFD0C4B00225C709A703C
:10C8400041F644029C5006242B78012B01D118F0AC
:10C85000D9F90BF0DBFF17F005FD08B917F07EFDE5
:10C8600000200EF0E1F92AE6443601202C5F012079
:10C870007047F8B504466C22002104301FF0DAFD41
:10C8800004260F49234604F16C000522002511F906
:10C89000017B0C3303F8072C03F8087C03F8066CC3
:10C8A00003F8045C03F8052C8342F0D101232360D4
:10C8B000522384F86E306423A4F86C30F8BD00BFB6
:10C8C00054D8040808B5074B1B78DB0700D508BD12
:10C8D000054B02229A7313F05DFFBDE808400FF08C
:10C8E00063BB00BF94780120C89101200A382DE96C
:10C8F000F04F0C462DED028B89B0ED2800F2F08050
:10C90000DFE810F0280AEE00EE00EE00EE00EE0088
:10C91000EE00EE00EE00EE00EE00EE00EE00EE00A7
:10C92000EE00EE00EE00EE00EE00EE00EE00EE0097
:10C93000EE00EE00050AEE00EE00EE00F609EE0055
:10C94000EE00EE00BE09EE008B09EE007109EE006C
:10C950002809EE00EC08EE00840AEE00580AEE000A
:10C96000EE00EE00520A3B0AEE003306EE00EE0047
:10C970002C06EE001506EE00EE00EE00E405EE00DB
:10C98000EE000C08EE00ED07EE00CD07EE00AE075E
:10C990008A07EE00EE00EE00EE00EE00EE00EE0084
:10C9A000EE00EE006E07EE002B07EE005606EE00DE
:10C9B000BB08EE00EE00EE00EE007D082D081D081D
:10C9C000D20ACD05960582056B055C05EE002C05A7
:10C9D000150BEE00EE00EE00EE00EE00EE00EE00B5
:10C9E000E604EE00EE00EE00EE00DA04C804850472
:10C9F000EE00EE00EE0033041304EE00EE00D2036E
:10CA00009E03EE00EE003A03EE00EE000003EE009F
:10CA1000E202EE006C02EE000202EE00C101EE0046
:10CA2000EE00EE00EE00EE00EE00EE00EE00EE0096
:10CA3000EE00EE00EE00EE004E01EE00EE00EE0025
:10CA4000EE00EE003A01EE001801EE00EE00EE00FE
:10CA5000EE00EE00EE00EE00EE00EE00EE00EE0066
:10CA6000EE00EE00EE000A01EE00EE009001EE0096
:10CA70008501EE00020BEE00EE00EE00EE00EE008F
:10CA8000EE00EE00EE00EE00EE00EE00EE00EE0036
:10CA9000EE00EE00EE00EE00EE00EE00EE00EE0026
:10CAA000EE00EE00EE00EE00EE00EE00EE00EE0016
:10CAB000EE00EE00EE00EE00EE00EE00EE00EE0006
:10CAC000EE00EE00EE00EE00EE00EE009B01EE0048
:10CAD0000001EE00EE00EE00EE00EE00EE00F400CD
:10CAE000002009B0BDEC028BBDE8F08F05A80FF067
:10CAF00091FB002841F02A83012009B0BDEC028B94
:10CB0000BDE8F08FA74D0846E9890FF0D7FDA98948
:10CB100020460FF0D3FDEFE70B6805A8A24A591C89
:10CB2000127821601A700FF075FB23685A1C22607E
:10CB30001870E1E79D4D05F58076236820462A7838
:10CB40000835591C21601A70236815F8072C591CE8
:10CB500021601A70236815F8062C591C21601A7080
:10CB600035F8041C0FF0AAFD35F8021C20460FF022
:10CB7000A5FDB542E1D1BFE78D4D05F1AE0629888F
:10CB800020460FF09BFD6988204606350FF096FD84
:10CB900035F8021C20460FF091FDB542EFD1ABE70E
:10CBA0000B68DFF834E2591C9EF8002021601A70EF
:10CBB0009EF80030002B9FD07E4E00237E4D7F4894
:10CBC0007F492268013316F8017B02F1010CC4F899
:10CBD00000C01770226815F8017B02F1010CC4F83F
:10CBE00000C01770226810F8017B02F1010CC4F834
:10CBF00000C01770226811F8017B02F1010CC4F823
:10CC000000C017709EF800209A42DADC74E76D4D80
:10CC100005F1100635F8021F20460FF04FFDB54212
:10CC2000F8D169E7684D05F13A0635F8021F20464C
:10CC30000FF044FDB542F8D15EE70B681422634D56
:10CC4000591C05F1780721601A7028780635FFF71E
:10CC500029FA064615F8010CFFF724FA23687279C1
:10CC6000591C21601A70236815F8022CAF4203F199
:10CC7000010121601A702368427903F101012160EA
:10CC80001A70E2D138E7524D08460B686A7A591C8F
:10CC900021601A7023686A79591C21601A70236810
:10CCA0002A7A591C21601A70E9880FF007FDA989BA
:10CCB00020460FF003FD2368EA7A591C21601A70A0
:10CCC0002368EA7B591C21601A702368AA7B591CCF
:10CCD00021601A702368AA78591C21601A70236891
:10CCE000EA78591C21601A7023682A79591C21603E
:10CCF0001A7023682A78591C21601A702368AA7A4E
:10CD0000591C21601A70F7E6324D08462B68B3F8BB
:10CD100074100FF0D3FC23682A68591C92F876200F
:10CD200021601A7023682A68591C92F877202160C4
:10CD30001A7023682A68591C92F8782021601A70AA
:10CD400023682A68591C92F8792021601A70236898
:10CD50002A68591C92F87A2021601A7023682A6880
:10CD6000591C92F87B2021601A702B6893F87C2064
:10CD70002368591C21601A7023682A68591C92F88C
:10CD80007D2021601A7023682A68591C92F87E2041
:10CD900021601A702A68236892F87F20591C21604C
:10CDA0001A70A9E6343D0120948E0120EC990120EF
:10CDB0005C8D0120CC810120EC8101202C8201209E
:10CDC0000C820120CE440020E2270020B4940120F0
:10CDD000C47B0120147B0120C9810120A74D084696
:10CDE0000B682A68591C92F8582021601A70236831
:10CDF0002A68591C92F8592021601A7023682A6801
:10CE0000591C92F85A2021601A7023682A68591C0C
:10CE100092F85B2021601A7023682A68591C92F8E6
:10CE20005C2021601A7023682A68591C92F85D20E2
:10CE300021601A702B6893F85E202368591C2160CA
:10CE40001A7023682A68591C92F85F2021601A70B2
:10CE50002B68B3F860100FF031FC2B682046B3F854
:10CE600062100FF02BFC2B682046B3F864100FF013
:10CE700025FC2B682046B3F866100FF01FFC2B68CA
:10CE80002046B3F868100FF019FC2B682046B3F861
:10CE90006A100FF013FC2B682046B3F86C100FF0EB
:10CEA0000DFC2B682046B3F86E100FF007FC2B68C2
:10CEB0002046B3F870100FF001FC2B682046B3F841
:10CEC00072100FF0FBFB17E66D4D05F1110605F131
:10CED00010072368204615F8012F591C21601A708D
:10CEE00036F8021B0FF0EAFB2046F18B0FF0E6FB51
:10CEF000236895F85020AF4203F1010121601A70B8
:10CF0000E7D1F9E55F4D08460B682A78591C216086
:10CF10001A7069880FF0D2FBA98820460FF0CEFB6B
:10CF2000E98820460FF0CAFB298920460FF0C6FB8E
:10CF3000698920460FF0C2FBA98920460FF0BEFB8D
:10CF4000E98920460FF0BAFB298A20460FF0B6FB8C
:10CF5000698A20460FF0B2FB23682A7D591C2160A4
:10CF60001A7023686A7D591C21601A702368AA7D93
:10CF7000591C21601A70BFE50B68434E591C32786A
:10CF800021601A703378002B3FF4B6AD4FF0000AE1
:10CF90003E4FDFED3F8A019757469FED3E8AB246EE
:10CFA00030E0884689460E468B46019B9D7A002DCF
:10CFB00041F00080D30002D5032F41F26F80364B41
:10CFC000DA5D002A41F01380204601370FF060FB44
:10CFD000294620460FF072FB226831462046551C38
:10CFE000256082F800B00FF069FB494620460FF03B
:10CFF00065FB414620460FF061FB9AF80020BA42DB
:10D000007FF67AAD254B1A6812F00061C9D0F8B2EC
:10D01000E8F72AF8B0F90C50214B05EB850590F89C
:10D0200001B017F803C005EB85011C4B4688890049
:10D030001A68B0F80490B0F8088091FBFCF1B4E7EE
:10D04000184D084629890FF039FB698920460FF0F1
:10D0500035FBA98920460FF031FBE98A20460FF005
:10D060002DFB298B20460FF029FB698B20460FF002
:10D0700025FBE98920460FF021FB3DE5147B0120CB
:10D080008B960120EC950120E4240020BC3801207F
:10D090009A99193F00000000384500204C390120C2
:10D0A00024450020D8840120A04D084629880FF08F
:10D0B00005FB698820460FF001FBA98820460FF088
:10D0C000FDFAE98820460FF0F9FA298A20460FF088
:10D0D000F5FA698A20460FF0F1FAA98A20460FF086
:10D0E000EDFA236895F820202046591C21601A701B
:10D0F00023682A7F591C21601A70698D0FF0DEFAAF
:10D10000A98D20460FF0DAFA236895F821202046F1
:10D11000591C21601A70236895F82820591C216039
:10D120001A70E98B0FF0CAFAE6E40A68804B501CCB
:10D1300019782060117022685978501C2060117095
:10D1400022689978501C206011702268D978501C90
:10D150002060117022689979501C2060117022683B
:10D160001B79511C21601370C6E4724F0846798AFE
:10D1700007F11C050FF0A2FAB98A20460FF09EFABB
:10D18000F98A20460FF09AFA23686B4A2046591C08
:10D19000127821601A7023683A7E591C21601A7037
:10D1A0002368BA7A591C21601A702368BA78591C0E
:10D1B00021601A7039880FF081FA2268397A07F1F4
:10D1C0001803501C20601170226813F8011B501CBA
:10D1D000AB4220601170F7D1584B1D1D226813F827
:10D1E000011B501CAB4220601170F7D1398D2046D5
:10D1F0000FF064FA798D20460FF060FAB98D204661
:10D200000FF05CFAF98D20460FF058FA74E4DFF85D
:10D2100048C10026F7B2614600232268501C2060F6
:10D2200017702268501C206013700133226811F8B7
:10D23000010F062B02F1010525601070EDD10136BA
:10D240000CF1060C042EE5D13D4900232268501C48
:10D25000206016702268501C206013700133226811
:10D2600011F8010F0B2B02F1010525601070EDD1B3
:10D27000236805200021334A5D1C2560187023684F
:10D28000581C20601970236892F86321591C216092
:10D290001A7031E40B682C4A5D1C2C49D07925604A
:10D2A00018702368527D581C20601A7023680A7811
:10D2B000591C21601A701FE40B68254A581C11780C
:10D2C0002060197023685278591C21601A7013E489
:10D2D000204D05F18006298820460FF0EFF9698876
:10D2E000204610350FF0EAF935F80C1C20460FF0F7
:10D2F000E5F935F80A1C20460FF0E0F935F8081C6E
:10D3000020460FF0DBF935F8061C20460FF0D6F961
:10D3100035F8041C20460FF0D1F935F8021C2046E0
:10D320000FF0CCF9AE42D6D1FFF7E6BBD88401208E
:10D33000E07E0120BC380120E4240020D838012000
:10D34000577D0120007C012058910120749101201B
:10D35000E4950120049601203F7D0120844E0025A4
:10D360000B683268591C527A21601A703368204663
:10D3700022682B44511C9B7A216013703368226809
:10D380002B44511C9B7B21601370336822682B4413
:10D39000511C9B7C21601370336803EB45030135FE
:10D3A000598B0FF08BF9042DE0D13268236892F885
:10D3B0002A20591C21601A70FFF79EBBFAF7B6FEAF
:10D3C000014620460FF064F9FAF7A0FE0146204618
:10D3D00089B20FF073F9FFF78FBB664D08462988B5
:10D3E0000FF06CF9698820460FF068F9B5F9043040
:10D3F000614A2046D91782FB0323C1EBA30189B2FE
:10D400000FF05CF9FFF778BB5C4B084619880FF00A
:10D4100055F95B4B204619880FF050F9594B22689B
:10D420001B78511C03F0010321601370FFF764BBEC
:10D43000554B08460A681B78511C544D03F00203F3
:10D440002160137023682A7D591C21601A70296895
:10D450000FF01EF9696820460FF01AF9AB6813F156
:10D46000630FC0F24A86B3F5C80F80F26B86484A54
:10D47000D91782FB0323C1EB631399B220460FF047
:10D480001DF9E98920460FF019F9298A20460FF085
:10D4900015F9698A20460FF011F9FFF72DBB3D4EB3
:10D4A000B378002B3FF428AB3B4F0025F7EC017A13
:10D4B00020460135FCEEE77A17EE903A99B20FF06C
:10D4C000FDF8B378AB42F1DCFFF716BB334E35689D
:10D4D000002D00F0FD8517F07FF8314F40F002007D
:10D4E00000233A46C5B204E001330632062B00F0B1
:10D4F000B28611780229F7D1226803EB4303204654
:10D5000007EB4303511C216015709A88598801323A
:10D51000511A0FF0BDF8316820460FF0B9F817F036
:10D5200033F8014620460FF0B3F8FFF7E5BA194E7D
:10D53000B378002B3FF4E0AA1A4F0025F7EC017AEC
:10D5400020460135FCEEE77A17EE903A99B20FF0DB
:10D55000B5F8B378AB42F1DCFFF7CEBA0846082243
:10D5600011490FF067F8FFF7C7BA104AAAE600BFE3
:10D57000682500202C3D0120676666663A78012008
:10D58000DC7E01207F840120397801207839012058
:10D590001F85EB51A4360120EC7D0120148601206B
:10D5A000480C012014B40120C836012080A70120B6
:10D5B000A64B0A681968501C91F82A102060117057
:10D5C0001968226891F82D10501C2060117019689C
:10D5D000226891F82E10501C206011701968226882
:10D5E00091F82F10501C206011701968226891F872
:10D5F0003010501C206011701968226891F83810A2
:10D60000501C206011701A6892F839102268501C62
:10D61000206011701968226891F83A10501C20603F
:10D6200011701968226891F84110501C2060117027
:10D630001968226891F84210501C20601170196816
:10D64000226891F84310501C2060117019682268FC
:10D6500091F83E10501C206011701968226891F8F2
:10D660003F10501C206011701968226891F840101A
:10D67000501C206011701968226891F83110501CFC
:10D68000206011701968226891F83510501C2060D4
:10D6900011701968226891F83610501C20601170C2
:10D6A0001968226891F83710501C206011701968B1
:10D6B000226891F84610501C206011701A6892F888
:10D6C00047102268501C206011701968226891F878
:10D6D0004810501C206011701968226891F8491098
:10D6E000501C206011701968226891F84A10501C73
:10D6F000206011701968226891F84B10501C20604E
:10D7000011701968226891F84C10501C206011703B
:10D710001968226891F84D10501C2060117019682A
:10D72000226891F84E10501C206011701968226810
:10D7300091F84F10501C206011701968226891F800
:10D740005410501C206011701A68236892F85520FC
:10D75000591C21601A70FFF7CFB93D4D08460B6880
:10D7600000266A78591C21601A7023686A7D591C4A
:10D7700021601A70E9880EF0A1FF2368AA7D204677
:10D78000591C21601A7029890EF098FF698920467A
:10D790000EF094FFA98920460EF090FFE9892046FB
:10D7A0000EF08CFF298A20460EF088FF698B2046F8
:10D7B0000EF084FFA98B20460EF080FF23683146CF
:10D7C00020465A1C22601E700EF078FF314620461B
:10D7D0000EF074FF314620460EF070FFFFF78CB953
:10D7E0000A6801251B49204656191B4B26601570F7
:10D7F000226809785519256011702268197A551C1C
:10D800002560117022689978551C2560117019885F
:10D810000EF054FFFFF770B90B68012208460F4D58
:10D82000991821601A7023682A78591C21601A708F
:10D8300023686A78591C21601A7069880EF03EFFCF
:10D84000696820460EF024FFFFF756B9147B0120CB
:10D850000C8E0120C0AF0120BC38012000860120C1
:10D86000AA4B1B79002B40F09B841E4698461D4610
:10D87000194622682046571C2760137023685A1CDB
:10D88000226083F8008023685A1C22601E700EF00C
:10D89000FFFE294620460EF0FBFEFFF72DB99C4EF9
:10D8A000B378002B3FF428A99A4F002507F101080F
:10D8B0002368204617F81520591C21601A7018F8A3
:10D8C0001510013501EB810101EB810101F2EE211F
:10D8D0000EF0F4FEB378AB42EADCFFF70DB90B684B
:10D8E00008468D4D591C2A7921601A7023686A797F
:10D8F000591C21601A7029880EF0E0FE2368AA796D
:10D900002046591C21601A7069880EF0D7FE2368E2
:10D91000EA79591C21601A70FFF7EEB80A680846C8
:10D920007E4B551C19792560117022685979551C58
:10D9300025601170196A0EF0ABFEFFF7DDB8784D67
:10D9400005F12006B5EC010A1CF06AFA01462046F2
:10D9500089B20EF0B3FEB542F4D1FFF7CDB8714BEA
:10D960009B89B3F5006F00F2C583B3F5806F00F2B9
:10D970002484B6EE008AB3F5007FF7EE007A38BF54
:10D98000B0EE678A684D05F10C06B5EC010A20EE91
:10D99000080A1CF045FA0146204689B20EF08EFEB8
:10D9A000AE42F2D1614D05F10C06A5F1300905F545
:10D9B000D478374699F89236B5EC010A012B0CBFA2
:10D9C00043463B46D3ED2A7A80EE270A1CF028FA1C
:10D9D0000146204689B20EF071FEAE42EAD1544DA6
:10D9E00005F10C06B5EC010A1CF01AFA01462046B6
:10D9F00089B20EF063FEAE42F4D1FFF77DB84D4D13
:10DA000008464D4EB5F808110EF058FEB5F88810CE
:10DA100020460EF053FE494B204619684A01C1F3D7
:10DA20004003C1F38007C1F3C00502F02002134395
:10DA3000C1F3401201F0100143EA470343EA8503B2
:10DA400043EAC20319430EF039FE00231D461F4668
:10DA5000059303E001351E2D00F0D582294630469E
:10DA600012F0FCFFEBB20028F4D01846FEF722FAC1
:10DA7000002840F07D820137ECE70B680846304A09
:10DA80005D1C917825602F4A1970236851795D1CBF
:10DA90002D4A2560197023685278591C2B4D21603E
:10DAA0001A702368EA78591C21601A702368AA78D2
:10DAB000591C21601A7023682A78591C21601A7039
:10DAC000298B0EF0FBFD698A20460EF0F7FD2368D6
:10DAD0002A7D591C21601A70FFF70EB80A681C4B8A
:10DAE000501CD97B206011702268197C501C20606A
:10DAF00011702268597C501C206011702268DB7FF5
:10DB0000511C21601370FEF7F7BF00BF443601209F
:10DB1000A4360120F893012048A701203C78012079
:10DB2000EC2A0020FC24002044250020F8020020DC
:10DB300084860120E42F012038AD0120BC7701202C
:10DB4000343D0120B48A0120749101200C8E012003
:10DB5000C8360120A14901F58075206851F8083FB9
:10DB6000461C4A681F0A26601E0C03701B0E2068A4
:10DB70008D4200F1010CC4F800C007704FEA122773
:10DB8000206800F1010CC4F800C006704FEA12468C
:10DB9000206800F1010CC4F800C003704FEA126065
:10DBA000236803F1010CC4F800C01A70236803F164
:10DBB000010222601F70236803F1010222601E70BF
:10DBC000236803F1010222601870C6D12368012185
:10DBD000834A5818206019702368D2785918216038
:10DBE0001A70FEF789BF7F4D05F14006B5F80011A8
:10DBF00020460EF063FD236895F802210435591C78
:10DC000021601A70236895F8FF20AE4203F10101EC
:10DC100021601A70EAD1FEF76FBF0B680846724D9B
:10DC20000026591C2A7A21601A7023686A7A591CC6
:10DC300021601A702368AA7A591C21601A70E98A37
:10DC40000EF03CFD698A20460EF038FDA98A204678
:10DC50000EF034FD298B20460EF030FD698B2046F6
:10DC60000EF02CFD2368314620465A1C22601E709F
:10DC70000EF00EFD23685A1C22601E70FEF73CBF9A
:10DC80000B680846594D591C2A7821601A70236880
:10DC90006A78591C21601A702368AA78591C21607F
:10DCA0001A702368EA78591C21601A7023682A794F
:10DCB000591C21601A70E9880EF000FD2989204660
:10DCC0000EF0FCFC2368AA7A591C21601A702368A4
:10DCD000EA7A591C21601A7023682A7B591C21603A
:10DCE0001A7023686A7B591C21601A70FEF704BF02
:10DCF0003F4D084629880EF0E1FCA98820460EF029
:10DD0000DDFC298920460EF0D9FCFEF7F5BE394D21
:10DD100005F1780628780635FEF7C4F923684279BC
:10DD2000591C21601A70236815F8052C591C2160B4
:10DD30001A70236815F8042C591C21601A70236886
:10DD400015F8032CAE4203F1010121601A70E1D1F4
:10DD5000FEF7D2BE284D28461BF0DCFD00283EF41D
:10DD6000CBAE2B460544226813F8011B501C9D4284
:10DD700020601170F7D1FEF7BFBE0B684B20082161
:10DD80001E4A5D1C256018702368581C206019709D
:10DD900023689178581C206019702368D278591C28
:10DDA00021601A70FEF7A8BE084600210EF070FC34
:10DDB000FEF7A2BE124D134E05F16C0795F9041043
:10DDC000114B93F908208A4200F0D7800C339E4211
:10DDD000F7D10C35BD42F1D1FEF78EBEF87B0120A4
:10DDE000C47B0120007C0120C83601204C8D01201D
:10DDF000B4AF0120B49401200CAD0120C8910120E2
:10DE0000583C0120B4AD012048AD0120BC4D05F5C2
:10DE10000076236820462A781035591C21601A7034
:10DE2000236815F80F2C591C21601A70236815F807
:10DE30000E2C591C21601A70236815F80D2C591CE2
:10DE400021601A70236815F80C2C591C21601A7077
:10DE5000236815F80B2C591C21601A70236815F8DB
:10DE60000A2C591C21601A70236815F8092C591CBA
:10DE700021601A7015F8082C2368591C21601A704B
:10DE800035F8061C0EF01AFC35F8041C20460EF07E
:10DE900015FC236815F8022CAE4203F10101216044
:10DEA0001A70B6D1FEF728BE0025964E964FDFF8C1
:10DEB00090829FED968A07E0002120460EF0FEFB3F
:10DEC0000135082D3EF418AE3378AB42F4DD3B68E3
:10DED00093F82620002AEFD01B6AE8B29847002862
:10DEE000EAD008EB850393ED000A20EE080A1BF048
:10DEF00097FF02044CBFA0F57A7100F57A712046B5
:10DF000089B20EF0DBFBDBE700257E4E804F3378D5
:10DF10002046AB42C8BF37F8151005F10105D8BF40
:10DF200000210EF0CBFB042DF1D1FEF7E5BD00255D
:10DF3000784E01353368204603EBC503EF0059885E
:10DF40000EF0BCFB336820463B4499880EF0B6FBCC
:10DF5000336820463B44D9880EF0B0FB3368204636
:10DF60003B4419890EF0AAFB032DE2D1FEF7C4BD94
:10DF7000394605A812F062FD7DE5236820465A1C4B
:10DF80002260197029680EF083FB23686A79591C96
:10DF900021601A702368AA79591C21601A702368BD
:10DFA0002A7A591C21601A702368EA79591C216069
:10DFB0001A700EE7584807F1020C00EB8C0C9CF825
:10DFC0000650002D3EF4F6AFBCF804006421534B1C
:10DFD00001FB00F1F8B2DD5D0392B1FBF5F10291B6
:10DFE00019F09EF885B2DDE90212FEF7E3BF4C4A54
:10DFF00002EB870292ED000A80FE080A1BF010FF78
:10E000000146FEF7E1BF05A90422204600250EF0D7
:10E0100011FB2368434A2046591C21601D7011885A
:10E020000EF04CFB404B204619880EF047FB23684E
:10E030003E4A1A215E1C204626601D7023685E1C25
:10E040002660197011680EF023FB2168384B0622F8
:10E05000481C2C4E20600D702168987B4D1C25605B
:10E060000870216818784D1C2560087021683148B7
:10E070004D1C25600A7021685B784D1C25600B7073
:10E0800023682D495D1C25601A70236832785D1C59
:10E0900025601A7023680278FFF705B9274AC7EB95
:10E0A000C70012F8303002EBC002002B3EF487AFFD
:10E0B00092ED010A20EE280A1BF0B2FE6422174BF3
:10E0C00080B2D95D02FB00F2B2FBF1F1FEF777BF3F
:10E0D0000B68204629465A1C22601D700EF0D8FAA3
:10E0E000294620460EF0D4FA294620460EF0D0FAF2
:10E0F000FEF702BDB4EE008A44E40021FFF7BEB98A
:10E1000014B20120E4240020A001002000007A4481
:10E11000D4460020147B0120DC460020244500204A
:10E12000582500200C460020104600200C7B0120C2
:10E13000C8910120E82A0020C5910120E4010020B7
:10E14000A40100204FF6FF71FFF798B9BDF8141035
:10E1500020460EF0B3FA23689DF816202046591C7D
:10E1600021601A7023689DF81720591C21601A70CD
:10E1700023689DF81820591C21601A7023689DF8A7
:10E180001920591C21601A7023689DF81A20591C07
:10E1900021601A70BDF81C100EF090FAFEF7ACBCAE
:10E1A000E3F75AF868B9054641F2E4722D480123B5
:10E1B0002946A846865CFFF75CBBB5EE008AFFF7F0
:10E1C000E1BBE3F739F850B941F2E473254A4FF067
:10E1D00001080546D65C01464346FFF74ABB214E7F
:10E1E00096F80180B8F1020F1ED0B8F1030F09D0E4
:10E1F00041F2E47300254FF00108F65C29464346DE
:10E20000FFF737BB41F2A87241F2E4734FF0040804
:10E21000B158F65C890A0191E3F708F80123056813
:10E220000199DD40FFF725BB0F4B1B68DB69984761
:10E2300048B141F2E47200254FF003080123B65CB7
:10E240002946FFF716BB41F2E47205460123014659
:10E25000B65CFFF70EBB23680022591C21601D70BD
:10E260009388FFDE2C5F01204C36012008B50F4B50
:10E2700093F84802012810D003D800200CF0D4FCF9
:10E28000FEE7831E012B0BD802280AD000200DF0D8
:10E2900089FF03200CF0C8FCF2E70CF0C5FCEFE7A7
:10E2A00008BD034BB3F90000F1E700BF14B2012031
:10E2B000503D0120034B187810F0010000D070474A
:10E2C000D4E700BF9478012038B5084D002415F834
:10E2D000010BFF2805D0FDF7EDFD0146204609F0B2
:10E2E000ADFE0134042CF2D138BD00BFFC36012054
:10E2F000084B1B7803B170472DE9F04F064E336889
:10E300005C052DED028BA7B008D427B0BDEC028BC5
:10E31000BDE8F08FC83C01204C390120CF4D0446A8
:10E320009FEDCF7AD5F86433C31A07EE903AF8EE32
:10E33000E77AF4EEC77AF1EE10FA80F26484C94B02
:10E340001B78012B00F0C483C74B1B78002B51D0E6
:10E35000D5F87433C54AE31A934200F25582DFF8C8
:10E360005C9399F800A0BAF1000F40F01F82C04FF3
:10E37000386809F027FCC0B201281DD9022840F0F6
:10E380008E84DFF8188398F80030002B40F0028567
:10E39000D5F87C33E31AB3F57A6F0DD301233868CF
:10E3A00088F8003009F006FC8046386809F002FC65
:10E3B00018F07F0F01F01C87DFF804C3DCF80020A1
:10E3C000C2B199F80030002B40F0F781A94B02212F
:10E3D00038681B681B791E3B012B41F28A86383056
:10E3E000E9F722FC0122002389F8002085F8883310
:10E3F000C5F8844307F0C6FD9F4B00F57A701B7883
:10E400001E90012B00F091839C4B1B78002B00F099
:10E41000CA809B4F3B68002B00F0C580994AD5F815
:10E420009033D2F800A0AAEB0303632B40F2BB8029
:10E43000DFF890824120E7F72BF9DFF88C92B8F9EA
:10E440000230DFF888B289FB0320DB17C3EBA000A2
:10E4500080B2E7F701F9B8F9003089FB0320DB1738
:10E46000C3EBA00080B2E7F7F7F8B8F9043089FBF6
:10E470000320DB17C3EBA00080B2E7F7EDF89BF8B1
:10E480000010386809F0C4FB95F8948318F0010F68
:10E4900000F01E847C4B1B689A0674D57B4B1B785E
:10E4A0009B0741F1EE86DFF8289299F81430052B8E
:10E4B00034BF4FF002084FF003084720E7F7E8F8B1
:10E4C000D9F80000E7F794F8D9F80400E7F790F8D6
:10E4D0006F4BB9F80E103868A3FB0131C1F3471137
:10E4E000039109F095FB9BF80030039959408BF894
:10E4F0000010F9F71BFEE7F77BF899F8143038683D
:10E5000048EA83085FFA88F8414609F081FB9BF8E6
:10E510000010386888EA01018BF8001009F078FBD8
:10E5200095F89483B8F1000F2DD1DFF8A8914F2012
:10E53000E7F7AEF8D9F80000E7F75AF8D9F8040081
:10E54000E7F756F84046E7F753F80121386809F035
:10E550005FFB4E4A9BF8003092F8008083F0010385
:10E56000386808F001088BF80030414609F050FB8C
:10E570009BF80010386888EA01018BF8001009F058
:10E5800047FB95F8948308F10108424BC5F890A326
:10E590005FFA88F8A3FB0823DB0803EB8303A8EBEF
:10E5A000430885F894833C4F3B78022B00F0488366
:10E5B0003A4EB378032B00F06683394B1B78002B5F
:10E5C00037D0384E3368A3B307F0DCFCD5F8A0335E
:10E5D00044F61F620390C31A93422AD995F8A633D2
:10E5E000002B01F07B81013B85F8A63395F8A773DA
:10E5F000002F01F0AF80013F85F8A77395F8AA338B
:10E60000002B00F07F86013B85F8AA3395F8AE33E6
:10E61000002B00F0AF85013B85F8AE3395F8AF33A2
:10E62000002B01F03982013B85F8AF33039BC5F81D
:10E63000A0331D4B1B7823B11C4B1B78980700F0AF
:10E6400095801B4B1B78002B4AD01A4E1A4B317801
:10E65000D5F8EC24B3FBF1F33EE000BF14B2012087
:10E66000001B374A88800120968001203F0D03005F
:10E670005C7F0120607F012097800120A480012021
:10E68000007B0120301D0120BC770120397801205A
:10E690001F85EB51CDCCCCCCBE900120980601203B
:10E6A000AC800120B0800120298101207C800120E4
:10E6B0002081012028810120A0860100687F01209F
:10E6C000647F01202C3D012067666666047B012083
:10E6D00078390120D47E012013449C4280F0D681F9
:10E6E000CA4B1B78002B39D0C94B1B78002B39D172
:10E6F000C84B1B78002B3FF408AEC74FDFF864838C
:10E70000DFF81C93386809F05DFA00283FF4FDAD8E
:10E71000386809F04FFA98F8006004460322BF49B0
:10E720004846731E3EB1386888F8003009F04AFA4E
:10E730000028EDD1E9E51DF063FE0421484685F887
:10E74000F744E6F7FDFC0028DCD0B548E6F720FDED
:10E7500098F80030184488F80000D3E7B14B1B78D4
:10E76000002BC5D12046E9F74DFBC1E7DFF8F89251
:10E77000F3F7E2F899F80070002F40F05284DFF8C8
:10E78000EC8298F80030002B40F0AA84A64AA74BF0
:10E790001178D5F8E824B3FBF1F313449C42FFF45D
:10E7A00050AFC5F8E844E9F709FC4AE7DFF8C0C212
:10E7B000DCF80020002A3FF41DAED5F8843340F683
:10E7C000B731E31A8B427FF615AE95F88033002BF4
:10E7D00000F02384013BDBB285F88033002B00F08E
:10E7E000678295F8887395F8893312F8011B904871
:10E7F00001330F44CCF80020006885F8887385F851
:10E80000893309F005FAF3E58A4B4FF47A728A49A5
:10E8100000201B88497A894F053302FB01F2DFF89B
:10E8200054E2D7F800C0D5F87813AEFB03E3DFF865
:10E8300048A2ACEB0101DB088AF802009142AAF879
:10E840001E30AAF814308AF8040080F0D8827C4B7D
:10E850007C491A689B6881FB0270D21781FB0371A7
:10E86000DB17C2EBA002DFF81482C3EBA103DFF8D1
:10E870001092AAF81C20AAF82030F9F757FC88FB60
:10E880000032C317C3EB621303F5FA73AAF81A3008
:10E89000F9F73CFC47F2305288FB0031C3170244C1
:10E8A0003030C3EB6113684912128AF822007833C2
:10E8B00009788AF823208AF82430880799F81430D8
:10E8C000624A937640F16382D9F80420042B604BAE
:10E8D00017464FEAE27C83FB0202D9F800B05D499B
:10E8E000CCEBA25C83FB0B03B9F80E204FEAEB7E66
:10E8F00001FB0C795848CEEBA35E039709EB49095D
:10E9000001FB0EB10CEB8C0C4FEA490901EB410104
:10E9100080FB09A30CEB8C0C4FEA41011F464FEA28
:10E92000E97380FB010A02EBC202C3EBA7404B4F25
:10E930004FEA8202034640B20EEB8E0E07FB1393A2
:10E9400000EB8C004FEAE179DFF838C10EEB8E0E58
:10E95000ACFB022CC9EBAA42CDF810E080B2914684
:10E9600007FB12124FEAE37188FB03A3DFF818A13B
:10E970004FEA9C1C354FC1EB6313BAF800E088FBEB
:10E98000021AF8734FFA89F987F813E04FEAE27236
:10E9900087F807C04FEA1020039FC2EB6A124FEAC4
:10E9A0001C2C4FEAD771294F4FEA1E2EB9734FEA3C
:10E9B000DB7B7B7488BF3321049F4FEA232398BFFE
:10E9C000322109EB8709214FBA81A7F80A90BB745D
:10E9D000387487F809B087F808C087F814E0F9762A
:10E9E000F9F7A4FB1E4B1A8888FB0038C3173A7747
:10E9F000C3EB681303F5FA7383F31003C3F3072221
:10EA00007B75BA75C5F87443A9E400BF6B7F01201C
:10EA1000997F0120B6800120BC80012009B7012028
:10EA200008B70120B17F012078800120A086010075
:10EA30005C7F0120607801203C780120301D01209E
:10EA4000887801206766666639780120F0800120A9
:10EA50006BCA5F6B806967FF83DE1B4340420F0018
:10EA6000DC7E0120C08001202B8101202A81012031
:10EA7000647F0120CDCCCCCCC48001201F85EB511C
:10EA800078390120D34D62103A780120C44A95F8B4
:10EA9000F034C5F8EC4412F8038018F0010F40F090
:10EAA000738218F0020F40F0028218F0040F40F059
:10EAB0002C8218F0080F40F0B88195F8F0343178C6
:10EAC0000133B3FBF1F201FB123385F8F03407E6B2
:10EAD000B44B1B68002B3FF437ACD5F86833B24A0F
:10EAE000E31A93427FF730ACB04F95F86C333A6835
:10EAF0000133C5F86843910785F86C3301F1A782AB
:10EB000012F0340F41F0948295F86C33120701F142
:10EB1000C78213F0070801F01982282B01F0B78390
:10EB2000A34B5E201B6898470EE4A24F386800286C
:10EB30003FF46AAC0023DFF8A88299469A468DF824
:10EB4000703009F03FF808B3B9F1000F1ED14FF053
:10EB50000109386809F02EF883B27E2B00F084801A
:10EB600098F80120002A37D195F88B13A1B11B2BFF
:10EB700085F88B234DD00D2B5AD0386888F801903A
:10EB800009F020F80028E4D14FF0000948461EAAF9
:10EB90001CA9E6F797FD37E47D2B00F0278195F857
:10EBA0008E2322B180F0200385F88E13DBB295F816
:10EBB0008A23062A16D8B5F88C13501C2A44194407
:10EBC00085F88A033868A5F88C1382F84C3208F06F
:10EBD000F9FF0028BDD1D7E7386808F0F3FF002817
:10EBE000B7D1D1E7B5F88C2388F801901344C3F36B
:10EBF000072252FA83F3FF2BA5F88C33ECD1386847
:10EC0000DFF8E0919DE7F1F737FAC5F86443FFF7C5
:10EC100096BB386808F0D6FF0028AED138688DF86A
:10EC2000709088F8019008F0CDFF002891D1ABE7F3
:10EC30003868A5F88C2308F0C5FF002889D1A3E720
:10EC400007F0A0F95C4A40F6B8331268801A98427F
:10EC500000F2DA81DFF8909199F804303A2B01F054
:10EC60008F8000233B70A8E438688DF870A085F889
:10EC70008AA385F88B9388F801A008F0A3FF0028E9
:10EC80007FF467AF80E74D4B186808F08FFF0028CE
:10EC90003FF493AC02220023B2703B708DE4E8F79E
:10ECA000E9FFDFF83C81012388F80030FFF784BBDF
:10ECB00095F8881395F8893341484A1C0133006858
:10ECC00085F8882385F8893308F0A2FFFFF790BB09
:10ECD0003C4B1B88580601F1FD81990601F11E830A
:10ECE0005A0701F1838313F0020F14BF4FF0080994
:10ECF0004FF00009344A354B92F80080DB7808F079
:10ED000001080BB148F002085320E6F7C1FC304B74
:10ED10001B8803EB8303580080B2E6F79DFC2D4B64
:10ED2000986880F3100080B2E6F796FCF2F754FE84
:10ED3000294BC0EB0020984201F3D081274BC2172A
:10ED400083FB00131844C2EB6023DBB2194638681A
:10ED5000039308F05DFF9BF8002049EA0808039B35
:10ED60000021386853408BF8003008F051FF4146CD
:10ED7000386808F04DFF9BF80010386888EA0101F8
:10ED8000C9B28BF8001008F043FFFFF7C9BB2D2371
:10ED9000D37637E6C5F87C4388F800A0FFF70CBBB4
:10EDA00024810120A87E012047E80100BC770120D2
:10EDB000C07B0120247B0120448D0120B8950120D7
:10EDC0005C7F01209678012094780120407E01200C
:10EDD0006078012088780120FFFE0300030820806E
:10EDE0009806012060B40120AC900120386885F8B5
:10EDF0008E9308F0E7FE00287FF4ABAEC4E6A74B85
:10EE00003A681B78C5F87823013B012B41F2CC818D
:10EE1000A34B1B78013B012B3FF619AD16220123B2
:10EE20008AF802208AF8043011E59E4889219E4B19
:10EE30000768A3F117021F9317F4006803F8181C62
:10EE40001E922CD1C24617F0040941F0518217F0EE
:10EE5000080141F04182954B0C272720DA1C5F7096
:10EE600098701EA81E920DF029FC49461EA80DF0B0
:10EE700025FC1E9B1EA800215A1C1E9283F80080B0
:10EE80000DF01CFC1EA800210DF018FC1E9B1EA8F6
:10EE90005A1C1E9283F800A0E9F758F80DE6844B3F
:10EEA0001B6A13F4006341F0A9829846CAE77E4BBF
:10EEB0001EAFDFF81C9240F689402521A3F1150210
:10EEC00023F8180C384603F8161CD9F800101F93C5
:10EED0001E920DF0DDFBD9F8041038460DF0D8FB7A
:10EEE000744BD9F808201B7813F0020106D0724B3E
:10EEF000D11783FB0232C1EB621189B238460DF0A3
:10EF0000DDFB3846E9F722F8CFE5674B1EAFDFF8A7
:10EF1000C09140F689402621A3F1150223F8180C70
:10EF2000384603F8161CB9F80E101F931E920DF008
:10EF3000C5FBB9F8101038460DF0C0FB1E9B99F8C0
:10EF40001410384603F1010C5C4ACDF878C01970F2
:10EF50005B4B1188A3FB0131C9080DF0AFFB594B86
:10EF6000384619880DF0AAFB524B38461B78C3F37C
:10EF70004002D9071E9B48BF42F00202591C1E9155
:10EF80001A70E8F7E3FF94E5474B40F68947484A93
:10EF90002320A3F115011F93D27A23F8187C03F8DC
:10EFA000160C1E91002A01F09C801EAFFAF7E2F8C1
:10EFB000014638460DF082FBDFF818913846B9F863
:10EFC00000100DF07BFBD9F808303F493846DA17BE
:10EFD00081FB0313C2EBA30399B20DF06FFB1E9AE2
:10EFE00000233846511C1E9113701E9A511C1E910D
:10EFF00013701E9A511C1E9113701E9A511C1E9163
:10F000001370E8F7A3FF4CE5B5F8963300220133FF
:10F010003A70A5F89633FFF7D0BAE8F73BFEFFF752
:10F02000E7B995F8E7645EBBDFF8AC80D8F86030EC
:10F030006BB3DFF898A0DFF8A4B00EE001373E44D0
:10F04000EFF31183502282F31288D8F86020D9B2EE
:10F05000964281F2E58081F3118818F80670701CE1
:10F06000002239464044E6F7D1F90028E6D09AF864
:10F0700000300122002B01F0EB8085F8E724DDE76A
:10F08000124B1B78002B01F0C28295F8E76489F8D7
:10F090000060C5F8E844FFF7D4BA00BFE6A4012039
:10F0A00060A50120BC770120CC7F0120B47F012026
:10F0B0003C780120397801201F85EB513A780120F6
:10F0C000CDCCCCCCDC7E01206766666668800120F2
:10F0D00078390120887801202C81012041840108A1
:10F0E000BE494FF0C80ABE4B1EA8A1F13F020093D3
:10F0F000BC4B01F840ACCDE91C21BB4ABB4910F028
:10F100007BFEDDF870902920EA2209F101031EA997
:10F110001C9389F800701C9B5E1C1C9618701CA820
:10F120001C9B5E1C1C960C261A701C9B5A1C1C9265
:10F1300083F800A00DF058FA1C9B013E03F1010278
:10F140001C921F70F8D11C9B01221CA899181C91BD
:10F150001E701C9B99181C911A701C9BA3EB090331
:10F1600089F80030E8F70EFF88F80060C5F8E84439
:10F17000FFF767BA9E490520DFF894E21EAFB1F9A8
:10F180000020B1F904A08EFB02C9B1F902C0D21768
:10F190008EFB0A184FEAEA7185F85932C2EBA902D0
:10F1A0008EFB0C9EC1EBA8039FED926A4FEAEC7CAC
:10F1B000914912B295F8B693ACEBAE0C09681BB24C
:10F1C00006EE902A07EE10CA002207EE903AF8EEFB
:10F1D000E66AB8EEC77ADFF824E2F8EEE77A1E9125
:10F1E00066EE866A229227EE067A239267EE867A88
:10F1F0002492CDED1F6AF0468DED207AAEF1040C1D
:10F20000CDED217A85F8AE0385F858920FCFA8E8A6
:10F210000F0097E8070009F1010741F6FE4341F6A8
:10F22000C86985F8B6731C27A5F856324FF6FF73E8
:10F23000A5F85A9288E807003A4601E01CF8012B2D
:10F240005A40E64582EA0212D2B24FEA121181EA2E
:10F25000132343EA022383EAC203EFD1674FA5F8E1
:10F26000543207F11C0117F8012B5A408F4282EAF1
:10F270000212D2B24FEA121080EA132383EA022369
:10F2800083EAC20293B212B2A5F85432EBD182F0F3
:10F29000270205F2562CDFF874E105F2762882EA9F
:10F2A0000212D2B24FEA121989EA132383EA022921
:10F2B00089EAC2020FFA82F9A5F85492A5F8789269
:10F2C000DCF800000CF1100C5CF80C1C77465CF8C4
:10F2D000082C0EF1100E5CF8043CC4450FC7EFD1AA
:10F2E000474FBCF8003007F12408AEF80030A5F80D
:10F2F000029417F8011F306808F08AFCB845F8D16D
:10F30000FFF78CB93F4B19221B6885F8AA23980692
:10F310007FF57CA93C4B1B78990741F10380DFF80E
:10F32000F49099F81430052B34BF4FF0020A4FF0D7
:10F33000030A06F027FED9F80820B9F810301EAFEE
:10F3400002EB8202B9F80E1003EB83031E90520009
:10F35000D9F800005B00049122924FF0000BADF849
:10F3600092304FF0FF312090B84699F81420DFF822
:10F370008CC0D9F80400049BE6468DF894A041F6B1
:10F38000FE6A2190ADF890308DF89520CDF87CB0D4
:10F390002391B8E80F00AEE80F0098E80F00AEE840
:10F3A000070095F8B613ACF10402AEF8003041F650
:10F3B000C80001F1010E904606924FF6FF731E221F
:10F3C000A5F856A2CDF814C085F859B285F85812A0
:10F3D00085F8B6E3A5F85A0220E000BF2880012096
:10F3E000CF910120D41F0508A41C0508B02A0508E8
:10F3F0002C3D012035FA8E3C301D012070B40120D7
:10F40000F3B50120BC77012039780120F4B5012043
:10F41000676666667839012018F8012B5A40C445A2
:10F4200082EA0212D2B24FEA121181EA132343EAAE
:10F43000022383EAC203EFD1C149A5F8543201F196
:10F440001E0011F8012B5A40814282EA0212D2B208
:10F450004FEA121C8CEA132383EA022383EAC202D6
:10F4600093B212B2A5F85432EBD182F01802B5492A
:10F4700005F2562C05F2762B82EA02128E46049192
:10F48000D2B2110981EA132383EA022383EAC2027A
:10F4900013B20793A5F85432A5F87A32DCF80000CD
:10F4A0000CF1100C5CF80C1CF2465CF8082C0EF108
:10F4B000100E5CF8043CDC45AAE80F00EED1DCF845
:10F4C0000000DFF88CA2CEF80000079BD346A5F819
:10F4D00004341BF8011F306808F09AFB9A4B5B4517
:10F4E000F7D106F04FFDD9F80830D9F8002083464F
:10F4F00003EB830309925B00D9F804200893079279
:10F50000F8F714FE8146E6F755F8089B002109EB51
:10F510008909099A21934FF01C0C4FEA4903CDF851
:10F5200078B0ADF89200BB46229342F2C810079B18
:10F530001F9241F6FE42209395F8B633DDF814E0B1
:10F5400085F8583201332391ADF8901085F859129F
:10F550000793A5F85622A5F85A02DDF81890BBE8E3
:10F560000F00AEE80F009BE807008EE80700079A3F
:10F570004FF6FF7385F8B623624601E019F8012BB8
:10F580005A40C84582EA0212D2B24FEA121181EA09
:10F59000132343EA022383EAC203EFD16848A5F8A4
:10F5A000543200F11C0110F8012B5A40884282EAC3
:10F5B0000212D2B24FEA121C8CEA132383EA02230E
:10F5C00083EAC20293B212B2A5F85432EBD182F0B0
:10F5D000680205F2562EDFF86CC105F2762B82EA3E
:10F5E0000212D2B2110981EA132383EA022383EAC9
:10F5F000C20213B20793A5F85432A5F87832DEF8A8
:10F6000000000EF1100E5EF80C1CE1465EF8082CAE
:10F610000CF1100C5EF8043CDE45A9E80F00EED1B9
:10F62000BEF80020D346049BACF8002003F1230968
:10F63000079BA5F802341BF8011F306808F0E8FAB0
:10F64000D945F8D1414B002195F8B6234FF6FF7C00
:10F65000209185F8582285F85912D3E90030CDE978
:10F660001E30501C43F2C81240F6FE4385F8B60324
:10F67000A5F85A22A5F856320C2397E80700059FF3
:10F6800087E80700069901E011F8013B83EA0C03C3
:10F69000884583EA0313DBB24FEA131282EA1C2285
:10F6A00042EA032282EAC30CEED1254AA5F854C2ED
:10F6B00002F10C0112F8013B83EA0C038A4283EA4F
:10F6C0000313DBB24FEA131080EA1C2080EA032008
:10F6D00080EAC3031FFA83FC1BB2A5F854C2E9D128
:10F6E00083F02703049ADFF85CE083EA031702F152
:10F6F0001308D5F85602FFB2D5F85A12D5F85E2293
:10F700004FEA1719D5F8623289EA1C2C8CEA072CCB
:10F710008CEAC707B5F866C23FB2AEE80F00A5F89D
:10F720005472AEF800C0A5F86872A5F8F2731AF822
:10F73000011F306808F06CFAD045F8D1FEF766BFBB
:10F7400070B40120F4B5012019B60120D47E012047
:10F75000F3B50120C8490A22C84B89781B6885F88F
:10F76000A723002940F0C98489468B460A4688466B
:10F770008A460F4604910591CDE90623F2F72CF94C
:10F78000059AC0EBC010DFF804C3ADF8802041F249
:10F79000FE614000079BADF87CA00DF1780A8CFB60
:10F7A000002C4FEAE07E1E9300236044069AADF8D9
:10F7B0007E804FF0160CCEEB6020ADF882208DF8E5
:10F7C0008C308DF88D0095F8B603049ADFF8B0827E
:10F7D00085F8593242F2C83385F858020130ADF845
:10F7E0008890C146ADF88A70A8F1040EADF8842067
:10F7F0004FF6FF77ADF886B0A5F8561285F8B60338
:10F80000A5F85A32BAE80F00A9E80F009AE80300F9
:10F81000634649F8040BA9F8001001E01EF8013B0B
:10F820007B40F04583EA0313DBB24FEA131282EA0E
:10F83000172242EA032282EAC307EFD19049A5F8D2
:10F84000547201F1160011F8013B7B40814283EABA
:10F850000313DBB24FEA131282EA172282EA032271
:10F8600082EAC3039FB21BB2A5F85472EBD183F0B6
:10F87000F403D5F85602D5F85A1205F2DF3883EAB8
:10F88000031CD5F85E22DFF808E25FFA8CFC4FEA31
:10F890001C1383EA1727D5F8623287EA0C2787EA18
:10F8A000CC0C05F2FD37AEE80F000FFA8CF3D5F85B
:10F8B0006602D5F86A12D5F86E22A5F85432A5F87A
:10F8C0007232AEE80700A5F8FC3318F8011F306863
:10F8D00008F09EF94745F8D1FEF790BE694B49F60E
:10F8E000074248F6034719211B6885F8A61313F051
:10F8F000080F18BF17465A0703D547F4005747F0BB
:10F9000008079B0603D547F4804747F020075E4B66
:10F910001B78022B40F20C8564224FF0FF3A4FF027
:10F920000009C7F3090100238DF896200DF178082E
:10F9300020914FF4E472DFF848C141F6FE71ADF852
:10F940008690ADF888A0ADF88430ADF88A30ADF877
:10F95000943085F85932A5F85612A5F85A2295F830
:10F96000B6E3CDE91E77CDE923336746B8E80F004B
:10F970000FC798E80F000EF101084FEA134907C7B7
:10F98000ACF1040127F8023B1F2287F800904FF6E4
:10F99000FF7385F858E285F8B68301E011F8012B72
:10F9A0005A408C4582EA0212D2B24FEA121080EA23
:10F9B000132343EA022383EAC203EFD13048A5F8B8
:10F9C000543200F11F0710F8012B5A40B84282EA66
:10F9D0000212D2B24FEA121181EA132383EA022300
:10F9E00083EAC20293B212B2A5F85432EBD182F08C
:10F9F0007C0205F25627DFF898C005F2762E82EADF
:10FA00000212D2B24FEA121888EA132383EA0228BC
:10FA100088EAC20293B25FFA82F84FEA1329A5F886
:10FA2000543285F87B8285F87C923868103757F815
:10FA30000C1CE24657F8082C0CF1100C57F8043C4B
:10FA40007745AAE80F00F0D13868DFF848A0CCF875
:10FA500000003B790AF127078CF8043085F805840B
:10FA600085F806941AF8011F306808F0D1F8574558
:10FA7000F8D1FEF7BBBD00BFA4360120301D012028
:10FA800070B40120BC7701203D7E01200308208056
:10FA9000F4B50120F3B50120D14B05221B6885F890
:10FAA000AF239A0640F1D183CE4BDFEDCF7ADB89CD
:10FAB00008EE903AF8EEE88A68EEA78AF8F736FB87
:10FAC00008EE100AE5F776FDC84B6422C849D3ED6D
:10FAD000047AB8EEC88A1EAF4FF00009FDEEE77A4F
:10FAE000DFF810C3B84641F2FE4AADF88800E6469A
:10FAF00017EE903ADFEDBC7ACDED1F8AB3F5FA6FC1
:10FB000068EE277ACDF87890A8BF4FF4FA63CDF865
:10FB10008490CDED207AB3F57A7FA5F856A2ACF1AA
:10FB2000040ACDF814C0B8BF4FF47A73A3F57A7302
:10FB300002FB03F395F8B623A1FB031385F85822C3
:10FB40000132C3F38F1385F8B623ADF88A30B8E8D5
:10FB50000F00AEE80F00D8F80090002044F6C8214E
:10FB6000D04614224FF6FF73CEF8009085F8590264
:10FB7000A5F85A1201E018F8012B5A40C44582EA50
:10FB80000212D2B24FEA121181EA132343EA02238E
:10FB900083EAC203EFD19749A5F8543201F114006A
:10FBA00011F8012B5A40814282EA0212D2B24FEA86
:10FBB000121C8CEA132383EA022383EAC20293B263
:10FBC00012B2A5F85432EBD182F014028A49D5F86A
:10FBD000560205F2DF3982EA021E8C46D5F85E2213
:10FBE0005FFA8EFE0491D5F85A124FEA1E1B069456
:10FBF0008BEA132BD5F862328BEA0E2BACE80F00A0
:10FC00008BEACE0E05F2FB33D5F86602CB460FFA2F
:10FC10008EF2D5F86A12B5F86EE21C46A5F85422A9
:10FC2000A5F87022ACE80300ACF800E0A5F8FA23D0
:10FC30001BF8011F306807F0EBFF5C45F8D16F4BF4
:10FC4000069C1B78DB0740F1F4826D4B6D4A1B88E4
:10FC5000D27803F02603002B15BF00200120D0230B
:10FC6000C023002A14BF0521042104228DF87E3010
:10FC700095F8B6334FF0090CADF87C205A1C1E9055
:10FC80008DF87F10032040F6FE1185F8B623C822B8
:10FC9000DDF814E08DF8800085F858320023A5F8CF
:10FCA0005612A5F85A2285F859324FF6FF7397E895
:10FCB0000700AEE803008EF80020624601E01AF863
:10FCC000012B5A40D04582EA0212D2B24FEA1211F9
:10FCD00081EA132343EA022383EAC203EFD14549B1
:10FCE000A5F8543201F1090011F8012B5A40814264
:10FCF00082EA0212D2B24FEA121787EA132383EA8A
:10FD0000022383EAC20293B212B2A5F85432EBD1B5
:10FD100082F032020499DFF8E0C082EA021701F1B2
:10FD20001008D5F85602FFB2D5F85A12D5F85E225F
:10FD30004FEA171E95F864A28EEA1323B5F862E223
:10FD400083EA072383EAC707BBB2FFB2A5F85432A0
:10FD50001B0A85F8657285F86632ACE80700ACF8D6
:10FD600000E08CF802A085F8F03385F8EF7319F8FD
:10FD7000011F306807F04CFFC845F8D1FEF756BCAC
:10FD800099F802104846F3F751FA00287EF469AF5B
:10FD90001D4B186807F016FF00287EF409ACDFF849
:10FDA0007080042299F8033088F8022008EE103A97
:10FDB00095F8982398F803300592002B00F07B8487
:10FDC00098F80490114A09F10109DFF848B05FFA88
:10FDD00089F3994603EB430302EB830A25E000BF56
:10FDE000BC770120783901200AD7233CEC7D012023
:10FDF000D34D621070B40120F4B501209478012035
:10FE000096780120407E0120B895012058D9040839
:10FE100098060120547F012010F020FEA0B99AF826
:10FE200008300AF10C0AFF2B0ED05FFA89F349461D
:10FE3000584609F10109152B88F80430ECD9162B26
:10FE400002D1002388F8043098F804204FF00C0BFE
:10FE5000D94BDA490BFB023B01F1060A0391DBF8AF
:10FE6000081006920846049119F054FDDBF80CB016
:10FE70005FFA80F9584619F04DFD069A864659FA00
:10FE800080F0039B22F00F0C083002F00F0283F881
:10FE90000AC00EEBC90CD87118465A734A4683F84B
:10FEA0000EC05FFA8EF304990F3004931BF060FBD1
:10FEB000049B09F1090059461A4650441BF058FBAF
:10FEC000039AD37903F10109E3B103F1FF3C07324F
:10FED0005046002352FA8CFCDFF800E310F8012FA3
:10FEE0005A4084454FEA82034FEAD20183EA420333
:10FEF00001F0180183EA02034EFA01F283EA0203D9
:10FF0000DBB2EBD109F80A3018EE100ADCF796FEE6
:10FF100098F8039009F1FF395FFA89F988F803909E
:10FF2000B9F1000F00F08485059B0493039BA3495E
:10FF30009A78A34B186807F049FE0323049A88F8BF
:10FF4000023085F898233B70FEF737BBFF20E5F7BA
:10FF50008BF8002800F045820378FF2B00F04C82DC
:10FF600090F901100220DFF878A2E7F7B1FE954B77
:10FF70009FED957A0320D3ED007AC7FE877AFDEED8
:10FF8000E77A17EE903A19B2E7F7A2FE9AF809302D
:10FF9000002B40F004823B68980640F1B281DFF804
:10FFA0003082D8F82030990400F16F82DFF8349263
:10FFB0005B0500F1A382B9F8123095F86C23B3F514
:10FFC000967F99F8141006D9100704D442F20F71E5
:10FFD0009942A8BF194698F80730002B40F00A82D2
:10FFE000A1F120039FED796ABEEE007A07EE903A08
:10FFF000F6EE006AF8EEE77A67EE867AF5EEC07AFA
:020000040803EF
:10000000F1EE10FA58BFB0EE667A77EE877AFDEE21
:10001000E77A17EE903A19B20520E7F759FED8F8BB
:100020002030DA0400F1068295F86C33FEF775BDD6
:10003000DFF89C81D8F820301B0500F1A98195F8E4
:100040006C33980700F083813A68FEF75FBD604B20
:100050001B6A13F0700F3EF453ADDFF88C914FF034
:100060002408A9F1480AF9EC017A40469AED007A91
:1000700008F1010867EE877A5FFA88F8FDEEE77A03
:1000800017EE903AC3EB431103EB8103D90009B299
:10009000E7F71EFEB8F1270FE5D13A68FEF730BD4D
:1000A0004B4A126A90057EF534AD13F003087EF4D6
:1000B00030AD484A0A231420B2F9041091FBF3F141
:1000C000E7F706FE41461C20E7F702FE95F86C3381
:1000D000FEF71FBD4FF02409FEF70CBEFF23FEF70D
:1000E00035BE3D4B1EAF198838460CF0E7FAFEF7D7
:1000F00063BF07F057FDFEF775B9DFF8F0C00129BF
:10010000DCED007AFCEEE77A17EE902A1FFA82FA0D
:1001100040F2A284DCED017A0229FCEEE77A17EEC8
:10012000902A1FFA82F800F08582DCED027A03291A
:10013000FCEEE77A17EE902A92B2059200F0A084C6
:10014000DCED037A0429FCEEE77A17EE902A92B2EE
:1001500000F09184DCED047A0529FCEEE77A17EED5
:10016000900A80B2049000F08284DCED057A0629C2
:10017000FCEEE77A17EE900A1FFA80FB00F0748419
:10018000DCED067A0729FCEEE77A17EE900A1FFAF3
:1001900080F93FF4F1AADCED077AFCEEE77A17EE7E
:1001A000901A8FB2FFF7E8BA102202238AF80220D1
:1001B0008AF80430FEF74BBB50D90408903901206F
:1001C000B89501205425002000000000E4380E3FBF
:1001D0003C7801202C3D0120607801200007090EA9
:1001E000687801207839012044250020EC7D012029
:1001F0008A2835D1CC4B1B6899067EF5DDA899F885
:100200000030002B7EF4D2AADFF868C32D22C74B42
:1002100085F88023CCF80030DCF80020FEF7D1B858
:10022000002295F8E764C8F8602081F31188FEF792
:100230002EBFBF4B03211B8803F02603002B15BFE5
:1002400000200120502340230FE5DFEDBA8A35E47A
:1002500059463A20E5F72CF885F8E704FEF7EEBE9C
:100260008E287EF4A9A899F80030002B7EF49EAA6F
:10027000DFF800C32D22B04B85F88023CCF8003086
:10028000CAE74FF00108DFF8F092FEF716B9AB4B62
:100290000022AB4917201F68AA4BA1FB071785F85E
:1002A0006C23BF09A3FB07284FEA5818A3FB0823B8
:1002B0005B09C3EB0313A8EB8301C8EB0818090221
:1002C000A7EB880809B2E7F703FD18200FFA88F1B9
:1002D000E7F7FEFCFEF724BC9B4B1B6A13F400738C
:1002E00000F08180994B4AF0010A9988FEF7B3BD6E
:1002F000954B1B6A13F4806340F088809946FEF7A3
:10030000A6BD1F077FF590AE914A1EAB92E8030091
:1003100083E803001846E7F7F1FC85E64FF014097F
:10032000FEF7E8BC4FF0010ADFF84C92FFF701B886
:10033000884B5A7A002A40F0CE809B7A002B40F0FE
:100340008081994664224FF0FF3AFFF7EABAD8F865
:10035000202051057FF578AEF7F7E8FE7E4BD5F803
:1003600068134FF0640A99428CBF81464FF0000930
:10037000102099FBFAF80FFA88F1E7F7A9FC0AFBBD
:100380001891212009B2E7F7A3FC95F86C335BE6DE
:10039000F7F7BCFE01463020E7F79AFC4FE6DFF89E
:1003A000A881D8F82030D90700F1E8809AF80A30FF
:1003B000002B3FF4F0ADD8F820309A0700F14E81C1
:1003C000D8F820305B077FF5E6ADBAF80C30002B8B
:1003D00000F03C83F8F7DAFE01B20420E7F778FC7E
:1003E000D9E50146BEE51946FEF735BD4FF00C09CB
:1003F000FEF780BC09B20FE64146B3E5F7F786FE8B
:100400004FF0040A5FFA80F8FEF71DBDF7F78EFE85
:10041000524A534B4FF0640990424AF0020AA8BF77
:1004200010469842B8BF184690FBF9F01FFA80F9C1
:10043000FEF70DBD4B4A00231278CDE91C3393071C
:1004400000F1ED8095F87033012B00F0E880B8F9E9
:1004500000301EA8DFED446A07EE103AB8F902300A
:1004600007EE903AB8EEC77AF8EEE77A27EE267AEA
:1004700067EEA67ABDEEC77AFDEEE77A8DED1E7ABD
:10048000CDED1F7AE7F73AFCCEE5364ADFF8E89083
:100490001278920740F1DC804FF4F367B9F80E1040
:1004A000324B112007FB01F1B1FBF3F109B2E7F781
:1004B0000FFCB9F80E306421192007FB03F3B3FBDE
:1004C000F1F3B3FBF1F201FB123109B2E7F700FCE3
:1004D000D8F820306CE526499A7A0B8803EB830321
:1004E0004FEA43091FFA89F9002A40F0C1804FF012
:1004F000FF3AF8F74BFE42B2FFF713BA194B1B78DD
:100500009F0740F1A880D9F808A04FF0640B0120A4
:100510009AFBFBF739B2E7F7DBFB0BFB17A10920CE
:1005200009B2E7F7D5FB46E5BC770120F080012052
:100530009678012000000000C4800120301D0120B9
:10054000D34D6210898888883C7801202C3D012099
:1005500050D90408687801203F4B4C0000D430008B
:10056000002CCFFF397801200050C347A08601003E
:1005700060780120647F012078390120DFF8209322
:1005800099F80030002B40F08380DFF8FCB21A4667
:100590001901A5F86E33C2F30323062089B241EA9C
:1005A0000221194309B2E7F793FBBBF800304FF083
:1005B0000A0CB5F86E13053398F80800013199F864
:1005C00000200128A5F86E13B3FBFCF399B253D0B9
:1005D00001EB810398F80B101FFA83F911B10AB1EE
:1005E000B9FBF2F964233A20B9FBF3FB0FFA8BF164
:1005F000E7F76EFB64233B2003FB1B910A2389B2C0
:100600000531B1FBF3F109B2E7F762FBCEE69B4996
:100610003A20E4F74DFE85F8E704FEF736BD0121E8
:100620001CA8D9E9002385F87013CDE91C23E7F74E
:1006300065FBF9E4B946BB463A4604970597FFF7D0
:100640009BB88F4B91466422B3F900A0FFF769B9BC
:100650005B057FF5B0AC4FF0000A56E7884A0A23E5
:100660002820116891FBF3F109B2E7F731FBA7E607
:10067000834BB3F900A03CE798F80B0018B112B116
:10068000B3FBF2F399B209B23920E7F721FB8DE60B
:10069000B5F86E234FF0640CDFF8ECB15800B2FBF4
:1006A000F3F103FB1121BBF800200CFB02328BB2EB
:1006B000B2FBF0F26CE7734B4FF47A7EDFF8E49113
:1006C0009A89D9F8000006EE102AD9F80420059E70
:1006D00082EAE27193ED147AD3ED137AB8EEC66A2A
:1006E00093ED125AA1EBE27180EAE07306F0F00B91
:1006F0005214C7EE066AA3EBE0730BF1100C02F480
:100700008042401407915FFA8CFC5D4900F4804000
:1007100087EE867A0C925C4A049612885B4E0990AA
:10072000C5EE067A086806F10D0A896886F80AB0EF
:10073000CDF818C0B9F810B002FB00FC05321991D1
:10074000CDF84CB0D9F80810B9F80EB0189299F855
:1007500014904F4A1A90CDF82C904E48B2F9009060
:10076000089303964C4BCDF854C01491CDF840B08B
:10077000CDF84890B0F80090079E0898DFED475AF2
:10078000DFF824C127EE257ACDF8449066EEA56AFD
:10079000DFF818B167EEA57A1B94BDEEC77AFDEEBF
:1007A000E66AFDEEE77AB0FBF3F2B6FBF3F103FB8A
:1007B000120016EE909A03FB11630C9E0FFA89F952
:1007C00031430626CDF85C9006FB00F041F4005161
:1007D00006FB03F3099E89B2BCF90490324317EE7D
:1007E000106A0D9136B2CDF82890B3FBFEF3169641
:1007F0009BB2BCF902600C93099696B2B0FBFEF274
:10080000159891B2189A0F96BCF900600E9108964F
:10081000049E90FBFEF307930A23B2FBF3F31893B5
:1008200017EE903A1BB21593069BB3427DD906EBA7
:100830004603D146721E0BEB83031C7C44EA06136D
:1008400009F8013B1346142B00F2EF80DFE813F0A8
:10085000C000BE00BB00B900B700B500B300DF00A8
:10086000DC00DA00D100C800C600C400C200ED0000
:10087000E700E500E300E100300000BF418401082B
:1008800088780120FC240020607801209039012024
:10089000DC7E01203A7801208096980000007A449E
:1008A0005A8D0120783901202C3D012050D90408AF
:1008B00017980BEB0402034692F81021012A10D975
:1008C000A2F1020C4A465FFA8CFC0CF10200824451
:1008D00002F8013B52454FEA1323F9D10CF1010C08
:1008E000E144092C00F09D800C2203F09F0309F1E4
:1008F000010A02FB06B2527C1343304689F80030ED
:10090000E7F76AF9059B064683420ED200EB4003E7
:100910005E4A0BEB8303AAEB02021B7C5B4493F859
:1009200010311344102B7FF77FAF584B0398AAEB7D
:1009300003031B9CDFF864A1DBB204969A1DD2B2BC
:1009400042F0400102F1010EC171EAB105330AF132
:100950000101D446002251FA83F3DFF844911CF8D8
:10096000011F514063454FEA81024FEAD10082EAFC
:10097000410200F0180082EA010249FA00F182EA1D
:100980000102D2B2EBD1049618EE100A0EF80A203A
:10099000DCF754F998F80530002B7FF4C7AA3C4BDC
:1009A0001B6899067FF5C2AAE7F70AF9012388F8C0
:1009B0000530FFF7BBBA09987BE7089879E70798F5
:1009C00077E7199875E7F7F7B1FB72E71A9870E7C0
:1009D00018986EE712986CE711986AE7109868E724
:1009E0000E9BA5F89C330F9BA5F89E33D5F89C036E
:1009F0005FE70C9BA5F89C330D9BA5F89E33D5F8BB
:100A00009C0356E70B9854E7F7F780FB51E70A98E9
:100A10004FE716984DE715984BE7149849E7139858
:100A200047E7DBB209F1010A67E74FF0FF3040E723
:100A30003368184A1806127804927FF577AA484658
:100A4000E7F7E4F888F80590FFF770BA124B996859
:100A500081F3100109B2C0E4B946BB463A46B84634
:100A600004970597FEF788BEB946FEF785BEB946DE
:100A7000BB46FEF781BEB946BB460497FEF77CBE77
:100A8000B946BB463A460497FEF776BE9D3901202B
:100A9000BC770120587F01208878012096390120F9
:100AA0000007090E5D4B1B681B0700D4704770B52B
:100AB00004465B48DAF706F800286ED1594E5A4DC5
:100AC0007368304605F59F619847002865D0B5F9F1
:100AD000F83496F8CC1006EE903AB5F9FA340929B4
:100AE00007EE103AB5F9FC34F8EEE66A4F4D07EE22
:100AF000903AB8EEC77AF8EEE77AC5ED006A85ED70
:100B0000017AC5ED027A52D028461BF081FE484B8F
:100B10001B7823B3474B95ED006AB3F9082006EE26
:100B2000902AB3F90A20B3F90C3007EE102AF8EE38
:100B3000E66A07EE903AB8EEC75A95ED017AF8EEFC
:100B4000E75AD5ED027A76EE666A37EE457A77EEA9
:100B5000E57AC5ED006A85ED017AC5ED027A364B7E
:100B60001868C0B1201A354A904226D9344A00216B
:100B7000344C951D3448196032F9023B34F9021B9C
:100B80005B1848BF0133AA424FEA630320F8023BD7
:100B9000F2D10FF027FF2D4A04E02D4B01214FF435
:100BA0007A7219702B4B1B681B681A6170BD06F1B5
:100BB000D00128461BF014FEA9E7002007F060F8DA
:100BC0001A4A1F4902F10C001E4B31F9024BF2EC9C
:100BD000017A07EE104ABDEEE76AB8EEC77AF0EE8A
:100BE000466AF4EEC77AF1EE10FA03D516EE104A13
:100BF00021F8024CB3F9004007EE104AB8EEC77A6C
:100C0000F4EEC77AF1EE10FA02DD16EE904A1C807F
:100C1000904203F10203D8D1BDE700BFBC770120A9
:100C2000F42E0120E82E012014B201208486012038
:100C30007C920120749101208C9101207FC3C90115
:100C400090910120989101207C910120A0860100C3
:100C50006C25002070220020954B1B685B0700D498
:100C600070472DE9F04FDFF87C8283B0914F044646
:100C700098F80030BE79372B01D18F4B1E608F481A
:100C8000D9F720FF002840F0BD80BB79042B00F28B
:100C90000281DFE803F06C8C81980300DFF81C927E
:100CA000D9F8B83048469847002800F0A580844D10
:100CB000DFF834A2D9F8BC3005F5A06105F2045084
:100CC0009847D5F804B5D5F80025BAF80030C9E939
:100CD000302B002B40F09E8007EE90BA9FED790AF2
:100CE000DFED790AF8EEE77A019227EE800A19F033
:100CF00019F9F7EE007A05F5A163DFED746A77EE76
:100D0000C07A93ED007A97EEA67AB0EE470A19F012
:100D100087F8019AC9F8C80099F89C1098F8003033
:100D2000002914BF02210521372BB97105D1624971
:100D3000D9F8C830C1E9012BCB60B9F89E8005EB2A
:100D4000860605F01FF9001BD6F80C359842BB79D2
:100D500005EB830588BFC6F80C05D5F80C051BF01C
:100D600027FDB8F1000F3CD103B0BDE8F08FDFF8EC
:100D70004C91D9F8A8304846984700283CD0012328
:100D80004FF47A78BB71B9F89E30434527D0504B69
:100D900001224B4D1A70D2E7DFF82091D9F8B0301C
:100DA000484698470323B9F8A080BB71EBE7DFF80A
:100DB0000C91D9F8AC3048469847E8B102234FF47B
:100DC0007A78BB71DFE7DFF8F490D9F8B4304846A1
:100DD000984788B104234FF47A78BB71D3E7384D34
:100DE000ADE743460A2BB8BF0A233A4A1268126895
:100DF000136103B0BDE8F08F374B01224FF47A78CE
:100E00001A70C0E70122324833494FF47A730270F6
:100E10000A70EAE73149088800F1010C8342A1F821
:100E200000C00ED907EE90BA2D4BF8EEE77A93ED9D
:100E3000007A77EE877AC3ED007A0023C9F8C830CC
:100E40006AE707EE903A26489FED1E7AF8EEE77AB9
:100E5000D0ED006ADFED1C0A019286EEA70A20EEB3
:100E6000070A19F05FF8F7EE007A9FED187A002371
:100E70001A4905F5A16077EEC07ADFF870C00B80E3
:100E80000121019A67EE877AAAF800308CF80010E9
:100E9000C0ED007AD1E7DFF82480094DD8F8A430FE
:100EA000404698470023B8F89E80BB7147E700BFD3
:100EB000BC77012098060120BC0100201C2E0120D7
:100EC00014B2012008942537B1DC423ED048874A4D
:100ED0006C2500207022002070250020D0AF01205A
:100EE000D4AF0120B4010020E4A40120E3A4012038
:100EF00010B50A4C2378022B03D0012B08D0002018
:100F000010BDE0F799F90028FAD12378012BF6D12A
:100F1000034B1868003818BF012010BD008601205F
:100F20001486012008B50B4B1978012909D0022934
:100F30000BD031B105F026F8074B084A0344136083
:100F400008BD002007F08CF8F4E7002006F098FEBA
:100F5000F0E700BF82A7012020A1070084A701209D
:100F600010B50446204606F021FE00B110BD0A204F
:100F700006F0DEFDF6E730B500230C25074905FB3A
:100F800003F462186458A04203D00133092BF6D150
:100F900030BD0023C362C2E90033F9E748AD012048
:100FA00038B1036813EA020003D0194214BF0120CC
:100FB0000020704738B1036813EA010003D08B4268
:100FC0000CBF01200220704770B500230C250B4C8C
:100FD000092BDAB203D10A4B00201A700AE05E1C1A
:100FE0006B43013219191B59D2B2184203D0044B7A
:100FF00008461A7070BD3346EAE700BF583C01202E
:10100000D8AC0120084A0023114610B592F90840D7
:10101000844205D001330C32092BF7D1002010BDDA
:101020000C2000FB0310FAE748AD01200E4A08B57A
:1010300092F82435FD2B11D0FE2B0DD192F82535D9
:1010400001209840FFF7C0FF30B190F90400FFF78E
:10105000D9FF08B1006808BD002008BD92F9250538
:10106000FFF7D0FFF5E700BF14B2012010B504462A
:10107000FFF7DCFF00B104B910BD21460022DBF709
:10108000C1FC2DE9F04F85B0044617469846029101
:10109000FFF7B8FFDDF8389006469DF83CA09DF8B4
:1010A00040B020B90022104605B0BDE8F08F456879
:1010B000002DF7D11E2C00F0838074DC052C1DDC84
:1010C000002CEFDB5B4652464946E0B215F028F9AA
:1010D0000028E7D0012180F804A0C0F8089080F82B
:1010E000A41180F805B00390C0E90755C0E909557F
:1010F000C0E90B7815F082FA039A4EE0142CD1D196
:101100001B2006F0CBFD08B12923C3801C2006F06C
:10111000C5FD08B12923C3802F4DDCF751F9D5F85F
:101120008C3213B10023C5F88C322C4F4FF00109DB
:101130004FF00008C5F8887285F8749285F8008031
:10114000D9F7F2FE264B274A1978A7F138031C3746
:10115000494518BF1346C5F89472C5F88C32D5F8C6
:10116000A85295F8BC334B4512D02B68032085F864
:10117000BC93D3F8042822F00202C3F80428E3F752
:10118000E5FE2A68936843EA0903936085F8BC8307
:10119000154A164B02F5A5621360029B82F838408F
:1011A000C6E900237FE71F2C7FF47CAF42464B4605
:1011B00039460120CDE900ABF7F740FE024608E0D2
:1011C00042464B4639462846CDE900ABF7F736FE96
:1011D0000246002AE1D165E7841A0120D8060120E1
:1011E000CC1D01207800012014B201206CDA040823
:1011F00038B5094C251D14F8010BFF2803D0F7F76B
:101200008FF8014610B9AC42F5D100211520BDE898
:101210003840F8F783B900BFFC36012016280CD8F7
:1012200000EB4000064B03EB800090F84C0128B126
:101230000123013803FA00F070470020704700BF17
:1012400050D90408002010B5044606F0C7FE074B2D
:10125000074A1C701470FFF765FE064BC3F87C4507
:10126000A3F88045C3F8844510BD00BF82A70120C4
:10127000687E012014B2012000283BD038B51E4BF7
:1012800004461B689B0303D51C4B1B78032B2CD0F7
:101290000B20F7F7A7F8034638BB01221849944200
:1012A00008D00133172B03EB43021DD011F8222085
:1012B0009442F6D1134AD2F88405C8B1124C03EB1C
:1012C00043014578580004EB810191F84D11A94282
:1012D0000AD203440A48002100EB8303A2F88015D8
:1012E000C2F88435C2F87C1538BDBDE83840A9E79E
:1012F0005800EEE7A6E700BFC4AF01203D7E012005
:101300009CDA040814B2012050D904082DE9F843EE
:1013100005460A20F7F766F8002866D00A20FFF78E
:10132000ABFF6F4CD4F88465D6B1D4F87C35AB42B2
:1013300000F28C80DFF8E88198F8003093B1736890
:10134000B4F88075DB5D002B40F08580002342F20D
:101350001072013702FB0355A4F88075C4F87C5560
:10136000BDE8F8835F4B1B7813F001030FD15E4A91
:10137000117800297ED05D4A01E099427ADDF2ECD5
:10138000017A0133F5EE407AF1EE10FAF5D0B4F8B7
:1013900080757368DB5D002BD8D033784FF001097E
:1013A000534A013B126809FA03F3134200F08B80A1
:1013B000504B01221A70FFF7B5FD6FB933785A1FF1
:1013C000012A01D9162B07D104F0DCFD4A4BD4F8D1
:1013D0008465B4F8807518607368DB5DFE2B67D197
:1013E0000023A4F88035BDE8F883444B1B681F0632
:1013F00097D51020F6F7F6FF002892D03C4B1B68DB
:10140000DE058ED43E4B1B789C078AD53D4B187D5C
:10141000042886D93C4A40F60521022305261746B2
:101420000A24118005E002339670D4700232402BFA
:1014300053D0C3F346018842F5D8591E3224FF2207
:101440000E207C54FA54FFF717FF6AE72F4B012256
:101450001A70BDE8F883002006F0C0FD0023254A7D
:1014600088F800301370FFF75DFDD4F88465B4F898
:101470008075B1E733780A2B20D0022B87D11C4A24
:1014800093689B0783D4224B22481B68EB1A834244
:101490007FF67DAF204B1B68002B7FF478AF1F4E8B
:1014A000FF201279356008F08BF8D4F884656EE778
:1014B000FF2B7FF44CAFBDE8F843C3E60C4A9368BA
:1014C0009805E0D563E7484606F088FDB4F88075D6
:1014D000D4F8846588F800906AE73F21AEE700BF42
:1014E00014B2012094780120E4240020A4010020FB
:1014F000C4AF012082A70120688601204C39012059
:10150000397801207839012098A701207025002022
:101510005CA70120804F12008CA7012088A7012022
:10152000687E012042000C490023402A70B428BF85
:10153000402202264D1E1424CE5402339342EC5412
:10154000FAD300284FF0FF034FF00E0008BF02222D
:101550008B5470BC90E600BF98A7012010B5064CD4
:10156000228822EA00039342238003D00120FFF760
:10157000D9FF2288104610BD9678012010B5064C80
:10158000228842EA00039342238003D00120FFF720
:10159000C9FF2288104610BD96780120024A1368C0
:1015A00023EA0000106070470C7B0120024A136898
:1015B00018431060704700BF0C7B01202DE9F04FED
:1015C0002DED028B9BB00D4614460646B1F90880FE
:1015D00000AF9946B8F1820FA2F8088047DCB8F155
:1015E000530F5DDC4246013A92B2372A00F2F9838A
:1015F00008F1FF33372B00F2A580DFE813F0E2009B
:10160000F300FB000D01BD01A300A300A300A30094
:10161000A300A300A300A300A300A300A300A300B2
:10162000A300A300A300A300A300A300A300A300A2
:10163000A300A300A300A300A300A300D801A3005C
:10164000A300A3001502A300A300A3001D02A30092
:10165000A300A300A300A300A300A300A300A30072
:10166000A300A300A300A300A300A3003E02B8F1BF
:10167000B80F00F0D283B8F1FE0F46D1A74D05F1A7
:10168000200655F8041F20460BF002F8AE4260D049
:1016900055F8041F20460AF0FBFFAE42F1D158E096
:1016A000A8F154032E2B4DD8DFE813F00E024C00A6
:1016B0004C004C004C004C004C004C004C004C00CA
:1016C0004C004C004C004C004C004C004C004C00BA
:1016D0004C004C004C004C004C004C004C004C00AA
:1016E0001A024C004C004C004C004C004C004C00CA
:1016F0004C004C004C004C004C0044024C004C0090
:101700004C004C006802A9025600B8F1A00F42F04C
:101710008A83834B104619680AF0BAFF814B204632
:1017200019680AF0B5FF804B204619680AF0B0FF2F
:10173000012080466C37A4F80A80BD46BDEC028BC0
:10174000BDE8F08F21464046FBF7D0F8002800F0B6
:10175000C58201208046EDE723682046734A5E1C5F
:10176000734D1178734A2660197091890AF0A6FFAB
:101770002B887149204605332268704EA1FB031364
:10178000511CDB082160FF2BA8BFFF231370B16839
:1017900081F3100189B20AF091FF3168204601F30C
:1017A0000F0189B20AF08AFF2368654A2046591C56
:1017B000127821601A7029880AF080FF0120804683
:1017C000B8E72368002501200B215E1C0222266059
:1017D0001D7023681D182560197023681918216071
:1017E0001A70A7E72046042256490AF023FF012079
:1017F00080469FE723680425012003215E1C002208
:10180000804626601D7023681D18256019702368A6
:10181000191821601A708DE704224B4920460AF0FE
:1018200009FF002120460AF049FF23680022591CC5
:1018300021601A7009F020FF444B00281A780CBF71
:1018400017253725032A00F0F98223680922404929
:1018500020465E1C26601D7023685D1C25601A7082
:101860000AF0E8FE3B4818F055F82368024639496B
:101870005D1C204625601A700AF0CAFE364818F032
:1018800049F82368024634495D1C204625601A70D9
:101890000AF0BEFE314818F03DF8236802462F4991
:1018A0005D1C2046256004251A700AF0B1FE202236
:1018B0002B4920460AF0BEFE23682A4920465E1CBA
:1018C000294A26601D702368897B5D1C256019707C
:1018D00011880AF0F3FE254A254BB2F90A109B78CD
:1018E000B1FA81F1032B4FEA511104D9053B032BC7
:1018F00088BF41F0020120460AF0CAFE2368012099
:101900001C4A1D1892F8B815804625601970236886
:1019100092F8B925191821601A700BE7B801002058
:10192000107AF01F147AF01F187AF01F5A8D0120D8
:101930006078012068780120CDCCCCCC887801205B
:101940003D7E0120BC2A0508CF910120A43601204C
:1019500008200508ECAC01209CB7012004AD012053
:10196000ACB70120C8910120C8020020343D0120FD
:10197000BC38012014B201200B22A94920460AF0EC
:1019800059FE0822A74920460AF054FE0722A6491C
:1019900020460AF04FFE23680E2220465D1CA34914
:1019A00025601A700AF034FE01208046C2E6A04D80
:1019B0002046A0496A88236805325E1CA1FB02C24A
:1019C0002660C2F3C7021A702A88236805325E1C9B
:1019D000A1FB02C22660C2F3C7021A70AB8822685C
:1019E0000533561CA1FB03132660C3F3C703137012
:1019F000A9890AF063FE23686A7A2046591C21608F
:101A00001A702368AA7A591C21601A7069880AF032
:101A100055FE298820460AF051FE2046A9880AF082
:101A20004DFE0120804685E6834B204619680AF06A
:101A30002FFE012080467DE62368012506210A222B
:101A400058197E4EA846206020461D70236803EB7F
:101A5000050CC4F800C019702368591921601A7068
:101A600023685A1922601D7031880AF027FE20462B
:101A700071880AF023FE28465CE6236801220526C9
:101A80000A25981890460021206010461A70236895
:101A90009A1822601E702268694B1618266015700D
:101AA00022681518256011702268197815182560AC
:101AB00011702268597815182560117022689B787A
:101AC00011182160137035E62368012000221918CF
:101AD000804621601A702368191821601A7029E65F
:101AE000584D204653492B8822680533564EA1FB9A
:101AF0000313511CDB082160FF2BA8BFFF231370C9
:101B0000B16881F3100189B20AF0D8FDEFF764FFE4
:101B1000014620460AF0D2FD3168204601F30F014C
:101B200089B20AF0CBFD204629880AF0C7FD0120C2
:101B30008046FFE5454D204623682A78591C2160E0
:101B40001A7023686A78591C21601A7069880AF033
:101B5000B5FDA98820460AF0B1FDE98820460AF0C3
:101B6000ADFD236801202A7A1918804621601A7079
:101B700023686A7A191821601A70DBE5344B93F8F0
:101B8000008008F1020818F0FF083FF4E2AD314E82
:101B90000A25DFF8A090731EDFF8BCB0DFF8BCA008
:101BA000984417E0322D00F06E81A5F13C00C0B2E0
:101BB000132840F26F8123680022591C21601D7098
:101BC0002368B04503F1010121601A703FF4C1ADF3
:101BD00016F8015B0A2DE5D1BAF800104A1DA9FBE1
:101BE0000232D208236840F6FA1003F1010C814258
:101BF000C4F800C01D7040F25B81FF22E0E7144B87
:101C00001E78023616F0FF063FF4A3ADDFF850A0B1
:101C10004FF00A09DFF84C800AF1FF331E4440E020
:101C2000282005081C20050814200508D41F0508D5
:101C300068780120CDCCCCCC30AD012090A401201F
:101C4000B0A501206078012088780120C8770120A4
:101C5000E42400202D2E0508F8A401202CA5012045
:101C60002D2E0508A8A50120B9F1320F00F0F4804F
:101C7000A9F13C00C0B2132840F21C81002529467E
:101C8000236820465A1C226083F800900AF016FD53
:101C9000294620460AF012FDB2453FF45AAD1AF823
:101CA000019BB9F10A0FDFD1954B964A18789368DA
:101CB0002128116803EB830300F00A814FF6FF72BD
:101CC0005D009142A8BF11469542A8BF154621EA82
:101CD000E17125EAE57589B2ADB2D1E7B8F1770FC8
:101CE00001F02D8540F38480B8F1E60F42F00680C4
:101CF000D5E900239342FA6100F0AA807B63BB63BD
:101D0000D4E9009CACEB090808F1FF38B8F1000FEA
:101D100061DD0023F86907F1440A07F1340B9946A5
:101D20007E620AE028685FFA81F96B6883421FD0FF
:101D3000B8F1000F1CDDD4F804C0411C002352464A
:101D40002960594690F800E02668786AC7F848C0CC
:101D5000A7F83CE07E64FFF731FC7B6C09F10101E0
:101D600022689B1A013303F0FF03B8EB0308D9D5AF
:101D700063684946FA69C7F820902A607E6AD4F8F9
:101D80000090BB6439B35246FC614FF000084C46EA
:101D9000B246A94600E07C6C651C4FF000000023B1
:101DA00059467D6408F1010820705046D9F800605A
:101DB0007A6206F1010CC9F800C03678BE87FFF7D9
:101DC000FDFB7B6C7A6A5D1B3B6A98452570E2D10E
:101DD000FC69D7F844904FF00108C4F800904046E1
:101DE000A8E421464046FAF781FD00287FF4B1AC13
:101DF000B8F1440F01F07A84B8F1740F40F08A8092
:101E0000D5E900329A421FD100214FF00108204647
:101E10003D4AFAF7FBF840468CE43C4D10462968F1
:101E20000AF036FC23682A792046591C21601A7072
:101E3000A9680AF02DFC012080467BE45B780D2B1D
:101E400008BF45F0400500E55A1C2A601978DCE718
:101E50004FF0FF3840466DE4D8F804304FF6FF727B
:101E6000D8F8001003EB830391424FEA4305A8BF63
:101E70001146954221EAE171A8BF154689B225EACB
:101E8000E575ADB2FCE6BBF800104A1DA9FB0232B5
:101E9000D208A7E6E3F7E8F800283FF48CAE037811
:101EA0000A2B41F21C8423680022591C21601D70FA
:101EB000D2B285E6E3F7D8F800283FF4DFAE037826
:101EC0000A2B3FF6DBAE43684FF6FF728168C9E725
:101ED0004FF6FF7C5D00D2F80CE00A4661450C48E5
:101EE000A8BF62466545C160A8BF654622EAE272A6
:101EF000C0F808E025EAE57591B2ADB2C0E600BFD2
:101F0000B401002064A50120C57B0208C4AF0120F4
:101F1000BC010020B8F1470F01F01F84B8F1290F70
:101F2000D5F8009001F02C85B8F1390F01F07D85CE
:101F3000B8F1210F01F03785D5F804A0B8F1FA0FF8
:101F4000AAEB090301F38685B8F10A0F41F3228653
:101F5000A8F10B08B8F1EF0F00F24A81DFE818F0A2
:101F6000500B480148014801480148014801480117
:101F70004801480148014801480148014801480119
:101F80004801480148014801480148014801480109
:101F9000740B4801690B4801AA0B4801480148012C
:101FA000BC0948015006480137064801DE054801D2
:101FB000AE05480147054801FC04480148014801B5
:101FC0004801EB044801DF0448014801D1044801FD
:101FD00048014801480148014801C3044801AD04D3
:101FE0004801870448015C04480148011D04480178
:101FF0004801480148014801480148014801480199
:102000000F044801C00348017D0848014008480109
:102010002308480148014801480148014801480196
:102020004801480148014801480148014801480168
:102030004801480148014801480148014801480158
:102040004801480148014801480148014801480148
:102050004801480148014801480148014801480138
:102060004801480148014801DC074801AE07480122
:1020700016074801CD064801890648014801480174
:102080004801480148014801480148014801480108
:1020900048014801480148014801480148014801F8
:1020A00072094801330948014801480148014801C3
:1020B0004801480148014801940948019E02630211
:1020C00048014801480148014D02480139024801D0
:1020D00025024801480148014801CB019901150139
:1020E000480155011702F90148014801480103025E
:1020F00091014D014801F0004801260B4801FB0AFF
:10210000F00AD80AC30A6D0A3F0A4801FD0997037D
:102110004801480148014801480148014801480177
:102120004801480148014801870348014801480126
:102130004801480148016C0348010303DE02C00264
:102140000026C64900E0013691F800C028466645E1
:1021500080F204810AF036FAC14A8046BF49D2F8BB
:1021600000E09EF826000028EDD0DEF82090F0B2C6
:10217000C847A8F57A7CB949BA4B0028E3D0BCF52A
:102180007A7F98BF23F816C0DDE70026B64BD3F858
:102190000080013628460AF015FAB34B08EBC60258
:1021A0004FEAC609D3F80080508028460AF00AFAA0
:1021B00008EB0902AC4B90802846D3F800800AF067
:1021C00001FAA94B08EB0902D3F80080D080284619
:1021D0000AF0F8F9C844032EA34BA8F80800D6D19A
:1021E0004FF001081868F2F7E7FE4046FFF7A2BA81
:1021F0004FF0FF384046FFF79DBA112B01F08C8657
:102200004FF0FF384046FFF795BA09F10102DFF8B9
:1022100088A20026DAF800302A6099F800205A7265
:102220002B682846DAF80080194603F1010C08EB08
:10223000060208EB4608C5F800C003F1030C11F8CC
:1022400002EB013682F80AE0296059789173C5F8EB
:1022500000C09B7893740AF0B5F9042EA8F81A0010
:10226000DED12B684FF00108DAF8002003EB0801FB
:1022700029601B7882F82A30F5F780FF4046FFF787
:1022800059BA4FF0010828460AF09CF94046FFF77A
:1022900051BA09F101032B6099F80030002B01F0CD
:1022A0007486E6F7CDFF2B684FF001086F4E284685
:1022B00003EB08022A601B7833750AF06BF90346BA
:1022C000284633600AF066F90346284673600AF030
:1022D00079F964220346284602FB03F3B3600AF04F
:1022E00071F9634A014640461378F18143F00203D5
:1022F0001370FFF71FBAC3F34706122E80D84FF0B2
:10230000000807F1440905E00AF05CF929F8180013
:1023100008F10108B0452846F6DB564B324600214D
:1023200007F14405184604E035F811C0013120F8E2
:1023300002CB8E42F8DC002102E023F812100132B9
:10234000122AFAD101234C4A984618461370FFF717
:10235000F1B94A4B1B78DD0741F189844FF0010840
:102360004046FFF7E7B909F101032B6099F9003006
:1023700099F80000002BC1F2A98506284FF001084A
:1023800028BF002009F052FA4046FFF7D3B93B4B73
:102390001B78DE07E2D43A4B4FF4C8724FF00108C5
:1023A000A3F8A8204046FFF7C5B909F101032B6047
:1023B00099F80060032E3FF623AF28464FF001083E
:1023C0000AF000F9274B0246404623F81620FFF793
:1023D000B1B909F101032B6099F80060072E3FF6AF
:1023E0000FAF28464FF001080AF0ECF8254B0246E3
:1023F000404623F81620FFF79DB909F101032B6031
:1024000099F800601C2E3FF6FBAE28464FF00108FD
:102410000AF0D8F81C4B0246404603EB4603A3F8EB
:10242000DC20FFF787B909F1010318492B600A780E
:1024300099F80030002A41F0CE8304220A709B00F4
:10244000134A4FF00108138003F09CFD114B024624
:102450004046C3F8C027FFF76DB900BFE424002051
:10246000A0010020D4460020147B012078390120EF
:102470007F840120708C0120948C012094780120AD
:10248000F4430020D044002008270020948E01202F
:10249000968E012014B20120682500202846CF4ED8
:1024A0000AF078F8D5E900933060A3EB0902002A1E
:1024B00007DD09F101022A6099F800203271D5F890
:1024C0000090A3EB0903032B7FF748AF28464FF09A
:1024D00001080AF05FF803464046B360FFF72AB9E7
:1024E000BF4B1B78D8073FF58BAEBE4B4FF00108B2
:1024F000BD491B68BD4A81F80080990182F80080BF
:1025000001F1D884BA4B02224FF001089A730EF001
:1025100041F909F049FD4046FFF70CB9B54B93F876
:10252000C637002B7FF46CAED9F8000007F14405E4
:10253000D9F804104FF00108D9F80820D9F80C3068
:102540000FC5D9F81000D9F81410D9F81820D9F807
:102550001C300FC507F1440003F004FB03F0CEFB71
:102560004046FFF7E7B8A34E96F8C437002B7FF438
:1025700047AE09F1010807F1440AC5F80080414659
:1025800099F8009050464A46142AA8BF142218F021
:10259000EFFFB9F1140F01F285832A6807F1680390
:1025A000002107F1340B4B4402F10109584603F8AE
:1025B000241C4946C5F8009092F8008042460C2A37
:1025C000A8BF0C2218F0D4FFB8F10C0F01F26283FF
:1025D0002A6807F16803002107F12C00434402F147
:1025E000010903F8341C4946C5F8009092F80080B0
:1025F0004246042AA8BF042218F0BAFFB8F1040F1B
:1026000001F2408307F1680300225046434403F877
:102610003C2C03F0D9FA584603F0BEFA07F12C001F
:1026200003F0EAFA96F8C537002B41F027834FF004
:1026300001084046FFF77EB828466F4E09F0AAFF12
:10264000034628464FF001081D4609F0BBFF4FF432
:102650007A71024600233068C1FB0523121A6749CC
:10266000404663F10003C1E90023FFF763B8284641
:10267000634E09F0A7FF034628464FF00108F38197
:1026800009F0A0FF03464046B381FFF753B8284640
:102690005C4E09F097FF034628464FF0010833814E
:1026A00009F090FF03462846738109F08BFF03462B
:1026B0002846B38109F086FF03462846F38209F0D5
:1026C00081FF03462846338309F07CFF03462846F2
:1026D000738309F077FF03464046F381FFF72AB87A
:1026E0004B4609F10102484E28462A604FF0010886
:1026F00013F8022B72702B6099F80130737509F092
:1027000061FF2B6802462846F28003EB08022A602C
:102710001B78B37509F056FF03462846338109F04C
:1027200051FF03462846738109F04CFF03462846B3
:10273000B38109F047FF03462846F38109F042FFC1
:1027400003462846338209F03DFF0346284673833B
:1027500009F038FF03462846B38309F03FFF2846B7
:1027600009F030FF284609F02DFF284609F02AFF1E
:1027700009F080F8EDF792FB4046FEF7DBBF4FF023
:102780000108284609F02AFF2B6840461F4A1918FD
:1027900029601B781370FEF7CDBF1D4B1B78012BF2
:1027A0003FF6DCAD4B4609F101021A4E28462A607D
:1027B0004FF0010813F8022B32702B6099F80130AA
:1027C000737009F0FFFE03462846738009F0E2FEAD
:1027D000034640467360FEF7ADBF00BFC4AF0120A3
:1027E000947801204C3901206C25002070250020B0
:1027F000C891012014B20120301D0120C07E0120AB
:10280000343D0120D88401200C8E0120C0AF01206E
:10281000387801200086012009F101032B6099F826
:1028200000A0BAF1110F3FF6EBAC09F10203B24E72
:1028300028464FF001082B6040F2EE2599F8013050
:1028400006F81A3009F0BEFE40F6CA03192106EB5D
:102850004A028342A8BF03464046AB42B8BF2B465C
:10286000A3F2EE23B3FBF1F35370FEF763BF4B46C5
:1028700009F10102A14E28462A604FF0010813F821
:10288000022B32712B6099F80130737109F09AFEB6
:102890002B6802462846328003EB08022A601B7828
:1028A000B37109F08FFE2B680246404672801A18F9
:1028B0002A601B78F371FEF73DBF4B4609F1010218
:1028C0008F4E28462A604FF0010813F8022B327110
:1028D0002B6099F80130737109F05CFE03464046A5
:1028E0003362FEF727BF874B93F80080B8F1010FE2
:1028F0007FF434ADE9F7E0F911F076FE4046FEF7DB
:1029000019BF814A0023484600E02868411C013372
:102910002960082B017802F8011BF6D11EE509F1A8
:1029200001027A4B4FF001082A6099F800204046D6
:102930005A70FEF7FFBE4B4609F10101744A4FF091
:102940000108296013F8021B404691702B6099F82A
:102950000130D370FEF7EEBE0922B3FBF2F202EBB8
:10296000C2018B427FF44CAC5FFA82F8DFF8A4B16D
:102970004B46B8F1000F3FF4F1AC581C65490022FA
:10298000286093F9003003E00132092A3FF438ACA3
:1029900091F904000C319842F6D10C21284608F137
:1029A000FF3801FB02F65FFA88F80BEB060989F89D
:1029B000043009F0EFFD2B684BF806001A46591C4D
:1029C000D81C2960194612F8026B043389F8056097
:1029D0002A6013F8032C89F80620286013F8022CCB
:1029E00089F808202B60CA7889F80720C1E709F127
:1029F00001032B6099F800A0BAF11F0F3FF600AC5D
:102A000009F10200444B4FEA0A1109F10302286060
:102A100003EB0A1699F801004FF001084FF0000B84
:102A2000585409F104032A6009F1050199F80200DC
:102A300009F1060270702B6009F1070399F8030091
:102A4000B070296009F1080199F80400F0702A605B
:102A500009F1090299F8050030712B6009F10A03A8
:102A600099F8060070712846296099F80710B1712D
:102A70002A6099F80820F2712B6099F809303372B6
:102A800009F0A0FD03462846738109F09BFD2B68E1
:102A900002465046B28103EB08022A601B78C6F852
:102AA000BCB5B373C6F8C0B5F5F706FD0346C6F866
:102AB000C8B54046C6F8C435FEF73CBE4B4609F1E2
:102AC0000101114A09F10300296009F1040113F819
:102AD000026B4FF00108D6732B6099F80130137424
:102AE0002860404699F802305374296099F8033001
:102AF000D377FEF71FBE00BFF893012048A701203F
:102B00003C78012000860120C836012080A70120E2
:102B1000C8910120583C012014B2012009F10102A2
:102B20002A6099F800101F293FF66AAB092B7FF441
:102B300067AB09F1020009F1030309F1040209F18D
:102B4000050C286009F1060699F8018009F10700D3
:102B50002B6009F1080399F802E02A6099F8032034
:102B6000C5F800C0120499F804C02E6042EA0E2293
:102B700099F80560286009F1090099F806E042EA31
:102B800008022B6099F8073042EA0C6228601B04A7
:102B900099F808C0C54843EA0E2340F8312000EBFD
:102BA000C101334343EA0C634B60E6F71DF9D5E9F5
:102BB0000032D21A002A7FF7D1AB591CBC4A4FF021
:102BC000010829601B784046D370FEF7B3BDB74EAD
:102BD00006F140082846043609F0F4FC2B68A6F8F4
:102BE000FC00591C1A46296012F8021B86F8FE10D8
:102BF0002A605B7886F8FF30B045EBD1FFF7AEBBBB
:102C00004B4609F10101AB4E09F103022960284648
:102C100013F8021B4FF0010831722B6099F8013054
:102C200073722A6099F80230B37209F0CBFC034644
:102C30002846F38209F0C6FC03462846738209F051
:102C4000C1FC03462846B38209F0BCFC0346284673
:102C5000338309F0B7FC03462846738309F0BEFCB2
:102C6000284609F097FC284609F0B8FC4046FEF7D4
:102C700061BD4B4609F101018D4E09F10302296046
:102C8000284613F8021B4FF0010871722B6099F867
:102C9000013073712A6099F80230337209F092FCA6
:102CA00003462846F38009F08DFC2B68B0811A4654
:102CB00003EB08012960D91C12F8020BF0722A609C
:102CC0001A1D5878F0732960591D9878B0732A60DE
:102CD0009A1DD878B0702960D91D1879F0702A60D3
:102CE00003F10802587930714046296099793170B2
:102CF0002A60DB79B372FEF71DBD6F4E28464FF098
:102D00000108D6F8009009F05DFC2B68A9F8740062
:102D1000194603EB080032682860D81C11F8026BD2
:102D200082F876602960191D5E7882F877602860E5
:102D3000581D9E7882F878602960991DDE7882F8A7
:102D400079602860D81D1E7982F87A60296003F1C5
:102D500008015E7982F87B60286003F109009E79A2
:102D600082F87C60296003F10A01DE7982F87D60D7
:102D7000286010461E7A82F87E6029605B7A82F8AD
:102D80007F30F0F78BFF4046FEF7D4BC4A4E4B46EF
:102D900009F1010209F10301D6F800A04FF0010882
:102DA0002A6009F1040213F8020B8AF858002B601C
:102DB00009F1050399F801008AF85900296009F121
:102DC000060199F802008AF85A002A6009F1070200
:102DD00099F803008AF85B002B6009F1080399F861
:102DE00004008AF85C002846296099F805108AF8E2
:102DF0005D102A6099F806208AF85E202B6099F809
:102E000007308AF85F3009F0DDFB03462846D6F824
:102E100000B0AAF8603009F0D5FB03462846D6F882
:102E20000090ABF8623009F0CDFB03462846D6F897
:102E300000A0A9F8643009F0C5FB03462846D6F87F
:102E40000090AAF8663009F0BDFB03462846D6F884
:102E500000A0A9F8683009F0B5FB03462846D6F86B
:102E60000090AAF86A3009F0ADFB03462846D6F870
:102E700000A0A9F86C3009F0A5FB03462846D6F857
:102E80000090AAF86E3009F09DFB0346284635688D
:102E9000A9F8703009F096FB03463068A5F8723047
:102EA000F0F788FA4046FEF745BC00BF007C0120E1
:102EB000C47B0120C8360120147B012009F10103E5
:102EC0002B6099F800600F2E3FF69AA909F10203D2
:102ED000DFF86CA328464FF001082B6099F8013009
:102EE0000AF8063009F06EFB06F108030246284690
:102EF0002AF8132009F066FB2A6806F118010AEB8C
:102F000006032AF8110002EB0801404629601278F6
:102F100083F85020FEF70EBC09F10103C04E28468D
:102F20004FF001082B6099F80030337009F04AFB2C
:102F300003462846738009F045FB03462846B380C4
:102F400009F040FB03462846F38009F03BFB0346AB
:102F50002846338109F036FB03462846738109F081
:102F600031FB03462846B38109F02CFB0346284673
:102F7000F38109F027FB03462846338209F022FB40
:102F80002B6870821A4603EB08012960D91C12F8DD
:102F9000020B307540462A605A78727529609B781A
:102FA000B375FEF7C7BB09F101032B6099F8003038
:102FB000002B40F02B869B4A4FF00108D2F8BC371B
:102FC00008FA06F623EA0603C2F8BC37002B7FF4A2
:102FD000C5A94FF48030FEF7E1FA4046FEF7AABBE0
:102FE0004B4609F10101904A09F10306296009F1F4
:102FF000040113F8020B4FF00108907009F105026B
:103000002B608A4899F80130437109F106032E605C
:10301000874899F80260467028462960854E99F8DD
:103020000310F1702A6099F80420B2702B6099F8AF
:103030000530337009F0C6FA03462846338309F099
:10304000C1FA2B68708203EB08022A601B78337583
:1030500008F010FC4046FEF76DBB28464FF0010813
:1030600009F0BCFA2B6874481A4603EB08010068A3
:10307000DE1C296012F8021B80F82D10191D2A6031
:103080005A7880F82E205A1D2E609E7880F82F6086
:103090002960991DDE7880F830602A60DA1D1E797B
:1030A00080F83860296003F108015E7980F83960A2
:1030B0002A6003F109029E7980F83A60296003F1E1
:1030C0000A01DE7980F841602A6003F10B021E7A62
:1030D00080F84260296003F10C015E7A80F8436059
:1030E0002A6003F10D029E7A80F83E60296003F1A8
:1030F0000E01DE7A80F83F602A6003F10F021E7B2A
:1031000080F84060296003F110015E7B80F8316037
:103110002A6003F111029E7B80F83560296003F17B
:103120001201DE7B80F836602A6003F113021E7CF8
:1031300080F83760296003F114015E7C80F84660F6
:103140002A6003F115029E7C80F84760296003F134
:103150001601DE7C80F848602A6003F117021E7DAC
:1031600080F84960296003F118015E7D80F84A60AB
:103170002A6003F119029E7D80F84B60296003F1FB
:103180001A01DE7D80F84C602A6003F11B021E7E6E
:1031900080F84D60296003F11C015E7E80F84E606E
:1031A0002A6003F11D029E7E80F84F602960D97E5F
:1031B00080F854102A601B7F80F85530F1F7FCFE30
:1031C0004046FEF7B7BA09F101032B6099F80030C9
:1031D0001F2B3FF615A809F10200184A09F1030157
:1031E0004FF00108286002EBC30699F8010002F8CD
:1031F000330009F104032960284699F8022072700F
:103200002B6099F80330B37009F0DCF903462846C7
:10321000B38009F0D7F903464046F380FEF78ABA37
:10322000EC95012014B20120343D0120B48A012024
:10323000749101200C8E0120147B0120EC99012057
:103240008C96012009F101032B6099F80090B9F1E7
:103250001C0F3EF6D5AF2846C74E09F0B3F906233A
:103260000246284603FB09F34FF00108F2521E44C0
:1032700009F0A8F903462846738009F0A3F903462C
:103280004046B380FEF756BA09F101014B4609F1F9
:103290000302296013F8028B2B6099F801602A6001
:1032A00099F80210B8F1000F00F00485B8F1010F91
:1032B0007FF454A83046F4F747FFB04B1B78DB0788
:1032C0003FF54CA8AE4B1878B0427FF447A8F4F70E
:1032D00097FF4046FEF72EBA4B4609F10102A94E70
:1032E00009F103012A6009F1040213F8020B4FF0FF
:1032F000010830702B6009F1050399F80100707026
:103300002846296099F80210B1702A6099F80320C4
:10331000F2702B6099F80430337109F053F90346C9
:103320002846F38009F04EF92B6830811A4603EBEA
:1033300008012960D91C12F8020BB0722A601A1D0C
:103340005878F0722960997831732A60DB7873734A
:10335000F2F7BCF84046FEF7EDB928468A4E09F070
:1033600031F903462846338009F02CF903462846F4
:10337000738009F027F903462846B38009F022F943
:1033800003462846F38009F01DF903462846338298
:1033900009F018F903462846738209F013F92A68E0
:1033A000B0821346511C296013F8021B86F82010C6
:1033B0002B60527832776A68D31A052B00F33F846A
:1033C0002B68D21A012A7EF7C9AF28464FF00108B0
:1033D00009F0F8F803464046F383FEF7ABB94E46D2
:1033E00009F10103694A09F104012B6009F10300A5
:1033F00016F8023B1370AAEB01032E6099F80160E6
:10340000012B5670286099F802009070296099F895
:103410000310D1707EF7A2AF09F1050109F106038F
:103420004FF00108296099F80410404691712B6013
:1034300099F805301371FEF77DB92846544E09F00E
:10344000C1F803462846738209F0BCF803462846B3
:10345000B38209F0B7F803462846F38209F0BEF8B4
:103460002B6828461A46591C296012F8021BB172B3
:103470002A605B78B37009F0A5F82A6806F1180194
:1034800030800023501C2860127832722A68013381
:10349000501C042B2860127801F8012BF6D13D4A0C
:1034A000002329680133481C042B2860097802F89E
:1034B000011BF6D128464FF0010809F083F80346B6
:1034C0002846338509F07EF803462846738509F0BF
:1034D00079F803462846B38509F074F80346404658
:1034E000F385FEF727B909F101014B4609F1030203
:1034F000296013F8020B2B6099F801102A6099F8E3
:103500000220E5F7FDFB00287EF428AFFEF778BE29
:103510004B4609F10100204A09F1030128604FF0F0
:10352000010813F8020BD07140462B6099F8013066
:1035300053752960194B99F802201A70FEF7FAB8F2
:10354000174B4FF0010880221649186818F010F840
:103550004046FEF7EFB84B4609F10101124A4FF021
:103560000108296013F8021B404611702B6099F87E
:1035700001305370FEF7DEB85C8D01209478012095
:10358000C89101204C8D0120D8840120E07E0120CB
:10359000BC380120D83801205891012074910120B5
:1035A000147B0120B4DF0408E49501204B4609F1A7
:1035B00001029B4E28462A604FF0010813F8022BA7
:1035C00032702B6099F80130737008F0FBFF0346EE
:1035D0002846738008F0F6FF03462846B38008F0BB
:1035E000F1FF2B68F080404603EB08011A46296082
:1035F00012F8021B31722A605B787372FEF79AB878
:10360000884A0021102B1646084628BF1023116057
:1036100051601174C2E9021105E02A68511C296049
:10362000127806F8012B984200F10100F5D3FEF75D
:1036300095BE28464FF0010808F0ACFF7A4B0246D1
:1036400040461A60FEF776B809F101032B6099F83D
:103650000080B8F1130F3EF6D3AD09F102032B60E1
:1036600099F80100F8F70AFD00283EF4C9AD0623D9
:1036700001796E4E09F1030203FB08F3F1541E4475
:103680002A6009F1040299F8021009F1050371702A
:103690009A452A6099F80320B2702B6099F80420AB
:1036A000F27040F01B834FF00108F4F7A1FE404692
:1036B000FEF740B828465E4E08F084FF03462846D1
:1036C0004FF00108336008F07DFF03462846736021
:1036D00008F078FF03464046B360FEF72BB84188F8
:1036E0004A1DA9FB0232D208FEF77CBAD5E90032A6
:1036F0009A4274D1236800224E48591C80F848220F
:1037000021601A704C4B1B689D010BD4B9F1000F5E
:1037100000F0DB81494B4FF00108C9F8003040460A
:10372000FEF708B8464B1B689E42EFD14FF00108E8
:103730004448454904F0D2F94046FDF7FBBFD5E9BE
:1037400000329A4267D101464FF0010820463F4AB5
:10375000F8F75CFC4046FDF7EDBF6B6828462E6825
:103760009E1B08F017FF7861052E00F2B3818026BA
:1037700000254FF00108B34679692046D4E90023BB
:103780009B1A7A69103BB342B8BF1FFA83FB304BD8
:103790001B683B619B1A9B45FB6088BF1FFA83FB3C
:1037A00008F076FF002D55D1D4F80090B8F1000F45
:1037B00000F09C815A464946786910F02FFE236834
:1037C000B0420344236002DBFDF7C3BF236801302E
:1037D0005A1CB04222601D70F8D1FDF7BABF591CC7
:1037E000144A29601B78042B82F8483200F2DE81EB
:1037F0002268022B02F101012160137082D1FDF7D2
:1038000077FB0346002800F0A18123680122991864
:1038100021601A7076E75A1C2A60197894E700BF75
:10382000C87701200CAD012030AD0120B4940120F7
:10383000B4AF012014B201204C3901206DE202081E
:10384000F00501200407012040420F0069670208CB
:10385000148601206B46C6B0226808EE103A0DF1BE
:103860001F010023501D537121F01F023862BA60FE
:10387000BBF1000F00F0968178693969884280F0C9
:103880008E819A464FF080091A467B627C60FB6805
:10389000BD689A1A2946B2F5807F28BF4FF480721E
:1038A00010F0BCFD3C6A05EB000E22787545C7E9B7
:1038B000062032D20EF1FF3E05F1FF3C21461CF8F6
:1038C000013FCB4800EB830210F8235056880DB31C
:1038D00000234FF4004205F1FF3816420AF10104BB
:1038E0004FEA520203D0087849EA000008705FEA04
:1038F000590906D181F801901FFA84FA01314FF07D
:103900008009D34503D8F44534D3984532DC0133DC
:103910009D42E2D1E645D2D139627B6AD345FA694C
:1039200013449AB27A6204D97B6998183B69984229
:10393000ADD37C68B9F1800F03D00AF101031FFAFF
:1039400083FA0AF102012046012589B208F0B6FE89
:1039500023682046796A5A19A84622601D7008F02B
:10396000ADFE236828465344236018EE103A9D4666
:10397000FDF7E0BE3B6A7C681A46BB691370D9E765
:1039800009F1010328462B6099F800300A2B00F05A
:10399000E7804FF0010808F015FE284608F012FEF7
:1039A0004046FDF7C7BE4A4609F10103914E09F1B1
:1039B00003012B60284612F8023B03EB83035B00F4
:1039C00073802A6099F8013003EB83035B00338036
:1039D000296099F8023003EB83035B00B38008F0A1
:1039E000F1FD2A68B0811346511C296013F8021BAF
:1039F00071722B605278B2726A68D31A052B7EF707
:103A0000ADAC28464FF0010808F0DCFD034628461F
:103A1000738008F0D7FD03462846338008F0D2FDB6
:103A200003464046B380FDF785BE09F101032B60D4
:103A300099F800300A2B71D028464FF0010808F0A1
:103A4000CDFD284608F0CAFD284608F0C7FD4046CF
:103A5000FDF770BEB8F5405F00F0AD8043F20303A0
:103A6000984540F0C080644B1B78DA073EF576AC91
:103A70004B4609F1010109F10302296013F8028B99
:103A8000B8F1010F2B6099F801A02A6099F802B0F3
:103A900000F0A6800026DFF8709107E02A68511C2C
:103AA0002960127899F8001005F08AFDF2B24346B9
:103AB000504601365A45F1D3B8F1010F7EF44EACB1
:103AC00004F0BAF84046FDF735BE4FF00108404615
:103AD000FDF730BE284608F075FD8346D5E9003273
:103AE0009A424CD100250646A84645E6594620464E
:103AF00008F0E4FD23685A467869591C216083F870
:103B00000080216810F08AFC2268034601201A44D4
:103B1000A9F8003080462260FDF70CBE09F10200D2
:103B2000364B09F1030109F1040228604FF0010846
:103B300099F8010018704046296099F802105970F0
:103B40002A6099F803209A70FDF7F4BD22684FF0BF
:103B5000010802EB0801404621601370FDF7EABD41
:103B600008F030FD264E034628464FF0010833800A
:103B700008F028FD034640467380FDF7DBBD5A1C64
:103B80004FF0000806462A601D78B5EB080518BFFF
:103B90000125F1E54FF0FF384046FDF7CBBD9A46D1
:103BA0007B62CEE6DA46C7F824B0CAE64FF0FF38AB
:103BB0004046FDF7BFBD134B1A78032A7EF420ABB5
:103BC0005B780D2B7EF41CAB4FF00108EDF794FEF3
:103BD0004046FDF7AFBD042A7EF4C0ABFEF72FBC14
:103BE00004F040F856E74FF0FF384046FDF7A2BD1D
:103BF000B0DB04086878012094780120B0A501208A
:103C000090A40120A4360120E4240020B54A4FF0FE
:103C100001084FF48030D2F8BC1708FA06F30B43C2
:103C2000C2F8BC37FDF7C2FCAF4B1B78DB077EF553
:103C300095AB0020F4F7A4FD4046FDF77BBD284678
:103C400008F0C0FC03462846738508F0BBFC2B68CF
:103C5000B0851A46591C296012F8021B86F82110FB
:103C60002A605B7886F828306A68FFF7A9BB4FF0B6
:103C70000108ECF76DFA4046FDF75CBD02F01AF85A
:103C8000FEF7D5BCA8F104024FF004084A442A60AC
:103C9000FEF7B8BCA8F10C024FF00C084A442A60A9
:103CA000FEF796BCA9F114024FF0140942442A60B1
:103CB000FEF773BC3046F1F76DF98B4B1B78DA07D2
:103CC0003EF54CAB894B1878B0427EF447AB4FF0D1
:103CD000010807F0ABFD4046FDF72CBD09F10602D7
:103CE00009F107032A6099F8052032712B6099F8D1
:103CF0000600F8F7C3F903797371D4E4B8F1F50F4E
:103D00007EF40CA9D5E900329A4254D1754BFF22BA
:103D100083F824250023DFF8FC81754E87F84430B2
:103D200097F844203370032AC8E90033C8E9023306
:103D30002FD8704D97F8443003EB430305EBC303D2
:103D40005B7CE3B197F84430202103EB430305EBA0
:103D5000C3035B699BB197F84430327803EB4303AC
:103D600005EBC303586948F8220004F03DF83378A6
:103D700058F8230004F0CCF833780133337097F807
:103D800044300133DBB287F8443097F84430032BDA
:103D9000D0D903F067FF23683278591C21601A706C
:103DA000B9F1000F3DF4D5AC534B0120C9F80030F8
:103DB0008046FDF7BFBC5A1C19464A482A6011F8D4
:103DC000022B2960FF2A5B7880F8242580F82535AE
:103DD000A0D0FC2A12D9FDF729F90346C8B1B9F1E0
:103DE000000F02D0454BC9F8003001222368991812
:103DF0001046904621601A70FDF79CBC23684FF076
:103E00000108002203EB0801404621601A70FDF70B
:103E100091BC22684FF0010802EB08014046216086
:103E20001370FDF787BC11464046F8F75FFD002888
:103E30007DF48FACB8F1D00F7DF456AFD5E90023F7
:103E40009B1A002B0EDC284B1B78D80723D50022A9
:103E500023684FF0010803EB0801404621601A7007
:103E6000FDF768BC511C204B29601B78D907EED4A4
:103E70001378012B0FD00CF0FFFD0CF08BFCB9F187
:103E8000000F15D0174900201D4B012281F8480270
:103E9000C9F80030DCE70CF0EFFD1A4B00220120DE
:103EA0001A7005F0DDFC07F0FDFB0028E5D1CEE738
:103EB0000122CDE7144B1B689E427EF423AB1348CE
:103EC000134903F00BFE4046FDF734BC00F07F00C1
:103ED0004FF00108062828BF0020F4F791F940466A
:103EE000FDF728BC14B2012094780120C89101206C
:103EF000559101206809002069F701086D10030839
:103F00006DE20208293D0120F0050120140701207F
:103F100040420F00DC8E012009F101032B6099F86B
:103F20000060072E3EF66CA928464FF0010808F005
:103F300049FB194B01463201284603EB06169952FC
:103F400008F040FB03462846738008F03BFB03461D
:103F50002846B38008F036FB03462846F38008F075
:103F600031FB03462846338108F02CFB03462846E4
:103F7000738108F027FB03462846B38108F022FB33
:103F800003464046F381FDF7D5BB044A137823F07E
:103F900002031370FEF787B90496012039780120D7
:103FA00000216022A1482DE9F84FDFF8B8820F46C2
:103FB0009F4E18F03FFA9F4B4046376044461F60C3
:103FC000F5F76CFA9C4D3946D8F8803040462A689F
:103FD0001F69DFF8949202EB420E02FB07F8974B41
:103FE000974FA3FB023C974BC7F80080D9F8048099
:103FF0004FEA1C1C4FEA8E09C3F8C827C3F8F087A4
:10400000C3F8F4874FEA4E08C3F8D027C3F8D8277F
:10401000C3F8EC2704F5B862C3F8DCE7C3F8E4E7BB
:10402000C3F8CC97C3F8E087C3F8D4C7C3F8E8C790
:10403000C0E90711C0E90A1140309042F8D10121CE
:10404000DFF82882DFF814920846F5F767FA0121B5
:104050000820F5F763FA7C4BB8F81A200A20B3F869
:104060006C1098F809A0D4F80032B9FBF1F1B9FB53
:10407000F2F21961BAF10001D4F8803218BF0121BF
:104080001A61F5F74BFAB8F81C2098F80AB00B2023
:10409000D4F8C032BBF10001B9FBF2F218BF012124
:1040A0001A61F5F73BFA98F80E30002B63D0DFF871
:1040B000C0915AEA0B0314BF01210021DFF8B4813B
:1040C0000C20F5F72BFAD8F80030D9076AD49A07F4
:1040D00005D55E4DB5F84430002B40F08E800121AF
:1040E0000720F5F71BFA5A4B09205A4D1978F5F7B6
:1040F00015FA01210D20F5F711FAD9F800100E205C
:10410000C1F3C011F5F70AFAD8F800100F20C1F377
:10411000C001F5F703FAD8F800101020C1F38001B0
:10412000F5F7FCF9D9F800104B052FD4C1F3004185
:104130001220F5F7F3F9484A484B13205688D9F86E
:104140000010D4F8C024C1F3C061B3FBF6F31361CF
:10415000F5F7E4F901211420F5F7E0F9FDF748F847
:1041600069781620A1F10901B1FA81F1BDE8F84F93
:104170004909F5F7D3B998F80F10DFF8F490002942
:1041800097D1D9F80030580393D497E70121112033
:10419000F5F7C4F96B78082B40D0092B3ED0D9F83D
:1041A0000010C3E72E4A01212868D2E902351269BE
:1041B0000A2BB8BF0A230A2D03FB00F0B8BF0A255B
:1041C0000A2A3860D4F88000B8BF0A22D4F80071F7
:1041D00003610220D4F8C0301D613A61F5F79EF901
:1041E00001210320F5F79AF901210420F5F796F94A
:1041F0000122D8F80030327169E701210520F5F776
:104200008DF9B5F84400154B0121D4F84021B3FBDA
:10421000F0F306201361F5F781F960E7D4F8403434
:104220004FF4FA62D9F800101A617FE73446002093
:10423000DC72002030460020548E01201F85EB5197
:10424000E4AC012014B20120583C0120FC240020E1
:10425000D8AF0120A4360120C877012040420F00CA
:10426000C8020020E42F0120001000E0687801203F
:104270004C390120BC770120044B054A03F50A7133
:1042800042F8403B18338B42FAD170472407012093
:10429000E42F012070B5094C236873B10546002650
:1042A00006E09A681E7322601B689847236823B152
:1042B0005A681846AA1A002AF3DA70BD10BC012009
:1042C00070B40C4E102401250022334603E0013265
:1042D0004E2A0CD01C79A04203F12003F7D16C1CAC
:1042E0008D42E5B2F3D106EB421070BC704700205E
:1042F00070BC704740E0040808B101B1E0E700205D
:10430000704700BF10B40023084C01E0152B09D002
:1043100003EB43020133A15C8142F7D1A0185DF8A1
:10432000044B704700205DF8044B704714BC01201B
:10433000D0F8FC20034630B46AB1C168D0F814212B
:104340004469881A013A205C08BF0A46C0B2C3F823
:10435000142130BC7047006A5D69411CDC68285C30
:10436000A14228BF1146C0B2196230BC704700BFDD
:10437000D0F8003113B190F8A4017047D0E90903D7
:10438000181AB0FA80F04009704700BFD0E909124E
:1043900091420ED38A1AD0F80011036981B1D0F886
:1043A0008811013B096849680A4493420BD9981A5D
:1043B0007047036919448A1AD0F800110029EED118
:1043C000013B981A70470020704700BFD0F8FC30BE
:1043D0004BB1D0F88C31D0F814211B685B689A423D
:1043E00005D3D01A7047D0E907239A42F9D2C068A2
:1043F0001044C01A70470B4B002130B593F90020D0
:1044000001315D780433092AC8BF143A082900EB4A
:104410000204257313F8025C855413F8012C2276EC
:10442000ECD130BD00EA040803681B69184700BFDF
:10443000064B70B41D68064604460FCD0FC40FCD61
:104440002D680FC43046256070BC7047A001002065
:1044500000207047704700BF704700BF704700BF23
:1044600001207047704700BF704700BF00207047B1
:10447000704700BF0023037043708370C3707047A0
:1044800030B40A4D00232C1D01E0152B0AD003EB9C
:1044900043020133A15C8142F7D12A4430BC92F936
:1044A000060070474FF0FF3030BC704710BC012051
:1044B000034B00EB400003EBC000407C704700BFA3
:1044C00068090020704700BF704700BF70B40646FF
:1044D000042488003546130B013C4FEA021203EB1B
:1044E000430392B203F118032B600544F3D106EBAA
:1044F000011306200A01B45043F8214070BC7047F4
:10450000F0B4102307468E00044612F4004F4FEA21
:10451000420214BF0E250725013B92B225603444A8
:10452000F3D18C01122007EB81123B5142F821306C
:10453000F0BC70472DE9F8436B4CA36820469847C0
:10454000002877D0694B04F14806012504F10E02DA
:104550001878B04631460023654F84F8545004283B
:1045600003D1B2F9005047F8235032F9025B01330E
:1045700007EE905A032BF8EEE77AE1EC017AEED1E0
:104580005C4D2B887BB105F11007DFF8889157F857
:10459000083C3846B6EC010A303703B19847B145BC
:1045A00006ED010AF3D1A17D092945D0524818F042
:1045B0002FF9B5F8A820D5F89430002A47D1B3F9DF
:1045C000002006EE902AB3F90220B3F9043007EE7A
:1045D000102AB8EEE65A07EE903AD4ED126AF8EED9
:1045E000C75A94ED137AB8EEE76AD4ED147A76EEF2
:1045F000C56A95ED275A37EE657AD5ED285A77EEDC
:10460000C67A95ED296AD5F8983035EE265A75EEBA
:10461000875AC4ED126A36EE276A013385ED275AB0
:1046200084ED137AC5ED285AC4ED147A85ED296A14
:10463000C5F89830BDE8F883304901F1280018F03A
:10464000CFF8B5F8A820D5F89430002AB7D00026C6
:104650002B48991E1F1DDFED2B6AB2F5C87F17D0BE
:10466000D0ED007AB8EEE77AD8ED007AE8EC016A8E
:1046700077EE877AFDEEE77AE0EC017A21F8026FB7
:104680008F42EAD1012A07D0013AA5F8A82096E77F
:10469000B0EE667A0660E7E71B481C4FC16C466CBB
:1046A000C831806CC83687FB01ECC830C917B4F834
:1046B0000CE0C1EBEC1187FB068C87FB0087F6173B
:1046C000C017A1EB0E01C6EBEC16C0EBE710104FC4
:1046D00099801E8058807A810CF084F9B5F8A82062
:1046E000D5F89430D0E700BFFC240020B4010020AE
:1046F000BC010020F4430020442500201C2500209C
:1047000054BC01200000000010BC01201F85EB51AB
:10471000343D012050250020A64B2DE9F0411B78A7
:10472000064613F0010FA44B3CD0A44D1C78012C7D
:1047300069D0022C1CD0002C79D0A14FEB7B0BB19F
:10474000AB891BBB3B782A7A632A07D89D49022C88
:10475000087800F08380002840F0FB809C429A4A51
:1047600038BF1C46AB7B1470002B42D1BDE8F081F2
:104770009649974A098812889142DED995490124C1
:10478000954A09688E4F1C701165D7E7934B1B78CB
:10479000002BD7D0F4F7FAFC002840F0EE8002237B
:1047A0003B70D0E71C78E21E012A6AD9874A834D04
:1047B000118852888A1A002AB8BF5242142AB6DCDD
:1047C000EA888A4202D828888842B0D2B1EB420FE8
:1047D000ADDC03217A4F00228048197039707C4B80
:1047E0007F491A800A807F4B7F4902700A801A80B5
:1047F000BEE0012C00F0B480022CB7D10720BDE848
:10480000F041FCF739BD714A764912880988914216
:1048100080F08D8072490988914202D200221446AC
:104820001A706C4A6C4B1268654F1A6586E7674AC6
:104830006D4912880988624F9142664972D3664871
:10484000EA7D0968006D02EB8202091A02EB82021E
:10485000B1EB820F80F28E801C786FE7002878D150
:1048600001274E6006460F70C2F164025F4806FBE6
:1048700002F280FB0206D217A2EBA65264324A7003
:104880006CE752484D4D0288E9888A4202D32F884E
:10489000974202D2B2EB410F67DD4188511A0029DD
:1048A000B8BF494214296EDC0021454F2C7D197098
:1048B00039703CB92C88B2FBF4F40134082C28BFC1
:1048C0000824E4B21FFA84FC6888A98810FB0CF065
:1048D000DFF80C8111FB0CF1DFF8F4C080B2DFF8D7
:1048E000FCE089B2ACF8000095F811C0A8F80010FF
:1048F00061458EF8004050D9A1EB0C0189B23A4CC9
:104900006045218047D9A0EB0C0080B2DFF8D4E0ED
:104910004FF0640C2B4CAEF80000002084F801C06E
:10492000606089E72C4A09681C78116506E7294907
:1049300029482A7E0968006D02EB8202091A02EBFF
:104940008202B1EB820FFFF6F8AE02241C4F1C70FE
:10495000F4E64868361A2648864285DB4A70FDE64A
:104960000820BDE8F041FCF787BC032C17D1144F99
:104970000324E3E601241C70E0E62B7C834206D38B
:1049800001233B70DFE6032CF1D00424D5E600229E
:1049900013463A70D7E60020B8E70021AFE7018858
:1049A00042888A1A002AB8BF5242142A7FF708AFF9
:1049B000EBE700BF94780120E6A40120687801208D
:1049C00060A50120F0A401203D7E01206078012037
:1049D000EAA40120301D012010BC01205A8D0120C5
:1049E000E8A40120EEA40120ECA401206BCA5F6BB7
:1049F000809698002DE9F04387B0DCF725FC40B3A2
:104A0000B54C41F2CC63E358002B01DDD9F75AFCD9
:104A10006378022B20D0032B1BD141F2E873E35CB7
:104A200013B1AE48DAF762FF41F2D463E35C13B12D
:104A3000AB48DAF75BFF41F21873E35C13B1A948A6
:104A4000DAF754FF41F25C73E35C13B1A648DAF77E
:104A50004DFF07B0BDE8F083A378A44DA44E072B0B
:104A6000F7D8DFE803F046D55C4107949E040323A2
:104A70006370EEE72378207D032BDFF88C829D4F57
:104A80000CBF4FF080094FF48079002800F0AB8014
:104A90000128FAD133684FF0FF3162684FEA432CA6
:104AA0000023D8F80000B1FBFCF152184FF00001D0
:104AB00000F1020043F100039942394608BF9042D9
:104AC00038BF02460220DAF77FF9032800F2658139
:104AD00001A353F820F000BF534A0308BB4B03085F
:104AE000534A0308BB4B030883480378002BAED11D
:104AF000AFE7002305A9092218460391D9F7C4FCA2
:104B00000128A6D1059B93F8FE21552A00F0BB8011
:104B100041F2E47202210123A154637099E77749BD
:104B2000032530230522009173487549A570DAF7F3
:104B300063FF8EE723690622652BA27031D92278A4
:104B4000653B032A0BBF6FF07F016FF0FF018022EE
:104B50004FF480720B4001339A42236121D2D8F87E
:104B60000020E768023203EB0708904502D3D9F72B
:104B70001DFC2369634905206760CA6FC4F808807B
:104B800002FB03F30F605B02A07041E90733A268E8
:104B900029460120DAF706F8012840F09380062321
:104BA000A37000215448D9F739FF012840F08A80CA
:104BB000A3780133DBB2A37051E7D4E901C32269C2
:104BC000A3EB0C01914288BFC4E903C10328B1D013
:104BD0000133B3FBF9F209FB12320AB14B449B1AC1
:104BE000002063602075D8F8002029460232DAF7E9
:104BF000EBF8032800F2D18001A353F820F000BFA6
:104C0000534A03087B4C0308534A0308354B0308F7
:104C100005A941F62C05002309226059D9F734FC77
:104C200001287FF416AF0022059B2270B3F80B20F9
:104C3000B2F5007F1AD11A7C022A17D193F8FE210F
:104C4000552A13D193F8FF21AA2A0FD1DF8941F603
:104C50003002655926493D44A5505E7B721E0E60A8
:104C60007F2A03D8724236EA02024FD041F2E47240
:104C700003210123A1546370EBE60122636813440E
:104C80002275A36001E793F8FF21AA2A7FF440AFC1
:104C900003F5DF72039903F5FF73906840B115794E
:104CA000A5F10B0605F0F705012E05D9062D03D059
:104CB00010329342F1D12BE741F62C020123A05090
:104CC000A370A6E702287FF4C4AE012341F2E47288
:104CD0006370A354BDE600BF2C5F01201477012050
:104CE000007601204476012088760120305F012083
:104CF0006C770120345F0120CC760120C18600084A
:104D00003C2E0508F076012064770120720241F6FE
:104D10004801013A6250D88A00B9586A41F6340213
:104D200041F65001A050B3F81120520102F2FF12D7
:104D300052126250B3F8131001B9196A174441F6C0
:104D4000380C07EB40074000C91B40F6F477B1FB75
:104D5000F6F1B94244F80C101CD94FF6F476B14282
:104D600014D903212170DE6AAB1841F6100241F616
:104D70003C0541F64C010344A25C665063510AB9FC
:104D8000D9F7B0FDA3780133A37062E602230026B1
:104D90002370E9E70123237068E7207D75E600BFF3
:104DA0000B4AF8B5136855692B4003EA00055561B5
:104DB0006DB1084F0126B5FA85F4C4F11F0457F808
:104DC000240006FA04F403689847A543F3D1F8BD1C
:104DD000003C0140842601202DE9F0411E4688B0A8
:104DE000030990460E9F00F00F04403349B3079328
:104DF000FFF782FA427A0546079B41463046CDE9E5
:104E00000042144AB847C8B1286812F077F9297AE5
:104E10006A7911F0020FDFF84CC04FEA92020E4996
:104E20006D7A08BF61460132079B0094CDE901020B
:104E3000CDE90315094A00213046B84708B0BDE85E
:104E4000F081074A41463046BC460E9408B0BDE8A2
:104E5000F04160479D410508A57A0508AF41050866
:104E6000D1410508387F0508426A10B48469A1540D
:104E7000426A04690132D0F80011A24228BF002220
:104E8000426219B15DF8044B11F03CBBD0F820210F
:104E90005DF8044B136843F080031360704700BF54
:104EA000017111F0ABBB00BF816011F0A7BB00BF67
:104EB0002DE9F04F0C465A4E01680546594B83B018
:104EC0000E449046C4F3411A03EB962393F8E0098D
:104ED000D4F7E6FDC4F38103AF8804F00302286829
:104EE000009397FAA7F1B1FA81F102F1FF3E37FA88
:104EF00001F372D04FF0030C4FF00F09019403E05F
:104F0000013137FA01F367D001238B403B40F7D0E2
:104F1000D0F800B093FAA3F6B6FA86F693FAA3F5A2
:104F2000B5FA85F57600BEF1010F4FEA45050CFA9A
:104F300006F602FA05F52BEA060645EA06050560BF
:104F400014D8D0F808B093FAA3F6B6FA86F693FA16
:104F5000A3F5B5FA85F57600009C6D000CFA06F60F
:104F600004FA05F52BEA060635438560D0F80CB047
:104F700093FAA3F6B6FA86F693FAA3F5B5FA85F591
:104F80007600022A4FEA45050CFA06F60AFA05F5FC
:104F90002BEA060645EA0605C560B1D193FAA3F6E9
:104FA000B6FA86F61D0A072E26DC066A93FAA3F5E2
:104FB000B5FA85F593FAA3F3B3FA83F3AD000131A3
:104FC0009B0009FA05F508FA03F326EA05061E43D5
:104FD00037FA01F3066297D1019CBEF1010F08D8A0
:104FE0004368C4F3001407FB04F423EA07072743CC
:104FF000476003B0BDE8F08F466A95FAA5F3B3FAAF
:1050000083F395FAA5F5B5FA85F59B00AD0009FA8D
:1050100003F308FA05F526EA03062E4346626FE716
:105020000000FEBF40E004087FB50A4B0A4A049323
:105030000A4B0B4903930B4B0B4802930B4B019309
:105040000B4B00930B4B08F06FFA07B05DF804EBC5
:1050500006F086BB24420508E341050829420508FD
:10506000ED41050831420508F94105083A420508B5
:1050700046420508CF910120D6E738B50B4B0D46C7
:1050800003EBC0040A4894F8482B03EB8203D3F8DF
:10509000E81908F049FA94F84E3B2BB1691C054811
:1050A000BDE8384008F040BA38BD00BF40E0040811
:1050B0007A420508378005082DE9F0412F4C636DD1
:1050C000002B48D00A2801D00D2842D12C4D06F0E3
:1050D00047FB2321284617F0BFFA08B1401B606543
:1050E000636D8BB94FF4807200212548636517F01A
:1050F000A1F9244B1B78002B3DD02348BDE8F0419B
:1051000006F028BB1346ECE75A1EA95C2029F9D00B
:1051100000226365362623441C4DDFF8648083F843
:1051200058202F684046394607F02CF9014640B90F
:10513000013E05F11005F4D11549164807F0F0FCC1
:1051400005E0154B9D42F7D2EB683846984700239F
:10515000C8E7FF2B0FD8A0F120025E2A0BD80BB9AD
:10516000202808D05A1C62651C4484F85800BDE809
:10517000F04106F0E5BABDE8F08100BF10BC0120A7
:1051800068BC0120C83C01203E1D0508A8EC0408AD
:1051900055420508A748050808F004082DE9F84F0E
:1051A000002607460C461D4DB046DFF87890DFF824
:1051B00078A0204606F09CFAD5F800B048B9214600
:1051C000584607F093F820B92146686807F08EF832
:1051D00080B1584606F0BEFA696811B1504608F031
:1051E000A3F9A96811B1484608F09EF94FF00108EB
:1051F00006F0B6FA01361035362EDAD1204606F022
:1052000077FA48B9B8F1000F06D12246384604496A
:10521000BDE8F84F07F0EABBBDE8F88FA8EC04083A
:105220007D420508774205087142050807B5154813
:1052300006F090FA144B154893ED000A8DED010A23
:1052400006F088FA124B1B78BBB19DED010A14F0F1
:10525000E7FD4FF47A7280B2B0FBF2F102FB11026B
:105260000C4892B207F08AFC0B4B0C48B3F82E1195
:1052700003B05DF804EB08F057B9094806F074FA7A
:10528000F2E700BF91420508E4720020A842050839
:10529000357E0120C342050840210020D742050881
:1052A000CD4205083E4B1B782DE9F74F002B70D0FF
:1052B0003C4D00263C48A96807F060FC69683B4803
:1052C00007F05CFC3A4B3B48DFF80C81DFF80C91AF
:1052D000DFF80CA1D3E90131C91A374B1A68B1FBC9
:1052E000F2F207F04BFC06F03BFA344806F03CFAC9
:1052F000334806F039FAF4B298F80030A34221D8C6
:10530000304C0025304F06F02BFA2646013556F872
:10531000041B384608F008F9162DF7D101252A4E4E
:1053200006F01EFA23466168013530461B680434D6
:10533000C91A08F0F9F8162DF4D103B0BDE8F04F02
:1053400006F00EBA04F1020B642719F804303C2170
:1053500005EB8B0B5046BBF804207A43B2FBF3F30A
:10536000B3FBF1F10091214608F0DEF89BF806301E
:105370005BB1204611F0D4FE90FBF7F107FB110260
:10538000124807F0FBFB0136B5E7114806F0ECF9CF
:10539000F9E7104803B0BDE8F04F06F0E5B900BFEB
:1053A000B8010020DC460020F54205080543050849
:1053B000E47200201C430508548E0120494305086F
:1053C00074430508F8460020CB430508B843050898
:1053D000C3430508CF430508E424002024450020EA
:1053E0009F4305082DE9F04F06468BB040F216208A
:1053F00003910BF019FC039A04460021304606F095
:10540000C5F9414A0546D4E9028392F858410CB1E6
:10541000444698461522002104A808F1010717F018
:1054200009F808F14003039317F8019CB9F1000F44
:1054300030D097F800A0002C63D0224600231178CA
:10544000494557D192F801800AAA1344012203F872
:10545000182CD0452A46304613BF012100214FF0B9
:10546000010B4FF0000B06F091F9054654B1B8F16D
:10547000000F07D0254B5A46414648460093334615
:10548000FFF7AAFC224B5A46514648460093334642
:10549000FFF7A2FC0337039BBB42C5D13CB3671C9B
:1054A0000DF110084034DFF86490DFF864A018F8BC
:1054B000013BCBB917F8013CB3B115B1284606F052
:1054C00059F93978334617F8010C0022CDF80090CD
:1054D0000025FFF781FC002217F8010C3346114626
:1054E000CDF800A0FFF778FC0337A742DFD10BB05F
:1054F000BDE8F08F01330332152BA0D14FF0000827
:10550000A7E7A046A5E700BF10BC01208DE3030874
:10551000BDE303082DE9F04F3E4C87B00A46002159
:10552000064606F033F905903B4A2378608802EB83
:105530008303D3F8E8A90BF077FB8368C168049371
:10554000364B93F85821002A4BD0DDF81080049197
:10555000002722796179049B07FB021213F802905D
:10556000B8F1000F3FD018F802504D45059A30466B
:1055700007F1010713BF012100214FF0010B4FF08C
:10558000000B06F003F905907DB305F00F022D091D
:1055900053465946403502923046214ACDE90075BE
:1055A00008F0F4FEB9F1000F2AD009F00F024FEA1B
:1055B000191953465946029209F140023046CDE985
:1055C0000072174A08F0FAFEA279012A38BF0122B8
:1055D000BA42BEDC0834134BA342A5D107B0BDE8E4
:1055E000F08F9046B4E74546BFE7B8F1000FD9D039
:1055F00053460D4A59463046009708F0C7FED1E79A
:105600007306E1D45346084A59463046009708F0DD
:10561000D5FED9E788EB040840E0040810BC01205F
:10562000EB430508A8EC04080144050810B5013156
:105630001446FEF761FE28B9064B18681B792060F6
:10564000237110BD427A20460349BDE810400AF09C
:10565000D3BB00BF62470508AA4105080B46411CA1
:10566000024605D1044A1068127918601A71704711
:10567000024918460AF0C0BB624705083880050891
:105680002DE9F04F524F99B03B790997002B00F06C
:105690009280504806F068F800254F4EDFF860B160
:1056A000A846DFF86091DFF860A10BA9E8B2F3F734
:1056B000B9FE9DF83430002B50D0139C54B107EE46
:1056C000904A9FED460AF8EE677A80EE270A14F0BA
:1056D000A7FB04460B9A2946584607F025FF109A67
:1056E000002A6CD002FB04F04FF47A73B0FBF3F0A5
:1056F000DDF848C0BCF1000F63D00CFB04F142F2AE
:105700001073B1FBF3F1099B082D1B7918BF884476
:10571000002B58D0179F4FF47A7E0A230797159FC6
:105720000697169F0597119FB7FBFEFECDF810E078
:10573000B1FBF3FE03FB1E11CDE902E1B0FBF3F177
:1057400003FB1100BCFBF3F3CDE9001021465046EA
:1057500007F014FA0023B362C6E90D330135403671
:10576000172DA2D1099B1B7913B31D4C4FF47A73EB
:105770001C48D4E95712B1FBF3F3D208D4F86411F2
:1057800007F0FCF90A221848B8FBF2F102FB11827B
:1057900007F0F4F9154B1B78422B06D1144B154832
:1057A0001A68154B196807F0E9F90023C4F8643149
:1057B00019B0BDE8F08F114805F0D6FF6CE7104630
:1057C00096E761469FE72146484607F0D7F9C1E7CB
:1057D000C891012015440508E42F01208096184B3C
:1057E00010BC0120C0440508E0440508B4010020B5
:1057F000F8B9012004450508E4B9012073440508FF
:105800007D440508BC4405088C440508A04BA1490B
:105810001A68A14B2DE9F04FB2FBF3F293B00646A4
:105820009E4807F081FE9E4B4FF47A720A201B8837
:105830009C4F9D4DDFF82083DFF8A492B3FBF2F17B
:1058400002FB1132994B92B2B3F90030B2FBF0F285
:10585000974807F093F9974A9749984807F064FEEC
:1058600005F07EFF964B97499B7B974A01EB83019E
:10587000964B9748D31AD1F8C81FB7F8682107F09C
:105880007DF9944805F066FF934B9448197807F02A
:105890004BFE934805F05EFF924B9348197807F052
:1058A00043FE05F05DFF914805F054FF00210A46D4
:1058B000AB7F4C1C0B4113F0010F08D012B14846CE
:1058C00005F048FF2146404607F02EFE0122072C36
:1058D0002146EDD1EAF7A8FA90F8DC30032B0BD083
:1058E000834807F021FEEAF79FFA90F8DC30012B9D
:1058F00002D1804807F018FEEAF796FA03695B7B4D
:10590000012B02D97C4807F00FFE05F029FF7B4DE3
:105910007B4B002405F12009DFF840A21B68DFF86B
:1059200040B2039355F8041B29B3012303FA04F88A
:10593000039B18EA030F1CD018F01F0F19D01AF898
:10594000040059F8242052F8202034B16D48CDE9E4
:10595000041205F0FFFEDDE90412584607F0E4FDED
:10596000B8F1020F05D1684B597F11B1674807F0B4
:10597000DBFD0134D6E705F0F3FE654B6548196899
:105980004FF47A73B1FBF3F107F0CEFD07A806F0F0
:1059900041FC38B107A90AA80AF0E4FA0AA95E484E
:1059A00007F0C2FD05F0DCFE5C49D1F88820002A32
:1059B0005BD007EE902ADFED5A6AB8EEE77AC6EEC2
:1059C000877AFDEEE77A17EE903A564884895CB103
:1059D00007EE904ADFED526AF8EEE77A86EEA77A94
:1059E000FDEEC77A17EE904A8D685DB107EE905ACA
:1059F000DFED4B6AF8EEE77A86EEA77AFDEEC77A1E
:105A000017EE905A48490A200988B1FBF0F1C9B253
:105A100046486429CDE90045A8BF6421444D07F0FC
:105A2000ADF8444B444A1B78444905EB8303127894
:105A3000098853F8F03C424807F0A0F8B7F86A111B
:105A4000404889B2404F07F099F830463F49012657
:105A500008F0E6F83E4805F07DFE3E4B1C6834B980
:105A600005F07EFE13B0BDE8F08F1346ADE794FA63
:105A7000A4F33846B3FA83F306FA03F205EB830383
:105A800053F8DC1C24EA020407F04EFDE7E700BFF0
:105A90007C1E01202E45050840420F0033450508B5
:105AA0008CA4012010BC01200C8E0120187B012049
:105AB000464505080000012000080000674505086C
:105AC000C891012040E00408008000080040000860
:105AD0008B450508BA450508CCB70120CC4505081B
:105AE000D4450508CDB70120D6450508DE45050893
:105AF000F7450508FF4505080446050814F00408A5
:105B0000BC7701200C460508FC240020154605083A
:105B1000301D01201946050833460508E42F0120F1
:105B200000247449E472002010460020464605080F
:105B300038F104083D7E01205A8D01206078012053
:105B40008C460508B3460508697D0508387F0508B9
:105B5000C24605080C7B0120EE4505082C060120F5
:105B60000F4605080A4B1B7830B57BB90346094C34
:105B700000F120051A46083403CAAA4244F8080C6A
:105B800044F8041C1346F5D1012030BD0020FCE789
:105B9000DAB90120ACB7012008B5084B01461B78E3
:105BA00013B1074B1B783BB90D22054816F073FD66
:105BB0000120044B187008BD0020FCE7D8B9012073
:105BC0009CB70120D9B9012008B5084B01461B78C4
:105BD00013B1074B1B783BB91522054816F05BFD46
:105BE0000120044B187008BD0020FCE7D8B9012043
:105BF000ECAC0120D9B9012008B5084B01461B784F
:105C000013B1074B1B783BB90522054816F043FD3D
:105C10000120044B187008BD0020FCE7D8B9012012
:105C200004AD0120D9B9012038B51A4C94F8B3312C
:105C3000002B194B14BF012200221A7011D005222B
:105C400004F5C671154816F026FD152204F29111CF
:105C5000134816F020FD0D2204F5D371114816F0FB
:105C60001AFD94F8B431002B0F4B14BF012200220F
:105C70001A700DD00D4C0E4A04F12005234608324F
:105C800003CBAB4242F8080C42F8041C1C46F5D189
:105C900038BD00BF10BC0120D8B9012004AD0120DF
:105CA000ECAC01209CB70120DAB901207CBD0120B9
:105CB000ACB7012038B50D4C05220D49012504F57E
:105CC000C67016F0E8FC15220A4904F2911016F08D
:105CD000E2FC0D22084904F5D37016F0DCFC84F8D0
:105CE000B351FFF7A1FF284638BD00BF10BC01200B
:105CF00004AD0120ECAC01209CB7012038B50D4B60
:105D00001B78A3B90C4B0D4C03F120051868083320
:105D100053F8041C2246AB4203C21446F6D10124B8
:105D2000074B83F8B441FFF77FFF204638BD0020C2
:105D3000FCE700BFDAB90120ACB701207CBD01202F
:105D400010BC0120074A0020074B117803F1100214
:105D5000392903F1040308BF43F8040C9342F7D137
:105D6000704700BFB4010020BC01002070B51A4C80
:105D70000025064602E00135152D11D06178033467
:105D800014F8030C0029F6D00028F4D0FEF798FA96
:105D90000028F0D08642EED1104800EB450070BDDF
:105DA0000F480469002C14DD14300023024602E081
:105DB00001339C420DD0916802F586720029F7D01C
:105DC0008E42F5D14FF4867505FB030303F584700D
:105DD00070BD044870BD00BF14BC0120C8BD0120C7
:105DE000E4720020C4F004082DE9F84320B3DFF882
:105DF000549017460E46002309F1040201E0152BCA
:105E00001AD003EB43044FEA43080133155D854282
:105E1000F5D14C44617999B1FEF752FA0446204617
:105E2000FFF7A4FF03783BB9C844204688F8B8615F
:105E300088F8B971BDE8F88300242046BDE8F883EE
:105E40000C46ECE710BC01202DE9F843DFF8A090E8
:105E50000746884609F5DA7509F13F0603E04E4525
:105E600005F102051CD099F8011009F1030919F890
:105E7000030C0029F3D00028F1D0FEF721FA0446E4
:105E80000028ECD0006811F039F9B842E7D1637905
:105E90004345E4D12B78002BE1D02046BDE8F883C0
:105EA000124DD5F81090B9F1000F1ADD1435002607
:105EB00003E0B14505F5867513D0AC680136002CBA
:105EC000F7D0206811F01AF98742F2D1637943457F
:105ED000EFD195F80831002BDFD1B14505F5867576
:105EE000EBD100242046BDE8F88300BFE472002017
:105EF00014BC012030B40B4D00232C1D01E0152BE8
:105F00000CD003EB43020133A15C8142F7D12A4458
:105F1000517918B111B130BCFEF7D2B9002030BCB4
:105F2000704700BF10BC012030B4EFF31181102383
:105F300083F312880F4A9468136813F4803F0E4B62
:105F400003D00120C3F8E40194680C4AC9B2156873
:105F5000D3F8E42181F31188094B4FF47A702A4475
:105F6000196800FB01F31B1BB3FBF1F330BC00FB12
:105F70000230704710E000E010BC0120301D01200D
:105F8000548E0120114B5B68C3F30803E3B9EFF3B0
:105F90001183CBB90E4A0F4830B40F4D1368846893
:105FA00011688B42FAD1D5F8E8118C42F6D80B4A29
:105FB0004FF47A70116800FB01F2121BB2FBF1F290
:105FC00030BC00FB03207047AEE700BF00ED00E0EF
:105FD000301D012010E000E010BC0120548E012093
:105FE000804B2DE9F04F2DED048B197899B00229E3
:105FF0000491029040F0B1807B4A7C4B1278D3ED43
:10600000007A08EE902A7A4EF8EEE88A337F68EE3E
:10601000A78AF5EEC08AF1EE10FA40F3088407EE85
:10602000903AB7EE006AF7EE085A9FED725AF8EE12
:10603000E76ADFED717A85EE287AA6EEA76AC5EEEB
:10604000867A27EE877A6D4C6D4DB4F82C3128781E
:1060500007EE903AF8EEE77AC7FEC77AFDEEE77AE8
:1060600017EE903AB3F5FA7FA8BF4FF4FA73052BF9
:10607000B8BF0523272807EE903AB4F82E31B8EEC2
:10608000E78A07EE903A00F00C85F8EEE77AB4EE76
:10609000678AF1EE10FA1CD0DFF8A091DFF8A0813A
:1060A00009F1C00759F8043C4846B0EE480A09F126
:1060B000300913B1D8ED010A98474F45F2D1BCEE33
:1060C000C88A2878272818EE103AA4F82E3101F053
:1060D0003F80738AAA464B4F06EE903ADFF8648100
:1060E000DFF864E10123F8EEE66ABC464146464C1F
:1060F0007246DFF85891DFED454A9FED455ADFEDD6
:10610000455AFCEC017AB4EC017A77EEE67AF4EECB
:10611000C77AF1EE10FA00F3C084B1EE476AF4EEEC
:10612000C67AF1EE10FA48BF77EE877A032B00F0BB
:106130006484C7FEE47AC7FE857A27EEA57A07282D
:10614000C1ED007A82ED007A00F06684042B00F045
:106150006C84013304310432D3E701222E4B914287
:106160001A7040F01D812D4C9FED227A637807EE66
:10617000903A2B4BF8EEE77A1B7813F0010F294B7E
:1061800067EE877A0693BCEEE78A40F0F08218EE5D
:10619000103A0299244A0B44DFF8B4B01360092086
:1061A000F2F720F9002800F0C9811D4B1B78DD07AC
:1061B00000F1C4811D4B0193DFF898A000234FF438
:1061C0000071DAF8002015919A42CDE9133378DD99
:1061D0009846174B174C9FED188A9946CDF81CB07E
:1061E00043E000BF6C8C01202C460020E4720020AC
:1061F000C836012000247449CDCCCC3D402100207C
:10620000B4010020EC7D01201C4600200000FA4370
:106210000000FAC36F12033B6C25002080A7012009
:10622000947801209678012090A70120BC77012066
:1062300034A70120B49401208096984AB821002008
:1062400084280020E8240020C0200020B80100207D
:1062500010BC012018A701201D2940F2038208F17B
:106260000108DAF80030984529DA19F801BB15A8B9
:106270000BEB4B0614F81610374604EB4606039159
:106280000AF0ECFB4FEA4B0303997D003746059378
:106290000028E1D092480AF0E1FB03990346002868
:1062A00000F00E8214A808F101080AF0B7FB31785B
:1062B00013A80AF0C3FBDAF800309845D5DBDDF807
:1062C0001CB0884F3B68002B21DD874E0025874C92
:1062D00016F8018B14A8013508EB480308EB4808B1
:1062E00004EB4303597903910AF0B8FB8146039903
:1062F00013A80AF0B3FB89EA000313AA14A9DBB2BE
:1063000004EB4800F2F740F83B689D42E0DB784A36
:10631000DDE9133112784B40714913930B60002A69
:1063200000F08884019B1B689F0700F14E82069B4A
:10633000704A1B881178C3F3C003994202D0002130
:10634000137011820820F2F74DF8002800F0308217
:10635000694B1B68580500F149850223674A684D5F
:106360001370684B1B78002B00F0D7812B78462BDD
:1063700008D10499644A0BEB8103D3F86C329B116A
:1063800042F821305D4B1B780BEB8303D3F86C0292
:10639000801116F00DFA19B0BDEC048BBDE8F08F3A
:1063A0005A4C2378002B40F0D281594B1A78002A9E
:1063B00000F0DB81574A002114781970564B1B6896
:1063C000002C40F05782029A9A4240F25B85534F6C
:1063D0003B78002B01F02682DFF85891DFF858B1A6
:1063E000C8464F4E464D9FED4F9A41E0315DB36A2E
:1063F0008A46002B43D1D9F80830404698474A4B8B
:10640000042C03EB8A0A8AED000A5FDCB5EE400A31
:10641000F1EE10FA15D0BBF8003007EE103ABBF8D9
:106420000230B8EE477A07EE903AF8EE677A30EE2F
:10643000470A37EEC77A60EE097A87EE870A30EEB0
:10644000090A3A4B4FEA840A03EB840383ED000AFE
:106450002B78292B04D113F0E3FC2B4B43F80A00D3
:10646000013497F800A00BF1040B544580F25685D7
:10647000072CBBDDB36AE1B2A246002BBBD0D9F832
:106480000830404698470123B26A182003FA0AF3FD
:106490002749F0EE408A134031F81A10019308EEB4
:1064A000101AF1F79FFF019B03B130B9BCEEE80A67
:1064B00010EE103A9BB208EE103A1B4BB8EE480AA9
:1064C000042C03EB8A0A8AED000A9FDD174B072C88
:1064D0004FEA840A03EB840383ED000AC0DCB7E7CC
:1064E000708601201CA7012020A70120B494012060
:1064F000C83C0120A04400204C3901206C8C0120B4
:10650000B401002070250020BC0100206E8C012009
:106510006D8C01206894012064940120E095012095
:10652000C836012000007A4414B401201C940120D4
:10653000708C0120A436012064390120BD4B1D78E8
:10654000BD490023BD4A888AC98A06EE900A02F135
:10655000100007EE101AF8EEE66AB8EEC77AF2EC11
:10656000017A9B08F4EEE67A63F07F01F1EE10FA0F
:10657000F4EEC77AC8BFCBB2F1EE10FA48BF43F0D1
:1065800040039042EBD19BF85D229A4200F05F8776
:106590000022ABF85E228BF860228BF85D32002D72
:1065A00000F077845F2B01F0D0806F2B01F0A68084
:1065B000A34B00221A60A34B1B78DA073FF5FAAD14
:1065C0009BF86032002B7FF4F5ADBBF95E32322BC5
:1065D0007FF7F0AD9C4B01221B788BF86022934231
:1065E00001F039811920F1F7FDFE00287FF4E2ADBA
:1065F000964B1B78002B3FF4DDAD9BF85D32572B9B
:1066000001F0B8815D2B01F0A2815E2B01F0988131
:106610005B2B01F0A281562B01F02982972B01F010
:106620003582A72B01F02C82069A128802F006020E
:10663000002A41F0CE81B73B072B3FF6BBAD01A24C
:1066400052F823F0CB740308B5610308B561030861
:10665000B5610308BD740308B5610308AF7403088E
:10666000A174030802356357254413F17D0F05DB40
:1066700095F901207D2AD8BF934206DB03463846B0
:1066800013AA14A9F1F780FEE9E5727805256B4994
:1066900040F2DB5C15FB03C301EB8202D2ED057A0D
:1066A000FCEEE77A17EE902A92B29342E6DA96F978
:1066B000030015FB00C08242CCBF00200120DDE7B3
:1066C00002356057254410F17D0F06DB95F9015026
:1066D0007D2DD8BFA842C0F273815D4803930AF0B4
:1066E000BDF9039B0028CAD10393FFF74BFC07EECB
:1066F000900AF8EE677AF4EEC87AF1EE10FA3FF5F8
:10670000AEAD039B002B7FF4AAAD059B50485B44C4
:1067100014F813100AF092F9A1E5FFF733FC029B7D
:10672000C3F10104044416F063F8049A0BEB8203EE
:106730009200D3F86C32B0EBA31F01D08301981103
:1067400084425A443DDDA401C2F86C420EE6DFF8F3
:106750001C91D9F81030484698473E4B80F0010014
:106760001A782070002A7FF425AE3B4D8FE11B88FC
:106770005E063FF50CADF1F759FE2E4B06461D782F
:10678000002D00F0C586002841F02E8018EE103A4A
:106790002BB1324B029A1B689A4201F2838010207F
:1067A000DFF8CCB0FAF768FD01238BF85C32F6E431
:1067B000244A13785C077FF5CBAD23F004031370F4
:1067C000C6E5013BC2F86C32D0E51E4B1B78DE07F4
:1067D0000DD50620F1F706FE002840F05186204B2B
:1067E000DB7823B11F4BDB79022B00F04986402078
:1067F000FAF7B4FE134B1B78DD0705D50520F1F73A
:10680000F1FD002840F0C2872020FAF7A7FE012002
:10681000F1F7E8FD002800F01E830220FAF7AEFE33
:106820000420FAF79BFE0820FAF798FE7FE59FED1B
:106830000E7A08E454A70120C8360120EC7D01201F
:106840008CA7012094780120CC1D012055A70120A0
:1068500074BE01206D8C0120B401002090A701209E
:10686000407E012048A7012000000000A43601203E
:1068700010BC01200299994240F20483013CDFF8E8
:10688000AC93D94DD94FDFF8A8B31470D9F81400E0
:10689000002800F0DD8280470446FFF773FBDBF839
:1068A0005432001BE31A00F0D382CBE99434D04C6D
:1068B00095F80080D4F84464029AB8F13E0FA2EB38
:1068C000060603D1CB4AC2E904369061864202DD56
:1068D000002B18BF1E46B4F84834B2B2029907EE36
:1068E000906A632BA281B8EEE77AC4F8441400F2F0
:1068F0003A84D4ED006A013337EE667A9BB2A4F88D
:10690000483407EE903A97ED000AF8EEE77A87EE02
:10691000278A38EE268A84ED008A13F081FAB4F8CB
:106920004C3480B2834200F01584B4F85034032B09
:1069300040F23384D4F854340022A4F84C04A4F870
:1069400050249B08AC490022B3F57A7FA8BF4FF4CE
:106950007A730A2BB8BF0A2351F8040B0132834221
:10696000C0F01087042AF7D1B8F13E0F14D1A34A22
:10697000FDEEC87A9F4BB6B2127817EE901A9E6061
:1069800007EE902ADA611960F8EEE77A27EE888A36
:10699000BDEEC88A83ED018A994B1978022900F06F
:1069A0006786042900F08586012900F09086954BC2
:1069B000029A9A4200F2E9830123934A1370D0E4C9
:1069C0008A4A4FF0050E757840F2DB5C1EFB00C072
:1069D00002EB8505D5ED057AFCEEE77A17EE902AF5
:1069E00095B2A842BFF679AE96F903301EFB03C3F9
:1069F0009D42CCBF002301236FE6F1EE677A0728A2
:106A0000C7FEE47AC7FE857A27EEA57AC1ED007A43
:106A100082ED007A7FF49DABFDEEE77A042B17EE52
:106A2000905A49F823507FF494ABB38A0728D7EDE6
:106A3000046A554607EE903AF38ADFED745AF8EE91
:106A4000677A07EE103A9FED725AB8EE477A9FEDDB
:106A5000716A76EEE76A37EE677A66EEA56AC6EE89
:106A6000877AC7FEE57AC7FE857A27EE867AC8ED73
:106A7000047A8EED047A04D1FDEEE77A5D4BC3ED26
:106A8000047AF1F7E7FE644B1B78DA071DD5002383
:106A90005D4ADFF89CB1137063E477EEC77AFFF7C5
:106AA00045BBF8EEE77A534ABDEEC87AB4EE678A82
:106AB00082ED067AF1EE10FA7FF4EEAAFDEEE88A96
:106AC0002720C2ED078AFFF704BBD7ED007A0DF14E
:106AD0005502524917ACFDEEE77A51480E4617EEC3
:106AE000903AB3F5FA6FA8BF4FF4FA63B3F57A7F23
:106AF000B8BF4FF47A73A3F57A73C3EBC3135B008B
:106B0000A1FB03139B097F3B8DF8543025E010F85F
:106B1000011B013207EB8103D3ED007AFDEEE77A2A
:106B200017EE903AB3F5FA6FA8BF4FF4FA63B3F5D6
:106B30007A7FB8BF4FF47A730129A3F57A73C3EB58
:106B4000C3134FEA4303A6FB03C34FEA9313A3F116
:106B50007F0308BF5B4202F8013C9442D7D1002179
:106B60003048082301240A4601E010F8013B07EBF6
:106B7000830604FA02F30132D6ED007A41EA0306F5
:106B8000FDEEE77A17EE903AB3F5FA6FA8BF4FF42F
:106B9000FA63B3F57A7FB8BF4FF47A73A3F57A73CB
:106BA000C3EBC3135B00B3F5FA3FA8BF71B2082A69
:106BB000DBD11D488DF85C1090F87432D0F8981233
:106BC000032B7FF464AF00293FF461AF0B7B002BF4
:106BD0007FF45DAF0124092315AA0C738321D0F83B
:106BE000A802DBF73FFF52E7B4010020EC7D012053
:106BF000E4720020BC0100203C7700202C460020DD
:106C0000948E0120404B4C006C8C012000007A4493
:106C1000000000006F12833A94780120D34D621077
:106C2000C9F00408D1F00408841A0120A436012018
:106C300010BC01200920F1F7D5FB20B1A84B1B782F
:106C4000DE0740F15584A74B1B78002B00F08784AA
:106C50000023A54CDFF8B8920393CDF81CB012E0E6
:106C600094F9023013F17D0F06DB94F903107D29AE
:106C700002DC8B42C0F2798410349C4B09F110097C
:106C8000A34200F056846278FF2AE9D1984BD3F8EA
:106C900000B0D9F80030ABEB0303002BECDB954AD6
:106CA0002379257802EB8303D9F8087093ED058AE0
:106CB000B0EE480A13F0B4F8A67B002E00F06E8404
:106CC000D9F80C30C31A002BB8BF5B42022B00F37B
:106CD0009784D9F80430ABEB0303002BCCDB94F999
:106CE000053013F17D0F06DB94F906107D2902DCD7
:106CF0008B42C0F2A08494F9073013F17D0FBBDB07
:106D000094F908107D29B7DC8B42B5DABCEEC88A4D
:106D1000052040F2DB5C10FB03C318EE102A92B290
:106D20009342A9DA10FB01C18A42A5DC2846F1F79B
:106D3000C3FBB4F90C803044B4F90A606E4B05EB28
:106D400045024FEA450A03EB8202B2F90630B2F976
:106D50000820834203DC82421346A8BF0346B342A5
:106D600003DB4345A8BF43461E46B74284D06B1E93
:106D7000382B00F22682DFE813F0F402EF021E0245
:106D80002402EB02E702E302DF02DB02D702D302B6
:106D9000CF02CB02C702C302BF02BB02B702B302DB
:106DA000AF02AB02A702A3029F029B0296029102CE
:106DB0008C02870282027D027802730244033F0341
:106DC0003A03350330032B03260321031C03170367
:106DD00012030D0308030303FE02F90258035303D1
:106DE0004E03490362035D03670342020F20F1F77C
:106DF00097FAD0B93A4B1B78D9071BD59BF8683264
:106E0000002B7FF4AAAA3D4C04F5287594F8DA30DB
:106E1000002B40F0CB84E034A542F7D1E1F7E4FB4E
:106E200001238BF86832FFF798BA0F20F1F7DAFAEE
:106E30000028E3D19BF86832002B3FF48EAAE1F7DB
:106E4000D3FBF2F795FB00238BF86832FFF785BA86
:106E5000DBF850322BE50220F1F7C4FA002840F0AD
:106E600014830320F1F7BEFA002800F09484022076
:106E7000FAF774FB0420FAF771FB0820FAF77EFB9F
:106E8000FFF755BADFF88C901D4D1A4FDFF888B028
:106E9000FCE42846F1F7A6FA002840F03083194BAD
:106EA000194A1D600E4B15601B78D8077FF588AB1B
:106EB0000C4B1B78002B3FF47DA9144BDB78002B87
:106EC0007FF478A99BF861320133DBB2032B8BF896
:106ED00061327FF66FA90420F1F752FCFFF76BBB1C
:106EE00094780120357E012014B2012014B40120D1
:106EF000301D0120EC7D012038CF0408B839012075
:106F0000B40100208CA7012094A70120407E01201D
:106F1000D0B70120A436012010BC01200720F1F7D2
:106F200061FAB84BB8491A7880F001031191134007
:106F3000B64A09681370B64A069007910C92BAF1E6
:106F4000000F00F081841278B24814460D92079920
:106F5000A0FB0420DFF800C301F59671AE4F00F0EE
:106F6000FE02BCF800E0059102EB500299F8001017
:106F7000AA4807EE90EAA21A0139B6F812C0F8EE54
:106F8000679AD2B23F7807EE90CADFF8D0820A92B1
:106F900007F00104C278B8EE679AA14FA8F5F67B16
:106FA0000992CAB2318B0E9400240191718B16465E
:106FB000CDF83C90B9460B9110952978DFED998A70
:106FC0009FED998A0E9D069F0391CDF820B0974AB8
:106FD0004FEA840B02EB840090ED000A6BB3FCEEE9
:106FE000C07A019A17EE903A9BB2934225D30B9A3E
:106FF000934222D88E4B059A43F80B20002D71D175
:107000005FBB012E80FE680A80FE080A32D909EBB8
:107010000B0383ED000A072C07DC039B2A2B04D10A
:1070200012F0FEFE834B43F80B00013408F1060812
:10703000544562D0754B1B78C9E7002D49D167B91B
:107040007B4B079A53F80B30D31A002B50DB042CE0
:1070500003DC6E4B4FF000021A70E0B2EBF7BCFAA3
:1070600007EE900A012EB8EE670A80FE680A80FEDD
:10707000080ACCD8FCEEC07A089A0A9992F8340231
:10708000CDED067ABDF8183028F8113030B90D99D9
:10709000022915D94FF0010382F83432B8F80230D2
:1070A000B8F800C0B8F804006344034418B2624B57
:1070B00083FB0023614AA3EBE07322F814009BB228
:1070C00007EE903A09EB0B03F8EE677AC3ED007A0E
:1070D000A1E7099B002BB2D0042CBEDC042C09FED6
:1070E000890A8EE7099B002B8AD0042C89DDB4E73E
:1070F00009EB0B0393ED000A83E7444B4F46DDF8A1
:1071000020B01B78109DDDF83C90002B00F0FD8135
:107110000420424CFAF742FA119B22691B68E36093
:10712000002A00F077839B1AA268934200F36A83D7
:107130002B78282B06D1D7ED047A3E4BFDEEE77A6B
:10714000C3ED037A0C9A137801331370FFF79EBBDB
:10715000384AB3E4B4F85024D4F854340132A4F8D3
:107160005024FFF7EEBBA2F2B7324FF6302192B2B5
:107170008A4204D8234A1278002A40F07E83D4ED54
:10718000006A9FED2F7AFFF7BCBB244B9A78002A48
:107190007FF412AC01229A700EE404EB8301D4F860
:1071A0005434D1F8582401330132C4F85434C1F8AE
:1071B0005824FFF7C1BB731EDBB2032B01D8214A51
:1071C000D37031462846F1F747F91F4B1B78002B47
:1071D00040F01E8201205544FAF7A4F91B4A0BF532
:1071E000FA71039802EB8505194BC9F800100122CA
:1071F0002979C9F8086008431A7003903CE5154BDB
:10720000DE80DEE7357E0120301D012080860120F2
:1072100069940120ABAAAAAA94780120407E01209B
:10722000EC7D012000A00C4500803B441C94012013
:107230006C940120BC0100205655555548BE0120D4
:1072400000000000C47B01200086012038CF040824
:1072500060A701204C8D012048A70120FCBD012022
:107260009D4B1B6883F84260ABE79B4B1B6883F820
:107270004C60A6E7984B1B6883F84B60A1E7964BE0
:107280001B6883F84A609CE7934B1B6883F849604E
:1072900097E7914B1B6883F8486092E78E4B1B6819
:1072A00083F847608DE78C4B1B6883F8466088E75E
:1072B000894B1B681E8484E7874B1B68DE8380E74D
:1072C000854B1B689E837CE7834B1B685E8378E756
:1072D000814B1B681E8274E77F4B1B68DE8170E761
:1072E0007D4B1B689E816CE77B4B1B685E8168E76A
:1072F000794B1B681E8364E7774B1B68DE8260E76F
:10730000754B1B689E825CE7734B1B685E8258E777
:10731000724B1B681E7454E7704B1B689E7350E7DA
:107320006E4B1B68DE734CE76C4B1B681E7348E7A3
:107330006A4B1B689E7244E7684B1B68DE7240E72D
:10734000664B1B681E753CE7644B1B689E7438E7F0
:10735000624B1B68DE7434E7701EC0B204F066FA3C
:107360002FE7701EC0B2F0F74BFF2AE75A4B1B689D
:1073700083F8776025E7584B1B6883F8766020E731
:10738000554B1B6883F854601BE7534B1B6883F80D
:107390004F6016E7504B1B6883F84D6011E74E4B6A
:1073A0001B68A3F86C600CE74B4B1B68A3F86A6082
:1073B00007E7494B1B68A3F8686002E7464B1B6868
:1073C000A3F86660FDE6444B1B68A3F86460F8E62A
:1073D000414B1B68A3F86260F3E63F4B1B6883F8E0
:1073E0004060EEE63C4B1B6883F83E60E9E63A4BB2
:1073F0001B6883F83F60E4E6374B1B6883F8436003
:10740000DFE6354B1B6883F84160DAE6324B1B68D8
:1074100083F87B60D5E6304B1B6883F87A60D0E652
:107420002D4B1B6883F87960CBE62B4B1B6883F8E8
:107430007860C6E6284B1B6883F87F60C1E6264B60
:107440001B6883F87E60BCE6254B9E70B9E6254933
:1074500047F6FF70244A0968BBF95E62896882FBBF
:10746000012CC917A1EBAC174FEAAC123844864285
:107470003FF793A8521A3244ABF85E22FFF78DB85B
:107480004020FAF77BF8FFF7B5B90220FAF766F863
:107490000420FAF773F80820FAF760F8FEF747BF00
:1074A000124B02200193F0F7ABFEFEF785BE0F4BA7
:1074B00003200193F0F7A4FEFEF77EBE0B4B0020E5
:1074C0000193F0F79DFEFEF777BE084B0120019374
:1074D000F0F796FEFEF770BE147B012068250020B1
:1074E0004C8D012070220020D34D6210BC7701200A
:1074F000019B1B689B073FF57AA9FEF718BF8BF825
:107500006152F1F77DFBFFF756B8F0F7E9FD0FE6A2
:1075100000283FF444A9DFF8FCB39BF85C32002B51
:107520003FF40EA8F9F78EFE00238BF85C32FEF7CD
:1075300036BE039BDDF81CB0DD0700F15281039BD2
:107540009C0700F14981039B580700F13981039B97
:107550001A46120700F13C81002B7EF4E3AE0021B5
:107560000846F0F779FFFEF7DDBED34840F2DB5561
:1075700000EB82020520D2ED057A10FB0353FCEEEE
:10758000E77A17EE902A92B29342BFF675AB10FBE2
:1075900001518A423FF770ABFFF778BB94F90610B0
:1075A00040F2DC5294F905A0B4F90C80A1EB0A0C6E
:1075B000B4F90A600CEB8C0CA8EB06039CFBF3FE01
:1075C0000593BEF1000F4FF00503B8BF0EF1010E99
:1075D00013FB012113FB0A2201EB6E01A2EB6E02E9
:1075E00088420ADA904208DD801A059B03FB00F30B
:1075F00093FBFCF03044FFF7A1BB3846FFF79EBB7E
:107600000BF16403C9F80C00C9F80430FFF734BB70
:10761000AA4B1B780A3B012B3FF6DCAD4520E4F773
:107620006FF80D20E4F76CF82846E4F769F8304667
:10763000E4F78EFACEE5FCEEC87A052040F2DB5C7A
:10764000CDED057A10FB03C3BDF814209342BFF6BD
:1076500052AB10FB01C18A423FF74DAB2846F0F711
:107660002BFFB4F90C80801BB4F90A60FFF766BBEE
:10767000934B9449DA7B07EB8207934A57ED017AE3
:10768000FDEEE77A17EE903A1BB2B3F5FA6FA8BF9A
:107690004FF4FA63B3F57A7FB8BF4FF47A73A3F56A
:1076A0007A73C3EB8323A1FB03139B091380FFF7BA
:1076B0007EB9FEF767FC854A854B1268801A9842AE
:1076C0007FF775A9804B00221A80FFF770B9DBF8AD
:1076D0005832029CE31A002BFFF669A97D4844F654
:1076E00020637D4A407C234432F81000CBF85832A6
:1076F000C0F38D00EAF7A2F9FFF759B91920F0F7A6
:1077000071FE00287EF454AFBBF95E32B3F5FA7F08
:10771000FEF650AD9BF86032002B7EF44BAD6F4A05
:10772000012112788BF86012D10700F11D81F1F769
:1077300067FA6B4B1B68002B00F03F810023694AFE
:107740008BF860320192FEF737BDBBF95E32B3F5BC
:10775000FA7FFEF62FAD9BF86032002B7EF42AAD47
:107760005E4A01205E4912788BF8600212EA00043A
:107770000B6000F0D3805B4B03200193F1F700F81E
:10778000FEF71ABD584B1A70FFF7EEB82020F9F734
:10779000F5FEFFF73CB80220F9F7E0FE0420F9F708
:1077A000DDFE0820F9F7DAFEFEF7C1BD2068F9F723
:1077B000E2FBE0220021204614F03CFEFFF72BBB49
:1077C0004A4B1868ECF76AFA039B19077EF5AAADD5
:1077D000EDF77CFEFEF7A6BD444B1868EDF7ECFB19
:1077E000B1E6F0F7CBFCAAE6029A18EE103ADFF801
:1077F00024B113443E499BF85C220B60002A3EF4FE
:107800009FAE8FE601234FF4004084F82530F9F74E
:10781000C5FE8DE44FF400402361F9F7C7FED4E9BB
:10782000033280E4334C0720DFF8EC901194F0F73A
:10783000D9FD314B80F00100304A1B7821680340AC
:107840002F4D13702F4A0C921B4FDFF8C8B0002B3E
:107850003FF45BAE5CE42C4B93F8743293423EF4FD
:10786000C1AE2A4B1B78032B3EF4A4AC284B5B7AA9
:10787000002B7EF4B7AEFEF79DBCF6EE087AD4ED91
:10788000006A66EEA77AB4EEE77AF1EE10FA53D406
:10789000F7EE047A66EEA77A87FEC77A37EE667A45
:1078A000FFF72FB8DFF86CB00220F0F769FF8BF814
:1078B0005C62FEF774BC00BFEC7D012038780120CB
:1078C000C8360120D34D6210968E0120D4B9012014
:1078D00060E3160000270120DC01002094780120DD
:1078E0008CA70120BC7701202C460020147B0120AE
:1078F00090A70120301D0120357E012080860120C7
:10790000B401002069940120841A01203D7E0120E9
:107910006878012010BC0120A4360120644B0F20A0
:107920000193F9F7A9FCBBF85E328BF86042FA3B91
:10793000ABF85E32FEF740BC37EEE67AFEF7E1BF09
:107940005B4B0220019303F071FFFEF735BC03F09F
:107950006DFF574B0193FEF72FBC554B0120019350
:1079600003F064FFFEF728BC524A514913600191AD
:10797000FEF722BC504942F21073504A088B9168BE
:1079800003FB00F34E48B3FBF1F30168C2F8D431B6
:10799000C2F870330B0670D4454B01931B685F0728
:1079A0007EF50AAC474B1420474A0021188011800D
:1079B0000022464B1A60FEF7FFBB454B1B68B3F530
:1079C000805F7EF4F7AB2378002B7FF4B7AEFEF731
:1079D000F1BB00249BF8622215941AB103F0C00297
:1079E000802A5CD1B73B072B3EF6E4AB01A252F8EC
:1079F00023F000BF657A0308B5610308B561030889
:107A0000B56103085D7A0308B5610308537A03087A
:107A1000157A03080123ADF854302E4B0120BDF830
:107A200054409989DA892144BDF856408BF86202A6
:107A3000224499811E49DA810191F9F773FDBBF85F
:107A40005E320022FA3B8BF86022ABF85E32FEF722
:107A5000B3BB4FF6FF73ADF85430DEE70123ADF84A
:107A60005630DAE74FF6FF73ADF85630D5E708F039
:107A7000B9FF9BF85D32FEF7D1BDE3F747F98BE71D
:107A8000E8F766FB0A4B0193FEF796BB124B4FF4E7
:107A9000C8720749A3F8A8200191FEF78DBB08F032
:107AA000A1FF034B8BF862420193FEF785BB00BF39
:107AB000BC77012094A701200C8E0120C802002071
:107AC0004C390120E4A40120D0AF0120D4AF012023
:107AD0000C7B0120343D0120F443002038B50546DD
:107AE0000C46FEF74FFA2B7B93B90A4A20441368E1
:107AF000144623B907E003F108049B681BB15A68D8
:107B0000121A002AF7DB0122C5E901032A73256056
:107B100038BD00BF10BC012038B50546FEF732FA6B
:107B20000446FEF72FFA031BAB42FAD338BD00BF61
:107B300010B5441E013C4FF47A70FFF7EDFF631C53
:107B4000F8D110BD30B4EFF31183102282F3128804
:107B50000A4C00250A49DBB222680A480132226039
:107B60008A68C0F8E821C0F8E4510A6883F31188F4
:107B7000054A1368013330BC13607047301D012083
:107B800010E000E010BC0120802601200368DB6AC1
:107B900003B11847704700BF03689B6A03B11847D9
:107BA000704700BF03689B69184700BF03685B69A3
:107BB000184700BF0368DB68184700BF03689B686D
:107BC000184700BF03685B68184700BF03682DE9CA
:107BD000F0415F6A1FB13B46BDE8F0411847002AFB
:107BE000164611DD04460D460E4400E023689B68EE
:107BF000204698470028F9D02368204615F8011B35
:107C00001B689847AE42F1D1BDE8F081DEE700BFC6
:107C100003681B68184700BF38B50C4614F8011BF1
:107C200041B105462B6828461B68984714F8011B8C
:107C30000029F7D138BD00BF10B5084C236893F870
:107C4000252012B15B68984700B910BD044A012194
:107C50002368126883F826109A6210BDA0010020E4
:107C6000301D012010B5054C23689B689847236898
:107C7000002283F826209A6210BD00BFA0010020D8
:107C8000054B53F8203033B11A689B8851690B4279
:107C900018BF1B04936170474C37012038B50409A5
:107CA000013C052C19D80F4D00F00F0305EB4402E1
:107CB00032F8601C41FA03F212F001020FD00120E9
:107CC0002C4498400138084011F094FE14F8543CBC
:107CD000054A184402EBC00038BD002038BD1046EC
:107CE00038BD00BF38F1040888BE0120F0B4104947
:107CF0004FF6FF740F4F01250F4EDFF840C00023F1
:107D000044FA03F205FA03F0013312F0010F03D035
:107D10000E60083121F8040C102BF1D106F58066B5
:107D2000664502D037F8024FE9E7F0BC704700BF64
:107D300088BE0120D8F0040800000240001802406C
:107D400008B1FDF7B5B8704770B5392086B0FFF7B8
:107D5000A5FF054610B140F23D23C380124C4FF4FD
:107D6000007002210026236B032243F004032363E7
:107D7000236B019003F0040302910C4801A90093C6
:107D8000009B049203960596DCF71AF9A368324625
:107D900028460E2123F0784343F0E043A360FFF729
:107DA000CFFF06B070BD00BF00380240000802409F
:107DB000F8B50B4F97F8243083B10A4C0025A6681C
:107DC0000135A0343079FFF769FF14F88C1C727A02
:107DD000FFF7B6FF97F82430AB42F0DC0120F8BD86
:107DE000F80900208C1A002010B10022FDF760B8BD
:107DF000704700BF38B5094C04F5407502E00834FF
:107E0000AC4209D0A379002BF9D1204608342021B7
:107E1000FFF7EAFFAC42F5D138BD00BF88BE0120B4
:107E20002DE9F041104D01244FF0510852272E1D2D
:107E300015F8010BFFF732FF202120B180F80680F2
:107E4000C471FFF7D1FF16F8010BFFF727FF4021A0
:107E500018B18771C471FFF7C7FF0134E4B2052C74
:107E6000E6D1BDE8F08100BF88C1012018B1838848
:107E700002681B049361704770B5056804462B6A5D
:107E80001B6943B12B6AD0F894001B6998470128FD
:107E900023D002281ED02B6ADA694AB95869002813
:107EA00034D0996929625A61BDE8704010F0E6BB90
:107EB000296A143395F824200E7B2B62F6B2C2B9DE
:107EC00006BB204610F0D0FA20460121BDE87040E4
:107ED00010F052BB00232B6270BD2B6A0146204676
:107EE000143B2B6210F048FB2B6ADA69002ADFD1C1
:107EF000D4E70021204610F03FFB002385F8243012
:107F0000002EDED0A068FFF7B1FFDAE7286270BD6F
:107F100010B1036882889A61704700BF38B58469E0
:107F2000002C39D025682B6A1B7B53BB204610F0F0
:107F30003FFA2B6A5B6803B32B6A5A682B6A22F0FC
:107F40001F0259682B6A01F01F019B681F331944F7
:107F500021F01F01BFF34F8F00290ADD114402F108
:107F600020030E488B42C0F85C221A4603F120031E
:107F7000F8D1BFF34F8FBFF36F8F2046BDE8384075
:107F80007AE7A068FFF7C4FF204610F011FA2B6AC9
:107F90005B68002BD0D1F0E738BD00BF00ED00E0FA
:107FA00038B5846904B938BD2568204610F000FA58
:107FB0002B6A1B7B1BB92046BDE838405CE7A068F4
:107FC000FFF7A6FF2046BDE8384055E718B1026824
:107FD000838809B1936170471B04FBE7114B01468D
:107FE0001B882BB9104B114A1B78106893B1EDE731
:107FF0000F4B5A698AB188B10E4801210E4A10B45C
:1080000004881868B2FBF4F20A415DF8044B026080
:108010005974704781F00101D8E770471A68106001
:10802000587470475E3701206437012060370120A3
:10803000683701208037012040420F0038B5074BD8
:1080400003EBC0042579627969408A4200D138BDCA
:1080500053F83000FFF7BAFF617138BD08370120CF
:1080600001230A4A834010B4094C127854F82000C6
:10807000134029B1191E5DF8044B18BF0121A5E773
:10808000B3FA83F15DF8044B49099FE744370120B7
:108090004C37012008B501210020FFF7E1FF012145
:1080A0000846FFF7DDFF01210220FFF7D9FF114B42
:1080B0001B7803F00503052B18D000210846FFF7B5
:1080C000CFFF00210120FFF7CBFF00210220FFF7A7
:1080D000C7FF3220FFF72CFD0020FFF7D1FD012064
:1080E000FFF7CEFD0220FFF7CBFDF2E7ECF702F839
:1080F000E3E700BF3CAD012008B501210220FFF7F6
:10810000AFFF0F4B1B7803F00503052B15D00021A3
:108110000120FFF7A5FF00210846FFF7A1FF4FF45C
:10812000FA70FFF705FD0220FFF7AAFD3220FFF7E6
:10813000FFFC0220FFF7A4FDF1E7EBF7DBFFE6E72A
:108140003CAD012070B50E46012104460846FFF7FC
:1081500087FF00210846FFF783FF44B3651E013EF9
:10816000EDB201203446FFF78BFD0020FFF788FDBC
:108170000120FFF733FF013C4FF47A70FFF7CCFC8E
:10818000621CF8D101203446FFF77AFD0020FFF78A
:1081900077FD0020FFF722FF013C4FF47A70FFF7D4
:1081A000BBFC631CF8D1013DEDB2FF2DD9D170BDF0
:1081B000013070B54D1EC6B2322105204FF4FA745D
:1081C000FFF7C0FF4FF47A70FFF7A6FC013CF9D12E
:1081D000FA2130464FF47A74FFF7B4FF4FF47A7007
:1081E000FFF79AFC013CF9D1013DE5D270BD00BF1B
:1081F00030B1036882881B691A4214BF0120002035
:10820000704700BF28B18088B0FA80F0C0F11F002D
:1082100070474FF0FF3070474FF47C40FCF7C0BD13
:108220004FF47870FCF7BCBD1020FCF7B9BD00BF5F
:108230000820FCF7B5BD00BF0420FCF7B1BD00BFAE
:108240000220FCF7ADBD00BF0120FCF7A9BD00BFB7
:1082500060B182884FF00043B2FA82F2D34005D079
:10826000034A116821EA030111605361704700BF9E
:10827000003C014058B183884FF00042B3FA83F3C9
:1082800032FA03F303D002490A6813430B607047C4
:10829000003C0140F0B4561C104F114D002306EB7A
:1082A00046063C46B60004E00133172B13D054F8C1
:1082B0002C5FA842F8D125798D42F5D1A559002D22
:1082C000F2D02C210C2001FB03F3083310FB023306
:1082D000F818F0BC70470020F0BC7047ECF00408C0
:1082E000000001402DE9F041154686B08846194648
:1082F0006A1CBDF830600D9F26D0030900F00F0402
:10830000184A30464033CDE900450593B847C0B11F
:10831000EAB2D8F8000098F80510022A11D82A46C7
:10832000FFF7B8FF68B1028801783046059B0391DA
:10833000C2F30321120B02910021CDE900420A4A47
:10834000B84706B0BDE8F0817306FAD4030900F01F
:108350000F00064ABC460C904033304606B0BDE8DC
:10836000F0416047D8460508EA4605081347050866
:10837000144B154A0168F0B403F5727403E0A3428C
:108380001BD053F82C2F9142F9D11D794279954297
:10839000F5D11D46D0F80CC00022EF68674506D025
:1083A00001320C35032AEAD0EF686745F8D12E690F
:1083B0000769BE42F4D150B201E04FF0FF30F0BC8B
:1083C000704700BFECF0040800000140D8B1002362
:1083D00070B406460D483579041D01E0152B0FD009
:1083E00003EB43020133A15CA942F7D10244717946
:1083F000306892F90620D3B2022B01D870BC49E74D
:10840000002070BC70470020704700BF10BC0120E6
:10841000D3B2012B23D80823F0B4124F0C26002529
:1084200016FB02363C462B4604E00133182B13D0D2
:1084300014F81C5FA842F8D165788D42F5D1A55992
:10844000002DF2D0C3EBC3030C209B00043310FBC0
:108450000233F818F0BC70470020F0BC70470020D1
:10846000704700BFE0F404082DE9FF471E46C368CB
:10847000044689469246BDF83070DDF834804BB32F
:10848000CBB20D2B24D81A4AD556BAF1FF3F23D0D0
:1084900023683146174A3846CDE9005AC04752464C
:1084A0005FFA89F12079FFF7B3FF024600B1028835
:1084B000D3B2314638460393C2F30323120B02931F
:1084C0002368CDE900520C4AC04704B0BDE8F087EC
:1084D0000025DAE74D1CD8E77B06F6D42368314641
:1084E000064A3846C4460C9504B0BDE8F0476047DC
:1084F0002831050827470508344705085847050867
:108500002DE9F04F704D0A460021824605F1800B9F
:108510002DED028B8BB003F039F9814600266B4BB1
:1085200093F85841AB7AB34200F391801035AB45D4
:10853000F4D140F2162008F077FBD0E902530CB1D9
:108540002C461D460DF1100B002715220021584620
:1085500013F070FF2E78002E41D069783046FBF77B
:10856000CBFE95F9023008EE100A5A1C02935342D2
:108570005341002C00F0A580002214F802C0A0187E
:10858000B44540F09A8090F90280029A424540F04A
:10859000928042788A4208BF0123012203F001033E
:1085A0000BF807204A4683F001015046039303F07D
:1085B000EDF8039B81464CB1454A18EE101A30463F
:1085C000CDE900A24246FFF78DFE039B414A18EE1B
:1085D000101A3046CDE900A2029AFFF783FE013758
:1085E0000335152FB6D16CB304F13F06384FDFF8D1
:1085F000E4801BF8013B02930BBB2078F8B194F99F
:10860000022001321BD06178FBF776FE05464A4610
:108610000121504603F0BAF894F90220029B294642
:1086200081462078CDE900A7FFF75CFE2078029B09
:108630004FF0FF322946CDE900A8FFF753FE03347F
:10864000B442D6D10BB0BDEC028BBDE8F08FE88808
:1086500008F0EAFAD0E902230CB114461A462B7A44
:10866000697A06FB031312F903800CB3E756B84589
:108670004A4650460DBF01230023012100210293E9
:1086800003F084F8029B814644B1114A31462846E2
:10869000CDE900A23A46FFF7E7FE029B0D4A3146BC
:1086A00028460136CDE900A24246FFF7DDFE36E757
:1086B0004FF0FF37DBE700236FE703323F2A7FF4F9
:1086C0005CAF4FF0FF386DE74C09012010BC012072
:1086D0008DE30308BDE30308064A00235168013314
:1086E0002432814203D0102BF8D100207047D8B239
:1086F000704700BFAC01012010B4441E074B04EBCF
:10870000C40403EB84031C7F24B919775A775DF8FE
:10871000044B704700205DF8044B7047AC0101200A
:1087200038B50C4605460078FFF7B8FA611C0446D8
:10873000C9B210B14023C171837120466978FFF737
:1087400053FBAB7820461BB1BDE83840FFF7E0BBD8
:10875000BDE83840FFF78ABB0D4B2DE9F0410546D7
:108760001F6800240B4EA74201DCBDE8F08104EB3A
:108770004403F05C03EB0608FFF790FA854204D14E
:1087800021464046BDE8F041CAE70134EBE700BFAF
:10879000CC260120D026012070B40468EFF31186A6
:1087A000102383F3128803681B6AE3B18B680546C4
:1087B0000A461BB1D3691432002BFBD1236ACBB11B
:1087C0009C683CB9934209D01C682CB15B689C68DA
:1087D000002CF7D01433F3E7C3E90051F6B286F367
:1087E000118870BC7047F6B2216286F3118870BCA4
:1087F0000FF044BF1D60FFDE03680246187B18B10E
:10880000586908B192F88800704700BF2DE9F04F11
:108810005F4F83B05F4D0126B8462B78022B08D0FE
:108820000136283508F10508052EF6D103B0BDE85C
:10883000F08F98F90340621C00F0A180E4B200942C
:108840005FFA86FB0BF1FF395FFA89F962B249469C
:108850000020FFF7DDFD8246002869D04068FFF761
:108860003BFF5A4614210746FFF746FF00285FD01A
:108870007A1EDAF8084038465142134602EBC2022B
:1088800001F0070C444903F0070301EB820258BFD3
:10889000CCF10003D4602A61137210F0CFF998F97B
:1088A0000440631C6FD0E4B2CDE9004562B2494692
:1088B0000120FFF7ADFD0546002840D04068FFF7D6
:1088C0000BFF5A4613218246FFF716FF002836D0C9
:1088D0000AF1FF322B46019D504651429C681346D7
:1088E00002EBC20201F0070C2B4903F0070301EB76
:1088F000820258BFCCF10003D4606A61137210F099
:108900009DF9002F38D0BAF1000F1ED0686910F021
:108910001DF8286910F01AF8284610F03DF80023D9
:1089200050461E491A4610F063F901232B7377E76E
:108930000134009BE4B2A34288D20027AFE70134A0
:10894000009BE4B2A342B1D2019DAFB12423124AED
:10895000781E002403FB0020C5E904040FF0F6FF95
:10896000284610F019F8234622460D49384610F0E3
:108970003FF901232B7353E7C5E9047750E701233F
:10898000002400935CE701230024019500938DE708
:108990005036012090C10120AC0101201D7F030849
:1089A000A17F0308013903292ED81C4A0346012060
:1089B00030B401EB810402F5B06583F8880002EB66
:1089C000C40205EBC40492F880551C60022D1DD032
:1089D000C9B2134CC1EB011154F83110C2F884151F
:1089E00079B102254FF4807403F110014C3382F801
:1089F0008055A2F88C45C2F89815C2F89C3530BC59
:108A00007047002030BC70470020704792F88D35C9
:108A1000034430BC82F88D35704700BF10BC012084
:108A2000B8AD0120084B024602201968B2EB910F45
:108A30004FEA910307D25B0840009A4280B202D20B
:108A4000FF28F8D9704770477C1E012070B592B09E
:108A50000023012204460DF107060DF10B058DF8E8
:108A6000071003A905920A928DF82C208DF840205A
:108A7000039604938DF8183011930995CDE90733C7
:108A8000CDE90C33CDE90E33FFF786FE2268136A79
:108A9000002BFCD19DF80B0012B070BD70B592B0E8
:108AA0000024054609920DF1070601228DF80710F2
:108AB00003A90A9305928DF82C208DF840208DF89B
:108AC00018401194CDE90364CDE90744CDE90C4485
:108AD000CDE90E44FFF760FE2A68136A002BFCD133
:108AE00012B070BD10B50468246A0CB1002010BD2E
:108AF00041F08001FFF7D2FF012010BD70B592B0A8
:108B00000023012405468DF806200DF107060DF11E
:108B100006028DF8071003A90396089204938DF8B6
:108B2000183007930993119305940A948DF82C40FB
:108B30008DF84040CDE90C33CDE90E33FFF72CFE24
:108B40002A68136A002BFCD112B070BD08B5036807
:108B50001B6A0BB1002008BDFFF7D0FF012008BD44
:108B600070B58AB00024054601260091694601923D
:108B700002938DF80C608DF820600994CDE90444CF
:108B8000CDE90644FFF708FE2A68136A002BFCD1E2
:108B90000AB070BD0268136A002BFCD1704700BF99
:108BA00003681B78012B06D0022B08D1044A1378E6
:108BB000013313707047034A137801331370704701
:108BC000CCB70120CDB701202DE9F04F066883B066
:108BD0003578012D0CD0022D05D141F0800103B074
:108BE000BDE8F04F7EE70026304603B0BDE8F08FC9
:108BF000044696F904000328D4BF00260126B0F1EC
:108C0000FF3F08BF46F00106002EECD194461F46F8
:108C100000EB40023C4B4FEA400E03EB4212D2F80D
:108C20001480B8F1000FDFD092F85590B9F1200F01
:108C3000DAD1D8F8188018F40048D5D192F85490B9
:108C4000B9F1010FD0D01FFA87FADFF8DCB0222784
:108C500094F80490DBF800404FF0400B82F8557018
:108C60002A4F82F856B0C2F85880A2F83EA0176486
:108C7000D78F82F85450BDB2254FC2F838C0FF2DAF
:108C800097643CD8D78F4FF00075BFB286440094EC
:108C90004FEA49090A4603EB4E1019234946044698
:108CA0001430A787D0F772FFF0B9626949EA050569
:108CB0001849536894F83C600B4017492B43A56C46
:108CC00043EA0643154E1943B542516084F85400F7
:108CD00004D0134B9D4218BF4FF0F40813680126CF
:108CE00043EA080313607FE70E4A0021B2F86A31B5
:108CF00084F8541001339BB2A2F86A3174E7FF275D
:108D00004FF08075C2E700BF9C2C01200000FFFFE0
:108D1000D94A0108009800FC002400808D48010811
:108D20009549010810BC0120802601202DE9F04F53
:108D30000C46016887B091F800E00392BEF1010F84
:108D40000DD0BEF1020F05D144F0800107B0BDE89F
:108D5000F04FC7E60027384607B0BDE8F08F91F91D
:108D60000480B8F1030FD4BF00270127B8F1FF3FFB
:108D700008BF47F00107002FECD108EB4805B64AC1
:108D80001E464FEA48036D01049302EB050A1435B1
:108D9000DAF814301544002BDDD00379FF2C05934D
:108DA0009AF8553000F0B780202B40F0AC809AF84C
:108DB0005430012B00F0A780A84872468AF854E08E
:108DC0001923D0F800B04FF400412846CDF800B088
:108DD000DBF778F8002840F09680059B2220B6B299
:108DE0004FF0400C4FEA4309039BCDF800B02246F8
:108DF0008AF8550049468AF856C02846CAF83830DD
:108E00000A23CAF85870CAF84870AAF83E60D0F72A
:108E1000BDFE002840F07D81BAF83E309BB2FF2BAA
:108E200040F27A81DAF81410FF208D4A4B68AAF8D4
:108E30003C0013408B4A43EA09031A434A60049BEF
:108E40005E4643449846844B03EB481404E0E38FAA
:108E50009BB2002B00F072810A23002204212846D5
:108E60000096DBF72FF800284DD16269A36B526A98
:108E70001A70E18FA38F0139A26B013B89B20132D5
:108E80009BB2E187E18FA38789B2A263002BDED179
:108E90000029DCD0024680210A2328460096DBF711
:108EA00011F8DFF8D0C14FF0FF0E614658BBE38FD9
:108EB0006D4A9BB2734540F2F0806169A4F83CE0D2
:108EC0004B6803EA0C0343EA09031A434A60BEE70E
:108ED0009A69520702D5A28F002A7CD1049A2020D9
:108EE0005D494244D861614C9046002201EB48182C
:108EF000596821405960C8F8582088F8542088F8EB
:108F0000550088F856205A4AB2F86A3101339BB2AC
:108F1000A2F86A311FE7202BF5D19AF85430012BC3
:108F2000F1D0DFF838B172468AF854E01923DBF843
:108F300000904FF400412846CDF80090DAF7C2FFC8
:108F40000028E0D1B3B2102222210598CAF8487057
:108F50008AF8551040008AF85620CAF85870AAF8C6
:108F60003E30BAF83E30039A9BB20590CAF83820DA
:108F7000FF2B40F2A280DAF81410394A4B68AAF8A5
:108F80003C401340374A03431A434A60049B03EBB7
:108F9000080A314B03EB4A14E38F9BB2002B00F01D
:108FA0009F80636911E09E69F60604D5DAF71AFF1F
:108FB0000028A8D16369996911F0200188D1DBF8F4
:108FC0000020A2EB09020A2A34D89E694A460A21E7
:108FD00028467607E7D55A6AA36B1A70E28FA38FEB
:108FE000013AA16B013B92B201319BB2E287E28F61
:108FF000A38792B2A163002ACED0002BCCD10A2342
:10900000002280212846CDF80090DAF75BFF002887
:109010007FF479AFE38F9BB2FF2B2DD96169FF20DD
:10902000144A4B68A087134005980F4A03431A431C
:109030004A60B1E7049B202243449846064B03EB69
:109040004818D8F8583088F854101343C8F85830E6
:1090500088F8552057E700BF9C2C0120802601206E
:10906000009800FC0024FF810000FF0100E800FEE2
:1090700010BC0120009C00FCE28F616992B23C4E62
:109080004868D3B2A28700EA0602059840EA034383
:10909000134343F000734B607EE7E28F606992B246
:1090A000D0F804C0D3B2A2870CEA010149EA034315
:1090B0000B4343F000734360C9E6BAF83E20DAF888
:1090C000141092B22B4C4868D3B2AAF83C2020402E
:1090D000059C294A44EA034303431A434A6055E77F
:1090E00049462846D0F788FD00287FF40CAF636915
:1090F0002021224A0127D96102EB4A1A204D5A68E1
:109100002A405A608AF8540084F8551084F85600B2
:1091100021E68AF85470F6E6BAF83E20DAF8141020
:1091200092B2144C4868D3B2AAF83C202040124AAC
:1091300049EA034303431A434A6080E6314628461E
:10914000D0F75AFD00287FF4DEAE636920210B4A78
:109150000127D96102EB4818094D5A682A405A6024
:1091600088F8540084F8551084F85600F3E500BFE1
:10917000009C00FC009800FC002400829C2C012034
:1091800000E800FE2DE9F04F056883B02C78012C33
:109190000CD0022C05D101F07F0103B0BDE8F04FE7
:1091A000D4E40025284603B0BDE8F08F034695F9C6
:1091B0000400454E032886F82026D4BF002501254B
:1091C000B0F1FF3F08BF45F00105002DE9D1DFF800
:1091D00008E100EB40024FEA400C0EEB42125769E7
:1091E000002FDFD092F85580B8F1200FDAD1BF6997
:1091F00017F40047D6D192F85480B8F1010FD1D0BE
:109200004FF04009DFF8D480DFF8D4B04FF0210AE6
:109210001B79DBF800B082F855A082F8569006F56D
:10922000C4699765D487C2F84080B2F83E8082F85E
:1092300054401FFA88F4DFF8AC80C2F83890FF2C55
:10924000C2F848803CD8D48F4FF00078A4B2844450
:109250004FEA43090A46CDF800B00EEB4C104946E0
:10926000192382461430AAF83C40D0F7F1FFE8B940
:10927000DAF81420154953689AF83C500B40144C06
:10928000DAF8481043EA0903A14243EA054343EAF6
:10929000080353608AF8540003D00E4B994218BF5C
:1092A000F227136801251F4317607BE7B6F86A3180
:1092B000002201338AF854209BB2A6F86A3171E784
:1092C000FF244FF08078C2E710BC0120009C00FC16
:1092D0008D480108954901089C2C01200000FFFFE2
:1092E00080260120D94A01082DE9F04F046887B093
:1092F0000D462678012E0FD0022E08D101F07F01F5
:10930000FFF724FC0446204607B0BDE8F08F002498
:10931000204607B0BDE8F08F94F904800379B8F1D6
:10932000030F8DF817200293D4BF00240124B8F155
:10933000FF3F08BF44F00104002CE8D108EB4807C8
:10934000DFF8DCA14FEA48020AEB471903927F01DC
:10935000D9F81430002BD6D099F85530202B40F096
:109360008D8099F85430012B00F0888067491437BC
:1093700089F854601923D1F800B0574432464FF4AD
:1093800000413846CDF800B0DAF79CFD002875D1D1
:10939000029B40200DF1170CCDF800B05B002A466F
:1093A000C9F84840194602932123C9F838C089F802
:1093B00055300A2389F856003846C9F85840A9F8AC
:1093C0003E60D0F745FF002870D1B9F83E309BB21F
:1093D000FF2B6ED9D9F81410FF204D4A4B68A9F81D
:1093E0003C00134002984B4A03431A434A60039BD4
:1093F0005E46DDF808904344029498460AEB431514
:1094000003E0EB8F9BB2002B67D032460A2138462F
:10941000DAF728FD002830D1AA6B6C6912F8011B1D
:10942000AB8FA162E98F013BAA6301399BB289B27C
:10943000AB87E987EA8F92B2002AE2D0002BE0D115
:10944000024680210A2338460096DAF73BFDDFF812
:10945000C0C04FF0FF0E614678B9EB8F2D4A9BB22A
:10946000734513D96969A5F83CE04B6803EA0C031E
:1094700043EA09031A434A60C3E7029C264AB2F84A
:109480006A3101339BB2A2F86A313CE7EA8F68691E
:1094900092B2D0F804C0D3B2AA870CEA010149EA1B
:1094A00003430B4343F000734360AAE789F8544039
:1094B000E4E7B9F83E20D9F8141092B2144D486888
:1094C000D3B2A9F83C2000EA0502029840EA03431F
:1094D000134343F000734B6089E731463846029CE2
:1094E000D0F78AFB0028C9D16B6920210B4E0AEB0B
:1094F0004818D96101245A6832405A6085F85510DD
:1095000088F8540085F85600FDE600BF802601204B
:10951000009C00FC0000FF0110BC012000E800FEE0
:109520009C2C0120427B42B1036810B50446D0E96F
:10953000010198470023637310BD704710B5437B4A
:1095400004468268581C6073D154627B237B93422B
:1095500000D802B910BD2368D4E90101984700235F
:10956000637310BD084B1B6893F8260000B9704761
:10957000986A0028FBD0054B00F6B8301B6898426B
:109580002CBF002001207047A0010020301D0120C9
:10959000094B1B6893F8240058B1084B002201E0E6
:1095A000904206D019880132A0330029F8D000205B
:1095B00070470120704700BFA00100208C1A0020D6
:1095C0002DE9F04F754CA5B0257815B925B0BDE84B
:1095D000F08F064614469846002B6BD0012BF5D130
:1095E000DFF8CC91D9F8003093F826002F2CEDD875
:1095F0000028EBD113F0D0F80028E7D1621E142A1E
:1096000043D8DFE802F05D5D5D5D5D420B0B0B0B47
:10961000420B424242424242420B0B004FF47A77E5
:109620000A25B8F1010F4ED0B8F1000FCED15C4839
:109630005C4B90F843A01B780AF1010202F0030290
:109640009A42C3D0DFF86CB10AEB8A034FEA8A0969
:1096500080F843200BEB83031D739F60C9B1142373
:10966000A6F1FF0003FB0AB3B0FA80F00D33400906
:1096700006E040B908F1010803F8012B884508D23B
:1096800046450246F5D12246F4E74FF47A770125A4
:10969000C7E7FFF77DFF002867D009EB0A01012328
:1096A00042F2107089000BF8013013F071F8594440
:1096B00048608BE7FFF756FF80F00100C0B295E7E6
:1096C000394F0125ADE742F22830DFF8E490FEF78C
:1096D00023FA4FF47A70FEF71FFAFCF753FC00F5FB
:1096E0007A7805E0FCF74EFCA8EB0000002806DDC8
:1096F0006846FAF79DFE049B98470028F2D0D9F8F7
:10970000003093F82430002B38D0A6F1FF084FF03A
:10971000000AB8FA88F8D3464FEA581810E012A8A1
:10972000FAF786FE5846199B414698470AF1010A06
:10973000D9F800105FFA8AFB91F8241059451DD919
:109740000BEB8B01194B5E4509A803EB411102D0CD
:10975000B8F1000FE3D04FF001038B70FAF768FE09
:109760005846109B21469847E0E709EB0A039B0007
:109770000BEB03020BF80300506027E71BA8013D29
:10978000FAF756FE209B984715F0FF05A1D1384601
:1097900025B0BDE8F04FFEF7BFB900BF580A002062
:1097A00010BC012088280120A08601008C1A00200E
:1097B000A00100208C280120F0B41B4C1B4BA4FB03
:1097C000024290F858405209A3FB0253DB0803EB16
:1097D0008303A2EB4303DEB2B44221D000EB830447
:1097E0004FF0000C9B00A568D0E90027521B0260D7
:1097F000256B7D1B4560C4F808C0C4F830C080F8F4
:1098000058600132034402609A6801329A6029B9B3
:109810004268013242601A6B01321A63F0BC704731
:109820009B000268EDE700BF1F85EB51CDCCCCCC8F
:1098300038B5084C084DAC4204D3084B012283F8DC
:10984000582138BDA288D4E9021011F091FE1C34D1
:10985000F1E700BFE80100089009000810BC0120F2
:109860002DE9F047284C814694F821761FB1002558
:109870002846BDE8F08701F0FFFE05460028F6D037
:10988000224ED6F800803760B9F1000F01D0204B8E
:109890001F6020494FF48072DFF888A001F2CA509F
:1098A00011F066FE0023D4F854906365012384F818
:1098B0002136194B1F68013F17F8010F431EDBB219
:1098C000FD2B03D8DAF80030BB421AD80D20FBF785
:1098D000F3FB002384F82136B8F1000F04D00C4BC1
:1098E000C6F80080C3F800800C494FF48072A1F2E2
:1098F000CA5011F03DFE0A4B0122C4F854909A73ED
:10990000B6E7FBF7D9FBD7E710BC0120603901208F
:10991000243D012068BC01200028000832C201203B
:10992000C89101200428000808B50120FFF798FF1E
:1099300020B90348BDE8084001F016BF08BD00BFCC
:10994000674705082DE9F04F0C4693B00546BA4924
:109950002046174602F016FD0646002840F05182C8
:10996000B649204602F00EFD0646002840F04B8224
:10997000B349204602F006FD0646002840F0458225
:10998000B049204602F0FEFC0646002840F03F8227
:109990002046AD4902F0F6FC0028064612BF082416
:1099A000264601240FB144F01004A849304602F0C5
:1099B000E9FC002800F02D8244F0200404F48073B8
:1099C0000493A34B93F858310BB9FFF731FF07F01D
:1099D00053F8049B0BB9FFF7A7FF14F0090F00F031
:1099E00006839C4801F0C6FEFBF71EFB049B002B80
:1099F00040F01982984801F0BDFE984801F0B4FE8D
:109A000004F01803182B40F01182954801F0B2FEC3
:109A1000944801F0A9FE0123059301F0A1FE14F082
:109A2000100A00F00682904B1B78002B40F0018258
:109A30008E4B1B78002B40F004828D4B1B78002B43
:109A400040F0078204F48473082B07D18949284623
:109A500003F0FCFA8749284606F0F6F914F0800670
:109A60000BD1854B20461A78002A844A06BF012173
:109A700013460021824A04F0A1FC82492046FBF7EC
:109A800049FD81492046FBF7ADFC80492046FEF7A1
:109A900037FD002E40F0BD827D4B1B6802937D4B4D
:109AA0001B680393BAF1000F40F0D88156467A48FC
:109AB00001F060FE794B4FF00008DFF87892CDE9B5
:109AC0000633DDE9023263EA02030993079B53F888
:109AD000047B0793002F40F0C381B846DFF858B2EB
:109AE000DDE9022363EA02030793069B53F8047B34
:109AF0000693002F40F0E081694B2046694A6A498D
:109B000005F018FF694B6A4A20466A4905F058F883
:109B1000694B6A4A20466A4904F038FD694B6A4A33
:109B200020466A4904F0B6FCDFF81082684B2046F4
:109B3000684E694A01930092D8F80020316804F019
:109B400051FC40F20222654B204600920193D8F866
:109B50000820B16804F046FCBAF1000F40F0DF8144
:109B60005F4801F007FE52465E490826DFF8D0C183
:109B70004FF001085C4811F8013B0DF1480E1CF84C
:109B8000019B0DF1480B9E440EF8209C10F801EB50
:109B9000F3440BF8109CB8F1000F05D0A3EB0E0EA8
:109BA000DEF1000848EB0E08013EE4D188F0010127
:109BB00020468DF8306001F0E9FD0EAB4B4A41467E
:109BC00020468DF8406004F0E1FB0AAB474A41466D
:109BD000204604F0F3FB464B464A2046464905F032
:109BE000C7FB464B464A2046464905F02FFB464BED
:109BF000404A2046404905F03BFA444B444A20463F
:109C0000444905F0B9FF444B444A2046444905F015
:109C100007FD444B444A2046444905F03FFCBAF155
:109C2000000F40F07E81424801F0A4FDDFF814816E
:109C30000023DFF8149189E0A4470508AB47050825
:109C4000B3470508B9470508C24705085683050804
:109C500010BC0120CB470508D3470508EB47050892
:109C6000F74705081F480508ECAC01209CB7012008
:109C700004AD0120387F0508C8B001208F470508D2
:109C8000604805086D48050877480508004605083E
:109C9000C0B0012030AD01209147050880F70408CD
:109CA00094480508583C0120803D01209B48050848
:109CB000049601201CA00120A14805085C8D01200C
:109CC000F09A0120AD480508EC990120A49B0120E1
:109CD000B848050844B00120FFFF3F00BF48050811
:109CE00099470508A83E0120C8360120C648050846
:109CF000927D0508007C012040890120D24805089A
:109D0000007D0120408A0120CD480508D84805087B
:109D1000B4940120DCA00120DC48050814B2012025
:109D200010BA0120E448050864390120F43D0120FF
:109D30009D4705087D48050889480508C4AF0120EE
:109D40009C1F050858A10120F893012049460222D2
:109D50004046029312F072FC002898F800B03A4690
:109D600014BF0121002120460CBF4FF0010A4FF023
:109D7000000A01F00BFDBBF1020F0746029B40F009
:109D8000D28099F8012040F2EE2B1921204611FBD8
:109D900002B2A349019299F800208A5C51460092D0
:109DA000A04A04F0F3FA98F8012019239C492046B0
:109DB00013FB02B2029B019298F800208A5C514684
:109DC0000092984A04F0FAFA029B013308F1020863
:109DD00009F10209122BB9D1934B224600212846E2
:109DE00006F038FF230700F1B680904E2246284641
:109DF000317806F0CFFF22467178284606F0A6FF9C
:109E0000EBE00124CEE50224CCE50424CAE581245C
:109E1000C8E58749304602F0B5FA00283FF4CEADD8
:109E200044F48074CAE500230593F6E50123059305
:109E3000F3E58049804802F0A1FEBAF1000F7FF4FB
:109E4000F7AD7E497E4802F099FEBAF1000F7FF42B
:109E5000F4AD7C497C4802F091FEF3E57B4E29E6A7
:109E60003B7833B34FF0010B099B324620460BFA87
:109E700008FB13EA0B030CBF01210021089301F03A
:109E800085FC06462046DDE9022363EA02034A46D2
:109E900013EA0B0F3B4614BF0121002104F076FAB0
:109EA00008993B464A460039204618BF012104F074
:109EB00085FA08F1010809E63B786BB34FF0010918
:109EC000039B09FA08F913EA090F0DD02046DDE9D2
:109ED000023263EA02035A4613EA090F3B4614BFF3
:109EE0000121002104F052FA029B13EA090F13D05A
:109EF000079B3246204613EA09090CBF01210021C5
:109F000001F044FCB9F1000106463B465A4618BF31
:109F10000121204604F052FA08F10108E5E54C4A17
:109F200022E64C4F82E699F8002020463C490293F5
:109F30008A5C51460092484A04F028FA98F80020BA
:109F400037492046029B8A5C51460092424A04F0FF
:109F500035FA029B39E70027F9B201372246284635
:109F600006F018FF062FF7D1304B3C4F1A78984671
:109F7000049B87F8802033B9394801F0FBFB39494D
:109F8000284602F039FEFF2387F88030F1B201360F
:109F90002246284606F0DAFE062EF7D198F8013060
:109FA00087F88130049BABB92F4801F0E3FB2D49C2
:109FB000284602F0F2FD2D4801F0DCFB2C4801F0B0
:109FC000C9FBFF2387F88130002001F099FB13B013
:109FD000BDE8F08FFF2387F88130059B002BF3D07D
:109FE000244801F0C7FB244801F0BEFBECE7A107C1
:109FF00006D50E4B22462846197806F0CBFEE3E73D
:10A000006207E1D5094B22462846597806F09EFEA4
:10A01000DAE7054B22461821284606F01BFEDCE74E
:10A020001C350508EC480508A447050880A1012057
:10A03000C6470508ECAC01202F4805089CB7012055
:10A040003D48050804AD01204D4805089147050825
:10A05000994705089D470508FC4805084C0901205B
:10A0600009490508387F05082C49050853490508A2
:10A070002A480508664905087C490508012261E46B
:10A0800000225FE470492DE9F84F0B78222B00F095
:10A09000B3806E4B1B783BB96D4B1878BDE8F84F19
:10A0A00000F00100D2F7ECBD6A4B1B6873B36A4F36
:10A0B00001F077FBDFF8C89107F15808D9F80000E4
:10A0C000FDF780FD10B3D9F80000FDF773FD0928F6
:10A0D0001ED03F281CD07B6D13B9042800F0A98046
:10A0E0000C2800F09F807F2878D1002BE6D0013B20
:10A0F00000215A48FA187B6582F8581001F02AFBB3
:10A10000D9F80000FDF75EFD0028DCD1BDE8F88F2E
:10A110004FF0000B524E7C6D5D4606F5587A02E01A
:10A12000103656450ED02246404624B1316802F022
:10A13000B7F80028F4D1B346002DF1D135461036DA
:10A140005645F0D1002D3FD02E68DBF80020305D61
:10A150002644135D2244834270D1611E234641444C
:10A16000FD2B01D800283CD0013301F8010F7B659D
:10A1700016F8010F12F801CF8445F1D05D4500D1EA
:10A1800093B9384801F0E6FA5D4508D855F8100B48
:10A1900001F0E0FA092001F0D3FA5D45F6D9324822
:10A1A000002401F0D7FA7B6D9C4287D2013C4444E5
:10A1B000254614F8010F01F0C3FA7B6D0235A5EBBB
:10A1C00008059D42F4D379E7BBF1000F02D1002CC2
:10A1D0007FF474AF234801F0BDFAD7E7FAF76CFFBC
:10A1E0006CE75A1C20263B44B9187A6583F85860FE
:10A1F000134681F85800C1E71C4B186878B1FDF789
:10A20000F7FF0B781A4A222B10607FF442AF194BEC
:10A2100093F87432013B18BF0123536039E7144AA5
:10A220001060F4E7144801F095FA0F4801F092FA33
:10A2300044E74146114801F0D9FA3FE7002CA0D08D
:10A240005D459ED13AE700BFB4010020C83C012023
:10A25000947801206039012010BC0120602E05088F
:10A26000A8EC04084C2E05083E1D0508443D0120BD
:10A27000BC010020841A0120542E0508387F0508EF
:10A28000CC3C012073B50E461149054602F05AF840
:10A2900018B93070012002B070BD2C78602C8CBFD2
:10A2A000613C413C072C11D8013501230A2201A948
:10A2B000284602F085F8019B9D4207D00F2805D85B
:10A2C000013440EA041401203470E4E70020E2E79E
:10A2D000624705082DE9F04F80468DB008460D46CF
:10A2E0000FF018FB024630B901460120FBF77AF85F
:10A2F0000DB0BDE8F08F03902846B04901F0D0FFC3
:10A30000039A20B9AE49404602F070FBF0E7AD4930
:10A31000284601F0C5FF044600285AD101F020FA72
:10A32000A94FAA48DFF8ECB201F01EFADFF8E88284
:10A330001720D2F713FC17F9015B002DD8D029465E
:10A34000584603F0F1F80023DFF8A0921A46DFF830
:10A350008CA291002846059389B20492FBF774FD04
:10A360000390FBF703FD049A0178561C059BC9B1C5
:10A370001BB9049001F0F4F90498039B41781A7A10
:10A38000037802F0020208EB8303B1B1D3F8E83995
:10A39000002A14BF4A465246009131468C4802F0CA
:10A3A000EDFB0123042E3246D3D113B9894801F0C5
:10A3B000DBF901340E2C9BD0BDE7D3F8E839002A35
:10A3C00014BF4A4652463146834802F0D7FB012368
:10A3D000E8E7002607AA814928468DF81B6011F09E
:10A3E0003DF918B9404602F097FB81E70DF11B01DA
:10A3F000FFF748FF05460028F4D09DF81B7038464B
:10A40000FDF74CFC20B97649404602F0EFFA6FE7C1
:10A410004FF0FF343346734903EB4302525C9742DB
:10A420000ED0601C02D1002A08BF1C460133152B38
:10A43000F2D1621C18D16C49404602F0D7FA57E7B6
:10A440001C4607AA6549002011F008F906460028B5
:10A4500000F09F80594901F075FF30BB0446634E00
:10A46000634FDFF8B88116E00025EAE7697A2868CB
:10A4700003910CF043FE0246287A6B7910F0020F2C
:10A4800003994FEA930314BF3046384601330090D6
:10A49000404602F073FB01349DF81B002146F9F79A
:10A4A0002BFF05460028E1D122E702225149304620
:10A4B00001F0F6FE0746002848D1B01C02F018F85B
:10A4C0009DF81B90824639460F4648460131F9F700
:10A4D00013FF50B94FEA191209F00F0346494046DD
:10A4E0004032009602F082FA02E7437A9A45EBD1B5
:10A4F0003E46002D3DD14FF0FF37731C9DF81B5099
:10A5000008BF00253D4B04EB440431469DF81B0079
:10A510001C44731C6371FF232571A37108AC224690
:10A52000FBF784F80AAA39469DF81B00FBF77EF872
:10A530009DF81B20BE424FEA121121D10AAB02F056
:10A540000F0240312E4802F019FBD1E62D4930466A
:10A5500001F0F8FE58B39DF81B3040462A491A090D
:10A56000009603F00F03403202F040FAC0E64FF0CD
:10A57000FF3604EB4402214B13445F79013FBCE7F3
:10A580000AAB02F00F0240312048009402F0F6FAC4
:10A59000AEE61A4B04EB440402469DF81B001C4433
:10A5A0001B4B009301236179FAF716FCA0E6002DFE
:10A5B000DDD14FF0FF373E46A4E700BF78440508E1
:10A5C000864905089A490508283105089F49050864
:10A5D000BF490508E0490508D1490508B643050803
:10A5E000E649050814BC0120FD490508A57A0508BF
:10A5F000387F0508264A0508934A050810BC012043
:10A600004F4A0508637D0508294A05086D4A050873
:10A61000BDE30308B849050840E00408114A0508ED
:10A620002DE9F04F80468BB008460D460FF072F9C9
:10A63000024670B3A949284601F032FE044640BBE9
:10A6400001F08EF8A64DA748A74F01F08DF8A74E50
:10A650001420DFF8E082D2F781FAE11004F007025B
:10A660003846013102F060FF2B7F6A7F06EB8303DF
:10A67000D3F8E8194AB19E4802F080FA0134243533
:10A68000102CEAD10BB0BDE8F08F404602F076FA0C
:10A69000F4E7284605AA974910F0E0FF054620B9DF
:10A6A00001464120FDF72CFFECE7934901F04AFEFB
:10A6B00020B99249404602F099F9E3E70024904E10
:10A6C000274601373168284601F03CFE002808BFC4
:10A6D0003446082F06F11006F3D154B989492846AB
:10A6E00001F030FE28B12A468749404602F07EF943
:10A6F000C8E7002005AA7F498DF8130010F0AEFFCF
:10A700000546002C43D098B101F0F2FE461E09D454
:10A71000A37A9E4206DAE26862B1012303FA00F0EE
:10A72000104207D12A467949404602F05FF9A9E76D
:10A73000774DF7E7E08806F077FA764A92F85831D5
:10A740001BB192F8213683F001030027D0E90212F1
:10A750000397002B08BF0A46237A617A06FB03138E
:10A7600002EB030B12F903A005AA6249002010F0C6
:10A7700075FF8146B8BB012367495CB39BF9002094
:10A780002046CDE900313146FDF76EFE7AE780B113
:10A790000DF11301FFF776FD28B19DF813603046E7
:10A7A000FDF77CFA38B92A465C49404602F01EF9AA
:10A7B00068E7574DF7E73046A346F9F761FE824652
:10A7C0003046F9F79FFD039030462646FBF792FB93
:10A7D0000746C9E7CDE90031524639469DF81300D6
:10A7E000FDF780FD4EE7444901F0ACFD054670BB26
:10A7F000ACB1F6B24A4F6AB231462079FDF708FE95
:10A8000000283FF43FAF02882946037838460135D7
:10A810000093C2F30323120B02F0B0F9EBE7404CB4
:10A82000032D386879796AB23FF42CAFFDF732FD19
:10A8300000283FF427AF02882946037820460135D7
:10A840000093C2F30323120B02F098F9E8E73549AD
:10A85000484601F077FD40B3484601F049FE054601
:10A8600042B26CB1F1B22079FDF7D2FDF8B9CDF862
:10A870000090731C226840462B4902F0B7F801E7AC
:10A88000EBB238687979022B02D8FDF703FD70B975
:10A890009DF81330404625491A09CDF8009003F081
:10A8A0000F03403202F0A2F8ECE64FF0FF3506AF9E
:10A8B00028463946FAF7D2FE08A95046FAF7CEFEE6
:10A8C000554547D06DB2BCB38BF8005008AB00972C
:10A8D000721C2168164802F051F9D3E69A4905081E
:10A8E000AC010120BF4A0508D54A050840E004082C
:10A8F000CA490508B643050878440508864905088D
:10A900004C090120E64A0508EA4A0508F94A050803
:10A91000387F050810BC0120BDE30308094B05087A
:10A920001B4B0508637D05083C4B05085F4B05087C
:10A93000874B0508697D05089DF81320039B1109C5
:10A940000E489D7002F00F0208AB4031009702F0F4
:10A9500015F997E634B108AB721C2168084802F07B
:10A960000DF98FE69DF8132008AB0648110902F097
:10A970000F02403102F002F984E600BFAA4B05083D
:10A98000D24B0508ED4B05082DE9F04F2DED028B5C
:10A9900087B006460846924905AA10F05FFE0746B2
:10A9A00040B901464120FAF7B5FD07B0BDEC028B76
:10A9B000BDE8F08F8B4901F0C5FCDFF860820446EA
:10A9C00000283AD18848894D00F0CEFE884F1420E7
:10A9D000DFF84C92D2F7C2F82846FDF713FC29683D
:10A9E000AB79024601F13F41384608EB830301F59C
:10A9F0007E01D3F8E839890A413102F095FDE97901
:10AA000011B1484602F090FD013400F0A9FE08356E
:10AA1000602CE1D1724905AA002010F01FFE754993
:10AA200001F090FC0028C0D130466E49FFF752FC7F
:10AA30006C493046FFF7F4FDB7E708F648340025C7
:10AA4000A14614F8353008EB8303D3F8E81908461B
:10AA500003910EF05FFF03990246384601F020FC97
:10AA600040B10135242DECD13A466349304601F01E
:10AA7000BDFF9AE705AA5A4908EBC50810F0EEFD9C
:10AA8000074601F035FD98F84E3B04464FEAC50AEB
:10AA90002BBB002825DC3B78002B00F09D80D144A7
:10AAA000B9F8020006F0C0F899F80580E3B28468AE
:10AAB00038460393039A99F8043002FB038804EBA9
:10AAC0000801FFF7DFFB002800F0868014F808A0DB
:10AAD000BAF1000F1ED1494800F046FE65E7002894
:10AAE00005DD012B1A4638BF0122A2420ADA012BEA
:10AAF000434A4449304638BF01230093012301F003
:10AB000075FF52E705AA36490020013C10F0A6FD6A
:10AB10000746C0E75046FDF7C1F8814600285BD0E4
:10AB20004FEA1A13DFF8FC800027403308EE103A92
:10AB30000AF00F0308EE903A0026B8F8020006F07B
:10AB400073F898F8052098F8043006FB0323826810
:10AB5000D15C514523D1BD4204D103998E421ED010
:10AB60000021D1545FFA86FB18EE902AFCB218EE51
:10AB7000101A254802F0D8FC59462046FAF77DFA0B
:10AB8000BD4209D1214802F0CFFC20465946FAF7D0
:10AB900074FA1F4802F0C8FC1E4800F0E5FD98F862
:10ABA00006300136012B38BF01239E42C5DB013739
:10ABB00008F10808242FBFD14846FDF723FBD9F838
:10ABC00000100246144801F13F4101F57E01890A57
:10ABD000413101F0D3FFE8E6304601F09DFFE4E6A5
:10ABE000B64305089A490508094C050888BE0120A6
:10ABF000474C0508C2470508524C05088D4C05080E
:10AC00006E4C0508744C05089F4C0508C77D050867
:10AC1000C34C0508267A0508CD4C050840E0040819
:10AC20003780050888EB0408134D014603200024F3
:10AC300008B50DF0B1FBE9F75DFA2B68DB689847C2
:10AC40002B6840F2DC5083F826409C6283F8254054
:10AC5000FCF762FF23460949224651F8330010B140
:10AC6000026041F833200133082BF6D16420FCF751
:10AC70005FFF72B60BF0F4FEA0010020E04400205C
:10AC80000A2108B5FDF794FA0120FFF7CDFF38B58A
:10AC900005460C46F6F72CF938B3204600F028FD9F
:10ACA00070B9204601F024FC00F543730446B3F567
:10ACB000C36F08D928460F49BDE8384001F096BE59
:10ACC0000D4BB3F900400D4800F054FD0C4800F066
:10ACD00041FD00F066FD0B4B1868F6F741F920B214
:10ACE00001F060FA0320FFF79FFF0748BDE83840F6
:10ACF00000F040BDE94C0508503D0120014D05081C
:10AD0000214D0508CC3C01202D4D0508037903F0A9
:10AD10001803102B19D004D82BB1082B06D0002013
:10AD20007047182BFBD1B0F80B007047104BB0F8F0
:10AD30000B0093F90030591C05D10E4B1B7800EB2A
:10AD4000C31080B27047DBB2F9E70B4BB0F80B00D1
:10AD500093F900305A1C09D1064B5B7803EB830250
:10AD600003EB420300EB830080B27047DBB2F5E7F0
:10AD7000CC090120C8910120CD090120F0B5067948
:10AD800006F0E003402B09D144794FF0FF35002352
:10AD9000012006F00706A3420BD1F0BD602B4FF057
:10ADA000010403D1457904FA05F5F0E74FF0FF35CA
:10ADB000EDE7042E0CD8DFE806F0030D18252F0070
:10ADC00030B1C85CD75C784028420CBF012000201D
:10ADD0000133E0E70028FBD0C856D756A0EB070C9C
:10ADE000DCF1000040EB0C00F2E70028F0D031F875
:10ADF000130032F81370784080B228420CBF012053
:10AE00000020E5E70028E3D031F9130032F9137090
:10AE1000C71B78427841DBE70028D9D051F82300DE
:10AE200052F82370784028420CBF01200020CFE761
:10AE3000054B1A6822EA00021A60044A136823EAE2
:10AE400000031360704700BF30AD01204C39012072
:10AE5000904270B50546144609D20846B5FBF2F695
:10AE600004FB1654054B1B5D00F8013B70BDB0FBA5
:10AE7000F2F63046FFF7ECFFF2E700BF5C4D050845
:10AE8000002870B403DA2D23404201F8013B092861
:10AE900005464FF0010307DD03EB83035B00B0FBC6
:10AEA000F3F2092AF8D893B10B4EA6FB0302B5FBC7
:10AEB000F3F40A2C4FEAD20203FB145534BF3020BE
:10AEC0005720092B1346204401F8010BEDD800232D
:10AED00070BC0B70704700BFCDCCCCCC884270B436
:10AEE0004FF001041FD301FB04F4B0FBF4F58D42D5
:10AEF000F9D214B913E0B0FBF4F5092D4FF0300688
:10AF000003DD002A14BF372657262E4404FB150004
:10AF1000A14203F8016BB4FBF1F52C46EBD90022FA
:10AF200070BC1A7070470546E7E700BF0388B3F5A9
:10AF3000FA6F17D38378013B0B2B13D8C378013BEF
:10AF40001E2B0FD80379172B0CD843793B2B09D82C
:10AF500083793B2B06D80089B0F57A7F2CBF00207F
:10AF600001207047002070472DE9F84317461E4620
:10AF7000454C05464FF47A720023384631460EF0B0
:10AF8000D1FC42490444424B40F2B55C81FB0402CF
:10AF9000E0172244C0EB621281FB0201D017C2EB22
:10AFA000021E1144A4EB8E04C0EB6111AC7183FB53
:10AFB0000103C817C1EB0114C0EBA3033548A2EB92
:10AFC000840280FB0304D8176A7103EB4302C0EBD1
:10AFD000E410A1EBC2010CFB103380002971B3F522
:10AFE000896F3CDA40F2DA22934242DCB3F5B77F54
:10AFF000DFF8A480B4BF4FF0000E4FF0010E4FEA0F
:10B000004E091FFA8EFC09EB0E0208EBC202D28A2F
:10B0100009EB0E040B2108EBC404163401E034F8EC
:10B02000022D9A4218DD0139F9D1CE44012138F8B8
:10B030003E2000F5FA640133A9703846A4449C1AF6
:10B0400031464FF47A720023A5F800C0EC700EF080
:10B0500069FC2A81BDE8F8830131C9B2E9E74FF004
:10B06000030C40F29652DFF830804FF00609E646B6
:10B07000CEE74FF0020C40F22942DFF81C804FF07F
:10B080000409E646C4E700BF80BC92C78988888867
:10B09000ABAAAA2A73B06D16F8F8040802881849FA
:10B0A000A2F5FA62F0B402F003058478C37840F2A6
:10B0B000B55605EB4505013C124F013B04EB8504F9
:10B0C000920837F8145006FB023204794FF47A766E
:10B0D00053194279857903EB43032944002504EB96
:10B0E000C3030489C3EB0313204602EB8303C3EBC2
:10B0F000031301EB83032946C6FB0301F0BC704731
:10B1000080436D38F8F8040803685A1C026019700F
:10B11000704700BF2DE9F047089F002B05460E46FB
:10B120003C4614BF4FF030094FF0200914F8013BA2
:10B130004BB3002A2DDD214600E0B2B111F8010B1E
:10B140009046013A0028F8D1A8F102086AB1C24637
:10B1500049462846B04753460AF1FF3A002BF7DC30
:10B1600028EAE8723B78013253B1D71B19462846CA
:10B17000B047E01914F8013B002BF7D1BDE8F08788
:10B180001046BDE8F087002A02F1FF38DFDC1846E0
:10B19000F4E70022E9E700BF704700BF704700BF37
:10B1A000704700BF0023FF22411C70B400F8132039
:10B1B00001F813200133082BF8D10B4B4FF0FF316E
:10B1C000002203F10F060C4605E093F9044093F9C1
:10B1D000051013F8032F00EB42059E4200F81240C1
:10B1E0006970F2D170BC704758F9040800234370AD
:10B1F000C370037003718370704700BF0023037036
:10B20000704700BF00230372037043708370C370E4
:10B21000037143718371C371704700BF002306211E
:10B220004FF47A7201700373C0E90123704700BFC5
:10B230000023037043708370C3707047F8E700BF4A
:10B2400070B5064E044600F54075204680348022D5
:10B25000314610F08DF9AC42F7D170BDB4DF04086F
:10B260000021092200F11803827000F120020181FF
:10B270004173C1810174F0B4FA2740F22E464FF4B5
:10B28000FA654FF47A74078000F11C0746820E4677
:10B2900085826425C48208241D714FF0000122F8C4
:10B2A000026B03F8014BBB42F6D10123022201736A
:10B2B000038543858385C385C272F0BC704700BF98
:10B2C0000023037043708370C370704700230370C2
:10B2D00043707047FF234371704700BFF0B5154BB3
:10B2E00000244FF0FF35FF2103F10C0E2746AC463A
:10B2F00026462246C1700171017241724173817309
:10B300008174C17402EB8202734500EB0201865422
:10B310004F708C7081F803C00D710AD093F906202C
:10B3200006335E789F78DC7893F904C093F9055072
:10B33000E8E7F0BD6CF90408202108B511F08CF99C
:10B34000034618B11A780130202AF9D0184608BDF2
:10B350000139002201F0030349000280C3EB03130B
:10B3600001F00801C3EB0313914214BF4FF4E161F4
:10B3700011469B0041808380704700BF092901D09E
:10B3800001B1E5E7704700BF2DE9F04788B00446FA
:10B39000002501210DF108084FF0020A25704FF435
:10B3A000807940460295ADF80C50FFF7D1FF01239C
:10B3B00004AE65806F46A37384F801A0A4F80690DC
:10B3C0000095ADF8045098E803000490ADF814100F
:10B3D00096E80300ADF81C101946BDF81C30A060BB
:10B3E0003846A381FFF7B4FF042384F80FA06370ED
:10B3F0002582A4F8149097E803000490ADF8141087
:10B4000096E80300ADF81C10BDF81C30C4F8160017
:10B41000638308B0BDE8F08770B585880B460446A5
:10B420000021C5F30B0518462A4611F003F861699F
:10B43000084A0346914202D3074A914205D319B103
:10B440001846BDE87040084770BD2A46BDE8704008
:10B4500010F08EB800B705089AB805088168DBE7D8
:10B460000021104BF0B40A464FF448760C4603F125
:10B470000C070D460160818002EB4202BB4200EBEB
:10B48000420100F812504C70DA788E808A7006D033
:10B4900093F9062006335D789C789E88ECE7F0BC33
:10B4A000704700BF80F90408014B1868DFF778BCCB
:10B4B000CC3C012070B530220021044610F0BAFFC8
:10B4C000642340F2DC560B4940F628500A4D4FF4F5
:10B4D0008F722374012361612146A0836682A56176
:10B4E0002284A37384F822300448BDE87040E7F753
:10B4F00055B800BF1A049E0775034308844D05081C
:10B50000FEF71CB813B568B14C1E14F8011F21B921
:10B5100002B0BDE81040FEF705B80190FEF70EF846
:10B520000198F2E702B010BD0368C3F30D032DE9E3
:10B53000F041054686B00C46002B3FD1364A01202B
:10B54000364E0221B242CDE90233CDE904011ED3C9
:10B55000334B9A421AD303F580439A4222D3314B9C
:10B560009A4221D903F580339A421FD903F500335B
:10B570009A421DD903F500339A421BD903F50033D3
:10B580009A4219D90520FFF77BFBFBE7034601A987
:10B5900002A80393D8F726FE80B14FF0FF3006B023
:10B5A000BDE8F0810B46F2E70323F0E70423EEE762
:10B5B0000523ECE70623EAE70723E8E71A4E337D85
:10B5C000012B02D16FF00100E9E701232F68D4F8C5
:10B5D00000803375D0F79EF9B0B9144C236923F479
:10B5E00040732361236943F400732361236943F0AB
:10B5F00001032361C7F80080BFF34F8FD0F78AF9AA
:10B60000236923F001032361002333750028D9D176
:10B610002B6804332B60C2E700400008004000089C
:10B6200000800008FFFF000828370120003C02408E
:10B630002DE9F04104460D468E18002700F1080858
:10B64000B542206901D1BDE8F081E3685A1C23446A
:10B65000E260042A15F8011B1972F1D118B94146AC
:10B660002046FFF761FFC4E90370E9E7014B186862
:10B67000FCF7CEBAD03C012010B5074C23784BB96B
:10B68000064B1E220649186810F0F3FF012300B98B
:10B6900063702370607810BDDCC3012000280008AF
:10B6A000BC7705080D4B10B51C7814B10124204659
:10B6B00010BD0B4B1B781BB10A4B1B78002BF6D12E
:10B6C000094CA27822B1094B1B780BB1FAF7F2FAB8
:10B6D000E478002CEAD0FAF711FBE8E731C2012048
:10B6E000283D0120293D0120DCC30120D9B90120DA
:10B6F00020B10078B0FA80F040097047012070470F
:10B70000F8B50C4D06462A788AB9F8BD26B12388CB
:10B71000C3F30B039E4204D0A288D4E902010FF0C8
:10B7200027FF1C34BC42F1D300232B70EDE7024C01
:10B73000024FF7E768BD0120E80100089009000802
:10B74000034B0146186808B1FDF7F8BE704700BF0B
:10B7500060390120014B01461868D3E660390120A9
:10B760000048F7E7367F050808B5FFF7F3FFBDE8A7
:10B770000840F5E710B504460348FFF7EBFF204605
:10B78000BDE81040F0E700BF3E1D050808B532B126
:10B79000C30600D519B11046FFF7ECFF0022104692
:10B7A00008BD034B186808B1FDF7BCBE704700BF69
:10B7B0006039012010B504460A48FFF7CBFFFFF7B8
:10B7C000F0FF094B1868F5F7CBFB012C04D120469C
:10B7D000BDE81040FFF728BA0020BDE81040FFF791
:10B7E00023BA00BF214D0508CC3C012008B509480B
:10B7F000FFF7C0FFFFF7D5FF0020074B1870074B7E
:10B800001860074B1870074BC3E90000BDE80840FB
:10B81000D0E700BFDB77050868BC012064BC0120CD
:10B82000C83C0120D44600200120C3E70D4B012273
:10B83000052810B504461A7005D9601CBDE81040F3
:10B84000C0B2F5F76FBE0848084A00EBC410084BB9
:10B8500010601C70E9F7B0FB601CBDE81040C0B27E
:10B86000F5F760BE70250020EC960120147B0120C6
:10B87000C8910120F8B5764B1A882DED028B002A6D
:10B8800000F0AC8073498E78731EDBB2072B00F298
:10B89000C4807148714D00EB83006C78D0F89C0037
:10B8A0002B78A8B10F7A002F40F0C780897A01B1B8
:10B8B0004008B2FBF3F188420AD20F2B02D907E00D
:10B8C0000F2B04D80133B2FBF3F18142F8D82B706F
:10B8D00084B1A34240F2AB80B3FBF4F104FB11311D
:10B8E00031B10134B3FBF4F104FB11310029F8D17B
:10B8F0006C7000E01C4607EE902AB6EE000AB8EE27
:10B90000E78A07EE903AF8EEE77A28EE000A80EE32
:10B91000270A0EF085FA9FED520A07EE904A85B28B
:10B92000F8EE677A28EE000A80EE270A0EF078FA21
:10B930004C4B80B29A88AA42DA8888BF9D80904298
:10B9400001D20246D8801989884201D20146188165
:10B950005F89B84201D2074658819E89B04202D21F
:10B96000002426469C81DD89A84201D20546D88163
:10B970001C8AA04202D200200446188202B95A75DD
:10B9800001B99975598B988B814201D8914251D94F
:10B9900000225A839A83B74201D800225A81A542D5
:10B9A00001D80022DA81304B1B685B0016D52F4B83
:10B9B000002103F1110203F1100413F8010F20B16B
:10B9C000108810B193F8500020B9197011801184BB
:10B9D00083F850109C4202F10202EED1244B1A78F7
:10B9E000022A1ED0234C6378052B01D900236370F3
:10B9F000ECF7C4FB2278052A07D81F4BBDEC028B5D
:10BA000003EBC2131D4A1360F8BD00221A4B2270CB
:10BA10001A4ABDEC028B1360F8BD104D2B786C7880
:10BA200056E7174A1279002ADCD11A70DAE71C4669
:10BA30006C7060E79042ABD3ADE7053E032E7FF616
:10BA400047AF0E88B04228BF3046088040E700BFAD
:10BA5000C8020020BC380120F8F80408C0AF01205B
:10BA60006666E63E0C8E012030AD01208B960120EB
:10BA700000860120C8910120EC960120147B012052
:10BA8000443601202DE9F04F8E4C83B08E4E4FF09E
:10BA90000008271FDFF8709296F808B03D4607F1BE
:10BAA000700A31E05FFA83F853084FEA920E03F010
:10BAB0007731D0080EF0333E00F0113001EB0E0369
:10BAC000D31A1B1A03EB131303F00F33A9FB031E46
:10BAD0004FEADE1ECEEB0E2EA3EB0E0EBEF1010FD3
:10BAE0000ED9BEF1020FA4F10400594617D1BCF1E2
:10BAF000000F02D012F42F7F02D1DCF75FFD70B18E
:10BB00000C34544500F0D78054F8042C08F101039C
:10BB100012F0010CC6D194F90030142BC4D16B483B
:10BB2000F0F7A7FE0220F5F74FFA694B1B78022BBE
:10BB300000F0B981002800F01782DFF8D08198F872
:10BB400002302BB9B8F80030B3F5F07F00F27B81FA
:10BB5000FFF790FE5F48604C10F8101BFFF70EFCDB
:10BB6000E17904F10800FFF709FC617D04F116009A
:10BB7000FFF704FC594A9388D088118903430B438B
:10BB80001BB20BB10123538155490B68DA0700F151
:10BB9000C1815C0400F1B981180700F1AA819A04FF
:10BBA00000F1AE811C0440F143810022F273B277B0
:10BBB00018060AD44B4BDA79022A00F0B681062027
:10BBC000ECF7AEFB002840F0B8814FF48060F5F749
:10BBD000FBF9002800F0BB81DFF8349109F1780A05
:10BBE0004C46627972B1207850B14B4602E0063380
:10BBF0009A4507D019789142F9D159790029F6D0A0
:10BC0000ECF740FB06345445EBD198F80230082B92
:10BC100000F03B81344C354B607AA17AA0F10100F1
:10BC20001A68A1F10101324BB0FA80F0C2F3C032C0
:10BC3000B1FA81F1DFF8DC9040099A704909187077
:10BC40002C481971FFF7F4F84FF40070FFF7F0F883
:10BC50004FF40030FFF7ECF84FF48020FFF7E8F8DE
:10BC60004FF00070FFF7E4F8B9F80430002B40F013
:10BC70003681214B214A19680A400AB100221A6014
:10BC800099681F4A0A400AB100229A601A79013A5B
:10BC9000042A01D901221A7198F80230053B032BBE
:10BCA00040F2A280174B93F800B0BBF1000F3ED0DA
:10BCB00000230193A4E008F1FF38B8F1020F7FF6EA
:10BCC00031AF2CE75C3C0120C8360120583C0120F4
:10BCD000E07E01207491012058910120343D012023
:10BCE00030AD012048A70120687801204C3901209F
:10BCF000142701203619F821C4AF01200000C0FF2D
:10BD0000FDFDFFFFE424002081808080BC380120FD
:10BD1000B4940120583701200023019A3AB198F8D1
:10BD20000B204AB998F80920012A00D023B198F8CD
:10BD30000A30002B40F08380DFF85CC2DFF85CB291
:10BD40000CF5847A1CF8012C6346032002EB4202B6
:10BD50005A4492F8BC9092F8BD8092F8BEE01A78EE
:10BD60004A45A8BF4A4603F8012BD979DA784145FC
:10BD7000A8BF41467245A8BF72460138D971DA7032
:10BD8000EDD10CF12C0CE245DCD1D6F828C0BCF189
:10BD9000000F00F0C480774B4FF0010E03F17800E4
:10BDA00013F8012C182A0AD11A78511D0EFA02F242
:10BDB0000EFA01F112EA0C0F18BF2CEA010C06333F
:10BDC0009842EDD162882388C6F828C09A4201D3F0
:10BDD000694B2360694890F909104A1C38D103B0B7
:10BDE000BDE8F04FE9F794BC654A002392F800B033
:10BDF00088F80830BBF1000F00F0BA8001230193EE
:10BE00006FF00C02DFF89891A2EB080A03E00AEB4E
:10BE100009035B4580D219F8010B0028F7D0FAF727
:10BE200069F80028F3D0037A9907F0D5012374E765
:10BE3000F27B002A00F090800022B277B8E600235F
:10BE400088F80A3078E74FF4F073A8F800307FE6FE
:10BE5000002395F904200C35914209D00133092BB8
:10BE6000F7D1FF23437203B0BDE8F04FE9F750BCB0
:10BE700003EB430357F82330DB07F2D51429F0D046
:10BE800003B0BDE8F04FE9F743BC98F80A30002B47
:10BE90003FF4C0AE98F80B30012B7FF4BBAE022309
:10BEA00088F80B30B6E600283FF447AEDFF8F4E040
:10BEB0004FF0FF0C334B90F904409EF8001003F153
:10BEC0006C0093F90820A24203D1013983F808C01D
:10BED000C9B20C338342F4D18EF800102DE699F8E4
:10BEE0000000FAF707F800287FF4C3AEA9F80400B1
:10BEF000BFE62548FEF79CFF0B689A047FF552AE1B
:10BF00002248FEF795FF0B684CE62148FEF790FFAC
:10BF10000B6841E61F48FEF78BFF0B6839E61820D7
:10BF2000ECF7B0F9D6F828C035E701220620DA711F
:10BF3000ECF7F6F900283FF448AE0620ECF7A2F93A
:10BF40004FF48060F5F740F800287FF445AE4FF0DD
:10BF50000060FEF76DFF3FE642F2010213423FF43C
:10BF600027AE0022B27723E68020FEF761FFE4E5EA
:10BF70005B46D4E6B5940120AE014A01DCC3012042
:10BF8000E424002048AD01200160000209400002C5
:10BF900009200002086000021AA60120F8F804082F
:10BFA000C9380120B4AD01202DE9F04F6C4F83B0AA
:10BFB0006C4CE6F767FBBC4280F0D080DFF8D8A17C
:10BFC0000125DFF8D8910AF10208BAF80210002919
:10BFD00000F0A98008EB01034B4534BF0022012289
:10BFE000052998BF42F00102002A40F09C80218878
:10BFF0004646C1F30B010BE01A881E461344002A83
:10C0000000F091804B4580F08E80052A40F28B80B5
:10C0100072888A42F0D1727912F0030BECD1338826
:10C020002046A168019333790093FFF7F5F9218841
:10C03000009BB3EB113F7CD05D46A669A1881C3400
:10C0400054F8140CC1F30B01CFF7D0FCBC423060A4
:10C05000BBD3454A0026454B12683746DFF840817E
:10C060001A60FFF70FFD424A424B1278424C03EB35
:10C07000C213C8F80030ECF781F8ECF765FBF0B2BA
:10C080000136C4E90077ECF717FA202EC4E902075D
:10C0900004F11004F3D1D8F80000E8F78DFFECF7B5
:10C0A000A7F93649364A0B79098903EB83033548EA
:10C0B00003EB83039B00C72BD8BFC82353606423C3
:10C0C00003FB01F33049C72BC1F89400D8BFC82344
:10C0D000936000239384C2E90333C2E90533C2E9C4
:10C0E0000733E4F759F8294BDFED296A1A8A5B8A8E
:10C0F00007EE102A07EE903A264BB8EEC77AF8EE14
:10C10000E77A27EE267A67EEA67A83ED017AC3ED09
:10C11000007ADCF769FEEFF7F7FEE6F793FA2846B8
:10C1200003B0BDE8F08F20460025FFF797F9A66918
:10C1300084E7A3880636019AC3F30B0B3146063A0F
:10C14000A0689345A8BF93465A460FF011FA3046AF
:10C15000A6695946CFF74AFC30606FE7012578E7BA
:10C1600090090008E801000830AD01204C39012099
:10C17000C8910120EC960120D0B7012048A70120EA
:10C18000407E0120383D0120F4430020DCC3012023
:10C1900017B7D138BCA40120004000080080000877
:10C1A000147B012038B50F4BD3E9002352EA030179
:10C1B0000AD10024214604200CF0EEF82146052087
:10C1C000BDE838400CF0E8B8074C4EF66021246812
:10C1D00001FB00F0121943F10003141843EBE07562
:10C1E0002946E8E7C07E0120301D012010B5074C2C
:10C1F000FEF754FF02460B46246801200449121B37
:10C2000063F10003C1E9002310BD00BF301D012010
:10C21000C07E012038B50C4BD3E9004554EA050235
:10C2200008D103460022094910469A809A711A8162
:10C23000196038BD064B1A68A21845F10003FEF7D5
:10C2400093FE012038BD00BFC07E01200000010127
:10C25000301D01202DE9F041074608461646FEF73D
:10C260001DFF4FF47A7280460D4600230DF05AFBF5
:10C270003C248446294640464FF47A72002306FB4C
:10C2800004C600250DF04EFB4FF47A7394B2384685
:10C29000C3FB064522462B46BDE8F041FEF764BECF
:10C2A00012B370B40446861803E0581B14D1B4428C
:10C2B00014D014F8013B11F8010BA3F1410200F175
:10C2C0002005192AA0F1410298BF2033192AECD980
:10C2D0001B1A06D10028EAD170BC7047002070BC40
:10C2E0007047184670BC70471046704770B50446DA
:10C2F00008460D460DF00EFB064602E014F8013F1D
:10C3000043B1324629462046FFF7CAFF0028F5D13F
:10C31000204670BD1C46204670BD38B5074905460D
:10C32000FFF7E4FF041E0649284618BF0124FFF763
:10C33000DDFF08B144F00204204638BD027805084C
:10C34000057805086FF00042FFF7AABFA0F161036E
:10C35000192B98BF20387047A0F14103192B98BFC3
:10C360002030704720280BD0092809D00A2807D090
:10C370000D2805D00B3801288CBF00200120704704
:10C380000120704737B50446084601910DF0C2FA06
:10C390000199054602462046FFF782FF70B9625DAB
:10C3A0001046FFF7DFFF00B932B901352C442046B3
:10C3B00001340378202BFAD003B030BD0020FBE716
:10C3C0002DE9F84306461F4605462C782B460135D5
:10C3D0002046FFF7C7FF0028F7D12B2C5DD02D2C6E
:10C3E00006D0102A5ED04FF0FF3C994605463EE04D
:10C3F0000125102A03F1010936D15C78302C55D083
:10C400004FF0FF3C4FF01008BCFBF2FC02FB0CFEAF
:10C410006FEA0E0E5FFA8EFE09F1010300200EE0B6
:10C42000303CE4B2944210DA60451E4602D828D16E
:10C43000744526D93D404FF0FF3013F8014B392C9D
:10C44000EED944F02004602C0BD801B10E60DDB1B0
:10C45000B0F1004F23D9FB0721D54FF00040BDE8D4
:10C46000F883573CE4B2DDE74FF0FF3C5C78904640
:10C47000BCFBF2FC02FB0CFE6FEA0E0E5FFA8EFEB6
:10C48000CAE708FB0040D8E70028E8DA17F0010FF8
:10C4900018BF6FF00040BDE8F8830546A9E74042A9
:10C4A000BDE8F883302C99460546A9D199F801409A
:10C4B00009F101062046FFF74FFF78280DD04FF015
:10C4C000FF3C4FF01008B146BCFBF2FC02FB0CFE37
:10C4D0006FEA0E0E5FFA8EFE9EE7102299F8024078
:10C4E0006FF0704C09F1020990464FF00F0E93E780
:10C4F00001230A22002163E770B50D461446FEF7BA
:10C500001BFF064670B1FFF7F3FFA0F2DC530520D6
:10C5100093FBF0F303F17D02FA2A03D82B70237802
:10C52000013323703046FEF707FF064670B1FFF770
:10C53000DFFFA0F2DC53052093FBF0F303F17D0253
:10C54000FA2A03D86B70237801332370304670BD0C
:10C55000002335E7613819288CBF0020012070477F
:10C56000413819288CBF0020012070473038092835
:10C570008CBF002001207047A0F13003092B07D9A0
:10C5800020F02000413819288CBF0020012070477E
:10C5900001207047026830B41146541CD31C151D8D
:10C5A000046011F8024B01605178036093780560D4
:10C5B0001B04D07843EA0123234330BC43EA0060E4
:10C5C000704700BF0368591C1A46016012F8021B2D
:10C5D0000260587841EA0020704700BF03685A1C87
:10C5E00002601878704700BF30B583B00446084633
:10C5F00001910DF08FF905460199206801352A4611
:10C600000EF0B6FF22682A44226003B030BD00BF9E
:10C6100030B583B00446084601910DF07BF905461C
:10C62000019920682A460EF0A3FF22682A4422605E
:10C6300003B030BD38B50446006815460EF098FFCB
:10C6400023682B44236038BD03680A0A70B45E1C5B
:10C650000D0E0C0C06601D7003685D1C05601C70DF
:10C6600003685C1C04601A7003685A1C026019702D
:10C6700070BC704703680A0A10B45C1C04601A702E
:10C6800003685A1C026019705DF8044B704700BFC4
:10C6900003680A0E70B45E1C0D0A0C0C066019705B
:10C6A0000368591C01601D700368591C01601C70EF
:10C6B0000368591C01601A7070BC704703680A0A4D
:10C6C00010B45C1C046019700368591C01601A7076
:10C6D0005DF8044B704700BF2DE9F04F98461346B4
:10C6E0008A4687B013F8011B002900F04A811446DE
:10C6F0008146002709E0484601371C46D0472346BB
:10C7000013F8011B002900F08A802529F3D16578F0
:10C71000302D00F0D98002344FF0000BA5F130012C
:10C720000026CBB2092B5ED96C2D7CD0782DE6D8B3
:10C73000572D66D9A5F15803202BE0D801A252F855
:10C7400023F000BF6BC90308FFC60308FFC6030838
:10C75000FFC60308FFC60308FFC60308FFC6030899
:10C76000FFC60308FFC60308FFC60308FFC6030889
:10C77000FBC8030809C90308FFC60308FFC603086E
:10C78000FFC60308FFC60308FFC60308FFC6030869
:10C79000FFC60308FFC60308FFC60308F3C8030863
:10C7A000FFC60308FFC60308FFC60308FFC6030849
:10C7B000DDC80308FFC6030827C90308FFC603082E
:10C7C000FFC603086BC90308052817D9BCF1050F7C
:10C7D000AAD80A2AA8D106EB860614F8015B02EB58
:10C7E0004606A5F13001CBB2A5F16100A5F1410CDF
:10C7F000A5F13702092BE7D80A46ECE7A5F1570265
:10C80000E7E765B1252D7FF47AAF25214846D0476B
:10C810002346013713F8011B00297FF476AF384611
:10C8200007B0BDE8F08F14F8012B782A3FF667AF08
:10C83000572A4ED9A2F15803202B3FF660AF01A131
:10C8400051F823F037C90308FFC60308FFC60308E1
:10C85000FFC60308FFC60308FFC60308FFC6030898
:10C86000FFC60308FFC60308FFC60308FFC6030888
:10C87000FBC803084FC90308FFC60308FFC6030827
:10C88000FFC60308FFC60308FFC60308FFC6030868
:10C89000FFC60308FFC60308FFC60308F3C8030862
:10C8A000FFC60308FFC60308FFC60308FFC6030848
:10C8B000DDC80308FFC603085BC90308FFC60308F9
:10C8C000FFC6030837C90308A5784FF0010B0334EE
:10C8D00024E7002AA3D0252A97D010E758F8045B54
:10C8E00032460023514648460095FEF713FC0744A4
:10C8F00005E758F8043B1F6001E758F8041B484659
:10C900000137C9B2D047FAE603A958F8040BFEF77D
:10C91000B7FA03AB32465146484600935B46FEF7F2
:10C92000F9FB0744EBE603AB00220A2158F8040B9D
:10C93000FEF7D4FAEDE7A2F1580203AB102158F844
:10C94000040BB2FA82F25209FEF7C8FAE1E703A932
:10C9500058F8040BFEF794FADBE703AB002258F813
:10C96000040B0A21FEF7BAFAD3E7A5F1580203AB8C
:10C97000102158F8040BB2FA82F25209FEF7AEFA0F
:10C98000C7E70F464BE773B5114C06460D460192BB
:10C990002068A0B10F49FEF7B5FD31462068FEF7CB
:10C9A000B1FD0D492068FEF7ADFD0C49019B2A46FB
:10C9B0002068FFF791FE0A492068FEF7A3FD094BA6
:10C9C0001B7813B1084B01221A7002B070BD00BF72
:10C9D000243D0120087805089D7D050801B5030860
:10C9E0008B470508283D0120293D01200EB403B5E1
:10C9F00003AA52F8041B0192FFF7C5FF044B054937
:10CA00001868FEF77FFD02B05DF804EB03B07047D5
:10CA1000243D0120367F050870B50D4604460522E9
:10CA200016492846FFF73CFC58B9154A13781BB93C
:10CA300001211170134A13701348BDE87040FEF7CE
:10CA400093BE032211492846FFF72AFC88B90C4DF2
:10CA50000C4E2A784AB133783BB10D492046FFF796
:10CA6000C5FF00232B70337070BD0A48FEF77CFEB3
:10CA7000F7E720460849BDE87040B7E7F1470508E9
:10CA8000283D0120293D0120157805088249050827
:10CA90002B780508627805087678050810B50446F5
:10CAA00008460B46FEF724FE28B90322084918461B
:10CAB000FFF7F6FB38B90748FEF75CFE0120BDE83A
:10CAC0001040FEF777BE20460349BDE810408DE7D1
:10CAD00085780508897805087678050810B5044634
:10CAE0000748FEF741FE08F01DFB20B10548BDE8F0
:10CAF0001040FEF739BE20460349BDE8104075E7F7
:10CB0000AB780508B5780508BD78050802460149E7
:10CB10006CE700BFC4780508004967E7DB780508C3
:10CB20000EB403B503AA52F8041B0192FFF72BFFC2
:10CB3000064B1B6823B9064B06491868FEF7E2FC52
:10CB400002B05DF804EB03B0704700BF603901200C
:10CB5000243D0120367F050808B50B4605490246ED
:10CB6000086830B10449FFF7B7FDBDE80840FEF79B
:10CB700018BE08BD6039012001B503080FB407B520
:10CB800004A951F8040B0191FFF7E6FFFEF7E8FD59
:10CB900003B05DF804EB04B0704738B50446114D9E
:10CBA0000846FEF7A5FD60B10F4B93F900104B1C32
:10CBB00005D10E4B59780E48BDE83840DEE7C9B2C2
:10CBC000F9E70846FFF794FC052804D8C0B2EBF754
:10CBD00017FB2946E4E7204605220649BDE8384010
:10CBE00004E700BF387F0508CD090120C891012066
:10CBF000EA780508F978050838B50446104D084666
:10CC0000FEF776FD60B10F4B93F900104B1C05D178
:10CC10000D4B19780D48BDE83840AFE7C9B2F9E7C8
:10CC20000846FFF765FC052804D8C0B2FEF7FEFDF4
:10CC30002946E4E7204605220549BDE83840D5E607
:10CC4000387F0508CC090120C8910120EE7805083D
:10CC5000FE78050870B506460846FEF749FD00B3A4
:10CC6000214B1B680133162B17D820490C221C4678
:10CC700002FB031295682DBB1C4A0C210134162CB3
:10CC80000DDC03D801FB04208568DDB9A342F5D192
:10CC900030461749BDE87040A8E61C46ECE7002482
:10CCA000F0E70846FFF724FC1628044605D80F4A8B
:10CCB0000C2303FB00239D6825B921460D48BDE8E0
:10CCC00070405BE7084B1C60F4F7BCFA2A4621462B
:10CCD0000948FFF753FF0C20044B6043BDE8704048
:10CCE000185CF4F7C9BA00BFD00901209CDA040827
:10CCF000197905082D79050843790508044B411C6D
:10CD000033F910200AB1034838E7034836E700BF7B
:10CD1000D4460020587905086D7905080F4A104B54
:10CD2000DFED107A13B5411C33F9104002EB80009F
:10CD3000019190ED000A20EE270A0DF071F801999B
:10CD400002B22CB12346084802B0BDE8104015E7F6
:10CD5000064802B0BDE8104010E700BFA401002063
:10CD6000D446002000007A448379050895790508A7
:10CD70002DE9F04186B00024DFF83C81064602AF81
:10CD8000084601AA4C490EF069FC2546D0B1042C96
:10CD90000FD1029F49493846FFF7D4FA0546F8B942
:10CDA000474C2378AB4213DDE8B20135FFF7B6FFFD
:10CDB000F7E747F8240001AA4146002001340EF0AD
:10CDC0004DFCE2E7002CE4D13D4C2378AB4202DC81
:10CDD00006B0BDE8F081E8B20135FFF79FFFF4E748
:10CDE00038493846FFF7AEFA0546002860D1012CD5
:10CDF00008D1334C2378AB42EADDE8B20135FFF7C6
:10CE00007DFFF7E7022C10D1039C2F492046FFF746
:10CE100099FA28B12D492046FFF794FA0028D7D176
:10CE20002B4B0022C3E90022D2E7032C3CD1039D07
:10CE300028492846FFF786FA044618B12846FFF726
:10CE400057FB0446049F20493846FFF77BFA054606
:10CE500048B11E493846FFF775FA054618B13846FD
:10CE6000FFF746FB0546164F3A78944204D91A4913
:10CE70003046FFF7BBFDABE705F57A73B3F5FA6F04
:10CE8000F5D8134E4CB93B78A342A1DDE0B226F8A9
:10CE9000025B0134FFF732FFF5E7013CE0B226F810
:10CEA0001050FFF72BFF93E73046FFF72FFE8FE779
:10CEB0003046FFF731FE8BE7B6430508A279050837
:10CEC000E4240020A9790508AE7B0508B27905089D
:10CED000D4460020C2470508B879050810B50F4CA4
:10CEE000752104F5CE72012808BF144620460CF0C7
:10CEF00045FA01460A48FFF741FE1A2120460CF088
:10CF00003DFA01460748FFF739FE1B2120460CF089
:10CF100035FA01460448BDE810402FE6140300200E
:10CF2000CE790508E1790508F479050838B50B4C88
:10CF3000E07810F0FD0505D10948FFF71FFE2846EF
:10CF4000FFF7CCFFE378013B012B06D80548FFF73C
:10CF500015FE0120BDE83840C0E738BD0C8E012029
:10CF6000077A0508127A05082DE9F043064687B0CE
:10CF700008460C460CF0CEFC082843D1671E03ADD2
:10CF8000073429463A46A84612F8010FFFF7DEF9A2
:10CF900001F8010BA242F7D10023DFF878908DF859
:10CFA000143017F8010FFFF7D1F905F8010BC1B2E2
:10CFB000484601910FF050FB20B1019928460FF02F
:10CFC0004BFB28B13046FFF7A7FD07B0BDE8F08363
:10CFD000A742E6D10E494046E5F7E0FA0C4808239F
:10CFE0000C4910F8012B06AD11F8014B013B2A4406
:10CFF00002F80C4CF5D103A907488DF81430FFF75F
:10D00000BDFDE2E70028E9D03046FFF77FFDDCE711
:10D01000C83601209C1F0508C648050808B5084BFE
:10D020001A78032A08D15B780D2B05D1E4F764FC4C
:10D030000448BDE80840A1E50349BDE80840D5E43F
:10D04000A43601201D7A0508287A0508034B044AF6
:10D0500004491B681268096803488FE5187AF01FB5
:10D06000147AF01F107AF01F377A05082DE9F04185
:10D07000064608460C460CF04DFC054620B3154B01
:10D080001B78A3B1144F3B788BB138460CF042FCAF
:10D09000A842024604D1214638460FF0EAFA30B1E0
:10D0A00030460D4B0D4A0E49BDE8F0419EE40D4B54
:10D0B0001B784BB92046F8F79FFD28B10A4B012297
:10D0C0000A489A70FEF756FB03490948BDE8F0414B
:10D0D00054E500BFD8B9012004AD01204B7A050802
:10D0E0005B7A050868BD0120DCC30120857A05084C
:10D0F0004D4805082DE9F041064608460C460CF05F
:10D1000009FC054620B3154F3B78A3B1144B1B789F
:10D110008BB138460CF0FEFBA842024604D12146F2
:10D1200038460FF0A6FA30B130460C4B0D4A0E4986
:10D13000BDE8F0415AE40D4B1B784BB92046F8F797
:10D140002BFD28B10A4B01220A489A70FEF712FB08
:10D1500002490948BDE8F04110E500BF9CB7012035
:10D16000D8B901209A7A05085B7A050868BD0120C4
:10D17000DCC30120A77A05083D4805082DE9F041E8
:10D18000064608460C460CF0C5FB054620B3154F75
:10D190003B78A3B1144B1B788BB138460CF0BAFB2B
:10D1A000A842024604D1214638460FF062FA30B157
:10D1B00030460C4B0D4A0E49BDE8F04116E40D4BCC
:10D1C0001B784BB92046F8F7FFFC28B10A4B012227
:10D1D0000A489A70FEF7CEFA02490948BDE8F041C4
:10D1E000CCE400BFECAC0120D8B90120B97A050825
:10D1F0005B7A050868BD0120DCC30120C47A0508FC
:10D200002F480508F0B50D4689B006460846FFF7D9
:10D210006FF92021044628460FF01EFA20B9304647
:10D22000FFF774FC09B0F0BDFFF762F9224605462E
:10D2300001460E48FFF7A2FC7DB1202D2A46694623
:10D24000204628BF2022002707F0E8F80646B7420C
:10D2500006DBAD1B3444002EEED1FEF781FAE1E788
:10D260001DF807000137FEF76BFAF0E7D47A0508DE
:10D2700070B50C4605460846FFF73AF920210646E8
:10D2800020460FF0E9F9044618B92846BDE8704079
:10D290003CE4104D2A7D697D914201D007F0A8F849
:10D2A0000D4B20461E600CF035FB01220146204646
:10D2B00007F04AF92B7D6A7D9A4201D007F098F871
:10D2C00020460CF027FB324601460448BDE870407A
:10D2D00054E400BFDCC3012010860120EC7A05086D
:10D2E0002DE9FF4707F040FC8268284E002583891E
:10D2F00004460188374601924288DFF8A090DFF8A3
:10D30000A080DFF8A0A0009242682148FFF736FC19
:10D3100015B94846FEF728FAD8F800309D420DDBD3
:10D320000023062000FB03F17A18795C02291BD048
:10D330000133062BF6D100239B88FFDE3378052BC3
:10D3400010D80AEB8303D3F8D020B38829460135DF
:10D3500010480093063636F8043CFFF70FFC062D04
:10D36000D6D1DDE70022F0E791885388CB1A6168B7
:10D3700003FB0111039107F007F9039902460648E0
:10D3800004B0BDE8F047FFF7F9BB00BF480C01202F
:10D39000027B05085B7B05086A7B0508507B050856
:10D3A0006C0C0120F8F80408074B411C33F91020DD
:10D3B00002F5FA639BB2B3F57A6F02D80348FFF720
:10D3C000DDBB0348FFF7DABBD0440020877B0508AC
:10D3D0009C7B05082DE9FF41064608460D46FEF7F1
:10D3E00087F90746E8B100240A25092C17D90A2233
:10D3F00003A90120FDF72CFD434A03A9B4FBF5F373
:10D4000005FB13430134D35C0370002343703046A3
:10D41000FFF7E0FF122CE8D104B0BDE8F08103A8CB
:10D42000EAE70846FFF764F8C4B2112C62D8681C1A
:10D43000364DFDF781FF8046C0B9354B13F8141007
:10D440008A1E51425141324B13F81420AA5C002924
:10D450004BD003EB4403192040F2EE215B7800FB34
:10D46000031321462B48FFF789FBD5E701782846AF
:10D470000FF0F2F860B1431B042C8CBF0322002292
:10D480002548104450FA83F393F8E870032F03D132
:10D490003046FFF741FBBFE74046FDF74DFFF0B1D7
:10D4A000022FF5D1FFF724F840F6CA0280B2184BDC
:10D4B000904203EB4403A8BF104640F2EE22904294
:10D4C000B8BF10461922A0F2EE20B0FBF2F058705F
:10D4D000BB1E594259410E4B03F81470B3E7022F9B
:10D4E000F6D13046FFF712FB96E721460B48FFF7CF
:10D4F00045FB91E711230A4A0A49304600933B460F
:10D50000FFF774FA88E700BF5C4D05081C35050875
:10D51000F8930120EC480508F8F80408FC480508D1
:10D52000B27B0508744C05080FB407B504A951F87F
:10D53000040B0191FFF710FB03B05DF804EB04B09E
:10D5400070472DE9F04F074691B088480D46884E48
:10D55000FFF714FB00234024864906223370284637
:10D56000854B0978C3F800D0844B1C700123FCF76D
:10D5700027F80A20FAF7DCFA33780C2BDAB240F2FB
:10D58000F0809DF80C50FE2D2ED0FF2D0BBF1524E2
:10D590000F2401260026944240F0E380611E684675
:10D5A000C9B2D7F7DDFC10AB1C4414F8413C8342F0
:10D5B00040F0D28006F1FF389DF80D305FFA88F810
:10D5C000B8F1010F12D903F01F075C0961376C48ED
:10D5D000FEF7C0F8022E72D0013C042C6BD8DFE8B5
:10D5E00004F00B5E626A66000226D4E79DF80E70B6
:10D5F0001D469DF80F40EAE76248FEF7B5F86C4615
:10D600004FF0000ADFF8D891DFF8D8B15E48FEF796
:10D61000A1F80AF1010A14F8011B4846FFF784FF3C
:10D62000BAF10C0F53D1FEF79BF8022E59D06422A9
:10D630003B465648B5FBF2F102FB1152C9B2D2B2D9
:10D64000FFF79CFAB8F1010F7DD8514A514B9DF874
:10D6500010105148002914BF114619464F4DFFF7CD
:10D660008DFA9DF811104E4B4E48002914BF1946F3
:10D670002946FFF783FA022E65D19DF812404A48E9
:10D68000FEF768F89CB3FF2C41D00A224748B4FB50
:10D69000F2F102FB1142D2B2FFF770FA2AE04448DD
:10D6A000FEF762F8ABE74348FEF75EF8A7E74248AB
:10D6B000FEF75AF8A3E74148FEF756F89FE7002324
:10D6C0000DF11F008DF83F30FEF74EF897E73C4B09
:10D6D00003FB0AF2B2F1553F9BD85846FEF73AF8E1
:10D6E00097E73A4629463748FFF748FAAAE7284617
:10D6F000FEF73AF89DF813403348FEF72BF854B183
:10D70000FF2C23D021463148FFF738FA06E0304895
:10D71000FEF72AF8EEE72148FEF726F80DF113058B
:10D7200000241E4E2A4FDFF8788015F8012F8AB1A9
:10D73000FF2A0CBF3A464246214601342548FFF7EE
:10D740001DFA042CF1D111B0BDE8F08F2048FEF78E
:10D750000BF8E3E73246EFE71F493846FFF746F993
:10D76000F1E71E48FEF700F8EDE700BFD67B05089D
:10D7700080770120E424002084770120B077012005
:10D78000E77B0508F27B0508207C0508377C050847
:10D79000BA7B0508C37B05086E7C0508AE7B0508CF
:10D7A000C3480508857C05088C7C0508A07C050815
:10D7B000F97B0508017C0508097C0508187C05082B
:10D7C000ABAAAAAA537C0508A87C050838800508DE
:10D7D000CA7B0508B87C0508C37C0508D37C05080E
:10D7E000327C05088F4705082DE9F74F05460846A6
:10D7F0000B46FDF77DFF044610B93A4A17782FB95A
:10D800002846FFF789F903B0BDE8F08F2646DFF818
:10D81000F080DFF8F09001AADFF8ECA0184632495A
:10D820000DF01CFF10B9FAF707FAECE7FEB9FEF7A6
:10D830005FFE041E2D4B14DD1A7894420BDC21464A
:10D840002B48FFF79BF9013C01AA2749002001362C
:10D850000DF004FFE6E7FF2C03D12648FFF78EF911
:10D86000F1E71A7828462449FFF7C0F8CBE7FEF71E
:10D870003FFE2F2883462FD80FB1FAF7F3F9BBF1FB
:10D88000060F0DD0194901235FFA8BF20978E0B237
:10D89000FBF796FE594648460027FFF76FF9D3E796
:10D8A000DAF800301B0113D5FF2C0ED0E1B2284668
:10D8B000FFF747FEEEE728460137FFF742FE0B4B26
:10D8C000F9B21A788A42F6D8E4E70027074BF7E75F
:10D8D0000A48FDF749FFDDE72F2241462846FFF7BA
:10D8E00085F8B1E7580A0020B6430508E424002073
:10D8F000DC7C0508ED7C0508007D0508287A050814
:10D90000377D0508267D05084C3901202DE9F04FAB
:10D910002DED028B08EE100A83B008460E4617461E
:10D9200098460BF0F7FF044608BB0C25464EDFF87F
:10D930003C814648FFF7F8FD2046F3F76FFC3B6853
:10D94000184205D005FB04F340469959FFF7ECFD5A
:10D950000134162CF0D13B6813B93D48FDF7FAFEAF
:10D9600003B0BDEC028BBDE8F04FFDF7F9BE0246F7
:10D9700038493046FEF794FC0546B0B92C46324E85
:10D980000C25354F3548FDF7E5FE2046F3F746FCFC
:10D9900010EA080F05D005FB04F338469959FFF744
:10D9A000C3FD0134172CF0D1DAE733782D2B2CD1BD
:10D9B0000136013C012548F48003DFF8B4904FF0B4
:10D9C000000A0193D9F808B0224630465946FEF7BE
:10D9D00067FC38BB5046F3F721FC019B034221D082
:10D9E000ADB1BAF1160F02D03B6840EA03081C48FB
:10D9F000C7F80080FDF7AEFE5946174803B0BDECEE
:10DA0000028BBDE8F04FFFF7B9B80025D3E7BAF1B4
:10DA1000160F02D03D6825EA000512483D60FDF76B
:10DA200099FEE9E70AF1010A09F10C09BAF1170FA9
:10DA3000C8D10D4918EE100A03B0BDEC028BBDE849
:10DA4000F04FFEF7D3BF00BFA4DA0408577D0508E6
:10DA5000617D050878440508697D05086D7D050828
:10DA6000857D05088E7D0508787D0508687D05089B
:10DA70009CDA0408014B024A48E700BFFFFF3F0061
:10DA8000C4AF012040F20223004A3FE7CCAF01209F
:10DA90002DE9F74F3D4E834608460D460BF03AFF01
:10DAA000D6F800900446B8B9394D0126394F3A48A6
:10DAB000FDF750FE55F8041B49B106FA04F313EACA
:10DAC000090F02D03846FFF72FFD0134F2E703B00B
:10DAD000BDE8F04FFDF744BE024630492846FEF748
:10DAE000DFFB78B92A4C2E4D2E48FDF733FE54F853
:10DAF000041B0029EBD00B78002BF8D02846FFF749
:10DB000013FDF4E72B782D2B11D10135013C4FF09B
:10DB1000010A1F4B002753F8048BB8F1000F09D1FD
:10DB20002149584603B0BDE8F04FFEF75FBF4FF004
:10DB3000000AEEE72246414628460193FEF7B0FB75
:10DB4000019B00BB0123BB409A0505D5174803B0D4
:10DB5000BDE8F04FFDF708BEBAF1000F0CD029EA7E
:10DB6000030313483360FDF7F5FD41460C4803B04D
:10DB7000BDE8F04FFFF702B849EA03030D483360F0
:10DB8000FDF7E8FDF1E70137C5E700BF30AD012043
:10DB900080F70408A07D0508967D050878440508EF
:10DBA000697D05086D7D0508787D0508A47D05085B
:10DBB000857D05088E7D0508154B1B6870B533B350
:10DBC0000025144E1448FDF7CFFDFDF7EAFD06F0E1
:10DBD0000BFD06F001FD044648B11320F3F74CFBA2
:10DBE000FDF7BEFD0D48BDE87040FDF7BDBD3046F8
:10DBF000FFF79AFC782D06D80135FDF7D2FD642099
:10DC0000F9F796FFE5E72546FDF7AAFDF5E770BDB4
:10DC100014860120267A0508B07D0508CA7D05080E
:10DC200030B52E4885B0FDF795FD2D4B1B792BB9EE
:10DC30002C4805B0BDE83040FDF796BDD3F70CFB8E
:10DC400008B92948F5E7D3F7F7FA08B92748F0E704
:10DC5000274B1B68DB6998470028F7D0D3F7E6FA13
:10DC600002680446037D81795208407CE51D0C342E
:10DC7000029020790190E08800901E48FFF754FC44
:10DC800015F8010BFDF75CFDAC42F9D11A4C1B48AD
:10DC9000FDF760FD6378022B0AD00DD9032B02D16A
:10DCA0001748FDF757FD05B0BDE83040FDF758BDFA
:10DCB0001448FDF74FFDF6E71348FDF74BFD41F221
:10DCC000E473E35C022B05D0032BECD10F48FDF786
:10DCD00041FDE8E70E48FDF73DFDE4E7D07D05088E
:10DCE00044360120DA7D0508E97D0508F77D050841
:10DCF0004C360120067E05082C5F0120347E050885
:10DD0000447E05084A7E0508577E0508767E05088C
:10DD10005D7E05082DE9F04F024691B008460B469E
:10DD2000FDF7E6FC044628B11046FEF7EFFE11B001
:10DD3000BDE8F08F4FF0FF3227462646DFF8E48239
:10DD4000DFF8E492DFF8E4A2CDE90820A34A1268E4
:10DD500092F83810CDE90E02CDE90C10CDE90A0099
:10DD600007AA9F4918460DF079FC054604943DB971
:10DD7000089A0C9FBA4260D19A48FEF7FFFED6E798
:10DD8000062F12D8DFE807F0041E2328454C510067
:10DD900051462846FEF7AAFA78B14FF48060012474
:10DDA000F3F712F990F90430089307AA8C49002080
:10DDB00001370DF053FC0546D9E72846FEF798FBDE
:10DDC0000890F2E72846FEF793FB0990EDE7284616
:10DDD000FEF7A3FA0A90E8E728460BF09BFD4146C0
:10DDE000024605902846FEF75BFA18B3059A4946A5
:10DDF0002846FEF755FA06460028D6D02846FEF7F4
:10DE000077FB04280646D0D901467748FEF7B6FED0
:10DE10008DE72846FEF76CFB00230C900F93C4E7B8
:10DE20002846FEF765FB0D90BFE72846FEF775FA1A
:10DE30000E90BAE701230493B7E7DFF8F48151B2FB
:10DE4000434613F9010B884208D00135092DF8D15A
:10DE5000002101316548FEF791FE68E70121644821
:10DE6000FEF78CFE00237AB218F9011B8A4200F0FB
:10DE700010810133092BF7D13A460121E9E7A7F1D7
:10DE8000140253425341059308AD002303F10108E6
:10DE9000EB68002B36D195F900B05846F3F7B2F88D
:10DEA000D5F804A020B1D0F80090B9F1000F62D1EC
:10DEB000BAF1000F1BD14FF461434FF0010A6B60C0
:10DEC000AB680BB90323AB600023D5F80490584628
:10DED000029319462A7ACDE900921A46F3F7D1F84F
:10DEE000E86038B941464348FEF748FE1FE74FF067
:10DEF000000AE5E74A464146BAF1000F37D03E48EE
:10DF0000FFF712FBB8F1020F05F110054FF0010306
:10DF1000BCD1059BDDF83C800B9D53B13748FDF724
:10DF200023FCD8F800301B6A1BB12A46344940460E
:10DF30009847049B002B4ED03249334B142F18BF07
:10DF400019463248FEF71AFE142F09D1049B03B973
:10DF500036B12B68DB691BB132462D4928469847FC
:10DF6000002C67D1002241462846CEF74BFD2948B8
:10DF7000FFF7DAFAC6E7C5F80C90BAF1000F23D024
:10DF8000414625485246FFF7CFFA51464846F6F734
:10DF90004BFAD5F808A0BAF1000F0DD099F804207B
:10DFA000924509D041461D485346FFF7BDFA484601
:10DFB0005FFA8AF1F9F7F6FDD9F82C30002BA1D0E1
:10DFC0000023C9F82C309DE7D9F8082041461448B1
:10DFD000FFF7AAFADDE70C49B3E700BFCC3C01200C
:10DFE000B6430508B87E0508A07E0508FC7F050835
:10DFF000D17E0508DD7E0508F97E0508B07F05089D
:10E0000029440308887E0508387F0508D97F05085C
:10E01000E51204081D7F0508397F05088B7F050878
:10E02000667F0508B2790508637D0508957E0508B9
:10E0300054D804081D4F0026DFF878904FF0030AEB
:10E04000F9F710FE0520F9F773FD99F80030B34297
:10E0500088D917F801BBBBF1000F15D05846F7F768
:10E0600049FF044680B15846F9F718FE08B1A0F8F8
:10E0700006A001210490F9F7B7FE237A049813F063
:10E08000010F03D0F9F7F2FE0136DEE7F9F740FFA2
:10E09000FAE73A4602210648FEF770FD099B002B7D
:10E0A0003FF4EDAE00230593EEE600BFC938012032
:10E0B000D17E0508E42400202DE9F041037903F026
:10E0C000E002402A54D004D872B1202A2CD0BDE8F6
:10E0D000F081602A52D0802AF9D1827941792A4888
:10E0E000BDE8F041FEF74ABD03F00703022B02D062
:10E0F000042B09D07BB9B0F80720B0F805102348ED
:10E10000BDE8F041FEF73ABDD0F805102048BDE863
:10E11000F041FEF733BDB0F90720B0F905101B48F8
:10E12000BDE8F041FEF72ABD46790024194D1A4892
:10E1300005EBC605FDF70EFB012395F8F470A74229
:10E1400003D8BDE8F041FDF70BBBD5F8F0604FEA0E
:10E15000840856F824204AB113B91048FDF7FAFA9A
:10E1600056F808100E48FFF7DFF900230134E6E700
:10E1700041790C48BDE8F041FEF700BD0A48BDE812
:10E18000F041FEF7FBBC00BF5D8005082480050858
:10E190000E800508F8F804083B8005080C460508C1
:10E1A0007A4205084C800508748005082DE9F0477F
:10E1B00015460A7981460F4602F0E0049846402C45
:10E1C00038D10024DFF89C81654EDFF8BC9115E062
:10E1D0003B7903F00703013B032B03D8DFE803F08F
:10E1E00013181E24295D3046FFF79EF97B79013B09
:10E1F000A34202DD4846FDF7ADFA01347B79A34224
:10E20000E6DCBDE8F08729573046FFF78DF9EDE7EA
:10E2100035F814103046FFF787F9E7E735F91410A1
:10E220003046FFF781F9E1E755F824104046FFF743
:10E230007BF9DBE702F00702042A41D8DFE802F0AD
:10E24000030C141619002E78602C47D02BD8002C04
:10E250004ED0202C64D0D4E795F90060602C3DD0DE
:10E2600021D8002CF5D131E02E88EDE7B5F900601A
:10E27000F4E7D5F800A0202C564651D011D8002C38
:10E28000BFD151463748FFF74FF9D7F805108A45F7
:10E290005BD8B8F1000FB4D03348BDE8F047FFF7C2
:10E2A00043B9602C1AD0802CABD129782F4B304841
:10E2B000002914BF29461946BDE8F047FFF734B9D5
:10E2C000202C2CD007D8002C9BD12646B7F905402E
:10E2D000B7F9075010E0602CE5D100267B7946FAAB
:10E2E00003F3DB072CD52348BDE8F047FFF71CB943
:10E2F000B7F80540B7F8075031461948FFF714F949
:10E30000B44222DCB54220DBB8F1000F3FF479AF14
:10E310002A4621461848BDE8F047FFF705B9002610
:10E320007A79164B03EBC20393F8F420B2420CDD6A
:10E33000D3F8F03053F82600BDE8F047FDF70ABAED
:10E340000F48BDE8F047FFF7EFB8FDF709FA33468D
:10E350003A6848460B49BDE8F047FEF7E1BB00BF0D
:10E3600038800508218005088C8005088F4705083E
:10E370007A42050889800508EB800508F8F804084A
:10E380009280050896800508D44505080CB407B5A9
:10E3900010F020000BD079B92320FDF7D1F905A9A1
:10E3A00004980191FEF7D8FBFDF7DAF9012003B0DC
:10E3B0005DF804EB02B070470020F8E70CB4C30628
:10E3C00007B500D561B905A904980191FEF7C4FB12
:10E3D000FDF7C6F9012003B05DF804EB02B0704709
:10E3E0000020F8E72DE9F04F0F46914687B0002155
:10E3F00087EA09099846119A06460025FDF7C6F9ED
:10E40000DFF888B06FEA0903044605932846F2F75F
:10E4100005FF109B184231D0059B1B4A0340DFF8D3
:10E4200070A014BF4FF001094FF00009039310EAE8
:10E4300007034946304604934FF00C0303FB05F3F2
:10E440009B5814BF5A465246029300934346FFF727
:10E450009DFF039B22463046B3FA83F14909FDF73D
:10E4600095F9029B049A0446009349464346002AC4
:10E4700014BF52465A463046FFF7A0FF0135162D0D
:10E48000C4D107B0BDE8F08FA4DA0408B080050855
:10E49000B68005082DE9F04F824687B00D461E462E
:10E4A0001746002A6BD04FF48072394628460EF08A
:10E4B000C5F80AF03003102B5DD0B0FA80F464097F
:10E4C00016B13046FDF756F93E464FF00009DFF829
:10E4D000B480DFF8B4B02FB30822314628460EF0DE
:10E4E000ADF8B6F90430B0FA80F45A4604935046B9
:10E4F000B6F90630640903932146B37808EB830329
:10E50000D3F868320293737808EB8303D3F89C3214
:10E510000193337808EB8303D3F8103300934B4611
:10E52000FFF734FF2B78E3B1B5F9042008EB830340
:10E53000214650460492B5F90620D3F810330392D1
:10E54000AA7808EB8202D2F8682202926A780093D5
:10E550004B4608EB8202D2F89C2201925A46FFF702
:10E560002DFF09F1010908350836B9F1200FB2D1A4
:10E5700007B0BDE8F08F0028FAD00024A0E71446C9
:10E580009EE700BFF8F80408BD8005082DE9F04FAC
:10E59000804685B00E461D469146002A4DD0AE22DB
:10E5A000494630460EF04AF808F03003102B40D0B0
:10E5B000B0FA80F4640915B12846FDF7DBF8204F66
:10E5C000063609F1060509F1AE0BDFF878A0B9F1BE
:10E5D000000F16D00622294630460EF02FF8B5F966
:10E5E0000030B0FA80F4524602934046B5F9043048
:10E5F000640901932146B5F9023000937B68FFF767
:10E60000C5FEB6F9003063B102935246B6F9043044
:10E61000214640460193B6F9023000937B68FFF72C
:10E62000CDFE063504370636AB45D0D105B0BDE882
:10E63000F08F0028FAD00024BDE71446BBE700BFE6
:10E6400094FB0408DA8005082DE9F0452DED028BD6
:10E6500097B00024B64F05460CAE084603AAB4494D
:10E660000CF0FCFFA046B8B10A2C0CD10C9FB149AC
:10E670003846FDF767FE10BBAF48FCF7EFFEAF482A
:10E68000FCF7ECFE16E046F8240003AA3946002009
:10E6900001340CF0E3FFE5E7002CE7D1A84B22465C
:10E6A000A8490120FFF772FFA74B2246A749012086
:10E6B000FFF7F0FE17B0BDEC028BBDE8F085A44972
:10E6C0003846FDF73FFEA8B9A24D01249FEDA28A6E
:10E6D000A24FA34EB5EC010A20EE080A0BF0A0FBF6
:10E6E00057F82410013402463046FEF747FA0D2C45
:10E6F000F0D1DFE79B493846FDF724FE002855D1CD
:10E70000012C17D18F4D984E984FB5F9063063B153
:10E71000B5F90A303A46002101200193B5F90830D5
:10E72000009356F82430FFF749FE013406351D2CBE
:10E73000EBD1BFE7042C35D101240CAF04AE57F860
:10E740002400FDF7D5FE46F824000134042CF6D150
:10E750000D9F0024844E56F8041B3846FDF7F2FD49
:10E7600000B9059401341D2CF5D1059B5A1E1B2AB6
:10E7700000F27981069941F2883001F6C412824292
:10E7800000F27181079A02F6C414844200F26B8190
:10E79000914200F368816B48062404FB030359800F
:10E7A0009A8087E72846FEF7B1F983E77049384633
:10E7B000FDF7C8FD064600283ED1012C12D1614D5F
:10E7C000694E6C4F062363435B5F3BB100933A464F
:10E7D00056F8243000210120FFF7F0FD01341D2CF4
:10E7E000F0D167E7032CDDD10D9CDFF87CA120463A
:10E7F000FDF77EFE07460E98FDF77AFE80465AF832
:10E80000041B2046FDF79EFD002808BF3746013651
:10E810001D2EF4D17B1E1B2B00F2258108F51C5305
:10E8200044F620621033934200F21D810620454BCE
:10E83000474323F807803DE74F493846FDF782FDFF
:10E840000346002856D1012C05D102463D492046F9
:10E85000FFF79CFE2EE7022C0AD136490D98FDF7F2
:10E8600071FD00287FF426AF3348FCF7F7FD21E760
:10E87000052C97D101240CAF04AE57F82400FDF706
:10E8800037FE46F824000134052CF6D10D9F0024F4
:10E89000354E56F8041B3846FDF754FD00B9059473
:10E8A00001341D2CF5D1059E731E1B2B00F2DB805D
:10E8B000089C44F6206304F51C5210329A4200F280
:10E8C000D280069941F2883301F6C4129A4200F2CE
:10E8D000CA80079A02F6C410984200F2C48091429E
:10E8E00000F3C180062317487343C518C4526980DA
:10E8F000AA80DFE621493846FDF724FD03460028BB
:10E9000040F0B680012C05D1024610492046FFF7A1
:10E91000C1FDCFE6022C33D106490D98FDF712FD5B
:10E9200000287FF4C7AE0548FCF798FDC2E600BF9B
:10E93000B6430508B279050814050008300500083B
:10E94000A14805085C8D0120AD480508EC9901201F
:10E95000A27905088027002000007A4460FB0408A3
:10E96000F28005080681050894FB04080C8105085F
:10E970002181050826810508A7480508B348050830
:10E98000032C13D17F490E98FDF7DCFC00287FF49F
:10E9900091AE0D98FDF7ACFD1F2864D87A4A00238C
:10E9A00002EBC00142F830304B6083E6E31F012BDD
:10E9B0003FF6F8AE01260DF1300804AF58F82600F6
:10E9C000FDF796FD47F826000136A642F6D10E9FC8
:10E9D00000246E4E56F8041B3846FDF7B3FC00B910
:10E9E00006940134042CF5D10F9F0024684E56F88C
:10E9F000041B3846FDF7A6FC00B9079401341D2C12
:10EA0000F5D1109F0024634E56F8041B3846FDF7DD
:10EA100099FC00B9089401340D2CF5D1059A1F2AF0
:10EA200021D8069F032F1ED8079E1C2E1BD8089C9A
:10EA30000C2C18D80A9941F2883301F6C410984278
:10EA400011D8099844F6206C00F51C531033634527
:10EA500009D84D4B03F8327003EBC2035E709C7013
:10EA6000D880998026E64C492846FDF7BFFF21E66D
:10EA70004A493846FDF766FC064600287ED1012C3F
:10EA800018D1474C424D474E474F34F9022B40F6C0
:10EA9000C51355F828109A4208D13846FEF76EF88B
:10EAA00008F10108B8F11D0FEFD103E63046FEF77B
:10EAB00065F8F5E7022C1DD10D9C3C492046FDF779
:10EAC00041FCA0B13A492046FDF73CFC78B1204614
:10EAD000FDF70EFD00F6C41241F289339A42C2D806
:10EAE000344B013623F8020B1D2EFAD1E2E540F635
:10EAF000C510EFE7032C7FF455AE0D9F2E49384625
:10EB0000FDF720FC044688B138460126FDF7F0FCED
:10EB1000DFF87C80044658F826103846FDF712FCD2
:10EB2000002808BF344601361D2EF4D10E9E1F4921
:10EB30003046FDF707FCC0B11D493046FDF702FC29
:10EB400098B13046FDF7D4FC1C2C8CD800F6C412CA
:10EB500041F289339A4286D800B24CB9154B013440
:10EB600023F8020B1D2CFAD1A4E540F6C510EBE703
:10EB7000124B03EB4404A4F8DC009BE52846FDF7A8
:10EB8000CBFF97E537810508EC99012008FC0408C4
:10EB900094FB040860FB0408B8790508A979050806
:10EBA000E6270020518105083B810508AE7B05085A
:10EBB000B2790508E4270020C2470508082700208D
:10EBC0002DE9F04F9046314A8BB00C461278002167
:10EBD0000746454609921A46FCF7D8FD4FF0000B50
:10EBE0000646DFF8ACA0099B5B4502D80BB0BDE838
:10EBF000F08F0BF1010BB8F1000F44D02946102221
:10EC000020460DF01BFD00283246384613BF012177
:10EC100000214FF001094FF00009FCF7B7FDEA8928
:10EC200006465B4607924946AA89384606926A8993
:10EC300005922A890492EA880392B5F90420029287
:10EC4000B5F9022001922A8800925246FFF79EFBF6
:10EC5000E2895B464946384607921035A2890692FA
:10EC60006289059222890492E2880392B4F9042011
:10EC70000292B4F90220019234F8102B009252460D
:10EC8000FFF79CFBAFE7C146E2E700BFE82A0020A0
:10EC9000668105082DE9F04F2DED028B9DB0A44B48
:10ECA0000025DFF890820AAC064609AA0846A14969
:10ECB0001F780CF0D3FCA0B3092D29D1DDF82880F2
:10ECC0009D494046FDF73EFB002845D19B4C9C4D9D
:10ECD0009C4E9FED9D8ADFF89C82874229DD00F1E2
:10ECE000010906EB800035F902AB90ED000A0BF04C
:10ECF00097F80AF5FA6182B289B2B1F57A6F1DD838
:10ED0000534649469148FDF739FF04344846E4E745
:10ED100044F8250009AA4146002001350CF09EFC6C
:10ED2000C9E7002DCAD12B462A4689490120FFF7A1
:10ED300047FF1DB0BDEC028BBDE8F08F94ED1E0ABD
:10ED4000069220EE080A0BF06BF8069A0346494635
:10ED50004046FDF713FFD8E77E494046FDF7F2FA3B
:10ED6000044600286AD1012D06D1BC42E1DAE0B2A6
:10ED70000134FEF719FBF8E7022D24D10B9D7649EB
:10ED80002846FDF7DFFA90B174492846FDF7DAFA14
:10ED900068B12846FDF7ACFB00F5FA630546B3F50C
:10EDA0007A6F06D96E493046FDF720FEC1E740F282
:10EDB000D175634EBC42BCDAE0B226F8025B013486
:10EDC000FEF7F2FAF6E7032D34D10B9D654928468C
:10EDD000FDF7B8FA044618B12846FDF789FB04464A
:10EDE0000C9D5D492846FDF7ADFAC8B12846FDF7F0
:10EDF0007FFB0546082CD5D805F5FA63B3F57A6F85
:10EE000003D940F2D1739D42CCD14D4E5CB9BC4286
:10EE10008FDAE0B226F8025B0134FEF7C5FAF6E7B6
:10EE200040F2D175E6E7013CE0B226F81450FEF757
:10EE3000BBFA7EE73046FDF769FE7AE74A4940466D
:10EE4000FDF780FA0446002840F09880012D16D185
:10EE50003F4D464EBC42BFF66CAFEB8901343046A5
:10EE6000103513F0010F214614BF2B222D2213F071
:10EE7000020F14BF2B232D23FDF780FEEAE7022D9E
:10EE8000D8D00B98FDF734FB431E8046072B89D85A
:10EE90002F4A19014FF00209DFF8DCB002EB03132F
:10EEA00006910792DC89A94512DBDDE9062314F0FF
:10EEB000010F414613442D4814BF2B222D2214F07C
:10EEC000020FDC8114BF2B232D23FDF757FE30E703
:10EED0000AAB53F8297097F800A0BAF12B0F03D0B2
:10EEE000BAF12D0F7FF45EAF0137214938460AF0A1
:10EEF00007FD58B9BAF12B0F04D144F0010409F110
:10EF00000109D0E724F00104A4B2F8E759463846D5
:10EF10000AF0F6FC00287FF445AFBAF12B0F02D1BE
:10EF200044F00204EBE724F00204A4B2E7E700BFD8
:10EF3000E82A0020B6430508A27905080827002022
:10EF4000D0440020EC2A002000007A448781050884
:10EF500004960120A9790508AE7B0508B279050859
:10EF6000B8790508C2470508B8810508BE810508BB
:10EF7000D9810508A4810508D5810508092D6FD11F
:10EF80000AAF13AC00252422002113A80DF052FA79
:10EF9000013557F8040BFDF7ABFA44F8040B092DC3
:10EFA000F6D1DDF84CE00EF1FF3007283FF6FAAE5F
:10EFB0006FF4BB73149AD11840F2537399423FF621
:10EFC000F1AE159B03F57A71B1F5FA6F3FF6EAAE33
:10EFD000169D05F57A71B1F5FA6F3FF6E3AEAB42D7
:10EFE0003FF7E0AE179FA7F16401B1F5617F3FF6EF
:10EFF000D9AE1899A1F16404B4F5617F3FF6D2AEA1
:10F00000DDF864C040F2B634ACF13208A0453FF6FA
:10F01000C9AEDDF868804EF66024A0453FF6C2AE6A
:10F020001B9C032C3FF7BEAE0F4E4FEA001906EBB8
:10F03000001026F80920C481A4B243808580C780CF
:10F040000181A0F80AC0A0F80C800848CDE9021C94
:10F05000CDE904847146CDE90057FDF78FFD68E6E0
:10F060003046FDF759FD64E60496012066810508E7
:10F070002DE9F04F87B014461A460546039100214A
:10F08000FCF784FB4FF000080646DFF82CB106239E
:10F090004FF0000903FB08F707F5A077039BDB5D42
:10F0A0000493002C00F08380E35D2846049A0593C6
:10F0B0009A42324613BF012100214FF0010A4FF05E
:10F0C000000AFCF763FB059B06465A465146284654
:10F0D000CDE900934346FFF759F9049B5A46514640
:10F0E00028460137CDE9009309F101094346FFF7AE
:10F0F00065F9B9F1060FD1D108F10108B8F1040F93
:10F10000C5D14FF4AC77DFF8B0B0039BA7F5AC796D
:10F1100013F807A0002C4CD0E35D324628469A45F0
:10F12000049313BF012100214FF001084FF00008A4
:10F13000FCF72CFB049B06465A4641462846CDE97F
:10F1400000930423FFF722F904231B4A4146284673
:10F150000137CDE9009AFFF731F940F263139F427E
:10F16000D3D1039B93F86371ACB194F863813246B9
:10F170002846474513BF0121002101240024FCF744
:10F1800005FB00230C4A2146009328460523CDF8B1
:10F190000480FFF7FBF80023074A21462846009326
:10F1A00005230197FFF70AF907B0BDE8F08FA246E3
:10F1B00093E7A046C8E700BFDD810508F0B5054626
:10F1C00087B008460B46FCF793FA044638B1002393
:10F1D0001B4901201A46FFF74BFF07B0F0BD03AEF5
:10F1E000184F02AA174918460CF038FAB0B1032C90
:10F1F00003D12846FDF78AFCEFE7FDF779F902AA6B
:10F2000046F824003946002001340CF027FAEDE7D7
:10F21000324621460C48FDF7B1FCDEE7032CE8D16D
:10F22000059BDDE903461A4601933146E0B2D9F762
:10F2300067FD019B0028EBD12846FDF76DFCCCE76C
:10F24000007C0120B6430508DD8105082DE9F04F5B
:10F25000924685B00C461A46002181465546FCF779
:10F2600095FA00268046DFF86CB0BAF1000F2FD077
:10F270002946042220460DF0E1F90028424648467E
:10F2800013BF0121002101270027FCF77FFAEB784B
:10F2900080465A4602933946AB78484601932B88FC
:10F2A00000933346FFF772F8E3785A4639464846EA
:10F2B00002930435A378019334F8043B009333465A
:10F2C0000136FFF77BF8102ECFD105B0BDE8F08FE7
:10F2D0005746E9E7F1810508F0B5074685B00846CD
:10F2E0000E46FCF705FA054638B100231B490120FC
:10F2F0001A4605B0BDE8F040A8E70846FDF7F8F863
:10F300000F28044621DC3046FCF716F8014620465B
:10F31000D9F720FD98B104F14002114B03EB8201B3
:10F32000C8780290284689780191294633F822301E
:10F330000C4A00932346FFF741F805B0F0BD38466C
:10F3400005B0BDE8F040FDF7E7BB0F23064A0749CB
:10F35000384600932B46FDF749FBEEE7007D012080
:10F36000007C0120F18105086E4C0508744C0508ED
:10F370002DE9F04F8A4691B0164600211A460546FF
:10F38000AAF1080AFCF702FA4FF0000804460DF152
:10F390002C091F4F494602A8FAE90223CDE90223AE
:10F3A000CDF77EFB96B306EBC803D3E90001DDE998
:10F3B0000223CDE90401994208BF90422246284623
:10F3C00013BF012100214FF0010B4FF0000BFCF7A0
:10F3D000DDF906A9044604A8CDF762FB06A9434659
:10F3E0003A46009128465946FEF7D0FF434608F1B9
:10F3F00001083A4659462846CDF80090FEF7DEFF50
:10F40000B8F1200FC6D111B0BDE8F08FB346EDE7DB
:10F4100003820508F0B5074689B008460E46FCF79A
:10F4200067F9054638B10023184901201A46FFF74D
:10F430009FFF09B0F0BD0846FDF75AF81F280446A3
:10F440001AD83046FBF778FF01462046D9F7D8FD99
:10F4500070B103AE0D48314600EBC400CDF720FB80
:10F4600023460B4A294628460096FEF7A7FFE0E709
:10F470003846FDF751FBDCE71F23064A06493846AC
:10F4800000932B46FDF7B2FAD3E700BF007C0120C2
:10F49000038205086E4C0508744C05082DE9F74FEA
:10F4A0008946154600211A460746C846FCF76EF9FC
:10F4B00000240646DFF870B09DB305EB84010422FA
:10F4C00040460DF0BBF800283246384613BF0121F4
:10F4D00000214FF0010A4FF0000AFCF757F9AB1C6E
:10F4E00006465A4633F8243051463846019335F8DB
:10F4F000243000932346FEF749FFB8F802305A46FD
:10F5000051463846019308F1040839F82430009335
:10F5100023460134FEF752FF052CCDD103B0BDE8E0
:10F52000F08FAA46E9E700BF0D8205082DE9F341F7
:10F53000064608460D46FCF7DBF8074638B10023BF
:10F54000314901201A4602B0BDE8F041A6E72F4933
:10F550002846FCF7F7FE20B902B0BDE8F041CDF730
:10F5600013BB2846FCF7C4FF0428044642D82846AB
:10F57000FBF7E2FE074670B1FCF7BAFF4FF0010857
:10F5800005463846FBF7D8FE48B9304602B0BDE81C
:10F59000F041FDF7BBBA40F2EE258046F1E7FCF7FB
:10F5A000A7FFB8F1000FF0D0A5F2EE2240F2DC5335
:10F5B0009A4203D8A0F2EE229A420CD940F6CA032E
:10F5C000134A14493046009340F2EE23FDF70EFA39
:10F5D00002B0BDE8F0810C4B00210F4A23F8245003
:10F5E00003EB840358802346CDE900500846FEF71C
:10F5F000E5FEEDE70423094A0649304600933B4601
:10F60000FDF7F4F9E4E700BF64390120B279050899
:10F610001E820508744C05080D820508B27B05089A
:10F620002DE9F04F8FB00C46002181460C921A460E
:10F63000FCF7ACF84FF000080C9D052740F2DC56B3
:10F64000DFF814B10D900C9B002B00F0818029464F
:10F65000102220460CF0F2FF00280D9A484613BFF6
:10F66000012100214FF0010A4FF0000AFCF78EF84B
:10F67000B5F90C200D9043460B925146B5F90A207E
:10F6800048460A92AA7B099295F9082017FB026264
:10F69000089295F9072017FB0262079295F9062058
:10F6A00017FB0262069295F9052017FB026205928C
:10F6B0002A79049295F9032017FB0262039295F9C7
:10F6C000022017FB026202926A7801922A78009265
:10F6D0005A46FEF75BFEB4F90C20434608F10108D8
:10F6E00051460B924846B4F90A2010350A92A27B83
:10F6F000099294F9082017FB0262089294F90720F6
:10F7000017FB0262079294F9062017FB0262069229
:10F7100094F9052017FB026205922279049294F96C
:10F72000032017FB0262039294F9022017FB026286
:10F7300002926278019214F8102B00925A46FEF75A
:10F740003DFEB8F1200F7FF47EAF0FB0BDE8F08F23
:10F75000DDF830A0BFE700BF2C8205082DE9F0419D
:10F7600080468EB008460F46FBF7C2FF054640B103
:10F7700000236B4901201A46FFF752FF0EB0BDE887
:10F78000F0810846FCF7B4FE1F28064600F3BE8051
:10F790000401781C8DF83750FBF7CEFD604D07460D
:10F7A00048B1FCF7A5FE392805D89DF83730285513
:10F7B00001338DF837303846FBF7BEFD074650B1B0
:10F7C000FCF796FE0C2806D82B1958709DF8373098
:10F7D00001338DF83730A11C0DF13702384629442A
:10F7E000FCF78AFEFBF7A8FD074650B1FCF780FE48
:10F7F0000C2806D82B1918719DF8373001338DF875
:10F800003730611D0DF1370238462944FCF774FE8C
:10F81000E11D0DF137022944FCF76EFEFBF78CFD6C
:10F82000074640B1FCF764FE2B1998739DF83730FA
:10F8300001338DF837303846FBF77EFD074640B17F
:10F84000FCF756FE2B1958819DF8373001338DF89F
:10F8500037303846FBF770FD40B1FCF749FE2B19F5
:10F8600098819DF8373001338DF837309DF8373067
:10F870000C2B08D01022002128190CF0DBFD40468B
:10F88000FDF744F97AE7274B0027F0B203EB0408B1
:10F890001F51C8F80470E8F70FFE2B19B3F90C20BC
:10F8A000C8E902070B9240F2DC50B3F90A200A9231
:10F8B0009A7B0992052293F9081012FB0101089125
:10F8C00093F9071012FB0101079193F9061012FB3F
:10F8D0000101069193F9051012FB010105911979B7
:10F8E000049193F9031012FB0101039193F90210A3
:10F8F00012FB01023946384602925B780A4A0193AC
:10F900002B5D00933346FEF759FD37E71F23074A67
:10F910000749404600932B46FDF768F82EE700BFE5
:10F9200014B20120D0B701202C8205086E4C0508C6
:10F93000744C05082DE9F04F174689B01A460C465D
:10F94000002181463D46FBF721FF324E07F16C0353
:10F950008046DFF8C8B0079394F9041000232E4ABC
:10F9600092F90800884250D001330C32092BF7D1AC
:10F970000C35079B0C349D42EED109B0BDE8F08FE9
:10F9800029460C2220460CF059FE002842464846E3
:10F9900013BF012100214FF0010A4FF0000AFBF7CD
:10F9A000F5FEEA7995F90430804656F82220514652
:10F9B000484604922A7A56F822200392AA7956F8E9
:10F9C000222002926A7956F8222001922A68009237
:10F9D0005A46FEF7DBFCE279514694F9043048467A
:10F9E00056F822200492227A56F822200392A27915
:10F9F00056F822200292627956F82220019222685B
:10FA000000925A46FEF7DAFCB2E7002FB8D1BA46A8
:10FA1000E1E700BFD4CD040848AD01205B820508B2
:10FA20002DE9F04307468BB00846FBF761FE04461C
:10FA300038B100234D4901201A460BB0BDE8F04310
:10FA400078E70DF11C0807904E1CC8E90100084634
:10FA5000FCF74EFD454B40B21A4693F90410814223
:10FA60007DD001340C33092CF7D1002425463046D3
:10FA7000FBF762FC064630B101350A220021EDB2E7
:10FA8000FCF766FD07904FF000093046FBF754FC89
:10FA9000064638B3FCF72CFD354900228C4651F858
:10FAA00004EBD3B2704503D00132102AF7D1002302
:10FAB0005CF82320904215D1B9F1020F1FD0B9F1A3
:10FAC000030F21D05A1EB9F1010FD2B212D00B2A66
:10FAD00003D88DF821300135EDB209F10109B9F1F2
:10FAE000040FD2D1052D15D838460BB0BDE8F04330
:10FAF000FDF70CB8042AF0D88DF82230EBE7052B7F
:10FB0000EBD88DF82430E6E79A1E0D2AE5D88DF85B
:10FB10002330E0E798E80700154B84E807009DF8DC
:10FB20002320002153F82220084604929DF8242027
:10FB300053F8222003929DF8222053F822200292AB
:10FB40009DF8212053F822300A4A0193079B009325
:10FB50009DF92030FEF732FC0BB0BDE8F0830C239A
:10FB600001258DF8200003FB042480E7583C012088
:10FB7000D4CD04085B8205082DE9F04F914689B089
:10FB80000C461A46002180464D46FBF7FFFD002734
:10FB90000646DFF8E8B0B9F1000F6DD0294606221D
:10FBA00020460CF04BFD00283246404613BF012191
:10FBB00000214FF0010A4FF0000AFBF7E7FD06466F
:10FBC0002878ECF76FFA079020B36879ECF76AFAB7
:10FBD000079B40F2DC514FF0050C5B7995F903204F
:10FBE000079395F902301CFB021295F801E01CFB0B
:10FBF0000313297900B14079CDF804E0CDE9023250
:10FC0000079B5A46CDE90410009351463B464046B7
:10FC1000FEF7BCFB2078ECF745FA079020B360793B
:10FC2000ECF740FA079B40F2DC514FF0050C5B7992
:10FC300094F90320079394F902301CFB021294F804
:10FC400001E01CFB0313217900B14079CDF804E0F9
:10FC5000CDE90232079B5A46CDE904100093514684
:10FC60003B464046FEF7AAFB013706340635142F03
:10FC700091D109B0BDE8F08FCA46CBE7788205087C
:10FC80002DE9F041064686B008460F46FBF730FDE9
:10FC9000054640B10023544901201A46FFF76CFF86
:10FCA00006B0BDE8F0810846FCF722FC13280446A4
:10FCB00000F3918006268DF817504B4D4643781C73
:10FCC000FBF73AFB074660B1FCF712FCC0B2ECF759
:10FCD000D5F930B10379AB559DF8173001338DF864
:10FCE00017303846FBF728FB074660B1FCF700FCED
:10FCF0000C2808D8062303FB045358709DF81730CE
:10FD000001338DF81730B11C0DF117023846294424
:10FD1000FCF7F2FBFBF710FB074660B1FCF7E8FBD2
:10FD2000012808D8062303FB045318719DF81730E7
:10FD300001338DF817303846FBF7FEFA78B1FCF73F
:10FD4000D7FBC0B2ECF79AF948B10623027903FB5E
:10FD500004535A719DF8173001338DF817309DF810
:10FD600017200623042A28D103FB045300229A807B
:10FD7000E8F74EFA06236343EE18E85CECF792F9D5
:10FD800040F2DC5596F90320052396F9027080466F
:10FD9000707913FB075713FB0255ECF783F943798E
:10FDA000214698F805200393337910480097CDE950
:10FDB00001537378FCF7E2FE72E7052A04D103FBD6
:10FDC000045300225A71D3E7062AD1D00023AA197E
:10FDD000AB519380CCE71323054A06493046009384
:10FDE0002B46FCF703FE5BE7B494012078820508FC
:10FDF0006E4C0508744C05080EB400B584B0084973
:10FE000005AB019001A853F8042B0393FCF764FCA5
:10FE1000019B00221A7004B05DF804EB03B0704738
:10FE200009B10308F8B54E1E054601F11F04054F40
:10FE300016F8012F284639460235FFF7DDFFA642A6
:10FE4000F6D1F8BD327C05082DE9F04300279BB0C0
:10FE5000064608460C4609F05DFD05461C2239465B
:10FE600002A801970CF0E6FA25B3402D08D04023F4
:10FE70002A4632493046FCF7B9FD1BB0BDE8F08395
:10FE80000DF1040804F140090222214668460CF0F5
:10FE900002FC102209A968468DF80270FCF758FB95
:10FEA000099B0DF10202934220D1023408F8010BA4
:10FEB0004C45E9D100213D220AA809910CF0BAFA7B
:10FEC000002D2FD01E4B1B78B3B120221D4901A855
:10FED0000CF0B4FB80B109A81A49FFF7A3FF09ABE6
:10FEE000194A30461949FCF781FDC6E71A783046B1
:10FEF0001749FCF77BFDC0E7164B1B7893B901A8A7
:10FF0000F5F730FE70B1144B012209A80D49DA70E3
:10FF1000FFF788FF1148FBF72DFC09A91048FCF7F3
:10FF20002DFEAAE70C4BDB781BB9054B1B78002B89
:10FF3000F3D0044909A8FFF775FFEEE791820508A1
:10FF4000DAB90120ACB70120CF8205085B7A050839
:10FF5000B382050868BD0120DCC30120D9820508F1
:10FF6000E88205082DE9F04F06468DB00846FAF7FD
:10FF7000DDFF054698B3384BB3F90020002A5AD06C
:10FF8000364BD71783FB020309A81344C7EB63174B
:10FF9000C7EB07143FB2A2EB840424B2002CB8BF15
:10FFA0006442FCF757F909A81FFA84F887EAE77456
:10FFB000FAF7BCFF0546A4EBE77400284AD0BDF869
:10FFC0002420A4B29DF826309DF827C09DF828E093
:10FFD0009DF829909DF82AA0BDF82C1016E0044643
:10FFE0008046074600204FF0010CDFF878B001464C
:10FFF000634682468146864602460546ADF828009D
:020000040804EE
:100000008DF82A00ADF82C00CDF824B0002FB4BF35
:100010002D202B2005903046CDF800C0CDE903A15E
:10002000CDE906480E49CDE901E9FFF7E5FE28468E
:100030000DB0BDE8F08F14468B780A882B2091F81C
:1000400003C0A04691F804E091F8059091F806A04D
:100050000989DFE7A4B2C5E7503D01208988888877
:10006000904D05080000010191ED056AD0ED017A7F
:10007000D1ED036A91ED047A67EEA66AD0ED005ADD
:1000800027EE877AD1ED004A67EE867A91ED025A23
:1000900091ED016AE4EEA56AD1ED064AA6EE257A55
:1000A00090ED026AE5EE257A91ED075AD1ED085AF6
:1000B000E4EE866AA5EE067AE5EE867AC0ED006A81
:1000C00080ED017AC0ED027A704700BFD0ED005A92
:1000D00008B5B0EE650A0CF043FBB0EE405AB0EE46
:1000E000650A0CF04DFBD0ED014AF0EE405AB0EE3F
:1000F000640A0CF035FBF0EE403AB0EE640A0CF006
:100100003FFB90ED023AF0EE404AB0EE430A0CF0AD
:1001100027FBB0EE404AB0EE430A0CF031FB23EE71
:10012000E56A25EE847AC1ED024A65EE046A81ED46
:10013000056A23EE844A25EE006A65EE805A81ED59
:10014000004A60EE637AB0EE464A25EE235AC1EDCE
:10015000017AA4EE874AA4EE867A81ED085AB0EEC1
:10016000666AA4EEE56AE4EEE65A81ED034A81EDA3
:10017000077A81ED046AC1ED065A08BD03469FED7A
:100180001D6AF0B5B3F9022085B0B3F900401A4DED
:1001900001A8B3F9043085FB0467E41785FB02C6A8
:1001A000D21785FB03C5DB17C4EBA704C2EBA6027D
:1001B000C3EBA50312B21BB224B207EE102A07EE5E
:1001C000903A06EE904AB8EEC77AF8EEE77AF8EE83
:1001D000E66A27EE067A67EE867A66EE866A8DED27
:1001E000027ACDED037ACDED016AFFF76FFF05B01E
:1001F000F0BD00BF35FA8E3C67666666002242603D
:1002000002600CF0FDBA00BFDFED107A9FED107AAE
:1002100060EEA77A08B5C7FEC07A67EE877A87EEE8
:10022000A05AB0EE450A0CF0ABFAF0EE405AB0EE30
:10023000450A0CF095FAF7EE007AB6EE007AC7EEB2
:10024000A56AE0EE267A27EE870A08BD3333F33E2F
:10025000DB0F4940002208B5002302608360FFF7EE
:10026000D3FF80ED010A08BD08B5FFF7CDFFD0ED43
:10027000027A80ED010AF8EE677A87FEC00ABCEECA
:10028000C00A80ED020A08BD0022DFED077A08B53A
:10029000002320EE270AC26003604360FFF7B4FF2B
:1002A00080ED020A08BD00BF11E2C63FDFED097A0A
:1002B00008B520EE270AFFF7A7FFD0ED037A80EDFF
:1002C000020AF8EE677A87FEC00ABCEEC00A80ED2B
:1002D000030A08BD11E2C63F0022DFED077A08B528
:1002E000002320EE270A0261036043608360FFF76A
:1002F0008BFF80ED030A08BD1811FB3FDFED097A83
:1003000008B520EE270AFFF77FFFD0ED047A80EDD5
:10031000030AF8EE677A87FEC00ABCEEC00A80EDD9
:10032000040A08BD1811FB3FB5EE400A10B4F1EE07
:1003300010FA0ED0F5EE400AF1EE10FA09D00139AC
:10034000082906D8DFE801F019222B353F19492288
:100350001000374A374C38491346C0E90024816001
:100360000C305DF8044B1847344BD20703603DD581
:100370003349344AC0E90112F2E7334BD207036034
:1003800051D53249324AC0E90112E9E7314BD10770
:1003900003602BD52A49304AC0E90112E0E79307F0
:1003A00039D52E4A2E4C2F491346C0E900248160CE
:1003B000D6E7940727D52C4A2C4C2D491346C0E983
:1003C00000248160CCE7910715D52A4A2A4C2B4995
:1003D0001346C0E900248160C2E7294BD4070360BB
:1003E00004D51749274AC0E90112B9E72649124A3C
:1003F000C0E90112B4E7254A254C26491346C0E955
:1004000000248160ACE7244A244C25491346C0E906
:1004100000248160A4E7234A234C24491346C0E901
:10042000002481609CE72249034AC0E9011297E752
:100430009DB103081912000099B103081D050408B5
:100440007D1100003D050408FD0104081D11000098
:1004500055140000DD0404080105040855020408D1
:10046000BD0F000069020408890204081110000091
:10047000AD020408D902040885100000FD0204083A
:10048000B5040408CD040408CD1100005906040881
:10049000E510000079060408210604085D1000003C
:1004A0004106040805060408F50F000015060408B7
:1004B0004D110000002201219FED031AC2608260ED
:1004C000426002600CF090B9F304353F01219FEDCA
:1004D000021A0CF089B900BFF304353F0022DFEDAA
:1004E000067A01219FED051A20EE270AC26082607C
:1004F000426002600CF078B98AD1A23F3ACD133F36
:10050000DFED047A01219FED041A20EE270A0CF09A
:100510006BB900BF8AD1A23F3ACD133F0022DFED75
:10052000067AB6EE001A012120EE270AC260826028
:10053000426002600CF058B911E2C63FDFED047A68
:10054000B6EE001A012120EE270A0CF04DB900BFCB
:1005500011E2C63FDFED157A9FED157A60EEA77ABE
:1005600008B5C7FEC05A25EE877AC7EE204AB0EE1E
:10057000640A0CF005F9B0EE405AB0EE640A0CF0D3
:10058000EFF8F7EE006AC5EE007A9FED0A7A65EEA5
:10059000875A37EEA67A77EEE67A85EE876AC7EE57
:1005A000876A80ED036AC0ED026A08BD3333F33E0B
:1005B000DB0F4940DB0FC940DFED107A9FED107A69
:1005C00060EEA77A08B5C7FEC07A67EE877A87EE35
:1005D000A05AB0EE450A0CF0D3F8F0EE405AB0EE57
:1005E000450A0CF0BDF8F7EE007AB0EE007AC7EEDF
:1005F000A56AE0EE267A87EE270A08BD3333F33E7C
:10060000DB0F494008B500230360FFF7D5FF80EDFD
:10061000010A08BD08B5FFF7CFFF80ED010A08BD4C
:10062000DFED067A08B5002320EE270A0360436059
:10063000FFF7C2FF80ED020A08BD00BF11E2C63F0E
:10064000DFED047A08B520EE270AFFF7B5FF80ED4D
:10065000020A08BD11E2C63FDFED067A08B50023A5
:1006600020EE270A036043608360FFF7A5FF80ED5B
:10067000030A08BD1811FB3FDFED047A08B520EE30
:10068000270AFFF799FF80ED030A08BD1811FB3F09
:10069000F0B407688F4218D94D1E7E1E002315F84E
:1006A000014F0821634013F0800F4FEA430482EAB0
:1006B00043030CBFE3B2DBB20139F4D1AE42EED159
:1006C0007A1C02603B70F0BC70477A1C0023026009
:1006D0003B70F0BC704700BF0823484010F0800F0B
:1006E0004FEA400182EA40000CBFC8B2C0B2013BF1
:1006F000F4D170470A44914218D030B44C1E551EB4
:1007000041F2210114F8012F082380EA022010F49D
:10071000004F4FEA400281EA40000CBF90B280B225
:10072000013BF4D1A542EDD130BC70477047F8B51C
:10073000154D6B78BE2B25D1AC1C144F02222946D7
:100740004FF6FF70FFF7D6FF22884AB1A618BE42C7
:1007500018D2052A16D921463446FFF7CBFFF3E716
:1007600021460222FFF7C6FF0222A1180634FFF736
:10077000C1FF074B641B1C8041F60F53C31A58423C
:100780005841F8BD0020FCE7004000080080000848
:1007900078BD01202DE9F04F8FB0DFF8E881FBF73D
:1007A00071F9DFF8E4B1E1F76DFF6F4A0123DFF87B
:1007B000C4A1A2EB08026D4F0292032201926C4A7F
:1007C000137098F80030AE2B30D1FFF7B0FFBBF8B4
:1007D000203380F00100BA45ADF81030C4B210D219
:1007E000644DA9881C3555F8140CC1F30B01CBF7E7
:1007F000FDF855F8043C1B68834218BF0124BD4234
:10080000EFD3DCB998F80030AE2B02D1FFF78FFFA1
:1008100010B90520FAF734FA0024554B1C70E1F7A3
:1008200011FF554B1C700FB0BDE8F08FBBF82033A3
:10083000BA45ADF8103001D20124D1E70023029A65
:10084000CDF820800D93CDE909234C4ACDE90B3337
:100850001369002B7DDB0123002404A9022208A8D0
:100860008DF834300C94FAF7E3FE04A902224FF617
:10087000FF70FFF73FFFBA45054671D203940DF1B3
:1008800018093C4CA6880622238849460398C6F3DB
:100890000B061C348DF81D00C3F30B0006EB020C95
:1008A0001B0BADF81A0008A8ADF818C08DF81C3065
:1008B000FAF7BEFE284606224946FFF71BFF54F80A
:1008C000141C0546324608A8FAF7B2FE54F8141C68
:1008D00028463246FFF70EFFBC420546D2D300241D
:1008E000022205A908A8ADF81440FAF7A1FE05A94F
:1008F00002222846FFF7FEFE43BA49460222DB43A6
:1009000008A8ADF81830FAF793FE0B9890B90C9838
:100910009DF8343043B900283FF474AF019B013B8C
:1009200001937FF44EAF74E7144A136943F0004318
:100930001361F0E70AABC0F10402214618440BF042
:1009400079FD0C980028E3D108A80AA9FAF7ECFD74
:10095000DEE70B4B536003F18833536013697AE78A
:100960000DF11809BBE700BF0080000890090008DE
:10097000F4930120E801000860A70120003C024038
:100980002301674500400008F8F8040838B505461B
:10099000FAF788FE044660B10C4B02229A73FFF707
:1009A000F9FE0B48FAF7E6FE0020BDE83840FAF7FA
:1009B00001BF08492846FCF719F807492846FCF703
:1009C00015F8064B1C70064B1C7038BDC8910120F1
:1009D000F58205082B780508FC820508283D0120D2
:1009E000293D012010B507490124074B02220C7054
:1009F0009A73FFF7CFFEFBF7D7FA2046BDE8104009
:100A0000F0F790BD70250020C891012008B5FFF7D0
:100A1000C1FE0120BDE80840F0F784BD10B40122FA
:100A20004C0901F01F0150F8243002FA01F123EAC9
:100A3000010340F824305DF8044B704710B40122E4
:100A40004C0901F01F0150F8243002FA01F10B4368
:100A500040F824305DF8044B704700BF01234A0979
:100A600001F01F0150F8222003FA01F1114214BFD6
:100A700018460020704700BF38B5064C064DAC4202
:100A800006D2A16820461C34FAF7C6FCAC42F8D363
:100A900038BD00BFE8010008900900082DE9F74FB4
:100AA0004FF000090126054601AA08464E490AF002
:100AB000D5FD4F4682464C46B046DFF868B1BAF1E4
:100AC000000F27D1B9F1000F2DD1002C7BD021468A
:100AD0004648FCF753F8464B1B780BB9F8F7A8FECD
:100AE000FFF7CAFF434F002038700EB1F8F7B8FE89
:100AF00014B12046FAF704FEB8F1000F16D0FAF749
:100B0000D1FD0446002862D0FFF744FE0020FAF72A
:100B100051FE0BE0B9F1000F0BD05046FBF7E8FC9B
:100B200084B2002C3ED12846FBF7F6FF03B0BDE8A7
:100B3000F08F31495046FBF7D9FB00283CD12F49B3
:100B40005046FBF7D3FB002839D159465046FBF7F6
:100B5000CDFB002835D12A495046FBF7C7FB0028BA
:100B6000E1D0002FDFD1FAF787FDB0B1254B264D3C
:100B70001C68264E013C14F8011F4B1EDBB2FD2BF6
:100B8000D4D82B689C42D1D20A2903D03046FCF736
:100B9000CBFCF0E7FAF7E4FDEDE71D492846FBF74B
:100BA000BFFFC3E74FF0000901AA0F49002001373A
:100BB0000AF054FD824682E74FF00109F4E7C84687
:100BC000F2E74E46F0E71348FAF7D4FD88E71249FA
:100BD0002846FBF70BFF11492846FBF707FF104B90
:100BE0003C701C70A2E700BFB64305083C830508B3
:100BF00068BD0120293D01201A8305082848050801
:100C00009A4905080028000804280008CC82050835
:100C1000238305085F8305082B780508FC820508F7
:100C2000283D0120C6470508084B024608498B426B
:100C30000AD2184602E01C30884205D20388C3F36A
:100C40000B039A42F7D1704700207047E801000873
:100C5000900900082DE9F04F174685B01A468246E4
:100C6000019138460021354CFAF790FD4FF000090C
:100C700007F0100306460293FAF793FD2379019AD1
:100C800003F01803934202D08AB9182B0FD12B4BD3
:100C90004FF00D0808FB0938B8F80900FFF7C4FF4A
:100CA000054668B9D8F800102548FBF767FF09F139
:100CB00001090D34B9F5DF7FDED105B0BDE8F08F55
:100CC0002046FAF723F88046D5E902210244014480
:100CD0002046FAF753F880F0010132460390C9B27A
:100CE0003846FAF753FD0646DDE902230AB1002B28
:100CF000DDD10D22114902FB0912D2F800B0BA066B
:100D00000ED56BB959460F480393FCF70DFCAA6842
:100D10002146039B50464244FDF748FAFAF720FD6E
:100D200059460948FCF700FCEA6800232146424482
:100D30005046FDF73BFAFAF713FDB8E74000050807
:100D40007583050884830508858305080529F0B5A2
:100D5000054685B00C46164614D80B4F3970FAF785
:100D6000FFFC0A492846FBF718FF22460849684657
:100D7000FFF742F86B46324610212846FFF76AFF1C
:100D8000FF233B7005B0F0BDCD090120387F050879
:100D9000EA7805080529F0B5054685B00C461646E3
:100DA00014D80B4F3970FAF7DBFC0A492846FBF7D9
:100DB00023FF2246084901A8FFF71EF801AB32467F
:100DC00008212846FFF746FFFF233B7005B0F0BD22
:100DD000CC090120387F0508EE78050870B5054676
:100DE000B0F80900FFF720FF074B044628461E789D
:100DF000F9F78CFF2EB1054B1B7813B9E368184443
:100E000070BDA3681844FBE768BD012031C2012012
:100E100038B505460C46FFF7E1FF2B7903F0E002F9
:100E200003F00703602A29D1022BDAB20ED0042A7C
:100E300018D03AB96A79012393400278DBB214B131
:100E40001343037038BD22EA0303FAE76A790123EA
:100E5000934002889BB214B113430380F2E722EA65
:100E60000303FAE701236A7903FA02F2036814B173
:100E700013430360E6E723EA0203FAE7042BE1D811
:100E8000DFE803F00303050507000470DAE70480D8
:100E9000D8E70460D6E713B50446084601920091EE
:100EA000FFF79CFF02462046DDE9001302B0BDE8D3
:100EB0001040FDF77BB92DE9F04F2DED028B08EEC8
:100EC000101A4849484A85B00B780546497813708E
:100ED000464B197046490978CDE9012309B9F8F75D
:100EE000A7FC0026434CDFF81CB1FFF7C5FDB04658
:100EF000F8F71AFD0D233F4A18EE101A03FB0623DC
:100F0000D3F800904846FBF7F1F9002841D0B8F13A
:100F1000000F01D0FAF724FC49463748FCF704FBE0
:100F2000002221462846FFF7B6FFFAF719FC23797D
:100F300003F01803082B45D0102B48D02046FDF7AE
:100F4000BBF82C4A0D2303FB0623B3F80900FFF777
:100F50006BFE8246D8B12046F9F7D8FE0746DAE99B
:100F60000221024401442046F9F708FF78B94946B6
:100F700003902248FCF7D8FADAF80810039A2846BA
:100F80001346CA192146FDF711F9FAF7E9FB08F1F2
:100F9000010801360D34B6F5DF7FABD10020FAF73A
:100FA000AFFBFF23019A1370029A1370B8F1000F80
:100FB00012D11349284605B0BDEC028BBDE8F04FB5
:100FC000FBF714BD59462846FBF716FEB6E759460F
:100FD0002846FBF7E2FDB1E705B0BDEC028BBDE8AA
:100FE000F08F00BFC8910120CC090120CD0901205C
:100FF00068BD012040000508898305088F83050826
:10100000787D0508387F05082DE9F74F0746084623
:10101000884608F07FFC044628B1012824D198F8BE
:1010200000302A2B20D1A64E00254FF00D0ADFF804
:10103000B082B146A348FAF797FB0AFB05934046F6
:1010400001351968FCF770FA221E3146384618BF80
:1010500001220D36FFF71FFFFAF782FBB5F5DF7FA0
:10106000EBD103B0BDE8F08F3D2140460BF0F4FA20
:10107000002800F01F8103469A4613F8012D202A0C
:10108000FAD0AAEB080A0130054610F8013B202BE4
:10109000FAD08B4B4FF000095FFA8AFA9B460D227B
:1010A00002FB093421680846019108F033FC0199DC
:1010B000024600904046FBF7F3F8814B06460028B5
:1010C00055D1009A524552D194F8048008F0E001BD
:1010D000402900F0B7800ED8002954D0202900F014
:1010E000878038467849FBF781FC204603B0BDE88D
:1010F000F04FFCF7E1BF60297BD08029F1D1284671
:1011000008F008FCE379064694F80680DB070CD566
:101110002046FFF763FE0378014633B13246284686
:101120000BF0A7FA002840F0BF80002E00F0BC8032
:10113000464500F2B9800D23204603FB09B393F81E
:1011400005A0FFF74BFE424600210BF073F9564510
:1011500029D332465D4928460BF08BFA18B3204656
:10116000FFF73CFE324629460BF095FA1BE009F1E9
:101170000109B9F5DF7F92D15549384603B0BDE882
:10118000F04FFBF733BC08F00703042B1AD10A22F7
:101190002846FBF7DDF9D4F8053001469842A0D87F
:1011A0002046FFF735FE0D234A4803FB09B9D9F85D
:1011B0000010FCF7B9F900222146384603B0BDE81B
:1011C000F04F68E62846FBF793F9B4F80550B4F8F9
:1011D000071018F0050FAAB28BB201D02AB20BB2D9
:1011E0009042FFF67EAF98423FF77BAF0146D7E7CC
:1011F0006679394A4FF0000802EBC606C2464346FC
:1012000096F8F4200092009A904502D2BAF1000FAD
:1012100003D0002B3FF465AFC5E7D6F8F01051F8C6
:10122000280060B129460193FBF78CF8019B30B987
:101230004FF0010A41462046FFF7EAFD534608F108
:101240000108E0E708F00708637908F1FF38009328
:10125000009B9E42A7DAAA4615F8012B202AFAD055
:101260002046FFF7BBFD0546B8F1030F03D8DFE8C2
:1012700008F0020D0D135046FBF73AF9A8552C2142
:1012800050460BF0E9F90136451CE1E75046FBF703
:101290002FF925F81600F2E70A2200215046FBF745
:1012A00057F945F82600EAE742460C493846FBF76D
:1012B0009DFB16E74146384603B0BDE8F04FFAE51E
:1012C000400005089F830508ED8305088F47050842
:1012D000787D0508E2830508F8F80408B28305085C
:1012E0008983050810B50C4628B1C943013801F0BF
:1012F0000101F6F7A3FEE30702D472B605F0B0FBD6
:1013000010BD00BF00234FF6FF720121438101721F
:101310008381C38102828274704700BF00207047BE
:10132000002070470120704701207047002070475F
:1013300000207047054B00209B6810B44FF40074E8
:1013400014805DF8044B0B60704700BF68360120C5
:101350000020704700207047024A034B12681A6051
:10136000704700BF301D012058C401202DE9F84FFF
:10137000144B1D68ED0A1FD00026134FDFF84CA058
:10138000B146B846AC193A68102340466410D2F80A
:1013900024B0C7F828905246E102D8470F280BDD49
:1013A0000A4B03F1100253F8041B013107D1934299
:1013B000F9D12546B542E5DCE802BDE8F88F661CA8
:1013C000F8E700BF14860120981D01203801002095
:1013D000134A30B4134C1378134D2344C0E900343E
:1013E0002B781078834213D81078834205D30023DA
:1013F00030BC1846C1E9003370471278002B4B60AF
:10140000C2F180020CBF012002200A6030BC70478C
:101410001478002201201B1B30BCC1E90032704748
:10142000F0C301204C770020F1C301200B4A10B417
:1014300013780B4C03442168DBB208441370137813
:1014400020601B0603D5137883F080031370054BCF
:1014500001225DF8044B1A70704700BFF0C30120F1
:1014600010860120D40901200430704704307047F1
:10147000054A064B506800EB4000020103EB0010E8
:101480009B589B69184700BF58C40120381D012094
:101490000648406800EB400030B40501044C04EB02
:1014A000001064596469A44630BC604758C40120E8
:1014B000381D012004307047036A1B681B6A5B6893
:1014C0005B7813F0010308BF43761846704700BFEE
:1014D000704700BF704700BF08B5C16A4369826AA0
:1014E0000B4443610AB108469047002008BD00BF85
:1014F00041618262704700BF0346012200205A7694
:10150000704700BF014803681B681847981D0120F9
:10151000F8B506460D461446002B30D0FFF7F2FF13
:101520000028FBD01C4A1D4B11681B68994202D34E
:1015300000242046F8BD1A4F1A4A3B6838461B69FA
:101540009847194B00221A709CB1FB88796928686A
:10155000B1FBF3F203FB12129B1A834214D801244D
:101560002B60386823462A46314644690C48A04718
:1015700004463B680A489B6998472046F8BDFFF738
:10158000C1FF0028CED1D3E7022CEAD11B1A6A682A
:10159000934238BF6B60E4E7108601201486012077
:1015A000981D01202D140408D409012070477047AC
:1015B0004378007840EA0320094B10FB01F199427F
:1015C00008DBB1F5000F07DA0029B8BFFF310812B8
:1015D00000B270470348FBE747F6FF70F8E700BF2B
:1015E00001FF7FFF0080FFFF10B52A4C2A4BA26845
:1015F00093ED026AA2F50002D3ED016AD3ED007A01
:1016000007EE102AD3ED055AD3ED044AB8EEC77A97
:10161000E26893ED094AA2F5000293ED075AE7EE5E
:10162000066A93ED066AE7EE267A06EE902A93EDB7
:10163000037AF8EEE66AE5EEA74AD3ED085AA4EE7F
:10164000275A93ED0A4AA7EEA47AD3ED0B4AA5EEEA
:10165000276AE6EEA45AE4EE275AA5EEA66AA6EE9D
:10166000867AB5EE407AF1EE10FA03D0BDEEC77A75
:1016700080ED007AF5EE407AF1EE10FA08D0FDEE3A
:10168000E77A17EE903A002BB8BFFF331B120B60BE
:1016900010BD00BF58C401202893012001207047CD
:1016A000012070470120704770472DE9F04FDFF8A7
:1016B000808185B05C4B4FF0000EB8F80A201C69A1
:1016C0001302B8F80820B8F80660E41A4FF00003D7
:1016D0006EEB0E0ECDE90201A2FB040102FB0E111E
:1016E000C209B8F8040042EA4162CD11010452185F
:1016F000A6FB040143EB050506FB0E11030AB8F82F
:101700000260B8F80C004FEA212C43EA0163002183
:10171000F6039B19A0FB04674CEB010C00FB0E7752
:10172000F10D4FEAE75841EA472111F5FA600090C0
:1017300048F100000190DDE90067B6F5FA6F77F136
:10174000000055DAA1FB016701FB08F007EB400739
:101750000520A6FB00AB00FB07BB4FEA5A004FF089
:10176000FF3740EACB704FEA6B06121A4FEA9A0035
:1017700040EA8B7065EB06054FEAAB061B1ADDE904
:10178000009A6CEB060C294EB1457AEB070023DA80
:1017900040F6AC5008184FF0000148EB010800FB80
:1017A00008F8A0FB000101EB48014FF00B08C7004F
:1017B000CE00C71B46EA507661EB0606D21946EB0F
:1017C0000505A0FB086708FB0177710841EAC771AE
:1017D00078105B1A6CEB000C04FB0EFEA4FB0401FA
:1017E00001EB4E01C40F44EA41040099091B00912A
:1017F000029989B10C494C69A4FB030104FB0C114B
:10180000430D43EAC1234C159A1A029B64EB05056C
:10181000D20B42EA45421A60039B13B11A46009B61
:10182000136005B0BDE8F08F58C4012024FAFFFF13
:10183000B89201200A4B1A686423534348BF03F649
:10184000FF731B130360074B1A880A23534330228C
:10185000B3FBF2F303F584531A330B60704700BFF8
:10186000CC920120C892012001207047704700BF30
:10187000704700BF0120704701207047012070476A
:10188000704700BF30B10A4BD3ED067AFDEEE77A20
:10189000C0ED007A51B1064B9FED067AD3ED077A81
:1018A00067EE877AFDEEE77AC1ED007A704700BFF8
:1018B000D09201200000C8423849B6EE003ADFED70
:1018C000383A4B7E087E1B028A7E03EB00431A44A3
:1018D00018020B7FC87E48BF02F17F421B02497F7E
:1018E00007EE902A03EB00430120F8EEE77A194453
:1018F0001B022C4B67EEA37A48BF01F17F41B3F97D
:101900001420D3ED025A07EE101A06EE102AB3F98E
:101910001020F8EEE55A04EE902AB8EEC66AB3F944
:101920001220B8EEC77AF8EEE44A06EE902AB3F930
:101930000E2027EE237AE7EE864A05EE102AF8EE0F
:10194000E66AB3F90C20B8EEC55A04EE102AB3F9D2
:101950000220A7EEA65A06EE102AE4EEA75AD3ED0F
:10196000016AB8EEC44AB3F90020F8EEE66AB8EEB0
:10197000C66A04EE902AE7EE046AE5EE075A26EE00
:10198000076AF8EEE44AB0EE467AE7EEA56AA4EEFE
:10199000837AC3ED066A83ED077A704758C4012045
:1019A00008218436D09201202DE9F04FDFF834C4AD
:1019B00091B0DFF834E4DCF82030BEF800209EF966
:1019C0000460A3EB02230D90BEF80200F717A3FBFF
:1019D00003AB0E9106FB0BF9A0FB03010AFB079872
:1019E000A6FB0A238146860489044344941941EAEC
:1019F000993143EB0105002C75F1000303DA14F172
:101A0000FF3445F100054FEAE5780D9A2B46CCE905
:101A10000A58002A00F07781A5FB0501DCF830A008
:101A200005FB08F201EB4202CDE900010192DDE97C
:101A3000000184098A1144EA816404FB08F1A4FBD3
:101A4000054502FB0312002C154475F10002C0F29B
:101A5000C4812E129EF90A00220AC11706FB00F467
:101A600042EA05620F9602FB0144A0FB026727448D
:101A7000002E34463D4677F10001CDE90245C0F223
:101A8000A4819EF90900019DC117BEF9074000FB22
:101A900005FB009DA4F5804405FB01BB039D4FEAB7
:101AA0006519009DA0FB050104FB08F5DDE902674F
:101AB000CDE9020159444FEA561CBEF905604FF0CA
:101AC000000B0391E1174CEAC76CA6F5804603FBB7
:101AD00001570399A4FB03451CEB0B0C4FEA810152
:101AE0004FEA8636CDE90A45DDE9024549EB0609AC
:101AF00041EA9471A0000B9C3C441CEB00000B9449
:101B000049EB0109DDE90ABC5C46670564466505E9
:101B1000C11945EADB25049149EB05010591DDE991
:101B20000445002C75F10001C0F245819EF91000BA
:101B30000F9EC11706FB00F6DDE904BC64464FEAC0
:101B40001B69241649EA0C290A94A0FB024502FBF2
:101B50000162002C20461544294675F10002CDE9AA
:101B60000201C0F220819EF90F00029AC117BEF84F
:101B70000D605209DDE9004500FB05FC04FB01CCCA
:101B8000039C42EAC462009CA0FB0401BEF80B4027
:101B9000CDE90001B0B20021A4B2CDE9040103995E
:101BA0004FEAC43B04984F110199A0FB0345049EE2
:101BB000614400984FF0000C06FB085501910901A3
:101BC00012EB0C024FEA845641EA10714FEA001002
:101BD00047EB0B0712184FEA855041EB070740EA25
:101BE00094209219069247EB00020792DDE9061253
:101BF000002972F10000C0F2CF80A9FB0A019EF912
:101C00001340BEF91170E51704FB08F6DDE906BCC8
:101C1000CDE9000101985A460A9903FB056692082E
:101C2000A4FB03450AFB0101380442EA8C723544E7
:101C300001914FEAAC0C0099521801994CEB010C40
:101C4000241845EBE075A4FB0A010AFB05110028E6
:101C500006460F4677F10001C0F29780740B7813A7
:101C600044EAC744A4FB0A450AFB0055002C294658
:101C700071F10001CDE900457CDB9EF91450AAFB0F
:101C80000A01009CEE17640A00FB06F7CDE9025634
:101C9000019D029E44EAC554029D05FB0177019D0A
:101CA000A0FB060112194FEA6525394406464CEBA4
:101CB000050C00280F4677F1000154DB300C3C1472
:101CC00040EA0740A0FB0A010AFB04110028054670
:101CD0000E4676F1000141DBEC09F01144EA46645E
:101CE000A21840EB0C0C94184CEB0C01A41841EB1F
:101CF0000C01E000C90082180D9A41EA547141EBD1
:101D00000C01090C11600E9ADAB1DA1848EB0801DF
:101D1000D21841EB0801D000C900C31841EA527142
:101D2000089341EB08030993DDE90801002871F1EC
:101D3000000309DBDDE908128B0B43EA82430E9AAC
:101D4000136011B0BDE8F08F43F6FF730022C31893
:101D50000893099B42EB03030993EBE710F17F051E
:101D600046F10006B8E74FF6FF740025061945EB6B
:101D70000707A3E7009C40F2FF11002061180091C3
:101D8000019940EB0101019177E741F6FF740025CD
:101D9000061945EB070761E7CA1C0692079A42EB52
:101DA0000C02079229E714F11F020292039A42F1F2
:101DB00000020392D7E66FF07F4100206118049182
:101DC000059940EB01010591B0E616F11F01029162
:101DD000039941F10001039153E6FF3445F10005F9
:101DE00037E600BF58C40120F4920120012070475B
:101DF0002DE9F74FDFF8BCC183466D4DDCF8344068
:101E00002A880191C2EB241352005B43C2EBE40227
:101E1000B5F902401B136243B5F904405C43A413B7
:101E200004EBE224B4F5FA3E4FEAE473CCF8384010
:101E300043F1FF3AB5F90820AEFB0E8912B20EFB52
:101E40000AF302FB0AF109EB4309D3170EFB031156
:101E5000A2FB0E230B441003190341EA1251B5F9FA
:101E60000A2012B2D31702FB09F608FB0366A2FB95
:101E700008233344160AEA8846EA03661F1230181C
:101E800092B241EB0707003047F50047A0FB020183
:101E900002FB07114A10CB1752EA030100F08580BC
:101EA000B5F91060B5F90E0036B200B2F71706FBAF
:101EB00009F100FB0AFA08FB0711A6FB08670F44AB
:101EC000C1170EFB01AAA0FB0E0151444FEA404886
:101ED0004FEA414EDCF83C104EEAD03EC1F580118D
:101EE00018EB0600B5F90C804FEAC17C4EEB070EEB
:101EF000CF17FE074FEAC80746EA51060021091826
:101F000047EB0E0EBCEB010140F6354766EB0E06C3
:101F1000A1FB070107FB061107F004FDB5F9162028
:101F20004E1312B2470B02FB06FCD31747EAC14718
:101F300007FB03CCA2FB07236344564307FB03665E
:101F4000A2FB07233344560EB5F9142046EAC31604
:101F500012B236184FEA63674FEAE27341EB0707A4
:101F6000514300FB0311A2FB00230B44D10C41EAB7
:101F70004331D814761840EB0707B5F91200320A3E
:101F800000B242EA076203011344BBF1000F02D022
:101F90001B0ACBF80030019B23B104EB840480348E
:101FA00024121C6003B0BDE8F08F0023EDE700BFF2
:101FB0000C93012058C40120012070472DE9F04105
:101FC000344B354EB3F840207489B6F91450121BC7
:101FD0003489B6F904806243B6F91240B6F90E703E
:101FE00005EBE235B6F920C0E4025B6C94FBF5F436
:101FF00004EBE234B6F90250A4F57A6EF4610EFBFC
:102000000EF20EFB05F512130EFB08FEB6F90C805E
:10201000ED12574302FB08F205EBE727B6F9005033
:10202000121407EB850702EB6E32B6F806E007FAEA
:102030000CF7023202379210A3EBA70702F5004219
:102040000EFB02F24FEAD23E4CF2503242FA0CF34F
:102050007B431BD45B00B3FBFEF378B11A1202FB87
:1020600002F540F6DE326A430C4D12145D4302EB7A
:10207000254202F6CF6203EB2213036021B10A234B
:102080005C43083424110C60BDE8F081B3FBFEF31F
:102090005B00E2E758C401209092012043E3FFFF78
:1020A000024B012283F84820704700BF58C401202A
:1020B0004FF40063838170474FF40063838170475E
:1020C0004FF40063838170474FF40063838170474E
:1020D000012380F8103170474FF40063838170470B
:1020E0004FF40063838170474FF40063838170472E
:1020F000437D13B1012B04D070474FF4806383817B
:1021000070474FF400638381704700BF1C4B1B78FE
:1021100070B504463BB980F847301A4B1B78D3B9E9
:1021200084F8483070BD0522174920300AF0B3FA10
:102130001522164904F125000AF0ADFA0D221449C2
:1021400004F13A000AF0A7FA012384F847300D4B56
:102150001B78002BE4D00F4A01231668556890685D
:10216000D16826606560A060E16016695569906974
:10217000D16984F8483026616561A061E16170BD74
:10218000D8B90120DAB9012004AD0120ECAC01205E
:102190009CB70120ACB7012010B5074C94F84C3027
:1021A0000BB9002010BDF3F7EDFE236DC01AD0F57A
:1021B000FA50F7D5F5E700BF58C40120002108B553
:1021C0000846F5F74DFF002008BD00BF2DE9F04798
:1021D000089C894617460021202298460646099DFC
:1021E0000AF028F95CB16189D4E900237182C2F355
:1021F0000F40F281C3F30F42F382308232834846AC
:1022000007F088FBFB0619D4431EB8B109EB0004A4
:1022100001E0013B12D314F801CDBCF12E0FF8D12F
:10222000C41A082B03F1010A04F1FF34A8BF0823E4
:10223000CA44032C1A46A8BF032406E00828024615
:10224000CA464FF00004A8BF08224FF02033494689
:10225000304606F108093360736009F089F9174BBD
:10226000224651463381484689F80230741E09F0EF
:102270007FF9F31D14F8011FA1F16100203919281D
:1022800098BF2170A342F5D1484606F10B0110F822
:10229000013BA3F16102203B192A98BF00F8013CE1
:1022A0008842F4D1C8F30F421823F772A6F81A80B7
:1022B000B282F5613373BDE8F08700BF20202000B3
:1022C00018462DE9F04F85B01546FFF745F8002870
:1022D0005DD001EB40230C46CB4F0293A1EB45238D
:1022E000DFF8409303931AE0002D5DD07B69AB4289
:1022F00000F0CF803B69AB4200F00481D7E90631A2
:10230000AB4248D8A94200F2EE81691A2046C9F7CB
:10231000B1F804F50074029B0135A34237D03A6A44
:10232000AA42E1D8A5EB020A3E6B4FEADA0B336B07
:102330000AF0070A0BF1020B9B4502D3B36B9B45D6
:1023400008D931465846C9F763F80646002800F018
:10235000EA8138633379002B40F06681D6F8288013
:10236000B8F1000F00F0D881316B3346F268204697
:10237000ABEB010B4FF4007104F5007401350AEB6F
:10238000CB0B02EB4B22C047029BA342C7D10020DC
:1023900005B0BDE8F08FA942B7D94FF40072002113
:1023A00020460AF047F8B4E74FF400722946204669
:1023B0000AF040F880210C23944A84F8BE1184F876
:1023C000C2313B69B968934284F8B85184F8B95175
:1023D00084F8BA5184F8BB5184F8BC5184F8BD51DB
:1023E000C4F8C631C4F8CA1100F38281884A4FEAA2
:1023F000E37C89FB030682FB03028648CCEB26368E
:102400001A444FEAA60E84F8C161CCEB6212C2EB0B
:10241000821C80FB02602EF03F06A3EB0C031044ED
:102420004FEAE27C0133CCEBE0103343024484F802
:10243000C03184F8BF214A1E744B9A4200F3648174
:10244000734BD61789FB021083FB02137149C6EB4D
:10245000203013444FEAA00C84F8C501C6EB631387
:10246000C3EB831681FB03012CF03F00921B194440
:10247000DE170132C6EBE11102430B4484F8C4219C
:1024800084F8C3315522AA2384F8FE2184F8FF3151
:102490003FE7722300264FF0FF3C4FF0520E6122BF
:1024A000412084F8E431314684F8E531BB6AA270FA
:1024B00084F8E7214FF4F072E07084F8E601201D03
:1024C000C4F8E83184F800E084F801E084F8ECC155
:1024D00084F8EDC184F8EEC184F8EFC109F0AAFFD9
:1024E00055226FF05503C4F8F061C4F8F461C4F8E4
:1024F000F86184F8FC6184F8FD6184F8FE2184F8B9
:10250000FF3106E74FF4007200212046022609F051
:1025100091FF5821EB20404A6170F82120704FF064
:10252000080C61753F219023267421764FF0FF3E01
:10253000A370002384F80DC04FF0800884F81AE0DF
:102540004FF03E0E2673A673E372E3736374A374B5
:10255000E3742375A375E3756376E3766377A377F6
:10256000E37784F81CE04FF0010E03CAC4F80300BF
:10257000C4F80710BA683969501AF969274A206205
:10258000B86984F82C60091A942084F828306162B4
:10259000292184F8430084F842100E2184F8293060
:1025A00084F8441084F82A3084F82B3084F82D30D5
:1025B00084F82E3084F82F3084F8313084F83230AB
:1025C00084F833300D23164E84F846C04FF0550C76
:1025D00084F84530AA2384F830E084F8408003CAA8
:1025E000C4F84B101188C4F847009278A4F84F1033
:1025F00084F8512003CEC4F85200C4F8561084F871
:10260000FEC184F8FF3184E668360120FF03FB0039
:102610008320088281808080048405081084050856
:102620001C840508975545414FF40072002120464F
:1026300009F000FF336CBAF1000F7DD1002B00F0E0
:102640009180336B112220465249CDF804A004F149
:10265000200BCDF800A0FFF7B9FD336C1A6C002AEF
:1026600000F08F80039A58461B6B02F14008CDF8AA
:1026700004A0CDF800A008EB45284FF4E07A112221
:102680004549FFF7A3FD766C002E3FF442AEC244ED
:102690004FF0000B08F1200810E05CF81C1B336BB6
:1026A000CDE900CBFFF792FDAAEB0803B66C08F169
:1026B0002008002E18BF1F2B7FF62BAE3379B446AF
:1026C00006F11C0E1122A8F12000002BE5D1727931
:1026D000D6F810C0336B42F021023168CDE900EC2E
:1026E000FFF774FDE0E7E91A2046C8F7C3FE10E6DD
:1026F000FF234A1E84F8BF3184F8C13184F8C03109
:10270000264B9A427FF79CAEFF2384F8C33184F8AE
:10271000C53184F8C431B5E641464FF40072204615
:1027200009F088FEF5E5231F04F5FE721C4943F805
:10273000041F9342FAD1ECE5002B766C0CBF01220A
:102740000222C2EB0A1A002E3FF4E3AD0AF1FF3A6F
:10275000B66CBAF1000F01DD002EF7D1A0464FF4A0
:10276000007A91E75346CDF804A0CDF800A00822E6
:10277000F968204604F120084FF4F07AFFF726FDAF
:1027800081E7039B584603F140085346CDE900AA70
:1027900071E700BFFC83050800840508FF03FB0008
:1027A000DEADBEEF2DE9F041CBB115460E4603EB91
:1027B00002080D4F01E0CEF747FD3C68002331468B
:1027C000284624691A46A0470028F4D1CEF73CFDDC
:1027D0000028FBD0013506F50076A845EDD1FEF7BF
:1027E000BBFD0020BDE8F0814C3601202DE9F04111
:1027F000B3B115460E4603EB02080C4F3C680023AC
:1028000031462846A4681A46A0470028F6D0CEF7DD
:102810001BFD0028FBD0013506F50076A845EDD15B
:10282000FEF79AFD0020BDE8F08100BF4C36012084
:1028300008B5CEF709FD80F00100404240B208BD66
:1028400038B514460D46CEF7F1FC02464FF400733E
:10285000002012682A60238038BD00BF002108B51F
:102860000846F5F7FDFBC8F793FDCEF7EDFC002811
:10287000FBD0FEF771FD002008BD00BF38B50D4B41
:102880000D4D1C682B68E31A322B0BD8D5F8943009
:10289000A34200D338BD32340020F5F7F1F9C5F872
:1028A000944038BD00210846F5F7DAFB0023C5F84F
:1028B000943038BD301D012058C4012070B552BA83
:1028C0008CB000230446ADF8062001AE0122042599
:1028D0008DF8041002A98DF8053003930B938DF841
:1028E00014208DF8282002960495CDE90633CDE911
:1028F0000833F5F751FF2046F6F74CF90CB070BDE0
:1029000070B58CB00023012504468DF8062001AE79
:1029100003220B938DF8051004928DF804508DF866
:1029200014508DF82850CDE90263CDE90633CDE986
:102930000833F6F72FF9204602A9F5F72DFF2046B8
:10294000F6F728F90CB070BD30B501298DB08DF8BF
:10295000072001D00DB030BD0B46002204460DF11A
:10296000070502A904938DF814308DF828300B92D6
:10297000CDE90252CDE90622CDE90822F5F70CFF98
:102980002046F6F707F90DB030BD00BF2DE9F04144
:102990000446006A1E460F469046F6F7FBF8237E73
:1029A000002B39D063690522254D190E123505F823
:1029B000011C4FEA134C2348190AAB7085F800C07C
:1029C000012E697042633A68D8F80030026483646B
:1029D000E36228D0022E23D10021D8F8042001265A
:1029E000194D016513447F6880F84C10C265476536
:1029F000E36280F860604566144B617E03F1140267
:102A0000206A002914BF19461146F5F7C5FEA36ACE
:102A10008BB1E06ABDE8F081636904220C4DC8E720
:102A20000020BDE8F0810023074A80F84C60C365B0
:102A3000C0E91423E0E7206AF6F7ACF8E9E700BF45
:102A400038010020D4090120D9140408D809012034
:102A50004901002030B583B04161069D01A9CDE94F
:102A600000326A4601238562FFF790FF03B030BD54
:102A700010B594B0044650220649684608F078FD27
:102A80006946206AF5F788FE206AF6F783F814B0E5
:102A900010BD00BFE816050870B5224C94B00D4675
:102AA000017E221D022300290646019204F108023C
:102AB00014BF0521042105920122A4F1080002930C
:102AC0000C91002318498DF80C2007928DF82020D6
:102AD0008DF834208DF84820144A0A90306A069305
:102AE0000B931393009404910992CDE90E33CDE931
:102AF0001033F6F74FF8337E93B1A4F120022B0E7A
:102B0000063C53762B0CA5702D0A69462370657020
:102B1000306AF5F741FE306AF6F73CF814B070BD44
:102B2000073CEFE758010020B9140408F914040821
:102B300010B50F4B0446596894F8D020D0F8D8301F
:102B4000D0F8E400012A0344C4E9361305D0D4F8D0
:102B5000D4300133C4F8D43010BD04F1E801201D95
:102B6000F5F71AFED4F8D4300133C4F8D43010BDD0
:102B7000001000E08269F0B592F8DC308BB00646B8
:102B8000012B21D0023B012B26D8154D4FF08C0C88
:102B9000D2F89C706C460FCD87F800C0B7690FC49F
:102BA0000FCD0FC495E80300D7E9272384E803007D
:102BB00007F110006946CDE90023F5F7EDFDB06996
:102BC0001030F5F7E7FFB269D2F8A0305A88F281E9
:102BD0009A883282DB88738201200BB0F0BD00BF7F
:102BE0003817050838B50B4D044694F82430206A90
:102BF000012B03D000230120E36138BDC8F76CF836
:102C0000C04310F00100F5D12B68E2699B1A002B3C
:102C1000EBDB38BD301D01202DE9F047044692B0B2
:102C2000474D0F461646FFF7DDFF94F824100622A5
:102C3000206AFFF789FE012395F898806376B8F142
:102C4000000F20D12046D7F800A0D6F80090D5F884
:102C50009C70FFF7C7FF94F82430012B47D0394B05
:102C60000121A26A1B6885F898100233E361D5F848
:102C70009C3030680344C5F89C300AB190473068F6
:102C800012B0BDE8F087D5F89C30842220463F681A
:102C90008DF80A30C3F30223D6F800808DF809308E
:102CA0008DF80820FFF79EFF94F82430012BD6D131
:102CB0000022206A089703278DF82C3003A98DF88D
:102CC000403002AB0190CDF82880039304928DF838
:102CD00018200792099211920597CDE90C22CDE9AF
:102CE0000E22F5F759FD0198F5F754FFB7E7C7F342
:102CF0000222206A8DF80A7002278DF8092003222B
:102D00008DF82C3003A98DF8403002AB0190CDF83E
:102D100010808DF81880CDF844808DF808700393EA
:102D20000592CDE9078ACDE90989CDE90C88CDE97D
:102D30000E88F5F731FD0198F5F72CFF8FE700BFFE
:102D400058C40120301D012010B51C4623B9836AE8
:102D500020469847204610BDBDE810405CE700BF04
:102D600038B504460D46FFF73DFF94F82430012B9B
:102D700004D0054B1B680233E36138BD2A4610219D
:102D8000206AFFF79BFDF4E7301D012010B5084CC9
:102D9000084BD4F8A010C90AD967FFF7E1FF002259
:102DA000D4F89C3084F89820C4F8A03010BD00BF3F
:102DB00058C40120D4090120054B93F8982022B172
:102DC000D3F89C30C3F30A0303B17047DEE700BFBA
:102DD00058C4012038B504460A4DFFF703FF062208
:102DE00094F82410206AFFF7AFFD0123D5F8A01056
:102DF00020466376C90AFFF7B3FF002385F89830B1
:102E000038BD00BF58C4012030B5144D83B004460E
:102E100001920093069A95F89830826293B1D5F8A2
:102E20009C30994211D16A4601A92046FFF7F4FE71
:102E300095F8983023B1D5F89C30C3F30A033BB121
:102E400003B030BDC5E92711EDE7FFF7C3FFEAE79F
:102E50002046FFF79BFF03B030BD00BF58C40120E0
:102E60000A4B10B493F89840826234B1D3F89C3086
:102E70008B4207D15DF8044B70475DF8044BC3E902
:102E8000271170475DF8044BA4E700BF58C4012028
:102E900010B5084C94F8983003B910BDD4F8A010C0
:102EA000054BC90AD967FFF75BFF002384F8983008
:102EB00010BD00BF58C40120D409012038B5044614
:102EC0000D46FFF78FFE062294F82410206AFFF7C4
:102ED0003BFD012294F824306276934204D0054BE6
:102EE0001B680F33E36138BDEA0AD821206AFFF777
:102EF000E5FCF4E7301D012038B583884BB1054669
:102F0000002461042846FFF7D9FF0134AB88A342AF
:102F1000F7D838BD08B590F82430012B01D0012036
:102F200008BD006AC7F7D8FEC04300F0010008BD25
:102F30002DE9F041044694B0006A0D46334E9046A8
:102F40001F46F5F727FE022206F1340306F138008A
:102F5000217E029206F12C020093012301900020B1
:102F600005922B4A8DF80C3004920690002936D039
:102F70004FF0050C290E06F12E028DF82000099065
:102F80000C978DF834308DF848301390CDF81CC074
:102F900086F82D10CDE90A08CDE90E00CDE9100024
:102FA0002B0A1C4E290C957053701170D6F8A40092
:102FB000F5F738FD236A627E988022BB05A9184682
:102FC000F5F7EAFB206AF5F7E5FDD6F8A800F5F776
:102FD00029FD236A9880384614B0BDE8F0810420AA
:102FE00006F12D028DF8201009910C978DF83430E0
:102FF0008DF8483013910790CDE90A18CDE90E11EC
:10300000CDE91011CCE76946D9E700BF38010020AF
:10301000B914040858C4012038B50446006A03688E
:103020001A7B9AB9637E0BB9012038BD0A4D022381
:1030300005F13C0205F14001F5F792FD95F83D00E0
:1030400000F00100607680F0010038BD1B6A002BA3
:10305000E8D0002038BD00BF3801002010B504467C
:103060002046FFF7D9FF0028FAD0012010BD10B587
:103070001E4C0C3094F8AC30012B0CD0022B1AD023
:10308000012304F1AD020621F5F79EFD0123002086
:1030900084F8AC3010BD94F8AD3013F00403F6D0D2
:1030A000062304F1AE020021F5F78EFD0223002075
:1030B00084F8AC30EEE794F8AF20012094F8AE30FD
:1030C00043EA02230B8094F8B12094F8B03043EA2D
:1030D00002234B8094F8B32094F8B23043EA0223E1
:1030E0008B80002384F8AC30D4E700BF58C40120A3
:1030F00010B51C4C94F8803022464BB106231A4A76
:1031000028210C30F5F760FD002084F8800010BD08
:10311000164890F8B54090F8B43043EA04231BB247
:10312000002BB8BF03339B100B8090F8B74090F88A
:10313000B63043EA04231BB2002BB8BF03339B1005
:103140004B8090F8B94090F8B830012043EA04234E
:1031500082F880001BB2002BB8BF03339B108B801A
:10316000D5E700BFD40901200CC5012058C40120B7
:1031700010B5144C94F881304BB10623124A032148
:103180000C30F5F721FD002084F8810010BD0F4BB5
:1031900093F8BA0093F8BB2042EA00220A8093F821
:1031A000BC0093F8BD2042EA002201208A8093F8F7
:1031B000BE2093F8BF3084F8810043EA02234B809D
:1031C000E4E700BFD409012012C5012058C4012042
:1031D0007B22F421F6F788B810B500F10C042046E4
:1031E000F5F7DEFC01220B212046F6F77DF820B131
:1031F0001D2209212046F6F777F800F0010010BDE6
:1032000010B500F10C042046F5F7CAFC002221217C
:103210002046F6F769F8FC2220212046F6F764F8EC
:10322000402224212046F6F75FF80C222321204675
:10323000F6F75AF8002222212046F6F755F86420C6
:10324000F4F776FC012010BD37B500F10C050446FB
:10325000702200212846F6F747F82022012128464F
:10326000F6F742F8002202212846F6F73DF86420DE
:10327000F4F75EFC94F8F40088B1F4F70FFD08B1A0
:103280002823C3802146074B019041F8083FC6F729
:10329000DDFC0198F4F7EEFF0198F4F7EBFF012055
:1032A00003B030BDAF15040838B52D4C02460D46AD
:1032B0000C3094F8C030013B032B03D8DFE803F057
:1032C0000C1E28350123274A0221F5F77DFC012336
:1032D000002084F8C03038BD94F8C130DB0703D437
:1032E000002084F8C000F6E706231F4A0321F5F703
:1032F0006BFC0223002084F8C030ECE70123194A5C
:103300000921F5F761FC0323002084F8C030E2E7CF
:1033100011220A21F5F736FF94F8C10010F00C00D5
:10332000DED1042384F8C030D5E7B2F9F6100E4898
:10333000FEF73EF9404228800C48B2F9F810FEF73B
:1033400037F9404268800A48B2F9FA10FEF730F9BE
:103350000023404284F8C030A8800120BBE700BFB2
:1033600058C4012019C501201AC501201CC501201F
:103370001EC5012013221B21F5F704BF3122F421C1
:10338000F5F700BF064B002193F82020054B920172
:1033900083F84810F421343202F0FC02F5F7F2BE53
:1033A0009092012058C401200022034BF42183F89D
:1033B00048202E22F5F7E6BE58C4012037B500F1AB
:1033C0000C0405462046F5F7EBFB00220A212046B7
:1033D000F5F78AFF1420F4F7ABFB0F220A212046F1
:1033E000F5F782FF0A20F4F7A3FB01AA03231021BB
:1033F0002046F5F79BFC0A20F4F79AFB9DF8043071
:1034000000220A2180332046A5F8F6309DF80530C9
:103410008033A5F8F8309DF806308033A5F8FA30EF
:10342000F5F762FF0A20F4F783FB0DF10302012395
:1034300002212046F5F77AFC01230DF10302092150
:103440002046F5F773FC11220A212046F5F74CFFC0
:10345000012003B030BD00BF30B5094D83B001235A
:103460000022D5F8C81098388DF807200DF1070212
:10347000CC181121C5F8C840F5F758FC03B030BD91
:1034800058C40120002307B50F218DF807300DF136
:1034900007020123F5F74AFC28B19DF807306C2B91
:1034A00014BF0020102003B05DF804FB10B582B0FB
:1034B0000446062322216A461030F5F737FC9DF8B2
:1034C00005109DF804300120009A43EA0123C4F856
:1034D000D020A4F8D43002B010BD00BF30B50446EF
:1034E00083B0806906236A4628211030F5F71EFC58
:1034F0009DF801509DF8033001209DF800109DF8C3
:10350000022041EA05219DF8055042EA03229DF878
:103510000430E18143EA05232282638203B030BD97
:103520007FB500230DF10702E72105468DF807302E
:103530000123F5F7D7FA9DF80730154E13F0030372
:10354000144C21D0052302AAE8212846F5F7CAFA2F
:103550009DF80A209DF80910130412F0800F43EA29
:1035600001239DF8081014BF4FF07F4200220B4347
:1035700013439DF80C2033609DF80B3043EA02237F
:103580002380012004B070BD33602380F9E700BFC1
:10359000CC920120C892012070B505460C46FEF77A
:1035A000FBFD2B685D6808B1F4F7B6FA064B002204
:1035B0002846492183F84C20224693F84D30BDE837
:1035C0007040F5F78FBA00BF58C401202DE9F341D0
:1035D00090461F460DF10702012305460E46F5F7FA
:1035E000A5FB80B10220F4F797FA9DF80740314619
:1035F000284624EA08023A438DF80720F5F774FEBE
:103600000898F4F795FA02B0BDE8F081642373B529
:1036100000F11004009301230546122120461A46AA
:103620000126FFF7D3FF02220D212046F5F75CFEAD
:103630000120F4F77DFA02220E212046F5F754FE10
:103640000120F4F775FA742210212046F5F74CFE9C
:103650000120F4F76DFAAC2211212046F5F744FE63
:103660000120F4F765FA44237C22122120460096BB
:10367000FFF7ACFF0623132120461A460096FFF7FA
:10368000A5FF00231722152120460096FFF79EFF75
:103690000223204618211A460096FFF797FF95F857
:1036A000210178B1F4F7FAFA044608B12623C38061
:1036B0002946074B204641F80C3FC6F7C7FA20467B
:1036C000F4F7D8FD0348F5F7ADF9A88202B070BD54
:1036D000D12004088096980008B5C7F7F3F9C8B957
:1036E0000D4A0E4992F8813092F880001B0243EA9D
:1036F000004392F88200034392F88300CB6092F873
:10370000843092F885201B0243EA004301201343D2
:103710008B6008BD0020FCE74C77002058C40120D6
:1037200010B50446C7F7CEF938B90623044AF72185
:103730002046F5F749FA012010BD0020FCE700BF44
:10374000CC77002008B5C7F7BDF970B9084A012049
:1037500092F8893092F888101B0292F88A2043EA86
:1037600001431343034A536108BD0020FCE700BF37
:103770004C77002058C4012008B5C7F7A3F970B9E9
:10378000084A012092F8893092F888101B0292F8BA
:103790008A2043EA01431343034A136108BD002012
:1037A000FCE700BF4C77002058C4012010B5044648
:1037B000C7F788F908B1002010BD0146062320464E
:1037C000024AF5F701FA012010BD00BF70C40120C4
:1037D00070B5C7F777F9C8B90D4901200D4C91F8BC
:1037E0008E2091F8913091F88D50120491F89060EC
:1037F0001B0442EA052291F88C5043EA062391F813
:103800008F102A430B432263236270BD002070BDDA
:103810004C77002058C4012010B50446C7F752F970
:1038200008B1002010BD20460623034A0421F5F705
:10383000CBF9012010BD00BFD877002008B5C7F72D
:1038400041F9D8B90E4A0F4992F8953092F8940090
:103850001B0143EA003392F8960043EA101392F8F2
:103860009700CB6392F8983092F899201B0143EAB5
:103870000033012043EA12134B6308BD0020FCE72C
:103880004C77002058C4012010B50446C7F71AF938
:1038900038B90623044AF7212046F5F795F90120A7
:1038A00010BD0020FCE700BFE077002008B5C7F797
:1038B00009F998B90A4A012092F8CD3092F8CC1053
:1038C0001B0243EA014392F8CE100B430549B1F9BC
:1038D0002010C1F10801CB40536408BD0020FCE773
:1038E00058C401209092012010B50446C7F7EAF8A9
:1038F00070B9084B1B781BB1074B93F8480030B1E7
:103900000323064AF6212046F5F75EF9012010BD93
:103910000020FCE7B492012058C4012024C50120F6
:1039200008B5C7F7CFF850B9064B012093F8CC1073
:1039300093F8CD2042EA0122A3F8402008BD0020E0
:10394000FCE700BF58C4012010B50446C7F7BAF819
:1039500070B9084B1B781BB1074B93F8480030B186
:103960000223064AF6212046F5F72EF9012010BD64
:103970000020FCE7B492012058C4012024C5012096
:1039800010B50446C7F79EF8014698B923681A781F
:10399000022A08D1196A79B920460323074AF5F7A4
:1039A0007DF8012010BD0323044A2046F5F70CF9E9
:1039B0000120F7E70020F5E70120F3E7D4770020A6
:1039C000DEE74821C7F7FEB85821C7F7FBB838B57E
:1039D000F5210546F5F73AF870281AD007D842289D
:1039E00019D0472819D0122819D000240FE0AC288C
:1039F00017D005D800F0FD03712BF6D1062402E0A4
:103A0000AF28F2D109240848F5F70CF8A880204621
:103A100038BD0524F7E70C24F5E70D24F3E7082467
:103A2000F1E70724EFE700BF002D310138B5802210
:103A300004466B21F5F762F86420F4F779F8F52174
:103A40002046F5F703F805460120F4F765F8682DE0
:103A50001BD18C212046F4F7F9FF18280DD8142823
:103A600034BF00250325204607226821F5F746F8D4
:103A70006420F4F75DF8284638BDA0F15403DBB2AA
:103A8000072B34BF03250025EDE70025F3E738B504
:103A9000152400224E210546F5F730F89620F4F75C
:103AA00047F8F5212846F4F7D1FF422807D04728E8
:103AB00007D0013C14F0FF04F0D1204638BD0C249F
:103AC000FBE70D24F9E738B5802205466B21F5F7B1
:103AD00015F86420F4F72CF8F5212846F4F7B6FF22
:103AE000AC2818D005D8122817D0982817D0002451
:103AF0000FE0AF28FBD1092410226A212846F4F7F1
:103B0000FDFF284603226821F4F7F8FF6420F4F74C
:103B10000FF8204638BD0724EEE70824ECE70B2415
:103B2000EAE7F8B544F23B33054600F11004A0F88B
:103B30004C3105F031FC95F8D830072B58D195F869
:103B40001D310226002B55D1374680226B2120469D
:103B5000F5F7CAFB6420F3F7EBFF07226821204644
:103B6000F5F7C2FB6420F3F7E3FF00226B21204648
:103B7000F5F7BAFB6420F3F7DBFF01226B21204647
:103B8000F5F7B2FB0F20F3F7D3FF1B21FA00204615
:103B9000F5F7AAFB0F20F3F7CBFF1C21F20020461C
:103BA000F5F7A2FB0F20F3F7C3FF00221A212046EE
:103BB000F5F79AFB0F20F3F7BBFF95F820211921A9
:103BC0002046F5F791FB6420F3F7B2FF102237216E
:103BD0002046F5F789FB0F20F3F7AAFF20460122C4
:103BE0003821F5F781FB0F20BDE8F840F3F7A0BFBF
:103BF0000326A9E70327A8E710B50446FFF791FFBE
:103C000010226A21A018F4F779FF6420F3F790FFDF
:103C10000448F4F707FFA0820120BDE81040F3F745
:103C20007BBF00BF002D310138B5044644F23B3361
:103C300004F11005A0F84C3105F0AEFB03226B2116
:103C40002846F4F75BFF0F20F3F766FF10226A2186
:103C50002846F4F753FF0F20F3F75EFF00226C2194
:103C60002846F4F74BFF0F20F3F756FF94F8202176
:103C700019212846F4F742FF0F20F3F74DFF1822D1
:103C80001B212846F4F73AFF0F20F3F745FF1822CF
:103C90001C212846F4F732FF0F20F3F73DFF1022D6
:103CA00037212846F4F72AFF0F20F3F735FF0122CA
:103CB00038212846F4F722FF0F20F3F72DFF0022CA
:103CC0001A212846F4F71AFF0120F3F725FF0A48C6
:103CD000F4F7A8FEA082204604F0A8F994F9D230A7
:103CE000013308D194F9D030013304D10620BDE866
:103CF0003840F6F7C5BF38BD002D310137B5044651
:103D000000F110053748F4F78DFE44F23B33A082F2
:103D10002046A4F84C3105F03FFB42F21F530F221E
:103D20004E21A4F84C312846F4F7E8FE0F20F3F7B3
:103D3000FFFE94F8DB30002B4ED094F820210132A6
:103D4000D3B20822B2FBF3F2082AD3B240D0042A3D
:103D500040D0022B02D0012B3ED10323224A02EB9A
:103D6000430393F8792002F00F024F212846019275
:103D7000F4F7C4FE0F20F3F7DBFE019A502128462A
:103D8000F4F7BCFE0F20F3F7D3FE2846EE225221B3
:103D9000F4F7B4FE284603221421F4F7AFFE2846B8
:103DA00000226321F4F7AAFE082228466521F4F7D1
:103DB000A5FEE4212846F4F749FE00F0EF00642157
:103DC00040F06002284603B0BDE83040F4F796BEEC
:103DD0000023C3E70123C1E70023062284F8DB3078
:103DE000C1E700BF00366E01E816050838B500F1DE
:103DF000100405461948F4F715FE44F23B33A88237
:103E00002846A5F84C3105F0C7FA01226B2120465F
:103E1000F4F774FE7820F3F77FFE204618221B216A
:103E2000F4F76CFE204618221C21F4F767FE2046AA
:103E300000221A21F4F762FE95F82021204619216C
:103E4000F4F75CFE204610223721F4F757FE204697
:103E500001223821BDE83840F4F750BE00127A0044
:103E600038B544F23B3300F110040546A0F84C315C
:103E700005F092FA80226B212046F5F735FA64208E
:103E8000F3F756FE03226B212046F5F72DFA95F83D
:103E9000202119212046F5F727FA0F20F3F748FED5
:103EA00000221A212046F5F71FFA18221B2120466E
:103EB000F5F71AFA18221C212046F5F715FA022206
:103EC00037212046F5F710FA204601223821BDE8B7
:103ED0003840F5F709BA00BF10B504460068F3F79B
:103EE000C5FF0120F3F724FE2068F4F711F80A203B
:103EF000BDE81040F3F71CBEF0B500F1100491B01E
:103F0000B6227E2105462046F4F7F8FD6420F3F73B
:103F10000FFE05F11800FFF7DFFF00227C2120468D
:103F2000F4F7ECFD0120F3F703FE002259212046AF
:103F3000F4F7E4FD0120F3F7FBFD5E220DF1030130
:103F400000238DF803204FF4A4760122444F019101
:103F5000204601A902938DF81030059307930F9323
:103F600003928DF824208DF8382006970896CDE925
:103F70000A33CDE90C33F4F70FFC2B691A6A002AD7
:103F8000FCD10A20F3F7D4FD012259212046F4F791
:103F9000B5FD0120F3F7CCFDAB2240212046F4F71C
:103FA000ADFD0120F3F7C4FD032241212046F4F7C3
:103FB000A5FD0120F3F7BCFD2A4B422120465A788B
:103FC000022A28BF0222120162F0320202F0FD0230
:103FD000F4F794FD0120F3F7ABFD082243212046BE
:103FE000F4F78CFD0120F3F7A3FD042258212046AD
:103FF000F4F784FD0120F3F79BFD0A2253212046AC
:10400000F4F77CFD0120F3F793FD02227C2120468A
:10401000F4F774FD0120F3F78BFD20460E227D217D
:10402000F4F76CFD0120F3F783FD95F8210128B921
:104030000D48F4F7F7FCA88211B0F0BDF3F72EFE9F
:10404000044608B12623C380084B2946204641F880
:104050000C3FC5F7FBFD2046F4F70CF9E8E700BF7D
:10406000681705080C8E012080969800312B0408F3
:1040700010B5044682B00830FFF72EFF002120461D
:10408000022301AAADF80410F4F72CFD28B19DF825
:104090000530242B14BF00200F2002B010BD00BF3C
:1040A0002DE9F04290F8DC308AB00446D0F8A070D8
:1040B000012B45D015D8D0F89C30002205211A607C
:1040C0005A609A609A81D0F8E030C0F8F010B3F5E9
:1040D0007A7F42D8032380F8DC3001200AB0BDE8A3
:1040E000F082023B012BF8D82B4E4FF0920CD4F803
:1040F0009C50EE4604F1100985F800C00FCEAEE8E2
:104100000F000FCEAEE80F0096E80300D4E9272396
:104110008EE8030048466946CDE90023F4F73CFBEE
:104120004846F4F737FD7B880120A4F8D030BB88DF
:10413000A4F8D230FB88A4F8D4300AB0BDE8F082ED
:104140003B89A0F8D0307B89A0F8D230BB89A0F899
:10415000D43001200AB0BDE8F0821030F4F74CFBF7
:10416000A8B1D4F89C308C220E21C4F8A4401A7057
:1041700001230A4AC4F8FC10C4F8042184F8003171
:1041800084F8DC30D4E92750C4E93D50A5E7022388
:1041900084F8DC30A1E700BF38170508A141040806
:1041A00003F0B8BD80699C30D0F79CB80269C36841
:1041B0002DE9F04712EA03092AD005460E464FF0D2
:1041C00000474FF00008B9FA89F327FA03F21B3BC6
:1041D000D24309EA02092A61042B16D8DFE803F06A
:1041E000352C231A0300B36A002B37D003F1FF3AB2
:1041F000C6F828801FFA8AFA746A34B12368204608
:10420000514698476468002CF8D1B9F1000FDAD113
:10421000BDE8F0877068696B036889B29847B9F1A7
:10422000000FD0D1F4E7B068A96B036889B2984752
:10423000B9F1000FC7D1EBE7F068E96B036889B209
:104240009847B9F1000FBED1E2E73069296C0368E5
:1042500089B29847B9F1000FB5D1D9E7E96A1FFAD9
:1042600081FAC9E738B5C9F7ABF81B20F3F716FD9B
:1042700008B12923C3801C20F3F710FD08B12923BE
:10428000C380274CD4F88C3213B10023C4F88C328D
:10429000244A00230125C4F88822237084F874522C
:1042A000C6F742FE204A214B1278C4F88C32AA424B
:1042B00009D0022A05D11E4A1279AA422BD0022A1D
:1042C00025D0284638BD7833C4F8A432D4F8A842A3
:1042D00094F8BC33012B14D023680122032084F806
:1042E000BC23D3F8042822F00202C3F80428D0F734
:1042F0002DFE22680021936843F00103936084F847
:10430000BC1300250B4B284683F8235038BD3833A7
:10431000C4F8A432DAE75833C4F8A432D6E700BFB1
:10432000841A0120D806012000860120580A0120A5
:104330004436012000ED00E008B5064B186838B19E
:10434000F3F756FF044B9B7813B180F00100C0B225
:1043500008BD00BF98AF0120CC1D012008B5FFF7B4
:10436000EBFF0028FBD11420F3F7E2FB00BFFFF7BF
:10437000E3FF034600200BB1F6F756FCFEF77EFA8A
:10438000F4E700BF38B50C4C94F81C311BB90B4D49
:1043900095F8CF0038BD0320084D04F003F803283A
:1043A000F6D10123002185F8CF3003F0F5FF00237B
:1043B00084F81C31ECE700BFD409012058C4012067
:1043C000084808B503681B6A03B19847064B074ABB
:1043D000196813684988013B48420B440340136045
:1043E00008BD00BF981D012034AD012010860120BA
:1043F00000B585B0694602A8FCF7EAFF30B9FDF7C1
:1044000081F80028FBD005B05DF804FB0246694640
:1044100002A80123FDF77CF8F1E700BF70B515464F
:104420000F4E0A4682B033684119044699420D493D
:1044300088BF1D1A0C4B09781B78994203D0019252
:10444000FFF7D6FF019A09482B462146002605684A
:1044500086626C6AA44602B0BDE87040604700BF47
:1044600014860120F1C30120F0C30120981D012012
:10447000134610B40C460146184622465DF8044B1C
:10448000CCE700BF70B5164E84B0164D33782A784D
:104490009A421AD0144B04461B7803F0FF000BB964
:1044A00004B070BD02A96846FCF792FF28B1DDE9AF
:1044B000023213443F2B0BD854B933782878C01AF2
:1044C000B0FA80F0400904B070BD012004B070BDA6
:1044D000024602A968460023FDF71AF8EDE700BF7F
:1044E000F0C30120F1C30120D4090120134910B405
:1044F0000A78134C531CA054DBB21A060B700DD46F
:1045000010491A46087898420B780FD9C3F18003F6
:104510001A443F2A0DD85DF8044B704700230B70F6
:104520001A460849087898420B78EFD8D21A3F2AE1
:10453000F1D900205DF8044BA4E700BFF1C30120CE
:104540004C770020F0C3012070B5164684B039B115
:10455000441E651814F8010FFFF7C8FFAC42F9D1EB
:10456000694602A8FCF734FFDDE9003213443F2B13
:1045700000D908B904B070BD02463346694602A8A6
:10458000FCF7C6FF04B070BD00B585B0694602A84F
:10459000FCF71EFF044A009B12680198134418445C
:1045A00005B05DF804FB00BF10860120084A094BE6
:1045B00010781A781B78904205D2C3F18003184412
:1045C000C0F17F007047C01AC0F17F00704700BF84
:1045D000F1C30120F0C30120024B186800B97047F5
:1045E000FCF790BF148601202DE9F8431F4D2B687E
:1045F0001A8842B900231E481E491F4A03700B70D7
:104600001360BDE8F8831D4909680029F2DD01291E
:104610001B4F1CD0D7F8D02091885488A142E9D3F1
:10462000184E4FF00008B14600E02B685968484624
:10463000336801FB04F101349B68C6F82880A4B2FA
:104640009847D7F8D0309B88A342EED2D2E7D7F86C
:10465000D00081884488481C001B9042DED1094864
:10466000002203688262DB689847C3E734AD01200B
:10467000F1C30120F0C30120108601206C0C012041
:1046800058C40120981D012070B58CB000230C4641
:10469000054601AA0221C2260393029201220B932E
:1046A0008DF814208DF8282004918DF804608DF881
:1046B0000540CDE90633CDE90833F4F76BFA284617
:1046C00002A9F4F769F82846F4F764FA014B1C6074
:1046D0000CB070BDD00001202DE9F04F85B0CDE9C0
:1046E0000203002B36D00C461646039DDFF874A05B
:1046F000DFF874901A4F02E0B5EB0B052CD0DAF816
:104700000030D9F80000B4FBF3F803FB184241462F
:1047100005EB020C9C4594BFC2EB0C0BC2EB030BE8
:1047200080455C4405D0029B0192186AFFF7ACFFFC
:10473000019A08EB480811465B4632464FEA081CCE
:104740005E4407EB081057F80CC0DCF82480C04723
:104750000028D1D100230393039805B0BDE8F08F62
:10476000381D0120C81D0120D0000120114B70B55B
:104770000D461968104C82B0104E2468B5FBF1F15B
:10478000A142716006D0006A0192FFF77DFF746854
:10479000019A214604EB4404094E01EB41032946EA
:1047A000240106EB031033591B6902B0BDE87040C9
:1047B000184700BFC81D0120D000012058C40120A7
:1047C000381D012070B582B00E4D0F4C0192069A33
:1047D0000093FFF7CBFF68686A4601A9012300EB4D
:1047E0004000060104EB0010A6597669B0476868DE
:1047F00000EB4000030104EB0010E3589B6998476D
:1048000002B070BD58C40120381D01202DE9F041CF
:104810000E4F3B68002B16DD06460D4D0024DFF8D9
:104820003480D8F800302146A34204F1010402D0BC
:10483000306AFFF729FF2B6828463035DB68984738
:104840003B68A342EDDCBDE8F08100BF341D0120D0
:10485000381D0120D000012070B50E4E0D460E4AC5
:1048600033681268B1FBF3F191420C4605D0006A3F
:10487000FFF70AFF3368B5FBF3F104EB4404074A82
:1048800003FB1151230102EB0410D358BDE8704023
:104890009B681847C81D0120D0000120381D012049
:1048A0002DE9F041104E3368002B1ADD80460F4D84
:1048B00000240F4F02E03368A34212DD3B6821461B
:1048C000A34204F1010403D0D8F82000FFF7DCFE76
:1048D0002B68284630355B6898470028EBD1BDE847
:1048E000F0810120BDE8F081341D0120381D012038
:1048F000D00001202DE9F041DFF84880D8F80030E1
:10490000002B17DD06460D4C00250D4F637E5BB175
:104910003B682946AB4202D0306AFFF7B5FE2368F8
:1049200020461B68984730B10135D8F80030303444
:10493000AB42EBDC0120BDE8F08100BF381D012057
:10494000D0000120341D012010B5FF22044690F84C
:104950002410006AFDF7F8FF0E4B20461B6803F594
:10496000FA73E361FEF73EF994F82430012B00D08E
:1049700010BD206A0022A021FDF7C2FF94F8243068
:10498000206A012BF4D11822B021BDE81040FDF7B8
:10499000B7BF00BF301D01202DE9F047414E0C4646
:1049A00092B01746F16F98460546B1EBD42F22D14D
:1049B000DFF8F4A0C4F30A0495F82430C4F50060CD
:1049C000404534BF86B21FFA88F6012B3BD0DAF897
:1049D000003028460233EB61FEF704F938B195F850
:1049E0002430012B22D0304612B0BDE8F0870020E1
:1049F00012B0BDE8F087FEF7F5F80028F7D095F87B
:104A000024304FF0FF324FEAD429012BF26742D015
:104A1000DFF894A02846DAF800300233EB61FEF7A5
:104A2000E1F80028E3D0C6F87C90C3E7286AC6F70F
:104A300053F9C0F3011001380228D4D82846FFF7F3
:104A400083FF3046D0E7220A0321286A8DF80A4006
:104A500004248DF8092000228DF82C308DF8403088
:104A600002AB8DF8081003A901908DF80B20049279
:104A70008DF81820119203930594CDE90978CDE9BA
:104A80000722CDE90C22CDE90E22F3F785FE01982D
:104A9000F4F780F89BE74A461321286AFDF70EFFDA
:104AA000B6E700BFD4090120301D01200023294AA8
:104AB000F0B5054683B01846274C07E003EB4302E8
:104AC000184604EB8202D2F8C82182B30133914226
:104AD000DBB2F3D100EB4000204900264FF4807791
:104AE00004EB8004AE74B4F8D201B4F8D021030210
:104AF0002882B4F8CE01B4F8CC4101FB00F001FBF0
:104B000004F103FB02F4AB60154BAA80EC60EF806C
:104B1000C3E92901F3F786FF296AB4F1807F888011
:104B20000CD801200F4B68762B6003B0F0BD104607
:104B3000AA802A82C5E9022203B0F0BD0123B7246E
:104B40000846324601A92B768DF80440F4F708F8A0
:104B5000E7E700BF1620C200E816050840420F0034
:104B600058C40120941905080348036813B19B6ACF
:104B700003B1184701487047981D012018CD04085B
:104B80000020194A38B51146184C034620600878B1
:104B90000631022822D00133062BF8D10023144D10
:104BA000C5F8D030FFF7E0FF124BD5F8D0201860E1
:104BB0009AB19188528843688A1A02FB03332360B2
:104BC000FCF7D4FB0C4B04460C4A1B7812789A4233
:104BD00001D0FFF70DFC0A4B1C6038BD03EB43030B
:104BE00002EB4303DBE700BF480C012014860120E1
:104BF00058C4012034AD0120F0C30120F1C30120CD
:104C0000108601202DE9F04F41F6946289B0002111
:104C1000BC4807F00FFC042003F0C4FB0446052049
:104C200003F0C0FB54EA000340F05981B64B0293F5
:104C3000B44E4C220021B54D3046012407F0FAFB5A
:104C40004C220021304607F0F5FB029B3560D3F87B
:104C5000503134717362C6E90733C6F765F8FFF760
:104C60008FFF00210846F3F7FBF9FCF77FFB031EDB
:104C7000019340F313810027A54B06F14C04BB467A
:104C8000B8463D4603F1D40A05E005F50065019BF1
:104C9000AB4240F3A780FCF75FFBFDF7EFFD20225E
:104CA00051462846FFF7BAFB12229A49504607F0B0
:104CB000E0FC0028E9D145451ED0974B0BEB4B0992
:104CC0000BF10102954903EB890903949346484689
:104CD000FBF792F8A5EB0801039B4FF0010CE2698A
:104CE0008F4843F84C9B6161C4F808C0A062C4E9D6
:104CF0000381C4E908221C46029BA8461222D3F86D
:104D00005031E361824B9918864B0132DB5D91F89B
:104D1000D41099420DD00027202AF3D108F12008A1
:104D2000019B51464345404651DBFFF777FB00228C
:104D3000E8E70137152FEFD102EB08007A4920226E
:104D4000FFF76CFB07A90A227748CDF81CA0F7F7FC
:104D5000FFFB079B07A90A228146013318460793E8
:104D6000F7F7F6FB079B039007A9581C0A22079048
:104D7000F7F7EEFB079B07A904900A22581C07903F
:104D8000F7F7E6FB079B07A905900A22581C079036
:104D9000F7F7DEFB079B80460A220021581C07908C
:104DA000F7F7D6FBB9F1000F11D04FEA4818A9F276
:104DB000BC73DDE9031242EA4112059948EAC129B0
:104DC00042EA432849EA600343EA0843E361BBF14E
:104DD000640F00F0F480A846019B05F50065AB4226
:104DE0003FF759AFBBF1640F51D045454FD04A4B07
:104DF0004FF00C090BF1010A484909FB0B39A5EBEF
:104E000008055246464F4846FAF7F6FF0121E26987
:104E10000BF10203D346C4F80090A762C4E904551D
:104E2000C4E90218C4E908224C220021DFF80481F9
:104E3000012402FB03F57319184607F0FBFA4C2214
:104E4000002107F0F7FA029A03460199D2F850219F
:104E50000BF1020046F805809F629C605A62C3E92C
:104E60000411C3E90722019B5B00B3F1805F16DBED
:104E7000B5682DB933791BB13368002B40F0A4809D
:104E800000210846F3F7ECF809B0BDE8F08F0BF10C
:104E900001030120BBF1000FE5D091E020464C2238
:104EA0000021224D022702FB00F43319184607F0B7
:104EB000C1FA4C22002107F0BDFA019A03460121F4
:104EC000C2F10060029A3551D2F8502188405F71DA
:104ED000DA619960C3E90400C3E90822C8E7002643
:104EE0004FF47A720023301844F10001022404F0D8
:104EF00019FD0F4B40F26D1140F2B272B0FBF3F3AB
:104F00000D4621E010CA0120D409012040350508D2
:104F100058C40120288405084CC501203C8405089C
:104F2000714404084C8405082CC5012074840508CC
:104F3000805101006484050801325B1A12F00304F9
:104F40000CBF4FF4B77129469942F5DD6E49CCBBD1
:104F50000C4602911D21C4F824110299D1F82011A8
:104F6000994266DC694D01245B1A55F8041F01342F
:104F70009942F9DD664E01334FF46165A2F2BC72CD
:104F800043EA44133C21B0FBF6F406FB140043EA69
:104F900042231C26B0FBF5F405FB1402029DB2FB74
:104FA000F1F001FB1022C5F82461521042EA4012D0
:104FB00042EAC42242EA0343C5F8503138E6652389
:104FC000544F31E70291C8E72F46284652493564CD
:104FD000B5647564F563CC6C01F14C035CB39C68FB
:104FE0007A1E18649442D863C3E9110012D07A1C67
:104FF000944217D0BC427FF443AF3A46002A3FF4B4
:105000003FAF0C6CE76B0137E7631C648B6417469A
:105010001946E0E7002F3FF433AFBA4253F80C1CB7
:10502000ECD13A460C79002C3FF42AAF4B6419645A
:10503000EDE701249EE738480223274611E0C16BC3
:1050400003634901C0E904775AD001F6FF71013BBF
:1050500003EB113101354B1CC0E90D1150F84C2FF9
:10506000D2B10279002AEAD101690363002940D153
:1050700003F1FF3C1A464169426319B101F6FF731F
:105080000CEB1333A21A836319460135D41850F878
:105090004C2F4B1C002AE4D120480139DFF880C096
:1050A0003E278B0F84628A00402445633F2584613C
:1050B00052EA03044162C0F80CC0C0E9047521D073
:1050C00040F2FF14002514194FEA542445EB030362
:1050D00044EAC35303F140021344C26103EBC1012C
:1050E00003628160CB0D4902C0E90B66C0E9001381
:1050F000C6E601F6FF7103F1FF3C0CEB1132BAE793
:105100001946A7E70123E5E7D4090120F40A0120A5
:10511000805101007144040810CA01206836012042
:10512000BC2A05082DE9F047DFF8F09092B0384E20
:10513000FFF75AFAFFF724FD99F8003032789A42C7
:1051400001D0FFF755F9334B0025DFF8D4801F68F5
:10515000C8F8005097B16C46DFF8C8A02A465146FF
:1051600020462035FAF748FE204604F0D3FB012202
:1051700001462046FFF7E8F9AF42EFD899F8003032
:1051800032789A4201D0FFF733F9234B1B689B7B9F
:10519000012B35D099F8003032789A4201D0FFF7D0
:1051A00027F90020C8F800006FB380466C46DFF88E
:1051B0007490054601E0AF421CD92A46494609A829
:1051C000FAF71AFE21220021204607F033F92022A7
:1051D00021462846FFF722F92022064609A9204643
:1051E000203507F046FA08B9202EE4D0AF4208F186
:1051F0000108E2D8B8FA88F0400912B0BDE8F0879B
:10520000FFF7DEF8C6E7012012B0BDE8F08700BF67
:10521000F1C301201486012034AD0120F0C3012028
:10522000108601208084050808B5F3F767FC0A2082
:10523000F2F772FC012008BDF8B5036814460F4D63
:105240000F465E68252185F84D200279304642F0F0
:105250008002FFF7E9FF3A4626213046FFF7E4FFD8
:1052600044F0800227213046FFF7DEFFF0F78AFE88
:105270002865012085F84C00F8BD00BF58C4012006
:10528000F8B504680E4615462778032F03D0BDE80D
:10529000F840F4F729B86468252102792046FFF721
:1052A000C3FF324626212046FFF7BEFF2A46632170
:1052B0002046FFF7B9FF812227212046FFF7B4FFE0
:1052C0000120F8BD2DE9F0410468884617461D46C7
:1052D00094F800C0BCF1030F1FD164682521027946
:1052E000204642F08002FFF79FFF424626212046DB
:1052F000FFF79AFF45F0800227212046FFF794FF31
:105300000420F2F715FC72B649212B463A46204696
:10531000F3F7E8FB62B6BDE8F081BDE8F041F3F7D2
:1053200005BD37B500F10C0405462046F3F738FCFF
:1053300000220A212046FFF7A3FF0F220A21204660
:10534000FFF79EFF01AA032310212046FFF7BAFFB3
:105350009DF8043000220A2180332046A5F8F6305B
:105360009DF805308033A5F8F8309DF8063080337D
:10537000A5F8FA30FFF784FF0DF1030201230221A3
:105380002046FFF79FFF01230DF10302092120466C
:10539000FFF798FF11220A212046FFF771FF012035
:1053A00003B030BD2DE9FF47C3680646884600F1CB
:1053B0000C071C78022C04D83CB9204604B0BDE888
:1053C000F087032C38D00024F7E701230DF1070202
:1053D00002213846FFF776FF044658B19DF8074092
:1053E00014F0010406D0072302AA03213846FFF770
:1053F00069FF04469DF80E50002CE4D011220A21CA
:105400003846FFF73DFF2B07DDD4B6F9F61002A8AA
:10541000FCF7CEF8A8F800000DF10A00B6F9F81074
:10542000FCF7C6F8A8F8020003A8B6F9FA10FCF7D2
:10543000BFF8A8F80400C0E7DFF894904FF0020A24
:1054400000244D4699F8A435012B10D0022B31D001
:10545000002BCFD199F84C3023B9012202213846D4
:10546000FFF7EAFE0123002485F8A435A5E7FCF741
:1054700093FE0028A7D102A93846FEF78DF804460E
:1054800018B19DF80830DA0708D40023BAF1010FEB
:1054900085F8A43597D04FF0010AD3E799F84C303E
:1054A00023B9072203213846FFF7C6FE022385F8F9
:1054B000A43588E7FCF770FE0546002883D102A9D1
:1054C0003846FEF769F889F8A455044692E700BF0C
:1054D00058C40120724A90422DE9F04F834683B0B0
:1054E00006D04832904203D0002003B0BDE8F08FD0
:1054F0006C4D2868F3F7F0F8002217210446F3F703
:10550000FBF80028F0D0684E0120726A42F4006275
:105510007262F2F70DFB726A012022F4006272627D
:10552000F2F706FB726C6149382042F40062726443
:10553000326B42F480023263326B42F00C0232630F
:105540008B780093F2F7AAFB024639200192F2F71A
:10555000A5FB82463A20F2F7A1FB81463B20F2F7F9
:105560009DFB80463C20F2F799FB07464220F2F76C
:1055700095FB019A06460AB11721D180009B002BAA
:1055800065D10FB11721F9800EB11721F1801046B6
:105590000E210C22F2F7D4FB009B002B6CD1384675
:1055A0000C220E210027F2F7CBFB30460C220E21F5
:1055B000F2F7C6FB3E4A3F4E4FF40033D168C1F3C9
:1055C0000221C1F107000A1D042828BF0420062A71
:1055D0004FF0FF328CBF0339002182403248D24362
:1055E00002F001028A402E4912018B45D2B286F8A0
:1055F0003123736006F1C046026B06F59746C5F885
:1056000000B042F480020263CBF800702A4ACBF863
:10561000086041D04FF47411D16028490722204618
:10562000CBF80010CBF8142003F008FB2A681C4BC1
:1056300020469A424FF000034FF001020CBF204970
:10564000204903F0D5FA012003B0BDE8F08FBAF18C
:10565000000F02D01721AAF80610B9F1000F02D0EE
:105660001721A9F80610B8F1000F8AD01721A8F861
:105670000610002F86D187E750460C220E21F2F744
:105680005FFB48460C220E21F2F75AFB40460C22E3
:105690000E21F2F755FB82E74FF074619160BCE791
:1056A00058640240100C012000380240D41D012033
:1056B00000ED00E000E100E0006402406054A30857
:1056C0002D5C0408455B04082DE9F047AC4C002034
:1056D000AC4BD4E900124FEA917CC1F38367150EFD
:1056E000C1F3016E83F800C0C1F3074C5F702D0158
:1056F000C1F30727C9B283F802E0C2F3035683F867
:1057000003C0C2F3034E1F71C2F3C0385971C2F314
:105710004037DD80C2F3803CD9889B4D89B231434C
:105720002E78C2F30725D980012EC2F3003183F809
:1057300008E083F8098083F80AC0DF721973587390
:1057400040F2D180022E00F0AC80A1682A206D00CA
:10575000E26883F819C0C1F3C01C05F07E05960D00
:10576000D70FC2F3826E9D7601F07F019D7E06F019
:105770000C0645EA0C05C2F3417C9D76C2F3004558
:10578000D9761F77C2F3815783F81DC0C2F3405CFE
:1057900083F81EE04FF0000EDE77D97F266939438B
:1057A000C6F30747D977C2F3803183F820C0C2F32C
:1057B000C03C83F821E03F0283F82250C2F3403519
:1057C00083F823C0C2F3003C83F82410C2F3812184
:1057D00083F82550C2F3012583F826C0C2F34602A0
:1057E00083F82710310E83F82850012583F82920EB
:1057F000C6F3072C83F82A50320683F82C10DF8575
:10580000D98D676989B23E0AC7F3072E41EA0C01B8
:105810004FEA176C06F47F46FFB2D9851A631A6BFC
:1058200042EA0C421A631A6B1643D4E906211E633E
:105830004FEA124C1E6B14024EEA06064FEA0C6C3D
:105840004FEA126E22461E6304F47F0483F834701C
:1058500092B283F835E00E0AC3F838C0C1F3035C96
:105860009F6B06F470663C43C1F307279C639C6BF7
:105870002243C1F346049A639A6B42EA1161996329
:1058800093F83C1041EA0C0183F83C10DE87DA8F74
:1058900092B23A43DA8783F8404083F84150BDE83A
:1058A000F0871204A168002602F47C124FEA116C02
:1058B000C1F30747C1F307251A611A6942EA0C22AE
:1058C000C1F3803C1A611A693A434FF400771A61B8
:1058D0001A691F65013276419702B6029F6446EA53
:1058E0009256DE6433E7AD02A1689200012605F40A
:1058F0004065CF0B02F47F72C1F3C2691D61C1F331
:1059000002681D6907F00607C1F3425CC1F3824AD1
:105910002A43C1F3C03E1A611D6945EA91751D61B4
:10592000C1F3072583F8149083F8158083F816C017
:10593000C1F3803C83F817A01F761A7E42EA0E025C
:105940001A76D3F810E01F7E1A7A023706FA02F2AE
:10595000BE401A654FEAE679A6FB026702FB0977AB
:105960000EF101020EFB077EA6FB0278F0447A0AD4
:105970004FEA582642EAC852C3E91226E7E600BFBA
:10598000140C0120E01D0120D91D012038B50D4661
:105990001446CBF761FC48B1FFF796FE054A4FF479
:1059A00000730020926C2A60238038BD4FF0FF30D6
:1059B00038BD00BFE01D01204A1C4FF4003330B455
:1059C000494C0CBF8025452500E0EBB1626B013BE3
:1059D0002A42FAD0002921DD626B52071BD4032929
:1059E0001CD0414A536B13F001031DD1022908D08A
:1059F0001369DBB283421AD10129536927D00629E2
:105A000017D0002030BC7047002904DD636B5C07B1
:105A100001D40329E5D1032030BC7047002B30BCF2
:105A200014BF002003207047012030BC70471020B5
:105A3000F2E713F4604F02D12C4AC2F8A83599045A
:105A400031D45A04F3D41B04DBD50F20E4E72848F3
:105A500018400028E0D0002B29DB5D0025D49C00F5
:105A600029D4D80025D4190129D45A0125D4DD011F
:105A70002FD41C02E9D45802D9D4990227D4DA02CF
:105A80002FD41D030FD45C0329D4980325D4D90344
:105A900021D41A0419D45D0415D49C0411D4180718
:105AA000AFD51A20B8E71320B6E70920B4E71C20C9
:105AB000B2E70B20B0E70A20AEE70D20ACE70C20E0
:105AC000AAE71920A8E71820A6E71720A4E71120C5
:105AD000A2E70E20A0E716209EE715209CE71420E1
:105AE0009AE7122098E700BF002C014058C401201B
:105AF00008E0FFFDF8B5114D0446296B01290ED0D1
:105B00000F4B40F2FF500021DA6A22F00802DA62FD
:105B10009863A962236823F001032360F8BD084E4F
:105B200040F2FF57002240F24C43B7630C20B260B2
:105B3000F360FFF741FFB763E2E700BF140C0120F9
:105B4000002C0140354B5A68100303D5344A1168C4
:105B5000490757D4314B5A68D00303D5304A5169AD
:105B6000090647D42D4B5A68500303D52C4A1168B7
:105B7000890737D4294B5A68D00203D5284A1168BF
:105B8000090720D4254B5A6892021BD5244A116874
:105B9000C80617D5116849033CD41368DB0503D444
:105BA000136823F0100313601C4A4FF400111D4BBF
:105BB000D1609B6A0BB11A489CE71B4AD36B43F434
:105BC0008073D36370471168480307D41368D905FD
:105BD00003D4136823F008031360104B4FF48012B2
:105BE000DA60CFE711684FF4802021F002011160E4
:105BF000D860BFE751694FF4803021F080015161D6
:105C0000D860AFE711684FF4002021F00401116063
:105C1000D8609FE74FF40012DA60704700640240DA
:105C2000A0640240140C0120002C0140354B1A687E
:105C3000900103D5344A1168490757D4314B1A688B
:105C4000500203D5304A5169090647D42D4B1A68D2
:105C5000D00103D52C4A1168890737D4294B1A681B
:105C6000500103D5284A1168090720D4254B1A682A
:105C700012011BD5244A1168C80617D511684903BB
:105C80003CD41368DB0503D4136823F010031360BE
:105C90001C4A4FF000611D4B91609B6A0BB11A4882
:105CA00028E71B4AD36B43F48073D36370471168B2
:105CB000480307D41368D90503D4136823F00803F5
:105CC0001360104B4FF080629A60CFE711684FF07D
:105CD000807021F0020111609860BFE751694FF4B4
:105CE000800021F0800151619860AFE711684FF0AA
:105CF000007021F00401116098609FE74FF000628E
:105D00009A6070470064024058640240140C0120FD
:105D1000002C014070B52A4C636BD9051AD54FF49D
:105D2000807240F2FF56274BA263A663E26B264DBA
:105D30001340E3632B6B9A071DD4012200232A62D0
:105D40006B621F4B40F2FF511E4A9963D96B0A40A8
:105D5000DA6370BD636B980703D51B4B02225A624E
:105D6000EFE7636B190720D4636B9A0621D5164BB6
:105D700006225A62E5E7154B00211A68136823F0E2
:105D800001031360E36A23F00803E362E9622B6B0B
:105D9000DB07D2D540F24C43A6630C20A160012161
:105DA000E360FFF709FEA663C7E7074B04225A62C8
:105DB000C7E7636BDB06C4D5034B05225A62C0E715
:105DC000002C0140C53EFFFF140C0120100C0120E7
:105DD0000E4A01210D20D2F8A82538B50C4C40F20E
:105DE000FF5540F24D43A563A260E360FFF7E4FD79
:105DF000A56340B96069C0F34320A0F10400B0FA84
:105E000080F0400938BD002038BD00BF58C40120D3
:105E1000002C014070B50D4614461E46CBF71CFA07
:105E200090B133462A4620460021C4F76DFD58B98B
:105E3000074AD36A002BFCD1FFF7CAFF0028FBD02A
:105E4000FBF78AFA002070BD4FF0FF3070BD00BF35
:105E5000140C012070B50D4614461E46CBF7FCF914
:105E600090B133462A4620460021C4F79DFC58B91C
:105E7000074A936A002BFCD1FFF7AAFF0028FBD04A
:105E8000FBF76AFA002070BD4FF0FF3070BD00BF15
:105E9000140C012008B5FFF79BFF30B1CBF7DCF9FC
:105EA00080F00100404240B208BD4FF0FF3008BD15
:105EB000564B1B78022B00F297802DE9F041544D90
:105EC00082B06B6913F0007303D00E2002B0BDE8FE
:105ED000F08140F2FF564FF48A6208270446012100
:105EE0001020CDE90033AE63AF60EA60FFF764FDD8
:105EF000AE630028EAD1DFF8248140F27742AE6336
:105F00000121D8F8A8353720AB60EA60FFF754FDCF
:105F1000AE6303460028D9D13E4A332040F2734C89
:105F200001216A62AF62EA6A0243EA62AE63AB6071
:105F3000C5F80CC0FFF740FDAE630028C6D1694626
:105F400040F22A4201E09F0252D46B6B13426B6B0A
:105F5000F9D01E0751D46B6B980750D46B6B990620
:105F60004FD46B6B9B024ED4B4F5006F009B0CBFFB
:105F70004FF480224FF480321BBA1A4236D0D8F840
:105F8000A82540F2FF56224D40F2774301213720E9
:105F9000AE63AA60EB60FFF70FFDAE63002895D1FA
:105FA000B4F5006F40F24643AE634FF0010114BFF9
:105FB000024602220620AA60EB60FFF7FDFCAE63FA
:105FC000002883D16B6803F400639C423FF47EAFEA
:105FD0002A46114953680B4023435360536803F426
:105FE0000063A342F6D171E72820704726206DE7B1
:105FF000D5F8803041F8043BA7E7042066E702208B
:1060000064E7062062E7222060E700BFD91D012077
:10601000002C014000E1F5050081FFFF58C401207C
:106020002DE9F04F9F4F85B097F8AC4534B19E4BAA
:1060300093F85441204605B0BDE8F08F9B4A0126F5
:106040009B4D0321506C40F2FF5887F8AC6540F43B
:106050000060984B50640220526C02F4006203927C
:10606000039A6A68134043F076036B606B6823F40D
:1060700080736B602960F1F75BFD6B684FF48062A1
:10608000204643F480734FF0FF316B60C5F83880D1
:10609000AC60EA60FFF790FCC5F838800446002841
:1060A00058D14FF4D5724FF48963C5F83880072171
:1060B000AA600820EB60FFF77FFCC5F83880002855
:1060C0004FD00194DFF8E8B140F2FF55002240F2D2
:1060D0007743CBF838500121CBF808203720CBF894
:1060E0000C30FFF769FCCBF83850044690BBDFF862
:1060F000D4810646019BAA46814643EA080813E07C
:10610000CBF83850CBF80880CBF80C20FFF754FCC4
:106110004FF6FE710446CBF83850D8B9DBF814209E
:10612000002A24DB8E4222D840F27742CBF838A0F6
:106130000121CBF808903720CBF80C20FFF73CFC6E
:10614000044640F26942032129200136CBF8385039
:10615000002CD5D0544B204683F8544105B0BDE8FF
:10616000F08F554B4FF080421E700192AAE74FF618
:10617000FF739E4200F0938051007CD50222DFF82D
:1061800038814B4B88F800201B689A077ED0484D19
:1061900040F2FF56002240F2C2430221AE63AA60E1
:1061A0000846EB60FFF708FCAE6304460028D1D137
:1061B0006A69424EAB693261E9692A6A736198F88B
:1061C0000030062BC6E9061201D0022B60D8384DEC
:1061D00040F2FF54002240F24343AC630621AA6020
:1061E0000320EB60FFF7E8FBAC6304460028B1D165
:1061F00098F80030042B19D02D4D40F2FF54D7F8F9
:10620000A82540F2C943AC630221AA600920EB60D3
:10621000FFF7D2FBAC63044600289BD16B69336067
:10622000A969EA692B6AC6E90112F360FFF74CFA23
:10623000044600288ED11E4D40F24743D7F8A825CA
:1062400040F2FF5601210720AE63AA60EB60FFF722
:10625000B3FBAE63174B04466A6813406B600028BB
:106260007FF478AF164B9B78ABB14FF40060FFF72B
:106270001FFE04466EE70E4B1B689B0706D0DFF837
:10628000388098F80030042BD0D080E7262461E7CE
:10629000042BB1D1CAE7FFF70BFE04465AE71B24D3
:1062A00058E700BF58C40120D4090120003802403B
:1062B000002C01400081FFFFD91D0120140C01209A
:1062C000D41D01200000108008B5134B5878F1F759
:1062D000E5FC08B11F23C3802021F1F785FD0021D3
:1062E0000846F1F7BDFE0D4B0021032093F9032072
:1062F000F2F78EF818B14068FFF7ECF808B9012002
:1063000008BDCAF7A9FF0028F9D0FFF789FE0028C9
:10631000F5D1FBF721F808BD44360120D41D01203A
:106320002DE9F04F734C83B054F82040002C69D015
:10633000D4F8A8519246064698466A6B6F68286B57
:106340006D4BA160698F62612A8FDFF8B491236081
:10635000C4F8A071A061C4E903122F7819F91720BD
:10636000531C40F09680D4F800B109EB470999F925
:10637000013001337BD1BBF1000F0BD00137584600
:10638000F2F7AAF90B21FAB28146F2F7B5F9002823
:1063900040F09280D4F8FC0058B1F2F79DF92A78C9
:1063A0000C2107460132D2B2F2F7A6F9002840F0DC
:1063B00097806B68C4F8203195F82800002878D1C0
:1063C00094F8AE01F1F76AFC18F0080F94F8AC717C
:1063D0001CD040B318F0110F4FF00B0206F101066C
:1063E00014BF0A271A2718F0410FC671827114BF13
:1063F0004021202194F8AF213943F1F7A1FCD4F8D2
:10640000FC302BB3204603B0BDE8F08F1AF0020F2A
:1064100009D040B10B21721C81710221C27194F824
:10642000AF21F1F78DFC3846F1F738FC0028E6D0B3
:106430001AF0010FE3D00C2201360221C6718271DD
:1064400094F8AD21F1F77CFCD4F8FC30002BD9D1C5
:1064500095F82C1095F92A008909C3F769FA95F97E
:106460002A00CEF765FD204603B0BDE8F08F39461F
:106470000520F1F7CDFF00283FF47DAFD0E90123DF
:10648000C4F8FC20C4F80431BBF1000F7FF476AFF0
:1064900080E7394604200192F1F7BAFF019A0028FB
:1064A0003FF461AFD0E901B3C4F800B1C4F80831DA
:1064B0005BE7C3F7F5FA83E7484602F0BFFB2346E4
:1064C000484695F82B200D4902F092FB6B68D4F8F2
:1064D000FC002833C4F8183100287FF45EAF68E769
:1064E000384602F0ABFB6B6803F12402C4F81C21B0
:1064F00060E700BFBC510020C0190508A541040891
:106500002CC40120F8B5EFF31185502383F31288D2
:10651000D0F800311B6813F0010303D0EDB285F30E
:106520001188F8BDD0F894210446D0F898110A4398
:1065300002F02102212AF1D0D0E90912914253D070
:1065400043D800691946831A9BB2D4F8946100209D
:10655000A162202E84F8A401E0D1A069D04200EB12
:106560000201DBD0B3FA83F77F09002BD6D094F871
:106570009021012AD2D04FF0010C2122D4F88801B9
:10658000A4F87231C4F86C11C4F89C71A4F870318D
:1065900084F890C1C4F89421D0B1DFF858C0144AEF
:1065A0000765C0E90FC2D4F82021DFF84CC02832BB
:1065B000C0F84CC0CEF792FB50B1102384F8907114
:1065C000C4F89C31C4F89461A8E78B1A9BB2BCE76D
:1065D000D4F8203100224021196284F890219A6871
:1065E00042F080029A6099E7012380F8A43195E790
:1065F000BDFC0008F5FC00085DFC0008D0F8202177
:10660000242100232DE9F041C0F8941104461168BB
:1066100000F59075D0F808E021F0010111601360D9
:1066200053609360407921790703C4F89C310602D6
:10663000C4F894314FEA802C07F4005706F48066C2
:10664000C4F898310CF4805C84F89031C4F8383187
:10665000C4F84031C4F83431C4E94B7611F0010676
:10666000C4E949EC02D00423C4F8343111F002012A
:1066700005D0D4F8343143F00803C4F83431C707E7
:106680000BD5002E40F00B8139B1D4F844314FF4D2
:10669000003143F00103C4E95131A84B03F1200656
:1066A00053F8041F8C4200F0C1809E42F8D10307CA
:1066B00000F1D180D4F89431002B00F01F81242305
:1066C0002846C4F89431136823F001031360CCF713
:1066D00023F8012815D0D4F84431002B40F0118163
:1066E000D4F8203128465A6822F490425A609A68B9
:1066F00022F02A029A601A6842F001021A60CBF76F
:10670000A1FA2279D10763D5D4F8FC10002900F052
:10671000DA80D4F80421002304F13C074FF48060B0
:10672000E1634FF4807122644FF48032E0643846B4
:10673000C4E91133C4E91433C4E91833C4E91A3382
:10674000C4E91612CEF70EFB3846CEF74FFBD4F84D
:106750009881C4F88C71B8F1200F656733D1E36874
:10676000626999B27AB3B1FA81F6760959B394F8AD
:106770009001012827D00B463846A4F878114FF035
:10678000010E6F4F4FF0220C6E49A767E1676E4F05
:10679000D4F82011C4F89C612431C4F87421C4F8E1
:1067A0008C6084F890E1C4F898C1C4F88870CEF782
:1067B00095FA002800F0B080102384F89061C4F8A6
:1067C0009C31C4F89481E36B22795B68C4F814317E
:1067D000920776D5D4F80021002A00F08780D4F8FB
:1067E0000861002340204FF48061C4F89C204FF4DE
:1067F0008032C4F8A06004F19C06C4F8A400C4F878
:10680000A8303046C4F8B830C4F8AC10C4F8BC2086
:10681000C4E92C33C4E93033C4E93233CEF7A2FAE9
:106820003046CEF7E3FA002844D0FEE7002C3FF4D0
:106830003EAF94F8B831002B3FF439AFD4F844316F
:106840004FF4004143F00803C4F85411C4F8443134
:1068500003077FF52FAFD4F89431002B59D02423B0
:106860002846C4F89431136823F001031360CBF772
:1068700053FF01283FF445AFD4F84431002B44D1F5
:10688000D4F8203128465A6822F490425A609A6817
:1068900022F022029A609A6842F008022AE7D4F8AD
:1068A00044314FF4803643F00203C4F84C61C4F81D
:1068B0004431E9E6D4F89C30C4F88861C4F8D45077
:1068C0005860BDE8F081D4F8A031196841F48071B6
:1068D0001960996841F001019960196841F020013F
:1068E0001960196841F01001196071E7D4F8A0210E
:1068F000136843F080031360BDE8F08184F89031A1
:10690000DDE62846CBF7CEF9EAE62846CBF7CAF90A
:10691000B6E784F89031A2E7D4F8203184F89001EA
:106920001A6842F480721A609A6842F001029A6012
:106930009A6842F040029A6045E700BFB8510020D3
:10694000C5FC0008C1FC00085DFC0008F0B5032090
:1069500083B001F027FD012846D0304B0024304998
:1069600005229C60DC6019615A60BFF34F8FBFF352
:106970006F8F2C4D4FF6FF012B4BEA682B480A40D6
:106980002B492C4F13432C4EEB60436F0B60CBF71E
:106990008FFE2A4A2A49A2FB00202A4B2A4A800C51
:1069A0001860CB68294843F08073CB60C2F8B07F91
:1069B0005460116841F0010111603368A0FB0323AA
:1069C0009B09013BB3F1807F07D2214AF0200721C8
:1069D000536085F82300946011601D4A136843F0EA
:1069E0000403136003B0F0BD0221032001F0D4FCC6
:1069F0000E4B18495A6C184842F480425A645B6C3A
:106A000003F480430193019B0A6803680A6083F3DF
:106A10000888124B1B689847FEE700BF90ED00E026
:106A20001B00000600ED00E00005FA0500380240FA
:106A30002439012055CEACC57C1E012083DE1B43CA
:106A4000F0ED00E0548E0120001000E0D34D621004
:106A500010E000E0003801400000F01F0400F01FCB
:106A6000BFF34F8F0549064BCA6802F4E062134337
:106A7000CB60BFF34F8F00BFFDE700BF00ED00E02C
:106A80000400FA052DE9F0434FF425728FB0002180
:106A9000704805F0CFFC704B704C4FF080415A6C41
:106AA000A4F1200804F51C6542F00102A1466C4FD8
:106AB0005A645A6C6B4E02F001020092009A1A6CF2
:106AC00042F001021A641A6C02F001020192019A6A
:106AD0001A6C42F002021A641A6C02F0020202926C
:106AE000029A1A6C42F004021A641A6C02F0040250
:106AF0000392039A1A6C42F008021A641A6C02F0AC
:106B000008020492049A1A6C42F010021A641A6C79
:106B100002F010020592059A1A6C42F020021A64E3
:106B20001A6C02F020020692069A5A6C42F0020297
:106B30005A645A6C02F002020792079A5A6C42F4A5
:106B400080325A645A6C02F480320892089A5A6C65
:106B500042F400325A645A6C02F400320992099AE3
:106B60005A6C42F480225A645A6C02F480220A92CF
:106B70000A9A1A6C42F040021A641A6C02F040023F
:106B80000B920B9A1A6C42F080021A641A6C02F093
:106B900080020C920C9A1A6C42F480721A641B6C7C
:106BA00003F480730D930D9B3A46002301E056F8E1
:106BB000332091420CD001330E2BF8D109F120097A
:106BC0000020C2F76DFF4D450BD059F8201CEBE7B4
:106BD00006EBC30309F120091879C2F761FF4D459F
:106BE000F3D108F51C6608F12008B04510D0B8F8BC
:106BF0000630002BF7D098F8040008F12008F1F7D0
:106C00004DF818F8172C0221F1F79AF8B045EED19B
:106C10004FF08041124F134E3A46002301E056F8E0
:106C200033208A420BD001330E2BF8D120340020C0
:106C3000C2F736FFAC420AD054F8201CECE706EB52
:106C4000C30320341879C2F72BFFAC42F4D10FB044
:106C5000BDE8F083F8A101200038024060E004089C
:106C60000000014094CB040801490248FDF79EBA98
:106C7000DCA301200018004001490248FDF796BA44
:106C8000B0A301200048014001490248FDF78EBA37
:106C900058A301200040014010B5064C064821468B
:106CA000FDF784FA04F1DC010448BDE81040FDF76B
:106CB0007DBA00BF2CA3012000040140001C00404D
:106CC00001490248FDF772BA2CA3012000040140DB
:106CD0002DE9F843184F3C69FB681C4010D04FF079
:106CE0000048DFF85890B4FA84F228FA02F31F2A19
:106CF0006FEA030304EA03043B6103D0002CF2D1E2
:106D0000BDE8F883D9F8041191B1013900238DB29F
:106D1000C9F80431D9F80061002EEFD0336830464D
:106D2000294698477668002EF8D1002CDBD1E7E79A
:106D3000FD6AADB2EEE700BF00100040F8A10120EF
:106D400001490248FDF732BAA8A20120000C004018
:106D500001490248FDF72ABA7CA201200008004040
:106D600001490248FDF722BA50A201200004004068
:106D700002494FF08040FDF719BA00BF24A201205C
:106D800010B5064C06482146FDF710FA04F5C67109
:106D90000448BDE81040FDF709BA00BFF8A1012082
:106DA000000001400044014001490248FDF7FEB9DE
:106DB000F8A101200000014003689B0AA3F580139D
:106DC000522B56D82DE9F041394CE45C0D2C4ED8AD
:106DD000467904EB8403374DA0014FEA960E002953
:106DE0004BD04FF0020855F800C004EB430326FADD
:106DF00008F7314E734408FA07F7DCF80C8006EB0D
:106E0000830E47EA0807CEF80410CEF81420CCF819
:106E10000C70EFF3118C502383F312882C2303FBA7
:106E200004F3F158F71829B30A1D79622C21234F76
:106E300001FB04F101F114030F44334453F8041B24
:106E400019B1116053F8042C04329F42F6D100238B
:106E50005FFA8CFC13608CF311882C232A5803FBF7
:106E60000464636AFBB1D36843F00103D360BDE8F7
:106E7000F08170472433F218D8E74FF0020C2F58F6
:106E800004EB43030C4E0CFA0EF8D7F80CC0734415
:106E90002CEA080C06EB830EC7F80CC0CEF80410E1
:106EA000CEF81420B5E7D36823F00103D360DEE702
:106EB00040CB0408DC280120F8A101201CA20120FD
:106EC000830AA3F58013522B39D8F0B504464D48F8
:106ED00085B0C05C0D2830D84B4D8601AF5905EB0D
:106EE0008013A74229D0494F01391846AC513F6859
:106EF00089B2B7FBF2F20027013AD9605A601F61EC
:106F00009F605F61CBF79AF8414B9C4218D0B4F177
:106F1000804F15D0A3F57C439C4211D003F58063CC
:106F20009C420DD03B4A03F57C439C4218BF9442DF
:106F300044D003F570539C4240D005B0F0BD70477B
:106F4000AA1900234FF4805092F83C1003930129B2
:106F50000090CDE90133F0D0A85902272E49012431
:106F600082F83D7087683940816082F83C3082F851
:106F70003D40AA19002392F83C1002930129CDE963
:106F80000033DAD0AB590221214882F83D10834208
:106F90005A68996833D000F5806083422FD0354419
:106FA00022F0700221F08001012400205A609960D3
:106FB00085F83D4085F83C0005B0F0BDAB190021D7
:106FC0004FF4805093F83C200391012A0090CDE9C2
:106FD0000111B2D00227A8590F4A4FF0010C83F8D3
:106FE0003D7087683A400D4FBC42826083F83C1088
:106FF00083F83DC0BDD0074B9C429ED1B9E722F437
:107000007002CCE740CB0408DC2801207C1E012064
:1070100000000140000C00408800FEFF0004014019
:1070200030B50446006883B0830AA3F58013522B61
:1070300003D8234DED5C0D2D01D903B030BDFFF712
:107040003FFF204800EB8510CBF786F821681E4AE9
:1070500000231E4801E050F8332091420CD0013348
:107060000E2BF8D101210020C2F762FC002003B0F2
:10707000BDE83040CDF75CBF144A012102EBC303E9
:1070800093F905005C790190C2F752FC0198CDF7A5
:107090004FFF1B2C08D101211920C2F749FC0C4BD2
:1070A0004FF000721A60C8E72E2CC6D101212C20A7
:1070B000C2F73EFC064B4FF480525A60BDE700BF5A
:1070C00040CB0408DC2801200000014094CB0408D8
:1070D00000E100E0800AA0F58010522807D8054B97
:1070E0001B5C0D2B03D8044800EB83107047002075
:1070F000704700BF40CB0408DC280120800AA0F5BF
:107100008010522806D8044B1B5C0D2B02D8034A72
:10711000D05670470020704740CB0408283105083E
:1071200008B5104B03EB80039B7BC3B10E4B5C2275
:1071300002FB0033D3E9280380B107EE903A9FEDBC
:107140000B7AB8EE670A07EE900AF8EE677A20EE3F
:10715000070A80EE270A02F063FE00B208BD42F281
:10716000107008BDDC4600204C77002000401C4613
:10717000F0B50446D0F89400444983B0C3B204F19A
:107180006402A56820F0FF00103B01922D6804F115
:107190001806A1FB03310909CAF76AFC616D0023D7
:1071A000019A012984F8583018D0042916D01029E2
:1071B00057D0402912D0B1F5807F55D0B1F5806FFE
:1071C00052D0B1F5805F58D0B1F5803F4FF03C030D
:1071D0000CBF6FF0080C6FF4006C01E06FF0080C4E
:1071E00005F118072846F95801EA0C01F950616DBC
:1071F000CAF704FA636D012B16D0042B14D0102BA0
:107200000FD0402B10D0B3F5807F31D0B3F5806F15
:107210002ED0B3F5805F34D0B3F5803F05F154072D
:1072200002D04FF4006C01E04FF0080CD4F8940049
:1072300032463D684026C3B2144945EA0C0520F0A9
:10724000FF00103B3D60A1FB033126620909CAF72C
:10725000C9FBD4F89420136843F01003136003B003
:10726000F0BD6FF4006CBBE76FF0080C0423B7E7C8
:1072700005F11C074FF0080CD8E76FF4006C0423ED
:10728000AEE705F11C074FF4006CCFE7ABAAAAAA42
:10729000914B2DE9F04F1C782DED028B85B034B960
:1072A0000124204605B0BDEC028BBDE8F08F8B4B6E
:1072B0001B6808EE103AEEF765FE894B019093F8D3
:1072C0002430002B00F00381DFF81C920024DFF84B
:1072D0003CA24E46834FCDF80C90DAF89C30019AD0
:1072E000D31A03D4F26D9A4200F3E080A20004EBBB
:1072F000840302927C4A02EB431393F8583003F064
:10730000FF08002B00F09E80D6F89410774DCBB28A
:1073100021F0FF01B268103BB0891268A5FB03534E
:10732000734D1B09EB5C19444968D3681FFA81FC53
:1073300023EA0000CCF1160CD060BCF1070F40F23C
:107340008180684901200022D6F89CE08B68814644
:10735000154603448B60DEF8001018E05EF820301C
:10736000142DA3EB010B194619DC1BF1080348BFD0
:107370000BF1170305EB23151B1103F1FF3B013044
:107380009A4009FA0BFB84454BEA020207D3844575
:10739000E4D8C5F115035EF820101525EDE7152D8D
:1073A0007CD15449C2F3842CC2F3441502F01F006F
:1073B00001EB8C0CC2F3C43201EB8505DCF8083319
:1073C00001EB8000D5F8085301EB82021B02D0F8D4
:1073D0000813D2F8082343EA05150D4345EA0235A0
:1073E00085EA152383EA131303F00F030F2B55D1FE
:1073F00040F6FF722B09B2EB151F65D0C3F30803EB
:107400006D0B13FA05F549D03B4B4FF6FF7203EBBA
:107410005503B3FBF5F5ABB293423FD03749012298
:10742000BB810B78BA732D2B03D1ADB2344B029ACA
:107430009D505C20334B414618EE102A00FB04306F
:10744000F2F7BAF930460134FFF792FE244B0437C5
:10745000A03693F82430A3423FF73FAF0022DDF877
:107460000C90CAF89C20002B3FF41AAF03EB830367
:1074700009EB431399F8102009F1A00959F84C0CB5
:1074800012F0020F59F8982C11680A6A14BF42EAE8
:10749000800202434B450A62ECD101E7114A53686E
:1074A000013353604CB14FF00008C2E7002420467E
:1074B00005B0BDEC028BBDE8F08F71465822124832
:1074C000A04604F055F8B4E700252B46A6E70F4A7E
:1074D000C2F89C30E5E600BFB8010020301D012055
:1074E000F8090020DC4600208C1A0020ABAAAAAACA
:1074F000441D0508E8160508C0270900B40100204E
:10750000BC010020EC770020F84600204C770020DA
:107510004368426D70B49A61EFF31182502383F394
:1075200012884168D2B2856C0B68046D23EA0503AA
:1075300023430B6082F311884369002184681A6831
:10754000246822F00102D0E908561A601D60C26A60
:10755000856A5E615D60056B9A60B0F86C20DD60E5
:10756000E262017770BC7047AF4B2DE9F04F93F8A2
:107570000C9091B00026A9F10203B3FA83F35B09E2
:107580000193AA4CDFF8D8A208E008280FD0019B8D
:107590006BB1A74BA3425CD054F820AF5046FFF725
:1075A000ADFDB9F1010F0746EFD10128F1D100255A
:1075B00029463846EEF748FCEEF7D8FB0378B3F1DE
:1075C000530118BF0121002B08BF0021002940F002
:1075D000CB800435ADB2102DEAD1E6B1DFF884825C
:1075E000002504E0013508F58678B54211DAD8F8AF
:1075F00008B0DBF80000FFF781FD8742F2D19BF86D
:10760000053062799A42C4D0013508F58678B542D2
:10761000EDDB0029BDD12046F0F7AAFE6179C3B2A7
:107620000246022B00F259835046F0F733FE4068C1
:10763000F1F752F801387F4B00EBC00003EB8000FC
:10764000037F002BA5D14FF486737B4A03FB06F31F
:107650009C500136042E94D1784E4FF00009DFF88B
:1076600008B20296764B1B684B457ADDDBF80C506E
:107670009BF8103028460493F0F7C4FD0190002DCC
:1076800000F023832B6803F13F4303F57E039B0A3D
:107690006C4ADFF8D0A11768002F6CDD002450463B
:1076A00004E0013400F58670BC4261D00168994263
:1076B000F7D14FF4867309F10109019A03FB04A481
:1076C0005FFA89F3CBF80420CBF8184015B10322F8
:1076D000EB71AA710126DBF804000327A16C00FA04
:1076E00006F3226D584D9F4006FA03F30F431343F0
:1076F0002978A7642365002900F08B8006FA00F240
:10770000636D3146DBF80C0013436365F0F75EFCF4
:107710004E4BDBF80C001978490141F0090101F0EA
:10772000E901F0F761FB2A78002A69D00122019B68
:10773000D4F8AC0002FA03F189B200F0C5FD20468E
:107740000BF1200BFFF7E4FE0123029AB9F1040FBD
:107750000BF8043C0BF8033C537402F1180302933A
:1077600080D111B0BDE8F08F002E7FF437AF10E765
:10777000032C00F3E6804FF4867101FB07F10AEB5E
:1077800001060391B068002800F095825C1CDFF8C8
:10779000DCE003994FF05308E4B207F1010C4AF81A
:1077A00001309EF8003086F8094186F80881079379
:1077B00041790368C2F800C005930691F0F7D8FD3F
:1077C000C3B20246022B00F28882DDE90501F0F720
:1077D00061FDD0E90132C6E905321846F0F77CFFB9
:1077E00022464146F0F788FF002841D1184B19483E
:1077F00019491A4A9861C3E9041211B0BDE8F08F23
:10780000019B0121D4F8AC00994089B200F05CFDE5
:1078100095E71030636D8640DBF80C001E4366650B
:10782000F0F7D4FB74E700BFBC380120701A0508DC
:10783000701B0508AC0101200073002068090020BE
:107840005C0A0020F4720020B8010020EC3801200E
:10785000C809002059440308614403085D44030833
:1078600000040140F87200203C2000202039012053
:10787000039B8C20844A9B108449854C02FB03F3B4
:1078800003EB430200FB03F302EB021204EB43039E
:10789000344601EB82022968C6F8F430C6F8AC2001
:1078A0007C4BB26871603321D2F800801A68079B64
:1078B000C6F8F800062BC6F8B01000F0E281072BDE
:1078C000DFF8F0E17448754B18BF4FF0710C744944
:1078D0000ABF4FF01C0C7346014640464FF48678B1
:1078E000B2FBF3F3B2FBF1F208FB07A8013B0399EB
:1078F000013A1FFA83FE6B4BA8F8B42058310022DE
:10790000A8F86CE05144C6F860E0A6F8582072660A
:10791000F265C3F870C6C9F7D7FFD8F80820106819
:107920000592036843F08003036053790C2B0CD855
:10793000DFE803F0650B0B0B5D0B0B0B6D0B0B0BFB
:107940005400594B03221A7050E74FF4867303FB1F
:1079500007A3D968602203684FF000084FF0010EBA
:1079600008924FF4807223F001034FF0020C0E9244
:107970000A22CDF828800B9208AACDF83480CDF8E1
:107980003C80CDF824E0CDF830C00360C9F736FE66
:107990004FF48672059B02FB07A21B68D268012A7E
:1079A00000F06A81042A00F06781102A00F08781C4
:1079B000402A00F06181B2F5807F31D0B2F5806F4E
:1079C0002ED0B2F5805F00F08381B2F5803F4FF09A
:1079D0003C080CBF08224FF4006224E04FF4867389
:1079E0004FF4805203FB07A31146DA60B2E74FF46D
:1079F0008673102203FB07A31146DA60AAE74FF44F
:107A00008673012203FB07A31146DA60A2E74FF455
:107A100086734FF4807203FB07A31146DA6099E77F
:107A200008224FF00408183353F808100A4343F8AB
:107A30000820059B1879002840F028814FF48678AB
:107A400008FB07A8D8F80830D8F814001A6813689B
:107A500043F001031360F0F73FFE059001F0EEF8EC
:107A6000D8F808305A790C2A00F208810F4931F809
:107A700012C04FF4867118680D4A002301FB07A15C
:107A8000A1F810C01FE000BF6B4CA4070C1D002024
:107A90005C7900207C1E01201055220040771B00DD
:107AA000449508004C770020ED38012044CC0408B0
:107AB000C07D0020D0DD0600884200F00381013344
:107AC000042B00F00D8152F833100029F4D18649BF
:107AD0004FEAC308D1F894160691834901EBC30E0F
:107AE0000699814B0131CEF87406C3F89416904480
:107AF000059833469022B8F804E009F101097B4962
:107B00004CEA0E0CA8F804C001F072F84FF486732A
:107B1000039A03FB07A7DFF8E48170327B695244C4
:107B200019681046059241F010011960196841F07A
:107B300014011960C9F744FF00234FF0400C4FF4C3
:107B40004030F367B969C6F880304FF48063C6F8F7
:107B500094100421C6F878C0C6F89C104FF48051E8
:107B6000C6F88430C6F89800D7F8B030059AC6F841
:107B700090307B68C6F888104FF480411833336723
:107B8000D7F8AC30C6F88C1073677869C3B220F0B0
:107B9000FF00103BA8FB03310909C9F723FF7B69EC
:107BA000039A1968B832D3F814E0D3F804C05244E9
:107BB00031629968DB6810460392C6E909ECC6E9B0
:107BC0000B13C9F7FDFE00234FF0000C4FF40030FB
:107BD000C6F8C4300422BB694FF40061C6F8E42043
:107BE000C6F8DC304FF48063C6F8E000039AC6E9BB
:107BF00032C30023C6F8C030D7F8F830C6F8D83002
:107C00007B68C6F8D0104FF480411033C6F8B83006
:107C1000D7F8F430C6F8D410C6F8BC307869C3B2CF
:107C200020F0FF00103BA8FB03310909C9F7DAFE79
:107C30007A695FFA89F3D2F80080D2F814E0D2F8BA
:107C400004C09768D0681168C6F8348041F010010C
:107C5000C6E90EECC6E910701160116841F014011C
:107C60001160019ACBF80C50CBF80420049ACBF8A1
:107C700018608BF810202AE50822D4E64FF0000C9B
:107C8000F7E61B494FF0380C1A4B26E6F0F706F8DA
:107C9000059B804602215A7AF0F752F8B8F1000F9E
:107CA00002D05323A8F80630059B1A68536C43F49E
:107CB00000435364C2E6104B02221A7096E54FF45B
:107CC0000062B0E64FEAC30811E74FF0FF33DFE48C
:107CD0004FF400624FF00408A5E600235B68FFDE66
:107CE00000239B88FFDE00BF4C770020F1290000B5
:107CF000882A1100A0BB0D00ED380120ABAAAAAA6A
:107D0000024B03EB4010407F704700BF3C20002037
:107D1000704700BF084A0346D0F8E4005268D3F821
:107D2000F010121A00209142B8BFC3F8F0200122CF
:107D300083F81C21704700BF001000E070B50A4EA8
:107D40003368002B08DD094C0025237F01352BB952
:107D500033682034AB42F8DC012070BD217DE0683F
:107D6000F0F742F8F4E700BF5C0A00203C20002056
:107D70002DE9F04104F048FD002834D01D4E336851
:107D8000002B13DD00251C4C1C4FA8463B78013509
:107D900013B1237F012B20D0626904F5867431680A
:107DA0001368A94243F001031360EFDCEEF7EAF831
:107DB000134A144B14681860002C0CDD124B03EBB3
:107DC000C4041968083333F8042CC868A34242EA93
:107DD0000002CA60F5D1BDE8F081204684F8FC803D
:107DE000FFF796FBD8E7C2F739FC0028C6D1BDE8FB
:107DF000F08100BFF4720020F8720020B80100206A
:107E0000E07D0020E47D0020C07D00202DE9F041D0
:107E10002C4F07EB4016327F0AB9BDE8F0810446CB
:107E20004FEA401828480D4604EB8402002100EB7D
:107E3000421293789170B37004F096FCA0BB07EBEC
:107E4000441027F8085004F0B7FC204A07EB080359
:107E5000127899699AB15A680124D1F8AC309440EB
:107E600003F1C001420010F4004F90B202D15A68F1
:107E700022435A600C338B42F4D1BDE8F0815A683A
:107E80000124D1F8AC30103203F1C001944042001B
:107E900010F4004F90B202D15A6822435A600C335A
:107EA0009942F4D1BDE8F081094A0A4B127802EBFD
:107EB000820203EB820323445D7B002DBFD00123AC
:107EC000B370BCE73C2000208C1A0020B8010020D1
:107ED000882801208C28012010B504460846C2F7E6
:107EE0007BFB01462046BDE810408FE72DE9F84FA7
:107EF000404B1B78E3B9404F3B68002B15DD002554
:107F00003E4829464669D0F8AC30346803F1C002D7
:107F100024F00104346059600C339A42FBD10135DE
:107F20003B6800F58670AB42ECDC0120BDE8F88FC1
:107F3000334BD3F800B0EEF725F8324A324B1268D3
:107F40001B68801A1433B0EB430F50DBDFF8D4907A
:107F500000242E4F4E462E4DDFF8CCA0DAF800302C
:107F60004FF6FF78A342C6DDA8696A684169CBB2C3
:107F700021F0FF0C2749103BA1FB031326491B09E5
:107F8000CB5C9C44DCF80430D0E93D0E9BB2AEEBF8
:107F9000030104F0F1FB4FF6FE7301220146984203
:107FA00018D0D9F8083040451344C9F8083018D023
:107FB0001A4BB0811B78B2732D2B02D1184B43F8AA
:107FC00024004FF6FF735A463846C91A18BF0121DC
:107FD000F1F7F2FB01345C3720350436042CBDD1B7
:107FE00089E7D9F804300133C9F80430E9E7002003
:107FF000BDE8F88FB8010020F4720020F87200206C
:10800000301D0120E47D0020BC7D0020EC770020A5
:108010003C200020ABAAAAAA441D0508B4010020F8
:10802000BC010020DC4600205C0A002030B583B093
:10803000044690F84D1106236A461030F0F776FE9C
:10804000B8B19DF800509DF802309DF801109DF8E0
:10805000032041EA05219DF8045042EA03229DF8DD
:108060000530A4F8D01043EA0523A4F8D220A4F8E0
:10807000D43003B030BD00BF30B5044683B0806952
:1080800006236A4690F84C111030F0F74FFEA0B16D
:108090009DF800509DF802309DF801109DF80320D6
:1080A00041EA05219DF8045042EA03229DF805307B
:1080B000E18143EA05232282638203B030BD00BF21
:1080C0008369F0B593F8DC208BB00646012A23D0F3
:1080D000023A012A2BD893F84C216C46D3F89C30F5
:1080E00062F07F02134D1A7087690FCD0FC40FCD58
:1080F0000FC4D7E9272395E80300013384E8030080
:1081000007F110006946CDE90023F0F745FBB0699F
:108110001030F0F73FFDB369D3F8A0305A8852BA57
:10812000F2819A8852BA3282DB885BBA738201206C
:108130000BB0F0BD341C0508134BD0F8D8105B68A9
:10814000D0F8E02010B50446581A824200DC22B96B
:10815000D4F8E4200A44C4F8DC2094F8D020C4F811
:10816000D830012A05D0D4F8D4300133C4F8D43043
:1081700010BD04F1E801201DF0F70EFBD4F8D43057
:108180000133C4F8D43010BD001000E02DE9F041F7
:1081900090F8DC308AB00446D0F8A070012B49D0AA
:1081A00016D8D0F89C304FF0FF3205211A605A6083
:1081B0009A60DA60D0F8E030C0F8F010B3F57A7F5A
:1081C00053D8032380F8DC3001200AB0BDE8F081E9
:1081D000023B012BF8D890F84D3100F11008D0F88F
:1081E0009C206D4663F07F03344E13700FCE0FC595
:1081F0000FCE0FC5D4E9272396E80300013385E8A5
:10820000030040466946CDE90023F0F7C5FA404631
:10821000F0F7C0FC7B8801205BBAA4F8D030BB88A3
:108220005BBAA4F8D230FB885BBAA4F8D4300AB0A9
:10823000BDE8F08190F84C2190F84D319B1A5B100D
:108240000133DBB237F8132007EB430753BAA0F82A
:10825000D0307B885BBAA0F8D230BB885BBAA0F87C
:10826000D43001200AB0BDE8F0811030F0F7C4FA34
:1082700000B394F84C310121D4F89C2063F07F03C3
:10828000C4F8A4400E4D137094F84C0194F84D318D
:10829000D4F8A0201B1AD4F89C000A44C4F8045156
:1082A000073384F8001184F8DC10C4F8FC30C4E90A
:1082B0003D0289E7022384F8DC3085E7341C050899
:1082C000157D0408704700BFF0B4F2B10E460C04EF
:1082D000034600F1C007002519680C3353F8042C3D
:1082E000214343F8085C324343F80C1C43F8042C48
:1082F000BB42F1D1D0F8C030C0F8C4501E43C0F822
:10830000C850C0F8C060F0BC70470E040C46DFE7F0
:108310001B4B53201B4A196C41F0805170B41964F7
:1083200083B0196CFF25184ECA2401F080510191C9
:108330000199316841F480713160196C41F48061B8
:108340001964196C01F480610091009955625462BE
:1083500050625B6FDB000CD40C4B00210C4A43F8DD
:10836000041B9342FBD1074B0A4A1A6503B070BC49
:108370007047126D074B9A42EED103B070BC704744
:10838000003802400028004000700040542800409F
:108390006C28004031666542014B43F8201070475D
:1083A00050280040014B53F82000704750280040EF
:1083B0000368D3E90412F0B45B680AB3147A294E57
:1083C0001068375D0D68C45924F00104C451097A5E
:1083D000745C295921F001012951127D1F2A31D8DD
:1083E000202101FA02F242F0180282605A6822F05B
:1083F00002025A605A6822F00102F0BC5A607047CB
:108400009A68100604D59A681006F9D400E0DA6874
:108410009A68D207FBD4087A124C0A68245C105977
:1084200020F001001051097D1F2913D8202000FAE7
:1084300001F141F0180191605A6822F00202F0BC8B
:108440005A607047203A202101FA02F242F01802E5
:10845000C260CBE72039202000FA01F141F0180179
:10846000D160E9E7441D0508F8B507680646D7E975
:108470000454002C50D0A0612B7D1F2B39D8202212
:10848000286802FA03F343F018038360237D1F2B4F
:108490003AD9203B2021226801FA03F343F0180364
:1084A000D3606368002269680A601A601968BA6953
:1084B00041F010011960297AC9F794FAFA69217A12
:1084C0002068C9F78FFA2B7A2A492F68CD5C326869
:1084D0007B59206843F0010352687B51237AC95CC1
:1084E000435843F001034350536843F00303536080
:1084F000F8BD203B2022286802FA03F343F018035A
:10850000C360237D1F2BC4D82021226801FA03F306
:1085100043F018039360C4E72A7D6B681F2AA861A3
:108520001FD82021286801FA02F242F01802826066
:108530000021BA691960196841F010011960297A9F
:10854000C9F750FA2B7A0B4A2868D15C3268435835
:10855000526843F001034350536843F002035360F1
:10856000F8BD203A2021286801FA02F242F01802F0
:10857000C260DDE7441D0508F0B50668356A0029CC
:108580005ED12F68AC68D6F818E0002F61D0374B69
:108590003B40B3F1005F63D007F01F0104F11F0CF3
:1085A00027F01F020B466146194421F01F01BFF35B
:1085B0004F8F00290BDD114402F12003DFF8B0C01A
:1085C0008B42CCF868221A4603F12003F8D1BFF39E
:1085D0004F8FBFF36F8F03684FF48062CEF8047043
:1085E000CEF814205B69CEF8204043B36868F66982
:1085F000002837D01D4B0340B3F1005F1AD000F0C4
:108600001F0220F01F011F32224422F01F02BFF37D
:108610004F8F002A0ADD0A4401F12003144D9A42CB
:10862000C5F87012194603F12003F8D1BFF34F8F3C
:10863000BFF36F8F4FF48063706073613462F0BD7D
:10864000EC69002CFBD06F691435D6F818E0002FC8
:108650009DD1084A3346CEF81470CEF80420C1E705
:108660003346B9E7044B70617360E7E70000FFFF32
:1086700000ED00E0980100209C0100202DE9F84F5A
:108680000646DFF8C4B2AD4D3468D4F80490D9453D
:1086900000F0E880AA4B994500F0348103F580632F
:1086A000994540F031810221D9F800304FF0010C9A
:1086B000B088228923F0400396F88880824284F8AB
:1086C00024C0C9F8003040F00081337BA27A9A427E
:1086D0001ED0C1EB0111002B40F0DE80994B03EB63
:1086E000C10A9AF80400EFF7D9FA9AF807202E2168
:1086F000EFF726FBD9F8003043F00103C9F800304A
:10870000D9F8003043F00203C9F80030337BA3727C
:10871000D9F8003043F04003C9F80030226A93686A
:10872000002B00F0FF800020844651689C441432E6
:10873000013001EA050E0B4331B16169C1B1BEF1EF
:10874000005F01D0DB0613D19368002BEDD1237BB2
:1087500073B1B8F1000F0BD0012800F2D880BCF142
:10876000070F00F2D480236A1B7B002B00F0CF8020
:10877000236A9B68002B63D04FF00008B8F1000F0C
:1087800002D098F80C3013B1B068EFF76FFB226A93
:1087900063681168226A5268206AD0F808E0586855
:1087A000BEF1010F20F48050586015DD70469F68BF
:1087B000BF07FCD5002937D031F802CBA3F80CC095
:1087C0009F68FF07FCD5DF680AB122F8027B0238F8
:1087D0000128ECDC0EF0010E586840F4805058601F
:1087E000BEF1000F0CD098688007FCD5002951D04D
:1087F000097819739968C907FCD5DB6802B1137051
:10880000236A1B7B002B41D1236A1B697BB1236A3E
:10881000D6F894001B69984701280DD0022806D18C
:1088200000232362BDE8F88F4FF6FF7CC6E7D4F83B
:108830002080236A14332362236A9B68002B9DD116
:10884000236A1B68002B76D0236A00221E68236AE5
:108850005968236A216234681A60D4F80490D945B3
:108860007FF418AF0021D9F800204FF0010CB38835
:10887000208922F0400296F88880984284F824C02B
:10888000C9F800203FF421AF184620E0B068EFF7A8
:108890003FFBB9E7FF21ACE72A4B03EBC10A9AF88B
:1088A0000400EFF7FBF99AF807204E21EFF748FA9A
:1088B000D9F8003023F00103C9F80030D9F80030AE
:1088C00023F00203C9F8003020E7C0F34F03B3F5EB
:1088D000807FD9F80020A8BF4FF4807322F03802BF
:1088E000022BB8BF0223002B93FAA3F3B3FA83F34E
:1088F00008BF4FF0FF33013B42EAC303C9F8003021
:108900002081E2E60121CFE64FF0FF31ABE73046B0
:108910000021FFF731FEB068EFF7A8FA3046BDE856
:10892000F84FA1E5237B002B3FF422AFB8F1000FF5
:108930007FF419AF1CE7236274E700BF0000FFFF5C
:1089400000380040B8AD012000300140114A037AE0
:108950000168D35C10B4CC58CA1824F00104CC5080
:108960001368DB07FCD4037D1F2B09D9203B202291
:108970005DF8044B02FA03F343F01803CB60704731
:1089800020225DF8044B02FA03F343F018038B60D6
:10899000704700BF441D050870B584690646002570
:1089A0002046C9F70DF8316973684022C9680C3355
:1089B000A260726961622360E560A5622561C4E915
:1089C000065572B1F4692046C8F7FAFF72697368F8
:1089D000D2680C33E56062622360A560A562256100
:1089E000A56170BD2DE9F041C0EB0013774E82B058
:1089F00056F8332006EBC307002A00F0A480044693
:108A0000050197F87000C1F74BF897F87020012125
:108A1000530902F01F02013B01FA02F2032B0AD8AC
:108A2000DFE813F0C8000400CE00C200684B596AAA
:108A300021EA02025A622B1B671C06EBC303FFB23A
:108A40001879EFF72BF910B11223C77183712B1B23
:108A500006EBC3035879EFF721F9804610B11323D1
:108A6000C77183712B1B06EBC3039879EFF716F9D7
:108A700010B11423C77183712C1B2E21404606EBC5
:108A8000C405E4002A7AEFF75BF9A879EFF706F955
:108A90006A7A0E21EFF754F92879EFF7FFF8EA79AF
:108AA0002E21EFF74DF933594A491A688B4222F0CB
:108AB00040021A604AD0484A93426BD002F5806265
:108AC00093424DD1424A116A41F400411162116A48
:108AD00021F4004111625A6842F480525A601A68C7
:108AE000520628D43D491868CC683D4ED1E900258E
:108AF000064088682A43D1E904572243CC6940EAFA
:108B000017402A4301948C693A430D6A2243019C21
:108B1000B5F5005F42EA0402324C42EA050242EA3D
:108B200006021A605A6804EA020440EA0400586027
:108B300001D18A8C1A61DA6922F40062DA611A685A
:108B400042F040021A6002B0BDE8F081204A516A4A
:108B500041F480515162516A21F480515162BAE767
:108B6000214A934209D11A4A516A41F40051516293
:108B7000516A21F400515162ADE71C4A9342AAD1D7
:108B8000134A516A41F480115162516A21F48011F3
:108B90005162A0E70E4A116A41F480411162116AE4
:108BA00021F48041116296E7094B196921EA02021A
:108BB0001A6140E7064B596921EA02025A613AE715
:108BC000034B196A21EA02021A6234E7B8AD0120A8
:108BD000003802400030014000380040740B012092
:108BE0004000FFFFFBF0FFFF003401400050014058
:108BF000013800EBC0002DE9F0410E4D84001E4607
:108C00000D4B285990462C440F4698420CBF952096
:108C10009620C0F745FF94F915004FEA9811276197
:108C2000A661C0F785FE94F91500BDE8F041CCF7C8
:108C30007FB900BFAC010120006002400138064A44
:108C4000064B00EBC00052F8200098420CBF952064
:108C50009620C0F725BF00BFAC0101200060024094
:108C600060232DE9F74F4343C74D0646EF58EA18F6
:108C7000002F00F0868194681CB1A379002B40F08E
:108C80008081602303FB0653D3F80C80B8F1000FFA
:108C900004D098F80630002B40F07381731CDBB2CF
:108CA00014B11522E371A271B8F1000F04D016229D
:108CB00088F8073088F80620387C4FF00909C0F79B
:108CC000EFFE2046EFF724F94046EFF721F9112196
:108CD0002046EFF789F811214046EFF785F84FF06D
:108CE000330A02E00A20EEF717FF2046EFF780FA7A
:108CF00010B9BAF1010AF5D12046EFF7B7F805200F
:108D0000EEF70AFF2046EFF703F90520EEF704FF20
:108D1000B9F10109E3D120464FF0600BEFF7A6F857
:108D20000520EEF7F9FE4046EFF7A0F80BFB06FB37
:108D30000520EEF7F1FE2046EFF7EAF805EB0B0A07
:108D40000520EEF7E9FE4046EFF7E2F89AF810301A
:108D500004222046002B14BF3E211E21EEF7F0FF17
:108D60009AF8103040460BF11408002B4FF0040223
:108D7000A84414BF3E211E21EEF7E2FF4C224946D3
:108D8000404603F057FB55F80B305B68CAF81430C7
:108D9000C9F77EFC07EE900A9FED7C7AB0EE084A98
:108DA000F8EE677ABAF812B09FED795AF7EE003A0A
:108DB000CE4640F2145AC7EE275A07EE90BA9FEDFE
:108DC000757AF8EEE77AC7EE274ADFED737AB0EEF0
:108DD000007AE5EE877AA5EE875A25EE844A37EECB
:108DE000856A74EEE72ABBF5C87F0EF1010CD5BF8A
:108DF000642332234FF49670782007EE90CAD8BFD0
:108E00004FF416740344C8BF4FF48274B8EEE77A87
:108E1000D8BF514607EE903AC8BF4FF4FA7127EE1B
:108E2000257A0B19F8EEE76A86EE873A73EE636AE5
:108E3000FCEEE67ACDED017A07EE904AB8EEE73A1D
:108E400007EE903AF8EEE77A23EE243AC3EE276A6B
:108E500036EEC53A72EEE66AC3EE077A77EEE37A4B
:108E6000FCEEE77A17EE901AC6EE877A77EEE37A91
:108E7000FCEEE77A17EE903A9C1C6218F0EE466A18
:108E800007EE902AF8EE677AE7EE276AF4EEE64AF4
:108E9000F1EE10FA6EDC9DF804400F2C6CD8A0F1B6
:108EA000320207EE902AF8EEE77A77EEC47AC7EE40
:108EB000876AFCEEE67A17EE904AE0B20F285BD89C
:108EC00088B2FF2858D898B2FF2855D8019A40EAAE
:108ED0000E731005220400F07F6002F47F0203434A
:108EE00013432E4A02EA012943EA090960240123B7
:108EF000404604FB06540025C4F81890C4E9075303
:108F0000C4E90955C4E90C55CBF70CF894F8553071
:108F1000202BD9B219D194F85430012B15D0242329
:108F200084F8553063691A6822F001021A601A68E1
:108F300022F480521A601A681A601A6842F001021C
:108F40001A6084F8551084F85450002197F91200E3
:108F5000C0F7EEFC97F91200CBF7EAFF97F9110082
:108F60000021C0F7E5FC97F9110003B0BDE8F04F10
:108F7000CBF7DEBF013180E7BCF10F0FB6D0E6467C
:108F800031E703B0BDE8F08F9C2C0120286B6E4EBA
:108F900000001643002474490000704200FFFF00E7
:108FA0000148CAF7B7BF00BF702D01200148CBF7B9
:108FB00057BE00BF702D01200148CAF7ABBF00BFEC
:108FC000102D01200148CBF74BBE00BF102D012012
:108FD0000148CAF79FBF00BFB02C01200148CBF762
:108FE0003FBE00BFB02C0120204B187800B970475D
:108FF0001F49204A0968126810B40C68226812F0F0
:10900000040206D1042381F83C205DF8044B0B6474
:1090100070476FF00C0222600A6C42F400520A643E
:10902000A26812F4401F1AD1A26B12F4401F02D0A2
:10903000A268520513D46268500510D4A26812F0D9
:10904000405F0CD18A6952B90A6C22F480520A64DA
:109050000A6CD20503D40A6C42F001020A640022B1
:109060005DF8044B10461A70704700BFD0AC012069
:10907000BCAC01208026012090F8443000F10801AA
:10908000484A012B10B411606FD08368464AD968F2
:10909000464C21F46001A342D960D96841F46001D3
:1090A000D960996B21F440119963996B41F4801157
:1090B0009963996B21F4F8419963996B41F4884164
:1090C0009963996821F47021996099689960996809
:1090D00021F44011996099689960596821F4806180
:1090E0005960596821F480515960596902EA0102B6
:1090F0005A615A695A6149D0D9682B4A21F0E06116
:109100002A4CD960A342D96841F0E061D960996BDB
:1091100021F440119963996B41F480119963996B23
:1091200021F478219963996B41F41021996399682E
:1091300021F47021996099689960996821F440112F
:10914000996099689960596821F4806159605968FB
:1091500021F480515960996902EA01029A619A6981
:109160009A6119D0002380F84430114B114A1988B4
:109170005DF8044B116059880F4A11609A880F4BB3
:10918000521A0F4993FBF2F30B6070470D494A687E
:1091900042F400024A60AFE70A4A536843F400030E
:1091A0005360DFE7BCAC012000F0FFFF002001406E
:1091B0002A7AF01FC4AC0120C8AC0120803801001D
:1091C000CCAC0120002301402DE9F0430D4601699C
:1091D00085B004460F78012F18D12E794FF0000981
:1091E00000F110083B46013E0DF1060240468DF8A5
:1091F00006900E7175216E794E4508BF682626755A
:10920000EFF794FD064600283BD1216902230B703D
:10921000EB7823B90026304605B0BDE8F08304F1B1
:109220001008A9784046EFF7BDFB06460028F1D0AC
:10923000E878EEF733FDA0612B780133DBB210B193
:109240002222C37182710D21EEF7CEFDA069EEF7E7
:109250005FFE464A1368632BFCD94548EFF7E2FBF3
:10926000444F454BA08202E057F8043B53B34046BD
:1092700098470028F8D084F8D8004046EFF790FCD3
:10928000C9E74046EFF78CFC3B4649460DF1050225
:109290004046EFF74BFD9DF8053003F07E03682B49
:1092A0008DF8053000D1A0B99DF8063003F07E039B
:1092B000682B8DF806300FD0702BACD1042384F8C6
:1092C000D830A8E7E8781E46EEF7E8FCEFF744FA56
:1092D000A1E784F8D8709EE70623022102AA40463F
:1092E00084F8D8101946EFF721FD9DF80D309DF850
:1092F0000B109B009DF80920490003F0040302F0C5
:10930000010201F002010B4343EA020113430CD0B6
:1093100058B1012B22D0022B03D001F00301032905
:1093200020D1012384F8D93075E7012340460DF19F
:1093300007020C21EFF7FAFC80F001009DF80730DE
:1093400010F0FF0F03F00F030CD1B3FA83F25209B0
:1093500043B1042BE5D184F8D9205CE7002384F8DD
:10936000D93058E70320F1F78BFC54E7301D01207A
:1093700040420F00601C05082D3A040800B583B078
:1093800001230DF10702EFF7D1FC08B19DF80700AA
:1093900003B05DF804FB00BF38B5044690F8210126
:1093A00000B938BDEEF77AFC054608B12623C38024
:1093B0002146054B284641F80C3FC0F747FC28469C
:1093C000BDE83840EEF756BF39810408F0B50320F8
:1093D000A5B0FEF7E7FF022800F036819E489F4ABD
:1093E0009F49121A02F0C4F89E489F4A9F49121AD8
:1093F00002F0BEF80220FEF7D5FF012834D800EBBA
:1094000040009B4A9B4E02EB400332F810205F88DD
:109410009B88B262C6E90B73B2FBF7F29649002053
:10942000964C01FB02F1964D964B2960D4F88810BA
:10943000954A41F47001DFF868E2DFF868C2C4F8C9
:1094400088101968CCF3080741F001011960986091
:1094500019680A401A60C3F804E01A6822F48022EE
:109460001A60D86027B1FEE7824ED6E90A27D3E713
:1094700086494FF6FF00C4F808C00A68844B42F4DE
:1094800000720A60E26802401343E360C0F7E0FA4A
:10949000BFF34F8FBFF36F8FC4F85072BFF34F8F7E
:1094A000BFF36F8F636943F400336361BFF34F8F82
:1094B000BFF36F8FC4F88470BFF34F8FD4F8800070
:1094C00043F6E07CC0F34E31C0F3C900490101EA24
:1094D0000C07034647EA8372013BC4F860225A1C1A
:1094E000F8D1203911F1200FF1D1BFF34F8F63690B
:1094F00043F480336361BFF34F8FBFF36F8F6348D3
:10950000604A0168634B41F480710160116C41F065
:1095100080511164116C01F0805102910299196817
:1095200041F4404119601868D6F828C000F4404062
:1095300001900198906800F00C000428D6E90B1304
:1095400018D0906800F00C00082810D04D4A524CFA
:109550001068174640F480301060206803E02268ED
:10956000121A642A16D83A689203F8D505E05268B0
:109570005002EBD5434A484C1268424A906800F0CA
:109580000C00082806D01768104627F0807717606F
:10959000276804E0FEE72268D21B022AFAD8026894
:1095A0009201F8D44A083D4F1B063649013A43EA76
:1095B0008C1343EA02431F434760036843F0807300
:1095C0000360226803E023689B1A022BE2D80B6831
:1095D0009801F8D50B6C2F4A43F080530B64134667
:1095E000096C01F0805103910399116841F48031B5
:1095F0001160216804E02268521AB2F57A7F29D8F6
:109600005A68D203F7D51A68224942F400321A6028
:10961000226804E023689B1AB3F57A7F1AD84B6856
:109620009F03F7D54FF000624FF4C0734FF4001161
:1096300004A821920722089303230491CDE909236A
:10964000C8F7A6FD80B3FEE700210320FEF7A4FEC5
:10965000FDF706FAFEE700BF00000000182D00002D
:10966000E889050800000020A0010020AAC4050820
:10967000E0D60408740B012040420F0000ED00E02A
:109680007C1E012000380240FFFFF6FE003C024035
:109690000003FA05007000408026012008004020E9
:1096A0001030002400000008644A136803F00F0320
:1096B000062B0AD8136823F00F0343F00703136047
:1096C000136803F00F03072B60D15D4B9A6842F4D7
:1096D000E0529A609A6842F460429A609A6822F076
:1096E000F0029A601A68900150D59A68184641F2C3
:1096F000883122F0030242F002029A60226803E0FD
:1097000023689B1A8B4241D8836803F00C03082B13
:10971000F6D14A4A136819070AD5136823F00F03D4
:1097200043F007031360136803F00F03072B2DD1D9
:10973000434C444FA36823F4E05343F4A053A36085
:10974000A36823F4604343F40043A360C8F7B0FF69
:10975000A368C3F303133B4493F84430D840286014
:10976000C0F776F90023384A04A80492CDE91333F0
:10977000CDE91533CDE91733CDE91933CDE91B33E5
:10978000CDE91D33C8F704FD08B1FEE7FEE74FF051
:1097900000720223D82104A80492012207930B929D
:1097A000CDE90513C8F7F4FC00B1FEE7D4F88C301E
:1097B00023F08073C4F88C30D4F88C3043F080737D
:1097C000C4F88C30A36803F00C03042B30D0082BB2
:1097D00015D01E4B2B601A4BF06A9A68B16AC2F31F
:1097E00003122B68B1FBF0F11744194A97F84400B3
:1097F00002FB01F2C3409A422B601CD0FEE7616875
:1098000062684B02616802F03F024CBF114B0F4B84
:10981000B3FBF2F3C1F3881203FB02F3084A526868
:10982000C2F3014201325200B3FBF2F32B60D2E7E4
:10983000084B2B60CFE725B0F0BD00BF003C0240D5
:1098400000380240341C0508C0FF03000024F40067
:1098500040420F0000127A000000000000000000EB
:1098600001F0FF01102A2BDB10F0070F08D010F8D1
:10987000013B013A8B422DD010F0070F42B3F6D1D5
:10988000F0B441EA012141EA014122F007047FF0EE
:1098900000070023F0E80256083C85EA010586EA45
:1098A000010685FA47F5A3FA87F586FA47F6A5FA81
:1098B00087F68EB9EED1F0BC01F0FF0102F007028D
:1098C00032B110F8013B013A83EA010313B1F8D138
:1098D0000020704701387047002D06BF3546033819
:1098E000073815F0010F07D1013015F4807F02BF52
:1098F000013015F4C03F0130F0BC0138704700BFA3
:1099000010F8012B11F8013B012A28BF9A42F7D029
:10991000D01A7047034613F8012B002AFBD1181AFE
:10992000013870477BB972B90029BEBF00204FF0E3
:10993000004106E008BF00281CBF6FF000414FF057
:10994000FF3000F0CDB9ADF1080C6DE904CE00296F
:1099500009DB002B1ADB00F061F8DDF804E0DDE93B
:10996000022304B07047404261EB4101002B1BDB36
:1099700000F054F8DDF804E0DDE9022304B04042D1
:1099800061EB4101524263EB43037047524263EB88
:10999000430300F043F8DDF804E0DDE9022304B0FE
:1099A000404261EB41017047524263EB430300F0D8
:1099B00035F8DDF804E0DDE9022304B0524263EB40
:1099C0004303704753B94AB9002908BF00281CBF98
:1099D0004FF0FF314FF0FF3000F082B9ADF1080CCD
:1099E0006DE904CE00F01AF8DDF804E0DDE90223A9
:1099F00004B07047430803F05533C01A830803F0DE
:109A0000333300F03330184400EB101000F00F3007
:109A100000EB002000EB0040000E70472DE9F047FE
:109A2000089D04468C46002B40F083808A421746EE
:109A300047D9B2FA82F242B1C2F1200024FA00F012
:109A40009140974040EA010C94404FEA1748230C9C
:109A5000BCFBF8F61FFA87FE08FB16C143EA014378
:109A600006FB0EF1994209D9FB1806F1FF3080F090
:109A70001981994240F21681023E3B445B1AA4B21E
:109A8000B3FBF8F008FB103344EA034400FB0EFE7E
:109A9000A64509D93C1900F1FF3380F00581A645A0
:109AA00040F2028102383C4440EA0640A4EB0E0436
:109AB00000261DB1D4400023C5E900433146BDE86E
:109AC000F08702B9FFDEB2FA82F2002A50D1CB1B36
:109AD0004FEA174E1FFA87F80126B3FBFEFC210C54
:109AE0000EFB1C3341EA034108FB0CF38B4207D900
:109AF00079180CF1FF3002D28B4200F2E9808446E3
:109B0000C91AA3B2B1FBFEF00EFB101143EA0144E7
:109B100008FB00F8A04507D93C1900F1FF3302D239
:109B2000A04500F2D9801846A4EB080440EA0C4096
:109B3000BFE78B4209D9002D00F0B1800026C5E9AE
:109B4000000130463146BDE8F087B3FA83F6002EB7
:109B50004AD18B4202D3824200F2B880841A61EB70
:109B6000030101208C46002DA8D0C5E9004CA5E7D3
:109B7000C2F1200320FA03F6974001FA02F04FEAFF
:109B8000174ED9403043030CB1FBFEF61FFA87F89D
:109B90000EFB161143EA014306FB08F1994204FA51
:109BA00002F409D9FB1806F1FF3C80F08D80994240
:109BB00040F28A80023E3B445B1A81B2B3FBFEF066
:109BC0000EFB103341EA034100FB08F38B4207D937
:109BD000791800F1FF3C73D28B4271D902383944B5
:109BE000CB1A40EA064678E7C6F1200C03FA06F4E1
:109BF00022FA0CF31C4320FA0CF701FA06F34FEAA1
:109C0000144E21FA0CF11F433B0CB1FBFEF91FFA75
:109C100084F80EFB191143EA014109FB08FA8A4551
:109C200002FA06F200FA06F308D9611809F1FF30CA
:109C300048D28A4546D9A9F102092144A1EB0A017B
:109C4000BFB2B1FBFEF00EFB101147EA014700FB6B
:109C500008F8B84507D9E71900F1FF312ED2B84509
:109C60002CD90238274440EA0940A7EB0807A0FB9B
:109C700002894F45C64649461AD317D05DB1B3EBAA
:109C80000E0267EB010707FA0CFCF2404CEA0202F5
:109C9000F740C5E9002700263146BDE8F0872E468B
:109CA00028460BE70646E9E61846FDE64345E5D2B9
:109CB000B8EB020E69EB04010138DFE70846D2E792
:109CC00060468DE78146B9E7664675E730464AE764
:109CD000ACF1020C394413E702383C4424E700BFDE
:109CE000704700BFDFF868D0FEF712FB002103E0E9
:109CF000184B5B58435004311748184B42189A428E
:109D0000F6D3174A02E0002342F8043B154B9A426F
:109D1000F9D3154A02E0002342F8043B134B9A4260
:109D2000F9D3134A02E0002342F8043B114B9A4254
:109D3000F9D3114A03E05FF0A53342F8043B0F4B1F
:109D40009A42F8D3FFF742FB00F01CF8704700007E
:109D5000000001209AB8050800000120100C012025
:109D6000100C0120E4F8012000C0032000C00320F3
:109D7000A0010020E87D0020F8F70020F8FF002077
:109D8000FEE7000008B5E2F7A1F902F009FD00BF07
:109D900000B510EE103A204A23F00043934283B0FE
:109DA00019DDB3F1FF4F04DB30EE400A03B05DF87C
:109DB00004FB684600F056FD00F00300012811D0B6
:109DC00002281FD0B8B1DDED010A9DED000A012087
:109DD00001F04EFAEAE7DFED110A00F091FE03B060
:109DE0005DF804FBDDED010A9DED000A01F040FA8B
:109DF000B1EE400ADAE7DDED010A9DED000A00F060
:109E00007FFED3E7DDED010A9DED000A00F078FE4C
:109E1000B1EE400ACAE700BFD80F493F000000007A
:109E200010B485B08DED010A019BC3F3C751A1F1B8
:109E30007F021E2A2ADC501C23DB162A4FEAD37429
:109E40000BDDC3F3160040F400009639884004B1DE
:109E5000404205B05DF8044B7047164BDDED017ACA
:109E600003EB840393ED007A77EE277ACDED037A46
:109E7000DDED037A77EEC77A17EE903A33F00042C1
:109E80000ED1002005B05DF8044B7047DDED017A7E
:109E9000FDEEE77A17EE900A05B05DF8044B7047C7
:109EA000C3F31600C3F3C75340F40000C3F1960395
:109EB000D840CCE7A084050808B52DED028BB0EEA4
:109EC000408A00F0CFF8144B93F90030013314D0DE
:109ED000B4EE488AF1EE10FA0FD6B5EEC08AF1EE74
:109EE00010FA0ADCB5EE408AF1EE10FA08D101F062
:109EF00039FB22239FED090A0360BDEC028B08BDEC
:109F000001F030FBBDEC028B21230360BDE808406B
:109F1000034801F051BA00BFA80B0120000080FFE8
:109F20004035050808B52DED048BF0EE408AB0EE03
:109F3000608A00F097F9474B93F900300133B0EE97
:109F4000409A1FD0B4EE488AF1EE10FA1AD6F4EE19
:109F5000688AF1EE10FA59D6DFED3F9AF4EE698A7D
:109F6000F1EE10FA13D1B4EE698AF1EE10FA29D0AD
:109F7000B0EE480A01F0CCF920B1B4EEE98AF1EE76
:109F800010FA4DD4B0EE490ABDEC048B08BD01F0C7
:109F9000BFF9F0B1B5EE409AF1EE10FAF2D1B0EEA1
:109FA000680A01F0B5F90028ECD0B0EE480A01F0DB
:109FB000AFF90028E6D001F0D5FA22239FED269ACA
:109FC0000360DFE7B7EE009AB0EE490ABDEC048B00
:109FD00008BDB0EE680A01F09BF90028DAD0B0EEB7
:109FE000480A01F095F90028D4D0B4EE499AF1EE70
:109FF00010FA28D601F0B6FAF5EEC08A2223F1EE67
:10A0000010FA036013D49FED159ABBE7B5EE408AB2
:10A01000F1EE10FAF7EE007A08BFB0EE679AB1E7FA
:10A0200001F0A0FA21239FED0E9A0360AAE7B0EE9B
:10A03000480A01F0C7F9B4EE480AF1EE10FAE2D08E
:10A040009FED079A9EE701F08DFA212389EEA99AE8
:10A05000036097E7A80B0120000000000000807F4C
:10A06000000080FF10EE103A33F000422DD0002B9C
:10A0700032DBB3F1FF4F3FDAB3F5000F30B432DB20
:10A0800000256848684CC3F31601084400F4000238
:10A09000DB1582F07E527F3B0A432B4400EE102AF0
:10A0A00001F10F05F7EE007A2C4030EE670A03EB62
:10A0B000D05324BBB5EE400AF1EE10FA61D1002B6B
:10A0C00040F093809FED590A59E09FED597ADFEDFA
:10A0D000577A87EE270A704770EE407A9FED537AE1
:10A0E00087EE870A7047DFED537A60EE277A6FF0CC
:10A0F000180517EE903AC4E730EE000A7047B0EE4C
:10A10000007A30EE077A9FED4C3ADFED4C4ADFEDF6
:10A110004C5ADFED4C3A9FED4C5ADFED4C7ADFEDB7
:10A120004C6A4C4880EE074AC1F55712084402F5C4
:10A1300022720243002A07EE103A24EE046AF8EE77
:10A14000C72A26EE067AE7EE034AA7EE235AE4EE84
:10A15000875AE5EE076AE5EE877A67EE867AE6EEDD
:10A16000877A2BDDB6EE007A20EE077A27EE007AAA
:10A1700053BB77EE877AA7EEC47A30EE470A30BC3D
:10A180007047DFED357AB6EE007AA0EE677AF0EE32
:10A19000477A20EE007A27EE277A002BEDD007EEE3
:10A1A000903A9FED2E6ADFED2E6AF8EEE77AA7EE81
:10A1B000C67A37EE400A97EEA60AE0E713BB70EEC8
:10A1C000677AA7EEC40ADAE7DFED246A9FED246A16
:10A1D00077EE877A62EEA66AE7EE846A37EE667AF1
:10A1E00037EE400A92EE860AC9E707EE903A9FEDF5
:10A1F0001B0A9FED1B7AF8EEE77A27EE800AA7EE9E
:10A20000870ABCE79FED157ADFED156A70EE677A75
:10A2100027EE627AA7EE847A37EE400A92EEA60A1B
:10A22000ADE700BF20FB4A00F0FF7F000000000008
:10A23000000000CC0000004C9788173E25333A3EC2
:10A240002549923E4FD01C3E298E633EABAA2A3F41
:10A25000CDCCCC3E305CCFFFABAAAA3ED1F71737AE
:10A260008071313F2DE9F04710EE904A34F00048FC
:10A270002DED028B15D010EE105A25F00047B7F1E6
:10A28000FF4F10EE109A06DDBDEC028BBA48BDE818
:10A29000F04701F091B8B8F1FF4F08DDB7F17E5FEC
:10A2A000F2D1B7EE000ABDEC028BBDE8F087002DBD
:10A2B00010EE906AC0F2F6804FF0000AB8F1FF4F3E
:10A2C00000F00481B8F17E5F00F02A81B6F1804F82
:10A2D00000F03F81B6F17C5F00EE105A40F0038140
:10A2E000B9F1000F80F23A8101F00AF8B7F1FF4F9F
:10A2F00000F00B81002F00F00481B7F17E5F00F0C9
:10A30000FA804FEAD972013A5AEA020300F02C812E
:10A31000B8F19A4F40F35281984B9F4240F35F82CD
:10A32000974B9F4200F30181F7EE007A30EE670A07
:10A33000DFED946ADFED947ADFED945A9FED946A35
:10A34000B5EE007AE0EE476AB6EE007AA6EEC07A85
:10A35000F0EE476A20EE007A27EE267A67EEC77A9B
:10A36000E0EE257AF0EE676AE0EE066A16EE903AC5
:10A3700023F47F6323F00F0307EE103AA0EE467A32
:10A3800006EE903A77EEC77A26F47F6626F00F063F
:10A3900007EE104A06EE106A67EE877A37EE466AD5
:10A3A00007EE106AE6EE267A0AF1FF3A5AEA02034D
:10A3B00026EE877AB7EE000A77EE876ABFEE006A6C
:10A3C00016EE903A0CBFB0EE468AB0EE408A002BF3
:10A3D00023F0004240F3B981B2F1864F00F3F881D7
:10A3E00000F0EB81B2F17C5F00F3BB8100221046EC
:10A3F00023F47F6323F00F0306EE103ADFED656A66
:10A40000DFED655A9FED653ADFED653A9FED652A10
:10A410009FED654ADFED654A9FED655A36EE477A56
:10A42000F0EE002A77EEC77A26EE267AA7EEA57A16
:10A43000F7EE005AF0EE477AA6EE037A67EE076A67
:10A44000F0EE471AE6EE431AB0EE636AA6EE826AB1
:10A4500077EEE17AA6EE264AE7EE277AE4EE264A80
:10A46000A4EEA65AB0EE456AB0EE475AA6EE665A7A
:10A47000F0EE456A36EEE26A27EE055AC5EE066A48
:10A4800076EEE77A37EEC77A35EEC70A10EE103A65
:10A490001344B3F5000FC0F2BA8100EE103A20EE7B
:10A4A000080A00E7B8F1974F1ADAB8F17E5F0ADBC5
:10A4B0004FEAE853C3F1960348FA03F202FA03F3B2
:10A4C000434500F03D814FF0000AFBE6B7F17E5FA7
:10A4D0003FF4E7AE2FDD002E2ADB00EE104AE2E665
:10A4E0004FF0020AEAE600F00BFFB7F1FF4F02D08F
:10A4F000002F7FF402AF002EBCBFF7EE007A87EE8C
:10A50000800AB9F1000FBFF6CEAEA7F17E5757EA29
:10A510000A0340F00E8170EE407A87EEA70AC2E689
:10A52000002E0FDB00EE105ABDE6002E00F35A811C
:10A530009FED200AB7E6002EFADA07EE904AB1EE58
:10A54000670AB0E607EE105AF7EE007A87EE870A40
:10A55000A9E607EE905A27EEA70AA4E6BDEC028B07
:10A56000BDE8F04700F0C8BA07EE905A77EEE77AF8
:10A5700087EEA70A97E600BF40350508F7FF7F3F43
:10A580000700803FABAAAA3E3BAAB83F70A5EC36B5
:10A5900000AAB83F8CBEBF351872313F0072313F00
:10A5A0000EEADDB54CBB313355B38A38610B36BB8F
:10A5B000ABAA2A3E000000000000804B19F0FF4FBC
:10A5C00040F0F9805FED047A60EE277A6FF01701B2
:10A5D00017EE907A8F48FB15C7F316077F3B87422B
:10A5E0000B4447F07E5140F3DE808B48874240F3B6
:10A5F000FE80DFED8A4A0133A1F50001F0EE643AF6
:10A600000020B7EE006A06EE901A76EE867AB7EE74
:10A61000007A87EE278A491041F0005101F5802128
:10A62000014436EEC67A07EE901A27EE082A77EE36
:10A63000C65A9FED7B4A7B49DFED7B8A9FED7B0A03
:10A64000DFED7B0A9FED7B1ADFED7B1ADFED7B2AC6
:10A650009FED7B3A9FED7B5A22EE026A12EE100AC2
:10A6600076EEE56AF0EE445AE6EE285A084004EE2B
:10A67000100AA4EE677AF0EE407AE5EE867AA4EE50
:10A68000667AE7EE860A67EE086AB0EE417AA0EED7
:10A69000867A72EE047AE7EE061A67EEA67A26EE5E
:10A6A000066AF0EE085AE6EE217AB0EE656AA4EE8C
:10A6B000046A07EE103A36EE276AB8EEC77A16EE4D
:10A6C000103A0B4006EE103A76EE655AE4EE445A24
:10A6D00077EEE57A67EE827AE6EE867AF0EE675AF2
:10A6E000E4EE065A15EE903A0B4006EE903AE4EE90
:10A6F000466A05EE903A77EEE67A67EEA27AE5EEE4
:10A70000837A77EEA37AF0EE676AE5EE856A76EEF5
:10A71000A46A76EE876A16EE903A0B4006EE903AFF
:10A7200036EEC77A37EE647AA5EEC57A77EEC77A49
:10A730002AE6BAF1010F7FF4B6ADB1EE400AB2E5F8
:10A7400002F00102C2F1020ABCE53F498A4257DC2D
:10A750007FF448AE76EEC76AF4EEE76AF1EE10FADF
:10A760004EDAD2154FF400017E3A41FA02F21A4451
:10A77000C2F3C751354C7F390C41C2F3160022EAAF
:10A78000040206EE902A37EE667AC1F1170140F412
:10A7900000000841002B77EE876AB8BF404216EEF2
:10A7A000903AC20524E6DFED1D4A0020F0EE643A3F
:10A7B000B7EE006A27E700210CE79FED256A76EEE9
:10A7C000C76A37EE866AB4EEE66AF1EE10FAC8DDC3
:10A7D000DFED207A28EE270A20EE270A63E5002E17
:10A7E000BFF6A6AE9FED1B0A20EE000A5BE5DFED8B
:10A7F0001A4ADFED1A3A4FF40010B7EE086A02E782
:10A80000DFED177A28EE270A20EE270A4BE500F045
:10A8100037FE44E671C41C00D6B35D0000000000A2
:10A8200055326C3E00F0FFFF42F1533E05A38B3ED4
:10A83000ABAAAA3EB76DDB3E9A99193F4F38763FD7
:10A84000A0C39D360038763F00001643FFFF7F000F
:10A850003CAA3833CAF2497100C0153FDCCFD1356C
:10A860006042A20D70B510EE103A954A23F00044F4
:10A87000944286B0054668DD924A944210EE106A12
:10A880001ADC002BDFED907A904A24F00F0440F39D
:10A89000F180944270EE677A66D09FED8D7A77EE04
:10A8A000C76A012077EEE67AC5ED006A77EEC77ACF
:10A8B000C5ED017A06B070BD864A944267DDB4F1F9
:10A8C000FF4F49DAE215863AA4EBC25307EE903AFD
:10A8D000BDEEE77ADFED806AB8EEC77A77EEC77A29
:10A8E0008DED037A67EEA67ABDEEE77AB8EEC77A09
:10A8F00077EEC77A8DED047A67EEA67AF5EE407AA8
:10A90000F1EE10FACDED057A40F0A380B5EE407A75
:10A91000F1EE10FA14BF02230123704901910221C4
:10A92000009103A8294600F06DF9002EC2DA95EDDA
:10A93000007AD5ED017AB1EE477AF1EE677A4042BE
:10A9400085ED007AC5ED017AB4E7002285ED000AB5
:10A950004260002006B070BD70EE407A0020C5ED68
:10A96000017AC5ED007AA5E7DFED5D6A9FED5D7ABE
:10A9700077EEE67A012077EEC76A77EEE67AC5EDE4
:10A98000006A77EEC77AC5ED017A06B070BD00F0B7
:10A99000B7FCDFED556A9FED4C6A9FED4D7AF6EE00
:10A9A000007AE0EE267AFDEEE77A17EE900AF8EEEE
:10A9B000E76A1F28A6EEC60A66EE877AB1EE666AD7
:10A9C0001EDC4A4A411E24F0FF0352F82120934224
:10A9D00016D030EE677A85ED007A30EE470A002E09
:10A9E00030EE670A85ED010ABFF664AFB1EE477A33
:10A9F000B1EE400A85ED007A85ED010A404259E743
:10AA000030EE677AE21517EE103AC3F3C753C3EB83
:10AA1000D454082CDFDDDFED327A9FED327AF0EE90
:10AA2000405AE6EE275A30EE650AA6EE270AF0EE07
:10AA3000407AD6EE877A35EEE77A17EE103AC3F30E
:10AA4000C753D21A192A06DC85ED007AB0EE650AE2
:10AA5000C3E7032361E79FED267A9FED265AB0EE08
:10AA6000650AA6EE070A75EEC07AE6EE077AD6EE1C
:10AA7000857AAEE7944270EE277A0ED09FED147A75
:10AA800077EE876A4FF0FF3077EEE67AC5ED006A21
:10AA900077EE877AC5ED017A0CE7DFED116A9FED5D
:10AAA000117A77EEA67A4FF0FF3077EE876A77EE6D
:10AAB000E67AC5ED006A77EE877AC5ED017AF9E6A8
:10AAC000D80F493FE3CB1640800FC93FD00FC93F95
:10AAD00043443537800F49430000804328850508EB
:10AAE0000044353708A3852E84F9223FA884050841
:10AAF00000A3852E32318D24B1EEC00A704700BF0D
:10AB000010EE103A23F00043B3F1485F2CDAFDEE6B
:10AB1000C07A17EE903A002B60D020EE007ADFED7D
:10AB2000314A9FED315ADFED315A9FED316ADFED49
:10AB3000317ADFED316AA7EE245AE7EE055AA7EE27
:10AB4000256AE7EE067AE7EE276A67EE266A60EE88
:10AB5000C00AF6EE007AE7EE260AB7EE000AD7EE54
:10AB6000270A30EE600A704720EE007ADFED1D4ABA
:10AB70009FED1D5ADFED1D5A9FED1D6ADFED1D7A19
:10AB8000DFED1D6A1D4AA7EE245A9342E5EE075AEF
:10AB9000A5EE876AE6EE077AE7EE876A66EE876AD1
:10ABA000D5DD174A934214DC03F17F4307EE903A58
:10ABB000B7EE006A36EE676A60EEC00AF6EE005A3B
:10ABC000E7EE260AD7EE257A77EEE00A36EE600A3F
:10ABD0007047B6EE076AF5EE027AEDE7B7EE000AC7
:10ABE000704700BF4ED747ADF6740F317CF293B477
:10ABF000010DD037610BB6BAABAA2A3D9999993E9F
:10AC00000000483F2DE9F04F2DED048BDBB0D74C11
:10AC1000689D0791111D54F825600493099283469D
:10AC200003F1FF39C0F29D82D31E44BF13460433A3
:10AC3000DB1003930133DB000893DDE908239B1A43
:10AC40000693039B16EB0901A3EB090316D401310C
:10AC50009FEDC77A699819441EAA002BA4BF50F82B
:10AC6000234007EE904A03F10103ACBFF8EEE77A08
:10AC7000F0EE477A8B42E2EC017AEED1002EC0F280
:10AC8000E082049B1EA901EB830446AD4FEA830CCE
:10AC90004846F7180BEB8301B9F1000FDFEDB47AEA
:10ACA00009DB22465B46F3EC016A32ED017A8B4206
:10ACB000E6EE877AF7D10130B842E5EC017A04F18B
:10ACC0000404E9D10DF1280808EB8603083B05933D
:10ACD0009FEDA99ADFEDA78A0698009609AB03EBD2
:10ACE000860A0BEB0C0446AF5B465AAA02EB8602BF
:10ACF000002E12ED140A4FEA860B16DD07EB8602D2
:10AD0000414660EE097AB0EE407AFDEEE77A72EDE8
:10AD1000016AF8EEE77ABA42A7EEE87A37EEA60AB9
:10AD2000BDEEC77AA1EC017AEBD1CDE9010300F0C9
:10AD3000A7FBB0EE408AB4EE000A28EE000A00F04D
:10AD4000F5FAF2EE007AA0EE678A0198029BFDEE1A
:10AD5000C89A0028F8EEE97A38EE678A78DD06F1BD
:10AD6000FF3CC0F1080258F82C5045FA02F101FAF4
:10AD700002F2AA1A48F82C20C0F1070519EE90CA71
:10AD800042FA05F58C44002D09EE90CA68DCB5EE58
:10AD9000408AF1EE10FA40F0B680009A06F1FF3ECC
:10ADA000724510DC06F18042013A08EB8202002174
:10ADB0009C4652F80439524541EA0301F9D16346F1
:10ADC000002940F0F280009A013A58F82220002A27
:10ADD00040F0E680059A4FF0010C52F804190CF18E
:10ADE000010C0029F9D006F1010BB444DE460499A8
:10ADF000039A8D195A441EA902F1804201EB850580
:10AE00006999013A01EB820607EB8B0BD6ED017ACB
:10AE10009FED577AF8EEE77AB9F1000F06F10406D4
:10AE20002946C5ED007A05F1040509DB1A4601E063
:10AE300071ED017AF2EC016AA242A6EEA77AF7D18F
:10AE40000EF1010EE645ABEC017ADFDD66464CE71C
:10AE500040F09C80721E58F822502D12002D96DD75
:10AE600019EE902A002E02F1010209EE902A40F319
:10AE70008E81D8F80010002974D1012E1CD04246D2
:10AE80004FF0010C52F8041F002979D00CF1010297
:10AE9000C1F58071964248F82C100CDD58F822104C
:10AEA000C34408EB820200E01168C1F1FF0142F8DF
:10AEB000041B5A45F8D1012100280CDD012800F0BF
:10AEC0004781022807D106F1FF3C58F82C2002F0F8
:10AED0003F0248F82C20022D7FF459AFB7EE000A4C
:10AEE00030EE488A00293FF452AFCDE9010300F06B
:10AEF000C7FA38EE408ADDE90103B5EE408AF1EE8B
:10AF000010FA3FF44AAFDDE90832B0EE480A981A69
:10AF100002960195009E00F0B3FA9FED167AB4EE0A
:10AF2000C70AF1EE10FADDE90123C0F25781DFED27
:10AF3000127A069960EE277A0831FDEEE77A0691DB
:10AF4000F8EEE77A5D1CA7EEC70AFDEEE77ABDEEE4
:10AF5000C00A10EE101A48F8231017EE903A48F87D
:10AF6000253039E001224FF0000C91E76C8805088C
:10AF700000000000000080430000803B0000C93F4B
:10AF80000CF1010CB4457FF47DAF95E7F6EE007A45
:10AF9000B4EEE78AF1EE10FA80F2E8800025F6E6DA
:10AFA00006F1010BDE46DC4621E7069858F82E1024
:10AFB000083833462A46009E0690754661B903F16B
:10AFC0008043023B08EB8303014653F80409013D2B
:10AFD00008390028F9D0069106980092B7EE000AC9
:10AFE00000F04EFA002D009AC0F21E814FEA850E45
:10AFF00046AB03EB0E070EF1040C1FED217A08EBB4
:10B000000C03391D73ED017AF8EEE77A434567EEDC
:10B01000807A20EE070A61ED017AF3D1002E1FED50
:10B02000296A4FF0000420DB8F48DFED907A394623
:10B03000B0EE467A002303E09C4208DBB0EC017AD4
:10B04000F1EC016A01339E42E6EE877AF4DA5AABFC
:10B0500003EB8403A54243ED287AA7F1040704F12A
:10B06000010305D0002E1C46DEDADFED807AEEE724
:10B07000689902291CDC002900F38B800FD132ABC8
:10B08000DFED7A7A9C443CED017A634577EE877A6E
:10B09000F9D10AB1F1EE677A079BC3ED007A19EE98
:10B0A000903A03F007005BB0BDEC048BBDE8F08F75
:10B0B000689B032BF3D1002D00F0CB805AAB734477
:10B0C00032A913ED287A01EB850373ED017AF0EED6
:10B0D000476A37EE277A994277EEC77A83ED007A8E
:10B0E00077EEA67AC3ED017AEFD1012D40F3B1805E
:10B0F00005F180455AAB013D9E44AD002B1D1EED70
:10B10000287A0B4433A873ED017AF0EE476A37EEE4
:10B11000277A984277EEC77A83ED007A77EEA67A9F
:10B12000C3ED017AEFD10835DFED507A4B190831C4
:10B1300033ED017A994277EE877AF9D1002A55D119
:10B140000799329A339BC1ED027A0A604B60A6E7F9
:10B1500006F1FF3C58F82C2002F07F0248F82C2022
:10B16000B9E6082308930023039366E519EE902AB5
:10B17000002E02F1010209EE902AC8BF02253FF716
:10B1800078AEF7EE007A37EEC88A0225FFE5002197
:10B1900092E632A9DFED357A01EB830333ED017AD4
:10B1A000994277EE877AF9D192BB9DED327A079B6F
:10B1B000002DC3ED007A77EE677A0BDD33A901230A
:10B1C000B1EC017A01339D4277EE877AF8DA0AB161
:10B1D000F1EE677A079BC3ED017A60E7BDEEC00A26
:10B1E0001D4610EE101A48F82310F5E6DDED326A20
:10B1F0009DED337A079BF1EE677AF1EE666AB1EE68
:10B20000477AC3ED027AC3ED006A83ED017A46E71F
:10B21000DDED326A079BB1EE677A002D76EEE77AB4
:10B2200083ED007ACADCD3E7689B022B0DDC002B90
:10B2300014DC7FF434AFDFED0D7A002A3FF42CAF3D
:10B2400028E7049B4FEA830C3CE5689B032B7FF4C3
:10B2500026AFDFED067A002AC8D171E7DFED037A69
:10B26000002AA2D0D4E700BF4488050800000000EF
:10B2700010EE103A23F00043B3F1485F04DAFDEE1C
:10B28000C07A17EE903A5BB360EE007A9FED155AE4
:10B29000DFED155A9FED156ADFED156A9FED157A02
:10B2A000E7EE855A20EE275AA5EEA76AE6EE276A52
:10B2B000A6EEA77A30B9DFED106AE7EE876AA6EE50
:10B2C000850A704727EE457AF6EE006AA0EEA67A68
:10B2D000DFED0A6AD7EE270AE5EE260A30EE600AAD
:10B2E000704700BFD3C92E2F342FD7B21BEF38368B
:10B2F000010D50B98988083CABAA2ABEABAA2A3EE8
:10B3000010EE103A23F0004300EE103A704700BFF1
:10B3100082B08DED010A019820F00040B0F1FF4F9E
:10B32000ACBF0020012002B0704700BF10EE102A11
:10B33000C2F3C7537F3B162B22F000411ADC002BCF
:10B340001EDB1A4919410A4227D0DFED197A70EE47
:10B35000277AF5EEC07AF1EE10FA1EDD002A04DA43
:10B360004FF4000040FA03F31A4422EA010300EE0E
:10B37000103A7047B1F1FF4F0FD330EE000A70471B
:10B38000DFED0B7A70EE277AF5EEC07AF1EE10FA67
:10B3900003DD002A02DB9FED070A70470029FFEE5C
:10B3A000007A18BFB0EE670A704700BFFFFF7F004A
:10B3B000CAF24971000000009FED010A704700BF0A
:10B3C0000000C07F10EE101AC1F3C753A3F17F0233
:10B3D000162A21F0004328DC33B310B4002A83B0CE
:10B3E0004FEAD17027DB244B1341194218D05C0877
:10B3F00011EA530307D04FF4001321EA040113416B
:10B400000B4300EE103A1D4B03EB8000D0ED007AA9
:10B4100037EE800A8DED010A9DED010A30EE670AD4
:10B4200003B05DF8044B70477047B3F1FF4FFBD397
:10B4300030EE000A7047C1F316035B420F4A5B0A05
:10B44000090D03F480030905194302EB8002D2EDD4
:10B45000006A07EE901A36EEA77A8DED017ADDEDDF
:10B46000017A77EEE67A17EE903A23F0004343EA4A
:10B47000C07300EE103AD3E7FFFF7F00788805081D
:10B4800082B08DED010A019B33F000422AD0B2F167
:10B49000FF4F23D213F0FF4F28D19DED017ADFED4E
:10B4A0002A7A2A4B67EE277A9842CDED017A37DB6C
:10B4B000019BC3F3C752193A0244FE2A1ADD9FEDDD
:10B4C000240A9FED247A019B002BF0EE407AB8BF4E
:10B4D000B0EE470A20EE270A02B0704730EE000AAD
:10B4E00002B070479DED010A02B07047D20D0244D0
:10B4F000FE2AE4DC002A0BDC12F1160F17DA4CF2FC
:10B5000050339842DBDC9FED140A9FED147ADAE7A2
:10B5100023F0FF4343EAC25300EE103A02B07047F3
:10B520009FED0D0ADDED017A27EE800AD8E719328A
:10B5300023F0FF4343EAC253DFED097A07EE103AE6
:10B5400027EE270ACCE700BF0000004CB03CFFFF0D
:10B55000CAF24971CAF249F16042A20D6042A28D5D
:10B5600000000033014B1868704700BFAC0B01208E
:10B570000A44914200F1FF3300D1704710B511F831
:10B58000014B03F8014F9142F9D110BD174B10B593
:10B590001C68A36BB3B9182000F094F8A06328B915
:10B5A0000246134B13484E2100F05CF8124A134B2D
:10B5B000C0E90023124B83600B2383810122002307
:10B5C000C0E90423A16B0F480A694B690E4C504334
:10B5D00004FB0300A2FB04345A1C044444F10000A1
:10B5E000C1E9042020F0004010BD00BFAC0B0120D9
:10B5F000848805089B8805080E33CDAB34126DE6B0
:10B60000ECDE05002DF451582D7F954CF0B508B9AE
:10B61000106888B10446204614F8015B0F4617F8FD
:10B62000016B1EB965B91560284605E0B542F6D133
:10B63000002BF0D114600370F0BD1C460CE015B96E
:10B6400014F8013B0E4616F8015BAB42F7D1002B14
:10B65000F3D0002304F8013C1460EDE70123FFF769
:10B66000D5BF00001FB514461A46094B1B68054696
:10B67000D8684CB1074B0091CDE9013406492B46FF
:10B6800000F00EF800F096FC044B1C46F3E700BFF8
:10B69000AC0B01201789050824890508387F0508A7
:10B6A0000EB403B5014603AB054853F8042B0068FC
:10B6B000019300F0EBF802B05DF804EB03B07047C3
:10B6C000AC0B0120024B0146186800F05BB800BFCC
:10B6D000AC0B0120024B0146186800F003B800BF14
:10B6E000AC0B012037B5002948D051F8043C01903B
:10B6F000002BA1F10404B8BFE41800F0A3FE204A17
:10B7000001981368154633B96360146003B0BDE84F
:10B71000304000F09DBEA3420BD9216862189342CD
:10B7200004BF1A685B68636004BF521822602C6013
:10B73000ECE71A465B680BB1A342FAD911685518B9
:10B74000A5420BD1246821445418A3421160DDD1D5
:10B750001C685B68536021441160D7E702D90C2351
:10B760000360D3E7256861198B4204BF19685B68E1
:10B77000636004BF491921605460C7E703B030BD5E
:10B78000C8F80120F8B5CD1C25F0030508350C2DAF
:10B7900038BF0C25002D064601DBA94203D90C2336
:10B7A00033600020F8BD00F04DFE21490A681446C0
:10B7B0009CB9204F3B6823B92146304600F02AFB54
:10B7C00038602946304600F025FB431C23D10C236A
:10B7D0003360304600F03CFEE3E723685B1B17D480
:10B7E0000B2B03D923601C44256004E06368A2424C
:10B7F0000CBF0B605360304600F02AFE04F10B00D2
:10B80000231D20F00700C21ACCD01B1AA350C9E791
:10B8100022466468CCE7C41C24F00304A042E3D0B1
:10B82000211A304600F0F6FA0130DDD1CFE700BF33
:10B83000C8F80120CCF801209368013B002B10B41C
:10B84000936008DA9469A34201DB0A2903D15DF809
:10B85000044B00F0EFBA1368581C106019700846CA
:10B860005DF8044B7047F8B506460F461446D518E8
:10B87000AC4201D1002007E014F8011B3A463046E3
:10B88000FFF7DAFF431CF3D1F8BD00002DE9F04FBC
:10B890000D469DB014469846064618B183690BB90B
:10B8A00000F0AAFC894B9D421BD175686B6ED907CD
:10B8B00005D4AB899A0502D4A86D00F03BFDAB8995
:10B8C0001B0701D52B69EBB92946304600F004FB74
:10B8D000C0B16B6EDC070ED54FF0FF301DB0BDE878
:10B8E000F08F7B4B9D4201D1B568DFE7794B9D42DC
:10B8F00008BFF568DAE7AB899805EDD4A86D00F0CC
:10B900001AFDE9E70023099320238DF82930CDF8AB
:10B910000C803023DFF8C0818DF82A304FF0010908
:10B9200023469A4613F8012B0AB1252AF9D1BAEB1E
:10B93000040B0BD05B46224629463046FFF793FFA7
:10B94000013000F0AA80099A5A4409929AF800300E
:10B95000002B00F0A28000234FF0FF32CDE9052339
:10B960000AF1010A049307938DF853301A93544651
:10B97000052214F8011B5848FDF772FF049AD8B944
:10B98000D10644BF20238DF85330130744BF2B2327
:10B990008DF853309AF800302A2B15D0079A544668
:10B9A00000204FF00A0C214611F8013B303B092BD7
:10B9B0004ED9B0B1079214E0A0EB080309FA03F3E3
:10B9C00013430493A246D2E7039B191D1B680391FE
:10B9D000002BBBBF5B4242F0020207930793B8BF44
:10B9E000049223782E2B0CD163782A2B35D1039B1C
:10B9F0001A1D1B680392002BB8BF4FF0FF330234AF
:10BA00000593DFF8E4A0217803225046FDF728FFD4
:10BA100040B14023A0EB0A0003FA00F0049B03436B
:10BA20000134049314F8011B2C488DF828100622C9
:10BA3000FDF716FF00283FD0294B1BBB039B0733A4
:10BA400023F0070308330393099B3B44099367E7FB
:10BA50000CFB02320C460120A5E7002301340593BC
:10BA600019464FF00A0C204610F8012B303A092AEB
:10BA700003D9002BC5D00591C3E70CFB0121044677
:10BA80000123F0E703AB00932A46164B04A9304686
:10BA9000AFF300800746781CD6D16B6ED90705D46A
:10BAA000AB899A0502D4A86D00F045FCAB895B0612
:10BAB0003FF512AF099811E703AB00932A46094BF3
:10BAC00004A9304600F080F8E4E700BFA889050823
:10BAD000C889050888890508538905085D8905080E
:10BAE0000000000067B80408598905082DE9F047EF
:10BAF000164699468A680B69DDF820809342B8BFE4
:10BB00001346336091F8432007460C460AB10133CF
:10BB100033602368990642BF336802333360256877
:10BB200015F0060506D104F1190AE36832689B1A7C
:10BB3000AB4226DC94F84320131E226818BF012371
:10BB400092062BD404F1430249463846C0470130DF
:10BB50001ED02368E568326803F00603042B08BF93
:10BB6000AD1AA36822690CBF25EAE575002593424A
:10BB7000C4BF9B1AED1800261A34B5421AD1002012
:10BB800008E00123524649463846C047013003D1F8
:10BB90004FF0FF30BDE8F0870135C6E7E1185A1CC9
:10BBA000302081F84300224494F8451082F8431075
:10BBB0000233C7E70123224649463846C0470130D1
:10BBC000E6D00136D9E700002DE9FF470C46914643
:10BBD000277E0C99782F80469A4604F1430207D8B5
:10BBE000622F0AD8002F00F0D880582F00F0A380D1
:10BBF00004F1420684F842703AE0A7F16303152B82
:10BC0000F6D801A050F823F061BC040875BC040804
:10BC1000F1BB0408F1BB0408F1BB0408F1BB040844
:10BC200075BC0408F1BB0408F1BB0408F1BB0408AF
:10BC3000F1BB040881BD0408A5BC040863BD040869
:10BC4000F1BB0408F1BB0408A3BD0408F1BB040860
:10BC5000A5BC0408F1BB0408F1BB04086BBD0408D3
:10BC60000B681A1D1B680A6004F1420684F8423012
:10BC70000123A3E0256808682E0600F104030AD515
:10BC800005680B60002D03DA2D236D4284F84330E4
:10BC90005E480A2319E015F0400F05680B6018BFD5
:10BCA0002DB2EFE70B682568181D0860280601D53E
:10BCB0001D6802E06906FBD51D8854486F2F0CBF34
:10BCC00008230A23002184F843106668A660002E2A
:10BCD000A2BF216821F0040121600DB9002E4DD0D2
:10BCE0001646B5FBF3F103FB1157C75D06F8017D5E
:10BCF0002F46BB420D46F4D9082B0BD12368DF0732
:10BD000008D5236961689942DEBF302306F8013CFB
:10BD100006F1FF36921B2261CDF800A04B4603AA24
:10BD200021464046FFF7E2FE01304CD14FF0FF3094
:10BD300004B0BDE8F087354884F8457023680E6884
:10BD40001F0656F8045B0E6014D5D90744BF43F0B4
:10BD5000200323601DB9236823F0200323601023F0
:10BD6000B0E7236843F0200323607823284884F851
:10BD70004530E3E75E0648BFADB2E6E71646BBE7EF
:10BD80000B68266860691D1D0D6035061B6801D5AE
:10BD9000186002E07106FBD5188000232361164667
:10BDA000BAE70B681A1D0A601E68626800213046F7
:10BDB000FDF756FD08B1801B6060636823610023B6
:10BDC00084F84330A8E72369324649464046D047C5
:10BDD0000130ABD023689B0713D4E068039B9842E3
:10BDE000B8BF1846A4E70123324649464046D0472B
:10BDF00001309BD00135E36803995B1AAB42F2DC5A
:10BE0000EBE7002504F11906F5E700BF6489050892
:10BE10007589050838B5064D0023044608462B6091
:10BE200000F084FC431C02D12B6803B1236038BDB1
:10BE3000E0F80120F8B50E461446054618B18369AE
:10BE40000BB900F0D9F9214B9C422BD16C68A36946
:10BE5000A360A3891A072FD523696BB323692068D0
:10BE6000C01A6369F6B28342374604DC214628468D
:10BE700000F02EF930BBA368013BA36023685A1C75
:10BE800022601E7063690130834204D0A389DB07FE
:10BE900006D50A2E04D12146284600F019F988B9A2
:10BEA0003846F8BD0A4B9C4201D1AC68CFE7094B3C
:10BEB0009C4208BFEC68CAE72146284600F00CF80F
:10BEC0000028CBD04FF0FF37EAE700BFA88905086C
:10BED000C889050888890508324B70B51D68064673
:10BEE0000C4625B1AB6913B9284600F085F92E4BF5
:10BEF0009C420FD16C68A389B4F90C2019072CD48B
:10BF0000DD0611D40923336042F04003A3814FF0D2
:10BF1000FF303EE0254B9C4201D1AC68EBE7244B5F
:10BF20009C4208BFEC68E6E7580712D5616B41B147
:10BF300004F14403994202D03046FFF7D3FB0023BB
:10BF40006363A38923F02403A3810023636023692F
:10BF50002360A38943F00803A38123694BB9A38914
:10BF600003F42073B3F5007F03D02146304600F080
:10BF700007FAA089B4F90C2010F001030AD00023BD
:10BF8000A36063695B42A361236943B910F0800039
:10BF9000BAD170BD810758BF6369A360F4E7002080
:10BFA000F7E700BFAC0B0120A8890508C889050880
:10BFB0008889050808B5062000F078FA012000F00D
:10BFC000CBFB00008A892DE9F041054610070C469D
:10BFD00058D44B68002B05DC0B6C002B02DC0020D6
:10BFE000BDE8F081E66A002EF9D0002312F48052F9
:10BFF0002F682B6032D0606DA3895A0705D563681E
:10C00000C01A636B0BB1236CC01A00230246E66AA8
:10C01000216A2846B047431CA38906D129681D29F7
:10C020002CD82A4ACA40D60728D500226260D904F3
:10C030002269226004D5421C01D12B6803B96065D6
:10C04000616B2F600029CAD004F14403994202D0E9
:10C050002846FFF747FB00206063C1E7216A012300
:10C060002846B047411CC7D12B68002BC4D01D2BDC
:10C0700001D0162B01D12F60B1E7A38943F0400313
:10C08000A381ADE70F69002FA9D093070E6808BF01
:10C090004B690F6018BF0023A6EB07088B60B8F14F
:10C0A000000F9CDD216AA66A43463A462846B047FF
:10C0B000002806DCA38943F04003A3814FF0FF3042
:10C0C0008EE70744A8EB0008E9E700BF0100402025
:10C0D00038B50B6905460C4613B90025284638BD0E
:10C0E00018B183690BB900F087F8144B9C421BD13F
:10C0F0006C68B4F90C30002BEFD0626ED00704D41A
:10C10000990502D4A06D00F015F928462146FFF7E5
:10C1100059FF636EDA070546E0D4A3899B05DDD499
:10C12000A06D00F008F9D9E7054B9C4201D1AC683D
:10C13000DFE7044B9C4208BFEC68DAE7A8890508F2
:10C14000C889050888890508002310B50446C0E998
:10C150000033C0E90433836081814366C281836117
:10C16000194608225C3000F065F9054B6362054B07
:10C17000A362054BE362054B2462236310BD00BF3D
:10C18000E5C4040807C504083FC5040863C50408DE
:10C19000014900F0AFB800BFD1C0040870B54A1E15
:10C1A000682555430E4605F17401FFF7EBFA044686
:10C1B00040B10021C0E900160C30A06005F1680212
:10C1C00000F038F9204670BD014800F0B3B800BF58
:10C1D000D8F80120014800F0AEB800BFD8F801201F
:10C1E000014800F0A7B800BFD7F80120014800F0CF
:10C1F000A2B800BFD7F8012010B50446FFF7F0FF42
:10C20000A3691BB1BDE81040FFF7F0BFC4E91233CA
:10C210002365134B134A1B68A262A34204BF012388
:10C22000A361204600F020F86060204600F01CF872
:10C23000A060204600F018F80022E0600421606849
:10C24000FFF782FFA06801220921FFF77DFFE06868
:10C2500002221221FFF778FF0123A361D2E700BF7A
:10C260008088050891C10408F8B50746FFF7ACFFC0
:10C270001E4B1E68B36913B93046FFF7BDFF483641
:10C28000D6E90134013B03D533680BB33668F7E7D1
:10C29000B4F90C50D5B9164BE36004F1580065664B
:10C2A00000F047F8FFF796FFC4E90155C4E90455CB
:10C2B0002560A5610822294604F15C0000F0BAF867
:10C2C000C4E90D55C4E912552046F8BD6834D9E7D4
:10C2D00004213846FFF762FF044630600028D5D1BC
:10C2E000FFF778FF0C233B60EEE700BF808805086E
:10C2F0000100FFFF2DE9F8430646884600F1480497
:10C300000027D4E90195B9F1010905D52468002C6D
:10C31000F7D13846BDE8F883AB89012B07D9B5F9C9
:10C320000E30013303D029463046C04707436835F5
:10C33000E9E770477047704770B50E46B1F90E10C7
:10C34000002996B014461D4607DA00232B60B389F6
:10C350001A0610D44FF480630EE06A4600F028F904
:10C360000028F2DB019A02F47042A2F500535A420F
:10C370005A412A60EEE740230020236016B070BDCA
:10C380008B8973B59D0706460C4607D504F1470314
:10C39000236023610123636102B070BD01AB6A4673
:10C3A000FFF7CAFF009905463046FFF7EBF948B999
:10C3B000B4F90C309A05EFD423F0030343F00203E1
:10C3C000A381E3E70D4BB362A389206043F08003B0
:10C3D000A381009B6361019B20615BB1B4F90E10E6
:10C3E000304600F0F7F828B1A38923F0030343F0A7
:10C3F0000103A381A0890543A581CDE791C104086C
:10C40000884210B501EB020402D98442234607D8C2
:10C41000431EA14208D011F8012B03F8012FF8E7C1
:10C42000024401468A4200D110BD13F8014D02F8C2
:10C43000014DF7E702440346934200D1704703F8E9
:10C44000011BF9E70148FFF775BF00BFD4F80120D1
:10C450000148FFF770BF00BFD4F801201F2938B58D
:10C4600004460D4604D9162303604FF0FF3038BD53
:10C47000426C12B152F821304BB9204600F030F82E
:10C480002A4601462046BDE8384000F017B8012B87
:10C490000AD0591C03D1162303600120E7E70024CA
:10C4A00042F82540284698470020E0E7024B014625
:10C4B0001868FFF7D3BF00BFAC0B012038B5074D9C
:10C4C00000230446084611462B6000F017F9431C70
:10C4D00002D12B6803B1236038BD00BFE0F8012012
:10C4E00000F0FCB810B50C46B1F90E1000F094F84D
:10C4F0000028ABBF636DA3891B1823F48053ACBF26
:10C500006365A38110BD2DE9F0411F468B89DB05D2
:10C5100005460C46164605D5B1F90E100223002239
:10C5200000F068F8A389B4F90E1023F48053A381B6
:10C5300032463B462846BDE8F04100F017B810B53A
:10C540000C46B1F90E1000F055F8431CA38915BF35
:10C55000606523F4805343F48053A38118BFA38103
:10C5600010BDB1F90E1000F013B8000038B5074D3A
:10C5700004460846114600222A601A4600F0E4F8F4
:10C58000431C02D12B6803B1236038BDE0F80120C1
:10C5900038B5064D0023044608462B6000F08EF89F
:10C5A000431C02D12B6803B1236038BDE0F80120A1
:10C5B00038B5074D00230446084611462B6000F0AD
:10C5C00085F8431C02D12B6803B1236038BD00BF3E
:10C5D000E0F8012038B5064D0023044608462B60DC
:10C5E00000F084F8431C02D12B6803B1236038BDEE
:10C5F000E0F8012038B5074D0446084611460022F0
:10C600002A601A4600F082F8431C02D12B6803B15D
:10C61000236038BDE0F8012038B5074D04460846D0
:10C62000114600222A601A4600F078F8431C02D115
:10C630002B6803B1236038BDE0F8012030B5013923
:10C640000024A24201D1002005E0035D01340D5D0C
:10C65000AB42F6D0581B30BDC9B2034610F8012BCF
:10C660001AB18A42F9D118467047002918BF002331
:10C67000F9E710B56AB10139841810F8013B11F8D7
:10C68000012F934203D1A04201D0002BF5D1981A7B
:10C6900010BD1046FCE710B50139034632B111F860
:10C6A000014F03F8014B013A002CF7D11A44002145
:10C6B000934200D110BD03F8011BF9E7024B582249
:10C6C0001A604FF0FF307047E0F80120024B58220B
:10C6D0001A604FF0FF307047E0F80120024B5822FB
:10C6E0001A604FF0FF307047E0F80120024B5822EB
:10C6F0001A600020704700BFE0F80120024B58226A
:10C700001A604FF0FF307047E0F80120024B5822CA
:10C710001A604FF0FF307047E0F80120024B5822BA
:10C720001A604FF0FF307047E0F80120044A0549D5
:10C730001368002B08BF0B4618441060184670475A
:10C74000D0F80120E87D0020024B58221A604FF0FB
:10C75000FF307047E0F80120FEE700BF0000000056
:10C760005FF800F0451400005FF800F0F50E0000DF
:10C770005FF800F0790800005FF800F0F127000092
:10C780005FF800F07D1300005FF800F0091300006F
:10C790005FF800F09D0E00005FF800F0AD0A0000A9
:10C7A0005FF800F0851500005FF800F059150000F3
:10C7B0005FF800F0A10A00005FF800F0790F0000B8
:10C7C0005FF800F07D0000005FF800F0211200002B
:10C7D0005FF800F0390F00005FF800F06913000007
:10C7E0005FF800F0550500005FF800F0B11400009C
:10C7F0005FF800F0910A00005FF800F0F50F00000C
:10C800005FF800F0551400005FF800F05D0F0000C5
:10C810005FF800F0B50400005FF800F0B10E000012
:10C82000152F0408E52B0408BD2E0408F92E040872
:10C83000612E0408492D0408B92D0408092E0408A6
:10C84000912E040899490408B5140408F548040811
:10C85000A1480408594804080D4804086D47040815
:10C860009114040871140408C5470408000000006E
:10C87000D94604086D140408000000000000000000
:10C880000A0000000000000000000000000000009E
:10C890000000000000000000010000000000000097
:10C8A0000001020304050505050506060606060641
:10C8B00000200140480000000000000000000000CF
:10C8C0000000000000000000000000000000000068
:10C8D0000000000000000000000000000000000058
:10C8E0000000000000000000000000000000000048
:10C8F0000000000000000000000000000000000038
:10C900000000000000000000000000000000000027
:10C910000000000000000000000000000000000017
:10C920000000000000000000000000000000000007
:10C9300000000000000000000000000000000000F7
:10C9400000000000000000000000000000000000E7
:10C9500000000000000000000000000000000000D7
:10C96000002101404900000000000000000000001C
:10C9700000000000000000000000000000000000B7
:10C9800000000000000000000000000000000000A7
:10C990000000000000000000000000000000000097
:10C9A0000000000000000000000000000000000087
:10C9B0000000000000000000000000000000000077
:10C9C0000000000000000000000000000000000067
:10C9D0000000000000000000000000000000000057
:10C9E0000000000000000000000000000000000047
:10C9F0000000000000000000000000000000000037
:10CA00000000000000000000000000000000000026
:10CA1000002201404A000000000000000000000069
:10CA20000000000000000000000000000000000006
:10CA300000000000000000000000000000000000F6
:10CA400000000000000000000000000000000000E6
:10CA500000000000000000000000000000000000D6
:10CA600000000000000000000000000000000000C6
:10CA700000000000000000000000000000000000B6
:10CA800000000000000000000000000000000000A6
:10CA90000000000000000000000000000000000096
:10CAA0000000000000000000000000000000000086
:10CAB0000000000000000000000000000000000076
:10CAC000300700000A000000310700000B000000E2
:10CAD000320700000C000000330700000D000000CA
:10CAE000340300000E000000350300000F000000BA
:10CAF00020030000080000002103000009000000DE
:10CB000010070000000000001107000001000000F5
:10CB100012070000020000001307000003000000DD
:10CB200014030000040000001503000005000000CD
:10CB300016030000060000001703000007000000B5
:10CB40000102030405060B0C0DFEFEFEFEFEFEFEBA
:10CB5000FEFEFEFEFEFEFEFEFEFEFEFEFEFEFEFEF5
:10CB6000FEFEFEFEFEFEFEFEFEFEFEFEFEFEFEFEE5
:10CB7000FEFEFEFEFEFEFEFEFEFEFEFEFEFEFEFED5
:10CB80000007FEFEFEFEFEFEFEFEFEFEFEFEFEFEBA
:10CB900008090A0000000140401B0000000000409E
:10CBA000601C000000040040611D000000080040FF
:10CBB000621E0000000C00406332000000100040C4
:10CBC0006436000000140040653700000004014096
:10CBD000412E000000400140501800000044014078
:10CBE0005119000000480140521A0000001800408E
:10CBF000662B0000001C0040672C00000020004055
:10CC0000682D0000808D5B00001BB70000366E01B0
:10CC10000100000000000000000000000000000013
:10CC200010000000000000000000000000000000F4
:10CC300000010000000000000000000000000000F3
:10CC400000100000000200000000000000040000CE
:10CC500000000000000800000000000000100000BC
:10CC6000714403086D4403086944030865440308DC
:10CC7000614403085D44030859440308554403080C
:10CC80005144030871440308B17D0308C5440308F7
:10CC9000C94403086144030835240000AD0D0000B9
:10CCA000A90D0000B1440308697504083D7D04081E
:10CCB000C5820408117D0408ED7E0408717D040816
:10CCC000D97E04080D7E0408017D04087144030820
:10CCD00025660208296602085D6602080000000059
:10CCE00000000000000000000000000011660208C3
:10CCF000B8E80120C8F80120FFFF00000000000094
:10CD0000000008000000080008000000000000000B
:10CD10000404043C3C00000000000000000000008F
:10CD200000000000000000000000000001020304F9
:10CD3000040208000010101004101010021010104F
:10CD400008000000000000030080830000000000D5
:10CD500000000000000600000000000000061016A1
:10CD600000061016000000000000FFFF000000FF9A
:10CD70001E0000FF3C0000FF5A0000FF780000FF8B
:10CD8000960000FFB40000FFD20000FFF00000FF9B
:10CD90000E0100FF2C0100FF4A0100FF010B020DF4
:10CDA0000A030A0B040D0A03080B040D0A03070B00
:10CDB000030D0A03060A010000020306000000003A
:10CDC000116E010875740108516D0108797101082F
:10CDD000316E01080000000080250000004B0000BB
:10CDE0000096000000E1000000C201000084030082
:10CDF00090D00300801A06000008070020A1070059
:10CE000000100E0040420F0060E3160080841E00F8
:10CE100070B025006701FF00FF0000000005000062
:10CE2000801E0508A41E050801040000BC1E05089C
:10CE3000E01E050802030000F41E0508181F05087F
:10CE4000030200002C1F0508501F05080401000004
:10CE5000641F0508403505080100000000000000BF
:10CE600002000000000000000300000000000000BD
:10CE70000400000065760108616401089D630108F3
:10CE8000D56501089D660108996701085569010883
:10CE9000156A0108ED750108A16A01080400010086
:10CEA0000200020020000300000000008C62050860
:10CEB000601E0508681E0508741E0508681E050822
:10CEC000741E0508DC050CFEF401F401F4014D01AB
:10CED00000000000D665CF64C862C35FBE59BB5373
:10CEE000B94EB748B645B542B43FB33CA4000000C4
:10CEF0000000000000000000000000000000000D25
:10CF0000424C48656C69F47D0000000000000000A0
:10CF10000004181824640000000018183064000091
:10CF20000000D007D007D007D007000000000000A5
:10CF3000000032006E0A0100102705080000000002
:10CF4000000000001827050800000100060000008E
:10CF50002827050800000100060000003427050806
:10CF60000000010004000000402705080000010047
:10CF7000030000004C27050801000000FF0000002E
:10CF80005827050801000000FF000000642705087D
:10CF900001000000FF0000007027050801000100EB
:10CFA000FF0000008027050801000100FF000000CD
:10CFB0009027050801000100FF0000009C270508DC
:10CFC0000100000064000000AC270508010000001B
:10CFD00064000000BC270508010000006400000098
:10CFE000C827050802000000E8030000D82705084C
:10CFF00002000000E8030000E82705080200000026
:10D00000E8030000F827050802000000E80300001C
:10D010000828050802000000E8030000142805089D
:10D0200002000000E80300002028050802000000BC
:10D03000E80300002C28050802000000E8030000B7
:10D040003828050802000000E8030000442805080D
:10D0500002000000E803000050280508020000005C
:10D06000E80300005C28050802000000E803000057
:10D070006828050802001900FA0000007428050855
:10D0800002001900FA0000008428050802000000D0
:10D09000FA0000009428050802000000FA000000D1
:10D0A000A8280508020083FF7D000000BC280508B1
:10D0B00002000100FA000000D42805080200000068
:10D0C000FA000000E828050802000000FA0000004D
:10D0D000FC28050802000000FA00000010290508DD
:10D0E00002000000FA0000002029050802000000EC
:10D0F000FA0000003429050802000000FA000000D0
:10D100004829050802000000FA0000005C29050813
:10D1100002000000E8030000742905080200000076
:10D12000E80300008C29050802000000C409000083
:10D13000A429050802000000E8030000B82905083A
:10D1400002000000E8030000CC29050802000000EE
:10D15000E8030000E029050802000000C800000004
:10D16000F429050802000000C8000000082A05088C
:10D1700002001900FF0000001C2A0508040000003E
:10D18000FA000000282A050804000000FA00000048
:10D19000342A050804000000FA000000402A0508AF
:10D1A00004000000FA0000004C2A050804000000FA
:10D1B000FA000000582A050804000000FA000000E8
:10D1C000682A050804000000FA000000782A050813
:10D1D00004000000FA0000008C2A05080800000086
:10D1E000FA0000009C2A05080800F8F8080700006B
:10D1F000FD62020871630208516302081D630208A0
:10D2000035770208E9620208F962020800000000AE
:10D21000000000000000000000000000000000000E
:10D2200000260508FF00000106090000F06B050854
:10D23000FF000001020000001026050800010000A8
:10D240000108010010260508010100000108010085
:10D25000102605080201000001080100102605083B
:10D260000301000001080100102605080400000168
:10D27000010001001C260508000100000108020051
:10D280001C26050801010000010802001C260508F3
:10D2900002010000010802001C260508030100002D
:10D2A000010802002826050800010000010803000B
:10D2B00028260508010100000108030028260508AA
:10D2C00002010000010803002826050803010000F0
:10D2D00001080300302605080001000001070400D2
:10D2E000302605080101000001070400302605086A
:10D2F00002010000010704003826050800010000B3
:10D300000107040038260508010100000107040098
:10D310003826050802010000010704004026050820
:10D32000000100000107040040260508010100007B
:10D33000010704004026050802010000010704005F
:10D3400048260508000100000107040048260508DA
:10D350000101000001070400482605080201000041
:10D360000107040050260508000100000107050020
:10D370005026050801010000010705005026050898
:10D3800002010000010705005C26050800010000FD
:10D39000030006005C2605080101000003000600EA
:10D3A0005C2605080201000003000600642605084B
:10D3B00000010000030007006426050801010000C9
:10D3C00003000700642605080201000003000700AF
:10D3D0006C26050800010000030008006C26050803
:10D3E00001010000030008006C260508020100008E
:10D3F000030008007426050800010000010609006A
:10D4000074260508010100000106090074260508BC
:10D410000201000001060900C8250508FF010000FF
:10D4200001060A007C260508FF01000001060A002B
:10D4300084260508FF00000101060B008C26050864
:10D44000FF00090301000C0094260508FF000001FD
:10D4500001000D00F06C0508FF00000103000E0044
:10D460009C260508FF00000103000F00A826050800
:10D470000001000003001000A826050801010000BB
:10D4800003001100A8260508020100000300120095
:10D49000A82605080301000003001300B0260508B4
:10D4A0000000080003001400B02605080100080071
:10D4B00003001500B026050802000800030016004E
:10D4C000B02605080300080003001700B026050871
:10D4D0000400080003001800B02605080500080035
:10D4E00003001900B02605080600080003001A0012
:10D4F000B02605080700080003001B00B826050831
:10D500000001000001001C00B82605080101000010
:10D5100001001C00B82605080201000001001C00E3
:10D52000B82605080301000001001C00B826050804
:10D530000401000001001C00B826050805010000D8
:10D5400001001C00B82605080601000001001C00AF
:10D55000B82605080701000001001C00F425050895
:10D5600000010000F425050801010000F06B05082A
:10D57000FF000A011D000000AC250508FF000001A6
:10D5800000000000B82505080001070000000000A9
:10D59000B82505080101070000000000C4250508A2
:10D5A000FF00000100000000D4250508FF00000175
:10D5B00000000000E0250508FF0000010000000059
:10D5C00054250508FF00000164250508FF0000013F
:10D5D00070250508FF00000780250508FF000007EB
:10D5E00094250508FF00000700010203040506005A
:10D5F000FC23050800000000741D0508010100005F
:10D60000B41D050802020000002405080403000000
:10D61000082405080A0D0000102405080C0F00005E
:10D62000182405080D110000202405080E13000021
:10D630002C2405080F14000038240508111A0000D6
:10D64000841D0508071B000044240508121F000064
:10D650005C24050813200000702405081421000034
:10D6600084240508152200009824050808240000D9
:10D67000A024050810250000BC240508162700007A
:10D68000CC2405081A280000D42405081B29000012
:10D69000DC2405081C2A0000E42405081D2B0000DA
:10D6A000EC240508092D0000F8240508062E0000CA
:10D6B00004250508032F00000C250508173000007D
:10D6C0002025050818320000302505081933000010
:10D6D000482505080B340000FC240508053500002A
:10D6E000B00102000900E00102000A000000000091
:10D6F00000100140000000000000000000000008D1
:10D70000000000081A072707000000001907260775
:10D71000000000004400255050000000DC6D002097
:10D720005C6D002000058000010000000044004006
:10D7300000000000000000000000000800000008D9
:10D74000130746070000000012074507000000000D
:10D7500071002640600000005C680020DC6700204B
:10D7600000058000020000000048004000000000AA
:10D770000000000000000008000000082B073B0725
:10D78000490700002A073A074807000072002740AF
:10D7900060000000DC6200205C6200200005800068
:10D7A00003000000004C00400000000000000000EA
:10D7B000000000080000000811083B0800000000FD
:10D7C00010083A08000000007300344060000000B8
:10D7D0005C5D0020DC5C002000058000040000008F
:10D7E00000500040000000000000000000000008A1
:10D7F0000000000842080000000000003C08000093
:10D80000000000007400354060000000DC5700207C
:10D810005C57002000058000050000000014014056
:10D8200000000000000000000000000A0000000AE4
:10D83000370800080000000036080008000000005B
:10D8400045004740600000005C520020DC51002091
:10D8500000058000140001020304051E1F000000E3
:10D860000000000000300140150523050000000005
:10D87000160524050000000017052505000000001E
:10D880004C0C0000010000000038004019052A057A
:10D890002D0543052E053205000000002F0531053A
:10D8A000330500006E05000002000000003C00404F
:10D8B00023063A060000000024063B060000000094
:10D8C000220725063C0646056F08000003000000FD
:10D8D0000034014052055C050000000055055D055F
:10D8E0000000000056055E05000000004D0A000023
:10D8F00000000000005400402628000027290000F6
:10D90000751F200001000000005800402A6100003F
:10D910002B6000007621220002000000005C004025
:10D92000180000003900000077484900000000009E
:10D9300000000000000000000000000000000000E7
:10D940001C200508282005080820050814200508C3
:10D950008096980080969800442B0508403505086D
:10D96000FF0000004C2B05080C4E050804200000A9
:10D97000542B0508F01D050804400000002C050884
:10D9800040210508044000005C2B0508682B0508B1
:10D99000040000006C2B0508F85105080420000065
:10D9A000742B0508802B050804200000842B050833
:10D9B000802B050804200000F42B0508802B0508A7
:10D9C00004200000902B0508982B05080440000057
:10D9D0009C2B05084035050804000000A82B05080D
:10D9E0004035050809000000B42B0508403505083E
:10D9F00009000000BC2B0508982B05080440000016
:10DA0000C82B05084021050804000000D82B050894
:10DA1000802B050804200000E82B05084035050888
:10DA2000FF000000F02B0508802B050804200000F3
:10DA3000FC2B050840210508044000000C2C0508BB
:10DA40004035050804600000182C0508403505081D
:10DA500004600000242C050840350508046000001F
:10DA6000010200000303000004040000FD88000818
:10DA700001840008BD83000899D60008338400089B
:10DA80000D840008318400082184000811840008F6
:10DA90001D890008F9830008F588000801000000CE
:10DAA0003C2B0508F42C050802010000382B050862
:10DAB000042D050803020000242B05080C2D050881
:10DAC000040300001C2B05081C2D0508050400009C
:10DAD000142B0508282D050806050000082B05084D
:10DAE000302D050816060000002B0508402D0508FE
:10DAF00007070000FC2A0508542D05080808000047
:10DB0000F82A0508642D05080909000098A70120D6
:10DB10006C2D05080A0A0000F42A0508782D05086E
:10DB20000B0B0000EC2A0508802D05080C0C0000EA
:10DB3000E42A0508902D05080D0D0000D42A0508DB
:10DB4000A82D05080E0E000098A70120B42D050889
:10DB50000F0F00003CE00408C02D05081010000065
:10DB600034E00408D02D0508111100000000000069
:10DB7000D82D05081212000000000000E42D050851
:10DB800013130000EC2A0508EC2D050814150000FD
:10DB9000CC2A0508FC2D050815160000C42A050826
:10DBA000102E05081718000000000000282E050898
:10DBB000020000C0030000A00400009005000088DF
:10DBC0000500008006000074060000700600006C6E
:10DBD0000600006807000062070000600700005EA2
:10DBE0000700005C0700005A0700005807000056B5
:10DBF00006000064070000540700005208000051AE
:10DC0000080000500800004F0800004E0800004DBA
:10DC10000800004C0800004B0800004A08000049BA
:10DC200008000048080000470800004608000045BA
:10DC300008000044080000430800004208000041BA
:10DC4000080000400900803C0900003C0900803BBE
:10DC50000900003B0900803A0900003A09008039B8
:10DC600009000039090080380900003809008037B0
:10DC70000800003F0900003709008036090000361F
:10DC8000090080350900003509008034090000349E
:10DC90000900803309000033090080320900003296
:10DCA000090080310900003109008030090000308E
:10DCB0000800003E0900802F0900002F0900802E77
:10DCC0000900002E0900802D0900002D0900802C7C
:10DCD0000900002C0900802B0A00C0270A008027B9
:10DCE0000900002B0A0040270A0000270900802AAB
:10DCF000050000780900002A0A00C0260A008026D4
:10DD00000A0040260A0000260A00C0250A008025D5
:10DD10000A0040250A0000250A00C0240A008024C9
:10DD20000A0040240A0000240A00C0230A008023BD
:10DD30000A0040230A0000230A00C0220A008022B1
:10DD40000A0040220A0000220A00C0210A008021A5
:10DD50000A0040210A0000210A00C0200A00802099
:10DD60000A0040200A0000200A00C01F0A00801F8D
:10DD70000A00401F0A00001F0A00C01E0A00801E81
:10DD80000A00401E0A00001E0A00C01D0A00801D75
:10DD90000A00401D0A00001D0A00C01C0A00801C69
:10DDA0000A00401C0A00001C0A00C01B0A00801B5D
:10DDB000090080290A00401B0A00001B0A00C01A43
:10DDC0000A00801A0A00401A0A00001A0A00C01944
:10DDD0000A0080190A0040190A0000190A00C01838
:10DDE0000A0080180A0040180A0000180A00C0172C
:10DDF0000A0080170A0040170A0000170A00C01620
:10DE00000A0080160A0040160A0000160A00C01513
:10DE10000A0080150A0040150A0000150A00C01407
:10DE20000A0080140A0040140A0000140A00C013FB
:10DE30000A0080130A0040130A0000130A00C012EF
:10DE40000A0080120A0040120A0000120A00C011E3
:10DE50000A0080110A0040110A0000110A00C010D7
:10DE60000A0080100A0040100A0000100A00C00FCB
:10DE70000A00800F0A00400F0A00000F0A00C00EBF
:10DE80000A00800E0A00400E0A00000E0A00C00DB3
:10DE90000A00800D0A00400D0A00000D0A00C00CA7
:10DEA0000A00800C0A00400C0A00000C0A00C00B9B
:10DEB0000A00800B0A00400B0A00000B0A00C00A8F
:10DEC0000A00800A0A00400A0A00000A0A00C00983
:10DED0000A0080090A0040090A0000090A00C00877
:10DEE0000A0080080A0040080A0000080A00C0076B
:10DEF0000A0080070A0040070A0000070A00C0065F
:10DF00000A0080060B0020030A0040060A000006F3
:10DF10000A00C0050A0080050A0040050A00000545
:10DF20000A00C0040B0000030A0080040A00400439
:10DF3000090000290A0000040A00C0030B00E002E7
:10DF40000A0080030B00C0020B00A0020B0080023D
:10DF50000B0060020B0040020B0020020B000002CD
:10DF60000B00E0010B00C0010B00A0010A00400300
:10DF70000800003D090080280B0080010B006001B3
:10DF80000B0040010B0020010B0000010B00E00022
:10DF90000B00C0000C0010000B00A0000B00800064
:10DFA0000B0060000B0040000B002000090000285F
:10DFB0000C000000000000000000000000006400F1
:10DFC00064000000640064006400000064006400F9
:10DFD0006400000000006400640000000000020013
:10DFE0000019000001022828280A0A0F3C3C3C00C6
:10DFF00000000F0F1432326401006464054B0019F5
:10E00000002837284B4B00004B1432000000281E1C
:10E0100005140A0590012C01C800F4011400140035
:10E020000A00F401FA00D007E803322832000A009F
:10E030001400286400F50A05FF00000000640AFFD0
:10E040000000004010000000000100008860024055
:10E0500000000006B8600240000000060800000052
:10E06000000000401104000000010000A060024018
:10E0700000000006B8600240000000060800000032
:10E08000000000401208000000010000286002406B
:10E0900000000006B8600240000000060800000012
:10E0A00000000040130C000000010000B8600240B6
:10E0B00000000006B86002400000000608000000F2
:10E0C00000000040150000000001000088600240D0
:10E0D00000000006B86002400000000608000000D2
:10E0E000000001401700000002010000A06402408F
:10E0F00000000000886402400000000C0E000000D8
:10E10000000001401800000000010000A06402406F
:10E1100000000000886402400000000C0E000000B7
:10E12000000001401904000000010000A06402404A
:10E1300000000000886402400000000C0E00000097
:10E14000000001401A08000000010000A064024025
:10E1500000000000886402400000000C0E00000077
:10E16000000001401B00000002010000A06402400A
:10E1700000000000886402400000000C0E00000057
:10E18000000000401F000000000100008860024005
:10E1900000000006B8600240000000060800000011
:10E1A000000C00401000000000020000406002402F
:10E1B0000000000C106002400000000C0100000094
:10E1C000000C0040110400000002000070600240DA
:10E1D0000000000C106002400000000C0100000074
:10E1E000000C004012080000000200001060024015
:10E1F0000000000C106002400000000C0100000054
:10E20000000C0040130C00000002000028600240D7
:10E210000000000C106002400000000C0100000033
:10E220000004004016000000000200007060024080
:10E230000000000A406002400000000A03000000E5
:10E240000004004017040000000200008860024043
:10E250000000000A406002400000000A03000000C5
:10E260000040014012000000000300000000000018
:10E27000000000000000000000000000000000009E
:10E2800000400140130400000003000000000000F3
:10E29000000000000000000000000000000000007E
:10E2A0000004014015000000020300004064024029
:10E2B00000000000286402400000000E0A00000078
:10E2C0000004014017000000020300004064024007
:10E2D00000000000286402400000000E0A00000058
:10E2E000001C0040160000000009000000000000B3
:10E2F000000000000000000000000000000000001E
:10E30000002000401700000000090000000000008D
:10E3100000000000000000000000000000000000FD
:10E32000000001402004000002010000A06402403F
:10E3300000000000886402400000000C0E00000095
:10E34000000001402108000002010000A06402401A
:10E3500000000000886402400000000C0E00000075
:10E36000000000402304000000010000A060024003
:10E3700000000006B860024000000006080000002F
:10E38000000000402A080000000100002860024050
:10E3900000000006B860024000000006080000000F
:10E3A000000000402B0C000000010000B86002409B
:10E3B00000000006B86002400000000608000000EF
:10E3C000000001402D00000002010000A064024096
:10E3D00000000000886402400000000C0E000000F5
:10E3E000000001402E04000002010000A064024071
:10E3F00000000000886402400000000C0E000000D5
:10E40000000001402F08000002010000A06402404B
:10E4100000000000886402400000000C0E000000B4
:10E42000000400402008000000020000B860024024
:10E430000000000A406002400000000A03000000E3
:10E4400000040040210C0000000200004060024077
:10E450000000000A406002400000000A03000000C3
:10E460000004004024000000000200007060024030
:10E470000000000A406002400000000A03000000A3
:10E4800000040040250400000002000088600240F3
:10E490000000000A406002400000000A0300000083
:10E4A000000800402600000000020000106002404A
:10E4B00000000004A060024000000004070000000B
:10E4C00000080040270400000002000058600240DD
:10E4D00000000004A06002400000000407000000EB
:10E4E000000800402808000000020000B860024058
:10E4F00000000004A06002400000000407000000CB
:10E5000000080040290C000000020000000000008C
:10E5100000000000A06002400000000407000000AE
:10E520000004014020040000020300004064024097
:10E5300000000000286402400000000E0A000000F5
:10E540000004014021080000020300004064024072
:10E5500000000000286402400000000E0A000000D5
:10E5600000440140280000000003000000000000FB
:10E57000000000000000000000000000000000009B
:10E5800000480140290000000003000000000000D6
:10E59000000000000000000000000000000000007B
:10E5A000000401402E040000020300004064024009
:10E5B00000000000286402400000000E0A00000075
:10E5C000000401402F0800000203000040640240E4
:10E5D00000000000286402400000000E0A00000055
:10E5E000001800402E00000000090000000000009C
:10E5F000000000000000000000000000000000001B
:10E60000001800402F040000000900000000000076
:10E6100000000000000000000000000000000000FA
:10E62000000400403600000000020000706002405C
:10E630000000000A406002400000000A03000000E1
:10E64000000400403704000000020000886002401F
:10E650000000000A406002400000000A03000000C1
:10E66000000400403808000000020000B8600240CA
:10E670000000000A406002400000000A03000000A1
:10E6800000040040390C000000020000406002401D
:10E690000000000A406002400000000A0300000081
:10E6A0000004014036000000000300004064024006
:10E6B00000000000286402400000000E0A00000074
:10E6C00000040140370400000003000040640240E1
:10E6D00000000000286402400000000E0A00000054
:10E6E00000040140380800000003000040640240BC
:10E6F00000000000286402400000000E0A00000034
:10E7000000040140390C000000030000B86402401E
:10E710000000000E286402400000000E0A00000005
:10E72000000800404C0000000002000010600240A1
:10E7300000000004A0600240000000040700000088
:10E74000000800404D040000000200005860024034
:10E7500000000004A0600240000000040700000068
:10E76000000800404E08000000020000B8600240AF
:10E7700000000004A0600240000000040700000048
:10E78000000800404F0C00000002000000000000E4
:10E7900000000000A060024000000004070000002C
:10E7A000000001405800000002010000A064024087
:10E7B00000000000886402400000000C0E00000011
:10E7C000000001405900000000010000A064024068
:10E7D00000000000886402400000000C0E000000F1
:10E7E000000001405A04000002010000A064024041
:10E7F00000000000886402400000000C0E000000D1
:10E80000000001405B04000000010000A064024021
:10E8100000000000886402400000000C0E000000B0
:10E82000000001405C08000002010000A0640240FA
:10E8300000000000886402400000000C0E00000090
:10E84000000001405D08000000010000A0640240DB
:10E8500000000000886402400000000C0E00000070
:10E86000000001405E0C00000001000070640240E6
:10E870000000000C886402400000000C0E00000044
:10E8800000400140550000000003000000000000AF
:10E890000000000000000000000000000000000078
:10E8A000004001405604000000030000000000008A
:10E8B0000000000000000000000000000000000058
:10E8C000004401406600000000030000000000005A
:10E8D0000000000000000000000000000000000038
:10E8E0000048014067000000000300000000000035
:10E8F0000000000000000000000000000000000018
:10E900000000000000000000000000000000000007
:10E9100000000000000000000000000000000000F7
:10E9200000000000000000000000000000000000E7
:10E9300000000000000000000000000000000000D7
:10E9400000000000000000000000000000000000C7
:10E9500000000000000000000000000000000000B7
:10E9600000000000000000000000000000000000A7
:10E970000000000000000000000000000000000097
:10E980000000000000000000000000000000000087
:10E990000000000000000000000000000000000077
:10E9A0000000000000000000000000000000000067
:10E9B0000000000000000000000000000000000057
:10E9C0000000000000000000000000000000000047
:10E9D0000000000000000000000000000000000037
:10E9E0000000000000000000000000000000000027
:10E9F0000000000000000000000000000000000017
:10EA00000000000001000000020000000300000000
:10EA100004000000050000001E0000001F000000B0
:10EA2000808182838485000038310508D43405084C
:10EA300040310508443105084C31050844510508AA
:10EA40006826050854310508603105086C31050851
:10EA500074310508803105088C31050898310508A6
:10EA6000A0310508A8310508B8310508302C050883
:10EA7000C4310508F4300508E8300508CC31050834
:10EA8000D4310508DC310508E4310508EC3105080E
:10EA9000F83105080032050808320508103205086B
:10EAA00018320508243205083432050840320508BA
:10EAB0004832050850320508583205086432050806
:10EAC0006C3205087832050884320508943205084E
:10EAD0009832050808240508A4320508A83205085C
:10EAE000B0320508BC320508C8320508D432050822
:10EAF000DC320508E8320508F0320508FC3205086A
:10EB00000C3305081833050828330508A830050814
:10EB10003033050838330508403305084C33050801
:10EB2000503305085C330508683305087033050861
:10EB30007C33050890330508A8330508C033050861
:10EB4000CC330508D8330508E4330508F03305084D
:10EB5000FC3305080834050814340508203405087A
:10EB60002C340508383405084434050850340508A9
:10EB700058340508643405087434050878340508E9
:10EB800090340508B85105082B00F701000000007B
:10EB900003000600010D0400040034000100080019
:10EBA0000200FB01000000000100FC010100080060
:10EBB0002F001B00000100000B00FD0101000C00F4
:10EBC0000C00FD01010C0C001500060206000400FB
:10EBD00016000602060104000500F9010100030009
:10EBE0002D001800000B000035001800000C00007C
:10EBF00012000802050004001300080205010400C9
:10EC000014000802050204000700FE0100010000D4
:10EC10000A00FE01000300000800FE0100050000DC
:10EC20000900FE010007000021002600000200008C
:10EC30002700260000060000500026000007000004
:10EC4000340028000006000028002800000700000B
:10EC50001E00FF01000200001F00FF010001000074
:10EC60003B001102010004003C00130200010000FF
:10EC70002000FA010000000026001C020E0602001F
:10EC800022001C020E0302002A00130200030000EF
:10EC90005100270201000400520028020100040074
:10ECA0005700E80301000400DC4805086835050842
:10ECB000883505085DF70308D848050818360508A3
:10ECC0002836050881FC0308543605085C3605081B
:10ECD0008036050819CA0308BF4805088C360508A0
:10ECE000B836050885DA0308B8480508CC360508A3
:10ECF000B836050875DA0308F4360508FC36050849
:10ED0000000000001DD00308243705082837050837
:10ED1000403705089DCA03084837050854370508D9
:10ED20007C3705087DD103088C3705089C3705081A
:10ED3000C4370508F5D00308D2480508D4370508BC
:10ED400000000000D9F2030856830508E8370508DB
:10ED5000083805089D0A04083038050834380508C5
:10ED60000000000029B80308503805085838050885
:10ED7000803805087DA0030800460508B43805085A
:10ED8000D038050821A603081C39050834390508C0
:10ED900000000000A55203085C3905086839050821
:10EDA00080390508E9D70308943905089C39050816
:10EDB0008038050881A00308B0390508000000006C
:10EDC00000000000EDB7030891470508B8390508B1
:10EDD000B836050891DA0308CC390508D839050892
:10EDE00000000000B9DB0308EC390508F839050814
:10EDF00000000000E1D20308103A050800000000FE
:10EE00001C3A050805D20308303A05083C3A0508C3
:10EE100000000000DDCA03085C3A0508000000009D
:10EE2000683A050871D203087C3A0508803A05085B
:10EE3000943A0508B70E04089C3A0508AC3A050850
:10EE400000000000A9B40308C83A0508D83A05082C
:10EE5000000000002DCF03080C3B0508FC3A050814
:10EE6000143B05089D510308927D0508243B0508C5
:10EE70000000000015F40308343B0508443B050876
:10EE8000703B05086DD0030899470508843B0508C9
:10EE9000A03B050869CF0308A83B0508B03B05085F
:10EEA000000000004DD0030828260508CC3B0508CB
:10EEB000DC3B050849E60308CD4805081C3D05086C
:10EEC00000000000BDF10308A8260508403D050824
:10EED000543D050871CD0308943D0508983D05088B
:10EEE000B03D05088FAC0308CC3D050800000000CC
:10EEF000D83D050855CC0308AB470508E43D050897
:10EF0000D83D0508F9CB0308F43D0508003E050887
:10EF1000D83D05089BCB0308143E0508243E050890
:10EF2000000000002D520308543E0508603E05080D
:10EF3000743E050889A903089D470508AC3E0508ED
:10EF400000000000D5D30308E4480508CC3E0508BE
:10EF5000000000002DF503082A480508E83E0508D2
:10EF6000000000008D090408F83E0508003F050870
:10EF70000000000021DC0308944805080C3F050848
:10EF80000000000021FA0308243F0508383F050867
:10EF9000743F050815DD03089B480508C43F0508B4
:10EFA000D83F050895EC03080C5A05089840050859
:10EFB000A840050809100408BC400508C840050819
:10EFC000EC40050849FE0308F84005080041050823
:10EFD000000000000D5803080C4105081441050805
:10EFE0000000000081560308774805082441050801
:10EFF00034410508D5A20308CB4705089041050810
:10F000000000000079500308BC300508CC3005082A
:10F01000DC300508482C0508502C0508A82C0508EC
:10F02000B8300508A83005089C2C0508B430050840
:10F0300000000000A8F8040854F8040830F8040898
:10F0400010F8040800F80408C02F0508C42F0508AC
:10F05000CC2F0508D82F0508E42F0508EC2F05084C
:10F06000841D0508F42F0508FC2F05080430050849
:10F07000103005081830050820300508741D0508F3
:10F080002C30050838300508382C050818240508E8
:10F0900044300508483005084C3005085030050854
:10F0A000EC2405089C2C0508543005086030050840
:10F0B0006C30050878300508843005089030050864
:10F0C0009C3005080000000000010602030407054B
:10F0D00008090A0B0C0D0E0FFFFFFFFFFFFFFFFFDC
:10F0E000FFFFFFFF001020304050000000000140F3
:10F0F0000000000000260000A064024000000000A4
:10F1000006210000286402400000000C06230000D5
:10F11000586402400000000C0000014004000000A0
:10F1200000260000A064024000000000062200004B
:10F13000406402400000000C0000000000000000DD
:10F140000000000000000140080000000026000050
:10F15000A06402400000000006260000A0640240F7
:10F160000000000C00000000000000000000000093
:10F17000000001400C000000062400007064024002
:10F180000000000C00000000000000000000000073
:10F19000000000000000000000000000000000402F
:10F1A0000000000003150000886002400000000617
:10F1B000000000000000000000000000000000004F
:10F1C00000000000000000000000004004000000FB
:10F1D00003160000A06002400000000600000000CE
:10F1E000000000000000000000000000000000001F
:10F1F00000000000000000400800000003110000B3
:10F20000286002400000000600000000000000002E
:10F2100000000000000000000000000000000000EE
:10F22000000000400C00000003170000B86002401E
:10F230000000000603160000A06002400000000667
:10F24000000000000000000000000000000400407A
:10F250000000000005140000706002400000000A79
:10F26000000000000000000000000000000000009E
:10F270000000000000000000000400400400000046
:10F2800005150000886002400000000A0000000030
:10F29000000000000000000000000000000000006E
:10F2A00000000000000400400800000005170000F6
:10F2B000B86002400000000A0000000000000000EA
:10F2C000000000000000000000000000000000003E
:10F2D000000400400C0000000512000040600240E5
:10F2E0000000000A00000000000000000000000014
:10F2F00000000000000000000000000000080040C6
:10F300000000000002100000106002400000000435
:10F3100000000000000000000000000000000000ED
:10F320000000000000000000000800400400000091
:10F3300002130000586002400000000400000000BA
:10F3400000000000000000000000000000000000BD
:10F350000000000000080040080000000217000044
:10F36000B86002400000000400000000000000003F
:10F37000000000000000000000000000000000008D
:10F38000000C004000000000061200004060024037
:10F390000000000C00000000000000000000000061
:10F3A000000000000000000000000000000C004011
:10F3B0000400000006140000706002400000000C11
:10F3C000000000000000000000000000000000003D
:10F3D0000000000000000000000C004008000000D9
:10F3E00006100000106002400000000C0000000049
:10F3F000000000000000000000000000000000000D
:10F4000000000000000C00400C000000061100008D
:10F41000286002400000000C061300005860024003
:10F420000000000C000000000000000000000000D0
:10F43000000401400000000000220000406402407F
:10F440000000000007220000406402400000000E9F
:10F450000000000000000000000000000004014067
:10F460000400000000220000406402400000000090
:10F4700007230000586402400000000E0000000056
:10F48000000000000000000000040140080000002F
:10F490000022000040640240000000000724000039
:10F4A000706402400000000E000000000000000038
:10F4B00000000000000401400C00000007270000CD
:10F4C000B86402400000000E0000000000000000D0
:10F4D000000000000000000000000000000000002C
:10F4E00000000000032300005864024000000006F2
:10F4F00003250000886402400000000601000000AF
:10F5000003200000106402400000000603220000F7
:10F5100040640240000000060001000000140000EA
:10F5200070600240000000000000000000000000C9
:10F5300000000000010100000013000058600240BC
:10F5400000000000000000000000000000000000BB
:10F55000000200000015000088600240000000006A
:10F5600000170000B8600240000000000102000027
:10F5700000100000106002400000000000120000B7
:10F580004060024000000000000300000421000071
:10F590002864024000000008052400007064024056
:10F5A0000000000A01030000042000001064024073
:10F5B0000000000805230000586402400000000A13
:10F5C0000200000000200000106402400000000063
:10F5D00000240000706402400000000002010000EE
:10F5E00001220000406402400000000201230000EC
:10F5F00058640240000000020202000002200000E5
:10F60000106402400000000402210000286402404F
:10F6100000000004030000000423000058640240BE
:10F620000000000804260000A0640240000000085A
:10F630000400000004270000B86402400000000835
:10F6400000000000000000000000000005000000B5
:10F650000425000088640240000000080422000025
:10F66000406402400000000804010000041600008D
:10F67000A060024000000008000000000000000040
:10F680000000000005010000041500008860024031
:10F690000000000800000000000000000000000062
:10F6A000040200000413000058600240000000083B
:10F6B0000000000000000000000000000502000043
:10F6C0000411000028600240000000080000000053
:10F6D000000000000000000004030000041400000B
:10F6E0007060024000000008000000000000000000
:10F6F000000000000503000004120000406002400A
:10F7000000000008000000000000000000000000F1
:10F710000404000004170000B86002400000000864
:10F7200000000000000000000000000005040000D0
:10F7300004100000106002400000000800000000FB
:10F740000000000000000000040500000526000085
:10F75000A06402400000000A05270000B8640240CF
:10F760000000000A05050000052100002864024091
:10F770000000000A05220000406402400000000A68
:10F78000A8340508387F0508387F0508B034050817
:10F79000387F0508387F0508BC3405089C2C05080F
:10F7A000387F0508A83005082C240508387F05088F
:10F7B000387F0508C8340508D8340508E034050842
:10F7C000BC320508EC340508A4320508387F05086A
:10F7D000387F0508387F0508387F0508387F050819
:10F7E000387F050830330508F8340508BC2C0508B7
:10F7F00004350508387F05081035050800000000AD
:10F8000062470508642E05086C2E0508742E05084D
:10F8100018500508624705087C2E0508842E050847
:10F82000A82E05088C2E0508942E05089C2E050888
:10F830001850050862470508B02E0508B82E0508BF
:10F84000C02E0508C82E0508CC2E0508D42E0508A4
:10F85000DC2E05081850050862470508E42E050847
:10F86000EC2E0508F42E0508FC2E0508042F0508CB
:10F87000102F0508182F0508202F0508282F050828
:10F88000342F0508402F05084C2F0508582F050870
:10F89000642F0508702F05087C2F0508842F0508A4
:10F8A0008C2F0508942F0508185005086247050895
:10F8B000EC2E05089C2F0508A82F0508B02F050879
:10F8C000102F0508182F0508202F0508282F0508D8
:10F8D000342F0508402F05084C2F0508582F050820
:10F8E000642F0508702F05087C2F0508842F050854
:10F8F000B82F0508942F050800001F003C005B008E
:10F9000079009800B600D500F400120131014F01D2
:10F910006E018D01A901C801E60105022302420220
:10F9200061027F029E02BC02DB02FA02160335036B
:10F93000530372039003AF03CE03EC030B042904BB
:10F94000480467048304A204C004DF04FD041C050A
:10F950003B0559057805960500FFFF01FFFF02FFF3
:10F96000FF03FFFF04FFFF05FFFF00000000000092
:10F97000FFFF01000000FFFF02000000FFFF00008A
:10F98000000000002003010000002003020000002E
:10F9900020030000D007000010270000007D0000B9
:10F9A00000000000A00F000010270000007D0000F4
:10F9B000007D0000000000FF6464C8FF64FF636412
:10F9C000C8C864FFC8640000205705082C57050804
:10F9D0003857050844570508505705085C5705086F
:10F9E00000010203010200003800050802000000C7
:10F9F0002C00050803000000040005080A000000B0
:10FA0000F8FF040803000000E0FF040806000000FF
:10FA1000D4FF040803000000C8FF0408030000002E
:10FA2000BCFF040803000000ACFF04080400000051
:10FA30009CFF0408040000008CFF04080400000080
:10FA400080FF04080300000044FF04080F000000CA
:10FA500038FF04080300000054F8040815000000F3
:10FA600030F804080900000010F80408080000003D
:10FA70000CFE04084B000000E4FD04080A0000002E
:10FA8000BCFD04080A000000B0FD040803000000EB
:10FA9000A4FD04080300000090FD04080500000018
:10FAA00084FD0408030000006CFD0408060000004B
:10FAB00064FD04080200000058FD04080300000073
:10FAC0004CFD04080300000040FD04080300000092
:10FAD000A8F804081400000034FD04080300000026
:10FAE00024FD040804000000ECFC04080E000000E3
:10FAF000E0FC040803000000D4FC0408030000003C
:10FB0000C4FC040804000000B8FC04080300000062
:10FB1000A4FC0408050000009CFC0408020000008E
:10FB200090FC0408030000007CFC040805000000B1
:10FB300070FC0408030000005CFC040805000000E1
:10FB400050FC04080300000034FC04080700000017
:10FB500024FC0408040000001CFC0408020000004F
:10FB60008F470508F0560508F4560508F8560508AD
:10FB7000FC560508005705080457050808570508EE
:10FB80000C5705081057050814570508185705089D
:10FB90001C5705088F47050860560508DC34050822
:10FBA000A434050864560508685605086C5605080F
:10FBB000705605087456050878560508A0320508E1
:10FBC0007C560508504E05088056050884560508E1
:10FBD000885605088C560508945605089C56050855
:10FBE000A4560508A8560508B0560508B8560508D5
:10FBF000C0560508C8560508D0560508D856050849
:10FC0000E0560508E85605088F4705080C5A050810
:10FC1000585605085C560508AEBE0000482C05087D
:10FC2000C04D050810270508C84D0508CC4D05082E
:10FC3000D44D050810270508DC4D0508E84D0508DA
:10FC4000F04D0508F84D0508004E0508084E05085A
:10FC500092800508104E0508184E05089280050888
:10FC6000244E05082C4E0508384E0508444E05085C
:10FC700092800508504E0508544E050892800508EC
:10FC8000DC4D0508584E0508644E05086C4E050805
:10FC9000744E0508804E05088C4E05089C4E0508DC
:10FCA000A04E05081027050818500508A44E0508A1
:10FCB00050300508AC4E050818500508B84E050828
:10FCC000C04E050892800508C84E0508D04E0508AC
:10FCD000D84E050892800508898005081850050847
:10FCE000E04E0508E84E0508F44E0508004F0508EB
:10FCF000084F0508104F0508144F05081C4F05084C
:10FD0000244F0508304F0508384F0508444F0508B3
:10FD10004C4F0508584F0508604F05086C4F050803
:10FD2000744F0508804F0508884F0508702D050899
:10FD3000904F050892800508EC520508103105081F
:10FD400018500508A04F0508A44F0508AC4F05083A
:10FD5000B44F0508BC4F0508C44F0508C84F050837
:10FD6000CC4F050892800508D44F050810270508D8
:10FD7000DC4F0508E84F0508244E0508F44F050838
:10FD8000FC4F05089280050804500508282E050838
:10FD90001027050808500508EC5205080C50050806
:10FDA0001450050820500508285005083050050853
:10FDB0003850050844500508A81D050810270508F7
:10FDC0004C50050858500508685005086C50050847
:10FDD00070500508745005087C50050884500508CB
:10FDE0008C500508D434050894500508A050050827
:10FDF000AC500508B8500508C4500508D050050897
:10FE0000DC500508E8500508F450050810270508DF
:10FE1000005105080C510508145105082451050826
:10FE2000345105083C51050848510508545105084E
:10FE3000BC2C0508605105086C5105087451050873
:10FE40008451050898510508A4510508A8510508D2
:10FE5000B4510508C0510508D0510508E051050806
:10FE6000EC510508FC5105080C5205081C52050808
:10FE70003052050838520508A830050840520508D8
:10FE80005452050860520508F83405081031050879
:10FE90007052050894320508805205088C520508F6
:10FEA000905205089C520508AC520508B852050846
:10FEB000C8520508D0520508D8520508E052050876
:10FEC000F0520508103505080453050810530508BD
:10FED0001C530508285305083C53050850530508D2
:10FEE0006C53050888530508A82C0508A453050879
:10FEF00004350508BC530508D0530508DC53050834
:10FF0000EC530508F8530508045405080C5405087B
:10FF100018540508205405083854050848540508A5
:10FF20005C54050874540508845405089454050865
:10FF3000FC240508A05405087C1D0508B0540508DC
:10FF4000BC540508C8540508D454050830520508A7
:10FF5000E0540508E8540508F0540508F85405086D
:10FF6000045505080C5505081855050820550508C1
:10FF70002855050838520508305505081854050855
:10FF800010270508682605083855050810270508B4
:10FF90006826050838550508503005089280050880
:10FFA0007C1D0508D02D05083C55050810270508BF
:10FFB00044550508DC310508C034050850550508CE
:10FFC00058550508645505087055050884550508F9
:10FFD000985505081C530508B0550508BC5505087B
:10FFE00018500508C4550508CC550508D455050812
:10FFF000DC55050810270508E4550508EC550508EB
:020000040805ED
:1000000050300508E04E0508F4550508F855050878
:100010000056050808560508105605081856050824
:100020002456050830560508285505083C5605088D
:10003000485605085056050892800508898005082D
:10004000C8210508381B0000000A000300D4210560
:1000500008200D0000000A0001006857050820175D
:100060000000000A00140080570508023200B80B97
:100070000A00180094570508000000C8000A000094
:1000800000AC5705080318FCE8030A001200E82139
:100090000508026400E8030A000400FC21050820AA
:1000A000130000000A0015000C220508020000E8F9
:1000B000030A000600BC570508020000E8030A0016
:1000C0001A00D4570508020000E8030A001C003497
:1000D00022050820130000000A001600442205082B
:1000E000020000E8030A000800EC570508020000BF
:1000F000E8030A000A00FC570508020000E8030AAA
:10010000000C0010580508020000E8030A000E0069
:1001100020580508020000E8030A00100014230517
:1001200008200E000000230002000823050802003A
:10013000009001230000003458050803D4FE2C0170
:1001400023000E004458050803D4FE2C0123000CA4
:1001500000545805084304000000230004006458BC
:100160000508380200000028000000705805081B30
:10017000F0F1100E28001000805805081BF0F11057
:100180000E28001200905805081BF0F1100E2800F0
:100190001400A0580508381600000028000200AC22
:1001A000580508180000040028000300BC58050882
:1001B000180000770028000400CC5805081800003B
:1001C0000400280005003423050820100000002842
:1001D000000100DC58050843030000002800080067
:1001E000EC580508381600000026000000FC5805F1
:1001F000081800000500260001000C590508180029
:10020000000500260003001C5905081800007700AF
:100210002600040024230508200F00000026000506
:10022000003059050802B004A4061800120038591D
:10023000050802EE02CA0818001400445905080215
:10024000EE02CA08180016005059050801000012F5
:100250000018000F00605905082100000000180078
:100260001E0078590508000100FF001800100084E6
:10027000590508019CFF640018001F0090590508EB
:100280002100000000180011009C59050800000022
:10029000FF0018002000B85905080000000D0018E4
:1002A000001D005C230508200C0000001800080059
:1002B000CC590508200000000018000900E059058D
:1002C000080000000A0018000D00F459050820007D
:1002D00000000018000E00105A05080000000F0072
:1002E00018002100205A05082000000000180022F4
:1002F00000305A0508200000000018002300405A72
:100300000508200000000018002400505A050820AD
:100310002D00000018002D00685A0508200000007C
:100320000018002C00845A050802EE02CA081800C2
:100330001800905A050802EE02CA0818001A009C1C
:100340005A0508200000000018000A00B05A0508ED
:1003500004FFFF030018002800CC5A050800000025
:10036000FA0018001C00DC5A05081900000300FE02
:10037000010800E85A0508020000D007FE010A0043
:10038000005B0508020000D007FE010C00205B05A1
:1003900008020000D007FE010E00405B05082100A6
:1003A000000000FC010800585B050820090000005F
:1003B00005000100685B050820080000000500003A
:1003C00000785B0508020100401F050002008C5BFD
:1003D0000508640000000005000400A45B05086433
:1003E0000100000005000400BC5B05086402000079
:1003F0000005000400D05B0508640400000005004F
:100400000400E85B0508640300000005000400FC2C
:100410005B0508640500000005000400145C050885
:10042000640600000005000400285C05086407005D
:100430000000050004003C5C05086408000000059D
:10044000000400505C050864090000000500040079
:10045000645C0508640C00000005000400785C057D
:1004600008640A00000005000400905C0508640BA5
:1004700000000005000400A45C0508640D000000F5
:1004800005000400B85C0508640E000000050004C7
:1004900000CC5C0508640F00000005000400E05C6F
:1004A000050802EE02CA0806001200F05C05080208
:1004B000EE02CA0806001400005D050802EE02CA3A
:1004C00008060016000C5D05083822000000060032
:1004D00009007C220508200000000006000A001820
:1004E0005D0508382200000006000B00285D0508A5
:1004F000382400000006000C0070230508200000CE
:1005000000000600080084230508201200000006F1
:1005100000020098230508023200401F0600000078
:100520003C5D0508400400000006000400505D0525
:10053000084004000000060018005C5D0508400447
:1005400000000006001C006C5D050843040000006C
:1005500006002000805D0508420200000006002819
:1005600000985D0508420200000006002C00B05D06
:100570000508000200C80001000400C05D05080075
:100580000000C80001000500D45D050802EE02CAA3
:100590000801000000E85D050820150000000100CA
:1005A0000600005E05080200002C01010002001C8C
:1005B0005E0508201400000001000700305E0508F9
:1005C000020000C80001000800485E0508000000A5
:1005D000320001000A00645E0508034CFF68010256
:1005E000000000785E0508034CFF6801020004006B
:1005F0008C5E0508034CFF6801020008009C5E0544
:1006000008020000204E0B000C00AC5E05080264DE
:1006100000F4010B000000C45E0508026400F40150
:100620000B001200DC5E0508026400F4010B0002FE
:1006300000F45E0508026400F4010B000400105F82
:100640000508000000FA000B001100205F050838C3
:100650000A0000000B000A00305F0508380B00009C
:10066000000B000900405F0508020000D0070B00E6
:1006700006005C5F050820000000000B000E006C07
:100680005F050820000000000B000F007C5F0508DC
:1006900000000064000B001000905F0508000000DF
:1006A00064000B000800A45F050800000018000BA0
:1006B000001400C05F0508000100FF000B001500DA
:1006C000D85F0508000000FF000B001600E85F057A
:1006D0000800000096000B001700046005080000E9
:1006E0000096000B00180020600508020A00E803CD
:1006F0000B001A0030600508020A00E8030B001C1A
:1007000000CC200508180000FF0002010000406036
:100710000508180100FF00020101005060050818DB
:100720000100FF0002010200606005081B80C1801B
:100730003E000100006C6005081B0083007D000185
:1007400002007C6005083800000000F701010090FD
:100750006005083800000000F70102009C600508F1
:100760001B0000803EF7010400B060050800010096
:100770000500F6010400CC6005082026000000EA10
:10078000030000DC6005082027000000EA030100E8
:10079000EC600508000000FA00EA030200FC6005B6
:1007A00008202C000000EA0303000861050800008F
:1007B000006400EA0304001461050803F8F8080760
:1007C000EA030600206105084103000000EA030A6D
:1007D000002C610508020000B80BEA030800446120
:1007E00005082000000000EA030D006061050820F4
:1007F00028000000E90300006C61050802000058B1
:1008000002E9030200806105080200005802E903C2
:100810000400946105080200006400E9030600A8D2
:100820006105080200006400E9030800BC610508D6
:100830000200006400E9030E00D861050802000010
:100840006400E9031000F86105080200006400E993
:10085000031200186205080200006400E9030A00A0
:10086000346205080200006400E9030C00506205D0
:1008700008000000FA00E9031400606205080000A7
:1008800000FA00E903150070620508000000FA0094
:10089000E90316008062050890010800000C0000C2
:1008A000005C21050830180000000C00090094626B
:1008B000050830000000000C001800A862050810B0
:1008C0000100FF000C000A00B8620508100100FFDB
:1008D000000C000B00C8620508100100FF000C00AE
:1008E0000C00D4620508100100FF000C000D00E8A8
:1008F00062050810000064000C000E00F462050898
:1009000010000064000C000F0000630508100000D8
:1009100064000C0010000C63050810000064000C5B
:100920000011001C630508100000FF000C001200FD
:1009300028630508100000FF000C00130034630555
:1009400008100000FF000C001400406305081000B0
:1009500000FF000C0015005463050812C800D00702
:100960000C001A006463050812C800D0070C001CB4
:10097000007863050812C800D0070C001E008863C9
:10098000050812C800D0070C0020009C630508125F
:10099000000050C30C002200B06305081200005094
:1009A000C30C002400C463050812000050C30C00EF
:1009B0002600D463050812000050C30C002800EC88
:1009C00063050810000064000C001600FC630508B5
:1009D00010000064000C00170010640508100100EE
:1009E000FA000C002A002464050810000064000CC2
:1009F000002B00306405080030007E000D006E0002
:100A000044640508026400D0070D006C005C6405B6
:100A100008020000007D160000006864050802005E
:100A200000007D16000200746405080000003C0010
:100A30001000010044230508200000000010000001
:100A4000008864050820030000001E000000986470
:100A5000050820040000001E000100A8640508200D
:100A6000000000001E000800BC6405082000000013
:100A7000001E000200CC64050820000000001E00DB
:100A80000300DC64050820000000001E000400F4E0
:100A900064050820050000001E0005000465050827
:100AA00020000000001E0006001C65050820000054
:100AB00000001E00070030650508020000C800376E
:100AC00000000044650508020000640037002E00A5
:100AD0005C650508021400640037000200746505B7
:100AE00008021E00F401370004008C6505080203AB
:100AF000000A0037002400A46505080205000F0065
:100B000037002600BC650508021E00B80B3700063A
:100B100000D4650508020000F40137000800EC6508
:100B20000508020000F40137000A00046605080207
:100B30000000F40137000C001C660508020000F4F8
:100B4000013700160034660508020000F401370082
:100B500018004C660508020000F40137001A006412
:100B6000660508020000F40137000E0078660508EB
:100B700002E803D007370010009066050802E8037A
:100B8000D00737001200A8660508026400C40937C0
:100B9000002A00C0660508026400F40137002C003A
:100BA000D866050802E803D00737001400F466058C
:100BB0000820060000003700200010670508000527
:100BC00000320037001C0024670508023200E803E9
:100BD00037001E003867050820000000003700219C
:100BE000005C6705082007000000370028007067D8
:100BF0000508200000000037002200BC2105080085
:100C00000000200019000000B82105080000006461
:100C10000019000100846705084004000000190065
:100C20000200302105080001001000F80100004416
:100C30002105080000001000F80101008462050889
:100C400088010800000E000000A0670508080000E9
:100C500009000E002A00AC670508282E0000000ECF
:100C6000002B00BC670508282E0000000E002C0099
:100C7000D067050828130000000E004400E867054F
:100C8000080A0000E8030E001200F86705080A00D1
:100C900000E8030E001400086805080A0000E803D5
:100CA0000E001600186805080A0000E8030E001878
:100CB00000286805080A0000E8030E000A003468EE
:100CC00005080A0000E8030E000C00406805080A49
:100CD0000000E8030E000E004C6805080A0000E85A
:100CE000030E001000586805080A0000E8030E0013
:100CF0001A00646805080A0000E8030E001C007072
:100D00006805080A0000E8030E001E007C6805085C
:100D10000A0000E8030E002000886805080A0000A9
:100D2000E8030E002200946805080A0000E8030E9C
:100D3000002400A06805080A0000E8030E00260051
:100D4000AC6805080A0000E8030E002800B8680532
:100D500008080000FA000E003F00C86805080800F7
:100D600000FA000E004200DC680508080000FA00E6
:100D70000E003C00F0680508080000FA000E003E76
:100D80000000690508080000FA000E00410014691F
:100D90000508080000FA000E003B00286905080855
:100DA000000002000E00450038690508080000FA3E
:100DB000000E00400048690508080000FA000E0017
:100DC000430058690508080000FA000E003D006C59
:100DD000690508081900FA000E0046008069050838
:100DE000081900FA000E0047009469050808000081
:100DF000FA000E004800A8690508080000FA000E75
:100E0000004900C06905080983FF7D000E004A0003
:100E1000DC690508080100FA000E004B00FC6905BA
:100E200008080000FA000E004C00186A05082800A7
:100E30000000000E003000286A0508080000FA00D3
:100E40000E002D003C6A0508080000FA000E002E76
:100E500000506A0508080000FA000E002F00606AC2
:100E6000050848030000000E0038006C6A050828D9
:100E7000290000000E003100806A050848030000C8
:100E8000000E003200946A050848030000000E00BE
:100E90003500A86A0508080000C8000E004D00C013
:100EA0006A0508080A005A000E004E00D46A0508B8
:100EB000080000C8000E004F00EC6A05080800009A
:100EC000C8000E005000006B0508080000FA000E74
:100ED000005100146B050828000000000E005200AD
:100EE000306B0508080A0050000E0055004C6B05D9
:100EF000080A0A00C8000E005600686B05080819A9
:100F000000FF000E0054007C6B0508282B00000039
:100F10000E005800886B050828000000000E0059DC
:100F200000946B0508080500FA000E005A00A86B33
:100F30000508080500FA000E005B00BC6B050808F8
:100F40000000FA000E005C00D06B0508080000FAF3
:100F5000000E005D00E46B0508080000FA000E00BA
:100F60005E00F86B0508080000FA000E005F000C38
:100F70006C05080A0000E8030E006000286C0508F4
:100F80000A0000E8030E006200406C05080A000039
:100F9000E8030E006400586C05080A000010270ED4
:100FA000006600706C05080A000010270E0068003B
:100FB000846C05080A000010270E006A00986C0572
:100FC000080A000010270E006C00AC6C05080A012E
:100FD00000E8030E007000C06C05080A010010272D
:100FE0000E007200D46C05080A0100E8030E006EC2
:100FF00000EC6C05080A000050C30E007400FC6C85
:101000000508080000FA000E007600086D050808C3
:101010000000FA000E007700146D0508080000FAC1
:10102000000E007800206D0508080000FA000E0090
:1010300079002C6D0508080000FA000E007A0038CF
:101040006D0508080000FA000E007B00486D0508D9
:10105000080000FA000E007C00586D05080800002A
:10106000FA000E007D006C6D0508080000FA000E05
:10107000007E00846D0508080000FA000E007F0065
:10108000A06D050820000000001F000400B06D05E1
:101090000820000000001F000500C06D050803D8EF
:1010A000DC28231F000000D46D050803B0B95046AA
:1010B0001F000200E86D050800000001001F000687
:1010C00000FC6D050820010000001F000700086EED
:1010D000050800000001001F000800206E05080040
:1010E000000078001F000900306E05082000000095
:1010F000001F000A003C6E050820000000001F00D1
:101100000B00506E0508400F0000001F000C005C33
:101110006E050802000030751F001C007C6E05087B
:1011200064000000001F002000986E0508640100A4
:1011300000001F002000B46E050864020000001FBC
:10114000002000CC6E050864030000001F00200092
:10115000E46E050864040000001F002000FC6E051A
:101160000864050000001F002000146F05086406D5
:101170000000001F0020002C6F050864070000001D
:101180001F002000446F050864080000001F0020B5
:10119000005C6F050864090000001F002000786FE4
:1011A0000508640A0000001F002000946F05086411
:1011B0000B0000001F002000AC6F0508640C00004D
:1011C000001F002000C86F0508640D0000001F000C
:1011D0002000E86F0508640E0000001F00200004D6
:1011E000700508640F0000001F002000247005082F
:1011F00064100000001F0020004470050864110006
:1012000000001F0020006070050864120000001F2D
:101210000020008470050864130000001F002000F7
:10122000A470050864140000001F002000C07005B1
:101230000864150000001F002000DC700508200075
:101240000000001B000000F47005082020000000D2
:101250001B000A0014710508201A0000001B000280
:101260000028710508201F0000001B0003003C71CE
:10127000050820200000001B000400507105082014
:10128000200000001B0005006871050802320010F4
:10129000271B0006008471050800000064001B0085
:1012A00008009C71050820000000001B000900B820
:1012B00071050800050064001B000B00CC710508D7
:1012C000020A00F4011B000C00E871050800000090
:1012D00064001B000E000072050800000064001B83
:1012E000000F001872050804FFFFFFFF1B0010002D
:1012F000347205083800000000FF0103004C72053D
:1013000008381E000000FF0104005872050818008C
:10131000000400FF010000687205083800000000AA
:101320001402000078720508380000000014020161
:1013300000887205083800000000140202009C7248
:101340000508210000000012000400C02305082049
:101350001100000012000200CC230508000000FF6D
:101360000012000300AC72050820190000001200F2
:101370000500BC7205080000001E0012000600D027
:10138000720508200000000012000F00E47205083A
:10139000200000000012001000FC720508201C0054
:1013A0000000020200001073050801FAFF000000AF
:1013B0000200002C73050801FDFF0000000201007F
:1013C0004873050801FFFF2800000205006073054F
:1013D00008400400000000020600787305082000A1
:1013E00000000000020A009C730508202A0000008B
:1013F00005020000B073050820000000000502018E
:1014000000C8730508020A00F40105020200E07337
:101410000508020000803E05020400FC7305080276
:101420000000E803050206001C740508000000FA2D
:10143000000502080038740508000000FA000502E3
:101440000900547405081800000700F9010300643E
:1014500074050858040000001102040074740508A3
:1014600058040000001202000080740508200000EB
:101470000000130200008C740508380000000013FF
:10148000020200A07405081800000400FA0101001F
:10149000B074050838160000001C020100C0740575
:1014A0000818000004001C020200D074050818008F
:1014B0000004001C020400E0740508180000770016
:1014C0001C020500F474050838020000001C020725
:1014D00000087505081BF0F1100E1C0208001C75B1
:1014E00005081BF0F1100E1C020A00307505081BE0
:1014F000F0F1100E1C020C004475050838160000AF
:10150000001C020F005475050818000004001C029E
:1015100010006475050818000004001C0212007415
:1015200075050818000077001C021300887505086F
:1015300038020000001C0215009C7505081BF0F124
:10154000100E1C021600B07505081BF0F1100E1CE1
:10155000021800C47505081BF0F1100E1C021A00D9
:10156000D8750508380000000006020200E4750581
:10157000081A6400140506020400F875050838000E
:1015800000000006020800047605081A640014052D
:1015900006020A0018760508380000000006020E50
:1015A00000247605081A6400140506021000387637
:1015B000050838000000001D0203004476050802FB
:1015C0000000F4012C02000058760508020000F427
:1015D000012C0202006C76050803F4FC0C030E02D9
:1015E000000088220508401000000020020000A82A
:1015F000220508421000000020021000C822050841
:10160000421000000020023000E8220508401000CF
:101610000000200250008476050801FFFF7F0023B0
:10162000020C009C76050804FFFFFFFF2302000068
:10163000B076050804FFFFFFFF23020400C476050F
:101640000804FFFFFFFF230208008C6205088001E9
:101650001000002F000000D87605082021000000AF
:1016600038000000EC760508000100FA003800019F
:101670000004770508000100FA0038000200207716
:101680000508000100FA003800030038770508005B
:101690000100FA003800040050770508000000320D
:1016A000003800050068770508000100FA003800DE
:1016B00006007C7705088001100000290200008CDC
:1016C0007705088001100000290210009C770508AA
:1016D000800110000029022000AC7705088001106D
:1016E0000000290230000000880100208401002051
:1016F0000200000001000000B9140408800100206D
:10170000000000000100000001000000F9140408BE
:101710007C0100200000000001000000010000002A
:1017200000000000000000000000000000000000B9
:1017300001000000000000000000000000000000A8
:101740000800000001000000000000000000000090
:101750000000000000000000010000000000000088
:101760000803040402050106C82E002E802E1A006C
:10177000C82E002EC82E002EC82E002EC82E002ED9
:10178000C82E002EC82E002E9032212E59F5103072
:10179000212E6AF51A242200802E3B00C82E4447D1
:1017A00022003700A400FF0FD10007AD802E00C13A
:1017B000802E00C1802E00C1802E00C1802E00C16D
:1017C000802E00C1802E00C1802E00C1802E00C15D
:1017D000802E00C1802E00C10000000000001124F6
:1017E000FCF580304042505000301224EB000330B2
:1017F000002EC1865A0EFB2F212EFCF5132463F513
:10180000E03C48002230F780C242E17F3A25FC8666
:10181000F07F4133982EC2C4D66FF130F108C46F07
:101820001124FF03122400FC6109A20836BE2AB964
:101830001324380064BBD1BE940A7108D54221BD7F
:1018400091BCD242C14200B2FE82052F5030212EFF
:1018500021F2002E002ED02EF06F02300242202600
:10186000E06F023103409A0A0242F037052E5EF71C
:10187000100812241EF280428384F17F0A2513305F
:1018800083423B82F06F002E002ED02E1240524237
:10189000002E124052423E84004040427E82E17F50
:1018A000F27F982E6AD62130232E61F5EB2CE16F62
:1018B0001620C20056002100400000011720C2007F
:1018C00056002100800000011920C20050003200A3
:1018D0000002000115202000190014002000000162
:1018E00017BA20006C0036008000000118BA2000F2
:1018F0006C003600000100011540EF006800320066
:10190000200000011630EF00850032004000000189
:101910001640EF0085003200400000011740EF0044
:1019200085003200800000011770EF008500320052
:10193000800000011840EF00680032000001000143
:1019400018405E0068003200000100011870EF00CE
:1019500042003200000100011940EF008500320012
:1019600000020001176001008500320080000001C4
:101970001860010085003200000100011640E000FF
:10198000850032000004100000000000000000008C
:1019900000000000193004085D300408992A04088A
:1019A000712A0408F11404088D290408D5140408C8
:1019B000552A040800000000312F040869140408A7
:1019C000694E0308CD4303088D43030831430308E0
:1019D000A94E030871430308A14E0308000000004C
:1019E00000000000000000000000000000000000F7
:1019F00000000000000000000000000000000000E7
:101A000000000000000000000000000000000000D6
:101A100000000000090000000A0000000B000000A8
:101A2000000000000D0000000E0000000F0000008C
:101A300000000000000000000200000003000000A1
:101A40000000000005000000060000000700000084
:101A5000000000000000000008000000010000007D
:101A600000000000040000000C0000000000000066
:101A70000004014000000000000300004064024038
:101A80000000000E286402400000000E0A00000062
:101A900000040140000400000003000058640240FC
:101AA0000000000E286402400000000E0A00000042
:101AB00000040140000800000003000070640240C0
:101AC0000000000E286402400000000E0A00000022
:101AD00000040140000C000000030000B864024054
:101AE0000000000E286402400000000E0A00000002
:101AF00000000140000000000001000028640240D6
:101B00000000000C886402400000000C0E00000081
:101B10000000014000000000000100005864024085
:101B20000000000C886402400000000C0E00000061
:101B30000000014000040000000100004064024079
:101B40000000000C886402400000000C0E00000041
:101B5000000001400008000000010000A0640240F5
:101B60000000000C886402400000000C0E00000021
:101B700000000140000C0000000100007064024001
:101B80000000000C886402400000000C0E00000001
:101B9000FFFFFFFFFFFFFFFFFFFFFFFFFFFFFFFF55
:101BA000FFFFFFFFFFFFFFFFFFFFFFFFFFFFFFFF45
:101BB000FFFFFFFF090000000A0000000B0000000B
:101BC000FFFFFFFF0D0000000E0000000F000000EF
:101BD000FFFFFFFFFFFFFFFF020000000300000008
:101BE000FFFFFFFF050000000600000007000000E7
:101BF000FFFFFFFF000000000800000001000000E0
:101C0000FFFFFFFF040000000C000000FFFFFFFFCC
:101C1000008002021F000000524F544F52464C54A5
:101C2000426C61636B626F7820466C617368202040
:101C3000202020200000000000000000070000001D
:101C40000100000000000000000000000000000093
:101C50000000000001000000000000002D3A040810
:101C6000CF390408C73A04088534040871400408D1
:101C70008F3A04080000000000000000000000008F
:101C8000010203040607080956435020496E746593
:101C9000726661636500000056435020436F6E66B4
:101CA00069670000526F746F72666C6967687400D0
:101CB000526F746F72666C696768742053544D3349
:101CC000324637783200000025752C25753A257389
:101CD0003A25733A25753A25753A25753A257500E2
:101CE0004D4D5800544F425649574B440000000098
:101CF0004346414C534752004E455357554400000C
:101D0000060708090A1728000D0A456E74657269EE
:101D10006E6720434C49204D6F64652C20747970A8
:101D2000652027657869742720746F207265747543
:101D3000726E2C206F72202768656C7027000D0A68
:101D400023200000102840587088A0B80000000030
:101D50000B7E808182137C7D140A00000C0D0E0F17
:101D60001011000003040506070000000B808182AB
:101D700000000000414E474C450000004E4F524DC0
:101D8000414C00004641494C53414645000000008B
:101D90004750532D57414954000000002D4E4F2D00
:101DA00041524D2D000000004750532D52455343E2
:101DB00055450000484F52495A4F4E0052504D3A37
:101DC0002025640054656D703A20256443000000AE
:101DD00041444A2025643A256400000025732563A8
:101DE000000000004750474741000000474E47476A
:101DF000410000004750524D43000000474E524DF5
:101E000043000000475047535600000024505352EF
:101E1000463130302C312C3131353230302C382CA9
:101E2000312C302A30350D0A000000002450535266
:101E3000463130332C30302C362C30302C302A3296
:101E4000330D0A0048204669656C6420256320250F
:101E5000733A00005B25645D00000000256400000B
:101E60007369676E65640000707265646963746F9E
:101E700072000000656E636F64696E6700000000A9
:101E800024505542582C34312C312C303030332CE6
:101E9000303030312C3131353230302C302A314530
:101EA0000D0A000024504D544B3235312C31313560
:101EB0003230302A31460D0A0000000024505542CD
:101EC000582C34312C312C303030332C30303031F0
:101ED0002C35373630302C302A32440D0A000000C1
:101EE00024504D544B3235312C35373630302A3270
:101EF000430D0A0024505542582C34312C312C30DB
:101F00003030332C303030312C33383430302C30CA
:101F10002A32360D0A00000024504D544B32353120
:101F20002C33383430302A32370D0A0024505542D1
:101F3000582C34312C312C303030332C303030317F
:101F40002C31393230302C302A32330D0A00000067
:101F500024504D544B3235312C31393230302A3205
:101F6000320D0A0024505542582C34312C312C307B
:101F70003030332C303030312C393630302C302A60
:101F800031360D0A000000002C3A3A3A3A3A3A004B
:101F90006D34774643496E746600000041455243F4
:101FA000543132333435363738000000456E642002
:101FB0006F66206C6F6700004C4F470042424C0038
:101FC000257300004669726D7761726520747970BF
:101FD00065000000342E332E302D3230323330374E
:101FE00032340000257320257320282573292025ED
:101FF000730000004669726D7761726520726576C4
:102000006973696F6E00000053544D333246375880
:1020100032000000393637653931640032323A30E7
:10202000373A3036000000004A756C2032332032D7
:102030003032330025732025730000004669726D2D
:10204000776172652064617465000000426F61729F
:102050006420696E666F726D6174696F6E00000056
:102060004C6F672073746172742064617465746965
:102070006D6500004372616674206E616D650000DD
:102080004920696E74657276616C00005020696E3B
:1020900074657276616C00005020726174696F0023
:1020A000666561747572657300000000307825788C
:1020B000000000006779726F5F7363616C650000F8
:1020C000257500006163635F3147000076626174CB
:1020D0005F7363616C65000025752C25752C257573
:1020E000000000007662617463656C6C766F6C74DE
:1020F00061676500766261747265660025642C25EF
:102100006400000063757272656E7453656E736F60
:10211000720000006C6F6F7074696D6500000000E4
:102120006779726F5F73796E635F64656E6F6D0060
:102130007069645F70726F636573735F64656E6FFF
:102140006D00000066696C7465725F70726F636524
:1021500073735F64656E6F6D00000000726174657B
:10216000735F74797065000025642C25642C2564E8
:102170000000000072635F7261746573000000000C
:1021800072635F6578706F00726174657300000040
:10219000726174655F6C696D69747300726F6C6CE9
:1021A000504944007069746368504944000000005D
:1021B00079617750494400007961775F64656164B3
:1021C00062616E64000000006779726F5F746F5F18
:1021D000757365006779726F5F68617264776172A9
:1021E000655F6C70660000006779726F5F6465639D
:1021F000696D6174696F6E5F687A00006779726FEC
:102200005F6C7066315F7479706500006779726F1A
:102210005F6C7066315F7374617469635F687A00C4
:102220006779726F5F6C7066315F64796E5F687A30
:10223000000000006779726F5F6C7066325F7479BE
:10224000706500006779726F5F6C7066325F7374DF
:10225000617469635F687A006779726F5F6E6F742B
:1022600063685F687A0000006779726F5F6E6F74F1
:1022700063685F6375746F66660000006473686FFF
:10228000745F6269646972006779726F5F72706D02
:102290005F66696C7465725F62616E6B5F72706DB0
:1022A0005F736F75726365006779726F5F72706DCF
:1022B0005F66696C7465725F62616E6B5F72706D90
:1022C0005F726174696F00006779726F5F72706D21
:1022D0005F66696C7465725F62616E6B5F72706D70
:1022E0005F6C696D697400006779726F5F72706D01
:1022F0005F66696C7465725F62616E6B5F6E6F744E
:1023000063685F71000000006163635F6C70665F0B
:10231000687A00006163635F686172647761726507
:10232000000000006261726F5F68617264776172C1
:10233000650000006D61675F686172647761726556
:10234000000000006779726F5F63616C5F6F6E5FA2
:1023500066697273745F61726D0000007365726903
:10236000616C72785F70726F7669646572000000EC
:102370007573655F756E73796E6365645F70776D95
:10238000000000006D6F746F725F70776D5F707228
:102390006F746F636F6C00006D6F746F725F707736
:1023A0006D5F7261746500006D696E7468726F7440
:1023B000746C65006D61787468726F74746C65001C
:1023C00064656275675F6D6F646500006465627562
:1023D000675F6178697300006669656C64735F6D3F
:1023E00061736B006C6F6773000000004C4F4730E7
:1023F000303030302E42424C0000000041524D003F
:10240000414C54484F4C4400424545504552000011
:102410004C45444C4F57000043414C49420000009A
:102420004F53442044495341424C450054454C4588
:102430004D45545259000000424C41434B424F58C5
:1024400000000000424C41434B424F58204552414E
:10245000534520283E3330732900000043414D4549
:10246000524120434F4E54524F4C20310000000047
:1024700043414D45524120434F4E54524F4C203220
:102480000000000043414D45524120434F4E5452FD
:102490004F4C20330000000050524541524D000087
:1024A000475053204245455020534154454C4C49D8
:1024B000544520434F554E540000000056545820B8
:1024C000504954204D4F444500000000555345529B
:1024D000310000005553455232000000555345521B
:1024E0003300000055534552340000005041524122
:1024F0004C595A4500000000475053205245534361
:1025000055450000545241494E45520056545820FA
:10251000434F4E54524F4C2044495341424C450086
:102520004D5350204F56455252494445000000003B
:10253000535449434B20434F4D4D414E4453204447
:10254000495341424C450000424545504552204DBB
:1025500055544500666C696768744D6F6465466CD8
:10256000616773007374617465466C616773000022
:102570006661696C7361666550686173650000002F
:1025800072785369676E616C5265636569766564DC
:10259000000000007278466C696768744368616E79
:1025A0006E656C7356616C69640000004750535F40
:1025B0006E756D53617400004750535F636F6F72A7
:1025C000640000004750535F616C74697475646502
:1025D000000000004750535F7370656564000000A1
:1025E0004750535F67726F756E645F636F75727388
:1025F000650000004750535F686F6D650000000084
:102600006C6F6F70497465726174696F6E00000061
:102610007263436F6D6D616E64000000736574706A
:102620006F696E74000000006D69786572000000CB
:102630006178697350000000617869734900000097
:102640006178697344000000617869734600000096
:102650006174746974756465000000006779726F55
:10266000524157006779726F41444300616363418F
:10267000444300006D616741444300007661726924
:102680006F0000007273736900000000566261748D
:102690000000000049626174000000007461696C10
:1026A00073706565640000006D6F746F72000000E8
:1026B000736572766F0000006465627567000000E4
:1026C000482050726F647563743A426C61636B6248
:1026D0006F7820666C696768742064617461207229
:1026E00065636F72646572206279204E6963686FFA
:1026F0006C617320536865726C6F636B0A48204489
:102700006174612076657273696F6E3A320A0000F7
:102710004E4F4E4500000000524154455F50524F0D
:1027200046494C45000000005049445F50524F4616
:10273000494C45004C45445F50524F46494C45007A
:102740004F53445F50524F46494C45005049544303
:10275000485F524154450000524F4C4C5F52415427
:10276000450000005941575F5241544500000000A8
:1027700050495443485F52435F5241544500000062
:10278000524F4C4C5F52435F524154450000000091
:102790005941575F52435F52415445005049544399
:1027A000485F52435F4558504F000000524F4C4C19
:1027B0005F52435F4558504F000000005941575F3A
:1027C00052435F4558504F0050495443485F505F53
:1027D0004741494E0000000050495443485F495F5B
:1027E0004741494E0000000050495443485F445F50
:1027F0004741494E0000000050495443485F465F3E
:102800004741494E00000000524F4C4C5F505F471B
:1028100041494E00524F4C4C5F495F4741494E0081
:10282000524F4C4C5F445F4741494E00524F4C4C15
:102830005F465F4741494E005941575F505F4741EE
:10284000494E00005941575F495F4741494E0000DA
:102850005941575F445F4741494E00005941575F16
:10286000465F4741494E00005941575F43575F4714
:1028700041494E005941575F4343575F4741494ED5
:10288000000000005941575F4359434C49435F469C
:10289000460000005941575F434F4C4C4543544953
:1028A00056455F46460000005941575F434F4C4C28
:1028B0004543544956455F44594E00005941575FBE
:1028C000434F4C4C4543544956455F444543415959
:1028D0000000000050495443485F434F4C4C45436F
:1028E000544956455F46460050495443485F47594E
:1028F000524F5F4355544F4646000000524F4C4CD8
:102900005F4759524F5F4355544F46460000000001
:102910005941575F4759524F5F4355544F46460000
:1029200050495443485F445445524D5F4355544FBA
:1029300046460000524F4C4C5F445445524D5F4355
:1029400055544F46460000005941575F4454455284
:102950004D5F4355544F46460000000052455343D7
:1029600055455F434C494D425F434F4C4C454354A2
:10297000495645005245534355455F484F564552C9
:102980005F434F4C4C4543544956450052455343D1
:1029900055455F484F5645525F414C544954554444
:1029A000450000005245534355455F414C545F502C
:1029B0005F4741494E0000005245534355455F4132
:1029C0004C545F495F4741494E0000005245534314
:1029D00055455F414C545F445F4741494E000000FC
:1029E000414E474C455F4C4556454C5F4741494E2B
:1029F00000000000484F52495A4F4E5F4C45564523
:102A00004C5F4741494E00004143524F5F54524191
:102A1000494E45525F4741494E000000474F565FBF
:102A20004741494E00000000474F565F505F474105
:102A3000494E0000474F565F495F4741494E0000ED
:102A4000474F565F445F4741494E0000474F565F2E
:102A5000465F4741494E0000474F565F5454415F1F
:102A60004741494E00000000474F565F4359434CD1
:102A700049435F4646000000474F565F434F4C4C6A
:102A80004543544956455F46460000005441494C71
:102A90005F4D4F544F525F49444C4500535741538B
:102AA000485F5048415345005337583200000000FA
:102AB00025732025733A2025730000005254464C9C
:102AC000000000000A0805FF00000000050F0A0FC3
:102AD00014FF00000405040508050F05080504059A
:102AE0000405FF00140F2305FF0000000505050580
:102AF000FF0000000A0AFF001932FF003202FF0047
:102B00001E051E051E05FF0005050F0505050F1E08
:102B1000FF0000001E050505FF0000000F050F0562
:102B2000FF0000000A0A0A0A0A28280A280A282898
:102B30000A0A0A0A0A46FF003232FF00140A140A7F
:102B4000140AFF004246204431000000566F6C74A6
:102B50006167650043757272656E740043617061F0
:102B600063697479000000006D416800506F7765FB
:102B700072000000526F6C6C20616E676C65000023
:102B8000B0000000506974636820616E676C650076
:102B9000566172696F0000006D2F7300475053201B
:102BA0005361747300000000475053204C6F6E67F0
:102BB00000000000475053204C61740047505320E0
:102BC000537065656400000047505320482D4469E8
:102BD0007374616E6365000047505320482D44694B
:102BE00072656374696F6E004246204432000000D3
:102BF0004750532048656164696E67004750532011
:102C0000416C74697475646500000000472D466F5F
:102C10007263652058000000472D466F726365207F
:102C200059000000472D466F726365205A0000006E
:102C300053595354454D00004C4F4144000000008F
:102C400055504441544500004759524F0000000080
:102C50004143430041545449545544450000000049
:102C600044495350415443480000000042415454E9
:102C70004552595F564F4C544147450042415454C8
:102C80004552595F43555252454E540042415454A7
:102C90004552595F414C4552545300004750530030
:102CA000434F4D50415353004241524F00000000EA
:102CB0004C45445354524950000000004553435F73
:102CC00053454E534F520000414443494E544552E0
:102CD0004E414C0050494E494F424F5800000000B1
:102CE00053504545445F4E45474F54494154494F21
:102CF0004E0000004759524F5F43414C49425241F8
:102D00005445440052585F4C4F53540052585F4C46
:102D10004F53545F4C414E44494E47004449534140
:102D2000524D494E4700000041524D494E47000068
:102D300041524D494E475F4750535F464958000046
:102D400041524D494E475F4750535F4E4F5F464992
:102D5000580000004241545F435249545F4C4F5762
:102D6000000000004241545F4C4F57004750535FF2
:102D7000535441545553000052585F53455400007A
:102D80004143435F43414C4942524154494F4E00F5
:102D90004143435F43414C4942524154494F4E5F86
:102DA0004641494C0000000052454144595F4245AC
:102DB000455000004D554C54495F42454550530025
:102DC00044495341524D5F52455045415400000023
:102DD00041524D454400000053595354454D5F49FD
:102DE0004E4954004F4E5F5553420000424C414300
:102DF0004B424F585F4552415345000043414D5FA0
:102E0000434F4E4E454354494F4E5F4F50454E0041
:102E100043414D5F434F4E4E454354494F4E5F43F0
:102E20004C4F534500000000414C4C000A323C3DE1
:102E30003E3F4041424344454647000052455345CA
:102E4000525645442E444154000000000D0A1B5BBD
:102E50004B0000001B5B324A1B5B313B31480000DA
:102E600008200800484353523034000054464D496E
:102E70004E4900005446303200000000484D4335B2
:102E800038383300414B383937350000514D433520
:102E9000383833004C4953334D444C004D41475F63
:102EA0004D5055393235585F414B38393633000073
:102EB000424D5030383500004D5335363131000029
:102EC000424D5032383000004C505300514D503676
:102ED00039383800424D50333838000044505333AD
:102EE000313000004144584C333435004D50553694
:102EF000303530004D4D413834353200424D41328D
:102F0000383000004C534D333033444C48430000BC
:102F10004D505536303030004D505536353030003C
:102F20004D5055393235300049434D32303630310D
:102F30000000000049434D323036303200000000BE
:102F400049434D32303630384700000049434D3256
:102F5000303634390000000049434D3230363839BC
:102F60000000000049434D34323630350000000087
:102F700049434D343236383850000000424D493113
:102F800036300000424D4932373000004C534D3648
:102F900044534F0046414B45000000004C3347343A
:102FA00032303044000000004D5055333035300091
:102FB0004C334744323000004C534D3653444F009D
:102FC0004F4B00005741524E494E4700435249541F
:102FD0004943414C000000004E4F5420505245538D
:102FE000454E5400494E4954000000004E4F475989
:102FF000524F000052584C4F53530000424144522C
:1030000058000000424F584641494C534146450044
:1030100052554E4157415900435241534800000018
:103020005448524F54544C4500000000424F4F54F6
:1030300047524143450000004E4F50524541524DCA
:1030400000000000434C4900434D530042535400DC
:103050004D5350005245534355455F5357000000B0
:1030600052504D46494C5445520000005245424F83
:103070004F545F52455144004453484F545F4242BD
:10308000414E47004E4F5F4143435F43414C000078
:103090004D4F544F525F50524F544F0041524D5379
:1030A000574954434800000052414E474546494E57
:1030B000444552004750532B4D414700554E434F16
:1030C0004E4649475552454400000000435553546D
:1030D0004F4D2044454641554C545300434F4E46B6
:1030E00049475552454400005350495F4D4F53499D
:1030F000000000005350495F4D49534F000000004D
:103100005350495F545800005350495F52580000D3
:103110005344494F00000000554152545F54580039
:10312000554152545F525800010203040506070836
:10313000090A0B0C0D0E0000465245450000000028
:1031400050504D004D4F544F5200000053455256C1
:103150004F0000004144435F4241545400000000CE
:103160004144435F43555252000000004144435FD5
:10317000455854004144435F5253534900000000F6
:1031800053455249414C5F54580000005345524941
:10319000414C5F5258000000444542554700000032
:1031A00054494D4552000000534F4E41525F545216
:1031B0004947474552000000534F4E41525F454337
:1031C000484F00005350495F53434B004932435F1F
:1031D00053434C004932435F5344410053444341FD
:1031E000524400005344494F5F434B005344494FFE
:1031F0005F434D44000000005344494F5F4430009A
:103200005344494F5F4431005344494F5F443200B7
:103210005344494F5F4433005344434152445F4356
:10322000530000005344434152445F4445544543D6
:1032300054000000464C4153485F435300000000D7
:103240004241524F5F4353004759524F5F4353002F
:103250004F53445F4353000052585F5350495F43FC
:10326000530000005350495F435300004759524FE9
:103270005F455854490000004241524F5F454F435B
:1032800000000000434F4D504153535F455854498F
:1032900000000000555342005553425F44455445D9
:1032A000435400004F53440052585F42494E44007B
:1032B000494E564552544552000000004C45445F6B
:1032C00053545249500000005654585F504F5745D0
:1032D000520000005654585F435300005654585F44
:1032E00044415441000000005654585F434C4B0089
:1032F000434F4D504153535F4353000052585F4278
:10330000494E445F504C554700000000455343531D
:10331000455249414C00000043414D4552415F43F5
:103320004F4E54524F4C000054494D555000000030
:1033300052585F535049000050494E494F00000019
:103340005553425F4D53435F50494E004D434F002C
:1033500052585F5350495F42494E440052585F53A0
:1033600050495F4C45440000505245494E49540075
:1033700052585F5350495F455854490052585F5363
:1033800050495F4343323530305F54585F454E00FB
:1033900052585F5350495F4343323530305F4C4E93
:1033A000415F454E0000000052585F5350495F4353
:1033B00043323530305F414E545F53454C0000007E
:1033C000515350495F434C4B00000000515350494A
:1033D0005F424B31494F3000515350495F424B31AE
:1033E000494F3100515350495F424B31494F3200F0
:1033F000515350495F424B31494F3300515350496B
:103400005F424B3143530000515350495F424B32AE
:10341000494F3000515350495F424B32494F3100C0
:10342000515350495F424B32494F3200515350493A
:103430005F424B32494F3300515350495F424B3248
:10344000435300004241524F5F58434C520000002A
:1034500050554C4C5550000050554C4C444F574E15
:10346000000000004453484F545F42495442414ECB
:10347000470000005357440052585F5350495F457E
:103480005850524553534C52535F52455345540084
:1034900052585F5350495F455850524553534C5210
:1034A000535F42555359000052585F50504D000031
:1034B00052585F53455249414C000000534F465407
:1034C00053455249414C000052585F504152414CC3
:1034D0004C454C5F50574D0052585F4D53500000C3
:1034E000525353495F414443000000004441534854
:1034F000424F415244000000474F5645524E4F52F2
:1035000000000000465245515F53454E534F520054
:1035100052504D5F46494C5445520000616873005B
:10352000010101010101010101010101020406087B
:10353000080808080808080808080808080808080B
:10354000000000000101010101010101020202026B
:1035500002040608080808080808080808080808F7
:103560000808080800000000636F6E6669677572DE
:10357000652061646A7573746D656E742066756E1E
:103580006374696F6E7300003C696E6465783E20F9
:103590003C66756E633E203C656E61626C652063BF
:1035A00068616E6E656C3E203C73746172743E207F
:1035B0003C656E643E203C76616C75652063686195
:1035C0006E6E656C3E203C6465632073746172743A
:1035D0003E203C64656320656E643E203C696E63FA
:1035E0002073746172743E203C696E6320656E6462
:1035F0003E203C737465702073697A653E203C768A
:10360000616C7565206D696E3E203C76616C7565F8
:10361000206D61783E000000636F6E6669677572A9
:1036200065206D6F646573003C696E6465783E204B
:103630003C6D6F64653E203C6175783E203C737440
:103640006172743E203C656E643E203C6C6F67691D
:10365000633E00006261746368000000737461720D
:1036600074206F7220656E642061206261746368EB
:10367000206F6620636F6D6D616E647300000000E3
:103680007374617274207C20656E6400656E616283
:103690006C652F64697361626C65204473686F7434
:1036A00020626561636F6E20666F72206120636FB8
:1036B0006E646974696F6E006C6973740D0A093CFD
:1036C0002D3E5B6E616D655D00000000656E6162A0
:1036D0006C652F64697361626C65206265657065F5
:1036E0007220666F72206120636F6E646974696F07
:1036F0006E00000062696E645F727800696E6974C2
:10370000696174652062696E64696E6720666F72B4
:1037100020525820535049206F72205352584C3237
:1037200000000000626C00007265626F6F742069B7
:103730006E746F20626F6F746C6F616465720000ED
:103740005B726F6D5D000000626F6172645F6E613D
:103750006D650000676574202F20736574207468A0
:1037600065206E616D65206F662074686520626FEC
:10377000617264206D6F64656C0000005B626F6154
:103780007264206E616D655D00000000626F6172A1
:10379000645F64657369676E00000000676574208C
:1037A0002F2073657420746865206E616D65206FCD
:1037B000662074686520626F617264206465736955
:1037C000676E00005B626F61726420646573696795
:1037D0006E5D0000636F6E66696775726520636F6A
:1037E0006C6F727300000000726573657420746FF3
:1037F0002064656661756C747320616E6420726507
:10380000626F6F74000000007B73686F777D207BB0
:103810006E6F736176657D207B626172657D207B52
:1038200067726F75705F6964203C69643E7D00005B
:10383000646675007265626F6F7420696E746F20C4
:1038400044465520626F6F746C6F6164657200004E
:1038500064696666000000006C69737420636F6EB3
:1038600066696775726174696F6E206368616E67FF
:1038700065732066726F6D2064656661756C740097
:103880005B6D61737465727C70726F66696C657C68
:1038900072617465737C68617264776172657C6162
:1038A0006C6C5D207B64656661756C74737C6261B1
:1038B00072657D0073686F772F73657420444D4186
:1038C0002061737369676E6D656E7473000000002C
:1038D0003C3E207C203C6465766963653E203C6903
:1038E0006E6465783E206C697374207C203C64654E
:1038F000766963653E203C696E6465783E205B3C7A
:103900006F7074696F6E3E7C6E6F6E655D207C209B
:103910006C697374207C2073686F77006473686FC0
:10392000745F74656C656D657472795F696E666FDE
:1039300000000000646973706C6179206473686FC3
:10394000742074656C656D6574727920696E666F3C
:1039500020616E6420737461747300006473686F17
:103960007470726F6700000070726F6772616D2013
:103970004453686F742045534328732900000000A6
:103980003C696E6465783E203C636F6D6D616E646A
:103990003E2B000064756D700000000064756D7052
:1039A00020636F6E66696775726174696F6E00007F
:1039B0006578697400000000636F6E6669677572F0
:1039C000652066656174757265730000666C61736D
:1039D000685F657261736500657261736520666C0E
:1039E000617368206368697000000000666C617331
:1039F000685F696E666F000073686F7720666C6140
:103A00007368206368697020696E666F000000004B
:103A1000666C6173685F7265616400003C6C656E22
:103A20006774683E203C616464726573733E000095
:103A3000666C6173685F7363616E00007363616ECF
:103A400020666C6173682064657669636520666FC3
:103A500072206572726F727300000000666C617391
:103A6000685F7772697465003C6164647265737342
:103A70003E203C6D6573736167653E006765740049
:103A8000676574207661726961626C652076616C2D
:103A9000756500005B6E616D655D00006770737039
:103AA0006173737468726F75676800007061737317
:103AB0007468726F7567682067707320746F207305
:103AC000657269616C0000006779726F7265676981
:103AD000737465727300000064756D70206779728D
:103AE0006F20636F6E6669672072656769737465BE
:103AF000727320636F6E74656E74730064697370A3
:103B00006C617920636F6D6D616E642068656C70A7
:103B1000000000005B7365617263682073747269F2
:103B20006E675D00636F6E666967757265206C65B0
:103B3000647300006D616E756661637475726572A1
:103B40005F696400676574202F2073657420746852
:103B500065206964206F662074686520626F6172F9
:103B600064206D616E7566616374757265720000C4
:103B70005B6D616E756661637475726572206964F0
:103B80005D000000636F6E66696775726520726321
:103B9000206368616E6E656C206F726465720000F0
:103BA0005B3C6D61703E5D006D63755F6964000034
:103BB0006964206F6620746865206D6963726F6345
:103BC0006F6E74726F6C6C6572000000636F6E666E
:103BD0006967757265206D697865720073746174C8
:103BE00075730D0A09696E7075740D0A09696E7036
:103BF00075742072657365740D0A09696E70757449
:103C0000203C696E7075743E203C6D696E3E203CB0
:103C10006D61783E203C726174653E0D0A096C69E5
:103C20006D69740D0A096C696D6974203C696E7068
:103C300075743E203C6D696E3E203C6D61783E0D92
:103C40000A09726174650D0A0972617465203C6924
:103C50006E7075743E203C726174653E0D0A097287
:103C6000756C650D0A0972756C65207265736574F3
:103C70000D0A0972756C65203C696E6465783E209A
:103C80005B7365747C6164647C6D756C5D203C69FC
:103C90006E7075743E203C6F75747075743E203C78
:103CA0007765696768743E203C6F66667365743E2D
:103CB000205B3C6D6F6465733E5D0D0A0972756C27
:103CC00065203C696E6465783E205B64656C5D0DC3
:103CD0000A096F766572726964650D0A096F766507
:103CE0007272696465206F66660D0A096F76657287
:103CF00072696465203C76616C75653E0D0A096FDA
:103D000076657272696465203C696E7075743E20D8
:103D10003C76616C75653E7C6F666600636F6E66AF
:103D20006967757265206D6F646520616E642073CC
:103D300070656369616C20636F6C6F727300000063
:103D4000636F6E666967757265206D6F746F7273ED
:103D5000000000007374617475730D0A096F766555
:103D600072726964650D0A096F76657272696465BD
:103D7000206F66660D0A096F766572726964652048
:103D80003C696E6465783E203C76616C75653E7C6E
:103D90006F6666006D73630073776974636820698A
:103DA0006E746F206D7363206D6F6465000000009A
:103DB0005B3C74696D657A6F6E65206F66667365CE
:103DC00074206D696E757465733E5D00706C617909
:103DD0005F736F756E6400005B3C696E6465783E6E
:103DE0005D0000006368616E67652070726F6669D0
:103DF0006C6500007261746570726F66696C650055
:103E00006368616E676520726174652070726F66A9
:103E1000696C6500736574706F696E745F696E6656
:103E20006F00000073686F7720736574706F696E40
:103E30007420736D6F6F7468696E67206F70657240
:103E40006174696F6E616C2073657474696E6773F9
:103E5000000000007265736F7572636500000000FA
:103E600073686F772F736574207265736F757263F3
:103E7000657300003C3E207C203C7265736F757258
:103E80006365206E616D653E203C696E6465783EB9
:103E9000205B3C70696E3E7C6E6F6E655D207C20A1
:103EA00073686F77205B616C6C5D000073686F777F
:103EB0002F736574207278206661696C7361666522
:103EC0002073657474696E6773000000636F6E66BB
:103ED0006967757265207278206368616E6E656CC3
:103EE0002072616E676573007361766520616E6430
:103EF000207265626F6F740073645F696E666F0035
:103F000073646361726420696E666F00636F6E66CE
:103F100069677572652073657269616C20706F7274
:103F20007473000073657269616C70617373746897
:103F3000726F756768000000706173737468726FE8
:103F40007567682073657269616C206461746120B3
:103F5000646174612066726F6D20706F72742031BD
:103F600020746F20564350202F20706F72742032BF
:103F7000000000003C6964313E205B3C6261756476
:103F8000313E5D205B3C6D6F6465313E5D205B6E54
:103F90006F6E657C3C6474722070696E696F3E7CE4
:103FA00072657365745D205B3C6964323E5D205BC5
:103FB0003C62617564323E5D205B3C6D6F646532CE
:103FC0003E5D0000636F6E6669677572652073659C
:103FD00072766F73000000003C736572766F3E204E
:103FE0003C63656E7465723E203C6D696E3E203C9C
:103FF0006D61783E203C2D7363616C653E203C2BE7
:104000007363616C653E203C7570646174655F72BA
:104010006174653E203C73706565643E203C666C4F
:104020006167733E0D0A097374617475730D0A0933
:10403000666C6167730D0A09666C616773203C7377
:104040006572766F3E203C5B2B7C2D5D464C414774
:104050003E202E2E2E0D0A096F76657272696465F8
:104060000D0A096F76657272696465203C76616C31
:1040700075653E7C6F66660D0A096F7665727269BA
:104080006465203C736572766F3E203C76616C758A
:10409000653E7C6F666600006368616E67652073CD
:1040A000657474696E6700005B3C6E616D653E3DD2
:1040B0003C76616C75653E5D000000007369676E5B
:1040C0006174757265000000676574202F20736548
:1040D000742074686520626F617264207479706501
:1040E000207369676E617475726500005B73696740
:1040F0006E61747572655D00737461747573000030
:1041000073686F7720737461747573007461736B77
:104110007300000073686F77207461736B20737491
:104120006174730073686F772F7365742074696DA1
:10413000657273003C3E207C203C70696E3E206CB2
:10414000697374207C203C70696E3E205B61663C24
:10415000616C7465726E6174652066756E637469F6
:104160006F6E3E7C6E6F6E657C3C6F7074696F6EB7
:104170002864657072656361746564293E5D207CA6
:10418000206C697374207C2073686F7700000000D6
:1041900073686F772076657273696F6E0074696DEE
:1041A0006572202563253032642041462564002352
:1041B0002070696E202563253032643A2054494DC1
:1041C0002564204348256425732028414625642919
:1041D0000074696D657220256325303264204E4F6E
:1041E0004E450053544D33324637583200526F74A7
:1041F0006F72666C696768740023202573202F2016
:1042000025732028257329202573202573202F202E
:1042100025732028257329204D5350204150493AB9
:104220002025730031312E3200393637653931643B
:104230000032323A30373A3036004A756C20323329
:10424000203230323300342E332E302D32303233A0
:104250003037323400554E4B4E4F574E20434F4D62
:104260004D414E442C20545259202748454C50274C
:1042700000202D202573000D0A092573004E4F20C4
:104280004D41544348455320464F5220272573271C
:10429000002320536574706F696E7420536D6F6FC7
:1042A0007468696E673A20002320446574656374FE
:1042B0006564205258206672616D65207261746574
:1042C0003A200025642E253033646D73004E4F2054
:1042D0005349474E414C0023204163746976652061
:1042E00066696C746572206375746F66663A202522
:1042F00064487A20004473686F7420726561647347
:104300003A202575004473686F7420696E76616C7D
:10431000696420706B74733A202575004473686F6C
:104320007420646972656374696F6E4368616E6757
:1043300065206379636C65733A2025752C206D695F
:1043400063726F733A202575004D6F746F72202071
:10435000202020206552504D202020202020525027
:104360004D202020202020487A202020496E766190
:104370006C6964003D3D3D3D3D2020203D3D3D3D7F
:104380003D3D3D2020203D3D3D3D3D3D2020203D0B
:104390003D3D3D3D2020203D3D3D3D3D3D3D0025F9
:1043A00035642020202537642020202536642020F5
:1043B00020253564202020002533642E25303264EA
:1043C0002525004E4F2044415441002575200044CE
:1043D00073686F742074656C656D65747279206E96
:1043E0006F7420656E61626C6564007265736F75D1
:1043F000726365202573202564202563253032648F
:10440000007265736F7572636520257320256420C3
:104410004E4F4E45005461736B206C6973742020BD
:104420002020202020202020202020726174652F51
:10443000687A20206D61782F757320206176672F50
:104440007573206D61786C6F6164206176676C6F45
:1044500061642020746F74616C2F6D732020206C58
:104460006174652020202072756E20726571642F42
:104470007573005461736B206C697374002530325E
:1044800064202D202825313573292000253664200D
:1044900025376420253764202534642E2531642592
:1044A00025202534642E25316425252025396420D6
:1044B00025366420253664202537640025366400BF
:1044C000525820436865636B2046756E6374696F4C
:1044D0006E2025313964202537642025323564006B
:1044E000546F74616C20286578636C7564696E67BD
:1044F0002053455249414C2920253333642E253120
:10450000642525005363686564756C657220737457
:10451000617274206379636C65732025642067750C
:10452000617264206379636C65732025640046378B
:104530003232004D435520257320436C6F636B3D31
:1045400025644D487A002C20567265663D25642E00
:10455000253264562C20436F72652074656D703D62
:1045600025646465674300537461636B2073697AE3
:10457000653A2025642C20537461636B2061646468
:10458000726573733A203078257800436F6E6669E0
:104590006775726174696F6E3A2025732C20736998
:1045A0007A653A2025642C206D61782061766169F6
:1045B0006C61626C653A20256400446576696365C8
:1045C000732064657465637465643A0020535049D0
:1045D0003A2564002C00204932433A25640047798B
:1045E000726F732064657465637465643A00206754
:1045F00079726F20256400206C6F636B6564002006
:10460000646D610020736861726564002C20002570
:10461000733D2573002E25630053797374656D20F7
:10462000557074696D653A202564207365636F6EFB
:104630006473002C2043757272656E742054696D2A
:10464000653A202573004350553A256425252C20D2
:104650006379636C652074696D653A2025642C204C
:104660004759524F20726174653A2025642C2052BC
:104670005820726174653A2025642C205379737434
:10468000656D20726174653A20256400566F6C7404
:104690006167653A202564202A20302E303156206B
:1046A000282564532062617474657279202D202559
:1046B000732900493243204572726F72733A202584
:1046C000640041726D696E672064697361626C6534
:1046D00020666C6167733A00646D612070696E20BA
:1046E00025632530326420256400232070696E2004
:1046F0002563253032643A20444D412564205374AB
:104700007265616D202564204368616E6E656C2062
:10471000256400646D612070696E20256325303248
:1047200064204E4F4E4500646D6120257320256442
:1047300020256400232025732025643A20444D4120
:1047400025642053747265616D202564204368617F
:104750006E6E656C20256400646D612025732025D4
:1047600064204E4F4E45002323235741524E494E5D
:10477000473A204E4F20435553544F4D2044454611
:1047800041554C545320464F554E44232323002D6E
:104790000066656174757265006D6170007278669F
:1047A00061696C006D61737465720070726F666927
:1047B0006C65007261746573006861726477617220
:1047C0006500616C6C006261726500766572736988
:1047D0006F6E0073746172742074686520636F6D0E
:1047E0006D616E6420626174636800626174636805
:1047F00020737461727400726573657420636F6EE8
:1048000066696775726174696F6E20746F20646584
:104810006661756C742073657474696E6773006487
:10482000656661756C7473206E6F73617665006286
:104830006F6172645F6E616D6520257300626F61E8
:1048400072645F64657369676E202573006D616EC5
:104850007566616374757265725F696420257300A3
:104860000D0A23206E616D653A2025730072657311
:104870006F75726365730074696D6572006665615A
:1048800074757265202D2573006665617475726597
:104890002025730073657269616C00736572766FB1
:1048A000006D6978657220696E707574006D697845
:1048B00065722072756C6500626565706572006274
:1048C0006561636F6E006D6170202573006D6F64AC
:1048D000655F636F6C6F72006175780061646A6612
:1048E000756E6300727872616E67650072786661DA
:1048F000696C202575202563202564007278666127
:10490000696C20257520256300726573746F72656C
:10491000206F726967696E616C2070726F66696C76
:10492000652073656C656374696F6E00726573747E
:104930006F7265206F726967696E616C2072617455
:104940006570726F66696C652073656C6563746908
:104950006F6E007361766520636F6E66696775724E
:104960006174696F6E00656E642074686520636FA2
:104970006D6D616E6420626174636800626174636E
:104980006820656E64004E4F5420494D504C454D93
:10499000454E544544205945540073686F77004391
:1049A000757272656E746C792061637469766520C6
:1049B00054696D6572733A0054494D25643A00207C
:1049C0002020204348256425733A20257320256440
:1049D00000202020204348256425733A20257300B9
:1049E00020465245450050494E204E4F54205553C5
:1049F0004544204F4E20424F4152442E0050494ED4
:104A00002054494D4552204D41502046554C4C2E86
:104A1000002320414625643A2054494D2564204313
:104A2000482564257300616600494E56414C49444F
:104A30002054494D4552204F5054494F4E20464F27
:104A400052202563253032643A202725732700231E
:104A50002074696D6572202563253032643A206EBA
:104A60006F206368616E67653A20257300232074A8
:104A7000696D6572202563253032643A2063686170
:104A80006E6765642066726F6D20257320746F20D9
:104A9000257300494E56414C494420414C544552DF
:104AA0004E4154452046554E4354494F4E20464FA3
:104AB00052202563253032643A202725732700438E
:104AC000757272656E746C792061637469766520A5
:104AD000444D413A00444D41256420537472656150
:104AE0006D2025643A0070696E00424144204445BF
:104AF000564943453A2025730042414420494E44DB
:104B000045583A202725732700494E56414C4944C1
:104B10002050494E3A202725732700232025643A48
:104B200020444D4125642053747265616D202564D5
:104B3000204368616E6E656C20256400494E5641C5
:104B40004C494420444D41204F5054494F4E20463B
:104B50004F522025732025643A20272573270049CA
:104B60004E56414C494420444D41204F5054494FEA
:104B70004E20464F522050494E2025632530326446
:104B80003A2027257327002320646D612025732098
:104B900025643A206368616E6765642066726F6D94
:104BA00020257320746F202573002320646D6120FD
:104BB00070696E202563253032643A206368616E27
:104BC0006765642066726F6D20257320746F2025E1
:104BD00073002320646D612025732025643A206EC4
:104BE0006F206368616E67653A2025730023206437
:104BF0006D61202563253032643A206E6F20636832
:104C0000616E67653A2025730043757272656E7434
:104C10006C792061637469766520494F20726573F1
:104C20006F757263652061737369676E6D656E740D
:104C3000733A0D0A287265626F6F7420746F207565
:104C4000706461746529002563253032643A20253B
:104C50007300494E56414C4944205245534F5552DA
:104C60004345204E414D453A202725732700494EA4
:104C7000444558002573204E4F5420424554574513
:104C8000454E20256420414E442025640052657322
:104C90006F75726365206973206672656564000DC7
:104CA0000A4E4F54453A2025632530326420616C0A
:104CB00072656164792061737369676E65642074DD
:104CC0006F20002064697361626C6564000D0A5294
:104CD00065736F75726365206973207365742074E2
:104CE0006F2025632530326400494E56414C4944BB
:104CF0002054494D455A4F4E45204F464653455442
:104D00000052657374617274696E6720696E206DFC
:104D10006173732073746F72616765206D6F646572
:104D2000000D0A5265626F6F74696E670053746F8D
:104D300072616765206E6F742070726573656E7442
:104D4000206F72206661696C656420746F20696EE3
:104D5000697469616C697A65210000003031323311
:104D60003435363738394142434445464748494A45
:104D70004B4C4D4E4F505152535455565758595A0B
:104D8000000000004145545243313233000000001E
:104D9000253034752D253032752D2530327554254A
:104DA0003032753A253032753A253032752E25303D
:104DB00033752563253032643A25303264000000B3
:104DC0004552524F5200000052504D0054454D5034
:104DD0000000000041444A46554E430050415353A1
:104DE0005448524F5547480043503132300000007C
:104DF000435031333500000043503134300000005F
:104E0000465039304C000000465039305600000002
:104E1000434C494D42000000414C545F484F4C44C4
:104E2000000000004B49535300000000484F42422D
:104E30005957494E475634004B4F4E54524F4E49E6
:104E40004B0000004F4D50484F42425900000000B7
:104E500052500000525059005354414E4441524464
:104E6000000000004D4F4445310000004D4F4445C7
:104E7000320000005641524941424C4500000000BA
:104E80004D4F544F52495A4544000000424944494D
:104E900052454354494F4E414C00000043570000D7
:104EA000434357004D415837343536004652534B33
:104EB000594F53440000000054494D310000000098
:104EC00054494D3800000000325F504F494E5400A5
:104ED000335F504F494E5400345F504F494E540099
:104EE00044454641554C54004241524F5F4F4E4C51
:104EF000590000004750535F4F4E4C5900000000CE
:104F0000424C41434B0000005748495445000000C3
:104F1000524544004F52414E4745000059454C4CC4
:104F20004F5700004C494D455F475245454E0000E4
:104F3000475245454E0000004D494E545F4752458B
:104F4000454E00004359414E000000004C4947487F
:104F5000545F424C55450000424C5545000000004E
:104F60004441524B5F56494F4C4554004D414745D3
:104F70004E544100444545505F50494E4B0000009F
:104F80005241434500000000424541434F4E00005E
:104F90005354415455535F44494D4D45440000001E
:104FA00050414C004E5453430000000046495253B8
:104FB000540000005345434F4E440000424F5448B4
:104FC00000000000475242005247420047524257F9
:104FD000000000003234304D485A00004245544130
:104FE000464C49474854000052414345464C4947C6
:104FF0004854000041435455414C00005155494329
:105000004B0000005941570049324300534C415670
:10501000450000004759524F4155544F00000000D1
:1050200053544147453100004B494C4C00000000AF
:1050300053544147453200004155544F2D4C414E89
:105040004400000044524F500000000046495253B3
:10505000545F4F52444552005345434F4E445F4FB7
:105060005244455200000000505431005054320068
:10507000505433004F52444552310000425554546D
:105080004552000042455353454C000044414D50A9
:10509000454400004F4E4553484F543132350000CF
:1050A0004F4E4553484F5434320000004D554C5438
:1050B0004953484F54000000524553455256454409
:1050C000000000004453484F5431353000000000C8
:1050D0004453484F54333030000000004453484F8D
:1050E000543630300000000050524F53484F543176
:1050F0003030300044495341424C454400000000E8
:105100004359434C4554494D4500000042415454D5
:10511000455259004759524F5F46494C54455245F4
:1051200044000000414343454C45524F4D455445D2
:10513000520000005049444C4F4F50004759524FC5
:105140005F5343414C45440052435F434F4D4D41F3
:105150004E44000052435F534554504F494E540053
:105160005343484544554C45520000005354414375
:105170004B0000004553435F53454E534F525F442D
:10518000415441004553435F53454E534F525F4690
:1051900052414D4500000000414C5449545544458E
:1051A00000000000464654004646545F54494D45B1
:1051B000000000004646545F465245510000000082
:1051C00052585F4652534B595F53504900000000FC
:1051D00052585F53464853535F53504900000000F4
:1051E0004759524F5F524157000000004455414C0F
:1051F0005F4759524F5F5241570000004455414CA0
:105200005F4759524F5F4449464600004D41583769
:105210003435365F5349474E414C00004D415837B5
:105220003435365F535049434C4F434B0000000028
:10523000534255530000000046504F5254000000A6
:1052400052414E474546494E4445525F5155414CA7
:10525000495459004C494441525F544600000000F3
:105260004144435F494E5445524E414C00000000BA
:1052700043555252454E545F53454E534F520000D2
:10528000534D415254415544494F00005254480037
:10529000495445524D5F52454C4158004143524F8D
:1052A0005F545241494E455200000000534554504E
:1052B0004F494E540000000052585F5349474E4139
:1052C0004C5F4C4F5353000052435F524157000014
:1052D00052435F444154410044594E5F4C50460094
:1052E00052585F5350454B5452554D5F53504900EF
:1052F0004453484F545F52504D5F54454C454D45C3
:105300005452590052504D5F534F5552434500007F
:10531000554E555345445F343800000041495242D0
:105320004F524E45000000004455414C5F475952D2
:105330004F5F5343414C4544000000004453484FE5
:10534000545F52504D5F4552524F5253000000007F
:10535000435253465F4C494E4B5F5354415449535B
:10536000544943535F55504C494E4B0043525346AA
:105370005F4C494E4B5F5354415449535449435336
:105380005F50575200000000435253465F4C494E55
:105390004B5F535441544953544943535F444F570F
:1053A0004E0000004750535F5245534355455F54EC
:1053B00048524F54544C455F50494400464545447B
:1053C000464F52574152445F4C494D4954000000EA
:1053D00046454544464F525741524400424C414392
:1053E0004B424F585F4F5554505554004759524FF8
:1053F0005F53414D504C450052585F54494D494E02
:1054000047000000445F4C50460000005654585F6F
:105410005452414D500000004748535400000000D2
:105420005343484544554C45525F44455445524DBD
:10543000494E49534D00000054494D494E475F4184
:10544000434355524143590052585F4558505245C5
:1054500053534C52535F53504900000052585F451C
:105460005850524553534C52535F50484153454C4A
:105470004F434B0052585F53544154455F54494D7C
:105480004500000050495443485F505245434F4D3A
:10549000500000005941575F505245434F4D500056
:1054A0005245534355455F414C54484F4C440000CE
:1054B0004F5054494F4E5F31000000004F50544947
:1054C0004F4E5F32000000005350454B31303234B4
:1054D000000000005350454B3230343800000000CB
:1054E00053554D440000000053554D480000000046
:1054F00058422D420000000058422D422D524A30A1
:105500003100000049425553000000004A4554490B
:1055100045584255530000004352534600000000D6
:105520005352584C00000000435553544F4D000057
:105530005352584C320000004553430053574954CE
:1055400043480000535049464C4153480000000076
:105550004D41585F414C540046495845445F414CC9
:105560005400000043555252454E545F414C540084
:105570005245534355455F53414E4954595F4F4639
:10558000460000005245534355455F53414E495430
:10559000595F4F4E000000005245534355455F533D
:1055A000414E4954595F46535F4F4E4C59000000DD
:1055B0005045444553545249414E000044594E41D0
:1055C0004D49430045474E4F53000000574141535A
:1055D000000000004D534153000000004741474187
:1055E0004E0000004E4D45410000000055424C4F1A
:1055F0005800000043573000435739300000000086
:105600004357313830000000435732373000000034
:10561000435730464C49500043573930464C495067
:10562000000000004357313830464C49500000001C
:105630004357323730464C4950000000494D5045E1
:105640005249414C000000004D455452494300006E
:105650004252495449534800616464006D756C00BE
:1056600053520000534300005354000043520000C3
:1056700043500000435900004343000052520000D1
:105680005259000052430000525400004155583115
:1056900000000000415558320000000041555833C9
:1056A000000000004348390043483130000000004A
:1056B000434831310000000043483132000000000F
:1056C00043483133000000004348313400000000FB
:1056D00043483135000000004348313600000000E7
:1056E00043483137000000004348313800000000D3
:1056F0005331000053320000533300005334000094
:105700005335000053360000533700005338000073
:105710004D3100004D3200004D3300004D3400008B
:10572000554E4B4E4F574E202000000050415254D2
:105730004954494F4E000000464C415348465320BF
:105740002000000042424D474D5420202000000020
:105750004649524D5741524520000000434F4E46A6
:1057600049472020200000006779726F5F6F7665DF
:1057700072666C6F775F6465746563740000000027
:105780006779726F5F63616C69625F64757261747F
:10579000696F6E006779726F5F63616C69625F6EDB
:1057A0006F6973655F6C696D697400006779726F0A
:1057B0005F6F66667365745F796177006779726F92
:1057C0005F6C7066315F64796E5F6D696E5F687A79
:1057D000000000006779726F5F6C7066315F6479FA
:1057E0006E5F6D61785F687A000000006779726FA4
:1057F0005F6E6F746368315F687A00006779726FFB
:105800005F6E6F746368315F6375746F6666000006
:105810006779726F5F6E6F746368325F687A0000D9
:105820006779726F5F6E6F746368325F6375746FF0
:10583000666600006163635F7472696D5F706974AE
:10584000636800006163635F7472696D5F726F6C9F
:105850006C0000006163635F63616C696272617414
:10586000696F6E00616C69676E5F6D616700000053
:105870006D61675F616C69676E5F726F6C6C000071
:105880006D61675F616C69676E5F70697463680002
:105890006D61675F616C69676E5F796177000000B9
:1058A0006D61675F62757374797065006D61675FC4
:1058B0006932635F64657669636500006D61675F87
:1058C0006932635F61646472657373006D61675F01
:1058D0007370695F64657669636500006D61675F19
:1058E00063616C6962726174696F6E006261726F8C
:1058F0005F62757374797065000000006261726F99
:105900005F7370695F646576696365006261726F79
:105910005F6932635F646576696365006261726FB7
:105920005F6932635F6164647265737300000000D5
:105930006D69645F726300006D696E5F63686563C3
:105940006B0000006D61785F636865636B00000049
:10595000727373695F6368616E6E656C000000004E
:10596000727373695F7372635F6672616D655F65A1
:1059700072726F7273000000727373695F73636198
:105980006C650000727373695F6F6666736574009F
:10599000727373695F696E7665727400727373698E
:1059A0005F7372635F6672616D655F6C70665F7076
:1059B0006572696F640000006D61785F6175785F82
:1059C0006368616E6E656C730000000073657269D8
:1059D000616C72785F696E76657274656400000050
:1059E0007370656B7472756D5F7361745F62696EFD
:1059F000640000007370656B7472756D5F73617421
:105A00005F62696E645F6175746F7265736574005F
:105A10007372786C325F756E69745F696400000040
:105A20007372786C325F626175645F666173740073
:105A3000736275735F626175645F666173740000A1
:105A4000637273665F7573655F72785F736E720001
:105A5000637273665F666C696768745F6D6F6465B7
:105A60005F72657573650000637273665F75736559
:105A70005F6E65676F7469617465645F62617564A8
:105A80000000000072785F6D696E5F75736563007A
:105A900072785F6D61785F757365630073657269B5
:105AA000616C72785F68616C666475706C657800B3
:105AB0006D73705F6F766572726964655F6368614C
:105AC0006E6E656C735F6D61736B000072785F73EF
:105AD0006D6F6F74686E6573730000006164635F5F
:105AE00064657669636500006164635F767265660C
:105AF000696E745F63616C6962726174696F6E0074
:105B00006164635F74656D7073656E736F725F63FC
:105B1000616C6962726174696F6E333000000000FD
:105B20006164635F74656D7073656E736F725F63DC
:105B3000616C6962726174696F6E313130000000AE
:105B4000696E7075745F66696C746572696E675FA3
:105B50006D6F646500000000626C61636B626F785A
:105B60005F6D6F6465000000626C61636B626F78EB
:105B70005F64657669636500626C61636B626F7810
:105B80005F726174655F64656E6F6D00626C616306
:105B90006B626F785F6C6F675F636F6D6D616E6472
:105BA00000000000626C61636B626F785F6C6F670E
:105BB0005F736574706F696E74000000626C61637E
:105BC0006B626F785F6C6F675F6D697865720000FC
:105BD000626C61636B626F785F6C6F675F61747436
:105BE0006974756465000000626C61636B626F7854
:105BF0005F6C6F675F70696400000000626C6163D6
:105C00006B626F785F6C6F675F6779726F5F7261ED
:105C100077000000626C61636B626F785F6C6F6726
:105C20005F6779726F000000626C61636B626F780E
:105C30005F6C6F675F61636300000000626C6163AB
:105C40006B626F785F6C6F675F6D6167000000006B
:105C5000626C61636B626F785F6C6F675F616C74BD
:105C600000000000626C61636B626F785F6C6F674D
:105C70005F67707300000000626C61636B626F7835
:105C80005F6C6F675F626174746572790000000019
:105C9000626C61636B626F785F6C6F675F72737366
:105CA00069000000626C61636B626F785F6C6F67A4
:105CB0005F72706D00000000626C61636B626F78F0
:105CC0005F6C6F675F6D6F746F727300626C61639E
:105CD0006B626F785F6C6F675F736572766F73006E
:105CE0006D696E5F7468726F74746C65000000009B
:105CF0006D61785F7468726F74746C650000000089
:105D00006D696E5F636F6D6D616E64006473686F63
:105D1000745F6275727374006473686F745F626934
:105D20007462616E670000006473686F745F62691B
:105D30007462616E675F74696D6572006D6F746F18
:105D4000725F636F6E74726F6C5F6D6F646500007D
:105D50006D6F746F725F706F6C6573006D6F746FD1
:105D6000725F72706D5F6C70660000006D6F746FB3
:105D7000725F72706D5F666163746F720000000025
:105D80006D61696E5F726F746F725F676561725F7C
:105D9000726174696F0000007461696C5F726F7486
:105DA0006F725F676561725F726174696F00000096
:105DB0006661696C736166655F64656C617900003A
:105DC0006661696C736166655F6F66665F64656C6A
:105DD000617900006661696C736166655F74687201
:105DE0006F74746C650000006661696C7361666550
:105DF0005F7377697463685F6D6F646500000000AE
:105E00006661696C736166655F7468726F74746CE7
:105E1000655F6C6F775F64656C6179006661696C62
:105E2000736166655F70726F6365647572650000AB
:105E30006661696C736166655F7265636F766572D2
:105E4000795F64656C6179006661696C7361666530
:105E50005F737469636B5F7468726573686F6C6499
:105E600000000000616C69676E5F626F6172645F61
:105E7000726F6C6C00000000616C69676E5F626F2E
:105E80006172645F7069746368000000616C6967C7
:105E90006E5F626F6172645F796177006261745FE7
:105EA00063617061636974790000000076626174F7
:105EB0005F6D61785F63656C6C5F766F6C74616752
:105EC00065000000766261745F66756C6C5F636587
:105ED0006C6C5F766F6C74616765000076626174EC
:105EE0005F6D696E5F63656C6C5F766F6C74616724
:105EF00065000000766261745F7761726E696E673B
:105F00005F63656C6C5F766F6C7461676500000041
:105F1000766261745F687973746572657369730022
:105F200063757272656E745F6D65746572000000F2
:105F3000626174746572795F6D65746572000000EA
:105F4000766261745F6465746563745F63656C6CCD
:105F50005F766F6C74616765000000007573655F44
:105F6000766261745F616C65727473007573655FEE
:105F7000636261745F616C65727473006362617403
:105F80005F616C6572745F70657263656E7400004A
:105F9000766261745F6375746F66665F7065726365
:105FA000656E7400666F7263655F626174746572BA
:105FB000795F63656C6C5F636F756E7400000000E1
:105FC000766261745F646973706C61795F6C70662E
:105FD0005F706572696F6400696261745F6C70669E
:105FE0005F706572696F6400766261745F64757278
:105FF0006174696F6E5F666F725F7761726E696EF2
:1060000067000000766261745F6475726174696F25
:106010006E5F666F725F637269746963616C0000C2
:10602000766261745F7570646174655F687A0000A0
:10603000696261745F7570646174655F687A00009D
:10604000766261745F64697669646572000000005D
:10605000766261745F6D756C7469706C69657200ED
:1060600069626174615F7363616C65006962617428
:10607000615F6F666673657400000000626565703D
:1060800065725F696E76657273696F6E00000000FD
:106090006265657065725F6F6400000062656570BF
:1060A00065725F6672657175656E637900000000E8
:1060B0006265657065725F6473686F745F62656165
:1060C000636F6E5F746F6E65000000006D61696ED6
:1060D0005F726F746F725F64697200007461696CE3
:1060E0005F726F746F725F6D6F6465007461696C6D
:1060F0005F6D6F746F725F69646C65007377617355
:10610000685F74797065000073776173685F7269A6
:106110006E67000073776173685F70686173650014
:1061200073776173685F7472696D0000746F746176
:106130006C5F626C6164655F70697463685F6C69F1
:106140006D697400636F6C6C6563746976655F720A
:10615000706D5F636F7272656374696F6E000000CB
:10616000676F765F6D6F646500000000676F765F34
:10617000737461727475705F74696D6500000000FE
:10618000676F765F73706F6F6C75705F74696D6544
:1061900000000000676F765F747261636B696E6701
:1061A0005F74696D65000000676F765F7265636F8D
:1061B000766572795F74696D65000000676F765F60
:1061C0006175746F726F746174696F6E5F74696DFD
:1061D000656F757400000000676F765F6175746F9E
:1061E000726F746174696F6E5F6261696C6F7574F0
:1061F0005F74696D65000000676F765F6175746F2D
:10620000726F746174696F6E5F6D696E5F656E74D5
:1062100072795F74696D6500676F765F7A65726F1A
:106220005F7468726F74746C655F74696D656F75A7
:1062300074000000676F765F6C6F73745F686561F0
:106240006473706565645F74696D656F7574000073
:10625000676F765F7077725F66696C746572000055
:10626000676F765F72706D5F66696C74657200004F
:10627000676F765F7474615F66696C746572000045
:106280007261746570726F66696C655F6E616D6571
:1062900000000000717569636B72617465735F72F1
:1062A000635F6578706F0000726F6C6C5F72635F24
:1062B000726174650000000070697463685F7263E6
:1062C0005F726174650000007961775F72635F726D
:1062D00061746500636F6C6C6563746976655F7289
:1062E000635F726174650000726F6C6C5F657870DB
:1062F0006F00000070697463685F6578706F0000FC
:106300007961775F6578706F00000000636F6C6C77
:106310006563746976655F6578706F00726F6C6C29
:106320005F7372617465000070697463685F737293
:10633000617465007961775F737261746500000054
:10634000636F6C6C6563746976655F7372617465A5
:1063500000000000726F6C6C5F726174655F6C6945
:106360006D69740070697463685F726174655F6CF5
:10637000696D6974000000007961775F726174650E
:106380005F6C696D69740000636F6C6C6563746940
:1063900076655F6C696D697400000000726F6C6CEB
:1063A0005F616363656C5F6C696D69740000000018
:1063B00070697463685F616363656C5F6C696D6964
:1063C000740000007961775F616363656C5F6C697D
:1063D0006D697400636F6C6C6563746976655F6189
:1063E0006363656C5F6C696D69740000726F6C6CDF
:1063F0005F6C6576656C5F6578706F00706974635B
:10640000685F6C6576656C5F6578706F0000000092
:1064100072617465735F736D6F6F74686E657373AB
:10642000000000006379636C69635F72696E6700E6
:106430007265626F6F745F636861726163746572C5
:106440000000000073657269616C5F75706461744F
:10645000655F726174655F687A000000696D755FE1
:1064600064636D5F6B700000696D755F64636D5F81
:106470006B6900006175746F5F64697361726D5F51
:1064800064656C61790000006770735F70726F768D
:1064900069646572000000006770735F7362617306
:1064A0005F6D6F64650000006770735F7362617396
:1064B0005F696E7465677269747900006770735FF5
:1064C0006175746F5F636F6E666967006770735F95
:1064D0006175746F5F626175640000006770735F5F
:1064E00075626C6F785F7573655F67616C696C6509
:1064F0006F0000006770735F75626C6F785F6D6F1F
:10650000646500006770735F7365745F686F6D65C5
:106510005F706F696E745F6F6E6365006770735F45
:106520007573655F33645F737065656400000000B8
:106530006770735F7265736375655F616E676C65C5
:10654000000000006770735F7265736375655F615B
:106550006C745F6275666665720000006770735FD9
:106560007265736375655F696E697469616C5F619B
:106570006C7400006770735F7265736375655F6448
:10658000657363656E745F64697374006770735FCD
:106590007265736375655F6C616E64696E675F6178
:1065A0006C7400006770735F7265736375655F6C10
:1065B000616E64696E675F64697374006770735FAE
:1065C0007265736375655F67726F756E645F737014
:1065D000656564006770735F7265736375655F748A
:1065E00068726F74746C655F700000006770735F31
:1065F0007265736375655F7468726F74746C655FE0
:10660000690000006770735F7265736375655F741E
:1066100068726F74746C655F640000006770735F0C
:106620007265736375655F76656C6F636974795FB6
:10663000700000006770735F7265736375655F76E5
:10664000656C6F636974795F690000006770735FE0
:106650007265736375655F76656C6F636974795F86
:10666000640000006770735F7265736375655F79BE
:1066700061775F70000000006770735F726573631D
:1066800075655F7468726F74746C655F6D696E00B8
:106690006770735F7265736375655F7468726F743A
:1066A000746C655F6D6178006770735F72657363AA
:1066B00075655F617363656E645F72617465000028
:1066C0006770735F7265736375655F646573636537
:1066D0006E645F72617465006770735F7265736387
:1066E00075655F7468726F74746C655F686F7665EA
:1066F000720000006770735F7265736375655F7326
:10670000616E6974795F636865636B730000000094
:106710006770735F7265736375655F6D696E5F73D4
:10672000617473006770735F7265736375655F6D25
:10673000696E5F64746800006770735F726573638D
:1067400075655F616C6C6F775F61726D696E675FB5
:10675000776974686F75745F666978006770735FD6
:106760007265736375655F616C745F6D6F646500FE
:106770006770735F7265736375655F7573655F6D71
:1067800061670000737469636B5F6D6F76656D653B
:106790006E745F7468726573686F6C6400000000EB
:1067A0007069645F6D6F6465000000007069645F0C
:1067B000647465726D5F6D6F646500007069645F1D
:1067C000647465726D5F6D6F64655F7961770000F9
:1067D0007069645F6779726F5F66696C7465725F18
:1067E000747970650000000070697463685F705FA1
:1067F0006761696E0000000070697463685F695FBB
:106800006761696E0000000070697463685F645FAF
:106810006761696E0000000070697463685F665F9D
:106820006761696E00000000726F6C6C5F705F677B
:1068300061696E00726F6C6C5F695F6761696E00A1
:10684000726F6C6C5F645F6761696E00726F6C6C15
:106850005F665F6761696E007961775F705F67612E
:10686000696E00007961775F695F6761696E00003A
:106870007961775F645F6761696E00007961775F56
:10688000665F6761696E00007761795F705F67615D
:10689000696E00007761795F695F6761696E00000A
:1068A0007761795F645F6761696E00007761795F26
:1068B000665F6761696E000070697463685F645F3A
:1068C0006375746F6666000070697463685F6779EA
:1068D000726F5F6375746F66660000007069746341
:1068E000685F6572726F725F6375746F66660000D1
:1068F000726F6C6C5F645F6375746F666600000036
:10690000726F6C6C5F6779726F5F6375746F6666C8
:1069100000000000726F6C6C5F6572726F725F6373
:1069200075746F66660000007961775F645F7365F8
:106930006C656374000000007961775F645F637564
:10694000746F6666000000007961775F6779726F27
:106950005F6375746F6666007961775F6572726FE9
:10696000725F6375746F6666000000007961775F1F
:1069700063775F73746F705F6761696E000000001A
:106980007961775F6363775F73746F705F67616965
:106990006E0000007961775F6379636C69635F669D
:1069A000665F6761696E00007961775F636F6C6C29
:1069B0006563746976655F66665F6761696E00002E
:1069C0007961775F636F6C6C6563746976655F642A
:1069D000796E616D69635F6761696E007961775F88
:1069E000636F6C6C6563746976655F64796E616D05
:1069F00069635F64656361790000000070697463B6
:106A0000685F636F6C6C6563746976655F66665F0B
:106A10006761696E000000006572726F725F726F6D
:106A2000746174696F6E00006572726F725F646585
:106A30006361795F67726F756E6400006572726F73
:106A4000725F64656361795F6379636C6963000099
:106A50006572726F725F64656361795F79617700F7
:106A60006572726F725F6C696D69740069746572CA
:106A70006D5F72656C61785F74797065000000000D
:106A8000697465726D5F72656C61785F6C6576655F
:106A90006C000000697465726D5F72656C61785F8F
:106AA0006375746F66660000616E676C655F6C6528
:106AB00076656C5F737472656E67746800000000C1
:106AC000616E676C655F6C6576656C5F6C696D693E
:106AD00074000000686F72697A6F6E5F6C6576652E
:106AE0006C5F737472656E6774680000686F7269BA
:106AF0007A6F6E5F7472616E736974696F6E000095
:106B0000686F72697A6F6E5F74696C745F656666D0
:106B100065637400686F72697A6F6E5F74696C7414
:106B20005F6578706572745F6D6F6465000000006A
:106B30006163726F5F747261696E65725F616E67C7
:106B40006C655F6C696D6974000000006163726F51
:106B50005F747261696E65725F6C6F6F6B6168659F
:106B600061645F6D730000006163726F5F747261D6
:106B7000696E65725F6761696E00000072657363BC
:106B800075655F6D6F6465007265736375655F66DB
:106B90006C6970007265736375655F666C69705FC0
:106BA0006761696E000000007265736375655F6CF4
:106BB0006576656C5F6761696E000000726573637E
:106BC00075655F70756C6C5F75705F74696D65007D
:106BD0007265736375655F636C696D625F74696D1F
:106BE000650000007265736375655F666C69705F50
:106BF00074696D65000000007265736375655F659B
:106C00007869745F74696D65000000007265736374
:106C100075655F70756C6C5F75705F636F6C6C65CC
:106C200063746976650000007265736375655F6300
:106C30006C696D625F636F6C6C6563746976650027
:106C40007265736375655F686F7665725F636F6C9D
:106C50006C656374697665007265736375655F68FA
:106C60006F7665725F616C746974756465000000AD
:106C70007265736375655F616C745F705F6761698E
:106C80006E0000007265736375655F616C745F69A7
:106C90005F6761696E0000007265736375655F61AF
:106CA0006C745F645F6761696E0000007265736396
:106CB00075655F6D61785F73705F72617465000008
:106CC0007265736375655F6D61785F73705F616333
:106CD00063656C007265736375655F6D61785F6392
:106CE0006F6C6C656374697665000000676F765F32
:106CF000686561647370656564000000676F765F46
:106D00006761696E00000000676F765F705F6761A2
:106D1000696E0000676F765F695F6761696E00008A
:106D2000676F765F645F6761696E0000676F765FAB
:106D3000665F6761696E0000676F765F7474615F9C
:106D40006761696E00000000676F765F7474615F51
:106D50006C696D6974000000676F765F7961775FB9
:106D600066665F776569676874000000676F765FC5
:106D70006379636C69635F66665F7765696768748A
:106D800000000000676F765F636F6C6C6563746909
:106D900076655F66665F7765696768740000000006
:106DA000746C6D5F696E76657274656400000000D6
:106DB000746C6D5F68616C666475706C65780000FA
:106DC0006672736B795F64656661756C745F6C6124
:106DD000740000006672736B795F64656661756C40
:106DE000745F6C6F6E6700006672736B795F6770BB
:106DF000735F666F726D6174000000006672736B82
:106E0000795F756E697400006672736B795F766680
:106E100061735F707265636973696F6E0000000073
:106E2000686F74745F616C61726D5F696E7400008D
:106E30007069645F696E5F746C6D00007265706F7D
:106E400072745F63656C6C5F766F6C74616765000C
:106E5000696275735F73656E736F72006D61766CD6
:106E6000696E6B5F6D61685F61735F6865616469BE
:106E70006E675F64697669736F72000074656C6534
:106E80006D657472795F656E61626C655F766F6C5B
:106E9000746167650000000074656C656D657472EF
:106EA000795F656E61626C655F63757272656E7441
:106EB0000000000074656C656D657472795F656EC5
:106EC00061626C655F6675656C00000074656C6579
:106ED0006D657472795F656E61626C655F6D6F641C
:106EE0006500000074656C656D657472795F656E30
:106EF00061626C655F6163635F78000074656C65F7
:106F00006D657472795F656E61626C655F61636304
:106F10005F79000074656C656D657472795F656E8C
:106F200061626C655F6163635F7A000074656C65C4
:106F30006D657472795F656E61626C655F706974AE
:106F40006368000074656C656D657472795F656E69
:106F500061626C655F726F6C6C00000074656C65DB
:106F60006D657472795F656E61626C655F6865619D
:106F700064696E670000000074656C656D6574720D
:106F8000795F656E61626C655F616C74697475646C
:106F90006500000074656C656D657472795F656E7F
:106FA00061626C655F766172696F000074656C6523
:106FB0006D657472795F656E61626C655F6C61743A
:106FC0005F6C6F6E6700000074656C656D65747250
:106FD000795F656E61626C655F67726F756E645F25
:106FE000737065656400000074656C656D6574722E
:106FF000795F656E61626C655F64697374616E630D
:107000006500000074656C656D657472795F656E0E
:1070100061626C655F6573635F63757272656E74E0
:107020000000000074656C656D657472795F656E53
:1070300061626C655F6573635F766F6C74616765D1
:107040000000000074656C656D657472795F656E33
:1070500061626C655F6573635F72706D0000000054
:1070600074656C656D657472795F656E61626C657F
:107070005F6573635F74656D706572617475726569
:107080000000000074656C656D657472795F656EF3
:1070900061626C655F74656D70657261747572654F
:1070A0000000000074656C656D657472795F656ED3
:1070B00061626C655F6361705F7573656400000099
:1070C00074656C656D657472795F656E61626C651F
:1070D0005F61646A7573746D656E74006C6564736A
:1070E000747269705F76697375616C5F62656570F3
:1070F000657200006C656473747269705F766973A1
:1071000075616C5F6265657065725F636F6C6F72ED
:10711000000000006C656473747269705F6772626E
:107120005F726762000000006C656473747269705E
:107130005F70726F66696C65000000006C65647357
:10714000747269705F726163655F636F6C6F720008
:107150006C656473747269705F626561636F6E5FA2
:10716000636F6C6F720000006C6564737472697099
:107170005F626561636F6E5F706572696F645F6D9A
:10718000730000006C656473747269705F6265619E
:10719000636F6E5F70657263656E74006C656473B7
:1071A000747269705F626561636F6E5F61726D6555
:1071B000645F6F6E6C7900006C65647374726970E3
:1071C0005F6272696768746E657373006C6564737F
:1071D000747269705F626C696E6B5F706572696F03
:1071E000645F6D73000000006C6564737472697095
:1071F0005F666C69636B65725F7261746500000045
:107200006C656473747269705F64696D6D65725FDB
:1072100072617465000000006C656473747269705B
:107220005F696E7665727465645F666F726D6174B6
:10723000000000007364636172645F646574656379
:10724000745F696E7665727465640000736463616F
:1072500072645F6D6F6465007364636172645F7311
:1072600070695F62757300007364696F5F636C6B54
:107270005F627970617373007364696F5F757365C2
:107280005F636163686500007364696F5F75736550
:107290005F346269745F7769647468007461736BEA
:1072A0005F73746174697374696373006370755F8D
:1072B0006F766572636C6F636B0000007077725F4E
:1072C0006F6E5F61726D5F677261636500000000E1
:1072D000656E61626C655F737469636B5F61726D2B
:1072E000696E6700656E61626C655F737469636B7C
:1072F0005F636F6D6D616E64730000007663645F41
:10730000766964656F5F73797374656D0000000062
:10731000646973706C6179706F72745F6D73705FA4
:10732000636F6C5F61646A75737400006469737085
:107330006C6179706F72745F6D73705F726F775F7D
:1073400061646A7573740000646973706C6179704C
:107350006F72745F6D73705F73657269616C00004A
:10736000646973706C6179706F72745F6D73705F54
:107370006174747273000000646973706C61797079
:107380006F72745F6D73705F7573655F6465766946
:1073900063655F626C696E6B000000006573635F1C
:1073A00073656E736F725F70726F746F636F6C0072
:1073B0006573635F73656E736F725F68616C66643B
:1073C00075706C65780000006573635F73656E733C
:1073D0006F725F7570646174655F687A00000000A9
:1073E0006573635F73656E736F725F6375727265E9
:1073F0006E745F6F66667365740000006573635F2B
:1074000073656E736F725F6877345F6375727265F0
:107410006E745F6F66667365740000006573635F0A
:1074200073656E736F725F6877345F6375727265D0
:107430006E745F6761696E006573635F73656E7319
:107440006F725F6877345F766F6C746167655F67D2
:1074500061696E006C65645F696E76657273696FF1
:107460006E00000070696E696F5F636F6E666967BA
:107470000000000070696E696F5F626F7800000045
:107480007573625F6869645F636463007573625FEC
:107490006D73635F70696E5F70756C6C7570000002
:1074A000666C6173685F7370695F6275730000007A
:1074B0006779726F5F315F62757374797065000010
:1074C0006779726F5F315F73706962757300000076
:1074D0006779726F5F315F693263427573000000D4
:1074E0006779726F5F315F6932635F61646472658F
:1074F000737300006779726F5F315F73656E736FCE
:10750000725F616C69676E006779726F5F315F618E
:107510006C69676E5F726F6C6C0000006779726FE8
:107520005F315F616C69676E5F70697463680000EA
:107530006779726F5F315F616C69676E5F796177E0
:10754000000000006779726F5F325F627573747953
:10755000706500006779726F5F325F737069627582
:10756000730000006779726F5F325F693263427542
:10757000730000006779726F5F325F6932635F6129
:1075800064647265737300006779726F5F325F7352
:10759000656E736F725F616C69676E006779726F99
:1075A0005F325F616C69676E5F726F6C6C000000C8
:1075B0006779726F5F325F616C69676E5F70697463
:1075C000636800006779726F5F325F616C69676E34
:1075D0005F79617700000000693263315F70756C1C
:1075E0006C757000693263315F636C6F636B7370CD
:1075F0006565645F6B687A00693263325F70756CD1
:107600006C757000693263325F636C6F636B7370AB
:107610006565645F6B687A00693263335F70756CAF
:107620006C757000693263335F636C6F636B73708A
:107630006565645F6B687A006D636F325F6F6E5F64
:10764000706339007363686564756C65725F726539
:107650006C61785F727800007363686564756C654F
:10766000725F72656C61785F6F73640074696D65D9
:107670007A6F6E655F6F66667365745F6D696E7550
:107680007465730073746174735F6D696E5F6172AA
:107690006D65645F74696D655F7300007374617418
:1076A000735F746F74616C5F666C69676874730094
:1076B00073746174735F746F74616C5F74696D650A
:1076C0005F73000073746174735F746F74616C5FD7
:1076D000646973745F6D0000706F736974696F6EB5
:1076E0005F616C745F736F7572636500706F73694F
:1076F00074696F6E5F6261726F5F616C745F6C70F2
:1077000066000000706F736974696F6E5F6261720A
:107710006F5F6F66667365745F6C70660000000073
:10772000706F736974696F6E5F6770735F616C749B
:107730005F6C706600000000706F736974696F6E33
:107740005F6770735F6F66667365745F6C70660009
:10775000706F736974696F6E5F6770735F6D696E68
:107760005F73617473000000706F736974696F6E8A
:107770005F766172696F5F6C70660000626F785F40
:10778000757365725F315F6E616D6500626F785F02
:10779000757365725F325F6E616D6500626F785FF1
:1077A000757365725F335F6E616D6500626F785FE0
:1077B000757365725F345F6E616D650023232052BF
:1077C0006F746F72666C6967687420437573746F49
:1077D0006D2044656661756C7473006C65617669D3
:1077E0006E6720434C49206D6F64652C20756E7365
:1077F00061766564206368616E676573206C6F7382
:1078000074007278007478002323234552524F523B
:1078100020494E2000436F6D6D616E64206261747B
:1078200063682073746172746564004552524F52EC
:107830005320574552452044455445435445442020
:107840002D20504C4541534520524556494557201F
:107850004245464F524520434F4E54494E55494E9E
:107860004700436F6D6D616E6420626174636820D0
:10787000656E64656400496E76616C6964206F7042
:1078800074696F6E00726F6D0072657374617274EB
:10789000696E6720696E20524F4D20626F6F746C65
:1078A0006F61646572206D6F64650056657269660C
:1078B00079696E6700537563636573730046616928
:1078C0006C656400494E56414C494420415247552D
:1078D0004D454E5420434F554E540050415253494C
:1078E0004E47204641494C454400726174657072B0
:1078F0006F66696C652025640052415445205052E2
:107900004F46494C45204F555453494445204F4616
:10791000205B302E2E25645D004552524F52205080
:107920004C4159494E4720534F554E44004E6F200D
:10793000736F756E6420666F7220696E646578205F
:10794000256400506C6179696E6720736F756E6491
:107950002025643A202573006D6F746F72206F7656
:10796000657272696465202564202564006D6F74FA
:107970006F72206F76657272696465202564206F6E
:107980006666006D6F746F722025643A202564204E
:107990005B25645D006D6F746F722025643A20254D
:1079A0006400737461747573006F766572726964D4
:1079B0006500726573657400415247554D454E54DC
:1079C000204F5554204F462052414E47450023201A
:1079D00057484F5F414D5F4920202020307825587F
:1079E000002320434F4E46494720202020202030AE
:1079F0007825580023204759524F5F434F4E464940
:107A0000472030782558000D0A23204779726F20CF
:107A100031000D0A23204779726F20320042696ECF
:107A200064696E672E2E2E004E6F74207375707011
:107A30006F727465642E006D63755F696420253014
:107A400038782530387825303878004D414E554605
:107A5000414354555245525F4944002573204341E8
:107A60004E4E4F54204245204348414E4745442EF8
:107A70002043555252454E542056414C55453A20CC
:107A80002725732700536574206D616E75666163E9
:107A900074757265725F69642E00424F4152445F93
:107AA00044455349474E0053657420626F617264C8
:107AB0005F64657369676E2E00424F4152445F4EAA
:107AC000414D450053657420626F6172645F6E6161
:107AD0006D652E0052656164696E672025752062B0
:107AE000797465732061742025753A0057726F743C
:107AF0006520257520627974657320617420257571
:107B00002E00466C61736820736563746F72733DF9
:107B100025752C20736563746F7253697A653D25F2
:107B2000752C207061676573506572536563746F5F
:107B3000723D25752C207061676553697A653D2516
:107B4000752C20746F74616C53697A653D257500DE
:107B50005061726974696F6E733A00202025643A2F
:107B600020257320257520257500466C61736846B5
:107B7000532073697A653D25752C207573656453B0
:107B8000697A653D257500736572766F206F76653D
:107B900072726964652025642025640073657276BD
:107BA0006F206F76657272696465202564206F6648
:107BB00066004348414E4E454C00726576657273CF
:107BC0006564006E6F726D616C00756E73757070B8
:107BD0006F7274656400496E666F20666F7220452F
:107BE00053432025643A0045534320547970653A45
:107BF00020004B4953533841004B495353313641D0
:107C0000004B495353323441004B49535320556C78
:107C10007472616C69746500756E6B6E6F776E005F
:107C20004D43552053657269616C204E6F3A203088
:107C3000780025303278004669726D776172652070
:107C400056657273696F6E3A2025642E2530326452
:107C50002563004669726D7761726520566572739F
:107C6000696F6E3A2025642E253032642500526FEC
:107C7000746174696F6E20446972656374696F6EB4
:107C80003A2025730033443A202573004C6F772047
:107C9000766F6C74616765204C696D69743A200079
:107CA00025642E253031640043757272656E742030
:107CB0004C696D69743A20004C45442025643A2093
:107CC000257300434845434B53554D204552524F71
:107CD000522E004E6F20496E666F2E005573696EEE
:107CE00067206F75747075742025642E0055736954
:107CF0006E6720616C6C206F7574707574732E00E4
:107D0000494E56414C4944204F5554505554204EED
:107D1000554D4245522E2052414E47453A20312082
:107D20002D2025642E00436F6D6D616E64205365B8
:107D30006E743A20256400494E56414C4944204314
:107D40004F4D4D414E442E2052414E47453A203131
:107D5000202D2025642E0044697361626C65643AAD
:107D60000020206E6F6E6500202025730041766133
:107D7000696C61626C653A00494E56414C49442039
:107D80004E414D450044697361626C656400456E07
:107D900061626C656400456E61626C65643A2000E6
:107DA00025732000756E617661696C61626C650097
:107DB00045726173696E672C20706C656173652014
:107DC00077616974202E2E2E2000446F6E652E0080
:107DD000534420636172643A20004E6F7420636FD5
:107DE0006E66696775726564004E6F6E6520696EB8
:107DF0007365727465640053746172747570206683
:107E000061696C6564004D616E756661637475725D
:107E1000657220307825782C2025756B422C202522
:107E20003032642F253034642C207625642E25646E
:107E30002C202700270D0A46696C657379737465D9
:107E40006D3A2000526561647900496E6974696118
:107E50006C697A696E6700466174616C00202D2040
:107E60006E6F20464154204D4252207061727469F9
:107E700074696F6E7300202D206261642046415446
:107E800020686561646572006F722064726F702093
:107E900044545220006573635F73656E736F7200A4
:107EA000496E76616C69642050696E494F206E7529
:107EB0006D62657220256400506F72743120616EAE
:107EC0006420706F727432206172652073616D6519
:107ED00000506F727425643A2025642000506F7240
:107EE00074256420636F756C64206E6F7420626506
:107EF000206F70656E65642E00506F72742564206B
:107F00006F70656E65642C2064656661756C7420A5
:107F100062617564203D2025642E0D0A00506F7249
:107F2000742564206F70656E65642C2062617564D1
:107F3000203D2025642E0D0A00506F7274256420A8
:107F4000697320616C7265616479206F70656E2C55
:107F50002073657474696E672062617564203D20CA
:107F600025642E0D0A00506F7274256420697320F9
:107F7000616C7265616479206F70656E2C2062613E
:107F80007564203D2025642E0D0A00506F72742503
:107F900064206D6F6465206368616E676564206648
:107FA000726F6D20256420746F2025642E0D0A00E9
:107FB000506F727431206261756420726174652043
:107FC0006368616E6765206F766572205553422045
:107FD000656E61626C65642E00466F7277617264D3
:107FE000696E672C20706F776572206379636C65AA
:107FF000202573746F20657869742E00496E766150
:108000006C696420706F7274256420256400416C73
:108010006C6F7765642072616E67653A2030202D41
:1080200020257500416C6C6F7765642072616E6706
:10803000653A202564202D20256400416C6C6F7703
:1080400065642076616C7565733A200041727261D7
:1080500079206C656E6774683A20256400537472E9
:10806000696E67206C656E6774683A202564202D00
:1080700020256400416C6C6F7765642076616C75B7
:1080800065733A204F46462C204F4E002030202565
:1080900075004F464600434F5252555054454420B8
:1080A000434F4E4649473A202573203D2025640022
:1080B0002573202573002573202D2573006D6978A5
:1080C00065722072756C65202575202573202573D7
:1080D000202573202564202564006D697865722051
:1080E000696E707574202573202564202564202511
:1080F00064006D69786572206F75747075742025E1
:10810000733A202564006C696D6974006D69786547
:1081100072206C696D6974202573202564202564A4
:108120000072617465006D697865722072617465B2
:108130002025732025640064656C006D6978657284
:10814000206F76657272696465202573206F66669C
:10815000006D69786572206F76657272696465205A
:10816000257320256400736572766F2025752025A0
:10817000752025642025642025752025752025750A
:1081800020257520257500736572766F2025643A69
:1081900020253464757320253364204F5645525290
:1081A00049444500736572766F2025643A20253472
:1081B0006475732025336400666C616773007365B2
:1081C00072766F20666C6167732025642025635288
:1081D000455620256347454F00524556006D6F6454
:1081E000655F636F6C6F722025752025752025757E
:1081F00000636F6C6F722025752025642C25752C0B
:108200002575006C656420257520257300727872D1
:10821000616E6765202575202575202575007261C2
:108220006E6765206D696E2F6D61780061646A66A6
:10823000756E6320257520257520257520257520F0
:108240002575202575202575202575202575202567
:108250007520257520256420256400736572696189
:108260006C20256420256420256C6420256C642006
:10827000256C6420256C64006175782025752025A7
:1082800075202575202575202575202575202575D7
:1082900000494E56414C4944204C454E4754483ABB
:1082A000202564202845585045435445443A20250C
:1082B000642900494E56414C4944204348415241AB
:1082C0004354455220464F554E443A2025630053AF
:1082D00049474E41545552450053657420736967B0
:1082E0006E61747572652E007369676E6174757264
:1082F0006520257300736176696E6700504C4541B7
:10830000534520464958204552524F525320544815
:10831000454E202753415645270067726F75705FA1
:108320006964004E4F20435553544F4D20444546F9
:1083300041554C545320464F554E44000D0A2320BE
:10834000726573657474696E672067726F757020EB
:10835000256420746F2064656661756C74730072A7
:108360006573657474696E6720746F2064656661F7
:10837000756C74730056414C554520257320455249
:10838000524F520023736574202573203D20004412
:10839000656661756C742076616C75653A20004382
:1083A000757272656E742073657474696E67733A62
:1083B0002000535452494E47204D555354204245B6
:1083C00020312D25642043484152414354455253A6
:1083D000204F5220272D2720464F5220454D5054E4
:1083E000590025732073657420746F2000494E5620
:1083F000414C49442056414C554500002E00000098
:108400002E2E00004D53444F53352E3000000000F7
:108410004E4F204E414D45202020200046415433F0
:108420003220202000000000482050726F647563E5
:10843000743A426C61636B626F7800005254464C30
:108440005F253033642E42424C00000048204C6FC0
:1084500067207374617274206461746574696D65FA
:108460003A0000005254464C5F414C4C2E42424C64
:108470000000000050414444494E472E54585400D7
:1084800025303878203E3E202A2A303132333435A8
:10849000363738394142434445462A2A0000000015
:1084A0000000004B000000CB000FC93F000F494007
:1084B00000CB9640000FC9400053FB4000CB164153
:1084C00000ED2F41000F49410031624100537B41D3
:1084D000003A8A4100CB9641005CA34100EDAF41D8
:1084E000007EBC41000FC94100A0D5410031E241EE
:1084F00000C2EE410053FB4100F20342003A0A423F
:108500000083104200CB164200141D42005C23423F
:1085100000A5294200ED2F4200363642007E3C4243
:1085200000C74242000F4942A2000000F9000000CB
:10853000830000006E0000004E00000044000000B8
:108540001500000029000000FC00000027000000CA
:1085500057000000D1000000F500000034000000CA
:10856000DD000000C0000000DB0000006200000031
:1085700095000000990000003C000000430000004E
:108580009000000041000000FE00000051000000CB
:1085900063000000AB000000DE000000BB00000034
:1085A000C500000061000000B700000024000000CA
:1085B0006E0000003A000000420000004D00000084
:1085C000D2000000E00000000600000049000000AA
:1085D0002E000000EA00000009000000D1000000A9
:1085E000920000001C000000FE0000001D000000C2
:1085F000EB0000001C000000B1000000290000009A
:10860000A70000003E000000E8000000820000001B
:1086100035000000F50000002E000000BB00000047
:108620004400000084000000E90000009C000000FD
:108630007000000026000000B40000005F00000091
:108640007E000000410000003900000091000000A1
:10865000D600000039000000830000005300000035
:1086600039000000F40000009C00000084000000BD
:108670005F0000008B000000BD000000F90000005A
:10868000280000003B0000001F000000F800000070
:1086900097000000FF000000DE0000000500000061
:1086A000980000000F000000EF0000002F00000005
:1086B000110000008B0000005A0000000A000000BA
:1086C0006D0000001F0000006D000000360000007B
:1086D0007E000000CF00000027000000CB0000005B
:1086E00009000000B70000004F0000004600000035
:1086F0003F000000660000009E0000005F000000D8
:10870000EA0000002D0000007500000027000000B6
:10871000BA000000C7000000EB000000E500000008
:10872000F10000007B0000003D0000000700000099
:1087300039000000F70000008A000000520000002D
:1087400092000000EA0000006B000000FB00000047
:108750005F000000B10000001F0000008D0000005D
:108760005D0000000800000056000000030000004B
:108770003000000046000000FC0000007B0000000C
:108780006B000000AB000000F0000000CF00000014
:10879000BC000000200000009A000000F40000006F
:1087A000360000001D000000A9000000E3000000EA
:1087B00091000000610000005E000000E600000083
:1087C0001B00000008000000650000009900000088
:1087D000850000005F00000014000000A000000001
:1087E00068000000400000008D000000FF00000055
:1087F000D8000000800000004D0000007300000061
:108800002700000031000000060000000600000004
:108810001500000056000000CA00000073000000B0
:10882000A8000000C900000060000000E200000095
:108830007B000000C00000008C0000006B00000006
:108840000000C93F0000F0390000DA370000A23311
:108850000000842E0000502B0000C2270000D02210
:108860000000C41F0000C61B0000441704000000E5
:1088700007000000090000000000004B000000CBD2
:10888000B00B01205245454E54206D616C6C6F63F6
:1088900020737563636565646564002F6D6E742F66
:1088A000776F726B73706163652F776F726B737024
:1088B0006163652F4743432D392D706970656C697D
:1088C0006E652F6A656E6B696E732D4743432D3954
:1088D0002D706970656C696E652D3230305F323095
:1088E0003230303532315F3135393030353333372E
:1088F000342F7372632F6E65776C69622F6E6577A4
:108900006C69622F6C6962632F7374646C69622F87
:1089100072616E642E63002C2066756E6374696FDD
:108920006E3A2000617373657274696F6E20222540
:108930007322206661696C65643A2066696C652003
:10894000222573222C206C696E65202564257325F1
:10895000730A00232D302B2000686C4C006566677D
:1089600045464700303132333435363738394142A5
:108970004344454600303132333435363738396177
:1089800062636465660000000000000000000000F3
:1089900000000000000000000000000000000000D7
:1089A00000000000000000000000000000000000C7
:1089B00000000000000000000000000000000000B7
:1089C00000000000000000000000000000000000A7
:1089D0000000000000000000000000000000000097
:0889E00000000000000000008F
:1089E80000F14803D0ED046AB0EE406AD0ED027A97
:1089F800243010ED027AE6EE807A10ED045A50ED3C
:108A0800035A50ED066AB0EE670A50ED017A27EE78
:108A1800407A67EEC07AA5EE067AE5EE867A36EEFB
:108A2800877A40ED067A00ED077A9842DAD17047E6
:108A3800094B10B49A6B1C7893F8301001328C42B1
:108A48009A6305D219785C684A1CD2B21A706054CD
:108A58005DF8044B704700BF807701202DE9F04F87
:108A6800B24F2DED028B97F8936683B00190002EDC
:108A78006AD1AF4D07F1240907F25C4405F1380AC1
:108A880095F82030B9EC010A73B10AEB060B4FF0E8
:108A98000008584608F1010801F060F895F8203000
:108AA8000BF1800B9845F4DBD4F8883013B104F14E
:108AB8009000984754F8083C0BB120469847D4F8E2
:108AC800A83113B104F5D8709847D4F8183113B108
:108AD80004F5907098472436303489ED020A6C2EDC
:108AE800CED197F89536002B40F0D480914B93F86F
:108AF800603323B197F89436002B00F07D812B79F1
:108B0800002B40F0B581D7ED0C6A8B4BF6EE005A7E
:108B180097ED036A03F10C028849B8EE466A1046DD
:108B2800D2ED007A93ED007A77EEA67AE2EC016A4C
:108B380067EEA57AA7EE867AA3EC017A984200F050
:108B48009281F1EC016AEBE77D4BB846DFF8FC91C6
:108B580007F25C441B780026DFF8ECA1A9F1380580
:108B68009B4652E0D7F8742306F1680132F91120C8
:108B7800CAF80020B34500F0808198ED090A95F8FD
:108B8800203093B14FF0000B00945C46CB4658461A
:108B9800013400F0E3FF95F820300BF1800B9C4284
:108BA800F5DB674B009C93F800B0B34551D0D4F87F
:108BB800883013B104F19000984754F8083C0BB181
:108BC80020469847D4F8A83113B104F5D8709847CF
:108BD800D4F8183113B104F590709847584B93F8AE
:108BE80000B0584BB3451B7840D0032B49D0013611
:108BF80088ED0C0A0AF1040A08F10408032E04F1AE
:108C0800300409F124093FF46CAF4E4B1B78142B48
:108C1800A8D0062B08D198ED060A009302F018FD9B
:108C2800009BCAF80000A5E7B345A6D13D2BA4D107
:108C380098ED060A02F00CFD434B98ED090A1860FE
:108C48008DED000A02F004FD3F4B9DED000A5860CF
:108C580095E73C4B1B783D2BA9D18DED000A02F01E
:108C6800F7FC394B9DED000A9860A0E73D2BBCD17D
:108C78008DED000A02F0ECFC334B9DED000AD86044
:108C8800B5E78DED000A02F0E3FC9DED000ACAF895
:108C98000000ACE797F89236012B25D0022B57D06D
:108CA800002B7FF423AF274B1B78152B14D0322BC6
:108CB8007FF41CAF97ED398A97ED3D0A224C28EED8
:108CC800000A02F0C5FC97ED3E0A206028EE000A73
:108CD80002F0BEFC606009E71B4BB7F90C11B7F94D
:108CE8000E21C3E9001201E7164B1B78152B14D08F
:108CF800322B7FF4FBAE97EDA08A97EDA40A124CB5
:108D080028EE000A02F0A4FC97EDA50AA06028EE60
:108D1800000A02F09DFCE060E8E60B4BB7F9A812E8
:108D2800B7F9AA22C3E90212E0E600BFC802002090
:108D3800B43B0020C08A0120D8430020FC02002058
:108D4800C4020020B4010020BC010020EC3B00203C
:108D58004D4B1B78152B17D0322B23D197ED398A21
:108D680097ED3D0A494C28EE000A02F071FC97ED98
:108D78003E0A206028EE000A02F06AFC97EDA08AFD
:108D880097EDA40A6060BBE7404BB7F90C11B7F93F
:108D98000E2119605A60B7F9A812B7F9AA22C3E9D7
:108DA8000212A3E6162B7FF4A1AED7EDA08A97EDA9
:108DB800A40A97ED398A20EE680AD7ED3D7A334C3C
:108DC800A7EE880A02F044FC97EDA50AD7ED3E7A93
:108DD80020EE680A2060A8EE270A02F039FC97ED19
:108DE800A60AD7ED3F7A20EE680A6060A8EE270A47
:108DF80002F02EFCA06079E62B7983BB9FED247AE4
:108E0800D7ED057AD7ED0C6A67EE877A97ED0D7A7C
:108E1800B0EEE66A97F89E26B0EEC77AF4EEC67A08
:108E2800F1EE10FAF4EEC77A97ED0E7AB0EEC77A43
:108E38004CBF01230023F1EE10FAF4EEC77A48BFC5
:108E480043F00203F1EE10FA48BF43F00403134263
:108E58003FF45BAE0123019A2B712A6008E0019868
:108E680002F03AFC4BE6D5F83C380133C5F83C38FB
:108E780003B0BDEC028BBDE8F08F3D2B98ED090ADD
:108E88007FF47DAEDCE600BFB4010020BC01002009
:108E980000D8F9460239D0ED007A90ED017AD0ED8C
:108EA800026A06293AD8DFE801F0040B141B3124C2
:108EB8002D00F1EE677A80ED007AC0ED017A2DE0A1
:108EC800F1EE677AB1EE477AC0ED007A80ED017A6B
:108ED80024E0B1EE477AC0ED017A80ED007A1DE01A
:108EE800F1EE677AF1EE666AC0ED007AC0ED026ACB
:108EF80014E0B1EE477AF1EE666A80ED017AC0EDD2
:108F0800026A0BE0B1EE477AF1EE677AF1EE666A33
:108F180080ED007AC0ED017AC0ED026A034B1B7C3C
:108F280003B17047024902F097BB00BF1806012041
:108F3800A091012010B5044602F08EFB044B1B7C67
:108F480003B110BD20460349BDE8104002F084BBC0
:108F580018060120A09101202DE9F04F436804462E
:108F68002DED048B85B09847002800F01B81002662
:108F7800D4F8987184F81C61002F55D1AE4AB4F921
:108F8800D03092F86023002A40F02681AB4A92F84C
:108F98009426002A40F02081D4F8C420991A002988
:108FA800B8BF4942B1F5804F02DC1A46C4F8C43054
:108FB800B4F9D21007EE902AD4F8C830F8EEE77A60
:108FC80094ED2B7ACA1A002A77EEC77AB8BF5242B4
:108FD800C4ED2E7AB2F5804F02DC0B46C4F8C810F7
:108FE80007EE903AB4F9D410D4F8CC30F8EEE77A1A
:108FF80094ED2C7ACA1A002A77EEC77AB8BF524283
:10900800C4ED2F7AB2F5804F00F3FE800B46C4F80A
:10901800CC10F9E004F5927104F1B80005B0BDEC8C
:10902800048BBDE8F04F85E7834B42F21079834902
:1090380004F1AC08B3F86423B646D1F808C0254655
:1090480093F84C1309FB02F97D4804F1D00A7D4AD4
:109058004FF0010B0191B3F95E13DFED7B8A0391A9
:109068000178D0680291B9FBFCF984461DE0F8EE5E
:10907800E77AC8ED298AC5F86CE198ED298AC8ED28
:10908800008A37EE888A88ED298AC5F86CB1C5ED63
:10909800587AC5ED577AC5ED598A012F35D0013672
:1090A80008F104081435032E75D03AF9021B4F4510
:1090B80007EE901ADBD0D5F86C01F8EEE77A98ED58
:1090C800298A013037EE888A012888ED298AC5F86F
:1090D8006C01DCD095ED575A07EE100A95ED596AE8
:1090E80077EEC55AB8EEC77AC5EE876A36EE857A46
:1090F80077EEC77A85ED587A85ED577AA5EEA76A97
:1091080085ED5A6A85ED596AC7E7D5F86C010128DB
:109118002CDD0138D5ED5A6A07EE900AF8EEE77AA9
:1091280086EEA77AB1EEC79A1EB3019941B107EE50
:10913800901AF8EEE77AF4EEC97AF1EE10FA25D42F
:1091480007EE909A022EB8EEE77AC8EE077AC8EDD5
:10915800007AA4D19DED037A6046DFED3C6AB8EE53
:10916800C77AE7EE667AC4ED2D7A15E0B0EE689A14
:10917800DAE702991429D8D1B0EE490A02F068FA60
:109188004FF0000E84462F4A2B4BCEE7C2F80CC096
:10919800C4F8989106E06046012FD06007D0013FDF
:1091A800C4F8987105B0BDEC048BBDE8F08F284871
:1091B800002293F804170368C3E90722C3E90A22C7
:1091C80021B1244B1B6833F48053E8D1012002F00D
:1091D8006FFAD4F89871E2E7B4F9D22007EE903A22
:1091E800D4ED2C6A07EE102AF8EEE77A94ED2B6A94
:1091F800B8EEC77AB4F9D43077EEC67A37EE667A25
:10920800C4ED2E7A84ED2F7A07EE903A94ED2D7AFC
:1092180094F8DA10F8EEE77A092977EEC77AC4ED00
:10922800307A3FF4F7AE04F1B80005B0BDEC048B1A
:10923800BDE8F04F2EE600BFC08A0120C80200201A
:10924800B4010020BC010020000000000AD7233C24
:10925800702200200C7B012010B53E4C94F8923609
:10926800012B39D0022B48D0CBB194ED060A3A48ED
:10927800FFF7B6FBF0EE407A384894ED070AC4EDE4
:10928800097AFFF7ADFBF0EE407A354894ED080A0D
:10929800C4ED0A7AFFF7A4FB84ED0B0A10BD04F1B4
:1092A8003C00FFF759FED4F8D431002BDDD1D4EDC2
:1092B800396A94ED3D0A94ED3E7AD4ED3F7A20EE7A
:1092C800260A27EE267A67EEA67A84ED060A84ED4A
:1092D800077AC4ED087ACAE704F5EC70FFF73CFE9C
:1092E800D4F87033002BC0D1D4EDA06A94EDA40A51
:1092F80094EDA57AD4EDA67AE1E704F13C00FFF7F6
:109308002BFE04F5EC70FFF727FED4F8D421D4F82F
:1093180070331343A9D1D4EDA07AF6EE006AD4EDE8
:10932800A65A94EDA40A94EDA57A27EE800A94ED46
:10933800396A27EE877AD4ED3D4A67EEA57A94ED2F
:109348003E5AD4ED3F5AA4EE860AA6EE057AE6EE1A
:10935800257AB4E7C80200204006002088060020CD
:10936800D00600202DE9F84304462DED028B002895
:1093780060D003680D46416900221E694FF0FF3036
:10938800E3683144DFF8E0C0EB1A344EDFF8DC80E4
:1093980007EE903A324F6161A280B8EE678AE560C5
:1093A80088F800203A70CCF80040C6F8E00A02F0CD
:1093B80087F923688146DB68984702F081F9636A78
:1093C800A0EB0900D6F8AC22A3EBD30398F8001061
:1093D80000EB800C024403EB4C03C6F8AC2263623A
:1093E80059B9226B236AAA1A2563A3EBD30302EBAC
:1093F8008201A26003EB41032362D6F8E03A5A1CCB
:109408001CD0DB013A78E36122B9A36A834238BFF2
:109418000346A362D4ED067A9FED127A38EE678A86
:10942800E26A636B0244E8EE077A0133E26263633F
:10943800C4ED067ABDEC028BBDE8F8833B78002BBF
:10944800E8D1E369B0EBD31F02D9C301E361DCE7DC
:10945800012BDAD9013BE361D7E700BFF4A1012072
:1094680070250020CDCC4C3D702200206C250020BA
:10947800024B1B68D869C009704700BF70220020E2
:10948800014BC3F8E00A7047F4A10120064B074AD4
:1094980093F843301078013303F00303181AB0FA35
:1094A80080F04009704700BF10BC012088280120C7
:1094B80010F8243C03B97047C16850F8102C0B68A9
:1094C800497934335B58002A74D09A1A72D03B49D0
:1094D80007EE902A50ED076AF8EE677AF0B550F873
:1094E800145C86EEA77A6C00A1FB0461B2EB510F05
:1094F80024D92C44B2EB540F20D2F3EE097AB4EEFF
:10950800E77AF1EE10FA07D4DFED2D7AB4EEE77AB8
:10951800F1EE10FA12D501E09FED2A7A30F8161C08
:1095280010ED086A06EE901A77EE465AF8EEE66AEB
:10953800C5EEA67A77EE867A40ED087A30F8186C90
:10954800511B214C214F041BDFF898C091FBF6F109
:109558002944E5101E4CB1FA81F640F8141C04FBAE
:1095680005F41C4D17F806E01CF80670E4B220F864
:1095780018EC20F8167C2D78A54202D040F8103C53
:10958800F0BD154C2478392CF8D150ED087ADFED70
:10959800136A134C67EEA67A27EE267A2661FDEE4B
:1095A800E77ABDEEC77AC4E90212C4ED007A84ED09
:1095B800017AE3E740F8103C704700BFABAAAAAABB
:1095C80000401C4600000000080200204435050841
:1095D800B76DDBB6C4020020B401002000007A4455
:1095E800BC0100202035050810F8243C002B00F0B1
:1095F800B38050F8103C002B00F0A880CB1A9BB227
:10960800002B00F0A38050ED076A2DE9F04150F8D7
:109618000C6C50F8145C03FB06F26C0007EE902A01
:109628004E4AA2FB0472F8EE677AB3EB520F86EE4D
:10963800A77A11D92C44B3EB540F0DD2F3EE097A63
:10964800B4EEE77AF1EE10FA46D4DFED457AB4EEDF
:10965800E77AF1EE10FA41D430F818EC5A1B414C75
:10966800414F041BDFF818C192FBFEF22A44E510B3
:109678003E4C02FB06F8DFF80CE104FB05F4B8FAEF
:1096880088F540F8142CE4B217F805801CF805702A
:1096980020F8188C20F8167C9EF80070A7422ED06F
:1096A800B2F5805F49D2012E0FD97608C168520001
:1096B8004FF0FF350C68012340F80C6C7119A1625A
:1096C8000021E562636140F8142C002340F8101C67
:1096D80040F8043CBDE8F0819FED257A30F8162C5F
:1096E80010ED086A06EE902A77EE465AF8EEE66A1A
:1096F800C5EEA67A77EE867A40ED087AACE71D4C7F
:109708002478392CCCD150ED087AB6FA86F7DFEDFB
:109718001A6A1A4CC7F1200767EEA67A27EE267A4E
:1097280025616761FDEEE77ABDEEC77AC4E90223D9
:10973800C4ED007A84ED017AB2E7FF2EC5D8B2F500
:10974800804FC2D97600C1685208B1E7002340F8BB
:10975800101C40F8043C7047704700BFABAAAAAA87
:1097680000401C460802002044350508B76DDBB6EA
:1097780000000000B401002000007A44BC01002071
:1097880020350508C402002001F0B6BC10B5044617
:10979800084601F089FF01462046BDE8104001F067
:1097A800ABBC00BF50F8083C0133012B40F8083C23
:1097B80039D91D4B1D49C31A50F8102CDB10FF2A4C
:1097C80001FB03F370B4DBB21DD8816852004FF07F
:1097D800FF3501240968561940F8102C8E62CD62B5
:1097E8004C61012200214FF40055114C40F8081C2F
:1097F80020F81C2C20F81A2C40E9065122789A42AD
:109808000ED070BC70478168013A4FF0FF360125D1
:10981800096800248A62CE624D6140F8244CE0E772
:1098280070BC01F021BF70470C020020B76DDBB699
:10983800C4020020014B586901F046BBBC5100200E
:10984800014B186901F040BBBC510020014BD8689E
:1098580001F03ABBBC510020014B986801F034BBC1
:10986800BC510020014B586801F02EBBBC510020B0
:10987800014B186801F028BBBC510020034B1A6843
:10988800531E1844B0FBF2F0704700BF34060120A5
:109898000D4B0E4993F843200B78934212D00133B5
:1098A80003F00300904208700CD000EB8003084AD4
:1098B800012030B402250024AB40D118D5544C60A7
:1098C80030BC70470020704710BC01208828012058
:1098D8008C2801200D4A0E4B92F843201B789342A6
:1098E80009D003EB83000B4911F82010481E01280A
:1098F8000AD9032901D000207047581C00F0030042
:10990800801A18BF012070470120704710BC012041
:10991800882801208C280120064B074A1B7892F8DA
:109928004300013303F00303181AB0FA80F040092A
:10993800704700BF8828012010BC0120044A054B4D
:1099480092F843001B78C01AB0FA80F040097047BB
:1099580010BC01208828012010B4EFF31182902355
:1099680083F31288837800240188D2B2847043EA92
:1099780041039BB282F31188074A180A127880EAD9
:109988001310584002B1C0431B0100F00F005DF8EE
:10999800044B9BB218437047B8010020836890EDD0
:1099A800017A013307EE903AF8EE677AF4EEC77A57
:1099B800F1EE10FA02D5B0EE677A8360D0ED006A56
:1099C80030EE660AC0EE077A37EEA60A80ED000A86
:1099D800704700BFD0ED007A90ED017A30EE670A4B
:1099E800E0EE077AB0EE670AC0ED007A704700BF74
:1099F800C36890ED027A013307EE903AF8EE677A81
:109A0800F4EEC77AF1EE10FA02D5B0EE677AC360C9
:109A180090ED016AD0ED006A30EE460AC0EE077A92
:109A280077EE867A37EEE66AC0ED017A86EE070AA7
:109A380030EE260A80ED000A704700BFD0ED017AAB
:109A4800D0ED026A30EE677A90ED000AE7EE267AEA
:109A580037EEC07AC0ED017AA6EE870A80ED000ADB
:109A6800704700BF0369D0ED037A013307EE103A5F
:109A7800B8EE477AB4EEE77AF1EE10FA02D5F0EED6
:109A8800477A036190ED027AD0ED015A30EE470A29
:109A980090ED006AC0EE276A76EE876A36EEE55AE0
:109AA800C0ED026A85EE277A37EE257A77EE466AA8
:109AB80080ED017A86EEA70A30EE060A80ED000AEC
:109AC800704700BF90ED027AD0ED036A30EE476A26
:109AD800D0ED017A90ED000AA6EE267A37EE676A95
:109AE80080ED027AE6EE867A37EEC07AC0ED017A2A
:109AF800A6EE870A80ED000A704700BFB0EE407AF4
:109B0800D0ED037A90ED010A90ED026A27EE800A03
:109B1800D0ED046AD0ED007A80ED017AA6EE070A4E
:109B2800A6EEE70A80ED000A704700BF90ED017AC3
:109B3800F0EE406A90ED026AD0ED047AA6EE007A63
:109B4800B0EE470A90ED037A67EEC07A80ED000A1E
:109B5800E7EE267AC0ED017A704700BFD0ED026AC1
:109B6800B0EE407AD0ED057A90ED046A26EEA70AA9
:109B7800D0ED034A90ED064AD0ED007AA6EE070A2A
:109B880090ED075A90ED016AD0ED085A80ED027AFF
:109B9800C0ED036AC0ED017AA4EE240AA5EE670AB7
:109BA800A5EEC60A80ED000A704700BF90ED046A72
:109BB800F0EE406AD0ED027A90ED077AE6EE007A90
:109BC80090ED055AD0ED065A90ED036AB0EE670A9B
:109BD800D0ED087A27EE407A80ED000A67EEC07A69
:109BE800A5EE267AE5EEA67A36EE077AC0ED037A78
:109BF80080ED027A704700BF80ED000A704700BF11
:109C0800F0EEC07AB0EEE07AB4EEE77AF1EE10FA50
:109C180077FE275AF5EE405AF1EE10FA48D0B4EE26
:109C2800E77ADFED273ADFED272AB7EE005A9FEDF6
:109C3800262AF1EE10FA9FED253A9FED254ADFED31
:109C4800254A54BFF0EE671AF0EE471A9FED226AD4
:109C5800C1EEA56AF0EE635AE6EEA25AA6EE823A83
:109C6800A6EEA55AA6EE834AF0EE455AB0EE645A1F
:109C7800A6EE845AA6EE856AB1EE466AC6EE256A55
:109C8800B4EEE77AF1EE10FA03D5DFED147A77EE49
:109C9800E66AF5EEC00AF1EE10FA0CD4B5EEC00A89
:109CA800F1EE10FA48BFF1EE666AB0EE660A704748
:109CB800DFED0B6AE4E7DFED0B7A77EEE66AEDE7B6
:109CC80069A2163E99FB243F39094E3DE3B59EBE75
:109CD80088FA16BE45FE7FBFA7DFA8B4DB0FC93FD1
:109CE800A7DFA834DB0F4940F0EEC07ADFED114A58
:109CF800B7EE007ADFED105A9FED106AB5EEC00A94
:109D0800E7EEA45ADFED0E6A37EE675AF1EE10FA65
:109D1800B1EEC57AA5EEA76AE6EE276A67EE267A5F
:109D280002D4B0EE670A70479FED067A77EE677A3D
:109D3800F7E700BF306E99BC2716983D843459BEAA
:109D4800A40DC93FDB0F494008B5FFF7CDFFDFED94
:109D5800027A37EEC00A08BDDB0FC93FFDEEC07AB4
:109D680017EE903A2033402B47D8DFED257AB4EE32
:109D7800E70AF1EE10FA08DD9FED227A30EE470A85
:109D8800B4EEE70AF1EE10FAF8DCDFED1F7AB4EE74
:109D9800E70AF1EE10FA08D59FED1A7A30EE070AB5
:109DA800B4EEE70AF1EE10FAF8D4DFED187AB4EE63
:109DB800E70AF1EE10FA14DDDFED117A37EEC00A8A
:109DC80020EE007A9FED126ADFED126ADFED127A5B
:109DD800E7EE066A20EE076AE6EE877AA6EE270A1D
:109DE8007047DFED0E7AB4EEE70AF1EE10FAE7D528
:109DF800DFED057A37EEC00AE2E79FED090A704702
:109E0800DB0F4940DB0FC940DB0F49C0DB0FC93FFF
:109E180092E741B99730083C15A82ABEDB0FC9BFA5
:109E280000000000DFED027A30EE270A96E700BF57
:109E3800DB0FC93FDFED147A9FED147A60EEA77A45
:109E480008B5C7FEC07A67EE877A87EEA05AB0EEEB
:109E5800450AFFF783FFF0EE405AB0EE450AFFF7D8
:109E6800E1FFF7EE007A85EE807A37EE276A77EE23
:109E7800677AC7EE066A87EE867AC0ED026AC0ED99
:109E8800036A80ED047A08BD3333F33EDB0F4940A3
:109E9800DFED277A9FED277A60EEA77A08B5C7FE2F
:109EA800C07A67EE877A87EEA05AB0EE450AFFF7C8
:109EB80055FFF0EE405AB0EE450AFFF7B3FF31EE1A
:109EC800011A0429B0EE407AC5EE817A24D0B7EEA3
:109ED800005AF6EE006AB8EE000A35EE476A35EE2B
:109EE800675A27EE000A66EE266AB7EE007A77EE22
:109EF800877A86EEA77AC6EE275AC5EE276A80EEDD
:109F0800276A80ED047A80ED067AC0ED055AC0ED27
:109F1800086A80ED076A08BDB8EE006AF7EE006AC5
:109F280020EE066A36EEE75AB0EE460ADDE700BFD5
:109F38003333F33EDB0FC940D0ED017AB0EE407AFF
:109F4800D0ED036A90ED026A27EEE60AD0ED007ABA
:109F580080ED017AA6EE870AA6EE670A80ED000A70
:109F6800704700BF2DE98048DFF8148289B0DFF818
:109F780014A2DFF814B2DFED658A9FED659A8FE1D0
:109F8800644B54681968644B1B685D185A42281B57
:109F98000295904206DA90FBF2F202FB03331D446D
:109FA800281B02955D4B1D6885424DDC5C4B1A6889
:109FB800904280F29C85954204DA5A4B1B68D21A6B
:109FC800574B1A60002805DD574A02985468031B4E
:109FD800002BFBDC554B1B78422B40D001F070FB6B
:109FE800054653482946FFF7BDF9524B03901A8896
:109FF800514B501C1978B0FBF1F301FB1303002BF4
:10A0080038D0002A40D0494A4C4B1778D3F8CC3185
:10A01800282FA5EB03093FD0494B1B78002B40F0B4
:10A02800CE80484B1B78022B00F0B08043D8012B20
:10A0380040F0B380444B33F8022B002A40F04A85A5
:10A04800424A9A42F7D1A8E0354E414B32681B6824
:10A058009A42ADDA3F4B1B681A443260A8E7611A8E
:10A068003D4B01EB81011A684B0093FBF2F33B4A2D
:10A078001360B3E729463A48FFF774F92D4B1A885D
:10A08800039B03440393BCE729463648FFF76AF964
:10A09800039B03440393B6E7334A4FEAE97382FB11
:10A0A8000912C3EB62132D4AB3F5FA6FA8BF4FF438
:10A0B800FA639360B0E7033B022B6ED8214B21482B
:10A0C800DB689847194B02461F78282F00F00E814D
:10A0D800264B197802F00B030529019300F00B8138
:10A0E80002F00400224A1378034314BF012300231B
:10A0F8001370019A012A50D11E4B1F492B440A7034
:10A10800C8F8583001231D4A137055E000007A44FE
:10A118000000C84204BA0120E4AC0120DCB90120E7
:10A12800E4B90120E8B90120001000E0B4010020E2
:10A138006430012014460020F4000020E42F0120A0
:10A148006C8C0120A4360120008D0120188D01207F
:10A15800E0B90120ECB90120548E0120BC01002097
:10A16800A4300120E43001201F85EB51948E01209A
:10A178006E8C0120A0860100357E01206D8C0120A7
:10A1880058C40120DC7200209CA40120A14B98F83F
:10A1980054201B789A4240F09F80D8F85830EB1A28
:10A1A800002B09DD9C4B002101229C482B440170A7
:10A1B800C8F858309A4B1A70282F00F0CC80994B69
:10A1C800D8F864201B689B1A0A2B00F3D080964BA2
:10A1D8001F78432F00F08D82944B1B681A1B002AAE
:10A1E800C0F25E84924B029A1A6001F055FA90F818
:10A1F800DC30032B3BD0D8F87430D0F8E010002BBB
:10A2080000F09882994280F0B3828A4B1A68029BC8
:10A21800002AD0F8E8001446B8BF541C181A90FB5E
:10A22800F2F302FB1303B3EB640FC8BF9B1AD8E920
:10A238001F201344C8F87C3018B901F13200C8F85F
:10A248008000814213D37C49DA173230422F81FBD8
:10A2580003137749C8F88000C2EB2313029AA2EBD4
:10A2680003020A6000F096820023C8F87C30734A23
:10A27800734B5268029904921B788A1A0192F3B1BF
:10A28800704B019A1B68B2EB430F18DC664B1A78C7
:10A298000A2A00F0BB83D8F888300133C8F8883020
:10A2A80001F00EFA664B654A1B780590002B7FF487
:10A2B80067AE52680393029353420492019301F0EC
:10A2C800FFF9614B002705461C68CAF80070002C8E
:10A2D80000F0FD82B9467BE24F4A012188F85430EC
:10A2E8002A444E4BC8F8582019700BE700F00203B7
:10A2F80056494B60ECE6012BB8F860C040F2FF30DD
:10A30800B8F8623018BF0020D8F85C6001336044A8
:10A3180009EB060EDFF84CC19BB280B2C8F85CE0CE
:10A32800E645A8F86230A8F860007FF7D9AE049235
:10A33800B0FBF3F001F0D8F9D8F85C00444B0021E9
:10A34800394A0344A8F860101778A8F86210049AEC
:10A35800C8F85C30C4E6334BD8F864201B682F4932
:10A368009B1A3A4A09780A2B11607FF735AF394AA8
:10A378002C4BD1681B6852685B1A93420ADC354E35
:10A3880096F80290B9F1000F0CD1264B1B68C8F85B
:10A3980064301CE700232F4A042082F8253001F09E
:10A3A8008BF9ECE72C4B07201D7801F0A1F996F802
:10A3B800253005F00107019018B1284A9279022A40
:10A3C8000AD0012B0DD005F0020357EA03051ED071
:10A3D8004FF00009022505E001F062F91E4B1D78D7
:10A3E800F1E700253A461B4B4F469FED1D8AA946CB
:10A3F80093F824301546062B00F27181DFE813F03C
:10A4080034009F00B500C500D400DE00BC00A9469A
:10A41800E8E700BFF5A10120A0860100357E0120F4
:10A428006D8C0120301D0120B401002008BA0120E4
:10A4380004BA0120E4AC01201F85EB51001000E0B4
:10A44800E0720020548E012034460020BC01002018
:10A458006079FEFF407E01209478012048A7012002
:10A468000000FA449F860100002D5BD001F0F8F847
:10A47800002838D1019B1BB1B24B987901283CD0F8
:10A48800002F40F02C81B04BB0491B684A699A42B2
:10A4980003D2AC4BDB79022B34D1AC4B4FF0010229
:10A4A80083F82420A94AA7491388C8794FF00101E5
:10A4B80001330128D170138044D002284BD00028E2
:10A4C800F0D1012001F0E0F89F4B02211A689D4B62
:10A4D8005879642313FB00239C48826880F8241071
:10A4E8008361026242E0984B64211A68954B5B884D
:10A4F80001FB0323954A5361BCE794490B88C87054
:10A50800013305E00B8801204FF001020344CA70B3
:10A518000E460B8001F0B8F80322B36886F82420B1
:10A52800336232E0019B4D4601202BB101F0ACF8BB
:10A538000023864A5361D3E001F0CAF8F8E7002FF8
:10A548003CD1AFE701F0A0F8804903228B6881F87D
:10A5580024200B6219E0402001F096F87B4906227E
:10A568008B6881F824200B6208E03FBB002D40F087
:10A57800A782754B1B6804E0002F39D1002D40F0ED
:10A58800B6800323714A82F82430012001F0A8F82C
:10A59800022001F091F86D486B4B04221968036A98
:10A5A80080F824200B44C361002F00F08E80664B96
:10A5B800664A1B68D2699A4280F09180624B642097
:10A5C800002219685F4B5B8800FB03135F4940203A
:10A5D8000E464B6181F82420CA7001F079F80120F9
:10A5E80001F076F8022001F02FF896F8243002E7FF
:10A5F800574B54495A8A002391F80AE01646C2F587
:10A60800FA6206950492534A92F800C05078524A6A
:10A6180022E0711A07EE101AB8EEC77AF4EEC77A7C
:10A62800F1EE10FA4FD5A1F57A7137EE677A07EE99
:10A63800901A27EE097AF8EEE77AC7EE276AFCEE59
:10A64800E67ACDED077A9DF81C1000E064218E456E
:10A6580043D90133032B42D0F2EC017A022B0CBF11
:10A6680001466146F4EEC87AF1EE10FAEEDAF4EE3D
:10A67800E87AF1EE10FAE9D9751807EE105AB8EE33
:10A68800C77AF4EEC77AF1EE10FAC2DD06EE901A38
:10A69800049DB8EEE66A06EE906A6D1AF8EEE66A70
:10A6A80007EE105A77EEE67AB8EEC77A77EEC67AF2
:10A6B80067EE897AC7EE876AFCEEE67ACDED077A0F
:10A6C8009DF81C10C3E70021C1E71F4B4D461F49E9
:10A6D8001A680B6A1344CB6102E0069D6EE74D468B
:10A6E800002D3FF452AE284600F0E2FF4DE6032568
:10A6F800F9E71A4B1A4819681A4B1A880B1B002BD2
:10A708000260BFF66FADD8F86C30174A03EB8303CD
:10A71800164812685B00114D00FB0211B8F9680079
:10A7280093FBF2F329600E4DB8F970106860C5E923
:10A738000231BCE146F2A813C8F878400B44C8F8C7
:10A7480074305FE548A70120301D0120407E0120BC
:10A75800C8360120E4950120EC7D012008BA0120CB
:10A76800BC01002010460020548E012040420F00FA
:10A77800D8F8782046F2A815C8F87840A21AA84C4C
:10A788001D44D208C8F87450A4FB0232A54B120A23
:10A798001A603CE503EB8303A34A5B00126893FB52
:10A7A800F2F3A24AD3605FE5E1682846691A904748
:10A7B80060BBA388E08099456DD3DAF800309C4AE5
:10A7C800013352F82340CAF80030002C00F08C8086
:10A7D800206890F91430591CEFD08268002A45D0BF
:10A7E800A1880029E0D022690069AA1ADBF80010C4
:10A7F80092FBF0F20132013192B2CBF8001013FB58
:10A8080002F3E28001339BB2A380D4E700F058FF43
:10A81800884E4FF001028849401B2368E280326865
:10A82800864E0968A2EBD2023668A1EBD10C02442D
:10A838003118834E2561366893F91430B04203F11C
:10A84800010338BF30467B4E9BB23260A2687B4E14
:10A858009444DBF8002031600132794E7649A380B8
:10A868003060C1F800C0CBF80020A4E7E1680069B7
:10A878006A1A92FBF0F292B2E2800AB9A3889AE7C8
:10A8880013FB02F3DBF80010013301319BB2CBF864
:10A898000010A3808FE76B48E2690068D8F884103D
:10A8A800D209064660483144006800FB0210019A4C
:10A8B800824209DCD8F88820520705D0624AA21AD9
:10A8C800B2F5007F7FF479AF9946274675E75F4870
:10A8D8005F4903685F4A0133127803604B68049943
:10A8E8005B1AC8F88430D3E4584A594913680133CD
:10A8F8001360049A4B689B1AC8F88430002F3FF401
:10A90800C5AC494BF8691A684E4BC4091B68FC630F
:10A9180002FB0434D1F80490029BA3EB0903A34281
:10A9280015DC4D4B1B78012B11D1FB88012B59D914
:10A9380007EE900A9FED497A464BF8EE677A1A7847
:10A9480067EE877AFCEEE77AC7ED077AA0E4294636
:10A958003846FEF707FD3E4B039A5B680244A3EBBB
:10A9680009093F4B0392A9EB04041B68364A002CE3
:10A978007ADD9D1AB5F5007F7FD0364A1278422AD3
:10A9880015D0986BB5F5E07FB8F86870D8F86C10FA
:10A9980000F1010007F101070C449863A8F86870FA
:10A9A800C8F86C406BD1002388F8903067E004EB5E
:10A9B80084011D481D4EAF1100684900776091FB66
:10A9C800F0F1B160DDE71F4A11688B4202DB214BD1
:10A9D8001A785EE0234B1F4A1B681278C91A194B74
:10A9E800196056E0184BFB1AB3F5E07F7FF44EACC4
:10A9F800B8F88C20002A3FF449AC98F8903001331D
:10AA0800DBB29A4288F8903092D33FE400F058FEC7
:10AA1800059B039A1344C01A044B98603BE400BF9B
:10AA280089B5F814E4AC0120548E0120BC01002043
:10AA38003446002070BD0120D8C301206CBD012020
:10AA480074BD0120F8B90120E42F012098A4012049
:10AA5800001000E0B4010020E07200206666663F46
:10AA680070220020FCB901209B1AB3F5E07F3AD090
:10AA7800244B64421B689C42A5DA234B1A7823486E
:10AA88002349036809688B4203DA224909680B44A1
:10AA98000360B8F870300133A8F87030FFF7F8BBDE
:10AAA8001D4A1E49126801FB02331D4A1360002328
:10AAB800A8F86830C8F86C30A8F87030FFF792BB77
:10AAC800184B1A68184B9B699A427FF610AE4FF0E4
:10AAD800030956E5154B012215492B440A70C8F89D
:10AAE8005830FFF769BB002388F89030C0E7002290
:10AAF800104B03925B68029A0493D31A0193FFF7F1
:10AB0800BFBB00BFF0B90120B4010020F8B9012093
:10AB1800F4B9012000BA0120548E012040420F00F0
:10AB280008BA0120301D0120407E0120A0860100C6
:10AB3800357E0120001000E02DE9F04F037D83B041
:10AB4800044602681F2B1ED9A3F120052021506856
:10AB5800A940014214BF0121002189B1A569A54E70
:10AB680005EB8501AF0006EB411191F8580090B153
:10AB78001F2B40F23A81A3F1200120238B40D360A0
:10AB880003B0BDE8F08F202110689940014214BF3E
:10AB980001210021E1E7DFF870C29748DCF804C022
:10ABA800DFF868820078C8F800C000286ED089688D
:10ABB800D1F814C00868DCF8001021F00101CCF8C5
:10ABC8000010C16821F48071C1608C49097800299E
:10ABD800CED07B198A49DFF838925B0106EB030A6D
:10ABE8001833DAF89400F218C3B2019220F0FF008B
:10ABF800A3F1100CDAF80830A1FB0C21D3F800B04F
:10AC0800090900F03DFD0121D9F89C30019A8AF824
:10AC18005810002B4ED07B19DBF800004FF0FF3C9A
:10AC280006EB431340F08000596DCBF80000B1F5F6
:10AC3800807FCBF82CC000F0B58041D8012965D0C1
:10AC4800102940F08580DBF82010D3F8880021F027
:10AC58001001D3E923CECBF8201040EA0E00DBF830
:10AC6800181040EA0C00D3F884C021F47F4343EA6B
:10AC78001023CBF81830DBF8203023F0A00343EA88
:10AC88000C1343F01003CBF8203061E0D1F894E0C6
:10AC98008868DEF800C0D0F800902CF00100B1F808
:10ACA8000CC0CEF80000D9F80C1021EA0C01C9F844
:10ACB8000C108AE700F004FD019AC9F89C00AAE785
:10ACC800B1F5805F44D1DBF82010D3F8880021F477
:10ACD8008051D3E923CECBF8201040EA0E00DBF8F0
:10ACE8001C1040EA0C00D3F884C021F47F4343EAE7
:10ACF8001023CBF81C30DBF8203023F4204343EA40
:10AD08000C3343F48053CBF8203021E0DBF82010DB
:10AD1800D3F8880021F00101D3E923CECBF8201025
:10AD280040EA0E00DBF8181040EA0C00D3F884C0A3
:10AD380021F0FF0343EA1043CBF81830DBF820304A
:10AD480023F00A0343EA0C0343F00103CBF8203055
:10AD58003D4400232A4906EB4516D6F89400336291
:10AD6800C3B220F0FF00103BA1FB0331090900F03A
:10AD78008FFCD6F89410234B4868B2680340B0891A
:10AD8800156843F0160322681F4E4B600B6843F0AA
:10AD980001030B60EB680343EB607168237DC8F81F
:10ADA8000410E5E6DBF82010D3F8880021F4807160
:10ADB800D3E923CECBF8201040EA0E00DBF81C10B4
:10ADC80040EA0C00D3F884C021F0FF0343EA1043A3
:10ADD800CBF81C30DBF8203023F4206343EA0C2343
:10ADE80043F48073CBF82030B2E7202101FA03F353
:10ADF8009360C5E68C1A0020640A0020B801002080
:10AE0800ABAAAAAA0000FFFF001000E0E872002029
:10AE18004C770020F8B5FEF791FD80B1254B1C78E2
:10AE28008CB104EB4401244B244A40F20D37C4EBA7
:10AE3800C104234E107803EBC404224D1CE000F03B
:10AE48001BFC0028EAD1F8BD1A68B3F804E0D2F870
:10AE580000C0B3F8B4102CF0800CC2F800C0C2F8DF
:10AE68002CE05062D2F80CC041EA0C01D160A3F882
:10AE7800B400B833A342E6D00028E5D0D3F8A82020
:10AE8800B3F8ACC0D2F804E019680EEA060E4CEA32
:10AE98000E0CC2F804C0D2F800C04CF0010CC2F885
:10AEA80000C08A6C2A403A438A64CA6842F48072B5
:10AEB800CA60DEE7680A00206C0A0020640A0020E5
:10AEC8000000FFFFE0E0FFFFF8B5D0F820310446AE
:10AED800DA69910614D5586AE36AC0B2002B34D0F7
:10AEE800216B9847D4F820311A6822F480721A60CE
:10AEF8009A6822F001029A609A6942F008029A61FF
:10AF0800DA69D20701D501221A62DA69970701D5F1
:10AF180002221A62DA69560701D504221A62DA692E
:10AF2800150701D508221A62D4F80021CAB1D969D7
:10AF3800490634D4DA69D20606D5626B12B1904755
:10AF4800D4F8203110221A62F8BDE3696269D0543E
:10AF5800E369E1680133B3FBF1F201FB1233E3610A
:10AF6800C0E7D9690806E2D5D4F894112129DED0C2
:10AF7800D4E9090181420BD0A069405C0131C0B21B
:10AF880098622569B1FBF5F005FB1011A162CEE7C7
:10AF9800A4F87221196821F080011960C7E7D969FE
:10AFA80004F590701E680F079D6809D18F060DD5AE
:10AFB800B5060BD5D4F88031002B40F0918092E093
:10AFC80005F0010506F490772F4315D10F0602D539
:10AFD800350600F18280480640F18580710640F10F
:10AFE800828019682025002021F040011960C4F8EA
:10AFF8009451C4F8840176E0CF0709D5F70507D541
:10B0080001271F62D4F89C7147F00107C4F89C71AE
:10B018008F070BD5ADB102271F62D4F89C7147F09A
:10B028000407C4F89C714F070BD502E04F0708D5F9
:10B038003DB104271F62D4F89C7147F00207C4F899
:10B048009C710F070BD506F020073D4307D0082554
:10B058001D62D4F89C5145F00805C4F89C51D4F8F9
:10B068009C51002D3FD08D0607D5B10605D5D4F8E3
:10B07800802112B19047D4F82031D4F89C119A68F5
:10B0880001F0080102F040020A4323D01A68202088
:10B09800002122F490721A609A6822F001029A60E4
:10B0A800C4F898019A68C4F88011520619D59A68AC
:10B0B800D4F88C0122F040029A6090B10D4B0365E0
:10B0C80000F0BEFA68B1D4F88C01036D9847D4F843
:10B0D800002108E0C4F89C2103E0D4F8843113B1BE
:10B0E8009847D4F8002112B1204600F0C1FAD4F8EC
:10B0F80020311FE74DFC00082DE9F041DFF8CC8036
:10B1080000EB800608EB4616F37B0BB9BDE8F0812F
:10B1180004460F468500FEF7DDFB50BB254404EBD3
:10B1280084046B0108EB441028F8037008EB4518F9
:10B13800FEF712FC204B02461B7843BB1F4B012134
:10B14800D8F89C001B689847D8F89420D8F89850ED
:10B1580051681B4BB8F80C400B40B5F8B4101843B5
:10B168002143A5F8B4105060136843F0010313603D
:10B17800CCE7144A144B127802EB820203EB8203E9
:10B1880023445F7B002FC9D00123B370C6E7D8F8EA
:10B1980008300421D8F898005B79D0F8B00003F0A3
:10B1A800FC03064D18442B689847D8F8983080005F
:10B1B800A3F8AC00AAE700BF640A0020600A0020D8
:10B1C8000000FFFF882801208C2801208C1A00200D
:10B1D8002DE9F0477A4C064601200C44334600FA24
:10B1E80002F206EB4404A3420ED2188810420AD099
:10B1F8005888104223D09888104222D0D888083323
:10B208001042F0D100E002331C8804EA0200044630
:10B21800002840F0CE809D1BA1EB6505452D28BF79
:10B22800452503EB4505AB4280F0C38084469E4626
:10B2380007460646DFF894914FF0010824E00433EE
:10B24800E2E70633E0E70233AB422DD2A3EB0E016F
:10B2580033F8026C9E46491016404C1C89FB04A129
:10B26800A1EBE4710129B8BF01214C1E8F408C4429
:10B2780008FA04F10F4305E00433E5E70633E3E792
:10B288009D4211D91C881440B442DCD15988114020
:10B298008C42F1D1998811408C42EFD1D98808337A
:10B2A80011408E42ECD0CFE7BCF1110F40F2818003
:10B2B800CCF1150CBCF1000F7EDB4BD00CF1FF314B
:10B2C800012307FA0CFC3F4A03FA01F747EA0C0C82
:10B2D800CCF3C4330CF01F04CCF34411CCF3842C0E
:10B2E80002EB830302EB8404D3F8A85402EB810138
:10B2F800D4F8A83402EB8C0CD1F8A81443EA05332F
:10B30800DCF8A82443EA011343EA022383EA132260
:10B31800B3F5803F82EA121234BF0021012102F006
:10B328000F020F2A0CBF0A4641F00102002A43D13E
:10B3380040F6FF711A09B1EB131F3FD0C2F30800A2
:10B348005B0B10FA03F337D01F4800EB5300B0FB38
:10B35800F3F033E01B4AC7F3C43407F01F03C7F305
:10B36800441102EB8404C7F3842702EB830302EB46
:10B378008101D4F8A844D3F8A83402EB8702D1F8A5
:10B38800A81443EA0433D2F8A82443EA011343EA91
:10B39800022383EA1321B3F5803F81EA111134BFF8
:10B3A8000022012201F00F010F2918BF42F001020B
:10B3B800BCE74FF6FE7001E04FF6FF70BDE8F0877E
:10B3C800C7FFFF7FE8160508C027090056555555E1
:10B3D800836930B45C6999682268096822F00102BF
:10B3E8001D8A2260CA6822EA0502CA60027D0068D6
:10B3F8001F2A16D9203A082144689140214215D1C4
:10B40800202101FA02F2C260234A12783AB11A7F67
:10B41800012A11D1D3F804210132C3F8042130BC28
:10B428007047082104689140214200D0FEE720219E
:10B4380001FA02F28260E7E7D3F800210132C3F88B
:10B448000021EFF31181502282F312885868C9B2A3
:10B458009D6C0268DC6C22EA05022243026081F3DB
:10B468001188996801255A695C6B986B09681460A2
:10B47800DC6B5061186C54605C6C9060B3F8B4007D
:10B48800D460C8621468188A2C4314601D77CB688E
:10B498000343CB60C3E700BFB8010020836910B540
:10B4A8000833184C54F8230000F00EF9164B1B888B
:10B4B8000C2B0DD8DFE803F0070C0C0C130C0C0C4C
:10B4C800190C0C0C1F002268D36823F40073D36096
:10B4D80001210E4B002284F83D101A7010BD22681D
:10B4E800D36823F48063D360F2E72268D36823F437
:10B4F8000063D360ECE72268D36823F48053D360F9
:10B50800E6E700BF147F0120107F0120027F0120A1
:10B518000348D0F82C3213B100F50770184770476C
:10B52800AC0101200348D0F8083213B100F5FC70D3
:10B5380018477047AC0101200348D0F8E43113B133
:10B5480000F5EA7018477047AC0101200348D0F8AD
:10B55800C03113B100F5D87018477047AC0101200D
:10B568000348D0F89C3113B100F5C67018477047EE
:10B57800AC0101200348D0F8783113B100F5B4705C
:10B5880018477047AC0101200348D0F8543113B173
:10B5980000F5A27018477047AC0101200348D0F8A5
:10B5A800303113B100F5907018477047AC01012095
:10B5B8000348D0F80C310BB1FC301847704700BF76
:10B5C800AC0101200348D0F8E8300BB1D830184757
:10B5D800704700BFAC0101200348D0F8C4300BB15C
:10B5E800B4301847704700BFAC0101200348D0F8B9
:10B5F800A0300BB190301847704700BFAC01012054
:10B608000248C36F0BB16C3018477047AC0101207A
:10B618000248836D0BB1483018477047AC010120D0
:10B628000248436B0BB1243018477047AC01012026
:10B638000248036903B11847704700BFAC010120F5
:10B648005FF800F0C54401085FF800F09D15030895
:10B658005FF800F0219E04085FF800F06900040814
:10B668005FF800F02D8402085FF800F0455D0308DC
:10B678005FF800F0056504085FF800F05DA60008B3
:10B688005FF800F0711A01085FF800F07D150308F3
:10B698005FF800F0E51901085FF800F029FE0108DD
:10B6A8005FF800F0E18002085FF800F0D9A5000813
:10B6B8005FF800F0791203085FF800F0AD15030891
:10B6C8005FF800F0855F03085FF800F0E5420108C5
:10B6D8005FF800F05D1503085FF800F035CA01084F
:10B6E8005FF800F0818702085FF800F03D1A020851
:08B6F8005FF800F0E583020891
:10B700000000000000FF0000000001000000000039
:10B71000000001010101FFFFFFFF00000100000028
:10B72000AE014A015E012C0164000000000001002E
:10B730000A019A01001E0A000000C800C8000000AB
:10B7400000000000000100010005000001020300EC
:10B7500000000000000000000000000000000000E9
:10B76000FF7F08000100C80000000F00646E0000A9
:10B77000030108004ECC000020003200C800D007B2
:10B7800096001400320028004C04400600055000CA
:10B7900014000F00080064000100010005000A0009
:10B7A0000000F40196000F000005010000000000F9
:10B7B0000000000000006400000000000000000025
:10B7C0000100C8006400140014001E000A000000FC
:10B7D00000003200141400000000464646960000A7
:10B7E000000001000553375832000000000000003F
:10B7F0000000000000000000000000000000000049
:10B800000000000000000000000000000000000038
:10B810000000000000000000000000000000000028
:10B820000000000000000000000000000000000018
:10B8300000000000010000000202000008000000FB
:10B84000000000000000000000000000FF000000F9
:10B850000005900100000000000000000000000052
:10B8600000000000000000000000000000000000D8
:10B8700000000000000000000000000000000019AF
:10B880000519050C1900E80364000F0A00010A00FD
:0AB890001E00C40900001900190091
:10B89A0000C20100000008000A0600020000004081
:10B8AA000100000009026400030100C0320904001B
:10B8BA0000010300000009211101000122360007DE
:10B8CA0005830308000A080B0102020201000904A9
:10B8DA0001000102020100052400100105240100F3
:10B8EA000204240202052406010207058203080055
:10B8FA00FF09040200020A000000070501024000D5
:10B90A00000705810240000011030108990201089D
:10B91A006D37010800000000C9FB0008C93301089F
:10B92A00F5FB000800000000000000000000000015
:10B93A00A9FB0008B9FB000899FB000889FB00086D
:10B94A001A030000000000000000000000000000D0
:10B95A0000000000000000000000000004030904C9
:10B96A00FFFFFFFF120100020000004083042A5774
:10B97A00000201020301000012010002020000405D
:10B98A008304405700020102030100001201000271
:10B99A00EF02014083045632000201020301000053
:10B9AA00000000000000000001000000000000008C
:10B9BA0000000000381E0120000000000100000005
:10B9CA00000000000000000000000000000000006D
:10B9DA00000000000000000000000000000000005D
:10B9EA00000000000000000001000000000000004C
:10B9FA0000000000CD8F000889A80008B18E000859
:10BA0A00C5A90008AD900008AD8600088586000823
:10BA1A0069860008019D0008C98C0008F18D00089C
:10BA2A00498F0008FD920008C5930008998600080E
:10BA3A00718600086186000801000000006002406B
:10BA4A00106002400000000000000000000000003A
:10BA5A00000B0000000000000000000000000000D1
:10BA6A00006002402860024001000000000000005F
:10BA7A0000000000060C00000000000000000000AA
:10BA8A000000000000600240406002400200000026
:10BA9A000000000000000000100D0000000000007F
:10BAAA0000000000000000000060024058600240F0
:10BABA00030000000000000000000000160E000055
:10BACA0000000000000000000000000000600240CA
:10BADA007060024004000000000000000000000046
:10BAEA00200F00000000000000000000000000001D
:10BAFA00006002408860024005000000000000006B
:10BB0A0000000000261000000000000000000000F5
:10BB1A000000000000600240A06002400600000031
:10BB2A0000000000000000003011000000000000CA
:10BB3A00000000000000000000600240B8600240FF
:10BB4A00070000000000000000000000362F00007F
:10BB5A000000000000000000000000000064024035
:10BB6A001064024000000000000000000000000015
:10BB7A000038000000000000000000000000000083
:10BB8A000064024028640240010000000000000036
:10BB9A00000000000639000000000000000000005C
:10BBAA0000000000006402404064024002000000FD
:10BBBA000000000000000000103A00000000000031
:10BBCA0000000000000000000064024058640240C7
:10BBDA00030000000000000000000000163B000007
:10BBEA0000000000000000000000000000640240A5
:10BBFA007064024004000000000000000000000021
:10BC0A00203C0000000000000000000000000000CE
:10BC1A000064024088640240050000000000000041
:10BC2A0000000000264400000000000000000000A0
:10BC3A000000000000640240A06402400600000008
:10BC4A000000000000000000304500000000000075
:10BC5A00000000000000000000640240B8640240D6
:10BC6A000700000000000000000000003646000047
:10BC7A000000000000000000000000000000803FFB
:10BC8A000A06000200000040010000000907200027
:10BC9A00010104C032090400000208065005070524
:10BCAA00810240000007050102400000090220004D
:10BCBA00010104C032090400000208065005070504
:10BCCA00810240000007050102400000090220002D
:10BCDA00010104C0320904000002080650050705E4
:10BCEA008102000200070501020002000A060002A2
:10BCFA00000000400100000009022200010100E0EA
:10BD0A0032090400000103010200092111010001A6
:10BD1A002236000705830308000A000009022200F0
:10BD2A00010100E0320904000001030102000921B7
:10BD3A0011010001223600070583030800070000ED
:10BD4A0009022200010100E0320904000001030196
:10BD5A0002000921110100012236000705830308A8
:10BD6A00000A00000A06000200000040010000006C
:10BD7A0009074300020104C032090400000102025B
:10BD8A000100052400100105240100010424020217
:10BD9A0005240600010705820308001009040100B2
:10BDAA00020A00000007050102400000070581029F
:10BDBA004000000009024300020100C032090400E9
:10BDCA0000010202010005240010010524010001FE
:10BDDA000424020205240600010705820308001054
:10BDEA0009040100020A000000070501020002001E
:10BDFA00070581020002000009024300020100C097
:10BE0A0032090400000102020100052400100105A4
:10BE1A002401000104240202052406000107058208
:10BE2A000308001009040100020A000000070501C6
:10BE3A0002400000070581024000000105010905D2
:10BE4A00A101A10005010930093109320933093577
:10BE5A000934093609371581257F75089508810245
:10BE6A00050919012908150025019508750181029E
:10BE7A00C0C00000092111010001223600000000A3
:10BE8A00FFFFFFFF587B012000000000287B0120F4
:10BE9A00000000000F000000020000000100000086
:10BEAA0000000101FFFF000001F11F3FD601000061
:10BEBA00848F0120D88F01200100000000010101B8
:10BECA00000000007D0000000000803F000000002C
:10BEDA0000000000000000000000803F0000000099
:10BEEA000000000000000000000000000000000048
:10BEFA000000000000000000000000000000000038
:10BF0A000D0A040800000000000000000000000004
:10BF1A000000000030B0012008000000000000000E
:10BF2A0020B0012008000000010102FFFF01020009
:10BF3A007185000855850008118500080000000079
:10BF4A0005850008F1840008DD840008000000006F
:10BF5A00000000000000000000000000CD8400087E
:10BF6A0000000000BD840008958D00085586000871
:10BF7A002D86000841860008E5850008D18500085D
:10BF8A00BD85000895990008B98400083584000821
:10BF9A00BDD60008B5E2020800000000000000005B
:10BFAA0000000000C5C802080000000000000000F0
:10BFBA0000000000302C0508382C0508000000009D
:10BFCA0005670208A086010004000000302C05085D
:10BFDA00402C050800000000F5490308E8030000AA
:10BFEA0004000000482C05080000000000000000C2
:10BFFA00B17502087D000000FF0000001435050835
:10C00A000000000000000000AD7502087D0000007D
:10C01A00FF000000B85305080000000000000000FF
:10C02A00519602087D000000FF000000502C050810
:10C03A00000000000000000035450308E803000086
:10C04A0003000000542C0508000000000000000056
:10C05A0011680208D0070000030000000C3105082F
:10C06A0000000000C1CF0108E15F03085F7600000D
:10C07A0005000000C03405080000000000000000B0
:10C08A0085A003081027000002000000602C0508A4
:10C09A00000000000000000095420308E8030000C9
:10C0AA00050000006C2C05080000000000000000DC
:10C0BA00657A020888130000030000007C2C05083A
:10C0CA000000000000000000057902088813000043
:10C0DA00030000008C2C050800000000000000008E
:10C0EA0019470308400D030003000000082405084F
:10C0FA0000000000000000000D13030810270000D4
:10C10A00020000009C2C050800000000000000004E
:10C11A003D9F01081027000003000000A02C05081D
:10C12A000000000000000000A50A0308A086010024
:10C13A0002000000A82C0508000000000000000012
:10C14A00590C030850C30000020000002C24050803
:10C15A000000000000000000F1E20208A00F000049
:10C16A0002000000B02C05080000000000000000DA
:10C17A00B9B001081027000002000000BC2C050815
:10C18A0000000000000000004904010888130000B4
:10C19A0002000000C82C0508000000000000000092
:10C1AA001594020840420F0001000000D42C050833
:10C1BA000000000000000000C9E2020850C30000AD
:10C1CA0001000000E02C050800000000000000004B
:10C1DA00898401081027000002000000E8300508E1
:10C1EA00000008020503040000000000F4300508FE
:10C1FA0001000802050404000000000000310508DF
:10C20A0000000802050304000000000008310508C8
:10C21A000100080205040400000000006826050861
:10C22A000200FE01011003000000000010310508A1
:10C23A000300140200030000000000001831050882
:10C24A0004001F0202000800000000002031050857
:10C25A0005001F020201080000000000FFFF0000A5
:10C26A00FFFFFFFF01000000940100209001002061
:10C27A000200000001000000B91404088C0100202B
:10C28A00000000000100000001000000F914040889
:10C29A00480100200000000000000000000000002B
:10C2AA000000000000000000000000000000000084
:10C2BA000100000000000000000000000000000073
:10C2CA000000000001000000000000000000000063
:10C2DA000000000000000000010000000000000053
:10C2EA00FFFFFFFF01010000C50101084502010827
:10C2FA00C53401080000000000000000993201085E
:10C30A00D132010800000000000000000000000017
:10C31A002DFB00081DFB00080DFB0008FDFA0008B4
:10C32A00C96204088D590408955E04082D1304088F
:10C33A00555E0408155E04081D130408500B0120FD
:10C34A005D28040841280408312804085513040804
:10C35A00ED270408A5270408511304082C0B012013
:10C36A00BD210408351304083113040829130408ED
:10C37A00C12204082513040821130408101C050807
:10C38A00010000001F0000001C0000001F00000048
:10C39A001E0000001F0000001E0000001F00000019
:10C3AA001F0000001E0000001F0000001E00000009
:10C3BA001F0000000068214C2A00000000800202D1
:10C3CA001F00000053544D202020202050726F641B
:10C3DA00757420202020202020202020302E30316B
:10C3EA00008002021F00000053544D20202020200C
:10C3FA0050726F6475742020202020202020202075
:10C40A00302E303100000000040100000007000057
:10C41A0002000000010000000002000010000000FD
:10C42A00000000000000000000000000B001000051
:10C43A000200000009000000FF000000B00B01200C
:10C44A0000000000A8890508C88905088889050828
:10C45A0000000000000000000000000000000000D2
:10C46A0000000000000000000000000000000000C2
:10C47A0000000000000000000000000000000000B2
:10C48A0000000000000000000000000000000000A2
:10C49A000000000000000000000000000000000092
:10C4AA000000000000000000000000000000000082
:10C4BA000000000000000000000000000000000072
:10C4CA000000000000000000000000000000000062
:10C4DA000000000000000000000000000000000052
:10C4EA000000000000000000000000000000000042
:10C4FA000000000000000000000000000000000032
:10C50A000000000000000000000000000000000021
:10C51A000000000000000000000000000000000011
:10C52A000000000000000000000000000000000001
:10C53A0000000000000000000000000000000000F1
:10C54A0000000000000000000000000000000000E1
:10C55A0000000000000000000000000000000000D1
:10C56A0000000000000000000000000000000000C1
:10C57A0000000000000000000000000000000000B1
:10C58A0000000000000000000000000000000000A1
:10C59A00010000000100000000000000000000008F
:10C5AA000000000000000000000000000000000081
:10C5BA000000000000000000000000000000000071
:10C5CA000000000000000000000000000000000061
:10C5DA000000000000000000000000000000000051
:10C5EA00000000000000000002000000000000003F
:10C5FA00D800000000000000050000000000000054
:10C60A000600000003000000000000000500000012
:10C61A00000000000000000005000000C700000044
:10C62A0006000000000000000500000006000000EF
:10C63A000000000005000000FF00000000000000EC
:0400000508000000EF
:00000001FF
