:020000040800F2
:10000000F0FF0120159504087D950408B1780308D8
:100010007D9504087D9504087D9504080000000086
:100020000000000000000000000000007D950408B2
:100030007D950408000000007D950408BD73030849
:100040007D9504087D9504087D9504087D95040838
:100050007D9504087D950408357A03082D7A0308F8
:10006000257A03081D7A0308157A030875840408A5
:100070006584040855840408458404083184040810
:100080001D840408098404087D9504087D950408EE
:1000900079C000087D9504087D9504080D7A030851
:1000A0005168040821690408416804084969040882
:1000B0001169040801690408F1680408818E0408C4
:1000C0008D8E0408698E0408758E04087D950408D9
:1000D0007D950408397403082D74030821740308FE
:1000E000057A03087D9504087D9504087D9504082C
:1000F000716804087D950408616804087D9504080A
:100100007D9504087D950408E16804087D95040840
:1001100015740308097403087568040839B80008E1
:10012000E1830408CD830408B9830408A583040887
:10013000918304087D9504087D9504087D95040845
:100140007D9504087D9504087D9504087D95040837
:100150007D9504087D9504087D9504087D95040827
:100160007D9504087D9504087D9504087D95040817
:100170007D9504087D9504087D9504087D95040807
:10018000316804087D950408398E0408458E0408FA
:100190007D950408000000007D9504087D95040805
:1001A0007D9504087D9504087D9504087D950408D7
:1001B000518E04085D8E04087D9504087D95040821
:1001C000F58304087D8304086983040855830408C3
:0801D0007D9504087D950408EB
:0801D800749004000100000016
:08280000082800080040000850
:04400000FFFFFFFFC0
:106000001148002302461178032902F1060215D037
:106010000133062BF7D1436A052B0ED05A1C03EB34
:106020004303426200EB4303032040F2EB3140F2B2
:10603000FF32187059809A807047704703EB430312
:1060400000EB4303F0E700BFC00C00200A4491427C
:1060500017D010B40139541E11F8013F08225840DE
:10606000430010F0800F08BF400083F0D50314BF39
:10607000D8B2C0B2013AF3D1A142EDD15DF8044BE0
:1060800070477047037870B42BB30246C0F1010526
:10609000531912F8014FDBB2002CF9D101335B0028
:1060A0000E4C0B80032284F8283084F829200178D4
:1060B00079B1022300265A1CE51854FA82F285F8B9
:1060C000281082F8286010F8011F0233DBB2002983
:1060D000F1D170BC70470223E2E700BFC00C002082
:1060E000826D136A5B681B78FF2B08D090F8D03064
:1060F000013BDBB280F8D0301BB10120704700209B
:106100007047126A526802201370704770B4C30857
:106110000D4CE25C00F00706B24004EBD004D2B2B2
:106120000020C6F108038B4228BF0B46C3F10805C7
:106130002A419840C91A40EA02004FF0000614F8BC
:10614000012FEED170BC7047280E002030B5EFF360
:106150001181802383F312880A4AD2F8FC31D2F8E5
:106160000042D2F8FC01D2F80052CAB282F3118880
:10617000013BA84294BF4FF4006000201B1B184451
:1061800030BD00BFC00C0020012380F851307047A3
:10619000014BD3F804027047C00C00200120704767
:1061A000014BC3E982217047C00C0020014BC3E9B9
:1061B00084217047C00C002070477047212838B5F3
:1061C00005D0222827D020280FD0002038BD002954
:1061D000FBD0072AF9D1174B1C6818795A799B799B
:1061E0000C6008714A718B71EFE70029EDD0072A26
:1061F000EBD111480F4B0C79D0F80C224D791C7162
:106200008C7909685D719C711960002ADDD0D0F825
:1062100008029047D9E70029D7D0022AD5D1064AEB
:10622000D2F81432002BD0D00988D2F81002984747
:10623000CBE700BF00000020C00C0020002070470A
:106240000A2303800048704708000020642303806D
:106250000048704714000020012901D00020704739
:10626000014BD3F89030184700000020012901D0DD
:1062700008F0E8B9014BD3F88C3018470000002033
:10628000014BD3F8883018470000002010B40B7879
:1062900003F00303012B0A46044605D0022B0BD062
:1062A00000205DF8044B70478B8843B920461146A7
:1062B0005DF8044B0AF04ABA8B88832BF6D0034B67
:1062C0005DF8044BD3F88030184700BF0000002071
:1062D00038B5054B0446DB6F0D46984729462046E6
:1062E00009F04CF9002038BD0000002038B5054BFE
:1062F00004469B6F0D4698472946204609F070F9E1
:10630000002038BD000000200023F0B452004F1CD4
:106310001E46B0F1204F4FEA107404F130052ABF39
:106320003734CD54CC54FE5402339A424FEA001015
:10633000EFD1F0BC704700BF08B50248FFF7A2FEDE
:10634000014808BD50220508E80C002008B50248A5
:10635000FFF798FE014808BD60220508E80C002000
:106360000B4A0C4B10681B681A22C0180A8001D116
:106370000948704710B5094B09491C680822FFF706
:10638000C3FF204607490422FFF7BEFF024810BDA5
:106390009075FF1F9875FF1FB00000209475FF1FB8
:1063A000B2000020C200002008B50248FFF76AFED4
:1063B000014808BD6C220508E80C002008B5024819
:1063C000FFF760FE014808BD78220508E80C0020B0
:1063D000042301480B807047CC000020A0B18268E4
:1063E0000D4B12B107229A7070471978DA600329B1
:1063F0004FF004000CBF80214FF48071C3E90111FC
:106400001A611A7598707047034B41F2E4710122CA
:106410005A545A70704700BFC85D00200378022BA1
:1064200010D0006908B9012070470C4B1B78032B72
:106430000EBF0B4B80B24FF6F773984294BF00200B
:10644000012070470549436841F650028A58B3EB72
:10645000422F2CBF01200020704700BFC85D0020E4
:10646000F7FFFF0F0378022B14D030B4104A4368B3
:10647000006941F6480402F5C2511559096841F610
:106480003C042B4012595B0A023801FB00301044D7
:1064900030BC7047064B426841F6340141F630008B
:1064A0005958185800EB410000EB5220704700BFCC
:1064B000C85D002000487047100E0020034B93F881
:1064C0004C01032894BF002001207047C00C00201D
:1064D000836D1B6A5B681B78FF2B0AD190F8D03064
:1064E000002B03F1FF3380F8D03014BF01200220CD
:1064F00070470020704700BF034B93F84C010038F1
:1065000018BF0120704700BFC00C00202DE9F843E0
:10651000884600294FD04718284C07F1FF39461EFE
:106520008025EFF3118185F31288D4F8FC21D4F88B
:106530000002D4F8FC31D4F800C2C9B281F311884A
:10654000634594BF4FF400630023121A1344012BD8
:106550001AD1012030F028FFEFF3118185F3128862
:10656000D4F8FC21D4F80002D4F8FC31D4F800723D
:10657000C9B281F31188BB4294BF4FF4006300237A
:10658000121A1344012BE4D0EFF3118285F3128821
:10659000D4F8003216F8011F2344D2B283F818123F
:1065A000D4F800320133C3F30A03C4F8003282F393
:1065B00011884E45B5D14046BDE8F883C00C002097
:1065C000F8B590F85050002380F85030D5B10F4EF8
:1065D00096F88C2C032A17D1D6F8C47C00F13C0421
:1065E00029462046FFF792FFD6F8C43CDB1B322B2E
:1065F000A5EB0005044401D8002DF1D1B5FA85F0D2
:106600004009F8BD0120FCE71846FAE7C00C00205D
:10661000002280F85120D3E790F85020531C024408
:10662000DBB280F8503082F83C1090F851200AB16B
:10663000132B00D9C4E77047F8B50C4E96F88C3C84
:10664000032B0D4614460FD1D6F8C47C002C0BDD6D
:1066500021462846FFF75AFFD6F8C43CDB1B322BF5
:10666000A4EB00040544F1D9F8BD00BFC00C002024
:1066700010B5134A134B8CB00821069302F5C07075
:10668000002382F8F8110DF1070401226944CDE9D5
:106690000733CDE9034202938DF8143009930B932D
:1066A0008DF8282031F036FC074831F051FE9DF876
:1066B0000700A0F1FF00B0FA80F040090CB010BD57
:1066C000C00C0020E1600008400E002070B592B0C0
:1066D0000B0E0D0C40F04006952204468DF8081074
:1066E000080A01A98DF805308DF80650002306250B
:1066F0008DF807008DF809200DF1030001220391A8
:1067000015498DF80460CDE90733CDE90D33CDE9A6
:10671000090204938DF818308DF82C300F931193E3
:1067200005958DF840200C91FFF7A2FF00B984B9C0
:106730000A4C082304F5C07003A984F8F83131F03D
:10674000E9FB04F5C07031F003FE9DF8030012B0C0
:1067500070BDFF2012B070BDD1640008C00C0020D5
:1067600030B5114A114B8DB002F5C0740146069345
:106770002046002382F8F8110DF10705012202A935
:10678000CDE90733CDE9035202938DF81430099314
:106790000B938DF8282031F0BDFB204631F0D8FD59
:1067A0009DF807000DB030BDC00C0020D16400087A
:1067B00070B51D4D90B00024FD2201260DF103039C
:1067C00001A905F5C0708DF803200693CDE90144B9
:1067D000CDE90A44CDE90C44C5F848418DF8104094
:1067E000059407948DF824400F94039608968DF82D
:1067F000386031F08FFB05F5C07031F0A9FD3046EF
:10680000FFF7AEFFFF2809D0D5F8C43CC5F83C31EE
:106810002046092385F84C3110B070BD04230220B6
:1068200085F84C3110B070BDC00C002070B5064624
:1068300090B008200D46FFF793FFFF2823D0FE28D5
:1068400002D0022010B070BD00240222012301A951
:106850000E4808928DF83830CDE90544CDE90A4458
:10686000CDE90C440296039501948DF810400794ED
:106870008DF824400F9431F04DFB044831F068FD51
:10688000204610B070BD012010B070BD400E002039
:106890002DE9F84F4D4B984210D003F5685308335B
:1068A000984255D04A4B0020A3F8300DA3F83C0D78
:1068B000C3F8340DC3F8380DBDE8F88F444C454F8C
:1068C000DFF81C810223C4F8C83C04F6CC4600253E
:1068D000D7F8D030AB42294605F1010503D0D4F8F2
:1068E0004C0D3EF0E3FB94F8503DD4F84C2D86F867
:1068F00024303262304641463EF0ECFDD4F8C83CCC
:106900009D4206F13006E3DB002384F83E3DD4F8D7
:10691000C81CB4F8D02CD4F8D83CD4F8D40CB4F8B3
:10692000DC5CC4F85C3D12FB01F203FB01F3A4F84C
:10693000302DB4F8D21C284AC4F8340DC4F8383DC0
:10694000A4F83C5DA4F8321DC4F82C2D0120B3E757
:106950001F4C204F0223C4F8C83C04F6CC454FF02E
:10696000000B4FF4806A4FF040094FF40068D7F8ED
:10697000D02001265A455946B34403D0D4F84C0DD3
:106980003EF094FBD4F84C1D94F8502D296285F804
:1069900024204FF400314FF00062C5E90212A5F83F
:1069A00004A0A5F81090A5F80680AE74FFF728FBA8
:1069B00028466E763EF0DAFCD4F8C82C074B45F832
:1069C000303B9345D3DB84F83E6DA0E71971EF00AF
:1069D000C00C00200000002098CC04086CCC0408F7
:1069E0001940EF002DE9F04103792C4C002B14BF26
:1069F000012200228AB084F8782104D184F84C3135
:106A00000AB0BDE8F081054604F5C07795F900109D
:106A1000384631F09FFBAD789DBB214B2148C4F82F
:106A200088514FF00108C4F8F43184F88C8131F0BA
:106A3000D3FB1D4E03464FF47A70A4F8843130F036
:106A4000B3FCD4F8880130F053FE0FCE6D460FC56D
:106A50000FCE0FC596E8030085E803006946384667
:106A600031F058FA384631F073FCD4F8C42C84F86D
:106A70004C810023C4F83C2184F840310AB0BDE8C1
:106A8000F081284630F07CFD054608B11E23C38006
:106A90000D21284630F0E4FDBFE700BFC00C002008
:106AA000E80D0020801A0600C4CC04080F4B07B57F
:106AB000D3F8D4205208B2FBF1F3B3F5803F02D3F0
:106AC000012AF7D8F9E799B2019040F09FF80849F8
:106AD000084A019841F2CC53CA5001F5AE51002248
:106AE0000C3103B05DF804EB3FF074BF00000020F0
:106AF000C00C00201598010810B5074C04F5C070B3
:106B000031F026FC0A2030F043FCD4F88801BDE8BF
:106B1000104030F0EDBD00BFC00C00202DE9F8435F
:106B20001B4C94F84C61042E0546894690461F463E
:106B300008D0082E02D00020BDE8F883FFF738FE09
:106B40000228F8D1D4F8880130F0CCFD94F8423115
:106B5000A3B969021120FFF7B9FDA8B9D4F8C43C64
:106B6000C4F828910522C4E94D87C4F82C5184F853
:106B70004C21C4F83C310120BDE8F883294611209E
:106B8000FFF7A4FD0028E9D0FFF7B6FFD3E700BF69
:106B9000C00C002010B50C4640F07CFB58B9084BE7
:106BA00093F8DC34012B4FF012030BBF0548064865
:106BB0002380238010BD12230448238010BD00BF12
:106BC000B81D002000010020EC000020D8000020AB
:106BD00010B509F0C9FC104C58B194F84C31032B96
:106BE00013D894F840310133DBB2072B84F84031DD
:106BF00003D9002384F84C3110BDD4F8C43CC4F848
:106C00003C31012384F84C3110BD044831F0E4FAE2
:106C1000A4F88401E5E700BFC00C0020801A06003C
:106C200070B51E4C94F84C31042B06460D4609D025
:106C3000082B23D1D4F8443183422DD0FFF7B8FD7F
:106C400002281BD1D4F8880130F04CFD00213720F8
:106C5000FFF73CFD29461720FFF738FDB0B994F83F
:106C600042316BB971021920FFF730FD70B908236A
:106C7000C4E9516584F84C31022070BD012070BD1B
:106C800031461920FFF722FD0028F0D0FFF734FF2E
:106C9000FFF79EFF032070BD022070BDC00C0020D6
:106CA0002DE9F8432A4C0546884617461E4694F8B7
:106CB0004C01042831D0082807D1D4F84431AB4224
:106CC00006D0FFF775FD0228F1D00120BDE8F8835A
:106CD000FC22204BDFF884901F4883F8E024C9F899
:106CE0003C8131F047F9002814BF4FF400734FF492
:106CF00080731948C9F8443109F58A7131F00AF9ED
:106D000001220623C4E94A85C4E94D7684F830217E
:106D100084F84C310020BDE8F883D4F8880130F0C5
:106D2000E1FC94F8423153B969021820FFF7CEFC18
:106D300038B994F84C31082BCAD0FE22C9E729464D
:106D4000F3E7FFF7D9FEFFF743FF0320BEE700BFDD
:106D5000C00C0020B81D0020400E002000000020C4
:106D60002DE9F047D04C94F8786194B0002E00F0F3
:106D7000958194F84C2104F5C07704F5B478531E3E
:106D8000082B00F2A480DFE813F0390062002E0126
:106D9000A2009000B4001B00A2000900FFF768FCED
:106DA000002840F04282D4F83C31D4F8C42CFA33A5
:106DB000934280F08980FFF70BFF94F84C21DEE7C7
:106DC000FFF756FC0028EED0D4F848310022012B02
:106DD00084F8402140F24082D4F84421013B511C08
:106DE000C4E95113082284F84C21A2F10806B6FA2E
:106DF00086F67609304614B0BDE8F087D4F88801ED
:106E000030F070FC00210846FFF760FC0546FFF7F4
:106E100073FE012D58D1D4F888014FF0000984F891
:106E2000419130F05FFC40F2AB110820FFF74EFCBF
:106E3000052800F07A81012800F03C81FFF75CFE14
:106E400094F84121002ACED0022384F84C31D4F8A2
:106E5000880130F047FC94F84131022B0CBF4FF011
:106E60008045002500213720FFF730FC29462920E6
:106E7000FFF72CFC0546FFF73FFE2DBB94F8413190
:106E8000022B00F0818184F84251D4F8880130F05F
:106E900029FC00210920FFF719FC002872D0FFF718
:106EA0002BFE94F84C21531E11E0D4F828014FF426
:106EB0000071FFF7BBFC012800F01B81022800F0E5
:106EC0002081002800F04C8194F84C21531EDBB245
:106ED000022B0AD8D4F8C43CD4F83C115B1AC82B56
:106EE00083D9FFF775FE94F84C21042A7FF47DAF17
:106EF00080E7D4F880316D481D6A31F03BF80028F6
:106F000000F01681B5FA85F56D09002DDCD004A9D5
:106F100000250DF10F0302224FF0010905913846BB
:106F200005A9CDE90B390792CDE90955CDE90E55F3
:106F3000CDE91055ADF8105006958DF820508DF81C
:106F4000345013958DF8489030F0E4FF384631F016
:106F5000FFF99DF80F3003F01F03052B00F06E8141
:106F6000FFF736FED4F834A1BAF1000F00F0DA8052
:106F70002A46D4F83831D4F82C114846D04794F832
:106F80004C21FCE610214046FFF750FC0546002846
:106F900085D101217F20FFF7B9F8012881467FF4D0
:106FA0007EAF28460221FFF7B1F8002800F01E81CD
:106FB00001287FF474AF16213A20FFF7A7F80130BB
:106FC0008002C4F85001FFF797FDD4F8880130F033
:106FD00089FB00210A20FFF779FB002840F0FF80A1
:106FE000032384F84C31102105A8FFF71FFC00286B
:106FF0007FF46AAF9DF821309DF822109DF81C2087
:107000009DF815509DF816001B01DBB243EA1113E1
:1070100003F5FA63A4F86231DDF81D3001F00F01C9
:1070200084F864111BBA110902F00F0240EA05202E
:1070300084F8601184F861219DF814109DF81720E0
:10704000C4F85C31069BC4F85831A4F8540184F8A4
:10705000561184F85721FFF74FFD94F8423173B968
:10706000D4F8880130F03EFB4FF400711020FFF798
:107070002DFB0546FFF740FD002D7FF49CAE0C482C
:1070800031F0AAF800220423A4F884013046C4F8A1
:10709000482184F84C3114B0BDE8F087304684F8BC
:1070A0004C6114B0BDE8F087C00C0020400E0020F9
:1070B00040787D01042304AA8DF8340005A96E48A8
:1070C00007930692CDE90999CDE90B99CDF8149073
:1070D0008DF82090CDF8389030F01CFF664831F0E4
:1070E00037F99DF81330AB2B04BF022384F84131EC
:1070F000A4E6D4F83C31D4F8C42C64339342BFF4F2
:10710000E3AEFFF7F9FCFFF763FDD4F834514DB15E
:1071100000221046D4F83831D4F82C11A84794F83E
:107120004C212CE694F84C2129E684F8415185E65F
:10713000D4F8283194F83011024603EB0121384687
:107140004FF4807331F0EAF894F830310133DBB258
:10715000A3F10205B5FA85F584F830316D09D4E65E
:107160000190FFF7C9FCD4F83451019884F840012C
:10717000042384F84C31002D3FF43CAED4E94A217D
:10718000D4F83831A8479FE6D4F8880130F0AAFA3D
:1071900029463A20FFF79AFA04A9042281460123DE
:1071A0000691384605A9CDE90955CDE90B55059558
:1071B0008DF820500E9507928DF8343030F0AAFEED
:1071C000384631F0C5F8B9F1000F08D1FFF794FC4B
:1071D000049B1BBAC3F3807384F8423155E6FFF772
:1071E0008BFCFFF7F5FC94F84C21C8E504212C201A
:1071F000FEF78CFF032105464E20FEF787FF0C218A
:1072000082463620FEF782FF0AF1020A431C03FA87
:107210000AF309FA05F0A3FB0001430A43EAC1534C
:10722000C4F85031FFF768FCCFE60190FFF764FC2B
:1072300001980423064684F84C31DBE5D4F8345138
:10724000D4F8C43CC4F83C31072284F84C21002D0A
:107250003FF4CBAD484691E708D0042384F84C3185
:10726000FFF74AFC94F84C21531E30E6FFF7A0FAD2
:1072700002287FF429AE12E6400E002043090122C5
:1072800000F01F00013B86B002FA00F0042B0CD87E
:10729000DFE803F0161F28030D00174BDA6D0243D9
:1072A000DA65DA6D10400190019B06B07047124B11
:1072B0009A6C02439A649A6C10400590059BF4E71F
:1072C0000D4BDA6C0243DA64DA6C10400490049BD4
:1072D000EBE7094B1A6E02431A661A6E10400390D0
:1072E000039BE2E7044B9A6D02439A659A6D104046
:1072F0000290029BD9E700BF0010024070B5214DFB
:10730000D5F8E43493F82620DAB11B699847E0B148
:10731000D5F8E43493F824208AB105F59D6600245D
:107320001A19E0B29B6992F82C10B6EC010A984742
:10733000D5F8E43493F8242001349442F0DB5B69FF
:10734000984795F8F834332B00D070BD95F8F93490
:10735000002BFAD0D5F8E43493F82430042B1E46E1
:10736000A8BF0426002BF0D00024074D2346184662
:107370003FF098FE0134E3B29E4245F8040BF6D884
:1073800070BD00BFB81D0020B4220020F0B5D0F8B9
:1073900000C0134CDCF8045085B0254045EA0104D8
:1073A0000A9F039344F0004444F490341546CCF80B
:1073B000044019463A4606460BF0A8F868B9316809
:1073C000039B8D6202460097304640210BF0CEF8B9
:1073D000003818BF012005B0F0BD012005B0F0BD98
:1073E000009800FCF8B5144F04460D460AE09B696E
:1073F000DB0602D50BF048F8D8B9D7F81C355B1B73
:107400000A2B09D823689E69B6062A464FF00A015E
:107410002046ECD50020F8BD636C202100220B43F0
:10742000636484F8402084F8411084F842200120ED
:10743000F8BD0120F8BD00BFB81D0020164BDB6869
:10744000C3F3022310B4C3F107041A1D042C28BF90
:107450000424062A4FF0FF3202FA04F28CBF033BE9
:10746000002321EA0201002801FA03F10ADB00F1FE
:10747000604000F561400901C9B280F800135DF871
:10748000044B7047054B00F00F0009010344C9B2DB
:1074900019765DF8044B704700ED00E0FCEC00E06D
:1074A000284B294AD3F8D430284910B5A2FB03232E
:1074B000274CDB0C82B00022013BC4F8201504F5F8
:1074C000A46041F28731C4F82435C4F82C15C4F8FF
:1074D0003025C4F828250AF071F91E4B9A6D42F048
:1074E00020029A659B6D03F020030193062137204B
:1074F000019BFFF7A3FF1849D4F82035174A4FF432
:1075000000004860D96841F00101D96099680A40DB
:10751000062A06D0B2F5803F03D01A6842F0010275
:107520001A600F4B0F49D3F8A82C002003F50674FE
:10753000C2E98114C2F81002C3F81402C3F80C02A5
:1075400002B010BD0000002083DE1B430014004089
:10755000B81D00200010024000E100E0070001001B
:10756000C00C002018230020F0B589B00D46044659
:1075700030F03EFA031E1CDB164A174E1A4406EB87
:10758000830392F88070C3F8605D204630F056FAAD
:107590003E44A588114A2068002303A9CDE905339C
:1075A0000793CDE903520BF05DF896F8A03DF02B60
:1075B00001D809B0F0BD0A4B0321D8570190F02340
:1075C00086F8A03DFFF73AFF01980CF005F809B0E6
:1075D000F0BD00BF6CCC0408B81D002000001110E5
:1075E000C8220508B0B10C49D1F8A83D102B03D131
:1075F0000521002030F0C4B903EB43020A4482F8AD
:10760000AC0D202082F8AD0D0120034482F8AE0DB0
:10761000C1F8A83D704700BFB81D00208078E1E7A1
:107620002DE9F04FDFF8A4B089B0542200210BF609
:10763000DC5045F087F940F24C421B490BF5636082
:1076400044F01EFA194B93F884211AB193F885215E
:107650008BF8DC2D93F886211AB193F887218BF8EB
:10766000002E93F88A211AB193F88B218BF8F42D10
:1076700093F888211AB193F889218BF8E82D0C49E9
:107680000C4A0D481288098800880C4DC3F8A011D7
:107690000B4C0C4EC3F89C01511A00270A4A92FB6E
:1076A000F1F2C3F8A42118E0FCCC0408B02E0020AD
:1076B000A875FF1FCA75FF1FAA75FF1F000021C311
:1076C0006CCC0408942B002080380100B81D0020E9
:1076D0000137072F06F10C0628D0042F00F04B814C
:1076E000052F00F0708130780028F1D0BA4A0023CD
:1076F0000133312BECD012F80C1F8842F8D103EB88
:10770000430CB64904EB8C0C00220868DC3128B12C
:107710009CF8DD041041C00700F178840132052A8D
:10772000F3D10137072F06F10C06D6D1AC4CDFF8A8
:10773000DC82DFF8DCA2DFF8DC92AA4FAA4E00253B
:1077400054F8083C002B00F0AF80D4F8D020002A79
:1077500000F0AA80DC2202FB05B22360D2F8941E5E
:1077600041F00201C2F8941E9A6812F0040F9A6860
:1077700040F05C81110700F15981DA6842F400128F
:10778000DA6020460BF036FF002800F0FB8123680A
:1077900096495A68DFF880C202EA08025A6040F24D
:1077A000FF721A609A6822F0A0429A609A6842F0CA
:1077B00000529A60DA6802EA0A02DA60DA6842F095
:1077C0000042DA601A6902EA08021A615A6902F094
:1077D00080425A619A6902F078429A611A6A02F00C
:1077E000F0221A625A6A02F0FF225A629A6A02F082
:1077F000FF229A621A6B02EA09021A635A6B3A4034
:107800005A639A6B3A409A63DA6B22F4FB6222F075
:107810000702DA631A6E0A401A665A6E0A405A66FE
:107820009A6E0A409A66DA6E1140D966D3F8A020A3
:1078300002EA0C02C3F8A020D3F8A42002EA0C024A
:10784000C3F8A420D3F8B02002EA0C02C3F8B02099
:10785000D3F8B420B3F1A04F22F07F12C3F8B420C4
:10786000634A00F05582934200F05D82614B6249A9
:10787000624A9B68896892680B431343DB0704D410
:107880005F4B9A685F490A409A60DC2202FB05B2AE
:107890000023C2F8983EC4E91933C2F8943E84F834
:1078A0005830002840F097800135052D04F1DC04A4
:1078B0007FF446AF0024DFF86491274659F8743C02
:1078C00023B1D9F86430002B40F0D5800137052F63
:1078D00009F1DC09F2D10026404DDFF844814A4F1E
:1078E00034462B68002B00F0F681D5F8D820002A0A
:1078F00000F0F181A968B1F1A04F00F01282DFF829
:10790000F0C0394B3E48614518BF03469B68886804
:1079100040072FD495F8600001282BD003F01F03F7
:107920000120092B85F8600000F2648340F22120D9
:10793000D840C00740F15E83886810F0010040F035
:107940004281D1F808E0DFF8DCC01EEA0C0F00F03D
:107950002081DC2303FB04B4D4F8943E84F8900E19
:1079600043F01003C4F8943ED4F8983E43F001036A
:10797000C4F8983EFEE74FF0000C62464FF48031A9
:10798000AE46DC2303FB02B23078D2F8083F86F81B
:1079900001C00B434FF0070C0121C6F804E0C2F808
:1079A000083F86F80AC0717200283FF491AE2FF0AC
:1079B000E7FDFB1DDBB210B100228371C271032110
:1079C0002FF04EFE84E64FF0000CDFF85CE06246DC
:1079D0004FF48021D5E7FEE748D10408E82B0020CA
:1079E000F02B0020200882E00003005000F0FF038D
:1079F0000001005000040050000500500006005037
:107A000000070050E01000FEC0FFFF7F00F8FFFFFE
:107A100004000080300882E00000F8FF5C2C0020A9
:107A2000FEF0FFFF3F000080000084CBDA68920187
:107A300005D5A18B40F20112914200F0C5829A68EF
:107A4000520703D59A68910740F10A849A68120791
:107A500003D59A68910740F1AE820C21DBF81C0532
:107A600005E0DBF81C25121A052A00F23D819A6810
:107A70000A42F6D181E619F8700CFFF7FFFBD9F83E
:107A8000643059F8742C49F86C2C99085A0801F0A4
:107A9000333102F077320A44D9089B1A01F01132CF
:107AA0009B1A03EB131303F00F33FF22B3FBF2F225
:107AB000C2EB02229B1A002249E9192249E910224D
:107AC0004FF40020DC2149F84C3C49F8680C0123B4
:107AD00049F85C2C09F8502C09F8482C09F82C2C92
:107AE000059201FB07B108204FF4805249F8583C39
:107AF00009F84F3C09F8343C49F8540C49F8302C4B
:107B0000D1F8943E002B00F07C8259F86C3C9A68C6
:107B1000960005D59A6822F0204222F03F029A6032
:107B20009A68D50016D49A6883498448D1F8D4104D
:107B3000B1FBF0F122F0104222F03F0242F08052FD
:107B40009A600591059A2AB1059A013A0592059A1B
:107B5000002AF9D19A68D00040F11D8200259A6868
:107B6000510740F1FD80DC2303FB07B3D3F8943EBB
:107B7000DC2303FB07B3D3F8942E42F01002C3F8C2
:107B8000942EFEE7DC2303FB05B30122C3F8942EF9
:107B9000FDE58868384040F001008860DBF81CC5CE
:107BA0000EE08868C00704D48868384040F00100BF
:107BB0008860DBF81C05A0EB0C00022800F2EF83C4
:107BC0000868C007EDD54FF0DC0C0CFB04BCDFF8F7
:107BD0008CE1DCF8940E00EA080040F480707145F6
:107BE000CCF8940E00F01E825548814200F01A82B3
:107BF000DC2303FB04B3D3F8940E20F48010C3F805
:107C0000940EDC2303FB04B34FEA920ED3F8940ED8
:107C100010F480501CBFD3F8980E20F00600C3F873
:107C2000980EE86D474BC362474B0363474B436372
:107C30001C230B60D1F804C053080EF0333E03F050
:107C4000773373444FF000094CF0100E4FEAD20C1A
:107C500085F86090D31AC1F804E00CF01132D1F825
:107C60000CE09B1A03EB1313394A03F00F334EF069
:107C7000010E4FF0FF0CB3FBFCFCCCEB0C2CA3EB88
:107C80000C03C1F80CE002EB460240310BF03CFB68
:107C9000AA6893683B4043F004039360002840F0D7
:107CA0007C83D5F8D8302B4A5908980800F0333037
:107CB00001F077310144D8085B1A00F011315B1AEA
:107CC00003EB131303F00F33A2FB0312D209C2EB31
:107CD00002229B1A1E440134052C05F1DC057FF4B9
:107CE00000AE09B0BDE8F08FDC2202FB05B2012036
:107CF000D2F8941E41F01001C2F8941ED2F8981EDA
:107D00000143C2F8981EDA6842F40012DA603EE5D8
:107D10009B6892681343DB073FF5B7ADB268334603
:107D2000B0E50D4BF2E54FF0A04292689B6813431B
:107D3000DA07F3D5A9E500BF00000020400D0300DD
:107D400000050050A1E900089DE9000889E9000844
:107D5000E02E01208180808000030050000100504F
:107D6000DC2202FB07B2D2F8941ECE063FF500AF2C
:107D7000D2F8941E21F4817141F00201C2F8941EE0
:107D80009A68D2071AD4B3F1A04F00F07382CB4A9D
:107D9000934200F07882CA48CA4902F5407292685C
:107DA0008068896802430A43D60707D4C6488268B8
:107DB00059F8681C22F47C120A43826059E91910B0
:107DC00059F8302C02430A4319F84F0C19F8481C93
:107DD00042EA4032012942EA014204D159F8441CE6
:107DE000013942EA414259F8401C29B159F83C0C8A
:107DF00001F4787101430A43DE68B44959F8380C3C
:107E000031400A43DA601A6922F0406202431A6183
:107E100099689A6801F0040102F008020A4327D128
:107E2000D96819F8342C19F8506C59F85C0C21F405
:107E30008041520021F0020142EA86320A43DA60B0
:107E40001A69002840F0898222F480321A61D3F83E
:107E5000C02022F47F5222F03F02C3F8C02019F85C
:107E60002C2C012A00F086821A6922F001021A6184
:107E700059F8582C012A00F067821A6B22F00F0281
:107E80001A63DC2606FB07B606F69468D6F8943E1D
:107E900023F0030343F00103C6F8943E002D40F0A5
:107EA000DE8119F8143C0695012B00F0D781A9F169
:107EB0006C0303931846012309F8143C0BF09AFB5A
:107EC000002840F0C381D6F8943E814923F48853BA
:107ED00023F0020343F00203C6F8943E59F86C2CD9
:107EE000936823F0404323F03F0343F00043936043
:107EF0009368002BC0F21282DC2101FB07B1002243
:107F0000D1F8943E734DDFF8C0A1DFF8DCC10092D8
:107F100023F0030343F00103C1F8943E012609F85E
:107F2000142C06E0009B0133072B00930CF10C0C82
:107F30007CD09CF80930002BF4D09CF90130BB4276
:107F4000F0D1654B8CF8084003EB860219F8143C1D
:107F5000611C4FF00008D2F828470191721C012BD8
:107F60000292CDF81C80DCF8042013D059F86C3C48
:107F70009968012009F8140C480740F1B780DC2308
:107F800003FB07B3D3F8942E83F8908E42F02002BF
:107F9000C3F8942EFEE7DC2202FB07B20125D2F8DB
:107FA000941E41F01001C2F8941ED2F8981E294385
:107FB000C2F8981ED3E59A6822F0004222F03F02F0
:107FC00042F020029A6048E51A68500607D4434AF6
:107FD00002E0013A3FF488AE19684906F9D540221B
:107FE0001A609A68500703D59A68900740F1538148
:107FF000042133E5DC2303FB04B4002384F8903E22
:10800000B8E4C1F8983E09F8143C7EE50C2101FB68
:108010000343012193F8E404D3F8E0E481404FFAEC
:1080200082FCAEE4002B7FF4ECADE1E52C4B3B444D
:10803000FEB293F91020314602202FF0B5FDD0F8A2
:108040000480054640462FF019FF264A2421431E8E
:1080500001FB0323864693F8801100297FF441AE8B
:1080600001364FF0060C83F8816183F880C1002847
:108070003FF437AEAB68C9F8043080232022C9F83A
:1080800010304FF480764FF480534FF48065C9E987
:108090000723C9E90211C9E90565C9F800803FF065
:1080A0007DFC48460BF08CF948460BF0FDF9039B2C
:1080B00049F8189CC9F8283008E400BF00010050B6
:1080C0000005005000060050000700500740F0FF78
:1080D00001DE0400000300506CCC0408000040A343
:1080E0003430002000000020942B00204FEA941E22
:1080F0000EF00C0E03F1300604F01F045EF806804B
:108100001F20A040C2F3846101FA04F428EA0000B1
:1081100020434EF806009C68986804F0040400F0C0
:108120000800204354D1D60D03F1140406F00406D0
:10813000C2F3045856F804E0072000FA08F040EAB9
:108140000E003051586920F000405861D868186E10
:10815000186EC2F31204C0F38460002C00F0B180EA
:1081600092FAA2F1B1FA81F1884200F09D80596E35
:10817000596E03F16000C1F3846103F1640492FA63
:10818000A2F6B6FA86F68E4203D1216821F00041AC
:1081900021608168816800F10804C1F3846192FA6A
:1081A000A2F6B6FA86F68E4203D1216821F000418C
:1081B0002160C168C4680C30C4F3846492FAA2F1EF
:1081C000B1FA81F1A14203D1016821F000410160BF
:1081D0009968C90707D4D3F8B010C2F3120021EA96
:1081E0000001C3F8B01099490A4229D0B3F1A04F59
:1081F00000F0278196498B420CBF29465146954C89
:108200008868A24200F0E07100F0F780924CA24230
:1082100000F0F380914CA24240F0D780C6010FD409
:10822000B3F1A04F00F0CF80894A93420CBF2A4699
:108230005246936823F0E0730B4343F080739360DE
:108240000023DDE9014609F8143C6BE6D8F800305C
:1082500086F8905E43F01003C8F80030FEE790E423
:108260009A6822F0004222F03F0242F010029A6027
:10827000FFF7ECBB76499A6889680A43D1073FF556
:108280009DAD774893E54FF0A042926899680A4304
:10829000D207F6D592E59A6822F0004222F03F021A
:1082A00042F010029A60A3E6196E184621F00041D0
:1082B00040F8601F596E596E03F16404C1F3846184
:1082C0005DE781421DD0586E5C6E03F16000C4F31F
:1082D000846403F16406A14203D1346824F00044AD
:1082E000346084688468C4F38464A14203D18468E0
:1082F00024F000448460C468C4680C30C4F384640F
:1083000060E71C6E184624F0004440F8604F5C6E35
:108310005C6E03F16406C4F38464DCE7069B0133FE
:108320000693069B8B427FF6E3ADDC2303FB07B38A
:108330000021D3F8942E83F8901E22F0120242F00E
:108340001002C3F8942E89E7196B59F84C2C21F0D0
:108350000F01013A0A431A6393E542F480321A612D
:10836000D3F8C02022F47F5222F03F020243C3F828
:10837000C02074E559E90A211E6959F8200C26F439
:10838000FF660A4326F0040659F81C1C32430243D8
:108390000A4342F001021A616AE5FFF7EBBADC23F7
:1083A00003FB04B40022D4F8943E84F8902E43F0EA
:1083B0001003C4F8943ED4F8983E43F00103C4F887
:1083C000983EFFF7D7BA2A4633E7264CA2427FF4FD
:1083D00037AF44023FF534AF1D4A93423FF430AF0C
:1083E000B3F1A04F0CBF2B4653469A6822F0E072BF
:1083F0000A4342F480029A6022E700023FF520AF70
:10840000B3F1A04F1FD0184A93427FF419AF5046E2
:108410008268164B164CD3F8D430B3FBF4F322F039
:10842000E0720A430C2142F4000201FB03F3826074
:10843000079302E0079B013B0793079B002BF9D1B1
:10844000FEE62946DBE62846E2E700BF000008809A
:1084500000010050000021C31000C090000052C76E
:1084600000030050000084CB0006005000000020F4
:10847000400D0300F0B5D0F800C0134CDCF80450F8
:1084800085B0254045EA01040A9F039344F0014466
:1084900044F490341546CCF8044019463A46064652
:1084A0000AF034F868B93168039B8D620246009780
:1084B000304680210AF05AF8003818BF012005B074
:1084C000F0BD012005B0F0BD009800FC0128B5EE1C
:1084D000C00A10D0F1EE10FA0BDD9FED177ADFED38
:1084E000177AE0EE077AFCEEE77A17EE903A98B248
:1084F000704700207047F1EE10FA0BDD9FED107A07
:10850000DFED107AE0EE077AFCEEE77A17EE903AAC
:1085100098B27047EDD5F7EE007A30EE270A9FED5E
:108520000A7ADFED0A7AE0EE077AFCEEE77A17EED8
:10853000903A98B2704700BF00E0F9440000404212
:1085400000C079440000834400C079C400E0824444
:1085500070B5464E96F8A84104EB840306EB8303FE
:10856000A50093F8AC31032B6ED8DFE803F059294E
:108570001E02254406EB8505D5F8B001002870D110
:1085800096F8FC319C425FD0013404F00302934220
:1085900086F8A82158D002EB820406EB840402235B
:1085A000C4F8B00184F8AC3170BD2B1906EB83031D
:1085B000D3F8B02172B1013AC3F8B021002070BDE8
:1085C0002B1906EB8303D3F8B021002AF3D1022242
:1085D00083F8AC21254406EB850595F8B831013BBD
:1085E000DBB285F8B8318BBB214B96F8FC61D3F830
:1085F000A413D5F8B401621C02F003024B1E03243D
:10860000B242034485F8AC41B3FBF1F0C5F8B001C8
:108610001AD0994218D80138C5F8B001012070BDB0
:1086200030F072FB80B1124B2C44D3F8A42306EB3C
:108630008404012102F51C5384F8AC110F33B3FB01
:10864000F2F3C4F8B03170BD012070BD084BD3F80F
:10865000A423012002F2E733B3FBF2F3C5F8B031F3
:1086600070BD0138C5F8B001002070BDB02E0020EB
:108670000000002090F83C30012B00F0D381F0B4D2
:108680000223012480F83C4080F83D30142A4ED863
:10869000DFE812F056004D004D004D00A0004D00E7
:1086A0004D004D0080014D004D004D00EC004D008F
:1086B0004D004D0038014D004D004D001500036880
:1086C000D1F808C01D6A0F68B04E25F480151D62F0
:1086D0001C6A5D681A6D22F0807224F4001422F482
:1086E000E042B34244EA0C5442EA072208D006F5BD
:1086F0000066B34204D006F54066B34240F0AC8158
:108700004E6925F4802545EA86254E685D601A6528
:10871000DE641C621C6D0D6944F400641C65196DF7
:1087200021F4806119651A6D42EA05221A65002359
:10873000012280F83D2080F83C30F0BC184670479C
:108740000368D1F808C01D6A0F68904E25F0010536
:108750001D621A6A5D689C6924F4803422F002026A
:1087600024F07304B34242EA0C0244EA070413D033
:1087700006F50066B3420FD006F54066B3420BD053
:1087800006F58066B34207D006F58066B34203D093
:1087900006F50066B3420BD1CE6822F008023243E0
:1087A000D1E9056725F440753E4322F004023543C4
:1087B0004E685D609C615E631A629C690D6944F05D
:1087C00008049C61996921F0040199619A692A431E
:1087D0009A61ACE70368D1F808C01D6A0F686B4E58
:1087E00025F010051D621C6A5D689A6922F080728E
:1087F00024F0200422F4E642B34244EA0C1442EA94
:10880000072200F0218106F50066B34200F01C81CA
:1088100006F5E056B34200F03F815D4EB3420BD007
:1088200006F58066B34207D006F58066B34203D0F2
:1088300006F50066B34206D1D1E9056725F4406527
:108840003E4345EA86054E685D609A619E631C6200
:108850009C690D6944F400649C61996921F480610C
:1088600099619A6942EA05229A6160E70368D1F842
:1088700008C01D6A0F68454E25F480551D621C6AAC
:108880005D68DA6922F0807224F4005422F4E64232
:10889000B34244EA0C3442EA072200F0CD8006F5E8
:1088A0000066B34200F0C88006F5E056B34200F01F
:1088B000EB80374EB3420BD006F58066B34207D04B
:1088C00006F58066B34203D006F50066B34206D1D2
:1088D000D1E9056725F440453E4345EA86154E68D3
:1088E0005D60DA611E641C62DC690D6944F4006439
:1088F000DC61D96921F48061D961DA6942EA052233
:10890000DA6114E70368D1F808C01D6A0F681F4ECA
:1089100025F480351D621C6A5D681A6D22F4803270
:1089200024F4003422F07002B34244EA0C4442EAD8
:10893000070213D006F50066B3420FD006F5406675
:10894000B3420BD006F58066B34207D006F58066C9
:10895000B34203D006F50066B34204D14E6925F454
:10896000803545EA06254E685D601A659E641C6286
:108970001C6D0D6944F008041C65196D21F004019B
:1089800019651A6D2A431A65D1E600BF002C014013
:10899000004001400368D1F808C01D6A0F68424ECC
:1089A00025F480751D621C6A5D68DA6922F48032E4
:1089B00024F4007422F07302B34244EA0C2442EA25
:1089C000070231D006F50066B3422DD006F5E05619
:1089D000B34251D0354EB3420BD006F58066B34258
:1089E00007D006F58066B34203D006F50066B342B1
:1089F00006D1D1E9056725F440553E4345EA061501
:108A00004E685D60DA61DE631C62DC690D6944F00A
:108A10000804DC61D96921F00401D961DA692A43CB
:108A2000DA6184E602207047CE6824F4006444EAE8
:108A3000062424F48064DCE7CE6824F4004444EA8D
:108A4000063424F4804443E7CE6824F0800444EAEA
:108A5000061424F04004EFE606F58066B3423FF4C6
:108A60004FAE06F58066B3423FF44AAE06F50066A7
:108A7000B3427FF44AAE43E6CE6824F4006444EA8D
:108A8000062424F48064A5E7CE6824F4004444EA74
:108A9000063424F480440CE7CE6824F0800444EAD1
:108AA000061424F04004B8E6002C014000400140C8
:108AB00003689B0AA3F58013542B00D970470D4A15
:108AC000134493F844370B2BF8D830B50A4C42794D
:108AD00085B0002914BF0025022504EB83106946E8
:108AE00000230124CDE90054CDE9023308F016FD3E
:108AF00005B030BD6CCC0408B03000200D4BD3F86D
:108B0000D42010B5520804464FF6FF713EF07EF8AF
:108B100020460021FFF7CCFF0749084A41F2D05315
:108B20002046CA5001F5AE51BDE810400022103178
:108B30003DF050BF00000020C00C00207962010809
:108B40000F4B104AD3F8D430A2FB03239B09013BFF
:108B5000B3F1807F11D210B50B4A0C495360002449
:108B60000723F02081F8230094600F214FF0FF309D
:108B70001360FEF763FC204610BD0120704700BF64
:108B800000000020D34D621010E000E000ED00E096
:108B900003681878012801D000207047074A93F92C
:108BA0000430642101FB032393F89925202AF4D192
:108BB000D3F858359869C0F3C0307047B02E002004
:108BC00010B50C4CD4F8D0361B78022B10D1D4F849
:108BD000D8062EF08DFDD4F8D80608B12123C38025
:108BE00001212EF03DFD04482FF0F6FAA4F8D4063A
:108BF00010BD00BFB02E00208096980030B583B025
:108C00000D46012301460DF10702044607482FF0E7
:108C100065FC9DF8072035EA020304D003482A4387
:108C200021462FF02FFF03B030BD00BF803500205C
:108C300038B505460A460C46064829462FF03CFB47
:108C400045F0800103482FF0DFFA231A58425841BB
:108C500038BD00BF8035002070B50D4CD4F8D0561B
:108C60002E78022E134607D00A46014604F5DA6034
:108C7000BDE870402FF032BC2A6A0AB1002070BDF6
:108C80000A46014604F5DA602FF0E6FA012070BDCD
:108C9000B02E002003681B78022B4FF0010201D098
:108CA0002FF04ABE2FF030BB13B53A4C0023D4F856
:108CB00088278DF80730137803F0FD01012905D1CD
:108CC00094F88C1711B90C2184F88C17022B1ED044
:108CD000032B2ED001220B212F483CF073FF0420E0
:108CE0002EF062FB2C4801230DF1070200213CF01D
:108CF0008BFF002839D09DF80730482B35D1274B02
:108D0000C4F87C37264BC4F8803702B010BDD4F8C5
:108D100090072EF0EDFCD4F8900708B13423C380FF
:108D200001212EF09DFC1F482FF056FAA4F88C0765
:108D3000D0E7D4F8183C506846F2A8111961002316
:108D400080F86830122237213CF010FFD4F88837C1
:108D50000D22586824213CF009FFD4F888373022CE
:108D600058686A213CF002FFB4E7D4F888371A78D3
:108D7000022A03D0032A07D00020C6E7D4F89007C0
:108D80002FF0A8F80020C0E75868102237213CF0E7
:108D9000EDFEF1E7B02E002038360020675C0408B5
:108DA000E95C04088096980010B58CB000234CF262
:108DB0000502044601A9CDE90633CDE90833ADF833
:108DC00000208DF8023003220B930123CDE903121A
:108DD0008DF814308DF82830CDF808D02FF0B8FA7F
:108DE000204602A92FF096F820462FF0B1FA9DF800
:108DF00006000CB010BD00BF2DE9F041714C724E61
:108E000082B020462422002143F09CFD96F8195E92
:108E100000236362002D38D1D4F82C3D53B39B6AF4
:108E200043B36A489847836823B30388654C013B82
:108E30009BB22146204600220678032E00F1060050
:108E40001CD00132062AF7D100220878022801F14D
:108E5000060100F097800132062AF6D1616A0529E1
:108E600008D0481C02FB014260620220002193806E
:108E700010705180284602B0BDE8F081062303FB44
:108E800002425388013B9BB2DEE796F8180E06F5C6
:108E90006263C6F81C3E08B90025BDE72EF070FBE2
:108EA000C6F8280E18B1837913F0BF0FF4D1294604
:108EB00047482FF04FF905460028EDD0D6F81C3E64
:108EC000424A98685A6708B12023C3800D212EF0CA
:108ED000C7FBD6F81C3E98682EF00AFC3D48D6F831
:108EE0001C7E2FF079F94FF00108B8803220C4F8C9
:108EF0004C7D84F8508D2EF057FA0423D6F81C0EC2
:108F000000270DEB03029F2101972FF0A5F99DF893
:108F100005709DF804309DF806102C483F0247EA82
:108F200003470F4339463CF0D5FA00287FF474AF6D
:108F30003846FDF7ADFC034600287FF46DAF9DF881
:108F400006009DF805209DF80710000240EA024047
:108F5000214A0843904219D0A4F8303DA4F83C3D82
:108F6000C4F8343DC4F8383DFDF792FC07460028AC
:108F70007FF452AF96F8180E2EF002FB2EF0AAFFE7
:108F80003D4649E7062101FB02426EE7134BC4F858
:108F9000303D4FF4003140234FF00062A4F83C3DD7
:108FA000C4F8341DC4F8382D84F83E8DFDF728F838
:108FB000064884F8458D3CF0D9F9094BC4F82C3D9E
:108FC0002AE700BFC00C0020B02E0020EC190020C2
:108FD000D03C0020404B4C0021AAEF0000040008C8
:108FE0006CCC040808B51AF0B1F82EF0A5FA19F007
:108FF000DBFF72B63CF012FF114BD3F8C01C91F8A6
:10900000280201281AD00A68B2F858306FEA4343A0
:109010006FEA53439BB210B4A2F85830B2F8403014
:109020009BB243F43F43002443F08003A2F8403056
:1090300081F8284220465DF8044B7047704700BF16
:10904000C00C00202DE9F041774C784F784BC4F8E4
:10905000983E41F2C10541F2081207F61821665DFB
:10906000A15004F6986C00220221082088B0C7F8AD
:10907000C0CCC4F89C0EC4F8A01EC4F8A81EC4F846
:10908000AC2EC4F8B02EC4F8B42EC4F8B82E002EFE
:1090900074D003216155B3F8405044F27F01294058
:1090A0001646A3F84010002215464FF0010C04EBC1
:1090B0004211971C81F8C02EA1F8CE2E013204EB8C
:1090C0004717D2B2904281F8C1CE81F8C35EC1F891
:1090D000D05EC1F8D45EC7F8985EE8D80022154685
:1090E00004EB421102F10A0781F8C02F013204EBB0
:1090F0004717D2B2904281F8C15F81F8C35FC1F8CF
:10910000D05FC1F8D45FC7F8985EE9D8002101208C
:10911000A3F84000A3F84010A3F84410A3F850109F
:10912000B3F8402092B242F43F4241F2C10542F00E
:1091300080028642A3F8402084F8BC1E60555FD0B0
:109140001423002054259421D422A4F8C63F4FF4C0
:109150008A7384F8CC0F84F8CC0E84F8EC0E84F873
:10916000EC0F84F80C0FA4F8C65EA4F8E61EA4F871
:10917000E62FA4F8063F08B0BDE8F08106F0FF072F
:109180002C4E0797F36C43F00103F364F36C0491E6
:1091900003F0010304F586520293029917704FF40D
:1091A000C0534FF0030803A94FF090400393059775
:1091B000CDF8188009F056FAB36D43F40003B36597
:1091C000B36D03F40003019306211420019BFEF705
:1091D00035F9194AD4F8983ED4F89C0E4FF4801112
:1091E000116004F80580B3F84010D4F8B46E44F26E
:1091F0007F020A40A3F8402000287FF454AF85E79F
:1092000041F2F8020D48A154B3F85420066092B21E
:1092100042F00102A3F85420B3F8542092B242F075
:109220000202A3F854208BE7B02E0020C00C0020CF
:10923000005C00400010024000E100E0B03F002070
:1092400010B5164C607D80B9154B83F87901C3F8D1
:109250007C01237E012B1DD0E369F3B111495B68CA
:10926000BDE81040A1F10C0018472EF089F9E27D0D
:109270000B49003A18BF012281F87921C1F87C011D
:109280000028E6D01F22C28020212EF0E9F9237E9B
:10929000012BE1D1044BE361E0E710BDA83F0020C2
:1092A000C00C0020C83F0020A803002091B10A6B29
:1092B000824214D9144B5A6E914220D34C399142B8
:1092C0001DD30B6B9842F9D38B6B9842F6D80B46A3
:1092D000184670470C4B596E0A6B904212D30B68BC
:1092E0000BB9F5E70A6B90420B4602D38A6B9042AA
:1092F000EED951F84C3F002BF4D1184670470023AB
:10930000184670470A46D9E7A83F00202DE9F047E4
:10931000CC0143D10346224A43F8082B4FF0FF32D9
:109320004260022418467E26DFF87880D8F86890DC
:109330002644013E051D49466FF070474FF0010A73
:1093400008E0A3421CD0631C45F8043C321B1C46B9
:109350000435CAB10B6BA34202D88B6BA34204D273
:109360002046FFF7A3FF014690B10A794B6B002A14
:10937000E7D1A34204D0E6D245F8042C631CE5E70C
:1093800045F8047C631CE1E7C8F86810BDE8F08785
:1093900045F804AC321B631C4946D8E78026C3E776
:1093A000F8FFFF0FA83F00202DE9F04F2DED028BB5
:1093B000DFF88481DFF884A19FED5B8A85B008F136
:1093C0002C04A8F170090127FEB218F8010B3246EF
:1093D00057212CF0ABF80546002800F08B80006880
:1093E000A5600123B0F1804F04F8283C04D04F4B16
:1093F000C31AB3FA83F35B0904F8273C3DF022F962
:1094000014F8273C07EE900A002BF8EE677A4FF02D
:10941000000314BF01214FF480714FF400522868FB
:1094200044F8083C44E9062344F8101C44ED087A4B
:109430003DF008F9AAFB0030C308012218F8010C1E
:1094400044F80C3C04ED098A24F81C2C24F81A2C4E
:109450002EF096F8E06010B15723C67183716A7AD6
:1094600042212EF0DBF828683DF0ECF8002102469E
:1094700028463DF0CBFB14F8273C002B45D0214675
:109480002B4B41F8043D002228463DF0A3FA286802
:109490003DF016FC834670B100230121CDE9011394
:1094A0000422039269466A79009308F037F86979D3
:1094B000584608F001F9A26854F8103C126899F86F
:1094C0005401013E591EF6B29162012300214FF072
:1094D000FF3C4FF40055B042C2F82CC0536144E940
:1094E000065124F81C3C24F81A3C44F8081C01D10D
:1094F0002BF08CFF0137052F04F138047FF464AFA3
:1095000005B0BDEC028BBDE8F08F0A48DFF830C033
:1095100044F8040C63602246211F2846C4F800C0AA
:109520003DF058FAB3E700BF00000000000C004017
:10953000C9410308FD420308184000201F85EB5174
:10954000315403080C480D4BD0F8701110B40C4C7A
:10955000C0F860318A1E2231B0F88E311B01A4FBA5
:1095600003C3DB08A3F5B06322F8023F9142F3D1B5
:109570005DF8044B704700BFA83F00205DB70108AD
:10958000CDCCCCCC70B5084C251D2E4614F8010B63
:1095900022F04CF828B1037905F8013BB442F5D12B
:1095A00070BDFF23F8E700BF544100202DE9F047CC
:1095B0001D4F012607F10805B2464FF03B094FF059
:1095C000000817F8010B2DF0DBFF044690B180F87E
:1095D0000690C671FB7803F07F02012A18D013F0C1
:1095E000800F20460DD185F804802EF07BF885F899
:1095F00005802C600136052E05F10805E1D1BDE896
:10960000F08785F804A02EF073F885F805A0F0E740
:109610001B0605D4012120462EF022F8FB78DEE758
:109620002EF066F8F6E700BF5C4100202DE9F04718
:10963000D1F800908AB007464846BDF848800C46ED
:1096400092461E463DF03CFB002839D0314652463A
:10965000054648463DF044FA6179206801913DF0A5
:109660002FFB267A0199D8B17300F6000A4603F061
:10967000020306F008064FF480714FF0600C05936A
:10968000069600234FF40076089103A90996CDF8B9
:109690001080CDF80CC00793FEF7ECFF267A6179B5
:1096A000B30728460FD408F04BF8284608F000F915
:1096B000236862797B6034339818002138609950B0
:1096C0000AB0BDE8F08707F0F5FEEEE7354BB3F8DA
:1096D000DE3107EE103A2DE9F041BAEEEF7A2DEDCA
:1096E000048BB4EEC70AF1EE10FADFED2F8AB0EE6C
:1096F000408AF0EE607AF0EE419A06DDF4EEC70A99
:10970000F1EE10FA45D5B0EE478AB5EEC08AF1EE1B
:1097100010FA43DDF5EEC07AF1EE10FA3EDD27EEE9
:10972000887A67EEE77AE8EE087A87EE279A1F4E86
:109730001F4FDFF8848000F10C0400F19C0544E920
:10974000028744F80C6CB5EEC08AF1EE10FA19DD10
:10975000B5EEC09AF1EE10FA14DD164B44F8083C51
:10976000C4ED038AC4ED028AC4ED018AC4ED008A07
:109770000421B0EE491AF0EE690AB0EE480A20461C
:1097800036F09CFF3034AC42D9D1BDEC048BBDE83F
:10979000F081B0EE688AB0EE689AC8E79FED029A51
:1097A000C5E700BFA83F002000000000D1AE0308BD
:1097B0002DAE030881AE0308C9AE03081249134A4F
:1097C000D1F81C0505E0D1F81C351B1AB3F57A7FDA
:1097D0000FD81369DB03F6D413694CF2FA310B404E
:1097E00009D1106910F0010004D00121184611615F
:1097F0007047032070470648D0F8D0131943C0F8CB
:10980000D013012013617047B81D002000200240D2
:1098100000000020014488420ED010B40346074CDB
:10982000074813F8012B04FB00F0994280EA02007C
:10983000F7D15DF8044B7047014870479301000170
:10984000C59D1C812DE9F041204D95F8433885F8E0
:109850003C3805F5046705F6440600244FF005087A
:1098600017F8010B20BB30600134032C06F104060D
:10987000F6D195F83C18D5F84408C94301F0010128
:109880002DF0B6FF95F83C18D5F8480881F0020194
:10989000C1F340012DF0ACFF95F83C18D5F84C0809
:1098A00081F00401BDE8F041C1F380012DF0A0BFBB
:1098B0002DF066FE013401213060E3B210B180F872
:1098C0000680C37130682DF0CBFECEE7A83F0020A4
:1098D000F0B5284CB4F85458A4F8565883B0EDB9F4
:1098E00094F850082DF04CFE94F85128C4F858080C
:1098F000003A18BF012284F85C2848B194F8521845
:109900002B22002914BF11210121C2802DF0A8FEB5
:10991000002003B0BDE8F0402DF072BF94F85078FD
:10992000002238462B212BF001FE064638462DF04A
:1099300027FEE0B1DEB12B22C4F87408C280727A2F
:1099400002212DF06BFE0C4AB2FBF5F3C3F34F007E
:1099500000909BB2314604F50660A4F87858FFF7F2
:1099600065FED4F860280023136084F8713803B0D2
:10997000F0BD00BFA83F002040420F002DE9F84F86
:10998000254C94F8843884F87A3804F67B0700264E
:1099900004F698045FFA86FB0BF101085FFA88F879
:1099A000012117F8010F42460E448A462BF0BEFDF6
:1099B0004FF00009054648B3387804F80E9C04F8C7
:1099C0000D9C04F80FBC04F810AC44F8045C2DF0B6
:1099D000D7FD022118B180F806A080F807806A7AC6
:1099E0002DF01CFE0D4A002128463DF00FF90C4BCE
:1099F00023600C4B221D21462846C4E901393CF066
:109A0000E9FF697928684A461EF04CFF082E04F1E8
:109A10001C04BFD1BDE8F88FA83F002040420F00D2
:109A2000E58802088955020870B52D4C2D4B94F835
:109A3000B009C4F8A83900220221C4F86829C4F882
:109A40006C29C4F87029C4F8A429A4F8AC292BF017
:109A50006DFD002837D00668054604F6B41304F6F9
:109A600014215A7C12B15A6896422DD018338B4279
:109A7000F7D1002394F8B009C4F8945884F88838D2
:109A80002DF07EFD08B10223C3806A7A02212DF0F9
:109A9000C5FD2846144A00213DF0B8F8134A144980
:109AA000C4F898180026111F2846124BC4F89C3899
:109AB000C4F8A0683CF08EFF697928683246BDE89A
:109AC00070401EF0EFBE70BD30463CF0BBFDB36A87
:109AD000094A0133B0FBF3F082F8EC03C9E700BF99
:109AE000A83F002000FFFF0040420F004448002034
:109AF000B15502084D570208000000202DE9F04F33
:109B0000DFF85C932DED068B99F8A64A97B0032CED
:109B1000039000F2A780BF4EBF4F0FCE09F6742509
:109B20000FC50FCE0FC533682B6000220123022C16
:109B300099F8AC0A87F8303589F8D42A40F0F481D6
:109B4000DFEDB68AF0EE689AB54AB649B64BC9F869
:109B50008C1A0028B549C9F8841A16BF134600228A
:109B60000122049239EEA87AF5EE006A86EE87AA01
:109B7000C9F8883AAE4B002503F1FD0B1C46DFED1A
:109B8000AD7A9FEDAD9A68EEA78A039BAB4263DD89
:109B90001BF801AB6F1C5FFA87F842465046032161
:109BA0002BF0C4FC0646002800F0DB8450462DF064
:109BB000E7FC606118B1032380F807808371727A33
:109BC00002212DF02BFD049B002B00F0E181B9F860
:109BD000A43A306807EE903AF8EEE77AFCEEE77ABE
:109BE00017EE908A3CF02EFDB0FBF8F202F57F42B2
:109BF000FF32120CB0FBF2F2B2FBF8F307EE902A40
:109C0000F8EE676A002026EEA87A009069EE477A9F
:109C10009BB2E6EEA97A3146204684ED027AC4ED85
:109C2000037AFFF703FD002D00F0AD816168804BE2
:109C300002E09C4200F0A7815A688A4203F11803AF
:109C4000F7D1012383F001030122042F23746274EE
:109C50003D4604F1180498D1784EDFF80882C8F820
:109C6000E464A7E0631FDAB2032A00F2988099F84F
:109C7000AF2A694901239A4281F8303589F8D43AEC
:109C800000F0F780022A00F0F1806D4E99F8AE7A6C
:109C9000DFF8D0810FCE09F644250B950FC50FCE06
:109CA0000FC532682A603A1E18BF0122654B88F83A
:109CB000F924072CC9F8543A00F28281042C0ED9F9
:109CC00099F8AD3A604AC9F8DC2A012B05D0022B7D
:109CD00006BFB7FA87F35B09002389F8E03A544BD3
:109CE0000593FD330693DFF880B1CDF81C80002387
:109CF0000493DDE90332934240F3FF82069B9DF813
:109D000010A013F8016B06930AF10105EDB22A4683
:109D1000304603212BF00AFC0446002835D030469B
:109D20002DF02EFC059B586110B10323C571837182
:109D300099F8A63A08932046277A2DF013FF99F850
:109D4000E03A0646002800F042810993002B40F0DB
:109D50004181D0F80480B8F1000F16D040462EF0B3
:109D60008DF83A4A0A90431E242101FB032393F8FD
:109D7000802152B90322B16883F8815183F8802190
:109D80000A9B0C91002B40F04C81254B304AC9F8BE
:109D9000583ADDF81C80C9F85C2A0023C1E01E494E
:109DA0000022032B81F8302522D80123DFF8B4806C
:109DB00089F8D43AD8F8E434FBB1039883F8240046
:109DC0000121002283F8251083F826209A6201469B
:109DD00048B12C3319441F4A084612F8011B03F8F6
:109DE000011B9842F9D117B0BDEC068BBDE8F08F8E
:109DF000DFF8708089F8D42ADCE7174D174C0FCDB7
:109E00000FC40FCD0FC42B6844F82039C8F8E444C0
:109E1000E9E700BF30D50408A050002028293038D9
:109E20008D380308895902089557020891380308AC
:109E30005C4900206F12833A00007A441C4A0020DB
:109E4000E8D40408356E040829390308000000200E
:109E500089380308504A0020C4D404081C55002047
:109E6000A83F0020B81D00204C500020082C00F016
:109E70006682724E81F8AC440FCE714D99F8AE7A7D
:109E8000DFF8E8810FC50FCE0FC52C463268039B63
:109E900044F880290021C9F8D83A7B1A18BF012359
:109EA0006848694E88F8F9344FF44C7289F8D61A2C
:109EB0000F467D3542F046FDA346CDF81080D9F817
:109EC000D83ABB425BDD15F8014B20462BF0B6FBC0
:109ED000824620462DF054FB9AF80880049B08F037
:109EE000010A93F8F9240AF1010A044689F8D5AA6F
:109EF0000AB188F00108002C00F00382A27912F068
:109F0000BF0F19D0514B5249524AC9F82C3ADDF8CB
:109F10001080C9F8241A012389F8D63AC9F8282AEA
:109F20000023C8F8E43445E7032C40F0F881DFED66
:109F30004A8ADFED4A9A07E620462DF059FD4FEA9E
:109F40004A1A01374AF001014FF003037161706052
:109F5000F46086F81080E771A37120462DF080FB35
:109F600018F0010F204610D02DF0BCFBF368CBF8A1
:109F70001430042F06F120060BF1180B9FD1DDF8E9
:109F800010802F4BCDE700235CE62DF0B1FBEDE711
:109F9000B0EE4A0A40F0FEF83068B0EE408A3CF07D
:109FA00051FBFCEEC87A4FF6FF7317EE902AB0FB18
:109FB000F2F202F57F42FF32120CB0FBF2F21DE624
:109FC000082C7FF48CAE264BC9F8DC3A87E6002BD0
:109FD0003FF4DBAED4F81480B8F1000F3FF4D5AEF7
:109FE00040462DF04BFFA2691E4B0C92451E2422C9
:109FF00002FB05350A9095F88061382E00F0B68195
:10A0000020683CF071FEC0B2002E7FF4BEAE382353
:10A0100085F880310A9B85F88101002B3FF4B5AEAD
:10A02000099699F8E16A25680F48CBF82881002E37
:10A0300000F0AF81002203461EE000BF0CD50408EB
:10A04000BC490020C0400120505500208938030839
:10A05000913803088D380308ACC5A737ACC5A736BF
:10A06000F9380308000000208C4A0020B81D0020A9
:10A070000132B24200F08D8119688D4203F1B803BC
:10A08000F6D1D6B2B82306FB03038BF8B5A0CBF804
:10A090002C3199F8E13A207903F1FF3A2DF070FA6A
:10A0A000079B93F8F92407F00103591C0AB187F0C4
:10A0B0000107490141F00E01CBF8B810CBF8084078
:10A0C000627A2DF0ABFA564500F00082089B063B01
:10A0D0000D930023CBE93F33CBE94133CBE9433345
:10A0E000CBF814310BF1F80308EE103A17F0020325
:10A0F0004FF060020E934FEA4703CBF8F82003F0CD
:10A1000002034FF0010200F06A81CBF80C31CBF86A
:10A11000002100274FF48033CBE947370A2202237E
:10A12000CBF80471CBF81821CBF8243163790C2BD0
:10A1300000F24181C04A99F8E01A02EB8302D2F89A
:10A140000878CBF8E870002900F01382DBF82C3196
:10A15000C3F8A880CBF82881099B002B00F09981D7
:10A160000BF1BC000F9007F007F899F8E03A0F9850
:10A17000002B00F07B81B14A21684FF4907303FB00
:10A180000623DBF82C2101F57871C2F8B030CBF84A
:10A19000C0300C9BCBF8E030CBF8BC10089B082BF0
:10A1A0000CBF06231223CBF8DC300023CBE932337B
:10A1B0004FF400731022CBF8D4304FF40053CBF897
:10A1C000C420CBF8E4308022099BCBF8D0204FF498
:10A1D0000062CBF8D820002B00F019819DF83430B4
:10A1E000CBF82881022B00F2E180934A02EB830333
:10A1F000089AD3F8FC37082A914AB2FBF3F303F12B
:10A200002303CBF8F0300CBF5F221322DBF82C3194
:10A2100058469A803CF07AFD99F8E03A002B00F01D
:10A22000B080099B002B00F0AC8018EE102A394654
:10A23000284606F071FD012F00F0DA80042F00F0AF
:10A240003D81102F00F09B81402F00F0AD81B7F5CC
:10A25000807F00F0B781B7F5806F00F0BB81B7F564
:10A26000805F00F0BF81B7F5804F00F0C381B7F584
:10A27000803F00F0C7812B6D43F400632B6505F12F
:10A28000180009236F49704AC95C12F803C00B58C3
:10A29000042202FA0CF223EA02030B502B6843F06B
:10A2A00001032B600E9B002B7CD02B6A43EA8707AF
:10A2B0002F6256450BD16B6C43F400436B642B68E3
:10A2C00043F080032B602B6843F001032B60079B56
:10A2D00093F8F934002B40F09380049A05990123F8
:10A2E00001328BF80F304B74042A01F118030492E9
:10A2F0000BF59A7B05937FF4FCACDDF81C800B9B7F
:10A300000FE620462DF074FB4FEA4A1A4AF001018D
:10A31000013771617060F46086F810801DE6002CD2
:10A3200040F07881DFED498A49494A4A0493C9F8E7
:10A330008C1A494BC9F8842AF0EE689A12E4474D0A
:10A3400099F8AE6ADFF820810FCD09F644240B940A
:10A350000FC40FCD0FC4003E2A68414B226018BFC6
:10A36000012688F8F964C9F8543A2CE620683CF0D4
:10A37000BBFC95F8813183427FF407AD012309933B
:10A380004FE60A989BF8B530364990223DF0EAFA3C
:10A390004BE7B82202FB0692731CC2F8E45A89F814
:10A3A000E13A6FE62B6A1F432F6282E78D23CBF8D9
:10A3B000F03013222AE799F8E03ACBF8E870002B46
:10A3C0007FF4C4AE1F461946DBF82C21ABF80C1005
:10A3D000B2F8B43023EA0103A2F8B430BCE6CBF8FB
:10A3E00008314FF48073CBF8FC20CBF8103190E6A5
:10A3F000AB6943F00803AB6105F11800002341E7A6
:10A400002368627934334FF6FF71995065E75FFA3C
:10A4100088F30246A3F1080128F0FF001423B1FBE2
:10A42000F3F1013106F0B6FED8F8003043F0020334
:10A43000C8F80030D2E600BF6CCC040860360120BA
:10A4400000D01213A0D5040894D504086F12833AE3
:10A4500089590208913803088D380308E8D40408A4
:10A46000356E04087D430408B81D00206C4A0C9B1F
:10A470000499CBF8E030582303FB0123CBF83031AB
:10A48000CBF8C0302368627934331344CBF8BC3046
:10A4900084E6D8F800305FFA88F123F00103142233
:10A4A000C8F8003028F0FF000839B1FBF2F10131A3
:10A4B00006F0AEFE0A983DF071FA51E6AB6943F042
:10A4C0000803AB6105F118000123DBE600234FF020
:10A4D000FF32ADF84430129314938DF85430139238
:10A4E000504A52F83320954266D001330C2BF7D1F5
:10A4F0000020FCF7C3FE2B6823F001032B60089BB0
:10A5000028469A1F0D923CF09DF89DF8343007EED6
:10A51000900A022BF8EE677A39D8434ADFED436A96
:10A5200002EB830303F2FC7292ED007AB8EE477AF5
:10A5300087EE870A30EE260A3FF0F4FE089B0138CA
:10A54000082BADF8440014BF13225F22002311A989
:10A550002846139214938DF85430129306F0AAFDF6
:10A56000B7E5334A334BC9F88C2AC9F8883AFFF764
:10A5700074BB2D4A02EB4303B3F83C1824E7AB69E4
:10A5800043F40063AB6105F1180002237AE69FED06
:10A590002A7A9FED260AA7EE870A3FF0C3FE01380C
:10A5A000ADF844001322D1E7AB6943F00803AB6177
:10A5B00005F11800032365E61B4A02EBC30393F879
:10A5C000A00796E7EB6943F00803EB6105F118007B
:10A5D000042357E6EB6943F00803EB6105F118002B
:10A5E00005234FE6EB6943F40063EB6105F11800C6
:10A5F000062347E6EB6943F00803EB6105F1180019
:10A6000007233FE62B6D43F008032B6505F1180087
:10A61000082337E6DFED098AF0EE689AFFF794BA6F
:10A62000603F012008D404086CCC04080AD7233CFE
:10A630009D5802088D380308FCF4B2346F120339B8
:10A64000F8B5534E96F8880196F889512CF098FF8A
:10A6500060B12D23C380202104462DF001F80A208B
:10A660002CF096FE20462DF0B9F920B9494FD7F8C5
:10A670003435DA0000D5F8BD013D092DFBD896F838
:10A680008741CCB9402025F061FF0028F3D090F934
:10A69000043096F85911092BC8BF143B3B440A29D2
:10A6A00093F8384566D093F8443596F88621002A09
:10A6B00008BF1C46002CDED020462CF061FF05466A
:10A6C00008B12D23C380012128462CF0C9FF0121A8
:10A6D00008462DF0D3F8012128462DF089F83C20BA
:10A6E0002CF062FE002101202DF0C8F896F8893187
:10A6F0001BB30024002108462DF0C0F800210220E1
:10A700002DF0BCF8002128462DF072F878202CF0AE
:10A710003FFE012100202DF0B1F8012102202DF093
:10A72000ADF8012128462DF063F878202CF030FE9A
:10A7300096F8893101349C42DCDB96F887318BB97D
:10A74000D6F8883103F0FF13B3F5803F93D1D7F8E3
:10A75000343513F080538ED186F88931BDE8F84046
:10A7600036F0B4BA32202CF01FFE284600212CF01F
:10A7700077FFE5E7D7F85C355B057FF57CAF0CF03C
:10A7800053FB00287FF477AF002C95D173E700BF0F
:10A79000A83F0020A050002000F14803D0ED024A5D
:10A7A00090ED044A90ED037A90ED055AD0ED087AC9
:10A7B000D0ED075A90ED066AE4EE004A2430F0EE40
:10A7C000406AA5EE267A67EEE47AA4EEE57AE6EE34
:10A7D000267A00ED077A40ED067A9842B0EE640AD8
:10A7E000DCD1704770B4344890F86035A3F1300183
:10A7F000092957D800F5AC64224600F26F5012F8D0
:10A80000015FA5F13001092904D88242F7D1002067
:10A8100070BC7047141B022C4ADD2848002101E05F
:10A8200010F8013B01EB810103EB4103161A303BA9
:10A83000022E044603F0FF01F2DC214B03FB01F181
:10A84000A2424FF000030DD903EB830314F8016B10
:10A850005B00303B3344A24203F0FF03F4D11948BC
:10A8600000FB03F32E2D06D01748A0FB032301EBBA
:10A87000930070BC7047013204200024157804EB6B
:10A880008404303D6400092D00F1FF30A4B202D8E9
:10A890002C44A4B2013210F0FF00EFD1642202FB7D
:10A8A0000433E1E700211D4600F5AC620B46D9E711
:10A8B000064C0021C4E700BFA05000200156002034
:10A8C0008096980040420F00ABAAAAAA005600202A
:10A8D00038B504460D460A460068FF2142F032F8BA
:10A8E00021682944216038BD83B50C4616460546CB
:10A8F00025F0F8FD204625F0F5FD0021204B084607
:10A90000002E08BF1E462CF0B9FF002101202CF0BC
:10A91000B5FF28462CF0B2FDB0B1012100202CF08B
:10A92000ADFF28462CF0A2FD074620462CF0A2FDE4
:10A930000028FAD0394620462CF0C6FD3846B047EC
:10A94000002108462CF09AFF20462CF097FD0028A5
:10A95000DFD0012100202CF091FF20462CF086FD55
:10A960000146284601912CF085FD01990028F8D078
:10A9700028462CF0A9FD002108462CF07FFFC8E7EF
:10A98000D9BE0208F0B50023C1E90033C1E90233A2
:10A990000B61D0E900258DB007AEDFF898E0C2F377
:10A9A000056C37464CFA03F0C0073C4604D513F853
:10A9B0000E0004F8010B27460133062BF2D11B4C85
:10A9C000DFF874E0C2F303200023205C3B708DF8B5
:10A9D0002400C2F3073C0DF125074CFA03F0C00731
:10A9E0003C4604D513F80E0004F8010B274601334A
:10A9F000082BF2D100233B70C5F3435CC5F34344FD
:10AA000009AB0846C5F34F05C2F30351CDE9021562
:10AA10000193CDE9044C02F00F0305490096C2F3FF
:10AA2000031235F0D7F90DB0F0BD00BFB82205080C
:10AA300090220508C0220508AC22050870B5094C13
:10AA4000D4F87025054662B10026D4F870052D2192
:10AA500001362EF02FF9AE42F7DBBDE8704030F042
:10AA600027BE70BDA0500020074B4FF47A7003F151
:10AA700014014FF4FA6223F8040C23F8022C043377
:10AA80008B42F8D1704700BF185600202DE9F04FD7
:10AA9000CCB2002185B00746084616462CF0EEFEE3
:10AAA000002101202CF0EAFE2CF038FD022E09D006
:10AAB000042E44F6C01818BF4FF49648032C06D94C
:10AAC00000200BE0FF2C4FF41648F7D10326C54DAC
:10AAD00095F888352BB90020C5F88C0505B0BDE880
:10AAE000F08F032E15D0C0490C44002294F8B10A0F
:10AAF00003212AF01BFD0028EDD0BC4CC4F8A40DA6
:10AB0000037A9A07E7D400683CF0DAF841F2B053D0
:10AB1000E05041F2C753B54C95F88805E654002241
:10AB200003212AF003FD41F2A813E0500028D2D0FF
:10AB300000683CF0C5F841F2AC534FF48062E0503D
:10AB4000AB4BC4F8603DC4F86C2D0323C4F8702DE2
:10AB500041F2B852A4F8643D0023A35441F2B45228
:10AB60004FF0010A24F802A004F5AE5204F6A851F1
:10AB7000136041F2C452C4F8741DA35241F2C6528C
:10AB800001F20441032EA354C4F8688DC4F88C3D2F
:10AB9000C4F8803DC4F87C3DC4F8781DC4F8883DF5
:10ABA000C4F8843D04F556690ED0D4F8A4BD9BF8D2
:10ABB00004002CF0E5FCC4F8A00D58460EF0D5FDBD
:10ABC000514648460EF0E0FD32202CF0EDFB012E00
:10ABD0000AD141F2A8134146E058FBF767FFD4F8C9
:10ABE000A40DFDF78BFF0BE0022E3DD1D4F8A40D90
:10ABF0000EF0AFFD41F2A8134146E058FBF756FFB7
:10AC0000C5F88C954FF0060A022E12D0D5F88C05A7
:10AC10002CF034FC68B1012100202CF02FFED5F877
:10AC20008C052CF02BFC0146002840F088802CF08D
:10AC300025FE38462CF022FC80B1012108462CF07C
:10AC40001DFE4FF0050B4FF0000838462CF016FCA7
:10AC5000014600287CD101202CF010FE042ED5D016
:10AC600005202CF0A1FBCFE7032E60D141F2C853A1
:10AC70004FF0000A04F803A051465E48DFF868B1BF
:10AC8000202241F05FFE8DF80FA0DFF870A19DF843
:10AC90000F30032B0AD9584801210EF075FD41F2FF
:10ACA000A8134146E058FBF701FFA9E79DF80F30D4
:10ACB00003EB43030BEBC30393F8C53983B39DF850
:10ACC0000F3003EB43030BEBC303D3F8C8393BB39B
:10ACD0009DF80F305B4493F8B10A08B300220321BA
:10ACE0002AF024FC0190D8B10EF033FD9DF80F300E
:10ACF0009AF80010019A03EB43030BEBC30305EB37
:10AD0000C100D3F8C839C0F89035137ADB0748BFC3
:10AD1000012301F1010148BF80F894358AF8001041
:10AD20009DF80F300133DBB28DF80F30AFE7042E02
:10AD30007FF466AFD4F8A40D0EF00BFD49E7D5F80B
:10AD40008C052CF093FB014638462CF0BDFB66E7E2
:10AD500038462CF08BFB95F8BE3501468BB924287C
:10AD600003D14FF0010385F8BE35012E04D13846DA
:10AD700001912CF0A9FB0199D5F88C052CF0A4FBCE
:10AD800063E7012B06D14D280CBF0223002385F871
:10AD9000BE35EAE7022B06D13C280CBF0323002373
:10ADA00085F8BE35E1E7032B10D10A2802D985F8D2
:10ADB000BE85DAE7042385F8B10585F8B08585F806
:10ADC000B38585F8B20585F8BE35CEE7042B17D1DB
:10ADD00095F8B23585F8BF05434085F8B23585F85A
:10ADE000BEB5C2E7A0500020A83F0020C00C002044
:10ADF00054D5040830560020201A00208822002054
:10AE0000052BB2D195F8B03595F8B19595F8B20506
:10AE10004B4509D25A1C2B44484085F8B20585F8A9
:10AE2000B02583F8B415A0E78842C0D195F8BF35A6
:10AE300085F8BEA5F42B98D1B9F1000F95D1242146
:10AE4000384685F8BE952CF03FFB4D2138462CF056
:10AE50003BFB3E2138462CF037FB494638462CF068
:10AE600033FBF42138462CF02FFBF42138462CF02C
:10AE70002BFB032E12D0D4F8A45D28463BF06CFDCA
:10AE8000494628463BF080FD287920210EF050FCF1
:10AE9000D4F8A40D4A4649463BF09CFD41F2A81364
:10AEA0000022E05811463BF095FD012016E600BF58
:10AEB00070B51D4C0968D4F8C4551C4ED4F8C04573
:10AEC000D6EDFC7ADFED1A6A491B00EE901A016894
:10AED000F8EEE00A091B60EEA70A00EE101A20EE59
:10AEE000A07AB8EEC00A1C46A0EE007AB1EE400A85
:10AEF000F1EEC77A67EEA67AFCEEE77AC2ED007A49
:10AF000035F0B2F99FED0B7ADFED0B7AE0EE077AC0
:10AF1000FDEEE77A17EE902A002ABCBF02F50C423C
:10AF2000A032226070BD00BFA050002000000020B1
:10AF30002C7D8E3FA00CB34500A00C4638B50F4CBD
:10AF400094F8DF1501F03F018B1C024601F10A0560
:10AF500084F8DD3584F8DA5504F5BB6084F8DB2528
:10AF6000083117F0E3F9254485F8D60594F8DA3569
:10AF70001C44000A84F8D70538BD00BFA05000204B
:10AF80002DE9F04FCF4C91B004F2213300904FF0F7
:10AF9000000AA4F20B65019354F80B0C002800F092
:10AFA00053812CF06BFA0646002800F0AB82C64BAA
:10AFB000D3F8C43C44F8073CE027002304F8033CE2
:10AFC00007FB0AF754F80B0C2CF058FA002800F095
:10AFD0003B8154F80B0C2CF049FA14F8023C5A1E31
:10AFE00006460B2A0DD8DFE812F01F003A00450094
:10AFF0005200820099003A0177019601A101CC012B
:10B00000E40124280CD0009A3AB995F80E2982421E
:10B0100040F0D581012204F8032C0D2BD2D184E01D
:10B02000012304F8023CCDE700234D28C4F8C530C5
:10B0300084F8CD3084F8CE3004D0582808D004F8F5
:10B04000023CBFE7022204F8022C84F8C430B9E7BE
:10B05000032304F8023C022384F8C430B2E704233B
:10B060003C2804F8023C0AD03E2E0CD0002304F801
:10B07000023CA7E70A233C2804F8023CF4D1002351
:10B0800004F8013C9EE7012304F8013C9AE7D4F858
:10B09000C510EB190B444A1CC4F8C52083F80B06F5
:10B0A00094F8CD00022A80EA060084F8CD0089D108
:10B0B0002378C02BDAD86278FF2A08D1052BD5D99E
:10B0C000012384F8C430072304F8023C7AE7A4F88B
:10B0D000C12000229342C4F8C93014BF05230623BF
:10B0E00084F8C320C4F8C52004F8023C6AE7D4F809
:10B0F000C510EB190B444A1CC4F8C52083F80B0695
:10B1000094F8CD00D4F8C93070409A4284F8CD004C
:10B110007FF458AF062304F8023C53E794F8CD308F
:10B120008342A3D10D2304F8023C14F8017C002FC4
:10B1300040F0CA81654B08940FCB04AE86E80F003F
:10B14000D4F8C930D4F8D100ADF82A70234409935B
:10B15000B4F8C130ADF8283094F8C3308DF82C30F5
:10B160004FF0010903AB324608A98DF82D900397E3
:10B1700025F0D0FC002860D0049EDFF858B194F888
:10B18000C4800596102239460CA8CDF810B041F0C5
:10B19000D9FB24228DF830204D4A12F808208DF872
:10B1A0003120BDF91A20531C0CBF21223E22A6EBF0
:10B1B0000B068DF83220B8F1000F40F01581BDF874
:10B1C00018308DF83430FE2E40F3FF80ADF8356036
:10B1D000FF234FF007098DF833300DF13302A9F149
:10B1E0000303013B80F0F5803A4A3346002B00F31D
:10B1F000F5808DF80880012754F80B0C2CF032F9FB
:10B20000002800F0568154F80B0C2CF021F954F86A
:10B210000B0C4A460CA92CF035F92E4954F80B0CAE
:10B2200032462CF02FF954F80B0C3A4602A92CF0B8
:10B2300029F954F80B0C2CF005F9039E002304F8AF
:10B24000023C002E40F056810AF1010ABAF1030FC8
:10B2500004F1E0047FF4A0AE11B0BDE8F08FD4F8A3
:10B26000C520EB19134402F10108C4F8C58083F826
:10B270000B0694F8CD3001464340D52294F8CE0019
:10B2800084F8CD3035F0A0FBB8F1070F84F8CE007C
:10B290007FF498AEB4F80530C02B3FF6E7AEB4F8B3
:10B2A0000320A4F8C120A27884F8C320002293428E
:10B2B000C4F8C93014BF08230923C4F8C52004F812
:10B2C000023C7FE6AB560020C00C002084D5040869
:10B2D000A8220508A81E01200146D52294F8CE0018
:10B2E00035F072FB94F8CD30D4F8C51084F8CE0058
:10B2F000734084F8CD30EB190B444A1CC4F8C520C8
:10B3000083F80B66D4F8C9309A427FF45BAE092308
:10B3100004F8023C56E694F8CD30434084F8CD3032
:10B3200094F8CE3083427FF4A1AEF3E6D4F8C52082
:10B33000EB19134402F10108C4F8C58083F80B0629
:10B340000146D52294F8CE0035F03EFBB8F1050F4A
:10B3500084F8CE007FF436AEB4F80120B4F80330A0
:10B36000A4F8C120227884F8C32000229342C4F8B4
:10B37000C93014BF0B230C23C4F8C52004F8023CC9
:10B3800020E60146D52294F8CE0035F01DFBD4F816
:10B39000C51084F8CE00EB190B444A1CC4F8C52034
:10B3A00083F80B66D4F8C9309A427FF40BAE0C23B5
:10B3B00045E694F8CE3083427FF458AEB2E62328B7
:10B3C00004BF022204F8032C27E6F3B24FF005096C
:10B3D00001E712F8011B88EA010802E712F8011BD5
:10B3E000013B88EA010801E7B8F1010F43D1B21D22
:10B3F000FE2A4FF0FF038DF83430D8BFD3B28DF85A
:10B4000033309DF81C30C8BFADF83A208DF8353088
:10B410004FF00502BDF81830ADF836300DF13501AA
:10B420004FF00000CCBF4FF00C094FF00A09ADF807
:10B430003860FAF70BFE32465149FAF707FEB0467C
:10B440008DF80800A9F103030DF13302013B08D286
:10B450004B4BB8F1000F08DC78408DF8090002274B
:10B46000CAE612F8011B4F40F0E713F8012B08F170
:10B47000FF385740EDE7B8F1020F7FF4DEAE9DF8DC
:10B480001C208DF83320BDF81820ADF834200DF1C4
:10B49000330105223846ADF83660FAF7D7FD32465B
:10B4A0005946FAF7D3FD4F468DF808004FF00809CA
:10B4B000A2E654F80B0C2BF0DDFF09EB06033B442E
:10B4C00083427FF7A0AEB8E6012F4FF0000602D00E
:10B4D00004F8026CB8E6D4F8C9300C9423440D93F8
:10B4E0000CA8B4F8C130CDE90E66ADF838301BF0C9
:10B4F000A3FFEDE754F80B0C24F0F4FF54F80B0C09
:10B50000B047A1E614F8033C002B3FF49DAE1D4A62
:10B5100054F8071CD2F8C42C521A632A7FF694AE52
:10B52000012B2AD0022B7FF48FAE54F80B3CC5F8C8
:10B530001439C5F81839C5F8203940230122A5F877
:10B540002839019B104885F81029C5F824390F4A7D
:10B550000F4BC5F81C29C5F87035C5F86C3930F0AB
:10B56000ABF84FF4005025F0CDFA0A4830F09AF8C5
:10B5700085F8706985F8716966E6FDF733FD00BFEF
:10B58000A81E0120C00C0020D0220508C5740308A5
:10B59000BC59002006230508274A9FED286AB2F906
:10B5A0009C39B2F97609B2F99E1910B4B2F974490E
:10B5B000E31A07EE903A02F67C12431AF8EEE77AA5
:10B5C000D2ED005AD2ED016A07EE103AB4F5617F70
:10B5D000D5EE867A66EE866AB8EEC77A20DD9FEDF4
:10B5E000186A37EE667A77EE867A164B9FED166A02
:10B5F000D3ED066AD3F884205DF8044B5A6500F554
:10B60000487080B2B0F5C86F88BFF0EE467A66EE3B
:10B61000A77A26EE877AC3ED137A83ED147A704702
:10B6200014F5617FB7BF9FED066A36EEC77A37EE35
:10B63000667A77EEC67AD8E7A05000200000E14392
:10B640000000E144405A0020000000001D4991F82C
:10B650006025A2B3F0B4002605463346304637468F
:10B660001BB991F860452D2C23D02E2A19D0CA1869
:10B6700000EB800092F86045A4F13002092A4FEAFD
:10B6800040009CBFA0F13002A0180E2B14D801334B
:10B69000CA1892F86025002AE2D106B14042F0BCF7
:10B6A00070470133002DF8D0CA182A4482F860751B
:10B6B000DDE701231E46EBE70020F0BC70470020C9
:10B6C000704700BFA050002010B51C202BF058FF81
:10B6D000112104462BF0C4FF20462CF003F8C820AB
:10B6E0002BF062FE2046BDE810402CF001B800BFF0
:10B6F00008B500202BF044FF054BC3F83C0B08B104
:10B700002A23C380BDE8084040212BF0A9BF00BF19
:10B71000A0500020D0F8A80270B500EB411500241D
:10B72000C5E9503485F82811C5F83C2185F8294130
:10B7300005F59471006805F0BBF9204670BD00BFA7
:10B740000E48D0F8A83C10B5A3B190F8284AD3F819
:10B75000042200F6182034B1402301210024FFF711
:10B76000D9FF204610BD4FF400730121FFF7D2FF2F
:10B77000204610BD0224204610BD00BFC00C002092
:10B7800038B50C4DD5F8043263B10B49D1F8402BD4
:10B79000013B12F8014BC5F80432C1F8402B04708C
:10B7A00013B10123184638BDFFF7CAFF012318461D
:10B7B00038BD00BFC00C0020A050002013B5074CBE
:10B7C000D4F8403B03B9FEE701A8FFF7D9FF0028F2
:10B7D000F6D09DF8040002B010BD00BFA0500020BC
:10B7E00010B50B68064C074AC4F80432C2F8400B87
:10B7F0000BB1002010BDFFF7A3FF002010BD00BF5C
:10B80000C00C0020A0500020D0F8A802F8B501F02C
:10B81000070600EB4614002523640123E2636564F8
:10B8200084F8286084F8293021462831006805F022
:10B830003FF92846F8BD00BFF8B5784CD4F820355C
:10B840001A69970702D5DA68960775D41A695507F9
:10B8500002D5DA68500767D41A69110702D5DA6889
:10B86000120759D41A69D70602D5DA68D6064BD41E
:10B870001A69D50702D5DA68D00769D41A691106A2
:10B8800005D5DA68120644BF6FF080021A611A69A2
:10B89000D70505D5DA68160644BF6FF480721A61C1
:10B8A0001A69550605D5DA68540644BF6FF04002A0
:10B8B0001A611A69900605D5DA68910644BF6FF0DF
:10B8C00020021A611A69D20205D5DA68D70244BF8C
:10B8D0006FF480121A611A69960205D5DA6895022A
:10B8E00044BF6FF400121A611A69540205D5DA6870
:10B8F000500244BF6FF480021A611A69110202D526
:10B90000DA68120220D4F8BD6FF010021A6100222A
:10B91000D96984F83C25ABE76FF008021A61002270
:10B92000D96984F83C259DE76FF004021A61002272
:10B93000996984F83C258FE76FF002021A610022B2
:10B94000996984F83C2581E76FF400021A61F8BD1B
:10B95000334A6FF00101934219618FD1314DD5F80F
:10B96000A81CD1F81422002A88D12F4FD7F8440BF5
:10B9700088B1D5F8FC610644C5F8FC61D5F8FC61D6
:10B98000B6F5006F08BFC5F8FC2100F03F000022AB
:10B99000C7F8442BC8B3D5F8FC01D5F80022904273
:10B9A0003FF46CAFD5F8FC01D5F80022904226D9BF
:10B9B000D5F8FC61C6F50066D5F8FC211B48D1F826
:10B9C00014C2B6F5007F28BF4FF400760244C1F8D8
:10B9D0001062C1F80822BCF1000F7FF44FAF0123C1
:10B9E000C1F8143200F50060B3B28121C5F8486A8D
:10B9F000FFF70AFFD4F82035C7F8446B3EE7D5F8C7
:10BA00000062D5F8FC21B61AD6E7D5F8FC41074A02
:10BA1000C1F810022244C1F808222FE7B81D002007
:10BA200000140040C00C0020A0500020D80E0020C0
:10BA3000D0F8A832586801F00702824234D80806CC
:10BA400010B429D403EB4110002400F5947180F860
:10BA5000294101240A708C7093F82802A04218D062
:10BA600083F828424A7818680978FAB130F821201A
:10BA700022F4E04222F040021204120C82F0100282
:10BA800042F4004242F0800220F82120002083F896
:10BA900028025DF8044B704703EB42100124014675
:10BAA00080F829402831D4E70220704730F821205F
:10BAB00022F4804222F070021204120C82F48052AE
:10BAC00042F4004242F0800220F82120DEE700BF6D
:10BAD00010B580210446FFF7ABFF20460021BDE8EA
:10BAE0001040A5E7D0F8A82211F0800F01F007015F
:10BAF00030B402EB411040F09080002480F82941DE
:10BB000000F59473197092F8280201282FD00121B2
:10BB100082F82812187B116858BB1C78587831F8C5
:10BB2000245000287FD16D0401EB840010D531F83A
:10BB3000240020F4E04020F070000004000C40F4E9
:10BB4000404040F0800021F82400187801EB80008C
:10BB5000038823F4804323F070031B041B0C43F47D
:10BB6000004343F080030380002082F8280230BCA9
:10BB7000704758781D78002870D131F825004004AE
:10BB800001EB850410D531F8250020F4E04020F0C9
:10BB900070000004000C40F4404040F0800021F8A8
:10BBA00025001C7801EB8404208845060ED52088EA
:10BBB00020F4E04020F070000004000C40F400404D
:10BBC00040F0C00020801C7801EB8404208820F421
:10BBD000E04020F070000004000C40F4004040F011
:10BBE000C00020801D7831F8250020F4804020F02E
:10BBF0007000000448F28004000C204321F8250066
:10BC0000187831F8203023F4E04323F040031B047C
:10BC10001B0C234321F82030A6E70124034680F8BB
:10BC2000294028336EE76D0601EB840010D531F80A
:10BC3000240020F4E04020F070000004000C40F4E8
:10BC4000004040F0C00021F82400187801EB80008B
:10BC5000038823F4E04323F040037EE731F8250016
:10BC6000400401EB850410D531F8250020F4E040B4
:10BC700020F070000004000C40F4404040F08000D0
:10BC800021F825001C7801EB8404208840060ED59D
:10BC9000208820F4E04020F070000004000C40F404
:10BCA000004040F0C00020801C7801EB8404208814
:10BCB00020F4E04020F070000004000C40F440400C
:10BCC00040F0800020801D7831F8250020F4E0400D
:10BCD00020F04000000448F28004000C204321F8CA
:10BCE0002500187831F8203023F4804323F07003C6
:10BCF0001B041B0C234321F8203035E7F0B4D0F8A7
:10BD0000A85211F0800F01F0070105EB411040F03F
:10BD10000481002680F8296100F594746078217010
:10BD20002361E27000B1E181022A04BF0023237184
:10BD300095F82802012878D0012385F82832207848
:10BD40002B68E17833F8202022F4EC4222F07002D4
:10BD5000120401294FEA124200F07781032900F012
:10BD60006E81002900F06E8148F280010A4323F8B9
:10BD700020202778BE483EB233F8262092B20240F7
:10BD80003A430A4323F82620227B002A4FD16278C7
:10BD9000002A40F0C880B3F85020E188207803F2F0
:10BDA000044616FA82F221F0010122F83010B3F8AD
:10BDB00050202078216903F2064616FA82F202EB3F
:10BDC000C002002940F04481118821F4F8416FEA53
:10BDD00041416FEA51411180217833F8210040043C
:10BDE00003EB810210D533F8212022F4E04222F047
:10BDF00070021204120C42F4404242F0800223F816
:10BE00002120227803EB8202138823F4804323F05D
:10BE100070031B041B0C83F4405343F4004343F0B2
:10BE200080031380002085F82802F0BC7047217839
:10BE300033F8212092B2024042F4014242F08002E3
:10BE400023F82120B3F850202189267803F5806754
:10BE500017FA82F221F0010122F83610B3F85020CF
:10BE60006189267803F2044717FA82F221F0010172
:10BE700022F8361062782678002A40F0898033F85C
:10BE80002620570403EB86010CD533F8262092B206
:10BE9000104040F4404040F0800023F82600217814
:10BEA00003EB81010A8852060ED50A8822F4E0428B
:10BEB00022F070021204120C42F4004242F0C0025E
:10BEC0000A80217803EB81010A8822F4E04222F003
:10BED00070021204120C42F4004242F0C0020A80C6
:10BEE000207833F8202022F4804222F070021204DD
:10BEF000120C48F2800182F440520A4323F82020B9
:10BF0000207833F8202022F4E04222F0400212048C
:10BF1000120C0A4323F8202084E70126044680F807
:10BF200029602834FAE6B3F85020E188267803F532
:10BF3000806717FA82F221F0010122F83610217889
:10BF400033F82160770603EB81020CD533F821200A
:10BF500092B2104040F4004040F0C00023F82100AD
:10BF6000227803EB8202E378012B138823F4E04369
:10BF700023F040034FEA03434FEA13433FF44DAF2E
:10BF800083F0200343F4004343F08003138049E728
:10BF900033F82620570403EB86010CD533F826200E
:10BFA00092B2104040F4404040F0800023F8260058
:10BFB000217803EB81010A8852060ED50A8822F403
:10BFC000E04222F070021204120C42F4004242F0ED
:10BFD000C0020A80217803EB81010A8822F4E04242
:10BFE00022F070021204120C42F4404242F080022D
:10BFF0000A80E2782178012A33F8212022F4E042F5
:10C0000022F040024FEA02424FEA124218BF82F089
:10C01000200242F4004242F0800223F821202178DD
:10C0200033F8212022F4804222F070021204120C14
:10C0300042F4004242F0800223F82120F2E642F46A
:10C04000C06291E642F400728EE642F480628BE6B2
:10C050003D2906D84808CE0748BF0130800210802D
:10C06000BAE60448490940EA81211180B4E600BFDC
:10C070008F8FFFFF0080FFFF2DE9F04FCA4CD4F8EF
:10C08000980EB0F844301E0485B000F1DA80B0F8A4
:10C090004430590500F18E80B0F844305A0407D579
:10C0A000B0F8443023F480431B041B0CA0F8443048
:10C0B000B0F844309B0407D5B0F8443023F4005363
:10C0C0001B041B0CA0F84430B0F84430DF042DD51D
:10C0D000B0F8403023F004031B041B0CA0F84030E0
:10C0E000B0F8403023F008031B041B0C41F2F802A7
:10C0F000A0F84030A35C012B04BF0023A354D4F864
:10C10000B03E23B1A94A136923F00603136141F23B
:10C110000813E35893F8752283F87422B0F844307A
:10C1200023F480531B041B0CA0F84430B0F84430B7
:10C130001E0500F10582B0F84430190626D5B0F886
:10C14000443023F080031B041B0C41F2F802A0F8DA
:10C150004430A35C002B40F08B82B0F840309BB29F
:10C1600043F00403A0F84030B0F840309BB243F0F5
:10C1700008030121A0F84030A154B0F8543041F236
:10C18000FC02C3F38D0303F03C03A350B0F844302A
:10C190009A0500F1BA81B0F84430DB0507D5B0F854
:10C1A000443023F480731B041B0CA0F8443005B00A
:10C1B000BDE8F08FB0F84430D4F8A02E23F48063AB
:10C1C0001B041B0C022AA0F8443039D141F2081399
:10C1D0000126E558002240231F4611462E742846AA
:10C1E000FFF78CFD3B460022C5F84461C5F850714D
:10C1F00028468021FFF782FDD5F8A022AE610023FA
:10C200006F6285F87462C5F86C326B60C5F87C3279
:10C21000002A00F00A83D5F88C3228465B6800219A
:10C220009847634BD4F8980E1A78012A3FF434AF3C
:10C230000022802184F8BC2EA0F84C101A702BE745
:10C24000FEE7B0F844301D047FF521AF04F6986393
:10C25000DFF864B103F50C7712E013F0100F0388D8
:10C2600000F0AC8019059AB200F1F580110400F1DC
:10C27000BC81D4F8980EB0F844301D047FF507AFA8
:10C28000B0F84450ABB215F00F05E6D02EB230F83E
:10C2900026301FFA83FA1B043ED41AF0800FD4F81C
:10C2A000980EE8D030F826309BB203EA0B0343F433
:10C2B000004320F8263004EB4516B0F8502096F8DD
:10C2C000C01ED6F8D43E00F2024C1CFA82F20235AF
:10C2D00032F8312004EB4515C2F30902D5F898CEA7
:10C2E000C5F89C2E1344C6F8D43EBCF1000F40F0B4
:10C2F0009880304B1B68002900F0CF81D3F88C2246
:10C300005269002AB7D093F87452032DB3D118465E
:10C310009047D4F8980EAEE730F8262040F68F7399
:10C32000134043F0800320F8263004EB45194FEA10
:10C33000451899F8CC3F002B40F03281B0F85030CE
:10C3400099F8C02F00F2064111FA83F333F8323026
:10C35000C3F30903002B40F0EA8105F10A0E04EB58
:10C360004E1E04EB0800DEF89C1ED0F8D42FDEF839
:10C3700098CE19441A44CEF89C1EC0F8D42FBCF1B4
:10C38000000F04D0D0F8D01F8B4280F00582A0446B
:10C39000084B98F8C01F186804EB4113D3F8D42F4A
:10C3A00004F014FB79E700BFB02E002000ED00E0A0
:10C3B000703F0020B83F00200F8FFFFF9BB203EAC1
:10C3C0000B0343F40043D4F8D41E0380B0F850208C
:10C3D00094F8C05E40F2024310FA82F003EBC5030A
:10C3E000D74AC35A1068C3F309031944C4F8DC3EA2
:10C3F000C4F8D41E04F096FA94F8BC3E002B3FF427
:10C4000038AFD4F8D83E002B7FF433AF94F8BC2E6D
:10C41000D4F8980E42F08002A0F84C2084F8BC3E7C
:10C4200029E701F00706B21C04EB42120021C2F812
:10C4300098CEC2F89C1EC34A04EB461502EB461187
:10C4400001222831C5F8D43E85F8C06E85F8C12E8A
:10C4500004F02EFB0DE7B0F8501094F8C06FB4F85C
:10C46000C62F40F2064310FA81F103EBC603CB5A04
:10C470003946C3F30903C4F8DC3F04F0F5FAD4F8F5
:10C48000980E3E6C028840F68F73134043F0800391
:10C49000038097F803807979FB7997F800E097F8A3
:10C4A000029097F804C0BA7986F880E209EB08296F
:10C4B0000CEB012C02EB03220EF01F03012192B2C0
:10C4C00097F80180C6F86C121FFA89F91FFA8CFCE4
:10C4D000012BA6F88292A6F884C2A6F88622C6F896
:10C4E000702286F8818206F5207100F07481022B9B
:10C4F00000F0F180002B00F004810EF08001304646
:10C50000FFF796FAD4F8980EB5E6B0F8443041F249
:10C51000081223F400731B04A2581B0CA0F844302B
:10C5200092F87432032B7FF436AED2F88C32DB698A
:10C53000002B3FF430AE10469847D4F8980E2AE608
:10C54000B0F840309BB243F00803A0F84030B0F898
:10C55000443023F400631B041B0CA0F84430B0F8F3
:10C5600040309BB243F00403A0F84030B0F84430B0
:10C57000DD043FF5E0AD41F20813D4F8B02EE358E6
:10C5800093F8741283F87512042183F87412002A48
:10C590003FF4D1AD6C4A136943F006031361CAE559
:10C5A00099F8C03F1AB2990030F8222012F4804F57
:10C5B000B0F8502079D100F2064C1CFA82F232F821
:10C5C0003330C3F30903002B40F0BB82D4F8980E3C
:10C5D000425A22F4E04222F070021204120C42F499
:10C5E000004242F0C0024252B7E6028840F68F7322
:10C5F000134043F080030380B0F8502094F8C01F2C
:10C6000040F2064310FA82F203EBC103D35AC3F39C
:10C610000903C4F8DC3F002B40F09880D4F8D42FF5
:10C62000474B0021186804F0D1F9D4F8980ED4F8DB
:10C63000D02FB0F8503000F206419BB2002A40F0F3
:10C64000A280CA5A22F4F8426FEA42426FEA52428A
:10C65000CA52038823F4804323F070031B041B0C8D
:10C6600083F4405343F4004343F08003038002E625
:10C6700041F20813D4F8B02EE35893F8741283F8FB
:10C680007512042183F87412002A3FF47FAD2E4AFC
:10C69000136943F00603136178E5D4F8D41E1846F5
:10C6A00004F040F9D4F8980EE5E500F2024C1CFACB
:10C6B00082F232F83330C3F30903002B86D0B9F885
:10C6C000C82F0193D9F8D41F04F0CEF999F8C01FF0
:10C6D000019B89007AE70EF06003202B00F028828E
:10C6E000402B00F02582002B00F06981802130462C
:10C6F000FFF79EF929463046FFF79AF9D4F8980ECD
:10C70000B9E50EF06005202D00F01282402D00F0FA
:10C710000F824DB3802130460193FFF789F9019BC9
:10C7200030461946FFF784F9D4F8980EA3E5B9F816
:10C73000C62FD9F8D41F019304F096F9019B0CE69B
:10C74000B83F0020483D002000ED00E0B4F8C62FBF
:10C75000D4F8D41F04F088F9D4F8D42FD4F8DC3FEF
:10C760001A44C4F8D42F5BE7B8F1090F7AD8DFE890
:10C7700018F0DF00CD007900C1007900F600B500A7
:10C780007900A20084003D2A49D85508D20748BF45
:10C790000135AD02CD525CE790F8C0EFD4F8980EA9
:10C7A0000EF0070E0EF10A0304EB4313002104EB15
:10C7B0004E18C3F898CEC3F89C1EC64B88F8C11F0C
:10C7C00003EB4E1101F59471C8F8D42F88F8C0EF2F
:10C7D00004F06EF961E50EF06003402B02D01EF00C
:10C7E000400F83D196F87432013B022B3AD85FFA9E
:10C7F0008CFCBCF1030F35D8D6F88C3230469B68E0
:10C800009847B6F88632002B7FF433AD00287FF4CA
:10C8100030AD304603F0BAFED4F8980E2BE5AE4D9D
:10C82000520945EA8222CA5213E7D5F89032002B0A
:10C830007FF4F1ACD5F89832002B7FF4ECACF0E447
:10C84000002D00F0708271680129E2D0C9B2304633
:10C8500004F0F8F898F8481B7160304604F0FAF8D4
:10C860000228D6D180213046FFF7E2F83046002179
:10C87000FFF7DEF8D4F8980EFDE45FFA89F5DFF8EB
:10C880005C82012D88F8485BECD896F87432022B54
:10C8900000F03182032BD3D080213046FFF7C8F857
:10C8A00000213046FFF7C4F82946304604F0CAF8A4
:10C8B000D4F8980EDFE4012AD4D196F87432022B12
:10C8C00000F2D281002BCDD03146002341F8083F41
:10C8D000304603F067FED4F8980ECCE44FEA1923F3
:10C8E000013B062B00F2A280DFE803F0A9DED4A012
:10C8F000A0CABE00B9F1010F7FF4BDACC6F87C92AE
:10C90000304603F043FED4F8980EB4E496F874323F
:10C91000013B022BA6D8B9F1010F7FF4ACAC002388
:10C92000C6F87C32304603F031FED4F8980EA2E40B
:10C9300096F87432013B022B94D8022A92D1D6F891
:10C940007C320122F2600BB10323F360022206F174
:10C950000C01304603F026FED4F8980E8BE45CEA16
:10C9600002057FF47FAFB9F17F0F3FF67BAF96F8FA
:10C970007432032B3FF4BAAED6F8A8325FFA89F2CC
:10C9800086F8762293F8281201290BD083F8242008
:10C99000B9F1000F03D11A688021A2F84C100022CF
:10C9A00083F82822304603F0F1FDB9F1000F00F0C2
:10C9B000CA810223D4F8980E86F874325BE4B8F189
:10C9C000010F5FFA8CF100F0D280B8F1030F00F094
:10C9D000BC80B8F1000F7FF445AF96F87432022B9B
:10C9E00000F04D81032B40F033811CF0800F40F0AC
:10C9F000688101F00F03142202FB0363D3F8443172
:10CA0000002B00F0258101F07F0002FB006303F59D
:10CA1000A073002840F0908100221A601946304629
:10CA2000022203F0BFFDD4F8980E24E480213046A2
:10CA3000FEF7FEFF30460021FEF7FAFF19E4D6F8B4
:10CA40008832307C1B680DF10E019847BDF80E301E
:10CA5000002B00F03081B6F88622002A40F02281B7
:10CA6000304603F093FD04E4337C002BDED1D6F88E
:10CA70008C320DF10E001B6B984707234370E5E7DE
:10CA8000337C002BD2D1D6F88C320DF10E005B6BCB
:10CA90009847DBE75FFA89F9B9F1050FC6D8DFE8F7
:10CAA00009F03F37271F2F10337C002B40F03281D5
:10CAB000D6F88C320DF10E009B6A98470223437022
:10CAC000C4E7D6F88832307C9B690DF10E01984797
:10CAD000BCE700BF483D00200080FFFFA0500020C1
:10CAE000D6F88832307C1B690DF10E019847ADE70E
:10CAF000D6F88832307CDB680DF10E019847A5E747
:10CB0000D6F88832307C5B690DF10E0198479DE7BD
:10CB1000D6F88832307C9B680DF10E01984795E776
:10CB2000D6F88832307C5B680DF10E0198478DE7AE
:10CB3000D6F88C3230469B689847D4F8980EFFF7A9
:10CB40009ABBB9F8CA2F0193BCE596F87432022B50
:10CB50006FD0032B7FF486AE4B063FF45AAE59EAF2
:10CB600002037FF456AE3046FEF762FF51E696F8B8
:10CB70007432022B5DD0032B7FF474AEB9F1000F39
:10CB80007FF479AB4D063FF444AED6F8A822536843
:10CB900001F00F0098423FF63CAE01F0070302EBB4
:10CBA00043101CF0800F034640F0D68001F00701CF
:10CBB00080F8299100F5947300201970987092F80C
:10CBC000281201293FF425AE012182F82812197B91
:10CBD00059BB587811681D78002800F0C48031F8DE
:10CBE000250040060DD531F8250020F4E04020F066
:10CBF00070000004000C40F4004040F0C00021F838
:10CC00002500D878012810D0187831F8203023F486
:10CC1000E04323F040031B041B0C83F0200343F488
:10CC2000004343F0800321F82030002382F82832AB
:10CC3000EFE511F07F053FF459AD3046FEF7F8FE01
:10CC400030468021FEF7F4FED4F8980EFFF713BBB0
:10CC500080213046FEF7ECFE41463046FEF7E8FE06
:10CC6000D4F8980EFFF707BB032B7FF4FBAD311D03
:10CC7000304603F097FCD4F8980EFFF7FCBA48064C
:10CC8000E6D11CF0800F14BF06F1140106F5A07167
:10CC9000002330460B60022203F084FCD4F8980E87
:10CCA000FFF7E9BA9A4228BF1A4601463046ADF866
:10CCB0000E2003F077FCB6F88632002B7FF4D9AA59
:10CCC000CEE601F00F02142303FB02629269002AF0
:10CCD000BED001F07F0101FB0333334400293FF450
:10CCE0009BAED6F8A82202EB411292F82A208AB312
:10CCF00001221A6092E6002D3FF48BAD012103233F
:10CD0000716086F87432304603F0A4FE02287FF486
:10CD100080ADA7E5D6F88C320DF10E00DB6A98479E
:10CD20000223437092E602237560294686F8743226
:10CD3000304603F087FE6CE5D6F8A82202EB4112DC
:10CD400092F82A21D3E70123D4F8980E86F874329A
:10CD5000FFF791BA1A6061E6012501F00701283357
:10CD600080F8295028E731F825C01CF4804F284668
:10CD70000ED031F8250020F4E04020F070000004CF
:10CD8000000C40F4404040F0800021F82500187865
:10CD900000B231F8203023F4804323F070031B04E9
:10CDA0001B0C83F4405343F4004343F0800321F809
:10CDB00020303AE72DE9F0414FF0FF35324A334851
:10CDC0002C46002304E001330B2B02F1100215D096
:10CDD000917A0429F7D103F5B17100EB0111C979FA
:10CDE000CF07F0D4661C116801D0A942EBD21C46D3
:10CDF00001330B2B0D4602F11002E9D1631C02D165
:10CE00000120BDE8F081214D04F5B17705EB071352
:10CE10009988F1B9DFF880802601AB19D8F81C2079
:10CE20001B4916691B4A41F2186001EB442118584E
:10CE30000023B047D0B1022808D141F2CC6205EB03
:10CE40000717AB58013B0121AB50B9710020BDE879
:10CE5000F081DFF8448005EB0413D8F81C2041F280
:10CE60001860D268185826019047D6E741F2CC6284
:10CE700005EB0717AB580321B97141F2D061013BB3
:10CE80000124AB506C54BCE7E4730020C85D002063
:10CE9000E05D0020B5CE0008A83F0020044B41F221
:10CEA000E472995C09B90121995401225A707047C2
:10CEB000C85D002038B5174D174B41F2D0640020F3
:10CEC000285504E001300B2803F1100314D053F867
:10CED0000E4C8C42F6D11C78032CF3D16AB10F4B67
:10CEE00003EB40239A4201D0FFF7D8FF00F5B17061
:10CEF00005EB00100123837138BD41F2CC6100F5D0
:10CF0000B1736A5805EB03130420013298716A501B
:10CF100038BD00BFC85D0020EE730020E05D00203A
:10CF200038B5134B00209C7B14B11D688D4205D091
:10CF300001300B2803F11003F5D138BD72B10D4B50
:10CF400003EB40239A4210D0FFF7A8FF0A4B00F5ED
:10CF5000B17003EB00100123837138BD064B00F55F
:10CF6000B17003EB0010827138BD022CECD1EDE7FB
:10CF7000E0730020E05D0020C85D00202DE9F84F3F
:10CF800012F0020E9B4606D028B9FFF787FF022554
:10CF90002846BDE8F88F7F4C41F638056559002DCD
:10CFA0005BD14FF0FF367C4FB146B046B24600250C
:10CFB0003B68984200F0B68097F80EC0BCF1000FB5
:10CFC0005BD0BCF1010F15D105F5B17C04EB0C1C55
:10CFD0009CF807C01CF0010F0CD11CF07E0F09D18A
:10CFE0005FEADC1340F0A880D7F808C0D44501D22E
:10CFF000E246A94601350B2D07F11007D8D1751C63
:10D0000004D1B8F1FF3F00F09F80464641F2C86866
:10D0100006F5B17754F80850013544F8085004EB90
:10D02000061C41F21C694FEA07184CF8095044F8F5
:10D03000085041F2186904EB07154FF000084CF84E
:10D040000900C5F8048004EB0715AD79042D9CD8C0
:10D05000DFE805F01A330F334D0004F5C25741F6EF
:10D060003C063F68A65907FB0565A84299D3FFF720
:10D0700015FF00252846BDE8F88F2E4601350B2DFB
:10D0800007F1100794D1BAE712F0010C70D104EB4C
:10D090000710D51090F80780BBF1030F65F3C71890
:10D0A00080F8078062D94FF6FF7083455B4628BF42
:10D0B00003469BB204EB07108380BEF1000F16D02D
:10D0C00004EB061303F5B0531833987B04280ED0F5
:10D0D00041F2C8654FF0040C60590130605141F2D3
:10D0E000CC65586083F80EC0635901336351500713
:10D0F00005D504EB0710C37943F00103C371D306D0
:10D1000008D504EB0714E379C3F34502013262F357
:10D110004603E371214B012503EB46260E602846AA
:10D12000BDE8F88F05F5B17704EB07164FEA071C49
:10D13000B67986B92E4669E7A84601350B2D07F169
:10D1400010077FF435AF5AE7B9F1FF3F18BF4E46DD
:10D150007FF45CAF8DE741F2C8682E4654F8085062
:10D16000013544F8085044F80C506CE76346A1E7D9
:10D170000B4B0A49DB690B4AD3F8088001EB4621C7
:10D180000023C04700283FF474AF04EB07140223C8
:10D19000A371FDE6C85D0020E0730020E05D002083
:10D1A000A83F002021CF0008F0B5124D2B7841F6A2
:10D1B0003002022B0BBF070AC0F3D417C4B200F031
:10D1C0007F04A85883B00E4600230122384401A9E9
:10D1D000FFF7D4FE01280AD12B78022B019B16BF42
:10D1E00053F8243033F8143023F07043336003B025
:10D1F000F0BD00BFC85D002010B5144602070B4605
:10D2000010D50B4941F2C472581C8B58834204D389
:10D2100005D100232360012010BDFFF73FFE2060F1
:10D22000012010BD21461846BDE81040BCE700BFF4
:10D23000C85D00202DE9F0414268C2F308030B44A9
:10D24000B3F5007F82B004460D4657D390F91A30EB
:10D25000591C0AD0304A03F5B17302EB0313FF21C6
:10D26000DA796FF30002DA71817694F91B305A1C77
:10D270000FD0294A03F5B17302EB0313FF20DA79CB
:10D28000C2F34501013921EAE17161F34602DA7125
:10D29000E0762378022B37D01F4A02F5C2531B6871
:10D2A000B5EB432F4FEA432824DC41F64803676877
:10D2B000D6583E407342AB421CDCAB19434511D3F8
:10D2C0002169207E01AAFFF797FF012812D1676824
:10D2D000236963614744019B2361A5EB0801BF1BE0
:10D2E00067608D192046F9F799F820B93D446560CB
:10D2F000012000E0002002B0BDE8F0811544456047
:10D30000012002B0BDE8F08161680120294461601C
:10D3100002B0BDE8F08100BFC85D002070B51546C1
:10D3200004460E46FFF786FF50B994F8280028B946
:10D33000022384F82830C4E90B5670BD022070BD6A
:10D340001DB12046A847012070BD012070BD00BF5F
:10D3500010B4D0E9011390F91A208B4238BF0B4664
:10D36000511C83600AD0144B02F5B17203EB021218
:10D37000FF21D3796FF30003D371817690F91B30CD
:10D380005A1C0FD00C4A03F5B17302EB0313FF24B0
:10D39000DA79C2F34501013921EAE17161F346020C
:10D3A000DA71C4760022436A5DF8044B4261426040
:10D3B00011460361B2E700BFC85D002038B54422C2
:10D3C000002111483FF0BEFA104B41F602011A78D5
:10D3D0004FF6FF745C52022A41F2E87118BF032233
:10D3E00003F5C05041F64C055A5441F60C0441F681
:10D3F000010203215D5900F8181910211D5199549B
:10D40000FFF7A6FF012038BDB0750020C85D0020E1
:10D410002DE9F041B1F904300F2B82B00C461646CD
:10D42000054632D02846F9F71DF895F91B80B8F16A
:10D43000FF3F074633D02D4B41F2186203EB081132
:10D440008A58904211D1183303EB4823A188013147
:10D4500009B203EB4113A18028463360F9F702F8C3
:10D460002060012002B0BDE8F081FFF717FD2846DB
:10D47000F8F7D4FF28B100230120336002B0BDE8E3
:10D48000F081002002B0BDE8F0814FF40071FFF799
:10D49000D1FE0028F5D04FF6FF73A380C2E72846DF
:10D4A000F8F7BCFF0028E2D10FB9FFF7F7FC3846C8
:10D4B0000023112201A9FFF761FD0128D7D1019BAB
:10D4C0000B4A9A1A48BF02F2FF12B2F5B05F4FEA58
:10D4D000622106D24FFA81F885F81B80002BB5D166
:10D4E000C5E7FFF7DBFC019BF6E700BFC85D002046
:10D4F000E05D002030B50446C06983B010B901205A
:10D5000003B030BD0D460023032201A9FFF736FD0D
:10D510000128F5D1B4F92030002B03DAFFF7BEFC67
:10D520000220EDE7019A012D4FEA431102EB43136C
:10D5300003D0022D12D1E5255554A268DA61227874
:10D54000032A04D100221A775A779A77DA77626A27
:10D550005A83C2F30F429A8203B030BDE268DA61A7
:10D56000EDE700BF10B50378023B012B0446037EB4
:10D5700002D913F0060F5AD198063AD494F91A300A
:10D58000591C0AD02D4A03F5B17302EB0313FF2196
:10D59000DA796FF30002DA71A17694F91B305A1C24
:10D5A0000FD0264A03F5B17302EB0313FF20DA799B
:10D5B000C2F34501013921EAE17161F34602DA71F2
:10D5C000E076237E1B070BD51C4841F2C873C35C71
:10D5D000072B01D0FFF762FC41F2C8730022C2544E
:10D5E000E26A0023237084F82830FAB1BDE81040C5
:10D5F000104700231249E0691A018A58904206D068
:10D6000001330B2BBAD01A018A589042F8D10B4A39
:10D6100003F5B17302EB0313DA79C2F34501013963
:10D6200021EAE17161F34602DA71A7E710BD012139
:10D63000FFF760FF0128F9D1237E9DE7C85D002038
:10D64000E073002030B1027822B190F828201AB19E
:10D65000002070470120704710B5D0E90142A24276
:10D66000C16238BF22460321826080F82810FFF78C
:10D6700079FF012010BD00BF2DE9F04FDFF8689160
:10D680008A4699F80010DAF800300229174683B06C
:10D69000834641F6300240F08B8059F80250DEB2EA
:10D6A000A6EB030805EB1325B8444FF480729044B1
:10D6B000BB4208F1FF38B8FBF2F875D2A844032941
:10D6C00006EB0704A4EB03040CBF80224FF4807226
:10D6D000944228BF1446A8EB050366B994422CBFB8
:10D6E0000A220B2201A92846FFF748FC012809D08D
:10D6F00003B0BDE8F08F0B2201A92846FFF73EFCDE
:10D700000128F5D199F80020DAF80010022A01F179
:10D71000010321D0A64210D2019906F18042013ABC
:10D72000081F00EB840001EB820242F8043F8242B2
:10D7300003F10103F9D1DAF80010A61B7318BBF14D
:10D74000010FCAF800301BD09F4205F101052BD90B
:10D7500099F800100026B2E7A642EED2DDF804C028
:10D7600006F10042013AACF1020000EB44000CEB80
:10D77000420222F8023F904203F10103F9D1DCE7B3
:10D78000BB42E1D199F80030022B21D004F1804452
:10D79000019B013C4FF0FF3243F82420DAF80030BF
:10D7A0009F4205F10105D3D8012003B0BDE8F08FF9
:10D7B00059F8022003F07F060329C3F3D415A6EB22
:10D7C00003081544B84414BF4FF4807280226EE7FA
:10D7D00004F10044019B013C4FF6FF72584623F8C8
:10D7E000142003B0BDE8F08FC85D00202DE9F041A2
:10D7F00090F838300446032B51D8DFE803F00232AA
:10D800003B462D4BC0681978E76A03F5C2520329DD
:10D8100011680CBF80264FF4807601FB06F141F2BF
:10D82000C47C00EB412041F2A87841F2AC7E53F871
:10D830000C20E06053F80E0053F808502261A5EB6D
:10D840004125A0EB4121901943F8085043F80E10F0
:10D8500043F80C00C4E90C205FBB6262012384F82A
:10D86000383016480021FFF745FE012811D1022368
:10D8700084F83830626B04F130010120FFF7FCFEC0
:10D88000012806D1032384F8383000212046FFF711
:10D8900031FE431EDBB2012B02D9BDE8F08102202C
:10D8A00094F82830062B04BF002384F82830BDE804
:10D8B000F081921B2263D1E7C85D002068750020CB
:10D8C0002DE9F04FDFF8248198F80060012887B037
:10D8D0008CBF00230123032E02930C460B681546D0
:10D8E00039D0022E62D14FF480724FEA1329DFB291
:10D8F00001920138012823D8012203929D421AD9AE
:10D90000384E06F1880A06F11C0B32681AB1DBF8B2
:10D91000001099424ED0DAF8000000234844092252
:10D9200005A9FFF72BFB01281FD002280FD020B13B
:10D9300023689D42E9D82560032007B0BDE8F08F39
:10D9400087B1FFF7ABFA022007B0BDE8F08F0220E5
:10D9500007B0BDE8F08F80220192C3F3D41903F021
:10D960007F07C6E7019A0392C8E7DDE902C1059A7D
:10D97000DDF804E098F80030022B14D0032BE6D138
:10D9800052F8273023F07043B3FA83F35B09634501
:10D990000F44236823D00B4477452360EAD309F171
:10D9A00001090027C5E732F81730EDE74FF4807220
:10D9B0000192D2E70C490968013A02EB412249027F
:10D9C000B2FBF1F203991344B3FBF1F201FB123203
:10D9D0000AB10B449B1A9D42236096D8ABE7AB4239
:10D9E000ABD3A8E77075002008760020C85D002042
:10D9F000F0B5104D2B7841F63002022B0BBF070A11
:10DA0000C0F3D417C4B200F07F04A85883B00E4608
:10DA100000230322384401A9FFF7B0FA012807D1F7
:10DA20002B78022B019B0CBF23F8146043F8246071
:10DA300003B0F0BDC85D00202DE9F04390F83C3004
:10DA4000002983B0044614BF02210021042B7BD897
:10DA5000DFE803F0030C3C476900FFF74BFD0128AA
:10DA600070D1626B002A75D184F83C00404EDFF81B
:10DA70000881404D4FF6F7771DE01FFA80F9B94550
:10DA800094BF4FF000094FF0010901A9B9F1000F4F
:10DA900046D1FFF789FB0128494650D1206BFFF79B
:10DAA000A7FF01284BD1019B2A682363013B9342C6
:10DAB00028BF13462B603378206B032BDDD1404504
:10DAC00094BF4FF000094FF00109DEE7426B04F10B
:10DAD00030010020FFF7D0FD012833D1032384F863
:10DAE0003C30234BE16A41F2C47003F5C2521D5829
:10DAF0001268195041F2A87741F2AC76D8596D1AE4
:10DB0000995902FB05F200EB422501EB422203F595
:10DB1000BD500021DD519A51FFF7ECFC012811D1D5
:10DB2000042384F83C3094F82830042B04BF0023ED
:10DB300084F82830A36B8BB120469847012003B0AE
:10DB4000BDE8F0830228FAD194F82830042B09D0DC
:10DB50000220F4E7022384F83C30B8E7012003B048
:10DB6000BDE8F083002384F828300220E7E700BFF7
:10DB7000C85D00200C760020F7FFFF0F38B590F845
:10DB800034300446052B46D8DFE803F01F033F106E
:10DB90001963006B4FF0FF31FFF72AFF01283AD1DC
:10DBA000E06A002839D1032384F83430002120466C
:10DBB000FFF7A0FC01282ED1042384F8343094F818
:10DBC0002830082B2DD0012038BD41F63803224DD6
:10DBD000EA5800F1300102320120FFF771FE0128FE
:10DBE00024D00238C0B2012815D8052384F8343077
:10DBF00094F82830082B04BF002384F8283041F221
:10DC0000E5730122EA54022038BDC06A216BFFF798
:10DC1000EFFE0128C7D0002038BD022384F834303D
:10DC2000F4E7002384F82830012038BD05F5C252FE
:10DC3000E3681168D4E90B2003EB412341F644016A
:10DC40006850C4E9033002B96062012384F83430BB
:10DC5000A0E7014DCCE700BFC85D00202DE9F04FE3
:10DC6000436883B0C3F308081646002A00F0E18039
:10DC7000714B05468946A3F1180B4FF0000AC8F511
:10DC8000007495F91A70B44228BF3446791C2846AE
:10DC90002ED0F8F7E7FB0BEB071341F218629B5805
:10DCA000984205D0FFF7FAF8504603B0BDE8F08F70
:10DCB000614B03EB47202246494640443DF0E0FEDD
:10DCC000002221462846FFF729FBA2440028EBD07A
:10DCD0002B7E1B0706D5594B2A691B689A4201D334
:10DCE000FFF7DCF8361BA1444FF00008C7D1DBE793
:10DCF000F8F794FB002849D12846F8F7B3FB696888
:10DD0000C1F308032BBB21F4FF7323F0010303F5D8
:10DD10000072AB689A422CBF062207222B7E03F0CA
:10DD20000C030C2B1CD0002301A9FFF727F90128B5
:10DD3000BAD10198404BC31A48BF03F2FF13B3F5A1
:10DD4000B05F4FEA63224FD257B2AF760028B2D10C
:10DD5000AAE72B7E03F00C030C2B4FF00702E2D155
:10DD60009BF800C0364BBCF1030F1B680CBF4FF093
:10DD7000800C4FF4807C03FB0CF34FEA432C0CF136
:10DD8000FF3C0CEA0101A3EB5123CDE72B7E1A07E0
:10DD90002ED59BF800102A4B95F828201B680329E4
:10DDA0000CBF80214FF4807103FB01F3062A4FEA78
:10DDB00043233FF479AF23490868834230D891F870
:10DDC0003D30002B7FF470AF002A7FF46DAF6B699C
:10DDD00085F83820062185F82810EB622846FFF7E1
:10DDE00005FD012888D05FE7FFF758F80198ACE7F8
:10DDF000154B1A78002A7FF457AF95F82820002A8F
:10DE00007FF452AF082185F8342085F82810D3F824
:10DE10005F206B692846C5E90B32FFF7AFFEE0E7EC
:10DE200041F2E573012250460BF8032003B0BDE830
:10DE3000F08F924638E700BFE05D00208C7500202F
:10DE40000876002070750020AD7500202DE9F043A4
:10DE500090F8384083B00546032C00F29F80DFE83D
:10DE600004F0021A890BFFF789FE012811D002285D
:10DE70000BD1032385F838302B6C002085F828005F
:10DE8000002B00F0878098470224204603B0BDE8AD
:10DE9000F08385F838002B78022B77D0404A6F68E2
:10DEA00041F64803D3581F40C7F34F272846F8F7D9
:10DEB000D9FADFF8F08006463F1A0AE0D8F80030B9
:10DEC000013B99454AD2FFF7B5F908B9FEF7E6FFDD
:10DED0000136022201A900233046FFF74FF8BC1992
:10DEE00001281FFA84F94FF400724FF00001044634
:10DEF000CBD101983EF026FDEB694FF40071284626
:10DF0000002BDBD06B68002BD8D1019B4FF0203267
:10DF10004FF02E0C1A605A6083F800C0C3F8072037
:10DF20004FF0100E6C6A1A625A6283F820C083F8B0
:10DF300021C0C3F8272083F80BE0EA6B5C83C2F3AF
:10DF40000F4CC4F30F4483F82BE09C825A87A3F84C
:10DF500034C0D8F80030013B9945B4D3C3EBC35368
:10DF600059022846FFF766F908B9FEF797FF022322
:10DF700085F838302B6C002285F8282063B12846BC
:10DF800098470124204603B0BDE8F0836F68C7F3CB
:10DF90004F278BE7022478E7012476E7002474E713
:10DFA000C85D0020087600202DE9F04F90F8303051
:10DFB00089B00446042B00F2A880DFE813F0A90022
:10DFC000B20005008A00E800B64D41F61003EB5C94
:10DFD000002B40F09A80B44F04F11C09B84607F1B9
:10DFE000380BBA4601AE324649464046FFF710FAB2
:10DFF000012840F018810198002800F0FA80037889
:10E00000E52B01D0002BEED1A84A821A48BF02F2BC
:10E01000FF12B2F5B05F4FEA622380F03C811B0132
:10E02000A34A13449A7B042A0CD041F2C861042607
:10E030006A5801326A5041F2CC615A609E736B5843
:10E0400001336B5041F60202AB565E1C09D003F55A
:10E05000B17305EB0313FF26D979AE546FF30001BA
:10E06000D97141F603016B565A1C0ED003F5B173FA
:10E0700005EB0313FF26DA796E54C2F3450101392B
:10E0800021EAE17161F34602DA71202200213EF0BB
:10E0900059FC2346019A53F8311F586850601160AB
:10E0A00019899B7A93721181019B627EDA7205A8AD
:10E0B0002EF00EF8BDF81430002B40F02F8144F202
:10E0C0008172019903200A82CB810A83CB8284F872
:10E0D0003000237E980600F1A9802046FFF738F92A
:10E0E0002369002B00F0AE80237E03F0F70213F0CB
:10E0F0000403227640F0B480122A00F0BA80002394
:10E1000084F828302046E36A984709B0BDE8F08FCC
:10E110006548FFF71DF94FF6FF720123228484F84A
:10E120003030614F04F11C0801AE04F13109324670
:10E1300041463846FFF76CF901282FD00228E4D178
:10E14000584D41F60202AB56591C09D003F5B17384
:10E1500005EB0313FF20D979A8546FF30001D9719F
:10E1600041F603016B565F1C0ED003F5B17305EB4E
:10E170000313FF20DA796854C2F34501013921EA1B
:10E18000E17161F34602DA71042384F83030002033
:10E19000E36A2070984709B0BDE8F08F019D0B221B
:10E1A00049462846002D00F087802B78002B00F090
:10E1B000838095F80BA01AF0080FB8D13EF0E1FC6F
:10E1C0000028B4D1637E8AEA0303DB0640F1C780EE
:10E1D000344D41F602016B565F1CC1D003F5B1739B
:10E1E00005EB0313FF26DA796E5460F30002DA714F
:10E1F000B6E73B782F49022B4FF009025046C3D0B7
:10E200000B78002BC0D1C1E905330A708BF80030C0
:10E210004A6B0B7351F8143CC1E90132FFF716FE4B
:10E2200001283FF4E0AE0228AED06EE7E06900239B
:10E23000112205A9FEF7A2FE01283FF44EAF09B056
:10E24000BDE8F08F237E19077FF559AF154A41F2DB
:10E25000C873D15C00297FF458AF0721D1544EE731
:10E260000023E26AA16884F828302046FFF756F8B8
:10E270004BE7626AE06AA0630421C4E90233C4E99F
:10E280000B2284F83C30636384F8281063622046D4
:10E29000FFF75EF839E7FEF701FE01986FF00F0314
:10E2A000BEE600BFC85D0020B0750020E05D002024
:10E2B000E0730020D8750020474D41F60202AB56AE
:10E2C0005E1C09D003F5B17305EB0313FF20D97968
:10E2D000A8546FF30001D97141F603016B56581C25
:10E2E0000ED003F5B17305EB0313FF20DA79685400
:10E2F000C2F34501013921EAE17161F34602DA71A5
:10E30000237EDA067FF540AF3448FFF721F84FF659
:10E31000FF720223228484F8303056E6304B05A980
:10E32000B3F94C2B02A82DF0F1FE9DF80C309DF8AE
:10E330000D609DF80A509DF80B20BDF808109DF85F
:10E340000E00DB0243EA461342EA4512A1F2BC7119
:10E3500043EA500342EA41229BB292B2B1E6A98A53
:10E360006B8B204A43EA014312686362EB69A36046
:10E370005202B3FBF2F102FB113109B113445B1AF3
:10E38000154DE36041F6020184F819A06B565E1C3E
:10E3900009D003F5B17305EB0313FF20DA79685454
:10E3A0006FF30002DA7141F603016B56581C0ED070
:10E3B00003F5B17305EB0313FF20DA796854C2F358
:10E3C0004501013921EAE17161F34602DA71032363
:10E3D00084F830307DE600BFC85D0020B0750020B5
:10E3E000A0500020087600202DE9F04390F8283056
:10E3F000013B83B00446082B41D8DFE803F0480511
:10E400004D525865406A4300384B4668056B41F6EB
:10E41000480103F5C2525F5813683740EA19B2EB5E
:10E42000432F4FEA432816D258E02169207EFEF799
:10E43000E3FE012823D1256B666823696361A5EBA0
:10E4400008053D444644F61B019B6660A8452563CC
:10E450004F46236142D82046F7F7E0FF01AA8146E4
:10E460000028E2D06668A368E26A9E4238BF1E4672
:10E470000023A66084F828300AB12046904703B0F4
:10E48000BDE8F083FFF7E2FC03B0BDE8F083FFF7DF
:10E490008BFD03B0BDE8F083FFF764F803B0BDE87F
:10E4A000F0830021FFF7C8FA03B0BDE8F083012133
:10E4B000FFF7C2FA0128E2D10023216C84F828304A
:10E4C0002046FFF7BFF8DAE7FFF790F903B0BDE8A1
:10E4D000F083FFF753FB03B0BDE8F0832046F7F766
:10E4E0009DFF0028BFD12E446660BCE7C85D0020B8
:10E4F0002DE9F04704460D469046002144221E4671
:10E50000089F3EF01FFA01234FF6FF7226766283C2
:10E5100084F828302B782E2B4CD02E4604F1310A6B
:10E52000307804F1390968B12E280BD02DF06AFE3D
:10E53000C0B20AF8010BCA4506F1010607D03078CF
:10E540000028F1D120200AF8010BCA45F7D1307814
:10E550002E2808BF707804F1380908BF013604F18D
:10E560003B0A58B12DF04EFEC0B209F8010FD1455B
:10E5700006F1010607D030780028F3D1202009F8F1
:10E58000010FD145F7D118F0100F14BF0323012359
:10E5900084F819802370E7622B782E2B26D16B78B4
:10E5A00023BB0323204684F83030FFF7FDFC2046D0
:10E5B000BDE8F0876B78002BAFD1114B41F2F472BC
:10E5C00041F60C0041F2F0719A5818585958E2601F
:10E5D00041F601026062A1609A5C627641F2E872E3
:10E5E0009B5C2370E7622B782E2BD8D0002320462B
:10E5F00084F83030FFF7D8FC2046BDE8F08700BF34
:10E60000C85D0020000000000A2303800048704716
:10E61000F4030020202303800048704700040020FA
:10E62000202303800048704720040020202303801B
:10E6300000487047400400200A23038000487047C8
:10E6400060040020D0F89822002318461373704706
:10E6500022230380004870476C040020222303809B
:10E660000048704790040020222303800048704730
:10E67000B40400200A23038000487047D804002017
:10E680004323038000487047E404002043230380B1
:10E690000048704728050020432303800048704746
:10E6A0006C050020D0F8943283B110B5D0F89042B8
:10E6B00094F80002FF2807D09B6894F801222146B5
:10E6C0009847FF2384F80032002010BD00207047D7
:10E6D00038B5D0E9A432D0F8A842D568D3F80402FE
:10E6E00001F0070104EB411203F50371D2F8442154
:10E6F000C3F80C22A847002038BD00BF836A00225F
:10E70000A3F85E20A3F85620704700BF836A1A68FA
:10E7100010B4D3F88040D3F884009168090601D57D
:10E72000212C1FD09168490601D5222808D0D3F8A2
:10E7300088205DF8044B42F01002C3F8882070472F
:10E740000020A3F85E00116821F4907111609168B7
:10E7500021F0805121F0010120249160D866C3F896
:10E760008440E4E70021A3F85610116821F0C001AD
:10E7700011609168202421F400019160C3F8804069
:10E78000D0E700BF704700BF704700BF03681B6839
:10E7900013F0200312D1816A0A68A1F85E30136871
:10E7A00023F480731360936823F0010393609368EC
:10E7B000202023F040039360C1F88400704700BF1D
:10E7C00003681B6813F020030BD1816A0A68A1F863
:10E7D0005630936823F080039360136843F040033E
:10E7E00013607047836A0121002283F83D101A7775
:10E7F000704700BF836A012283F83D20704700BF45
:10E8000011F0010307D090F8413003F02803282BC2
:10E810000CBF4223F2238A0709D590F8412002F069
:10E820002802282A0CBF43F0440343F0F4034A07AC
:10E8300001680A6848BF43F0B80322EA03030B608B
:10E84000704700BFC16838B5036802299A699C699E
:10E850009A68DD680DD1C2F3C21282EA144212F046
:10E86000060206D1816C01318164816C022907D0D6
:10E8700038BD0421FFF7C4FF002380F8403038BDC5
:10E8800008218264D96180F8402038BD836AD3E9C9
:10E890000E01002282638A6393F84120602A04BF3C
:10E8A000202283F84120704708B5144BC362202210
:10E8B00000230363436380F8412080F842304B0714
:10E8C00012D50268436A526A1A70436A028D013394
:10E8D00043624AB1438D013B9BB24385436C013A8D
:10E8E00043F00403028543640721FFF789FF0268B0
:10E8F00010210023D16180F8403008BD0000FFFFE7
:10E9000038B5002580F8425090F84130292B04D0CA
:10E9100090F841302A2B0BD038BD2822212380F8D3
:10E92000412001210363FFF76BFF80F8405038BDA1
:10E930002822222380F8412002210363FFF760FF91
:10E9400080F8405038BD00BF38B5002580F84250EF
:10E9500090F84130212B4FF020020AD0122380F88A
:10E960004120456302210363FFF74AFF80F84050CE
:10E9700038BD112380F84120456301210363FFF76F
:10E980003FFF80F8405038BD836ADA6D42F04002A4
:10E99000DA651A6E42F004021A667047704700BFCB
:10E9A000836ADA6D12F0500FDA6D1AD1196842F4E9
:10E9B0000072DA650A6812F0080FCA6816D012F4FD
:10E9C000406F15D1CA68920412D4DA6D22F48072B5
:10E9D000DA65DA6DD1040BD4DA6D42F00102DA6542
:10E9E0007047D20604D45B6D5B6B18479007ECD57B
:10E9F000704700BF30B40B4B0B4C93F83120586379
:10EA00001946002501F8085B4FF49A7505FB024290
:10EA100001240A2583F8305083F8324094705960FD
:10EA200030BC7047207600204C50002010B4094BB9
:10EA30009A6B1C7893F8301001328C429A6305D29D
:10EA400019785C684A1CD2B21A7060545DF8044BA5
:10EA5000704700BF20760020FD2870B522D0F02836
:10EA600004D0EF2822D00224204670BD114D03208F
:10EA7000052641282E444FF0000405F1010580F0E1
:10EA800080030DD0042B0BD9FFF7E6FF2044B542DD
:10EA9000C4B2E9D015F8010B412880F08003F1D110
:10EAA0000420F3E7044D0B200426E2E7034D0C207D
:10EAB0000626DEE72C230508342305082423050851
:10EAC0000E4B1A6CB3F93C00530707D400EB8000DF
:10EAD000400080B200F5C87080B27047084B094A08
:10EAE000D3F8A030323382FB0312D817C0EBA20058
:10EAF00080B200F5C87080B2704700BF2076002059
:10EB0000803500206766666600B5062983B00A4630
:10EB10004FF03203014628BF06220DF101008DF8A7
:10EB200000303CF0ADFF034B68465B6C984703B088
:10EB30005DF804FB207600205E2810B50ED05D281D
:10EB400004D00B4BBDE810409B6C1847084CA36CDD
:10EB50009847A36C3D20BDE810401847044C5D2049
:10EB6000A36C9847A36C3E20BDE81040184700BF37
:10EB70002076002070B5D0F8A0420B4A84F83812F5
:10EB800000230546C4F82C22237204F50B720D23D2
:10EB90008121FCF739FE04F5037228461F23BDE8E6
:10EBA00070400121FCF7B6BD555342532DE9F047A3
:10EBB000137882B0914604468A465A2B5CD8DFE827
:10EBC00013F0CE005B005B007F005B005B005B002E
:10EBD0005B005B005B005B005B005B005B005B005D
:10EBE0005B005B005B00B4005B005B005B005B00F4
:10EBF0005B005B005B00A70176005B005B007600BA
:10EC00005B005B005B005B00CA015B00F4015B0022
:10EC10005B003A015B00E0005B005B005B005B00B7
:10EC200027015B005B005B005B005B005B005B003F
:10EC30005B005B005B005B005B005B005B005B00FC
:10EC40005B005B005B005B005B005B005B005B00EC
:10EC50005B005B005B005B005B005B005B005B00DC
:10EC60005B005B005B005B005B005B005B005B00CC
:10EC70005B005B005B001302D0F8A02292F85D32CB
:10EC800002EBC3010133DBB20020042B4FF005047B
:10EC900081F83C4281F840024FF0FF3514BF82F802
:10ECA0005D3282F85D02284602B0BDE8F087D0F8F8
:10ECB000A032002005465881284602B0BDE8F08702
:10ECC000D0F8A042002104F10B0304F11D0003F869
:10ECD000011F8342FBD194F85C3294F85D027025E9
:10ECE000257398424FF00C05E57412D004EBC30075
:10ECF000013390F83C52A57390F841522576DBB26F
:10ED000090F840026076042B14BF84F85C3284F8DB
:10ED10005C121223638199F80430122B98BF63812F
:10ED20000025284602B0BDE8F08799F80130D0F8F8
:10ED3000A052DB0740F17B81072205F11203D44E7C
:10ED40006A8105F10B04C3F10600832100E0B15C88
:10ED500003F80119C218A34292B2F8D1E0E7D0F843
:10ED6000A062D6F81472002F40F01F82D0F8A432AF
:10ED700008469B6898470546002840F04C82708101
:10ED800091E7D0F8A062357A002D40F0858196F9A0
:10ED90001832002BC0F26A81D0F8A43208469B6872
:10EDA00098470746002840F07882D4F8A4325046AD
:10EDB000DB6898470546002840F05A82D9F80210CF
:10EDC000D4F8A00209BAC6F86412B9F80730D0F82E
:10EDD00060225BBA9BB219449142C6F8683200F2D5
:10EDE0006E82B6F85E12D6F8142203FB01F393424A
:10EDF00040F09181B3F5007F28BF4FF400730121EB
:10EE00009BB22046317206F10C02FCF783FC4AE704
:10EE100099F80150D0F8A03215F0020040F01682A7
:10EE2000D3E99924D3F8601222448A4200F2E281A5
:10EE30005881054637E7D0F8A08298F80860002E80
:10EE400040F0288198F91832002B80F2C181D0F867
:10EE5000A43208469B6898470546002840F0368251
:10EE6000D9F80200D4F8A06200BAC8F86402B9F870
:10EE70000730D6F860225BBA9BB218449042C8F8BB
:10EE8000683200F2F380B8F85E02D8F8142203FB6F
:10EE900000F39A424FF0020088F8080040F0E68044
:10EEA000B6F85E32D6F86872D4F8A402D6F86422B6
:10EEB00005694FF4007C07FB03F7674506F10C0971
:10EEC00028BF67465046A8F80AC04946B7FBF3F387
:10EED0009BB2A8470028C0F25481BBB24A468121A8
:10EEE0002046FCF791FCD6E99910D6F83422B6F802
:10EEF0005E32B7FBF3F3D71B1944C51AC6E999155F
:10EF0000C6F83472002D7FF40BAF03233372CAE6C8
:10EF1000D0F8A0725E4E082207F113037A81C3F184
:10EF2000070507F10B00002200E0127A03F801291F
:10EF3000EA18984216FA82F2F7D1D4F8A432504671
:10EF4000DB68984700283FF4EBAEBB7B63F07F03A0
:10EF5000BB730025A7E6D0F8A062002506F10B03DD
:10EF600006F1170203F8015F9A42FBD1D4F8A432EC
:10EF700050465B680DF1020201A99847002840F055
:10EF8000DA80019BBDF80220013B190E1D0C1C0A02
:10EF900052BAF374082031740C2302217574B474CE
:10EFA000F282F073B1827381BAE6D0E9A8630846B1
:10EFB0005B6806F25E2206F5187198470546002840
:10EFC00040F0CC80D6F86032B6F85E223082013B49
:10EFD000190E180C52BAF37331731B0A082170739F
:10EFE000B373728271815EE6D0F8A072284E082257
:10EFF00007F113037A81C3F1070507F10B00002223
:10F0000000E0127C03F80129EA18984216FA82F20D
:10F01000F7D1D4F8A4325046DB68984700283FF473
:10F020007FAEFB7B63F07F03FB7300253BE6D0F8EC
:10F03000A40299F80430C06901EBC10100EB810022
:10F0400002790532934228BF13466B81002B3FF4AF
:10F0500067AE013B99B24B1C0C3103446A1813F89C
:10F06000011D02F801199842F9D159E696F85D326E
:10F070001A46013306EBC202DBB20521042B82F8EB
:10F08000405282F83C1200F0A08086F85D3247E6DC
:10F09000C0D50408464603E7B6F85E32D6F8687273
:10F0A000D0F8A402D6F86422456907FB03F7B7F548
:10F0B000007F06F10C0828BF4FF400770846B7FB25
:10F0C000F3F341469BB2A8470028C0F21F81D6E95E
:10F0D0009925D6F83432B6F85E02B7FBF0F1DB1BA7
:10F0E0000A446D1AC6E99925C6F8343225B9204676
:10F0F0002946FFF73FFDD6E505FB00F5B5F5007F96
:10F1000028BF4FF40075ABB2424620460121FCF700
:10F1100001FB0025C7E590F85D3200EBC302013327
:10F12000DBB20521042B82F8405282F83C1239D020
:10F1300080F85D32F4E5D4F8A02292F85D3202EB5B
:10F14000C3010133DBB20220042B81F8405281F865
:10F150003C0200F0D08082F85D32E1E5D4F8A022D4
:10F1600092F85D3202EBC3010133DBB202200025CD
:10F17000042B81F83C0281F84052ECD182F85D52B8
:10F1800091E5D4F8A02292F85D3202EBC30101337D
:10F190000420DBB20025834281F83C0281F8405212
:10F1A000D9D1EBE780F85D527DE596F85D321A46DD
:10F1B000013306EBC202DBB205210025042B82F8E5
:10F1C0003C1282F840527FF460AF86F85D526AE5E7
:10F1D00098F85D321A46013308EBC202DBB2052112
:10F1E000042B82F8406282F83C1200F0878088F895
:10F1F0005D3295E593F85D221146013203EBC101C2
:10F20000D2B20524042A81F8400281F83C4279D028
:10F2100083F85D2284E5D4F8A02292F85D32194685
:10F220000133DBB202EBC101042B4FF0020081F885
:10F23000407281F83C0218BF82F85D324FF005033E
:10F2400008BF82F85D72002533722CE593F85D22C9
:10F250001146013203EBC101D2B205200025042A78
:10F2600081F83C0281F84052D2D183F85D521AE510
:10F27000D4F8A02292F85D321946013302EBC101A5
:10F28000DBB20220042B81F8407281F83C027FF44B
:10F2900062AF82F85D723D4605E5D4F8A02292F88F
:10F2A0005D321946013302EBC101DBB20220042BAF
:10F2B00081F8405281F83C027FF44DAF5EE790F850
:10F2C0005D321A4600EBC202013329E7D4F8A022CE
:10F2D00092F85D321946013302EBC101DBB2022024
:10F2E000042B81F8406281F83C027FF434AF82F84D
:10F2F0005D623546D7E482F85D5211E588F85D62BB
:10F300003546D0E483F85D020546CCE4D4F8A0226B
:10F3100092F85D32194602EBC101013338E700BFB4
:10F3200010B5D0F8A0120B7A022B07D0033B012BAB
:10F3300002D80021FFF71EFC002010BD01F21B22A5
:10F3400091F819120446FFF731FC0028F4DA204640
:10F350000121FFF70FFCEFE7F8B5D0F89032D3B1F9
:10F3600001EB810700EB8707FA694AB1D0F8A842A0
:10F3700004EB4116B56BB2FBF5F405FB14241CB18C
:10F380000020C3F81402F8BDFC6123462246FCF7B6
:10F390003BFA2046F8BD0220F8BD00BF70B5D0F89A
:10F3A000A05295F81832044613B9D5F814323BB977
:10F3B00081212046FCF73CFB6B7A022B07D070BD05
:10F3C0006B7A002BF4D10121FCF732FBF0E705F555
:10F3D000037220461F23BDE870400121FCF79AB953
:10F3E000F8B5D0F8A042267A05465EB1012E07D1C5
:10F3F00094F8191204F21B22FFF7D8FB002833DB24
:10F400000020F8BDD0F8A832D4F81012D3F8643137
:10F41000D4F814221F2BC4E98C1208D12F4BD4F836
:10F420000C229A4203D194F81912012921D994F897
:10F430005D3204EBC3020133DBB2042B4FF0000159
:10F440004FF0050082F83C0282F8401218BF84F8A1
:10F450005D324FF00203284608BF84F85D126372E4
:10F46000FFF79CFF0020F8BD28460121FFF782FB33
:10F47000C6E794F81A32013B0F2BD8D804F21B22AE
:10F48000FFF794FB0028237A1EDB013B022BB7D940
:10F490006189F9B1D5F8A072D7F81422D7F83432BF
:10F4A00087F838629142A3EB01060B4628BF13464A
:10F4B0000421397204F10C022846C7F834629BB269
:10F4C0008121FCF7A1F99BE7052BCDD02846FFF75A
:10F4D00065FF95E72846FFF74DFB91E755534243FB
:10F4E00070B5037C194AC0F8A022044623BB012151
:10F4F0004FF400730D460222FCF700FCC4F858518B
:10F500004FF40073022281212046FCF7F7FBD4F868
:10F51000A062E56200253581A6F85C52D4F8A432D9
:10F5200028461B68984706F5037220461F230121D1
:10F53000FCF7F0F8284670BD012140230D46022259
:10F54000FCF7DCFBC4F858514023DBE76C76002065
:10F5500038B5044600250121FCF7C4FA8121C4F81E
:10F5600058512046FCF7BEFAD4F8A002E5623CF000
:10F5700039FBC4F8A052284638BD00BF38B5044650
:10F580008321FCF7AFFAD4F898020025656518B11D
:10F590003CF028FBC4F89852002038BD38B504462A
:10F5A00000258121FCF79EFA0121E5622046FCF747
:10F5B00099FAC4F8585120468221FCF793FAD4F8FE
:10F5C000903225644BB1D4F894325B689847D4F8F4
:10F5D00090023CF007FBC4F89052002038BD00BFF9
:10F5E00010B50823044603228321FCF787FB01237F
:10F5F000636510203CF0EEFAC4F8980218B1034697
:10F600000020187310BD022010BD00BF2DE9F0418D
:10F61000037C0446C3BB01254FF400730222812101
:10F62000FCF76CFBE56229464FF40073022220468A
:10F63000FCF764FBC4F858510823032282212046BA
:10F640004FF00108FCF75AFBC4F840804FF40770F4
:10F650003CF0C0FA0546C4F8900260B3D4F8943286
:10F660001B689847267CD5F804220027C5F8147239
:10F670004146C5F818722046B6B140233E46FCF715
:10F6800049F83046BDE8F08101254023022281215E
:10F69000FCF734FBE5622946402302222046FCF7B2
:10F6A0002DFBC4F85851C7E74FF40073FCF732F84C
:10F6B0003046BDE8F0814646E3E700BF07EE900A1A
:10F6C000DFED196A9FED197A9FED196AF8EEE77A76
:10F6D00067EEA67A37EE677AC7EE876AF4EEC66AF7
:10F6E000F1EE10FA1DD49FED130A08B526EE800A3C
:10F6F0003AF064FEDFED106ADFED107A9FED107ACC
:10F70000E0EE267AF7EE006A86EEA70AB4EEC70AA4
:10F71000F1EE10FA02D430EE470A08BD9FED090A57
:10F7200008BD9FED080A70473333533A33335340D3
:10F7300075029A3B52DF593E2CBB84390FCF5B3B9D
:10F7400033938843000000002DE9F04FA74C2DEDC6
:10F75000068BD4F8B83287B043B3A54A126892F842
:10F7600026201AB394F8BC22013A0546042A06D88A
:10F77000DFE812F00D02AF007A004E0021009D4B31
:10F780001B780D2B12D19C4BA16BD4F80C03196084
:10F79000D4E9C765D4F81413D4F808235A60C3E930
:10F7A0000265C3E9040194F818239A6107B0BDEC1F
:10F7B000068BBDE8F08F184611E01F2D05F1010200
:10F7C00015D8A36BD4F8B80284F818230133A363C7
:10F7D00027F04CFE25440346D4F8B8022B7227F0DC
:10F7E0004DFE94F818530028E7D1002DC7D094F8A7
:10F7F00030330A3B012B40F24283D4F808337D4971
:10F8000001330022C4F8083384F818230B78B8E7D2
:10F81000784FDFF8FC810026184604E0202B00F02A
:10F820008E80D4F8B80227F029FE002800F09E80D0
:10F83000D4F8B80227F01AFE94F81833A26BE11836
:10F840000133DBB20132012B087284F81833A26352
:10F85000E4D1DD2800F0B480D4F8203384F81863B4
:10F860000133C4E9C763DCE7624F644EDFF8A4B13B
:10F87000DFF8849118464FF000080BE0022B6FD0A0
:10F88000032B70D0042B00F0A780262B00F01A82E7
:10F89000D4F8B80227F0F2FD002867D0D4F8B802F7
:10F8A00027F0E4FD94F81833A26BE1180133DBB2C2
:10F8B0000132012B087284F81833A263DED14B2881
:10F8C000E6D0D4F8203384F818830133C4E9C78321
:10F8D000DEE7484F9FED4A8A0026184606E00C2BCB
:10F8E00027D0132B00F09C80D4F8B80227F0C6FD77
:10F8F000002800F00D82D4F8B80227F0B7FD94F884
:10F900001833A26BE1180133DBB20132012B08720C
:10F9100084F81833A263E2D19B2857D0B92800F0AD
:10F920002E81D4F8203384F818630133C4E9C76307
:10F93000DAE7637A9B2BD7D184F81863D4E7D4F83D
:10F940001C3384F81863032B7FF66BAF637A012BAB
:10F9500000F05F81D4F80C330133C4F80C3360E756
:10F960004F28AED194E74428ABD191E7D4F82433A3
:10F97000244AEB1A934240F3448194F8313004EB6B
:10F980000311180191F8C822FF2A06D001321E4E39
:10F9900081F8C822012286F8BB211C4A12789A42BB
:10F9A0003B7800F00282D4F81423C4F824530021D9
:10F9B0000132C4F8142384F81813C4F81C13E0E6C9
:10F9C000D4F81C330133C4F81C332AE7D4F81C33B1
:10F9D0000133C4F81C3387E74C287FF472AFD4F8A6
:10F9E0001C330133C4F81C3352E700BF20760020DB
:10F9F0009C220020B0220020B42200202083B8EDF9
:10FA00000000043C90D00300F4030020FC400020E0
:10FA1000CDCCCCCC1F85EB51000000000000C842CB
:10FA200094F80C8084F81863B8F1030F00F2EB80AF
:10FA300094F80E90B9F1030F00F2E580237C032BBC
:10FA400000F2E180E17C0F2900F2DD8094F815C01E
:10FA5000BCF10F0F00F2D780E27D01920F2A00F275
:10FA6000D280607E02900F2800F2CD80207D94F835
:10FA7000C52294F816B094F811A094F812E008EE9C
:10FA8000902A40EA012109B2B4F8C202E27B039253
:10FA900007EE901A4BEA0C2CF8EEE88A1B0443EAB6
:10FAA0000A23844543EA0E03B8EEE79A68EE888A93
:10FAB000617B0FFA8CFE00F2F6821FED29AA207EF0
:10FAC000CDE90413019B40EA0320FFF7F7FD84F81A
:10FAD000C862F0EE409A3AF025FC29EE280A84F834
:10FAE000C9023AF01FFC1FED330AA37E01932AEEF0
:10FAF000000A8246A4F8CA023AF014FC059BC4F836
:10FB0000CC02632B83464FF06400B3FBF0F0A4F803
:10FB1000D40205DD049941EA082109B2312901DC4A
:10FB2000C4F8CC623978092900F0AE820C291ED1C4
:10FB3000039ADFF89C8342EA0921F2EE048A09B2B3
:10FB400029EEA80AC8E900313AF0ECFBDDE9012111
:10FB5000034642EA0120C8E9023AC8F810B0FFF7AC
:10FB6000ADFD20EE280A3AF0DDFBC8E90606D4F820
:10FB70000833C4F824530133C4F80833B4E6D4F886
:10FB80001C3384F818630133C4F81C33ACE6CA484C
:10FB900094F83230A0FB05208009002B00F01A8178
:10FBA000012B7FF4ECAD626B64329042C0F0968121
:10FBB00094F8312004EB0215160195F8C812FF29BC
:10FBC00005D0BE4F013185F8C81287F8BB31BC4B58
:10FBD000BC4F1B78934200F0CA81531C94F8102349
:10FBE000DBB29A4284F831309CBF002384F8313074
:10FBF000FEF700FFD4F814233B780132C4F8142335
:10FC0000BFE53B78BDE5D4F80C330133C4F80C33C1
:10FC10006AE6A37A202B7FF49DAEE27C637D1343DA
:10FC20007FF498AE94F810B094F80B9094F80DE02F
:10FC3000617C207B94F80EC0A27C97F800A0019212
:10FC400041EA0B2140EA09204CEA0E2CA8FB012BCB
:10FC500000EB80090CEB8C0E019A84F8C9224FEA64
:10FC6000DB0B4FEA49094FEA4E0EBAF1090FA4F82F
:10FC7000D4B2A4F8CA9294F817B094F81890A27D60
:10FC800084F8C832C4F8D032C4F8CCE200F0CF8196
:10FC9000BAF10C0F0ED1DFF838E2CEE9001301996A
:10FCA000CEF810C0CEE90210CEE9062349EA0B29AE
:10FCB000CEF81490D4F80833C4F824530133C4F8B0
:10FCC0000833AEE5D4F81C3384F81883032B7FF691
:10FCD000DFADD4F82AC0E01D04F1290E4FF0FF314A
:10FCE00010F8013F5940082341F300023240013B24
:10FCF00082EA5101F8D17045F2D1C9438C4572D0E6
:10FD0000D4F80C330133C4F80C33D4F8B802B2E59C
:10FD1000D4F82823D4F8CC3294EDCB7A9FED6A0A3C
:10FD2000C4F82853AA1A03FB02F307EE903AF8EE40
:10FD3000E77AF2EE046AA7EEA67A27EE000A84EDCF
:10FD4000CB7A3AF0EFFA3B78D4F82423C4F8D00207
:10FD50000C2B22D05D49AA1A8A427FF712AD94F883
:10FD6000312004EB0210160190F8C812FF2906D0CA
:10FD70000131524F80F8C812012187F8BB11504958
:10FD8000097891427FF40FAE0C2B7FF40CAE264421
:10FD90004F4A96F8C812D16105E64C494C4EAA1A52
:10FDA0008A4270617FF702ADD9E70C2B7FF4FBAD7F
:10FDB000D4F8143346492044002290F8C802C861A0
:10FDC0000133C4F82453C4F8143384F81823C4F856
:10FDD0001C23EBE43F4B9D427FF6D1ACFEF70AFEBD
:10FDE000384B1B78CDE4E2680292227C0392029A9F
:10FDF00097F800C0CDF804C0944694F811A094F888
:10FE00001380207EA17C94F819E084F8C832ABFB03
:10FE10000C2C039A42EA0A22A4F8CA229246E27FF4
:10FE20000392019A4FEA5C1C41EA082140EA0E2E37
:10FE3000092A94F82200A4F8D4C2C4E9B31E94F8A5
:10FE40001EC094F8238084F8C9022AD0019A0C2A93
:10FE50000DD1039AC9E9020A4CEA0222C9E9041E3B
:10FE6000C9E90683C9F80420029AC9F80020D4F829
:10FE70000833C4F824530133C4F8083345E7452058
:10FE80000AF094F964200AF091F92846124E0AF01B
:10FE90008DF9354416F8010B0AF088F9B542F9D10D
:10FEA000ABE400EB8000029BC9F800304000C9E9D8
:10FEB00002A1C9F80400DAE7D34D6210F403002070
:10FEC000FC400020B0220020BFB5982F20A10700E1
:10FED000B42200203F4B4C0028760020227894F872
:10FEE00030309A42FFF44BAC784D002205F1090600
:10FEF00015F8013F08215A40530012F0800F08BF47
:10FF0000520083F0070314BFDAB2D2B20139F3D141
:10FF1000B542EDD1637C934233D094F83130D4F8BC
:10FF20000C2304EB0315013295F8C812C4F80C2316
:10FF3000FF294FEA031206D00131654E85F8C81239
:10FF4000012186F8BB116349634F0978994252D069
:10FF5000013394F81023DBB29A4284F831309CBF0D
:10FF6000002384F83130FEF745FD3B7809E43B7807
:10FF70000C2B7FF432AE2644584B96F8C812D96148
:10FF80002BE6E77A94F8312094F80CC0637B94F860
:10FF90000F9094F809A094F80A8094F80EE0257C5C
:10FFA00004EB02164CEA072CD4F8087386F8C81242
:10FFB00048EA0A284EEA032E45EA0925237ADFF8A3
:10FFC000109186F8C9320137C6E9B3CEA6F8CA82C5
:10FFD000A6F8D4520126C4F8087341463E4F89F86A
:10FFE000BB618AB93E78092E40D03A4E36789642A7
:10FFF0002ED0531CADE739780C29A9D122443749BA
:020000040801F1
:1000000092F8C822CA61A3E7012AEED13E78092EF0
:10001000EBD1324E03EB83034FF0640E5B000EFB1B
:1000200005F5C6E90538C6F81CC03561E1E7019B56
:100030004FF00A0C03EB8302284B52000CFB01F13A
:100040000CFB00F05A60C3F80CE01960986031E6D0
:100050003E780C2ECDD1214E4FF00008C6E902317A
:10006000C6E904CE3560C6F81C80C2E71B4E03EB20
:1000700083034FF0640E5B000EFB05F5C6E9013803
:10008000C6F80CC03560B4E7DFF85080B2EE040A61
:1000900029EE800AC8F800303AF044F9C8F80CB0EC
:1000A000C8E9010A63E594F8C4229FED0D7A07EED2
:1000B000902AF8EEE77AAEEB000087EE27AA07EE6B
:1000C000900AF8EEE77A2AEE27AAF8E427760020CD
:1000D000F4030020FC400020B0220020B4220020C5
:1000E00000E80042024B0146D3F8340327F0ECB994
:1000F000207600202DE9F041FD2982B0044600F071
:10010000DC80F02900F0BB80EF2900F02D8117463C
:100110004AB10346861801AD002003F8010B9E4248
:1001200005F8010BF9D19A4B0B2003F1090501E009
:1001300013F8010F814200F0C5809D42F8D14B1E9B
:10014000832B00F29080DFE813F01E012F013901AC
:1001500042019C01A2018400470153018E008E00E0
:100160005801580158016E016E016E0153018E0055
:100170008E00780180018E008E008E008E008E0031
:100180008E008E008E008E008E008E008E008E00FF
:100190008E008E008E008E008E008E008E008E00EF
:1001A0008E008E008E008E008E008E008E008E00DF
:1001B0008E008E008E008E008E008E008E008E00CF
:1001C0008E008E008E008E008E0093018E008E00B9
:1001D0008E008E008E008E008E008E008E008E00AF
:1001E0008E008E008E008E008E008E008E008E009F
:1001F0008E008E008E008E008E008E008E008E008F
:100200008E008E008E008E008E008E008E008E007E
:100210008E008E008E008E008E008E008E008E006E
:100220008E008E008E008E008E008E008E008E005E
:100230008E008E008E008E008E008E008E008E004E
:100240008E008E008E008E008E008E008E001A01B1
:100250001A01504D95F8A833DE0700F15581B5F825
:100260008833ADF804303FB1E21901AB13F8011B3C
:1002700004F8011B9442F9D102B0BDE8F081464F69
:1002800003214FF00508B844002501370CE0FEF7C4
:10029000E3FB064660193246FFF72CFF701947450D
:1002A000C5B2E9D017F8011B412981F08003084647
:1002B00001D0042BEBD80426ECE7384F0B214FF08C
:1002C0000408E0E7334B186C82060CD4002FD3D01F
:1002D000E21901AB13F8011B04F8011B9442F9D198
:1002E00002B0BDE8F08193F83803820741D52C4D68
:1002F000287D052834BF02260326142916D97C3907
:10030000C8B20628E2D80629E0D801A252F821F0A6
:10031000CF040108CF040108B9040108CD02010887
:10032000DF040108D9040108E50401080929CDD931
:100330000A390A29CAD801A252F821F09F040108FB
:10034000EB040108CD020108CD020108CD0201082D
:10035000CD020108CD020108CD020108CD0201083D
:10036000B1040108CF0401080E4F0C214FF006081C
:1003700089E70B4B0B29187DA8D10126B6E017F0B1
:10038000D5FA01906FE7FEF79BFBADF804006AE732
:1003900018230508207600202C230508342305089F
:1003A00060560020242305085E4BD3EDDE7AFDEE77
:1003B000E77A17EE903AADF8043054E7594B93F8CA
:1003C0004713002900F0978018F0B8FADDE718F01D
:1003D000B5FAADF8040046E7534B5449B3F904307D
:1003E00081FB0321DB17C3EBA103ADF804303AE72F
:1003F00017F08CFAADF8040035E74A4BDFED4C6A94
:10040000D3EDEB7A0C39C9B203EB810393EDFD7A9E
:1004100067EEA67A67EE877AFDEEE77A17EE903AF6
:10042000ADF804301FE7404B0F3933F8113003EBC0
:1004300083035B00ADF8043015E73A4B93F8A8331B
:1004400003F00103ADF804300DE7364BB3F8AA13FF
:1004500048075ABF81F00203C3F34003072311F09A
:10046000200F18BF042311F0010F18BF0923F8E66D
:10047000FEF726FB2F4BD3F8A43043EAC04001908F
:10048000F1E6284BD3F89C33ADF80430EBE6254B6E
:10049000B3F8881391B318F05DFA80B275E72B8A30
:1004A00003EB830303EB83039B00ADF804300DE7FC
:1004B000EB89ADF8043009E7EB891F4903EBC3036F
:1004C0009B00A1FB03235B09ADF80430FEE6B3F803
:1004D0003A33ADF80430F9E66B680193F6E62B6821
:1004E0000193F3E6AB680193F0E6F6B28DF8046091
:1004F0008DF80500EAE6B3F8600346E7D3F8A403F5
:1005000080F3100080B240E717F0A0FBD5EDDE7A53
:1005100028B1FCEEE77A17EE903A9BB2A1E60346CB
:100520009FE600BF20760020145A002067666666AA
:1005300000007A44803500201F85EB51014B1B6879
:100540001B6A1847C43F0020024B186808B1836932
:1005500018477047C43F0020024B186808B1436930
:1005600018477047C43F002010B5074C606D40B17C
:1005700027F034FA94F8513013B180F00100C0B282
:1005800010BD012010BD00BFE80D002008B50422F9
:100590000023C0F86C2219461A46FBF735F90020F3
:1005A00008BD00BF38B5134602250A46C0E9073327
:1005B000C0F86C520021FBF727F9002038BD00BFBE
:1005C000F0B50B78D0F8A07283B0002213F060056C
:1005D0000E460446ADF8062022D0202D19D14A78C7
:1005E000FE2A11D0FF2A14D14A8892B9CD8885B944
:1005F0001B060ED44FF480733B8107F503721F2353
:100600000121FBF787F808E04D8815B9CE88012E47
:100610006DD02046FBF75CFA0225284603B0F0BDFA
:100620004B780B2BF5D801A252F823F06B0601088A
:1006300093060108130601081306010813060108B2
:100640001306010813060108130601081306010822
:1006500013060108810601085D06010890F874324E
:10066000032BD6D18B787B60D7E790F87422032ACE
:10067000CFD102220DF106011D46FFF793FFCCE713
:1006800090F87432032BC4D1391D0122FFF78AFF81
:10069000C3E70979FBF726FAB38896F9042003F03B
:1006A0000F0303EB8303002A04EB83034FF00002E4
:1006B0002ADBC3F84421237C9BBB4FF40073022246
:1006C00001212046FBF71AFB0123C4F85831D4F866
:1006D000A0727B7A022B32D096F90420002A9CDA91
:1006E000012B9AD020460121FEF744FA95E71A061D
:1006F0008FD5D0F8A4329B69984732463860394686
:100700002046FFF74FFF88E79A61237C83B94FF4B7
:100710000073022281212046FBF7F0FA0123E362F5
:10072000D5E74023022201212046FBF7E7FACBE779
:100730004023022281212046FBF7E0FAEEE7204623
:100740008121FBF775F900237B7266E710B50C7801
:10075000D0F8982282B0002314F06004ADF806307F
:1007600016D0202C0ED14B78023B092B0AD8DFE89B
:1007700003F033390909090909093F2F90F8743248
:10078000032B5AD0FBF7A4F90224204602B010BD77
:100790004B780B2BF6D80FF2080C5CF823F000BF57
:1007A0002508010885070108850701088507010854
:1007B0008507010885070108FB070108850701086F
:1007C00085070108850701087D070108170801084A
:1007D0008B7813600024D8E7111D0122FFF7E2FE99
:1007E0000024D2E711460122FFF7DCFE0024CCE70B
:1007F0004B881B0A53600024C7E74B881B0A222B37
:100800001FD0212BBED1CA881149092A28BF09222D
:10081000FFF7C8FEB9E790F87432032BB2D18B789A
:100820009360B2E790F87422032AABD102220DF153
:1008300006011C46FFF7B6FEA7E702F108010122F8
:10084000E6E7CA880349362A28BF3622E0E700BF18
:10085000E8050020B00500202DE9F0410B78D0F824
:10086000908282B0002613F060050F4604468DF892
:100870000560ADF8066013D0202D17D1CD88EDB1FD
:100880001B063ED5D0F8943248789B682A464146EC
:100890009847FA88414620463546FFF783FE09E02F
:1008A0004B780A2B1ED00B2B26D08BB12046FBF7A2
:1008B0000FF90225284602B0BDE8F081D0F8943245
:1008C00048789B682A469847284602B0BDE8F081E0
:1008D00090F87432032BE9D102220DF10601FFF7E3
:1008E00061FEE7E790F87432032BDFD101220DF1AE
:1008F0000501FFF757FEDDE790F87432032BD9D0DE
:10090000D4E74B7888F80032032188F801522B464F
:10091000C0E95255C0F86C1242463146FAF7FAFE69
:100920003546C7E7D0F86C32022B70B504460ED0BE
:1009300033F0040302D18021FBF77AF894F878327F
:10094000012B04BF002384F87832002070BDD0E969
:100950000835AB4221D8C369B3FBF5F605FB163663
:100960002EB99D4203D8D0F87022934226D3D4F8F2
:100970008C32DB681BB194F87422032A1BD08021CF
:100980002046FBF755F800230522C4F86C221946CF
:100990001A462046FAF7BEFED0E75B1B03620A4602
:1009A0009BB20021FAF730FF00231A461946204671
:1009B000FAF7B0FEC2E720469847E0E733463246F2
:1009C0003146FAF721FFC4F87062EDE770B50546CD
:1009D00041B9D0F86C32032B0C4610D0052B1FD038
:1009E000002070BDD0F88C329B6933B190F874222E
:1009F000032A02D19847002070BD022070BDD0E9C3
:100A000053639E4212D8D0F88C321B6923B190F800
:100A10007422032A00D198472846FFF7B7FDDFE785
:100A2000C5F86C12FBF704F8204670BDF61AB34205
:100A300028BF33469BB2C0F84C61FAF76BFE2046E4
:100A400070BD00BF08B5D0F88C325B6898470020B5
:100A500008BD00BF08B5D0F88C321BB11B689847A1
:100A600000B908BD022008BDF0B402F580625F083D
:100A700010441AD06FF00106761A8A1C3D4684187D
:100A8000013DA45B02F8024C4FEA142402F8014C29
:100A900002F10202F3D100EB470201EB4701DB0751
:100AA00044BF13880B70F0BC70470246F7E700BFE5
:100AB0004A788B69012AF0B45AD00C69A34284BFEA
:100AC0001D1B23460C7B98BF00258D6144BBB0F8ED
:100AD00050200C7800F2064515FA82F202EBC402AF
:100AE000002B00F0B3803D2B00F2E0805C08DB07B8
:100AF00048BF0134A40214800A7830F8223023F46D
:100B0000804323F070031B041B0C83F4405343F415
:100B1000004343F0800320F82230F0BC00207047EF
:100B2000002AE9D1B0F850200C7800F2024515FAFD
:100B300082F2082616FB0422002B40F0BD801488A8
:100B4000744D24F4F8442C4314804C78002C40F06D
:100B50008680B0F850400B7800F2064212FA84F416
:100B600016FB03431A8822F4F8422A431A80C3E78B
:100B70000A69934284BF9C1A13460A7B98BF0024DB
:100B80008C619AB30A7814B230F8244014F0400F04
:100B9000B0F8504070D000F2064515FA84F424F8FD
:100BA00032304A894C699BB2013300F580651544A7
:100BB0005A0808D0234604EB42022D1B1C885C53C4
:100BC00002339342FAD14B78002B5DD10A7830F88A
:100BD000223023F4E04323F070031B041B0C43F486
:100BE000004343F0C00320F822301BE09FB2CC88C2
:100BF0004E69013700F580657F089AB2254408D018
:100C00003346ED1A06EB47061C885C5302339E42BE
:100C1000FAD1B0F850300C7800F2024515FA83F39F
:100C200023F834200A7830F8223023F4E04323F00C
:100C300040031B041B0C83F0300343F4004343F0D8
:100C4000800320F82230F0BC00207047138823F482
:100C5000F8436FEA43436FEA534313804CE7012C98
:100C60007FF44AAFB0F850200C7892B202F20642FC
:100C700002EBC40283523FE700F2024515FA84F406
:100C800024F832300A898DE7012BCBD10A7830F86D
:100C9000223023F4E04323F070031B041B0C43F4C5
:100CA000404343F0800320F82230BBE7194C5B0936
:100CB00044EA832313801FE73D2B18D85D0813F007
:100CC00001062C4618BF6C1CA40214804C78002C22
:100CD000C5D1B0F850300A7800F2064414FA83F314
:100CE00003EBC20306B10135AD021D8004E7094DD7
:100CF0005C0945EA842515804C78002CAFD1B0F80A
:100D000050300A7800F2064414FA83F323F8325084
:100D1000F2E600BF0080FFFFB1F5805FF0B400F0A5
:100D20002A8153D8102900F07581B1F5807F40F0F9
:100D30009280046AD2F810C0B54D24F48074D2E9D0
:100D400000670462036A4468C16923F4007343EADC
:100D50000C2321F4803123F4807321F07301A84225
:100D600043EA072341EA060113D005F50065A842CE
:100D70000FD005F54065A8420BD005F58065A84267
:100D800007D005F58065A84203D005F50065A842A7
:100D900013D1D2E9056723F4006324F4805443EAB5
:100DA0008623D569966844EA071423F4806324F403
:100DB000005443EA862344EA4514D568446000227F
:100DC000C161C5630362F0BC10467047B1F5803F56
:100DD00000F09380B1F5801F40F08B80046A1769A2
:100DE00024F48014D2E900560462036A016D884C31
:100DF00023F4001343EA075321F0807123F4801396
:100E000021F4E041A04243EA065341EA052113D010
:100E100004F50064A0420FD004F54064A0420BD05A
:100E200004F58064A04207D004F58064A04203D09A
:100E300004F50064A04206D14468956924F4802436
:100E400044EA85244460D46801650022C4640362D6
:100E5000F0BC1046704701294BD1046AD2F810C08B
:100E60006B4D24F00104D2E900670462036A446810
:100E7000816923F0020343EA0C0321F4803123F05B
:100E8000010321F07301A84243EA070341EA060186
:100E900013D005F50065A8420FD005F54065A842BE
:100EA0000BD005F58065A84207D005F58065A842FE
:100EB00003D005F50065A84212D1D2E9056723F0F9
:100EC000080324F4807443EA8603D56996683C439A
:100ED00023F0040324F4007443EA860344EA45043F
:100EE000D56844600022816145630362F0BC10460E
:100EF000704701221046F0BC7047046A176924F459
:100F00008034D2E900560462036A016D404C23F438
:100F1000003343EA074321F4803123F4803321F086
:100F20007001A04243EA064341EA050113D004F5EB
:100F30000064A0420FD004F54064A0420BD004F539
:100F40008064A04207D004F58064A04203D004F579
:100F50000064A04206D14468956924F4803444EAD0
:100F6000052444600165D268816C826400220362BA
:100F7000F0BC10467047046AD2F810C0244D24F427
:100F80008054D2E900670462036A4468C16923F4AB
:100F9000005343EA0C3321F0807123F4805321F491
:100FA000E641A84243EA073341EA062113D005F59A
:100FB0000065A8420FD005F54065A8420BD005F5A5
:100FC0008065A84207D005F58065A84203D005F5E5
:100FD0000065A84213D1D2E9056723F4004324F445
:100FE000804443EA8633D569966844EA871423F43B
:100FF000804324F4004443EA863344EAC514D568A8
:1010000044600022C16105640362F0BC1046704771
:10101000002C0140046AD2F810C0254D24F01004C1
:10102000D2E900670462036A4468816923F02003FF
:1010300043EA0C1321F0807123F0100321F4E64100
:10104000A84243EA071341EA062113D005F50065DB
:10105000A8420FD005F54065A8420BD005F5806584
:10106000A84207D005F58065A84203D005F50065C4
:10107000A84213D1D2E9056723F0800324F48064E9
:1010800043EA8613D569966844EA870423F040034F
:1010900024F4006443EA861344EAC504D568446036
:1010A0000022816185630362F0BC1046704700BF77
:1010B000002C01402E4A0368904230B43FD0B0F17A
:1010C000804F28D0A2F59432904224D002F580625D
:1010D000904220D002F5806290421CD002F59432FA
:1010E00090422CD002F5E05290423BD0214A9042EF
:1010F00035D002F58062904231D002F58062904294
:101100002DD002F50062904229D08C680A880360D5
:10111000C46282620CE04A68D1E9024523F07003A0
:10112000134323F440730A882B430360C462826232
:10113000436943F00103436130BC002070474D68B0
:10114000CC680A8823F070032B4323F440732343B5
:1011500003608B68C36282620B7C0363E8E7CC6840
:101160000A88F2E74A6823F070031343BEE700BF22
:10117000002C0140004001400023C0E90033C0E9D9
:101180000233C0E90433C0E90633C0E9083383629F
:10119000704700BFF0B41C4D16695369D2E902478D
:1011A0000D443C4315F8015CD769344396691C43F0
:1011B0002B583443966A3C4323F4FF43344323F0D3
:1011C00070031C432C502E18D2E900450F4BF560DC
:1011D00001F18041B460746883EA90230139D2E957
:1011E000085001EBC303220C9B0003F1804312045F
:1011F0002A4303F5023372601A6822F0FF020243A9
:10120000F0BC00201A6070470C2305088000100015
:10121000494B984230B402464BD0484B984232D0AA
:10122000474C4848256801F1804380EA9220013B01
:1012300003EBC0039B0003F18043002003F502335E
:1012400025F00105256020606060A060E0601C68FA
:10125000012924F0FF041C6012D002293DD003298B
:1012600023D004293FD0052955D006295FD007296E
:1012700047D0082906BF4FF080535360012000E09B
:10128000516030BC7047012931D002293FD0032979
:1012900045D0042947D005292DD006292FD0284C28
:1012A000294B072908BF1C46BBE74FF480735360E6
:1012B000E7E7012915D002291BD0032929D00429E9
:1012C0002FD0052931D0062917D007291DD01F4C52
:1012D0001B4B082918BF1C46A3E7102330BC5360E2
:1012E00070471B4C9DE74FF480535360C9E7194C7E
:1012F00097E7194C95E7194C93E7194C91E7194C6E
:101300008FE74FF080735360BBE7174C89E7174CAA
:1013100087E7174C85E74FF480335360B1E7154CEE
:101320007FE7154C7DE7154C7BE7154C79E74FF4CB
:1013300080135360A5E700BF000002400004024094
:101340009404024080001000800402409400024097
:1013500008000240080402401C00024058040240F9
:101360006C0002406C040240800002401C040240F9
:101370003000024030040240440002404404024075
:1013800058000240034600211D481A6830B4C3F8D3
:101390008810056811680C070CD41168490724D41B
:1013A0000020202283F87C00C3F8802030BCC3F8E2
:1013B00084207047D16911F40011EED10468641BD8
:1013C000B4F1007FF6D3106820F4D07010609068FC
:1013D00020F001009060202483F87C10C3F8804046
:1013E0000320C3F8844030BC7047D16911F48001F8
:1013F000D6D10468641BB4F1007FF6D3E3E700BFE5
:10140000D4220020836ADA0710B406D50168C46AC2
:101410004A6822F4003222434A609C0706D50168DC
:10142000046B4A6822F4803222434A60590706D589
:101430000168446B4A6822F4802222434A601A07FA
:1014400006D50168846B4A6822F4004222434A6050
:10145000DC0606D50168C46B8A6822F480522243F8
:101460008A60990606D50168046C8A6822F40052E5
:1014700022438A605A0609D50168446C4A6822F4FE
:1014800080122243B4F5801F4A600BD01B0606D59C
:101490000268C16C536823F400230B4353605DF86A
:1014A000044B70474A68846C22F4C00222434A60AD
:1014B000ECE700BF0368104810B404221C6A01F076
:1014C0001F0102FA01F124EA01041C621A6A1143A5
:1014D00019625A6C42F400425A649A681040062815
:1014E00006D0B0F5803F03D01A6842F001021A60BE
:1014F00000205DF8044B704707000100036A10B438
:1015000001F01F0101248C4023EA04030362036AF3
:101510005DF8044B8A401A430262704790F83C30F1
:10152000012B00F0C580F0B40223012480F83D3087
:1015300080F83C4003688AB3042A72D0082A0A68FB
:1015400000F094801D6AD1F804C025F48055D1E9DB
:1015500002641D62DD691F6A25F4407521031203D0
:1015600045EA0C2402F4204289B224F4704427F4A2
:1015700020452A432143D9611A62DA6922F4406284
:10158000DA61DA6942EA0626DE610023012280F888
:101590003D2080F83C30F0BC184670471E6ADFF8EA
:1015A00014C1CA6826F00106D1E9004563451E62F0
:1015B0009F691E6A1DD0B3F1804F1AD0ACF5943CE0
:1015C000634516D00CF5806C634512D00CF5806C29
:1015D00063450ED00CF5943C63450AD00CF5406C85
:1015E000634506D00CF5805C634502D047F00105E9
:1015F00002E027F003073D43120125F0F005D2B2C7
:1016000026F00A0604F00A042A4334439A611C6255
:101610009C698D6824F00C049C619A692A439A6144
:10162000B3E71D6A0A68D1F804C025F01005D1E9B6
:1016300002641D629D691F6A25F440752103120131
:1016400045EA0C2402F0A00289B224F4704427F089
:10165000A0052A43214399611A629A6922F44062E3
:101660009A619A6942EA06269E618EE71F6A4D6872
:1016700027F48077D1E902641F62D9691F6A21F0DB
:10168000030C1202210145EA0C0402F42062C9B2E3
:1016900024F0F00427F420652A432143D9611A621B
:1016A000DA6922F00C02DA61DA693243DA616CE756
:1016B00002207047002C014010B40C2908D8DFE844
:1016C00001F02A0707073007070736070707240036
:1016D00003681C6A1948012201F01F0102FA01F196
:1016E00024EA01041C621A6A114319629A681040C4
:1016F000062806D0B0F5803F03D01A6842F00102F8
:101700001A6000205DF8044B70470368DA6842F005
:101710001002DA60DDE70368DA6842F00202DA609C
:10172000D7E70368DA6842F00402DA60D1E70368B9
:10173000DA6842F00802DA60CBE700BF0700010078
:1017400003680122186A01F01F0102FA01F120EA80
:10175000010010B418621A6A154C1143A3421962B1
:1017600012D0144A93420FD002F5406293420BD03C
:1017700002F58062934207D002F58062934203D063
:1017800002F50062934203D15A6C42F400425A645B
:101790009968094A0A40062A06D0B2F5803F03D06C
:1017A0001A6842F001021A6000205DF8044B70478D
:1017B000002C0140003401400700010030B490F8D3
:1017C0003D30002B63D002683749022380F83D305A
:1017D0008A42136847D0B2F1804F2CD0A1F59431E2
:1017E0008A4228D001F580618A4224D001F58061C7
:1017F0008A4220D001F594318A4234D001F5E0517B
:101800008A424CD029498A4246D001F580618A42F9
:1018100042D001F580618A423ED001F500618A42E2
:101820003AD08569C468416823F080032B43136074
:10183000D462916210E081680569C46823F0700386
:101840000B4323F4407381692B4323F080030B4344
:1018500041681360D46291620123536180F83D3086
:1018600030BC0020704785680469816923F07003EB
:101870002B4323F44073234323F080030B43136073
:10188000C368D3624368936243691363E4E703F078
:10189000FF0280F83C2096E704698169E9E78168E6
:1018A00023F070030B43ADE7002C014000400140E2
:1018B0000223026880F83D309168084B0B40062BEC
:1018C00006D0B3F5803F03D0136843F001031360E3
:1018D000012380F83D300020704700BF0700010061
:1018E000064A074B92680749C2F3C22213440868AC
:1018F0001B7E03F01F03D840704700BF001002405A
:10190000C0D50408D4000020064A074B9268074956
:10191000C2F30222134408681B7E03F01F03D84061
:10192000704700BF00100240C0D50408D40000205A
:10193000184B9A6802F00C02042A27D09A6802F029
:101940000C02082A24D09A6802F00C020C2A01D05A
:1019500000207047D968D868DB6801F00301C0F344
:1019600003100329C3F3062300F101020CBF0A4848
:101970000A48B0FBF2F000FB03F0064BDB68C3F350
:10198000416301335B00B0FBF3F0704703487047DD
:10199000014870470010024000127A000024F40051
:1019A00070B50446D4E90465A2682368E169CD48AE
:1019B00032432A43666E1D680A432840324302437D
:1019C0001A605A68E568C848A66922F440522A435A
:1019D00083425A6000F0C380D4E90825986820F05B
:1019E0006E4020F43060324302439A60DA6ABF48A6
:1019F00022F00F022A438342DA6221D0BC4A93428A
:101A000059D0BC4A934200F00482BB4A934200F092
:101A10007B81BA4A934211D1B94BD3F8883003F491
:101A20004073B3F5007F00F0898100F2ED81002B57
:101A300000F0B081B3F5807F00F07481012069E08F
:101A4000AF4BD3F8883003F00303013B022B40F285
:101A5000AC81B1F5004F00F04582FFF741FF626AAB
:101A6000034602B3012A00F05083022A00F04B83A0
:101A7000032A00F04583042A00F05383052A00F06E
:101A80004D83062A00F08483072A00F0A483082AE5
:101A900000F0B683092A00F0C8830A2A00F0EB831D
:101AA0000B2A00D11B0A6268002003EB5203B3FB30
:101AB000F2F39BB226E002F5E632924BD2F8882090
:101AC00002F00C02134493F82430B1F5004F28D0F3
:101AD000082B15D801A252F823F000BF9B1D010866
:101AE0005B1A0108451D0108011B01082D1D010895
:101AF000011B0108011B0108011B0108951C0108BD
:101B000001200023A3F110014FF6EF72914295D806
:101B10002268D36000234FF00112C4E91A2323671F
:101B200070BD082B0AD8DFE813F0AF01DD01E30137
:101B30000900110209000900090017020120002311
:101B4000A3F110014FF6EF7291423FF677AF23F009
:101B50000F022168C3F342031343CB60DAE79968AD
:101B6000674821F06E4121F4306131439960DA6AAF
:101B7000616A22F00F020A43DA62D0F8883003F477
:101B80004063B3F5006F00F0578151D8002B00F08F
:101B90001181B3F5806F7FF451AFFFF7C9FE636A1F
:101BA00003B3012B00F0D282022B00F0CB82032B77
:101BB00000F0C582042B00F0F882052B00F0F282C1
:101BC000062B00F03783072B00F06183082B00F011
:101BD0008683092B00F09F830A2B00F0F1830B2BE7
:101BE00008BF000A0423002894D0626802EB420177
:101BF00081423FF623AFB0EB023F3FF61FAF082B09
:101C00003FF61CAF01A151F823F000BFD920010815
:101C10003D1A0108312001083D1A01087D20010804
:101C20003D1A01083D1A01083D1A0108A91F0108C3
:101C3000B3F5406F7FF402AF002900F05A8201290A
:101C400000F08682022900F09782032900F0B68214
:101C5000042900F0C482052900F0D682062900F08C
:101C6000F582072900F01A83082900F02F8309293B
:101C700000F044830A2900F0AF830B290CBF8020B9
:101C80004FF4004037E2302B7FF4D8AEB1F5004F6F
:101C900000F06281002D00F02982012D00F04782C2
:101CA000022D00F06182032D00F06D82042D00F002
:101CB0008A82052D00F0A182062D00F0B382072D47
:101CC00000F0CD82082D00F0FA82092D00F010837B
:101CD0000A2D00F06C830B2D0CBF80234FF40043C2
:101CE000E1E600BFF369FFCF00800040003801400B
:101CF0000044004000480040004C004000500040BC
:101D000000100240C0D50408C34BD3F8883003F05C
:101D1000C003802B12D000F28B80002B3AD0402BD6
:101D20007FF48CAEB1F5004F00F01081FFF700FE9C
:101D3000626A0346002A3FF4B6AE93E6B1F5004F5F
:101D400000F0D680002D00F0CF81012D00F0ED8154
:101D5000022D00F00782032D00F01882042D00F000
:101D60003082052D00F04382062D00F05982072DA8
:101D700000F07882082D00F09882092D00F0B582DD
:101D80000A2D00F01183A54A4FF224430B2D18BFF2
:101D9000134688E6B1F5004F76D0FFF7B5FD626ACD
:101DA0000346002A3FF47FAE5CE69D4A134493F855
:101DB00020308AE6FFF7A8FD636A03B3012B00F029
:101DC000C381022B00F0B981032B00F0B381042BF7
:101DD00000F0E681052B00F0E081062B00F02F8259
:101DE000072B00F05282082B00F07782092B00F0BD
:101DF00090820A2B00F0E2820B2B08BF000A00231E
:101E000000283FF487AEF0E6B3F5407F3FF43EAFE5
:101E100014E6814BD3F8883003F03003202B8DD0AB
:101E20003FF631AF002BB5D0102B3FF47BAF05E66A
:101E3000C02B3FF42BAF01E6002900F05E810129A1
:101E400000F08981022900F09A81032900F0B48111
:101E5000042900F0C281052900F0DB81062900F089
:101E6000FA81072900F01D82082900F03282092931
:101E700000F053820A2900F0A582684B4FF22440FB
:101E80000B2918BF184639E1FFF73EFD636A03B31B
:101E9000012B00F03C81022B00F04581032B00F068
:101EA0005C81042B00F06D81052B00F08F81062BE7
:101EB00000F09F81072B00F0B181082B00F0CD814D
:101EC000092B00F0F0810A2B00F00D820B2B08BFCC
:101ED000000A61684A0802EB40030020B3FBF1F3FB
:101EE0009BB22DE6FFF7FCFC636A002BF1D0CFE735
:101EF000002D00F00E81012D00F03981022D00F03F
:101F00005981032D00F07181042D00F08081052D91
:101F100000F09F81062D00F0BC81072D00F0E181CB
:101F2000082D00F0E981092D00F054820A2D00F0FF
:101F30005B823C4B3C4A0B2D18BF13466268002065
:101F400003EB5203B3FBF2F39BB2F9E5FFF7F0FCAE
:101F5000636A002BBDD09BE7002D00F0DC80012DD3
:101F600000F00781022D00F02281032D00F03A815C
:101F7000042D00F05081052D00F05981062D00F050
:101F80008A81072D00F09F81082D00F0FB81092D2B
:101F900000F011820A2D00F024820B2D0CBF4FF4AB
:101FA00080734FF48033C9E7636A03B3012B00F0F9
:101FB0005B81022B00F07C81032B00F0B481042BA9
:101FC00000F0E681052B00F0FF81062B00F01B825C
:101FD000072B00F01482082B00F00D82092B00F073
:101FE00026820A2B00F01F820B2B00F024824FF474
:101FF000000000215308C01841F10001002337F010
:10200000F9F80A4AA0F54071914203463FF616AD31
:1020100022680020D3607DE5001002400024F40017
:10202000C0D5040848E801000048E801FFFC0F00A3
:10203000636A03B3012B00F01B81022B00F03C818B
:10204000032B00F06C81042B00F09F81052B00F026
:10205000BE81062B00F0DA81072B00F0DE81082B11
:1020600000F0D881092B00F0F0810A2B00F0EA8102
:102070000B2B00F0E481B0480021BBE7FFF758FCD0
:10208000616A0346002209B3012900F0BB800229DE
:1020900000F0DA80032900F0F080042900F01B81B1
:1020A000052900F02E81062900F07681072900F02D
:1020B0009681082900F09A81092900F099810A295E
:1020C00000F0AE810B2904BF1B0A0022110241EA75
:1020D0001361626818028DE7FFF716FC616A034618
:1020E00000220029F2D0CFE7944BDCE44FF4004308
:1020F000D9E44FF40040082377E59048022374E5C3
:102100008F4AA2FB03239B08CDE45B08CBE4400885
:10211000DFE68C4B12E74FF480330FE78A4AA2FBCD
:102120000323DB08BFE48008D3E6884BBBE44FF40D
:102130008043B8E4824BA3FB003080085FE6804B0D
:10214000A3FB003080084DE5400858E6400849E50B
:102150004FF48040CFE77D48D0E7794BA3FB0023C5
:102160009808B6E67A4B9EE44FF400539BE4734B19
:10217000E4E64FF40043E1E64FF40050BBE7744857
:10218000BCE7C008A5E641F255538CE4714B8AE4E4
:102190006B4AA2FB0323DB0885E46B4BA3FB0030F7
:1021A000C0082CE6684BA3FB0030C0081AE54FF4CA
:1021B0008043C3E6654BC1E666489FE741F2555050
:1021C00099E7654B6FE44FF480536CE45E4BA3FBDF
:1021D0000023D8087DE61B0965E45F488EE74FF4CD
:1021E000805088E742F6AA23A8E65C4BA6E65C4B43
:1021F00059E40C23B0FBF3F06BE640F6CC4352E419
:102200005B0950E45B0861E740F6CC4073E7504B54
:1022100094E6534872E74FF400538FE6000958E6FE
:10222000504B40E440F6AA233DE49B093BE441F6D1
:10223000981383E6424BA3FB0030C008D2E4404B26
:10224000A3FB0030C008DAE59B083FE740F6AA2070
:1022500051E7454B72E6434850E7400939E64FF4F1
:10226000006320E4414B1EE44FF480000021C1E6EE
:102270003F480021BEE6DB0915E411460023062293
:1022800036F0B8FF03460A4620E70009B7E5000923
:10229000A8E4304B52E641F254534FE64FF400604D
:1022A00029E732482AE7800913E6324BFFF7FBBBE8
:1022B0004FF4001000219DE62F4800219AE64FF4CC
:1022C0008063FFF7F0BB4FF4805337E64FF4806034
:1022D00011E7284812E7DB08F8E640098FE54009D6
:1022E00080E41D4B2AE6C009F3E5244BFFF7DBBB76
:1022F0004FF40073FFF7D7BB1C4B1FE64FF4007081
:10230000F9E6114600230A2236F074FF03460A4616
:10231000DCE6800973E5800964E41848EEE604A170
:10232000D1E9000166E61648002163E6AFF30080BC
:1023300000AAB02800000000000024F40024F400EB
:10234000ABAAAAAA0048E801CDCCCCCC00127A00F6
:1023500000093D00AAB0280080841E00546151008D
:10236000006A18005558140000D4300040420F0095
:102370000000127A20A107000000093D90D0030060
:10238000005515004FF40063D8E53348002131E6CD
:102390004FF4801000212DE6114600230C2236F068
:1023A00029FF03460A4691E62C4BFFF77CBB4FF40E
:1023B0008073FFF778BB4FF48063BFE5C0091EE56B
:1023C000C0090FE4254899E62548002112E6254872
:1023D00000210FE6244BB1E54FF480708BE61B091A
:1023E00074E64FF40073A9E5204BA7E55B096DE6A1
:1023F0009B0900226AE64FF480200021FAE54FF4A1
:1024000000200021F6E51A480021F3E510A1D1E9EA
:102410000001EFE517480021ECE517480021E9E548
:10242000DB09002252E64FF480300021E2E54FF450
:1024300000300021DEE54FF400400021DAE50F48CE
:102440000021D7E50E480021D4E50E480021D1E552
:1024500000555814000000000080841E48E8010068
:1024600000CC0C0000006A1820A1070090D00300E7
:1024700000AA0A000020A1070040420F0024F40037
:102480000048E8010090D00370B405681D4E03E0D9
:102490003468A41AA14226D3AB6913F02003F7D005
:1024A00010222023EA61EB61AB699A0744BF002345
:1024B000AB62AB69DB0703D4AB6943F00103AB61EB
:1024C0006B68114A13406B60436C0022202143F07B
:1024D0000403436480F8402080F8411080F84220D3
:1024E00070BC01207047426C80F8403042F02002FE
:1024F0002021426480F8411080F8423070BC0120F5
:10250000704700BFD422002000E800FE2DE9F04112
:10251000DFF8548004460E4615460AE09B69DB0648
:1025200002D5FFF7B1FFE0B9D8F800305B1BB3422A
:1025300009D823689F69BF072A4631462046EDD552
:102540000020BDE8F081636C202100220B4363640E
:1025500084F8402084F8411084F842200120BDE82E
:10256000F0810120BDE8F081D4220020F0B4049F66
:10257000104E0546006803E03468E41B9C420AD80C
:10258000846931EA04040CBF012400249442F3D08E
:102590000020F0BC70476B6C202100220B436B6461
:1025A00085F8402085F8411085F842200120F0BCD4
:1025B000704700BFD42200200268436B9169126803
:1025C00003B11847704700BF70B490F8412003462C
:1025D000002A42D01A68DC68242183F84110106870
:1025E000596820F0010021F070611060116191685C
:1025F000012C21F40041916099682AD041F40441F2
:10260000022C916004BF4FF40061516050689D69D5
:10261000D3E9041640F0007040F4004050603143AC
:10262000D468D86941EA05211D6A24F4004428438E
:10263000D460D160106011680020202441F00101B5
:102640001160586483F84140186383F8420070BCFD
:10265000704741F400419160D8E702F0FF0180F833
:102660004010B7E72DE9F04F0E6883B0002E00F060
:102670009580DFF8E4C100234FF0010808FA03F564
:1026800015EA060E00F085804C6824F0100ABAF1B5
:10269000020F00F08680D0F800B04FEA4309032211
:1026A00002FA09F204F003072BEA020B07FA09F712
:1026B0000AF1FF3A47EA0B07BAF1010F6FEA02028B
:1026C000076040F29480C7688D683A4005FA09F5C2
:1026D0001543E700C5605CD5594D2A6E42F00102F2
:1026E0002A662A6E23F0030707F1804702F00102F1
:1026F00007F58037019203F003024FEA820A019D39
:10270000BD680F2202FA0AF9B0F1904F25EA0905D7
:1027100018D04C4A904200F083804B4A904200F01F
:1027200083804A4A904275D0494A904200F08280A4
:10273000484A90420CBF4FF005094FF0060909FACC
:102740000AF21543BD60DCF80020E5036FEA0E07CE
:1027500054BF3A404EEA0202CCF80020DCF80450A4
:10276000A20354BF3D404EEA0505CCF80450DCF806
:102770000850E20254BF3D404EEA0505CCF808502F
:10278000DCF80C20A40254BF3A404EEA0202CCF816
:102790000C20013336FA03F27FF470AF03B0BDE8CA
:1027A000F08F4FEAD30900EB890903F00707D9F846
:1027B0002020BF004FF00F0A0AFA07FB22EA0B0A9B
:1027C0000A69BA4042EA0A02C9F82020D0F800A0FB
:1027D0004FEA4309032202FA09F204F003072AEA46
:1027E000020A07FA09F747EA0A07D243076087682F
:1027F00007EA020ACF6807FA09F747EA0A0787607B
:10280000D0F804A0C4F300172AEA05059F402F431F
:10281000476058E74FF0030909FA0AF2154391E7B8
:1028200008FA0AF215438DE74FF0020909FA0AF295
:10283000154387E74FF0040909FA0AF2154381E7C7
:10284000001002400004004800080048000C004846
:102850000010004800140048000401402DE9F04732
:10286000644F3B78012B5ED00124824688463C7041
:10287000F6F7A4FF064620B100233B703046BDE8C2
:10288000F0875D4B78601A6812F4007F1A684ED1A9
:10289000540540F19D801A68022122F480621A607A
:1028A0003977DAF80030012B4ED04FF0FF33C8F8FB
:1028B0000030DAE902532B449D425DD24E4CDFF8E2
:1028C0003C9121E0636923F4006363616269EB007A
:1028D00022F47E7203F4FF6313436361636943F080
:1028E00002036361636943F480336361F6F766FF53
:1028F000636903EA09036361002863D1DAE90232FC
:1029000001351344AB4237D9236A5B02DAD5DAF8D2
:10291000043013F0010F636914BF23F4006343F420
:1029200000636361D2E702263046BDE8F08722F4F7
:1029300000721A601A68550548D51A68032122F4F6
:1029400080621A603977ACE72B4B1A6A500241D487
:102950005A6942F4004242F004025A61264C63690B
:1029600043F480336361F6F729FF636923F400437E
:1029700023F00403064663613B7F03F0FD02012A56
:10298000DBB20CD11C4A116841F40061116011687E
:1029900021F400611160116841F400711160023B83
:1029A000012B0CD8144B1A6842F480521A601A6832
:1029B00022F480521A601A6842F480621A6000237E
:1029C0003B7759E7C8F800500646D5E73C7768E7FB
:1029D000387766E7DAF80420D10703D5596941F062
:1029E000040159619207B9D5034A536943F400437E
:1029F0005361B3E7CC0300200020024005FCFFFF39
:102A000070B4D0E9106304223168056803F01F0335
:102A10009A400A422C680ED014F0040F0BD02B6899
:102A20009B0603D42B6823F004032B60036B7260B6
:102A3000CBB170BC184702229A400A4215D014F05C
:102A4000020F12D02B68990606D42B68012123F0BF
:102A50000A032B6080F82510C36A7260002280F898
:102A60002420002BE5D170BC704708229A400A420E
:102A7000F9D02207F7D52A68416B22F00E022A60AE
:102A8000012202FA03F300247360C26380F8244039
:102A900080F825200029E6D070BC084790F8252052
:102AA000022A034609D0012204200021D86383F8BA
:102AB0002410104683F825207047026870B5856C95
:102AC0001068DE6C20F00E00D3E910411060106831
:102AD00020F0010010602A68586D22F480722A608C
:102AE00001F01F0101228A40196D6260716030B1EE
:102AF0000268D3E9161422F4807202604C609A6B6B
:102B00000121002483F8251083F824401AB11846C7
:102B10009047204670BD104670BD00BF70B5314A69
:102B200090F84130002580F84250C2624585426CE1
:102B3000283B1143022B0446416430D80321FBF7A4
:102B40005FFE294B4363282280F8412005632268F9
:102B5000136813F4804312D01368A06B23F48043EE
:102B60001360D8B1214B8363002384F84030FFF712
:102B700095FF98B1A06BBDE87040836B1847116852
:102B800011F4004119D194F84130602B03BF202388
:102B900084F8401084F8413084F8401070BD07215B
:102BA000FBF72EFE90F84130602B1CBF202380F8ED
:102BB0004130002303634363C9E71168E06B21F4EC
:102BC000004111600028E9D0084A826384F840304F
:102BD000FFF764FF0028E1D0E06BBDE87040836B35
:102BE000184700BF0000FFFFDD2C01088DE800083A
:102BF0000368202270B51E68DA610D46072104467D
:102C0000FBF7FEFD03683348596841F40041596001
:102C10005A6802405A609A69910744BF00229A623A
:102C20009A69D20703D49A6942F001029A6170044A
:102C30002BD5A26B1AB11268526892B262856A07EC
:102C400009D5626A5B6A1370636A228D013325F0CD
:102C5000040563624ABB638D9BB21BB1636C43F096
:102C6000040363640023236384F84230666C636367
:102C700016BBE36A184DAB420DD194F8413084F88D
:102C80004060202384F8413070BD3104D7D5E26B19
:102C9000002AD0D1D3E72046FBF732FE2023E5629D
:102CA00084F8406084F8413070BD638D013B013A87
:102CB0009BB222856385CEE7616C2046FFF72EFF2D
:102CC00094F84130282BDFD129462046BDE87040DA
:102CD000FBF7EABD00E800FE0000FFFFF8B590F842
:102CE0004030C66A012B7DD017460123CA06044630
:102CF0000D4680F840301AD5FB0618D5438D9BB29F
:102D0000002B5CD190F84130282B00F0858094F89E
:102D10004130292B23684FF01001D96168D0AA06F1
:102D200001D5BB0659D4002084F84000F8BD6807DF
:102D300010D42A072ED53B072CD594F8413003F048
:102D40002803282B64D0216808200023C86184F858
:102D50004030E4E77907ECD5638D9BB27BB1216805
:102D6000636A496A1970638D606A218D013B9BB269
:102D70000130013925F00405638560622185638D8A
:102D80009BB2002BCBD116F5803FC8D02046FBF775
:102D9000B7FDC4E7A807C2D5B907C0D5638D9BB2FC
:102DA00013B3606A236810F8011B9962638D218D4B
:102DB0006062013B9BB2013963852185AFE70368FF
:102DC0001021D961436C43F00403436436F08073EF
:102DD000A5D1416CFFF7A2FEA1E729462046FFF7E7
:102DE00007FFA0E70220F8BD36F08073CED096E74B
:102DF00016F5803F93D099698A0744BF00219962F4
:102E00009969CE07C2D4996941F001019961BDE782
:102E10002046FBF717FD82E7B6F1007F7FF477AF1E
:102E2000FBF742FD7BE700BF38B503681F4C204D20
:102E30002022DA615A68224000245A600463446305
:102E4000CC06C56205D51022DA61426C42F004025C
:102E500042649A69910744BF00229A629A69D20734
:102E600003D49A6942F001029A610321FBF7C8FC7E
:102E7000436C90F84120602A09D043B990F8412072
:102E8000212A08D090F84120222A04D038BDBDE87C
:102E90003840416C42E6202280F8412090F84220E0
:102EA00080F8403080F8423038BD00BF00E800FEB6
:102EB0000000FFFF38B590F84030012B0446C06A8F
:102EC0006FD00123CD0684F8403015D5D30613D535
:102ED000D30B43EA9235ED07C2F3803229D5E56B77
:102EE0005DB3DB0729D52B685B6833BBA36B53B39A
:102EF0004AB31B685B6826E00B0707D4880601D538
:102F0000930612D4002084F8400038BD1507F5D58B
:102F100094F8413003F02803282B44D0236808227A
:102F20000020DA6184F84000EFE72046FFF760FEFA
:102F3000E8E723681022DA61E4E7A36B13B30AB36E
:102F40001B685B68F3B994F84130282B2FD094F8B4
:102F50004130292B23684FF01002DA61D2D110F5ED
:102F6000803FCFD09A69910744BF00229A629A6944
:102F7000D20703D49A6942F001029A612046FBF716
:102F8000BFFCBFE723681022DA61636C43F00403DF
:102F9000636430F08073B5D1616C2046FFF7BEFDED
:102FA000B0E7022038BD2046FBF74CFCAAE7B0F1A1
:102FB000007FCCD12046FBF777FCA3E7F8B590F86B
:102FC0004030012B7CD00123CD06044680F84030F0
:102FD00024D5D00622D52368626B47481021D961D9
:102FE000616C824241F00401616467D043498A42C6
:102FF0000CBF6022F42219680A431A609A6991078B
:1030000044BF00229A629A69D20703D49A6942F0B7
:1030100001029A61002084F84000F8BD0B0631D50A
:10302000570643D523681A6822F040021A60628D61
:1030300092B2002A46D05868618D89B2FF29C0F348
:1030400009004BD8628DE56A91B215F5803F218564
:103050004CD0CDB2E76A2D045A68294E3240024363
:103060003A432A435A60628D521A92B2628594F8AA
:103070004120222A1A680CBF42F4004242F48042E6
:103080001A60C7E74D0611D550060FD5638D9BB268
:10309000FBB923685A689101BCD4E26A12F5803FFB
:1030A00013D15A6842F480425A60B3E78B06B1D517
:1030B0009206AFD52046FFF7B7FEABE760229AE74E
:1030C0000220F8BD5B689E0103D42046FBF73CFC60
:1030D000A0E740212046FFF721FD9BE7FF22228544
:1030E00011464FF47F054FF08077B5E7CAB215045B
:1030F0004FF00077B0E700BFBD2F0108B52E0108E3
:10310000009C00FC90F84030012B00F09E800123D1
:103110002DE9F041044680F84030C8060D4690463F
:103120001BD512F0100F18D023681021D961616CE3
:1031300041F0040161649969890744BF00219962E3
:103140009969CA0766D5AB0602D518F0200F73D16E
:10315000002084F84000BDE8F0816B0712D4AF076F
:1031600024D518F0020F21D0606A236810F8011BE3
:103170009962638D218D6062013B9BB20139638549
:103180002185E0E718F0040FE9D02168636A496AF5
:103190001970638D606A218D013B9BB2013001394A
:1031A00025F00405638560622185CCE72E0615D4E1
:1031B0006906C8D518F0400FC5D0638D9BB2002BAF
:1031C00035D1236859688A01BDD4E16A11F5803F81
:1031D00029D1596841F480415960B4E718F0400F93
:1031E000B1D0638D9BB2D3B1238DC3B9266870680B
:1031F000618D89B2FF29C0F3090028D9736822497B
:103200000B40034343F0FF7343F48033FF212185D8
:10321000736098E7996941F00101996193E7236828
:103220005B68980103D42046FBF78EFB8BE74021B7
:103230002046FFF773FC86E720462946FFF7F4FD9A
:10324000002084F84000BDE8F08102207047638DC3
:10325000E16A9BB211F5803F23850AD0E76A0A4AEA
:1032600071681140DBB2394341EA034303437360A1
:1032700069E77168044F3940DBB2084340EA034311
:1032800043F0007373605EE7009C00FC03689A697A
:10329000196810B4D4052ED50C061FD5416C41F029
:1032A000010141644FF480745105DC6128D5416C03
:1032B0004FF4806441F0080192054164DC6106D559
:1032C000426C4FF4007142F002024264D961416CD9
:1032D00011F00B0F0CD15DF8044B70475405F6D478
:1032E0009405F4D50906EBD4416C11F00B0FF2D024
:1032F0005DF8044B12E45405F2D50906D7D4E6E78D
:103300009205DDD4E3E700BFF0B490F82440012C2F
:1033100053D090F825400125AC4280F8245005D0C8
:10332000002380F82430F0BC022070470468C76C8A
:103330000226002580F82560C5632668D0E914C5FB
:1033400026F001062660C7F804C015B1D0E916675B
:103350007760466C876806F01F0C012606FA0CFCA5
:10336000066CC6F804C06360036B102F0BBFA2602D
:10337000A160E160E260BBB1236843F00E0323600B
:10338000836C1A68D20303D51A6842F480721A60FB
:103390001DB12B6843F480732B60236843F0010355
:1033A00023600020F0BC7047236823F004032360EF
:1033B000236843F00A032360E2E70220F0BC704771
:1033C00003682F491A688B4222F00102F0B41A6098
:1033D00043D82C4A2C492D4C04641A44A1FB0212F8
:1033E0001209920002F01F050121A9400025426444
:1033F0001D6005F1804505F5023561602249244CC8
:10340000C464DBB2083BA1FB03139708C3F30413A6
:10341000012101FA03F32A4400268264036545F87A
:10342000276063604468621E032A06D8194B234450
:103430009B00194C1E60914061600023C36380F8BB
:10344000243080F82530C0E91533C0E90B33C0E9DA
:103450000D33C365F0BC18467047104A0A49104C3A
:1034600004641A44A1FB02121209920002F01F0523
:103470000121A940002642640A4D1E606160BDE73B
:1034800007040240F8FFFDBFCDCCCCCC00000240C9
:10349000800802403F82001040090240F8FBFDBF57
:1034A000000402402008024000287DD03F4A034625
:1034B000006890422DE9F04162D93D493D4A3E4CB9
:1034C0000144A2FB012109098900D3E902721E69A6
:1034D0001C643A435C699D69DFF8F4E0DFF8CC8056
:1034E00032434FF0020C224383F825C0314CD0F810
:1034F00000C0DE6959642A43C5B2083DA4FB0545F6
:103500001C6A32432CF4FF4C2C4E22432CF0700CDE
:10351000C5F30414404588BF764642EA0C020125F3
:10352000DFF8B0C0026001EB060E05FA04F4B7F54F
:10353000804FC3E912EC4FEA91011C6529D058680D
:10354000C2B20138032846F82120CCF8044026D81E
:103550001B491C4898651144013A890002F01F027A
:1035600005FA02F200245965DA650C604260002019
:103570000122D86383F8240083F82520BDE8F08178
:1035800011490C4A114C0144A2FB0121090989008F
:103590009BE700225A6046F82120CCF80440002224
:1035A000C3E91522DA65E2E701207047070402400B
:1035B000F8FBFDBFCDCCCCCC00040240000802409B
:1035C0003F82001040090240F8FFFDBF00000240AA
:1035D0002008024080080240002807DB00F01F019D
:1035E000034A400901238B4042F82030704700BF56
:1035F00000E100E003689A68920702D59B6800200A
:1036000070479A68D1070ED59A6802F00D02012A18
:103610000BD0C36D43F01003C365036E43F0010389
:10362000036601207047002070479A68104922F015
:10363000004222F03F0210B442F0020203249A60DA
:103640001C600C6803E00A68121B022A06D89A68FC
:10365000D207F8D400205DF8044B7047C36D43F0E7
:103660001003C365036E43F0010303660120F2E714
:10367000D422002010B401440446002014F8013B79
:1036800008225840430010F0800F08BF400083F02C
:10369000070314BFD8B2C0B2013AF3D18C42EDD1C6
:1036A0005DF8044B704700BF30B54FF4806085B0C3
:1036B0001CF04CFF002845D0344C94F8BC32012B50
:1036C0001ED0022B40D0032B03D0042B52D0052B4D
:1036D0002AD194F8BD3290F90400002B14BF0C25B8
:1036E000042501214FF4E1320023CDE901150092B8
:1036F0004FF480611A461CF086FFC4F8B80213E04C
:1037000094F8BD1290F904000193002918BF082114
:103710004FF4E133029100931D4A00234FF480617E
:103720001CF071FFC4F8B802D4F8B802FF230038C7
:1037300018BF012084F8C83284F8D83284F8E832FF
:1037400084F8F83205B030BD94F8BD2290F9040039
:10375000002A18BF082201254FF496410023CDE925
:10376000015200911A464FF480611CF04CFFC4F8DE
:10377000B802D9E794F8BD2290F90400002A18BFD6
:10378000082201254FF4E131E8E700BF2076002050
:103790002DEA0008374B1B6813F0006307D0364B47
:1037A00093F8BC22012A0DD0023A022A01D9002046
:1037B00070470138C0B2FE2803F532732CBF18469B
:1037C0000020704793F8102390424AD3FF28EED18F
:1037D0002DE9F04FDFF8A8B09BF8BB1183B00029AA
:1037E00044D0002A42D003F5327101EB0214009458
:1037F0000020DDF800A00192054606460446074673
:103800008446B1F802E08A8991F8009091F901802C
:1038100074441044CC45D1E901E238BFCC461031A4
:103820004745B8BF47468A4524B200B2764415449E
:10383000E7D1019A94FBF2F4002190FBF2F20F48D9
:10384000A3F80644A3F8102483F804C483F805748D
:10385000C3F80864C3F80C548BF8BB1103B0BDE87F
:10386000F08F03F5327101EB0010704703F2044052
:10387000F4E700BFFC55002020760020247A0020C9
:10388000F403002030B40478A51E15F0FF031DD00A
:10389000451E1D4402464FF6FF7301E012F8014F2A
:1038A0001B1BAA429BB2F9D11C0A084410F8012C38
:1038B000A24202D0002030BC704710F8020CDBB2EC
:1038C000C01AB0FA80F0400930BC7047FF244FF6B0
:1038D000FF73EAE72DE9F8434A4C427894F8143430
:1038E00002F00F05C3B9EDB92B46002184F8181476
:1038F000EB1AD9B20E290BD8234493F8481339B1E7
:1039000002F0F002802A4AD0902A5FD0A02A0DD07F
:1039100000273846BDE8F8830021AB4284F818142C
:10392000F6D8E5E784F814542B46DEE7412966D043
:1039300081F08003042B62D90846FBF78DF8031D44
:103940000246DBB2304884F8183465F05F0584F82D
:103950001954FCF7CFFB94F81874002FD8D0BE1E72
:1039600016F0FF0024D1FF25A946022756B1DFF843
:103970009C80464418F8011BD4F83C0423F0A4FDB5
:103980004645F7D1D4F83C04494623F09DFDD4F8D0
:103990003C04294623F098FD3846BDE8F88365F0DD
:1039A0007F050427022684F8195484F818743046D9
:1039B000164A4FF6FF71104412F8015B491B904202
:1039C00089B2F9D15FFA81F90D0ACFE7412914D004
:1039D00081F08003042B10D90846FBF73DF865F011
:1039E0006F050627042684F81B0484F8195484F80C
:1039F0001A1484F818743046DAE70420EFE7082335
:103A000004229FE7207600203A7A0020387A0020AE
:103A10002DE9F04FC31D85B0544C03F4FC7300AF87
:103A2000ADEB030DD4F8403404F58A6B0DEB0002C6
:103A30005B4506468A46FA60E9462FD094F8901511
:103A400094F891C5D4F8445401F00F0040EA4C10AA
:103A500001310DF101088DF8000084F89015C7F8C8
:103A6000088007F10800ED1AA2EB0808A8451946DE
:103A700044DD2A4628F02CFDD4F84024B968C4F867
:103A800040B42A44A1EB09014846C4F84424C9B211
:103A9000D04700201437BD46BDE8F08F94F890C59C
:103AA00094F89105B4F94A540CF00F0141EA401121
:103AB00041F01001002DC9B2D4F84454B8BF41F010
:103AC00080010CF1010C012884F890C589F80010E0
:103AD000A5EB0B0822D1B8F1FE0F3ADDFF2394F8D5
:103AE000482489F8013007F1080009F103031FFA9F
:103AF00088F1786089F80220BB6020E0424628F017
:103B0000E7FCD4F84024424448463146C4F84024F7
:103B1000D04701201437BD46BDE8F08F94F84C34EF
:103B2000B4F8481489F8013007F1080009F10203DC
:103B30007860BB6028F014FD78681FFA88F128F0DF
:103B40000FFDD7E90282D4F84454D4F840347868A1
:103B500089E794F8481489F8018009F1030889F885
:103B60000210C7F8088007F108007CE720760020E3
:103B700001297FD9F0B50378654CC3F34115032DB6
:103B800083B084F8915503F00F0700F0848013F0A0
:103B90001003164606D0012D6ED0052912D800203C
:103BA00003B0F0BD94F86426002AF8D094F8652696
:103BB000013202F00F02BA4255D0184684F864363A
:103BC00003B0F0BD437884F860364388A4F85C36CF
:103BD00085884318811DC02D7ED84E4AC4F85426CE
:103BE00015444FF0000C0120C4F85856A4F85EC6E6
:103BF00084F86406AA1A5B1A934284F8657666DB39
:103C0000454D002A5CD1B4F95C36FA2B53D0414AB9
:103C10004249D4F85436D1F80002C4F85426294653
:103C2000151FA2F5A276C4F84454C4F858360025EE
:103C3000A2F5AA7201ABC4F8406484F86456C4F8D3
:103C4000485401951CF066FF013058D0019B0BB120
:103C500000209847D4F84034C4F844340120C4F814
:103C6000406403B0F0BD4318D4F85856D4F8542635
:103C7000411CBFE700207047022990D04578837827
:103C8000A4F85C36FF2D1FD1042988D94318B0F859
:103C90000350411D9FE70023214984F8503404F567
:103CA0008A6204F25143C4F84814C4F84024C4F8AA
:103CB0004434012074E7002EA9D005233370A6E711
:103CC000284628F005FC9EE74318C11C83E71248EC
:103CD0001A4628F0FDFB62E7124BB4F85C06C4F804
:103CE0004034032101334FF6F672A4F84804C4F8B7
:103CF000443484F85014A4F84A24012050E7D4F83E
:103D000040340222591CC4F840141A709EE700BFC8
:103D100020760020B47B0020747C0020F403002077
:103D20000000F6FF707A00200B4B93F8862312B147
:103D3000B3F8582352B9094B094AB3F9043082FB4E
:103D40000312D817C0EBA20000B27047D3F8A40347
:103D500090FBF2F000B2704720760020145A002049
:103D600067666666F8B5184CC6B205463146D4F8A3
:103D7000680623F0A9FB94F86C16D4F86806C5F31E
:103D800007274E40394684F86C6623F09DFB94F873
:103D90006C16D4F86806C5F307464F40314684F8E0
:103DA0006C7623F091FB94F86C16D4F868062D0E0F
:103DB0004E40294684F86C6623F086FB94F86C1616
:103DC0004D4084F86C56F8BD2076002070B50C4D3F
:103DD000C6B231460446D5F8680623F075FB95F85F
:103DE0006C16D5F86806240A4E40214685F86C66A4
:103DF00023F06AFB95F86C164C4085F86C4670BD54
:103E00002076002038B50B4C002305462421D4F839
:103E1000680684F86C3623F057FBD4F86806542102
:103E200023F052FBD4F868062946BDE8384023F059
:103E30004BBB00BF207600202DE9F04FB54D2DED96
:103E4000028B95F86D4683B00E469246002C00F02A
:103E50006E82013C85F86D46AF4F9FEDB08ADFF86A
:103E6000CC82DFEDAF8ADFF8C892A7F5037B337809
:103E7000002B78D095F86D46002C74D1BAF1000F64
:103E800007D021F023FCDAF80030C01A002880F2B5
:103E9000D38395F86E26002A40F09F8395F86F062D
:103EA000062840F2FA819BF809329BF808129942E1
:103EB00000F02D82DBF8042295F8704632F81320CA
:103EC0009849144401300133A4B2C0B2DBB2B4F556
:103ED000E26F85F86F064B7100F0F58100F2B88053
:103EE00040F201439C4200F0238300F28880B4F545
:103EF000067F5AD8B4F5007F3AD3A4F50073182B87
:103F00002ED8DFE813F04E02420242024202420281
:103F100042024202420242022D002D002D002D00DD
:103F20002D002D002D002B02190019001900190079
:103F30001900190019001900A4F11100C0B2FFF70F
:103F400029FC68B1B0F90230CDF8033010238DF8A8
:103F50000030ADF801406B6C684698470023337021
:103F6000BAF1000F83D103B0BDEC028BBDE8F08F36
:103F7000B4F5807F00F00C83B4F5887FF0D113F0A6
:103F8000C5FC10230122CDF803008DF800308DF818
:103F900001308DF802206B6C68460024984734701D
:103FA000BAF1000F7FF463AFDDE7B4F5806FD7D1CE
:103FB00095F888360133DAB2042A00F0238342F2FE
:103FC000107385F8882603FB02F3D5F88C26002AA7
:103FD00000F01683023395F8A823D207B5F8AA2378
:103FE00048BF0433940748BF0A33500748BF14330F
:103FF000910648BF283310210024042248E2B4F57A
:10400000A16F00F2DB80B4F5A06F00F27882B4F506
:10401000846F00F06182B4F5A06F40F08B800FF0E8
:104020007BF900289CD0404A6B6CD2ED007AF5EE0B
:10403000C07AF1EE10FAB8BFF0EE687AFCEEE77ADB
:10404000102117EE902A0024CDF803200522B6E1B6
:10405000B4F5376F00F0C1813CD945F230239C4262
:1040600000F0E1811CD945F240239C4200F06E82B1
:1040700045F250239C427FF473AFD5F8A433CDF8BA
:1040800003301021502252238DF800108DF80120AA
:104090008DF802306B6C68460024984734707FE7D7
:1040A00045F210139C4200F0AC8140F2AD8045F225
:1040B00011139C427FF454AFD5F8A436CDF80330E9
:1040C0001021112251238DF800108DF801208DF858
:1040D0000230DFE7B4F5036F00F0E88140F2A8801A
:1040E000B4F5046F00F06682B4F5116F7FF438AF59
:1040F00014F024FC10230922CDF803008DF80030C1
:104100008DF801308DF802206B6C684600249847CA
:10411000347045E720760020000600200000C842E9
:1041200000000000F8050020947C00201F85EB5162
:10413000C5B3A291B4F5826F7FF412AF2B6C9A06CF
:1041400040F16682D64995F838034B8A097D643B75
:10415000C3EB4372C3EBC20389FB03421A44DB1770
:10416000C3EB22230933092BA8BF092323EAE373F6
:1041700003EB830310F0020F03EB830314BF4FF430
:104180007A7400249A00C30748BF04F5FA6492B217
:1041900022440A44042010218DF802006B6CCDF8F3
:1041A00003208DF800108DF8011068460024984710
:1041B0003470BAF1000F7FF45AAED4E6B4F5C06F94
:1041C00000F0D081B4F5E06F7FF4CAAED5EDEB7AA4
:1041D00095EDFD0A20EE270A002420EE080A36F0AD
:1041E000A1F810220723CDF803008DF802308DF8D6
:1041F00000206B6C8DF80140684698473470BAF126
:10420000000F7FF434AEAEE66FF437616318072B0E
:104210003FF6A6AEA4F17100C0B2FFF7BBFA0028CA
:104220003FF49EAE90F90130CDF8033010238EE6B6
:10423000B4F5006F00F00F81B4F5026F0ED195F860
:1042400038339B077FF58CAE954A6B6C9268CDF83E
:104250000320102220218DF80020B8E1B4F5E46F8E
:104260007FF47EAED5EDEB7A95EDFF0A20EE270ABE
:10427000002420EE080A36F055F8102320228DF88D
:1042800000300723CDF803008DF802308DF80120AF
:104290006B6C684698473470B1E70130C0B29BF848
:1042A00011229BF8103293422BD0531CDBB25400E6
:1042B000DBF80C2285F86F06145B3946B4F5E26F23
:1042C0004B717FF40BAED5EDEB7A95EDFE0A20EE47
:1042D000270A002420EE080A36F024F81023CDF82F
:1042E000030007228DF800308DF801306B6C8DF8DB
:1042F0000220684698473470BAF1000F7FF4B7ADDA
:1043000031E600228BF8112214460123D0E795F8FC
:10431000703695F810138BF809220133DBB20131A6
:104320008B4285F8703600F054810120B7E70028F1
:104330003FF492AD0378303B012B3FF68DAD013059
:1043400005F26D620621FFF713FC95F86D3685F8CE
:104350006E06002B3FF480AD34707DE595F8473351
:10436000002B40F04A81B5F86003CDF8030010231C
:1043700002228DF800308DF801308DF802206B6C30
:1043800068460024984734700AE6601EC0B2FFF702
:1043900001FA00283FF4E4AD4368CDF80330102360
:1043A000D5E5D5F89C233F496B6C81FB0201D21700
:1043B000C2EBA102CDF803201021002402228DF8C7
:1043C00000108DF801408DF802206846984734703F
:1043D000BAF1000F7FF44BADC5E5FF20FFF7DAF926
:1043E00000283FF4BDAD90F90130CDF80330102125
:1043F00070220B238DF800108DF801208DF802300B
:1044000048E6D5F8A036CDF80330512210238DF8B8
:1044100000308DF801308DF802206B6C6846002466
:1044200098473470BCE5204A6B6CB2F90220CDF895
:10443000032010228DF80020302152228DF8011027
:104440008DF802206846002498473470BAF1000FB6
:104450007FF40DAD87E595F8382391077FF580ADA2
:1044600013F0010F0E4B00F0ED805A6882EAE27300
:10447000A3EBE27303EB5303A8FB0313DB08002A4F
:10448000ACBF43F0004343F0404310210024082216
:10449000CDF803308DF800108DF8014026E700BFFD
:1044A0006056002067666666145A002095F8383317
:1044B00098077FF555AD924A6B6CD1894FF4F36242
:1044C00002FB01F2A8FB021252091020CDF80320D2
:1044D00030218DF800007AE095F838339A077FF59F
:1044E0003FADB5F83A33CDF8033010212022042334
:1044F0008DF800108DF801208DF80230CAE50EF01D
:104500000BFF00283FF42CAD7E4B621ED2B203EBB2
:10451000820393ED000AB5EEC00AF1EE10FAB8BFBF
:10452000B0EE680A35F0FEFE1023CDF803000EE56C
:10453000B5F99C36CDF803301021012204238DF803
:1045400000108DF801208DF80230A3E56E4A6B6CE7
:10455000B2F90020CDF8032010228DF80020402170
:1045600052226BE7B5F88833002B43D1D5F8A4036A
:10457000CDF803001022002406238DF802308DF8B8
:1045800000206B6C8DF8014068469847347036E621
:1045900013F0CCF9002410220123CDF803008DF88C
:1045A00002308DF800206B6C8DF80140684698470A
:1045B000347024E6544A6B6CB2F9042002EB820298
:1045C00052001020CDF8032040218DF80000082271
:1045D00034E785F87026012061E64C490620FFF794
:1045E00017FA002385F86E06337003B0BDEC028B1A
:1045F000BDE8F08F14F0AEF9BAE714F09FF9B4E615
:104600000133E8E4012385F8883642F21073DCE4D4
:104610003F4B1B681C0624D50024102304228DF870
:1046200000308DF801308DF803408DF804408DF88E
:1046300005408DF8064059E6347003B0BDEC028B9E
:10464000BDE8F08F1A6882EAE273A3EBE27303EB32
:104650005303A8FB0313DB08002AB8BF43F08043D1
:1046600013E795F84633002B3FF47AAC95F8902683
:10467000032A3FD8DFE802F0342A1B02D5F8983627
:104680009A7CD87C197D02F1407202EB0022002353
:1046900002EB014285F8903610230421CDF8032067
:1046A0008DF800308DF801308DF8021073E4D5F8E4
:1046B00094164B8C088BC9891B0403EB00230B4415
:1046C000511C85F8901603EB0262E5E7D5F89416C5
:1046D0000B8CC88A89891B0403EB00230B44EFE78A
:1046E000D5F89416CB8B888A49891B0403EB0023E9
:1046F0000B44E5E7531C85F890361206CCE700BF63
:1047000060560020987C0020145A002009EB000815
:10471000FC550020C349C44BD1F85C230020F0B500
:1047200083F8110210070AD5D3F80C024FF4806405
:10473000048002254FF4826483F8115244801703E9
:104740000AD593F81102D3F80C42461C40F20145F9
:1047500083F8116224F8105091F88503002875D170
:1047600002F4803491F88603002840F02A8102F494
:10477000004596050BD593F81102D3F80C6200F1B1
:10478000010C4FF4046783F811C226F81070096C0D
:10479000880700F1CE80480700F1AF80A34909687F
:1047A0000E066FD4900211D593F81112D3F80C6253
:1047B000481C8C46C0B2023145F2101E45F211175A
:1047C00026F81CE083F8111226F8107093F81112E5
:1047D00083F81012002183F8111283F809123CB1FA
:1047E000D3F8041201244FF4047083F809420880BE
:1047F00055B193F80912D3F804024D1C4FF400741C
:1048000083F8095220F8114091030AD593F8091250
:10481000D3F804024D1C4FF4A06483F8095220F829
:10482000114052030AD593F80922D3F80412541CFC
:104830004FF4376083F8094221F8120093F80922F7
:1048400083F80822002283F80922F0BDD60787D515
:1048500012F480340AD193F81102D3F80C52471C99
:104860004FF4047683F8117225F8106093F8110262
:10487000D3F80C52471C4FF4116683F8117225F8D7
:1048800010606FE790040AD593F81112D3F80C0268
:104890004F1C4FF4036683F8117220F81160D104A5
:1048A0000FD593F81112D3F80C62481C8C46C0B295
:1048B0004FF40067023126F81C7083F8111226F8B5
:1048C000107057040AD593F81112D3F80C024F1C3C
:1048D0004FF4846683F8117220F8116056057FF555
:1048E00061AF93F81112D3F80C024F1C4FF402661B
:1048F00083F8117220F8116054E751050AD593F836
:104900001112D3F80C024F1C4FF4807683F8117209
:1049100020F8116017057FF541AF93F81112D3F815
:104920000C024F1C4FF4887683F8117220F8116046
:1049300034E717060BD593F81102D3F80C6200F197
:10494000010C45F2302783F811C226F81070D60505
:104950000BD593F81102D3F80C6200F1010C45F26B
:10496000402783F811C226F81070D0060BD593F8B3
:104970001102D3F80C6200F1010C4FF4E06783F8E8
:1049800011C226F8107097060BD593F81102D3F8D0
:104990000C6200F1010C4FF4E26783F811C226F8B3
:1049A000107056067FF5F7AE93F81102D3F80C623B
:1049B00000F1010C4FF4E46783F811C226F810707F
:1049C000E9E695077FF5D3AE12F400450BD193F8D5
:1049D0001102D3F80C6200F1010C4FF4007783F858
:1049E00011C226F8107050070BD593F81102D3F8B6
:1049F0000C6200F1010C4FF4C06783F811C226F875
:104A00001070D7027FF5B5AE93F81102D3F80C629F
:104A100000F1010C45F2502783F811C226F81070FE
:104A2000A7E600BF20760020F4030020FC550020FC
:104A300030B5A0F17D03012B044683B00D4610462E
:104A400008D9214622F040FD15B1288804442C8065
:104A500003B030BD7D21019222F036FD019884F033
:104A6000200122F031FDEFE770B582B004460D461B
:104A7000ADF80620C61D14F8010B2A460DF10601FB
:104A8000FFF7D6FFB442F6D1BDF80630FF2B04D9AC
:104A9000180A50FA83F3FF2BFAD8C3F1FF039BB235
:104AA000D8B22A460021ADF80630FFF7C1FF02B0A8
:104AB00070BD00BF024B0022D3F8A816D4E700BF98
:104AC00020760020044AD2F8AC3643F4DF2343F4C6
:104AD0008063C2F8AC36704720760020013070B594
:104AE000094EC4B203E02CF02DF9013448B9E5B207
:104AF000152D21463046F6D9162D04BF034B93F8E9
:104B0000B056284670BD00BFCC7C00202076002027
:104B100000B1D7E7044AD2F8AC3623F4DF2323F4FC
:104B20008063C2F8AC3670472076002070B5114C17
:104B300084B00546D4F8B4060E461BF0DEFC94F8AB
:104B4000402394F84133003A18BF01220BB142F0E0
:104B50000802CDE9016200234FF4964195F9000067
:104B600000911A4608211BF04EFDC4F8B40604B0AB
:104B700070BD00BF2076002010B5064C03E0D4F8CD
:104B8000B40622F073FCD4F8B40622F077FC0028B7
:104B9000F5D110BD2076002010B50D4CD4F8B836F4
:104BA0001B791E3B012B0DD9D4F8B40601213830F6
:104BB000FFF7BCFF0023C4F8BC3684F8C036BDE85C
:104BC0001040D9E7D4F8B406012122F047FCF1E700
:104BD0002076002070B5094E0546B36C5E200C4669
:104BE0009847B36C28469847E0B2F9F7A5FFC4F39D
:104BF0000720BDE87040F9F79FBF00BF2076002076
:104C000003682DE9F041002B3D4D3E4F3E4EB8BFAD
:104C10005B42A5FB0321890D07FB0137C7EB071793
:104C2000BF0096F8423385FB0725FA170446C2EB0E
:104C3000A555002B57D101EB810101EB810105EB5B
:104C4000810109B2DFF8BC801320FFF7C3FF2F49B1
:104C500008FB057581FB0531ED17C5EBA11109B204
:104C60001B20FFF7B7FF2368254D002BB4BF53214E
:104C70004E212320FFF7AEFF636896F8422383EAB4
:104C8000E376A6EBE376A5FB0631890D08FB016808
:104C9000C8EB08184FEA880885FB08354FEAE87327
:104CA000C3EBA5552ABB01EB810101EB810105EBAB
:104CB000810109B21220FFF78DFF124B134903FB4C
:104CC000058581FB0531ED17C5EBA11109B21A204D
:104CD000FFF780FF6368002BBDE8F041B4BF5721A8
:104CE0004521222076E7C1EB011105EB810109B2D4
:104CF000A8E7C1EB011105EB810109B2DAE700BFBA
:104D00006BCA5F6B806967FF20760020D34D62100D
:104D10000023012242710370C370037143708370DA
:104D20008371C371704700BF2DE9F0432D4A0028FD
:104D300041D112682C4B01279740BFB21E7D1EB394
:104D4000DFF8A8C04FF0000E0CEBC60663460CF56A
:104D5000B474ACF12401D3E900526D0403F10803EB
:104D60000CD512F4F01F0D79C2F3434805D020B1E1
:104D70000135EDB2454509D80D714DB19E4204F1A2
:104D8000040401F10101E6D1BDE8F08381F804E0FB
:104D900017EA5205F2D0C2F3435240320CEB8205BF
:104DA0003CF8229095F80280EA78A4F8009084F804
:104DB0000280E270E2E713685C1E6BB10127A74036
:104DC0001460BFB20020084B0C689A894FF47A75C2
:104DD00005FB02420A60B1E70F2313604FF400475E
:104DE000F1E700BF08060020787D0020B07D00209C
:104DF0002DE9F04F20B10B6803F582431A330B60A5
:104E00004E4A4F4BD178187988426ED0032961D031
:104E100000240120197192F90F10DC801872B3F987
:104E20000600014409B2B1F5FA7F7BDD4FF4FA7058
:104E30000021D8801972127D002A49D0414DB3F962
:104E40000670414E05EBC20C284605F5B474D0E956
:104E50000013C1F30352C3F34353403240330903F9
:104E600005EB820A05EB830E00F108002CD535F81E
:104E7000239035F822109EF802809AF802209EF8BE
:104E800003E09AF80330A1EB090107FB01F186FB6F
:104E900001BAA2EB0802C917C1EB6A1107FB02F2C3
:104EA000A3EB0E0307FB03F3494486FB02A9D217C9
:104EB000C2EB691286FB03A9DB17C3EB69134244FB
:104EC00073442180A270E370844504F10404BED1D0
:104ED000BDE8F08FD47B1971FF204FF4FA71142CC8
:104EE000D980187225D8084625E093F908000028D3
:104EF000A1D00130D47B92F90F1090D1142C18D886
:104F0000B3F90600312816DC104DC41785FB006587
:104F1000C4EB650424B20134A142A8BF2146494232
:104F200049B27EE70029B7BF0021D980D980197224
:104F300081E7B3F90600614249B272E7787D00204B
:104F400008060020B07D0020D34D621067666666BB
:104F50002DE9F04100283AD12D4A107D88B32D4A21
:104F60002D4B92F80C8092F90DC092F90EE0C8F129
:104F7000FF07A8F17F06FFB2F6B203EBC00003F50E
:104F8000B472002403E0834202F1040219D01968CC
:104F9000890403F10803F6D5E1B2A1EB0C0181EA23
:104FA000E175A5EBE175012D0DDC71B1714514BF03
:104FB000394631468342D17004F1010402F1040202
:104FC000E5D1BDE8F0810821F4E74146F2E7114B55
:104FD0001A7BF02A09D802F10F000D4A18730B68EA
:104FE00003F582431A330B60B7E7094A93F90D4082
:104FF000907D7F2584421D73987B05DB4042C0B2C3
:10500000987320445873EAE7002CFADAF6E700BFF9
:10501000787D002008060020B07D0020F0B5374ED6
:1050200078B196F82032002B66D0354A013BDBB2CE
:1050300086F820321378DC073ED4324B0A681A44D3
:105040000A60347D54B3304B2D4F03EBC40403F599
:10505000B471002503E09C4201F104011ED01A68DE
:10506000C2F30320062803F10803F4D13878C007FF
:1050700015D596F8200296F817E000EB050CBCFB5E
:10508000FEF00EFB10C00128CCBF0020012058B953
:105090009C4205F1010501F10401E0D1F0BDE843B6
:1050A00000F001000028F3D0C2F3035206EB8202A5
:1050B000D2F838210A60EBE7D6ED8D7A134B144C09
:1050C000FDEEE77A642017EE902AA2F57A7200FBD3
:1050D00002F283FB0230D317C3EBA01303EB4303AD
:1050E000C3EB031384FB0302DB17C3EB621305332B
:1050F000084A92FBF3F3A1E7F37D96E7787D002061
:10510000C8790020400D0300B07D0020D34D62100F
:105110001F85EB5140420F00F0B4524C002868D17B
:1051200094F86C02002856D04F4BD3ED007AB3EEC2
:10513000097AF4EEC77AF1EE10FA4EDCBBEE097A8A
:10514000F4EEC77AF1EE10FA4CBF08270027D3ED32
:10515000017AB3EE097AF4EEC77AF1EE10FA3EDD89
:1051600047F00107257DB5B3404BDFF80CC103EBD9
:10517000C50503F5B47014E094F96F62B142ACBF99
:105180000221002194F97062B2421DDB41F004015A
:105190000F421CBFDCF80C2002609D4200F10400AD
:1051A00019D01A68D10303F10803F6D594F96E6299
:1051B00002F00F01B142C2F30312DDDC94F9706218
:1051C000B2424FF00101E1DA94F97162B242D8BF04
:1051D00041F00801DCE7F0BC70470427B7E7BBEEFD
:1051E000097AF4EEC77AF1EE10FA48BF47F00207E9
:1051F000B8E794F86D3263B31B4B1D4DD3ED007AC5
:1052000093ED017A0A6894F86C02F0EEE77AB0EE5A
:10521000C77AF4EEC77AF1EE10FAB8BFF0EE477A2B
:10522000FDEEE77A80F0010017EE903A193B03EBB0
:105230004303C3EB031385FB0365DB17C3EBE513E4
:1052400005330C4DB5FBF3F31A440A6084F86C0285
:1052500068E70B6894F86C0203F5433303F5A07319
:105260000B605FE7787D002088790020B07D00200A
:10527000353AFC4440420F00F4D50408124A92F833
:1052800014C0BCF1000F1DD02DE9F04102F138032C
:1052900002F5D07E8846044600250022D3E900109E
:1052A00000EA0507AF4201EA040602BFA642D8F8A9
:1052B00000004EF822000132624503F10803EDD1EF
:1052C000BDE8F081704700BF787D002030B42A4BE4
:1052D00060B92A48027DCAB993F89531284940330C
:1052E00001EB830130BC4FF4A060C7E793F8722252
:1052F000F2B1013A214883F872220A6802F5C3220A
:1053000002F520720A60027D002AE5D01D4A12686B
:105310009106E1D51C4A93F87212127892071AD5B9
:1053200011BB93F897311649403301EB8301D9E75C
:10533000124893F87342057DA54205D8042483F8EA
:10534000732283F87242D8E70134012283F8734252
:1053500083F87222D1E70029BED193F8963108492B
:10536000403301EB8301BDE793F8933104494033A7
:1053700001EB8301B6E700BF787D00206056002076
:10538000B07D0020607600205879002010B41E4ABD
:1053900048B91E4C92F874020B6823440B6098B114
:1053A0005DF8044B704792F8753203B3012B16D0A9
:1053B00092F874020B68164C80F00100234482F8C6
:1053C00074020B600028EBD192F8933111495DF81B
:1053D000044B403301EB83014FF440704EE792F8E9
:1053E00074020D4C80F0010082F87402D4E70B685F
:1053F0005DF8044B03F5742303F5107301200B6073
:1054000082F87402704700BF787D002040420F0090
:1054100048E80100B07D002020A10700344A88B987
:1054200092F87632FBB192F877128A081341DB07C3
:1054300007D5012A01F0010151D0022A47D0002AE4
:1054400035D0704792F87732013303F00F0382F8BA
:1054500077329BB192F87632086800F5C330A030FD
:105460000860002BDFD192F8A032002BE9D0937AAC
:10547000204901EB83014FF40030FFE61E4882F81B
:105480007632437ADBB992F87B0218B143F0040319
:1054900082F8763219480078C007DDD418480068D1
:1054A0000028D9D043F0010382F87632D4E7114BBB
:1054B00003F11802002914BF19461146DBE792F8E0
:1054C0007532002BDFD0022382F87632DBE70D4BFA
:1054D00003F1180200290CBF19461146CBE7054B12
:1054E00003F10802002914BF19461146C3E700BFA3
:1054F000787D0020F4D504089C790020C87900202C
:10550000AC7C002004D6040810B40223064C0749E2
:10551000074AC3700023C0E90141C0E903235DF8D5
:10552000044B0380704700BF0301F40132000164A3
:105530006400323270B40B4C0B490C4B22680E687D
:105540000D6883F8BC02002122F0200283F8C0120B
:10555000C3F8AC62C3F8B8522260C3F8B41270BC8E
:10556000704700BF6076002084190020787D0020FD
:10557000037913F0020308D00369D0E90920013B45
:10558000101A1840C0B2181A7047184670470171B7
:105590007047704703799B070AD5436A8269D154E3
:1055A000436A01690133B3FBF1F201FB1233436239
:1055B0007047037913F0010306D0D0E90732C068C1
:1055C0009B1A0138184070471846704710B5037988
:1055D00013F0010301460DD0FFF7EBFF60B10A6A3B
:1055E0004B69CC689B5C0132B2FBF4F004FB1022E7
:1055F000DBB20A62184610BD0346FBE790F8573845
:1056000030B53BB990F8551890F856380124DAB205
:10561000914200D830BDB0F85E5804FA03F22A4334
:10562000A0F85E280133F2E7D0E90920131A5842A6
:1056300058417047074A10B5002302F5D074D2F8DC
:10564000C412994200D810BD016844F823100133F8
:10565000F5E700BF787D0020084B50B1D3F8D82281
:10566000C3F8C8020132C3F8D822052283F8DC222D
:105670007047042283F8DC22704700BF787D002049
:105680002DE9F041294D2A4A2B682A4C2E89B4F87D
:10569000E07282FB0352DB17C3EBA2031FFA83F80D
:1056A000474582B00D4603D1B4F8E232B34233D05D
:1056B00002680190511C34230160137002680023BA
:1056C000511C01601370414626F04AFF0198314693
:1056D00026F046FF019847F6FF7126F041FF01983A
:1056E00047F6FF7126F03CFF019847F6FF7126F060
:1056F00037FF019847F6FF7126F032FF019802212B
:10570000F5F7E6F80120A4F8E082A4F8E262C4F814
:10571000E45202B0BDE8F081D4F8E432064ACB1A74
:105720009342C5D8002002B0BDE8F081BC790020CA
:1057300067666666787D002080841E00026810B56A
:105740007F21541C0460117002680024511C016008
:105750000E211470F5F7BCF8012010BD2DE9F04FB3
:10576000C14B1B68804613F0800083B000F070814D
:10577000BE4B187810F0020000F06A81DFF80CB31D
:105780009BF81430052B40F26881DBF80030B84DEF
:105790000093002BB8BF5B42A5FB0342B548B64956
:1057A000920D00FB0233C3EB03139B0085FB034503
:1057B00002EB8202DC1702EB8202C4EBA55400FB71
:1057C000043304EB8204A4B281FB0321DB17C3EB97
:1057D000A111BCB10025A94F2E46A7FB0432D20867
:1057E00002EB8203A4EB4303E8B2A4469BB2800021
:1057F0008340BCF1090F94B246EA030605F10105A6
:10580000EBD8340489B2B9B100259C4F2E46A7FBD2
:105810000132D20802EB8203A1EB4303E8B28C46CB
:105820009BB280008340BCF1090F91B246EA0306A7
:1058300005F10105EBD83443DBF804E08C4D8D4EC7
:105840008D498EEAEE70A0EBEE70A5FB0032920D52
:1058500006FB0200C0EB0010830085FB035002EB47
:105860008202DD1702EB8202C5EBA05506FB053371
:1058700005EB8205ADB281FB0321DB17C3EBA11160
:10588000C5B10020DFF8F4C10646ACFB0532D208F2
:1058900002EB8203A5EB4303C7B2A9469BB2BF004C
:1058A000BB40B9F1090F95B246EA030600F10100C9
:1058B000EBD8350489B2C1B10020DFF8C0C106467B
:1058C000ACFB0132D20802EB8203A1EB4303C7B267
:1058D00089469BB2BF00BB40B9F1090F91B246EABD
:1058E000030600F10100EBD83543DBF80830634ACA
:1058F0000193002B1846B8BF5842A2FB0030604EFF
:105900006049030AA6FB0363DB0901FB03F1C1EB5A
:10591000D00189B2B9B1002691463746A9FB0132C0
:10592000D20802EB8203A1EB4303F0B28C469BB298
:1059300080008340BCF1090F91B247EA030706F1EA
:105940000106EBD8B9B2BBF81070DFB10026DFF862
:105950002CA1B446AAFB0732D20802EB8203A7EBC4
:1059600043035FFA86F938469BB24FEA890903FA86
:1059700009F3092897B24CEA030C06F10106E9D8AD
:105980001FFA8CF7BBF812303C4AA2FB0306F6085C
:10599000632E28BF6326092B63D9002093468146D6
:1059A000ABFB0632D20802EB8203A6EB43035FFA9D
:1059B00080FAB4469BB24FEA8A0A03FA0AF3BCF1B2
:1059C000090F96B249EA030900F10100E8D85FFA2D
:1059D00089F9009B019A002BCCBF39233823161676
:1059E000BEF1000F26F07F0635DD274A334396458A
:1059F00043F00206C8BF43F00606D8F8003016226E
:105A0000581CC8F800001A70D8F800300022581C42
:105A1000C8F800001A70404626F0A2FD2146404614
:105A200026F086FD2946404626F082FD404639464E
:105A300026F096FDD8F800305A1CC8F8002083F8EC
:105A40000090D8F800305A1CC8F8002001201E70C1
:105A500003B0BDE8F08F1E43CFE7002003B0BDE8E0
:105A6000F08F4FF00009B4E7FC5500205879002072
:105A70006BCA5F6B806967FFD34D6210CDCCCCCC15
:105A8000C55A7C0AA0860100FFC99A3B60560020D7
:105A90002DE9F047AB4B1B68064613F0800084B03D
:105AA00000F09D80A84B187810F0020000F097805D
:105AB000A64F397D052940F29780632900F2928034
:105AC0000024DFF89CC289B22546ACFB0132D20823
:105AD00002EB8203A1EB4303E0B28E469BB280004F
:105AE0008340BEF1090F91B245EA030504F10104B8
:105AF000EBD8EDB2BB68964A82FB0312D917C1EB13
:105B0000623189B2002900F018814FF0000CDFF8F3
:105B100050E26446AEFB0132D20802EB8203A1EBF5
:105B200043035FFA8CF088469BB280008340B8F153
:105B3000090F91B244EA03040CF1010CEAD8E4B273
:105B4000FB8984494FF4F36707FB03F7A1FB073791
:105B5000C7F38F1742F20F739F4249D8CFB100208D
:105B6000DFF8FCE18446AEFB0732D20802EB820389
:105B7000A7EB4303C1B2B8469BB289008B40B8F192
:105B8000090F97B24CEA030C00F10100EBD81FFAA1
:105B90008CF7714BD3E9BA2313433ED14FF0FF3852
:105BA00033681722591C31601A7033680022581C60
:105BB000306039461A70304626F0D2FC41463046F5
:105BC00026F0B6FC33685A1C32601D7033685A1CCC
:105BD000326030461C700621F4F77AFE012004B0D2
:105BE000BDE8F087992585E7002004B0BDE8F0877F
:105BF0000021DFF86CC10F46ACFB0302D20802EBB8
:105C00008200A3EB40039BB28B400431102947EA8A
:105C1000030793B2F0D1BFB2BBE701A826F058FA50
:105C20009DF80810002900F08A804FF0000CDFF882
:105C300030E1E046AEFB0132D20802EB8203A1EB79
:105C400043035FFA8CF089469BB280008340B9F130
:105C5000090F91B248EA03080CF1010CEAD84FEAA7
:105C600008289DF80910E1B10020DFF8F4E084462F
:105C7000AEFB0132D20802EB8203A1EB43035FFAD1
:105C800080F98A469BB24FEA890903FA09F3BAF10F
:105C9000090F91B24CEA030C00F10100E8D848EA80
:105CA0000C089DF80A104FEA0828E1B10020DFF83F
:105CB000B0E08446AEFB0132D20802EB8203A1EBD6
:105CC00043035FFA80F98A469BB24FEA890903FAD7
:105CD00009F3BAF1090F91B24CEA030C00F101008B
:105CE000E8D848EA0C08BDF80C301C49632BA1FB2E
:105CF00003214FEA08184FEA51117FF651AF0020F7
:105D0000DFF85CE08446AEFB0132D20802EB82038E
:105D1000A1EB43035FFA80F98A469BB24FEA8909F7
:105D200003FA09F3BAF1090F91B24CEA030C00F13E
:105D30000100E8D848EA0C0832E70C4600E788463C
:105D40008FE700BFFC5500205879002060560020E6
:105D500089B5F814D34D6210787D00201F85EB5172
:105D6000CDCCCCCC026810B40421541C046011705A
:105D700002680B24511C016014705DF8044BC821AB
:105D800026F0C8BB38B50268314B324CB3F900304D
:105D900005467E21501C28601170296803EBC3035F
:105DA00084FB0302DC17481CC4EB62040023286058
:105DB00020340B70A4B20DF0AFFA002845D0264B6A
:105DC000DFED266AD3ED007A9FED257AF4EEE67AD0
:105DD000F1EE10FAB8BFF0EE667AF4EEC77AF1EEA3
:105DE00010FA23DDDFED1F6AF4EEE67AF1EE10FA29
:105DF0001CD586EEA77AFCEEC77A17EE903A99B2D8
:105E0000284626F087FB184BDB7AC3B112F096FDCB
:105E10000146284626F07EFB2146284626F07AFBDE
:105E200028460821F4F754FD012038BD4EF69C2188
:105E3000284626F06FFB0C4BDB7A002BE6D10B4B90
:105E40002846198826F066FBE6E74FF6FF71D7E78C
:105E5000BC7C002067666666947C00200000000021
:105E600000C07944C0E1644C5C7900208079002056
:105E700008B5A0F10103B3FA83F302284FEA5313E4
:105E800001D0184608BD0F2011F04CFE28B9054B73
:105E90001B7803F00103184608BDBDE808400F2039
:105EA00011F0B2BEC879002038B54FF4807200F509
:105EB00080740021054636F045FD00212046382239
:105EC00036F040FD0C49002351F8232044F82320EC
:105ED00001330E2BF8D10949182205F5A07035F0D1
:105EE000CFFD07490B2205F5AC7035F0C9FD042341
:105EF00085F8633138BD00BFF4D504082CD60408FA
:105F000044D6040810B50C46A0B9184A184892F8AF
:105F1000F01223680344236001B110BD92F893315D
:105F200014494033BDE8104001EB83014FF4806019
:105F3000FFF7A4B90AF08CFD32280ADD23680B4A6A
:105F400003F5742303F510730121236082F8F01226
:105F500010BD064A92F8F012142881F00101CCBF5E
:105F60000548064882F8F012D3E700BF787D00208C
:105F700040420F00B07D002020A1070048E801004A
:105F80002DE9F84F00283BD1274F3B7DB3B3274C79
:105F9000DFF8A090DFF8A08004F5B476002504E0D7
:105FA0003B7DAB4206F1040628DD23685B0305F167
:105FB000010504F10804F3D535F070FD09FB0080FC
:105FC000B0F1333FECD2B6F800A096F802B035F04D
:105FD00065FD174BA6F800A083FB00321118C2170D
:105FE000C2EBE1123B7D86F802B0C2EB0222801ABE
:105FF0000130AB42F07006F10406D6DCBDE8F88F44
:10600000094F0D46BC7B35F049FDC4F164042A6894
:1060100090FBF4F303FB140314334FF47A7101FB88
:1060200003232B60B1E700BF787D0020B07D002006
:1060300081808080CDCCCCCC99999919F0B5484C11
:10604000484DD4F8F4222B68DFED476A474E2968A3
:10605000C4F8F4129B1A07EE903AF8EE677AB7EE9E
:10606000007A67EEA67A3378F4EEC77AF1EE10FA8A
:1060700088BFF0EE477A13F0010383B0C4EDBE7A17
:106080000CD13B4A3B491278A4F80433D2070B8069
:106090003BD4012384F8283303B0F0BD01AB6A463A
:1060A00004F5407104F53F70F4F702FF30483249BF
:1060B000019B009A00782F4FA1FB02C281FB03C114
:1060C000DB17C3EB61135209C1073A80A4F804330C
:1060D000DFD533782D68DB073FD594F80F33274E93
:1060E0001BBBF3890F2B12D9254901AB081F6A4648
:1060F000F4F7DEFE94F80F33B168C3B9009AD4F810
:1061000020331344C4F8203302E01C4E2D68B168DC
:10611000C4F81C13D6E90032C4E9C5320123C4F81F
:10612000245384F8283303B0F0BDB389DAE7D4F8F8
:106130001C33DDED007ACB1AF8EE677A07EE103AE1
:1061400067EEA77AB8EEC77AE7EE077AB1EEE77A9C
:10615000FCEEC77A17EE902AD1E7084EB168D7E770
:10616000787D0020841900206F12833A587900202E
:10617000C87900205A7900201F85EB516056002015
:10618000908000202DE9F84306461D4C0D46D4F8BA
:106190002C03317821F098F97178D4F82C0321F090
:1061A00093F9022D29D0EB1EDBB20333002506F153
:1061B000020906EB03082F4619F8011BD4F82C033B
:1061C0000D44EDB221F080F92F44C845FFB2F3D160
:1061D000D4F82C03294621F077F9D4F82C0339465A
:1061E00021F072F9F37884F8BE320022012384F89A
:1061F000BF2284F8C032BDE8F88300252F46E7E7C8
:10620000787D002070B5002892B014BF08210321CA
:106210004FF6FF7000238DF80C10ADF80A00032430
:1062200013488DF80D4042F210724FF0FA11ADF89C
:106230000E30ADF81030ADF814300A93ADF82C30B4
:10624000ADF8122024230B4A0691079005264FF43F
:1062500070554FF448042A2101A8CDE90854ADF83F
:1062600016600192ADF80830FFF78CFF12B070BDD8
:1062700064002C01B562062437B5A0F507642379C4
:10628000DB0725D5657994F8543805F001010D46F2
:1062900003B3D4F84C381A68D36A5B08536294F895
:1062A000583823B1B4F862380133A4F86238606C0E
:1062B00085F00101F2F7FCFB012384F85738002335
:1062C00084F8553884F85638A4F85E3884F8543881
:1062D00003B030BD94F857380191012B04BF94F8F6
:1062E000553884F856382046FFF788F994F857381F
:1062F000019953B9012384F8573885EA0301606C8A
:1063000003B0BDE83040F2F7D3BB002384F8573820
:10631000F5E72DE9F04FBA4C94F8302387B0CDE97A
:106320000401234622B194F8312302F0FF073AB169
:10633000012283F8322383F8332307B0BDE8F08FBE
:10634000B04BD4F8C4C2DB7B94F834A394F8351373
:1063500094F83603002BD4F838330193B4F83C3367
:106360000393B4F83E3302934FF03C0E04F5D07320
:106370000CBFE0464FF02008009375464FF001092E
:10638000474517D19E4B83F835139E4983F8360352
:106390000022CA73012183F8311393F88103B3F803
:1063A000401383F834A302281C4640F0C78083F8CA
:1063B0003123C2E767451ED2009B009A1E88D2781F
:1063C0009B78059CC3F1FF039BB212FB04F264248B
:1063D000B2FBF4F2D2B2002B7BD0B6FBFEFBC3F1D2
:1063E000FF0353431B12BBF1050F75D8DFE80BF019
:1063F000071F303F5061002213461646E1E7D11ACD
:106400007143B1FBF5F151FA83F1D8B2C9B2019BE6
:10641000049CFB4003F001036340012B5ED0022B80
:106420007BD0130243EA0143034318265BE0B6FB2B
:10643000F5F105FB1166B6B2D11AC6F13C06D8B229
:106440007143B1FBF5F151FA83F31146DAB2DEE79D
:10645000B6FBF5F105FB1166D01AB6B27043B0FB7E
:10646000F5F050FA83F01146C0B2DAB2CFE7B6FBCE
:10647000F5F105FB1166B6B2D11AC6F13C067143BF
:10648000B1FBF5F151FA83F11046C9B2DAB2BEE7B9
:10649000B6FBF5F005FB1066A2EB030AB6B2D9B263
:1064A00006FB0AFABAFBF5FA5AFA83F31046DAB297
:1064B000ADE7B6FBF5F005FB1066B6B2C6F13C06DB
:1064C000D01A7043B0FBF5F050FA83F0D9B2C0B2E5
:1064D0009DE7104611469AE7524698E70B0243EAB9
:1064E000024303431826484C06F1FF3A7E4304EB6F
:1064F0008606039C09FA0AFB1BEA030FA346029CCB
:1065000018BFA346BAF1010A46F804BBF1D2009BBA
:10651000043301370093924632E78A424FEA02433E
:10652000164643EA016328BF0E46F6B243EA00234B
:106530008642D4BF334303432026D4E793F8813304
:10654000D4F84423012B04BF022384F881330829A3
:106550003DD013D809B304292CD0D4F844330022F9
:106560005A62B4F84023082A59D03DD8002A42D0B4
:10657000042A4FD0012384F88133DEE60C29ECD1C4
:10658000D4F87403214BC362214B1F49436340324B
:1065900040F22A43FCF7B8FEDFE7D4F868031B4B50
:1065A000C3621B4B18494363343240F22A43FCF761
:1065B000ABFED2E7D4F86C03144BC362144B124900
:1065C0004363383240F22A43FCF79EFEC5E7D4F815
:1065D00070030E4BC3620E4B0B4943633C3240F2D7
:1065E0002A43FCF791FEB8E70C2AC3D1DA6842F4DB
:1065F0008052DA60BEE7DA6842F40072DA60B9E726
:10660000787D0020080600204C920020E5E7000875
:10661000F5E70008DA6842F48062DA60AAE7DA682F
:1066200042F40062DA60A5E768B110B5084CC4F81E
:10663000CC02F6F78DFE4FF6FF720223A4F8D422A7
:1066400084F8DC3210BD024A82F8DC02704700BFD9
:10665000787D00200FB400B583B004AB054953F832
:10666000042B0193002025F085FF03B05DF804EBB7
:1066700004B070479DA50108F0B5464C94F88433EA
:10668000012B83B0014654D994F88563424D434FA2
:10669000721CA5FB02051E4407EB860605F4FF7776
:1066A00007EB5505521BF66D84F8852396B194F8D7
:1066B0008633E3B93A4B019348F2A500123B152209
:1066C000A4F8A003009384F8A2236846B04708BB4F
:1066D00094F88433304A0133A2FB031222F0010103
:1066E00001EB52029B1A84F8843303B0F0BD2D4BAA
:1066F0002D4A0193123B107C009348F2A602162308
:1067000084F88B03A4F8882384F88A336846B0475A
:106710000028DDD094F8861381B1009923480191B7
:10672000091A023100900AF03FF9002384F8B533CA
:10673000CEE71A4A02EB8302D66DB7E7009E1C4AE9
:10674000964214D9013A013E41F2210512F8013F67
:1067500081EA0321082311F4004F85EA41000ABFB2
:10676000490081B289B2013BF5D19642EED168462B
:1067700025F0F6FE0F49009D6D1A152DA8BF1525B1
:106780002A4601F1180035F07BF994F8843384F837
:10679000CD539FE7787D0020ABAAAAAAF4D50408C0
:1067A0002D81002016810020080600200081002095
:1067B0001B8100201881002070B50C4E054606F2A2
:1067C000D231D5222AF0DEF82C686C6006F574719F
:1067D000641A182CA8BF18242960224606F57A707E
:1067E00035F04EF986F8004470BD00BF787D00207A
:1067F00070B50C4E054606F20641D5222AF0C2F8C5
:106800002C686C6006F20441641A402CA8BF402436
:106810002960224606F2444035F032F986F8844475
:1068200070BD00BF787D0020F0B5BC4C94F8843476
:106830008BB0DBB994F88D34234493F88854EF0778
:1068400000F1D480AE0700F18D80680763D42A0779
:106850001CD4EB060CD494F88D3494F894140133C2
:10686000B3FBF1F201FB123384F88D340BB0F0BDB1
:10687000AB4B019368463F3BC822009384F8042445
:10688000FFF770FA6846FFF7B3FFE4E7A44BA54EA5
:1068900001933D3B41F2C8123168009368460223E0
:1068A000A4F8042484F8063425F01CFE71689E4F79
:1068B000684625F017FEF38903EBC30189003231E6
:1068C000A7FB0131C1F34F11684625F023FE318A41
:1068D00001EB8101490089B2684625F01BFE11F0E9
:1068E00025F8924B9842A8BF184620EAE070A7FB13
:1068F0000031490901F57A7189B2684625F00AFE2E
:10690000009B327D591C009168461A70FFF770FF9A
:10691000EB06A0D5ACE7864B814E93F82D3001965F
:10692000C8223F3E022B009684F8042400F04A81DE
:10693000032B00F0E480012B00F018817D4B1B78C5
:1069400013F0010300F04C817B4A1188CF0740F11E
:106950004D817A4A2A2302AF7949384629F03AFA1A
:10696000009E18E1774A6E4BD27A019340F6C82018
:106970003D3B08210093A4F8040484F80614002A7F
:1069800040F0B080704A714B11880531A3FB013192
:106990006E46C908304625F0BDFD6D4F6D493B6818
:1069A00081FB0321DB17C3EBA10189B2304625F03F
:1069B000B1FD11F0CFFFBF68009B0246390C581C97
:1069C00000901970009B390A581C00901970009BA8
:1069D000591C00911F70009B591C304600911A7081
:1069E000FFF706FF68077FF532AF94E75A4FB7F914
:1069F000023004F2444104F207420191009240F651
:106A0000C8011E22B3F5E16FA4F8041484F806242B
:106A100056DDA3F561631BB2B3F5E16FF9DC07EE58
:106A2000903A9FED4E7AF8EEE77A6E4667EE877AF7
:106A30003046FDEEE77A17EE903A99B225F06AFDFE
:106A4000B7F90030B3F5E16F41DDA3F561631BB227
:106A5000B3F5E16FF9DC07EE903A9FED407AF8EE7E
:106A6000E77A304667EE877AFDEEE77A17EE903ADE
:106A700099B225F04FFDB7F90430B3F5E16F2DDD84
:106A8000A3F561631BB2B3F5E16FF9DC07EE903A51
:106A90009FED327AF8EEE77A304667EE877AFDEEC0
:106AA000E77A17EE903A99B225F034FD3046FFF7B9
:106AB0009FFEAE077FF5C9AE54E703F561631BB2D5
:106AC00013F5E16FF9DBAAE703F561631BB213F578
:106AD000E16FF9DBBFE703F561631BB213F5E16F0B
:106AE000F9DBD3E711F02AFF18490530A1FB00318B
:106AF0006E46C1F3CF01304625F00CFD4DE7D4F8CA
:106B00009034002B68D0164B164A1B681268164941
:106B100002AF384629F05EF9009E3CE0787D002007
:106B2000BC810020605600201F85EB5120A107008A
:106B300024410020C8790020CA7900204C23050890
:106B4000A42305085C79002080790020CDCCCCCC32
:106B5000BC79002067666666145A002058A08B41F5
:106B6000C47C0020C07C0020982305083E4B9FED8C
:106B70003F0AD3ED007AF4EEC07AF1EE10FAA8BF26
:106B8000B0EE670A33F0CEFB02AF02463849384612
:106B900029F020F9009E721C002300923370009BA4
:106BA0002122581C009039461A70684625F06CFC6A
:106BB000009B9B1B68463370FFF71AFE2A077FF580
:106BC00048AE63E62B4B2C49B3F9002002AF3846A0
:106BD00029F000F9009EDEE78DF8083002AFDAE711
:106BE000264A12683AB1264A2023B4E6480616D54A
:106BF000244A2A23AFE6244A1268110608D5234AFC
:106C0000127802F00302032A02D0214A2023A2E6CE
:106C1000204A1188CE0711D51F4A20239BE68E06F5
:106C200013D448071CD41D481D4A11F0020F08BF99
:106C30000246002B14BF2A2320238CE64A0607D4E1
:106C40008F0608D5174A202385E6164A2A2382E6AE
:106C50000C4A20237FE64A07E5D5134A20237AE62B
:106C6000114A2A2377E600BF947C00200000000030
:106C700084230508BC7C00208C230508AC7C002004
:106C80006423050870230508FC550020587900206E
:106C900058230508CA7900204C2305084423050819
:106CA0003C230508C42A05087C23050810B5104BB1
:106CB0000A4682B001467B24101D83F8050483F840
:106CC000064493F8950483F8070403F2444403F25E
:106CD00009400194C824009083F80444684683F86E
:106CE000084425F0F5FB6846FFF782FD02B010BDB1
:106CF000787D0020F0B5454C94F89834D90785B0DC
:106D000005463BD594F899340F2B59D900221746E4
:106D10003F4E94F8983484F80C24A6F13702CDE95C
:106D20000226C3F3820340F6C822DFF8F8C084F8D5
:106D30000B34A6F13E01712302A8A4F80824BA225C
:106D400084F80A34C4F804C429F01CFE029A3F3EB9
:106D5000961B84F8056409F067FE02A8FFF748FD5A
:106D600009F062FE94F89834C4F89C5423F00303AD
:106D700043EA470384F8983405B0F0BD9A0727D555
:106D8000D4F89C042D1AB5F57A6FF5DB94F8993494
:106D9000D4F8A0040F2B97BF1E4A1F4902EB8303B0
:106DA000196F01911CF058FD0199062030F062FA2C
:106DB00094F898346FF3410384F8983405B0F0BD2B
:106DC000164B93F82C301F1E18BF01273A469FE739
:106DD000134B1B685B05CFD4104B93F82C30002B62
:106DE000CAD004F2444104F20542C82302A8CDE906
:106DF000022184F80434FEF7B5FF09F015FE02A85D
:106E0000FFF7F6FC09F010FEB6E700BF787D002022
:106E1000BC810020F4D50408A068060024410020AD
:106E2000FC550020C80032EC03685A0607D513F45D
:106E3000057F04D007298CBF00200120704703F490
:106E40008253B3F5825F03BFC81FB0FA80F04009D8
:106E50000020704770B5B54C94F8A434012B84B071
:106E600000F04A8194F8B104FFF702F894F8B234C4
:106E7000834205461FD0002800F0D680AC4B1B682B
:106E8000CBB1AC4A93F904005279002A18BF08220A
:106E900000234FF496410325CDE9015200911A4693
:106EA000082119F0B0FBA44B186020B1FDF774FE67
:106EB000012384F8B23494F8B334012B00F0C0807D
:106EC000D4F8BC643EB19D4B30465978FFF7ACFF17
:106ED000002840F0F08094F8C104FEF7C9FF94F850
:106EE000C0348342054621D0002800F0F480EEB182
:106EF000337A002B00F01481914A02EB83031B6F5D
:106F00008C4A96F9040012790093003A18BF0122C6
:106F100000230221CDE901121A46102119F073FB5A
:106F2000884B186010B1012384F8C034D4F8C464CD
:106F30003EB1824B30465978FFF776FF002840F08B
:106F4000AA8094F8D004FEF793FF94F8C8348342E3
:106F5000054622D0002800F0C680F6B1337A002B17
:106F600000F0E180764A02EB83031B6F714A96F9C9
:106F7000040012790093003A18BF01220221002375
:106F8000CDE901121A464FF4007119F03CFBC4F828
:106F9000CC0410B1012384F8C83494F8D104FEF76E
:106FA00067FF94F8D2348342054631D090B3664BE4
:106FB000D4F8D464D3F840344FF47A721A613EB3F3
:106FC0004FF480524021304619F0ACFA0546F8B92A
:106FD000584B96F904001B79002B14BF0921082196
:106FE00003224FF4E133CDE9012100932A462B46D9
:106FF0004FF4805119F007FBC4F8D80440B153494D
:10700000534A84F8DC5401230860157084F8D234A4
:1070100004B070BDD4F8D80419F06FFAC4F8D8548D
:1070200084F8D25404B070BD434E306819F065FA4C
:1070300094F8B3343560012B84F8B2547FF440AF38
:1070400094F8B404FEF714FF0546002800F086808B
:10705000404D2B68002B7FF433AFD4F8B824002ABE
:107060003FF42EAF334992F904004A790979002A96
:1070700014BF08220022002908BF42F001020326A3
:107080004FF46141CDE9016200911A46202119F0C7
:10709000BAFA286014E794F8C834002B7FF47DAF67
:1070A000D4F8AC34002B3FF478AF0122C4F8CC34D0
:1070B00084F8C82471E794F8C034002B7FF436AF0D
:1070C000D4F8AC34002B3FF431AF1E4901220B60E1
:1070D00084F8C0242AE71B4E306819F00EFA356098
:1070E00084F8C05422E7D4F8CC0419F006FAC4F8A6
:1070F000CC5484F8C85450E7D4F8A8540F4B284611
:107100005978FFF791FE90B3134B1A68002A7FF469
:10711000A9AED4F8AC24002A3FF4A4AE1A60A1E6CC
:107120004FF49643ECE64FF461431FE7787D00206F
:10713000D87C00205C790020D47C00200041002015
:10714000F4D50408887C0020083700205C7A0020F1
:10715000347A0020C87C002054790020194E306811
:1071600000283FF4ADAE19F0C8F93560A8E694F8F0
:10717000B004FEF77DFE0646D0B1134E3368002BF7
:107180007FF470AE002D3FF46DAE104A95F9040007
:107190001279B2FA82F252094FF416510225CDE962
:1071A000015200911A46042119F02DFA306059E677
:1071B000054D286800283FF455AE19F09EF92E6061
:1071C00050E600BFC87C0020547900205C79002084
:1071D000F8B5B94C94F8A434002B00F04B8108208A
:1071E00019F0B4F9B54A106010B3082119F0A4F9E8
:1071F0002B2203460021B24884F8B13435F0A2FBBB
:1072000048F67C60E0237D252B22A4F8E0040021D1
:10721000AC4884F8E33484F80B5535F093FB48F61A
:107220007C22A02384F83755A4F80C2584F80F3568
:1072300094F8B334002B00F00781102019F086F980
:107240001021C4F8BC0419F077F99F4D9F4B84F8C6
:10725000C10440F23B113A2019806A7A18719F21CB
:107260004AF21E409971002198601973002A40F07B
:10727000D580AB7A002B60D1954E3368580700F16A
:10728000C780990700F1BC801A0700F1B380914FC5
:107290003868C0F3C010FDF73BFC0020FDF71EFC72
:1072A0008D4B02464FF400701A7019F04FF94FF4ED
:1072B0000071C4F8C40419F03FF9D4F8383584F8E3
:1072C000D004002B14BF0123002384F83C3567D180
:1072D000D4F8A034002B14BF0123002384F84535D3
:1072E00031D1D4F8AC250023C4F8A835002A00F029
:1072F000A280012284F8863384F8B0254FF48050B0
:1073000019F024F94FF48051C4F8D40419F014F999
:107310007249D4F8B835724A724D84F8D10401F537
:10732000A07050601160581C00222B60C4F8B80592
:1073300084F8D224BDE8F8408CE56B4A136843F02A
:107340000403136098E733686849002213F00203CE
:1073500084F8462584F8472540F0DF806A7A1AB120
:107360000A6AD60700F1D380AA7A002A40F0CA80C0
:107370000A6A100704D5E118042081F88804013353
:107380003968090600F1E580594A10211344053295
:1073900003F8011B9342FBD1052384F89434A0E742
:1073A0006B7A23B151490B6ADB0700F18180AB7A1C
:1073B000002B78D13A68100600F1B7803268510787
:1073C0000BD54A49096A480507D5E218082182F811
:1073D0004015013384F844357AE7110703D5434952
:1073E000096A8805F1D41105F4D540490A6A1205E5
:1073F000F0D5EAE73C4A136843F48073136046E72C
:1074000039490A6842F4601242F0C0020A603BE760
:1074100035490A6842F402720A6032E7324BA97AAF
:107420001A6842F00200186000293FF425AF42F0CC
:1074300036021A6020E7D4F8B4357BB3012384F810
:10744000B03584F8863359E7202019F07FF8C4F866
:10745000B80400283FF4F1AE202119F06DF8254B57
:10746000254A1A6084F8B404FDF754F9012384F81E
:10747000B334E2E6042019F069F8C4F8A80400283F
:107480003FF4ADAE042119F057F81C4A1C4984F8AA
:10749000B0040123116084F8A434A0E684F8B03568
:1074A00084F886332AE711490B6A13F0060381D06A
:1074B000012384F840357DE7787D0020D87C0020CA
:1074C00058820020848200209C7900207856002079
:1074D00060760020FC550020D07C0020707A0020CF
:1074E000607A0020F4050020CC7C00205C7900202C
:1074F0000082002064760020B54A010868760020EA
:10750000E50001080A6A12F0060F3FF431AFE218F5
:10751000022082F8880401332AE70B6A13F46073AF
:107520001CBF012384F8883418E70F490A6A12F453
:10753000A05F04D0E118022081F84005013312F465
:10754000085F3FF43BAFE218042182F84015013395
:1075500034E712F4585F3FF417AFE218082182F8BD
:107560008814013310E700BF5C7900200F2A11D87E
:1075700003280BD805290DD80F4B00EB400003EB77
:1075800040000144012081F87821704704280AD086
:10759000052801D0002070470029FBD1064B0120AF
:1075A00083F89B2170470A29F4D8034B1944012022
:1075B00081F89021704700BF787D00202DE9F041CF
:1075C0001C4FDFF8788000F140060C4607EB860779
:1075D0000025204624F0DCFE08EB45020346B2F805
:1075E000B02082421FDB012D20464FF02C0109D034
:1075F000022D0FD10F4800EB860686F83B300120A4
:10760000BDE8F08187F83A3035F0AEFA58B1441C45
:107610000225DEE73B8735F0A7FA0135441C10B19F
:10762000032DD6D1EBE7044B002043F82600BDE83C
:10763000F08100BF787D0020B07D0020F4D50408E3
:10764000834900222DE9F8430846164613460AE00E
:10765000062F03F1010308BF0136A40448BF01321D
:10766000202B00F0CE80F0E8024554EA050CC4F36C
:107670000327EDD1774C78482375F5B2012665755F
:10768000A275C4F8C432C673002B00F0C580002078
:107690004FF00F0EF146064684460F463A68C2F395
:1076A0000318464502F00F02B8BF4646C145A8BFC1
:1076B000C14690420CF1010CB8BF10469645A8BFD8
:1076C00096469C4507F10807E8DB4E457DDD4E44B4
:1076D00072100132013E52B246F34706704584F8FB
:1076E000716284F8702278DD7044471001370138E8
:1076F0007FB240F3470005EBC50205EB420202EB07
:10770000C202C2F3460646EAC212D2B22A2A84F85C
:107710006E0284F86F7232D80622E27501EBC30361
:107720000A4601E093425BD01068450302F108026B
:10773000F8D500250A4601E0934253D010680003B3
:1077400002F10802F8D50A4601E093424DD01068D4
:10775000470402F10802F8D50A4601E0934247D0F7
:107760001068860402F10802F8D50A4601E0934247
:1077700041D01068800302F1080214D4F7E7062D07
:107780002A4608D9EF0706D401E0D60702D45210E2
:10779000062AFADCD5B2E575002BBFD140F22F25C1
:1077A00007E08B422AD00A68D20301F10801F8D51C
:1077B000ADB22A48A4F8BC552022002135F0C2F809
:1077C0002369C4F83833BDE8F883062607227045DC
:1077D00084F8716284F8702286DC062007278AE725
:1077E0000125A7E745F00205ADE745F00405B3E73D
:1077F00045F00805B9E745F40075D4E745F02005E4
:10780000D6E7144C14482375F5B201266575A275A8
:10781000C4F8C432C6733AE705EBC50205EB420271
:1078200002EBC202C2F3460040EAC212D2B2062004
:1078300007262A2A84F8710284F86E0284F870629E
:1078400084F86F629BD8E07540F22F25B1E700BF46
:10785000B07D0020787D002008060020907D00206B
:107860002DE9F04F874A884E002302EBC00742F80B
:1078700030308BB00C467B601D46CDE90233CDE93C
:10788000003304931F469B4699462378C200059215
:107890002C204FF030084FF0010AE9B2002B5AD0EB
:1078A0000DF11C0EF446002206E00CF8013B14F822
:1078B000013F0132002B4FD0834200F0B8800A2AEA
:1078C000F3D100238DF82630AEF800804B1E062B36
:1078D00000F2D280DFE803F09C7F5D544C3104005D
:1078E000002319460A2207A824F0C0FC0F2800F242
:1078F000A5804305019A029902F00F00009A40EA20
:107900000250049A40EA096949EA0B2B12014BEA3A
:107910000737D2B21743039A480440EA42005B4952
:10792000059A0343FD170A442B43C2E90E73FFF780
:1079300087FE01200BB0BDE8F08F002319460A2214
:1079400007A824F093FC0290237816F8010B013568
:10795000E9B2002BA4D11A460AAB1A44002302F85C
:107960000C3C002868D0032D6AD90DF11C0EABE742
:10797000002319460A2207A824F078FC0390E3E7C5
:1079800007A824F005FD03460F28C8BF0023009375
:10799000DAE79DF81C2007A8002AD5D0DFF8F0C050
:1079A0000023432101E01CF8011B8A423DD0013332
:1079B000072BF8D1DFF8DCC00023542101E01CF8CC
:1079C000011B8A4229D00133082BF8D110F8012F6E
:1079D000002AE3D1B8E79DF81C3007AA83B9B3E7C2
:1079E000452B31D0532B35D0572B39D0552B3DD08B
:1079F000442B08BF052306D012F8013F002BA3D06B
:107A00004E2BEDD100230AFA03F349EA0309F3E709
:107A100007A824F0BDFC019096E710F8012F0AFAA0
:107A200003F31F43002AB9D18EE79B46C2E70AAB96
:107A30001A44002302F80C3C013447E7002359E7BD
:107A400018460BB0BDE8F08F01230AFA03F349EAA8
:107A50000309D1E70B460AFA03F349EA0309CBE726
:107A600003230AFA03F349EA0309C5E704230AFAE0
:107A700003F349EA0309BFE707A824F089FC04904F
:107A800062E700BFB07D002051250508787D002009
:107A9000B9220508AD22050838B5064CFFF7D0FD20
:107AA0006578054841F2A802002134F04BFF84F8C4
:107AB000BE5538BD787D00204C920020024A1378D4
:107AC00043F0060313707047587900202DE9F04FFA
:107AD000B14C94F8083393B0C5B283B1012B56D1A1
:107AE00094F88C36082B52D8DFE813F0D701D00178
:107AF0000B02FA01BF019F017D016C01E101A5F1BB
:107B00000A03222B7FD8DFE803F08C7E7E8C7E7EFA
:107B10007E7E7E7E7E7E7E7E7E7E7E7E7E7E7E7E85
:107B20007E7E7E7EB47E7E7E7E7E457E45009B4A46
:107B30001378672113F0020384F8701600F0808533
:107B4000974BD4F8C455D4F8C80594F8CC151D60EB
:107B50005860D4F8D055B4F8D605197500219D6049
:107B6000588284F86C1694F8BC32052B00F0B4826D
:107B700094F89B38127883F0010384F89B389307BC
:107B800005D5874B1B7D042B01D9FEF757FA13B09F
:107B9000BDE8F08F834A94F8C03594F8BF650020A3
:107BA000D054002E40F0D2807F4B116884F8C2651B
:107BB000994200F071827D4B1168994200F08082F9
:107BC0007B4B1168994200F032857A4B11689942DB
:107BD00000F03A85784B1168994205D19388562B6D
:107BE00002D1032384F8C235013600232A2D84F8FC
:107BF000BF6584F8C03500F08C8194F8C1355D40D4
:107C000084F8C155C3E794F8C0350E2B04D86549F4
:107C10005A1CCD5484F8C02594F86C36002BB6D18C
:107C2000EBE794F86C36002B00F08C80634901F18F
:107C3000140313F8012D5A709942FAD1594A137856
:107C4000402B40F2CF81373B1B01DBB25278402AF8
:107C50008CBF373A303AD2B2134494F8C125DBB224
:107C60009A420ED03F22002384F8702684F86C36A6
:107C70008DE7002384F8BF3584F8C03584F8C1351A
:107C800085E7D4F8883694F8C22501332121012AEA
:107C9000C4F8883684F870163FF449AF022A51D1EF
:107CA000D4E9BA013E4BB4F8D425B4F8D855DA81FA
:107CB0001D82722250EA010384F8702642D1D4F862
:107CC000E035002B3ED0D4F8DC05D8B3642100EABF
:107CD0000102B3FBF1F601FB163702EB820207F556
:107CE000FA675500ADF80470B6FBF1F2B0FBF1F79E
:107CF00001FB1262B7FBF1F601FB16768DF8062048
:107D00008DF80A6042F21072B3FBF2F3B0FBF2F2AC
:107D1000B3FBF1F7B2FBF1F601FB173701FB1626B7
:107D2000274BB0FBF3F301A8B3FBF1F201FB1233D5
:107D30008DF807708DF80960ADF80C508DF808309B
:107D400024F0B4F9002384F86C3620E794F8C235A7
:107D5000032B00F0E2803FF647AF012B00F0468195
:107D6000022B7FF441AF731E082B3FF63DAF01A2FB
:107D700052F823F0D57F0108E97B0108E97B01086F
:107D8000E97B0108E97B0108E97B0108B57F01086F
:107D9000A57F0108957F0108787D00205879002093
:107DA000605600200056002047504747474E47473F
:107DB0004750524D474E524D47504753E88300209D
:107DC00040420F0094F88E360822AB4284F88C268D
:107DD0003FF4DDAED4F8A43201221344C4F8A43237
:107DE00084F88D26D3E694F88E26B4F8943694F869
:107DF0008F162A44D2B2B3F5007F114484F88E2640
:107E000038BFE21803F1010338BF82F89856B4F87E
:107E1000922684F88F169BB29A42A4F894363FF6C5
:107E2000B6AE072384F88C36B1E694F88E26B4F803
:107E3000923694F88F16154403EB0020EDB280B211
:107E40006B180622B0F5007F84F88E5684F88F36C2
:107E5000A4F8920684F88C2640F2178101220023B0
:107E600084F88D26A4F8943691E694F88E3694F82A
:107E70008F26A4F892061D44EDB2AB18052284F8B3
:107E80008E5684F88F3684F88C2680E6622814BFDC
:107E90000023022384F88C3679E6B5287FF477AE88
:107EA0000022012384F88D2684F88C366FE6D64BA9
:107EB0000022A3F1140184F88C2613F8012D5A70C6
:107EC0008B42FAD194F88F36AB4200F0ED80D4F8B3
:107ED000A4323F220133C4F8A43284F8702656E657
:107EE00094F88E3694F88F2684F890561D44EDB29F
:107EF000AB18042284F88E5684F88F3684F88C26CA
:107F000045E6032384F88E5684F88F5684F88C3621
:107F10003DE6012384F86C3639E6022E00F0D58068
:107F2000032E0DD1F3F792FBC3B2102B84F8E53585
:107F300091BF94F8BF6594F8BF65102384F8E535C8
:107F4000032E7FF651AE94F8E475331FC3F3870315
:107F500003EB8707033FFFB2102F3FF645AEF21E3B
:107F6000A2EB8303DBB2012B00F07383042B0BD154
:107F70000020F3F76BFB7B1E2344002294F8BF65BF
:107F800083F8280683F84826D4F868360133C4F805
:107F9000683629E60020F3F759FB94F8BF65C4F86A
:107FA000E00521E60120F3F751FB94F8BF65A4F842
:107FB000D80519E60120F3F749FB944A94F8BF6508
:107FC00041F2184303FB00F3A2FB03239B09A4F82F
:107FD000D43509E60220F3F739FB94F8BF65C4F8FD
:107FE000DC0501E61B0103F0F0032FE6B31E072BAF
:107FF0003FF6FAADDFE803F0443A352B241C0F04BA
:108000000120F3F723FB00EB8000400094F8BF65EC
:10801000C4F8D005E8E50120F3F718FB00EB800079
:1080200000EB8000830094F8BF65A4F8D635DBE54B
:108030000020F3F70BFB94F8BF6584F8CC05D3E57B
:108040001378302B40F21183FFF738FDCCE513781D
:10805000572B7FF4C9ADD4F8C8355B42C4F8C83596
:10806000C2E5F2F7BFFBC4F8C805BDE51378532B92
:108070007FF4BAADD4F8C4355B42C4F8C435B3E577
:10808000F2F7B0FBC4F8C405AEE50023A4F89436BB
:1080900000283FF4C6AE7AE59388412B7FF48BAD80
:1080A000012384F8C2359FE5D4F8883694F88D56BC
:1080B0000133C4F88836EDB13E2384F8703666E5A6
:1080C0009388412B7FF47CADEAE7F3F7BFFA94F88D
:1080D000BF6584F8E40533E74D494E480B68D4F892
:1080E000AC520068C4F8B05243F020030B60C4F8EF
:1080F000AC023DE594F89036212284F870263E2BA0
:108100003FF645AD01A252F823F000BF11860108E9
:10811000F1850108BD8501086F8501088F7B010885
:108120008F7B0108D9840108E98301088F7B01084E
:108130008F7B01088F7B01088F7B01088F7B0108F3
:108140008F7B01088F7B01088F7B01088F7B0108E3
:108150008F7B0108B58301088F7B01088F7B0108A5
:108160008F7B01088F7B01088F7B01088F7B0108C3
:108170008F7B01088F7B01088F7B01088F7B0108B3
:108180008F7B01088F7B01088F7B01088F7B0108A3
:108190008F7B01088F7B01088F7B01088F7B010893
:1081A0008F7B01088F7B01088F7B01088F7B010883
:1081B0008F7B01088F7B01088F7B01088F7B010873
:1081C0008F7B01088F7B01088F7B010823830108C7
:1081D0008F7B01088F7B01088F7B01088F7B010853
:1081E000838201088F7B01088F7B01088F7B010848
:1081F0008F7B01088F7B01088F7B01088F7B010833
:108200008F7B010819820108FC830020D34D621086
:10821000607600208419002094F89B36012B04D945
:1082200094F8A426012A00F08082D4F89826DA492E
:1082300022F0FF028A4200F05482DB001E1DD74963
:1082400032460DF10A0033F01BFCB11DD44B0193F3
:10825000F6B201F0FE0101A8ADF80860FDF792FF4B
:1082600094F89938002B3FF492AC94F89A38002B8C
:108270003FF48DAC0023CB4A84F8993884F89A38BF
:1082800071E494F89D3684F8E5354922202B84F872
:10829000702640F2FC81202384F8E535BF4EA6F11C
:1082A000B002A6F19005A6F17001A6F15000924629
:1082B000A946884686464FF0000C96F808B0777AB3
:1082C0000AF801BB0CF1010C96F80AB009F8017B21
:1082D0009C45376908F801BB0EF8017B06F10C06D6
:1082E000EBD3202B14D0013B1D44184419444FF00C
:1082F000FF0C134400271E460236B61A1F2E05F83F
:10830000017F00F8017F01F8017F03F801CFF2D966
:10831000D4F8683620220133C4F8683684F8E5259D
:108320009EE794F89C3684F8E5354922102B84F8B2
:10833000702640F2A181102384F8E535974EA6F10E
:10834000B002A6F19005A6F15000A6F17001914689
:10835000A84686468C46002796F808B096F809A0ED
:1083600009F801BB013796F80BB008F801AB9F4242
:1083700016F80CAF0EF801BB0CF801ABECD3102BC8
:1083800012D0013BEF18C618CD180020134419462F
:108390000231891A0F2907F8010F06F8010F05F8B5
:1083A000010F03F8010FF2D9D4F868360133C4F88D
:1083B000683655E77C4BD4F8A8069881D4F8AC060B
:1083C000D88194F89918D4F8B026562084F870060D
:1083D000012042F2107584F89A0892FBF5F21A8295
:1083E00000293FF4D4AB45E794F8AD364F2284F82A
:1083F0007026DA0704D594F8AC36032B00F05281CE
:10840000684A69491378D4F8B006D4F8B45648607D
:1084100023F00203002013700D60D4F8BC3684F8FA
:1084200098080A2293FBF2F38B600A22D4F8D03624
:1084300093FBF2F307EE903AD4F8D43693FBF2F3C1
:10844000F8EEE77A07EE103A67EEA77AB8EEC77A49
:108450000125E7EE077ACB8184F89958D4E9BA234D
:10846000B1EEE77A84F89A5894F8AF560D75B4F8DF
:10847000E456D4F8D8064D8242F2107590FBF5F020
:1084800008821343BCEEC77A17EE100A88817FF486
:10849000F1AE94F8A33603F00303032B7FF4EAAEA6
:1084A000D4F8A836B4F8A02694F8A206D4F89C16FE
:1084B0008DF80A00002BADF80820D4BF00234FF43C
:1084C0007A7201A8C4BF93FBF2F39BB20191ADF89D
:1084D0000C3023F0EBFDC3E694F8A3164F23C80736
:1084E00084F8703604D594F8A236032B00F0F3809C
:1084F0002C4A137823F002031370D4E9BA232A48D4
:1085000084F8985894F8C75605751343B4F8C456C0
:1085100045827FF4A5AE01F00C010C297FF4A0AEDA
:108520002248B4F9A086D4F89816214DA8FB002360
:108530004FEAE87900FB093312EB01081D481E4998
:108540002A6843F10009D4F89C3693FBF1F118EB4B
:10855000010849EBE17918EB00064FF0490149EBBE
:108560000107B61A67F10007C4E9BA6778E694F81C
:108570009D365322DD0784F8702604D594F89C3686
:10858000032B00F0AA80074A1378002123F002038E
:10859000137084F8981863E60020200710840020E8
:1085A000B562063E587900206056002000840C24F5
:1085B00084190020B0F5F79040420F00794BD4F8B1
:1085C0009C0694F8981858605025D4F8A006D4F862
:1085D000A826186084F870560A2092FBF0F29A6080
:1085E000002972D0FFF76AFA012384F899383CE633
:1085F00094F8C032012B7FF433AE94F8992694F8A6
:10860000BE329A427FF42CAE022384F8C03227E6B1
:1086100094F8C032012B7FF423AE94F8BE3294F864
:1086200099269A4204BF032384F8C03218E693883F
:10863000432B7FF4CAAA022384F8C235FFF7D4BAC9
:1086400084F86C36FFF78FBA9388432B7FF4C2AA65
:10865000F1E77E1E2644002086F8E875F2F7F6FF63
:1086600086F8080694F8BF658EE44F4A137823F025
:1086700002031370FFF7B8BA002B7FF45FAE4B4ACA
:1086800002F1200502F1600002F1400179E6002BC1
:108690007FF404AE454A02F1200502F1600002F1C8
:1086A000400120E63F49D4F8B026D4F8B4564A60D9
:1086B0000122D4F8BC360D600A2084F8982893FB78
:1086C000F0F38B60FFF7FAF9AFE6374A137823F03F
:1086D0000203137088E701250FE7012384F8983817
:1086E000BEE5D4F8AC26324922F07F428A427FF4BC
:1086F000A4ADD4F8B0062F49DB001E1DC543324699
:108700000DF10A0005F0010533F0BAF9002D3FF430
:108710009CAD94F80C33002B3FF497ADDDF822307C
:1087200043F00103CDF822308FE5D4F89826224992
:10873000D4F8A87622F0FF028A4207F001074FEA38
:10874000C30315D01E1D1B4932460DF10A0033F03C
:1087500097F9002F3FF479AD94F80933052B7FF496
:1087600074ADDDF81A3023F00103CDF81A30CDE7EF
:10877000D4F8AC260E4922F07F428A42E2D1D4F8E6
:10878000B0060C491E1DC54332460DF10A0005F026
:10879000010533F075F9002FB8D094F80933052B93
:1087A000B4D1DEE7605600205879002060830020B5
:1087B000020408001084002000202007FFF786B97B
:1087C0002DE9F043BD4CD4F82C3394F8BC6293B03F
:1087D00005467BB996E01CF079FF431B1E2B00F386
:1087E0008380D4F82C031EF041FE80B2FFF76EF9AF
:1087F000D4F82C3318461EF041FE0028EBD1B04BC4
:1088000094F8BC221B68AF4F1B6842F210711961CB
:10881000531E052B35D8DFE813F0750134007501C0
:1088200075010600C301A84BD4F8AC221B689B1A43
:1088300040F6C412934200F2A38294F80A33012B4B
:108840001FD1D4F8B402012800F0B084022800F04F
:108850009384B0B99D4B1B6813F4803311D194F805
:10886000C2229B48002A00F03B859A4A01900921C8
:1088700001A88DF80C300292FDF784FC0123C4F8A6
:10888000B4321CF023FF2644401B96F89C38924AD1
:10889000834294F8BC32126838BF86F89C0823449F
:1088A000920693F89C38C4F8A43800F1F2808B4EFD
:1088B00094F80E23337803F00103134303D13B787C
:1088C00023F001033B700FF065F9054618BB052244
:1088D0003B7813F0020310D094F8BC32052B00F063
:1088E000DF8113B0BDE8F083754B1B681B684FF444
:1088F0007A721A6113B0BDE8F08384F8843913B03A
:10890000BDE8F08394F89B886E4F18F0020F40F09A
:10891000D88132467CE7724B1B8813F0400300F08D
:10892000608194F8AC38002B00F0638394F87B32BC
:1089300084F8E4380EF0FAFF94F8BC32C4F8B408B6
:10894000A3F10503B3FA83F35B0984F8D4381CF070
:10895000BDFE94F82833002B55D0624AD4F8EC18A9
:10896000D2ED127AD2ED144AD2ED135AD4F8B438BB
:10897000C4F8EC3867EEA77A5B1AE4EEA47A5A4999
:1089800007EE103AE5EEA57AD4F8E838C4F8E8081E
:10899000C01AB1EEE76A554B098893F814C0A4F8E1
:1089A000B818D989B4F8043384F8C0C8A4F8BE183C
:1089B000A4F8BC38DFED4E2A92ED003ADFED4D6AA7
:1089C0004D4A9FED4E5AD2ED093A92ED074AB8EE64
:1089D000C77A07EE900A27EE227AF8EE677A26EE3B
:1089E000036AC7EE275A66EE267A65EEA66AE3EEBC
:1089F000857AE4EE056A82ED086AC2ED097AC2ED75
:108A0000065AC2ED076A1CF061FE94F8BC32052BD1
:108A100040F068813A7812F0010329D0D4F8F03898
:108A20003749C31A8B4240F2EC8212F002032F4AFC
:108A3000C4F8F008117D94F8140994F9F6281CBFC5
:108A40002B460025814234BF01214FF0FF310A44FB
:108A5000022A1146A8BF022121EAE171012A84F805
:108A6000F45884F8F61800F3A882002284F8F52858
:108A700094F8AC2884F8E538072A00F20681DFE88C
:108A800012F093020902D201B501B30091018601EF
:108A90008D01D4F8A838EB1A002BFFF608AF134B62
:108AA0001B7D042B7FF603AF05F5123505F5F87530
:108AB0000120C4F8A8581EF055FDF8E6787D002086
:108AC0001C7600205879002084190020AC7C0020FE
:108AD000B56206010300013560760020C8790020E8
:108AE000CA790020CC7900205A79002060560020F5
:108AF00000247449CDCC4C3E24860020CDCC4C3F84
:108B00003F420F0094F80833002B00F0F080012B57
:108B10007FF4B7AED4F82C031EF0A4FC00283FF479
:108B2000B0AE94F8BC32032B00F01183042B00F09C
:108B3000EE82012B7FF4A5AECA4AD4F8B832116890
:108B4000CB1AC72B7FF69DAED4F8B432042B00F2BB
:108B50004C82C54AD4F82C03C4F8B81203EB430383
:108B600002EB8303D0F8089093F8B9E0002302F1F8
:108B7000700C194601E05CF8041F89455FFA83F820
:108B800003F1010303D0102BF5D14FF00008C645C7
:108B900000F0CE8302EB8E02116F1AF05DFE70E6DC
:108BA000D4F8A83294F80B230133C4F8A8326AB180
:108BB00094F8BD32AD4A0133DBB2A2FB031202F0DE
:108BC000FC0101EB92029B1A84F8BD323B78A84A63
:108BD00023F00203002101203B701175FCF7AAFC71
:108BE0004FE684F8AC38A1E6B4F8B828B4F81E39DA
:108BF00093420BD3B4F81C09D4F8B418642303FBD4
:108C000000F39942DCBF052384F8AC38994BDFEDC3
:108C10009A6AB3EC016A9FED997AD3ED007A05EE7A
:108C2000902AF8EEE55AE5EE867A67EEA67AF4EE3B
:108C3000C77AF1EE10FAB8BFF0EE477AFDEEE77AA8
:108C4000C82A17EE903A40F2E681D4F87429D4F895
:108C5000D818632B40F3BF828B42A8BF0B46632A10
:108C6000C4F8D838D4F8DC3840F3B3829A42A8BFAD
:108C70001A46B4F8F838C4F8DC2801200A2184F830
:108C8000E20884F8E01884F8E1380EF0E9FB94F883
:108C9000AC384BBB002394F8142984F8283317E62A
:108CA000734B1B7D9342FFF41CAE94F88439002B68
:108CB0007FF417AE0D2017F089FD012384F8843965
:108CC0000FE60520FCF736FC3B789A0703D5684B86
:108CD0001B7D042B58D828F0020894F8BC2284F895
:108CE0009B8895E50023C3E60EF058FCD2E7012AE5
:108CF00000F06881032A7FF4C4AD5A4AD4F8B83230
:108D00001268D31AB3F57A7FFFF4BBADD4F8B4324E
:108D1000C4F8B822002B00F0B182012B40F2D282BD
:108D20000520FCF707FCACE594F8101303228DF83E
:108D30000B20002940F0D383ADF80C200023ADF8C0
:108D40000E30ADF810304E4B01930E21082301A8D0
:108D5000ADF80830FDF716FA94F8C032022B00F097
:108D6000DA82032B00F0CA82012B7FF48AAD94F8DB
:108D7000BF320133DBB2192B84F8BF327FF481ADEF
:108D80000620FCF7D7FB7CE5FDF758F9A3E74FF089
:108D9000007017F0B7FE07200FF0D4F8002384F816
:108DA000AC3872E7D4F8B438632B364BD9BF9FED9B
:108DB000367AD3ED097AD3ED097AB7EE087A67EE01
:108DC000877A93ED087AB4EEE77AF1EE10FA00F3C1
:108DD0000C8200234FF470610122C4F8D838C4F823
:108DE000DC38A4F8E01884F8E2284EE7B4F87839C3
:108DF000B4F8B828D4F82809C4F8D8089A4298BF1B
:108E00000423B4F8FE2898BF84F8AC38C4F8DC28F2
:108E1000B4F8F83884F8E13801210F2284F8E21818
:108E200084F8E02831E7D4F8B408D4F82819D4F845
:108E3000D838C4F8D8181B1A002BB8BF5B42B3F55A
:108E40007A7FBCBF032384F8AC384FF4FA7040F645
:108E50000A720123C4F8DC08A4F8E02884F8E23898
:108E600013E700BF84190020F4D50408CDCCCCCC86
:108E700060560020F48600200000C8420000000078
:108E8000B5620616248600209A99993F0AD7A3391D
:108E9000CDCCCC3DB4F864391BB9B4F80C39A4F886
:108EA0006439B4F800391FED076A5FED075A3A7864
:108EB00006EE903AB4F8043907EE103AB4F80239E5
:108EC00007EE903AF8EEE66AB8EEC77AF8EEE77A7F
:108ED000D84B66EE866A27EE067A67EEA57AC3ED72
:108EE000006A83ED027AC3ED017AD30740F1758100
:108EF000B4F8B838B4F816299A4207D994F8E42897
:108F0000052184F8AD18002A40F0AE81B4F8FC28A1
:108F1000B4F8FE18C4F874199A4200F2F2801346AD
:108F200094F82019A4F87829012900F07781022902
:108F300000F06681B4F8FA28B4F82619D4F8B068BD
:108F4000D4F8B40807EE902A17EE905A642202FB78
:108F5000016102FB05F5A942B8BF2946C4F82819EA
:108F6000B4F81C2906EE902AB4F81E29B8EEE67A69
:108F7000F8EE676A9A1A76EEC76A07EE102AB8EE1C
:108F8000C77AF8EEE77A86EE876AAB4A022584F85C
:108F9000AC5807EE103AB8EEC77AA2EC016AE6EEDA
:108FA000477AC2ED007A42E7337813F001033DD1EE
:108FB000C4F8B038A4F8BA3867E6012384F8F53865
:108FC000002355E59D4AD4F8B8321268D31AB3F598
:108FD0007A7FFFF456ACD4F8B432C4F8B822002B30
:108FE00000F06381012B40F279810320FCF7A2FAA3
:108FF00047E4012384F8AC380EF0D0FA0EF030FAD2
:1090000094E494F8F438002B7FF46CAE94F8F538BF
:1090100083F001032CE5B4F8FE08894902FB00F255
:10902000A1FB02129209C4F8742910E6854AD4F80B
:10903000B438D4F8B008D2ED047A834AB4F8B8183A
:10904000D2ED086A8342FCEEE77AB8BF0346B4F873
:10905000BA08C4F8B03817EE903AF6EE007A8142BA
:10906000F4EEE76A38BF01469BB20020F1EE10FA39
:10907000A4F83439A4F8BA18C4F83009C4F82C0993
:109080007FF703AEDFED717AF4EEE76AF1EE10FAE6
:109090007FF5FBADD4F85C59DFED6D7A07EE105A21
:1090A000B8EE477AB4EEE77AF1EE10FA7FF5EDAD5F
:1090B00040F22E418B427FF6E8ADA3F57A7307EEBE
:1090C000903AB8EEE77ADFED637AE7EE267AFCEEC7
:1090D000E77A17EE903A9BB207EE903A002D40F0F7
:1090E0004781F8EE677A02F128030125B0EE670A9E
:1090F000C3ED007A31F016F9C4F85C59A4F864099C
:10910000C3E5053B1E2BB8BF1E239AB208E794F8AF
:109110000A33002B3FF404AE94F8C032002B7FF4E6
:109120001DAED4F8B4320E2B3FF6ABABDFE813F034
:1091300032014F01410163015E01590154019F0158
:10914000970185017D01BF01B101C801680194F853
:10915000BD32414AD4F82C0303EB430302EB8303F3
:1091600093F8B93002EB8302116F1AF075FB0420FB
:10917000FCF7E0F9FFF785BB384B1B68D9037FF597
:1091800080AB94F8C232002B00F0B580344B354AE6
:1091900001930921052301A88DF80C300292FCF7F8
:1091A000F1FF0023C4F8B432FFF76BBB3B789B0799
:1091B00005D594F80D83B8F1020F00F0CA80274B53
:1091C0001B68D8037FF55DAB0223C4F8B432FFF708
:1091D00058BB64224DE5642341E54FF0007017F061
:1091E00091FC07200EF0AEFE82E64FF0007017F003
:1091F00089FC07200EF0A6FE072384F8AC38E8E5CA
:10920000B4F8FA28D4F8B408B4F8261907EE902A6E
:10921000642202FB0101C4F82819A1E6B4F8FA2877
:10922000D4F8B408642101FB02F107EE902AC4F8D7
:10923000281995E6E0860020F48600208419002095
:109240001F85EB5188790020B08600208FC2753FC2
:109250000024744900007A44F4D50408AC7C002052
:10926000B5620601030001354FF0007017F04AFCAB
:1092700007200EF067FEB4F8B83847E694F8BD3220
:10928000B24AD4F82C0303EB430302EB830393F8B5
:10929000B93002EB8302116F1AF0DEFAD4F8B4325F
:1092A0000133C4F8B432FFF7ECBAD4F82C034FF40E
:1092B00096511AF0D1FAD4F8B4320133C4F8B4326A
:1092C000FFF7DFBAA249D4F82C031EF001F9D4F855
:1092D000B4320133C4F8B432FFF7D3BA9D49F2E790
:1092E0009D4B0190092101A88DF80C200293FCF7F9
:1092F00049FFFFF7C3BA994B974A49E7D4F8B4320C
:10930000072B30D00B2B29D1002384F8C23284F8EC
:10931000C032FFF7B6BAD4F8B4320E2B3FF400AD2A
:1093200001330022C4F8B43284F8C022FFF7A9BA8E
:1093300094F8BD3203EB430302EB8302D2F8BC1076
:109340001EF0C6F8D4F8B4320133C4F8B432FFF7D3
:1093500098BAFCF757FFC4F8B48230E70420FCF752
:10936000E9F8FFF78EBA0023A4F8C032FFF789BAF4
:109370000135D2ED0A6A07EE105AF8EEE77AB8EE38
:10938000476A77EEE67A134687EE867A283377EED9
:10939000267AABE694F80D03B0FA80F00123400979
:1093A00084F8C13284F8C232FCF72CFF94F8C03242
:1093B000D4E46A4B6A4A01930023092101A88DF87D
:1093C0000C300292FCF7DEFE94F8C032C6E4634B28
:1093D0000193644A0023F0E7604B0193624A002343
:1093E000EBE75E4B0193614A0023E6E75B4B019399
:1093F0005F4A0023E1E7594B01935E4A0023DCE713
:1094000094F80933052B04D094F80C33002B00F0AA
:109410009380594B01930621002301A8ADF8083031
:10942000FCF7B0FE94F8C03298E494F8C13263B10E
:109430000B23C4F8B432FFF724BA94F8C1324BB10D
:109440000A23C4F8B432FFF71CBA444B01934B4AC9
:109450000123B2E7414B0193494A0123ADE794F858
:10946000C13263B10923C4F8B432FFF70ABA94F8E1
:10947000C1324BB1394B0193424A01239DE7374B2F
:109480000193414A012398E7344B01933F4A01235A
:1094900093E73F4B3F4A01930C214FF0011301A882
:1094A00003930292FCF76EFE94F8C03256E494F8EF
:1094B000C232002B46D0294B374A019305237CE763
:1094C00094F809330222052B8DF80A203FF42CACC6
:1094D00094F8102340F20331ADF80A1012B10722BC
:1094E0008DF80B200322013BADF80C20032B3FF637
:1094F00025ACDFE803F00A19110200224FF48C5367
:10950000ADF81020ADF80E301DE448220123ADF86F
:109510000E20ADF8103016E44FF400720223ADF8BF
:109520000E20ADF810300EE44FF428420423ADF8BD
:109530000E20ADF8103006E40520FBF7FBFF94F891
:10954000C0320BE4054B044AB7E700BFF4D504086A
:10955000F4230508D423050803000130B562060191
:109560000300F0030300F0050300F0040300F00221
:109570000300F0000300F001B562063E0300011293
:1095800003000103030001070300010203000106B9
:10959000B56206080600C800030001352DE9F04158
:1095A000DFF88C801D4C98F80060F20782B012D56D
:1095B00094F80E337BB11A4DD5E900731949AA68A6
:1095C0000968C4F81C230022C4E9C573C4E9C82192
:1095D00002B0BDE8F081B307EDD5114D2B7D042B12
:1095E000EAD92F689FED100A6B68C4F8003307EEC4
:1095F000907AF8EEE77A0193F0EEE77A27EE800AA8
:10960000C4F8FC7226F09EFE084A019B82ED000A17
:1096100046F0010688F80060D0E700BF787D0020A2
:10962000605600208419002050E0EF30F003002045
:10963000587900200C4D08B50446D5F82C0316F0D7
:1096400051FF204616F04EFFD5F82C0301798B0709
:1096500003D5064A2146F1F747F941F002011DF012
:10966000FDFED5F82C03F4E7787D0020BD870108C6
:1096700070B52C4C002084B0C4E9A900C4F874066D
:10968000C4F87806C4F87C06C4F8800684F884061A
:1096900084F8BD02C4F87006FBF74CFF224B94F827
:1096A00008031B68C4F8AC3202282FD0022016F041
:1096B0004DFF80B3867994F8BD321C4D02E0CBB2E9
:1096C000042B2AD803EB430205EB8202591C92F8C3
:1096D000B920B242F3D184F8BD3294F8BD2290F99A
:1096E00004000C2303FB0252032192F8B9200191DC
:1096F00005EB820500232A6F009202931A4602218D
:1097000016F081FFC4F82C0328B1012004B0BDE895
:109710007040FBF70FBF04B070BD002384F8BD326A
:10972000DBE700BF787D002084190020F4D5040811
:1097300007B5019150B11DF023FF019908B1032332
:10974000C38003B05DF804EB1DF08ABF03B05DF881
:1097500004FB10B5012104460079FFF7E9FF20461C
:109760000021BDE810402DF00FB910B522210446AC
:109770000079FFF7DDFF20462DF0EEF820460121AD
:10978000BDE810402DF000B973B590F86738032B91
:1097900005460C462AD100231D4E8DF807309DF852
:1097A000073095F868289A4201D802B070BD9DF83C
:1097B000073006EBC3031B797BB184F0010373B15F
:1097C0009DF8073056F833001DF092FF9DF80730E2
:1097D0000133DBB28DF80730E1E72346EFE79DF870
:1097E000073056F833001DF07DFFEFE7436C006C47
:1097F0001B7ADB0748BF81F0010424B102B0BDE849
:1098000070401DF075BF02B0BDE870401DF06ABF2A
:109810003056002010B510F8133CA0F66C041BBBAA
:1098200094F8581889BBD4E909239A421CD05A1CD1
:10983000A069A262C35C20695B0043F40073A4F8D2
:109840005C380A2384F85A38012384F8583894F88D
:109850006738824228BF0A46012BA26201D0042B3E
:1098600002D1606CFFF775FF94F85438002B6FD16C
:1098700094F855380133DBB2092B84F8553827D1D9
:109880002046BDE81040FBF7B9BE94F95A387BB1C9
:10989000B4F85C184B08A4F85C3801F001012046CC
:1098A000FFF772FF94F85A38013B84F85A38DBE727
:1098B00084F85838D4E909239A42D5D194F8673806
:1098C000012B01D0042BCFD1606CFFF74EFFCBE70B
:1098D0000A2B3DD194F857382BB9B4F85E3843F0D1
:1098E0000103A4F85E382379D9070AD5B4F85E08D5
:1098F000820501D4C30718D4B4F864380133A4F83E
:109900006438012284F8542894F857280023012A47
:1099100084F855381CD1617984F85738606C01F0AF
:109920000101BDE81040EFF7C3B8E36AC0F3470098
:1099300013B1216B9847E4E7E3696269D054E369A6
:10994000E1680133B3FBF1F201FB1233E361D8E7C5
:1099500010BD2DE9F04F844C94F830238DB0002ACF
:1099600040F0EB8094F8BE95B9F1000F00F0E5806F
:109970002F2148461BF0DAFD0646002800F0DD8066
:109980004379D0F80080A4F840331EF0EBF8054688
:10999000002800F0D2804768002F00F0CE803846C3
:1099A0001EF06CFA714B411E24224A43991891F81B
:1099B0001CB0BBF1000F40F0C0801344A9680191B6
:1099C0002F229A83002800F0B8804046C4F84483D0
:1099D0002CF038FEDFF8B0A15045C0F0B180404611
:1099E0002CF030FE00F1B77505F55855B5FBFAF5CA
:1099F000013DADB240462CF025FE6B1C0322B0FBAE
:109A0000F3F05B4BB0FBF3F083B2C4F85003B3FB4D
:109A1000F2F35848A4F83C335A000023A4F83E233C
:109A2000C4F84853C4F85433C4F84C33F7F7C6FEAF
:109A3000002840F0828048461DF0A2FDC4F8880945
:109A400008B12F23C3804E21727A4B4D1DF0E6FDE5
:109A50004A4B9A6C42F001029A649A6C02F001023D
:109A60000492049A9A6C42F002029A649B6CC4F8C5
:109A70008C798022C4F89C294FF4007203F0020311
:109A8000C4F8A0294FF400620393C4F8A4294FF44A
:109A90000052039BC4F8AC29019B94F84023C4F8FE
:109AA000903910230C2AC4F894394FF00003C4F8FD
:109AB0009839C4F8A8399BBF314B03EB4203984651
:109AC000B3F8F48008F1080904EB89093846C9F8AD
:109AD0004453A5F5C965C4F8B4591EF0CFF92DF06B
:109AE0005DFF38461EF0CAF92649434660222DF034
:109AF00039FFD9F84403F9F7D7FCF0B960230A908D
:109B00000593337A0B905A0002F00202DB000792B1
:109B100003F0080306900990B4F84023089305A9C0
:109B20002846EEF7A7FD40B9337AB4F840139B07F7
:109B3000284607D5F7F7BEFC40B10DB0BDE8F08F61
:109B40005D4657E7F7F7FCFD0028F6D1002305A88E
:109B50000593FBF76FFD64210220FCF7DAFB01237C
:109B600084F83033E9E700BF787D002064010020ED
:109B700000350C00BC80002004870020001002404B
:109B8000F4D5040827420408006CDC022DE9F04FEC
:109B9000BF4C94F830338DB023B194F8313303F0D7
:109BA000FF062BB1012384F833330DB0BDE8F08FED
:109BB00094F8EC3905460C20002B42D00EF024F826
:109BC000002840F0C181FFF7C4FEE67801218E42F3
:109BD00084F8EC193AD80A200EF016F8002800F0A4
:109BE000A081AC4AAC4B1268A67AA3FB02131B09F6
:109BF000FA2101FB13237D2B28BF0026A74F7B7C76
:109C0000B34203D1D4F8183A9D42CED3A44800EB16
:109C10008600FBF70FFDE17AA078FCF77AFB07EEF0
:109C2000905A9FEDA07A7E74F8EE677A77EE877A85
:109C3000FCEEE77A17EE903AC4F8183A0DB0BDE89A
:109C4000F08F0DF0E1FF0028ACD1BCE7023E8E4260
:109C5000ABD80023B4F8BCC5934EDFF86882DFF8B8
:109C600068E2DFF868921F464CFA03F2D2070ED47E
:109C700056F82320AA1A02EB0800704501FA03FAED
:109C800005D94A4588BF46F8235047EA0A070133F9
:109C90000A2BE9D1002F85D0267D002E00F0F08020
:109CA000DFF82CE2DFF82C8294F89331DFF8289269
:109CB000DEF8005008954033B8F80050009509EBE5
:109CC000830539F82330794994F890C10393EB78F0
:109CD00094F891210193AB780878029394F89B1142
:109CE00005970CF1400309EB8303403209F5B47585
:109CF00000F0010009EB8202069304EB810305EBFF
:109D0000860B049007924E464FF4B4789A46376813
:109D1000C7F303230836042B1ED8DFE813F0230013
:109D20000500F700F4007500009900230422114299
:109D300007D10133042B0FD05D4A32F82320002ACB
:109D4000F5D1C7F30560002240FA02F1C90700F11E
:109D50004B810132062AF7D101A991E806104FF490
:109D6000B47066E0C7F3035303F1400209EB8201CC
:109D7000F80439F822C08A78C97840F12C81DAEDEC
:109D8000897AFDEEE77A40F2DB5717EE900AB84287
:109D900000F3E78003F10F0707F00F07403709EBE7
:109DA000870339F8277093F802E0DB7809930A9764
:109DB000ACEB0703099FA0F57A70C91BA2EB0E025A
:109DC00000FB03F300FB02F200FB01F132480746FF
:109DD00080FB03C087FB027C2F4FDB17C3EB6013B4
:109DE00087FB0170C917C1EB60110A9F0998D21750
:109DF000C2EB6C1201443B4472441FFA83FCD2B2A2
:109E0000C9B24FF4B47027E006F022FE00B200EBB6
:109E10008000284BC0EB00104000A3FB003040093D
:109E20001E3820EAE0704FF0000C00F5B470624676
:109E3000FF21FB0410D5DAED897A174BFDEEE77AA6
:109E400017EE907AA7F57A7708FB07F783FB07E30D
:109E5000FF17C7EBA3173844174BAA70844483FB42
:109E60000C3060444FEAEC77C7EB202708FB17CC97
:109E7000E970A5F800C00435AB457FF448AF059FF5
:109E80000E4E0F4BDFF8209000254FF0010827E021
:109E9000787D002084190020D34D62100806002030
:109EA000F4D504080024744968870020C87900208C
:109EB0002CD704081F85EB51B7600BB604D70408F4
:109EC000815F01083F4B4C003E4B4C009F860100D8
:109ED000AC7C0020CA790020B07D002056F8043FF9
:109EE00008FA05F23A4214BF0120002009EB85016F
:109EF000013598470A2DF1D1E17AA0780DB0BDE87F
:109F0000F04FFCF706BA0EF025FD7FE7049B002B0F
:109F100064D0079B9A78D978B3F800C04FF4B47036
:109F200087E794F87B32002B7FF45BAE012E71D073
:109F300026792378002B3FF461AE94F8A032002BF1
:109F40003FF45CAEA67A59E63F4B404884F8EC6992
:109F5000FF225A74FBF76EFBE17AA078FCF7D9F97F
:109F600020E6113303F00F03403309EB830E39F879
:109F700023309EF802709EF803E0A0F2DC50A3EBC1
:109F80000C0300FB03F3BF1A0993314BAEEB010E38
:109F900000FB07F700FB0EF083FB073EFF172C4B7F
:109FA0000A9783FB00730A9F0B93C7EB6E130A9308
:109FB000099F274B83FB073E0B9BFF17C017C0EB86
:109FC0006310C7EB6E130A9F01443A449C44D2B21B
:109FD000C9B21FFA8CFC4FF4B4703DE7089B002B0C
:109FE0007FF4BAAE069B95E7184901EB83034FF463
:109FF000B47093F83A3103EB430304EB43031A4480
:10A0000092F87821403209EB820339F822C0D978DE
:10A010009A780EE7637A23B10E4B1E7816F001068C
:10A0200087D00D4AE188237A10680C4EB0FBF1F21C
:10A0300001FB03F301FB1202A6FB0313B2EB531F58
:10A04000667928BF002674E708060020F4D50408C6
:10A05000D34D6210C8790020841900201F85EB5170
:10A0600038B5134BD3F81C2A824214DA93F8204AED
:10A07000022C0DD0032C054604D0012C0ED0022456
:10A08000204638BDD3F8283A1B690BB18342F6DD70
:10A090000124204638BD0024204638BD7F28EEDC50
:10A0A0002AF09AFF8542F3DD20462AF00DFFE7E70C
:10A0B000787D002070B51C4C94F8203A022B14D007
:10A0C000032B2CD0012B27D00020D4F81C3A94F875
:10A0D0002C2A1344B3F5807FA8BF4FF480738342CA
:10A0E000A8BF0346C4F81C3A70BD00230F4E104DA4
:10A0F0001A4602F5B17106EB01111001C979C907C1
:10A1000002F1010204D4415D012998BF03F50073F7
:10A110000B2AEED11846D8E72AF05EFFD5E7D4F82F
:10A12000280A1DF0A7F9D0E7787D0020C85D00203F
:10A13000EE7300200B4A92F8203A012B08D0022B34
:10A1400004D1094A41F2E573D05C704700207047A2
:10A15000D2F8300AD2F8343A984234BF00200120B5
:10A16000704700BF787D0020C85D00200D4B93F83C
:10A17000200A022805D003280DD0012809D000208C
:10A180007047094A41F2CC63D358002B07DDF2F740
:10A1900011BE2AF099BED3F8280A1DF063B9012038
:10A1A000704700BF787D0020C85D002070B5474C27
:10A1B000D4F8383A94F8202A0833012A82B0C4F837
:10A1C000383A18D0022A054640D0D4F8280A1DF0A3
:10A1D00051F93F4AD4F8383A127802333C2AC4F88D
:10A1E000383A4AD0002852D1D4F8443A0133C4F85E
:10A1F000443A02B070BD2AF099FE364BD4F83C1AAE
:10A20000186801F1640383421ED2D4F8382A304B17
:10A21000314E1D7802EB82035B00411A05333C2D61
:10A22000B3FBF1F3A6FB03234FEAD302C3F3CF033F
:10A2300041D0B4F8402A9A4238BFA4F8403A0023EB
:10A24000C4F83C0AC4F8383A02B070BDD4F8C80269
:10A250008DF8075090F91A20531C1ED0436840F225
:10A26000FF11C3F308038B4217D003EB42231B4AB1
:10A270009D54436801334360BFE7194AD06030B949
:10A28000D4F8443A0133C4F8443A9360DCE7D4F894
:10A29000280A29461DF018F9AFE7037E13F0060FD0
:10A2A000ABD090F82830002BA7D101220DF1070187
:10A2B000F3F7D4FCA1E7B4F8405A094992B29D42A1
:10A2C0000A60BCD2A4F8403A4A60B8E7787D002022
:10A2D000B022002084190020CDCCCCCCE05D002041
:10A2E000B422002038B5194C94F8203A012B0546C9
:10A2F0000ED0022B16D00078044638B12C46FFF75A
:10A3000055FF14F8010F0028F9D1641B204638BD11
:10A310002EF018FF04462146284600222AF02AFE85
:10A32000204638BD2EF00EFFD4F8C8321A7E12F047
:10A33000060F0446EAD093F82820002AE6D12946E1
:10A3400018462246F3F78AFC204638BD787D002067
:10A350002DE9F04100F110020746002452F8043DB7
:10A36000A40003F10801E4B22BB10F2903F180032B
:10A3700041D844F001049742F0D12046FFF716FF80
:10A3800000252E46A84604F00303022B24D0032BFD
:10A3900014D0012B09D00135042D4FEA9404F2D1D9
:10A3A000B8F1000F48D1BDE8F081B8F1000F39D104
:10A3B00057F8256036019846F6B2ECE757F82500C5
:10A3C000B8F1000F1ED1C0F30720FFF7EFFE17F81A
:10A3D0002500FFF7EBFEDEE7B8F1000FF7D057F8E6
:10A3E0002500C0F303103043FFF7E0FE57F8256067
:10A3F0003601F6B2CFE7FF2B94BF44F0020444F0DD
:10A400000304B8E7C0F303303043FFF7CFFE57F83B
:10A410002500C0F30710FFF7C9FE57F82560360185
:10A42000F6B2B8E757F8250000F00F003043FFF709
:10A43000BDFE4FF00008AEE73046BDE8F041B5E69E
:10A4400070B5021F044600F10806002052F8043FD0
:10A4500003F120013F2903F1080503F102033DD870
:10A460000F2D1BD8032B02D90128B8BF0120B242FF
:10A47000ECD1022824D0012812D1206800F00F006E
:10A4800040F04000FFF792FED4E9013000F00F00E9
:10A4900040EA0310BDE87040C0B287E60220E6E75C
:10A4A000D4E90030A2681B01800000F00C0003F02A
:10A4B0003003034302F00300BDE87040184375E623
:10A4C000206800F03F0040F08000FFF76FFE207929
:10A4D000FFF76CFE207ABDE8704067E604F10C02DD
:10A4E000002552F8043D03F18001FF2903F50040E7
:10A4F0004FEA850506D9B0F5803F03F500031BD26E
:10A5000045F00105A242ECD165F03F00C0B2FFF773
:10A510004DFE002605F00303022B14F8260013D08D
:10A52000032B29D0012B1ED0FFF740FE0136032E4E
:10A530004FEAA505EED170BDB3F1807F34BF45F081
:10A54000020545F00305DDE7FFF730FE54F826006D
:10A55000C0F30720FFF72AFE54F82600C0F3074097
:10A56000FFF724FEE2E7FFF721FE54F82600C0F3D0
:10A570000720FFF71BFED9E7FFF718FE54F8260067
:10A58000C0F30720FFF712FE54F82600C0F307407F
:10A59000FFF70CFE54F82600000EC5E7084605E656
:10A5A0007F2810B5044607D964F07F00C0B2E409E3
:10A5B000FFF7FCFD7F2CF7D8E0B2BDE81040F5E5D1
:10A5C00069B138B5841E04EB410534F9023FD81750
:10A5D00080EA4300FFF7E4FFA542F6D138BD70479B
:10A5E00038B5044600EB810554F8043BD81780EADF
:10A5F0004300FFF7D5FFA542F6D138BDC31783EA64
:10A600004000CDE7F8B50F4BD3F8485AD3F84C4A81
:10A61000D3F8506AA9B1831E00EB410167181E44AC
:10A6200004441D4434F9022B36F9023F35F9020F78
:10A63000134403EBD373A0EB6300FFF7DFFFA742E4
:10A64000F0D1F8BD787D002038B51C4D0446472078
:10A65000FFF7ACFDD5F8543A9B0028D4184C207D68
:10A66000FFF79EFFD5F8583A2068C01AFFF7C6FFDB
:10A67000D5F85C3A6068C01AFFF7C0FF114AA368BA
:10A68000D81782FB0323C0EBA300FFF789FFE08903
:10A69000FFF786FF208AFFF783FFD4E90023217D9F
:10A6A00085F8681AC5F8602AC5F8643A38BDD5F847
:10A6B0004C3A1868201AFFF773FFCFE7787D002027
:10A6C000605600206766666610B50D4C84B0532056
:10A6D000FFF76CFDD4F86C0AFFF762FF94F8700A7C
:10A6E000FFF75EFF94F8722A94F8733A94F8711A9F
:10A6F000019101A8CDE90223FFF7A2FE04B010BD2D
:10A70000787D00200EB430B584B007AC054654F80F
:10A71000042B01924820FFF749FD2020FFF746FD5A
:10A720002846FFF7DFFD3A20FFF740FD019A0B496D
:10A7300003942346002021F01DFF04460A20FFF762
:10A7400035FD074AD2F81C3A03341C1BC2F81C4AD8
:10A7500004B0BDE8304003B0704700BF9DA50108BC
:10A76000787D00201E49B1F8222A002330B4C1F8B8
:10A77000743A8AB3B2F5FA5FA8BF4FF4FA524FF4B5
:10A780007A7404FB02F4174BC1F8782A9B885D01A8
:10A79000B5FBF4F0402816D99001C1F87C0A91F875
:10A7A000204A114D003C18BF012403EB83032C7099
:10A7B000B3FBF2F230BC5B00C1F8802AB3FBF0F3CC
:10A7C000C1F8843A7047A54227BF5043C1F87C0ABC
:10A7D000C1F87C2A1046E2E74FF47A740122D2E7EE
:10A7E000787D002084410020507900202DE9F04F31
:10A7F0002C4C2DED028BD4F8742AD4F8783AB2FBA5
:10A80000F3F593B003FB15250090002D52D0264B95
:10A810001B681A0603D5D4F8243ADB0409D494F84B
:10A82000203A012B00F04B8213B0BDEC028BBDE847
:10A83000F08FD4F87C2AD4F8741AB1FBF2F302FB3F
:10A840001313B3EB520FEAD1D4F8FC22D4F8583AE0
:10A850009A4240F0D884D4F80023D4F85C3ADFF868
:10A8600050909A4240F0D184D4F8842AD9F8E0314B
:10A87000934280F0CA840D4A94F8681A107D01331F
:10A880008842C9F8E03109D11168D4F8603A994298
:10A8900004D15268D4F8643A9A42C0D00098FFF7C5
:10A8A000D3FEBCE7787D0020FC55002060560020D8
:10A8B000708E0020D4F8886AD4F88C3AB34240F005
:10A8C0003282D4F8905AD4F8946AB54212D0D44B5C
:10A8D000C4F8945A1B780A3B012B0BD84520FFF78C
:10A8E00065FC1E20FFF762FC2846FFF759FE304644
:10A8F000FFF756FE94F8995A94F82C3CAB4240F07E
:10A900000082C84A94F82D3C9578AB4240F02F82E3
:10A9100008F042F994F82E3C9842054640F0158222
:10A92000D4F8303CD4F8802A934280F0D081BE4ADB
:10A93000D4F8901AD4F86C5A127894F86D0294F8FE
:10A940009C628DF82C20A94294F8342C8DF82E00AE
:10A950008DF82F200A91B54A8DF82D600AA800F0D5
:10A96000A28303C882E80300FFF7AEFE0023C4F809
:10A97000303CD4F8485A009BAD4F2E4605F10E0AE4
:10A9800046F8043B06960496B7EC010A2FF0CAFC81
:10A9900026F8020BB245F7D105F11603A54FCDF805
:10A9A00014A0039356469846B7EC010A2FF0BAFC60
:10A9B00026F8020BB045F7D19F4E9FEDA08A96ED89
:10A9C000010A20EE080A2FF0ADFC96ED020AE8829B
:10A9D00020EE080A2FF0A6FC96ED030A288320EE4D
:10A9E000080A2FF09FFC96ED040A688320EE080AFF
:10A9F0002FF098FC05F1200705F12C03079706F5C9
:10AA0000C476A8830893984696ED280A20EE080A93
:10AA10002FF088FC96ED290A47F8040B20EE080A6F
:10AA20002FF080FC96ED2A0AB86020EE080A2FF07D
:10AA300079FC96ED2B0A786120EE080A2FF072FC63
:10AA4000B84506F124063862DED105F15003DFF87F
:10AA50001092DFF810B2DFF81082794F09931E468A
:10AA600039F9023B26F8023B9BED030A2FF05AFC12
:10AA70009BED000A70812FF055FCB8EC010AB08004
:10AA80002FF050FCB7EC010A30822FF04BFC6D4BDD
:10AA9000F0824B450BF1040BE2D10CF047FF286725
:10AAA0000CF034FFA5F8740006F00EF8664B9FED2D
:10AAB000678A93ED000A664A664B52885B68DFF846
:10AAC000AC91A5F87830B4EEC80AF1EE10FAB8BF30
:10AAD000B0EE480AA5F87620A5F87A002FF022FCFF
:10AAE00019ED1E0AA5F87C00B4EEC80AF1EE10FAC2
:10AAF000B8BFB0EE480A2FF015FC574BA5F87E0002
:10AB00001B78029393B1029BDFF864819FED4B8A1F
:10AB100005F1800707EB4306B8EC010A20EE080AAE
:10AB20002FF000FC27F8020BBE42F5D119F8743C57
:10AB3000019373B1019BDFF83C8105F1880707EBB6
:10AB40004306B8EC010A2FF0EDFB27F8020BBE42DA
:10AB5000F7D105F19806414A3746334605F1B80862
:10AB600052F8041F43F8041B9845F9D1D4F8741A1D
:10AB7000D4F87C2AB1FBF2F302FB1313002B40F054
:10AB800013814920FFF712FBD4F8740AFFF708FD80
:10AB90002868FFF705FDD4F8543A990700F123839C
:10ABA0005A0700F119831F0700F10F83D80600F13F
:10ABB000F782990600F1ED825A0600F1E2821F0643
:10ABC00000F1D782D80500F1CC82990500F1C1824D
:10ABD0005A0500F1B4821F0500F1AA82D80400F1E1
:10ABE0009B82990400F191825A0400F187821B0430
:10ABF00000F17F82D4F8243A5F0400F164821804E3
:10AC00003AD5019BC3B3883505EB430735F9020BF1
:10AC1000A0F2DC50FFF7F2FCBD42F7D12CE000BF00
:10AC200050790020405A002058790020E487002005
:10AC300088790020BC5A0020B089002000007A44A6
:10AC4000EC8D00201A5A0020947C002000000000A7
:10AC500080790020BC79002030790020B0220020CB
:10AC6000145A0020A8410020147A0020708E002081
:10AC7000A0220020008E0020D4F8543AD90000F120
:10AC8000BD82D4F8481A434D434B444AC4F84C1A89
:10AC9000481BC01003FB00F3013382FB0302A2EB4D
:10ACA000E37202EB42029B1AB82202FB0353012219
:10ACB000C4F8501AC4F8483A89F8DC21A7E5002006
:10ACC0002AF002F913B0BDEC028BBDE8F08F344BD3
:10ACD000D4F8900A1B7894F89C1294F86D2284F8AA
:10ACE000703A94F8343C84F8733AC4F86C0A84F8E7
:10ACF000711A84F8722AFFF7E7FC0023C4F8303C8D
:10AD000037E6284B84F82C5C1B780A3B012B3FF676
:10AD1000F8AD4520FFF74AFA3220FFF747FA2846F8
:10AD2000FFF73EFCEDE51F4BC4F88C6A1B780A3B2D
:10AD3000012B3FF6C6AD4520FFF738FA2846FFF74E
:10AD400035FA3046FFF72CFCBBE5164B84F82E0C89
:10AD50001B780A3B012B3FF6E3AD4520FFF726FAAF
:10AD60003420FFF723FA2846FFF71AFCD8E50D4BED
:10AD700084F82D5C1B780A3B012B3FF6C9AD4520BA
:10AD8000FFF714FA3320FFF711FA2846FFF708FC03
:10AD9000BEE500BF248E0020A737BDE956555555A6
:10ADA00058790020507900205020D4F84C6AFFF7E1
:10ADB000FDF9D4F8481AD4F8502AD4F84C3A096866
:10ADC000126818680A44A2EB4000FFF717FCD4F899
:10ADD000540A82071BD50AA8DDF810C00146321DAF
:10ADE00005F10C0E3CF9023B32F902ABE645A3EB50
:10ADF0000A0341F8043BF5D1FFF7AAFAB5F90C00B4
:10AE0000B6F90C30C01AFFF7F9FBD4F8540A43071F
:10AE100015D50AA8DDF814C0DDF80CA0014606F12E
:10AE20000E023CF9023B32F902EBE245A3EB0E03C2
:10AE300041F8043BF5D1FFF78BFAD4F8540A010727
:10AE400014D50AA8039B844606F1160105F11E0AD3
:10AE500033F9022B31F902EB9A45A2EB0E024CF8C2
:10AE6000042BF5D1FFF774FAD4F8540AC2063DD585
:10AE7000326A2B6A9B1A0A93726A6B6A9B1A0B934B
:10AE8000B26AAB6A0AA89B1A0C93FFF7D9FAF26A66
:10AE9000EB6A9B1A0A93326B2B6B9B1A0B93726BA8
:10AEA0006B6B0AA89B1A0C93FFF7CAFAB26BAB6BD9
:10AEB0009B1A0A93F26BEB6B9B1A0B93326C2B6C05
:10AEC0000AA89B1A0C93FFF7BBFA726C6B6C9B1A67
:10AED0000A93B26CAB6C9B1A0B93EB6CF26C0AA8E6
:10AEE0009B1A0C93FFF7ACFAD4F8540A830616D5D4
:10AEF000B6F95020B5F950309B1A0A93B6F9522092
:10AF0000B5F952309B1A0B93B5F95430B6F9542069
:10AF10000AA89B1A0C93FFF793FAD4F8540A410637
:10AF200000F1E080020600F1D680C30500F1C48084
:10AF300010F4007C59D1410500F1808102050CD547
:10AF4000B5F87A30B6F87A209B1AD81780EA430011
:10AF50000A93FFF725FBD4F8540AC30400F1B98122
:10AF6000810400F1AC81420400F19781030400F1F7
:10AF70008481D4F8243A5D0400F17881180400F14A
:10AF80007081D4F8543AD9000FD5983609AA57F8E9
:10AF9000043B56F8041BB845A3EB010342F8043FF9
:10AFA000F5D108210AA8FFF71BFBD4F8480AD04DB9
:10AFB000D04BD14A411BC91003FB01F3013382FB83
:10AFC0000312A2EBE37202EB42029B1AB82202FBCD
:10AFD0000353C4F8483AD4F84C2AC4F8502A012341
:10AFE000C4F84C0A89F8DC3111E4B6F96820B5F9E7
:10AFF00068309B1A0A93B6F96A20B5F96A309B1A31
:10B000000B93B5F96C30B6F96C209B1A0C93430581
:10B0100040F118814FF0050A04214FF0030C2B6F0B
:10B02000039312AB326FB5F974E0B6F974B003EB69
:10B030008C0C039B9B1A4CF8203C12AB03EB810356
:10B04000AEEB0B0243F8202C02050CD5B6F87A10B3
:10B05000B5F87A3012AA02EB8A025B1A42F8203C59
:10B0600051460AF1010A01310AAA02EB810B0020C4
:10B070005BF8043D4000C0B20BB140F001009345C5
:10B08000F6D1FFF793F80BEB8A0A02E0DA4500F0FD
:10B09000E5805BF8043B002BF8D0D81780EA43002A
:10B0A000FFF77EFAF2E7456851688D427FF459ACAC
:10B0B0000133C4F8303C5CE462200321FFF7A2FABC
:10B0C000D4F8540A34E7029905F18000FFF778FAC2
:10B0D000D4F8243A93E55C200321FFF793FAD4F8DF
:10B0E000540A22E756200321FFF78CFAD4F8540AB9
:10B0F00018E7B5F87E00FFF753FA7BE5B5F87C005A
:10B10000FFF74EFAD4F8543A71E5B5F87800FFF736
:10B1100047FAD4F8543A67E5B5F8763039F8500C68
:10B12000C01AC0F30D00FFF73BFAD4F8543A58E5C3
:10B13000B5F87A00FFF734FAD4F8543A4EE5286FA0
:10B14000FFF75CFAB5F97400FFF758FAD4F8543AEF
:10B1500041E5032105F16800FFF732FAD4F8543ACB
:10B1600036E5032105F16200FFF72AFAD4F8543AD4
:10B170002BE5032105F15C00FFF722FAD4F8543ADD
:10B1800020E5032105F15600FFF71AFAD4F8543AE6
:10B1900015E509980321FFF713FAD4F8543A0BE5A3
:10B1A00007980321FFF71CFA08980321FFF718FA04
:10B1B000032105F13800FFF713FA032105F14400DC
:10B1C000FFF70EFAD4F8543AF3E403980421FFF79A
:10B1D000F7F9D4F8543AE9E450460421FFF7F0F9BE
:10B1E000D4F8543ADFE406980421FFF7E9F9B5F9F9
:10B1F0000C00FFF7D5F9D4F8543AD1E430460821D1
:10B20000FFF7EEF93DE5DFF8F49000234820C9F898
:10B21000E031FEF7CBFFD4F8FC02FFF7EFF9D4F8EA
:10B220000003FFF7EBF9D4E9BF230098C4F8582ACC
:10B23000C4F85C3AFFF708FAFFF7F1BA4FF0020AD8
:10B240000121ECE601054ED5B5F87A30B6F87A2042
:10B250009B1A0D9303214FF0040A04E7D4F8540A13
:10B260007BE601998820FFF7CDF98AE602998020D4
:10B27000FFF7C8F9D4F8243A80E6D4F84C3AD4F869
:10B28000502AB3F87E30B2F87E20B5F87E00134421
:10B29000A0EB5300FFF7B2F96BE6D4F84C3AD4F8C0
:10B2A000502AB3F87C30B2F87C20B5F87C00134407
:10B2B000A0EB5300FFF7A2F9D4F8540A56E6B5F80C
:10B2C0007800B6F87830C01AFFF798F9D4F8540A25
:10B2D00049E6B5F87600B6F87630C01AFFF78EF971
:10B2E000D4F8540A3CE602214FF0030ABBE600BF43
:10B2F000248E0020A737BDE956555555708E002085
:10B300002DE9F04F614DD5F8E8410E1E85B0984605
:10B31000914614BF06230423621CDDE90EA70393A4
:10B320006AD0A24546DDA8EB09030293109B584E54
:10B33000DB1B01934FB1019B03FB04F20123B95CBA
:10B34000D6F8542A8B4013422DD0029AD5F8E43116
:10B3500002FB04F409EB0408002B37D159F8040070
:10B360002DF0F0FE00F1050B5846FEF779FEA0BB6C
:10B37000D6F81C0A95F8EC21A0EB0B00C6F81C0AC5
:10B38000002A35D1012385F8EC31D5F8E43143BBEF
:10B3900059F80400FEF7A6FF98F904104B1C02D0E0
:10B3A0003C48FBF757F9D5F8E84101345445C5F856
:10B3B000E841BFDBA24552D0D5F8E401039B8342AC
:10B3C00094BF0020012005B0BDE8F08F4FF0030BC3
:10B3D0005846FEF745FE0028CAD0012005B0BDE85A
:10B3E000F08F98442C4898F80410FBF733F9DAE70B
:10B3F0002C20FEF7DBFEC8E7D5F8E431039A934230
:10B4000003D3002005B0BDE8F08F244A02EB83038C
:10B410008346D3F848012DF095FE0B30FEF720FE51
:10B420001E4A04460028D8D1D5F8E4111C4802EB86
:10B430008102032994BF59463146D2F84821FBF7CF
:10B4400009F91349D5F8E821D1F81C3A85F8EC41FF
:10B45000181A541CC1F81C0AC5F8E84161E701201C
:10B46000FEF7FEFD0028A7D1094AD2F81C3A0A20AF
:10B47000013BC2F81C3AFEF799FED5F8E4014FF003
:10B48000FF330130C5E9790398E700BF708E0020D3
:10B49000787D00201C24050824240508F4D5040820
:10B4A0000C2405080D4B93F8200A40B193F8213A7B
:10B4B000012B05D0022B0BD0032B06D000207047A8
:10B4C000074B187810F00100F9D011200CF09CBB4C
:10B4D000034B187800F00100704700BF787D002012
:10B4E000C879002030B47D223023FA25642432212B
:10B4F000028303804FF4817200238580C480018120
:10B5000030BC828243838383438043818381C381B0
:10B51000038243828375704710B5102204460021D0
:10B5200031F010FA0A2323800023A381E381A38052
:10B53000E3802381638110BD83788B4207D9054B5B
:10B5400033F8113000EE103AB8EE400A70479FED24
:10B55000020A7047F8A2002000000000034B187E8A
:10B5600010B100221A760120704700BFF8A2002017
:10B57000072907D8054B03EB810191ED070AB8EEC7
:10B58000400A70479FED020A704700BFF8A20020F2
:10B5900000000000194B93F83C206AB393F8402058
:10B5A0000021A82A83F83C1026D193F853201ABB17
:10B5B00010B4DFED136A03F1400203F1180003F148
:10B5C0003801B4EE047AD478137903EB042307EE40
:10B5D000903AF8EEE77AB0EE666AA7EE876A023232
:10B5E000FCEEC67A17EE903A40F8043F8142EAD169
:10B5F00001205DF8044B704700207047F8A200203E
:10B600000080BBC3044B03EB4101B1F8583000EE9E
:10B61000103ABBEEEE0A7047F8A200202C4A92F8CE
:10B620007C304BB3F0B492F87D40B2F87E500646C1
:10B6300002EB4400002190F8837090F8843082F887
:10B640007C1043EA07239D4205D00846D2F8C83053
:10B650003362F0BC704792F8810003282CD0812817
:10B660000CD00128F1D1122CA446A8BF4FF0120C27
:10B67000002CEBD00D460CE018467047122CA44667
:10B680004FF00300A8BF4FF0120C002CE1D00225B0
:10B690000320104BA3F1280404EB4C0CDF7819793C
:10B6A00041EA072124F8021BA44503F10203F5D166
:10B6B000002DCBD0F0BC7047122CA4464FF00100F7
:10B6C000A8BF4FF0120C002CC0D00D460120E0E7BF
:10B6D000F8A2002078A3002083788B420ED98369DA
:10B6E0009FED087A33F811309FED070A9B0807EEAB
:10B6F000903AF8EEE77AA7EE870A70479FED030AC3
:10B70000704700BF0000803D00007744000000004B
:10B7100083788B4219D90E4B93F8CC2003EB81012F
:10B7200052B1D1ED347A9FED0B0AF8EE677AB6EE9E
:10B73000007AA7EE870A7047D1F8D03003F5777307
:10B7400000EE103AB8EE400A70479FED030A7047CA
:10B75000F8A20020000077440000000083699FEDFC
:10B76000060A33F8113007EE903AF8EE677AB6EE33
:10B77000047AA7EE870A704700005C44F0B54E7863
:10B7800091F800C083698D78CA784C7991F806E009
:10B79000CF7906F007064CEA062C05F03F054E7AF5
:10B7A000A3F800C091F801C06D0145EADC0591F8ED
:10B7B0000DC05D808D78920042EA95120D7905F0FA
:10B7C000010542EA85229A8004F00F040A798D79F6
:10B7D000E40144EA52027F0047EAD5170EF07F00E9
:10B7E0000D7ADA804A798C7A000140EA1212087BDD
:10B7F0001A8105F003054A7A47EA452706F01F0635
:10B8000000F00705087A5F81B601E40046EA900679
:10B8100044EA5214C87A0A7B9E810CF03F0C4FEA2E
:10B820004C1C40EA05204CEAD202DC8118825A8284
:10B830008A7B4F7B8D7C91F811C00E7C4C7C087DFF
:10B84000920042EA9712CF7B6D0007F0010745EAAC
:10B85000DC1506F00F0691F80FC042EA8722F601C8
:10B86000CF7C9A8246EA5C064A7DDE8204F07F0441
:10B870000E7C07F0030745EA472524015D8344EA6F
:10B8800016140D7DCE7C1C8300F01F008001D200B9
:10B8900040EA960042EA55129883DA83897D40F2A5
:10B8A000147211F0010F0CBFAD20104611F0020F01
:10B8B00008BFAD2218845A840B0705D411F0040F79
:10B8C0000CBF01200920F0BD0320F0BD38B5C569CB
:10B8D000044695F8210078B10A4B1B780022192BF9
:10B8E00085F8212009D0691C2046FFF747FF10F09A
:10B8F0000A0F04BFEB69236238BD034BEA7D1A606F
:10B90000F1E700BFB0220020B4220020034B93F8DF
:10B91000002112B1002283F800217047F8A2002014
:10B92000084B9FED090A03EB8101D1ED417AF8EE56
:10B93000677AF7EE006A77EEA67AB6EE047AA7EE9B
:10B94000870A7047F8A2002000005C44104B9FED6E
:10B95000117AD3ED007A104BF4EE477AF1EE10FA3B
:10B960000AD103EB8101D1ED517A9FED0C0AF8EE7B
:10B97000677AA7EE870A704703EB810191ED517A50
:10B980009FED070AB8EE477AA7EE870A704700BF17
:10B990001C06002001F11F3FF8A2002000405C447B
:10B9A0000000774430B40B4A92F88431D2F88841D1
:10B9B00002EB43050133B5F98C11A5F88C01411A4E
:10B9C00003F00F03214482F8843130BCC2F888119F
:10B9D000704700BFF8A20020014B186A704700BFF3
:10B9E00000410020064B93F8AC211AB993F8AD0141
:10B9F00010B170470120704793F8AE01704700BF47
:10BA0000F8A200209FED010A704700BF000000006F
:10BA1000044B03EB4101B1F8B03100EE103AB8EE3F
:10BA2000400A7047F8A20020044B93F8D40118B1E3
:10BA3000002283F8D4210120704700BFF8A2002023
:10BA4000034B03EB810191ED760AB8EE400A704793
:10BA5000F8A2002083788B4209D9064B03EB410101
:10BA6000B1F8203200EE103AB8EE400A70479FED70
:10BA7000020A7047F8A20020000000000120704771
:10BA80000020704730B4411C002305251E2404E02B
:10BA9000112B01F8134009D00133042BCCBF012234
:10BAA000002200F81320F3D10D72F5E730BC704787
:10BAB00010B40023841C4FF47A714FF4FA6220F81A
:10BAC000231024F823200133052BF8D15DF8044B13
:10BAD000704700BF044B03EB4101B1F8403200EE68
:10BAE000103AB8EE400A7047F8A20020044B03EB6E
:10BAF0004101B1F8403200EE103AB8EE400A70470A
:10BB0000F8A2002070B4254D95F85832022B02D0CF
:10BB1000002070BC704795F85E62F6B1013E05F2F8
:10BB20005D2353FA86F605F51774002214F8013BDD
:10BB3000534083EA0313DBB2120AD90042EA03221C
:10BB4000A64281EA131382EA0302EFD12AB1002050
:10BB5000002385F8583270BC7047B5F85C325BBA88
:10BB600023F002039BB243F60162934204D0D5F85E
:10BB7000843203620120EBE7094AA2F13E01A2F1FF
:10BB80001E06D479937903EB0423C3F3CC0321F885
:10BB9000023F8E4202F10202F3D1E8E7F8A2002050
:10BBA00054A500200D49B1F8883230B508224AF278
:10BBB000010580EA030414F0010F4FEA530318BF94
:10BBC0006B4002F1FF3218BF9BB212F0FF024FEA46
:10BBD0005000EED1A1F8883230BD00BFF8A200209D
:10BBE000214A224BB2F9021010B4B2F90040B3F965
:10BBF0000C20B3F90E30121B07EE902A5B1AB8EE38
:10BC0000E77A07EE903AF8EEE77A40B1B4F5617F53
:10BC10001FDDDFED176A37EE267AF1EE677A154BF6
:10BC20009FED156AD3ED076A5DF8044B83ED156A45
:10BC300001F5487189B2B1F5C86F88BFB0EE467A98
:10BC400066EEA77A26EE877AC3ED147A83ED137A2F
:10BC5000704714F5617FE2DADFED056AF1EE677A8D
:10BC600037EE667ADBE700BF145A0020305A002016
:10BC70000000E144405A002000000000224A10B4B5
:10BC800092ED106AD2ED116AB1EE465A02F14C0300
:10BC900002F15801F3EC017AF4EEC57AF1EE10FAF4
:10BCA000F4EEC67A2AD4F1EE10FA88BFF0EE467AA6
:10BCB00093ED037AF5EEC06AF1EE10FA77EE265AAC
:10BCC0000DDDF4EEE75A37EE667AF1EE10FAF4EE97
:10BCD000C77A16D4F1EE10FAB8BFF0EE477A8B426D
:10BCE00043ED017AD6D1D46C106D516D936DD4654E
:10BCF00010665DF8044B516693667047F0EE457A26
:10BD0000D6E7F0EE657AEAE7405A0020274B284A4A
:10BD100003EB80030128D3ED006A92EDA47A15DCD1
:10BD2000244B9FED255A1B680344FFEE005A9B7D70
:10BD3000E6EEA65A07EE903AF8EEE77AB7EE006A1A
:10BD400067EEA57AA7EE856A66EE866A1B4B9FEDC5
:10BD50001A6A03EB8003D3ED007AF8EEE77AB1EECE
:10BD6000470A67EE867AE7EE267AB4EEE70AF1EE46
:10BD700010FA08DCB4EEE77AF1EE10FA8CBFB0EE00
:10BD8000670AB0EE470A0E4A0E4B9FED0F7A33F961
:10BD9000103002EB4000B0F90C209B1A07EE903AED
:10BDA000F8EEE77AA7EEC70A704700BFAC5A00204A
:10BDB000F8A20020B87C00200AD7233CA4860020EB
:10BDC000305A0020145A0020CDCCCC3D174BDFED6B
:10BDD000186A93ED367AD3ED027ADFED165AB5EE96
:10BDE000006AB4EEC67AF1EE10FA88BFB0EE467A79
:10BDF000BDEE006AB4EEC67AF1EE10FAB8BFB0EE4E
:10BE0000467A77EEC77A83ED367AF4EEE67AF1EE8B
:10BE100010FA88BFF0EE667AF4EEE57AF1EE10FAE9
:10BE2000B8BFF0EE657AC3ED377A7047108800200E
:10BE30003333733F000000003E4BDFED3F7A93ED5C
:10BE4000366A93ED377A9FED3D4AD3ED396AD3EDEB
:10BE5000384AB5EE005AB4EEC56AF1EE10FAFDEEBE
:10BE6000005A88BFB0EE456AB4EEE56AF1EE10FA0A
:10BE7000B4EEE77AB8BFB0EE656AF1EE10FA88BFAB
:10BE8000B0EE677AB4EEC47AF1EE10FAF4EEC56A59
:10BE9000B8BFB0EE447AF1EE10FA88BFF0EE456A12
:10BEA00077EE067AF4EEE56AF1EE10FA77EEA47A10
:10BEB000B8BFF0EE656A77EEA67AF7EE005AF4EEB8
:10BEC000E57AF1EE10FA83ED366A83ED377AC3ED49
:10BED0003B7AC3ED396A17D9F4EEC44AF1EE10FA91
:10BEE00012D9B7EE007AF4EEC77AF1EE10FA9FEDB0
:10BEF000140A88BFF0EE477AF4EEC07AF1EE10FA39
:10BF0000A8BFB0EE670A7047DFED0D6AF4EEE67A7F
:10BF1000F1EE10FA04DB34EE877A83ED377AE0E74E
:10BF2000F5EEC04AF1EE10FADBDB34EE877A83EDF2
:10BF3000377AD6E7108800203333733F00000000C3
:10BF4000CDCC4C3D2C4BDFED2D4A93ED366AD3ED35
:10BF5000396A93ED3A7AD3ED027A9FED294AB5EE2C
:10BF6000005AB4EEC56AF1EE10FAFDEE005A88BF31
:10BF7000B0EE456AB4EEE56AF1EE10FAF4EEC56A89
:10BF8000B8BFB0EE656AF1EE10FA88BFF0EE456A10
:10BF9000F4EEE56AB6EE005AF1EE10FAB4EEC57AA8
:10BFA000B8BFF0EE656AF1EE10FA88BFB0EE457AE0
:10BFB00076EE865AB4EEE47AF1EE10FA77EEE57A90
:10BFC000B8BFB0EE647A77EEC77A83ED366AF4EEE6
:10BFD000C47AF1EE10FA88BFF0EE447AF4EEE47A17
:10BFE000F1EE10FAB8BFF0EE647AC3ED396A83ED72
:10BFF0003A7AC3ED377A70471088002000000000BD
:10C000003333733F494BDFED4A3AD3ED365A93ED64
:10C01000377A9FED484A93ED396AD3ED3A6AD3ED0A
:10C02000384AF5EE007AF4EEE75AF1EE10FABDEE7A
:10C03000005A88BFF0EE675AF4EEC55AF1EE10FAD6
:10C04000B4EEE37AB8BFF0EE455AF1EE10FA88BFCD
:10C05000B0EE637AB4EEC47AF1EE10FAB4EEE76AA9
:10C06000B8BFB0EE447AF1EE10FA88BFB0EE676A5E
:10C07000B4EEC56AF6EE003AF1EE10FA77EE257AE4
:10C08000F4EEE36AB8BFB0EE456AF1EE10FA88BF8D
:10C09000F0EE636A77EEA47AF4EEC46AF1EE10FA79
:10C0A00077EE867AB8BFF0EE446A77EEA67AB7EEFE
:10C0B000005AF4EEC57AF1EE10FAC3ED365A83ED6C
:10C0C000377A83ED396AC3ED3B7AC3ED3A6A17D903
:10C0D000F4EEC44AF1EE10FA12D9B7EE007AF4EE9B
:10C0E000C77AF1EE10FA9FED140A88BFF0EE477A96
:10C0F000F4EEC07AF1EE10FAA8BFB0EE670A70470E
:10C10000DFED0D6AF4EEE67AF1EE10FA04DB34EEC0
:10C11000877A83ED377AE0E7F5EEC04AF1EE10FA60
:10C12000DBDB34EE877A83ED377AD6E710880020A0
:10C130003333733F00000000CDCC4C3D2F4BDFED7F
:10C14000304AD3ED025AD3ED357A93ED366AD3ED0A
:10C15000396A93ED3A7A93ED1B3A9FED2A4AC5EE80
:10C16000A73AB5EE005AB4EEC56AF1EE10FAFDEE4C
:10C17000005A88BFB0EE456AB4EEE56AF1EE10FAF7
:10C18000F4EEC56AB8BFB0EE656AF1EE10FA88BF8A
:10C19000F0EE456AF4EEE56AF1EE10FAB8BFF0EEA3
:10C1A000656AF6EE005AB4EEE57A76EE867AF1EE3E
:10C1B00010FA88BFB0EE657AD3EE237AB4EEE47A53
:10C1C000F1EE10FAB8BFB0EE647A77EEC77A83ED7D
:10C1D000366AF4EEC47AF1EE10FA88BFF0EE447AD3
:10C1E000F4EEE47AF1EE10FAB8BFF0EE647AC3ED43
:10C1F000396A83ED3A7AC3ED377A704710880020A8
:10C20000000000003333733F4D4B9FED4E3A93EDEA
:10C21000365A93ED377A93ED352AD3ED1B2ADFEDAD
:10C220004A3AD3ED395AD3ED3A6A93ED384AB5EE2E
:10C23000006AB4EEC65AF1EE10FAFDEE004A88BF6D
:10C24000B0EE465AB4EEE45AF1EE10FAB4EEC37A08
:10C25000B8BFB0EE645AC2EE227AF1EE10FA88BF8F
:10C26000B0EE437AB4EEE37AF1EE10FAF4EEC65A89
:10C27000B8BFB0EE637AF1EE10FA88BFF0EE465A1E
:10C28000F4EEE45AB6EE003AF1EE10FA37EE056A33
:10C29000F4EEC36AB8BFF0EE645AF1EE10FA88BF4C
:10C2A000F0EE436A36EE046AF4EEE36AF1EE10FA59
:10C2B00036EE256AB8BFF0EE636A36EE266AF7EE10
:10C2C000004A66EE277A83ED365AF4EEE47AF1EE10
:10C2D00010FA83ED377AC3ED395A83ED3B6AC3ED2B
:10C2E0003A6A17D9B4EEE34AF1EE10FA12D9B7EE72
:10C2F000007AF4EEC77AF1EE10FA9FED140A88BFC7
:10C30000F0EE477AF4EEC07AF1EE10FAA8BFB0EE84
:10C31000670A7047DFED0D6AF4EEE67AF1EE10FA87
:10C3200004DB34EE077A83ED377AE0E7B5EEC04AF6
:10C33000F1EE10FADBDB34EE077A83ED377AD6E7DD
:10C34000108800203333733F00000000CDCC4C3DFB
:10C3500090F87A30DFED584A9FED586ADFED587A51
:10C36000584A9FED594A07EE103AB8EEC77A574B34
:10C3700027EE247A10B483ED407A90F87B4092F84F
:10C380009422197806EE904AF8EEE66A002A66EEE4
:10C39000866A08BF4FF0FF32C3ED416A90F87C40D7
:10C3A00005EE104AB8EEC55A18BF012225EE065A0E
:10C3B000012983ED425A90F87D4005EE904AF8EE4F
:10C3C000E55A65EEA75AC3ED435A90F87E4005EE54
:10C3D000904AF8EEE55A65EEA45AC3ED445A90F837
:10C3E0007F4002FB04F207EE902AF8EEE77A67EE50
:10C3F000847AC3ED497A90F8802006EE102AB8EED0
:10C40000C66A26EE246A83ED4A6A05D927EE267AA3
:10C41000C7EE876AC3ED496A90F88120DFED266A8E
:10C4200007EE102AB8EEC77AB0F8782027EE267A01
:10C43000632A83ED457A90F8821007EE101AB8EE61
:10C44000C77A27EE267A83ED467A90F8831007EEB6
:10C45000901AF8EEE77A67EEA67AC3ED477A27D905
:10C460004CF250318A4220D807EE902AF8EE677AD3
:10C47000D3ED615A93ED646AD3ED636A93ED627A0A
:10C48000C3ED067A65EEA75A26EE276A66EEA76A1E
:10C4900067EE277A5DF8044BC3ED5C5A83ED5F6A63
:10C4A000C3ED5E6AC3ED5D7A7047DFED097ADFE7C1
:10C4B000DFED087ADCE700BF0AD7233CCDCCCC3DCA
:10C4C0006F12833AF8A200206F1283BB10880020FD
:10C4D000005043470000C842214B1B781F2B3DD121
:10C4E000204B9FED215AD3ED3B5A93ED366AD3EDA5
:10C4F000376A93ED397AD3ED3A7A93ED074AD3ED63
:10C50000054AD3ED083A194B65EE855A26EE056AC1
:10C5100066EE856A27EE057A67EE857AFDEEE55AC6
:10C52000FDEEE33ABDEEC44AFDEEE44ABDEEC66A56
:10C53000FDEEE66ABDEEC77AFDEEE77AC3ED035A7B
:10C54000C3ED003A83ED014AC3ED024A83ED046A6C
:10C55000C3ED056A83ED067AC3ED077A704700BF25
:10C56000B02200201088002000007A44B42200206D
:10C57000AD4B1B7813F0010212D010B4AB4B5A78BC
:10C5800093ED027A082A00F20081DFE812F037000A
:10C5900042006B008600AF00CA00FE00DD00130001
:10C5A000A349A24BDFEDA37A096859605A70C3ED25
:10C5B000027A91E7D3ED627AD3ED036AF5EEC07AA1
:10C5C000F1EE10FA40F3FA8077EE877AF4EEE67A2D
:10C5D000F1EE10FA88BFF0EE667A1A7C002A40F07D
:10C5E000DC809FED957AF4EEC76AF1EE10FA72D511
:10C5F0008F490722096859605A7005E01A7C002AA1
:10C6000000F0E880DFED8B7A5DF8044BC3ED027A31
:10C6100062E793ED606AD3ED036AB5EEC06AF1EEAE
:10C6200010FA40F3D48076EE077AF4EEE76AF1EE82
:10C6300010FA08DC77EE467AF4EEE67AF1EE10FABC
:10C64000B8BFF0EE667A1A7C0ABB9FED7B7AF4EEF7
:10C65000C76AF1EE10FAD7DD754902220968596000
:10C660005A70D1E7D3ED617AD3ED036AF5EEC07A63
:10C67000F1EE10FA40F3A88077EE877AF4EEE67ACE
:10C68000F1EE10FA88BFF0EE667A1A7CDAB16849EA
:10C690000022096859605A70B6E7D3ED637AD3ED8A
:10C6A000036AF5EEC07AF1EE10FA40F3848077EE7B
:10C6B000877AF4EEE67AF1EE10FA88BFF0EE667A49
:10C6C0001A7C002A69D19FED5C7AF4EEC76AF1EE1C
:10C6D00010FA00F18780F4EEE76AF1EE10FA93D8D1
:10C6E00053490422096859605A708DE7D3ED037AE3
:10C6F00093ED487A1A7C67EE877A002A4DD19FED38
:10C700004E7AF4EEC77AF1EE10FA7FF57DAF93F82A
:10C710005C21002A79D1464A12685A6001225A7077
:10C7200072E71A7C002A3ED041495C680A68D3F857
:10C730006801121B9042BFF665AF0A685A6000227A
:10C74000DFED3C7A5A705FE7D3ED647AD3ED036A8C
:10C75000F5EEC07AF1EE10FA33DD77EE877AF4EE7B
:10C76000E67AF1EE10FA88BFF0EE667A1A7CA2B98A
:10C770009FED317A2E49F4EEC76AF1EE10FA37DDFB
:10C780000968596008225A703EE7294ADFED297A84
:10C7900012685A6000225A7036E725490522096856
:10C7A00059605A7030E7224ADFED227A12685A60E7
:10C7B00003225A7028E7F0EE667A81E7F0EE667A97
:10C7C0000BE7F0EE667AD1E7F0EE667A5DE7F0EE21
:10C7D000667A38E7164ADFED177A12685A60012246
:10C7E0005A7011E712490122096859605A700BE723
:10C7F0005C680A68D3F86401121B9042BFF604AF6C
:10C800000A685A6001225A70FEE6094A5C6811689B
:10C81000D3F86001091B8842BFF67EAF12685A60E8
:10C8200007225A70F0E600BFC87900201088002067
:10C830008419002000000000CDCC4C3E38B52DED11
:10C84000028BBC4B1B78DB070ED4BB4CBB4B9FED64
:10C85000BC8A1B6863600023637084ED028ABDECB0
:10C86000028BBDE8384037E6B64AB34C92F8A232A4
:10C8700013B92378042BE9D0637894ED028A082B4E
:10C88000E4D8DFE813F05600610069019801A500C3
:10C89000C201C3000F010900237C002B40F0F88186
:10C8A00094F83030002B40F00582DFEDAA7A94ED49
:10C8B000037AB4EEE77AF1EE10FA00F17582D4ED66
:10C8C000087ADFEDA16A94ED057A67EEA67AB4EEF8
:10C8D000E77AF1EE10FA00F3F381DFED9C7AB4EE23
:10C8E000E78AF1EE10FA00F3EB81D2F8AC32984708
:10C8F00094ED5D7AD4ED076AD4ED087AB5EEC07A8E
:10C90000F1EE10FAB0EE408A10DD36EE876AF4EEF2
:10C91000C67AF1EE10FA00F3638236EEC77AF4EECF
:10C92000C77AF1EE10FAB8BFF0EE477AC4ED077A95
:10C9300093E79FED830A237C84ED070A002B00F028
:10C94000E481B0EE408A88E7D4ED036ADFED807AB7
:10C9500076EEE77A77EEA77AF5EEC07AF1EE10FA86
:10C9600000F1CD819FED7B7AF4EE476AF1EE10FA8B
:10C97000C8BFF0EE477A94ED607AB5EEC07AF1EE7A
:10C9800010FA40F3A98137EE088AB4EEE78AF1EE97
:10C9900010FA88BFB0EE678A237C6169E161002BE1
:10C9A00040F07C81DFED6B7AF4EEE76AF1EE10FA8D
:10C9B0007FF753AF94F83130002B3FF44EAF5F490F
:10C9C000D2F8A4320A68626002226270984744E793
:10C9D000237C002B40F05C8194F83030002B40F039
:10C9E0006981DFED5C7A94ED037AB4EEE77AF1EEDB
:10C9F00010FA40F19E8194F85C31002B40F0E28106
:10CA00004E4B1B6863600123637026E7D4ED036A15
:10CA1000DFED4F7A76EEE77A77EEA77AF5EEC07A19
:10CA2000F1EE10FA00F16E819FED4A7AF4EE476A5A
:10CA3000F1EE10FAC8BFF0EE477A94ED617AB5EEE8
:10CA4000C07AF1EE10FA40F34A8137EE086AB4EE8C
:10CA5000E76AF1EE10FA00F19B8138EE478AB4EEF6
:10CA6000E78AF1EE10FAB8BFB0EE678A237C6169FD
:10CA7000E161002B40F00C8194F83130002B00F084
:10CA80007A81DFED347AF4EEE76AF1EE10FA40F3E2
:10CA90000B812A49D2F8A4320A68626003226270CC
:10CAA0009847DAE6D4ED036ADFED297A76EEE77A85
:10CAB00077EEA77AF5EEC07AF1EE10FA00F11C815C
:10CAC0009FED247AF4EE476AF1EE10FAC8BFF0EE5B
:10CAD000477A94ED647AB5EEC07AF1EE10FA40F33D
:10CAE000F88037EE088AB4EEE78AF1EE10FA88BFD4
:10CAF000B0EE678A237C6169E161002B40F0CE8053
:10CB0000DFED147AF4EEE76AF1EE10FA04DD94F842
:10CB10003130002B40F03F81084A60681368D4F838
:10CB200064111B1A9942BFF698AE13686360012323
:10CB3000637092E6C87900201088002084190020D4
:10CB400000000000F8A20020A4707D3F3333733F43
:10CB5000CDCCCC3DCDCC4C3E237C002B40F09E80F8
:10CB60005FED047A94ED037AB4EEE77AF1EE10FA11
:10CB700000F19A8094F83030002B40F09580D4ED8D
:10CB8000087A5FED0F6A94ED057A67EEA67AB4EE47
:10CB9000E77AF1EE10FA00F393805FED147AB4EEC9
:10CBA000E78AF1EE10FA00F38B80D2F8AC329847A6
:10CBB00094ED5C7A9EE6237C002B69D194F83030AA
:10CBC000002B77D15FED1D7A94ED037AB4EEE77A0E
:10CBD000F1EE10FA68D4D4ED087A5FED256A94ED91
:10CBE000057A67EEA67AB4EEE77AF1EE10FA67DC22
:10CBF0005FED2A7AB4EEE78AF1EE10FA60DCD2F843
:10CC0000AC32984794ED5E7A74E6D4ED036A5FED3A
:10CC1000307A76EEE77A77EEA77AF5EEC07AF1EE23
:10CC200010FA5FD41FED356AF4EEC66AF1EE10FA21
:10CC300073DD94ED647AB5EEC07AF1EE10FA40F34C
:10CC4000BC80F0EE467A38EE078AB4EEE78AF1EE61
:10CC500010FA88BFB0EE678A5FED427A6369E361DC
:10CC6000F4EEE76AF1EE10FA04DD94F83130002BAF
:10CC70007FF40FAF5C4A60681368D4F868111B1A20
:10CC80009942BFF6EAAD1368636000236370E4E580
:10CC9000554A0523126862606370DEE5524A00233C
:10CCA000126862606370D8E54F4A012312686260BF
:10CCB0006370D2E54C4A0623126862606370CCE56B
:10CCC0004949D2F8A8320A68626004226270984723
:10CCD000C3E5B0EE678A0DE7B0EE678A5CE6B0EEBA
:10CCE000678AC3E694ED647AB5EEC07AF1EE10FA85
:10CCF00060DDDFED3E7AA6E7DFED3C7AE9E6DFEDC9
:10CD00003B7A38E6DFED397A97E6374A0123126835
:10CD10006260B0EE408A63709FE594ED647AB5EE90
:10CD2000C07AF1EE10FA8EDC6369E361B0EE678AD7
:10CD3000A0E7D2F8B0329847D4ED5F6A94ED077A55
:10CD4000D4ED087AF5EEC06AF1EE10FAB0EE408A42
:10CD50007FF7ECAD37EE266AF4EEC67AF1EE10FA04
:10CD60003EDC37EE667AF4EEC77AF1EE10FAB8BF21
:10CD7000F0EE477ADAE51C4965680A68D4F86C0178
:10CD8000521B9042BFF669AD0A686260637064E549
:10CD9000B0EE468A6AE61449D2F8A4320A686260A4
:10CDA00008226270984758E50F4A072312686260AC
:10CDB000637052E59FED0D8A4EE76369E361B0EE63
:10CDC000468A52E7084B60681A68D4F86011121A54
:10CDD0009142BFF616AE1B686360072363703CE5A3
:10CDE000F0EE467AA2E500BF8419002000000000A2
:10CDF00070B4044600F18006074D0FCD103444F89E
:10CE0000100C44F80C1C44F8082C44F8043CB442C0
:10CE1000F2D170BC704700BF54D7040800230370E0
:10CE200043708370C370037143718371C371704722
:10CE3000044B242202FB00300023C0F8A430C0F8C9
:10CE4000C0307047388B002030B50D4B01F12A05FA
:10CE5000012202FA00F453F82520224343F825204A
:10CE6000421E012A02D90638012807D8012202FAF7
:10CE700001F1D3F884210A43C3F8842130BD00BFF7
:10CE8000B089002010B4274B1B7813F0010F264BFC
:10CE90000AD103EB400241F28834B2F9DC1001F60A
:10CEA000C41292B2A24233D9204A9FED217A00EBFC
:10CEB000400102EB4102B2F9B81207EE901AF8EE07
:10CEC000E77A67EE877AB4EEE70AF1EE10FA0CDC47
:10CED000B2F9B62207EE902AF8EEE77A67EE877A83
:10CEE000B4EEE70AF1EE10FA0BD503EB400203EBC8
:10CEF000800005235DF8044BC0ED007AA2F81631DE
:10CF0000704703EB80005DF8044B80ED000A70472A
:10CF100007EE901A9FED060AF8EEE77A27EE800AF0
:10CF2000C2E700BFC8790020B0890020F8A2002025
:10CF30006F12833A70B52D4E96F86633003B18BFDA
:10CF4000012380F8FD30CB7980F8BA300D460446D5
:10CF500000F5827105F1080023F048F9AB7984F8F7
:10CF6000013196F8653384F8FE3094F8B8300F2B11
:10CF70000BD80D2B13D80A2B2DD0052384F8BB30EA
:10CF80004FF47A724FF4FA5310E0102BF5D10423CA
:10CF900084F8BB3040F2413241F6082306E0022318
:10CFA00084F8BB304FF448724FF448630025A4F86E
:10CFB000283184F800512368A4F82A212046984794
:10CFC00094F80331082B02D9103B032B0BD8012313
:10CFD00084F8023170BD062384F8BB3040F265420C
:10CFE00042F22833E2E784F80251F3E7F8A2002086
:10CFF000002302220361838203808380C3804280F6
:10D00000704738B5524B03610D46044623201AF091
:10D01000CBF96B780BB9002038BD042B226908BF0F
:10D0200001231370294620462BF050FF0028F2D030
:10D0300094F8B800022811D1464B2360464B636038
:10D04000464BC4F88830464A136843F00103136026
:10D0500084F80301003818BF0120DDE703280FD151
:10D06000404B2360404B63603C4BC4F888303F4BDF
:10D07000D3F8AC2352235343C4F8CC300620E2E764
:10D08000042808D13A4B2360334B6360334BC4F818
:10D0900088300720D7E7072826D00ED8431F012B5A
:10D0A00011D82E4BC4F88830324B23602E4B63606E
:10D0B000831F032B25D90720C5E7A0F10803012B07
:10D0C000EFD90B2820D0A0F10C03012B25D82A4B37
:10D0D0002360254B63600C28204BC4F8883032D085
:10D0E0000D2832D00020B3E794F8FD30DFED237A2D
:10D0F0009FED237A002B08BFF0EE477AC4ED227A29
:10D10000D2E70230C0B29EE71E4B2360164B63602D
:10D11000124BC4F888300D2095E70F2808D11A4B20
:10D1200023601A4B63600D4BC4F8883011208AE7E6
:10D130001028D7D1164B2360164B6360074BC4F8F9
:10D14000883012207FE70E207DE70F207BE700BFAD
:10D150007CA600206F3304085D36040800007A3D89
:10D16000607600207D3E0408854B0408F8A200206C
:10D1700099320408A5380408FB3C04080000FA3D75
:10D1800000007A3DD5380408713F040819410408AD
:10D19000D9370408E935040810B5044618F096FAA2
:10D1A0000D4BD3F8B023C3F8B003821A41F2883193
:10D1B0008A4206D983F840400022013283F8B42322
:10D1C00010BD93F8B4239918142A81F84040F4D183
:10D1D000012283F83C2010BDF8A200202DE9F04781
:10D1E000984C18F073FA94F8B53305468BB9184685
:10D1F000954B1B785BB1D4F8E03343B1ED1AB5F52C
:10D200007A7F04DB002340F00400C4F8E033BDE87B
:10D21000F08794F8B6E3002384F8B533BEF1000F2D
:10D2200000F0978094F8B80340B210F1630F7ADBF6
:10D23000864E84F8C83394F8C9C3BCF1000F28D0D7
:10D240006FF0290181426FF05B03A8BF014699424C
:10D25000B8BF1946DFF804824FB201236FF03002E5
:10D2600001E018F91320974280F2B88001330D2BAA
:10D27000F7D16423D4F8CC13754A01FB03F382FB86
:10D280000312DB17C3EB621304EB8C029BB2C2F8F0
:10D29000D030307194F8C40394F8C53394F8C623A1
:10D2A00094F8C7131B0443EA00630B4343EA0223C9
:10D2B00003F0F023B3F1E02F43D01027D4F8D83394
:10D2C00094F8D663987894F8DC830322511E63188F
:10D2D00093F8B833334103F00F03984215D90B2B61
:10D2E000214404EB020A10D8BCF1000F01D06345C1
:10D2F0000BD091F8B8939AF8B81309EA080904EB2F
:10D30000830301EB0921C3F8D0100232BA42DDDBFE
:10D31000BEF1000F13D094F8BA331B060FD4C4F833
:10D32000E053012064E794F8C833484E0133DBB280
:10D33000042B84F8C83333D896F904007BE7012026
:10D3400056E794F8BA3313F0800F14BF10270C2758
:10D35000B4E718F0BBF93D4E3E4B7279A3FB0013C6
:10D360005B0C02B394F8B82394F8B903122818BFE1
:10D370000128C1B208D001F0EF01A1F1A201B1FA78
:10D3800081F1490901B97171D4F8D01399B994F8B0
:10D39000C9C394F8B6E3A4F8D423C4F8D03379E72A
:10D3A0006FF05B0047E794F8B81394F8B92302EBE9
:10D3B000012292B2E8E78B420BD0591A012994F866
:10D3C000C9C328D094F8B6E3A4F8D423C4F8D03362
:10D3D00060E794F8C9C394F8B6E35BE7DFF88080B0
:10D3E0005F1E08EB470708EB430397F811905B7C3F
:10D3F00097F91070A3EB0903C91B01FB03F3D21BC0
:10D4000093FBF2F202EB09035BB2642BA8BF642327
:10D4100023EAE3732EE7BCF1000FD3D0B4F8D403B2
:10D42000D4F8CC130C4E101A143801FB00F186FB13
:10D430000160C917A1EBE00104EB8C0089B2C0F8D0
:10D44000D010BFE7F8A20020458100201C06002074
:10D450001F85EB5183DE1B436766666664D704084D
:10D4600054D7040808B518F031F9094B094A1B785C
:10D47000D2F8E42353B1801A6FF47A73C31840F2E0
:10D48000E63083428CBF0020012008BD184608BD4D
:10D4900078810020F8A200202DE9F0417B4D18F0A2
:10D4A00015F9D5F8E8237A4B801A984206DD95F8ED
:10D4B000EC33062B04BF0023A5F8EE3395F8F003F8
:10D4C00008B9BDE8F08195F8F6330022162B85F8EF
:10D4D000F02362D095F8F723C2F34113022B02F038
:10D4E0001F0250D0032B3AD0002B42D0694B4FF093
:10D4F0007C514FF00B0C1960664640F2FF7895F8AE
:10D50000F533033BDB0093FBFCF313F0FF0323D065
:10D51000614F013B52FA83F307F1040E002007EB41
:10D5200082070EEB830E0246012309E0E91802F19F
:10D53000080491F8F713013391400843E2B2DBB2DB
:10D540009642F3D800EA080147F8041B921BBE4537
:10D55000D2B220FA0CF0F3D10120BDE8F0814D4B9E
:10D560004FF078514FF00D0C1960664641F6FF7888
:10D57000C5E7484B4FF07E514FF00A0C19606646E4
:10D5800040F2FF38BBE7434B4FF07A514FF00C0CA1
:10D590001960664640F6FF78B1E795F8FC1395F8F8
:10D5A000FB6395F8002495F8043495F8080495F881
:10D5B000F843B5F8F8C3D5F8F87301F00F01C901C5
:10D5C00041EA560102F01F0295F8FF63C5F85011B9
:10D5D000920142EA9602C5F85C2195F8036495F839
:10D5E000F72395F8071403F03F0304F0070400F055
:10D5F0007F005B0143EAD60342EA0422B5F8FC63EC
:10D60000D5F8FC43C5F86831000140EA1111B5F8BE
:10D610000004B5F80634C5F87411C5F84421B5F80E
:10D620000214D5F80424C6F30A16C4F3CA34C5E9B3
:10D630005564C0F34A10174CC5F86001CCF3CA0C0E
:10D6400016482060C7F38A37C1F30A01C2F38A1271
:10D65000C3F34A03C5E95B23C5E952C7C5F86411A2
:10D66000D5F8081495F80C3495F80B04B5F80A248D
:10D67000DB0043EA5013C1F3CA11C2F38A02C5E9C1
:10D680005F23C5F878110120BDE8F081F8A20020E1
:10D6900090D003001C0600203CA4002001F11F3F95
:10D6A00070B540F2014343EA800418F00FF80C4EC5
:10D6B000054696F8443406EB8303D3F83404E307B5
:10D6C0000AD51AF015F8640805F1340507D017F0EB
:10D6D000FDFF8542FBD8ECE71AF004F8F3E770BDD4
:10D6E000F8A2002070B5194C94F8443404EB83037D
:10D6F00006460D46D3F83404012119F0B1FF00238A
:10D7000084F8883284F889323078FFF7C9FF013D08
:10D7100016F8010BFEF746FA15F0FF05F4D194F860
:10D7200045343BB194F88802FFF7BAFF94F88902B8
:10D73000FFF7B6FF94F8443404EB83042021D4F8B7
:10D740003404BDE8704019F08BBF00BFF8A2002080
:10D750002DE9F843204C214D266807460236A8469D
:10D7600095F8443405EB8303D3F834041AF036F902
:10D7700010BB17F0ABFF00F1270517F0A7FF85429C
:10D78000FBD8002634464FF0010998F8443408EBE2
:10D790008303D3F834041AF021F918B109FA06F317
:10D7A0001C43A4B2092E05F134050BD017F08EFFEF
:10D7B0008542FBD80136E8E723689E42D0D8002096
:10D7C000BDE8F88340F201232340B3F5007FF6D192
:10D7D00064083C700120F3E784190020F8A20020BF
:10D7E00013B5FF2304468DF807300DF10700FFF74E
:10D7F000AFFF00B91CB99DF8070002B010BD013C95
:10D80000F3E713B5FE23ADF8043000238DF806309E
:10D8100003788DF80730044613B901238DF80630DC
:10D8200004210DEB0100FFF75DFF0220FFF7D8FF99
:10D83000FF280CD121786068FFF754FF2820FFF7FC
:10D84000CFFFA0F130035842584102B010BD002074
:10D85000FBE737B5054608461446FFF7D2FF78B117
:10D860000123022101A88DF805308DF80450FFF73F
:10D8700039FF2046FFF7B4FFA0F13003584258416A
:10D8800003B030BD07B50F4B0268934317D0FF2399
:10D890000421ADF8043043788DF8063083788DF894
:10D8A00007300DEB0100FFF71DFF0220FFF798FF87
:10D8B000A0F130035842584103B05DF804FB012049
:10D8C000FAE700BF00FFFF0073B5204E002286F884
:10D8D000882286F8892286F8492486F84A24014459
:10D8E000FF228DF807200446CDB22046FFF730FF17
:10D8F000F8B114F8010BFEF755F9E3B2AB42F4D1DD
:10D9000096F84534EBB11248FFF722FF88B1114871
:10D91000FFF71EFF68B10DF10700FFF719FF40B1D7
:10D92000B6F88822B6F849349A4202D0C2238DF85C
:10D9300007309DF80700A0F130035842584102B06B
:10D9400070BD0DF10700FFF703FFF2E7F8A200201A
:10D9500041A7002042A7002037B5054608460C46DF
:10D96000FFF790FF60B123788DF80450022101A8E1
:10D970008DF80530FFF7B6FE21786068FFF7A4FF49
:10D9800003B030BD30B50F4C83B00023D4F84C2425
:10D9900084F84B3405460DF106010820ADF8063039
:10D9A000F7F746F8D4F84C240DF106018120F7F77B
:10D9B0003FF8D4F84C14BDF806202846F7F754F881
:10D9C00003B030BDF8A2002038B51A4C17F07EFE27
:10D9D000D4F85034C31AB3F5FA6FC4BF002384F8E7
:10D9E000543494F85434054623B90023C4F8583409
:10D9F000012038BD1049D4F858040022F6F71CFA6B
:10DA000094F854347BB90D4B1B781A2B04D1D4F8FD
:10DA10005C340B4AEB1AD3600023C4F85C54C4F89E
:10DA20005834012038BD0748FFF7ACFF002384F8C5
:10DA30005434E8E7F8A200204CA70020B0220020D0
:10DA4000B422002080D7040838B5044617F010FE31
:10DA50005B4B002283F8542493F84B24012A06D907
:10DA6000D3F8602440F6AC51821A8A422BDCE2B231
:10DA70007E2A38D093F84B1421B393F84B141B290A
:10DA800070D893F8D014002900F09280002182F021
:10DA9000200283F8D01493F84B14022903D1012AF1
:10DAA00008BF83F8C82493F8660493F84B4493F8AE
:10DAB0004B1403EB401020440131C9B280F86724B5
:10DAC00083F84B1438BD3F49B3F864240978013218
:10DAD00092B21A29A3F8642459D0002283F84B2467
:10DAE000E2B27E2AC6D193F84B24012A2ED993F8AC
:10DAF0006624354993F867540132A1FB024101F4D1
:10DB0000FF7404EB5101521AD2B295420AD093F835
:10DB10004B4493F8661483F8662403EB4112611EAC
:10DB200082F8831493F8C8243AB10121002283F8C3
:10DB3000541483F8C824C3F85004224A12781A2ACD
:10DB400030D00022C3F8CC0483F8D024012283F81B
:10DB50004B2493F86624C3F8600403EB4213C3F824
:10DB6000840438BD002283F84B241649B3F864249A
:10DB70000978013292B21A29A3F86424A2D1B3F829
:10DB80006434124A9BB20221C2E9013138BDB3F8B4
:10DB900064240E4992B20125C1E90125002283F8CF
:10DBA0004B249DE7D3F8CC240849821A0A60C8E7C1
:10DBB0007D2A7FF470AF012283F8D02438BD00BFE6
:10DBC000F8A20020B0220020ABAAAAAAB42200200A
:10DBD00070B5044617F04CFD2A49D1F8D434C31A65
:10DBE000B3F57A6F16DC91F8D834C1F8D404B3B128
:10DBF000022B40D0442B91F87D2041D901335200B3
:10DC0000DBB2D51CAB4281F8D83416DD0532934225
:10DC100028D070BD0023C1F8D40481F8D834A82CD2
:10DC2000F7D1002391F87D2081F87C30A1F87E3077
:10DC30002546CE1886F88050E0E7B1F87E20E3B2A2
:10DC400082EA032341F22104082213F4004F84EAFC
:10DC500043000ABF5B0083B29BB2013AF5D1A1F841
:10DC60007E3070BD0022012381F8D824C1F8C8009D
:10DC700081F87C3070BDE5B281F87D502A46D8E746
:10DC8000E5B2D6E7F8A2002010B5164C94F884351A
:10DC900033B1002384F884350023C4F8883510BDDF
:10DCA000D4F8883533B9104A926813600023C4F859
:10DCB000883510BD17F0DCFC0B4AC4F88C05D16820
:10DCC000D4F8880504F2DC4399420CBF04F5A6633E
:10DCD00004F5A6611860C2E902130023C4F8883570
:10DCE00010BD00BFF8A200201C06002010B504469D
:10DCF00017F0BEFC0D4A0E4B9268C3F890051168F0
:10DD000019B9D3F888154F2906D90822002183F8BC
:10DD10009425C3F8881510BDD3F88805D3F8881565
:10DD2000024401311471C3F8881510BD1C0600208F
:10DD3000F8A2002038B50D46044617F099FC134BA5
:10DD4000D3F89825C3F89805821A41F288318A429F
:10DD500009D9E4B2012283F8B84383F89C25002254
:10DD600083F8B52338BD93F89C250F2AFAD8991863
:10DD70000132D2B2E4B2102A81F8B84383F89C256C
:10DD8000EDD10122286283F8B52338BDF8A2002026
:10DD900038B50C46054617F06BFCE36940F6AC520B
:10DDA000C31A93420DDD002384F820300F2D07D1D4
:10DDB0000123E061257084F82030002384F82130AD
:10DDC00038BD94F82020002AF0D0182AF8D8511C29
:10DDD000C9B2192984F82010A554EED1054A127849
:10DDE000192A08BF044A4FF0010184F8211008BF26
:10DDF000936038BDB0220020B422002070B51C4CC6
:10DE0000054617F035FCD4F8A035C31AB3F5FA7FF0
:10DE10000BDC94F8A43543B1022B8ABF94F8A925F2
:10DE200005220232934208DB70BD0123C4F8A0052D
:10DE300084F8A85584F8A43570BD591CC9B2234490
:10DE4000914284F8A41583F8A855EDDB094DA5F19E
:10DE500014060FCE0FC5002384F8A43533682B8039
:10DE6000012384F8CE3517F003FCC4F8E40370BD39
:10DE7000F8A20020B4A8002038B5044617F0F8FB3B
:10DE80002F4BD3F8D025821AB2F5FA7F2ADD002273
:10DE9000C3F8D00583F8D42583F8D525E1B2042949
:10DEA00008D0202906D093F8D8259AB3A24218D1D9
:10DEB000002221E0002202254FF6FF7483F8DC5592
:10DEC000A3F8DA459D184C1EA24283F8D81583F8B2
:10DED000D61583F8D72585F8E01515D0013283F8DB
:10DEE000D42538BD93F8D5252ABB93F8D425C3F89B
:10DEF000D005002AD2D0E1B293F8D6459D18013C56
:10DF0000A24285F8E015E9D10122C3F8000683F8A2
:10DF1000042638BD552CC9D101211F2083F8D845CE
:10DF2000A3F8DA2583F8E04583F8D71583F8DC15E4
:10DF300083F8D605D2E7013A83F8D52538BD00BF6E
:10DF4000F8A2002038B5044617F092FB354BD3F801
:10DF50001426821AB2F57A7F23DC93F81816C3F8D8
:10DF6000140651B34A1CD2B2D3F81C5683F81826B3
:10DF7000062A6C542FD193F85822012A4DD093F8D9
:10DF80001A26012A02D1AA78092A3CD9002228217E
:10DF900083F8182683F8582283F81A2683F819166E
:10DFA00038BD00222821C3F8140683F8182683F808
:10DFB000582283F81A2683F819163D2C26D03E2CB9
:10DFC000EED11949C3F81C16012283F85822012208
:10DFD0000C7083F8182693F819169142E0D193F843
:10DFE0005822012A04BF022283F8582293F81A26E5
:10DFF000012A04D10222C3F8840283F81A260021E0
:10E00000282283F8181683F8192638BD0749C3F863
:10E010001C16012283F81A26D9E7AA78282AAED836
:10E02000F1E700BFF8A2002054A5002000A90020BD
:10E03000F8B51E4C94F82056064604F22461AA1E38
:10E0400001443544002022F0CDFCAB1E013D2344A9
:10E05000254493F8242695F8243603EB02239BB23B
:10E06000984200D0F8BD94F84756DDB1721CD2B288
:10E0700004EB450520464FF4AF66511CA31821441C
:10E0800093F8247691F8243603EB07239BB206FB22
:10E0900003F31B1303F5487320F8023BA84202F177
:10E0A0000202EAD101232376F8BD00BFF8A20020C6
:10E0B00070B582B0404C0190054617F007FBD4F8CC
:10E0C0004836C4F84806C31AB3F5FA5F25D90023C9
:10E0D00084F84C3684F84D36A12D5ED0A22D64D044
:10E0E00094F84D26002302B394F82066E218013319
:10E0F000DBB2EDB2B34282F8245684F84C361AD122
:10E1000094F84E36052B18D0062B19D0002384F82E
:10E110004D3684F84C3602B070BD94F84C36002B66
:10E12000DAD094F84D26002ADED194F84C3694F8D3
:10E130002066B342E4D002B070BD0020FFF778FF44
:10E1400094F825361E2BE1D1013E002E4FF000033E
:10E150001ADD19461A462244184692F82436082237
:10E1600080EA0305ED074FEA530302F1FF3248BF8F
:10E1700083F08C0312F0FF02C0F34700F0D10131AD
:10E18000C9B2B1420A46E6DB264496F824269A42F2
:10E19000BCD10320FFF74CFFB8E701231B2684F80E
:10E1A0004D3684F820660023A0E70123232684F857
:10E1B0004D3684F82066F6E7F8A2002010B5114C21
:10E1C000D4F850360BB9012010BD17F07FFAD4F8FF
:10E1D0008C35D4F890259B1A002BF4DDD4F89035BB
:10E1E000C01AAD28EFDD084BD4F85026186804F2A9
:10E1F0005461012384F8843519F044F90023C4F8EC
:10E200005036E0E7F8A200202C83002010B5074C20
:10E2100022780AB9012010BD054B0649186819F08B
:10E2200031F900232370012010BD00BF458100207B
:10E2300024830020308100202DE9F041234C94F804
:10E24000CE3523B394F8BE150646D522002084F8B7
:10E25000CE0522F0B9FB94F8BD75022F0BDD04F258
:10E26000BC58B84404F2BE5515F8011FD52222F05F
:10E27000ABFBA845F8D1274497F8BD3583420ED1B2
:10E2800094F8BC35822B18D00820BDE8F081FFF748
:10E29000E9F800280CBF00200420BDE8F0810C4BF9
:10E2A0001B78412BF0D1B4F8A6360A4A01331BB2D1
:10E2B000A4F8A63613600820EFE7D4F8E4333362FD
:10E2C000012284F8A4260520BDE8F081F8A20020F0
:10E2D000B0220020B4220020F8B53D4C94F804365A
:10E2E0000BB90020F8BD94F8D7350026012B054660
:10E2F00084F8046623D194F8D63594F8DC15B4F884
:10E30000DA65234401F11C0C93F8DF2593F8DEE570
:10E310000EEB022E1FFA8EFE5FFA8CFC0B46E01805
:10E32000023390F8E17590F8E025DBB202EB0722AA
:10E330003244634596B2F2D1B645D2D10DE094F89D
:10E34000D61504F5BC60F5F79DFA0028C9D094F8FD
:10E35000D835202B34D194F8DC151E480B4600F13B
:10E360003807E6189A1C96F8E13596F8E0651B0226
:10E3700003F47063334440F8043B8742D3B2F0D1D6
:10E380004A1C1931D2B2C9B204F50477A618063274
:10E3900096F8E23596F8E40596F8E06523F00F0369
:10E3A000000143EA161300F47060D2B203438A42BC
:10E3B00047F8043BEAD1D4F800362B620120F8BDBF
:10E3C00004F5BC60F5F786FA84F8D5053046F8BD4B
:10E3D000F8A20020D0A4002038B50D4C0546014617
:10E3E000D4F8A80619F070F8B4F8AC3641F221025E
:10E3F00083EA0520082310F4004F4FEA400018BFBD
:10E400005040013B80B2F6D1A4F8AC0638BD00BF45
:10E41000F8A2002010B5064CD4F8A80619F02EF882
:10E420000028F9D0D4F8A806BDE8104019F01EB8AD
:10E43000F8A2002010B5FFF7EDFF0A4AB2F8AE3699
:10E4400083EA00239BB2082141F2210413F4004F18
:10E450004FEA430318BF634001399BB2F6D1A2F8DB
:10E46000AE3610BDF8A200202DE9F04FCF4CCDB054
:10E47000C4F8A80612F090F94FF000084FF0010A16
:10E4800084F8AE8684F8AF86FFF7D4FF2F28F7D143
:10E490000121002019F0F2F9ADF80080FFF7CAFF62
:10E4A0008146FFF7C7FF8DF80900FFF7C3FF8DF81E
:10E4B0000A00FFF7BFFF0DF1300B064607465D4629
:10E4C000FFF7B8FF013F17F0FF070BF8010BF7D17B
:10E4D000FFF7A0FF8DF80500FFF79CFF8DF8040003
:10E4E000BDF80420B4F8AE3601219A4218BF0327C4
:10E4F000002019F0C3F9002F7FD1A9F13003039553
:10E50000102B00F2D181DFE813F0640089002F02A4
:10E5100091001100AF00CF010001CF018201AD01D8
:10E52000DA01CF01C801F5019A000C0201266D46FF
:10E53000B3460021084684F8AC8684F8AD8619F00D
:10E540009DF9D4F8A80618F083FF2E20FFF744FFAA
:10E550004846FFF741FF9DF80900FFF73DFF9DF892
:10E560000A00FFF739FF5846FFF736FFD4F8A80630
:10E5700018F080FF0028F9D015F8010B0BF1FF3BD4
:10E58000FFF72AFF1BF0FF0BF0D13846FFF724FFFF
:10E5900094F8AD16D4F8A80618F096FF94F8AC16C7
:10E5A000D4F8A80618F090FFD4F8A80618F04AFF8F
:10E5B0005946584619F062F9002E3FF461AF94F8BD
:10E5C000B136002B40F0DA8118F092FF4DB0BDE873
:10E5D000F08F94F8453483B194F8B036022B11D8FB
:10E5E00093B1FD23022107A8ADF81C30FFF77AF89C
:10E5F0000120FFF7F5F8C12806D100266D464FF03F
:10E60000010B96E7042BECD084F8458484F846840B
:10E6100000266D464FF0010B0F278AE76C238DF81B
:10E62000003000266D464FF0010B82E74FF4D963AE
:10E63000ADF8003000266D464FF0020B79E72E78DA
:10E64000022E07D9042E08D000266D464FF0010B8C
:10E6500009276EE7002E00F08C8184F8B0666D46C5
:10E6600000264FF0010B64E72D7894F8B136AB42E9
:10E6700005D800266D464FF0010B082759E794F89E
:10E68000B03684F84454022B34D8ABB39DF80A60FA
:10E69000ADF81C80022107A884F845A4FFF722F8F2
:10E6A000012E29D104EB85053146D5F8340418F044
:10E6B000D7FF94F8443404EB8303D3F8340419F0FF
:10E6C00011F83B4B19681A68521AB2F5967FFAD3C3
:10E6D00094F8443404EB8303D3F8340419F008F8B5
:10E6E00094F8443404EB83032021D3F8340418F065
:10E6F000B7FF01E0042BC9D084F8458484F8468430
:10E7000000266D464FF0010B13E72B7894F8B126E5
:10E7100084F845849A4284F84684AAD984F844341B
:10E720000326244B07AA03F1100C186859681546F4
:10E7300003C5083363452A46F7D11B782B70112196
:10E7400007A8FEF7CFFF082104A8FFF7BDF80028AF
:10E7500050D09DF81030342B4CD19DF81130372B10
:10E7600048D19DF81230312B44D19DF813309DF8DB
:10E77000150084F847349DF8143084F8463484F842
:10E780004504B4F8451401F5BF521F3292B241F26C
:10E79000FE05AA4212D884F8B0A694F8B036064D09
:10E7A00084F8483400264FF0040BC2E6F8A200209B
:10E7B0008419002087D704083DA7002021F0080213
:10E7C00049F20735AA4207D049F20A32914203D0F2
:10E7D00049F20B42914203D1022384F8B036DCE7C0
:10E7E000013BDBB28E2B05D8062803D1042384F825
:10E7F000B036D2E7013E16F0FF0692D1694D84F89B
:10E80000456484F846644FF0040B0F2791E694F8B2
:10E81000B026012A01D0042A46D12B788DF8003089
:10E82000042A0CBF9B005B00DBB202A88DF8093004
:10E830008DF80A80FFF726F870B14FF4817302213A
:10E8400007A8ADF81C30FEF74DFF40F2DC50FEF794
:10E85000C7FF30283FF4D1AE00266D464FF0010BC4
:10E860000F2766E62B788DF8083094F8B036022B27
:10E870000CD8CBB1022B0BD102A90720FFF76CF803
:10E880000028E9D09DF808B0002652E6042B0BD1F1
:10E8900002A90320FFF760F8F2E72B788DF8083023
:10E8A00094F8B036022B05D000266D464FF0010BD0
:10E8B00002273EE602A90420FFF74EF8E0E794F8AD
:10E8C000B0368DF80860022B10D8002B3FF495AEBF
:10E8D00002A8FEF7D7FF0028BED0FA2202A9012025
:10E8E000FEF7B7FF00287FF488AEB5E7042B7FF46E
:10E8F00084AEEDE794F8B0368DF80860012BD3D0E4
:10E90000022BA9D102A8FEF7BDFF0028A4D040F237
:10E91000DC5202A90520FEF79CFF00287FF46DAEB3
:10E920009AE794F8B056042DBED102A88DF808607D
:10E93000FEF7A8FF00288FD002A8FEF762FF00288C
:10E940008AD04FF48273022107A8ADF81C30FEF77D
:10E95000C9FE1420FEF744FF30283FF44EAEC02815
:10E960007FF47AAF2F4648E60F4D00264FF0090B93
:10E97000DFE56D464FF0010B0927DAE5013BDBB21D
:10E9800084F8B13604EB83030221D3F8340418F081
:10E9900067FE94F8B13604EB8303D3F8340418F01F
:10E9A000A1FE0CE63DA7002058250508094BD3ED34
:10E9B000086A16EE903A26EEA67A002BF0EEC77A99
:10E9C000B8BFF1EE677A27EE800A034B83ED160A93
:10E9D000704700BFB0860020405A002008B50120D3
:10E9E000FDF7FEF8044B93ED080AFFF7DFFFBDE8E3
:10E9F0000840FDF743B900BF405A0020374A384B62
:10EA0000D2ED086A374A93ED0D4A92ED016A93ED13
:10EA10000F7A93ED0C5AD3ED0E5AD2ED027AD3ED64
:10EA2000124A66EEA66A30EE466A66EE846A65EEC3
:10EA3000A75AA6EE867A66EE056AB5EEC07AF1EEC2
:10EA400010FA47D4F4EEC74AF1EE10FA98BFB0EED0
:10EA5000647A76EEA57A244A83ED0F7A77EE877A88
:10EA60001378F4EEE47AF1EE10FA8CBFB0EE640A9B
:10EA7000B0EE670A4A2B2CD1B0EEC65AF1EEC57A39
:10EA80001A4B16EE102A9FED1A5AF0EEE77A26EE90
:10EA9000055A002A9FED166AB8BFF1EE677A67EE55
:10EAA000867ABDEEC55AFDEEE66AFDEEE77ABDEE6A
:10EAB000C77AFDEEE55ABDEEC06A83ED005AC3ED9C
:10EAC000017AC3ED026A83ED037AC3ED045A83ED44
:10EAD000056A70479FED077ABBE700BFB08600204C
:10EAE000405A0020ACA90020B0220020B42200200F
:10EAF0000000C8420000000010B50E4C94F8A707B3
:10EB0000E8F770FD94F8B507E8F76CFD94F8C237A4
:10EB1000022B04D0084B1A78022A05D010BD94F8B5
:10EB2000C607E8F75FFDF5E7BDE810409878E8F71D
:10EB300059BD00BFF8A2002044920020054B93F875
:10EB4000520603F5DC723C3301280CBF1046184610
:10EB5000704700BF84410020114B124A002908BFB2
:10EB6000014630B51874597413889BB10E4CB4FB30
:10EB7000F3F5956004FB01F5B3FBF1F1B5FBF3F59B
:10EB80004443D560B4FBF3F45180B3FBF0F314615C
:10EB9000938030BDC2E90233136153809380F8E75C
:10EBA0001C0600208441002040420F002DE9F04166
:10EBB0006A4C6B4E94F879332DED048B84B06BB1B5
:10EBC000B4F87E3353B1B4F86A23A6F85A36B4F8D1
:10EBD0008033A6F85C36A6F85826012386F8563608
:10EBE000B4F868335E4D9FED5F9A08EE103A3388B3
:10EBF00008EE903AB8EE488AF8EE688A4FF00008BE
:10EC0000002705F54E700121B0EE491AF0EE680AB2
:10EC1000B0EE480AC5F84473C5F84073C5F83C73B4
:10EC2000C5F8387308F1010821F048FD05F5577063
:10EC30009FED4D1AC5F868730121F0EE680AB0EE39
:10EC4000480AC5F86473C5F86073C5F85C7321F0B1
:10EC500035FDB8F1030F05F14805D2D1B4F86A3398
:10EC600094F8791396F856264048039200EE103A2D
:10EC70007388009100EE903AB8EE400AF8EE600A10
:10EC80008DED010ACDED020A21F05EFC039ADDED67
:10EC9000020A9DED010A0099354821F055FC039ABE
:10ECA000DDED020A9DED010A0099324821F04CFC8D
:10ECB000B4F86C3394F87A132F48009100EE103AB0
:10ECC000738800EE903AB8EE400AF8EE600A00222F
:10ECD000CDED020A8DED010A21F036FCDDED020AD0
:10ECE0009DED010A00992548002221F02DFCDDED63
:10ECF000020A9DED010A00992148002221F024FC1E
:10ED00007388204801EE103AB4F8703300EE903A60
:10ED1000B4F86E3300EE103AB8EE411AF8EE600A1D
:10ED2000B8EE400AEAF7D2FC7388174801EE103AB1
:10ED3000B4F8743300EE903AB4F8723300EE103A3F
:10ED4000B8EE411AF8EE600AB8EE400A04B0BDEC25
:10ED5000048BBDE8F041EAF7B9BC00BFF8A200207F
:10ED600084410020D48B0A3F753DA73F9445002085
:10ED7000C4450020F44500202446002054460020CD
:10ED800084460020B44600204447002030B5234983
:10ED900091F85236012BE1B004D0022B19D0ABB15F
:10EDA00061B030BD01AC01F5DC7120464FF4BE729C
:10EDB0002CF066FEA3681BB10DF1BA0120469847FE
:10EDC000174BB4F9B6201A8061B030BD01AC3C31AC
:10EDD000EBE701AC3C3120464FF4BE722CF050FE04
:10EDE000A3681BB10DF1BA01204698470D49B4F94B
:10EDF000B6504FF4BE7220462CF042FEA3681BB101
:10EE00000DF1BA0120469847B4F9B630044AAB4236
:10EE1000B8BF2B46138061B030BD00BF84410020D5
:10EE20005C7600203C4300200D4B93F85226012ACB
:10EE300007D0022A0BD0D3F8B401B0FA80F0400911
:10EE40007047D3F83003B0FA80F040097047D3F828
:10EE5000B421D3F8303313430CBF01200020704796
:10EE60008441002070B516F031FC0E4A0E49C2F8FC
:10EE7000D80702F5F96402F2DC7001F10C0602F227
:10EE8000E4720025F1EC017A24F8025BFDEEE77AEA
:10EE9000B14217EE903A1BB220F8023B22F8023B37
:10EEA000F0D170BDF8A20020EC8D00200239D0ED29
:10EEB000007A90ED017AD0ED026A062911D8DFE8D8
:10EEC00001F0171E272E37400400B1EE477AF1EE0D
:10EED000677AF1EE666A80ED007AC0ED017AC0EDE6
:10EEE000026A1C4B9B7C03B170471B4921F0ACB8F4
:10EEF000F1EE677AC0ED017A80ED007AF1E7F1EE8C
:10EF0000677AB1EE477AC0ED007A80ED017AE8E7E2
:10EF1000B1EE477A80ED007AC0ED017AE1E7F1EEDB
:10EF2000677AF1EE666AC0ED007AC0ED026AD8E752
:10EF3000F1EE666AC0ED026A80ED007AC0ED017AFA
:10EF4000CFE7B1EE477AF1EE666A80ED017AC0ED67
:10EF5000026AC6E71C060020E4AA002010B5044699
:10EF600021F072F8044B9B7C03B110BD204603498D
:10EF7000BDE8104021F068B81C060020E4AA00207B
:10EF80002DE9F04F2DED088B436883B00446984778
:10EF9000002800F0C580D4F87871B34B002684F8BF
:10EFA000FC60002F4AD193F87833B4F9B020002BDD
:10EFB00040F0BB80AD4B93F85436002B40F0B58049
:10EFC000D4F8A430D11A0029B8BF4942B1F5804F16
:10EFD00002DCC4F8A420134607EE903AB4F9B2104C
:10EFE000D4F8A83094ED237ACA1AF8EEE77A002A0A
:10EFF00077EEC77AB8BF5242B2F5804FC4ED267A99
:10F0000002DCC4F8A8100B4607EE903AB4F9B4102D
:10F01000D4F8AC3094ED247ACA1AF8EEE77A002AD4
:10F0200077EEC77AB8BF5242B2F5804FC4ED277A67
:10F0300000F39380C4F8AC100B468EE08B4AB3F813
:10F040007C539168B3F976238948DFED8A8A00788A
:10F05000019042F2107909FB05F9B9FBF1F907EECD
:10F06000909AF8EEE77AB7EE007A87EE27AA314653
:10F0700004F18C08254604F1B00A4FF0010B08EEAC
:10F08000102A93F864239FED7C9A09EE902A7B4A1C
:10F09000B8EEC88AD068F8EEE9AA68EE288A8446F5
:10F0A0003AF9020B4F4507EE900A6CD098ED298A89
:10F0B000D5F84C01F8EEE77A013037EE888A01285E
:10F0C00088ED298AC5F84C016DD095ED4F5A95ED24
:10F0D000516A07EE100A77EEC55AB8EEC77A012FCB
:10F0E000C5EE876A36EE857A77EEC77A85ED507A77
:10F0F000A5EEA76A85ED4F7A85ED526A85ED516AD6
:10F1000059D00136032E08F1040805F11405C7D1C2
:10F110006046012FD06000F08B80013FC4F8787109
:10F1200003B0BDEC088BBDE8F08FB4F9B23094EDBC
:10F13000246AD4ED236A07EE103A07EE902AB8EE5F
:10F14000C77AF8EEE77A37EE467A77EEE67AB4F9E0
:10F15000B43084ED277AC4ED267A07EE903A94ED28
:10F16000257A94F8BA10F8EEE77A092977EEC77A8B
:10F17000C4ED287A43D004F1980003B0BDEC088BAD
:10F18000BDE8F04F92E688ED299AC5F84C1198ED4C
:10F19000298A88ED009AF8EEE77A37EE888A88EDBA
:10F1A000298AC5F84CB1012FC5ED507AC5ED4F7ACB
:10F1B00085ED519AA5D1D5F84C01012829DD0138FA
:10F1C00007EE900AD5ED526AF8EEE77A86EEA77A56
:10F1D000B1EEC7BA06B319EE900A20B1F4EECBAA8D
:10F1E000F1EE10FA3AD42AEE088A022E88ED008A4F
:10F1F00087D138EE688A604684ED258A89E704F570
:10F20000827104F1980003B0BDEC088BBDE8F04FAB
:10F21000A4E6B0EE49BADDE701981428DBD1B0EEE0
:10F220004B0A2BF07FF8104B144A84460021D2E79A
:10F23000134A93F8101813680022C3E90722C3E9A0
:10F240000A2229B10F4B1B6833F480537FF465AF5A
:10F25000012011F0BBFAD4F878715EE7C2F80CC057
:10F26000C4F878915CE700BFF8A200208441002038
:10F27000B02200200AD7233C00000000B422002066
:10F280001C760020AC7C0020F8B5134E134DB6F868
:10F29000442012B9A5F81428F8BD114B1B88A5F815
:10F2A0001438002BF8D0002405F61807B6F84430BF
:10F2B00000EE903AB5F8143800EE103A3819F8EE2E
:10F2C000600AB8EE400A00220821303421F03CF9EF
:10F2D000902CEBD1E0E700BFCC790020F8A2002011
:10F2E000305A00202DE9F04F2DED088BB14CB24D76
:10F2F00094F87833012B8DB000F04E81022B0CBFB7
:10F300000723002385F85E36AC4B1A7800200121D4
:10F31000D31E85F85306A5F854163A2B3FD8DFE8DC
:10F3200013F038013E003E0038013E003E003E0032
:10F330003E003E003E003E003E0038013E003801E7
:10F340003E003E0038013B003B003E003E003E00D8
:10F350003E003E003E003E003E003E003E003E00BD
:10F360003E003E003E003E003E003E003E003E00AD
:10F370003E0038013E003E003E003E003E003E00A2
:10F380003B003E003E003E003E003E003E003E0090
:10F390003E003E003E003801012385F8553694F8C2
:10F3A000673394F8827385F85236002384F8C038A6
:10F3B000002F00F02181FE0700F1AA80BB0740F179
:10F3C000B8807F497F48FDF71CFE94F8C0380028BC
:10F3D00000F0E68043F0020384F8C038002F40F0CC
:10F3E000E480794E84F882334FF0010895F8522674
:10F3F000022A00F05E82002A40F0DA85D90700F187
:10F40000F68203F00301DA4302F00102032985F8D2
:10F41000522684F8672300F0D78595F85236013BD1
:10F42000012B1ED84FF001086849C5F8341201F1CC
:10F4300010036448C5F83832A1F58971FDF77AFDEB
:10F4400095F8543623B195F8BA32003B18BF012322
:10F450005F4A95F8BB1285F854361175B8F1000F64
:10F4600004D0022384F8F23821F00CFB95F85236D0
:10F4700013F0FD0F00F0358295F85236D5F8C42010
:10F48000C5F83463012B6A6100F04682514FB6F82B
:10F490002831B6F82A812B80582200213846A5F859
:10F4A00050862DF04FFAFFF749FBB861DFF8449121
:10F4B00094F86723B6F8B81099F80330B982012A96
:10F4C0003B7708BF444894F8AB3714BF434894F8DF
:10F4D000B9374349BB7520F089FE99F80230132BE8
:10F4E00000F29D82DFE813F09F029B029B029F02C5
:10F4F0009B029B029B02A302A7029B02A702A702F8
:10F50000A7029B0243054A054A059B025005540584
:10F510002D4E34493046FDF774FD8046002840F0FA
:10F520003382B8073FF54DAF94F8C038002B7FF415
:10F530005DAF4FF0000B2C4E94F8C21794F8C7370C
:10F5400086F8D430022906F18403F36000F0A2812A
:10F55000032900F08781012900F06381234E33786D
:10F5600096F80580012B55D0022B07D1204D7178DC
:10F57000284618F0EFFD002840F01182092409F018
:10F5800033FA013CFBD158460DB0BDEC088BBDE809
:10F59000F08F85F8532602E7042385F85E36B3E63C
:10F5A000002BC6D0002F3FF41CAF074E4FF00008D1
:10F5B0001CE700BFF8A2002084410020B0220020F8
:10F5C000AAAA00203C430020C0410020BCAB002080
:10F5D0001C060020CC790020B2AA0020A4AA00209A
:10F5E000EC7900209CAA00202C36002044920020B8
:10F5F00080350020305A0020D349D448FDF701FD62
:10F6000000283FF4DEAE94F8C03843F0010384F8DC
:10F61000C038D6E6F278013A032A00F2D8842821CD
:10F6200001FB02F1CA48CB4D6718014487F818392D
:10F6300087F81C29296033792B71B8F1080F00F283
:10F64000E78001A353F828F003FA01087DF50108CB
:10F6500003FA0108B3FD010827FD01080FFF0108A7
:10F660001DFC0108BBFC0108E7FE010809210C2074
:10F67000E9F7C4FA282017F097FE01233A46B54867
:10F68000082118F02BFF9DF914309DF81420002B51
:10F6900080F20C83530640F10983AE483A46514646
:10F6A000092318F01BFF002800F00083A948092354
:10F6B0000DF11D02192118F011FF002800F0F6824B
:10F6C0009DF815309DF814109DF817001A0942EAAC
:10F6D00001121B02C9099DF8161003F4706341EA78
:10F6E000030118BFA2F580521E059DF81830A4F83A
:10F6F0000C2A4FEA03139DF8192043EA003348BF50
:10F70000A1F58051A4F80E1A180343EA1211BDF8AE
:10F710001A304FEA02425BBA02F470229BB243EA0B
:10F72000020348BFA1F580111203BDF81C20C4F8E4
:10F73000101A48BFA3F58013C4F8143A53BA9AB20A
:10F740001F04BDF81E3048BFA2F580325BBAA4F892
:10F75000182A1E049AB2BDF8203048BFA2F58032A4
:10F760005BBA1804A4F81A2A9AB2BDF8223048BF2E
:10F77000A2F580325BBA1904A4F81C2A9AB24CBFD5
:10F78000A2F580331346BDF82420A4F81E3A52BADD
:10F7900093B2120448BFA3F5803354210620A4F885
:10F7A000203AE9F72BFA01230DF1130228216948C9
:10F7B00018F094FE9DF8131021F07F0141F05401E0
:10F7C0000720E9F71BFA0C210920E9F717FA0721AE
:10F7D0000820E9F713FA5F4818F0C0FD5E495F4A58
:10F7E0005F4B6048C5F88410C5F888205E495F4AC1
:10F7F000C5F88C305E4B0024C5E92401C5E92623F9
:10F80000A5F87E404AF6C874A5F880404FF0080875
:10F81000584A5949136881F8168043F0040313606D
:10F82000ACE694F8C337013B032B0AD8282202FB2D
:10F8300003F24748A718024487F8181987F81C39BB
:10F84000F26094F8C437337494F8C137062B00F291
:10F85000AA83DFE813F0A900A803A90063017A01D5
:10F860001201BB01454B95F85206A3F5BE72012863
:10F8700018BF134693F8B830062B7FF46FAEFFF72E
:10F880005DF994F8C43786F884101030C6F8880003
:10F890003374D9E794F8C51706F10C0018F05AFC38
:10F8A00000283FF45BAE94F8C60717F069FE70615C
:10F8B000CAE703F00302032A11467FF4A4AD95F8CA
:10F8C0003F1195F8BB22914200F0C88095F852365E
:10F8D000022B40F0C780002385F8523684F8673346
:10F8E000BFE52749C5F8B81001F110033046A1F56E
:10F8F000AA71C5F8BC30FDF71DFB95F8543623B14D
:10F9000095F83E31003B18BF01231B4A95F83F1183
:10F9100085F854361175AFE5184E1A4FB6F8281110
:10F92000D5F84032B6F82A8129805822002138467D
:10F930006B61C5F83463A5F850862DF003F8FFF726
:10F94000FDF8B861B2E500BF9CAA0020C0410020CC
:10F9500010AC002080350020F5160408F1160408CC
:10F96000ED160408E5160408153A04082D170408D6
:10F97000F9160408607600201C0600203C43002095
:10F98000F0AB0020CC79002094F8C03817F00208C2
:10F9900043F0010384F8C0383FF428AD11E5B07896
:10F9A00017F0EEFDA86048E6F3681B78012B00F025
:10F9B0006A850022022BDFF8B8828DF8142000F04F
:10F9C000E78605AFAA483A4601230A2118F086FDCA
:10F9D000002800F0FE809DF81430482B40F0F9809C
:10F9E000A44AA54B48F80C2C73600220C7E003F032
:10F9F0000302032A3FF463AFB8F1000F3FF436ADC2
:10FA00002FE5F38894F8BE89F0795BBAA4F8BC3985
:10FA1000B8F1000F00F0D8844FF00208F8E6012B8F
:10FA200000F0BD8200233A7D022A00F066843A7D10
:10FA3000032A00F050843A7D042A00F04684511FC6
:10FA4000042900F294828D4B7B60931F8C49B9602E
:10FA5000032B40F28D87082200F011BC63F07F0376
:10FA600084F8C03895F85236013B012B7FF6DCACA8
:10FA7000B8F1000F3FF4FAACF3E4F3681B78012B04
:10FA800000F03A8580220A21794818F0FBFF05AF83
:10FA9000142017F089FC002575488DF814503A465B
:10FAA00001230D2118F01AFD20B19DF81430FF2B11
:10FAB00000F08E8694F8C137072B7FF44FAD6C4869
:10FAC00018F04CFCF3685D6880226B21284618F022
:10FAD000D9FF962017F068FC012328463A46752185
:10FAE00018F0FCFC9DF8143003F0FD03712B7FF43B
:10FAF00035ADF36802225868372118F0C3FF96200D
:10FB000017F052FC0C235A48337418F027FCE9F71D
:10FB1000CBF8002800F05386072035E0DFF850814D
:10FB200005AFF3681B78012B00F0ED8400238DF8FE
:10FB300014304F483A460123002118F0CFFC20B181
:10FB40009DF81430482B00F08E83F76895F8521614
:10FB50003B78012B04BF94F8C4373374494BA3F5A9
:10FB6000BE72012918BF134693F8B830062B00F077
:10FB7000C185E9F799F800283FF47FAF042094F895
:10FB8000C137072B00F012823F4A40491368C875FD
:10FB90000121084643F00803136017F06FFE336835
:10FBA0003B4898470021012017F068FE94F8C037C1
:10FBB0000121002284F8B81986F8AC200BB186F830
:10FBC000AC303449344820F011FBC7E4DFF8A080A2
:10FBD00005AFF3681B78012B00F0A28400238DF899
:10FBE0001430234801233A460F2118F077FC0028EF
:10FBF00097D09DF814303D2B93D1284A284B48F8D4
:10FC00000C2C73600620BAE72B681B78022B02D1FC
:10FC1000A86818F05FF90EB100232B71002614209C
:10FC2000CDE90566CDE9086607960A968DF82C6041
:10FC300017F0BAFBE8F7C4FF2B681B78012B00F024
:10FC40007C840123174A1848D12118F047FC94F806
:10FC5000603A5C2B00F0EA812B681B78022B00F0E5
:10FC60003584002E3FF48AAC00232B7186E400BF5C
:10FC700038360020053204082D310408FD1E040822
:10FC8000B14C04083C430020607600201C06002094
:10FC90002C360020DC360020C8AA0020BD31040824
:10FCA000AD30040858AD0020803500202B681B784B
:10FCB000022B02D1A86818F00DF9B37984F82C3A18
:10FCC000142017F071FB94F82C0A17F059FC064623
:10FCD00048B12723C380BF4BBF49AB67E7F744FC5C
:10FCE000304617F0BDFE2B681B78022B00F04085D4
:10FCF0002B681B78012B00F0328400270123B74AC0
:10FD0000B748002118F0EAFB94F82D3A502B00F088
:10FD10002F842B681B78022B02D1A86818F0DAF820
:10FD20000FB100232B71142017F03EFBE8F748FFBA
:10FD30002B681B78012B00F0098400260123A94AB7
:10FD4000A748D02118F0CAFB94F8453A582B02D0A6
:10FD5000602B7FF459AFA24818F000FB1823A24A89
:10FD60009F48882118F0BAFB3122F4219C4818F0F2
:10FD700089FE9E499E4A9F4BC5F8841000200124AD
:10FD80009D49A5F87E009D4885F87C40C5F88C20EB
:10FD90009B4CC5F8883045F6D8129A4BC5F8904070
:10FDA000C5E92510A5F88020C5F89C304FF004085F
:10FDB0002EE50DF113070A2017F0F6FAE8F700FF19
:10FDC0002B681B78012B00F0A08400230193394697
:10FDD0000122A020E8F740FF8146002800F063835D
:10FDE0009DF81330FF2B00F05E832B687C481B7856
:10FDF000022B4FF001024FF01E0100F0008518F0B9
:10FE000041FE4FF42F6017F0C3FADFF81CA24FF049
:10FE1000A00805AF4FF00003022240463946ADF876
:10FE2000143008F10208E8F717FF9DF814209DF838
:10FE300015305FFA88F843EA0223B8F1B00F2AF8C8
:10FE4000023BE7D1B4F8020A002300F47F4CA4F887
:10FE500002CA00F00F00194621F001022244B2F854
:10FE6000F429002A18BF4FF0000911F0010F1ABF42
:10FE7000D2B2534083EA1223082213F4004F18BF72
:10FE800083F4C053013A4FEA4303F6D101311029FC
:10FE9000E2D14CEA000CA4F802CAB9F1000F40F01C
:10FEA0000383C3F30333984240F0FE824C48564C20
:10FEB00018F054FA42F210735449554A5548A5F8BF
:10FEC0007E30A5F88030C5F88410534B5349C5F8EF
:10FED0008820534AC5F88C40C5E92401C5E926238A
:10FEE0004FF0030894E405AF2B681B78022B14D164
:10FEF000A86817F0FDFBA86808B12123C380012181
:10FF000017F0AEFB474818F067F9A88005E005AF89
:10FF10002B681B78022B00F070832B681A78012A5B
:10FF200000F0638300230193DFF8B4904FF00508DD
:10FF3000642017F039FA01233A460D21484618F09B
:10FF4000CDFA28B19DF814A0BAF1100F3FF48EAB92
:10FF5000B8F10108ECD12B681B78022B00F0558416
:10FF6000019B002B3FF4A9AE00232B71A5E63A7D3F
:10FF7000082A00F0A5820B2A00F0A2823A7DA2F1A5
:10FF80000C01012940F2AD813A7D0F2A00F09781E2
:10FF90003A7D102A00F06E81002B7FF440AD4FF0C7
:10FFA000010BFFF7C8BA072B7FF4D8AA05AF86E587
:10FFB000012A40F09A829A077FF523AA03F00302F0
:10FFC000032A7FF431AA7AE44FF0010877E4044D64
:10FFD000FFF731BB95350408F835002025AD00202A
:10FFE000803500203DAD002040AD002015140408F0
:10FFF000FD1D040809150408F13A0408A53A04088F
:020000040802F0
:10000000B9340408391C0408E5390408353C0408EF
:100010002D3C04082F3C040817150408ED3B040888
:10002000B539040880969800ECAC0020B9489FEDE3
:10003000BABA9FEDBA8A9FEDBA9A9FEDBAAADFEDE0
:10004000BAAADFEDBA9ADFEDBA8A18F087F905226D
:10005000F121B04818F016FD192305AAA021AD48DA
:1000600018F03CFA9DF815A09DF81430BDF820104A
:100070009DF82C20BDF8288001924FEA0A1A4AEA1E
:10008000033ABDF822309DF8262003925BBA49BAA4
:10009000BDF82420ADF80A3089B298FA98F801EE3C
:1000A000901A1FFA88F8BDF80A109DF82790BDF83D
:1000B0002AE0BDF816C0BDF81A609FED9E0ABDF893
:1000C0001870BDF81C40BDF81E00DFED9B5A9FED77
:1000D0009B1ADFED9B3A9FED9B4ADFED9B4A9FED1C
:1000E0009B5ADFED9B0A53BA07EE108A019A02EE83
:1000F000101A99B2039B1AF4002F4AEA1212B8EEB2
:10010000C77A4FEA09199EFA9EFE49EA03391FFA97
:100110008EFE1ABFA2F5801306EE903A06EE902AE4
:10012000A7EE0B8A9CFA9CFC1FFA8CFC07EE10EAE7
:10013000B8EEE63AF8EEC76A07EE10CAA6EE890AEC
:1001400076BAB6B2B8EEC77A7FBAA7EE251A64BA05
:1001500040BA07EE106A019B7E4EBFB2A4B280B2D5
:1001600006EE100AF8EEC75AF0EE406A07EE104AA3
:1001700000EE107A03F00F0219F4002FB8EEC09AC7
:1001800042EA0902B8EEC70A02EE901AB8EEC67A41
:1001900018BFA2F58013A5EE8A4A4FF0F4015D481E
:1001A0009FED6DAADFED6D5A9FED6D6A6D4F6E4C40
:1001B000E9EE2A3A4FF00608E0EE294AA7EE285A5F
:1001C00014BF07EE903A07EE902AF8EEE11AB8EE67
:1001D000C22A9FED660A9FED669A9FED667A664B8E
:1001E000F8EEE22AE1EE8A5A7B22A2EE096AA2EE3A
:1001F000807AF8EEE77AC3ED026A67EEA07A63EEE2
:10020000206A83ED018A83ED041AC3ED007AC3ED01
:10021000036AC3ED053A83ED064AC3ED074A83ED51
:10022000085AC3ED095A83ED0A6A83ED0B7A18F078
:1002300029FC0122DFF88CC150485149514B85F807
:100240007C204FF0000E45F6D812C5E921C7C5E95C
:100250002364C5E92501A5F87EE0A5F88020C5F84E
:100260009C30FFF7D5BA484A484B48F80C2C7360CD
:10027000032084E4464A474BC7E901231322464939
:1002800046480B68427543F002034FF480720B60DE
:1002900043487B68BA819847BB89A7F8448007EE3A
:1002A000903AF8EEE77AF7EE006A86EEA77A4FF01A
:1002B000010B87ED007AFEF7E7FFFFF73CB9394AFB
:1002C000394BC7E901231222D9E7384A384BC7E92D
:1002D00001230822D3E7374A374BC7E90123072216
:1002E000CDE7364834490C2AC7E9010100F08B827A
:1002F0000D2A7FF451AE1022C1E77B7D304A7A602F
:10030000002B0CBF6F226E22294B7A77BB60032231
:10031000B5E700BF80350020627361323B70CEBB11
:1003200007F283271AA71B35F210212E1554962C9D
:10033000A06B40283220A7ADAA5F3A36CDCCCC3D89
:100340008F284E32022B073D5C7C61344F2C2DB040
:100350000000803D0D15040871EDD5236841A32AE6
:100360002A521727111504088D310408CA2A361D90
:10037000EB2DD8203AE115255CAD00209139040819
:100380004939040851140408F9340408E533040811
:100390000D1F040819360408607600201C06002092
:1003A000CC7900202D1F0408D52A0408F51E040866
:1003B000A9360408051F0408B14C04081D1F0408D1
:1003C000351F04081515040817F0DAF8C4F8C00939
:1003D00008B15023C380012117F042F9D4F8C009B5
:1003E00017F086F994F8BD0917F0CAF8C4F8C409E3
:1003F00008B12723C380C94BC4F8C839C849E7F7F7
:10040000B3F8D4F8C40917F02BFB142016F0CCFF76
:100410002B6893F80090B9F1010F00F0FB814FF0C9
:1004200000090DF11307BF483A460123D02118F007
:1004300055F848B19DF8133084F8E3390322552B61
:10044000A4F8EC2900F0ED81D4F8C489B8F1000FCC
:100450000ED04FF0000A404688F806A017F0EEFADA
:10046000404617F0C5FA0028A4BFAF4B43F820A0C0
:10047000D4F8C00917F036F9B9F1000F3FF49BAC7E
:1004800000232B7197E494F8C4373374DFF8D882D3
:1004900000238DF81430337C002B7FF492AA1E23A6
:1004A0003374FFF78EBA05AF2B681B78022B00F070
:1004B000A281019B002B3FF42BAD00232B7127E57C
:1004C0009A4A9B4BC7E901230E22D8E6A86820214F
:1004D00017F0C6F8AB68002B3FF4C3AB4022DA80BC
:1004E000002E3FF44BA8FFF7BFBB03F00302032A23
:1004F0007FF4B8AAFFF7E3B994F8C43703B90D2322
:100500003374FFF7BFBA94F8C437337400228DF800
:100510001420002B7FF40DAB0C233374FFF709BBC1
:1005200094F8C437337400228DF81420002B7FF424
:1005300058AB1E233374FFF754BB2A79002A7FF48B
:1005400080AB70221E462A71FFF77BBB2A79002AF6
:100550007FF4F3AB76221E462A71FFF7EFBB2A79B0
:10056000002A7FF4CAAB76221F462A71FFF7C6BB6A
:100570006C4817F0F3FE26B16A484222192118F0A0
:1005800081FA68486B4A15230446312117F0A6FF0B
:1005900003221C21204618F075FA13221B21204645
:1005A00018F0CAF964486549C5F88400C5F88C108C
:1005B00063486449644AC5F888200023A5F87E3062
:1005C000C5E92510614BC5F8903049F24B02604BEC
:1005D000A5F88020C5F89C302046E8F7D9FA002815
:1005E000FAD14FF00708FFF713B92B79002B7FF4EE
:1005F00099AC762301922B7196E4A86808B1212367
:10060000C380012117F02CF8A86817F071F8514841
:1006100017F0E2FD4FF0000C0123A8803A46414854
:100620008DF814C0CF2117F03BFE9DF81430BD2B80
:1006300002D0B12B7FF458AC20213A48042217F0A5
:1006400063FE00212120E8F7F3FA00283FF44CACC8
:100650000F211020E8F7ECFA00283FF445AC012107
:100660002320E8F7E5FA00283FF43EACCE22202113
:100670002C48DFF8F880DFF8ACA017F045FE012326
:100680003A462848E02117F00BFE012385F87C301C
:10069000A5F87E304AF2C223A5F880302E4B2F4AAF
:1006A000C5F88420C5E92233C5F89020C5F89430F8
:1006B0002B4A2C4BD8F80090C5E9262302E0D4F849
:1006C000083A73B9504623F012F8D8F80030A3EB7B
:1006D0000903B3F5FA7F3FF607ACB4F8043A002BF0
:1006E000EDD00023A4F8043AC4F8083A4FF0050806
:1006F000FFF78EB803233B7094F8C4373374FEF7CA
:100700001DFA10307860FFF734BA2A79002A7FF496
:100710005CAB772201932A71FFF759BBE51E0408F1
:10072000C0AC002080350020182B0020251F0408B5
:10073000B14C040828AD002035130408351C04080A
:10074000393A0408813A0408E9160408B134040867
:100750002918040880969800DD160408E11604089C
:10076000EF360408A9160408383600208419002042
:10077000A86816F0BDFFA86808B12123C380012135
:1007800016F06EFF7C4817F027FDA880FFF7B0BA7F
:10079000404617F0E3FD706916F0AAFF706908B1D2
:1007A0003423C380012116F05BFF734817F014FD5A
:1007B000F36830821B78012B7FF403A96BE6682372
:1007C00080226B2133746D4818F05CF9FEF7C6BEC9
:1007D0006A4801233A46092117F080FE20B19DF8AE
:1007E0001430002B7FF466A9654A664B0520C6E9E4
:1007F0000023FFF7C4B9A86817F06CFB59E617F09F
:1008000083FDFFF7FEBA0F2239E5A86817F062FBF7
:10081000FFF7A6BB2B79002B7FF401AE77232B715A
:10082000FFE5594817F09AFD3A460123D121564871
:1008300017F054FE9DF81330534803F00F011E09C2
:1008400005AA162384F8E419AA2184F8E56917F0AB
:1008500045FE9DF814C09DF815109DF816609DF892
:1008600018009DF817209DF819309DF81A7041EA7C
:100870000C2142EA062243EA00239DF81C609DF801
:100880001B00A4F8CC199DF81D10A4F8CE2940EA4D
:10089000072041EA06219DF81E709DF820609DF812
:1008A0001F20A4F8D0399DF82130A4F8D20942EADB
:1008B000072243EA06239DF822709DF824609DF8E4
:1008C0002300A4F8D4199DF82510A4F8D62940EAED
:1008D000072041EA06219DF826709DF828609DF8C2
:1008E0002720A4F8D8399DF82930A4F8DA0943EA7A
:1008F00006232648A4F8DC1942EA07222449A4F872
:10090000DE2941F27076A4F8E039224AC5F8840065
:1009100046F67810A5F87E60A5F880001E4E1F48A8
:10092000C5F88810C5F88C201D491E4A94F8BE39B8
:10093000C5E92460C5E926128BB9D4F8C40970B1A1
:1009400017F04CF858B9104822F0CCFD42F6E060A0
:1009500016F01EFDD4F8C40917F040F880460123B4
:1009600084F8F08984F8BE394FF00208FEF750BFD2
:100970000332D2B283E400BF80969800383600205C
:10098000953104082B30040880350020E534040834
:10099000B53B04088D3B0408C1340408553B0408EA
:1009A000153B0408011E040830B583B00C46A21E96
:1009B00001460190002020F015F80199094D0A190F
:1009C000502CC0F30723A8BF502402F8010C02F8F2
:1009D000023C05F2546022462BF052F8C5F850460E
:1009E00003B030BDF8A2002010B50D4A0D4B1078B1
:1009F00086B0032200930023CDE90133B2248DF8A1
:100A0000040015216846CDE903338DF814308DF8C4
:100A100005408DF80620FFF7C7FF06B010BD00BFE8
:100A200018060020A64115EB10B5064C227802B935
:100A300010BD054B0549186816F024FD00232370EE
:100A400010BD00BFFC81002018820020BC81002066
:100A5000184A194B517CB3F8EE3319B1C3F57F73C3
:100A600003339BB2117C92F91F209FED147A9FED06
:100A7000146A07EE902A06EE901AF8EEE77AF8EE7E
:100A8000E66A67EE877A07EE103A66EE866AB8EE97
:100A9000C77A0C4AE7EE267A6423FCEEE77A17EE73
:100AA000901A88B203FB00F382FB03201844C0F3C2
:100AB0004720704724410020F8A200200AD7234194
:100AC0000AD7233C03082080144A154B517CB3F805
:100AD000EE3319B1C3F57F7303339BB2117C92F9E6
:100AE0001F209FED107A9FED106A07EE902A06EE08
:100AF000901AF8EEE77AF8EEE66A67EE877A07EE84
:100B0000103A66EE866AB8EEC77AE7EE267AFCEE11
:100B1000E77A17EE903A98B2704700BF2441002060
:100B2000F8A200200AD723410AD7233C38B5164C37
:100B300094F8EC338B4217D1052B16D094F89C3ADD
:100B4000D4F8C01A04EB43020133B2F8A05AA2F859
:100B5000A00A401B084403F00F03020984F89C3AE2
:100B6000C4F8C00AA4F8EE2338BD07EE900A04F6D4
:100B70009420B8EE670A1AF091F8BCEEC00A10EEA5
:100B8000103AA4F8EE3338BDF8A200202DE9F04168
:100B9000A54C94F8672494F866349A4259D094F896
:100BA000673494F8672404EB431304EB421293F880
:100BB000831492F868748A1E974255D09B4AB4F801
:100BC0006434127801339BB21A2AA4F8643442D0F8
:100BD000002594F86734964A0133A2FB031202F40D
:100BE000FF7101EB52029B1ADBB284F86734D4F830
:100BF00058349BB114F06AFDD4F85034C01AB0F5E3
:100C0000FA7F05DB45F004050023EDB284F8CA3A0B
:100C1000D4F8C43A53B92846BDE8F08194F8CA3AEA
:100C2000002BE7D1D4F8C43A002BF4D0814A1268E3
:100C3000D31AB3F5FA7FEED994F8EC33032B04BF43
:100C40000023A4F8EE330023C4F8C43A2846BDE8D4
:100C5000F0810025CBE7B4F86434774A9BB20321D6
:100C6000C2E901310025B4E794F8672404F58D65E5
:100C700005EB421291B306461144002312F8010B12
:100C800003448A429BB2F9D1FF2B04D9DAB202EBBA
:100C90001323FF2BFAD8FF2B20D194F867340122BD
:100CA00002EB431305EB0308ED5C002D3ED09542AB
:100CB00028D1082F4FD05D4AB4F86434127801333C
:100CC0009BB21A2AA4F8643482D1B4F864345A4A24
:100CD0009BB20621C2E9013100257AE7534AB4F8F4
:100CE0006434127801339BB21A2AA4F864347FF476
:100CF0006FAFB4F86434504A9BB20421C2E90131A9
:100D0000002566E7494AB4F86434127801339BB28F
:100D10001A2AA4F864347FF45BAFB4F86434464A0A
:100D20009BB20521C2E90131002552E7192F33D0CA
:100D30003E4AB4F86434127801339BB21A2AA4F8FC
:100D400064347FF445AFB4F864343B4A9BB2062167
:100D5000C2E901313DE794F8C83A002B3FF438AFBF
:100D600098F80150102D4ED038D8002D7FF430AFB8
:100D700094F8C93A002B7FF42BAF94F8CB3A012BAF
:100D80004BD9D4F858241AB11278303A012A44D9F0
:100D9000002384F8CB3A1CE708F101013046FAF74A
:100DA000EDFC98F8183005462448C3EB8323A0FBDC
:100DB0000330C0F34F100321FFF7B8FE1D4B15F0B1
:100DC0000A0F1B68C4F8C43A7FF403AF94F8673481
:100DD00004EB4313D3F884343362FAE6A5F130030D
:100DE000DBB2012B3FF6F4AE58F8010F144BB8F804
:100DF000041098F80620C4F8CC0AC4F85834998036
:100E00009A710025E5E694F8C93A0BB984F8C92A25
:100E1000012384F8CA3A0025DBE60133012284F875
:100E2000CB3A84F8CA2AD4E6F8A20020B0220020E7
:100E3000ABAAAAAA84190020B42200201F85EB5176
:100E4000C4AD00202DE9F041AA4CAB4DE66800236B
:100E500084B0074685F89435002E3ED0326862B9DA
:100E6000144614F033FC95F8D83A013B0646032BA0
:100E700024D8DFE803F0786A51343279A62A7AD090
:100E8000082485F8944500233360EAE7D5F8DC3A76
:100E9000C31A002B12DB95F8D93A002B40F0BA8028
:100EA00000F5434300F54336503306F5A0760222A1
:100EB000C5F8DC3AC5F8E06A85F8D82AD5F8503686
:100EC0000BB144F0040414F00A0F04BFD5F88C35BC
:100ED0003B62204604B0BDE8F0813446C1E7D5F856
:100EE000D43A4CF24F32C31A9342E7DD834B4FF4AE
:100EF000E131186806F5434612F0AEFC5036002387
:100F0000012244F00204C5F8DC6A85F8D82AC5F845
:100F10009035C5F8D43AD1E7D5F8DC3AC31A002B9E
:100F2000CCDB764B4FF4E131186806F5434612F0FE
:100F300093FC50360122002344F00204C5F8DC6A19
:100F400085F8D82AC5F89035B8E7D5F8DC3AC31A41
:100F5000002BD5F8E03AA0EB0303A8BF44F004044B
:100F6000002BABDBDDE7D5F8D43A002B39D00423D6
:100F700085F8D83AA2E73268B1798A4280D118461A
:100F8000311D1FF02FFD804600287FF479AF14F04B
:100F90009DFBE668C5F8D40A7379212B44D0CD2B8C
:100FA0007FF46EAF95F8D93A327A43F030039A4223
:100FB00002D1534B01221A70F379002B40D0012B40
:100FC00095F894457FF45FAF95F8EC33032B44F02C
:100FD000020408BF002385F8944508BFA5F8EE3346
:100FE00051E7D5F88C35D5F890259B1A002B7FF763
:100FF0004DAF95F8DA3A002B3FF460AF3F4B1868DD
:101000008368B3F5E13F0CBF3E494FF4E13112F084
:1010100023FC53E700F5433606F5A0760323C5F815
:10102000DC6A85F8D83A49E7337AFF2B4CD095F83B
:10103000D92A42F03002934228D095F8944522E70D
:1010400096F909300122002B85F8942508DBC3EBC3
:10105000832364200321B3FBF0F080B2FFF766FD29
:10106000F268002A3AD0D7F818C006F1100101241E
:1010700092FAA2F3B3FA83F331F8020B2CF81300BF
:1010800004FA03F39A43F3D10124FCE6CDE9018885
:101090003246ADF80C8032F8040FF67991788DF86D
:1010A0000330ADF8000095F8DA3A8DF802100A2204
:1010B00068460E218DF804608DF805208DF8063005
:1010C000FFF772FCE668B8E7B37A0F4AF17911705E
:1010D000012B07D0042385F8D83AAEE7092485F818
:1010E0009445D0E6054B0749186812F0B5FBE66851
:1010F000F0E700BF1C060020F8A200202C8300208F
:101100002D810020801A060018060020F8B5FCF793
:10111000A9F9002852D1544C94F8A436002B4BD096
:1011200094F8BE35103BDAB20F2A45D894F8C005C2
:1011300094F8C42594F8BF1594F8C365B4F8C05565
:1011400000F00F0041EA00211201B4F8C20542EAA2
:10115000161249105210C5F34A15C0F34A00C4E9EB
:101160004250C4F80411C4F81021032B6ED8DFE8F4
:1011700003F0355E023B4FF00F0C0E230D220C21C5
:1011800094F8C57594F8C66594F8C75594F8C805E1
:1011900004EB810104EB820204EB830304EB8C0477
:1011A000FF00F600ED00C000C1F80471C2F8046150
:1011B000C3F80451C4F804010120F8BD2B4D2A4C9A
:1011C0002A78012384F80031002AA5D0284B294928
:1011D000186816F057F900232B709DE74FF0070CA5
:1011E000062305220421CBE7234B1B78412B24D077
:1011F00094F8EC130329DFD194F8C6351F48C3F1E6
:101200007503C3EB832380FB03201844DB17C3EB78
:1012100060139BB240F2FF309842A8BF1846FFF718
:1012200085FC94F8C6054042FAF7BCFBC4E74FF0D2
:101230000B0C0A2309220821A2E794F8C635104AAC
:1012400094F8C515D1605B429360D1E70A4B1B78D7
:10125000412BB1D1B4F8E43A094A01331BB2A4F8E6
:10126000E43A5360A8E700BFF8A20020788100208C
:10127000B082002060810020B0220020EF23B88FD0
:10128000B42200202DE9F04FB44C85B005468846C5
:1012900014F0EEF9D4F8E83A40F2D662C31A934259
:1012A000074694F8EC3A11DD03BB0123C4F8E87A51
:1012B00084F8F05A84F8EC3AA94B1A7892071BD0BC
:1012C000002384F8ED3A05B0BDE8F08F002BECD098
:1012D000022B40F2D78194F8F16A0236402EA8BF63
:1012E0004026B34223DB05B0BDE8F08F94F8ED3A19
:1012F000013384F8ED3AD8E794F8305B002DDFD164
:1013000094F8ED2A022AEED91A8896495D6002F017
:10131000FC0242F4805208681A80934912F09CFA49
:101320009149062025F0A6FF84F8ED5ADBE75A1C08
:10133000D2B22344B24284F8EC2A83F8F05ABBDBE1
:1013400094F8F25A00202946D52284F8EC0A1FF0BE
:101350003BFB94F8F1AABAF1020F0BDD834B03F1CA
:10136000020B0AEB03091BF8011FD5221FF02CFB0F
:10137000CB45F8D1A31993F8EF3A834207D094F8FC
:10138000ED3A022B9CBF013384F8ED3A94E7002339
:10139000322D84F8ED3A45D8132D8DD9143D1E2DEC
:1013A0008AD801A353F825F091150208B912020852
:1013B0002716020827160208B9120208B9120208F5
:1013C000B9120208B9120208B9120208F11402088F
:1013D000B9120208B9120208B9120208B9120208B9
:1013E000B9120208B9120208B9120208B9120208A9
:1013F000B9120208B9120208B9120208B912020899
:10140000B9120208B9120208B9120208B912020888
:10141000B9120208B9120208B9120208B912020878
:10142000671402087A2D02D07C2D7FF445AF504D11
:10143000296EAAF104024B1C1344602B3FF73CAF0A
:1014400048194A5501304B492AF01AFB2B6E4A497C
:101450004A4A94F8F40A0870AAF1030A5344012195
:101460002B66117028E72644BA22322100201FF093
:10147000ABFABAF1030F96F8EE6A09DD3B4DAA44C8
:10148000033515F8011BBA221FF09EFA5545F8D115
:1014900086427FF411AF94F8F33AC82B7FF40CAF77
:1014A00094F8F53A0A2B7FF407AF94F8F63A702BCC
:1014B0007FF402AFD4F8F83A31491ABA002351F850
:1014C000045B9542D8B203F1010302D0102BF6D190
:1014D0001846234A94F8F73A117850709B0003F0AD
:1014E0001C0343F0010321F01F010B431370E3E6DB
:1014F00094F8EC1306297FF4DFAE94F8F03AC82B89
:101500007FF4DAAEBAF1080F7FF4D6AE94F8F45A4D
:10151000C4F8E8736423C5EB8520B0FBF3F080B218
:1015200094F8F37A94F8F58A94F9F66AFFF7FEFADC
:10153000144B93F82430002B40F08D80784200B299
:10154000FAF730FA104B1B78342B7FF4B5AE0F4B03
:10155000C3E90076C3E90285AEE600BFF8A2002029
:101560001082002018820020A0680600E8AD00204C
:10157000C0820020EDAD00200D820020BF8200203F
:1015800064D6040824410020B0220020B4220020A8
:1015900094F8EC33062B7FF48FAE94F8F03AC82B16
:1015A0007FF48AAEBAF10C0F7FF486AE94F8FA3A63
:1015B000009394F8F76A94F8FB3A019394F9FC3A93
:1015C000C4F8E87394F8F38A94F8F47A94F8F5BAC6
:1015D00094F9F65A94F8F8AA94F8F99A0293002E1E
:1015E0004CD07B421BB22F4A92F82420002A4BD0C9
:1015F00005F10A03142000FB03F080F30A0080B217
:101600000621FFF793FA2BB21846FAF7CBF9264BCF
:101610001B78342B2CD0352B1FD1244BC3E900650C
:10162000C3F8089048E694F8F03AC82B7FF444AE2B
:101630001F4DC8F8207005F2FC660FCE0FC50FCE07
:101640000FC50FCE0FC596E80F00012684F8F06392
:1016500085E80F0030E630B272E7362B7FF42CAE0F
:10166000124B009A1A60019A5A60029A9A6023E615
:101670000E4BC3E90087C3E902BA1DE6C8F10003B7
:101680001BB2B0E705262CE603F18202C2EB8222F0
:101690008220062192FBF0F080B20393FFF746FA16
:1016A000039BB1E724410020B0220020B422002097
:1016B000ECA60020DFF834C0F0B40139C64300279F
:1016C00001F8017F03785BB117F80C40421C02E07F
:1016D00012F8013B23B19C4206EB0205F8D10D70D4
:1016E0000137082FECD1F0BC704700BF6425050816
:1016F000164B03EB400310B593F8342B0446CAB1E4
:10170000022A08D193F8350B00EB800000EB800033
:1017100000F2EE2010BD072006F076FA88B10C48E2
:1017200000EB8404D4ED007AFCEEE77A17EE903AF1
:1017300098B210BD032806D90428ECD1054B188BAC
:1017400010BD0548ECE7034B588A10BDF8A20020F5
:1017500050AE0020244100209C7F002008B50B4B98
:101760001B78013B012B07D9094A0A4B1268DA6042
:10177000012283F8252008BD13F0A8FF064B0222A2
:10178000C3F8A00B83F8A42BEEE700BF00410020B4
:1017900084190020F07F0020F8A2002008B50C4B2F
:1017A0001B78013B012B05D90A4AD36803F2DC53AD
:1017B000D36008BD13F08AFF074B00F5B71000F5A2
:1017C00058700222C3F8A00B83F8A42BECE700BFEB
:1017D00000410020F07F0020F8A200202DE9F04F0A
:1017E000B14FB24C3A68960487B040F1BC800123F7
:1017F0002370AF4DDFF814836A8ADFF81493AD4E7F
:10180000DFF810C395F808A0DFF80CB384F801A046
:1018100007EE102AA84A2261C4E902891222002197
:10182000A270F8EE477A4CF2503286F8A51B21627E
:1018300006F6A43061460CF1480EA280DBF80020C9
:10184000E1EC017A02F596728E4540F8042FF5D14D
:101850002A8B07EE902A994AF8EE677A02F178000F
:10186000CCED047A10E001EB810101F2D75189B28D
:1018700007EE901A5178F8EE677A0CEB8101C1ED12
:10188000057A0632904219D011780029F9D192F9DF
:10189000021011F17D0FF4DB92F903E0BEF17D0F30
:1018A000EFDC8E45EDDD0029DDDC0EEB8E0E0EF259
:1018B000E15E1FFA8EF107EE901ADBE7032B30D0C2
:1018C00043D85A1ED2B2012A0BD844F62062022B0A
:1018D000A28014BF7A4B7B4BA36014BF08220C225A
:1018E000A2703B681B043AD4EB7B13B1022386F849
:1018F000EC3395F82030744800EE103AB8EEC00A88
:10190000F2EE040A80EE800A1EF0F6FF6A7FA178EC
:10191000531D8B42A8BF0B4686F81C3D07B0BDE89F
:10192000F08FBAF10E0F77D8DFE81AF0220022000C
:101930001E038A02F40299019901BB02DE01110221
:1019400022007600F80041017F00042BC9D144F643
:1019500020635E4AA3805E4BC4E90223C1E70123F2
:1019600086F8EC33C5E7D50759D50223237040E745
:101970004020C6F8D8430EF0E9FD824600284BD03F
:1019800094F801B00023594686F8B633F5F74CFABF
:10199000BBF1010F024600F00C84BBF10A0F00F00E
:1019A000FD83BBF1000F00F021844A494A4BA1603E
:1019B000E3604A494A4BC4E904319AF90400002A19
:1019C00040F0898396F8B633002B00F02284697AC0
:1019D000444A364B003918BF012141F008014FF04D
:1019E000030C02914FF4E131CDE9001C40210EF0CF
:1019F0000AFE3D4A1060EB7BA278013BDBB29A42C3
:101A000086F8C93302D8002386F8C933003818BFD6
:101A1000012000287FF465AFC4E9028961E710075F
:101A200040F1F88203232370E3E617EE103A2F49C2
:101A30000A221B01B3FBF2F30022A3F5B0630132CB
:101A4000102A41F8043BFAD1294BA27041F29410BC
:101A5000224AA360274B2849A0804020C4E90432D1
:101A6000E1600EF073FD0028D6D06B7A234A90F91E
:101A700004000092002B14BF192318234FF0030811
:101A8000CDE901831E4A002340210EF0BCFD1D4913
:101A900096F8EC331C4A08604263002B7FF421AFB8
:101AA00086F8EC831DE700BFFC55002000410020B4
:101AB00024410020F8A200207DBA0108E8AE0020F1
:101AC000EDBA0108D5BA01088CAD002011BA0108A1
:101AD00029BA010811B70108DDD10108D9B90108F7
:101AE0000DE2010835DD010824830020FCA300205D
:101AF00021B901080D11020839E20108A0680600A9
:101B0000FDDD0108B08200200DB9010805BA010809
:101B100081BA01089C7F002084190020AC4BA3618E
:101B2000E7F710FD122242F6F823A270A380A94A1B
:101B3000A94BAA49E1604020C4E904230EF006FD48
:101B400000283FF469AFAB7A697A90F90400A44A9F
:101B5000002B14BF08230023002918BF43F0010302
:101B60004FF0030C4FF4E131CDE901C300910023A4
:101B700040210EF048FDC6F84C0478B1DFF8B8A259
:101B80009AF80030002B00F09983002396F8EC239C
:101B900086F8C83A12B9032386F8EC33D6F84C34E9
:101BA000181E18BF012000287FF49BAE34E78D4A31
:101BB00000234FF400410133202B22F8021BFAD1FD
:101BC00042F6F822A370884B95F82210A280A360F9
:101BD000814A864B95F821C0A06186F8DA1A402028
:101BE000834986F8D9CAC4E90432E1600EF0AEFC3C
:101BF00000283FF411AF6B7A90F904007D4ADFF8BA
:101C00003CA2002B0CBF082109214FF4E1334FF017
:101C1000030BCDE901B10093402100230EF0F3FC4A
:101C2000CAF8000000283FF4F7AE734B436301236A
:101C300086F8D83A13F04AFD96F8EC3300F54340A5
:101C40005030C6F8DC0A0BB986F8ECB3DAF80000BD
:101C5000003818BF012000287FF443AEDCE6BAF15B
:101C6000060F4FF00C0200F0FD810023A27086F8F1
:101C7000472633761B2286F84D3686F84C360523E8
:101C800086F8202686F84E364FF4E13A5B4A5C4BE4
:101C900042F6F8214020C4E90223A1800EF056FC50
:101CA000834600283FF4B8AE6178F5F7BDF80346E7
:101CB0009BF90400002B00F0DF826A7AAB7A003ACD
:101CC00018BF0122D1B2002B00F0098342F00802B4
:101CD0000323CDE900A3029200234A4A40210EF0DB
:101CE00092FC494B186091E6484B4949A360102289
:101CF00041F27C50A270A080374AE1604FF0000BA7
:101D000028234020626186F818B686F819360EF04E
:101D10001DFC00283FF480AE6B7A3E4A90F9040027
:101D200000925B4518BF4FF0090A0322CDE9012A52
:101D30005B46394A40210EF066FCC6F8F40CB0EB65
:101D40000B0018BF012000287FF4CBAD64E617EE2E
:101D5000103A32490A221B01B3FBF2F30022A3F529
:101D6000B0630132102A41F8043BFAD141F60B234B
:101D70002B49A270A3802B4A174BA1604020E26040
:101D800063610EF0E3FB824600283FF445AE95F810
:101D90002C30002B40F0BB81234A697A9AF9040069
:101DA00000920A1E18BF01220321CDE901121F4B28
:101DB0001F4A40210EF027FC1E4A96F8EC331060B3
:101DC000002B7FF423AE062386F8EC331EE600BF1B
:101DD000F0AF0020C9D90108D9B901088D0B02085C
:101DE00049DA010860AF0020D9B60108BDE1010859
:101DF000450E0208EDDC010889DC010839B501084F
:101E00005DB50108B1E001082482002055BA01083F
:101E100005BB010848E8010045DF01083CA400209B
:101E20004DB9010899D40108A068060000410020BE
:101E300085120208188200202B8200202C830020AB
:101E4000BE49BF4ABF4B636142F6F820A0804020E4
:101E5000C4E902120EF07AFB824600283FF4DCADA2
:101E60006178F4F7E1FF03469AF90400002B00F0D3
:101E70000A816A7AAB7A003A18BF01225FFA82FCC3
:101E8000002B00F0EE8142F0080203214FF4E13311
:101E9000CDE901120093AC4A002340210EF0B3FBC0
:101EA0001FE7AA49AA4AA74B636144F62060A080B5
:101EB0004FF0000A4020C4E9021286F8D8A50EF0BF
:101EC00045FB834600283FF4A7AD4FF480524021E4
:101ED0000EF028FB034686F8D5A59BF90400002BDD
:101EE00000F0A7806B7A9B4A003B18BF012343F0A8
:101EF00008034FF0030C4FF4E131CDE901C3009129
:101F0000534640210EF07FFB934A944B106083F8B8
:101F100000A07BE5924A934B082042F6F821A0707E
:101F20004020C4E90223A1800EF010FB8246002865
:101F30003FF472AD6178F4F777FF03469AF9040035
:101F4000002B00F0B8806B7A874A003B18BF012352
:101F50004FF0030C4FF4E131CDE901C300910023B0
:101F600040210EF050FBBCE6804A059302F1240AA2
:101F7000A261C4F81CA0E7F7E5FA95F82320DFF882
:101F80000CC27B48E060002A42F6F820794941F211
:101F9000707204BF61460246DFF8A8C1C6F8F01CA3
:101FA0004FF0120E4020A28084F802E0C4F814C062
:101FB0000EF0CCFA834600283FF42EAD6178F4F79A
:101FC00033FF697A95F80AC0059B02469BF9040025
:101FD000B2F1000B08BF012300290CBF0721062125
:101FE000BCF1000F14BF082200221143D6F8F02CD8
:101FF000019302915346009240215F4A0EF003FB89
:10200000AB7F13B1052386F8EC33BBF1000F3FF42F
:10201000FDAC66E6510403D504232370FFF7E9BB4A
:1020200012F0007219BF0523237013462270FFF7C8
:10203000E0BB6A7A95F80AC0003A18BF012251B293
:10204000BCF1000F00F02C8141F008014FF0010CB1
:102050004FF4E132CDE901C1009240213D4A0EF03A
:10206000D2FAD3E40023A27086F84726212286F80C
:102070004EA63376DFF818A186F84D3686F84C3632
:1020800086F8202602E66A7AA97A003A18BF012269
:102090005FFA82FE002900F0D58042F008024FF07E
:1020A000010C4FF4E131CDE901C20091264A4021F3
:1020B0000EF0A9FAAAE4697A2B4A003918BF012167
:1020C0004FF0010C02914FF4E131CDE9001C4021A9
:1020D0000EF099FA9AE46A7A96F8B613003A18BFA5
:1020E000012253B2002978D1A97A002975D10321A0
:1020F000CDE901124FF4E1330093204B204A4021F7
:102100000EF081FA1F4A204B1060186073E406201D
:1021100025F0B8F8DFF87CC0DFF87CE0014600234A
:1021200002E0102B3FF438AE5CF8042B914203F12F
:102130000103F6D17145F4D92FE600BF05B60108B9
:102140001DB60108D9B90108D1DB010841BA01085F
:10215000D9E2010879DE01085C7A0020347A002097
:1021600071B5010895B5010899D10108A0AF00200B
:10217000CDB80108400D030091DD010800410020A9
:1021800035DD01082483002024820020A086010080
:1021900090D0030064D604089F6806003B6813F4DF
:1021A00080631CBF80F00103DBB203F0010386F8FB
:1021B000B6330321072386F8D61386F8DC330121D2
:1021C0004FF4006386F8CC10C6F8CC330C2142F6ED
:1021D000F823A170A380FFF7E8BB43F008030321B5
:1021E0004FF4E132CDE90113009286E70223032187
:1021F00086F8D6334FF4806386F8DC13C6F8CC3308
:10220000072145F2F05386F8CCB0A170A380FFF708
:10221000CCBB6B7AA97A003B18BF01235AB20029C4
:1022200056D042F008020121CDE901124FF4E1330A
:102230000093364A364B40210EF0E5F9354A1060DE
:10224000FFF7D9BB4FF0010C4FF4E132CDE9002C80
:102250000B46314ACDF808E040210EF0D4F9FFF7E3
:10226000D5BB03214FF4E132CDE9011C009240219E
:10227000294A0EF0C8F934E56A7AA97A003A18BFFB
:1022800001225FFA82FC99B342F008020121CDE9F4
:1022900000A102924021214A0EF0B5F9FFF7B6BB2A
:1022A0004FF0010E4FF4E131CDE9001E029263467A
:1022B0001B4A40210EF0A7F9FFF7A8BB194B1A4A99
:1022C0001A60F2F727FA02238AF8003001235DE44E
:1022D00001214FF4E132CDE901130092A9E7032275
:1022E000CDE900A202910D4A40210EF08CF9F8E4EC
:1022F00001220B460192CDF808C0084ACDF800A093
:1023000040210EF080F9FFF781BB00BF35DD0108E9
:102310000041002024830020D1DB0108B1E0010846
:1023200079DE01086476002085D90108C1B1013940
:1023300010B450FA81F1441E002014F8013F4340CC
:1023400083EA0313DBB2000ADA0040EA0320A14269
:1023500082EA131380EA0300EFD15DF8044B704763
:102360000846704730B5324BDFED326A1968DFED51
:10237000327A91F82B30314A07EE103AB8EEC77A2C
:102380002F4BE7EE667A01F1220003F14004F7EEED
:10239000006A86EEA77A01F12A05D2ED006A83ED84
:1023A000147A1A46B2EE047A30F8023B07EE903AFD
:1023B000F8EEE77AA84267EE877A67EEA67AE4EC51
:1023C000017AF1D1DFED1F6A1F4C20480023B0EEE7
:1023D000666A14F8015B07EE105AB8EEC77A01334B
:1023E000C7EE267A042B67EEA77AE0EC017AF0D1EB
:1023F00091F82A301BB1FA2BA8BFFA2300E0012381
:1024000007EE903AB8EEE77AC6EE077AFCEEE77A86
:1024100017EE903A9BB2B3F5FA7FA2F82C31A8BF21
:102420004FF4FA73052BB8BF0523A2F82E3130BD47
:10243000B87C0020C1BA873BF304B53F388B00203D
:10244000AC5A002000007A441AB00020005B002043
:10245000F7B5FFF787FF144C144E002504F16C0705
:10246000B4F82E31D6ED010A00EE103A7819B8EE24
:10247000400A0022052130351EF066F8C02DEFD14C
:10248000D6ED010AB3EE040ACDED010A1EF008FAFA
:10249000DDED010A84ED190AB6EE000A1EF000FA1D
:1024A00084ED1A0A03B0F0BDAC5A0020388B00202E
:1024B000484BB0F85C201A8090F85F209FED467A78
:1024C00090F860109FED456A07EE902AF8EEE77AE3
:1024D00090F85E20C7EE876A07EE902AF8EEE77A5A
:1024E000C3ED066AC7EE876AB0F8742007EE902A3B
:1024F0003B4AC3ED076AF8EE677AD2ED006AB0F89E
:102500007620C3ED107A07EE902AF8EEE77AB0F85D
:10251000722067EEA67AB2EE047A67EE877A07EE4B
:10252000102A642211FB02F1996090F86110C3ED4A
:10253000117A11FB02F1D96090F8621011FB02F1DF
:10254000196190F8631011FB02F2B8EE477A5A61F4
:10255000B0F8642083ED127A07EE102AB0F86620F6
:10256000B8EE477A83ED087A07EE102AB0F86820B3
:10257000B8EE477A83ED097A07EE102AB0F86A20A0
:10258000B8EE477A83ED0A7A07EE102AB8EEC77ADA
:10259000B0F86C20C7EE067A07EE102AB0F86E206D
:1025A000C3ED0B7A07EE902AF8EEE77AB8EE477A99
:1025B00067EEA67A83ED0C7AC3ED0D7AB0F8702041
:1025C00007EE902AF8EEE77AF1EE677AC3ED0E7A1D
:1025D000704700BF405A002000007A430000C84204
:1025E000388B002038B5844B1B7813F0010331D0B1
:1025F000824CA378052B2CD8DFE803F04303506D01
:102600009932FCF7EBF97E4B7E4A1B889D065DD51F
:1026100060681368A1681B1A8B421ADD7A4B9FED24
:102620007B7AD3ED087AF0EEE76AF4EEC76AF1EE52
:1026300010FA40F3C08063782BB1F5EEC07AF1EE6A
:1026400010FA00F1D3801368A16A63600323E16389
:10265000A37038BD694A6B4993700968516038BDF1
:10266000674B1B8813F0200340F082806549656842
:102670000A686069521B8242EBDD0A686260A370DF
:1026800038BD5F4B1B889B06E3D55E4A0123126869
:102690006260A370BDE83840FCF7A0B90020F9F7EC
:1026A0009FFA94ED080AFCF781F9F9F7E7FA564B1F
:1026B0009FED577AD3ED087AF4EEC77AF1EE10FA6F
:1026C00067DD4F4B1B88980658D44E4A12686260EB
:1026D0000523A37038BDE8F75FFF23784A4A012B32
:1026E000D2ED083A52D0022B7BD09FED4A0A13EE6E
:1026F000903A23EEA37A002BF0EEC77AB8BFF1EE42
:10270000677A67EE807AC4ED167AF9F7B7FA3C4B30
:102710003C4A1B889906D9D560681368E1681B1A82
:102720008B4296DD136863600423A37038BDE8F71D
:1027300033FF2378344A012BD2ED083A40D0022BE4
:102740004AD09FED340A13EE903A23EEA37A002B81
:10275000F0EEC77AB8BFF1EE677A67EE807AC4ED23
:10276000167AF9F78BFA264B1B889B06ADD538BD38
:10277000244A012312686260A37038BD214BA26A0B
:102780001B6863600323E263A37038BD94ED090AFC
:10279000ADE71C4A6068136821691B1A8B427FF7FA
:1027A00058AF9FED1A7AF0EEE77AF4EEC77AF1EEC1
:1027B00010FA3FF748AF136863600523A37038BD74
:1027C000154BD4ED0A7AD3ED076AB6EE007AE6EE41
:1027D000877AB0EE670AB6E794ED0B0AFCF70EF9BC
:1027E000B1E794ED0B0AFCF709F980E71368636021
:1027F0000223A37038BD00BFC8790020405A0020D2
:10280000CA79002084190020B08600202DB25D3FD7
:102810003333733F00000000AC5A002070B5B14C58
:10282000B14B94F8282D1A700021013A06465970D0
:10283000032A12D8DFE812F0F200E800DA00040000
:10284000AA49AB48C4F8401DAA49AB4AC4F8A4221F
:10285000C4E9AA10A94AC4F8B022A94AB4F8365D5E
:102860001268DA62002D61D0B4F8382D003A18BF32
:102870000122B4F83A1D83F85C21B4F82A0D6422D1
:1028800002FB01F102FB05F2C3E95812002840F0F7
:1028900016819FED9C7AB4F82C2D83ED607A002A86
:1028A00040F0FA80DFED977AB4F82E2DC3ED617A0F
:1028B000002A40F0E0809FED937AB4F8302D83ED4C
:1028C000647A002A40F0C680DFED8E6AB4F8382DB5
:1028D000C3ED636A002A40F0AC809FED8A6AD3EDB5
:1028E000065AB4F8341DB4F8320D83ED626A6422DE
:1028F00002FB00F065EEA77A02FB01F225EE877A73
:1029000066EEA56A26EE256A94F83D1DC3ED5C7A55
:10291000C3E95A0283ED5F7AC3ED5E6A83ED5D6AB7
:1029200031B132295DD99FED780A03E02A46A0E74C
:10293000B3EE040A754D7648A98800EE901A00227D
:10294000C3F8F420C3F8F020F8EE600A1DF06EFF23
:10295000AB88704800EE903A94F83C3D00EE103A97
:10296000F8EE600AB8EE400A002208211DF0ECFDE6
:10297000AB88694800EE903A94F83C3D00EE103A7E
:10298000F8EE600AB8EE400A002208211DF0DCFDD6
:10299000AB88624800EE903A94F83D3D00EE103A64
:1029A000F8EE600AB8EE400A002208211DF0CCFDC6
:1029B000AB885B4800EE903A94F83E3D00EE103A4A
:1029C000F8EE600AB8EE400A002208211DF0BCFDB6
:1029D000544B1B7823B13046BDE87040F9F7B8BCC2
:1029E00070BD07EE901AB8EE670AA3E73F49424A66
:1029F0003F48C4F8401D4C49C4F8A4224B4AC4F8CF
:102A0000B022C4E9AA1028E73B49394A3748C4F83C
:102A1000400DC4E9A911C4E9AB221EE7444AC4F839
:102A2000402D0022C4E9AA22C4F8A422C4F8B0228E
:102A300013E74049642A91ED005AB2EE046AA8BF38
:102A4000642225EE065A06EE102AF8EEC65A85EEE6
:102A5000256A44E73749642AD1ED005AF2EE046A48
:102A6000A8BF642265EEA65A06EE902AB8EEE66A82
:102A7000C5EE866A2AE72F49642A91ED006AB2EE14
:102A8000047AA8BF642226EE076A07EE102AF8EE41
:102A9000C76A86EE267A10E72649B2F5167FD1ED91
:102AA000006AF2EE047AA8BF4FF4167266EEA76AC7
:102AB00007EE902AB8EEE77AC6EE877AF4E61D4A6A
:102AC000B0F5167FD2ED006AF2EE047AA8BF4FF49B
:102AD000167066EEA76A07EE900AF8EEE77A86EEC1
:102AE000A77AD8E6F8A20020108800203DC8010887
:102AF00039BE01083DC10108CDBD010809C2010868
:102B00003CB000200000000000004842844100204A
:102B10000089002080880020B48800204888002098
:102B20003C8900203079002045BF010805C001081C
:102B300071C50108388B0020024B1B780BB1F9F7E7
:102B400007BC704730790020104B187810F0010056
:102B50000DD00F4A13785BB15378023B062B13D884
:102B6000DFE803F0060604120604040001207047A3
:102B700092ED027ADFED077AB4EEE77AF1EE10FA21
:102B8000CCBF01200020704700207047C87900208A
:102B900010880020FA7EAA3E08B5204B187810F065
:102BA000010000D108BDFFF7CFFF0028FAD01C4B71
:102BB00093ED0C7AD3ED157AB4EEE77AF1EE10FAD4
:102BC000F0DC93ED0D7AD3ED167AB4EEE77AF1EE00
:102BD00010FAE7DC93ED0E7AD3ED177AB4EEE77ACC
:102BE000F1EE10FADEDC93ED0F7AD3ED187AB4EE45
:102BF000E77AF1EE10FAD5DC0A4BDFED0B7A93EDB4
:102C0000087AB4EEE77AF1EE10FACBD4074B1888C5
:102C100000F06100003818BF012008BDC87900200D
:102C2000AC5A0020B08600206666663FCA79002054
:102C30002DE9F04FD14CD24FD24EDFF8608331787E
:102C400098F80050D7F800E0D7F814C0D4ED1A5A1D
:102C500094ED196ACC489FEDCD5A2DED028B04F10D
:102C6000300283B0002392ED007AF0EC017AF0EEAE
:102C7000476A9942D7EEA76A42ED0C7A00F0CE80FF
:102C8000F5EEC06AF1EE10FAF0EE667A40F3D2800B
:102C9000A6EE277AA2EC017A0133042BE3D1312D81
:102CA000C7F800E0C7F814C000F0008194ED147A72
:102CB000D4ED016A94ED000A9FEDB56A67EE267ABD
:102CC00020EE077A67EEA77AE7EE077AF4EEC67A87
:102CD000F1EE10FA09DDB1EEE77A80EE070AC6EEF2
:102CE000877A84ED000AC4ED017A002940F0B980AA
:102CF000272D00F03A81A14DDFF8A4A2DFF8A492BD
:102D0000DFEDA28A9FEDA38A05F1780B002495EDF3
:102D1000107AD5ED087AB5EEC07AF1EE10FA10DD32
:102D200077EE876AF4EEC06AF1EE10FA00F1878060
:102D300077EEC77AB4EEE70AF1EE10FAB8BFB0EE5C
:102D4000670AA14285ED080A38D05BF8083C002BE1
:102D500078D0584698473378A5EC010AA3423DD075
:102D6000DAF8483D20469847D9F8003003EB440391
:102D70005B8B5A4207EE902AF8EEE77AB4EEE70A48
:102D8000F1EE10FA0AD407EE903AF8EE677AF4EE14
:102D9000C07AF1EE10FA88BFF0EE407A032C31D001
:102DA0003378C5ED037AA34223D00134042C0BF110
:102DB000300B2ED095ED000A3178A8E798F8003056
:102DC000272B05D160EE287AFDEEE77AC7ED027A6F
:102DD0005BF8083C002BBCD1A5EC010A98F8003048
:102DE000272BBDD160EE287AFDEEE77AC7ED037A96
:102DF000B6E798F80030272B04BFFDEEE77AC7ED61
:102E0000047AD2E7337867EE887A032BC5ED037A2C
:102E1000EFD003B0BDEC028BBDE8F08F272D31D091
:102E2000F5EEC06AF1EE10FA0FDDA6EE267AA2ECFE
:102E3000017A31E7A5EEA67AA2EC017A2CE7B0EE92
:102E4000660A7EE7A5EC010A8AE7A5EEA67A272D99
:102E5000A2EC017A7FF420AFFDEEC77A17EE90CA9C
:102E60001AE701297FF447AF272D7FF444AFD4ED53
:102E7000017A9FED467A67EE877AFDEEE77AC7ED35
:102E8000017A38E767EE857AF5EEC06AFDEEE77AFB
:102E9000F1EE10FA17EE90EAD7DDA6EE867AFDEE97
:102EA000C77AA2EC017A17EE90CAF5E6D4ED0C4A87
:102EB00094ED0D4AD4ED0E3A94ED0F3A364B9FED5A
:102EC000335AD3ED087A0191F1EEE45AB1EEC46AB7
:102ED000F1EEE36AB1EEC37A65EE855A26EE056A35
:102EE00066EE856A27EE057A67EE857AFDEEE55A8D
:102EF000FDEEE77ABDEEC66AFDEEE66ABDEEC77A84
:102F0000C7ED047AC7ED005A87ED016AC7ED026A82
:102F100087ED037AFFF718FED4ED157A01997861F1
:102F2000F4EEE74AF1EE10FA07DD01230191BB61EF
:102F3000FFF732FE0199F861B8E6D4ED167AB4EEE7
:102F4000E74AF1EE10FAF0DCD4ED177AF4EEE73A46
:102F5000F1EE10FAE9DCD4ED187AB4EEE73AF1EECE
:102F600010FACCBF01230023E0E7DFED087A60EE22
:102F7000277AFDEEE77AC7ED017ABCE6AC5A00206D
:102F8000B4220020FC4000201C5A002000007A449B
:102F90000100803F55550540B0860020B02200203A
:102FA000F8A20020B87C002000230749184651F8F9
:102FB000332012B1106041F833000133082BF6D1F1
:102FC000642014F0F1B900BF44B000202DE9F04FA7
:102FD000584B594A95B002F17E0103F1200440F2AA
:102FE000D17032F8105B21F8020F07EE905AF8EE1C
:102FF000677AE3EC017AA342F3D1504F0DF12C082C
:1030000000264FF0040900E0264617F801AF5046AD
:10301000BAF1000F00F0888014F0B2FA741CE4B228
:10302000054604215046224612F080FA034648F82D
:10303000043F02212846002B76D015B185F8069072
:10304000EC715A7A14F0EAFA082CDDD13C4B039368
:1030500026461C70DFF8F0A0DFF8DC800DF10C09CB
:103060000DF12C0B4FF0000E5BF8043FB8F80A503E
:103070001F68314A09F104090BA8002303E0B44298
:1030800002F1100217D250F8041F096801338F4271
:10309000DCB2F4D1B2F80AC0B2F904100A31BAFBBA
:1030A000F1F1614528BF61468D4228BF0D46B4420B
:1030B00002F11002E7D3B5F57A7FA8BF4FF47A7515
:1030C0000EF1010E322D5FFA8EF3B8BF32259E420B
:1030D000C9F8005008F11008C6D81A4EDFF86890F9
:1030E000DDF80CA0002406F64C582046274614AB09
:1030F00003EB8003009706EB001C53F8405C53F889
:10310000201C114AACF8965D08EBC000B9FBF5F342
:103110009BB2E6F78BFA01349AF80030E0B28342B2
:10312000E5D815B0BDE8F08F054B03931E70002E57
:1031300090D1F6E7008E002084B0002013B100206B
:10314000FC8D0020F8A2002040420F0008B5064B7D
:1031500000221A605A609A60DA60E4F7CFF8BDE89E
:103160000840322014F020B9A022002038B52B4CA2
:103170002B4B607B2DED028B68B1A27B32B1E27BE1
:1031800032B1227C32B10420187005E0012002E047
:10319000022000E003201870E6F7B0FC238D214DDB
:1031A00000EE103AF7EE000AB8EE400A27F080F879
:1031B000638DB0EE408A00EE103AF7EE000AB8EEEA
:1031C000400A27F075F8C8EE008A05F64453F7EE7A
:1031D000000AC3ED008AA38D00EE103AB8EE400A53
:1031E00027F066F8E38DB0EE408A00EE103AF7EE75
:1031F000000AB8EE400A27F05BF8C8EE007A95F8AE
:10320000952205F62463C3ED007A1AB988EEA77AF1
:1032100083ED007ABDEC028B38BD00BF4C4A002024
:1032200030790020F8A200202DE9F84F304EDFF869
:10323000E080304BDFF8DCB0002406F10409A8F18F
:10324000080706F11405A2461968CA0007D53822F6
:1032500029486243125C12B102222A7012E09BF8E4
:1032600000202AB1254A927A12B101222A7009E07F
:103270000B0105D5224A126812B103222A7001E01F
:1032800085F800A017F8012B520803D0642AA8BFC4
:10329000642200E0012238F9023BDFED1A6A06F8E9
:1032A000012B07EE103AB8EEC77A174A17489388F1
:1032B000C7EE267A4FF0300C0CFB040000220821E8
:1032C0000134013500EE903AFB78B7EE007A00EE5B
:1032D000103A77EE877AF8EE600AB8EE400AE9EC29
:1032E000017A1DF031F9042C024BADD1BDE8F88F05
:1032F00020B10020FC5500201C4000204C4A00203A
:10330000D87800200050C3478441002038B1002005
:103310006C4A00207C4A0020074B1A784AB1074BC0
:103320001A4401E0934204D013F8010B0028F9D1AC
:1033300070470120704700BF3079002034B1002071
:103340002DE9F74FAF4800F6445393ED004A90F84B
:10335000957200F62463D3ED004AAB4B93F800C09E
:10336000003F18BF0127BCF1000F16D0F7EE007A1E
:10337000B4EE674AF1EE10FA14BF4FF001094FF0B6
:10338000000967450AD2F4EE674AF1EE10FA14BF5D
:103390004FF0010A4FF0000A02E0E1464FF0000A48
:1033A0009A4BDFF888E25A88DFED991A9FED992A47
:1033B000DFED992A9FED993ADFED993A01934FF0AD
:1033C000000801EE102A744642464CF2503BF2EEE1
:1033D000045A0EF160011EF8013B002B00F0DB8067
:1033E000268A002E00F0D7809EF84F50002D00F066
:1033F000D2805E45A8BF5E4607EE906AF8EEE77A97
:10340000B8EEC16A67EEA17A042DC2EE276A66EEB5
:10341000227A26EE036A06D9642D07D807EE105AE1
:10342000B8EE477A04E0B1EE047A01E0B0EE637AD8
:10343000634587EE255A0BD800EBC216013B86F890
:10344000603F01EBC213D501C3ED016A238E85E015
:103450000A2B1CD1B9F1000F00F09D8000EBC215C2
:10346000002685F8606F01EBC215C5ED016A258E57
:1034700000EE905AF8EEE00AD30180EE847A27EE4F
:10348000267AB4EEE57AF1EE10FA3AD541E0A3F1EE
:103490000B05072D19D8BCF1000F7CD00A3B07EEB5
:1034A000103AF8EEC70A00EBC21660EE840A002359
:1034B00060EEA60A86F8603F01EBC213C3ED010A75
:1034C00017EE106A238ED50147E0142B2CD1BAF1E8
:1034D000000F60D000EBC215D30185F8607F01EBCF
:1034E000C215C5ED016A258E00EE905AF8EEE00A8D
:1034F00080EEA47A27EE267AB4EEE57AF1EE10FAA1
:1035000007D4B4EEE77AF1EE10FAD8BFF0EE477ABE
:1035100001E0F2EE047A0B44C3ED027A83ED036A14
:1035200083ED045A013236E0A3F11505072D32D898
:10353000674530D2143B07EE103AB8EEC77A00EB7D
:10354000C21627EE247A86F8607F27EE267A01EBF2
:10355000C21686ED017A268ED501734307EE103A26
:10356000B8EEC77A27EE267AB4EEE57AF1EE10FAD5
:1035700007D4B4EEE77AF1EE10FAD8BFF0EE477A4E
:1035800001E0F2EE047A4B19C3ED027A83ED036A8F
:1035900083ED045A013208F10108B8F1100F04F16B
:1035A00002047FF418AF1F4F1F4D87F868264FF0B5
:1035B0000008002697F86836434520DD2C464FF07A
:1035C0000009019B95ED020A5B8895ED041A2662BD
:1035D000204600EE903AE661A661F8EE600A40F8F7
:1035E000146F042109F101091DF068F8B9F1030F06
:1035F00004F12404E5D108F101088035DAE703B0CD
:10360000BDE8F08FF8A2002030790020844100202E
:103610000000704200401C46CDCCCC3E6666E63EC3
:103620000000C842F0B3002058B20020F8B10020DA
:1036300038B50446314DC00000F50B7028442544D0
:103640002DED048BB0EE408AB0EE410AF0EE418AD7
:10365000B0EE609A17F022FB2B7BDFED295A06EEC5
:10366000903A38EEC06AF8EEE66AF0EEC67A87EE77
:10367000A65A244B1B78F7EE007A77EEC57AB0EEA7
:10368000407AF4EEE57AF1EE10FAB8BFF0EE657A22
:103690009C4227EE880A02D0BDEC048B38BD1A4B41
:1036A0001B78252BF8D1DFED196A194B68EEA68A35
:1036B00069EE260AFDEEE88A27EE267AC3ED008A37
:1036C000BDEC048B26EE266A67EEA67A60EE266ACB
:1036D000FDEEE00ABDEEC77ABDEEC66AFDEEE77A02
:1036E000FDEEE66AC3ED010A83ED027A83ED036A1B
:1036F000C3ED047AC3ED056A38BD00BF388B0020E6
:1037000000000000FC400020B022002000007A44AD
:10371000B4220020044BDB7A022B04D0012B00D012
:1037200070470128FCDC83E7388B0020F8B5DC4BC0
:10373000DC4D1B8805EB800213F0430FD2ED044AE9
:10374000044640F0B28013F0040211D11B0700F1CF
:10375000CF80D54B1A78002A40F0B980D34B04EBC8
:10376000C40403EB8404C4ED2E4AB0EE640AF8BD31
:103770000228EED0F8F7CAFAFFF70EFA18B9F5EEFC
:10378000007A20EE270ACA4B95ED007AD5ED016A42
:103790001B68DFEDC85A9A7DDB7DC7489FEDC73AAD
:1037A000BFEE006AB0EE464AA7EE074A00F26C612F
:1037B00090F87C06A6EEA66A03EE902A24EE254A2F
:1037C000F8EEE33A26EE256AF7EE005AF0EE657A57
:1037D000E3EE847ABA4A05EE103AB8EEC55AF0EE36
:1037E000673AF0EE657AE5EE067AB2F90030B2F9A2
:1037F000022091ED004A66EEA76A27EE237AF0EEEA
:10380000E66AB0EEC77AB4EEE67AF1EE10FAB8BF27
:10381000B0EE667A002BB8BF5B42002AB8BF5242B6
:103820009BB292B207EE903A06EE902AF8EEE77A53
:10383000F8EEE66A20EE040AF4EEE67AF1EE10FA0B
:10384000B8BFF0EE667A67EE837A002840F0E88031
:1038500091ED036AB4EEE56AF1EE10FA00F18481AD
:10386000D1ED017A9FED976AF4EEC67AF1EE10FA87
:103870007FF66FAFDFED946AC6EEA75AF7EE006AE7
:10388000F0EE667AE7EE657AF4EEE67AF1EE10FA9B
:1038900088BFF0EE667AF4EEC67AF1EE10FAB8BFA1
:1038A000F0EE467AE0EE274A53E702283FF451AFA4
:1038B000F8F72CFAFFF770F918B9F5EE007A20EE58
:1038C000270A824BD3EDA34A60EE244A41E79A7857
:1038D0003AB1052A00F01C8103EB8403D3ED134AAF
:1038E0003CE703EB8402C2ED134AC2ED174A35E709
:1038F000714B93F8800600283FF42BAF022C3FF465
:1039000028AF734D6E499FED6D7A31F9141005EBB8
:10391000440503EB040CB5F90C609CF99056891B27
:1039200007EE901AF8EEE77A67EE877AF5EEC07A3E
:10393000F1EE10FAF5EEC04ACCBF01264FF0FF368B
:10394000F1EE10FACCBF01274FF0FF37002D00F049
:10395000FE80BD4200F020818CF8902603F5D061F6
:1039600091ED027AF0EEE76AF4EEC76AF1EE10FA32
:1039700000F30B8110461546564BDFED575A03EB0B
:103980008403D3ED0C6AB0EEE66AB4EEE56AF1EEBC
:1039900010FADCBFDFED515A26EE256AD1ED035A4D
:1039A00066EEA56AC8BFB7EE006AF0EE675AE6EEAB
:1039B000265AF5EEC05AF0EEE56AF1EE10FAB4EED2
:1039C000E67ACCBF01234FF0FF33F1EE10FAB0EEF0
:1039D000656A02D59F4200F08B80002840F09480F9
:1039E0003F4B1B789C427FF4B4AE3E4B1B78262B9A
:1039F0007FF4AFAEB2EE047A67EE877A26EE076AFE
:103A0000BDEEE47A384BFDEEE77A17EE102ABDEEF4
:103A1000C66AC3E90152C3ED007A83ED036A98E6F2
:103A200091ED016A9FED274AB4EEC46AF1EE10FAF7
:103A30007FF78FAE91ED025AB4EEC45AF1EE10FA50
:103A40007FF787AE75EE677ADFED283AC7EE856AB5
:103A500027EE237AF4EEE56AC7EE067AF1EE10FA65
:103A600088BFF0EE656AF4EEC46AF1EE10FA77EE04
:103A7000A57AB8BFF0EE446A66EEA77AF4EEE57A6E
:103A8000F1EE10FA88BFF0EE657AF4EEC47AF1EE4A
:103A900010FAB8BFF0EE447AE0EE274A59E600BFCC
:103AA000CA790020AC5A0020405A0020388B0020F0
:103AB000B87C00200AD7233CF0B30020CDCCCC3D0D
:103AC000145A0020000000000000C842F8A20020A4
:103AD000305A002084410020FFFFF9436F12033B5E
:103AE000FC400020B0220020B42200200000C8C208
:103AF00006EE907AF8EEE66AF0EE464AD7EE264AEF
:103B0000D1ED015A64EEA54A2046F9F791F967E72D
:103B10003C4A586811685A69091A07EE901A01322E
:103B2000B8EEE77A07EE902AF8EEE77A03EB840323
:103B3000C7EE276AF7EE007A77EEE67A93ED137A0E
:103B400067EE877AE4EEA67AF0EE674A06E603F5BA
:103B5000D06191ED027AF0EEE76AB4EEE67AF1EE2A
:103B600010FA12D4284607E775EEC66A9FED264A7A
:103B7000DFED265A91ED015A75EEE77A66EE846A1A
:103B8000A7EEA66A66EE057A6CE6B742234432D009
:103B900093F990560020EFE603F5D06191ED027A9B
:103BA000F0EEE76AF4EEC76AF1EE10FA104620DD97
:103BB00006EE906AF8EEE66AB0EE674A97EE264A9D
:103BC000D1ED014A9FED125ADFED125A9FED126AB4
:103BD00064EE244AF4EEC54AF1EE10FA88BFF0EE26
:103BE000454AF4EEE54AF1EE10FAB8BFF0EE654A48
:103BF000F3E63D46DCE783F89076002FF9D13D46A9
:103C0000BAE600BF84190020610BB63B00003443C4
:103C100000007A4400007AC4000000002DE9F84357
:103C200004462DED048B754DFFF780FD04EB440237
:103C300005EB0212724BD2F8102103EB840393EDD3
:103C40000C8AF0EE408A4AB1302000FB0450B0EEFE
:103C5000480A00F58C709047B0EE408A04EB84036C
:103C600005EB8303D3ED197A6A7A38EEC89A04EB30
:103C7000C40367EE897A05EB8303C3ED287A83EDED
:103C80002F8AE600A700002A40F0B480B1EE480A6F
:103C900004F124084FEA081808F1040028441CF035
:103CA000AFFD3B1905EB830393ED1B7A06EB04098B
:103CB00067EE007A05EB8909F0EE480AB0EE490A92
:103CC000B0EE681A2046C9ED2A7AFFF723FD4D4A67
:103CD000631CDBB202EB4303B3F816315BB1D9EDE1
:103CE000297A60EE277AF5EEC07AF1EE10FA02DD5D
:103CF000DFED457A03E0D5ED007A60EE277A3319DF
:103D000005EB830393ED300A05EB840393ED0B7A07
:103D100077EE807AF1EE476AF4EEE67AF1EE10FA89
:103D200008D4F4EEC77AF1EE10FA8CBFF0EE476AD1
:103D3000F0EE676A3B1905EB8303D3ED1A7A33196A
:103D400067EEA67A05EB8303C3ED297AC3ED306AEB
:103D5000FEF722FF002848D0D5ED077A95ED086AD6
:103D600066EEA77AB1EE467AF4EEC77AF1EE10FA73
:103D700008D4F4EEC67AF1EE10FA8CBFB0EE467AB3
:103D8000B0EE677A274405EB8707D7ED1C7A76EE0D
:103D9000C76A67EEA87A344405EB840408F134005E
:103DA000B0EE680AC4ED306AC4ED2B7A28441CF0EA
:103DB00027FDD4ED287AD4ED295AD4ED2A6A94ED62
:103DC0002B7A97ED1D6A77EEA57ABDEC048B77EE22
:103DD000A67A20EE060A77EE877A84ED2C0A77EE33
:103DE000807AC4ED2D7ABDE8F88395ED067A26EE4B
:103DF000877AC7E7B0EE490A4AE700BF388B002050
:103E000084410020B0890020000000002DE9F0412D
:103E100004462DED048B644DFFF788FC04EB44024F
:103E200005EB0212614BD2F8102103EB840393EDF2
:103E30000C9A6600B0EE408A4AB1302000FB045074
:103E4000B0EE490A00F58C709047B0EE409A3019F8
:103E500005EB001204EBC403D2F8A02105EB8303A9
:103E600078EE499A000183ED2F9AE700002A00F0CE
:103E7000988000F5D4702844B0EE690A904704EBAE
:103E8000840805EB880898ED197ADFED498A67EE1A
:103E9000007A3E1905EB860605EB041000F511705B
:103EA000C6ED287AB1EE490A1CF0AAFC631C414A0F
:103EB00098ED1B7ADBB2883302EB4308F0EE490A37
:103EC000B8F80630002B18BFB0EE680A67EE007A2B
:103ED000B0EE481AC6ED2A7AB0EE690A2046FFF71E
:103EE00019FCB8F80630D5ED007A4FEA8408002BAB
:103EF00054D127EE800A3B1905EB830393ED307A0A
:103F000005EB8403D3ED0B7A30EE070AF1EE676A16
:103F1000B4EEE60AF1EE10FA08D4B4EEE70AF1EED8
:103F200010FA8CBFF0EE676AF0EE406A08EB04030B
:103F300005EB830393ED1A6A3E1926EE866A05EBBC
:103F4000860686ED296AC6ED306AFEF725FE48B979
:103F500095ED067AF7EE007A77EEC77A67EEA66AF5
:103F6000C6ED306AA0443C4405EB880805EB8405A7
:103F700098ED1C0AD5ED287A95ED2A7A28EE000AEC
:103F800037EE878A85ED2B0A38EE008A38EE068AEE
:103F900085ED2D8ABDEC048BBDE8F081B0EE680A9A
:103FA000A9E7B0EE690A6AE7388B00208441002057
:103FB00000000000B089002010B50446FFF7B6FBF2
:103FC0000C4B04EB840103EB8101D1ED1C7A04EB73
:103FD000C40003EB800020EE270A002280ED2B0AAC
:103FE00080ED2D0AC0F8A020C0F8A420C0F8A820B9
:103FF00010BD00BF388B002005280FD805290DD82B
:1040000088420BD0064B00EB401001EB411184229B
:1040100003EB810103EB800027F032BD704700BF46
:1040200084BA00202DE9F0472DED028BD94D90F890
:1040300028302B724389DFEDD86A9FEDD85A9FED67
:10404000D84ADFEDD84ADFEDD88A07EE903A838967
:1040500007EE103AB8EEC77AC38927EE267AF8EE53
:10406000E77A85ED1A7A07EE103A038A05EE903A60
:10407000F8EEE55A438A65EE855A67EE847AC5ED17
:104080001C5A05EE903A838AC5ED197A06EE103A6D
:10409000C38AB8EEC66A07EE903A26EE046A038B2E
:1040A00085ED1E6AF8EEE55A06EE103A65EEA45A62
:1040B000B8EEC66AC5ED1D5ADFEDBC5A438B26EE3D
:1040C000256AF8EEE77A85ED206A06EE103A838BD2
:1040D00067EEA67A06EE903AF8EEE66AC38BC5ED77
:1040E0001F7A66EEA46ADFEDB27AC5ED226A06EEAB
:1040F000903AF8EEE66A038C66EEA76ADFEDAD7AD9
:10410000C5ED236A06EE903AF8EEE66A438C66EE59
:10411000A76AB8EEC77AC5ED246A27EE247A06EEC0
:10412000903A838C85ED1B7A07EE103AB8EEC66A9A
:10413000F8EEE66AB8EEC77A26EE056A66EEA56A7C
:1041400027EE057A85ED216AC5ED256A85ED267A8B
:10415000C38C07EE903AF8EEE77A044667EEA57A4C
:10416000C5ED277A90F8383007EE903A90F839305C
:10417000F8EE677AC5ED0B7A07EE903AF8EE677ABB
:10418000C5ED0C7A90F83A3007EE903AF8EE677A7F
:10419000C5ED0D7A90F82B3063B195ED007AF2EE13
:1041A000047A27EE277A07EE903AF8EEE77AC7EE20
:1041B000276A01E0F0EE686A94F82C30C5ED066AD3
:1041C00063B195ED007AF2EE047A27EE277A07EED6
:1041D000903AF8EEE77AC7EE276A01E0DFED726AFF
:1041E00094F82D30C5ED076A63B195ED007AF2EED3
:1041F000047A27EE277A07EE903AF8EEE77AC7EED0
:10420000276A01E0DFED686A94F82E30C5ED096A8F
:1042100043B107EE903A95ED007AF8EEE77A67EE53
:10422000877A01E0DFED647A94F82F30C5ED087AE3
:1042300043B107EE903A95ED007AF8EEE77A67EE33
:10424000877A01E0DFED5C7ADFF8788194F830302E
:10425000C5ED0A7AEB7304F13B07A8F5867604F105
:104260003E097B7AD5ED010A94F8471000EE103A2A
:10427000BA464046B8EE400A00221CF065F99AF8AA
:104280000030D5ED010A00EE103A01370022062178
:1042900008F19000B8EE400A1CF056F9BB78D5ED55
:1042A000010AC6ED928A00EE103A06F51170B8EEDA
:1042B000400AC6ED918A1CF0B9FA7B79D5ED010A66
:1042C000C6ED9E8A00EE103AC6ED9D8A06F51D7079
:1042D000B8EE400A1CF0AAFA4F4508F1300806F182
:1042E0001006BED194F83130EB72FBB994F8293046
:1042F0006B7294F82A30AB7294F848309FED2F8A95
:1043000007EE903AF8EEE77A94F8493087EE887A2B
:1043100007EE903AF8EEE77A85ED0E7A87EE887A26
:1043200094F84D3085ED0F7A4BBB2FE0244F04F10C
:104330003206A7F5087804F13509F378B2461BB1C7
:10434000642BA8BF642300E0012307EE903A3846AF
:10435000D5ED010AB8EE670A1CF0CEFA9AF80030E3
:10436000FA2BA8BFFA230A2B06F10106B8BF0A23CD
:10437000B14508F8013B07F10807DED1B6E7FA2B93
:1043800024D807EE903AB8EE670A21E0B7EE000AAB
:104390001EE000BF388B002017B7513917B7D1374F
:1043A0002CB2DF3695BFD63300000000BD3786350E
:1043B00064CF8B386F12033A002474490000C8425E
:1043C000648D0020448C002000007A431FED020A17
:1043D000D5ED010A6348644E88EE000A1CF08CFAA1
:1043E00094F84A30614807EE903AF8EEE77ADFED4C
:1043F000606AD5ED010A87EE887A85ED157A94F822
:104400004B3007EE903AF8EEE77A87EE887A85ED42
:10441000167A94F84C3007EE903AF8EEE77A87EE89
:10442000887A85ED177A94F84E3007EE903AF8EED8
:10443000E77A87EEA67A85ED187A94F84F302B74D8
:1044400096F8943294F850209FED4A7A002B0CBFD6
:104450004FF0FF330123534307EE903A94F8513065
:10446000C5EDAA8AF8EEE77A00EE103A67EE877A91
:10447000B8EE400AC5ED057AC5EDA98A1CF0D6F95B
:104480002046FEF759FB94F852303B4A07EE903A2B
:10449000F8EEE77AB2EE047AC7EE876A94F8533002
:1044A00002F26C6107EE903A94F85430C6EDA36ABC
:1044B000F8EE677AC6EDA47A07EE903AF8EEE77A5E
:1044C00094F85530C7EE876A07EE903A94F8573063
:1044D00082F87C3694F85630C1ED006AF8EE677ABF
:1044E000C3F1AF00C1ED017A07EE900ADFED236A58
:1044F000F8EEE77AC3F1640367EEA67ADFED206A8F
:10450000C1ED027A07EE903AF8EEE77A02F5D06351
:1045100067EEA67A94F85820C1ED037A07EE902A48
:10452000F8EEE77A94F85920C7EE876ABDEC028B63
:10453000204607EE902AB4F85A20C3ED016AF8EE3F
:10454000677ADFED106AC3ED027A07EE902AF8EE83
:10455000E77ABDE8F04787EEA67A83ED037AFDF7A8
:10456000A7BF00BF7C8B0020F8A20020DC8D0020BC
:104570000000FA43BD3786B4F0B300206666E63F1C
:104580000AD7233C00007A440A4B9FED0B7A1B6943
:104590000A4A07EE903AF8EE677AF7EE006A67EE9D
:1045A000877A86EEA77AC2ED007A82ED017A044A14
:1045B000136037E584410020BD378635388B0020F5
:1045C000A403002002486C22002128F0BBB900BFE0
:1045D000D88B002038B53F4DB5F89C322DED048BBB
:1045E000DFED3D8A33B107EE903AF8EEE77A87EED9
:1045F000A87A01E09FED397A394C95F8993284ED2B
:104600005C7A53B107EE903ADFED366AB8EEE77A9E
:10461000DFED357AE7EE667A01E0DFED307AB5F965
:104620009A32C4ED5D7AABB10A2293FBF2F308EE45
:10463000103ADFED2E7AB8EEC88A28EE278AB0EE5F
:10464000480A1BF093FEB0EE409AB0EE480A1BF009
:1046500079FE03E09FED219AB7EE000A95F99E32AC
:10466000DFED236A84ED5F9A07EE903AF8EEE77A81
:1046700095F99F3284ED600A87EEA87A07EE903AAA
:10468000F8EEE77A84ED577A87EEA87A95F9A032AA
:1046900007EE903AF8EEE77A84ED587A87EEA87A3A
:1046A00095F8963207EE903AF8EEE77A84ED597A6B
:1046B00087EEA87A95F99732BDEC048B07EE903A15
:1046C000F8EEE77A84ED557A87EEA67A84ED547A8F
:1046D00038BD00BFF8A2002000007A4400000000AE
:1046E000B0890020C1BA873BF304B53F35FA8E3C50
:1046F0000000F042504AF8B500200D23002142F896
:10470000040B013B1163FAD14C4A012340F6C51159
:1047100001331D2B22F8021BFAD1494C94F8983230
:10472000002B5ED0013B052B4BD8DFE803F03E03A6
:104730000303242D01210420F8F786FB0221042025
:10474000F8F782FB03210420F8F77EFB0121022009
:10475000F8F77AFB02210846F8F776FB03210220DE
:10476000F8F772FB02210120F8F76EFB032101200C
:10477000F8F76AFB25E001210220F8F765FB02212A
:104780000120F8F761FB1CE001210220F8F75CFB37
:1047900002210846F8F758FB01210846F8F754FBB8
:1047A00002210120F8F750FB0BE001210220F8F76D
:1047B0004BFB02210120F8F747FB03210420F8F707
:1047C00043FB09210520F8F73FFB94F8953223B10C
:1047D0000A210320F8F738FB03E004210320F8F74F
:1047E00033FB184C184D002601272378012B07D0E6
:1047F000023B012B18D8A1786078F8F725FB13E06D
:10480000A178627801F12A00934045F82030531EC8
:10481000012B02D9063A012A06D8D5F8843107FAC5
:1048200001F11943C5F884110136202E04F1080462
:10483000DBD1BDE8F840CDE6248A00208E8A002036
:10484000F8A200209CBD0020B089002070B5284B44
:10485000284D2948002140F6C41642F210741A78F7
:1048600002B3032AA8BF03221A705A781C2AA8BFD1
:104870001C225A709A780C2AA8BF0C229A70B3F99D
:104880000420B242A8BF3246AA42B8BF2A469A8044
:10489000B3F90620A242A8BF22468242B8BF024610
:1048A000DA8003E05A709A709A80DA800131202908
:1048B00003F10803D3D11149B1F89C02B8B1B1F9A1
:1048C000D032B1F9CE22002BB8BF5B42002AB8BF6C
:1048D00052429BB292B203F5FA7302F5FA72934216
:1048E000B8BF13468342B8BF0346A1F89C3270BDDF
:1048F0009CBD00203CF6FFFFF0D8FFFFF8A200208F
:104900002DE9F041DFF8B883DFEDDB6A98ED000AAE
:10491000DA4CDB4F2DED028B0620F8F7B3FA98ED59
:10492000010A0720F8F7AEFA98ED020A0820F8F716
:10493000A9FA98ED030A0920F8F7A4FA98ED040AF9
:104940000A20F8F79FFA04F148060B257B8AF4EC5D
:10495000017A00EE103AB8EEC00A284637EEC00AD7
:10496000013520EE260AF8F78DFAB442EED1C54F94
:10497000C54E97ED2D0AC54C0120F8F783FA97ED47
:10498000360A0220F8F77EFA97ED3F0A0320F8F77F
:1049900079FA97ED100A0420F8F774FA96F8A13224
:1049A000002B40F06882BA4D95ED5C5ADFEDC65A97
:1049B000B4EEE55AF1EE10FA40F3988195ED046AF1
:1049C000D5ED5D6AD5ED017A95ED027AB0EEC66A55
:1049D00035EE466AB4EEE56AF1EE10FAF4EEE56AF9
:1049E000B8BFB0EE656AF1EE10FA85ED5A6A40F391
:1049F0002881F5EEC07AF1EE10FA4CBFB6F9BC3260
:104A0000B6F9BE32DFEDA35A002BB8BF5B429BB2B2
:104A10000A2BB5EEC07AB8BF0A23F1EE10FA06EE03
:104A2000103A4CBFB6F9C232B6F9C432002BB8BF47
:104A30005B429BB20A2BB8BF0A2366EEA55A06EE6C
:104A4000903AB8EEC66AF8EEE66A26EE256A66EE99
:104A5000A56AC7EE865A87EE266ADFED8F6A26EED4
:104A6000066AA5EEA56AB4EEE66AF1EE10FA40F326
:104A7000E280F1EEC65AB5EEC05AB7EE006AF1EE2A
:104A800010FAC6EE256A0FDD27EE075AD5ED5A5A01
:104A9000A7EEA75AB1EEC56A26EE866AB4EEE56ABD
:104AA000F1EE10FA00F3DD80B7EE006AF4EEC66AAC
:104AB000F1EE10FA07D54FF0051327EE267A67EED0
:104AC000A67AC5F81831D5ED5F6AF5EE406AF1EEC9
:104AD00010FA0BD095ED606A67EEE65A66EE277A1B
:104AE000E6EE075AE6EE877AB0EE657A67EEA76AD9
:104AF000C5ED017AF0EE667AE7EE077AD8F8103065
:104B0000E36085ED027AF1EEE76AC5ED5B6A03F0DA
:104B10009DF8624BB0FA80F093ED000AE36B84EDF0
:104B20000D0A40092074002B00F0EE815C48984784
:104B300094ED0D7AD4ED0B7AD4ED066A20EE270AB7
:104B4000B5EEC07AC0EE267AF1EE10FA84ED050AD1
:104B5000C4ED097A40F38A80DFED526AF4EEE67A1A
:104B6000F1EE10FA40F38280A26E4F4B002A00F063
:104B700017821B689B1A642BD4BF00230123DFED2F
:104B8000536A84F83130F4EEE67AF1EE10FA00F16F
:104B9000A180F7EE007AB4EEE77AF1EE10FA00F1B8
:104BA0009980002396F8A222DFED406A9FED477AB4
:104BB00084F8303007EE902A3D4A636F5288F8EE51
:104BC000E77A00EE102A67EEA67AB8EEC00AC4EDC6
:104BD000357A20EE070A0BB136489847364BDFEDA1
:104BE0003B7A5B6884ED1B0A07EE103AD4F8A820E4
:104BF000B8EEC70A20EE270A0AB13048904723785A
:104C000084ED280A002B40F0BE80237C002B00F0AE
:104C1000B5809FED2D0A84ED020A0520F8F732F9E0
:104C200096F89532012B6ED0022B00F07081BDEC0E
:104C3000028BBDE8F081B5EEC05AF1EE10FA7FF7B5
:104C400042AF67EE076AD5ED5A5AE7EEA76AB1EEB2
:104C5000E66AF4EEC65AF1EE10FA7FF534AFF7EEDD
:104C6000006A85EE865A66EE856A1DE7A36E0BB173
:104C70000023A366002382E76F12033B9C7F002082
:104C800024410020388B0020F8A20020108800204A
:104C9000B08900206F12833A0100803F9CBE002043
:104CA00054880020CDCC4C3D84190020CDCC6C40E4
:104CB000807900208C880020BC790020C0880020EA
:104CC0001C5A0020CDCCCC3D000000000AD7233C6C
:104CD000CDCC4C3E94ED027A5FED067AB4EEE77AE5
:104CE000F1EE10FACCBF012300235BE7D5ED5D6A3E
:104CF000D5ED017A95ED027AF5EEC06AF1EE10FA83
:104D00003FF777AEDFE696F89432D5ED037A0BB92C
:104D1000F1EE677AF5EEC07A1FED156A95ED557ADA
:104D2000F1EE10FAB8BFF0EE467AF1EEE76AB4EEB3
:104D3000E67AF1EE10FAA8BFF0EE476AFDF704FF3D
:104D4000B0B9D5ED057A1FED1F7AF4EEC77AF1EE12
:104D500010FA00F12B811FED227AF4EEC77AF1EE02
:104D600010FA05D5B1EE047A67EE877A66EEA76A87
:104D7000C5ED036ABDEC028BBDE8F08194ED030A3A
:104D800084ED020A49E7D5ED5B7A94ED467A95ED1C
:104D9000030AD5ED045AD4ED474A94ED454A94ED03
:104DA000065AD4ED036A94ED056A96F8953227EE1B
:104DB000277AF0EEE55AF0EEC07AA4EEA57A67EE17
:104DC000847A65EE266AF1EEE78AF1EEC74AC6EE0E
:104DD000265A67EEA88AC4ED086AE7EE248AC4ED75
:104DE0000A5A5BB194ED498AB5EE408AF1EE10FAA9
:104DF00004D0FDF7A9FE002840F0E680F7EE007A27
:104E0000F0EE675AC4ED487A94ED074AD4ED407A43
:104E100094ED427AD7ED004AD4ED416A94ED438A8D
:104E20007B4894EE256A27EE877A86EE050A67EEC0
:104E3000A66A27EE247A66EE806A27EE007A27EECD
:104E4000888AC4ED366A84ED387A1BF0D9FC94ED7B
:104E5000407AD4ED447AD6F8403D27EE277A28EE02
:104E6000000A67EE288A84ED390AC4ED3A8A984729
:104E700094ED020AD1E62378012B19D96378042B2B
:104E800016D194ED0A7ADFED637AF7EE046AB4EE98
:104E9000E67AF1EE10FA88BFB0EE667AB4EEE77A01
:104EA000F1EE10FAB8BFB0EE677A27EE077A01E0AC
:104EB000B7EE007A584DB6F9D032D5ED045A9FEDD1
:104EC000576AC5EE876A07EE903AF8EEE77A67EE22
:104ED000867AF4EEE76AF1EE10FA0FDCB6F9CE321C
:104EE00007EE903AF8EEE77A67EE867AF4EEE76A34
:104EF000F1EE10FA02D4C5ED046A55E50523C5EDBF
:104F0000047AA5F81E314FE5B0EE407A12E696F825
:104F10009432D5ED037A0BB9F1EE677AB0EEE77A09
:104F2000F1EEC76A17EE903AD5ED557AF0EEE66AE3
:104F3000002BB8BFF1EE666AB1EE677AF4EEC76A8D
:104F4000F1EE10FA0CDDF4EEE76AF1EE10FA07D597
:104F500095F9583106EE903AF8EEE66A66EEA76AE1
:104F6000FDF7F2FD78B9D5ED057A9FED2D7AF4EED7
:104F7000C77AF1EE10FA1CD49FED2A7AF4EEC77AC4
:104F8000F1EE10FA19D4F5EEC06AF1EE10FA4CBF4A
:104F90004FF0FF33012385F85831C5ED036AE9E688
:104FA0001A68A266002A7FF4E4AD63E6F0EE466A72
:104FB000DEE6DFED1D6A0123EDE7B1EE047A67EE70
:104FC000877A66EEA76ADEE7D4F830312BB117484E
:104FD000984794ED056A94ED065AD4ED4A5A28EEA6
:104FE000008AB5EEC08AF1EE10FA0DD4B4EEE58A6F
:104FF000F1EE10FA88BFB0EE658AF7EE005A78EE4F
:10500000255AC4ED485AFFE6F7EE005AF9E700BF0B
:10501000008900206666663FB08900206F12833ADF
:105020000AD7233CCDCC4C3E00000000488900202C
:1050300030B42A30094C012354F82000194604F5F5
:105040008B74052501FA03F2024218BF24F81350AD
:1050500001331D2BF6D130BC704700BFB089002052
:1050600000F11E014FF47A734FF61842C38002819B
:10507000438106308842F9D1704700BF3A4B3B4A22
:10508000D3ED036AD3ED017A93ED026A93ED007AD2
:1050900066EE060A26EEA61A67EEA72A2DED048B09
:1050A00026EE260A27EE278A27EE262A67EE061A1C
:1050B00030EE814A27EE866A72EE814A67EEA67A62
:1050C00032EEA05AF7EE006AF0EE005AB0EE669AA1
:1050D000F0EE668AA4EE659AE4EEE58AE5EE656A8E
:1050E00070EE483A38EE004A76EE424A32EE065A00
:1050F00071EEA75A33EEA33A74EE043A34EEA44AA2
:1051000075EE054A35EEA55A77EEE15A27EE077A95
:1051100075EEA55A83ED058A82ED009AC2ED048AE8
:1051200083ED047ABDEC048B83ED0C0A82ED053A25
:10513000C2ED073AC3ED0B0A83ED0D1AC2ED086A02
:10514000C3ED061A83ED072AC3ED082A83ED096A29
:10515000C3ED0A7A82ED014AC2ED034A82ED025A9A
:10516000C2ED065A704700BF38060020B086002006
:105170002E4B1B681844B0EEC06A837B9BB107EED0
:10518000903ADFED2B6AB8EEE77A60EE007A27EE10
:10519000267AF7EE006A76EEC76A67EE867AE7EE61
:1051A000276A20EE260A837ADFED227A9FED207AA5
:1051B00006EE903AF8EEE66AF4EEE76AF1EE10FADF
:1051C00026EE877A07DDF0EE007A77EE677ADFED7C
:1051D0001A6AA7EEA67A837CDFED167A20EE270AFC
:1051E00020EE070AABB107EE903AF8EEE77A9FEDB2
:1051F000137A67EE867AF4EEC77AF1EE10FA09DCDC
:105200009FED0B7A67EE877AF5EEC07AF1EE10FA31
:1052100005D57047DFED0A7A20EE270A7047B7EE12
:10522000007A77EE677A80EE270A7047B87C002014
:105230000AD7233C00004843D7A368410000C64278
:105240000000C842184B9FED195A1B681844FFEE26
:10525000005A837C06EE903A837BE0EE005A07EE1C
:10526000103AF8EE666A837AB0EEC06A66EE866A35
:1052700007EE903AB7EE006AB8EEC77AF2EE044A4B
:10528000B0EE464AA6EE854AF8EEE77A20EE240A0A
:1052900027EE257A27EE800AA7EE056A24EE000A9B
:1052A00020EE060A704700BFB87C00200AD7233CD6
:1052B000304BDFED316A1B681844B0EEC06A837C66
:1052C00007EE903AF8EEE77A837B67EE867A07EE90
:1052D000103AF4EEE67AF1EE10FAB8EEC77A3FDC57
:1052E000DFED266A67EEA67AF5EEC07AF1EE10FAE7
:1052F00033D4F7EE006A76EEE77AC6EEA75A837AE1
:10530000FFEE006AB0EE666AA0EE006A07EE903A21
:1053100027EE067ADFED194A9FED195AB7EE006ABB
:10532000B0EE464AA7EE244AF8EEE77A20EE050AE8
:1053300027EE800A20EE040A20EE250AB4EEE60AE3
:10534000F1EE10FA0FD4B4EEC60AF1EE10FA0DDC4D
:10535000DFED0C7A20EE270A7047F7EE005ACEE711
:10536000DFED095ACBE79FED090A70479FED050A6B
:10537000704700BFB87C00200000C6420AD7233C1B
:105380006F12833A0000FA440000C8420000FAC4D9
:10539000394BDFED3A4A19680844B7EE005A827C6F
:1053A000837A807B097E02EB820252005B009A4284
:1053B000B8BF1A4607EE902AB8EE677A07EE903A21
:1053C000F8EEE77A06EE900AC7EE275AF8EEE66A9C
:1053D00075EEC55A66EEA46A85EE876AFFEE005A3E
:1053E000E0EE005A26EE276AB0EEC07A71B327EEDF
:1053F000067A9FED236AB4EEC67A27EE800AF1EEB4
:1054000010FAF0EE457AE6EEA57A2EDCB5EEC07A1B
:10541000F1EE10FA2CD435EE477AC5EE076A27EE86
:10542000800A9FED187ADFED187A20EE260AB4EE96
:10543000C70AF1EE10FA88BFB0EE470AB4EEE70AE9
:10544000F1EE10FAB8BFB0EE670A7047B0EE454A09
:10545000A6EEA54ADFED0A4A27EE047A27EE067A81
:10546000B4EEE47AF1EE10FAD0DDDFED086AD6E7AB
:10547000F0EE456AD3E700BFB87C00200AD7233C92
:10548000A4707D3F0000FA440000FAC40000C84246
:10549000DFED027A20EE270A704700BF0000FA43D2
:1054A000DFF838C0F0B5074600F5847E0A4C3D466B
:1054B00026460FCE664528606960AA60EB603446D8
:1054C00005F11005F4D1334607CB2C37774528601A
:1054D0006960AA60EAD1F0BD98D70408B8D704087B
:1054E000D0E90920101AB0FA80F04009704700BFD7
:1054F0000171704703799B070AD5436A8269D154C9
:10550000436A01690133B3FBF1F201FB12334362D9
:10551000704700BF037913F0010314D0D0E90731BD
:10552000C26810B45B1A541E234008D043694C1C57
:105530005B5CB4FBF2F102FB11420262DBB2184683
:105540005DF8044B70471846704700BF037913F0AD
:10555000020308D0D0E909210369581E531A0340F9
:10556000DBB2C01A70471846704700BF037913F0CA
:10557000010306D0D0E90731C268581A531E1840FB
:1055800070471846704700BF10F8113C0133DBB27A
:105590000A2B00F8113C07D9044A10F8131C002309
:1055A00022F8113000F8113C704700BF38A50020E8
:1055B000F0B55F4C5F4A20785F4B0130A2FB005290
:1055C0001E68DD6B120902EB8202A0EB8202B1427F
:1055D0002270586801EB050213D293F84550002D54
:1055E00045D0564D02F580322E78B2FBF6F290424D
:1055F0000DD2101A4FF48035B5FBF6F5401B9860BC
:105600000CE04E4D2E78B2FBF6F2904227D3151ADD
:105610004FF48030B0FBF6F0284498605A6040F6B2
:105620008C2200259042196083F8455029D993F8BF
:10563000402093F942108A4262D0002193F94170D0
:1056400083F843104FFA82FCBA423AD0012100227B
:1056500083F842C083F8441083F84020F0BD93F8EB
:105660004550002DC5D1101A401B9860D6E7334E27
:105670003678B2FBF6F29042C9D2101A401B9860FD
:10568000CCE793F84420002AE8D0A0F2EF2140F2C2
:10569000DA5291420AD893F840200B2A06D803EB3D
:1056A0008201013283F84020C860F0BD244A002105
:1056B00002F1300083F8441042F8041F8242FBD10B
:1056C000F0BD93F844100029C0D072B31D4A1C4DA0
:1056D000104602EB470E39B255F8046F20F8026B02
:1056E0007045F9D10B2F07DC174802EB410200216E
:1056F00022F8021B8242FBD1627801326270A5E778
:10570000111F082999D893F84310182907D8013197
:1057100093F9417083F843104FFA82FC94E74FFAF3
:1057200082FC83F841C067468EE71146054ADBE7F5
:10573000CCC50020CDCCCCCC10490020EC030020FF
:105740001849002038A5002050A5002030B40E4D87
:105750000E4B2A780E4C0132A3FB02031B09E06BAF
:1057600003EB8303A2EB83034FF6FF72914200F138
:1057700001002B70084408BF0123E06308BF84F8D0
:10578000453030BC704700BFCCC50020CDCCCCCC60
:10579000104900201D4890F82430B3B32DE9F0479C
:1057A00000221B4BDFF86CC0DFF86CE01546502779
:1057B0002C26197C49B953F8181B0D6090F8241059
:1057C00001329142F5DCBDE8F08759688C0AA4F5F6
:1057D0008014542C94BF1EF804904FF0FE09EFF390
:1057E000118487F31288D1F824A0D1F8148006FB25
:1057F00009C90AF1010A48F00108C9F82CA0E4B26D
:10580000C1F8148084F31188D5E770471C4A002042
:105810005C490020CCC50020B0D30408034B00EB4A
:10582000400003EBC000407C704700BF5C49002093
:10583000012070470A4890F824307BB10023094AC0
:1058400010B41C4611680133183201B10C6090F895
:1058500024108B42F6DB5DF8044B7047704700BFA5
:105860001C4A00205C4900200A4890F824307BB193
:105870000023094A10B41C4611680133183201B1E3
:105880000C6090F824109942F6DC5DF8044B7047E8
:10589000704700BF1C4A00205C490020704700BFD1
:1058A000034B33F82C2F02809B788370704700BF26
:1058B00098D70408154AB2F84012B2F9443200FBF6
:1058C00001F0010BCBB110B4B2F94642104842F2DC
:1058D000107202FB01F292FBF3F3234480FB0320DE
:1058E000DB17C3EBA0000B4B5DF8044B1B78212B9F
:1058F00004BF094BC3E9001070471846054B1B78DD
:10590000212B04BF044BC3E900107047CCC5002015
:1059100067666666B0220020B4220020154B70B482
:10592000D3E99224821A74B1D3F8546200254FF45B
:105930007A7101FB06F1C3F84C52B1FBF4F1C3F8E4
:105940005452A3F8501282B1D3F85C42C3F8480213
:105950004FF47A71002001FB04F1C3F85C02B1FB43
:10596000F2F270BCA3F858227047034B012270BCBE
:105970001A707047CCC50020AB80002003684A79BC
:10598000591C01601A70704738B5244BDA8A07EE4B
:10599000902A0129F8EE677A23D0B5EEC00AF1EE1D
:1059A00010FA0DDD5A8A9B8A07EE902A07EE103A0C
:1059B000F8EE677AB8EE477A37EE677AE0EE077A64
:1059C000174D00EB400005EBC00393ED027A93ED19
:1059D000030AC400A7EE270A24F0A4FC2B59186080
:1059E00038BDB5EE400AF1EE10FAE9D05A8A9B8A2A
:1059F00007EE902A07EE103AF8EE677AB8EE477A8B
:105A0000B6EE006A37EE677AF7EE006A27EE067A9E
:105A100030EE260AE0EE077AD2E700BF4C4A0020BB
:105A20005C4900202DE9F04F254B264D1B682DEDDC
:105A30000C8B990783B002D595F854706FB9224842
:105A4000224900230122AB64EB642B6502700A70CB
:105A500003B0BDEC0C8BBDE8F08F1D4CD4F8602278
:105A6000C4F86002A0EB020B1A073FD5194AD2ED29
:105A7000007AF5EE407AF1EE10FA37D0D2ED017AE5
:105A8000F5EE407AF1EE10FA30D0D2ED027AF5EE72
:105A9000407AF1EE10FA29D00F4A92F8222012B182
:105AA00094F8641239B30D4A1278013A042A1DD9C8
:105AB0009FED0D8ADFF82C80094E002120E000BF09
:105AC00060760020CC790020AA800020AB800020E6
:105AD000CCC50020EC8D002070860020248600209C
:105AE00038060020145A00200000000013F02007A0
:105AF00040F05E8239461FED048ADFF82484F44EBC
:105B0000D4F86822002A00F07A82F24BD4ED9C5A35
:105B1000DB689FEDF19A94ED9B6AD4ED9D6A03FBDF
:105B200002F307EE903AF8EE677AB7EE005A85EE88
:105B3000277A4FF0000C0023C4F86832C4F86CC216
:105B4000C4F870C2C4F874C267EE255A27EE066A1C
:105B500065EE898A66EE099A68EEA8AA67EE266A5B
:105B6000E9EEA9AA26EE899AE9EE09AADB4BD3F859
:105B70009820002A40F3B88207EE902AF8EEE77AE0
:105B8000B7EE007AC7EE27BA00224FF00009C3F83B
:105B90009890D3ED28CA93ED27CA93ED295AD5EDF5
:105BA000007A9FEDCF7AC3F89C206BEEACCA2BEE47
:105BB0008CCA2CEEACBA6BEE85BAACEE0CBAC3F85C
:105BC000A020C3F8A42067EEA77AABEEABBAC4ED71
:105BD0009FCA67EE8B7A84ED9ECAF4EEC77AF1EE27
:105BE00010FAC4EDA0BA08DD9FEDBE7AF4EEC77AD4
:105BF000F1EE10FA48BF4FF00109BB4B9FEDBB7AA5
:105C00001B7807EE90BAF8EEE74A03F0010213F0B2
:105C1000010324EE87AA00F0098294EDA3DA84F848
:105C20008422002900F0FA81DFEDBE7AB4EEE78A23
:105C3000F1EE10FA0CDDDFEDAE6A9FEDAE7AF0EE1C
:105C4000487AF4EEC77AF1EE10FA38EE668AF6DC9E
:105C5000DFEDA97AB4EEE78AF1EE10FA0CD5DFEDAC
:105C6000A46A9FEDA67AF0EE487AF4EEC77AF1EED8
:105C700010FA38EE268AF6D4B0EE480A1AF076FB0F
:105C80009F4DF0EE407AB0EE480AB0EE678A1AF007
:105C900059FBD5ED037AD5ED005A95ED067A95EDD1
:105CA000076AD5ED086A60EE277AE8EE257A27EED6
:105CB000C77A27EEC66A67EEE67A002F4BD0914B83
:105CC0009FED914AD3ED016A93ED025AD3ED004A5C
:105CD00066EEA65AE5EE055AE4EEA45AF4EEC45A6E
:105CE000F1EE10FA37DDF1EEE53AF7EE005A85EE07
:105CF000A34AD5ED045AD5ED013A95ED033A66EE87
:105D0000846A64EE844A66EEA55A66EEA36AE4EEFF
:105D1000835AD5ED003A25EE045AE4EEA36A95EDD8
:105D2000054AD5ED024AD5ED063AE5EE045AE5EE10
:105D3000246A25EEA55A95ED074AD5ED084AA6EE48
:105D4000A65AF1EEC56A66EEE55AA5EEA37AA5EE6F
:105D5000846AE5EEA47AB9F1000F24D0DFED6A6A17
:105D6000B4EEE6BAF1EE10FA1DDDF1EECB5AB7EE65
:105D7000005AC5EE256AD5ED084AD5ED065A95EDCF
:105D8000075A26EE8CCA66EEACCA66EEABBAACEE2B
:105D9000A47AABEEA56AECEE057AACEE646AABEEE3
:105DA000C57AECEEE57A0023D4EDA26AF5EEC06A7E
:105DB000F1EE10FA40F3AB81DFED545AF4EEE5AAB0
:105DC000F1EE10FA00F1AA8194EDA75AD4EDA85A89
:105DD000D4EDA96A79EE859A39EE259A78EEA68AED
:105DE000E7EE0D9AF0EE685AF6EE004A6AEE244AA3
:105DF000E6EE0D5AA7EE8D9AD6ED033A96ED023AED
:105E0000D6ED007AD6ED012A29EEA44A65EEA45A11
:105E100064EE236A69EE244AE5EEA76A24EE836AFB
:105E200073EE266AA4EE276A25EEA27AE4EEE26A11
:105E300032EE866AA4EEA77AA5EEE36A65EE835A8F
:105E400026EEA65AE4EE225A33EE877AA6EE065ADA
:105E5000A4EE437A77EEE57AF0EE455AE4EEE37A83
:105E6000E7EE075AB7EE008AE7EEA75AB1EEE55A19
:105E7000C8EE055A67EEA57A26EE256A66EEA56A93
:105E800027EE257A86ED016AC6ED026A86ED037A71
:105E9000C6ED007AFFF7F2F80123D5ED080A95ED7B
:105EA000070A84F866321AF0DFF9DFED1F7A20EE78
:105EB000270A24F037FAD5ED065A9FED157A9FEDA3
:105EC000156ADFED156A9FED150AA8F8000031E0AC
:105ED000380600208441002035FA8E3C0CAB0020AF
:105EE000295C4F3F48E19A3FC8790020BD3786358D
:105EF000DB0FC940E4CB1641DB0F49C0E4CB16C130
:105F0000B0860020EC8D00200AD7233CE58AF93DBD
:105F1000306E99BC2716983D843459BEA40DC93FF4
:105F2000145A0020DB0F49404C3D0F44DB0FC93FA2
:105F30004C3D0FC4F0EEE57A38EE678AA7EE876A2B
:105F4000B1EEC87AE7EE866AF5EEC05AA7EEA60A69
:105F5000F1EE10FA67EE007AC8BF1FED0E7A1FED62
:105F60000E0AC8BF77EE677A1FED107A77EE677A70
:105F700027EE800A24F0D6F9D5ED000A95ED030A44
:105F8000A8F802001AF070F95FED177A20EE270AE0
:105F900024F0C8F903B2002BB6BF00F56160A8F881
:105FA0000430A8F8040003B0BDEC0C8BBDE8F08F02
:105FB000C84B1F7817F002073FF49CADC64B1A7D03
:105FC000042A40F2C680DA89B2F5FA7FC0F0C180B7
:105FD0001A8AC24BDFEDC27A94F86512DFF8148397
:105FE000A3FB0263DB0808EE103AB8EEC88A28EE7D
:105FF000278A002900F0B480BA4E002780E5DFED43
:10600000BAAAB0EE6A9AF0EE6A8AF0EE6A9AF0EEF8
:106010006A6AF0EE6A5AB0EE6A6AA7E5DFEDB27A14
:10602000B24DB0EE676AB0EE677A46E694F8842225
:1060300082B100F574329032C4F8943284F8983208
:10604000C4F890225AB994F8983243B9002384F8DE
:10605000843242E0D4F89432002B00F03181B0EE6B
:10606000C66AB2EE0E5AB4EEC56AF1EE10FA21DC41
:10607000F0EEE57AF4EEC57AF1EE10FA1ADCB0EE45
:10608000E67AB4EEC57AF1EE10FA13DCB9F1000F3E
:1060900010D0D4F89432002B00F0188198424FF0C1
:1060A000000358D30122C4E9A43384F8843284F86D
:1060B000982212E000F5743390330022C4E9A43230
:1060C000002BC3D09842C1D300F5F420002300F583
:1060D0009070C4E9A43084F8843294EDA3DAF2EE2F
:1060E000047A2DEE27DA9CE59FED7F7A4FF00009C8
:1060F000B0EE47BA84ED9E7A84ED9F7A84EDA07A63
:10610000F0EE47BAF0EE47CAB0EE47CA75E5C4F8FC
:106110009C32C4F8A432C4F8A03261E66AEE266A62
:10612000D4EDA74A94EDA95AD4EDA85AE7EE264A31
:10613000A6EE265AE7EEA65A79EEA49A78EE858A5C
:1061400039EE259AC4EDA74A84EDA95AC4EDA85AA0
:1061500046E60027CEE484F88432B3EE09DA60E53F
:10616000B8F90030B8F90270DFF88CA19FED60BA81
:10617000B3F5E16FC4BFA3F561631BB2B7F5E16F7F
:106180000FFA82F9C4BFA7F561673FB2B9F5E16FB5
:10619000C4BFA2F561620FFA82F9CDE900108AFB53
:1061A0000312DB17C3EBA2031BB208EE903AF8EE22
:1061B000E88A012668EE8B8A84F86562B0EE680A88
:1061C0001AF0C0F8B0EE40AAB0EE680A1AF0CEF8A5
:1061D0008AFB0732FB17C3EBA2031BB208EE903A0F
:1061E000F8EEE88AF0EE409A68EE8B8A8AFB093A6C
:1061F000B0EE680A1AF0A6F84FEAE979F0EE40AA84
:10620000A9EBAA09B0EE680A1AF0B0F807EE909A66
:10621000F8EEE78AB0EE409A68EE8B8A314EB0EE27
:10622000680A1AF08FF8F0EE407AB0EE680AF0EEE5
:10623000678A1AF09BF869EE897A2AEE099A69EE64
:10624000AA9A20EE276A2AEE2AAA69EE406A20EE70
:10625000297A67EEE87AA8EE8A6A0027E0EE0A7AE1
:10626000E8EEA96AA8EE897A26EEA75A26EE874AB2
:1062700067EE275A67EEA72A26EEA63A67EE073A98
:1062800066EE266A26EE077A66EE277AC6ED0D2AB6
:1062900086ED083AC6ED0B3A86ED094A86ED0A5AB4
:1062A000C6ED056AC6ED0C5A86ED067AC6ED077A8C
:1062B000FEF7E4FE0123DDE9001084F866321FE4F6
:1062C000D4F89022002A7FF4CAAEBCE6D4F890320B
:1062D000F6E600BF5879002060560020CDCCCCCC2B
:1062E00035FA8E3C3806002000000000B086002001
:1062F00035FA0E3C145A00206766666670B5304D5C
:10630000304C95F8A832237095F8AE322E4E00EE40
:10631000103A2DED028B20469FED2C8AD6ED010A16
:10632000B8EEC00A002380EE080A40F8203F6362FE
:106330001AF07CFA95F8AB3204F130000222042105
:1063400000EE103AB8EEC00AD6ED010A80EE080A57
:106350001AF0FAF895F8A93204F16000022204213B
:1063600000EE103AB8EEC00AD6ED010A80EE080A37
:106370001AF0EAF895F8AC3204F1900002220421F8
:1063800000EE103A9FED128AD6ED010AB8EEC00A6F
:1063900080EE080A1AF0D8F895F8AA3204F1C00085
:1063A0000222042100EE103AB8EEC00AD6ED010A2E
:1063B00080EE080ABDEC028BBDE870401AF0C4B84C
:1063C000CCC50020ACA90020388B00200000C842BA
:1063D00000007A4410B58C4C2378012B40F2A48045
:1063E000022B00F0B880227B884B1B78DB0731D46E
:1063F00042B1D4F8C43094ED040A0BB184489847F4
:1064000084ED050A637B002B45D0D4F8943094EDDD
:10641000060A0BB17F489847237B84ED070A002BBF
:1064200000F08C80D4ED057AF5EE407AF1EE10FAAA
:1064300000F0848094ED040A774870EE677AC4ED2A
:10644000017A1AF0DDF9754B84ED020A1B780E2BE8
:1064500031D010BD002A71D0637BF3B1D4ED077A3F
:10646000F5EE407AF1EE10FA00F0C38094ED047A74
:1064700094ED060AD4F8C43077EE877A37EEC00A76
:10648000002B00F0BE8062489847237B84ED050A0C
:10649000002BC7D152E0237B33B1D4ED057AF5EE62
:1064A000407AF1EE10FAC5D100236360A3605B4B24
:1064B0001B780E2BCDD1DFED5A7AD4ED014A94ED45
:1064C000025AD4ED045A94ED056AD4ED066A94EDAF
:1064D000077A544A544B9168127D996164EEA74A39
:1064E00025EE275A65EEA75A26EE276A66EEA76ABA
:1064F00067EE277AFDEEE44ABDEEC55AFDEEE55A99
:10650000BDEEC66AFDEEE66AFDEEE77AC3ED004A2F
:1065100083ED015AC3ED025A83ED036AC3ED046AA9
:10652000C3ED057ADA6110BD404A126852073AD4C9
:10653000364B1B780022D80722732CD5637B002BA7
:10654000B2D0D4ED077AF5EE407AF1EE10FAABD086
:1065500094ED060A70E7354B1B6899061FD5344B3E
:106560001B789A071BD52F4B324A197D92F8AD2222
:10657000914214D393ED020ADFED2F7A636BB8EEEC
:10658000C00A20EE270A0BB12C489847012384ED5E
:10659000060A637327E7637B002B85D035E700236A
:1065A000227B637320E7234A92F8AF120029BFD001
:1065B000B2F8B022002ABBD1214AD2F8A82044F276
:1065C0005A4102F6C31088423FF60DAF07EE902AFB
:1065D000626EB8EEE70ADFED187A20EE270A1AB1EC
:1065E00004F16C009047237884ED040A01222273A1
:1065F000F6E6D4ED057AF5EE407AF1EE10FAA0D089
:1066000018E784ED050A0DE7ACA90020C879002041
:1066100078AA002048AA0020CCA90020B02200209F
:106620000000C84260560020B4220020607600209E
:1066300058790020CCC500200AD7233CE8A90020C7
:10664000803500201C4B9FED1D4A1B68DFED1C4A66
:106650001844B2EE045A837C07EE903A837AF8EE3F
:10666000E77A06EE103A837BB8EEC66A67EE857A63
:1066700006EE903A20EE007AE6EE457AF8EEE66A0B
:1066800027EE077AF7EE005A66EE846A37EE657AEF
:10669000F4EEE47AE6EE875AF1EE10FAB0EEC07A44
:1066A000B8BFF0EE647A67EE277A67EEA57AE6EE79
:1066B000057A27EE800A7047B87C00200AD7233C71
:1066C0000000000070B53D4E3D4C3E4D737A3E4893
:1066D0003E4904222A7084F8B22200254FF4C842B1
:1066E000012BA4F8BC22A4F8B452A4F8B652A4F822
:1066F000B852A4F8BA52C4F8C05205700D6026D042
:10670000022B19D13422294604F5317026F01AF9EA
:10671000737D07EE903A738BF8EEE77A00EE903ACD
:10672000B2EE040A80EE270A2A46082104F53270E8
:10673000F8EE600A19F008FFB17A254B0022012912
:10674000C3E901221A6084F82C231BD070BD2946AE
:10675000342204F53E7026F0F5F8737D07EE903A8A
:10676000738BF8EEE77A00EE903AB2EE040A80EE10
:10677000270A2A46082104F53F70F8EE600A19F04E
:10678000E3FED9E7B37DC4F8302307EE903AB38B2C
:1067900000EE903A0F4BC3E90122F8EEE77AB2EE31
:1067A000040ADA6080EE270ABDE8704003F11000A9
:1067B0000821F8EE600A19F0C7BE00BF9C790020DE
:1067C000CCC50020ED7F00209AA500208079002014
:1067D000BC790020FCC800202DE9F04F2DED028B84
:1067E000B94D85B095F853660390002E40F0AA800D
:1067F000DFF8F882DFF8F8A205F1240905F21C445D
:1068000098F80030B9EC010A63B10AEB060B0027D7
:10681000584614F00DFB98F8003001379F420BF1F9
:10682000800BF5DBD4F8883013B104F19000984761
:1068300054F8083C0BB120469847D4F8A83113B15E
:1068400004F5D8709847D4F8183113B104F5907056
:10685000984724366C2E89ED020A04F13004CFD11A
:1068600095F8553653B195F85236012B00F07981E1
:10687000022B00F05981002B00F03C81934B94498E
:106880001B7D13B195F854360BB391F87033002B80
:1068900053D1D5ED0C7A95ED036A8E4B8E48BBEE45
:1068A000EF6A03F5867203F10C0492ED007AD3EDE2
:1068B000006AE2EC017A77EE277AE7EE866AE3EC8B
:1068C000016A9C4200F0DF80F0EC017AEDE791F87C
:1068D000702395ED057A002A40F05C819FED7F6A78
:1068E000D5ED0C7AD5ED0D6A95F85E2627EE067A81
:1068F000B0EEE76AB4EEC67AF0EEE66AF1EE10FAB0
:10690000B4EEE67AD5ED0E6AF0EEE66A4CBF0123EE
:106910000023F1EE10FAB4EEE67A48BF43F002032A
:10692000F1EE10FA48BF43F004031342B3D0039AC8
:10693000C1F87423012381F8703305B0BDEC028BDC
:10694000BDE8F08FDFF8A0A1654B9AF800201B7816
:10695000DFF89881CDF80480142ADFF894B1DFF8CD
:10696000849105F1180705F21C444FF00006984683
:1069700062D0062A40F0918097ED000A029223F03F
:10698000D1FCB045029AC9F800005FD097ED030A28
:10699000019B1A78A2B102974FF0000827465C4687
:1069A000204614F045FA019B1B7808F10108984530
:1069B00004F18004F4DB4A4B3C4693F80080029FCC
:1069C000B04553D0D4F8883013B104F19000984703
:1069D00054F8083C0BB120469847D4F8A83113B1BD
:1069E00004F5D8709847D4F8183113B104F59070B5
:1069F00098473B4B9AF8002093F80080B0452AD086
:106A0000032A07D18DED020A23F08CFC9DED020ACA
:106A1000C9F800000136032E87ED060A09F10409C2
:106A200007F1040704F130040BF1240B3FF418AF15
:106A30009AF80020142A9CD1D5F8341306F1580096
:106A4000B04531F91010C9F800109FD13D2A97EDDB
:106A5000030A9DD12FE03D2AD2D18DED020A23F009
:106A600061FC204B9DED020AD860D3E79AF8003014
:106A70003D2BA7D18DED020A23F054FC194B9DED5F
:106A8000020A98609EE7D1F868320133C1F8683293
:106A900005B0BDEC028BBDE8F08FB0457FF476AF5A
:106AA0003D2A7FF473AF97ED000A23F03BFC0D4BBA
:106AB00097ED030A18608DED020A23F033FC094BB1
:106AC0009DED020A586063E7844100205CA6002027
:106AD000CCC5002038C80020B841002000D8F946B5
:106AE000FC400020B4220020B022002058BA002030
:106AF0006CB20020634B1B78152B00F0BA80322B50
:106B00007FF4BCAE95ED318A95ED350A5E4C28EEEA
:106B1000000A23F007FC95ED360A206028EE000AF3
:106B200023F000FC6060A9E6564B1B78152B00F0A3
:106B30009280322B59D195ED318A95ED350A524C20
:106B400028EE000A23F0EEFB95ED360A206028EED1
:106B5000000A23F0E7FB95ED908A95ED940A6060BA
:106B60000BE0484B1B78152B6DD0322B7FF486AE93
:106B700095ED908A95ED940A434C28EE000A23F097
:106B8000D1FB95ED950AA06028EE000A23F0CAFB20
:106B9000E06073E6DFED3D6AD5ED0C7A27EE267AEC
:106BA000F0EEE76AB4EEE67AF1EE10FA47DDD5EDE5
:106BB0000D6AF0EEE66AB4EEE67AF1EE10FA3EDD2A
:106BC000D5ED0E6AF0EEE66AB4EEE67AF1EE10FA72
:106BD00035DD0398D1F87423821A4CF2503082428A
:106BE0007FF7ABAE81F8703355E6162B7FF446AED7
:106BF000D5ED908A95ED940A95ED318AD5ED357AEB
:106C0000214C20EE680AA7EE880A23F08BFB95ED55
:106C1000950AD5ED367A206020EE680AA8EE270A9C
:106C200023F080FB95ED960AD5ED377A606020EE73
:106C3000680AA8EE270A23F075FBA0601EE6039BF6
:106C4000C1F8743379E6104BB5F96812B5F96A22C8
:106C5000C3E9021212E60C4BB5F9EC20B5F9EE00CF
:106C6000B5F968121A60B5F96A22DA60C3E9010160
:106C700004E6054BB5F9EC10B5F9EE20C3E90012B6
:106C8000FCE500BFB0220020B42200200008ED4641
:106C900010B5444C94F85236012B28D0022B54D016
:106CA000B3B394ED060A4048E3F776FD3F48F0EEB3
:106CB000407A94ED070AC4ED097AE3F76DFD3C488C
:106CC000F0EE407A94ED080AC4ED0A7AE3F764FD29
:106CD0003849394AB1F88433107884ED0B0A01330E
:106CE000B3FBF0F200FB1233A1F8843310BD04F5BE
:106CF000DC70F8F745F9D4F83033002BD1D1D4ED5E
:106D0000906A94ED940A94ED957AD4ED967A0FE01A
:106D100004F13C00F8F734F9D4F8B431002BC0D1B9
:106D2000D4ED316A94ED350A94ED367AD4ED377AA4
:106D300020EE260A27EE267A67EEA67A84ED060A6A
:106D400084ED077AC4ED087AADE704F13C00F8F76A
:106D500017F904F5DC70F8F713F9D4F8B421D4F876
:106D6000303313439DD1D4ED907A94ED940A94ED91
:106D7000957AD4ED964AD4ED316A94ED355AD4ED36
:106D8000365A94ED376A27EE800A27EE877A67EE47
:106D9000A47AA5EE260AA6EEA57AE6EE867AF6EEA7
:106DA000006AC5E784410020BC440020044500205F
:106DB0004C450020CCC500202C06002070B5A0F565
:106DC0001B742379DB0757D5637994F8502203F0BD
:106DD00001010D4642BB94F85332012B4DD0002BDC
:106DE0004FD194F8523294F851128B420CD2B4F82D
:106DF0005A22012606FA03F001330243D8B2884230
:106E000092B2F7D3A4F85A220123606C84F853326B
:106E100085EA0301E1F74CFE636C0122BDE8704096
:106E200059791868EAF76ABBA36C1A68D36A5B08D9
:106E3000536294F86132012B07D094F8553223B194
:106E4000B4F85C320133A4F85C32606C85F0010167
:106E5000E1F72EFE636C012259791868EAF74EFBC0
:106E60000023012284F8532284F8513284F85232EC
:106E7000A4F85A3284F8503270BD94F8513284F834
:106E800052320023606C84F85332E1F711FEC3E7FD
:106E9000C36C23B15A7A006C012110F0BFBB006CA7
:106EA000012110F0DDBB00BF10B54379426C13F037
:106EB000010F0446527AC06B12D013F0200F14BF9A
:106EC0000221422110F0AAFB636C012284F85422B3
:106ED000A4F85022BDE8104059791868EAF70EBBB3
:106EE00013F0200F14BF0221222110F097FBEBE7D3
:106EF00068B5064600680D461FF0A4FB024603462F
:106F0000B3FBF5F1B1F5803F05D2304689B2BDE85B
:106F100068401FF07BBE012BF4D95B08F0E700BF8F
:106F20008160406CE4E700BF4379006CDB0748BF39
:106F300081F0010109B110F0DBBB10F0D3BB00BF41
:106F400038B5A0F5197423799A073AD4D90700D433
:106F500038BD94F85032002BFAD194F851320133F5
:106F6000DBB2092B84F8513273D00A2BF0D194F89C
:106F70005352002D00F08580B4F85A02820500F0CB
:106F8000010302D4002B40F08580B4F85E32013357
:106F9000A4F85E3201220023954284F8513284F82D
:106FA0005022D5D16179606C84F853321140E1F7F9
:106FB0007FFD636C2A4659791868BDE83840EAF7C6
:106FC0009DBA94F855524DBBD4E9091291426AD04A
:106FD000531CA169A362895C206994F854228342FE
:106FE00028BF2B46490041F400710A20A362012307
:106FF000A4F8581284F8560284F85532AAB94B08FE
:10700000A4F8583201F001012046FFF78DFF94F8F3
:1070100056222379013A84F8562297E794F95622AA
:10702000002A68D184F8552290E763791807E6D5DD
:10703000636C2A4659791868EAF760FAE06B2946CA
:1070400010F00EFB84F854522046FFF721FF2379FD
:107050007CE794F85332002B7FF47AAF94F85232E5
:10706000082B3FF675AFB4F85A22012000FA03F15D
:1070700001330A43D9B2082992B2F7D9A4F85A22A7
:1070800038BDB4F85A3243F001009B05A4F85A0207
:107090003FF57BAFE36A4008CBB1216BC0B29847A4
:1070A00094F8535276E794F8541200297FF44EAFC7
:1070B000627915077FF54AAFE36CBBB15A7A206C51
:1070C00010F0ACFA2046FFF7EFFE23793EE7E369C4
:1070D0006269C0B2D054E369E16894F85352013355
:1070E000B3FBF1F201FB1233E36153E7206C194665
:1070F00010F0B6FAE6E7B4F8581280E770B54E4BD8
:107100005B7A012B11D0022B5AD14C4B1B681B010F
:107110005ED44B4B1B78022B00D070BD494A4A4BC2
:1071200051881288C3E9001270BD21F0B5FE474BAB
:10713000474C1B7AD4F8002304EB4303B3F88C13B9
:107140008DB207EE905AB8EE670A002A64D004F5B3
:1071500042709047BCEEC00A10EE103A9BB294F811
:107160008813B4F840023B4A94F8896300FB01F0AD
:1071700000FB05F100FB03F3324DA2FB0303A2FB6E
:10718000011244F6FB7101EBD30301EBD201C6EB14
:107190000632B3FBF2F3B1FBF2F294F88A13B3FBBD
:1071A000F1F39BB2A4F8F8322B80254BB2FBF1F23D
:1071B0001B7892B2022BA4F8FA226A80ADD1ADE717
:1071C000204B00221A601E4B1B78022BA5D1A5E78D
:1071D000FF20ECF7DFFA38B303780A2B1ED99FEDB6
:1071E0001E0A00231A4CD4F8CC22A4F8C6320AB3E3
:1071F00004F535709047BCEEC00AB4F8C61210EE24
:10720000103A9BB2A4F8C4320E4A13800C4B518042
:107210001B78022B81D181E72B46A0E7438807EE3C
:10722000903AB8EE670ADDE7094AB2F8C432B2F81C
:10723000C612E9E71946E5E79C790020FC550020D5
:10724000B022002080790020B4220020942B00205E
:10725000CCC50020CDCCCCCC00000000F8B54A4B0A
:107260001A789AB1494B4A4D9A7AD5F89C73C5F869
:107270009C03022A044656D0032A06D0012A0AD0CB
:10728000444B0022C3E900229A60F8BD414BC3E998
:1072900000229A60F8BD21F0FFFD3F4B1B7D05EBFE
:1072A0004303B3F88C63B6B23046FEF703FB07EE38
:1072B000906AD5F84433C5F83C03B8EE670A3BB191
:1072C00005F553709847BCEEC00A10EE103A9EB216
:1072D0003046FEF7EFFAD5F83C1395EDCD7ADFEDA9
:1072E0002F6A2F4AC5F83803E31B01FB03F307EEAF
:1072F000903AF8EEE77A1478264BA7EEA67A212C7E
:1073000059601860F0EE477ABDEEC77AC5EDCD7AC8
:1073100017EE102A83ED027A85EDCC7AB5D1214B98
:10732000C3E90212F8BD204B1B681B01ADD5FF203D
:10733000ECF730FA18B103780A2B08D9002003467D
:10734000144AC5E9E803C2E900339060F8BD174A62
:10735000174B91881A68D0ED027ADFED166A164C49
:10736000436802FB01F207EE102AF8EEE77AB8EE66
:10737000477AA4FB0121E7EE267A03EBD103FDEE69
:10738000E77A17EE900ADBE79AA500209C790020A7
:10739000CCC50020BC790020942B00202FE33E3187
:1073A000B0220020B4220020FC550020DC78002010
:1073B000841900207D219534CDCCCCCC10B50B792F
:1073C0001A2B044627D01B2B11D01C2B19D01D2B98
:1073D00003D1184B93F8D8233ABB0968204615F01F
:1073E00065F823683B22591C21601A7010BD114BAF
:1073F00093F8B823002AF0D003F56E7115F056F813
:10740000EFE70C4B93F8C823002AE6D003F572711E
:1074100015F04CF8E5E7074B93F8A823002ADCD0D9
:1074200003F56A7115F042F8DBE703F5767115F0A4
:107430003DF8D6E7CCC50020B0F908306E2B00D05F
:10744000704710B5044615F019F8204615F00AF8F3
:10745000204615F007F82046BDE8104015F002B8A8
:1074600010B50EF033F9484B1A78002A37D0012AAC
:1074700037D05A785AB1454A92F82020012A04D0D0
:10748000022A04D193F838200AB106221A7093F820
:1074900028200AB902225A703D493E4CD1F8E8230F
:1074A000821AA24219D91A78C1F8E803032A28D00F
:1074B000364A147F187D91F9F123A04234BF012090
:1074C0004FF0FF3002440A2A1046A8BF0A2020EAE3
:1074D000E070092A81F8F10300DC10BD03225A7024
:1074E00010BD2B4A9B89A2F8EE330A240021052304
:1074F00082F8EC4382F8F01382F8F133C2F8E80323
:1075000010BD588A91F9EC239C89962834BF01203C
:107510004FF0FF300244142A1046A8BF142020EA7E
:10752000E070132AC8BF042281F8EC03B1F8EE031F
:10753000C8BF5A7091F9F023A1F8EE43A04234BFBE
:1075400001204FF0FF3002440A2A1046A8BF0A204B
:1075500020EAE070092A81F8F003A9DD0E4A1268DA
:1075600012F0080F094A0BD092F8220040B191F8AE
:10757000640228B9012481F8F00381F8644298E795
:107580000120587095E700BF2486002070860020F7
:10759000CCC500203F420F00607600202DE9F84F57
:1075A000BD4C2378012B0CD1BC4B00220021C3F829
:1075B000FC13A3F8F223A3F8F423C3F8F823A3F8E9
:1075C0000024B74B1E78242E02D1B64B6278DA60C5
:1075D000B54B1B78002B00F00081638A226BB34906
:1075E000AE4DDFF8F882B5F9F493B5F8F2E3B8F8E8
:1075F0001870B8F81AC0B8F81600D21A81FB023A0F
:10760000D317C3EB6A131AB29144B9F1640FA8BF40
:107610004FF064096FF0630AD1459BB2B8BFD14601
:10762000A3EB0E0E1CFB0EFC09FB07F710FB03C3BC
:1076300081FB07EB9E4894F834A0A5F8F223FF17CE
:10764000C7EB6B174268A5F8F4933B441BB20AEBF7
:107650008A0C502BD4BFD31802F150030CEB8C0CC6
:10766000B3EB8C0F94F835204FEA8C070BDB02EB61
:10767000820202EB820297009F42A8BF1F46A1FB35
:1076800007314FEA511A07EE90AA9FED8A0A476028
:10769000F8EEE77A27EE800A22F0C2FDA168E36ADD
:1076A0005B1A1BB283EAE372A2EBE372013A92B275
:1076B000B2F5957F40F2B780F7EE006A002B40F3F9
:1076C0008E80B8F82A30D4ED067A07EE103AB8EE7C
:1076D000C77AD7EE267AFDEEE77A17EE903A83EA7C
:1076E000E37207EE903AA2EBE372632AF8EEE75AF0
:1076F00040F3BD80DFED707A7049714A0988D2EDA0
:10770000006A92ED014AD2ED024AD5F8F823B5F9A4
:107710000004C5EDFF7AA1F57A7106EE101AB8EEF5
:10772000C66A9A1A86EE005AC5F8F833B8F812C03D
:1077300007EE100A65EEA65A67EE847A06EE902AE6
:1077400035EEA76AB8EEC77AF8EEE66A37EE067A43
:1077500066EEA46ABDEEC56A37EE267AB8F8100068
:1077600016EE103ABDEEC77AA0F57A7217EE101A2F
:107770000FFA83F8A2EB08039942864606DBACF5C4
:107780007A73A3EB08038B42A8BF0B461BB203F529
:107790007A7290444045A5F8003405DCC445A8BF82
:1077A000C446E6461FFA8CF0464A242E108034D098
:1077B000382E12D194ED067A3A4BBDEEC77AFDEE23
:1077C000E55AFDEEE77AFDEEE66A83ED037AC3ED56
:1077D000005AC3ED017AC3ED026ABDE8F88F2BD0E1
:1077E000B1F5FA7F48DC384B94ED067A01EB810164
:1077F000090183FB0123C917C1EB6313322BB8BF07
:1078000032235B4207EE903AF8EEE77A77EEC77ADA
:10781000FDEEE77A17EE903A61E7224AC2E900E707
:107820009360BDE8F88F07EE903AF8EEE76ADFED77
:10783000277A66EEA76A41E7DFED1F7AF0EE675A16
:1078400095EDFF6ADFED226A9FED227A77EE867A68
:10785000F4EEE67AF1EE10FA88BFF0EE667AF4EE16
:10786000C77AF1EE10FAB8BFF0EE477A44E7DFEDE1
:107870001A7A65EEA77AE3E7B8F82C30D4ED067AE9
:107880005B4207EE103AB8EEC77AD7EE267AFDEEE5
:10789000E77A17EE903A22E724860020CCC5002034
:1078A000B0220020B4220020A08000201F85EB51D0
:1078B000A486002035FA8E3C00000000DC86002003
:1078C000E0860020AC860020D34D62100E745A3B37
:1078D00000007A4300007AC30AD7233C7086002058
:1078E00008B5042009F00EF9064A074BD0681B685A
:1078F000516813611B1A9942BCBF002382F82530DE
:1079000008BD00BFF07F00208419002008B5054B9A
:10791000DFED057A93ED020A20EE270A22F002FD40
:1079200000B208BDACA900200000C842044BDFED46
:10793000057A93ED010A20EE270A22F0F3BC00BF7E
:10794000ACA900200000C842052813D8052911D889
:1079500088420FD030B5084D2C2300FB035401FBA7
:1079600003550FCD0FC40FCD0FC495E8070084E871
:10797000070030BD704700BFD0C9002010B4164BBF
:1079800016495B78164C2C2001F2044203FB0022BE
:1079900000FB0313226093F80D24124B013A042AD2
:1079A00013D8DFE802F00306090C0F000E4A1A6034
:1079B0000DE00E4A1A600AE00D4A1A6007E00D4A0F
:1079C0001A6004E00C4A1A6001E00C4A1A605DF883
:1079D000044BFAF7C7BC00BFDCAB0020CCC50020CD
:1079E000B87C002040B000207151020845520208C6
:1079F000B1520208456602089153020891540208E8
:107A000005289CBF014B5870B8E700BFDCAB0020D5
:107A1000F0B51B4E1B4D83B00024ADF8044000941C
:107A2000C6F80C45C6F810450CE0D6F81035F2182B
:107A3000013382F81475C6F810350134142C05F1A1
:107A4000060518D06B79284606226946E7B2002B56
:107A5000EBD125F07BF80028EFD0D6F80C350134B7
:107A6000F218142C03F1010382F82875C6F80C35BE
:107A700005F10605E6D103B0BDE8F04008F062BEAE
:107A8000CCC50020E8AE00200021F0B4244F0A4607
:107A90008C4601EB41035C0017F81350854207EB5D
:107AA000430638D0F2B18C18132C2FD804EB4403C2
:107AB00007EB430303E001325418132C26D81D783A
:107AC000854203F10603F6D004EB440407EB4403BC
:107AD00057F81440346001319B88B3801429D8D101
:107AE000F0BC704701311429FAD001EB410317F8BB
:107AF0001330834203D001311429CAD1F0E70122A7
:107B0000A31D8C18132C07EB0306CFD9C6F800C0B1
:107B1000A6F804C0EFE7012A38BF0122C3E700BF7F
:107B2000E8AE00201A4B03F1780102E006338B42E5
:107B30002CD01A788242F9D193F9022012F17D0FEC
:107B40001FDB10B493F903407D2C0ADCA24208DA53
:107B500001205DF8044B704793F9022012F17D0F6C
:107B6000F0DA5A79002AF3D106338B4205D01A781D
:107B70008242F1D006338B42F9D100205DF8044BEC
:107B800070475A79002AD1D00120704700207047F1
:107B9000E8AE0020044B93F84335022B01D10120BD
:107BA00070470620BEE700BFCCC50020F0B50D46EB
:107BB00083B0017801910446284617461E4619F005
:107BC000C1F8019978B12379012B15D00EB903B012
:107BD000F0BD284619F096F82178384603B0BDE884
:107BE000F04019F09FB8384619F0ACF80199002818
:107BF000EDD12379012BE9D1284619F093F8002E15
:107C0000EAD003B0F0BD00BF0146014819F09AB8B0
:107C10000888002008B5FFF7FBFE0020FFF782FF71
:107C2000084B68B9D97B003918BF01211B7C064A73
:107C3000003B18BF012382F8493582F8481508BD7A
:107C40000021F3E7DCAB0020CCC50020084A094B3B
:107C5000928A93ED047A07EE902AF8EEE77AB4EE72
:107C6000E77AF1EE10FAACBF01200020704700BFA8
:107C7000244100209C7F00200138382800F2388100
:107C8000DFE810F032012E012A013601260122011F
:107C90001E011A01160112010E010A01060102015C
:107CA000FE00FA00F600F200EE00EA00E600E20054
:107CB000DE00DA00D600D100CC00C700C200BD0053
:107CC000B800B300AE00A900A4009F009A00950080
:107CD00090008B00860081007C00770072006D00B0
:107CE000680063005E00590054004F004A004500E0
:107CF00040003D0039007F4BB3F9060070477D4BD3
:107D0000987870477C4B1B6893F8830070477A4BD8
:107D10001B6893F882007047774B1B6893F87F00CD
:107D20007047754B1B6893F87E007047724B1B6859
:107D300093F87D007047704B1B6893F87C00704788
:107D40006D4B1B6893F87B0070476B4B1B6893F877
:107D50007A007047684B1B6893F858007047664B71
:107D60001B6893F854007047634B1B6893F85200EC
:107D70007047614B1B68B3F8700070475E4B1B681F
:107D8000B3F86E0070475C4B1B68B3F86C0070472B
:107D9000594B1B68B3F86A007047574B1B68B3F820
:107DA00068007047544B1B68B3F866007047524B2D
:107DB0001B6893F8400070474F4B1B6893F83E00D8
:107DC00070474D4B1B6893F83F0070474A4B1B6848
:107DD00093F846007047484B1B6893F8440070477F
:107DE000454B1B6893F845007047434B1B6893F85D
:107DF0004E007047404B1B6893F84D0070473E4B58
:107E00001B6893F84C0070473B4B1B6893F84B0082
:107E10007047394B1B6893F84A007047364B1B6814
:107E200093F849007047344B1B6893F8480070473B
:107E3000314B1B68988C70472F4B1B68588C7047D0
:107E40002D4B1B68188C70472B4B1B68D88B7047C9
:107E5000294B1B68188A7047274B1B68D8897047C5
:107E6000254B1B6898897047234B1B6858897047BE
:107E7000214B1B68588B70471F4B1B68188B704732
:107E80001D4B1B68D88A70471B4B1B68988A70472C
:107E90001A4B1B68187C7047184B1B68987B7047FF
:107EA000164B1B68D87B7047144B1B68187B7047B8
:107EB000124B1B68987A7047104B1B68D87A704732
:107EC0000E4B1B68187D70470C4B1B68987C7047E5
:107ED0000A4B1B68D87C7047094BD8780130704733
:107EE000084B187801307047064B587801307047BE
:107EF000002070478CA50020B47C0020B87C0020B6
:107F0000787D0020DCAB00200C490D4A0B784978C5
:107F100007EE903AF8EE677A02F24C53C3ED007A1E
:107F2000C3ED017A07EE901AF8EE677A0021C3EDEF
:107F3000027AD960012382F85C35704718B00020BE
:107F4000CCC500202A4A1378D90700D4704723F003
:107F5000010370B543F00203137004460DF0B6FB45
:107F6000244B254D1B78C5F860050A3B012B35D9FC
:107F700000200FF045FC95F9742595F86415002A4A
:107F800001DA29BB70BD1D4BD5F878451B681C482C
:107F90001B1BA0FB0303B2EB931F4FEA9314F0D813
:107FA000184BD5F87C251B68174ED5F87005D5F809
:107FB00068159B1AD5F86C25A6FB036300EB5313D9
:107FC00001312244C5F87035C5F86815C5F86C252F
:107FD000BDE870400D490E480FF0BCB94520F2F7DE
:107FE000E5F80F20F2F7E2F82046F2F7D9FABFE7FA
:107FF000C879002050790020CCC5002084190020C9
:10800000D34D6210988000201F85EB5120A10700FE
:10801000700600202DE9F843BD4E337813F00104BB
:1080200005D0BDE8F843012100200FF027BCDFF8A0
:108030002093D9F800309D0500F14881B54D95F8A1
:108040004835002B00F038810720FFF7DDFD0028C0
:1080500000F0E780102008F055FDFFF7F7FD00283D
:1080600000F0DB80802008F04DFDAB4F3B689807A7
:1080700040F1C18095F86632002B40F0BC804FF48F
:10808000807008F03FFDB5F8582240F2EE239A4286
:108090004FF4006004D8B5F850229A4240F2D180E3
:1080A00008F030FDD7F8008018F0010F6BD0F6F71C
:1080B000BBFE002867D14FF4805008F023FD082054
:1080C000FFF730FD002879D00820FFF79DFD18B19B
:1080D0003378590740F166814FF4806008F012FD53
:1080E000FFF758FD00286DD18C4B1B685A0004D552
:1080F000FBF712F9002800F09F804FF4801008F081
:10810000F9FC874AD37A012B7DD0022B78D04FF42B
:10811000800008F0EFFC0920FFF776FD002840F012
:10812000C6803B689B0700F1B2804FF4000008F066
:10813000E1FC7C4B1B78002B00F0A48095F84835BF
:108140007BB995F88435002B7ED1D9F80000002842
:1081500040F08B80FFF758FD40B94FF0007008F0F9
:10816000C9FCD9F80060002E18BF022485F88645A6
:108170000DF0ACFAD5F88835C01A002855DBBDE8FB
:10818000F84308F091B918F0020F04D0664BB3F829
:10819000A830002B8FD118F0040F03D0B5F8B032FF
:1081A000002B88D118F0080F5AD14FF4805008F0F6
:1081B000A1FC0820FFF7B6FC002885D1FFF7EAFCF8
:1081C000002891D0594B31781B78594A0B4392F8CB
:1081D000212003F0020313434FF4802000F0948029
:1081E00008F088FC0620FFF70FFD00B34FF40020D5
:1081F00008F088FC78E74FF4807008F07BFC42E7D9
:108200009378082B83D04B4B1B78002B3FF47FAF28
:108210004FF4800008F076FC7DE7802008F06AFCCF
:1082200023E7102008F066FC17E7BDE8F8834FF459
:10823000002008F05FFC57E74FF4801008F062FC64
:108240005FE708F057FC2DE7D9F8006026F00070D2
:1082500020F4805048B9FFF7D7FC002883D17CE791
:10826000354B1B68002BA0D025E70020FFF7CCFC86
:1082700000283FF472AF4FF0007008F043FCD9F8CB
:10828000006070E74FF0807008F03CFC56E72B4B25
:10829000B3F90A30002B7FF448AF0120FFF742FC0E
:1082A000002857D04FF4000008F02CFC41E74FF4B1
:1082B000003008F027FC34E7214A95F8800517784C
:1082C000C0B1002F73D185F88075BDE61D4A1E4BE5
:1082D00091791A684FF47A7303FB01F393423FF6E6
:1082E000ADAE1A4B1B78002B53D14FF4007008F041
:1082F00001FCA3E6002FE6D0FFF786FC00284DD155
:10830000082008F0F7FBDEE708F0FCFB6AE700BF97
:10831000C8790020CCC5002060760020FC550020E4
:108320004C4A0020D05500200CAB0020587900208A
:10833000708600207E4A0020D0AA0020305A0020FB
:10834000E57F0020DCAB0020841900207C4A00205F
:10835000AC7C00200220FFF7E5FB0028A2D103201F
:10836000FFF7E0FB00289DD10520FFF7DBFB00288D
:1083700098D10620FFF7D6FB002893D10D20FFF7F8
:10838000D1FB00288ED195F84335022B7FF4CDAE7A
:1083900088E710F0A3FC0028A7D14FE6082008F0DA
:1083A000B1FB90E74FF4806008F0A4FB06E71846A5
:1083B000FFF72AFC002886D1A2E700BF2DE9F04193
:1083C0007A4D95F88435002B40F08980FFF722FE26
:1083D000774B1C68C4B9774F3B7813F0010401D088
:1083E000BDE8F0810DF072F9D5F88C35724AC31AE8
:1083F0009342064600F28980D5F89035002BEFD1E4
:108400000123C5F89035EBE76C4B1B780022C5F8CB
:1084100090251BB1F6F708FD0028E1D0002C94FA56
:10842000A4F4B4FA84F4D5F8983508BF4FF0FF34BB
:108430000134A342D4D0624BC5F89845E4B2A3FB03
:1084400004234FEA930C03F0FC010CF1FF3601EB1F
:10845000930302220D275B48F6B2E41A4FF0053170
:1084600012FB06760B2343F2052712FB0C3CE4B209
:108470000246C5F89C15C5F8A015A5F8A4754FF0DF
:10848000190E02E082F809E03B46634503F102075A
:1084900003F1FF310AD0B74282F80AE002F102028A
:1084A000F0D1EA183226591C82F89C65002C73D052
:1084B000013CE3B201EB43030524192744544E1C4D
:1084C0008B4201F1020100EB010261D13544FF232F
:1084D00085F89C35BDE8F0410E2008F077B9374AA1
:1084E0001378002B7FF472AF374B3849188B8C68A8
:1084F00042F2107303FB00F30120B3FBF4F310709E
:10850000C1F8B431C1F8303360E797F80080304BE0
:10851000C5F8904548F0010208201C823A70FFF728
:1085200001FB18B148F0050887F8008095F88535FB
:10853000DFED286A07EE103A07EE906AB8EEC77AC8
:10854000F8EE677A0023E7EE267AC5F89835FCEE58
:10855000E77A17EE903AC5F89435F1F71FF81E4BFD
:108560001B681A061AD51D4B1B789B0703D51C4B9D
:108570001B7D042B16D8162008F028F9194A1A4B2F
:1085800012681B68C5F87825C5F87C35BDE8F08110
:108590003E2902F8017C91D90E4697E7052008F0A4
:1085A00015F9EBE7062008F011F9E7E7CCC5002044
:1085B000AC7C0020C87900207F4F120008AB00205F
:1085C000CDCCCCCC68CB00205CA600208441002020
:1085D00070BA002000247449FC550020587900200E
:1085E0006056002084190020988000202DE9F04F6B
:1085F00000F10A050446A54810F80580284404F156
:108600000B0587B0EDB290F80CA09DF840909DF856
:1086100044708C46164640462A460B21CDE901C6D9
:108620001E460CF083FFC245834640F0D080039085
:1086300040460EF0A5FF17F008030246009300F035
:10864000BC80BBF1000F00F0B2809BF808309907A6
:1086500000F1AD80DFF840A24FF41C7303FB04A3CC
:10866000C3F824B6C3F82006C3F81C06002800F09F
:1086700004810B238371C57109F002034FF41C7B45
:108680000BFB04FBDFF8148203930AEB0B050BF1E1
:1086900050024244019BC5F8F4250BF5A8724244F0
:1086A000DFF8FCE185F8E4954FF480714FF00009A4
:1086B000C5F80C36029BC5F81036C5F8F825D5F874
:1086C000240685F8E575C5F8E0E5C5F8EC15C5F8AC
:1086D000F015C5F8E865314685F84048C5F80096BC
:1086E000C5F8FC95C5F80896C5F80496C5F83C98F9
:1086F000A5F83498FEF7FCFB07F00101D5F8240635
:10870000E0F7D6F9039B62486249C5F848980BF533
:108710001B770BF51972C5F84C08C5F84418474487
:108720004244E3B1D5F82C06C8B1D5F82416036845
:1087300009688B4213D00123314685F841380192F4
:10874000FEF7D6FB019AD5F82C0649461EF042F9F1
:10875000D5F824064A4639461EF03CF90BE04FF4A2
:108760001C7303FB04A30025D3F8240683F84158A7
:1087700039461EF02FF94FF41C7000FB04A4D844B6
:10878000D4F8243618681EF09BFA009BC4F828061B
:1087900023B34046FEF788FB404607B0BDE8F08FA4
:1087A000039BCDE9041013B11B7A9B071ED54FF034
:1087B0000008404607B0BDE8F08F19F00101EFD185
:1087C00009F0020C634683BBDFF8CCA056E72A46CB
:1087D0000C2150460CF0AAFE039029E74046FEF714
:1087E00057FB01214046FEF79FFBD2E75046DFF8DA
:1087F000A8A00EF0C5FE4FF41C7303FB04A3039A5C
:10880000C3F82426C3F81C0619F00203DDE904129C
:1088100009F0020C36D090421FD0F0B14FF00C0E90
:10882000C57180F806E0002BCED0B8F1000FBED0A5
:10883000DFF864A04FF41C7303FB04A3C3F82026E5
:10884000A1B9BBF1000FB2D0C3F824B6BAB10B2165
:10885000D5715FFA8CF3917110E7B8F1000FA6D0D3
:108860004FF41C7303FB04A3C3F820264FF41C73BE
:1088700003FB04A3C3F82CB6E8E709F0020C5FFA87
:108880008CF3FBE60028C9D1F8E600BFD8550020DC
:10889000BD6D0208416F0208CCC50020ACCB0020A2
:1088A000C8D7040870B584B00D4616461EF008FA05
:1088B000A0B10B4B00961B78012B0CBF03220022AA
:1088C000012104460023039201912A46694602933E
:1088D000E8F724FE29462046E8F7EEFE04B070BD16
:1088E0002248002038B510F80E2C50F8043C0446FD
:1088F00052B9012200F80E2C20F80C1C5979186886
:108900000222BDE83840CDE730F80C5C0A4A10F886
:108910000F0C24F80A1C491B89B224F8081C0025F6
:1089200022F8101004F80E5C597918682A46FFF7EF
:10893000B9FF04F80D5C38BD38A50020034B18784A
:1089400018B1034B1B88B3FBF0F070479AA50020C9
:10895000807900201F4B187800283AD01E4A93894E
:10896000FBB11E4A9FED1E6AD2ED026A07EE903AF5
:10897000F8EEE66AF8EE677A07EE103A77EEE66A06
:10898000B8EEC77A66EE866AC6EE877AFDEEE77ABB
:1089900017EE900A6428A8BF642020EAE070C0B2F5
:1089A0007047104B11881B8810B4548800FB143298
:1089B000091B642300FB01F003FB02F3B3FBF0F09F
:1089C0006428A8BF642020EAE070C0B25DF8044BC0
:1089D000704770479AA500209C790020BC79002040
:1089E0000000C842807900202DE9F04F4049414AFB
:1089F00091F84400404B32F8107091F838003F492C
:108A000093F8554032F810C01D6D0A883C4935F87E
:108A1000148093F86100096883B0D3E9166EBFB281
:108A20000192DA6C25F814701FFA8CFC3A44A2EB20
:108A300008023EF810802EF810C0DFF8E4E0DA6497
:108A400040F6B8356644A6EB0806DEF800A093F8B9
:108A5000548093F860E0B2FBF8F2B6FBFEF905FB38
:108A600001F192B2274DB1FBF2F11FFA89F21FFA20
:108A700081FB0BFB02F2A5FB0252CAEB921A224ABF
:108A80009E651268214E02FB0AFA0AF5FA7A86FB05
:108A90000A564FEAEA72C2EBA612019E40F6B835BA
:108AA000013405FB06F51A4EB5FBF7F501309D6460
:108AB000B4FBF8F508FB154483F855403678B0FB55
:108AC000FEF40EFB14001E32124C83F86100124BB0
:108AD000A4F8401212B21E2EA4F8C09A1A8004D133
:108AE0000E4BC3E90027C3E902CB03B0BDE8F08F0A
:108AF000942B0020E02E012038060020AA75FF1FCD
:108B00004C300020F119760554300020D34D62100E
:108B1000B0220020CCC50020BC7C0020B422002064
:108B20005030002060E700BF2DE9F8430368426938
:108B3000394DDFF8F890394E394F04461869E3682B
:108B4000CB1A07EE903A104400222DED028BA28042
:108B50002C60E1600D4660614FF0FF3189F8002024
:108B600032703960B8EE678A0CF0B0FD2368DB68BC
:108B7000804698470CF0AAFD636A2A4999F800C01C
:108B8000A0EB080000EB8002A3EBD30303EB42034E
:108B9000D1F85C2263620244C1F85C22BCF1000F90
:108BA0000BD1216B236A25636D1AA3EBD30305EB6D
:108BB000850203EB4203A56023623B685A1C1CD06C
:108BC0003278DB01E36122B9A36A834238BF0346EE
:108BD000A362D4ED067A9FED147AE26A636B38EEF5
:108BE000678A0244E8EE077ABDEC028B0133E26249
:108BF0006363C4ED067ABDE8F8833378002BE8D1CF
:108C0000E369B0EBD31F02D9C301E361DCE7012BB9
:108C1000DAD9013BE361D7E71C760020AB80002066
:108C20001C860020CCC50020CDCC4C3DAA80002065
:108C30001D4AF0B4D2F8C45A1C4E002D4FEA8017DA
:108C400006EB80100DDD02F6C822002301E09D42F4
:108C500007D052F8044B844203F10103F7D10123FA
:108C600000E00023F2590B721369CB60107D48724B
:108C7000D2E90052F319D3E908049E694A609A6A5E
:108C80004A61DA6A8A61C2080D60986B9D680A625F
:108C90005A6BDB6B0B63E408CC614E620D61C1E97A
:108CA0000A20F0BC704700BFCCC500200837002068
:108CB000F8B51E4FD7F8C46A162E0EDC002E0546F6
:108CC0000DDD07F6C820034600EB860101E099425E
:108CD00008D053F8042B9542F9D10020F8BDFCD1FF
:108CE00007F6C820124A00240AE019682B6891F997
:108CF000141093F91430994206DB0134A642ECDBE0
:108D000052F8043B002BF0D1631C9B00191F321B4F
:108D100007EB8404014492001844013623F0F8FD67
:108D2000C4F8C85AC7F8C46A0120F8BDCCC50020F1
:108D300094D00020134B820103EB801019B1D3585B
:108D4000DB6803B1B4E770B50F4DD5F8C44A002C09
:108D500016DD05F6C8263346002202E00132A242A3
:108D60000ED053F8041B8842F8D19000011DA21ABE
:108D7000920031443044013C23F0CAFDC5F8C44A96
:108D800070BD00BF08370020CCC500202DE9F04F92
:108D9000012085B007F0DAFB2F4E304F0546002446
:108DA000002D47D0022C45D84FF0E00808FB04F80E
:108DB00006EB080B56F80890B9F1000F02D0013409
:108DC000E4B2EDE7032395F904000193CDF8089090
:108DD0006A79234B53F8223000934A464B460121CF
:108DE00007F011FC8246D8B14FF40F7201212846DA
:108DF00007F098FB0546C4EBC40006EB4010DC22EC
:108E00004946043023F09EFD164A46F808A0136830
:108E10008BF8DA50591C01341160CBF8DC30E4B225
:108E200097F8283B10494FF00C0CDAB2082A04D905
:108E300087F8282B05B0BDE8F08F03F1010E0CFB7D
:108E400003F35D185B580132DB07D2B202D587F815
:108E5000282BA5E77346E8E7A0560020CCC50020E4
:108E600064D6040830830020405900202DE9F04FDB
:108E7000DFF8E4922DED068B99F80030C3B0052B96
:108E8000079000F0C587FDF7A5FAF9F7D1FEA24BD0
:108E90001B78002B40F0338799F80030052B9F4B4F
:108EA00000F0BE8705939E4CE37B002B40F0FB80D7
:108EB0009C4B0693984B9C4A1B78D2ED077A002B6B
:108EC00040F010879FED997A257A67EE877A012D19
:108ED000C4ED107A4FF0000000F04081022D40F008
:108EE000CA81FAF79BFE0120FAF798FE237CD4EDA5
:108EF000387A94ED370A8E48002B08BFB0EE670A27
:108F000017F07EFCD4ED057A94ED2D7A99F80030B7
:108F100060EE277A472B37EE277A84ED2D7A01F021
:108F200001800220FAF702FC069AD4F87031D2EDE3
:108F30000E8AB0EE409A2BB1B0EE680A7D48984791
:108F4000F0EE408A39EE688AF2EE046AB4EEE68A00
:108F5000F1EE10FA94ED0F6A94ED0E7AC4ED418AA9
:108F600013DCFAEE047AB4EEE78AF1EE10FA01F1BE
:108F7000548077EE467A9FED707A78EE266A67EE37
:108F8000877AB0EE467AA6EEA77AA37AD4ED237A52
:108F900068EE277A67EE877AC4ED3A7A002B00F004
:108FA0006987B0EE480A654817F02AFCD4ED257AA7
:108FB000E07A27EE800A022884ED3C0A01F0228143
:108FC0005F4DB5F81C31002B01F03D80D4ED3B7AAC
:108FD00068EE277AF5EEC07AF1EE10FA41F33380AD
:108FE0009FED588A94ED420AD4ED0D7A38EE008A4E
:108FF000F1EE678AB4EEE88AF1EE10FA08D4B4EE26
:10900000E78AF1EE10FA8CBFF0EE678AF0EE488A3C
:10901000D4ED247AC4ED428A67EEA87AC4ED3B7A97
:10902000F9F792FD002801F00880D4ED097AD4ED1B
:109030000A6A68EEA77AB1EE667AF4EEC77AF1EEC4
:1090400010FA08D4F4EEE67AF1EE10FA8CBFB0EE26
:10905000667AB0EE677AD4ED267A3B4878EEC78A16
:1090600067EE897AB0EE490AC4ED3D7AC4ED428AD2
:1090700017F0C6FBD4ED3A7AD4ED3B5AD4ED3C6AF6
:1090800094ED3D7A94ED276A77EEA57A20EE060AF4
:1090900077EEA67A84ED3E0A77EE877A77EE807ACD
:1090A000C4ED3F7AF0E01F4B94ED007AD3ED0E7AD9
:1090B000DFED266A9FED264ADFED264A94ED305A11
:1090C00094ED396A069367EE877AB6EE007A67EE1A
:1090D000A67AF7EE005A67EEA76A26EE877AF0EED8
:1090E000656AE7EE446AE7EE645A67EEA67A27EE11
:1090F000257AF0EE455AE6EE275A65EE276AF0EE3D
:10910000657AE6EE076AE5EE477A36EE666AC4ED02
:10911000307A84ED396ACDE6405A0020CCC5002073
:10912000388B002084410020AC5A00206F12833A13
:10913000DC8D0020B08C0020CDCC4C3D9C8D0020DF
:10914000B089002000000000CC8D002035FA8E3C54
:10915000ABAAAA3EABAA2A3EB0220020FAF756FEDE
:109160002846FAF753FE0220FAF7E0FA069AD4F8F6
:109170007031D2ED0E9AB0EE40AA2BB1B0EE690A72
:10918000C6489847F0EE409AD4F80032C4ED419AB0
:109190003AEE698A002B00F0FA87C148B0EE480A1F
:1091A0009847F0EE407A94ED230ABE4DBE48F5EEA6
:1091B000C07AF1EE10FACCBF94ED0E9A94ED0F9AAE
:1091C00067EE807AB1EE690A67EE897AC4ED3A7A81
:1091D00017F016FBB5F81C31002B40F04F8669EEF6
:1091E000007AD4ED258AE37A67EEA88A022BC4EDD3
:1091F0003C8A00F0F587D4ED007A68EE277AD4ED4A
:10920000426A94ED0D7A77EEA67AB1EE478AF4EED3
:10921000C87AF1EE10FA08D4F4EEC77AF1EE10FA3B
:109220008CBFB0EE478AB0EE678AD4ED247A84ED25
:10923000428A28EE279A84ED3B9AF9F785FC48B9D3
:1092400094ED067AF7EE007A77EEC77A27EE888AF1
:1092500084ED428A94ED260AD4ED3A7A2AEE00AAE9
:109260007AEE277A84ED3DAA77EEA87A77EE897AAE
:10927000C4ED3F7A08E0FAF79FFE0120FAF79CFE62
:109280000220FAF799FE874D884E95ED048A3378CF
:10929000874895ED5B9A002BFFEE007AF7EE008A87
:1092A000B0EE480A08BFF0EE678A11F0F7FCD4ED83
:1092B000156A94ED164AD4ED177A94ED3D5AD4ED23
:1092C0003F5A99F8003078EE404AB0EEC86AB0EEE6
:1092D000C97A27EE267A26EE046AF0EEE46A66EE94
:1092E000A76A76EE077A482B77EEA67A67EEA87A19
:1092F00035EE275A75EEA75A84ED3D5AC4ED3F5A14
:1093000000F0E981D4ED187AD4ED346A94ED367A20
:1093100068EE277A472B76EEA76A37EE277AC4EDF8
:10932000346A84ED367A40F024859FED627A624A91
:1093300028EE078A67EE877ABDEEC88AFDEEE77AE7
:1093400082ED008AC2ED017A059A92F87023002A14
:1093500040F00882012B00F02282584BA3F58A725C
:109360000A9203F13A0133F8022F0AB1013A1A8046
:109370009942F8D1524B002105F1A80243F8041B91
:109380009A42FBD1FBF7BCFA3379002B7FD04D4AD0
:109390009FED4D6AB2F90610D5ED055A95ED013AEB
:1093A000D5ED023AD5ED034A95ED045AD5ED571A9D
:1093B00095ED582A95ED591AD5ED542A07EE101A55
:1093C000B2F90C1007EE901AB2F9121004EE101A4E
:1093D000B2F91810B2F91E2023EE063A63EE863A6F
:1093E00064EE864A25EE065A06EE901A25EE866A47
:1093F00005EE902AB8EEC77AF8EEE77AB8EEC44ADE
:10940000F8EEE66AF8EEE55A013B27EE037A67EEDE
:10941000A37A64EE244A66EE856A25EE866A052BF9
:109420002BD8DFE813F0F205D805B4050600AA052D
:109430009605DFED265A9FED265A27EE257A27EE70
:10944000855AB6EE004AF0EE475AE6EE845AF0EE40
:10945000453AE6EE843A32EE252AD6EE847A31EEAB
:10946000231A32EE052A31EE477A71EEA71A85EDFE
:109470001F2A85ED207AC5ED1E1A737885ED266AC0
:1094800074EEA24A002B00F0B284C5ED274A114ABF
:109490000C489FED0D6A02F5807123E0B08C00202E
:1094A000408D0020B08900209C8D00208CA50020DC
:1094B0007C8B002000007A44B4220020C48A002063
:1094C000248A0020ACA500206F12833ABA8D243F75
:1094D0007D1B443F9CBD0020012E00F0E58008323A
:1094E000914235D01678002EF9D05378B2F9067033
:1094F00007EE107A03EB430705EB8303D3ED005A25
:1095000030F91770B2F90430B8EEC77A07EE903A26
:1095100006EE907A27EE067AF8EEE66A27EE257ACE
:10952000F8EEE77A022EE6EE877A937867EE867A8F
:1095300000F0BF80032ECFD11C3305EB830393EDE6
:10954000017A083267EE277A9142C3ED017AC9D1D8
:10955000B34B079A9A4200F2178299F80030052B14
:1095600000F0AB83AF4CB04F4FF0000800254FF434
:10957000005623780BB36169F9B16378226B002B35
:1095800000F0A1801268A369526A521A03FB02F329
:10959000E06998424FF000014FF001025FFA85FC4C
:1095A0000BD23B78C4F804806345C4E904612162AE
:1095B000A281E28101D10BF029FF0135042D04F1D4
:1095C0003804D6D1994A1378012B04D95378023B39
:1095D000062B40F24B84B7EE007A069991F8563686
:1095E000002B45D0059B0798D3F8EC3B41F287321E
:1095F000C31A93423CDDB1F85826B1F85C3607EE49
:10960000902AB1F85A26F8EEE77A08EE102A67EEAB
:10961000877AB8EE488AF4EEC87AF1EE10FA0AD4E6
:1096200007EE103AB8EE478AB4EEE78AF1EE10FA88
:1096300088BFB0EE678A99F800302B2B00F0818448
:109640007B4C069E04F1900554F8043C2046B0EE95
:10965000480A30342BB1728800EE902AF8EE600A86
:109660009847A542F0D1059B1A46079BC2F8EC3BF0
:10967000DFF8E4B19BF80030002B40F09F806D4B89
:109680001B7823B96C4C2578002D40F0E28499F8C2
:109690000030052B00F0DF83012B00F0C98343B0BD
:1096A000BDEC068BBDE8F08F05EB8303C3ED1D7A9F
:1096B00015E71C3305EB830393ED017A77EE277AE8
:1096C000C3ED017A0BE71268A369526A521A92B28B
:1096D00003FB02F35CE7DFED595A594AD4ED183A1F
:1096E00094ED344A94ED365A20EE250A64EEA54AEC
:1096F00029EE259A26EE256A66EEA56A27EE257ADA
:1097000067EEA57A68EE255ABDEEC00AFDEEE55A71
:10971000FDEEE44ABDEEC99ABDEEC66AFDEEE66A0C
:10972000BDEEC77AFDEEE77AA8EE234AA8EE235AEB
:10973000C2ED005A82ED010AC2ED024A82ED039A9F
:1097400082ED046AC2ED056A82ED067AC2ED077AFF
:10975000059A84ED344A92F8702384ED365A002A33
:109760003FF4F8ADFAF72EFF99F80030052B7FF49F
:10977000F1AD0BF0ABFF059F99F80030D7F8302B17
:109780002F49801A052B48607FF4E4AD0BF09EFF53
:1097900099F80030C7F8340B012B7FF4DEAD0BF0E5
:1097A00095FF059F069AD7F84C3B12692449C7F8E4
:1097B0004C0BC31A9A1AC1E90232CEE5214A224B58
:1097C000D2F8802005991B681269D1F8F00B089037
:1097D00003FB02F39DED087A06981C4E408808961C
:1097E00007EE903AB8EEC77AF8EE677A0AEE900A7A
:1097F000C7EE876A002791F8F40B154DDFF840A0FB
:109800003E468846F8EEEAAAF2EE049A66EEAAAA66
:109810009FED10AA6AEEA99AFDEEE99A2AE000BF30
:1098200080841E001C400020FC4000201088002086
:10983000A0450020B05900209887002000007A44FD
:10984000B422002008370020A4A60020987C002025
:1098500058B200200000000058BA00209BF80020F9
:10986000B1FBF2F002FB1010C0B2B24288F8F40B68
:109870007FF705AFC701089BEA5D03EB8202D2EDDB
:10988000007AEC19F5EEC07AF1EE10FA94ED018A47
:1098900094ED029A94ED037AB4BFF0EE4A8AF0EEAA
:1098A000678A28EE888A8023B4EEC98A03FB0050B9
:1098B000F1EE10FAF0EE6A0A4FF0040100F1140024
:1098C00006F1010608D4B4EEC78AF1EE10FA8CBF97
:1098D000B0EE479AB0EE489A94ED041AB0EE490AF9
:1098E00016F0ECFE984BA26AD4F830C02267E2640E
:1098F000C4F878C098F8F42BC4F854C093F800C0AA
:10990000616AD4F82CE0606BE1669445A164C4F808
:1099100074E002F10101C4F850E0E067A0659DD158
:1099200099F800202E2A99D1D4ED026A94ED037A99
:10993000D4ED047AEA5DCAF81020B2EE046A66EE4D
:10994000866A28EE068A29EE069A27EE067A67EEE0
:10995000867ABDEEC88ABDEEC99AFDEEE66ABDEE16
:10996000C77AFDEEE77AFDEEE88ACAED039A8AED42
:10997000018A8AED029ACAED056A8AED067ACAED75
:10998000077ACAED008A69E7704B93F800B0BBF123
:10999000000F00F0EF806E4B6E4E93F80080D5F80C
:1099A0008431D4ED007A9FED6C6A0B93012322AAD7
:1099B00008EA0308CDF824806848DFF8B4A1DFED99
:1099C000686A089227EE866A31469646B7EE008AA4
:1099D000B446A8460EE067EEA67A8D89EEEC017AD1
:1099E000EDB91F46BB4503F1010301F1100100F180
:1099F00004003CDD099A5AB93AF9135005F5FA62A8
:109A000007EE905A92B2B2F57A6FF8EEE77AE2D9A1
:109A1000D0ED007A8D89EEEC017A002DE1D00B9E1D
:109A200001229A4032421F46DCD007EE105AB8EEAF
:109A3000C77A4C4AC6EE075A02EB830212ED017A4E
:109A400077EEC77AF0EEE77AF4EEE75AF1EE10FA25
:109A5000C8D585EEA77A013310310430B4EEC78A39
:109A6000F1EE10FA88BFB0EE478ABB45C2DC3E4B30
:109A70003C4FDFED398A4FF0010A554666469B465A
:109A8000C24647E0A846F289E7EC017AD30748BF0F
:109A9000F1EE677AF5EEC07AF1EE10FACCBF3389B9
:109AA000F38800EE103AB6F90430B8EEC00A07EEBB
:109AB000103A67EE807AB6F90230B8EEC77A06EE51
:109AC000903AF4EEC77AF1EE10FAF8EEE66A00F397
:109AD0005781F4EEE67AF1EE10FA00F157813388FF
:109AE00000EE103A214BB8EEC00A53F83520099227
:109AF00030EE270AABEC010A22B120F013FC099AE0
:109B000080B21060114B1A78424506F1100605F13B
:109B100001052FDD089BB089F3EC017A089300283A
:109B2000B0D0DAF88411012303FA05F20A42A846FC
:109B300000F0328197ED007A77EEC77AA7EE887A47
:109B4000F0EE477A9FE700BFFC400020FC8D00202C
:109B5000C879002084B0002000007A44288A0020C0
:109B60006F12833A1CD10020008E00203CB00020F0
:109B700002B10020CF4B1A787AB3CF4BCF48197877
:109B80009FEDCF6ACF4B0A9C01F0010100EB8202EE
:109B9000F7EE006ABFEE007A002940F0A080B3F92A
:109BA000005007EE905AF8EEE77A67EE867AF4EE08
:109BB000E67AF1EE10FA88BFF0EE667AF4EEC77A34
:109BC000F1EE10FAB8BFF0EE477AE0EC017A82428B
:109BD00004F1040403F10203DED1DDF78FFBB54B82
:109BE0001978002900F01A83DFF82C83DFF82CA302
:109BF000B54DB64FB64E9FEDB78ADFEDB78A9FEDF4
:109C0000B79A002418F8013B022B00F0DB80012BEF
:109C100000F0F180032B00F00482F0EE487A4FEA66
:109C2000840B17F8013B55F8082C07EE103AB8EEF4
:109C3000C77AAB4B87EE870A5B44D3ED007A20EE00
:109C4000270A8AED000A0AB12846904799F80030A1
:109C500006EB0B022F2B82ED000A08D19AED000AC9
:109C6000089320F05FFB9F4A089B42F80B00914A43
:109C7000117801348C420AF1040A05F13005C1DB88
:109C8000994AD6ED007A92ED006A984A012994BF6C
:109C90000021012106EB8106D2ED006A96ED007AE3
:109CA0009349944A27EE067A67EEA67A052B81ED52
:109CB000007AC2ED007A7FF455AC0BF007FD059CED
:109CC00099F80030D4F8341B864A401A052B90606E
:109CD0007FF448AC0BF0FAFCC4F8380B42E4D4ED46
:109CE000267A64E7844A9378002B00F0D380052B12
:109CF00001F04E81804BD3ED167AFFF7E3B8F8F709
:109D000071FC99F80030492B7FF4C8A87B4B9FED7C
:109D1000845AD3ED087A784B794AD3ED135A93EDF0
:109D2000146AD3ED156A93ED167A6E4BB2F90010F2
:109D3000196067EE857AFDEEE55AFDEEE77ABDEE35
:109D4000C66AFDEEE66ABDEEC77AB2F90210B2F954
:109D50000420C3ED045AC3ED037A59609A6083ED81
:109D6000056AC3ED066A83ED077A664B0593FFF734
:109D70009AB8059A92F87023002A3FF4F7ACF1E400
:109D8000E8B2FBF755F9F0EE477AA8E6E8B2FBF740
:109D90004FF9F0EE667AA2E6D4ED006AD7ED005AEC
:109DA00007EE100A66EEA86AB8EE477A37EEE55A73
:109DB00086EE876AB4EEC56AF1EE10FA70D575EEDC
:109DC000867A60E6504AC4EBC40302EBC30393ED0A
:109DD000010A20EE090A20F0A5FA80B207EE900AE7
:109DE000F8EEE77A4FEA840B67EEA87A19E7C5ED3B
:109DF000214AFFF74CBB454B03EB84034FEA840B2E
:109E00009B8907EE903AF8EEE77A67EEA87A08E7C2
:109E10000BF05CFC079A334B801A1860FFF733B8DD
:109E20001C4605930BF052FCC4F8300BFFF73BB80F
:109E3000374A059B1068B3F858323649294A80687A
:109E40001060A1FB0313C3F3C703536043B0BDEC21
:109E5000068BBDE8F08F0BF039FC059B214AD3F847
:109E6000381B99F80030401AD06015E492ED097A59
:109E7000FFF7B3BBB1EE680AFFF795B8E37ADFED01
:109E8000157A022BC4ED3C7A00F0AA81F0EE678AC5
:109E9000FFF7B5B9C2ED167AC2ED1A7AFFF712B81C
:109EA000B1EE467AB4EEC75AF1EE10FA48BF75EE3D
:109EB000C67AE8E530790020C8790020A022002089
:109EC0006F12833A3CD1002044B1002020B1002021
:109ED000987C0020000000000000C8429A99193FB9
:109EE00024B10020B42200201CB100203CB000208E
:109EF000F88D0020947C0020405A0020B08600207D
:109F0000145A0020CCC500201C40002044D1002061
:109F10001C760020CDCCCCCC34B100209CBE0020DF
:109F200000007A441FED027AC94B67EE877ABDEED6
:109F3000C00AFDEEE77A83ED020AC3ED037AFEF76D
:109F4000F0BFB0EE480A20F0EDF9C14B9860FFF782
:109F500077BBDFEDC05A9FEDC05A67EEA56A77EE7A
:109F6000277AE7EE056AE7EEA51A32EE267AC5ED06
:109F70001E1A85ED1F7AFFF780BA77EEA17A37EEC9
:109F8000027AC5ED1E7A85ED1F7AFFF776BA9FED4E
:109F9000B14A27EE047A27EE844AF6EE003AB0EE94
:109FA000475AF0EE445AA6EEA35AE6EEA35AD6EE6E
:109FB000A37A32EE052A31EE251A71EEA71A32EE97
:109FC000042A31EE477AC5ED1E1A85ED1F2A85ED6C
:109FD000207AFFF752BADFEDA15A27EE257AB6EEC6
:109FE000004A67EE843AB0EE475AA6EE845AF0EE85
:109FF000635AE6EE845A32EE052AD6EE847A31EEC2
:10A00000251A32EE232AFFF72EBAC5ED1E7A85ED0A
:10A010001F7AC5ED206AFFF730BAB0EE467AFEF738
:10A02000B4BF8F4A23014FEA840B9B5A07EE903A44
:10A03000F8EEE77A67EEA87AF3E594ED067A28EE73
:10A04000877AFFF708B894ED000A28EE008AFEF739
:10A05000C9BFF1F727FADFF83482064698F80030D6
:10A06000002840F098800B2B38D8092B00F2E280B2
:10A07000012B37D97B4A7C4B12685A600C2388F835
:10A080000030022D00F0EC83774B764A5B68126853
:10A09000C833934203D3F0F769F800286BD02378D4
:10A0A000012B01F02E81032B0BD1704C206806F0A0
:10A0B00024FA059B93F8F53B0022022B226001F065
:10A0C0007681012388F80030F0F734F800283FF457
:10A0D000DEAA012388F80030FFF7D9BAA3F10C02F9
:10A0E000022AC7D8013B0D2B45D801A252F823F014
:10A0F000CDA20208E3A2020823A4020841A3020899
:10A10000F1A40208B3A4020881A502088BA30208E7
:10A110007BA4020829A1020801A3020883A0020867
:10A120002DA3020819A302086378514D012B00F0FA
:10A13000A887504B2C681A68B4FBF2F302FB134358
:10A14000BBB94520F0F732F80E20F0F72FF8204683
:10A15000F0F726FA079C2046F0F722FA464A474BCA
:10A1600012681A6020460B2388F80030F0F73EFB97
:10A170002C6801342C60EFF7DDFF00283FF487AA3C
:10A1800098F800300D3B022B7FF681AAA1E7F0EE94
:10A19000487AFFF708B8013B0E2BECD801A252F821
:10A1A00023F000BFBFA50208E3A2020823A402080F
:10A1B00041A30208F1A40208B3A4020881A5020881
:10A1C0008BA302087BA4020829A1020801A30208AC
:10A1D00083A002082DA3020819A30208B1A5020852
:10A1E000F0EE690AB0EE480AB0EE4A1A0220F9F71A
:10A1F0001FFAB5F81C31ABB1D4ED3C8ADFED207A03
:10A20000FEF7FDBFB0EE480AF0EE680AB0EE491A5C
:10A21000F9F70EFAB0EE408AFEF7D2BE99F8003098
:10A22000184E2DE594ED008AD4ED3C8A60EE087A54
:10A23000FEF7E5BF4520EFF7B9FFFF20EFF7B6FFC8
:10A240001148F0F74FF83046EFF7B0FF257811E7E7
:10A25000B4220020F304353FF30435BFD7B35D3F8C
:10A26000F47800208419002054900020A08700205A
:10A27000EC870020F4870020F8870020A8890020C0
:10A2800000000000987C002074250508507900200B
:10A29000A649A74B4978A74D1970A74AA749AD7899
:10A2A000A74BA84812680D70A7491A600068A74A12
:10A2B000A74B0860002514601D60F8F76DFCA54BE6
:10A2C000A54A1D700223107088F800301220FDF797
:10A2D0009BFC00283FF44FAF0D2388F80030FFF7B8
:10A2E000D6B9022D00F0D5869C4B9D4A1B68536061
:10A2F0009C490023136003220B6088F80020E3E6EA
:10A300006378012B00F0A5860798F0F76FFA904A62
:10A310001368013313602EE7012D00F0A5860F238B
:10A32000132088F8003006F051FA24E7012D00F0E0
:10A33000A2860E23132088F8003006F047FA1AE7A9
:10A34000EFF7B8FE884A0292A2F10C03452101936F
:10A350000091A2F10A035021163A4920F0F7D0FFEC
:10A3600000287FF408AF814B1B681F0640F166860A
:10A370006368DE0440F16286794B4FF0FF310522BD
:10A380001860596088F800209EE6EFF793FE4020A1
:10A39000EFF766FE00287FF4EEAE714D744B2A682D
:10A3A0005B783A2A01F24580DFE812F0CB05C00560
:10A3B000B905B105A4059E059705EB05E005D8058F
:10A3C000D105900588057E05220513050C050605B7
:10A3D000FF04F804ED04DD04CD04BD04AD04A204C3
:10A3E00097048C0485047E04770470046904620475
:10A3F0005B0453044C0445043D0435042E040A0454
:10A40000E60382035D0353034C0345033E03360317
:10A410002F03280321031A0313030C030503FE0271
:10A42000F4024F4DEFF746FE4C4A6B6812686433F6
:10A430009342BFF4A0AE4020EFF712FE00287FF455
:10A440009AAE2B684B4C474F40260AE0EFF7AEFE22
:10A450003A682B68013A0133013E3A602B6000F004
:10A460004A87E05C0028F1D100234FF0FF322B60D7
:10A4700004236A6088F8003026E6022D00F0AD85DE
:10A48000EFF774FE00283FF476AE059B93F8F63B99
:10A490009A1E0A2A00F21C82DFE812F078026F028C
:10A4A000140214021402140261021A021A026A024D
:10A4B0006502EFF7FFFD304A0292A2F10C03072577
:10A4C00001930095A2F108030021143A4720F0F708
:10A4D00017FF00287FF44FAE6368DC047FF54BAEB6
:10A4E0001F4B88F800504FF0FF32C3E90002EBE544
:10A4F000EFF7E0FD214B022000210090CDE9011192
:10A50000A3F108024820F0F7FBFE00287FF433AEE9
:10A510006368DD047FF52FAE114B4FF0FF3106224B
:10A520001860596088F80020CEE500BF1088002030
:10A53000A4890020405A002000880020A58900201E
:10A5400004880020088800200C880020CC87002088
:10A55000EC8700204C900020A68900208419002060
:10A5600054900020948700200ED80408FC55002049
:10A57000DCAB0020882C050858DB04083CDB040811
:10A58000EFF798FDA54B052000210090CDE90111C2
:10A59000A3F108025320F0F7B3FE00287FF4EBADDF
:10A5A00005990822092381F8F62B88F800308BE5FD
:10A5B0001220FDF729FB00287FF469A881E5984E59
:10A5C00006F16C0501228021304605F0ABFF002822
:10A5D00000F0FD8496F9040005F0D6FF002800F095
:10A5E000F684076867B18F4E002573599F4206EBCA
:10A5F000050A05F1E00500F07486B5F5287FF4D171
:10A6000023785A1E022A40F20185032323708020FA
:10A6100005F09CFF0646002800F05586802105F0D5
:10A620008BFFF579804B53F825300746B3F5613F32
:10A6300096F90400059E00930CBF0221002100231F
:10A640000222CDE901211A46802186F8F57B05F02A
:10A65000DAFF0C3D754B032D186000F29686744BA3
:10A6600040221A70002800F02E867249724A0E6845
:10A67000DFF8E4C199F8007063681278BCF802C092
:10A68000ADF818C0012E94BF00260126B7F1000CCA
:10A6900018BF4FF0010CC3F3C037072A1C968CBFBC
:10A6A0003E460026062A8CBFBA464FF0000A052A0D
:10A6B0008CBFBB464FF0000B042A18968CBF3E4659
:10A6C0000026032A17965D495D480978847A079425
:10A6D0008CBF3E460026022A16968CBF3E460026B8
:10A6E000012A15968CBF3E460026002A14BF3A4622
:10A6F000002213920329C3F3803214968CBF1646AE
:10A700000026022912968CBF1646002601291196B2
:10A710008CBF16460026002908BF00220F9201298F
:10A72000C3F340321096407A08908CBF164600263C
:10A7300000290799434C0E9608BF0022002908996A
:10A740000D92C3F380222578DFF810E13E483F4C9C
:10A75000099514BF16460026002908BF0022056887
:10A76000CEF800401B961A92099939481C9E002980
:10A77000C3F3C02208BF002215F0040F4FF0000100
:10A780001992C3F3402208BF002215F0080F0C9263
:10A79000C3F3002208BF0A4615F0020F04F1B80502
:10A7A00004F5B874CEE901542A4CBDF81850258040
:10A7B000C0E90011C0E90211C3F3C01701610B9297
:10A7C00008BF0F460A460C46C3F300110A91C3F3B3
:10A7D000C0010991C3F38001C3F38015C3F3401E88
:10A7E0000891C3F3400103F0010307910693012090
:10A7F0001D95D3B2591E1D296FD8DFE801F07C7A70
:10A80000787E908E8C8A888684826CAEACAAA8A64C
:10A81000A4A2A09E9C9A989694928071A0DB0408B2
:10A8200040590020A056002064D60408A0870020CC
:10A83000A4870020F0870020FC8D002030790020C4
:10A840009C790020E4A6002060760020248E002061
:10A85000D0870020208E002080790020C087002033
:10A86000974B984D1B78002B40F032852E681EB315
:10A8700033780BB396F82820002A7FF425AC337E7A
:10A88000B26386F83C20042286F82820726A13F00E
:10A890000803C6E90B2203D08B4A41F2C473D35894
:10A8A00073630027C6E9027777623046E2F750FD0E
:10A8B0000523376486F82830002204232A602B758C
:10A8C000FFF7E2BB814A00204FF0FF31C2E90001EF
:10A8D00088F800304FE41B9939B100FA02F10C43BB
:10A8E0000133DBB21E2B3FF6D3AC013281E708996E
:10A8F000F2E70799F0E70699EEE70999ECE73146A8
:10A90000EAE71A99E8E71999E6E70C99E4E70B9961
:10A91000E2E73946E0E71D99DEE77146DCE70A9990
:10A92000DAE76146D8E71899D6E75146D4E75946A1
:10A93000D2E71799D0E71699CEE71599CCE7149985
:10A94000CAE71399C8E71299C6E71199C4E71099A5
:10A95000C2E70F99C0E70E99BEE70D99BCE75B4AC5
:10A9600000211160B4E75A49584A09685160AFE7BD
:10A970005849594A09681160AAE7554A534912686B
:10A9800056484A6000220A600260A1E74C4A002152
:10A9900011709DE7626852495248EFF7B3FE2B6889
:10A9A00001332B60FFF7E7BB4F4B4D491A784F48F7
:10A9B000EFF7A8FEF3E799F8002049494C48EFF774
:10A9C000A1FEECE74B4B46499A8A4B48EFF79AFEBB
:10A9D000E5E7484B42495A8A4848EFF793FEDEE7DD
:10A9E000444B3F491A884648EFF78CFED7E7414B66
:10A9F0003B499A784348EFF785FED0E73D4B38490D
:10AA00001A7A4148EFF77EFEC9E7404B34491A7A7B
:10AA10003F48EFF777FEC2E7059B314993F884255D
:10AA20003C48EFF76FFEBAE73B4B2D495A783B485D
:10AA3000EFF768FEB3E73A4B29495A793948EFF7FF
:10AA400061FEACE7384B26499A783848EFF75AFE52
:10AA5000A5E7354B22491B883548642202FB03F2E7
:10AA6000EFF750FE9BE722AEDFF8CCB0DFF870A026
:10AA70003446012710E04FF02C0203F8012B1BF89D
:10AA800007200693184615F0A5F9069B102F03EB37
:10AA9000000400F0B2840137012F23465146EAD169
:10AAA000244B204693F8502015F094F90444F2E723
:10AAB00022AEDFF888B0DFF828A03446012750E046
:10AAC0004C90002040800020C85D00205490002061
:10AAD00084190020F8870020A8890020948700208E
:10AAE00024240508A0290508FC4000209429050815
:10AAF000882905084C4A00207C290508702905088A
:10AB0000602905084C29050838290508244100203A
:10AB1000242905080C290508B8AA0020FC280508E6
:10AB200044920020EC280508305A0020DC28050853
:10AB3000D0280508F8B1002047B2002026B2002036
:10AB40004FF02C0203F8012B3BF817200693184610
:10AB500015F040F9069B102F03EB000400F0318440
:10AB60000137012F23465146EAD1A54B20461A8EC4
:10AB700015F030F90444F3E722AEDFF824B3DFF830
:10AB800088A23446012710E04FF02C0203F8012B75
:10AB90003BF817200693184615F01CF9069B102F5A
:10ABA00003EB000400F007840137012F23465146D0
:10ABB000EAD1934B20461A8A15F00CF90444F3E7C6
:10ABC00022AEDFF8E0B2DFF840A23446012710E001
:10ABD0004FF02C0203F8012B1BF8072006931846B0
:10ABE00015F0F8F8069B102F03EB000400F0EF833C
:10ABF0000137012F23465146EAD1814B20461A786E
:10AC000015F0E8F80444F3E77E4B7F499A7A7F48D1
:10AC1000EFF778FDC3E67E4A7E49138A7E48928923
:10AC2000EFF770FDBBE67A4A7A49D3897B485289AF
:10AC3000EFF768FDB3E6764B73491A897848EFF76A
:10AC400061FDACE6724B70499A7D7648EFF75AFD8C
:10AC5000A5E66F4A6F49938B7348528BEFF752FD0D
:10AC60009DE66B4B6849DA887048EFF74BFD96E636
:10AC7000674B65495A7D6E48EFF744FD8FE6644B9C
:10AC800061499A886B48EFF73DFD88E6604B5E4965
:10AC90005A786948EFF736FD81E65D4B5A49DA7814
:10ACA0006648EFF72FFD7AE6654B57495A786548B5
:10ACB000EFF728FD73E6624B53491A786248EFF7C5
:10ACC00021FD6CE6614B62491C686248238CE28B73
:10ACD000648C0094EFF716FD61E65C4B5C491C68E0
:10ACE0005D48E38AA28A248B0094EFF70BFD56E6B9
:10ACF000564B57491C685948A3896289E4890094D6
:10AD0000EFF700FD4BE6059955482C2202FB031294
:10AD10004F49B2F822340093B2F82034B2F81E241E
:10AD2000EFF7F0FC3BE605994E482C2202FB03129C
:10AD3000474992F81834009392F8173492F8162481
:10AD4000EFF7E0FC2BE6059947482C2202FB0312A3
:10AD50003F4992F81434009392F8133492F8122475
:10AD6000EFF7D0FC1BE6059940482C2202FB0312AA
:10AD7000374992F81034009392F80F3492F80E2469
:10AD8000EFF7C0FC0BE6059939482C2202FB0313B0
:10AD90001D4993F80D24EFF7B5FC00E6354B1A4931
:10ADA0001A783548EFF7AEFCF9E5344B16491A78B6
:10ADB0003348EFF7A7FCF2E5134932480122EFF7D9
:10ADC000A1FCECE5069B10499A682F48EFF79AFC26
:10ADD000E5E52E4B9B7A012B7FF4E1AD059A0D49F9
:10ADE000B2F944322A48B2F94622EFF78BFCD6E595
:10ADF000284B29491A882948EFF784FCCFE500BF82
:10AE0000F8B100204C4A00202424050844280508F5
:10AE10005CA60020C426050830280508202805085F
:10AE20000C280508FC270508E8270508D42705088D
:10AE3000C4270508B02705089C27050890270508A2
:10AE400018B000208027050884270508B47C00205E
:10AE500030270508782705086C27050864270508AA
:10AE60005827050850270508482705083C270508E6
:10AE7000242705082D0600200C2705082C06002095
:10AE8000F8260508E8260508DC2605089C79002038
:10AE9000CC260508208E002088260508BC2605083B
:10AEA00006B20020F7B10020AE4AAF4913880093E4
:10AEB0009388AE485288EFF725FC70E5AC4B1B68D1
:10AEC000D90400F1A4820E232B6068E5A94BAA499E
:10AED0009A89AA48EFF716FC61E5A94BA9491A68B7
:10AEE000A948EFF70FFC5AE5A84AA949A948EFF786
:10AEF00009FC54E51FA811F0EBF81FA922A815F0D2
:10AF000021F8A349A44822AAEFF7FCFB47E5A34B8D
:10AF1000A349A44803F11802EFF7F4FB3FE5A24B65
:10AF2000A24A9F49A248EFF7EDFB38E5A14AA24BA0
:10AF3000A249A348CDE90032A24BA34AEFF7E2FBB6
:10AF40002DE5A14A9249A148EFF7DCFB27E5A0498E
:10AF5000A0484FF07E52EFF7D5FB20E5059B8949CD
:10AF6000D3F83C2C9C48EFF7CDFB18E5844A9B4B6B
:10AF700012681B6883499A48B2FBF3F2EFF7C2FBF1
:10AF80000DE5964B7F491A689648EFF7BBFB06E53F
:10AF90009548964B41681A68436990ED165A521AC3
:10AFA00007EE102A0133B8EEC76A07EE103AF8EE42
:10AFB000C76AB7EE007AC6EE265A37EE657A27EEF4
:10AFC000057AA7EEA57AF0EE477AFDF77BBF0C363F
:10AFD000B5427FF4F7AAFFF713BB854985480023E4
:10AFE00003E001330B2B3FF450AA1A018A5C032AB9
:10AFF00008D0042AF5D103F5B17200EB0212D27920
:10B00000D207EED4EFF7B2F8FFF7B5B8022B00F095
:10B010005081032B3FF4FBAA012B40F05481764B67
:10B020001B68002B00F04F81EFF784F8002840F0F8
:10B030004A81724B40221A70FFF717BB704B0022F7
:10B040004FF0FF311A600722596088F80020FFF79F
:10B050003BB81120FCF7D8FD00287FF455A90A233E
:10B0600088F80030FFF753B919F0C8FF00283FF403
:10B0700082A8FFF754B9EFF775FB19F0C7FFFFF788
:10B0800058B91120FCF7C0FD00287FF452A8FFF743
:10B090006FB85C4D5C4E05F10804A6F128072B7DC6
:10B0A000052B3FF668A801A252F823F079B20208F6
:10B0B00077A1020815B202082FB10208C5B0020834
:10B0C000E9A20208514B2C690FCB22AE374607C7C5
:10B0D0004F493B7001340DF18F000DF18A0781FB60
:10B0E0000423E217C2EBA30202EB8203A4EB4303A7
:10B0F000303300F8013987421446F0D13D4B41F21C
:10B10000D4610122595C2A75002900F02E8141F298
:10B110001871595C002900F0298141F25C729A5C37
:10B12000002A00F07D8104232B75FFF724B83378C3
:10B13000002B7FF420A86968002900F0738191F842
:10B140002830002B7FF417A84422384620F098FCC2
:10B1500068680021E2F776FA002204236A602B7502
:10B160009DE700BF9C790020A0260508AC260508B5
:10B17000CC870020CC790020882605088C2605087D
:10B18000F48700202424050848260508E4D100207F
:10B19000882505083C26050828260508C4D1002076
:10B1A000FC25050814260508E4250508F0250508F2
:10B1B00004260508D0250508DC250508AC2505086A
:10B1C000BC2505089C2505086C2205088C2505086A
:10B1D000742605087C26050868260508F0870020E7
:10B1E0006026050854260508405A002084190020CE
:10B1F000EE730020C85D0020AC870020A4870020EB
:10B200005490002040800020D8750020B429050803
:10B21000676666664FF0000A68681FAA2146E2F773
:10B22000F7F801287EF4A7AF1F9B002B74D01A7883
:10B23000002A71D04C2AEFD159784F29ECD19A7855
:10B24000472AE9D11A7A422AE6D15A7A422AE3D128
:10B250009A7A4C2AE0D153F8030F22901B798DF88B
:10B260008C3022A88DF88DA011F092F82B699842AD
:10B27000B8BF18462861CFE7724B5A78032A7EF48C
:10B280007AAF41F2D4610122595C2A75002900F09D
:10B29000A48041F21871595C002900F09F8041F2AE
:10B2A0005C729A5C002A00F0B08000232B75FEF7D8
:10B2B00062BF644B5A78012A05D941F2E5729B5C62
:10B2C000002B3FF4B6AE002388F80030FEF7FEBF37
:10B2D00028680021E2F7B6F900283EF44CAFFFF7EA
:10B2E000EBBA384605F009F95046E022002121F07A
:10B2F00029FBFFF782B9E35C002B7EF43CAFFFF73C
:10B30000B3B8059BD3F8403C9B7B012B7EF4D9AEB0
:10B3100019F078FDFEF7D5BE696891F91A20501C26
:10B320000AD0484B02F5B17203EB0213FF20DA7921
:10B330006FF30002DA71887691F91B305A1C11D034
:10B34000404803F5B17300EB03104FF0FF0CC379D5
:10B35000C3F34502013A22EAE27262F34603C37183
:10B3600081F81BC003232B7599E60A46442101FB93
:10B37000023303F5B650344B009331463C23202270
:10B380001430E3F7B5F8FEF7F6BE069B1B6903EB36
:10B390004303B3F5FA7F36D34FF4FA72B3FBF2F3FB
:10B3A000402BA8BF4023294A1370FFF75BB9FDF774
:10B3B000EDFCFEF786BE26483146EFF7A3F9FFF70E
:10B3C000EEBA24483146EFF79DF9FFF7E8BA224874
:10B3D0003146EFF797F9FFF7E2BA0A46442101FB3D
:10B3E000023303F5B6501D4B00931D491323102261
:10B3F0001430E3F77DF8FEF7BEBE1A483146EFF78A
:10B4000081F9FFF7CCBA0123CDE70222E6E7059BDD
:10B41000154993F888231548EFF774F9FFF7BFBA79
:10B420000222A3E7E1F7CAFF00287FF491AEFEF7FE
:10B43000A2BE05990B22092381F8F62B88F800306B
:10B44000FEF742BEC85D002059560108A4870020BF
:10B450007028050890280508502805082966010865
:10B46000AC290508B0280508882605089426050893
:10B47000114A034692E8030082B002AA02E90300DF
:10B480009BB1072B0DD802AA13440C4A13F8081CD1
:10B49000128801238B40134214BF0120002002B008
:10B4A0007047184602B0FCF7AFBB054B187800F0A8
:10B4B000010002B0704700BFC0DB0408CA79002059
:10B4C000C8790020394B3A4A1B681268F0B513F06E
:10B4D000020F40F2813140F2AF3308BF0B46100635
:10B4E00044BF43F4803343F04003D10354BF43F4DB
:10B4F000406343F4E0532F4D2F4C520583B054BFAB
:10B5000043F4C82343F4D82301932E1DA4F5866782
:10B5100015F8011BFF292ED1B542F9D1274B9B6AA3
:10B52000002B3FD1019B43F000730193002402E004
:10B5300001341E2C19D0214601A815F003FC002867
:10B54000F6D01D4B002203F1F000E1B200E01A79C1
:10B55000914203F10803EBD09842F8D1214601A8AB
:10B56000013415F0CFFB1E2CE5D1154B019AC3F821
:10B57000442C03B0F0BD0022134605E001331E2B1E
:10B5800004EBC302C8D052799142F7D107EBC30351
:10B5900093F83414A1F11A03032BBDD801A815F0B8
:10B5A000C1FBB9E7019B43F08073BCE760760020E4
:10B5B000FC55002054410020C8DB04082441002031
:10B5C000CCC500202DE9F84F4FEA41180024154E54
:10B5D000154F8346924608F12009254603E00135C0
:10B5E00001341E2C1AD02146304615F0ABFB002842
:10B5F000F6D0A845F3D8A945F1D900231946E2B2FF
:10B6000005E001311E2907EBC10309D01B799A42DD
:10B61000F7D107EBC1015846D047E0E7BDE8F88F06
:10B620000021F8E710D20020C8DB040800220849F6
:10B63000134605E001331E2B01EBC30206D05279FD
:10B640009042F7D1024800EBC300704700207047DA
:10B65000C8DB040800220849134605E001331E2B0D
:10B6600001EBC30206D012799042F7D1024800EBF9
:10B67000C300704700207047C8DB04082DE9F04F75
:10B680008BB01AF043FF08F00DF80BF0A1FF15F096
:10B69000C5F918B915F064FB15F0F4F910F010FCB9
:10B6A000044609F029FE4CB1904B1B78AE2B05D116
:10B6B0008F499048052210F04FFD18B115F050FB4E
:10B6C00015F0E0F98C4C8D4F94F80036BA788C4E1A
:10B6D00043F0010384F800368A4B1A708A4BFA78DB
:10B6E0001A70DEF7AFF8012102200CF0C7F84022F3
:10B6F0008648002121F026F9854B00964FF0FF3255
:10B700001A60C3F80320336813F0080F07D0814B89
:10B710001B7A012B01D90A2B01D1DEF791FF7E4B59
:10B720007D7B5D43B5FBF3F31B2B03D023F00702B6
:10B7300093420FD101201BF0A5FD8542804609D020
:10B74000294601201BF096FDB8F1000F02D072B619
:10B750001AF064FB78791BF035FE94F80436002B60
:10B7600034D018200BF00CFF10B140F23D13C38011
:10B7700094F80536694A6A4D02EB83034FF48076EC
:10B78000D3F8207594F8063602EB83024FF0030CD1
:10B79000D2F84085EA6C42F00102EA64EA6C02F0F9
:10B7A00001020492049B0223CDE9056305A900234D
:10B7B0004FF09040CDE9073C0993E6F753FFAB68A3
:10B7C00047EA080723F0FE433B43AB60DFF8609194
:10B7D0001AF066FF5348544B00274D464FF0010ABC
:10B7E00001784FF0000209EB010683F8C4214FF005
:10B7F000000E02460196019E96F80CC0BCF1000FA7
:10B8000007D092F81880E04504BFB2F81880A3F87A
:10B81000B88115F80180B8F1000F11D092F81EB070
:10B82000C34503D1B2F81EB0A3F8BAB192F818B06C
:10B83000C34505D1B2F81880A3F8BA8183F8C4A132
:10B84000BCF1000F09D092F81E80E04505D1B2F896
:10B850001EC0A3F8B8C183F8C4A10EF1010EBEF159
:10B86000030F02F10202C6D1D3F8B82112F0FF1F74
:10B8700007D004EB8101C3F8B401C1F80C3603F51D
:10B88000E4730137062F00F13800A9D1009B274847
:10B890001F68DFF8A0806C22002121F053F8EB7DB7
:10B8A00095F80BC095F80AE020494CEA030CAB7DF3
:10B8B00007F040074EEA030E092200204FF0FF096F
:10B8C00018F9013B0B72092B02DD282B34D114230C
:10B8D00015F803A0BAF1000F36D12B441B7B9BBB9C
:10B8E000013A81F80890D2B22EE000BF0040000873
:10B8F000D72C0508E3AB0020C4D60020DCAB002029
:10B90000FC550020B0220020FC400020182B002015
:10B91000582B00202441002040420F0098D70408F3
:10B9200000100240ECDC040814D20020FCDC0020F3
:10B93000D85500203CDE04081E2B40F0AE80002FBE
:10B94000CED0BEF1000FCBD00130092801F10C019F
:10B95000B6D184F8A426F8F7CDFEF7F707FC94F8E3
:10B96000003643F0040384F80036009B1B68DD07B3
:10B9700040F19E80DEF758F8DDF7AAFF574E584990
:10B9800000257827D1F804C0BCF1000F48D091F908
:10B99000003003EB8300821910F8068092F80190C2
:10B9A00092F802A04FF0000E0A4607FB034092F8FF
:10B9B00008B0D84505D192F809B080F8AC8680F877
:10B9C000AFB692F80CB0D94505D192F80DB080F819
:10B9D000AD9680F8B0B692F810B0DA4505D192F87D
:10B9E00011B080F8AEA680F8B1B60232BEF1000FF9
:10B9F00064D007FB034393F8AC268AB193F8AD26D5
:10BA000072B193F8AE265AB14A7D83F818274FF0E9
:10BA1000000283F81C278A7DC3F8A8C683F81D2777
:10BA20000135032D01F11801ACD1F3F765F82D4B69
:10BA30002D481B682D4E2E4F98472E4B1878DBF75C
:10BA4000D1FD002533689D423BDB00201CF052FFF6
:10BA500001201CF04FFF284D02201CF04BFF03205B
:10BA60001CF048FF687858B10BF08AFDC4F88808CC
:10BA700008B13C23C380AB785BB320210BF0F0FD11
:10BA80001BF008FC00283BD01C4EDDF7DBFE3578B0
:10BA9000022D00F0FE8104250AE21F2B7FF454AF33
:10BAA000002F3FF41DAFBCF1000F7FF44DAF17E73F
:10BAB00098047FF561AFDDF761FF5DE74FF0010EA0
:10BAC00075E705EB4500294638440CF0E9F90135E6
:10BAD000B8E740210BF0C4FDD2E700BFC83F00200B
:10BAE00048DE0408A8030020BC3F0020602B002093
:10BAF000642B0020C83C002094220020988700205E
:10BB000019F05CF90028BFD10425C24E00277368E4
:10BB10000093002B4FD096F90090BF4B642202FB9C
:10BB200009330021184620F00DFFBC4A062101FB15
:10BB300009F102EB0108525C019298F8012002928F
:10BB40000346B3464FF0000A9BF80800019A904262
:10BB500008D1104603930BF013FD039B98609BF8EC
:10BB6000090018749BF81000029A904208D1104600
:10BB700003930BF005FD039BD8609BF811005874EC
:10BB80000AF1010ABAF1040F0BF1020BDCD16423B4
:10BB9000A14A03FB09F902EB0903996859B1D96875
:10BBA00049B142F80960009A98F802105A60B8F852
:10BBB000042099749A820137042F06F11C06A6D13D
:10BBC00000201CF099FF01201CF096FF02201CF0C1
:10BBD00093FF03201CF090FFDBF722FDD4F8A4189C
:10BBE000D4F8A828D4F8AC3841EA0200184323D08E
:10BBF00009B207EE101ADFED8A6A8A488A49B8EE60
:10BC0000C77A12B227EE267A1BB207EE903A8DED74
:10BC1000057A07EE102AF8EEE77AB8EEC77A67EEF3
:10BC2000A67A27EE267A0026067005A88DED067AFC
:10BC3000CDED077A14F03AFAF3F754FB48B97B4B91
:10BC4000997B022902D101200BF09AFE012004F019
:10BC500059FF94F8003694F8B11894F8B008744F6E
:10BC600043F0020384F80036F2F776FF0FF0A2FDEE
:10BC700094F8B11894F8B008F2F76EFFF2F796FF57
:10BC80003868F8F781FCF7F7A1F9DDF78FFC0BF0C6
:10BC900003FDDDF777FC012108460BF0EFFD0021E5
:10BCA00008460BF0EBFD002102200BF0E7FD0A2611
:10BCB00001200BF057FC00200BF054FC19200BF076
:10BCC00073FBD4F8B438D90302D401200BF098FDEB
:10BCD00019200BF069FB00200BF092FD013EE7D12B
:10BCE000314630460BF0CAFD314601200BF0C6FD4F
:10BCF000504CF9F7C3F9F6F7ABFB4F4B1E809E7023
:10BD0000F5F76CFDFAF7FAFA23681A0601D5EDF794
:10BD1000AFFCEBF7C1FE2368DB0304D5EDF719FE9A
:10BD2000464B01221A7023681E0101D5E7F7BCFCBF
:10BD30002368D80001D5DDF737FBF7F775FA2368DC
:10BD4000590001D5F7F7FCFA23685A0105D53C4B99
:10BD50001B7813B13868F6F761FDDFF7C9FCDDF732
:10BD60004BF819F025FC374B1E78022E0DD1364BBF
:10BD70001B7953B115F0020507D1DDF761FA334B9A
:10BD800041F644025E709E509D70EEF7EBFC304B26
:10BD9000304D1A8B42F2107353432F4A9168B3FB14
:10BDA000F1F3C2F8B431C2F830332C4B6422A3F85B
:10BDB000B02205F6C403002200261A60A5F8C06868
:10BDC000FAF780FC012385F8C838FFF77BFB4FF4B6
:10BDD00028723146224820F0B5FDFCF7D7FF2368D2
:10BDE0005B0501D5EBF7F4F94FF4007004F08AFE1F
:10BDF0001C4B1B681B6898470BF07AFB0CF0C4F8CF
:10BE00001D200BF0BDFB78B383796BBB5423C3803B
:10BE10002AE000BF90DE0408F033002050DF00204D
:10BE200035FA8E3C2E060020E4AA0020DCAB002070
:10BE3000B47C0020FC550020F07F002064870020A7
:10BE40003079002098870020BC3F0020C85D00208A
:10BE50005CA60020C4D6002084410020CCC5002070
:10BE6000A05600209C2200201E200BF089FB18B158
:10BE700083790BB95423C3800BF0F8FB07F0B6FAB3
:10BE800095F8003663F07F0385F800360BB0BDE807
:10BE9000F08F0F4B1B79002B3FF4FDADDDF7D0F990
:10BEA0000C4B00229A7041F644025D709D500625AD
:10BEB0003378012B01D119F0BDFB0CF065F818F0B7
:10BEC00033FF08B918F08CFFDDF78CF81DE600BFD2
:10BED000BC3F0020C85D00207047F8B56C220446C6
:10BEE0000021043020F02EFD0C49234604F16C00A3
:10BEF00005220426002511F9017B1F715A719E71DC
:10BF00001D72DA710C338342F5D101232360522371
:10BF100084F86E306423A4F86C30F8BD3CDE04086D
:10BF200008B5074B1B78DB0700D508BD054B02227F
:10BF30009A7314F0A7FDBDE808400FF0C1BF00BF21
:10BF4000C8790020DCAB0020024B1A785978DEF764
:10BF50009DBD00BFC8E1002008B5044B9B78032BB2
:10BF600002D8DDF73FF8FEE708BD00BFC8E10020BA
:10BF7000034B187810F0010000D07047ECE700BFC9
:10BF8000C87900202DE9F04F2DED028B0A3889B0D9
:10BF90000C46ED2800F2F080DFE810F0120AEE0007
:10BFA000EE00EE00EE00EE00EE00EE00EE00EE0021
:10BFB000EE00EE00EE00EE00EE00EE00EE00EE0011
:10BFC000EE00EE00EE00EE00EE00EE00F309EE00F3
:10BFD000EE00EE00E409EE00EE00EE00A709EE0030
:10BFE0007409EE005B09EE002009EE00E508EE00A2
:10BFF0006E0AEE00420AEE00EE00EE003C0A250A50
:10C00000EE002306EE00EE001C06EE000506EE0034
:10C01000EE00EE00D305EE00EE000908EE00EA07A0
:10C02000EE00CA07EE00AC078807EE00EE00EE0057
:10C03000EE00EE00EE00EE00EE00EE006C07EE000B
:10C040002907EE004606EE00B408EE00EE00EE0012
:10C05000EE00760829081A08B00ABC0585057105A6
:10C060005A05D404EE00A504F10AEE00EE00EE003D
:10C07000EE00EE00EE00EE007D04EE00EE00EE00BD
:10C08000EE0071045F041E04EE00EE00EE00CC032F
:10C090009503EE00EE001805E104EE00EE00330318
:10C0A000EE00EE00F902EE00DC02EE006602EE00A9
:10C0B000FB01EE00BA01EE00EE00EE00EE00EE0035
:10C0C000EE00EE00EE00EE00EE00EE00EE00EE0000
:10C0D0004B01EE00EE00EE00EE00EE003701EE0048
:10C0E0001801EE00EE00EE00EE00EE00EE00EE00B5
:10C0F000EE00EE00EE00EE00EE00EE00EE000A01B3
:10C10000EE00EE008D01EE008201EE00E00AEE008E
:10C11000EE00EE00EE00EE00EE00EE00EE00EE00AF
:10C12000EE00EE00EE00EE00EE00EE00EE00EE009F
:10C13000EE00EE00EE00EE00EE00EE00EE00EE008F
:10C14000EE00EE00EE00EE00EE00EE00EE00EE007F
:10C15000EE00EE00EE00EE00EE00EE00EE00EE006F
:10C16000EE00EE009801EE000001EE00EE00EE00A1
:10C17000EE00EE00EE00F400002009B0BDEC028BF2
:10C18000BDE8F08F05A80FF0A3FF002841F027833A
:10C19000012009B0BDEC028BBDE8F08FA44D08462C
:10C1A000E98910F0DDF9A989204610F0D9F9EFE707
:10C1B0000B68A04A591C1278216005A81A700FF06C
:10C1C00087FF23685A1C22601870E1E79A4D05F535
:10C1D000807623682A78591C21601A7023686A784F
:10C1E000591C21601A702368AA78591C21601A70A2
:10C1F000A988204610F0B4F9083535F8021C20460D
:10C2000010F0AEF9AE42E4D1C2E78C4D05F1AE06B6
:10C210002988204610F0A4F96988204610F0A0F97A
:10C22000063535F8021C204610F09AF9B542EFD1D8
:10C23000AEE70B68DFF82CE2591C9EF80020216065
:10C240001A709EF80030002BA2D07D4E7D4D7E48A6
:10C250007E490023226816F8017B02F1010CC4F824
:10C2600000C01770226815F8017B02F1010CC4F8B8
:10C2700000C01770226810F8017B02F1010CC4F8AD
:10C2800000C01770226811F8017B02F1010CC4F89C
:10C2900000C017709EF8002001339A42DADC77E77D
:10C2A0006B4D05F1100635F8021F204610F058F9C5
:10C2B000AE42F8D16CE7674D05F13A0635F8021F3A
:10C2C000204610F04DF9AE42F8D161E70B68624D9F
:10C2D000591C1422216005F178071A702878FFF79D
:10C2E000B9F906466879FFF7B5F923687279591CE0
:10C2F00021601A7023682A79591C21601A702368FA
:10C3000042790635591CBD4221601A70E6D13FE7DB
:10C31000524D0B686A7A591C21601A7023686A7939
:10C32000591C21601A7023682A7A591C21601A70DE
:10C33000E988204610F014F9A989204610F010F978
:10C340002368EA7A591C21601A702368EA7B591C19
:10C3500021601A702368AA7B591C21601A70236817
:10C36000AA78591C21601A702368EA78591C216048
:10C370001A7023682A79591C21601A7023682A7858
:10C38000591C21601A702368AA7A591C21601A70FE
:10C39000FEE6334D2B680846B3F8781010F0E0F84D
:10C3A00023682A68591C92F87A2021601A70236841
:10C3B0002A68591C92F87B2021601A7023682A6829
:10C3C000591C92F87C2021601A7023682A68591C35
:10C3D00092F87D2021601A7023682A68591C92F80F
:10C3E0007E2021601A7023682A68591C92F87F20E9
:10C3F00021601A702B6893F880202368591C2160F3
:10C400001A7023682A68591C92F8812021601A70DA
:10C4100023682A68591C92F8822021601A702A68C1
:10C42000236892F88320591C21601A70B0E600BF7F
:10C43000305A0020E4A600209CBD0020ACA50020BE
:10C440006083002080830020C0830020A083002020
:10C4500002B100208A8A0020E8AE0020787D00200A
:10C46000B47C00205D830020A74D0B682A68591C0E
:10C4700092F85C2021601A7023682A68591C92F88F
:10C480005D2021601A7023682A68591C92F85E208A
:10C4900021601A7023682A68591C92F85F20216075
:10C4A0001A7023682A68591C92F8602021601A705B
:10C4B00023682A68591C92F8612021601A702B6841
:10C4C00093F862202368591C21601A7023682A6837
:10C4D000591C92F8632021601A702B682046B3F82B
:10C4E000641010F03DF82B682046B3F8661010F089
:10C4F00037F82B682046B3F8681010F031F82B6835
:10C500002046B3F86A1010F02BF82B682046B3F8D9
:10C510006C1010F025F82B682046B3F86E1010F060
:10C520001FF82B682046B3F8701010F019F82B682C
:10C530002046B3F8721010F013F82B682046B3F8B9
:10C54000741010F00DF82B682046B3F8761010F038
:10C5500007F81DE66D4D05F1110605F1100723687A
:10C5600015F8012F591C21601A7036F8021B20465D
:10C570000FF0F6FFF18B20460FF0F2FF236895F8DD
:10C580005020591CBD4221601A70E8D100E6604D70
:10C590000B682A78591C21601A70698820460FF0B0
:10C5A000DFFFA98820460FF0DBFFE98820460FF067
:10C5B000D7FF298920460FF0D3FF698920460FF065
:10C5C000CFFFA98920460FF0CBFFE98920460FF065
:10C5D000C7FF298A20460FF0C3FF698A20460FF063
:10C5E000BFFF23682A7D591C21601A7023686A7D69
:10C5F000591C21601A702368AA7D591C21601A7089
:10C60000C6E50B68434E591C327821601A703378A6
:10C61000002B3FF4BDAD404F01974FF0000A574645
:10C62000DFED3E8A9FED3E8AB2462EE0884689467F
:10C630000E468B46019B9D7A002D41F00F80D30062
:10C6400000F1EF87374BDA5D002A41F02480204665
:10C650000FF06EFF294620460FF082FF2268501C23
:10C660002060314682F800B020460FF079FF49463D
:10C6700020460FF075FF414620460FF071FF9AF8F3
:10C6800000200137BA427FF683AD274B1A6812F0BB
:10C690000061CBD0F8B2E7F77DF8234BB0F90C502E
:10C6A0001A6890F801B04688B0F80490B0F8088095
:10C6B0001E4B05EB850000EB800117F803C08900D5
:10C6C00091FBFCF1B6E70A68194B501C1978206001
:10C6D000117022685978501C206011702268997876
:10C6E000501C206011702268D978501C2060117095
:10C6F00022689979501C2060117022681B79511CA6
:10C700002160137044E500BFB47C0020F7B1002025
:10C7100020B00020307900204C4A00209A99193F1F
:10C720000000000034B10020FC55002020B10020A2
:10C7300080800020994F0846798A0FF011FFB98A4E
:10C7400020460FF00DFFF98A20460FF009FF2368FD
:10C75000934A591C127821601A7023683A7E591C3A
:10C7600021601A702368BA7A591C21601A702368F4
:10C77000BA78591C21601A70398820460FF0F0FEF3
:10C780002268397A531C236007F11C0507F118034E
:10C790001170226813F8011B501C9D42206011701B
:10C7A000F7D1804B1D1D226813F8011B501CAB42B2
:10C7B00020601170F7D1398D20460FF0D1FE798DB0
:10C7C00020460FF0CDFEB98D20460FF0C9FEF98D41
:10C7D00020460FF0C5FEDBE4DFF8ECC10026F7B21F
:10C7E000614600232268501C206017702268501C8C
:10C7F00020601370226811F8010F0133551C062BBD
:10C8000025601070EED10136042E0CF1060CE6D135
:10C81000654900232268501C206016702268501C55
:10C8200020601370226811F8010F0133551C0B2B87
:10C8300025601070EED123685C4A581C05212060E9
:10C84000197023680021581C20601970236892F821
:10C850006321591C21601A709AE40B68544A5549A7
:10C86000D0795D1C256018702368527D581C2060AB
:10C870001A7023680A78591C21601A7088E40B68C2
:10C880004D4A581C11782060197023685278591C41
:10C8900021601A707CE4494D05F180062988204604
:10C8A0000FF05EFE698820460FF05AFEA9882046E8
:10C8B0000FF056FEE98820460FF052FE29892046E7
:10C8C0000FF04EFE698920460FF04AFEA9892046E6
:10C8D0000FF046FE103535F8021C20460FF040FEE2
:10C8E000B542DBD154E4364E0B683268591C527A9B
:10C8F000216000251A70336822682B44511C9B7AF2
:10C9000021601370336822682B44511C9B7B21608B
:10C910001370336822682B44511C9B7C2160137078
:10C92000336803EB45032046598B01350FF018FEA1
:10C93000042DE0D13268236892F82A20591C216026
:10C940001A7025E4FAF7F2FF014620460FF0F0FDD9
:10C95000FAF7DCFF81B220460FF002FE18E4194D11
:10C96000084629890FF0FCFD698920460FF0F8FD83
:10C97000A98920460FF0F4FDE98A20460FF0F0FD6A
:10C98000298B20460FF0ECFD698B20460FF0E8FD67
:10C99000E98920460FF0E4FDFFF7FABB4C4A00207E
:10C9A00030790020684A0020077F0020B07D0020F9
:10C9B0009CAA0020B8AA002018B0002084B0002053
:10C9C000B87C002070860020EF7E0020864D08464F
:10C9D00029880FF0C5FD698820460FF0C1FDA988A0
:10C9E00020460FF0BDFDE98820460FF0B9FD298AE9
:10C9F00020460FF0B5FD698A20460FF0B1FDA98AE7
:10CA000020460FF0ADFD236895F82020591C2160C9
:10CA10001A7023682A7F591C21601A70698D20467C
:10CA20000FF09EFDA98D20460FF09AFD236895F822
:10CA30002120591C21601A70236895F82820591C60
:10CA400021601A70E98B20460FF08AFDFFF7A0BB2A
:10CA5000664D084629880FF083FD698820460FF04F
:10CA60007FFDB5F90430624AD91782FB0323C1EB7D
:10CA7000A301204689B20FF073FDFFF789BB5D4B20
:10CA8000084619880FF06CFD5B4B204619880FF0A3
:10CA900067FD5A4B22681B78511C03F0010321608B
:10CAA0001370FFF775BB564B0A681B78554D511C28
:10CAB00003F002032160137023682A7D591C216052
:10CAC0001A70296820460FF033FD696820460FF080
:10CAD0002FFDAB6813F1630FC0F26C86B3F5C80F7E
:10CAE00080F26B86484AD91782FB0323C1EB63139C
:10CAF00099B220460FF034FDE98920460FF030FD51
:10CB0000298A20460FF02CFD698A20460FF028FD67
:10CB1000FFF73EBB3D4EB378002B3FF439AB3C4FA3
:10CB20000025F7EC017AFCEEE77A204617EE903A02
:10CB300099B20FF015FDB3780135AB42F1DCFFF788
:10CB400027BB344E3568002D00F0228618F056FAC7
:10CB5000314D40F00200C0B22A46002305E0013307
:10CB6000062B02F1060200F0AB8611780229F6D1FD
:10CB7000226803EB430305EB4303511C2160107053
:10CB80009A8859880132511A20460FF0D1FC316839
:10CB900020460FF0CDFC18F00DFA014620460FF0AC
:10CBA000C7FCFFF7F5BA194EB378002B3FF4F0AA93
:10CBB0001A4F0025F7EC017AFCEEE77A204617EED3
:10CBC000903A99B20FF0CCFCB3780135AB42F1DC6E
:10CBD000FFF7DEBA0846082211490FF079FCFFF78B
:10CBE000D7BA104A51E600BF70860020145A0020C0
:10CBF000676666665A7900207C80002013860020D4
:10CC000058790020605600201F85EB51004100201C
:10CC10009C7F0020AC870020C00C0020CCE30020CB
:10CC20002441002050CB0020AD4B0A681968501CED
:10CC300091F82810206011701968226891F82B1063
:10CC4000501C206011701968226891F82C10501C3B
:10CC5000206011701968226891F82D10501C206016
:10CC600011701968226891F82E10501C2060117004
:10CC70001968226891F82F10501C206011701A68F2
:10CC800092F830102268501C2060117019682268D8
:10CC900091F83810501C206011701968226891F8C2
:10CCA0003910501C206011701968226891F83A10F0
:10CCB000501C206011701968226891F84410501CB3
:10CCC000206011701968226891F84510501C20608E
:10CCD00011701968226891F84610501C206011707C
:10CCE0001968226891F83E10501C20601170196874
:10CCF000226891F83F10501C20601170196822685A
:10CD000091F84010501C206011701968226891F849
:10CD10003110501C206011701968226891F835108C
:10CD2000501C206011701968226891F83610501C50
:10CD3000206011701A6892F837102268501C206029
:10CD400011701968226891F84810501C2060117009
:10CD50001968226891F84910501C206011701968F8
:10CD6000226891F84A10501C2060117019682268DE
:10CD700091F84B10501C206011701968226891F8CE
:10CD80004C10501C206011701968226891F84D10E9
:10CD9000501C206011701968226891F84E10501CC8
:10CDA000206011701968226891F85210501C2060A0
:10CDB00011701968226891F85310501C206011708E
:10CDC0001968226891F85410501C2060117019687D
:10CDD000226891F85810501C206011701A6823685E
:10CDE00092F85920591C21601A70FFF7D1B93D4DB6
:10CDF0000B686A78591C21601A7023686A7D591C77
:10CE000021601A70E98820460FF0AAFB2368AA7DEA
:10CE1000591C21601A70298920460FF0A1FB6989ED
:10CE200020460FF09DFBA98920460FF099FBE98968
:10CE300020460FF095FB298A20460FF091FB698B65
:10CE400020460FF08DFBA98B20460FF089FB23684D
:10CE500000255A1C226029461D7020460FF080FBD9
:10CE6000294620460FF07CFB294620460FF078FB30
:10CE7000FFF78EB90A681C491C4B551C0120256020
:10CE80001070226809781018206011702268197AD1
:10CE9000501C2060117022689978501C206011701D
:10CEA000198820460FF05CFBFFF772B90B68104D34
:10CEB000591C012221601A7023682A78591C2160AC
:10CEC0001A7023686A78591C21601A706988204694
:10CED0000FF046FB696820460FF02AFBFFF758B9B0
:10CEE000B47C00205CA6002074DF00204C4A0020A7
:10CEF00098870020A74B1B79002B40F062841F46C7
:10CF00001E461D4619462268501C20601370236877
:10CF10005A1C22601E7023685A1C226020461F7013
:10CF20000FF006FB294620460FF002FBFFF730B951
:10CF3000994EB378002B3FF42BA9984F002507F1A9
:10CF40000108236817F81520591C21601A7018F879
:10CF5000151001EB810101EB810101F2EE21204668
:10CF60000FF0FEFAB3780135AB42EADCFFF710B9F7
:10CF70000B688B4D591C2A7921601A7023686A79D5
:10CF8000591C21601A70298820460FF0E9FA23689D
:10CF9000AA79591C21601A70698820460FF0E0FABE
:10CFA0002368EA79591C21601A70FFF7F1B80A6802
:10CFB0007C4B501C19792060117022685979501CE3
:10CFC00020601170196A20460FF0B2FAFFF7E0B83E
:10CFD000754D05F12006B5EC010A1DF0A3F981B2EB
:10CFE00020460FF0BDFAAE42F5D1FFF7D1B86F4B36
:10CFF0009B89B3F5006F00F2C883B3F5806F00F230
:10D000001884B3F5007FB6EE008AF7EE007A38BFD9
:10D01000B0EE678A664D05F10C06B5EC010A20EE0C
:10D02000080A1DF07FF981B220460FF099FAB54247
:10D03000F3D1604D05F10C06B146A5F1300805F5B8
:10D04000C47798F85236B5EC010A012B0CBF3B4669
:10D050004B46D3ED227A80EE270A1DF063F981B2A8
:10D0600020460FF07DFAAE42EBD1534D05F10C0690
:10D07000B5EC010A1DF056F981B220460FF070FAA6
:10D08000AE42F5D1FFF784B84C4D4D4EB5F80811BE
:10D0900020460FF065FAB5F8881020460FF060FAC8
:10D0A000484B19684B0103F02002C1F340031343BE
:10D0B000C1F3800243EA4203C1F3C00243EA8203A0
:10D0C000C1F3401243EAC20301F0100119432046A4
:10D0D0000FF046FA00231D4605931F4603E0013575
:10D0E0001E2D00F0FF822946304613F02BFEEBB2D6
:10D0F0000028F4D01846FEF7BBF9002840F06F82F4
:10D100000137ECE70B68304A30499078304A5D1CB3
:10D1100025601870236849792E4D581C20601970BD
:10D1200023685278591C21601A702368EA78591CC8
:10D1300021601A702368AA78591C21601A7023682C
:10D140002A78591C21601A70298B20460FF008FAA2
:10D15000698A20460FF004FA23682A7D591C216051
:10D160001A70FFF715B80A681B4B501CD97B20605A
:10D1700011702268197C501C206011702268597C43
:10D18000501C206011702268DB7F511C21601370DD
:10D19000FEF7FEBFBC3F0020004100202CAE002067
:10D1A00008CB00205C790020008E0020CC79002084
:10D1B000147A0020B4410020EC8D002008370020B4
:10D1C00010D2002060760020305A002044920020C7
:10D1D000B8AA00205CA60020244100209A4901F54D
:10D1E0008075206851F8082F461C4B682660027035
:10D1F0002068160A471C276006702068160C471C1A
:10D20000276006702068120E461C26600270226895
:10D21000501C206013702268180A561C266010707B
:10D220002268180C561C2660107022681B0E501CB9
:10D230008D4220601370D4D12368844A581C012188
:10D24000206019702368D278591821601A70FEF78F
:10D250009FBF7F4D05F14006B5F8001120460FF045
:10D260007FF9236895F80221591C21601A70236800
:10D2700095F803210435591CAE4221601A70EBD198
:10D28000FEF786BF734D0B682A7A591C21601A700D
:10D2900023686A7A591C21601A702368AA7A591C7B
:10D2A00021601A70E98A20460FF05AF9698A2046EF
:10D2B0000FF056F9A98A20460FF052F9298B204623
:10D2C0000FF04EF9698B20460FF04AF923680025CC
:10D2D0005A1C226029461D7020460FF029F9236848
:10D2E0005A1C22601D70FEF753BF0B685A4D591C23
:10D2F0002A7821601A7023686A78591C21601A7094
:10D300002368AA78591C21601A702368EA78591C8E
:10D3100021601A7023682A79591C21601A702368C9
:10D320006A79591C21601A70E98820460FF018F9B3
:10D33000298920460FF014F92368AA7A591C216024
:10D340001A702368EA7A591C21601A7023682A7BB4
:10D35000591C21601A7023686A7B591C21601A705D
:10D36000FEF716BF3D4D084629880FF0F9F8A98849
:10D3700020460FF0F5F8298920460FF0F1F8FEF766
:10D3800007BF374D05F178062878FEF763F9236863
:10D390004279591C21601A7023686A78591C2160EF
:10D3A0001A702368AA78591C21601A702368EA78D9
:10D3B0000635591CAE4221601A70E5D1FEF7E8BE71
:10D3C000284D28461BF0BEFE00283EF4E1AE2B4659
:10D3D0000544226813F8011B501C9D422060117007
:10D3E000F7D1FEF7D5BE0B681F4A581C4B212060B1
:10D3F000197023680821581C2060197023689178DF
:10D40000581C206019702368D278591C21601A704A
:10D41000FEF7BEBE084600210FF08AF8FEF7B8BE40
:10D42000124D134E05F16C0795F90410114B93F949
:10D4300008208A4200F0D8800C33B342F7D10C3573
:10D44000AF42F1D1FEF7A4BEA87D0020787D002078
:10D45000B07D0020244100208CA5002068DF002042
:10D46000E8AE0020E4D10020DCAB002040590020D1
:10D4700068DD0020FCDC00208F4D05F50076236878
:10D480002A78591C21601A7023686A78591C216017
:10D490001A702368AA78591C21601A702368EA78E8
:10D4A000591C21601A7023682A79591C21601A704E
:10D4B00023686A79591C21601A702368AA79591C5B
:10D4C00021601A702368EA79591C21601A702A7A3F
:10D4D0002368591C21601A70698920460FF040F8B2
:10D4E000A98920460FF03CF82368AA7B1035591C07
:10D4F000AE4221601A70C2D1FEF74ABE6F4E704F25
:10D50000DFF8DC819FED6F8A002507E000212046CF
:10D510000FF026F80135082D3EF43AAE3378AB42D1
:10D52000F4DD3B6893F82620002AEFD01B6AE8B2AE
:10D5300098470028EAD008EB850393ED000A20EE17
:10D54000080A1CF0EFFE02044CBFA0F57A7100F54A
:10D550007A7189B220460FF003F8DBE7574E5A4F35
:10D5600000253378AB42CCBF37F815100021204698
:10D5700001350EF0F5FF042DF3D1FEF709BE534E31
:10D580000027336807EB870503EB450320465989DD
:10D590000EF0E6FF33686D002B44204699890EF0AB
:10D5A000DFFF33682B442046D9890EF0D9FF33685A
:10D5B0001D440137298A20460EF0D2FF032FE0D107
:10D5C0000025336805EB850203EB42030135598AD8
:10D5D00020460EF0C5FF032DF3D1FEF7D9BD394625
:10D5E00005A813F09FFB8BE523685A1C2260197075
:10D5F000296820460EF09CFF23686A79591C216037
:10D600001A702368AA79591C21601A7023682A7A33
:10D61000591C21601A702368EA79591C21601A701C
:10D620000DE7032F3FF60EA8294AC7EBC70002EB10
:10D63000C00C12F83020002A3FF404A89CED010A27
:10D6400020EE280A1CF06EFE224B80B26421DA5DC7
:10D6500001FB00F1B1FBF2F1FEF7F4BF1E4807F148
:10D66000020C00EB8C0C9CF80650002D3EF4E7AF4A
:10D67000BCF80400174B0392642101FB00F1F8B2DF
:10D68000DD5DB1FBF5F1029119F00CFDDDE902124F
:10D6900085B2FEF7D4BF114A02EB870292ED000A71
:10D6A000B5EEC00AF1EE10FAB8BFB0EE480A1CF0B1
:10D6B00039FE0146FEF7CBBFCCE1002030790020D7
:10D6C0009C22002000007A443CD10020B47C002041
:10D6D0001C40002020B1002044D10020987C002074
:10D6E000A022002005A9042220460EF0F1FE2368A6
:10D6F000774A591C002521601D70118820460EF0C4
:10D700002FFF744B204619880EF02AFF2368724AB7
:10D71000591C21601D7023681A21581C2060197043
:10D72000116820460EF004FF22686C4B6C48511CB7
:10D73000216015702268997B551C25601170226844
:10D740001978551C25601170216806224D1C256032
:10D750000A7021685B784D1C25600B702368614955
:10D760005D1C25601A70236800785F4A5D1C256087
:10D77000187023680978581C206019702368127883
:10D78000591C21601A70FEF703BDB4EE008A41E413
:10D790000B685A1C0A60204629461D700EF0C8FE10
:10D7A000294620460EF0C4FE294620460EF0C0FE53
:10D7B000FEF7EEBC0021FFF79CB94FF6FF71FFF7B3
:10D7C00098B9E2F7D1FE002837D141F2E473474A15
:10D7D0000546D75C014606460123FFF794BBBDF81A
:10D7E000141020460EF0BCFE23689DF81620591C2C
:10D7F00021601A7023689DF81720591C21601A7047
:10D8000023689DF81820591C21601A7023689DF820
:10D810001920591C21601A7023689DF81A20591C80
:10D8200021601A70BDF81C1020460EF099FEFEF71C
:10D83000AFBCB5EE008AFFF7EDBBE2F785FE48B955
:10D8400041F2E473294A0126D75C05460146334676
:10D85000FFF759BB254F7E78022E1BD0032E08D030
:10D8600041F2E47300250126FF5C29463346FFF7A9
:10D870004ABB41F2A87241F2E473B958FF5C890ACD
:10D880000191E2F75BFE0568019901230426DD4062
:10D89000FFF739BB164B1B68DB69984740B141F273
:10D8A000E4730025FF5C294603260123FFF72BBB09
:10D8B00041F2E4730546FF5C01460123FFF723BBF9
:10D8C00023680022591C216018709388FFDE00BF76
:10D8D0001CC8002024C80020AC7C0020DCAB002049
:10D8E00030790020FC8D0020B8AB0020C85D0020FE
:10D8F000C43F002038B5084D002415F8010BFF285F
:10D9000005D0FDF7B5FD0146204609F0A5FF01341D
:10D91000042CF2D138BD00BF58410020084B1B78C1
:10D9200003B170472DE9F04F064E2DED028B3368A1
:10D930005C05A5B008D425B0BDEC028BBDE8F08F26
:10D94000B0590020FC550020D04C9FEDD17AD4F87E
:10D950006433C31A07EE903AF8EEE77A0546F4EE20
:10D96000C77AF1EE10FA80F2A184CA4B1B78012B22
:10D9700000F0B283C84B1B78002B51D0D4F874331D
:10D98000C64AEB1A934200F27382DFF8589399F873
:10D9900000A0BAF1000F40F02382DFF84C83D8F8E2
:10D9A000000009F06BFDC0B201281BD90228BC4F52
:10D9B00040F0BE843B78002B40F02985D4F87C33BE
:10D9C000EB1AB3F57A6F0DD30123D8F800003B7042
:10D9D00009F04CFD0746D8F8000009F047FD7F0626
:10D9E00001F01F86AF480268D2B199F80030002BD1
:10D9F00040F0FB81AC4BD8F800001B681B791E3B44
:10DA0000012B4FF0020141F280863830E7F78EF8A3
:10DA10000122002389F8002084F88833C4F8845355
:10DA200007F054FEA14B93F8009000F57A70B9F11D
:10DA3000010F1C9000F07D839D4B1B78002B00F0A4
:10DA4000CA809C4F3B68002B00F0C5809A4AD4F8EE
:10DA50009033D2F80090A9EB0303632B40F2BB8014
:10DA6000DFF888B2DFF88882DFF888A24120E6F785
:10DA7000C9F9BBF9023088FB0320DB17C3EBA00018
:10DA800080B2E6F7A3F9BBF9003088FB0320DB176F
:10DA9000C3EBA00080B2E6F799F9BBF9043088FB2C
:10DAA0000320DB17C3EBA00080B2E6F78FF99AF8EA
:10DAB0000010386809F008FD94F8948318F0010FFD
:10DAC00000F043847D4B1B689A0674D57C4BDFF8CD
:10DAD00028821B789B0741F1BA8698F81430052BF1
:10DAE00034BF4FF0020B4FF0030B4720E6F78AF9E3
:10DAF000D8F80000E6F736F9D8F80400E6F732F96E
:10DB0000B8F80E106F4B3868A3FB0131C1F3471111
:10DB1000029109F0D9FC9AF80030029959408AF82C
:10DB20000010F9F703FFE6F71DF998F8148038683C
:10DB30004BEA88085FFA88F8414609F0C5FC9AF874
:10DB40000010386888EA01018AF8001009F0BCFC6E
:10DB500094F89483B8F1000F2DD1DFF8A0B14F20D5
:10DB6000E6F750F9DBF80000E6F7FCF8DBF8040014
:10DB7000E6F7F8F84046E6F7F5F83868012109F0CD
:10DB8000A3FC4F4A9AF8003092F80080386808F0F9
:10DB90000108414683F001038AF8003009F094FC43
:10DBA0009AF80010386888EA01018AF8001009F034
:10DBB0008BFC94F89483444BC4F8909308F10108CB
:10DBC0005FFA88F8A3FB0823DB0803EB8303A8EBC9
:10DBD000430884F89483DFF8289199F80030022BE9
:10DBE00000F07A832E4EB378032B00F08A83374BF4
:10DBF0001B78002B39D0364E3368B3B307F066FD7F
:10DC0000D4F8A0330290C31A44F61F6293422CD971
:10DC100094F8A633002B01F07581013B84F8A633FC
:10DC200094F8A773002F01F0A380013F84F8A77335
:10DC300094F8AA33002B00F09986013B84F8AA33AC
:10DC400094F8AEC3BCF1000F00F0A3850CF1FF3CCB
:10DC500084F8AEC394F8AF33002B01F01E82013B71
:10DC600084F8AF33029BC4F8A0331A4B1B7823B15E
:10DC7000194B1B78980700F09380184B1B78002BEA
:10DC800047D0174ED4F8EC2431783BE0C8E10020AF
:10DC9000001B374A1C8200202A8200203F0D03000F
:10DCA0009C060020DC7C0020D87C00202B820020F9
:10DCB00038820020887C00208419002060760020B3
:10DCC000587900201F85EB51CDCCCCCC4082002070
:10DCD00044820020BD82002010820020B4820020F7
:10DCE000BC820020E07C0020D47C0020145A00205C
:10DCF000676666668C7C0020605600207480002079
:10DD000012A900204C4BB3FBF1F313449D4280F069
:10DD1000C1814A4B1B78002B3AD0494B1B78002B12
:10DD20003AD1484B1B78002B3FF405AE464FDFF845
:10DD30003481DFF81C91386809F0A0FB00283FF41B
:10DD4000FAAD386809F092FB98F800603F49054643
:10DD50000322484606F1FF3C3EB1386888F800C00F
:10DD600009F08CFB0028ECD1E5E51EF0D1FD042183
:10DD7000484684F8F754E5F785FD0028DBD03448A1
:10DD8000E5F7A8FD98F80030184488F80000D2E7BD
:10DD9000304B1B78002BC4D12846E8F76DFCC0E758
:10DDA000DFF8C480F2F740FE98F80070002F40F0D2
:10DDB0006F84DFF8B88098F80030002B40F0A4841E
:10DDC000254BD4F8E82419781B4BB3FBF1F313442B
:10DDD0009D42FFF452AFC4F8E854E8F725FD4CE744
:10DDE0001E480268002A3FF41BAED4F8843340F684
:10DDF000B731EB1A8B427FF613AE94F88033002BC9
:10DE000000F04284013BDBB284F88033002B00F049
:10DE1000958212F8011B94F88873026094F8893394
:10DE20000F48CA190133006884F8882384F88933BD
:10DE300009F04AFBF2E500BFA0860100FE80002049
:10DE40002D8100204A82002050820020BDE6002063
:10DE5000BCE60020458100200C820020DC7C0020F4
:10DE6000D47C002054820020BF820020BE8200208B
:10DE7000C94BCA4ACA4F1B88CA49386892F809C0B8
:10DE8000D4F87823DFF860930533A1FB03134FF434
:10DE90007A71821A01FB0CF1DB0800208A42A9F892
:10DEA0001E30A9F8143089F8020089F8040080F0C7
:10DEB000B482BD4BBD491A689B68DFF830A3DFF818
:10DEC000308381FB027081FB0371D217DB17C3EB38
:10DED000A103C2EBA002A9F82030A9F81C20F9F791
:10DEE00025FD8AFB0032C317C3EB621303F5FA73F7
:10DEF000A9F81A30F9F70AFDAD4B00F5EA411A7896
:10DF00008AFB0037C317C3EB671330317833A94F4F
:10DF100089F824300912303089F8231089F822005A
:10DF2000930798F8149087F81A9040F16D82D8F80A
:10DF30000420A149D8F800B0A04BB8F80EE0104674
:10DF400081FB000C1046D217C2EBAC524FEAEB78C3
:10DF500081FB0BC103FB020C0590C8EBA151984853
:10DF60000CEB4C0C4FEA4C0C03FB01B380FB0C0890
:10DF700003EB430392485B00049380FB0303069387
:10DF80000EEBCE0E8F4B4FEAEC704FEA8E0EA3FBDA
:10DF90000EE3C0EBA84ECDF808E00298089302EB20
:10DFA0008202894B01EB81014FFA8EFE02EB820265
:10DFB00003FB10C00EEB820201EB810E0899029068
:10DFC0000498CDF81CE04FEA911E0699DFF824C2B0
:10DFD00087F807E04FEAE07892B20392C8EBA142DB
:10DFE00003FB1202029B0598BCF800C087F813C01F
:10DFF000B9F1040F8AFB0339029B4FEAE373C3EBC9
:10E000006913C8EBA1418AFB02894FEAD0784FEA35
:10E01000DB700290079887F80E8049B201EB80010F
:10E02000039879814FEAE272C2EB69124FEA102B32
:10E030004FEA1E290398CDF81090F873029887F8DC
:10E0400010B04FEA23294FEA1C2C8CBF4FF0330845
:10E050004FF0320878720498BA817B74387287F86E
:10E06000129087F814C087F81B80F9F75FFC8AFBD1
:10E070000032C317C3EB621303F5FA73534A83F3F9
:10E08000100312887B75C3F30721B9753A77C4F87A
:10E0900074537AE44E4A94F8F034C4F8EC5412F80D
:10E0A000038018F0010F40F0A68218F0020F40F034
:10E0B0000C8218F0040F40F0618218F0080F40F055
:10E0C000C28194F8F03431780133B3FBF1F201FBF3
:10E0D000123384F8F0341CE63E4B1B68002B3FF4EF
:10E0E00049ACD4F868333C4AEB1A93427FF742AC10
:10E0F0003A4F94F86C333A68C4F868530133910787
:10E1000084F86C3301F1C98212F0340F41F09C8223
:10E1100094F86C33120701F1A68213F0070801F09E
:10E120000982282B01F097832D4B5E201B689847AE
:10E1300020E4DFF8C480D8F8000000283FF47CAC6D
:10E140004FF0000A8DF868A009F098F9F8B1254F52
:10E15000D8F8000009F08AF983B27E2B00F0AC8079
:10E160007A78002A6BD194F88B13002946D01B2BA8
:10E1700084F88B237DD00D2B00F08E80D8F8000022
:10E1800087F8019009F07AF90028E1D100201CAA53
:10E190001AA9E5F751FE4FE4807900205C79002050
:10E1A00084190020CDCCCCCCBC7900206766666693
:10E1B00058790020848200206BCA5F6B806967FFFA
:10E1C00083DE1B43D34D621040420F007C80002051
:10E1D000B88200205479002047E8010060760020D2
:10E1E000687600209C060020588200201F85EB5195
:10E1F000605600205A790020C87C00207D2B00F05A
:10E200008D8094F88E2322B180F02003DBB284F855
:10E210008E1394F88A23062A18D8B4F88C13D8F8E9
:10E2200000001944A4F88C13A118013281F84C3273
:10E2300084F88A2309F022F9002889D1A6E7D8F8C2
:10E24000000009F01BF9002882D19FE7B4F88C2365
:10E2500087F801901344C3F3072252FA83F3FF2B8C
:10E26000A4F88C33EBD1D8F8000009F007F9AE48D8
:10E270008DE7D8F8000009F001F900287FF47EAF9F
:10E28000D8F800008DF8689087F8019009F0F6F84A
:10E2900000287FF45DAF79E7D8F80000A4F88C235C
:10E2A00009F0ECF800287FF453AF6FE7F0F76EFD4C
:10E2B000C4F86453FFF759BBD8F800008DF868A084
:10E2C00084F88AA384F88B9387F801A009F0D6F824
:10E2D00000287FF43DAF59E707F0F8F9934B1B682E
:10E2E000C01A40F6B833984200F2C481DFF8848245
:10E2F00098F804303A2B01F04D80002389F8003063
:10E3000075E48B4B186809F0ADF800283FF46FAC4A
:10E3100002220023B27089F8003068E4D8F80000C7
:10E3200084F88E9309F0AAF800287FF411AF2DE746
:10E33000E6F722FC01233B70FFF754BB94F88813E7
:10E3400094F889337B484A1C6CE57B4B1B88580644
:10E3500001F1CF81990601F1C5825A0701F1398394
:10E3600013F0020F14BF4FF0080B4FF0000B734A6D
:10E37000734B92F80080DB7808F001080BB148F08D
:10E3800002085320E5F73EFD6E4B1B8803EB830329
:10E39000580080B2E5F71AFD6B4B986880F31000C7
:10E3A00080B2E5F713FDF2F78FFB684BC0EB00205E
:10E3B000984201F39B81664B83FB00230344C11702
:10E3C000C1EB6321C9B23868029109F07DF89AF86F
:10E3D0000030029938684B404BEA080800218AF85F
:10E3E000003009F071F83868414609F06DF89AF884
:10E3F0000010386888EA01085FFA88F18AF800108E
:10E4000009F062F8FFF7A4BB2D23FB763FE6C4F8C2
:10E410007C5387F800A0FFF7E5BA4E4B3A681B78AB
:10E42000C4F87823013B012B41F2E8814A4B1B7869
:10E43000013B012B3FF63DAD1622012389F8022056
:10E4400089F8043035E5454A454B17681D93892204
:10E4500003F8182C17F40068A3F117031C932CD1B0
:10E46000C24617F0040941F0278217F0080141F075
:10E4700017823C4B0C225A7027229A701CA8033337
:10E480001C930EF06DF849461CA80EF069F81C9B11
:10E490005A1C1C921CA883F8008000210EF060F822
:10E4A0001CA800210EF05CF81C9B5A1C1C921CA896
:10E4B00083F800A0E8F780F903E62B4B1B6A13F4FE
:10E4C000006341F08C829846CAE7254BDFF8A8909C
:10E4D0001D931CAF40F68942252123F8182C03F820
:10E4E000161CA3F11502D9F800101C9238460EF044
:10E4F0001FF8D9F8041038460EF01AF81B4BD9F85B
:10E5000008201B7813F0020106D0194B83FB02137D
:10E51000D117C1EB631189B238460EF021F83846A5
:10E52000E8F74AF9C5E500BF14E400207CA5002007
:10E53000ECAF0020D47C0020CA790020C8790020EC
:10E54000F07F002080790020BC790020FFFE0300CE
:10E55000030820807EC80020F8C8002060760020D4
:10E5600060810020488100205C79002058790020DB
:10E570001F85EB5100A9002060560020B64BDFF844
:10E5800018931D931CAF40F68942262123F8182CBE
:10E5900003F8161CA3F11502B9F80E101C923846A8
:10E5A0000DF0DEFFB9F8101038460DF0D9FF1C9BB6
:10E5B00099F81410A94A581C1C9019701188A84B7E
:10E5C000A3FB01313846C9080DF0CAFFA54B3846F8
:10E5D00019880DF0C5FFA44B1B78C3F34002D9077F
:10E5E0001C9B48BF42F00202591C1C9138461A700D
:10E5F000E8F7E2F861E5984B9C4A1D9340F68941A3
:10E6000023F8181CD27A232103F8161C153B1C93FF
:10E61000002A01F07280FAF791F91CAF01463846E2
:10E620000DF09EFFDFF874923846B9F800100DF037
:10E6300097FFD9F808308E49DA1781FB0313C2EB34
:10E64000A30399B238460DF08BFF1C9B0022591C86
:10E650001C911A701C9B591C1C911A701C9B591CF4
:10E660001C911A701C9B591C1C9138461A70E8F7B3
:10E67000A3F81AE5B4F8963300220133A4F89633D0
:10E6800089F80020FFF7B3BAE6F786FAFFF7C6B9B4
:10E6900094F8E7645EBBDFF808B2DBF860306BB378
:10E6A000DFF8D091DFF8FCA10EE001373E44EFF334
:10E6B0001183502282F31288DBF86020964281F2A7
:10E6C000A580DBB283F311881BF80670701C3946F5
:10E6D00058440022E5F74CFA0028E6D099F80030BB
:10E6E000002B01F09D80012384F8E734DDE7614BC6
:10E6F0001B78002B01F08F8294F8E76488F80060A3
:10E70000C4F8E854FFF7B9BA5B4E5C4B0093A6F12E
:10E710003F014FF0C80ACDE91A16594B594A5A49D8
:10E7200006F840AC1CA811F055FBDDF8689009F123
:10E7300001031A9389F800701A9B2922591C1A9117
:10E740001A701A9BEA22591C1A911A701A9B5A1CA9
:10E750001A921CA91AA883F800A00DF095FE0C26A9
:10E760001A9B013E03F101021A921F70F8D11A9B05
:10E770005A1C1A921E701A9B0122591C1A911A7067
:10E780001A9BA3EB09031AA889F80030E8F730F8C0
:10E79000B4E73E4ADFF810E13548B2F90030DEF860
:10E7A00000E0CDF870E0B2F90410B2F902209FED5C
:10E7B000386A84F859C280FB03E8DB17C3EBA8036F
:10E7C00080FB019E1BB280FB0280C917D217C1EBF0
:10E7D000AE0107EE903AA2EBA00307EE103A0BB29F
:10E7E00006EE903AF8EEE77AB8EEC77AF8EEE66A07
:10E7F00067EE867A27EE067A66EE866A002720970D
:10E8000021972297CDED1D7A8DED1E7ACDED1F6AF1
:10E810000DF1700EBEE80F001E4F94F8B68384F819
:10E820005882BC46ACE80F009EE8070041F6C8637A
:10E830008CE8070008F1010041F6FE42052184F84A
:10E84000B603A4F85622A4F85A32381F84F8AE133F
:10E850001C224FF6FF732BE0608100205A790020C4
:10E86000CDCCCCCC7C800020587900205C79002075
:10E8700067666666FC810020BC810020E3AB002057
:10E880009C2505086C220508DC2C0508145A00207C
:10E8900035FA8E3C24E4002060560020BC7900202C
:10E8A000C0820020AD6C01088419002010F8012BF3
:10E8B0005A4082EA0212D2B2110981EA132343EAD2
:10E8C0000223B84283EAC203F0D1B44FA4F8543211
:10E8D00007F11C0117F8012B5A4082EA0212D2B24A
:10E8E000100980EA132383EA022383EAC20293B267
:10E8F0008F42A4F8543212B2ECD182F0270282EA9D
:10E900000212D2B2110981EA132383EA022383EAB5
:10E91000C2020FFA82F9DFF89482A4F85492A4F8A4
:10E92000789204F2562C04F2762EDCF80000DCF823
:10E930000410DCF80820DCF80C3047460FC70CF157
:10E94000100CF445B846F0D1954FBCF80030A8F84B
:10E95000003007F12408A4F8029417F8011F30686A
:10E9600008F0B2FDB845F8D1FFF774B98D4B1B68BC
:10E970001922980684F8AA237FF562A98A4BDFF84A
:10E9800034821B78990740F1C08798F81430052B22
:10E9900034BF4FF002094FF0030906F097FEB8F8B4
:10E9A0001030D8F80820B8F80EA098F814E08DF8C8
:10E9B0008C9003EB83035B00ADF88A3002EB82029C
:10E9C000D8F800301E935200D8F80430ADF888A073
:10E9D0004FF0000C4FF0FF311CAF8DF88DE01C9014
:10E9E00020921F93CDF874C02191BA46BAE80F0067
:10E9F000DFF8A8E1F146A9E80F009AE80F00A9E8BE
:10EA0000070041F6FE62A9F80030A4F8562294F8F7
:10EA1000B63384F85832AEF104021046591C059200
:10EA200041F6C802A4F85A2284F859C2814684F8F3
:10EA3000B613CDF80CE01E224FF6FF7301E019F873
:10EA4000012B5A4082EA0212D2B2110981EA132341
:10EA500043EA0223CE4583EAC203F0D14F49A4F82A
:10EA6000543201F11E0011F8012B5A4082EA0212C1
:10EA7000D2B24FEA121C8CEA132383EA022383EA00
:10EA8000C20293B28142A4F8543212B2EBD182F0A6
:10EA9000180282EA0212D2B2110981EA132383EA30
:10EAA00002234249049183EAC20213B20693A4F8F6
:10EAB0005432A4F87A328B4604F2562C04F2762AA9
:10EAC000DCF80000DCF80410DCF80820DCF80C307E
:10EAD000DE46AEE80F000CF1100CD445F346EFD142
:10EAE000DCF80000CEF80000DFF8B4A0069BA4F824
:10EAF0000434D3461BF8011F306808F0E5FC2C4BAA
:10EB00005B45F7D106F0E2FDD8F80830D8F80010E0
:10EB1000D8F80420099103EB83035B000792089364
:10EB20000690F8F703FF804608EB8808E5F7FCF845
:10EB3000069B1C934FEA48022092089B0999079A6A
:10EB40001F934FF0000BADF88A001D911E92CDF877
:10EB500084B0ADF888B0BE46BEE80F00DDF80CC04A
:10EB600094F8B68384F859B2ACE80F009EE8070029
:10EB700008F101038CE8070041F6FE4E42F2C8128C
:10EB8000A4F85A2284F8B633059984F85882A4F878
:10EB900056E21C224FF6FF7310E000BF24E4002071
:10EBA000A7E500206076002058790020A8E5002025
:10EBB000CDE500206056002011F8012B5A4082EA72
:10EBC0000212D2B2100980EA132343EA0223494514
:10EBD00083EAC203F0D1C548A4F8543200F11C0105
:10EBE00010F8012B5A4082EA0212D2B24FEA121CEC
:10EBF0008CEA132383EA022383EAC20293B2884297
:10EC0000A4F8543212B2EBD182F0680282EA021206
:10EC1000D2B2110981EA132383EA022383EAC202F2
:10EC200013B2DFF8DC820693A4F85432A4F87832E9
:10EC300004F2562C04F2762BDCF80000DCF8041009
:10EC4000DCF80820DCF80C30C646AEE80F000CF10A
:10EC5000100CDC45F046EFD1BCF80030AEF80030C7
:10EC6000049B03F12308069BA4F80234D3461BF847
:10EC7000011F306808F028FCC345F8D19C4B94F87C
:10EC8000B6C384F858C2D3E9002100231E931D9116
:10EC90001C9297E80700039F84F8593287E8070021
:10ECA00040F6FE410CF1010043F2C812A4F85612DE
:10ECB00084F8B6030599A4F85A220C234FF6FF777F
:10ECC00001E011F8013B7B4083EA0313DBB21A0930
:10ECD00082EA172242EA0322494582EAC307F0D1B9
:10ECE000824AA4F8547202F10C0112F8013B7B40F5
:10ECF00083EA0313DBB2180980EA172080EA0320B5
:10ED000080EAC3039FB28A42A4F854721BB2ECD1CA
:10ED100083F02703D4F85E22DFF8E4E1D4F856024A
:10ED2000D4F85A1283EA031CD4F862325FFA8CFCDE
:10ED3000AEE80F004FEA1C1888EA172383EA0C2379
:10ED4000049FB4F86622AEF8002083EACC031BB21D
:10ED5000A4F854321337A4F86832A4F8F2331AF83E
:10ED6000011F306808F0B0FB5745F8D1FEF768BFC7
:10ED7000604A614B90781B6804930A2384F8A73398
:10ED8000002840F0C68480468246834603460246F9
:10ED9000814603900746CDE90523F1F795FE5749D3
:10EDA000049B1C93C0EBC010400081FB0031014468
:10EDB000039BADF87430C017059A069BADF87690AA
:10EDC000C0EB61214FF0000CADF88080ADF882708F
:10EDD000ADF87820ADF87A30ADF87CB0ADF87EA013
:10EDE0008DF885108DF884C00DF17008B8E80F001B
:10EDF000DFF8F8E094F8B69384F859C277460FC765
:10EE000098E8030047F8040B42F2C83309F1010007
:10EE100041F2FE62398084F8589284F8B603AEF16C
:10EE20000401A4F856224FF6FF77A4F85A321623AD
:10EE300001E011F8013B7B4083EA0313DBB21A09BE
:10EE400082EA172242EA03228E4582EAC307F0D102
:10EE50002649A4F8547201F1160011F8013B7B40D9
:10EE600083EA0313DBB21A0982EA172282EA032239
:10EE700082EAC3039FB28142A4F854721BB2ECD160
:10EE800083F0F403D4F85602D4F85A12D4F85E2270
:10EE9000DFF86C8083EA031CD4F862325FFA8CFCE2
:10EEA000A8E80F004FEA1C1E8EEA172383EA0C2302
:10EEB000D4F86602D4F86A12D4F86E2283EACC033E
:10EEC0001BB2A8E80700A4F85432A4F8723204F286
:10EED000DF37A4F8FC3304F2FD3817F8011F30685F
:10EEE00008F0F2FAB845F8D1FEF7A2BE24E40020FB
:10EEF0007480002000410020841900200308208035
:10EF0000A8E500209B4B1B68192213F0080F49F657
:10EF1000074148F6034784F8A62318BF0F465A074F
:10EF200044BF47F4005747F008079B06924B1B78F5
:10EF300044BF47F4804747F02007022B40F2D684B5
:10EF400064234FF0FF394FF000084FF0000CCDE97B
:10EF50001C77CDE921CCC7F30902ADF87E80ADF86E
:10EF60007CC0ADF882C0ADF88CC01E92ADF8809028
:10EF70008DF88E300DF1700EBEE80F007F4F84F8D3
:10EF800059C2BC46ACE80F009EE80F00ACE8070091
:10EF900094F8B6832CF8023B41F6FE701B0C4FF43C
:10EFA000E47208F101018CF80030A4F85602A4F8CC
:10EFB0005A22381F84F858821F2284F8B6134FF65D
:10EFC000FF7301E010F8012B5A4082EA0212D2B21C
:10EFD000110981EA132343EA0223874283EAC20329
:10EFE000F0D16648A4F8543200F11F0710F8012B45
:10EFF0005A4082EA0212D2B2110981EA132383EA4B
:10F00000022383EAC20293B2B842A4F8543212B285
:10F01000ECD182F07C0282EA0212D2B24FEA1218DC
:10F0200088EA132383EA022888EAC20293B24FEAED
:10F0300013295FFA82F8DFF85CE1A4F8543284F80F
:10F040007C9284F87B8204F2562C04F2762ADCF857
:10F050000000DCF80410DCF80820DCF80C307746FF
:10F060000FC70CF1100CD445BE46F0D1DCF80000FF
:10F070003860434F9CF804308EF8043007F1270ABB
:10F0800084F8058484F8069417F8011F306808F0A6
:10F090001BFABA45F8D1FEF7C3BD364B1B680522F3
:10F0A00084F8AF239A0640F1CF83364BDFED367AF2
:10F0B000DB8908EE903AF8EEE88A68EEA78AF8F75E
:10F0C00035FC08EE100AE4F72FFE304B304FD3ED3D
:10F0D000047A9FED2D7AADF88000FDEEE77A642288
:10F0E00017EE903AB3F5FA6FA8BF4FF4FA63B3F591
:10F0F0007A7FB8BF4FF47A73F8EEC87AA3F57A73C3
:10F1000002FB03F3A7FB032367EE877A0021C3F317
:10F110008F131CAFCDED1D8ACDED1E7AADF8823078
:10F120001C911F91BC46BCE80F00DFF850E0DCF8F2
:10F13000009094F8B68384F85882F446ACE80F0047
:10F14000AEF1040A08F1010341F2FE40002144F649
:10F15000C822CCF8009084F8B633D046CDF80CE045
:10F16000A4F8560284F85912A4F85A2214234FF630
:10F17000FF7C13E060760020ED7F002024E4002077
:10F18000A7E50020605600200AD7233C9C7F002082
:10F19000D34D6210A8E5002018F8013B83EA0C0368
:10F1A00083EA0313DBB21A0982EA1C2242EA032231
:10F1B000C64582EAC30CEFD18D4AA4F854C202F1CD
:10F1C000140112F8013B83EA0C0383EA0313DBB258
:10F1D000180980EA1C2080EA032080EAC3031FFA92
:10F1E00083FC8A42A4F854C21BB2EAD19946814BEF
:10F1F000D4F85602D4F85A12D4F85E22DFF8F4E1BB
:10F200000493D4F862320595AEE80F0089F0140932
:10F2100089EA0913DBB24FEA1319D4F86A12D4F859
:10F220006602B4F86E2289EA1C2CAEE803008CEA70
:10F23000032C8CEAC30319B204F2DF3904F2FB3366
:10F24000AEF80020A4F85412A4F87012CB46A4F82B
:10F25000FA131D461BF8011F306808F035F95D45AB
:10F26000F8D1654B059D1B78DB0740F1E182634BCC
:10F27000634A1B88D27803F02603002B15BF0023B6
:10F280000123D020C020002A14BF0521042104221C
:10F290001C9303238DF878308DF876008DF8771065
:10F2A000ADF8742097E80700039B03C394F8B613E6
:10F2B0001A704F1C0022C82340F6FE1084F8592211
:10F2C000A4F85A3284F8581284F8B673A4F8560297
:10F2D00009224FF6FF7301E01AF8012B5A4082EA27
:10F2E0000212D2B2110981EA132343EA0223D04564
:10F2F00083EAC203F0D13E49A4F8543201F1090077
:10F3000011F8012B5A4082EA0212D2B2170987EA99
:10F31000132383EA022383EAC20293B28142A4F850
:10F32000543212B2ECD182F0320282EA0217FFB2FA
:10F330004FEA171ED4F85602D4F85A12D4F85E22B7
:10F34000DFF8B0C08EEA1323ACE8070083EA072396
:10F3500083EAC70399B2049FB4F862E294F86402A6
:10F36000ACF800E00A0ADBB28CF80200A4F85412F0
:10F37000103784F8662284F8653284F8F02384F824
:10F38000EF3319F8011F306808F09EF84F45F8D1A7
:10F39000FEF768BC98F802104046F2F7C7FF002855
:10F3A0007EF4ABAF174B186808F068F800287EF4BD
:10F3B00019AC154F98F8033094F89823039208EE8F
:10F3C000103AFB780422BA70002B00F0478497F8BB
:10F3D00004800E4ADFF838B008F101085FFA88F3BC
:10F3E00003EB43035FFA88F802EB830A1BE000BFDC
:10F3F00024E40020A8E50020C8790020CA79002074
:10F40000F07F0020ECAF00209C06002018DF0408ED
:10F41000CC7C002011F096FC90B99AF80830FF2BB4
:10F420000AF10C0A0CD05FFA88F3152B41465846B6
:10F430003B7108F10108EDD9162B04BF00233B7185
:10F440003A79DE4BDE4902914FF00C0B0BFB023B8D
:10F4500001F1060ADBF8081005920846049119F03C
:10F4600071FEDBF80CB08046584619F06BFE5FFA6F
:10F4700088F8029B059A0499844658FA80F008306F
:10F48000D87122F00F00987202F00F020CEBC80046
:10F490005A739873424603F10F005FFA8CF304939A
:10F4A0001CF0EEFA049B08F109001A465946504434
:10F4B0001CF0E6FA029AD37903F10108C3B1013BCB
:10F4C00002F1070CDFF824E35CFA83FC50460023CA
:10F4D00010F8012F5A409300D10883EA420301F04B
:10F4E000180153404EFA01F253408445DBB2EFD18C
:10F4F00008F80A3018EE100ADBF720FD97F80380B1
:10F5000008F1FF385FFA88F887F80380B8F1000F38
:10F5100000F06B85039E029BA9499A78A94B186855
:10F5200007F0B0FF032384F89863BB7089F80030BC
:10F53000FEF75DBBFF20E4F72DF9002800F04582BF
:10F540000378FF2B00F0438290F90110DFF8A0B29E
:10F550000220E5F73FFB9C4B9FED9C7AD3ED007AB0
:10F56000F4EEC77AF1EE10FAB8BFF0EE477AFDEE8E
:10F57000E77A032017EE903A19B2E5F72BFB9BF8D8
:10F580000930002B40F0D7813B689F0640F19D81F8
:10F59000DFF84892D9F82030980400F13C82DFF877
:10F5A00054825A0500F18882B8F8123094F86C231E
:10F5B00098F81410B3F5967F06D9170704D442F2D1
:10F5C0000F719942A8BF194699F80730002B40F0F7
:10F5D0000482A1F1200307EE903A9FED7D7AF8EEC8
:10F5E000E77AF6EE006A67EE877ABEEE007AF5EE0D
:10F5F000C07AF1EE10FA58BFB0EE667A77EE877AED
:10F60000FDEEE77A17EE903A19B20520E5F7E2FA37
:10F61000D9F82030D80400F1248294F86C33FEF736
:10F6200080BD8A2800F075818E287EF4DBA999F8C8
:10F630000030002B7EF4D4AB664B674A1A602D2352
:10F6400084F88033FEF7D6B9DFF89091D9F82030EE
:10F650001B0500F1B38194F86C33980700F08D819D
:10F660003A68FEF757BD5D4A126A90057EF555ADC2
:10F6700013F003087EF451AD594A0A23B2F904107D
:10F6800091FBF3F11420E5F7A5FA41461C20E5F7BC
:10F69000A1FA94F86C33FEF740BD504B1B6A13F08F
:10F6A000700F3EF431ADDFF850914FF02408A9F10E
:10F6B000480AF9EC017A9AED007A67EE877A4046BB
:10F6C000FDEEE77A08F1010817EE903AC3EB43111B
:10F6D00003EB8103D90009B25FFA88F8E5F77AFAFB
:10F6E000B8F1270FE5D13A68FEF70EBDFF21FEF70E
:10F6F0006ABE4FF0240BFEF73ABE3A4B1CAF198896
:10F7000038460CF02DFFFEF78DBF07F0A7FEFEF781
:10F710007FB93549D1ED007AFCEEE77A012817EE82
:10F72000903A9BB2039340F26D84D1ED017AFCEEE6
:10F73000E77A022817EE903A1FFA83F900F0648204
:10F74000D1ED027AFCEEE77A032817EE903A9AB2EE
:10F7500000F06C84D1ED037AFCEEE77A042817EE12
:10F76000903A9BB200F05D84D1ED047AFCEEE77A2A
:10F77000052817EE90CA1FFA8CFB00F04E84D1EDDD
:10F78000057AFCEEE77A062817EE90CA1FFA8CFA83
:10F7900000F04084D1ED067AFCEEE77A072817EEF8
:10F7A00090CA1FFA8CF83FF4F6AAD1ED077AFCEE66
:10F7B000E77A17EE901A8FB2FFF7EDBA10DF040860
:10F7C00078560020ECAF0020947C00200000000060
:10F7D000E4380E3FDC7C0020588200205C79002059
:10F7E000145A0020807900209C7F00200007090E19
:10F7F0009C79002060560020147A002010220223F9
:10F8000089F8022089F80430FEF753BB002294F8EF
:10F81000E764CBF86020DBB283F31188FEF76EBF9C
:10F8200051463A20E4F7F4F884F8E704FEF73DBFC8
:10F83000B64B1B8803F02603002B15BF00230123C2
:10F8400050204020032122E5DFEDB18A37E44FF05C
:10F85000010BFEF74AB9AF4BAF4A1F68AF4BA2FB93
:10F860000727BF09A3FB07284FEA5818A3FB082363
:10F870005B09C3EB0313A8EB83010902C8EB08186B
:10F88000002309B21720A7EB880884F86C33E5F74A
:10F89000A1F90FFA88F11820E5F79CF9FEF744BCAE
:10F8A0009F4B1B6A13F400731DBF9E4B4AF0010A65
:10F8B00099881946FEF7DDBD994B1B6A13F48063E6
:10F8C00040F095809946FEF7D0BD1A077FF5A5AEAA
:10F8D000954B93E803001CAB83E803001846E5F75B
:10F8E0008FF99AE64FF0140BFEF741BD8F4B5A7A11
:10F8F000002A40F0F7809B7A002B40F09A819846CE
:10F900004FF0FF396423FFF720BB4FF00109FFF7E9
:10F9100044B8874B1B6899067EF564A899F80030B7
:10F92000002B7EF45DAA834B834A1A602D2384F852
:10F930008033FEF75FB8DFF8E891D9F82030D907B7
:10F9400000F10C819BF80A30002B3FF41DAED9F872
:10F9500020309A0700F17481D9F820305B077FF5D9
:10F9600013AEBBF80C30002B00F03983F8F7F2FF30
:10F9700001B20420E5F72EF906E6D9F8202051055A
:10F980007FF56EAEF7F7D2FF6C4BD4F868134FF0EB
:10F99000640A99428CBF81464FF00009102099FB00
:10F9A000FAF80FFA88F1E5F715F90AFB189109B290
:10F9B0002120E5F70FF994F86C3351E6F7F7A6FF2D
:10F9C00001463020E5F706F945E60146BEE5414629
:10F9D000BCE54FF00C0BFEF7CABC09B215E6F7F711
:10F9E00095FF4FF0040A5FFA80F8FEF73ABDF7F78B
:10F9F0009DFF534A534B9042A8BF104698424FF088
:10FA00006409B8BF18464AF0020A90FBF9F01FFAE1
:10FA100080F9FEF72ABD4C4ADFF83C811278910745
:10FA200040F10181B8F80E10484B4FF4F3671120F4
:10FA300007FB01F1B1FBF3F109B2E5F7CBF8B8F838
:10FA40000E30642107FB03F3B3FBF1F3B3FBF1F2D8
:10FA500001FB123109B21920E5F7BCF8D9F82030C2
:10FA60009FE5394B1A7800239107CDE91A3300F14D
:10FA7000C08094F87033012B00F0BB80B9F90030DE
:10FA8000DFED336A07EE103AB9F9023007EE903A2B
:10FA9000B8EEC77AF8EEE77A27EE267A67EEA67A0E
:10FAA000BDEEC77AFDEEE77A1CA88DED1C7ACDED90
:10FAB0001D7AE5F7A5F8B0E5234B1B789B0740F1CD
:10FAC000B580D8F808A04FF0640B01209AFBFBF733
:10FAD00039B2E5F77FF80BFB17A109B20920E5F76A
:10FAE00079F861E51B499A7A0B8803EB83034FEAA7
:10FAF00043081FFA88F8002A40F0AC804FF0FF3925
:10FB0000F8F728FF43B2FFF720BA00BFCA790020F8
:10FB10000000000084190020D34D62108988888875
:10FB20005C790020145A002010DF04089C79002022
:10FB300060760020DC7C0020848200203F4B4C005B
:10FB400000D43000002CCFFF58790020A08601009F
:10FB50000050C3478079002060560020DFF8E8A3FA
:10FB6000DFF8C4839AF80020002A40F0248213466C
:10FB7000110189B241EA0321C3F30323194309B2F6
:10FB80000620A4F86E23E5F725F8B4F86E1399F86B
:10FB90000800B8F800309AF800200131012803F17C
:10FBA00005034FF00A0CA4F86E13B3FBFCF399F8AD
:10FBB0000B0099B200F0F58101EB81031FFA83F885
:10FBC00010B10AB1B8FBF2F864233A20B8FBF3FA9B
:10FBD0000FFA8AF1E4F7FEFF642303FB1A8189B26E
:10FBE0000A2305313B20B1FBF3F109B2E4F7F2FF40
:10FBF000A8E6D8E9002301211AA8CDE91A2384F840
:10FC00007013E4F7FDFF08E5B846BA46BB463B462D
:10FC10003A46FFF7C0B8C0493A20E3F7F9FE84F846
:10FC2000E704FEF769BD5B057FF5BEAC4FF0000A47
:10FC300049E7BA4B9046B3F900906423FFF785B9C2
:10FC4000B64A0A23116891FBF3F1282009B2E4F7C0
:10FC5000C1FF81E6B14BB3F9009051E7B04BDFF83B
:10FC6000EC829A8993ED147AD3ED137A93ED125ABC
:10FC7000AC48AD4B029006EE102AB8EEC66AA74A11
:10FC8000AA48166892681892C7EE066AD8F8082043
:10FC90001392B8F8102004961292A54EB8F80E20D0
:10FCA0000F9298F81420B3F800A00A92A14BB6F96D
:10FCB0000020119287EE867A0288D8F804C010924C
:10FCC000B3F90420D8F800E00992B3F902200892B1
:10FCD000B3F90030984907934FEA6C424FEA6E46F9
:10FCE000C5EE067ABCF1000F8EEAEE7302F4804294
:10FCF000B8BFCCF1000CA3EBEE73BCFBF1F006F443
:10FD0000804E024301FB10C8039EB3FBF1FC42F49A
:10FD1000005201FB1C33DFED895ADFF834B24EEAA2
:10FD20000C0C062092B21FFA8CF166EEA56A06F062
:10FD3000F0060C9200FB03F30E9100FB08F204990D
:10FD4000DFF8FC8119954FF47A70B3FBF0F39BB2A6
:10FD500006F1100EFDEEE66A0D93B2FBF0F293B2DF
:10FD60000AFB01F127EE257A0B930AF1050A91FBB4
:10FD7000F0F306930A23BAFBF3F317935FFA8EF3BB
:10FD8000059316EE903ABDEEC77A1BB267EEA57AE0
:10FD9000169317EE103AFDEEE77A1BB2159317EEA5
:10FDA000903A08F8036C1BB2039E1493059BB34270
:10FDB0005CD906EB46030BEB8303C2461D7C731E26
:10FDC00045EA06120AF8012B142B00F20581DFE840
:10FDD00013F0DD00E200DF00DB00D900D700D50022
:10FDE000D300D000CE00C500990097009500930085
:10FDF000030191008F008D008B00150016980BEB0E
:10FE00000502034692F81021012A0CD9023AD0B219
:10FE1000821C9044524602F8013B42454FEA1323AC
:10FE2000F9D101308244092D00F0B7800C2202FB89
:10FE300006B203F09F03527C0AF1010813438AF8CB
:10FE400000303046E4F74AFE039B834206460DD25B
:10FE500000EB40030BEB8303394A1B7C5B44A8EBAC
:10FE6000020293F810311344102B9FDD344B02989B
:10FE7000199DDFF8E0A0A8EB0303DBB29A1DD2B214
:10FE800042F04001C17102F1010EC2B10AF101025A
:10FE90000533DFF8C48052FA83F3D44600221CF8FD
:10FEA000011F51408A00C80882EA410200F0180090
:10FEB0004A4048FA00F14A406345D2B2EFD118EE09
:10FEC000100A0EF80A20DBF739F87B79002B7FF453
:10FED00022AB1C4B1B6899067FF51DABE4F7F2FDC6
:10FEE00001237B71FFF717BB159888E7149886E705
:10FEF000139884E7129882E7119880E710987EE7BC
:10FF00000F987CE70D9BA4F89C330E9BA4F89E33BE
:10FF1000D4F89C0373E700BFAD6C0108BC790020E6
:10FF2000CC79002078560020807900205A79002072
:10FF30007C800020145A00208096980000007A44AB
:10FF400085560020607600209AA50020605600208B
:10FF500010DF04087E5600200007090E0B9BA4F852
:10FF60009C330C9BA4F89E33D4F89C0347E70A9873
:10FF700045E7F7F7CBFC42E7099840E708983EE7EA
:10FF800007983CE706983AE7189838E7179836E755
:10FF9000F7F7CCFC33E7049831E7DBB20AF101084C
:10FFA0004DE718B112B1B3FBF2F399B209B239209F
:10FFB000E4F710FEC6E4B4F86E03B8F80030B0FB06
:10FFC000F2F14FF0640C02FB11010CFB0323500013
:10FFD0008AB2B3FBF0F3CBE54FF0FF300FE7164BDF
:10FFE000996881F3100109B2C3E43368134A180613
:10FFF00016787FF590AA4046E4F78AFD87F80580D9
:020000040803EF
:10000000FFF789BAB846BA46BB463B463A46B946B8
:10001000FEF7C1BEB846FEF7BEBEB846BA46FEF70A
:10002000BABEB846BA46BB46FEF7B5BEB846BA46F3
:10003000BB463B46FEF7AFBEBC790020D07C00201B
:100040005C4B1B681B0700D4704770B504465A48C8
:10005000D8F79EFD00286DD1584E594D736805F5AF
:100060009F6130469847002864D0B5F9F83496F877
:10007000AC1006EE903AB5F9FA3407EE103AB5F93D
:10008000FC34504D07EE903AF8EEE66AB8EEC77AC7
:10009000F8EEE77A0929C5ED006A85ED017AC5ED2C
:1000A000027A51D02846EEF701FF474B1B7823B365
:1000B000464B95ED005AB3F9082095ED016A95ED90
:1000C000027A05EE902AB3F90A20B3F90C3006EE55
:1000D000902A07EE903AF8EEE55AF8EEE66AF8EE66
:1000E000E77A75EE655A76EE666A77EE677AC5ED61
:1000F000005AC5ED016AC5ED027A354B1868B8B1F2
:10010000344A201A904225D9334A344834490024CD
:10011000951D1C6032F9023B30F9024B234403EB7E
:10012000D3735B10AA4221F8023BF3D110F0CEFD4D
:100130002C4A04E02C4B01221A704FF47A722B4B9C
:100140001B681B681A6170BD06F1B0012846EEF706
:1001500005FFAAE7002007F005FA1A4A1E491F4BBF
:1001600002F10C0031F9024BF2EC017A07EE104A71
:10017000B8EEC77AFDEEE76AF4EEC77AF1EE10FA50
:1001800044BF16EE904A21F8024CB3F9004007EE46
:10019000104AB8EEC77AFDEEE76AF4EEC77AF1EEE0
:1001A00010FAC4BF16EE904A1C80904203F102037D
:1001B000D8D1BDE760760020383600202C360020EC
:1001C000C8E10020EC8D0020B0AC0020B8AA0020CF
:1001D000D0AA00207FC3C901D4AA0020DCAA002035
:1001E000C0AA0020A0860100AA8000201C76002062
:1001F0008F4B1B685B0700D470472DE9F04FDFF889
:100200006C928C4F99F80030BE79372B08BF8A4B1F
:1002100083B00446894808BF1E60D8F7B9FC00289F
:1002200040F0B380BB79DFF81482042B00F2F68033
:10023000DFE803F068847B8E0300D8F898304046EE
:100240009847002800F09B807D4DDFF824A2D8F865
:100250009C3005F5A06105F204509847D5F804B527
:10026000D5F80025BAF80030C8E9282B002B40F05B
:10027000948007EE90BA9FED730ADFED730A019246
:10028000F8EEE77A27EE800A1AF0CEF805F5A163BA
:10029000F7EE007A77EEC07A9FED6C7A93ED000A64
:1002A00097EE870A1AF03EF8019AC8F8A80098F865
:1002B0007C1099F80030002914BF02210521372B4A
:1002C000B97105D15C49D8F8A830CB60C1E9012BE0
:1002D000B8F87E9005F0FAF905EB8606BA79D6F8FB
:1002E0000C35001B984205EB8205594B88BFC6F8B8
:1002F0000C05D5F80C251A60B9F1000F34D103B004
:10030000BDE8F08FD8F8883040469847002836D0AE
:100310000123BB714FF47A79B8F87E304B4521D078
:100320004C4B474D01221A70D4E7D8F89030404624
:1003300098470323B8F88090BB71EDE7D8F88C306C
:1003400040469847D8B10223BB714FF47A79E3E76E
:10035000D8F894304046984788B10423BB714FF4D5
:100360007A79D9E7364DB5E74B460A2BB8BF0A2351
:10037000394A12681268136103B0BDE8F08F374B39
:1003800001221A704FF47A79C6E73249334A0123C1
:100390000B7013704FF47A73EAE73149088800F163
:1003A000010C8342A1F800C00ED92E4B07EE90BA83
:1003B00093ED007AF8EEE77A77EE877AC3ED007A6C
:1003C0000023C8F8A83072E726489FED1E7AD0EDCA
:1003D000006ADFED1D0A019207EE903AF8EEE77A27
:1003E00086EEA70A20EE070A1AF01EF8F7EE007A4A
:1003F00077EEC07A9FED157A1B481949019A67EE8E
:10040000877A05F5A1634FF0010CC3ED007A002354
:1004100080F800C00B80AAF80030D1E7D8F884300B
:10042000074D404698470023B8F87E90BB7151E7CE
:10043000607600209C060020B42200208035002039
:10044000C8E1002008942537B1DC423ED048874AF5
:100450001C860020AA8000201C760020AB80002093
:1004600084DF002088DF00207BC80020B02200202D
:100470007CC8002010B50A4C2378022B03D0012B36
:1004800008D0002010BDE0F75FF80028FAD12378EB
:10049000012BF6D1034B1868003818BF012010BD9E
:1004A00098870020AC87002008B50C4B19780129EB
:1004B0000BD002290DD041B105F008F9084B00F529
:1004C000F42000F59070186008BD002007F0D6F900
:1004D000F2E7002007F046F8EEE700BF52CB00201D
:1004E00054CB002010B50446204606F0BBFF00B1F7
:1004F00010BD0A2006F058FFF6E7094930B5002381
:100500000C2505FB03F462186458A04203D00133A4
:10051000092BF6D130BD0023C362C2E90033F9E7ED
:10052000FCDC002038B1036813EA020003D0194252
:1005300014BF01200020704738B1036813EA01009E
:1005400003D08B420CBF01200220704770B50C4CC9
:1005500000230C25092BDAB203D10A4B00201A70B4
:100560000AE05E1C6B4319191B5901321842D2B2C2
:1005700003D0044B08461A7070BD3346EAE700BF4B
:1005800040590020F4D0002010B5094A002311463C
:1005900092F90840844206D00133092B02F10C0283
:1005A000F6D1002010BD0C2000FB0310FAE700BFBD
:1005B000FCDC002008B50D4A1378FD2B10D0FE2B73
:1005C0000CD1537801209840FFF7C0FF30B190F96B
:1005D0000400FFF7D9FF08B1006808BD002008BD7E
:1005E00092F90100FFF7D0FFF5E700BFC8E1002056
:1005F00010B50446FFF7DEFF20B11CB121460022F2
:10060000DAF772F910BD2DE9F04F85B00546039178
:1006100017469846FFF7B8FFDDF838909DF83CA0E4
:100620009DF840B0064620B90024204605B0BDE83C
:10063000F08F4468002CF7D11E2D61D05BDC042DB7
:100640001DDC002DF1DB5B4652464946E8B217F04F
:10065000A9F904460028E7D0012280F8B021002241
:10066000C0E90722C0E90922C0E90B7880F804A09C
:10067000C0F8089080F805B015F0A6FD35E0142DFF
:10068000D3D11B2006F07CFF08B12923C3801C2096
:1006900006F076FF08B12923C380244CDBF714F859
:1006A000D4F88C3213B10023C4F88C320123204FCC
:1006B00084F874320023C4F888722370D8F7C2FC1F
:1006C0001C4B1D4A1978A7F13803012918BF13469E
:1006D0001C37C4F88C32C4F89472184CD8F78CFCD0
:1006E000174BC4F8243504F22454039B84F8385083
:1006F000C6E9004399E71F2D0ED0282DA3D094E71B
:100700002046CDE900AB4B4642463946F7F76EFF2F
:100710000446002CE9D187E7CDE900AB4B464246C1
:1007200039460120F7F762FF0446F2E7D8160020A9
:10073000DC0600209422002078000020C8E1002080
:100740002CE0040838B5094C251D14F8010BFF28CE
:1007500003D0F7F7E7F9014610B9AC42F5D1002113
:10076000BDE838401520F8F7E5BA00BF5841002031
:1007700016280CD8074B00EB400003EB800090F8E4
:100780004C0128B10123013803FA00F07047002022
:10079000704700BF10DF040810B5002007F030F8E4
:1007A000074B084A00241C701470FFF77DFE064BAF
:1007B000C3F87845A3F87C45C3F8804510BD00BF59
:1007C00052CB002018800020C8E1002000283BD038
:1007D0001E4B1B689B0310B5044603D51C4B1B78AE
:1007E000032B2CD00B20F7F70FFA034638BB01225E
:1007F0009442184908D00133172B03EB43021DD054
:1008000011F822209442F6D1134AD2F88005C8B1DB
:100810001249447803EB430001EB8001580091F842
:100820004D11A1420AD20B49034401EB830300217D
:10083000C2F88035A2F87C15C2F8781510BDBDE865
:100840001040A9E75800EEE7A6E700BF78DF0020D8
:10085000ED7F00205CE00408C8E1002010DF040800
:100860002DE9F84305460A20F7F7CEF9002868D0AD
:100870000A20FFF7ABFF714CD4F88065D6B1D4F8ED
:100880007835AB4200F29080DFF8F08198F80030C4
:1008900093B17368B4F87C75DB5D002B40F0898000
:1008A000002342F21072013702FB0355A4F87C7555
:1008B000C4F87855BDE8F883614B1B7813F0010349
:1008C00011D1604A1178002900F082805E4A01E06F
:1008D00099427DDDF2EC017AF5EE407AF1EE10FA04
:1008E00003F10103F4D0B4F87C757368DB5D002B71
:1008F000D6D03378554A013B12684FF0010909FA06
:1009000003F3134200F08D80514B01221A70FFF760
:10091000CBFD6FB933785A1F012A01D9162B07D1A5
:1009200004F0D4FE4B4BD4F88065B4F87C751860A5
:100930007368DB5DFE2B69D10023A4F87C35BDE82C
:10094000F883454B1B681F0695D51020F7F75CF917
:10095000002890D03D4B1B68DE058CD43F4B1B78A4
:100960009C0788D53E4B187D042884D93D4B40F622
:1009700005221A801F461A46052602230A2406E08D
:100980000233402B9670D47002F1020253D0C3F3AD
:1009900046018842F4D8591E32207854FF220E2096
:1009A000FA54FFF713FF66E72F4B01221A70BDE8D8
:1009B000F883002006F024FF254A0023137088F8EE
:1009C0000030FFF771FDD4F88065B4F87C75AFE7AF
:1009D00033780A2B20D0022B85D11C4A93689B07C1
:1009E00081D4224B22481B68EB1A83427FF67BAFEF
:1009F000204B1B68002B7FF476AF1F4812790560EF
:100A0000FF2008F099F9D4F880656CE7FF2B7FF49C
:100A100048AFBDE8F843BFE60C4A93689805E0D5B7
:100A200061E7484606F0ECFEB4F87C75D4F88065C2
:100A300088F8009068E73F21AEE700BFC8E10020DA
:100A4000C879002030790020A022002078DF002023
:100A500052CB002000880020FC550020587900204F
:100A60006056002068CB0020AB8000202CCB0020FB
:100A7000804F12005CCB002058CB00201880002053
:100A800042000B49402A70B428BF40224E1E00236A
:100A900002251424CD5402339342F454FAD300288F
:100AA00008BF0222FF238B540E2070BC8EE600BFCD
:100AB00068CB002010B5064C238823EA000098423A
:100AC000208003D00120FFF7DBFF2388184610BDEC
:100AD000CA79002010B5064C23881843984220801C
:100AE00003D00120FFF7CCFF2388184610BD00BFBC
:100AF000CA790020024A136823EA00001060704798
:100B0000AC7C0020024A136818431060704700BF95
:100B1000AC7C00202DE9F04F2DED028B99B0B1F99E
:100B20000880A2F80880B8F1820F00AF0C46924608
:100B300005461E4647DCB8F1530F5DDC4246013ADC
:100B400092B2372A00F24D8408F1FF33372B00F2BE
:100B5000A580DFE813F0E800FF0007011F01E301B3
:100B6000A300A300A300A300A300A300A300A3006D
:100B7000A300A300A300A300A300A300A300A3005D
:100B8000A300A300A300A300A300A300A300A3004D
:100B9000A300A3000002A300A300A3004702A30038
:100BA000A300A3004F02A300A300A300A300A3007F
:100BB000A300A300A300A300A300A300A300A3001D
:100BC000A300A3007602B8F1B80F00F02B84B8F1AF
:100BD000FE0F46D1BA4C04F1200554F8041F5046CC
:100BE0000BF0A6FCA54260D054F8041F50460BF051
:100BF0009FFCA542F1D158E0A8F154032E2B4DD80B
:100C0000DFE813F053024C004C004C004C004C0049
:100C10004C004C004C004C004C004C004C004C0074
:100C20004C004C004C004C004C004C004C004C0064
:100C30004C004C004C004C0063024C004C004C003B
:100C40004C004C004C004C004C004C004C004C0044
:100C50004C0090024C004C004C004C00BC020003C5
:100C60005600B8F1A00F42F0DE81964B104619688D
:100C70000BF05EFC944B504619680BF059FC934BFB
:100C8000504619680BF054FC012080466437AAF8DE
:100C90000A80BD46BDEC028BBDE8F08F5146404650
:100CA000FBF770F9002800F01E8301208046EDE775
:100CB000DAF80030864A874C1178874A874D581CED
:100CC000CAF800001970918950460BF049FC23883E
:100CD0008349DAF800200533A1FB0313DB08FF2B5F
:100CE000A8BFFF23511CCAF800101370A96881F334
:100CF000100189B250460BF033FC296801F30F0153
:100D000089B250460BF02CFCDAF80030754A591CB9
:100D10001278CAF800101A70504621880BF020FC97
:100D200001208046B2E7DAF800300022591CCAF8E8
:100D300000101A70DAF800300B22591CCAF80010A3
:100D40001A70DAF800300222591CCAF8001001208B
:100D50001A709BE75046644904220BF0B9FB01204E
:100D6000804693E7DAF800300422591CCAF80010D4
:100D70001A70DAF800300322591CCAF800101A70F1
:100D8000DAF800300022591C0120CAF80010804611
:100D90001A707BE70422554950460BF099FB00215D
:100DA00050460BF0DDFBDAF800300022591CCAF87F
:100DB00000101A700AF076FB4D4B197800280CBF12
:100DC00017223722032900F04083DAF8003049491E
:100DD000581CCAF800001A70DAF800300922581CB2
:100DE000CAF800001A7050460BF072FB424818F027
:100DF000A9F9DAF8003040490246581CCAF8000048
:100E00001A7050460BF052FB3C4818F09BF9DAF888
:100E100000303A490246581CCAF800001A70504681
:100E20000BF044FB364818F08DF9DAF800303449FD
:100E30000246581CCAF800001A7050460BF036FBE8
:100E40003049202250460BF043FBDAF800302E499F
:100E50002E4A5C1C0F20CAF800401870DAF80030E7
:100E6000897B581CCAF800001970118850460BF095
:100E700077FB274A274BB2F90A109B78B1FA81F128
:100E8000032B4FEA511104D9053B032B88BF41F0D6
:100E9000020150460BF04CFBDAF800301E4A581C99
:100EA00092F8B415CAF800001970DAF8003092F818
:100EB000B525591C0120CAF8001080461A70E5E6D5
:100EC000B02200209075FF1F9475FF1F9875FF1FBB
:100ED0009AA50020807900209C790020BC79002010
:100EE000CDCCCCCCED7F0020E82C0508E3AB002076
:100EF00000410020D0250508C4D100204CE7002087
:100F0000DCD100205CE70020DCAB00208441002025
:100F1000305A00204C4A0020C8E10020C1490B2271
:100F200050460BF0D5FAC049082250460BF0D0FAD3
:100F3000BE49072250460BF0CBFADAF80030BC4924
:100F4000581C0E22CAF8000050461A700BF0AEFA78
:100F5000012080469AE6B74CB7496288DAF800303B
:100F60000532A1FB0202C2F3C702581CCAF80000F6
:100F70001A702288DAF800300532A1FB0202C2F3AF
:100F8000C702581CCAF800001A70A388DAF80020BB
:100F90000533A1FB0313C3F3C703511CCAF80010A8
:100FA0001370A18950460BF0DBFADAF80030627A50
:100FB000591CCAF800101A70DAF80030A27A591CCD
:100FC000CAF800101A70618850460BF0C9FA2188DF
:100FD00050460BF0C5FA5046A1880BF0C1FA01202B
:100FE000804653E6954B504619680BF0A1FA012054
:100FF00080464BE6DAF80030914D01245A1CCAF8BD
:1010000000201C70DAF8003006221919CAF8001006
:101010001A70DAF800300A221919CAF800101A708A
:10102000DAF800301A19CAF800201C7029885046D6
:101030000BF096FA504669880BF092FAA0462046CB
:1010400024E6DAF800207F4B0120511CCAF800107A
:101050001070DAF8002005211418CAF80040117049
:10106000DAF800200A211418CAF800401170DAF8E2
:10107000002000211418CAF800401170DAF800208E
:1010800019781418CAF800401170DAF8002059785D
:101090001418CAF800401170DAF800209B78111873
:1010A000CAF8001080461370F0E5DAF8003000222C
:1010B000591CCAF800101A70DAF80030012019180B
:1010C000CAF8001080461A70E0E55F4C5A49238840
:1010D000DAF800205D4D0533A1FB0313DB08FF2B7D
:1010E00002F10101A8BFFF23CAF800101370A9681C
:1010F00081F3100189B250460BF032FAEFF7E4FCAD
:10110000014650460BF02CFA296801F30F0189B211
:1011100050460BF025FA504621880BF021FA0120A9
:101120008046B3E54A4CDAF800302278591CCAF8F8
:1011300000101A70DAF800306278591CCAF80010F2
:101140001A70618850460BF00BFAA18850460BF0DC
:1011500007FAE18850460BF003FADAF80030227AF9
:10116000591CCAF800101A70DAF80030627A591C5B
:101170000120CAF8001080461A7087E5354B1E78AA
:10118000023616F0FF063FF490AD334DDFF8A8802D
:10119000DFF8CCB0DFF8CC906B1E1E440A241BE0B5
:1011A000322C00F07081A4F13C00C0B2132840F250
:1011B0007181DAF80020531CCAF800300023147043
:1011C000DAF80020AE4202F10101CAF800101370F3
:1011D0003FF46BAD15F8014B0A2CE1D1B9F80020B2
:1011E000531DA8FB0313DB08DAF8001040F6FA10D1
:1011F00001F1010C8242CAF800C00C7040F25A8121
:10120000FF23DDE7134B1D78023515F0FF053FF492
:101210004CADDFF85490114E09F1FF331D444FF0EF
:101220000A0842E0F0250508E4250508DC25050844
:101230009C2505089C790020CDCCCCCC08D2002080
:1012400010C8002054C9002080790020BC790020FB
:10125000DC78002030790020593005086CC9002066
:1012600090C80020C4C8002059300508B8F1320FDA
:1012700000F0F580A8F13C00C0B2132840F21C81B8
:1012800000242146DAF800305A1CCAF800205046E3
:1012900083F800800BF064F9214650460BF060F9AA
:1012A000A9453FF402AD19F8018BB8F10A0FDDD161
:1012B000914A924B94681978106804EB84042129B0
:1012C0004FEA440400F004814FF6FF718C42A8BF3E
:1012D0000C468142A8BF014624EAE47421EAE17188
:1012E000A4B289B2CEE7B8F1770F01F048847FDD70
:1012F000B8F1E60F41F08D87D4E900239342FA61FB
:1013000000F0A980DAE90060A0EB060808F1FF38D8
:10131000B8F1000FFB623B635DDD07F13C0B07F1A9
:101320002C09002208EE10BAFB69CB46A9461546E7
:1013300004E0B8F1000F20DDDAF80400591C216048
:101340001B78DAF80060BB8659460023386418EE33
:10135000102A4846FE63FFF7DDFBDAF80010FB6B4E
:101360005B1A013303F0FF03B8EB0308D4E9003143
:101370005CBF0135EDB29942DBD1FA692260DAE94E
:10138000006329463B644D4629B3C7F818A0A94617
:1013900018EE102A4FF000088A46254600E0FE6B42
:1013A000FA61741C4FF00003FC6333702B68581C07
:1013B00028601B78BB86594600234846FFF7AAFBE6
:1013C000FB6BFA6908F101081C1BC2453470E6D1B9
:1013D000D7F818A0FE6BCAF800604FF0010840462D
:1013E00054E451464046FAF7CDFD00287FF45DAC49
:1013F000B8F1440F01F09B83B8F1740F40F0868080
:10140000D4E900329A421CBF5A1C2260504618BFD1
:1014100019783B4A08BF00214FF00108FAF7D2F8CB
:10142000404633E4374C104621680BF081F8DAF877
:1014300000302279591CCAF800101A705046A16871
:101440000BF076F80120804620E45B780D2B08BF76
:1014500042F04002B9E44FF0FF38404616E4D6E9C6
:10146000001404EB84044FF6FF7364009C42A8BF91
:101470001C469942A8BF194624EAE47421EAE171A6
:10148000A4B289B2FEE6BBF80020531DA8FB0313EB
:10149000DB08A9E6E2F77EF900283FF48AAE03787C
:1014A0000A2B41F23D83DAF80020531CCAF80030C1
:1014B00000231470DBB283E6E2F76CF900283FF4F6
:1014C000DFAE03780A2B3FF6DBAED0E90141C8E777
:1014D0004FF6FF739C42A8BF1C4683420A49D2685C
:1014E0008A60A8BF034624EAE47423EAE373C86071
:1014F000A4B299B2C6E600BFFCC80020B02200200A
:10150000BD73020878DF0020B4220020B8F1470F35
:1015100001F04683B8F1290F266801F07484B8F110
:10152000390F01F0BE84B8F1210F01F07D84D4F8A9
:101530000490B8F1FA0FA9EB060301F3C584B8F1E2
:101540000A0F41F33E85A8F10B08B8F1EF0F00F246
:101550005A81DFE818F0860A5801580158015801ED
:1015600058015801580158015801580158015801B3
:1015700058015801580158015801580158015801A3
:10158000580158015801A60A58019C0A5801D10A6D
:101590005801580158010F095801EB055801BF05C2
:1015A0005801700558015905580108055801BF0434
:1015B0005801580158015801B0045801A6045801B7
:1015C000580199045801580158015801580158010F
:1015D0008B0458017804580157045801100458012D
:1015E0005801F30358015801580158015801580196
:1015F000580158015801E50358019A035801D807CA
:101600005801A60758018B07580158015801580185
:101610005801580158015801580158015801580102
:1016200058015801580158015801580158015801F2
:1016300058015801580158015801580158015801E2
:1016400058015801580158015801580158015801D2
:1016500058015801580158015801580158014707CD
:10166000580115075801A50658015F0658012006C4
:1016700058015801580158015801580158015801A2
:101680005801580158015801580158015801580192
:10169000580158015801CD085801990858015801BE
:1016A0005801580158015801580158015801EB08D8
:1016B00058016F025802580158015801580145025B
:1016C00058013402580123025801580158015801A9
:1016D000CD019F011301580165011502F90158015F
:1016E00058015801030297015D015801F0005801AB
:1016F0005F0A5801350A2A0A160A050AB0098C0938
:1017000058014B09720358015801580158015801FA
:1017100058015801580158015801580158016303F4
:1017200058015801580158015801580148035801FF
:10173000E802CB02AD02CD4ACD4E002500E00135D6
:1017400011788D42204680F204810AF08BFEC94B4D
:10175000C64A196891F826E08046BEF1000FEED027
:10176000096AE8B28847C14AA8F57A710028E6D02C
:10177000B1F57A7F98BF26F81510E0E7BE4D002638
:101780004FF00A08D5F800B020460AF06BFE08FBBF
:1017900006F90BEB0903D5F800B0588120460AF092
:1017A00061FE0BEB0903D5F800B0988120460AF0E2
:1017B00059FE0BEB0903D5F800B0D88120460AF09A
:1017C00051FED9440136032EA9F81000DAD1D4E92C
:1017D00000239B1A002B0EDD00264FF00A09D5F8D6
:1017E000008020460AF03EFE09FB06880136032EE3
:1017F000A8F81200F3D128684FF00108F2F712FCA4
:101800004046FFF743BA4FF0FF384046FFF73EBA75
:10181000112B01F0B5844FF0FF384046FFF736BA80
:10182000DFF88882721CD8F80030226032785A7251
:1018300000252368D8F8006019465A1C22607219E6
:1018400011F8020B9072216059789173D91C2160B4
:101850009B78937420460AF005FE06EB4506013599
:10186000042D7083E5D12368D8F80020591C21602D
:101870001B7882F82A304FF00108F6F77FF84046CF
:10188000FFF704BA20464FF001080AF0EBFD40468E
:10189000FFF7FCB9731C23603378002B01F0A6849A
:1018A000E6F70CF92368754D5A1C22601B782B75DE
:1018B00020460AF0BFFD034620462B600AF0BAFD21
:1018C000034620466B600AF0CDFD6422034602FB0E
:1018D00003F32046AB600AF0C5FD694AE88113783E
:1018E0004FF0010843F0020313704046FFF7CEB9F2
:1018F000C3F34705122D8ED8002607F13C0804E0FB
:101900000AF0B0FD28F816000136AE422046F7DB9B
:101910005C4B2A461846002107F13C0404E034F8E9
:10192000116020F8026B0131A942F8DB002102E0CE
:1019300023F812100132122AFAD1534A0123984691
:1019400013701846FFF7A2B9504B1B78DC0741F122
:101950002A854FF001084046FFF798B9731C2360B1
:1019600096F900303078002BC1F24784062828BF52
:1019700000204FF0010809F0F7FE4046FFF786B956
:10198000424B1B78DD07E4D4414B4FF4C8724FF053
:101990000108A3F8A8204046FFF778B9731C23601C
:1019A0003578032D3FF637AF20460AF05BFD304B0C
:1019B0004FF0010823F815004046FFF767B9731C84
:1019C00023603578072D3FF626AF20460AF04AFD02
:1019D000304B4FF0010823F815004046FFF756B989
:1019E000731C236035781C2D3FF615AF20460AF096
:1019F00039FD294B03EB45034FF00108A3F8DC0048
:101A00004046FFF743B9731C244923600A783378B2
:101A1000002A41F0E78204220A70214A9B001380C9
:101A200003F054FE1F4B4FF00108C3F8BC074046BB
:101A3000FFF72CB920460AF0FDFCD4E900631A4DEB
:101A40009A1B002A286004DD721C226032782A71F9
:101A500026689B1B032B7FF77CAF20460AF0EAFC2D
:101A60004FF00108A8604046FFF710B93079002018
:101A70003CD100209C220020B47C00206056002035
:101A800013860020A8A40020CCA40020C879002040
:101A90000CAB002004B10020B0890020E4A6002097
:101AA000E6A60020C8E1002078DF0020B87C0020F6
:101AB000C54B1B78D8073FF5AEAEC44BC4491B6875
:101AC000C44A4FF0010881F80080990182F8008033
:101AD00001F19D82C04B02224FF001089A730EF073
:101AE000D1FF0AF0EDF94046FFF7D0B8BB4B93F8B1
:101AF000C237002B7FF48FAE30687168B268F3682C
:101B000007F13C040FC430697169B269F3694FF0A1
:101B100001080FC407F13C0003F08CFB03F054FCF8
:101B20004046FFF7B3B8DFF8B48298F8C037002B0F
:101B30007FF471AE06F10109C4F80090357807F121
:101B40003C0B142D2A464946A8BF1422584619F0CA
:101B500097FF142D01F2EE82236807F1600215440D
:101B60005E1C002205F8242C26601D7807F12C0944
:101B70000C2D2A463146A8BF0C22484619F080FF9A
:101B80000C2D01F2D182236807F1600215445E1C1E
:101B9000002205F8342C26601D78042D2A46314693
:101BA000A8BF042207F1240019F06AFF042D01F2F6
:101BB000B58207F160031D445846002305F83C3CFC
:101BC00003F06AFB484603F04FFB07F1240003F0E3
:101BD0007BFB98F8C137002B41F09C824FF0010845
:101BE0004046FFF753B820460AF024FC034620463F
:101BF0001C460AF037FC7A4B7A491E6802460023DD
:101C00004FF47A75C5FB0423921B63F100034FF078
:101C10000108C1E900234046FFF738B820460AF022
:101C200021FC714D03462046EB810AF01BFC4FF06E
:101C30000108A8814046FFF729B820460AF012FCA7
:101C40006A4D034620462B810AF00CFC03462046D1
:101C50006B810AF007FC03462046AB810AF002FCC8
:101C600003462046EB820AF0FDFB034620462B8309
:101C70000AF0F8FB034620466B830AF0F3FB4FF0B3
:101C80000108E8814046FFF701B83346721C584D01
:101C9000226013F8022B6A70236073786B752046FC
:101CA0000AF0E0FB2368E8805A1C22601B78AB75C1
:101CB00020460AF0D7FB034620462B810AF0D2FBD0
:101CC000034620466B810AF0CDFB03462046AB81DC
:101CD0000AF0C8FB03462046EB810AF0C3FB03462B
:101CE00020462B820AF0BEFB034620466B830AF097
:101CF000B9FB03462046AB830AF0C0FB20460AF03E
:101D0000B1FB20460AF0AEFB4FF0010820460AF076
:101D1000A9FB09F04FFDECF749FF4046FEF7B6BFBF
:101D200020460AF0ABFB2368324A591C21601B781D
:101D300013704FF001084046FEF7A8BF2E4B1B78EA
:101D4000012B3FF606AE3346721C22602B4D13F872
:101D5000022B2A70236073786B7020460AF082FB96
:101D6000034620466B800AF065FB4FF0010868606F
:101D70004046FEF78BBF731C236096F80080B8F1D5
:101D8000110F3FF648ADB31C23601D4D737805F865
:101D9000183020460AF066FB40F6CA039842A8BFF6
:101DA000184640F2EE23984205EB4805B8BF1846A6
:101DB0004FF00108A0F2EE2319224046B3FBF2F3E4
:101DC0006B70FEF763BF00BFC8790020FC55002090
:101DD000AA800020AB800020DCAB0020C8E10020FE
:101DE0008419002060800020305A00207086002076
:101DF0005CA6002074DF0020507900209887002026
:101E00002CAE00203346721CBE4D226013F8022B0C
:101E10002A71236073786B7120460AF023FB2368D4
:101E200028805A1C22601B78AB7120460AF01AFBEE
:101E3000236868805A1C22601B78EB714FF0010800
:101E40004046FEF723BF3346721C2260AE4D13F8A6
:101E5000022B2A71236073786B7120460AF0EAFA2C
:101E60004FF0010828624046FEF710BFA74B93F8D9
:101E70000080B8F1010F7FF46CADE8F773FC13F04C
:101E8000C5F84046FEF702BFA14A002300E02668DD
:101E9000711C21600133317802F8011B082BF6D147
:101EA00057E5731C23609B4B32785A704FF0010842
:101EB0004046FEF7EBBE3346721C2260964A13F88A
:101EC000021B917023607378D3704FF00108404675
:101ED000FEF7DCBE0922B3FBF2F202EBC2018B4239
:101EE0007FF499ACDFF834B25FFA82F8B8F1000FF2
:101EF0003FF42FAD731C236096F90010874A00232E
:101F000003E00133092B3FF486AC92F904008842C8
:101F100002F10C02F5D10C2202FB03F50BEB0509D3
:101F2000204689F804100AF085FA26684BF8050067
:101F30003346721C226013F8022B89F805202360B7
:101F4000737889F80630F31C2360B37889F8083079
:101F5000334604362660DB7889F8073008F1FF380D
:101F60005FFA88F8C2E7731C236096F80080B8F126
:101F70001F0F3FF650AC6A4DB31C236005EB0815EC
:101F800073782B71F31C2360B3786B71331D23605E
:101F9000F378AB71731D23603379EB71B31D23604C
:101FA00073792B72F31D2360B3796B7206F108030A
:101FB0002360F379AB7206F109032360337AEB7285
:101FC00006F10A032360737A2B7320460AF04AFA5B
:101FD0000346EB8120460AF045FA236828825A1C02
:101FE00022601B78AB7400244046C5F8B845C5F89C
:101FF000BC45F5F741FE4FF00108C5F8C005C5F82E
:10200000C4454046FEF742BE3246731C2360404B37
:1020100012F8021BD973226072781A74F21C2260C3
:10202000B2785A74321D2260F278DA774FF00108E4
:102030004046FEF72BBE721C226031781F293FF606
:10204000EAAB092B7FF4E7ABB31C2360F31C96F8D3
:1020500001C02360331DB2782360701DF3782060C7
:10206000B51D3079256006F1070E7579C4F800E0DA
:1020700006F1080896F806E0C4F800801B0443EA5D
:102080000222F3791B0443EA0E2306F1090EC4F879
:1020900000E096F808E0234E42EA0C022B4306EBE0
:1020A000C10542EA006243EA0E6346F831206B60E4
:1020B000E5F7C6FAD4E90032D21A002A7FF749AC14
:1020C0005A1C2260184A1B78D3704FF00108404612
:1020D000FEF7DCBD134D05F1400620460AF0C2F9BB
:1020E0002368A5F80001591C1A46216012F8021B4A
:1020F00085F8021122605B7885F803310435AE4221
:10210000EBD126E408CB00205C79002098870020E2
:102110002441002050CB0020DCAB0020405900209F
:10212000C8E10020B07D0020787D00203346721C7D
:102130002260A84D13F8022B2A72236073786B7209
:10214000F31C2360B378AB7220460AF08BF9034688
:102150002046EB820AF086F9034620466B820AF09D
:1021600081F903462046AB820AF07CF903462046FB
:102170002B830AF077F9034620466B830AF07EF939
:1021800020460AF057F94FF0010820460AF076F988
:102190004046FEF77BBD3346721C8F4D226013F81C
:1021A000022B6A72236073786B71F31C2360B3781F
:1021B0002B7220460AF056F903462046EB800AF0BF
:1021C00051F92368A8811A46591C216012F8021B94
:1021D000E97222605A78EA73DA1C22609A78AA734C
:1021E0001A1D2260DA78AA705A1D22601A79EA70E4
:1021F0009A1D22605A792A71DA1D22609A792A7012
:1022000003F108022260DB79AB724FF0010840460F
:10221000FEF73CBD714D20462E680AF023F9236875
:10222000A6F878001A46591C2868216012F8021B8B
:1022300080F87A1022605A7880F87B20DA1C2260BD
:102240009A7880F87C201A1D2260DA7880F87D2048
:102250005A1D22601A7980F87E209A1D22605A79D0
:1022600080F87F20DA1D22609A7980F8802003F1BF
:1022700008022260DA7980F8812003F109022260E5
:102280001A7A80F8822003F10A0222605B7A80F8D1
:1022900083304FF00108F0F74FFC4046FEF7F6BCE4
:1022A0004E4D3346721CD5F80080226013F8022B85
:1022B00088F85C202360737888F85D30F31C236015
:1022C000B37888F85E30331D2360F37888F85F3088
:1022D000731D2360337988F86030B31D23607379F0
:1022E00088F86130F31D2360B37988F8623006F115
:1022F00008032360F37988F8633020460AF0B2F8C7
:10230000A8F8640020462E680AF0ACF8A6F866002B
:1023100020462E680AF0A6F8A6F8680020462E6827
:102320000AF0A0F8A6F86A0020462E680AF09AF88B
:10233000A6F86C0020462E680AF094F8A6F86E0005
:1023400020462E680AF08EF8A6F8700020462E6807
:102350000AF088F8A6F8720020462E680AF082F883
:10236000A6F8740020462C680AF07CF84FF00108AB
:10237000A4F876002868F0F79BF84046FEF786BC84
:10238000731C236096F80080B8F10F0F3FF643AA44
:10239000B31C134D2360737805F8083020460AF00B
:1023A00061F808F108030246204625F813200AF0D8
:1023B00059F8226808F11803511C25F8130005EBA1
:1023C00008032160127883F850204FF0010840463E
:1023D000FEF75CBC24410020787D0020B47C002006
:1023E000F8B10020731CBA4D236033782B7020465F
:1023F0000AF038F8034620466B800AF033F80346AB
:102400002046AB800AF02EF803462046EB800AF007
:1024100029F8034620462B810AF024F8034620467B
:102420006B810AF01FF803462046AB810AF01AF8C8
:1024300003462046EB810AF015F8034620462B821E
:102440000AF010F8236868821A46591C216012F8B5
:10245000021B297522605A786A75DA1C22609B7803
:10246000AB754FF001084046FEF710BC731C2360AB
:102470003378984A4FF00108002B40F02D86D2F8AF
:10248000B83708FA05F523EA0503C2F8B837002B78
:102490007FF45FAA4FF48030FEF72CFB4046FEF736
:1024A000F5BB3346721C22608B4A13F8021B9170F5
:1024B00023608A4A73785371F31C2360884BB27887
:1024C0005A70331D2360874DF378EB70731D2360C2
:1024D0003379AB70B31D236073792B70204609F0FC
:1024E000C1FF034620462B8309F0BCFF23686882A6
:1024F0005A1C22601B782B754FF0010809F05AF91D
:102500004046FEF7C3BB204609F0B8FF2368764873
:102510001A46591C0068216012F8021B80F82B1023
:1025200022605A7880F82C20DA1C22609A7880F891
:102530002D201A1D2260DA7880F82E205A1D226084
:102540001A7980F82F209A1D22605A7980F830205D
:10255000DA1D22609A7980F8382003F1080222609F
:10256000DA7980F8392003F1090222601A7A80F8BA
:102570003A2003F10A0222605A7A80F8442003F1DB
:102580000B022260997A80F8451003F10C02226058
:10259000DA7A80F8462003F10D0222601A7B80F877
:1025A0003E2003F10E0222605A7B80F83F2003F1A7
:1025B0000F0222609A7B80F8402003F11002226013
:1025C000DA7B80F8312003F1110222601A7C80F856
:1025D000352003F1120222605A7C80F8362003F184
:1025E000130222609A7C80F8372003F114022260E3
:1025F000DA7C80F8482003F1150222601A7D80F809
:10260000492003F116022260597D80F84A1003F137
:10261000170222609A7D80F84B2003F11802226095
:10262000DA7D80F84C2003F1190222601A7E80F8CE
:102630004D2003F11A0222605A7E80F84E2003F1E9
:102640001B0222609A7E80F8522003F11C02226055
:10265000DA7E80F8532003F11D0222601A7F80F891
:10266000542003F11E0222605A7F80F8582003F1A3
:102670001F0222609B7F80F859304FF00108F1F76C
:10268000D1FC4046FEF702BB731C236033781F2B3E
:102690003FF6C1A8B21C2260144D717805F83310C2
:1026A000F11C216005EBC305B3786B70331D23600B
:1026B000F378AB70204609F0D5FE0346AB80204688
:1026C00009F0D0FE4FF00108E8804046FEF7DEBA80
:1026D00020B00020C8E10020305A002044920020A1
:1026E000B8AA00205CA60020B47C00209CBD00207D
:1026F000731C236035781C2D3FF68DA8204609F009
:10270000B1FE0623B64A03FB05F30146D15220462B
:10271000D51809F0A7FE03466B80204609F0A2FEFB
:102720004FF00108A8804046FEF7B0BA3346721C4D
:10273000226013F8028B2360F31C75782360B17854
:10274000B8F1000F00F0FC84B8F1010F7FF401A98B
:102750002846F5F7F9F8A34B1B78DE073FF5F9A8F3
:10276000A14B1878A8427FF4F4A8F5F749F9404640
:10277000FEF78CBA3346721C22609C4D13F8022B74
:102780002A70236073786B70F31C2360B378AB708E
:10279000331D2360F378EB70731D236033792B7145
:1027A000B31D236073796B71204609F05BFE03460D
:1027B0002046EB8009F056FE236828811A46591CF2
:1027C000216012F8021BA97222605A78EA72DA1CA0
:1027D00022609A782A731A1D2260DB786B734FF09F
:1027E0000108F1F7F7FE4046FEF750BA204609F01F
:1027F00039FE7F4D034620462B8009F033FE034609
:1028000020466B8009F02EFE03462046AB8009F07F
:1028100029FE03462046EB8009F024FE03462046AD
:102820002B8209F01FFE034620466B8209F01AFE38
:102830002268A8821346511C216013F8021B85F8F8
:102840002010236052782A776268D31A052B00F390
:1028500092852368D21A012A7FF77BA8204609F0C7
:1028600001FE4FF00108E8834046FEF70FBA3346F9
:10287000721C22605F4A13F8021B11702360737888
:102880005370F31C2360B3789370331D2360A9EB5E
:102890000303F178D170012B7FF75BA8731D2360D0
:1028A00033799371B31D2360737913714FF001086D
:1028B0004046FEF7EBB9204609F0D4FD4E4D0346E5
:1028C00020466B8209F0CEFD03462046AB8209F01C
:1028D000C9FD03462046EB8209F0D0FD23681A4665
:1028E000591C216012F8021BA97222605B78AB7040
:1028F000204609F0B7FD236828805A1C22601B7807
:102900002B7205F1180200232168481C2060013356
:10291000097802F8011B042BF6D1384A00232168FC
:10292000481C20600133097802F8011B042BF6D102
:10293000204609F097FD034620462B8509F092FDBD
:10294000034620466B8509F08DFD03462046AB8586
:1029500009F088FD4FF00108E8854046FEF796B97A
:102960003346721C226013F8020B2360F31C71784B
:102970002360B278E4F7FAFD00287EF4EAAFFEF7B0
:102980004ABF3346721C22601D4A13F8021BD171E4
:10299000236073785375F31C23601A4BB2781A7056
:1029A0004FF001084046FEF771B9174B17491868F8
:1029B00084224FF0010819F063F84046FEF766B92B
:1029C0003346721C2260124A13F8021B11702360F6
:1029D000737853704FF001084046FEF757B900BFB7
:1029E000ACA50020C8790020DCAB00208CA500201D
:1029F00070860020808000204C4A0020684A002019
:102A00009CAA0020B8AA0020B47C002074E5040829
:102A100018B000203346721CA24D226013F8022B1E
:102A20002A70236073786B70204609F01BFD034603
:102A300020466B8009F016FD03462046AB8009F066
:102A400011FD2368E880591C1A46216012F8021B08
:102A5000297222605B786B724FF001084046FEF7E6
:102A600015B991490022102BC1E90022C1E90222C7
:102A700028BF10230A7406E02068451C25600078F2
:102A800001F8010B01329A42F6D3FEF762BF2046ED
:102A900009F0D0FC854B4FF0010818604046FEF766
:102AA000F5B8731C23603578132D3EF6B4AEB31C15
:102AB00023607078F8F7BAFD00283EF4ACAE062328
:102AC00003FB05F37A4D0279EA54F21C22601D449F
:102AD000B3786B70331D2360F378AB70731D236084
:102AE0003279EA70994540F03F834FF00108F5F7DD
:102AF00091F84046FEF7CAB8204609F0B3FC6D4D88
:102B0000034620462B6009F0ADFC034620466B606F
:102B100009F0A8FC4FF00108A8604046FEF7B6B8DF
:102B20004288531DA8FB0313DB08FEF75DBBD4E905
:102B300000329A4279D1DAF800305F490022581CFD
:102B4000CAF800008A701A705C4B1B689C0109D49B
:102B5000002E00F0F0815A4B33604FF001084046E0
:102B6000FEF794B8574B1B689D42F1D15648574920
:102B70004FF0010804F0EEFB4046FEF787B8D4E9B9
:102B800000329A421BBF5A1C226001461978504AF3
:102B900050464FF00108F8F715FD4046FEF776B8AD
:102BA000D4E9005320465D1B09F044FC052DF86074
:102BB00000F2C6818026B14601240025DAE900230F
:102BC0009B1A103BB342B8BF1FFA83F9414BFA6816
:102BD0001B68BB609B1A9945F9687B60504688BFAB
:102BE0001FFA83F909F0A4FC002D3ED1DAF8005059
:102BF000002C3DD14946504609F0B2FCDAF80030CD
:102C0000F8685A1CCAF800201C704A46DAF800100E
:102C100012F026F9DAF800200346024401202B8046
:102C20008046CAF80020FEF731B85A1C22601B7893
:102C3000214A042B937000F2D081DAF80020022B95
:102C400002F10101CAF8001013707FF47DAFFDF7A7
:102C500011FC0346002800F09181DAF800300122CF
:102C60009918CAF800101A706EE7ACB3DAF8005081
:102C7000F8684A46294612F0F3F8DAF80030B04214
:102C80000344CAF80030BEF610A8002101E0DAF8CB
:102C9000003001305A1CB042CAF800201970F6D139
:102CA000FEF703B8DC780020E4D1002008D2002031
:102CB000E8AE002068DF0020C8E10020FC550020BD
:102CC00059BF0208F40500200807002040420F0009
:102CD0007D590208AC8700206B4608EE103AC6B05A
:102CE000DAF800300DF11F025C7122F01F0205338B
:102CF0001146BB61B9F1000F00F06B81D7E90223E7
:102D0000934280F06381F868FC61A3462246C7F8CD
:102D100000A080248A467B689A1AB2F5807F28BF7B
:102D20004FF48072514612F09BF8B96978610AEB52
:102D3000000E0B783B61F2452DD20EF1FF3E0AF1F9
:102D4000FF3C1CF8013FC84800EB830210F82350F9
:102D50005688EDB100234FF4004205F1FF383242AE
:102D60004FEA520202D0087820430870640806D166
:102D70000BF1010B4C701FFA8BFB01318024D945FC
:102D800003D8F44538D3434536DB01339D42E6D1C1
:102D9000E645D6D1B961FB697A6913449AB2D9453F
:102DA000FA6104D9FB689818BB689842B3D3D7F886
:102DB00000A0802C03D00BF1010B1FFA8BFB0BF151
:102DC000020189B2504609F0CBFBDAF80030F9690C
:102DD0005A1C0124CAF8002050461C7009F0C0FBA0
:102DE000DAF800305B44CAF8003018EE103A20469A
:102DF000A0469D46FDF74ABFBB69D7F800A01A461A
:102E00003B691370D5E7731C236033780A2B204687
:102E100000F0C08009F026FB4FF00108204609F0C1
:102E200021FB4046FDF732BF3246731C236012F887
:102E3000023B8E4D03EB83035B006B802260737853
:102E400003EB8303F21C5B002B802260B37803EB5F
:102E500083035B002046AB8009F004FB2268A88155
:102E60001346511C216013F8021B697223605278CB
:102E7000AA726268D31A052B7EF76BAD204609F063
:102E8000F1FA034620466B8009F0ECFA034620462F
:102E90002B8009F0E7FA4FF00108A8804046FDF7C3
:102EA000F5BE731C236033780A2B55D0204609F0F9
:102EB000E5FA204609F0E2FA4FF00108204609F051
:102EC000DDFA4046FDF7E2BEB8F5405F00F08F80C6
:102ED00043F20303984540F01581654B1B78DA07F0
:102EE0003EF537AD3346721C226013F8028B236027
:102EF000F31C96F801902360B8F1010F96F802B028
:102F000000F005815B4E002507E02268511C21601E
:102F100012783178013505F00FFFEBB25B4548467A
:102F20004346F2D3B8F1010F7EF413AD04F0E0FA9A
:102F30004046FDF7ABBE4FF001084046FDF7A6BE88
:102F4000204609F08FFAD4E900329A4281462FD107
:102F500000242546064631E6B31C2360464B7278B2
:102F60001A70F21C2260B2785A70321D2260F27818
:102F70009A704FF001084046FDF788BEDAF800204D
:102F80004FF0010802EB0801CAF800104046137028
:102F9000FDF77CBE09F066FA384D034620462B80CB
:102FA00009F060FA4FF0010868804046FDF76EBEF8
:102FB0005A1C22601D78003D064618BF01250024DA
:102FC000FCE54FF0FF384046FDF760BEFC61A346CC
:102FD000F5E6C7F81C90CB46F1E64FF0FF384046C7
:102FE000FDF754BE042A7EF4B4ACFEF716BD244BA4
:102FF0001A78032A7EF40FAC5B780D2B7EF40BACB1
:103000004FF00108EDF7F0FC4046FDF73FBE1D4BC9
:103010001B689D427EF45EAD1B481C4904F09AF982
:103020004046FDF733BE11464046F8F7ABFF002897
:103030007DF43BAEB8F1D00F7EF45AA9D4E9002359
:103040009B1A002B24DC0A4B1B78D80735D50021AE
:10305000DAF800304FF0010803EB0802CAF800204C
:1030600040461970FDF712BE70E104089C790020FB
:10307000C87900203079002054C9002010C80020F1
:1030800000410020F40500201807002040420F00F6
:10309000511CC84B21601B78D907D8D41378012B59
:1030A0000BD00DF05DFE0DF0EDFC9EB1C24AC34B9E
:1030B000326000229A700121CAE70DF051FEC04B28
:1030C000002201201A7005F0BBFF08F001FA002869
:1030D000E9D1BCE70121BBE7D2F8B81708FA05F33C
:1030E0000B434FF48030C2F8B837FDF70BFDB14BFE
:1030F0001B78DB077EF52DAC0020F4F723FF40465C
:10310000FDF7C4BD4FF0FF384046FDF7BFBD04F0EA
:1031100005FAF7E602F034F9FEF760BD043D3544E8
:1031200025600425FEF745BD0C3D354425600C2582
:10313000FEF729BD143D4D4425601425FEF70CBD56
:103140002846F0F759FF9B4B1B78DB073EF501AC97
:103150009C4B1878A8427EF4FCAB4FF0010808F0B5
:1031600003FB4046FDF792BDB31D236073792B71BD
:10317000F31D2360B079F8F759FA03796B71B4E461
:10318000731C23603578072D3EF645AB204609F0C9
:1031900069F92A018C4B01469952204603EB05152B
:1031A00009F060F903466B80204609F05BF903469D
:1031B000AB80204609F056F90346EB80204609F023
:1031C00051F903462B81204609F04CF903466B81E7
:1031D000204609F047F90346AB81204609F042F941
:1031E0004FF00108E8814046FDF750BD774A13785B
:1031F00023F002031370FEF755BB00F07F00062892
:1032000028BF00204FF00108F4F7FAFB4046FDF715
:103210003DBDB8F1F50F7EF47DA9D4E900329A42A4
:1032200059D1664BFF221A70002387F83C3097F87B
:103230003C20674CDFF8B081032AC4E90033C4E9BD
:10324000023388F8003033D8624D97F83C3003EBF6
:10325000430305EBC3035B7C03B397F83C3003EBFC
:10326000430305EBC30320215B69BBB197F83C30F6
:1032700098F8002003EB430305EBC303586944F8B7
:10328000220004F0EDF998F8003054F8230004F01F
:103290002FFA98F80030013388F8003097F83C3066
:1032A0000133DBB287F83C3097F83C30032BCCD9A4
:1032B00004F034F9DAF8003098F80020591CCAF804
:1032C00000101A70002E3DF4F0AC434B3360012027
:1032D0008046FDF7DBBC19465A1C226011F8022B10
:1032E000216036495B784B70FF2A0A709CD0FC2A1B
:1032F00012D8042A05D839490978994220D8022AD7
:103300001CD0DAF800300022591C0120CAF8001045
:1033100080461A70FDF7BABCFDF74CF90346F0B1D0
:103320000EB12F4B3360DAF8003001229918CAF839
:103330000010104690461A70FDF7A8BCFF2BE0D194
:10334000DAF8003001201A18CAF800201870002E90
:103350003DF4ABAC234B33608046FDF797BCDAF805
:1033600000204FF0010802EB0801CAF800104046A7
:103370001370FDF78BBC204609F074F80346204615
:103380006B8509F06FF82368A8851A46591C2160DF
:1033900012F8021B85F8211022605B7885F828302E
:1033A0006268FFF756BA4FF00108EBF75BFD404645
:1033B000FDF76CBCC879002059BF0208C8E10020A5
:1033C000115A0020DCAB002084B000205879002086
:1033D0002CA700205C49002069E401083079002016
:1033E000F105030849BF0208A9A900202DE9F84FFB
:1033F00060229A4D9A489B4C9B4FDFF8A082002197
:1034000019F0A0FA994B002628461E60C4F8C4673C
:10341000F5F74EFCD5F880203B681269C4F8C83730
:1034200003FB02F2C8F80020914AC4F8D037A2FB8F
:1034300003029048C4F8D83703EB43014068C4F84E
:10344000DC1712094FEA810CC4F8E4174900C4F8EC
:10345000E017C4F8D427C4F8E827C4F8EC37C4F858
:10346000CCC7C4F8F007C4F8F4072A4605F5B861DC
:10347000C2E90766C2E90A6640329142F8D10121E9
:103480007D4EDFF810920846F5F754FC0121082024
:10349000F5F750FCD5F80022D5F8801296F809A06F
:1034A000764BB3F86C30B9FBF3F31361738BB9FB54
:1034B000F3F30B61BAF1000118BF01210A20F5F7FF
:1034C00039FC96F80AB0D5F8C022B38BB9FBF3F3F8
:1034D000BBF10001136118BF01210B20F5F72AFC95
:1034E000B37B002B5FD0664E5AEA0B0314BF012159
:1034F0000021DFF8AC910C20F5F71CFCD9F8003066
:10350000D90764D49A0705D55E4CB4F84430002B33
:1035100040F08B8001210720F5F70CFC5A4B5B4CE7
:1035200019780920F5F706FC01210D20F5F702FCBA
:1035300031680E20C1F3C011F5F7FCFBD9F800107B
:103540000F20C1F3C001F5F7F5FBD9F800101020EA
:10355000C1F38001F5F7EEFB31684B052CD4C1F3C4
:1035600000411220F5F7E6FBD5F8C0243168484841
:10357000484B4088B3FBF0F3C1F3C06113611320E3
:10358000F5F7D8FB01211420F5F7D4FBFDF7DAF8A5
:103590006178A1F10901B1FA81F1BDE8F84F162077
:1035A0004909F5F7C7BBF37B354E002B9CD1316839
:1035B00011F4802198D19CE701211120F5F7BAFB85
:1035C0006378082B42D0092B40D03168C7E7324AD4
:1035D00038681169D5F8C0C0D2E90237D5F8802023
:1035E0000A2BB8BF0A230A2F136103FB00F0B8BFF0
:1035F0000A27D5F80031CCF810700A29B8BF0A2183
:103600001961C8F8000001210220F5F793FB0121A0
:103610000320F5F78FFB01210420F5F78BFB012236
:10362000D9F8003084F8F8276CE701210520F5F778
:1036300081FBD5F84021B4F84410164BB3FBF1F3ED
:10364000062001211361F5F775FB63E7D5F84034D7
:1036500031684FF4FA621A6181E700BF0837002031
:1036600094D00020C8E10020A4A6002090D0002023
:103670001F85EB51001000E09C790020405900208C
:10368000FC550020CC7900208CDF00200041002078
:10369000DC78002040420F0084410020BCD1002093
:1036A00060760020044B054A03F50A7142F8403B5E
:1036B00018338B42FAD170472807002008370020C2
:1036C00070B5094C236873B10546002606E09A6878
:1036D0001E7322601B689847236823B15A68AA1A90
:1036E000002A1846F3DA70BDC8EB002070B40E4E05
:1036F000102433460125002203E001325D2A0BD05D
:103700001C79A04203F12003F7D18D4207D001328A
:1037100001355D2AEDB2F3D1002070BC704706EB95
:10372000421070BC704700BF04E6040808B101B144
:10373000DCE70020704700BF10B40023084C01E014
:10374000152B09D003EB43020133A15C8142F7D171
:10375000A0185DF8044B704700205DF8044B7047DB
:10376000CCEB0020D0F8FC1010B471B1D0F81431BB
:10377000C1684469CA1A013BA25C5DF8044B08BFEA
:103780000B46C0F81431D0B27047026A4369C4686E
:103790009B5C0132A24228BF0A4602625DF8044BDC
:1037A000D8B27047D0F8003113B190F8B00170472B
:1037B000D0E90903181AB0FA80F04009704700BF39
:1037C000D0E9091291420ED38A1AD0F80011036988
:1037D00081B1D0F8941109684968013B0A449342C9
:1037E0000BD9981A7047036919448A1AD0F8001146
:1037F0000029EED1013B981A70470020704700BFA6
:10380000D0F8FC304BB1D0F89831D0F814211B68B7
:103810005B689A4205D3D01A7047D0E907239A42D1
:10382000F9D2C0681044C01A704730B5094B002166
:1038300093F900205D78092AC8BF143A8418013131
:1038400025739D7885540829DA78227603F10403DC
:10385000EED130BDA4F1040803681B69184700BF0E
:10386000064B70B41D6806460FCD34460FC40FCD0D
:103870000FC42B682360304670BC70479C22002028
:1038800000207047704700BF704700BF704700BFFF
:1038900001207047704700BF704700BF704700BFEE
:1038A0000023037043708370C370704730B40A4DB7
:1038B00000232C1D01E0152B0AD003EB430201333A
:1038C000A15C8142F7D12A4430BC92F906007047CE
:1038D0004FF0FF3030BC7047C8EB0020034B00EBCB
:1038E000400003EBC000407C704700BF5C490020F3
:1038F000704700BF704700BF70B48E0005460424B7
:10390000130B03EB430318331201013C2B6092B2FB
:103910003544F5D100EB01130A01845043F82140EE
:10392000062070BC704700BF70B410238E000446A0
:1039300012F4004F14BF0E2507255200013B2560ED
:1039400092B23444F4D18C0100EB81120351122065
:1039500070BC42F8213070472DE9F8436B4CA368E6
:1039600020469847002877D0694B6A4F187804F1B1
:103970004806012384F85430B046314604F10E0263
:103980000023042804BFB2F9005047F8235032F94D
:10399000025B07EE905A0133F8EEE77A032BE1EC75
:1039A000017AEED15C4D2B887BB1DFF88C9105F16B
:1039B000100757F8083CB6EC010A3846303703B117
:1039C0009847B14506ED010AF3D1A17D092945D0FB
:1039D0005248EBF76BFAB5F8A820D5F89430002AD6
:1039E00047D1B3F9002094ED125A94ED136A94ED87
:1039F000147AD5ED273A95ED284AD5ED294A05EEFA
:103A0000902AB3F90220B3F9043006EE902A07EEAB
:103A1000903AF8EEE55AF8EEE66AF8EEE77A75EED7
:103A2000655A76EE666A77EE677AD5F89830C4ED17
:103A3000125A33EEA55A34EE266A34EEA77A0133D1
:103A400085ED275AC4ED136A85ED286AC4ED147A12
:103A500085ED297AC5F89830BDE8F883304901F141
:103A60002800EBF77BFAB5F8A820D5F89430002AA7
:103A7000B7D02C48DFED2C6A991E1F1D0026B2F529
:103A8000C87F16BFD0ED007A0660B8EEE77AD8EDB1
:103A9000007AE8EC016A08BFB0EE667A77EE877AC2
:103AA000FDEEE77AE0EC017A21F8026F8F42E6D171
:103AB000012A03D0013AA5F8A82092E71B491C4F20
:103AC00001F1440043C8C83687FB06ECF617C6EB85
:103AD000EC16B4F80CC0C830C831A6EB0C0687FB56
:103AE00000EC87FB01E7C017C917C1EBE711C0EB7A
:103AF000EC10104F9E80188059807A810DF0E6F806
:103B0000B5F8A820D5F89430D4E700BFCC790020D0
:103B1000B0220020B42200200CAB0020147A002038
:103B2000EC7900200CEC002000000000C8EB002025
:103B30001F85EB51305A0020207A00202DE9F041FA
:103B4000A34B1B7813F0010F0646A24B3BD0A24DAE
:103B50001C78012C68D0022C1CD0002C78D09F4FF0
:103B6000EB7B0BB1AB8913BB3B782A7A632A07D86E
:103B70009B49022C087800F08380002840F0FF80E9
:103B80009849AA7B9C4238BF1C460C70002A41D140
:103B9000BDE8F0819449954A098812889142DED99E
:103BA0009349944A0968116501241C70D7E7924B28
:103BB0001B78002BD8D0F4F7CDFE002840F0F08021
:103BC00002233B70D1E71C78E21E012A6BD9864A9A
:103BD000814D118852888A1A002AB8BF5242142A8D
:103BE000B7DCEA888A4202D828888842B1D2B1EB91
:103BF000420FAEDC03228149784F1A7000230B80FC
:103C00007D4C7A487E493A707E4A237003800B804F
:103C10001380C3E0012C00F0B980022CB8D1BDE8BC
:103C2000F0410720FCF7D2BD6F4A76491288098817
:103C3000914280F092807149684F0988914238BF63
:103C400000246B4A38BF1C706A4B12681A6587E7FC
:103C5000654A6B4912880988604F9142644977D35D
:103C60006448EA7D0968006D02EB8202091A02EBE2
:103C70008202B1EB820FAABF01241C781C706FE78F
:103C800000287CD101274E600F7006465E48C2F1C5
:103C9000640206FB02F280FB0206D217A2EBA652D8
:103CA00064324A706CE750484B4D0288E9888A427A
:103CB00002D32F88974202D2B2EB410F6BDD4188CD
:103CC000511A0029B8BF4942142970DC434F2C7D9A
:103CD0000021397019703CB92C88B2FBF4F401341E
:103CE000082C28BF0824E4B2A9886888DFF80CE112
:103CF000DFF804811FFA84FC11FB0CF110FB0CF0BF
:103D0000DFF8E8C088F8004080B2ACF8000095F811
:103D100011C03B4C89B26145AEF8001086BFA1EBE3
:103D20000C0189B20021604588BFA0EB0C00DFF8D0
:103D3000D4C0218088BF80B2294C98BF0020ACF845
:103D400000004FF0640C002084F801C0606084E73C
:103D5000284A09681C78116502E7254925482A7E0A
:103D60000968006D02EB8202091A02EB8202B1EBD4
:103D7000820FFFF6F4AE0224184F1C70F0E648687C
:103D8000361A2248864281DB4A70F9E6BDE8F041E6
:103D90000820FCF71BBD032C0ED1104F0324DFE6D7
:103DA0002B7C83422CBF012300233B70DDE6032CD8
:103DB000F3D00A4F0424D3E6018842888A1A002AE5
:103DC000B8BF5242142A7FF70CAF044F0424C7E651
:103DD000C87900207EC800209C790020F8C8002007
:103DE00088C80020ED7F00208079002082C8002054
:103DF00084190020C8EB00209AA5002080C800206C
:103E000084C8002086C800206BCA5F6B809698002B
:103E10002DE9F04387B0DCF79FFB40B3B84C41F28B
:103E2000CC63E358002B01DDD8F7C4FF6378022B85
:103E300020D0032B1BD141F2E873E35C13B1B148EE
:103E4000DAF7D2FA41F2D463E35C13B1AE48DAF7A1
:103E5000CBFA41F21873E35C13B1AC48DAF7C4FA59
:103E600041F25C73E35C13B1A948DAF7BDFA07B01D
:103E7000BDE8F083A378A74DA74E072BF7D8DFE85E
:103E800013F04800DB005E0043000B009A00A40022
:103E9000080003236370EAE72378207DDFF890822F
:103EA0009E4F032B0CBF4FF080094FF48079002800
:103EB00000F0AD800128FAD131686268D8F80000BE
:103EC0004FEA412C00234FF0FF31B1FBFCF15218B7
:103ED00043F100030021994200F1020008BF904223
:103EE00038BF024639460220D9F7EAFC032800F21F
:103EF000698101A353F820F06F3E0308E33F0308F4
:103F00006F3E0308E33F030885480378002BACD1DC
:103F1000ADE7002305A9184609220391D9F72EF829
:103F20000128A4D1059B93F8FE21552A00F0BF80FB
:103F300041F2E47202210123A154637097E7794BA7
:103F40000093032578497648A57030230522DAF7D7
:103F5000CFFA8CE723690622652BA27035D9227827
:103F6000032A0CBF6FF07F026FF0FF02A3F165031D
:103F700003EA020303F101030CBF80224FF48072B5
:103F80009A42236121D2D8F80020E768023203EB7D
:103F90000708904502D3D8F781FF2369634967601A
:103FA000CA6FC4F8088002FB03F35B0241E90733E0
:103FB00005220F60A270A26829460120D9F75CFB98
:103FC000012840F093800623A37055480021D9F7BB
:103FD00091FA012840F08A80A3780133DBB2A37004
:103FE0004BE7D4E901C32269A3EB0C01914288BFDE
:103FF000C4E903C10328ADD00133B3FBF9F209FBD7
:1040000012320AB14B449B1A002063602075D8F825
:10401000002029460232D9F753FC032800F2D2804F
:1040200001A353F820F000BF6F3E0308A34003082C
:104030006F3E0308553F030805A941F62C050023F0
:1040400060590922D8F79AFF01287FF410AF0022A7
:10405000059B2270B3F80B20B2F5007F1AD11A7CB1
:10406000022A17D193F8FE21552A13D193F8FF2184
:10407000AA2A0FD1DE896059274A41F6300130441F
:1040800060505D7B15606A1E7F2A03D86A4235EA5C
:1040900002024FD041F2E47203210123A154637064
:1040A000E5E6636801220133A3602275FFE693F819
:1040B000FF21AA2A7FF43CAF039903F5DF7203F5D1
:1040C000FF73906840B11579A5F10B06012E05F03C
:1040D000F70505D9062D03D010329342F1D127E719
:1040E00041F62C020123A050A370A6E702287FF41A
:1040F000BEAE41F2E4720123A3546370B7E600BF81
:10410000C85D0020B07500209C740020E074002081
:1041100024750020CC5D002008760020D05D0020B2
:1041200068750020DD630008683005088C75002084
:10413000007600206A0241F64801013A6250DF8AA7
:1041400007B95F6A41F6340241F65001A750B3F84F
:104150001120520102F2FF1252126250B3F81310F2
:1041600001B9196A164406EB4706891B41F6380C5B
:1041700040F6F476B1FBF5F1B14244F80C104FEA89
:1041800047071CD94FF6F475A94214D903212170B1
:10419000DD6A41F610018318625C41F63C0041F68D
:1041A0004C013B44235065500AB9D9F707F9A3786D
:1041B0000133A3705BE6022323700025E9E70123A6
:1041C000237067E7207D72E610F8243C03B970473E
:1041D000C16850F8102C0B68497934335B58002AB9
:1041E00057D09A1A55D0F0B450F8144C384950EDC5
:1041F000076A07EE902A6500F8EE677AA1FB056171
:10420000B2EB510F86EEA77A21D92544B2EB550FB8
:104210001DD2F3EE097AB4EEE77AF1EE10FA54D437
:10422000DFED2C7AB4EEE77AF1EE10FA0FD530F824
:10423000161C10ED086A06EE901A77EE465AF8EE54
:10424000E66AC5EEA67A77EE867A40ED087A30F80F
:10425000185C214F111B91FBF5F12144B1FA81F655
:104260001E4C1F4DA45D17F806C020F8184C1D4FBA
:104270001D4C40F8141C451B20F816CCED103F785F
:1042800004FB05F4E4B2A74206D0F0BC40F8103CB1
:10429000704740F8103C7047144C2478392CF4D106
:1042A00050ED087ADFED126A124C67EEA67A27EE1F
:1042B000267AFDEEE77ABDEEC77AC4E90212C4EDB4
:1042C000007A266184ED017ADFE79FED0B7AAEE795
:1042D000ABAAAAAA00401C4614610508386105086B
:1042E00040400020FC400020B76DDBB6B02200202B
:1042F00000007A44B42200200000000010F8243CA2
:10430000002B6FD050F8103C002B6CD0CB1A9BB216
:10431000002B68D0F0B550F80C7C50F8144C534A80
:1043200050ED076A03FB07F507EE905A6500F8EEBB
:10433000677AA2FB0562B3EB520F86EEA77A22D909
:104340002544B3EB550F1ED2F3EE097AB4EEE77AAB
:10435000F1EE10FA00F18680DFED457AB4EEE77AEF
:10436000F1EE10FA0FD530F8162C10ED086A06EEB3
:10437000902A77EE465AF8EEE66AC5EEA67A77EE10
:10438000867A40ED087A30F8185CDFF804C11A1B11
:1043900092FBF5F2224402FB07F6B6FA86F6354C9C
:1043A000354DA45D1CF806E020F8184CDFF8E4C099
:1043B000324C40F8142C451B20F816ECED109CF8FC
:1043C00000C004FB05F4E4B2A4452DD0B2F5805F33
:1043D0000FD2012F22D9C1687B080C6840F80C3C31
:1043E000520011E07047002340F8101C40F8043CD4
:1043F0007047B2F5804F11D9FF2F0FD8C1687B00ED
:104400000C6840F80C3C52084FF0FF31013B01258D
:10441000A362E1626561002140F8142C002340F89A
:10442000101C40F8043CF0BD154C2478392CCDD13B
:1044300050ED087ADFED136A134C67EEA67A27EE8B
:10444000267AFDEEE77ABDEEC77AB7FA87F5C5F1B1
:104450002005C4E90223C4ED007A266184ED017AC7
:104460006561B3E79FED097A7DE700BFABAAAAAA11
:1044700000401C463861050840400020B76DDBB69F
:10448000B022002000007A44B42200200000000086
:1044900014610508FC4000200B4AF8B51368556903
:1044A0002B4003EA000555616DB1084F0126B5FAAE
:1044B00085F4C4F11F0457F8240006FA04F40368D5
:1044C0009847A543F3D1F8BD00040140182B002004
:1044D0002DE9F04188B01E4603090E9F90464033F7
:1044E00000F00F0451B30793FFF720F9427A079BBE
:1044F000CDE900420546164A41463046B847D0B19C
:10450000286812F0F1FB297A6A79DFF854C06D7AD5
:10451000079B009411F0020F4FEA92020D4902F13D
:10452000010208BF6146CDE90102CDE903150A4A3F
:1045300000213046B84708B0BDE8F081074A0E9424
:1045400041463046BC4608B0BDE8F041604700BF78
:10455000687105088F8205087A7105089C71050845
:10456000CB860508426A10B48469A154426A046982
:10457000D0F800110132A24228BF0022426219B1D4
:104580005DF8044B11F05CBCD0F820215DF8044BC1
:10459000136843F080031360704700BF017111F08E
:1045A00013BE00BF816011F00FBE00BFF0B505461D
:1045B00000680F4B00F1384003EB902387B093F86D
:1045C000C00B0C461646D2F759FEAF8828680596F0
:1045D00004F01302C4F3411301A9C4F38104CDE92B
:1045E0000172CDE90334DEF73DF807B0F0BD00BF3E
:1045F00004E6040812F07EBD10B504460846D3F761
:1046000065FF01462046BDE8104012F073BD7FB53E
:104610000A4B04930A4B03930A4B02930A4B0193F0
:104620000A4B00930A4A0B4B0B490C4808F06EFFEB
:1046300007B05DF804EB07F03BB800BFEF71050869
:10464000F4710508FC71050805720508117205086A
:10465000AE710508E3AB0020B8710508C471050808
:10466000D5E738B50B4B03EBC0040D4694F8282D65
:10467000094803EB8203D3F8C81B08F047FF94F8FE
:104680002E3D2BB1691C0548BDE8384008F03EBFFF
:1046900038BD00BF04E6040845720508CA8705084E
:1046A0002DE9F0412F4C636D002B48D00A2801D032
:1046B0000D2842D12C4D06F0FBFF2321284618F08F
:1046C00053FA08B1401B6065636D8BB9264863657A
:1046D0004FF48072002118F035F9244B1B78002B21
:1046E0003DD0BDE8F041224806F0DCBF1346ECE7C0
:1046F0005A1EA95C2029F9D06365234400221D4D70
:10470000DFF8648083F8582037262F684046394602
:1047100007F08EFD014640B9013E05F11005F4D1C8
:104720001549164808F048F905E0154B9D42F7D2A7
:10473000EB68384698470023C8E7FF2B0FD8A0F155
:1047400020025E2A0BD80BB9202808D05A1C6265BB
:104750001C4484F85800BDE8F04106F099BFBDE85C
:10476000F08100BFC8EB002020EC0020B0590020F1
:104770000623050854F40408207205080179050889
:10478000C4F704082DE9F84F00261F4DDFF880908C
:10479000DFF880A007460C46B046204606F0BEFE75
:1047A000D5F800B048B92146584607F0FBFC20B9BF
:1047B0006868214607F0F6FC80B1584606F072FFA3
:1047C000696811B1504608F0A1FEA96811B14846C8
:1047D00008F09CFE06F06CFF4FF001080136372E02
:1047E00005F11005D9D1204606F098FE48B9B8F178
:1047F000000F06D1224638460449BDE8F84F08F0BC
:1048000041B8BDE8F88F00BF54F4040848720508A9
:10481000427205083C72050838B505460C46FBF7A0
:1048200029FE08B3204606F079FE68B9204607F055
:10483000AFFD00F54370B0F5C36F05D928460D49AB
:10484000BDE8384008F01EB80B4806F03BFF0B48A7
:1048500006F028FF06F04DFF094B1868FBF742FEF3
:10486000BDE83840D4F7BEBBBDE83840054806F087
:1048700029BF00BF5C7205087472050894720508B0
:10488000B4590020A072050807B5154806F00AFFC4
:10489000144B154893ED560A8DED010A06F002FF00
:1048A000124B1B78BBB19DED010A15F03BFD4FF497
:1048B0007A7280B2B0FBF2F102FB110292B20C48A4
:1048C00008F0A8F80B4B0C48B3F82E1103B05DF8B4
:1048D00004EB08F01BBE094806F0EEFEF2E700BF4D
:1048E000CD720508C8EB0020E4720508E57F0020C2
:1048F000FF720508AC5A00201373050809730508F8
:104900003E4B1B782DE9F74F002B71D03C4D3D48B5
:10491000A968DFF82081DFF82091DFF820A108F0F6
:1049200079F86968384808F075F8384B3848D3E9A1
:104930005731C91A374B1A68B1FBF2F208F06AF81E
:1049400006F0B6FE344806F0B7FE344806F0B4FE72
:10495000002698F80030F4B2A34222D8304C314FF0
:1049600006F0A6FE2646002556F8041B38460135FB
:1049700008F0CCFD162DF7D106F09AFE294E012540
:10498000234661681B683046C91A013508F0BEFD30
:10499000162D04F10404F3D103B0BDE8F04F06F086
:1049A00087BE04F1020B05EB8B0B6427BBF80420D8
:1049B00019F804307A433C21B2FBF3F35046B3FBC1
:1049C000F1F10091214608F0A1FD9BF806305BB1A2
:1049D000204612F067FB90FBF7F107FB110212482B
:1049E00008F018F80136B4E7104806F065FEF9E75C
:1049F0000F4803B0BDE8F04F06F05EBEB1220020C4
:104A000044D100203173050841730508C8EB00202C
:104A100058730508A4A6002085730508B07305081F
:104A200060D1002007740508F4730508FF730508BA
:104A30000B7405083079002020B10020DB730508D5
:104A40002DE9F04F8BB0064640F2162003910CF092
:104A50005FFA039A04460021304606F03FFE424AC0
:104A6000D4E9028392F8644105460CB14446984665
:104A70001522002104A817F065FF08F1400308F192
:104A80000107039317F8019CB9F1000F31D097F893
:104A900000A0002C65D0224600231178494558D14A
:104AA00092F801800AAA1344012203F8182CD04579
:104AB0002A4614BF0121002130460CBF4FF0010BE4
:104AC0004FF0000B06F00AFE054654B1B8F1000F96
:104AD00007D0264B00935A46334641464846FFF7D7
:104AE000F7FC234B00935A46334651464846FFF79E
:104AF000EFFC039B0337BB42C4D13CB3DFF86C909F
:104B0000DFF86CA0671C0DF11008403418F8013B69
:104B1000CBB917F8013CB3B115B1284606F0D2FD68
:104B2000397817F8010CCDF8009033460022FFF7D2
:104B3000CFFC002217F8010CCDF800A03346114637
:104B4000FFF7C6FC00250337A742DFD10BB0BDE855
:104B5000F08F0133152B02F103029ED14FF00008B4
:104B6000A5E7A046A3E700BFC8EB00203DE303088C
:104B70006DE303082DE9F04F0A4687B00021064691
:104B800006F0ACFD3B4C05903B4A2378608802EB75
:104B90008303D3F8C8AB0CF0BBF983680493374B9D
:104BA000C16893F86421002A4BD0DDF8108004918D
:104BB000002722796179049B07FB021213F8029007
:104BC000B8F1000F3FD018F80250059A4D4514BFB8
:104BD0000121002130460CBF4FF0010B4FF0000BBC
:104BE00006F07CFD013705907DB305F00F022D091D
:104BF00040350292CDE90075214A53465946304668
:104C000009F09CFBB9F1000F2AD009F00F024FEA1E
:104C10001919029209F14002CDE900725346184A6F
:104C20005946304609F0A2FBA279012A38BF012279
:104C3000BA42BEDC134B0834A342A5D107B0BDE88D
:104C4000F08F9046B4E74546BFE7B8F1000FD9D0E2
:104C50000D4A009753465946304609F06FFBD1E79D
:104C60007306E1D4084A009753465946304609F086
:104C70007DFBD9E72CF3040804E60408C8EB002008
:104C80002774050854F404083D74050810B5013173
:104C90001446FEF74BFD28B9064B18681B792060B7
:104CA000237110BD427A04492046BDE810400BF044
:104CB00091B800BFBC770508757105080B46411C0B
:104CC000024605D1044A1068127918601A717047BB
:104CD000024918460BF07EB8BC770508CB8705085B
:104CE0002DE9F04F534F99B03B790997002B00F015
:104CF0009380514806F0E0FC0025504EDFF864B187
:104D0000DFF86491DFF864A1A8460BA9E8B2F3F7D5
:104D10008FFF9DF83430002B50D0139C54B107EE18
:104D2000904A9FED470AF8EE677A80EE270A15F061
:104D3000F9FA04460B9A2946584608F0E7FB109A00
:104D4000002A6DD002FB04F04FF47A73B0FBF3F04D
:104D5000DDF848C0BCF1000F64D00CFB04F142F256
:104D60001073B1FBF3F1099B1B79082D18BF884420
:104D7000002B59D0179F0797159F06970A23169F58
:104D800005974FF47A7E119FB7FBFEFECDF810E039
:104D9000B1FBF3FE03FB1E11CDE902E1B0FBF3F121
:104DA00003FB1100CDE90010BCFBF3F32146504694
:104DB00007F030FE0023C6E90D33B3620135172D2D
:104DC00006F14006A1D1099B1B7913B31D4C1E4867
:104DD000D4E95A124FF47A73D208B1FBF3F3D4F842
:104DE000701107F017FE0A221848B8FBF2F102FB17
:104DF000118207F00FFE164B1B78422B06D1154B84
:104E000015481A68154B196807F004FE0023C4F80A
:104E1000703119B0BDE8F08F114806F04DFC6BE71A
:104E2000104695E761469EE72146484607F0F2FDA9
:104E3000C0E700BFDCAB0020517405080837002034
:104E40008096184BC8EB0020FC7405081C750508FB
:104E5000B0220020ACE900204075050898E9002048
:104E6000AF740508B9740508F8740508C874050816
:104E70002DE9F04FB74BB84E1A68B849B84BB2FBA2
:104E8000F3F299B00746B74808F040FBB26802F069
:104E90000302022A00F0CF80032A14BF0025032555
:104EA000B14BDFF88083DFF88093DFF80CA30FCBE2
:104EB0000DF1300C8CE80F00AC4B0793012DAC4B7F
:104EC000C8BFF468089318AB03EB8503C8BF04F0B0
:104ED0000104012D53F8301CD8BFA64AA648A74D9F
:104EE000A74EC2BF18AB03EB840454F8442C08F05F
:104EF0000DFBA44B1B884FF47A72B3FBF2F102FB5B
:104F00001132A14B0A20B3F9003092B2B2FBF0F299
:104F10009E4807F07FFD9E4A9E499F4808F0F6FA9A
:104F200006F0C6FB9D4B9E4A997B9E4B9E4805EB27
:104F30008101D31AD1F8D810B6F8742107F06AFDB0
:104F40009A4806F0AFFB9A4B9A48197808F0DEFAB7
:104F5000994806F0A7FB994B9948197808F0D6FABA
:104F600006F0A6FB974806F09DFB00210A4698F83C
:104F70001E300B4113F0010F01F1010408D012B1F2
:104F8000504606F08FFB2146484608F0BFFA012242
:104F9000072C2146EBD1E9F7D1FD90F8BC30032B6B
:104FA0000BD0894808F0B2FAE9F7C8FD90F8BC3098
:104FB000012B02D1854808F0A9FAE9F7BFFD036982
:104FC0005B7B012B02D9824808F0A0FA06F070FB47
:104FD000804BDFF858821B68DFF854B2039300243B
:104FE00008F1200958F8041B39B3012303FA04FA25
:104FF000039B1AEA030F1CD01AF01F0F19D0764B2F
:1050000059F82420185D52F8202034B17348CDE9B6
:10501000041206F047FBDDE90412584608F076FA60
:10502000BAF1020F05D16E4B597F11B16D4808F0EE
:105030006DFA0134D6E7012532E706F039FB6A4BF9
:105040006A4819684FF47A73B1FBF3F108F05EFA1D
:1050500009A807F03DF838B109A910A80AF072FFB5
:10506000634810A908F052FA06F022FB6149D1F812
:105070008820002A5BD007EE902ADFED5F6AB8EE49
:10508000E77AC6EE877AFDEEE77A17EE903AB6F841
:10509000760158B107EE900ADFED576AF8EEE77A2D
:1050A00086EEA77AFDEEC77A17EE900A8C685CB19F
:1050B00007EE904ADFED506AF8EEE77A86EEA77ABF
:1050C000FDEEC77A17EE904A4C494FF00A0C09885A
:1050D000B1FBFCF1C9B26429A8BF6421CDE9000489
:1050E000474807F097FC474B474A1B7847491278D7
:1050F0000988474805EB8303D3F8183107F08AFC89
:10510000B6F87811434889B207F084FC384619494B
:10511000414F08F05FFD414806F0C4FA404B1C685F
:10512000012634B906F0C4FA19B0BDE8F08F134671
:10513000ADE794FAA4F3B3FA83F306FA03F205EBAE
:1051400083033846D3F82C1124EA020408F0DEF970
:10515000E7E700BFD4000020001002406A75050890
:1051600040420F006F750508C4F704088C750508E8
:1051700091750508CB86050896750508FCF60408A8
:10518000C8EB00200CC80020BC7C00209E750508E0
:10519000F0FF012000080000BF750508DCAB00200F
:1051A0000060000800400008E37505081276050855
:1051B0007CE70020247605082C7605087DE7002092
:1051C0002E760508367605084F76050857760508C9
:1051D0005C760508607600203006002064760508BD
:1051E000CC7900206D7605088419002071760508B9
:1051F0008B760508083700200024744924C8002055
:105200009E760508ED7F00209AA500208079002079
:10521000E47605080B770508098505081A7705085F
:10522000AC7C00205CA6002046760508E0F7040868
:10523000677605080A4B1B7830B573B9094C0346ED
:1052400000F120051A4603CAAA4220606160134695
:1052500004F10804F6D1012030BD0020FCE700BFB6
:105260008AE900205CE7002008B5084B1B7801465E
:1052700013B1074B1B783BB905480D2217F093FC7F
:10528000044B0120187008BD0020FCE788E90020CD
:105290004CE7002089E9002008B5084B1B7801463F
:1052A00013B1074B1B783BB90548152217F07BFC5F
:1052B000044B0120187008BD0020FCE788E900209D
:1052C000C4D1002089E9002008B5084B1B780146AD
:1052D00013B1074B1B783BB90548052217F063FC57
:1052E000044B0120187008BD0020FCE788E900206D
:1052F000DCD1002089E9002038B5194C94F8C3317D
:10530000002B184B14BF012200221A7011D0052265
:1053100004F5CE71144817F046FC152204F2A111D1
:10532000124817F040FC12480D2204F5DB7117F00B
:105330003AFC94F8C431002B0E4B14BF012200221A
:105340001A700CD00C4C0D4A04F12005234603CBF7
:10535000AB42106051601C4602F10802F6D138BD24
:10536000C8EB002088E90020DCD10020C4D1002057
:105370004CE700208AE9002044ED00205CE7002093
:1053800038B50D4C0D49052204F5CE7017F00BFC15
:105390000B49152204F2A11017F005FC012509495B
:1053A0000D2204F5DB7017F0FEFB84F8C351FFF704
:1053B000A3FF284638BD00BFC8EB0020DCD1002089
:1053C000C4D100204CE7002038B50C4B1B789BB9AA
:1053D0000B4B0C4C03F1200518685968224603C298
:1053E0000833AB421446F7D1074B012483F8C4417C
:1053F000FFF782FF204638BD0020FCE78AE9002045
:105400005CE7002044ED0020C8EB0020064A074B73
:105410001178002003F11002392908BF1860043305
:105420009342F9D1704700BFB0220020B42200207F
:1054300050F8083C0133012B40F8083C35D91C4A90
:105440001C4950F8103C821AD21001FB02F2FF2BCB
:1054500030B48168D2B21CD90968013B8B62002448
:105460004FF0FF350123CD624B6140F8244C002101
:105470004FF4005540E9065101230F4C40F8081C39
:1054800020F81C3C20F81A3C237893420ED030BC04
:10549000704709685B0040F8103C4FF0FF35013B56
:1054A00001248B62CD624C61E1E7704730BCADE70F
:1054B00044400020B76DDBB6FC40002070B5174CAF
:1054C00006460025637820781946033428B123B1B5
:1054D000FEF70CF908B1864215D00135152DF1D132
:1054E0000F48D0F8F441002C0BDD00F5FC700246AB
:1054F00000239168E43209B18E4208D001339C4206
:10550000F7D1084870BD084800EB450070BDE425A0
:1055100005FB030303F1E00070BD00BFCCEB0020EE
:10552000C8EB002090F8040890ED00202DE9F84326
:1055300028B3DFF8589016460F46002309F10402FD
:1055400001E0152B1BD003EB43044FEA4308155D24
:10555000854203F10103F4D14C44617999B1FEF71E
:10556000C5F804462046FFF7A9FF03783BB9C844B5
:10557000204688F8C87188F8C961BDE8F88300241E
:105580002046BDE8F8830C46ECE700BFC8EB0020DE
:105590002DE9F843274D06460F4605F5E27805F15B
:1055A0003F0903E0A94508F102081BD06B78287871
:1055B000194603350028F5D0002BF3D0FEF796F8F6
:1055C00004460028EED0006811F08EFBB042E9D10D
:1055D0006379BB42E6D198F80030002BE2D0204638
:1055E000BDE8F883144DD5F8F491B9F1000F1DDD35
:1055F00005F5FC754FF0000803E0C14505F1E40531
:1056000014D0AC6808F10108002CF6D0206811F025
:105610006BFB8642F1D16379BB42EED195F8E03065
:10562000002BDCD1C14505F1E405EAD10024204678
:10563000BDE8F883CCEB0020C8EB002030B40B4D64
:1056400000232C1D01E0152B0CD003EB430201338A
:10565000A15C8142F7D12A44517918B111B130BC13
:10566000FEF744B8002030BC704700BFC8EB0020F4
:1056700030B4EFF31181102383F312880F4A94683A
:10568000136813F4803F0E4B1EBF0120C3F888053A
:1056900094680C4AC9B21568D3F8882581F311883B
:1056A000094B19684FF47A702A4400FB01F31B1B65
:1056B00030BCB3FBF1F300FB0230704710E000E0B8
:1056C000C8EB002084190020A4A60020114B5B68C1
:1056D000C3F30803E3B9EFF31183CBB930B40E4A37
:1056E0000E4D0F481368846811688B42FAD1D5F8C3
:1056F0008C158C42F6D80B4A11684FF47A7000FB77
:1057000001F2121B30BCB2FBF1F200FB0320704728
:10571000AEE700BF00ED00E084190020C8EB0020D8
:1057200010E000E0A4A600202DE9F04F2DED048B41
:10573000874B197899B002290391019040F0C380FA
:10574000844BDFF860B21B78DBED567A824E08EEB0
:10575000903AF8EEE88A337F68EEA78AF5EEC08AC1
:10576000F1EE10FA40F3588407EE903A9FED7B6A11
:10577000DFED7B6AF8EEE77AB7EE007AA7EE867A7D
:10578000B7EE086AC6EE077A86EEA87A27EE877A21
:10579000744FDFF81492B7F82C3199F8000007EE37
:1057A000903AF8EEE77AF4EEC77AF1EE10FA88BF95
:1057B000F0EE477AFDEEE77A17EE903AB3F5FA7F0E
:1057C000A8BF4FF4FA73052BB8BF052307EE903A34
:1057D000B7F82E312728B8EEE78A07EE903A00F0A6
:1057E0005785F8EEE77AB4EE678AF1EE10FA1CD02E
:1057F000DFF8B8815C4D08F1C00458F8043C40461D
:10580000B0EE480A08F1300813B1D5ED010A984707
:105810004445F2D1BCEEC88A99F8000018EE103A5F
:105820002728A7F82E3100F05087738A4F4CDFF8F5
:1058300080E1DFF880C14E4FDFF87C819FED4D6A3B
:10584000DFED4D6ADFED4D4A05EE903AF8EEE55A90
:105850002546714662460123A246F5EC017AB7EC73
:10586000017A77EEE57AF4EEC77AF1EE10FA00F3FA
:10587000EF84B1EE475AF4EEC57AF1EE10FA48BF64
:1058800077EE877A032B00F08184F4EEC67AF1EE8E
:1058900010FA88BFF0EE467AF4EEE67AF1EE10FAEE
:1058A000B8BFF0EE667A27EEA47A0728C1ED007A39
:1058B00082ED007A00F08384042B00F089840133A8
:1058C00004310432C9E701222D4B91421A7040F095
:1058D0001D812C4C9FED227A637807EE903A2A4B7B
:1058E000F8EEE77A1B7867EE877A13F0010F274B03
:1058F0000593BCEEE78A40F0EE8218EE103A01996B
:10590000234ADFF8A0B00B4413600920F2F77CF9BA
:10591000002800F0A3811C4B1B78DD0700F19E815D
:105920001C4B0093DFF894A0DAF8002000234FF41A
:1059300000719A42CDE91333159176DD164A174C62
:105940009FED178ACDF818B09846914641E000BF08
:10595000A4A4002028CB002024410020CDCCCC3DA5
:1059600000247449AC5A0020388B00209C7F002012
:1059700018CB00200000FA430000FAC36F12033B6B
:10598000AA80002050CB0020C8790020CA790020CE
:1059900060CB002060760020F4CA0020E8AE002032
:1059A0008096984AC8EB0020B0220020245B00209B
:1059B000887900201C5A0020B0220020D8CA00207C
:1059C0001D2940F2E181DAF8003008F1010898451C
:1059D00029DA19F801BB0BEB4B0615A814F81610C1
:1059E00002910BF0AFF937464FEA4B0304EB460642
:1059F0007D000299049337460028E1D080480BF0DF
:105A0000A1F902990346002800F0EB8114A80BF0DD
:105A100079F9317813A80BF085F9DAF8003008F13C
:105A200001089845D5DBDDF818B0764F3B68002BB0
:105A300021DD754E754C002516F8018B08EB4803E7
:105A400004EB430314A8597902910BF07BF90299F6
:105A5000814613A80BF076F908EB480889EA0000A4
:105A6000C3B213AA04EB480014A9F2F79FF83B68ED
:105A700001359D42E0DBDDE91330654A604912786B
:105A8000434013930B60002A00F0C784009B1B68FF
:105A90009F0700F18F82059B5E4A1B881178C3F334
:105AA000C003994202D00021137011820820F2F73E
:105AB000ABF8002800F03082574B1B68580500F106
:105AC0003782564ADFF88C9102231370544B1B78AF
:105AD000002B00F0CE8199F80030462B08D10399B5
:105AE000504A0BEB8103D3F834369B1142F8213036
:105AF0004A4B4D4A1B780BEB8303D3F834369B118A
:105B0000136019B0BDEC048BBDE8F08F474C2378CF
:105B1000002B40F0D081464B1A78002A00F0D68145
:105B2000444A002119701478434B1B68002C40F044
:105B30007782019A9A4240F27982404F3B78002B5B
:105B400001F0D8823E4BDFF80C91DFF80CB13D4EEE
:105B50009FED3D8A02939846CDF800909A462FE03B
:105B6000B5EE400AF1EE10FA15D0BBF8003007EEA2
:105B7000103ABBF80230B8EE477A07EE903A30EEB2
:105B8000470AF8EE677A37EEC77A60EE087A87EE52
:105B9000870A30EE080A2D4B03EB840383ED000ADD
:105BA000A500009B1B78292B03D114F0BBFB1D4BD8
:105BB00058513D780134AC420BF1040B80F2598509
:105BC000072CD8BF315DB36AD2BF8946E1B2A14686
:105BD000002B40F04183DAF80830404698471C4BD0
:105BE000042C03EB890989ED000AB9DD174B072C5A
:105BF00003EB840383ED000A4FEA8405D9DCD0E788
:105C000008880020DCCA0020E0CA0020E8AE00209E
:105C1000B059002070BA0020FC550020A4A4002038
:105C2000AB800020B42200201C860020A6A4002007
:105C3000A5A400209CAE002098AE002014B0002047
:105C4000004100202441002000007A4450AE002092
:105C5000CCE30020B022002014560020C54B1D7854
:105C6000C54BC6499A8ADB8A06EE902A07EE103A9F
:105C7000F8EEE66AB8EEC77A01F110020023F1EC03
:105C8000017AF4EEE67AF1EE10FA4FEA9303C8BF18
:105C900063F07F03F4EEC77AC8BFDBB2F1EE10FA0F
:105CA00048BF43F040038A42E9D19BF821269A423B
:105CB00000F074850022ABF822268BF824268BF89E
:105CC0002136002D00F0AE845F2B01F086816F2B12
:105CD00001F05C81AA4B00221A60AA4B1B78DA07FC
:105CE0003FF51EAE9BF82436002B7FF419AEBBF9AE
:105CF0002236322B7FF714AEA34B1B78012293423E
:105D00008BF8242601F00E821920F1F77DFF002880
:105D10007FF406AE9D4B1B78002B3FF401AE9BF841
:105D20002136572B01F047825D2B01F016825E2B46
:105D300001F012825B2B01F03182562B01F0B78209
:105D4000972B01F0BD82A72B01F0C382059A128820
:105D500002F00602002A41F05D82B73B072B3FF6B6
:105D6000DFAD01A252F823F013680308215903089C
:105D7000215903082159030805680308215903081C
:105D8000FB670308ED67030802356219635713F1D7
:105D90007D0F1FDB92F901207D2A1BDC934219DA6B
:105DA0007649727801EB8202D2ED057AFCEEE77A51
:105DB000052117EE902A40F2DB5592B211FB0353F6
:105DC000934207DA96F9030011FB00508242CCBFE0
:105DD000002001200346384613AA14A9F1F7E6FE75
:105DE000F1E5023504EB050C605710F17D0F20DB67
:105DF0009CF901507D2D1CDCA8421ADA5F4A7578A7
:105E000002EB8505D5ED057AFCEEE77A4FF0050E3D
:105E100017EE902A40F2DB5C95B21EFB00C0A84250
:105E200007DA96F903301EFB03C39D42CCBF002363
:105E30000123574802930AF085FF029B0028CAD12C
:105E40000293FFF743FC07EE900AF8EE677AF4EE50
:105E5000C87AF1EE10FAFFF6B6AD029B002B7FF484
:105E6000B2AD049B4A485B4414F813100AF05AFF81
:105E7000A9E5FFF72BFC039F464A0BEB870312684B
:105E8000D3F83456D469019BAE11E109B6EBD41FA7
:105E900018BF8D01C3F10103184418BFA911BA003E
:105EA00088425A44CBBF800105F1FF35C2F8340661
:105EB000C2F834560FE6384803699847374B1A78CA
:105EC00080F001002070002A7FF42AAEDFF8DC9019
:105ED000DFF8DCB0B8E11B885E063FF50EADF1F7E8
:105EE000B5FE244B1D780646002D00F0568500288F
:105EF00041F0C38018EE103A2BB1294B019A1B6870
:105F00009A4201F23081DFF8A8B01020FAF75EFC67
:105F100001238BF82036F8E41A4A13785C0744BF53
:105F200023F0040313701F4B1B6858057FF5C9ADA0
:105F30000F20F1F7F7FD002840F04983114B1B7843
:105F4000D90740F14A839BF83036002B7FF4B9AD76
:105F5000154C04F5287594F8DA30002B41F06F8069
:105F6000E034A542F7D1E0F775FF01238BF8303616
:105F7000A7E500BF14CB0020244100209C7F002017
:105F80005CCB0020C87900209422002015CB002093
:105F9000F0F100201C76002000410020A5A4002084
:105FA00060CB0020FC550020A0560020B02200202D
:105FB000C8EB0020D14B1B78DE070DD50620F1F78A
:105FC00023FE002840F00384CD4BDB7823B1CD4B7A
:105FD000DB79022B00F0FB834020FAF76BFDC74B07
:105FE0001B78DD0705D50520F1F70EFE002841F0EE
:105FF00016802020FAF75EFD0120F1F705FE00284B
:1060000000F0F9820220FAF765FD0420FAF752FD4C
:106010000820FAF74FFD3EE59FEDBB7AFFF7B8BBCE
:106020000199994284BF04F1FF341470B74BDFF833
:106030001093B74CDFF80CB30293029B5869002809
:1060400000F0908080470746FFF740FBDBF8F4350F
:10605000FB1AA0EB070000F0858099F80060DBF8E0
:10606000FC55019ACBF8F8353E2ECBF8F475A2EB2F
:10607000050500F08280A842B8BF1D46BBF8003677
:10608000019ACBF8FC2507EE905AAAB2632BB8EE22
:10609000E77AABF8762100F25283DBED566A0133E2
:1060A0009BB237EE667AABF8003607EE903AF8EE20
:1060B000E77A94ED000A87EE278A38EE268A8BED80
:1060C000568A14F02FF9BBF8023680B2834200F0F2
:1060D0002183BBF80436032B40F22483DBF8083617
:1060E000ABF802060022ABF804269B08B3F57A7FD2
:1060F000A8BF4FF47A730A2B8649B8BF0A2300223F
:1061000051F8040B8342C0F085870132042AF7D18D
:106110003E2E13D1804B814A1B78D36107EE903A13
:10612000F8EEE77AADB267EE887ABDEEC88AFDEE8A
:10613000E77A956082ED008AC2ED017A784B1D788E
:10614000022D00F0D986042D00F0F786012D00F015
:106150000287744B019A9A4200F21883724A012313
:106160001370B3E499F80060DBF8FC55019ADBF892
:10617000F8353E2EA2EB050504D16849C1E9043586
:1061800088613E26002B3FF479AF74E7F1EE677A21
:10619000F4EEC67AF1EE10FA88BFF0EE467AF4EE2D
:1061A000E67AF1EE10FAB8BFF0EE667A27EEA47A3E
:1061B0000728C1ED007A82ED007A7FF480ABFDEE16
:1061C000E77A042B17EE904A48F823407FF477AB28
:1061D000B38ADAED046ADFED555A9FED4B5A9FED15
:1061E000546A07EE903AF38AF8EE677A07EE103AAF
:1061F00076EEE76AB8EE477A66EEA56A37EE677A1A
:106200005446C6EE877AF4EEE57AF1EE10FA88BFCE
:10621000F0EE657AF4EEC57AF1EE10FAB8BFF0EE62
:10622000457A27EE867A0728CEED047A8CED047A3B
:1062300004D13A4BFDEEE77AC3ED047AF1F7EAFEBA
:106240002E4B1B78DA0737D5374A002313703DE40D
:1062500077EEC77AFFF716BBDAF808304046984762
:10626000BCEEC00A182010EE103A9DB2F1F7CCFC3B
:10627000304BB16A33F8192028B1012303FA09F32E
:106280000B4218BF154607EE905AB8EE670AA6E40F
:10629000F8EEE77A214BBDEEC87AB4EE678AF1EEEC
:1062A00010FA83ED067A7FF4A3AAFDEEE88A272090
:1062B000C3ED078AFFF7B9BAD4ED007A1E4A1F482A
:1062C000FDEEE77A164617EE903AB3F5FA6FA8BFDF
:1062D0004FF4FA63B3F57A7FB8BF4FF47A73A3F53E
:1062E0007A73C3EBC3135B00A2FB03239B097F3BC1
:1062F0008DF854300DF1550217AD48E0C8790020F3
:10630000F07F002008CB00200000000000410020AA
:106310009C7F0020D4F1002028CB0020B422002054
:10632000E4A60020404B4C00A4A4002000007A44C6
:106330006F12833AA8A40020D34D62104DFB0408CD
:10634000B0220020C8EB002010F8011B04EB8103F1
:10635000D3ED007AFDEEE77A013217EE903AB3F50D
:10636000FA6FA8BF4FF4FA63B3F57A7FB8BF4FF462
:106370007A73A3F57A73C3EBC3135B00A6FB0373B5
:106380009B097F3B012908BF5B4202F8013C954213
:10639000DAD10020CE4D02460823012601E015F88F
:1063A000013B04EB8303D3ED007AFDEEE77A06FAB6
:1063B00002F117EE903AB3F5FA6FA8BF4FF4FA6303
:1063C000B3F57A7FB8BF4FF47A73A3F57A73C3EB52
:1063D000C3135B00B3F5FA3FA8BF084302F1010203
:1063E000A8BF40B2082ADAD1BA4B8DF85C0093F806
:1063F0007422D3F89832032A02D0002B3FF424AF42
:106400001A7B002A7FF420AF01221A73832109230B
:1064100015AAB048D5F7F8F916E70920F1F7F4FB0B
:1064200020B1AD4B1B78DE0740F1FA81AB4B1B78F6
:10643000002B00F0DD820023A94CDFF8D0920293FC
:10644000CDF818B058E0D9F80C30C31A002BB8BFFB
:106450005B42022B00F3F784D9F80430ABEB030363
:10646000002B42DB94F9053013F17D0FC0F2C1849B
:1064700094F906207D2A00F3BC84934280F2B9840B
:10648000FCEEC87A0520CDED047ABDF8101040F27C
:10649000DB5C10FB03C38B4280F2AB8410FB02C2B7
:1064A000914200F3A6842846F1F7E6FBB4F90C808C
:1064B000801BB4F90A608B4A05EB450302EB8303AA
:1064C0004FEA450AB3F99E21B3F9A031824203DCB9
:1064D0008342A8BF03461A46B24203DB4245A8BF27
:1064E00042461646B74240F0BD827F4B1034A3426D
:1064F00009F1100900F066826278FF2A1FD094F932
:10650000023013F17D0FF0DB94F903107D29ECDCF0
:106510008B42EADA754800EB8202D2ED057AFCEE96
:10652000E77A052017EE902A40F2DB5592B210FB75
:1065300003539342D9DA10FB01518A42D5DC6C4BEC
:10654000D3F800B0D9F80030ABEB0303002BCCDB61
:10655000664A23792578D9F8087002EB830393ED16
:10656000058AB0EE480A13F0DDFEA67B002E7FF40C
:106570006AAF94F9051094F90620B4F90C80B4F9C7
:106580000A60A2EB010CA8EB06034FF0050E40F2E7
:10659000DC5A0CEB8C0C1EFB01A104939CFBF3F367
:1065A00003EBD373A1EB630188424FEA630340F32B
:1065B000EE831EFB02AE7344984280F2E883049B94
:1065C000401A03FB00F393FBFCF0304473E70F2009
:1065D000F1F71AFB00287FF4B6AC9BF83036002B9D
:1065E0003FF46FAAE0F736FCF2F7D0FB00238BF8FC
:1065F0003036FFF766BA0220F1F706FB002840F0BC
:10660000EA800320F1F700FB002800F00D8502204E
:10661000FAF750FA0420FAF74DFA0820FAF75AFA76
:10662000FFF739BA2846F1F7EFFA002840F0FF806B
:10663000304B314A1D60284B15601B78D8077FF519
:1066400051AB264B1B78002B3FF46AA92B4BDB7810
:10665000002B7FF465A99BF825360133DBB2032BB1
:106660008BF825367FF65CA90420F1F76BFCFFF769
:1066700034BB0720F1F7C8FA184B1D4A1B7811925A
:106680001268DDF8009008920090002B40F0D58051
:106690001B4A0E921370002D40F0D980194B134CF9
:1066A000DFF86CB00F93F1F71BF999F80030282B45
:1066B00006D1D4ED047A144BFDEEE77AC3ED037AEC
:1066C0000F9A137801331370B7E40F4BEDE500BF59
:1066D00055FB0408D8160020C8790020E57F00206B
:1066E000CCE10020FCF60408CCE300209C7F0020D5
:1066F000841900205CCB002064CB0020F07F0020B8
:10670000AC8900209DAE0020B422002080E700204C
:10671000C8EB0020BBF80426DBF808360132ABF8E2
:106720000426E2E40BEB8301DBF80836D1F80C26F3
:1067300001330132C1F80C26CBF80836D0E4B44955
:10674000DBED566A0978002900F03881A2F2B732F1
:1067500092B24FF630218A4200F23081F6EE087A8A
:1067600066EEA77AB4EEE77AF1EE10FA00F1128540
:10677000F7EE047A66EEA77AF4EEC77AF1EE10FA35
:1067800098BFB0EE677A37EE667A8EE4A14B9A78BE
:10679000002A7FF4E3AC01229A70DFE49E4A9F490D
:1067A0001268BBF92206966881FB0621F617A6EB54
:1067B000A11202F5FF427F3290424FEAA1113FF74A
:1067C0007EAA8A1B0244ABF82226FFF778BA402043
:1067D000FAF780F903E40220FAF76CF90420FAF7DB
:1067E00079F90820FAF766F9FFF755B90220F1F7B1
:1067F00007F98B4B0093FFF795B80320F1F700F9E9
:10680000FFF78EB80020F1F7FBF8854B0093FFF7F8
:1068100089B80120F1F7F4F8814B0093FFF782B8B3
:10682000009B1B689B073FF5D7ABFFF734B98BF88C
:106830002556F1F7C3FDFFF750BA009B794A0E9237
:1068400083F00103DBB21370002D00F05085764A0F
:106850000F921146754A087875490D90B1F800E01D
:106860000299744891F800A06A4990F800B0C9787C
:106870000A91318B0D980491718B0C9199F800104D
:1068800005910146A2FB0112B6F812C06A4F6B4C8B
:10689000DFED6B8A9FED6B8ADDF83880CDF8409094
:1068A00007EE90EA02F0FE0101EB5202F8EE679A61
:1068B000089907EE90CA821AD2B20AF1FF3A0B92F7
:1068C00001F596710BF00102B8EE679AA7F5B26B6D
:1068D000B946CDF824B000265FFA8AFA0691174629
:1068E000A346594A02EB860292ED000AB40053B166
:1068F000FCEEC07A049A17EE903A9BB2934202D310
:106900000C9A93423FD9002F40F0A582009B5BB9BF
:106910004E4B089A1B59D31A002BC0F2C582042E85
:10692000DCBF002388F80030F0B2EAF7E1FE07EEA2
:10693000900AB8EE670AB4EEE80AF1EE10FA88BFE2
:10694000B0EE680AB4EEC80AF1EE10FAB8BFB0EEC5
:10695000480ABAF1010F40F21D820BEB040383EDEC
:10696000000A072E06DC059B2A2B03D113F0DAFC64
:10697000374B18510136AE4209F1060900F09982F1
:1069800098F80030ADE7314B069A1A51002F40F0CD
:106990007082009B002BCED0C6E700283FF4B3AA3C
:1069A000DFF8BCB09BF82036002B3FF459A9F9F76B
:1069B000F3FE00238BF82036FEF7A7BF9FED257A64
:1069C000FFF773BB029BDDF818B0DD0700F15283BF
:1069D000029B9C0700F14983029B580700F1398311
:1069E000029B1A46120700F13C83002B7FF44EA84D
:1069F000194BDBF82C261B689B1A40F6B8329342E1
:106A00007FF744A8154B00221A60FFF73FB800BF7C
:106A1000E57F0020F07F00201C760020D34D62101F
:106A200060760020AC8900209DAE0020ABAAAAAA07
:106A300008CB0020C879002058F100209C7F00205E
:106A400000A00C4500803B4450AE0020A0AE0020CA
:106A5000B4220020000000008419002008820020D9
:106A6000C8EB00206F1E382F3AD8DFE817F003017B
:106A7000FE00F6003900F200EE00EA00E600E20057
:106A8000DE00DA00D600D200CE00CA00C600C20086
:106A9000BE00BA00B600B200AE00AA00A600A20076
:106AA0009D00980093008E00890084007F007A008A
:106AB00053014E01490144013F013A0135013001C2
:106AC0002B01260121011C01170112010D010801F2
:106AD000670162015D015801880183018D01620037
:106AE000994B19684DBB069BD3F82C3640F6B8324B
:106AF000CB1A934202DD954B00221A60944B1B780F
:106B0000002B40F0BE810120F9F7BAFF914BC9F884
:106B10000860554403EB85058F4B95F89C01029D59
:106B20000BF5FA71012205430295C9F800101A709D
:106B3000DBE48A4BDE80844B1968FFB2012FD2D987
:106B4000844A82480AEB050302EB8303D3F89821B9
:106B5000069B0260C3F82C168149824B0D601E60B3
:106B6000CCE7814B1B6883F84560E4E77E4B1B68EC
:106B700083F84E60DFE77C4B1B6883F84D60DAE7F3
:106B8000794B1B6883F84C60D5E7774B1B6883F81B
:106B90004B60D0E7744B1B6883F84A60CBE7724BBD
:106BA0001B6883F84960C6E76F4B1B6883F8486031
:106BB000C1E76D4B1B689E84BDE76B4B1B685E8411
:106BC000B9E7694B1B681E84B5E7674B1B68DE831A
:106BD000B1E7654B1B681E82ADE7634B1B68DE8126
:106BE000A9E7614B1B689E81A5E75F4B1B685E812F
:106BF000A1E75D4B1B685E839DE75B4B1B681E83B3
:106C000099E7594B1B68DE8295E7574B1B689E82BC
:106C100091E7564B1B681E748DE7544B1B689E739F
:106C200089E7524B1B68DE7385E7504B1B681E7368
:106C300081E74E4B1B689E727DE74C4B1B68DE72F2
:106C400079E74A4B1B681E7575E7484B1B689E74B5
:106C500071E7464B1B68DE746DE7731EDBB2032BD6
:106C60003FF669AF424AD37065E7701EC0B204F0C8
:106C70007BFD60E7701EC0B2F0F7C2FE5BE73A4BE7
:106C80001B6883F87B6056E7374B1B6883F87A6094
:106C900051E7354B1B6883F858604CE7324B1B6853
:106CA00083F8546047E7304B1B6883F8526042E733
:106CB0002D4B1B68A3F870603DE72B4B1B68A3F8B6
:106CC0006E6038E7284B1B68A3F86C6033E7264BEF
:106CD0001B68A3F86A602EE7234B1B68A3F8686063
:106CE00029E7214B1B68A3F8666024E71E4B1B684D
:106CF00083F840601FE71C4B1B6883F83E601AE76F
:106D0000194B1B6883F83F6015E7174B1B6883F826
:106D1000466010E7144B1B6883F844600BE7124B86
:106D20001B6883F87F6006E70F4B1B6883F87E6063
:106D300001E70D4B1B6883F87D60FCE60A4B1B687E
:106D400083F87C60F7E600BF8419002008820020E9
:106D500098870020FCF6040830CB00208CA500208A
:106D6000C07C0020C47C0020B47C0020B87C0020C3
:106D7000787D0020CC4B1B6883F88360DBE6CA4B30
:106D80001B6883F88260D6E6C84B9E70D3E638460F
:106D9000FFF791BB099A0B9992F8D805FCEEC07ADF
:106DA000CDED077ABDF81C3029F8113030B90D99B6
:106DB000022915D94FF0010382F8D835B9F802300D
:106DC000B9F800C0B9F804006344034418B2B84BE2
:106DD00083FB0023B74AA3EBE07322F816009BB2B3
:106DE00007EE903AF8EE677A0BEB0403C3ED007AF6
:106DF000B7E594F9073013F17D0FFFF676AB94F900
:106E000008107D293FF771AB8B42BFF66EABBCEE2D
:106E1000C88A052018EE102A40F2DB5C92B210FB03
:106E200003C39342BFF661AB10FB01C18A423FF737
:106E30005CAB2846F0F720FFB4F90C803044B4F97D
:106E40000A60FFF738BB0BF16403C9F80430C9F8D6
:106E50000C00FFF74ABB0A9B002B3FF457AD042EF2
:106E60003FF762AD042E14BFB0EE490AB0EE690AD6
:106E700061E50A9B002B3FF48CAD042E7FF75BADE0
:106E800052E58D4B1B780A3B012B3FF63CAE45206B
:106E9000E3F78CF90D20E3F789F92846E3F786F943
:106EA0003046E3F7ABFB2EE60BEB040393ED000A51
:106EB00041E50E9BDDF840901B785C46DDF824B080
:106EC000002B3FF4F0AB7D4D0420F9F713FE119B2E
:106ED00029691B68EB60002900F0DD80AA685B1A55
:106EE00093427FF7E2AB01234FF4004085F8253051
:106EF000F9F700FEFFF7D9BB714B7249DA7B04EB5F
:106F0000820454ED017A704AFDEEE77A17EE903A6A
:106F10001BB2B3F5FA6FA8BF4FF4FA63B3F57A7FEB
:106F2000B8BF4FF47A73A3F57A73C3EB8323A1FB45
:106F300003139B091380FFF70CB9FEF7C7FB634AE5
:106F4000634B1268801A98427FF703A95E4B0022B8
:106F50001A80FFF7FEB8DBF81C36019AD31A002B13
:106F6000FFF6F7A802F59C432033CBF81C3611F04E
:106F700093FF584A584B92F82C2033F812002946B8
:106F8000C0F38D00E9F7D2FDFFF7E3B81920F0F761
:106F90003BFE00287EF49EAEBBF92236B3F5FA7FA5
:106FA000FEF6BEAC9BF82436002B7EF4B9AC4B4AFF
:106FB000127801218BF82416D10700F1F680F1F741
:106FC000FDF9474B1B68002B00F0188100238BF85C
:106FD0002436444B0093FEF7A5BCBBF92236B3F52B
:106FE000FA7FFEF69DAC9BF82436002B7EF498AC1D
:106FF0003A4A3B4912780B60012312EA03048BF8EA
:10700000243600F0B9800320F0F79CFF354B009345
:10701000FEF788BC344B01321A70FFF779B8202094
:10702000F9F758FDFEF7E8BF0220F9F743FD042009
:10703000F9F740FD0820F9F73DFDFEF72CBD20686B
:10704000F9F75BFAE0220021204615F07BFCFEF701
:1070500087BF154B1868EBF76FFD029B19077EF58C
:1070600015ADEDF7B7FAFEF711BD0F4B1868ECF749
:10707000D9FFB1E4F0F782FCAAE4DFF874B001981C
:107080001A499BF8202618EE103A03440B60002A98
:107090003EF4E6AD8BE44FF400402B61F9F732FD8E
:1070A000D5E903311AE700BFB47C00208CA500208D
:1070B00056555555A4F1002050790020F07F00204E
:1070C00024410020D34D6210E6A6002084E9002070
:1070D00060E31600942B002058C90020C8790020D6
:1070E0005CCB00206076002028CB002060CB002005
:1070F000C8EB0020814B824A1B78119212681BB3A7
:107100000720F0F781FD7F4B7F4A029380F001005A
:107110007E4B0F93C3B2DFF834927D4CDFF830B270
:107120001370CDE67B4B93F8743293423EF4ECAD92
:10713000794B1B78032B3EF4F3AB784B5B7A002B37
:107140007EF4E2ADFEF7ECBB6F4A6E49DFF8FC91CE
:1071500002911370FFF7A2BA022004F005FB704BF6
:107160000093FEF7DFBBDFF8E8B10220F0F7EAFE9C
:107170008BF82066FEF7C9BB0F20F9F727FBBBF899
:1071800022368BF82446FA3BABF82236644B009348
:10719000FEF7C8BB37EEE67AFEF787BF012004F0A2
:1071A000E3FA5F4B0093FEF7BDBB5E4A5C4900917A
:1071B0001360FEF7B7BB5C4A5C4B108B19685C4AE6
:1071C00042F2107303FB00F39068B3FBF0F3C2F8D4
:1071D000B431C2F830330B066FD4514B00931B68A7
:1071E0005F077EF59FAB53485349544B142400224C
:1071F0000480002008801A60FEF794BB504B1B6887
:10720000B3F5805F7EF48CAB2378002B7FF4DEAE89
:10721000FEF786BB9BF82626002415941AB103F0CE
:10722000C002802A5BD1B73B072B3EF679AB01A2A7
:1072300052F823F0A57203082159030821590308C5
:10724000215903089D72030821590308937203080A
:10725000557203080123ADF854303A4BBDF856007F
:107260009989DA89BDF85440024421440120DA8129
:1072700099818BF82606F9F703FCBBF82236284AD9
:107280000092FA3B0022ABF822368BF82426FEF758
:1072900049BB4FF6FF73ADF85430DEE70123ADF87C
:1072A0005630DAE74FF6FF73ADF85630D5E709F000
:1072B0000DFD9BF82136FEF743BDE2F76FF98CE731
:1072C000174A214B00924FF4C872A3F8A820FEF78A
:1072D00029BBE7F7C7FD124B0093FEF723BB09F06C
:1072E000F5FC0F4B8BF826460093FEF71BBB074AB5
:1072F000074CDFF85CB00F92E2E500BFE57F0020AD
:107300008419002000410020AC8900209DAE00209F
:107310009C7F0020D8160020ED7F00209C79002063
:107320006076002064CB00205CA60020FC55002085
:10733000844100207CC8002084DF002088DF0020FA
:10734000AC7C0020305A00200CAB0020B022002082
:10735000C8EB002038B505460C46FEF7B7F92B7B85
:1073600093B90A4A13682044144623B907E003F18D
:1073700008049B681BB15A68121A002AF7DB012225
:10738000C5E901032A73256038BD00BFC8EB0020A2
:1073900038B50546FEF79AF90446FEF797F9031B40
:1073A000AB42FAD338BD00BF10B5441E013C4FF4C8
:1073B0007A70FFF7EDFF631CF8D110BD10B4EFF346
:1073C0001183102282F312880B4C0C4922680C485E
:1073D000013222608A68C0F88C250022C0F8882516
:1073E0000A68DBB283F31188064A5DF8044B136820
:1073F00001331360704700BF8419002010E000E0E3
:10740000C8EB0020D4220020014B18690EF090BD7B
:10741000D0DC0020014BD8680EF08ABDD0DC002003
:10742000014B98680EF084BDD0DC0020014B5868F9
:107430000EF07EBDD0DC0020014B18680EF078BD48
:10744000D0DC00200368DB6A03B11847704700BF37
:1074500003689B6A03B11847704700BF03689B69C4
:10746000184700BF03685B69184700BF0368DB6803
:10747000184700BF03689B68184700BF03685B6834
:10748000184700BF03682DE9F0415F6A1FB13B4612
:10749000BDE8F0411847002A164611DD04460D46A6
:1074A0000E4400E023689B68204698470028F9D0E6
:1074B000236815F8011B1B6820469847AE42F1D19E
:1074C000BDE8F081DEE700BF03681B68184700BF16
:1074D00038B50C4614F8011B41B105462B68284607
:1074E0001B68984714F8011B0029F7D138BD00BF6D
:1074F00010B5084C236893F8252012B15B689847B3
:1075000000B910BD044A236812689A62012283F808
:10751000262010BD9C2200208419002010B5054CA7
:1075200023689B6898472368002283F826209A6284
:1075300010BD00BF9C22002010B5084C2368DB68FA
:10754000984723680022BDE8104083F826209A62FD
:1075500083F8252040F2DC501AE700BF9C2200206F
:1075600000207047054B53F8203033B11A689B88D0
:1075700051690B4218BF1B0493617047EC47002010
:1075800038B50409013C052C19D80F4D05EB440210
:1075900000F00F03B2F8601441FA03F212F0010296
:1075A0000FD001209840013808402C4411F03AFED9
:1075B00094F86C34054A184402EBC00038BD002032
:1075C00038BD104638BD00BFFCF6040808F20020A4
:1075D000F0B40F4A0F4E104F4FF090444FF6FF702B
:1075E0000125002340FA03F1C90704D505FA03F188
:1075F0001460918008320133102BF3D104F58064BC
:10760000BC4202D036F8020FEBE7F0BC704700BF77
:1076100008F200205CFB04080018004808B1FCF7E1
:10762000C5BF7047F8B50C4F97F824308BB10B4CA1
:107630000025A6683079FFF7A3FF94F8B810727A96
:10764000FFF7ECFF97F824300135AB4204F59A744C
:10765000EFDC0120F8BD00BFEC4900204C500020B9
:1076600010B10022FCF7A2BF704700BF38B5094C2B
:1076700004F5407502E00834AC4209D0A379002B30
:10768000F9D1204620210834FFF7EAFFAC42F5D1BA
:1076900038BD00BF08F200202DE9F041104D012453
:1076A0002E1D4FF05108522715F8010BFFF768FF08
:1076B000202120B180F80680C471FFF7D1FF16F8B1
:1076C000010BFFF75DFF402118B18771C471FFF70F
:1076D000C7FF0134E4B2052CE6D1BDE8F08100BF5C
:1076E00008F5002010B1036882889A62704700BFD5
:1076F00010B1036882889A61704700BFF8B5856948
:10770000002D38D02C68236A1B7B002B59D12269AD
:10771000364B117AD2F800C0666962683068194445
:1077200011F8017C5CF8071021F001014CF80710FA
:10773000317A1944022311F8017CC15921F0010169
:10774000C151317D8B4043F00C034360536823F0FB
:1077500002035360536823F001035360236A1B69DB
:107760008BB1236A686F1B699847012804D00228EF
:1077700009D100232362F8BD236A143B014623622A
:10778000284610F0DDFE236ADA6942B95869E8B18B
:10779000996921625A61BDE8F84010F0F9BE216A8A
:1077A00094F824200E7B14332362F6B2A2B97EB97A
:1077B000284610F067FE28460121BDE8F84010F089
:1077C000BFBEA868FFF794FF2C68A0E72062F8BD51
:1077D000A868FFF787FFEBE70021284610F0B0FE0E
:1077E000002384F82430002EE2D0F1E70C230508B2
:1077F00018B10268838809B1936170471B04FBE7E5
:107800000F4B1B8801462BB90E4B0F4A1B78106893
:107810007BB1EDE70D4B5A698AB168B10C4A186823
:1078200011880C4AB2FBF1F201210A41026059743D
:10783000704781F00101DBE71A68106058747047E7
:10784000FE4700200448002000480020084800208F
:107850002048002040420F0038B5074B03EBC0041E
:107860002579627969408A4200D138BD53F83000E9
:10787000FFF7BEFF617138BD6441002010B40A4BB0
:107880000A4A1C7801238340234052F8200029B182
:10789000191E5DF8044B18BF0121A9E7B3FA83F163
:1078A0005DF8044B4909A3E7E4470020EC470020BA
:1078B00008B501210020FFF7E1FF01210846FFF78D
:1078C000DDFF01210220FFF7D9FF114B1B7803F0E8
:1078D0000503052B18D000210846FFF7CFFF002134
:1078E0000120FFF7CBFF00210220FFF7C7FF322066
:1078F000FFF75AFD0020FFF735FE0120FFF732FEAB
:107900000220FFF72FFEF2E7EBF720FCE3E700BFD2
:10791000C4DC002070B50E46012104460846FFF77E
:10792000ADFF00210846FFF7A9FF44B3651EEDB285
:10793000013E0120FFF716FE0020FFF713FE012095
:10794000FFF75EFF3446013C4FF47A70FFF720FDED
:10795000621CF8D10120FFF705FE0020FFF702FEB0
:107960000020FFF74DFF3446013C4FF47A70FFF7DB
:107970000FFD631CF8D1013DEDB2FF2DD9D170BDD3
:10798000013070B5C6B24D1E32210520FFF7C2FF8F
:107990004FF4FA744FF47A70FFF7FAFC013CF9D116
:1079A000FA213046FFF7B6FF4FF47A744FF47A703D
:1079B000FFF7EEFC013CF9D1013DE5D270BD00BFFF
:1079C00008B50A21FFF7DCFFEBF7C0FBFFF7B4FDBA
:1079D000EBF7EAFA72B60EF021FA00BF30B1036895
:1079E00082881B691A4214BF01200020704700BF23
:1079F00028B18088B0FA80F0C0F11F0070474FF0C6
:107A0000FF3070474FF47C40FCF746BD4FF4787070
:107A1000FCF742BD1020FCF73FBD00BF0820FCF77B
:107A20003BBD00BF0420FCF737BD00BF0220FCF7C0
:107A300033BD00BF0120FCF72FBD00BF60B18288BD
:107A40004FF00043B2FA82F2D34005D0034A1168E6
:107A500021EA030111605361704700BF0004014037
:107A600058B183884FF00042B3FA83F332FA03F33C
:107A700003D002490A6813430B60704700040140B9
:107A8000F0B4124E124C06F274473D46002304E057
:107A900001331E2B17D055F83340A042F8D107EB25
:107AA000C3044FEAC30C24798C42F1D1094B02EB99
:107AB0004202664403EB820096F879148160F0BCC0
:107AC00003F8221070470020F0BC7047FCF6040851
:107AD000002C0140500900202DE9F041154686B0E8
:107AE0006A1C8846BDF830600D9F194626D00309F0
:107AF00000F00F044033CDE90045174A05933046A6
:107B0000B847C0B1EAB20F2AD8F8000098F80510BB
:107B100011D82A46FFF7B4FF68B1028801780391B3
:107B2000C2F30321120BCDE900420291059B0B4ADF
:107B300000213046B84706B0BDE8F0817306FAD49C
:107B40000309074A00F00F000C9040333046BC4652
:107B500006B0BDE8F0416047307705084277050878
:107B60006C770508D8B170B406460E483579041D07
:107B7000002301E0152B0FD003EB43020133A15C7E
:107B8000A942F7D10244717992F906203068D3B244
:107B90000F2B01D870BC73E7002070BC7047002029
:107BA000704700BFC8EB0020D3B20F2B21D830B4F0
:107BB0000025114C2B4604E00133252B16D014F878
:107BC000035FA842F8D165788D42F5D10B490C4C82
:107BD00003EB430302EB42020B4404EB820093F8F5
:107BE0006635836004F8223030BC7047002030BC1A
:107BF00070470020704700BF60FC0408FCF60408D2
:107C0000500900202DE9FF471E46C368BDF83070BB
:107C1000DDF8348004468946924643B3CBB20B2B41
:107C20009ABF1A4AD5560025BAF1FF3F21D02368E2
:107C3000174A3146CDE9005A3846C04752462079A6
:107C40005FFA89F1FFF7B0FF024600B10288D3B2B4
:107C50000393C2F30323120BCDE9005202930D4AA2
:107C6000236831463846C04704B0BDE8F0874D1C54
:107C7000DAE77B06F8D42368074A0C953146384684
:107C8000C44604B0BDE8F047604700BF545D050836
:107C9000807705088D770508B27705082DE9F04F44
:107CA0002DED028B0A468BB00021824603F016FDB3
:107CB0006E4D814605F1900B00266D4B93F86441A3
:107CC000AB7AB34200F393801035AB45F4D140F268
:107CD000162009F01DF9D0E902530CB12C461D46BF
:107CE0000DF1100B15220021584614F02BFE002731
:107CF0002E78002E42D069783046FBF717FD95F9B3
:107D0000023002935A1C534208EE100A5341002CD1
:107D100000F0A880002214F802C0B44504EB020071
:107D200040F09C8090F90280029A424540F0948095
:107D300042788A4208BF012301220BF8072003F092
:107D400001034A4683F001015046039303F0C6FC49
:107D5000039B81464CB1474A18EE101ACDE900A2A8
:107D600030464246FFF7B8FE039B434A18EE101A0E
:107D7000CDE900A23046029AFFF7AEFE0137152F7B
:107D800005F10305B4D16CB33A4FDFF8EC8004F190
:107D90003F061BF8013B02930BBB2078F8B194F926
:107DA000022001321BD06178FBF7C0FC4A46054631
:107DB0000121504603F092FC94F90220029B2946CF
:107DC00081462078CDE900A7FFF786FE2078029B48
:107DD000CDE900A84FF0FF322946FFF77DFE0334BE
:107DE000B442D6D10BB0BDEC028BBDE8F08FE88871
:107DF00009F08EF8D0E902230CB114461A462B7A0A
:107E0000697A06FB031312F9038014B3E756B845E9
:107E10000CBF012300234A4614BF01210021504614
:107E2000029303F05BFC029B814644B1114A314648
:107E3000CDE900A228463A46FFF7E4FE029B0E4A2F
:107E40003146CDE900A228464246FFF7DBFE013667
:107E500033E74FF0FF37DAE700236DE703323F2ABD
:107E60007FF459AF4FF0FF386BE700BF100A0020D6
:107E7000C8EB00203DE303086DE30308074A002335
:107E80005168814203F1010302F1240203D0102B57
:107E9000F6D100207047D8B2704700BF64010020BF
:107EA00038B5054600780C46FFF76AFB611CC9B27D
:107EB000044610B140238371C17120466978FFF7F1
:107EC000CFFBAB78204613B1BDE8384010E4BDE8E5
:107ED000384007E40D4B2DE9F0411F680C4E054674
:107EE0000024A74201DCBDE8F08104EB440303EB6E
:107EF0000608F05CFFF744FB854204D1214640466A
:107F0000BDE8F041CCE70134EBE700BF602B002077
:107F1000642B002070B40468EFF31186102383F300
:107F2000128803681B6AE3B18B6805460A461BB1D9
:107F3000D3691432002BFBD1236ACBB19C683CB9C6
:107F4000934209D01C682CB15B689C68002CF7D068
:107F50001433F3E7C3E90051F6B286F3118870BC1D
:107F600070472162F6B286F3118870BC10F010BB26
:107F70001D60FFDE03680246187B18B1586908B11E
:107F800092F86800704700BF2DE9F04F6D4DDFF8A3
:107F9000C08183B000272B78022B09D00137042F32
:107FA00005F1280508F10508F5D103B0BDE8F08F0B
:107FB00098F90340621C00F08A80E4B226465FFA1A
:107FC00087FBA94662B259460020FFF7EDFD8246C5
:107FD00000286BD040685C4DFFF750FF421E02EB5B
:107FE000C20305EB83030BF1010E93F81CC0BCF137
:107FF000000F5BD14FF014051D7783F81DE00028BA
:1080000054D0544204F0070419464D4602F00702CA
:1080100058BF6242DAF80830CB60013229610A7237
:1080200081460FF0BBFC98F90440631C4BD0E4B2CE
:10803000A246CDF8009062B259460120FFF7B4FD88
:10804000064600283AD04068FFF718FF3E49431E15
:1080500003EBC30C01EB8C0C0BF1010E9CF81C1014
:1080600061BB4FF013098CF81C908CF81DE028B30D
:108070005C4204F0070403F0070358BF6342DDF8D5
:108080000090B468CCF80C400133C5F814C08CF8EB
:108090000830CDE900100FF081FCDDE90012B9F1E4
:1080A000000F17D10023C5E9043377E70134E4B2A8
:1080B000B44287D94D464FF00009B4E70134E4B229
:1080C000A245B8D2EEE74FF00F0A0024B1E70F2621
:1080D000002474E76869CDE9002110F0F3FB2869FA
:1080E00010F0F0FBAC692046D9F746F828690199F1
:1080F000C0686B6860621020C4E902016869009A78
:10810000A1620C33C4E906112360216180B1EC69DE
:108110002046D9F731F8686901996B68C068009A00
:108120006062C4E902110C332360A1622161A16184
:108130000023104605491A460FF014FC01232B7347
:108140002CE700BF10F5002064010020FD76030835
:10815000C83F00200139032930D81D4B01EB8102B3
:1081600070B403EBC20403F6481394F8485903EBC8
:10817000C203022D4FF00102036080F868201FD077
:10818000C9B2144BC1EB011153F83130C4F84C396A
:108190008BB102264FF4807500F1100100F13C0311
:1081A00084F848691046A4F85459C4F86019C4F812
:1081B000643970BC7047002070BC70470020704765
:1081C00094F855391344104684F8553970BC7047FB
:1081D000C8EB00206CDD00200A4B1B68B0EB930F4E
:1081E0000ED210B49A080446072102205208430018
:1081F000944298B201D20139F8D15DF8044B70472E
:1082000002207047D400002070B592B004460023CD
:1082100001228DF807100DF107060DF10B0503A9DA
:1082200005920A928DF82C208DF84020CDE9073375
:10823000CDE90C33CDE90E33039604938DF8183055
:1082400011930995FFF766FE2268136A002BFCD193
:108250009DF80B0012B070BD70B592B005460024B9
:108260008DF8071009920DF10706012203A9059266
:108270008DF82C208DF84020CDE90364CDE907442A
:10828000CDE90C44CDE90E440A938DF818401194C1
:10829000FFF740FE2A68136A002BFCD112B070BDB4
:1082A00010B50468246A0CB1002010BD41F08001B3
:1082B000FFF7D2FF012010BD70B592B00546002334
:1082C00001248DF807108DF806200DF107060DF139
:1082D000060203A90892CDE90C33CDE90E330396CB
:1082E00004938DF8183007930993119305940A9419
:1082F0008DF82C408DF84040FFF70CFE2A68136A79
:10830000002BFCD112B070BD08B503681B6A0BB11D
:10831000002008BDFFF7D0FF012008BD70B58AB06E
:10832000054600240126009169460192CDE90444E6
:10833000CDE9064402938DF80C608DF82060099415
:10834000FFF7E8FD2A68136A002BFCD10AB070BD64
:108350000268136A002BFCD1704700BF03681B78CA
:10836000012B06D0022B08D1044A13780133137075
:108370007047034A13780133137070477CE700207D
:108380007DE700202DE9F041056895F800C0BCF1BB
:10839000010F82B008D0BCF1020F0CD141F0800176
:1083A00002B0BDE8F0417BE7174695F90420541C64
:1083B00001D0032A03DD002002B0BDE8F081DFF820
:1083C00018814FF0640E0EFB028E0446DEF8180092
:1083D0000028F1D01E469EF85930202BEBD185693C
:1083E00015F40045E7D19EF85830012B63D0334B8C
:1083F000247918688EF858C0B3B222268EF85960D6
:1084000040268EF85A602E4ECEF85C50AEF84230C0
:10841000CEF84460BEF842302A4ECEF83C709BB293
:10842000FF2BCEF84C6041D8BEF842C04FF0007729
:108430001FFA8CFC642303FB02F2660008EB0204C3
:1084400002F1180300900A4608EB03003146192395
:10845000A4F840C0CEF79AFFE8B9A2691A49536858
:108460003E430B4094F84070E16C334343EA0743CA
:10847000164E43F0004343F41053B142536084F866
:10848000580003D0124B994218BFF42510682843B6
:108490001060012090E70F4AB2F8783101339BB2A7
:1084A0000020A2F8783184F8580085E74FF0FF0CDF
:1084B0004FF08077BEE728467EE700BFD422002039
:1084C0000000FFFF05310108009800FCBD2F0108E6
:1084D000B52E0108C8EB0020F03300202DE9F04F45
:1084E000076897F800E0BEF1010F85B00C4608D090
:1084F000BEF1020F0DD141F0800105B0BDE8F04F93
:10850000CEE697F90490B9F1FF3F02D0B9F1030F1D
:1085100003DD002005B0BDE8F08F1D466427BF4B8A
:1085200007FB09F703EB070B8446DBF81800183745
:108530001F440028EED09CF804300393FF299BF8D9
:108540005930164600F0C280202B40F0B6809BF8D0
:108550005830012B00F0B180B14B8BF858E0D3F8C4
:108560000080CDF80080724619234FF40041384650
:10857000D9F7FCFF8246002840F09F80039BCDF88E
:108580000080590040202223ADB28BF8593022469A
:108590008BF85A00CBF83C60CBF85CA0CBF84CA031
:1085A0000A233846ABF842500391CEF7EFFE00287D
:1085B00040F09781BBF842309A4C9BB2FF2B974B0F
:1085C0004FF0640202FB093240F28E8190699649B5
:1085D00043682340039C23431943FF24A2F84040EF
:1085E00041608E4A039D642303FB0929444605E04C
:1085F000B9F842309BB2002B00F08A8100940A2324
:10860000002204213846D9F7B1FF002855D1D9F806
:108610001820D9F83C30526A1A70B9F84210B9F8EB
:108620004020D9F83C30013989B2A9F84210B9F894
:108630004210013A92B2013389B2A9F84020C9F838
:108640003C300029D4D0002AD2D1802100940A23C2
:108650003846D9F78BFF75494FF0FF0C0E4660BBCB
:10866000B9F842309BB2634540F21681D9F8182020
:10867000A9F840C053680B402B4343F0FF7343F409
:1086800080335360B4E79A69520703D5B4F84020A9
:10869000002A7AD12020D861604D5968644C642248
:1086A00002FB0959214000225960C9F85C2089F871
:1086B000582089F8590089F85A205E4AB2F8783172
:1086C00001339BB2A2F87831002023E7202BF4D1AC
:1086D0009BF85830012BF0D0DFF844A18BF858E01C
:1086E000DAF80080CDF80080724619234FF400417B
:1086F0003846D9F73BFF0028DFD122238BF85930C9
:10870000ADB210238BF85A30CBF85C00ABF8425076
:10871000BBF84230039ACBF83C609BB2FF2B4FEA88
:108720004205CBF84C0040F2C880DBF818103D4AF7
:108730004B68ABF8404013403B4A2B431A434A6016
:10874000364B642404FB0934B4F842309BB2002B4E
:1087500039D04646A846A36910E09D69ED0604D5C8
:10876000D9F792FE0028A8D1A369996911F02001D8
:1087700089D1DAF80020921B0A2A40D89D696D073A
:1087800032464FF00A013846E7D5E26B5B6A137058
:10879000B4F84210B4F84020E36B013989B2A4F870
:1087A0004210B4F84210013A92B2013389B2A4F8EF
:1087B0004020E36309B1002A3ED0B4F842309BB2B6
:1087C000002BC8D1B04641463846CEF70BFE0346D3
:1087D00000287FF472AF11491548642202FB091981
:1087E0002024D9F81820D46151680140516001203B
:1087F00089F8594089F8583089F85A308AE6074A8A
:10880000642303FB09292022D9F85C3089F8581029
:108810001343C9F85C3089F859204EE7F033002043
:10882000D4220020009800FC0024FF81009C00FC62
:1088300000E800FEC8EB002000960A23802138469D
:10884000D9F794FE00287FF438AFB4F842309BB2D9
:10885000FF2B0ED9A269354953680B4043EA080340
:1088600043F0FF7343F48033FF21A4F840105360BA
:10887000A3E7B4F84220A069DFF8B0C0416892B223
:10888000D3B248EA034301EA0C010B4343F00073FF
:10889000A4F84020436090E7B9F84230D9F81810A6
:1088A0009BB24A68A9F84030DBB245EA0343324044
:1088B000134343F000734B609AE6DBF81800BBF8F3
:1088C00042201B49436892B21940D3B245EA0343A0
:1088D0000B4343F0024343F41053ABF84020436092
:1088E0002EE78BF858A0E8E6B2F8423091699BB2C7
:1088F0004868A2F84030039ADBB242EA034300EA38
:108900000402134343F0024343F410534B6068E600
:1089100021463846CEF766FD034600287FF4CDAEEB
:10892000D9F81820034820245DE700BF009C00FC14
:10893000009800FC00E800FE2DE9F04305682E7861
:10894000012E83B007D0022E0ED101F07F0103B0BB
:10895000BDE8F043D8E495F90470424D7B1C85F8DE
:10896000E82901D0032F03DD002003B0BDE8F08328
:10897000DFF808C1642202FB07C2034690690028A1
:10898000F3D092F85940202CEED1846914F40044BD
:10899000EAD192F85800012862D0DFF8E4E093F8B9
:1089A0000490DEF80030304882F858604FF0210E15
:1089B00082F859E04FF0400E82F85AE0D465A2F8F0
:1089C00042605064B2F84200284ED66480B205F688
:1089D000E816FF28D6633ED8B2F842E04FF00078A0
:1089E0001FFA8EFE642000FB07F70CEB07064FEA28
:1089F0004909183700930A460CEB0700494619232A
:108A0000A6F840E0CFF736FDD8B9B269184D5368E3
:108A100096F840102B4043EA090343EA0143154D01
:108A2000F16C43EA0803A942536086F8580003D06A
:108A3000114B994218BFF2241068204310600120A6
:108A400093E7B5F8783101339BB20020A5F878316F
:108A500086F8580089E74FF0FF0E4FF08078C1E7A5
:108A6000204682E7C8EB00200000FFFF0531010827
:108A7000009C00FCBD2F0108B52E0108F03300203A
:108A8000D42200202DE9F04F06683578012D87B0FB
:108A90000C4608D0022D10D101F07F01FFF734FC05
:108AA00007B0BDE8F08F96F9047090F804A08DF837
:108AB00017207B1C01D0032F03DD002007B0BDE889
:108AC000F08FDFF8D491642606FB07F609EB060861
:108AD000D8F818000028E3D098F85930202B40F03F
:108AE000928098F85830012B00F08D80664B88F802
:108AF00058501836D3F800B0CDF800B04E44304688
:108B000019232A464FF40041D9F730FD039000287D
:108B100079D12120CDF800B0402388F859004FEAE0
:108B20004A0A0DF117002246039C88F85A30C8F80B
:108B30003C00C8F85C405146C8F84C400A23304617
:108B4000A8F84250CFF796FC002859D1B8F8423027
:108B50009BB2FF2B70D9D8F818204C4953680B40B2
:108B600043EA0A0343F0FF7343F48033FF21A8F87C
:108B700040105360642303FB079704E0B7F84230CA
:108B80009BB2002B6AD05A460A213046D9F7BEFC68
:108B9000002838D1F96BBB6911F8012B9A62B7F83C
:108BA0004230B7F84020F963013B9BB2A7F842304E
:108BB000B7F84230013A92B29BB2A7F84020002B9E
:108BC000DCD0002ADAD18021CDF800B00A2330466B
:108BD000D9F7CCFC2D4AFF241146A0B9B7F8423092
:108BE0009BB2A34218D9B969A7F840404B6813401B
:108BF00043EA0A0343F0FF7343F480334B60BDE75D
:108C0000039B88F85830224AB2F8783101339BB27E
:108C1000A2F87831002043E7B7F84230B8699BB238
:108C20004268A7F84030DBB24AEA03430A401343E4
:108C300043F000734360A1E7D8F81800B8F8422069
:108C40001249436892B21940D3B24AEA03430B4334
:108C500043F00073A8F8402043608BE75946304644
:108C6000CEF7C0FB03460028CDD1BA6909482024BD
:108C7000D461516801405160012087F8594087F85C
:108C8000583087F85A300BE7D4220020009C00FCB3
:108C9000C8EB002000E800FEF0330020427B42B128
:108CA00010B503680446D0E90101984700236373B7
:108CB00010BD704710B5437B82680446581C607332
:108CC000D154627B237B934206D82AB12368D4E92E
:108CD000010198470023637310BD00BF084B1B6858
:108CE00093F8260000B97047986A0028FBD0054B1E
:108CF0001B6800F6B83098422CBF00200120704756
:108D00009C22002084190020094B1B6893F8240042
:108D100060B1084B002201E0904207D0198801326F
:108D200003F59A730029F7D000207047012070479F
:108D30009C2200204C5000202DE9F04F6E4C2678EC
:108D4000A7B016B927B0BDE8F08F05461446002B32
:108D500068D0012BF6D1DFF8B481D8F8002092F862
:108D6000260080F001000028ECD02F2CEAD8DFF894
:108D7000A0C1624A9CF80080127808F1010000F05E
:108D800003009042DED0621E142A44D8DFE802F0CD
:108D90004747474747430B0B0B0B430B43434343A7
:108DA0004343430B0B004FF47A770A26012B40D044
:108DB000002BC7D1DFF85C918CF8000008EB88022B
:108DC00009EB82024FEA880A1673976071B1142288
:108DD00002FB08920D329D4229D0FF2D0CBF204688
:108DE000002001338B4202F8010BF4D3FFF78CFF14
:108DF000002868D0424B0AEB08021968920009EB80
:108E00000200012401F51C530F3309F80240B3FBA3
:108E1000F1F3436096E74FF47A770126C6E7394FBE
:108E20000126C3E70193FFF759FF019B9BE720460B
:108E3000D7E742F22830FEF7ABFADFF8D0804FF4E4
:108E40007A70FEF7A5FAFCF741FC00F57A7905E0A7
:108E5000FCF73CFCA9EB0000002806DD02A8FAF7AD
:108E6000FFFC069B98470028F2D0D8F8003093F812
:108E700024308BB34FF0000AD3464FF49A7910E0B8
:108E800014A8FAF7EDFC1B9B584600219847D8F828
:108E900000300AF1010A93F824105FFA8AFB594561
:108EA0001AD9194B5D4509FB0B310BA801D0FF2DD9
:108EB000E6D14FF001038B70FAF7D2FC129B5846B3
:108EC00021469847E3E70AEB08039B0009EB0302FE
:108ED00009F80300506035E71DA8FAF7C1FC013E10
:108EE000229B984716F0FF06A9D1384627B0BDE867
:108EF000F04FFEF74DBA00BF7C4A002058300020EA
:108F0000A4030020A08601004C5000209C220020D9
:108F1000AC3000205C3000200D4A0E4B12781B78DC
:108F2000934209D003EB83000B4911F82010481E2F
:108F3000012803D9032903D000207047012070477E
:108F4000581C00F00300801A18BF0120704700BFB2
:108F5000AC300020583000205C300020F0B4194CB8
:108F6000194BA4FB02425209A3FB0243DB0803EBAB
:108F70008303A2EB430390F85820DDB2AA421ED02F
:108F800000EB83040268A7684668D21B0260276B67
:108F9000F61B002746609B00A760276380F85850A7
:108FA0000132034402609A6801329A6029B942682A
:108FB000013242601A6B01321A63F0BC70470268DA
:108FC0009B00EDE71F85EB51CDCCCCCC10B4EFF37B
:108FD0001182902383F3128883780488002143EA66
:108FE0004403D2B281709BB282F31188074A180AF7
:108FF000127880EA1310584002B1C0431B019BB2A3
:1090000000F00F0018435DF8044B7047B1220020B8
:1090100038B5084C084DAC4204D3084B012283F804
:10902000642138BDD4E90210A28812F029FD1C3455
:10903000F1E700BF10910508D4980508C8EB00209F
:109040002DE9F047284C94F8E97981461FB10025B5
:109050002846BDE8F08702F025FA05460028F6D03C
:10906000224ED6F800803760B9F1000F01D0204BB6
:109070001F602049DFF88CA04FF4807201F6921037
:1090800012F0FEFC0023D4F854906365012384F8A9
:10909000E939194B1F68013F17F8010F431EDBB276
:1090A000FD2B03D8DAF80030BB421AD80D20FBF7AD
:1090B000F7FA002384F8E939B8F1000F04D00C4B1B
:1090C000C6F80080C3F800800C494FF48072A1F606
:1090D000921012F0D5FC0A4BC4F8549001229A73F6
:1090E000B6E7FBF7DDFAD7E7C8EB00201056002003
:1090F0000C5A002020EC002000280008B2F50020C7
:10910000DCAB00200428000808B50120FFF798FF19
:1091100020B9BDE80840024802F0CEBA08BD00BF41
:10912000C17705082DE9F04F0C4693B0BA490546C2
:109130002046174603F07CF80646002840F051828E
:10914000B649204603F074F80646002840F04B82EA
:10915000B349204603F06CF80646002840F04582EB
:10916000B049204603F064F80646002840F03F82EC
:109170002046AD4903F05CF80028064612BF0824DB
:10918000264601240FB144F01004A849304603F0EC
:109190004FF8002800F02D8244F0200404F480737E
:1091A0000493A34B93F864310BB9FFF731FF07F039
:1091B000D7FD049B0BB9FFF7A7FF14F0090F00F0D0
:1091C00006839C4802F07EFAFBF721FA049B002BF1
:1091D00040F01982984802F075FA984802F06CFA4B
:1091E00004F01803182B40F01182954802F06AFA37
:1091F000944802F061FA0123059302F059FA14F041
:10920000100A00F00682904B1B78002B40F0018280
:109210008E4B1B78002B40F004828D4B1B78002B6B
:1092200040F0078204F48473082B07D1894928464B
:1092300003F0FCFE8749284606F0F6FD14F0800690
:109240000BD1854B1A78002A844A06BF01211346A8
:109250000021834A204605F089F882492046FBF721
:1092600089FC81492046FBF7EBFB80492046FEF74D
:1092700015FD002E40F0BD827D4B1B6802937D4B97
:109280001B680393BAF1000F40F0D8817A4802F0CE
:1092900019FA5646794BDFF87C92CDE90633DDE9C1
:1092A000023263EA02034FF000080993079B53F868
:1092B000047B0793002F40F0C381DDE90223DFF830
:1092C00058B263EA0203B8460793069B53F8047B3F
:1092D0000693002F40F0E081694B6A4A6A49DFF843
:1092E0003C826A4E204606F009FB694B694A6A498E
:1092F000204605F041FC694B694A6A49204605F061
:109300001FF9694B694A6A49204605F09BF8694B89
:10931000694A01930092D8F800203168204605F090
:1093200039F840F20222654B01930092D8F80820E8
:10933000B168204605F02EF8BAF1000F40F0DF8149
:109340005F4802F0BFF952465E49DFF8D4C15E487B
:1093500008264FF0010811F8013B1CF8019B0DF1A4
:10936000480E9E440DF1480B0EF8209C10F801EBBE
:10937000F3440BF8109CB8F1000F05D0A3EB0E0ED0
:10938000DEF1000848EB0E08013EE4D188F001014F
:1093900020468DF8306002F0A1F94C4A8DF840600B
:1093A0000EAB4146204604F0C9FF484A0AAB41468D
:1093B000204604F0DBFF464B464A4749204605F06D
:1093C000B7FF464B464A4749204605F01DFF464B2E
:1093D000404A4149204605F025FE444B444A454950
:1093E000204606F0B1FB444B444A4549204606F06E
:1093F000F9F8444B444A4549204606F031F8BAF1A1
:10940000000F40F07E81424802F05CF9DFF81481E1
:10941000DFF81491002389E0FE7705080578050838
:109420000D780508137805081C780508E98A0508F1
:10943000C8EB0020257805082D7805084578050833
:109440005178050879780508C4D100204CE7002040
:10945000DCD10020CB8605087CE00020E9770508F8
:10946000BA780508C7780508D17805085876050840
:1094700074E0002008D20020EB770508D0FC040837
:10948000EE78050840590020185C0020F8DF002025
:10949000F578050884B00020F4C30020FB780508A7
:1094A000ACA50020B0BE0020077905089CBD0020B7
:1094B00064BF002012790508FFFF3F0019790508F5
:1094C000F3770508485D0020244100202079050835
:1094D00025850508B07D0020D09000202C79050856
:1094E000B07E0020D0910020277905083279050848
:1094F000E8AE0020B4C4002036790508CCE1002095
:10950000C8E900203E79050814560020945C00202C
:10951000F7770508D7780508E378050878DF002095
:109520006425050830C500202CAE002049460222E3
:109530004046029313F00AFB00283A4614BF01216B
:109540000021204698F800B00CBF4FF0010A4FF000
:10955000000A02F0C3F8BBF1020F029B074640F07D
:10956000D28099F8012040F2EE2B192111FB02B2B2
:10957000019299F80020A2498A5C00925146A14AC2
:10958000204604F0DBFE98F801209D49192313FBC7
:1095900002B2019298F80020029B8A5C0092514628
:1095A000984A204604F0E2FE029B0133122B08F198
:1095B000020809F10209B9D1934B2246002128463D
:1095C00007F0BCFC230700F1B680904E22463178AC
:1095D000284607F055FD71782246284607F02CFDF5
:1095E000EBE00124CEE50224CCE50424CAE5812485
:1095F000C8E58749304602F01BFE00283FF4CEAD97
:1096000044F48074CAE500230593F6E5012305932D
:10961000F3E58049804803F0FDF9BAF1000F7FF4CB
:10962000F7AD7E497E4803F0F5F9BAF1000F7FF4FB
:10963000F4AD7C497C4803F0EDF9F3E57B4E29E677
:109640003B7833B3099B4FF0010B0BFA08FB13EA8D
:109650000B030CBF0121002132462046089302F083
:109660003DF8DDE9022363EA020313EA0B0F14BF9E
:10967000012100213B464A460646204604F05EFE94
:10968000089900393B464A4618BF0121204604F09C
:109690006DFE08F1010809E63B786BB3039B4FF0C0
:1096A000010909FA08F913EA090F0DD0DDE90232C0
:1096B00063EA020313EA090F5A463B4614BF01212D
:1096C0000021204604F03AFE029B13EA090F13D052
:1096D000079B13EA090932460CBF012100212046ED
:1096E00001F0FCFFB9F1000106463B465A4618BF9F
:1096F0000121204604F03AFE08F10108E5E54C4A54
:1097000022E64C4F82E699F800203D4902938A5C9C
:1097100000925146484A204604F010FE98F8002076
:109720003749029B8A5C00925146434A204604F026
:109730001DFE029B39E70027F9B222462846013771
:1097400007F09EFC062FF7D1304B3C4F1A7887F874
:1097500050219846049B33B9394801F0B3FF394989
:10976000284603F093F9FF2387F85031F1B22246DF
:109770002846013607F060FC062EF7D198F8013034
:1097800087F85131049BABB92F4801F09BFF2D495D
:10979000284603F04EF92D4801F094FF2C4801F0C3
:1097A00081FFFF2387F85131002001F0F7FE13B04D
:1097B000BDE8F08FFF2387F85131059B002BF3D0D4
:1097C000244801F07FFF244801F076FFECE7A10771
:1097D00006D50E4B22461978284607F051FCE3E7E0
:1097E0006207E1D5094B22465978284607F024FC48
:1097F000DAE7054B22461821284607F09FFBDCE7F5
:109800001061050846790508FE77050858C500204F
:1098100020780508C4D10020897805084CE700208D
:1098200097780508DCD10020A7780508EB770508B4
:10983000F3770508F77705085679050850090020E1
:1098400063790508CB86050886790508AD79050892
:1098500084780508C0790508D6790508012261E4F5
:1098600000225FE42DE9F04F2DED028B4A4A4B4B6D
:1098700008EE101A1178527883F85121484A83F87B
:10988000501183B092F86421009305460AB9FFF79E
:10989000BFFB07F065FAFFF737FC0026414CDFF805
:1098A00014B1B0463F4A0D2303FB062318EE101AED
:1098B000D3F80090484602F075FC002841D0B8F17A
:1098C000000F01D001F0F4FE3748494603F01EFEB8
:1098D00000222146284607F054FC01F0E9FE2379D6
:1098E00003F01803082B48D0102B4BD0204604F06F
:1098F000BDFB2C4A0D2303FB0623B3F8090007F038
:1099000007FB8246D8B1204601F010FEDAE90221B9
:10991000074602440144204601F060FE78B90190F8
:109920004946224803F0F2FDDAF80810019A284669
:109930001346CA19214604F013FC01F0B9FE08F1E0
:109940000108013640F2C7139E4204F10D04A9D16B
:10995000002001F023FE009AFF2382F8503182F8A4
:109960005131B8F1000F12D11149284603B0BDECB6
:10997000028BBDE8F04F02F085BF5946284603F040
:1099800085F8B3E75946284603F053F8AEE703B02D
:10999000BDEC028BBDE8F08FDCAB0020500900204D
:1099A000C8EB0020FC0305081C8B0508E0790508BE
:1099B000F0790508CB8605082DE9F84F6E490B783C
:1099C000222B00F0B5806D4B1B783BB96C4B18789F
:1099D000BDE8F84F00F00100D1F7D2BA694B1B681F
:1099E00093B3DFF8C881DFF8C8A101F082FE08F167
:1099F0005809DAF80000FDF741FD28B3DAF8000055
:109A0000FDF734FD092821D03F281FD0D8F8543065
:109A100013B9042800F0A9800C2800F09F807F284B
:109A200077D1002BE5D0013B08EB03025648C8F87C
:109A30005430002182F8581001F034FEDAF80000AA
:109A4000FDF71CFD0028D9D1BDE8F88F4F4ED8F89E
:109A50005440002706F55C7B3D4602E010365E452B
:109A60000ED02246484624B1316802F075FB00282A
:109A7000F4D13746002DF1D1354610365E45F0D190
:109A8000002D40D02E683B68315D1A5D8A42264425
:109A900023446FD1601E4844224609B9FD2A3BD9B0
:109AA00000F8011F0132C8F8542016F8011F13F8FE
:109AB00001CF8C45F1D00AB1BD4211D0344801F03C
:109AC000F1FDBD4208D855F8100B01F0EBFD09205F
:109AD00001F0DEFDBD42F6D92E4801F0E3FD002481
:109AE000D8F854309C4284D2013C4C44254614F8AA
:109AF000010F01F0CDFD0235D8F85430A5EB090572
:109B0000AB42F3D875E7002CD6D1214801F0CAFD4D
:109B1000D9E7FAF7C5FD6CE7531C08EB0300424494
:109B2000202682F85860C8F8543080F85810C3E7EF
:109B3000194B186878B1FDF751FF0B78174A222BA3
:109B400010607FF440AF164B93F87432013B18BF9E
:109B50000123536037E7114A1060F4E7114801F020
:109B6000A1FD0C4801F09EFD43E70F48494601F076
:109B7000DBFD3EE722469EE7B0220020B0590020E0
:109B8000C8790020105600208C30050854F40408D1
:109B90007830050806230508DC5B0020B42200208D
:109BA000D816002080300508CB860508C8EB0020B9
:109BB000B459002073B50E461149054602F01EFB4C
:109BC00018B93070012002B070BD2C78602C8CBFA9
:109BD000613C413C072C11D8013501230A2201A91F
:109BE000284602F043FB019B9D4207D00F2805D871
:109BF000013440EA041434700120E4E70020E2E775
:109C0000BC7705082DE9F04F80468DB008460D461B
:109C10000FF098FA024630B901460120FAF710FF1A
:109C20000DB0BDE8F08F0390AF49284602F094FADA
:109C3000039A20B9AD49404602F024FEF0E7AC4952
:109C4000284602F089FA044600285AD101F030FD76
:109C5000A848A94FDFF8E8B2DFF8E88201F02CFD50
:109C60001720D0F7EBFE17F9015B002DD8D029465D
:109C7000584603F04BFCDFF8A092DFF88CA20023DB
:109C80001A46910089B2284605930492FBF780FC9E
:109C90000390FBF713FC049A0178059B561CC9B18D
:109CA0001BB9049001F004FD0498039B41781A7AD3
:109CB000037802F0020208EB8303B1B1D3F8C83B8A
:109CC00000918E48002A14BF4A465246314602F09F
:109CD000A1FE0123042E3246D3D113B9884801F0E6
:109CE000EBFC01340C2C9BD0BDE7D3F8C83B854876
:109CF000002A14BF4A465246314602F08BFE012329
:109D0000E8E7002680498DF81B6007AA284611F075
:109D10002DFF18B9404602F04BFE81E70DF11B0103
:109D2000FFF748FF05460028F4D09DF81B70384621
:109D3000FDF726FC20B97549404602F0A3FD6FE708
:109D400073494FF0FF34334603EB4302525C9742B2
:109D50000ED0601C02D1002A08BF1C460133152B0F
:109D6000F2D1621C18D16B49404602F08BFD57E7D7
:109D70001C46654907AA002011F0F8FE0646002897
:109D800000F09E80584902F039FA28BB624E634FBA
:109D9000DFF8B481044615E00025EAE7697A28680F
:109DA00003910CF0A1FF0246287A6B79039910F019
:109DB000020F14BF304638469B08009001334046DE
:109DC00002F028FE01349DF81B002146F9F7AEFC95
:109DD00005460028E2D123E751490222304602F02D
:109DE000BBF90746002848D1B01C02F0D1FA9DF813
:109DF0001B90824639460F4648460131F9F796FCDA
:109E000050B94FEA19124749009609F00F03403242
:109E1000404602F037FD03E7437A9A45EBD13E46D0
:109E2000002D3DD14FF0FF37731C9DF81B5008BF2C
:109E300000253D4B9DF81B0004EB44041C44731C9F
:109E40006371FF23A371257108AC22463146FAF7EE
:109E50001DFF0AAA39469DF81B00FAF717FF9DF867
:109E60001B20BE424FEA121121D130480AAB02F04A
:109E70000F02403102F0CEFDD2E62D49304602F00D
:109E8000BDF958B39DF81B302A4900961A09403293
:109E900003F00F03404602F0F5FCC1E64FF0FF3639
:109EA000214B04EB440213445F79013FBCE7224895
:109EB00000940AAB02F00F02403102F0ABFDAFE6B6
:109EC000194B04EB44041C441C4B0093024661797B
:109ED0009DF81B000123FAF7FBFAA1E6002DDDD166
:109EE0004FF0FF373E46A4E7B4740508FD79050836
:109EF000117A0508167A0508545D0508367A0508B2
:109F0000577A0508487A0508F27305085D7A05084E
:109F1000CCEB0020747A05088F820508CB860508F3
:109F20009D7A05080A7B0508C8EB0020C67A05085B
:109F300003850508A07A0508E47A05086DE303089F
:109F40002F7A050804E60408887A05082DE9F04F01
:109F500080468BB008460D460FF0F4F8024680B3F9
:109F6000AC49284602F0F8F8044650BB01F0A0FBCB
:109F7000A948AA4DAA4FAB4EDFF8F08201F09CFB36
:109F80001420D0F75BFD04F00702E110013201312B
:109F9000384603F0BBFA2B7F6A7F06EB8303D3F8C6
:109FA000C81B52B1A04802F035FD0134102C05F158
:109FB0002405E8D10BB0BDE8F08F404602F02AFD41
:109FC000F3E72846994905AA11F0D0FD054620B9C6
:109FD00001464120FDF762FEECE7954902F00EF9DB
:109FE00020B99449404602F04DFCE3E70024924E2C
:109FF00027463168284602F001F90137002808BFDA
:10A000003446092F06F11006F3D154B98B4928467E
:10A0100002F0F4F828B18A492A46404602F032FCA0
:10A02000C8E7002081498DF8130005AA11F09EFDB4
:10A030000546002C43D098B102F0AAF9461E09D477
:10A04000A37A9E4206DAE26862B1012303FA00F0C5
:10A05000104207D17B492A46404602F013FCA9E78B
:10A06000794DF7E7E08806F053FF784A92F86431BB
:10A070001BB192F8E93983F00103D0E90212002BF9
:10A0800008BF0A46237A617A06FB0313002712F9F8
:10A0900003A0039702EB030B644905AA002011F00B
:10A0A00065FD8146B8BB6A4901235CB39BF900207A
:10A0B0002046CDE900313146FDF7A4FD7AE780B1B5
:10A0C0000DF11301FFF776FD28B19DF813603046BE
:10A0D000FDF756FA38B95F492A46404602F0D2FBEE
:10A0E00068E7594DF7E73046F9F7E0FB824630461E
:10A0F000F9F722FB03903046FBF7A0FAA346074688
:10A100002646C9E7CDE900319DF81300524639468D
:10A11000FDF7E2FC4EE7464902F070F8054670BBD9
:10A12000ACB14D4FF6B220796AB23146FDF73CFD35
:10A1300000283FF43FAF0288037800932946C2F31A
:10A1400003233846120B02F065FC0135EBE7424C65
:10A1500038687979102D6AB23FF42CAFFDF790FC86
:10A1600000283FF427AF0288037800932946C2F302
:10A1700003232046120B02F04DFC0135E8E7374976
:10A18000484602F03BF8002841D0484602F000F96A
:10A19000054642B26CB12079F1B2FDF705FDF0B988
:10A1A000CDF8009022682E49731C404602F06AFBED
:10A1B00000E7EBB20F2B386879790CD99DF8133092
:10A1C0002849CDF800901A09403203F00F034046A9
:10A1D00002F058FBEEE6FDF753FC0028EED006AF88
:10A1E00039462846FAF76AFD08A95046FAF766FD8F
:10A1F00055454BD06DB2002C3AD08BF800500097EB
:10A200002168194808AB721C02F004FCD2E64FF03A
:10A21000FF35E4E7117A0508367B05086401002064
:10A220004C7B050804E60408417A0508F27305082A
:10A23000B4740508FD790508100A00205E7B050846
:10A24000627B0508717B0508CB860508C8EB0020FA
:10A250006DE30308817B0508937B050803850508EA
:10A26000B57B0508D87B0508007C0508098505082D
:10A270009DF81320039B0F489D701109009708ABB0
:10A2800002F00F02403102F0C5FB93E634B12168C1
:10A29000094808AB721C02F0BDFB8BE69DF8132049
:10A2A0000648110908AB02F00F02403102F0B2FB80
:10A2B00080E600BF237C05084B7C0508667C05080A
:10A2C0002DE9F04F2DED028B87B0064605AA084612
:10A2D000904911F04BFC044640B901464120FAF781
:10A2E00049FC07B0BDEC028BBDE8F08F8A49DFF86E
:10A2F000608201F083FF0546002839D18748884CE9
:10A30000884FDFF8509201F0D7F91420D0F796FB70
:10A310002046FDF76DFBA379216808EB830301F16B
:10A320003841890A02464131D3F8C83B384603F028
:10A33000EDF8E17911B1484603F0E8F8013501F094
:10A34000B7F9602D04F10804E2D1724905AA002092
:10A3500011F00CFC744901F051FF0028C1D13046C6
:10A360006D49FFF74FFC6C493046FFF7EFFDB8E74A
:10A3700008F628570025B94617F8353008EB83034F
:10A38000D3F8C81B039108460EF0DCFE0399024681
:10A39000204601F0E1FE40B10135252DECD16349A5
:10A3A0002246304602F06EFA9BE75A4905AA11F0A0
:10A3B000DDFB08EBC508074601F0EAFF98F82E3DE3
:10A3C00004464FEAC50A2BBB002825DC3B78002B4E
:10A3D00000F09C80D144B9F8020006F099FDE3B288
:10A3E000039399F8058099F80430039A846802FB76
:10A3F000038804EB08013846FFF7DCFB002800F077
:10A40000858014F808A0BAF1000F1ED1484801F069
:10A4100053F966E7002805DD012B1A4638BF0122F3
:10A42000A2420ADA012B38BF01230093414A424974
:10A430000123304602F026FA53E7364905AA0020E8
:10A4400011F094FB013C0746C0E75046FDF798F831
:10A45000814600285AD04FEA1A13403308EE103ACA
:10A460000AF00F03DFF8F08008EE903A002700268C
:10A47000B8F8020006F04CFD98F8052098F8043072
:10A4800006FB03238268D15C514523D1BD4204D130
:10A4900003998E421ED00021D15418EE902A18EE56
:10A4A000101A26485FFA86FBFCB203F02FF85946D3
:10A4B0002046FAF7D6F8BD4209D1214803F026F824
:10A4C00020465946FAF7CDF81E4803F01FF81E48FB
:10A4D00001F0F2F898F80630012B06F1010638BFBA
:10A4E00001239E42C4DB0137252F08F10808BED1A5
:10A4F0004846FDF77DFAD9F8001001F13841890A84
:10A5000002464131114802F085FAEAE6304602F08F
:10A510004FFAE6E6F2730508117A0508827C050811
:10A5200008F20020C07C05081C780508CB7C0508D3
:10A53000067D0508E77C0508ED7C0508187D050803
:10A540005A8505083C7D050810820508467D0508EA
:10A5500004E60408CA8705082CF304082DE9F74F20
:10A560000746084688460EF0EDFD044628B101284E
:10A5700026D198F800302A2B22D1A948A94EDFF81D
:10A58000C09201F099F80025B2464FF00D0B40F251
:10A59000C7180BFB05A34846196802F0B7FF221E37
:10A5A00018BF012231463846013506F0EAFD01F0B8
:10A5B0007FF8454506F10D06EBD103B0BDE8F08FFD
:10A5C0003D21404612F0D0FA002800F022810346D7
:10A5D0009A4613F8012D202AFAD0AAEB080A013076
:10A5E000054610F8013B202BFAD08E4B4FF00009A6
:10A5F0009B465FFA8AFA0D2202FB09342168019119
:10A6000008460EF09FFD019900900246404601F079
:10A61000A3FD844B0646002855D1009A524552D1DD
:10A6200094F8048008F0E001402900F0BA800ED8C8
:10A63000002955D0202900F08A8038467A4902F056
:10A6400021F9204603B0BDE8F04F03F00FBD6029AB
:10A650007ED08029F1D128460EF074FDE37994F87C
:10A660000680DB0706460CD5204606F02DFD037854
:10A67000014633B13246284612F083FA002840F0F2
:10A68000C280002E00F0BF80464500F2BC800D2342
:10A6900003FB09B3204693F805A006F015FD4246DA
:10A6A000002112F04FF956452AD360493246284618
:10A6B00012F067FA20B3204606F006FD324629461E
:10A6C00012F071FA1CE009F1010940F2C71291453C
:10A6D00091D15749384603B0BDE8F04F02F0D2B8E7
:10A6E00008F00703042B1BD10A22284601F080FE44
:10A6F000D4F80530984201469FD8204606F0FEFC6B
:10A700000D2303FB09B94B48D9F8001002F0FEFEF7
:10A7100000222146384603B0BDE8F04F06F031BDB7
:10A72000284601F035FEB4F80550B4F8071018F0CB
:10A73000050FAAB218BF2AB28BB218BF0BB2904253
:10A74000FFF67BAF98423FF778AF0146D5E76679D1
:10A75000394A02EBC6064FF0000896F858260092D8
:10A76000C2464346009A904502D2BAF1000F03D088
:10A77000002B3FF462AFC3E7D6F8541651F8280017
:10A7800060B12946019301F039FD019B30B9414682
:10A7900020464FF0010A06F0B1FC534608F10108CB
:10A7A000E0E76379009308F0070808F1FF38009BA1
:10A7B0009E42A5DAAA4615F8012B202AFAD0204697
:10A7C00006F082FC0546B8F1030F03D8DFE808F075
:10A7D000020D0D13504601F0DBFDA8552C2150460B
:10A7E00012F0C2F90136451CE1E7504601F0D0FDF8
:10A7F00025F81600F2E70A220021504601F0F8FD84
:10A8000045F82600EAE70D494246384602F03AF894
:10A8100013E74146384603B0BDE8F04FFFF722B8D2
:10A82000627D0508FC030508B07D0508E977050889
:10A83000F0790508A57D0508FCF60408757D050876
:10A840001C8B0508054B1A6822EA00021A60044AAC
:10A85000136823EA00031360704700BF08D200208A
:10A86000FC550020904270B50546144609D2B5FB50
:10A87000F2F6084604FB1654054B1B5D00F8013B3D
:10A8800070BDB0FBF2F63046FFF7ECFFF2E700BF19
:10A89000C07D0508002870B403DA2D2301F8013BC0
:10A8A0004042092805464FF0010307DD03EB83030F
:10A8B0005B00B0FBF3F2092AF8D89BB10B4E00E025
:10A8C0002346B5FBF3F00A2834BF30225722024456
:10A8D000A6FB03C4092B01F8012B03FB10554FEA1B
:10A8E000D404EDD8002370BC0B707047CDCCCCCC19
:10A8F000884270B44FF001041FD301FB04F4B0FB95
:10A90000F4F58D42F9D284B913E0002A14BF37263A
:10A9100057262E44A14203F8016BB4FBF1F604FB69
:10A92000150006D8B0FBF6F53446092DEDDC3026CF
:10A93000EFE7002270BC1A7070470546F5E700BFCC
:10A940000388B3F5FA6F17D38378013B0B2B13D829
:10A95000C378013B1E2B0FD80379172B0CD84379F2
:10A960003B2B09D883793B2B06D80089B0F57A7F39
:10A970002CBF002001207047002070472DE9F843CC
:10A9800019460646904610461F464FF47A72002339
:10A990000EF0E0FB3E493F4A3F4C014482FB01037D
:10A9A0000B44C817C0EB631382FB03021A44D81789
:10A9B000C0EB621284FB0240D417C4EBA000374CFA
:10A9C00084FB0054C3EB0315A1EB8501C517C5EB50
:10A9D000E415B17140F2B554C2EB0211A3EB81034F
:10A9E00004FB150400EB4001A2EBC102B4F5896F32
:10A9F000737132714FEA850C38DA40F2DA239C42E7
:10AA00003DDCB4F5B77FB4BF00220122DFF890E04F
:10AA10004FEA420909EB02030EEBC30390B2DB8A53
:10AA200009EB02050EEBC50516350B2101E035F8E3
:10AA3000023DA34217DD0139F9D14A4401213EF814
:10AA40003230B1700CF5FA6501342844E41A3080D4
:10AA5000F470404639464FF47A7200230EF07AFBC8
:10AA60003281BDE8F8830131C9B2EAE70320DFF89B
:10AA700030E0024640F296534FF00609D0E702203C
:10AA8000DFF81CE0024640F229434FF00409C7E713
:10AA900080BC92C789888888ABAAAA2A73B06D1631
:10AAA000181B050830B403888278C478154DA3F5C7
:10AAB000FA6303F0030101EB4101013A02EB810269
:10AAC0009B0835F812500279611E40F2B55404FB20
:10AAD00003132B4403EB430302EBC3034279847952
:10AAE00009490089C3EB031302EB83032144C3EB41
:10AAF000031301EB83034FF47A720021C2FB0301BD
:10AB000030BC7047181B050880436D3803685A1C19
:10AB100002601970704700BF2DE9F047089F3C465E
:10AB20001D4614F8013B002D0E46054614BF4FF09C
:10AB300030094FF020094BB3002A2DDD214600E0FB
:10AB4000B2B111F8010B9046013A0028F8D1A8F1F2
:10AB500002086AB1C24649462846B0475346002B10
:10AB60000AF1FF3AF7DC3B7828EAE872013253B188
:10AB7000D71B19462846B047E01914F8013B002BB3
:10AB8000F7D1BDE8F0871046BDE8F087002A02F152
:10AB9000FF38DFDC1846F4E70022E9E7DFED277A2B
:10ABA000B4EEE70AF1EE10FA0CDDDFED256A9FED59
:10ABB000257AF0EE407AF4EEC77AF1EE10FA30EE34
:10ABC000660AF6DCDFED207AB4EEE70AF1EE10FA61
:10ABD0000CD5DFED1B6A9FED1D7AF0EE407AF4EEA6
:10ABE000C77AF1EE10FA30EE260AF6D4DFED187AC5
:10ABF000B4EEE70AF1EE10FA14DDDFED107A37EE6D
:10AC0000C00A60EE006A9FED136A9FED137ADFEDD4
:10AC1000137AA6EE867A20EE266AE6EE877AA6EE0C
:10AC2000270A7047DFED0E7AB4EEE70AF1EE10FA6C
:10AC300044BFDFED057A37EEC00AE2E7DB0F49409B
:10AC4000DB0FC940E4CB1641DB0F49C0E4CB16C192
:10AC5000DB0FC93F92E741B99730083C15A82ABEDF
:10AC6000DB0FC9BF836890ED017AD0ED006A013334
:10AC700007EE903AF8EE677A30EE660AF4EEC77A9D
:10AC8000F1EE10FA48BFB0EE677AC0EE077A48BF1F
:10AC9000836037EEA60A80ED000A7047D0ED007A97
:10ACA00090ED017A30EE670AE0EE077AB0EE670ABF
:10ACB000C0ED007A704700BFC36890ED027A90ED56
:10ACC000016AD0ED006A013307EE903AF8EE677A38
:10ACD00030EE460AF4EEC77AF1EE10FA48BFB0EE55
:10ACE000677AC0EE077A48BFC36077EE867A37EEA0
:10ACF000E66AC0ED017A86EE070A30EE260A80ED9C
:10AD0000000A704790ED017AD0ED026AD0ED007A2A
:10AD100030EE470AA0EE267A37EE676A80ED017AB8
:10AD2000E6EE867AB0EE670AC0ED007A704700BFA3
:10AD30000369D0ED037AD0ED026A013307EE103AD1
:10AD4000B8EE477A30EE660AB4EEE77AF1EE10FA22
:10AD500048BFF0EE477AB7EE007A87EE276A48BF21
:10AD6000036190ED017AD0ED007AE0EE066A76EEAE
:10AD7000C75AC0ED026AA5EE867A77EE676A80ED63
:10AD8000017AE6EE867AB0EE670AC0ED007A704787
:10AD9000D0ED026A90ED036A90ED017AD0ED007A71
:10ADA00030EE660AE0EE066A76EEC75AC0ED026A39
:10ADB000A6EE257A77EE676A80ED017AE6EE267ACE
:10ADC000B0EE670AC0ED007A704700BFD0ED015ABF
:10ADD000D0ED037A90ED026A90ED007AD0ED046A2E
:10ADE00080ED010A67EEA57AE6EE007AE6EEC77A14
:10ADF000B0EE670AC0ED007A704700BF90ED017AAF
:10AE0000D0ED025AD0ED047A90ED036AA5EE807A77
:10AE1000F0EE406A67EEC77AB0EE470AE6EE267AB1
:10AE200080ED007AC0ED017A704700BF704700BF27
:10AE3000D0ED027AD0ED053A90ED035A90ED044A38
:10AE4000C0ED037A67EEA37AD0ED064A90ED007A62
:10AE5000D0ED075A80ED020AE4EE007AD0ED016AE7
:10AE600090ED086A80ED017AE4EE857AB0EE670A2B
:10AE7000A5EEC70AA6EE660A80ED000A704700BF7D
:10AE8000D0ED027A90ED044AD0ED036AD0ED054A88
:10AE900090ED087A90ED075AD0ED065AE4EE007A6C
:10AEA000B0EE406AE4EE866AB0EE670A67EE677A53
:10AEB000E5EE406AE5EE867A80ED000AC0ED026AB2
:10AEC000C0ED037A704700BF80ED000A704700BFF5
:10AED000704700BF431EFF220B3003F8012F83424F
:10AEE000FBD17047704700BF70B4411C0023FF22A4
:10AEF00000F8132001F813200133082BF8D10E4B72
:10AF000000224FF0FF3103F10C0600EB42050C4626
:10AF10009E4200F8124069700CD093F9044093F9F6
:10AF2000051013F8032F00EB42059E4200F8124073
:10AF30006970F2D170BC7047781B0508002343701C
:10AF4000C370037003718370704700BF00230370E8
:10AF5000704700BF00230372037043708370C37097
:10AF6000037143718371C371704700BF00230621D1
:10AF70004FF47A72C0E9012301700373704700BF78
:10AF80000023037043708370C3707047F8E700BFFD
:10AF900070B5064E044600F54675842220463146BB
:10AFA000144410F06DFDAC42F7D170BD74E5040897
:10AFB0000023F0B44FF4FA610926FA254FF47A72AF
:10AFC00040F22E44867005808182C28203814373E1
:10AFD000C38103741A46448200F1180300F1200172
:10AFE00000F11C07642608251E7121F8022B03F8C6
:10AFF000015BBB424FF00004F6D10123022204732F
:10B000000385F0BC43858385C385C272704700BF4A
:10B010000023037043708370C37070470023037074
:10B0200043707047FF234371704700BF154BFF22E9
:10B03000F0B500244FF0FF35C27002710272427207
:10B04000427382738274C27403F1120EAC462746B7
:10B050002646224602EB82028118734586544F70C1
:10B060008C7081F803C00D710AD093F90620DE7947
:10B070001F7A5C7A93F90AC093F90B500633E9E71B
:10B08000F0BD00BF881B0508014B1868DEF7D2BA77
:10B09000B459002038B530220446002111F052FC8A
:10B0A000642240F2DC530B4D0B48227440F62851C9
:10B0B00063824FF48F720123A1832284A37384F8E7
:10B0C0002230C4E9055021460448BDE83840E6F77F
:10B0D000F1BA00BF1A049E0775034308E87D05080E
:10B0E00008B5202111F040FD034620B11A78202A2E
:10B0F00000F10100F8D0184608BD00BF38B51C4B60
:10B100001B7804463BB980F847301A4B1B78D3B9FB
:10B1100084F8483038BD18490522203011F043FD2D
:10B120001649152204F1250011F03DFD14490D22A8
:10B1300004F13A0011F037FD012384F847300D4B3C
:10B140001B78002BE4D00F4B186859689A68DD68AB
:10B15000E56020606160A260186959699A69DD69DB
:10B16000E561012320616161A26184F8483038BD46
:10B1700088E900208AE90020DCD10020C4D1002029
:10B180004CE700205CE70020013901F00303C3EB2A
:10B1900003134900002201F00801C3EB031391429D
:10B1A00014BF4FF4E16111469B000280418083800F
:10B1B000704700BF092900D001B97047E4E700BF1C
:10B1C0002DE9F043044689B0002502A8257001212D
:10B1D0000295ADF80C50FFF7D7FF03C804AE0490FA
:10B1E000ADF8141096E80300ADF81C10BDF81C3043
:10B1F000A0604FF002094FF4807801216F46A381CF
:10B20000A1733846658084F80190A4F80680009503
:10B21000ADF80450FFF7B8FF97E803000490ADF8CD
:10B22000141096E80300ADF81C10BDF81C2084F83B
:10B230000F9004232582A4F81480C4F816006283BA
:10B24000637009B0BDE8F08370B585880446C5F326
:10B250000B052A460846002111F074FB6169094A72
:10B260009142034602D3084A914205D319B1BDE881
:10B2700070401846084770BD2A46BDE8704010F07F
:10B28000FFBB00BFD49805086A9A05088168DBE710
:10B290000F4B0022F0B4026014468280164603F180
:10B2A00012074FF4487502EB420200EB420100F82E
:10B2B00012604C70DA788A70BB428D8006D093F9A8
:10B2C0000620DE791C7A5D890633ECE7F0BC704716
:10B2D000A01B050800224FF6FF7301210172428175
:10B2E0008281C281038243820375704710B50C4688
:10B2F00028B1C94301F001010138FCF7ADFAE307B9
:10B3000002D472B60AF08AFD10BDFDF7D3BC13B5A6
:10B3100068B14C1E14F8011F21B902B0BDE81040FD
:10B32000FDF7BCBC0190FDF7C5FC0198F2E702B047
:10B3300010BD2DE9F047446986B005460F463CBB79
:10B340000368C3F30A02002A4AD10122B3F1006F55
:10B35000CDE902443B49049405921FD308884FF677
:10B36000FF72904218D00868374A02EA402202F180
:10B370000062934212D20122039203F17843DB0A66
:10B3800001A902A80493D7F769FA48B34FF0FF3434
:10B39000204606B0BDE8F0872C4AEAE70E884FF653
:10B3A000FF72964246D00868274A02EA402202F11C
:10B3B0000060834241D3024493423ED20222039270
:10B3C0004FF6FF7296421BBF1F4A09684FF4802256
:10B3D00002EA41229B1AD0E71C484FF48022EAE798
:10B3E0001B4E3378012B02D16FF00104D0E701230B
:10B3F000D7E9009AD5F800803370CEF7DFF988B925
:10B40000144F70607B6943F001037B61C8F80090C2
:10B41000BFF36F8FC8F804A0CEF7D0F97B6923F093
:10B4200001037B61002333700028DDD12B680833D2
:10B430002B60ADE7084A9342CED80520FCF7C0FA4E
:10B44000FBE700BFE075FF1F00FEFF0100000408DE
:10B45000CC03002000200240FFFF03082DE9F0414B
:10B4600004460D468E1800F108074FF00008B5425B
:10B4700002D16069BDE8F08123695A1C226123442E
:10B4800015F8011B1972082AF1D139462046FFF739
:10B4900050FFC4E90480EAE7014B1868FCF714B8D0
:10B4A000B859002010B5074C23784BB9064B074913
:10B4B00018681E2211F065FB012300B96370237028
:10B4C000607810BD5CF7002000280008327F050876
:10B4D0000D4B10B51C7814B10124204610BD0B4B48
:10B4E0001B781BB10A4B1B78002BF6D1094CA278B4
:10B4F00022B1094B1B780BB1F9F742FFE478002C1D
:10B50000EAD0F9F761FFE8E7B1F50020105A002012
:10B51000115A00205CF7002089E9002020B1007852
:10B52000B0FA80F04009704701207047037903F0BA
:10B530001803102B1AD004D82BB1082B06D00020EA
:10B540007047182BFBD1B0F80B007047104BB0F8C8
:10B550000B0093F90030591C06BF0E4B1B78DBB271
:10B5600003EB431300EB830080B270470A4BB0F843
:10B570000B0093F900305A1C06BF064B5B78DBB218
:10B5800003EB830203EB420300EB830080B27047BE
:10B59000A00A0020DCAB0020A10A0020F8B50C4D69
:10B5A0002A7806468AB9F8BD26B12388C3F30B036F
:10B5B0009E4204D0D4E90201A28810F061FA1C3442
:10B5C000BC42F1D300232B70EDE7024C024FF7E7AA
:10B5D0002CED002010910508D4980508F0B50679E7
:10B5E00006F0E003402B09D144794FF0FF350023EA
:10B5F000012006F00706A3420BD1F0BD602B08BF67
:10B6000045794FF001040CBF04FA05F54FF0FF3502
:10B61000EDE7042E0CD8DFE806F0030D18252F0007
:10B6200030B1C85CD75C784028420CBF01200020B4
:10B630000133E0E70028FBD0C856D756A0EB070C33
:10B64000DCF1000040EB0C00F2E70028F0D031F80C
:10B65000130032F81370784080B228420CBF0120EA
:10B660000020E5E70028E3D031F9130032F9137028
:10B67000C71B78427841DBE70028D9D051F8230076
:10B6800052F82370784028420CBF01200020CFE7F9
:10B69000034B0146186808B1FDF70CBB704700BFAB
:10B6A00010560020014B0146186830E61056002065
:10B6B0000048F7E7C986050808B5FFF7F3FFBDE8BE
:10B6C0000840F5E710B504460348FFF7EBFF2046B6
:10B6D000BDE81040F0E700BF0623050808B532B109
:10B6E000C30600D519B11046FFF7ECFF0022104643
:10B6F00008BD034B186808B1FDF7D0BA704700BF0A
:10B700001056002008B50648FFF7CCFFFFF7F1FF01
:10B71000044B1868F4F7E6FEBDE80840CDF762BCBC
:10B7200094720508B459002008B50948FFF7CAFF0C
:10B73000FFF7DFFF074B00201870074B1860074B1F
:10B740001870074BC3E90000BDE80840DAE700BF06
:10B75000517F050820EC00201CEC0020B05900208F
:10B760003CD100200120CDE70E4B0122052810B569
:10B7700004461A7005D9601CC0B2BDE81040F5F748
:10B780007FB90948094A0A4B04EB441100EB8100D8
:10B7900010601C70E8F746FC601CC0B2BDE81040A9
:10B7A000F5F76EB9AB80002084BA0020B47C00208D
:10B7B000DCAB0020F8B5784B1A882DED028B002AFF
:10B7C00000F0AC8075498E78731EDBB2072B00F257
:10B7D000C6807348734D00EB83006C78D0F8A000EE
:10B7E0002B78B8B10F7A002F40F0C980897A01B167
:10B7F0004008B2FBF3F188420CD20F2B03D909E0C9
:10B80000102B00F0C6800133B2FBF3F18142DEB2AF
:10B81000F6D82E7084B1A34240F2AB80B3FBF4F1B2
:10B8200004FB113131B10134B3FBF4F104FB1131EC
:10B830000029F8D16C7000E01C4607EE902AB8EEA3
:10B84000E78A07EE903AB6EE000AF8EEE77A28EEBD
:10B85000000A80EE270A0EF065FD85B207EE904AD9
:10B860009FED510AF8EE677A28EE000A80EE270A6B
:10B870000EF058FD4D4B9A88DC885F899989DE89E6
:10B88000AA4280B288BF9D801D891A8AA0423CBF0F
:10B89000D8800446A8423CBF18810546B8423CBF48
:10B8A0005881074688423CBF00219981B0423CBF85
:10B8B000D881064690423CBF00221A8204B95C75CA
:10B8C00005B99D75588B9D8BA84201D8A04253D9CC
:10B8D0000020588398838F429CBF00215981964253
:10B8E0009CBF0022DA81324B1B685B0016D5314BBE
:10B8F000002103F1110203F1100413F8010F20B12C
:10B90000108810B193F8500020B91970118011847B
:10B9100083F850109C4202F10202EED1264B1A78B5
:10B92000022A20D0254C6378052B84BF0023637046
:10B93000ECF724F82378052B09D8BDEC028B204ABC
:10B9400003EB431302EB83031E4A1360F8BD00228E
:10B950002270BDEC028B1B4A194B1360F8BD114DD0
:10B960002B786C7856E7184A1279002ADAD11A70C7
:10B97000D8E71C466C7060E7A542A9D3ABE7053E4B
:10B98000032E7FF647AF0E88B04228BF30460880AE
:10B9900040E72B703EE700BF844100204C4A002066
:10B9A000181B050874DF00206666E63E5CA60020D2
:10B9B00008D20020F7B1002098870020DCAB0020DF
:10B9C00084BA0020B47C0020BC3F00202DE9F04F59
:10B9D000AC4CAD4FDFF8F49297F808B0A4F104082E
:10B9E00083B0464608F1700A00252EE0DDB2530808
:10B9F000910803F0773301F033311944D308511A19
:10BA000003F01133CB1A03EB131303F00F33A9FB2D
:10BA1000031E4FEADE1ECEEB0E2EA3EB0E0EBEF182
:10BA2000010F0ED9BEF1020FA4F10400594617D13F
:10BA3000BCF1000F02D012F42F7F02D1DBF7F4F932
:10BA400070B10C34544500F0D98054F8042C12F035
:10BA5000010C05F10103C9D194F90030142BC6D1B2
:10BA60008A48F0F73AFA0220F4F770FD884B1B7809
:10BA7000022B00F0AC81002800F00182854DAB78EC
:10BA800033B92B88B3F5F07F84BF4FF4F0732B806C
:10BA9000FFF790FE8048814C10F8101BFFF78AFBDF
:10BAA000E17904F10800FFF785FB617D04F11600E0
:10BAB000FFF780FB7A4A9388D088118903430B43B0
:10BAC0001BB20BB10123538176490B68DA0700F1F1
:10BAD000B5815C0400F19F81180700F1A3819A04ED
:10BAE00000F1A7811C0440F149810022FA73BA7762
:10BAF00018060DD46C4BDA79022A08BF01224FF0E8
:10BB0000060008BFDA71ECF70DF8002840F0A081BC
:10BB10004FF48060F4F71AFD002800F0A381DFF8ED
:10BB2000B09109F1780A4C46627972B1207850B12F
:10BB30004B4602E006339A4507D019789142F9D175
:10BB400059790029F6D0EBF79FFF0634A245EBD1D7
:10BB5000AB78082B00F03181544C554B607AA17AB8
:10BB60001A68544BDFF86C91A0F10100B0FA80F034
:10BB7000A1F101014009B1FA81F118704909C2F33C
:10BB8000C0324D4819719A70FEF75CFE4FF4007098
:10BB9000FEF758FE4FF40030FEF754FE4FF48020BD
:10BBA000FEF750FE4FF00070FEF74CFEB9F804307F
:10BBB000002B40F02681414A13689B0D9B050BB179
:10BBC00000231360936823F4007323F002030BB186
:10BBD000002393601379013B042B84BF012313716D
:10BBE000AB78053B032B364B93F800A040F2A580C1
:10BBF000BAF1000F10D000230193A6E0013D022D01
:10BC00007FF631AF2CE70023019A2AB1EA7A3AB9DC
:10BC10006A7A012A00D01BB1AB7A002B40F0B480C5
:10BC2000284DDFF8B4B005F5847A15F8012C02EB45
:10BC300042025A442B4692F8C09092F8C1E092F822
:10BC4000C2C003201A784A45A8BF4A4603F8012B10
:10BC5000D979DA787145A8BF71466245A8BF6246B6
:10BC60000138D971DA70EDD12C355545DDD1B86A7E
:10BC7000002800F0E880144B4FF0010C03F178012C
:10BC80002FE000BF445900202441002040590020EB
:10BC9000808000204C4A0020B8AA00209CAA0020E6
:10BCA000305A002008D2002008CB00209C790020C8
:10BCB000FC550020343000203619F82178DF0020B0
:10BCC00030790020DAC90020E9AE00208180808030
:10BCD000E8AE0020F8470020181B050806339942FB
:10BCE00010D013F8012C182AF8D11A780CFA02F5A2
:10BCF0000542F3D0053206330CFA02F2994220EAEB
:10BD00000200EED162882388B86263489A4290F9B3
:10BD1000091024BF614B23604A1C38D1604B03F1EA
:10BD20008001DA8922F00202DA8110339942F8D1D7
:10BD300003B0BDE8F04FE8F789BD00232B72BAF1DC
:10BD4000000F00F0A080012301936FF00C0BDFF8CF
:10BD50006891ABEB050B04E00BEB09039A457FF60A
:10BD600052AF19F8010B0028F6D0F9F767FC00284C
:10BD7000F2D0037A9907EFD5012345E7FA7B002A31
:10BD800075D00022BA77B3E60023AB7248E70023F0
:10BD900096F90420914206F10C0605D00133092BD7
:10BDA000F6D1FF234372B9E703EB430358F823307E
:10BDB000DB07F6D51429B1D1F3E7AB7A002B3FF4BA
:10BDC000CBAEEB7A012B04BF0223EB72C4E6002852
:10BDD0003FF454AEDFF8E4C0324B9CF8001090F909
:10BDE0000440FF2503F16C0093F90820A24202D120
:10BDF0000139C9B21D720C338342F5D18CF80010A1
:10BE00003CE699F80000F9F719FC00287FF4D3AE5E
:10BE1000A9F80400CFE62448FEF714FD0B681807C4
:10BE20007FF55DAE2148FEF70DFD0B689A047FF5A6
:10BE300059AE1F48FEF706FD0B6853E61D48FEF796
:10BE400001FD0B6845E61820EBF71EFEB86A12E705
:10BE50000620EBF719FE4FF48060F4F777FB00281B
:10BE60007FF45DAE4FF00060FEF7ECFC57E642F267
:10BE7000010213423FF43CAE0022BA7738E680203C
:10BE8000FEF7E0FCFAE5EB7A002B7FF4C9AE6B7AA3
:10BE9000012B7FF4C5AEBFE65CF70020AE014A017E
:10BEA00084B00020FCDC00200920000201600002B8
:10BEB0000940000208600002594A002068DD0020A5
:10BEC0002DE9F04F684F694C83B0E5F767FCBC4241
:10BED00028BF012642D2DFF8C8A1DFF8C8910AF1D5
:10BEE00002080126BAF80230002B00F0A38008EB0C
:10BEF00003024A4580F09E80454609E013881546B6
:10BF0000D118002B00F09680494580F093800A46B6
:10BF1000052B40F28F8023886988C3F30B03994275
:10BF2000ECD16B7913F0030BE8D12A79A1682B8847
:10BF3000009220460193FFF787F92188009AB2EB1F
:10BF4000113F7BD0A5690026A188A068C1F30B0131
:10BF5000CDF760FC1C34BC422860C3D3444A454B37
:10BF600012681A60FFF732FD434B444A1B78DFF832
:10BF70003881434C03EB431302EB8303C8F80030D2
:10BF8000EBF7FCFCEBF7C0FF00252F46C4E9007778
:10BF9000E8B2EBF771FE0135202DC4E9020704F188
:10BFA0001004F3D1D8F80000E8F73CF8EBF732FEC4
:10BFB0003449354A0B79098903EB830303EB830387
:10BFC0009B00C72BD8BFC8235360642303FB01F336
:10BFD000C72BD8BFC82393602C4B2D49C3F89410AE
:10BFE00000239384C2E90333C2E90533C2E907336E
:10BFF000E3F74AF9274BDFED286A1A8A5B8A07EED6
:10C00000102A07EE903AB8EEC77AF8EEE77A234B9B
:10C0100027EE267A67EEA67A83ED017AC3ED007AE1
:10C02000DBF70EFBEFF74EFAE5F798FB304603B06F
:10C03000BDE8F08F2046FFF729F983E7A388019A2E
:10C04000A068C3F30B0B063A9345A8BF9346063589
:10C0500029465A460FF014FD28465946CDF7DAFB1B
:10C06000A569286070E700BFD498050810910508FD
:10C0700008D20020FC550020DCAB002084BA002050
:10C0800080E7002008CB0020F07F00200CAB0020D0
:10C09000345A00205CF7002017B7D13854C800206C
:10C0A0000040000800600008B47C002008B5FEF7DE
:10C0B000F9FC054A054B1268801A61F10001C3E9D9
:10C0C0000001012008BD00BF84190020608000200D
:10C0D00008B50B4BD3E9002352EA030C07D1094BF7
:10C0E00003600023838083710381184608BD0649DD
:10C0F0000968521843F10003FEF740FC012008BD17
:10C100006080002000000101841900202DE9F04129
:10C11000074608461646FEF7C5FC4FF47A72002320
:10C1200004460D460DF016F8294684464FF47A72FF
:10C13000204600233C2406FB04C60DF00BF8002526
:10C1400094B24FF47A73C3FB0645384622462B4619
:10C15000BDE8F041FEF712BC12B370B40446861875
:10C1600003E0581B14D1B44214D014F8013B11F869
:10C17000010BA3F14102192AA0F1410298BF20331B
:10C18000192A00F12005ECD91B1A06D10028EAD1A2
:10C1900070BC7047002070BC7047184670BC704778
:10C1A0001046704770B5044608460D460CF0CAFFAD
:10C1B000064602E014F8013F43B1324629462046C4
:10C1C000FFF7CAFF0028F5D1204670BD1C46204667
:10C1D00070BD38B507490546FFF7E4FF0649041E60
:10C1E000284618BF0124FFF7DDFF08B144F0020420
:10C1F000204638BD787F05087B7F05086FF0004238
:10C20000FFF7AABFA0F16103192B98BF2038704730
:10C21000A0F14103192B98BF20307047202805D08A
:10C22000093804288CBF0020012070470120704786
:10C2300037B50446084601910CF084FF0199054684
:10C2400002462046FFF788FF70B9625D1046FFF78F
:10C25000E5FF00B932B901352C442046013403789A
:10C26000202BFAD003B030BD0020FBE72DE9F843C6
:10C2700006461F4605462C7820462B46FFF7CEFF84
:10C2800001350028F7D12B2C62D02D2C0FD0102A8D
:10C290007BD04FF0FF3CBCFBF2FC02FB0CFE6FEAD4
:10C2A0000E0E994605465FFA8EFE90460FE0012578
:10C2B000102A03F101092FD199F80040302C49D000
:10C2C0004FF0100842466FF0704C4FF00F0E09F11E
:10C2D000010300200BE0303CE4B294420DDA6045EB
:10C2E0001E4628D825D008FB004013F8014B392CF6
:10C2F000F1D944F02004602C0BD801B10E60F5B1E7
:10C3000027B1B0F1004F28BF4FF000404042BDE8D8
:10C31000F883573CE4B2E0E74FF0FF3CBCFBF2FC93
:10C3200002FB0CFE6FEA0E0E5C785FFA8EFE904602
:10C33000CDE7A645D7D23D404FF0FF30D5E7002FDF
:10C34000E5D06FF00043984228BF1846BDE8F88357
:10C350000546ADE799F801402046FFF759FF4FF039
:10C360001008782809F10106424605D0B1466FF061
:10C37000704C4FF00F0EAAE799F802406FF0704C26
:10C3800009F102094FF00F0EA1E79946054693E720
:10C3900001230A22002169E770B50D461446FEF715
:10C3A0009FFE064670B1FFF7F3FFA0F2DC530520B5
:10C3B00093FBF0F303F17D02FA2A03D82B70237864
:10C3C000013323703046FEF78BFE064670B1FFF74F
:10C3D000DFFFA0F2DC53052093FBF0F303F17D02B5
:10C3E000FA2A03D86B70237801332370304670BD6E
:10C3F00000233BE7613819288CBF002001207047DB
:10C40000413819288CBF0020012070473038092896
:10C410008CBF002001207047A0F13003092B07D901
:10C4200020F02000413819288CBF002001207047DF
:10C430000120704730B402681146531C036011F8A4
:10C44000024B0160D31C517803609378151D056081
:10C450001B04D07843EA0123234343EA006030BC45
:10C46000704700BF0368591C1A46016012F8021B8E
:10C470000260587841EA0020704700BF03685A1CE8
:10C4800002601878704700BF30B583B00446084694
:10C4900001910CF057FE451C019920682A460FF0C7
:10C4A000EFFA20682844206003B030BD30B583B077
:10C4B0000446084601910CF045FE019905460246E6
:10C4C00020680FF0DDFA20682844206003B030BDFA
:10C4D00038B50446006815460FF0D2FA23682B449D
:10C4E000236038BD036810B40A0E5C1C04601A7027
:10C4F00003680A0C5C1C04601A7003680A0A5C1C5E
:10C5000004601A7003685A1C026019705DF8044BCD
:10C51000704700BF036810B40A0A5C1C04601A70FC
:10C5200003685A1C026019705DF8044B704700BF25
:10C5300003685A1C026010B4197003680A0A5C1C74
:10C5400004601A7003680A0C5C1C04601A700368AB
:10C55000090E5A1C026019705DF8044B704700BF49
:10C5600003685A1C026019700368090A5A1C0260A9
:10C57000197070472DE9F04F144612F8015B87B02F
:10C58000002D00F04A8181468A46984600270AE03D
:10C590002946484601371446D047224612F8015B27
:10C5A000002D00F08780252DF2D16578302D00F028
:10C5B000D78002344FF0000BA5F13003DAB2092A1C
:10C5C0004FF000065CD96C2D78D0782DE5D8572D2A
:10C5D00062D9A5F15803202BDFD801A252F823F02D
:10C5E00003C803089BC503089BC503089BC5030834
:10C5F0009BC503089BC503089BC503089BC503088F
:10C600009BC503089BC503089BC5030893C7030884
:10C61000A1C703089BC503089BC503089BC5030866
:10C620009BC503089BC503089BC503089BC503085E
:10C630009BC503089BC503088BC703089BC503085C
:10C640009BC503089BC503089BC5030875C7030862
:10C650009BC50308BFC703089BC503089BC5030808
:10C6600003C803080528AED8A5F137030A2BAAD1C1
:10C6700014F8015B06EB860603EB4606A5F13003D2
:10C68000DAB2092AA5F16101A5F14100F0D9052925
:10C69000E8D8A5F15703E9E765B1252D7FF47DAF13
:10C6A00025214846D0472246013712F8015B002D6C
:10C6B0007FF479AF384607B0BDE8F08F14F8012B4E
:10C6C000782A3FF66AAF572A4FD9A2F15803202B98
:10C6D0003FF663AF01A151F823F000BFCFC70308B5
:10C6E0009BC503089BC503089BC503089BC503089E
:10C6F0009BC503089BC503089BC503089BC503088E
:10C700009BC503089BC5030893C70308E7C7030835
:10C710009BC503089BC503089BC503089BC503086D
:10C720009BC503089BC503089BC503089BC503085D
:10C730009BC503088BC703089BC503089BC503085B
:10C740009BC503089BC5030875C703089BC5030861
:10C75000F3C703089BC503089BC50308CFC703089D
:10C76000A5784FF0010B033426E7002AA2D0252A32
:10C7700096D012E758F8043B009332460023514606
:10C780004846FEF7C9F9074407E758F8043B1F601D
:10C7900003E758F8041B4846C9B20137D047FCE606
:10C7A00058F8040B03A9FEF775F803AB0093324663
:10C7B0005B4651464846FEF7AFF90744EDE658F8A8
:10C7C000040B03AB00220A21FEF792F8EDE7A2F179
:10C7D0005802B2FA82F258F8040B520903AB102146
:10C7E000FEF786F8E1E758F8040B03A9FEF752F8C4
:10C7F000DBE758F8040B03AB00220A21FEF778F8B8
:10C80000D3E7A5F15802B2FA82F258F8040B5209A4
:10C8100003AB1021FEF76CF8C7E72F464AE773B564
:10C82000114C0192064620680D46A0B10F49FEF753
:10C830006EFD20683146FEF76AFD0D492068FEF75F
:10C8400066FD0C49019B20682A46FFF793FE0A49C2
:10C850002068FEF75CFD094B1B7813B1084B0122E1
:10C860001A7002B070BD00BF0C5A00207E7F050810
:10C87000308505080BB30308E5770508105A00203A
:10C88000115A00200EB403B503AA52F8041B0192FA
:10C89000FFF7C5FF044B05491868FEF738FD02B0E5
:10C8A0005DF804EB03B070470C5A0020C9860508F8
:10C8B00070B50D460446174905222846FFF74CFC83
:10C8C00058B9154A13781BB901211170134A137016
:10C8D000BDE870401248FEF7EFBE12490322284619
:10C8E000FFF73AFC88B90C4D0C4E2A784AB13378E0
:10C8F0003BB10D492046FFF7C5FF00232B70337075
:10C9000070BD0A48FEF7D8FEF7E720460849BDE8A3
:10C910007040B7E74B780508105A0020115A0020E4
:10C920008B7F0508DC790508A17F0508D87F0508FD
:10C93000EC7F050810B5044608460B46FEF7EEFDF1
:10C9400028B9094903221846FFF706FC38B90748F9
:10C95000FEF7B8FEBDE810400120FEF7D3BE20462A
:10C960000349BDE810408DE7FB7F0508FF7F050800
:10C97000EC7F050810B504460748FEF79DFE09F058
:10C9800075F820B1BDE810400448FEF795BE20467A
:10C990000349BDE8104075E7218005082B80050894
:10C9A00033800508014902466CE700BF3A8005085C
:10C9B000004967E7518005080EB403B503AA52F891
:10C9C000041B0192FFF72BFF064B1B6823B9064B94
:10C9D00006491868FEF79BFC02B05DF804EB03B053
:10C9E000704700BF105600200C5A0020C986050869
:10C9F00008B50B4605490246086830B10449FFF7FF
:10CA0000B9FDBDE80840FEF774BE08BD1056002011
:10CA10000BB303080FB407B504A951F8040B019137
:10CA2000FFF7E6FFFEF744FE03B05DF804EB04B049
:10CA3000704738B5104D04460846FEF76FFD58B1F3
:10CA40000E4B0F4893F900104B1C0ABF0D4BC9B297
:10CA50005978BDE83840DDE70846FFF799FC05281E
:10CA600004D8C0B2EAF7CCFF2946E5E720460649DC
:10CA7000BDE83840052205E7CB860508A10A00205D
:10CA800060800508DCAB00206F80050838B5114DCB
:10CA900004460846FEF742FD58B10F4B0F4893F984
:10CAA00000104B1C0ABF0E4BC9B21978BDE83840C4
:10CAB000B0E70846FFF76CFC052804D8C0B2FEF7C3
:10CAC00053FE2946E5E720460649BDE838400522E1
:10CAD000D8E600BFCB860508A00A002064800508C0
:10CAE000DCAB00207480050870B506460846FEF7EA
:10CAF00015FD00B3214B1B680133162B17D82049B5
:10CB00000C2202FB03121C4695682DBB1C4A0C210B
:10CB10000134162C0DDC03D801FB04208568DDB937
:10CB2000A342F5D130461749BDE87040AAE61C463D
:10CB3000ECE70024F0E70846FFF72AFC1628044635
:10CB400005D80F4A0C2303FB00239D6825B9214615
:10CB50000D48BDE870405DE7084B1C60F3F71CFE14
:10CB60000A482A462146FFF755FF0C206043044B34
:10CB7000BDE87040185CF3F729BE00BFA40A00208E
:10CB80005CE004088F800508A3800508B9800508CB
:10CB9000044B33F91020411C0AB103483AE703481B
:10CBA00038E700BF3CD10020CE800508E3800508AF
:10CBB0000F4A104BDFED107A13B5411C33F91040CA
:10CBC000019102EB800090ED000A20EE270A0DF0A3
:10CBD000A9FB019902B22CB10848234602B0BDE876
:10CBE000104017E7064802B0BDE8104012E700BF4A
:10CBF000A02200203CD1002000007A44F9800508E2
:10CC00000B8105082DE9F04186B0064601AA0846C9
:10CC10004E49DFF838810EF0A9FF002402AF254607
:10CC2000D0B1042C0FD1029F49493846FFF7E6FAEC
:10CC30000546F8B9474C2378AB4213DDE8B2FFF75D
:10CC4000B7FF0135F7E747F8240001AA4146002065
:10CC50000EF08CFF0134E2E7002CE4D13D4C237848
:10CC6000AB4202DC06B0BDE8F081E8B2FFF7A0FFFE
:10CC70000135F4E738493846FFF7C0FA0546002881
:10CC800060D1012C08D1334C2378AB42EADDE8B205
:10CC9000FFF77EFF0135F7E7022C10D1039C2F49E7
:10CCA0002046FFF7ABFA28B12D492046FFF7A6FA38
:10CCB0000028D7D12B4B0022C3E90022D2E7032C56
:10CCC0003CD1039D28492846FFF798FA044618B13D
:10CCD0002846FFF75DFB0446049F20493846FFF7CE
:10CCE0008DFA054648B11E493846FFF787FA0546D2
:10CCF00018B13846FFF74CFB0546164F3A78944278
:10CD000004D91A493046FFF7BDFDABE705F57A7344
:10CD1000B3F5FA6FF5D8134E4CB93B78A342A1DDB9
:10CD2000E0B226F8025BFFF733FF0134F5E7013C80
:10CD3000E0B226F81050FFF72BFF93E73046FFF7DD
:10CD400031FE8FE73046FFF733FE8BE7F2730508BD
:10CD500018810508307900201F810508988305088F
:10CD6000288105083CD100201C7805082E81050883
:10CD700070B5054608461646FFF70AFB041E09DD96
:10CD80000C4B1B78A34205DB0B482146FFF742FE04
:10CD9000601E0EE02EB1FF2C03D10848FFF73AFECB
:10CDA000F6E7044B06491A782846FFF76BFD4FF06B
:10CDB000FF3070BD30790020448105085581050899
:10CDC000688105082DE9F04F064685B008460B46F8
:10CDD000FEF7A4FB044618B13046FFF7E3FD53E02D
:10CDE0002F49DFF8CC90DFF8CCA0DFF8CCB003AA55
:10CDF00018460EF0BBFE27460546A04665B9294BEE
:10CE00003A461868A1B2CDF741FE00283CD1264928
:10CE10003046FFF737FD37E0B8F1000F15D0B8F115
:10CE2000010FD9D1BB1E5A425A4129463046FFF75D
:10CE30009FFF421C044627D0194903AA00200EF088
:10CE400095FE08F101080546D8E728460CF07AF966
:10CE50004946024601902846FFF77EF9B8B1019A8B
:10CE600051462846FFF778F998B1019A5946284665
:10CE7000FFF772F978B1019A0C492846FFF76CF96F
:10CE800058B13046FFF794FD05B0BDE8F08F474636
:10CE9000D2E70127D0E70227CEE70327CCE700BF80
:10CEA000F2730508B45900209A8105089781050896
:10CEB0008E810508918105089481050810B50F4CF5
:10CEC00004F5BE72012808BF1446752120460CF0F7
:10CED000CDF801460A48FFF79DFD1A2120460CF0C7
:10CEE000C5F801460748FFF795FD1B2120460CF0C9
:10CEF000BDF8BDE81040014603488BE5D041002055
:10CF0000B8810508CB810508DE81050838B50B4CD2
:10CF1000E07810F0FD0505D10948FFF77BFD2846B4
:10CF2000FFF7CCFFE378013B012B06D80548FFF75C
:10CF300071FDBDE838400120C0E738BD5CA6002087
:10CF4000F1810508FC8105082DE9F043064687B00C
:10CF500008460C460CF0F6F8082843D1671E03ADCE
:10CF6000073429463A46A84612F8010FFFF74AF956
:10CF7000A24201F8010BF7D10023DFF878908DF879
:10CF8000143017F8010FFFF73DF9C1B205F8010B96
:10CF9000484601910FF0E8FD20B1019928460FF0B5
:10CFA000E3FD28B13046FFF703FD07B0BDE8F0838D
:10CFB000A742E6D10E494046E4F77CFB0C480D49F8
:10CFC000082310F8012B11F8014B06AD2A44013B50
:10CFD00002F80C4CF5D108488DF8143003A9FFF77E
:10CFE00019FDE2E70028E9D03046FFF7DBFCDCE77B
:10CFF00024410020642505082079050808B5084B60
:10D000001A78032A08D15B780D2B05D1E3F7ECFCE5
:10D01000BDE808400348FDE4BDE80840024931E4AA
:10D02000004100200782050812820508034B044ACC
:10D0300004491B68126809680348EBE49875FF1FF0
:10D040009475FF1F9075FF1F218205082DE9F0419F
:10D05000064608460C460CF075F8054628B3154BF5
:10D060001B78ABB1144F3B7893B138460CF06AF89B
:10D07000A842024604D1214638460FF082FD38B15D
:10D0800030460D4B0D4A0E49BDE8F041FFF7FABBA3
:10D090000C4B1B784BB92046F8F716F928B10A4B10
:10D0A0000A4801229A70FEF70DFBBDE8F0410249E3
:10D0B0000748AFE488E90020DCD10020358205086C
:10D0C000458205082CED00205CF700206F820508E2
:10D0D000A77805082DE9F041064608460C460CF0F5
:10D0E00031F8054628B3154F3B78ABB1144B1B788C
:10D0F00093B138460CF026F8A842024604D12146E6
:10D1000038460FF03EFD38B130460C4B0D4A0E4903
:10D11000BDE8F041FFF7B6BB0C4B1B784BB920467E
:10D12000F8F7A2F828B10A4B0A4801229A70FEF7D4
:10D13000C9FABDE8F041014907486BE44CE700201B
:10D1400088E9002084820508458205082CED00202E
:10D150005CF7002091820508977805082DE9F041D9
:10D16000064608460C460BF0EDFF054628B3154F62
:10D170003B78ABB1144B1B7893B138460BF0E2FF10
:10D18000A842024604D1214638460FF0FAFC38B1D5
:10D1900030460C4B0D4A0E49BDE8F041FFF772BB1B
:10D1A0000C4B1B784BB92046F8F776F828B10A4BA0
:10D1B0000A4801229A70FEF785FABDE8F04101495C
:10D1C000074827E4C4D1002088E90020A38205088D
:10D1D000458205082CED00205CF70020AE82050892
:10D1E00089780508F0B5064689B008460D46FFF770
:10D1F000CFF82021044628460FF0B6FC20B930466F
:10D20000FFF7D0FB09B0F0BDFFF7C2F82246054694
:10D2100001460E48FFF7FEFB7DB1202D2A466946E8
:10D2200028BF2022204607F01BFE00270646B742F3
:10D2300006DBAD1B3444002EEED1FEF739FAE1E7F0
:10D240001DF80700FEF724FA0137F0E7BE82050853
:10D2500070B5054608460C46FFF79AF820210646A9
:10D2600020460FF081FC044620B92846BDE87040F6
:10D27000FFF798BB104D2A7D697D914201D007F0E0
:10D28000D9FD0E4B20461E600BF05CFF01220146CB
:10D29000204607F06FFE2B7D6A7D9A4201D007F091
:10D2A000C9FD20460BF04EFF32460146BDE87040F6
:10D2B0000348FFF7AFBB00BF5CF70020A887002042
:10D2C000D68205082DE9FF4708F066F98268838950
:10D2D00001880192428800924268244EDFF89C90B7
:10D2E000DFF89C80DFF89CA004462148FFF792FB02
:10D2F0000025374615B94846FEF7DEF9D8F8003064
:10D300009D420DDB0023062000FB03F17A18795CB7
:10D3100002291AD00133062BF6D100239B88FFDEA9
:10D3200033781448052B96BF0AEB83030022D3F809
:10D33000D420B3880093294673880135FFF76AFB30
:10D34000062D06F10606D5D1DCE791885388CB1A65
:10D35000616803FB0111039107F02CFE039902465B
:10D36000054804B0BDE8F047FFF754BBC00C0020EF
:10D37000EC82050845830508548305083A830508AF
:10D38000E40C0020181B0508084B33F9102002F5A7
:10D39000FA639BB2B3F57A6F00F1010102D8044839
:10D3A000FFF738BB0348FFF735BB00BF04B10020CF
:10D3B00071830508868305082DE9FF410646084666
:10D3C0000D46FEF7ABF80746E8B100240A25092C04
:10D3D00017D90A2203A90120FDF744FAB4FBF5F39B
:10D3E000424A05FB134303A9D35C03700023437037
:10D3F00001343046FFF7E0FF122CE8D104B0BDE85D
:10D40000F08103A8EAE70846FEF7C2FFC4B2112C78
:10D4100062D8681CFDF764FE354D8046C0B9354BB7
:10D4200013F814108A1E51425141324B13F8142044
:10D43000AA5C00294BD003EB440319205B7840F22F
:10D44000EE2100FB03132C482146FFF7E3FAD5E752
:10D45000017828460FF088FB60B1431B2748042C55
:10D460008CBF03220022104450FA83F393F8EC702F
:10D47000032F03D13046FFF79BFABFE74046FDF785
:10D480002FFEF0B1022FF5D1FEF782FF40F6CA025F
:10D4900080B29042174BA8BF104640F2EE22904255
:10D4A00003EB4403B8BF1046A0F2EE201922B0FBF4
:10D4B000F2F05870BB1E594259410E4B03F81470DC
:10D4C000B3E7022FF6D13046FFF76CFA96E70C4827
:10D4D0002146FFF79FFA91E711230093094A0A4971
:10D4E0003B463046FFF7CEF988E700BFC07D050810
:10D4F000106105082CAE002046790508181B0508A8
:10D50000567905089C830508ED7C05080FB407B51E
:10D5100004A951F8040B0191FFF76AFA03B05DF812
:10D5200004EB04B070472DE9F04F894E91B00746E7
:10D5300088480D46FFF76EFA00233370864B874903
:10D54000C3F800D0864B0978402406221C70284678
:10D550000123FBF7F1FB0A20F9F726FF33780C2BA8
:10D56000DAB240F2F0809DF80C50FE2D2ED0FF2D47
:10D570000BBF15240F2401260026944240F0E380BF
:10D58000611EC9B26846D6F775F810AB1C4414F892
:10D59000413C834240F0D28006F1FF385FFA88F8C0
:10D5A000B8F1010F9DF80D3012D903F01F07613754
:10D5B0005C096C48FEF776F8022E72D0013C042C10
:10D5C0006BD8DFE804F00B5E626A66000226D4E7DF
:10D5D0009DF80E709DF80F401D46EAE76248FEF781
:10D5E0006BF86248DFF8DC91DFF8DCB1FEF75AF83F
:10D5F0006C464FF0000A14F8011B48460AF1010A74
:10D60000FFF784FFBAF10C0F53D1FEF751F8022E49
:10D6100059D06422B5FBF2F102FB115254483B464B
:10D62000D2B2C9B2FFF7F6F9B8F1010F7DD8514A6D
:10D63000514B9DF810105148514D002914BF11460F
:10D640001946FFF7E7F99DF811104E4B4E48002997
:10D6500014BF19462946FFF7DDF9022E65D19DF862
:10D6600012404A48FEF71EF89CB3FF2C41D00A2214
:10D67000B4FBF2F102FB11424548D2B2FFF7CAF9FE
:10D680002AE04448FEF718F8ABE74348FEF714F8E1
:10D69000A7E74248FEF710F8A3E74148FEF70CF869
:10D6A0009FE700230DF11F008DF83F30FEF704F8CF
:10D6B00097E73C4B03FB0AF2B2F1553F9BD8584623
:10D6C000FDF7F0FF97E738483A462946FFF7A2F9F9
:10D6D000AAE72846FDF7F0FF9DF813403348FDF711
:10D6E000E1FF54B1FF2C23D031482146FFF792F9D6
:10D6F00006E03048FDF7E0FFEEE72148FDF7DCFFEC
:10D700001F4E2C4FDFF87C800DF11305002415F817
:10D71000012F8AB1FF2A0CBF3A46424621462648CD
:10D720000134FFF777F9042CF1D111B0BDE8F08F87
:10D730002048FDF7C1FFE3E73246EFE71F493846CF
:10D74000FFF7A0F8F1E71E48FDF7B6FFEDE700BFD1
:10D7500020760020C0830508247600203079002040
:10D7600050760020D1830508DC8305080A8405086B
:10D7700021840508A4830508AD830508588405089D
:10D78000988305081D7905086F84050876840508C7
:10D790008A840508E3830508EB830508F3830508FD
:10D7A00002840508ABAAAAAA3D840508928405084C
:10D7B000CB870508B4830508A2840508AD84050855
:10D7C000BD8405081C840508E97705082DE9F74F95
:10D7D000054608460B46FDF7A1FE044610B9324A3D
:10D7E00017782FB92846FFF7E3F803B0BDE8F08FAC
:10D7F0002E49DFF8C480DFF8C490DFF8C4A001AA86
:10D8000018460EF0B3F9264610B9F9F771FEECE7A9
:10D8100076B9012201462846FFF7AAFA421C0446BF
:10D82000E3D0224901AA002001360EF09FF9EBE770
:10D83000FEF7AEFD2F2883462FD80FB1F9F76EFE05
:10D84000BBF1060F0DD01A49012309785FFA8BF25C
:10D85000E0B2FBF771FA59464846FFF7DBF80027BC
:10D86000DFE7DAF800301B0113D5FF2C0ED0E1B250
:10D870002846FFF758FEEEE72846FFF754FE0C4B0C
:10D8800001371A78F9B28A42F6D8E4E7084B002744
:10D89000F7E70848FDF710FFDDE72F22414628464D
:10D8A000FEF7F0FFBDE700BF7C4A0020F2730508D9
:10D8B0003079002012820508D7840508C68405083F
:10D8C000FC5500202DE9F04F2DED028B08EE100ADB
:10D8D00083B008460E46174698460BF033FC0446C4
:10D8E00008BB4648464EDFF83881FFF70FFE0C258F
:10D8F0002046F2F73DFF3B68184205D005FB04F3D4
:10D9000040469959FFF702FE0134162CF0D13B68CE
:10D9100013B93C48FDF7C6FE03B0BDEC028BBDE871
:10D92000F04FFDF7C5BE024637493046FEF714FCFE
:10D930000546B0B93548324E354FFDF7B3FE2C469B
:10D940000C252046F2F714FF10EA080F05D005FB5E
:10D9500004F338469959FFF7D9FD0134172CF0D15B
:10D96000DAE73378DFF8BC902D2B48F4800303BF4F
:10D97000013604F1FF34012500254FF0000A019320
:10D98000D9F808B0224659463046FEF7E5FB20BBE1
:10D990005046F2F7EDFE019B03421ED09DB1BAF155
:10D9A000160F1CBF3B6840EA0308C7F800801948FF
:10D9B000FDF778FE1648594603B0BDEC028BBDE872
:10D9C000F04FFFF727B8BAF1160F1CBF3D6885432B
:10D9D0003D601148FDF766FEECE70AF1010ABAF175
:10D9E000170F09F10C09CBD10C4918EE100A03B03E
:10D9F000BDEC028BBDE8F04FFEF744BFF78405088D
:10DA000064E0040801850508B47405080D8505085F
:10DA1000098505081885050821850508F079050898
:10DA2000088505085CE00408014B024A4AE700BF8C
:10DA3000FFFF3F0078DF0020014A40F2022341E768
:10DA400080DF00202DE9F74F834608460D460BF096
:10DA500079FB3B4E0446D6F80090B8B939483A4DA8
:10DA60003A4FFDF71FFE012655F8041B49B106FA8F
:10DA700004F313EA090F02D03846FFF747FD0134DB
:10DA8000F2E703B0BDE8F04FFDF712BE02463049A1
:10DA90002846FEF761FB78B92E482B4C2E4DFDF73A
:10DAA00001FE54F8041B0029EBD00B78002BF8D0B2
:10DAB0002846FFF72BFDF4E72B782D2B224B03BFD5
:10DAC000013504F1FF344FF0010A4FF0000A00273E
:10DAD00053F8048BB8F1000F06D12049584603B023
:10DAE000BDE8F04FFEF7CEBE2246414628460193E0
:10DAF000FEF732FB019B00BB0123BB409A0505D515
:10DB0000174803B0BDE8F04FFDF7D6BDBAF1000FDE
:10DB10000CD029EA030313483360FDF7C3FD0E4818
:10DB2000414603B0BDE8F04FFEF774BF49EA030376
:10DB30000D483360FDF7B6FDF1E70137C8E700BFD8
:10DB400008D2002029850508D0FC04083385050883
:10DB5000B47405080D85050809850508F0790508E0
:10DB6000378505081885050821850508154B1B68AC
:10DB700070B533B31448154EFDF79EFDFDF7B9FDA2
:10DB800007F044FA002507F039FA044648B113209B
:10DB9000F2F71CFEFDF78CFDBDE870400C48FDF768
:10DBA0008BBD3046FFF7B2FC782D06D80135FDF766
:10DBB000A0FD6420F9F7F8FBE5E7FDF779FD2546C0
:10DBC000F5E770BDAC870020438505081082050885
:10DBD0005D85050830B52E4885B0FDF763FD2D4BFA
:10DBE0001B792BB92C4805B0BDE83040FDF764BD6A
:10DBF000D2F7BAFC08B92948F5E7D2F7A5FC08B96D
:10DC00002748F0E7274B1B68DB6998470028F7D0C7
:10DC1000D2F794FC0268037D81790446407C02902F
:10DC2000207C0190608A009052081F48FFF76EFC2C
:10DC3000E51D0C3415F8010BFDF72AFDAC42F9D1B6
:10DC40001A4C1B48FDF72EFD6378022B0AD00DD924
:10DC5000032B02D11748FDF725FD05B0BDE8304084
:10DC6000FDF726BD1448FDF71DFDF6E71348FDF747
:10DC700019FD41F2E473E35C022B05D0032BECD1D8
:10DC80000F48FDF70FFDE8E70E48FDF70BFDE4E751
:10DC900063850508BC3F00206D8505087C85050867
:10DCA0008A850508C43F002099850508C85D0020C5
:10DCB000C7850508D7850508DD850508EA850508B7
:10DCC00009860508F08505082DE9F04F024691B058
:10DCD00008460B46FDF722FC044628B11046FEF725
:10DCE00061FE11B0BDE8F08F4FF0FF32CDE90820A2
:10DCF000A74ADFF8E4821268DFF8E09292F8381061
:10DD0000DFF8DCA2CDE90C10CDE90E02CDE90A0066
:10DD1000A04907AA18460DF029FF27460546049496
:10DD200026463DB9089A0C9FBA4260D19A48FEF740
:10DD300071FED6E7062F12D8DFE807F0041E23286D
:10DD4000454C510051462846FEF72CFA78B14FF465
:10DD50008060F2F7FBFB90F90430089301248D49B1
:10DD600007AA00200DF002FF01370546D9E7284633
:10DD7000FEF70EFB0890F2E72846FEF709FB099034
:10DD8000EDE72846FEF725FA0A90E8E728460BF06B
:10DD9000D9F94146024605902846FEF7DDF918B349
:10DDA000059A49462846FEF7D7F906460028D6D0F8
:10DDB0002846FEF7EDFA04280646D0D901467748F2
:10DDC000FEF728FE8DE72846FEF7E2FA00230C90C6
:10DDD0000F93C4E72846FEF7DBFA0D90BFE728460D
:10DDE000FEF7F7F90E90BAE701230493B7E7DFF8DF
:10DDF000F48151B2434613F9010B884208D0013532
:10DE0000092DF8D1002166480131FEF703FE68E7CD
:10DE100064480121FEF7FEFD7AB2002318F9011BC8
:10DE20008A4200F010810133092BF7D13A460121D3
:10DE3000E9E7A7F1140253425341059308AD0023CB
:10DE400003F10108EB68002B36D195F900B0584674
:10DE5000F2F79AFBD5F804A020B1D0F80090B9F100
:10DE6000000F62D1BAF1000F1BD14FF461436B6018
:10DE70004FF0010AAB680BB90323AB600023D5F860
:10DE8000049002932A7A1946CDE9009258461A4620
:10DE9000F2F7B9FBE86038B943484146FEF7BAFDEE
:10DEA0001FE74FF0000AE5E74A464146BAF1000F86
:10DEB00037D03E48FFF72AFBB8F1020F05F11005F5
:10DEC0004FF00103BCD1059BDDF83C800B9D53B1A5
:10DED0003748FDF7F1FBD8F800301B6A1BB1354914
:10DEE0002A4640469847049B002B4ED03249334B7C
:10DEF000142F18BF19463248FEF78CFD142F09D194
:10DF0000049B03B936B12B68DB691BB12D4932463E
:10DF100028469847002C67D1002241462846CCF776
:10DF2000E3FC2948FFF7F2FAC6E7C5F80C90BAF10E
:10DF3000000F23D0254841465246FFF7E7FA5146E5
:10DF40004846F5F789FCD5F808A0BAF1000F0DD0C6
:10DF500099F80420924509D01D4841465346FFF7E1
:10DF6000D5FA5FFA8AF14846F9F778FAD9F82C30F1
:10DF7000002BA1D00023C9F82C309DE7D9F8082048
:10DF800014484146FFF7C2FADDE70C49B3E700BF8A
:10DF9000B4590020F27305084B860508338605083E
:10DFA0008F87050864860508708605088C86050835
:10DFB00043870508593803081B860508CB860508E2
:10DFC0006C870508EDB20308B0860508CC86050805
:10DFD0001E870508F98605082881050803850508B8
:10DFE000288605083CDE0408F9F798FA0520F9F7B9
:10DFF000DBF91B4FDFF8709000264FF0030A99F809
:10E000000030B34288D917F801BBBBF1000F15D01F
:10E010005846F7F713FB044680B15846F9F7B0FAB3
:10E0200008B1A0F806A001210490F9F719FB237AA2
:10E03000049813F0010F03D0F9F754FB0136DEE723
:10E04000F9F756FBFAE707483A460221FEF7E2FCE9
:10E05000099B002B3FF4EDAE00230593EEE600BFD5
:10E06000594A002064860508307900202DE9F843DC
:10E07000037903F0E002402A54D004D872B1202A78
:10E080002CD0BDE8F883602A52D0802AF9D1827959
:10E0900041792A48BDE8F843FEF7BCBC03F007030A
:10E0A000022B02D0042B09D07BB9B0F80720B0F8BE
:10E0B00005102348BDE8F843FEF7ACBCD0F80510C6
:10E0C0002048BDE8F843FEF7A5BCB0F90720B0F939
:10E0D00005101B48BDE8F843FEF79CBC45791A4E75
:10E0E0001A48FDF7DFFA06EBC502002492F8048017
:10E0F0000123A04503D8BDE8F843FDF7D9BA56F887
:10E10000357057F824204FEA84094AB113B91048F2
:10E11000FDF7C8FA57F809100E48FFF7F7F9002382
:10E120000134E6E741790C48BDE8F843FEF772BCDC
:10E13000BDE8F8430948FEF76DBC00BFF08705084D
:10E14000B7870508A187050850FD0408CE87050894
:10E150006476050845720508DF8705080788050805
:10E160002DE9F04715460A7902F0E004402C81467B
:10E170000F46984638D1DFF89C81654EDFF8B8919C
:10E18000002415E03B7903F00703013B032B03D880
:10E19000DFE803F013181E24295D3046FFF7B6F9B7
:10E1A0007B79013BA34202DD4846FDF77BFA01344F
:10E1B0007B79A342E6DCBDE8F08729573046FFF7BC
:10E1C000A5F9EDE735F814103046FFF79FF9E7E7BA
:10E1D00035F914103046FFF799F9E1E755F82410A6
:10E1E0004046FFF793F9DBE702F00702042A41D823
:10E1F000DFE802F0030C141619002E78602C47D0CB
:10E200002BD8002C4ED0202C64D0D4E795F9006098
:10E21000602C3DD021D8002CF5D131E02E88EDE7DF
:10E22000B5F90060F4E7D5F800A0202C564651D08F
:10E2300011D8002CBFD151463648FFF767F9D7F8FF
:10E2400005108A455AD8B8F1000FB4D0BDE8F047A0
:10E250003148FFF75BB9602C1AD0802CABD12978FC
:10E260002E4B2F48002914BF29461946BDE8F04718
:10E27000FFF74CB9202C2CD007D8002C9BD1264678
:10E28000B7F90540B7F9075010E0602CE5D100263A
:10E290007B7946FA03F3DB072BD5BDE8F04721482D
:10E2A000FFF734B9B7F80540B7F8075018483146BA
:10E2B000FFF72CF9B44221DCB5421FDBB8F1000FA7
:10E2C0003FF479AF2A4621461748BDE8F047FFF7EB
:10E2D0001DB900267A79154B03EBC2010979B142C9
:10E2E0000CDD53F8323053F82600BDE8F047FDF757
:10E2F000D9B9BDE8F0470E48FFF708B9FDF7D8F9DE
:10E300003A680C4933464846BDE8F047FEF754BB2F
:10E31000CB870508B48705081F880508E977050835
:10E32000457205081C8805087E88050850FD04080C
:10E3300025880508298805082C7605080CB407B53A
:10E3400010F020000BD079B92320FDF7A1F9049833
:10E3500005A90191FEF74CFBFDF7AAF9012003B0D6
:10E360005DF804EB02B070470020F8E70CB4C30678
:10E3700007B500D561B9049805A90191FEF738FBEE
:10E38000FDF796F9012003B05DF804EB02B0704789
:10E390000020F8E72DE9F04F87B00F4691460021A5
:10E3A000119ADFF898B098460646FDF797F987EA84
:10E3B00009096FEA09030446002505932846F2F788
:10E3C000D7F9109B184231D0059B1B4ADFF870A08B
:10E3D000034014BF4FF001094FF00009039310EA06
:10E3E000070304934FF00C0303FB05F349469B58C6
:10E3F000029314BF5A465246009330464346FFF7F5
:10E400009DFF039BB3FA83F1224649093046FDF78D
:10E4100065F9049A029B009304464346002A14BF00
:10E4200052465A4649463046FFF7A0FF0135162DA1
:10E43000C4D107B0BDE8F08F64E004084388050844
:10E44000498805082DE9F04F824687B00D461E46E3
:10E450001746002A6DD04FF48072394628460EF0D8
:10E4600075FB0AF03003102B5FD0B0FA80F464091A
:10E4700016B13046FDF726F9DFF8BC80DFF8BCB0F6
:10E480003E464FF000092FB30822314628460EF0D1
:10E490005DFBB6F904300493B6F906300393B37804
:10E4A00008EB8303B0FA80F4D3F8F4300293737866
:10E4B00008EB83036409D3F828310193337808EB20
:10E4C00083035A46D3F89C31009321464B4650466D
:10E4D000FFF734FF2B78E3B1B5F904200492B5F9C6
:10E4E00006200392AA7808EB820208EB8303D2F895
:10E4F000F42002926A78D3F89C31009308EB8202F0
:10E500004B46D2F82821019221465A465046FFF741
:10E510002DFF09F10109B9F1200F05F1080506F1F8
:10E520000806B0D107B0BDE8F08F0028FAD000246B
:10E530009EE714469CE700BF181B05085088050895
:10E540002DE9F04F804685B00E461D469146002AC3
:10E550004FD0AE22494630460EF0F8FA08F03003AC
:10E56000102B42D0B0FA80F4640915B12846FDF7AB
:10E57000A9F8214FDFF884A0063609F1060509F154
:10E58000AE0BB9F1000F16D00622294630460EF028
:10E59000DDFAB5F900300293B5F904300193B0FA11
:10E5A00080F4B5F90230009364097B685246214635
:10E5B0004046FFF7C3FEB6F9003063B10293B6F9E7
:10E5C00004300193B6F90230009352467B6821462D
:10E5D0004046FFF7CBFE0635AB4507F1040706F1D1
:10E5E0000606CED105B0BDE8F08F0028FAD0002491
:10E5F000BBE71446B9E700BF401C05086D88050855
:10E600002DE9F0452DED028B97B0054603AA08468B
:10E61000B549B54F0DF0AAFA00240CAEA046B8B12A
:10E620000A2C0CD10C9FB1493846FDF7E7FD10BB11
:10E63000AF48FCF72BFEAF48FCF728FE16E046F883
:10E64000240003AA394600200DF090FA0134E5E7D2
:10E65000002CE7D1A84BA94922460120FFF770FF03
:10E66000A74BA84922460120FFF7ECFE17B0BDECEE
:10E67000028BBDE8F085A4493846FDF7BFFDA8B977
:10E68000A24D9FEDA38AA34FA34E0124B5EC010A2E
:10E6900020EE080A0BF046FE57F82410024601341B
:10E6A0003046FEF7B7F90D2CF0D1DFE79B4938462D
:10E6B000FDF7A4FD002856D1012C18D18F4D984E9E
:10E6C000984FB5F9063063B1B5F90A300193B5F941
:10E6D000083000933A4656F8243000210120FFF715
:10E6E00045FE01341D2C05F10605EAD1BEE7042CD8
:10E6F00035D101240CAF04AE57F82400FDF748FED5
:10E7000046F824000134042CF6D10D9F844E0024D9
:10E7100056F8041B3846FDF771FD00B90594013425
:10E720001D2CF5D1059B5A1E1B2A00F278810699F3
:10E7300041F2883001F6C412824200F27081079AD9
:10E7400002F6C414844200F26A81914200F36781A8
:10E750006A48062404FB030359809A8086E728460A
:10E76000FEF720F982E770493846FDF747FD064677
:10E7700000283ED1012C12D1604D694E6B4F06230B
:10E7800063435B5F3BB100933A4656F82430002167
:10E790000120FFF7EBFD01341D2CF0D166E7032CBF
:10E7A000DDD10D9CDFF878A12046FDF7F1FD07468D
:10E7B0000E98FDF7EDFD80465AF8041B2046FDF744
:10E7C0001DFD002808BF374601361D2EF4D17B1EE3
:10E7D0001B2B00F2248108F51C53103344F62062F1
:10E7E000934200F21C810620444B474323F80780E4
:10E7F0003CE74F493846FDF701FD0346002856D156
:10E80000012C05D102463D492046FFF799FE2DE730
:10E81000022C0AD135490D98FDF7F0FC00287FF451
:10E8200025AF3348FCF732FD20E7052C97D10124B2
:10E830000CAF04AE57F82400FDF7AAFD46F82400FB
:10E840000134052CF6D10D9F354E002456F8041BDB
:10E850003846FDF7D3FC00B9059401341D2CF5D1E1
:10E86000059E731E1B2B00F2DA80089C04F51C52D7
:10E87000103244F620639A4200F2D180069941F2A8
:10E88000883301F6C4129A4200F2C980079A02F650
:10E89000C410984200F2C380914200F3C080174830
:10E8A00006237343C518C4526980AA80DEE6214955
:10E8B0003846FDF7A3FC0346002840F0B580012C44
:10E8C00005D102460F492046FFF7BCFDCEE6022CDB
:10E8D00032D106490D98FDF791FC00287FF4C6AEB1
:10E8E0000448FCF7D3FCC1E6F2730508288105084B
:10E8F0003C94050858940508FB780508ACA5002051
:10E90000077905089CBD002018810508288A002089
:10E9100000007A440C1C05088588050899880508BC
:10E92000401C05089F880508B4880508B9880508B3
:10E93000017905080D790508032C13D17F490E983C
:10E94000FDF75CFC00287FF491AE0D98FDF720FDEB
:10E950001F2864D87A4A02EBC001002342F8303005
:10E960004B6083E6E31F012B3FF6F9AE01260DF164
:10E97000300804AF58F82600FDF70AFD47F82600D6
:10E980000136A642F6D10E9F6E4E002456F8041BA7
:10E990003846FDF733FC00B906940134042CF5D158
:10E9A0000F9F694E002456F8041B3846FDF726FCDD
:10E9B00000B9079401341D2CF5D1109F634E00243B
:10E9C00056F8041B3846FDF719FC00B908940134C9
:10E9D0000D2CF5D1059A1F2A21D8069F032F1ED88A
:10E9E000079E1C2E1BD8089C0C2C18D80A9941F2A3
:10E9F000883301F6C410984211D8099800F51C53C9
:10EA0000103344F6206C634509D84D4B03F832703F
:10EA100003EBC2035E709C70D880998026E64C4957
:10EA20002846FDF72FFF21E64A493846FDF7E6FB69
:10EA3000064600287ED1012C18D1474C424D474E46
:10EA4000474F34F9022B55F8281040F6C5139A4267
:10EA500008D13846FDF7DEFF08F10108B8F11D0FB7
:10EA6000EFD103E63046FDF7D5FFF5E7022C1DD1C7
:10EA70000D9C3C492046FDF7C1FBA0B13A49204618
:10EA8000FDF7BCFB78B12046FDF782FC00F6C4120E
:10EA900041F289339A42C2D8344B23F8020B013633
:10EAA0001D2EFAD1E2E540F6C510EFE7032C7FF406
:10EAB00056AE0D9F2E493846FDF7A0FB044688B19F
:10EAC0003846FDF765FCDFF880800446012658F8DB
:10EAD00026103846FDF792FB002808BF3446013661
:10EAE0001D2EF4D10E9E1F493046FDF787FBC0B1A5
:10EAF0001D493046FDF782FB98B13046FDF748FCD2
:10EB00001C2C8CD800F6C41241F289339A4286D864
:10EB100000B24CB9154B23F8020B01341D2CFAD16D
:10EB2000A4E540F6C510EBE7124B03EB4404A4F850
:10EB3000DC009BE52846FDF73BFF97E5CA88050802
:10EB40009CBD0020B41C0508401C05080C1C0508D1
:10EB50002E8105081F8105088E8A0020E48805089B
:10EB6000CE88050898830508288105088C8A00202E
:10EB70001C780508B08900202DE9F04F9046314AF5
:10EB8000DFF8C4A012788BB00C46099200211A4617
:10EB90000746FCF7A3FD454606464FF0000B099BD0
:10EBA0005B4502D80BB0BDE8F08F0BF1010BB8F15B
:10EBB000000F45D02946102220460DF0C7FF00283F
:10EBC000324614BF0121002138460CBF4FF0010925
:10EBD0004FF00009FCF782FDEA890792AA890692A4
:10EBE0006A8905922A890492EA880392B5F9042079
:10EBF0000292B5F9022001922A88009206465B46ED
:10EC0000524649463846FFF799FBE2890792A289A6
:10EC100006926289059222890492E2880392B4F9ED
:10EC200004200292B4F90220019234F8102B0092D1
:10EC30005B46524649463846FFF798FB1035AEE72B
:10EC4000C146E2E7FC8D0020F98805082DE9F04F68
:10EC50002DED028BA34BDFF890821F789DB0064606
:10EC600009AA0846A0490CF081FF00250AACA0B310
:10EC7000092D29D1DDF828809C494046FDF7BEFAD0
:10EC8000002845D19A4C9B4D9B4E9FED9C8ADFF806
:10EC90009882874229DD35F902AB00F1010906EBC4
:10ECA000800090ED000A0BF03DFB0AF5FA6189B295
:10ECB000B1F57A6F82B21DD8914853464946FDF7A7
:10ECC000A9FE04344846E4E744F8250009AA414671
:10ECD00000200CF04BFF0135C9E7002DCAD189494E
:10ECE0002B462A460120FFF747FF1DB0BDEC028BE3
:10ECF000BDE8F08F94ED1E0A069220EE080A0BF094
:10ED000011FB069A034649464046FDF783FED8E7C5
:10ED10007D494046FDF772FA044600286AD1012D6C
:10ED200006D1BC42E1DAE0B2FEF72EFB0134F8E78F
:10ED3000022D24D10B9D75492846FDF75FFA90B14D
:10ED400073492846FDF75AFA68B12846FDF720FBBB
:10ED500000F5FA63B3F57A6F054606D96D4930467A
:10ED6000FDF790FDC1E740F2D175624EBC42BCDABE
:10ED7000E0B226F8025BFEF707FB0134F6E7032D4D
:10ED800034D10B9D64492846FDF738FA044618B182
:10ED90002846FDF7FDFA04460C9D5C492846FDF720
:10EDA0002DFAC8B12846FDF7F3FA0546082CD5D848
:10EDB00005F5FA63B3F57A6F03D940F2D1739D423A
:10EDC000CCD14C4E5CB9BC428FDAE0B226F8025B83
:10EDD000FEF7DAFA0134F6E740F2D175E6E7013CD6
:10EDE000E0B226F81450FEF7CFFA7EE73046FDF782
:10EDF000D9FD7AE749494046FDF700FA0446002864
:10EE000040F09680012D16D13E4D454EBC42BFF6D6
:10EE10006CAFEB8913F0010F14BF2B222D220134AC
:10EE200013F0020F14BF2B232D2321463046FDF78C
:10EE3000F1FD1035EAE7022DD8D00B98FDF7A8FABE
:10EE4000431E072B804689D82E4ADFF8E0B0079290
:10EE5000190102EB03130691DC894FF00209A94561
:10EE600012DBDDE9062314F0010F134414BF2B223B
:10EE70002D2214F0020FDC81294814BF2B232D23EF
:10EE80004146FDF7C7FD30E70AAB53F8297097F804
:10EE900000A0BAF12B0F03D0BAF12D0F7FF45EAFB3
:10EEA0000137204938460AF043F950B9BAF12B0F1F
:10EEB00016BF24F0010444F00104A4B209F10109D1
:10EEC000CDE7594638460AF033F900287FF446AFBB
:10EED000BAF12B0F16BF24F0020444F00204A4B2CE
:10EEE000ECE700BFFC8D0020F273050818810508CF
:10EEF000B089002004B10020008E002000007A4478
:10EF00001A89050884B000201F8105089883050828
:10EF1000288105082E8105081C7805084B890508FD
:10EF2000518905086C89050837890508688905082D
:10EF3000092D6FD12422002113A80DF003FD0AAF83
:10EF400013AC002557F8040BFDF722FA0135092D03
:10EF500044F8040BF6D1DDF84CE00EF1FF30072841
:10EF60003FF6FCAE149A6FF4BB73D11840F25373A2
:10EF700099423FF6F3AE159B03F57A71B1F5FA6F3E
:10EF80003FF6ECAE169D05F57A71B1F5FA6F3FF6D6
:10EF9000E5AEAB423FF7E2AE179FA7F16401B1F5D2
:10EFA000617F3FF6DBAE1899A1F16404B4F5617F8F
:10EFB0003FF6D4AEDDF864C040F2B634ACF13208AE
:10EFC000A0453FF6CBAEDDF868804EF66024A04544
:10EFD0003FF6C4AE1B9C032C3FF7C0AE0F4E4FEA6A
:10EFE000001906EB001026F80920C481A4B2438062
:10EFF0008580C7800181A0F80AC0A0F80C80CDE907
:10F00000021CCDE90484CDE9005705487146FDF79F
:10F0100001FD6AE63046FDF7CBFC66E684B00020D1
:10F02000F98805082DE9F04F87B0144603911A4678
:10F0300000210546FCF752FBDFF838B106464FF0D9
:10F040000008062303FB08F707F5A0774FF0000937
:10F05000039BDB5D0493002C00F08880E35D049A41
:10F0600005939A4218BF0121324608BF0021284665
:10F070000CBF4FF0010A4FF0000AFCF72FFB059B75
:10F080000646CDE900935A46434651462846FFF7C7
:10F0900055F9049B5A46CDE900935146434628460C
:10F0A00009F10109FFF762F9B9F1060F07F101074C
:10F0B000CED108F10108B8F1040FC2D1DFF8B4B025
:10F0C0004FF4AC77039BA7F5AC7913F807A0002C9D
:10F0D0004ED0E35D04939A45324614BF01210021CE
:10F0E00028460CBF4FF001084FF00008FCF7F6FA75
:10F0F000049B0646CDE900935A4604234146284620
:10F10000FFF71CF90423CDE9009A1A4A4146284624
:10F11000FFF72CF9013740F263139F42D2D1039BD2
:10F1200093F86371B4B194F863814745324614BFD4
:10F130000121002128460CBF01240024FCF7CEFA4F
:10F14000002300930B4ACDF804800523214628466E
:10F15000FFF7F4F800230093064A019705232146A0
:10F160002846FFF703F907B0BDE8F08FA24690E705
:10F17000A046C7E770890508F0B5054687B0084680
:10F180000B46FCF7CBF9044638B100231B491A465D
:10F190000120FFF747FF07B0F0BD1949184F02AA39
:10F1A00018460CF0E3FC03AEB0B1032C03D12846A3
:10F1B000FDF7F8FBEFE7FDF7EBF802AA46F82400AD
:10F1C000394600200CF0D2FC0134EDE70D48324600
:10F1D0002146FDF71FFCDEE7032CE8D1DDE90346FD
:10F1E000059B01931A463146E0B2D8F7BFF9019B5F
:10F1F0000028EBD12846FDF7DBFBCCE7B07D0020F3
:10F20000F2730508708905082DE9F04F924685B024
:10F210000C461A4600218146FCF760FADFF874B00C
:10F22000804655460026BAF1000F31D02946042207
:10F2300020460DF08BFC0028424614BF012100211E
:10F2400048460CBF01270027FCF748FAEB780293E9
:10F25000AB7801932B880093804633465A46394653
:10F260004846FFF76BF8E3780293A378019334F8EC
:10F27000043B00935A463346394648460136FFF769
:10F2800075F8102E05F10405CDD105B0BDE8F08F5D
:10F290005746E8E784890508F0B5074685B0084673
:10F2A0000E46FCF73BF9054638B100231B491A46C8
:10F2B000012005B0BDE8F040A6E70846FDF768F874
:10F2C0000F28044621DC3046FBF70AFF01462046A2
:10F2D000D8F774F998B1124B04F1400203EB8201A4
:10F2E000C87802908978019133F8223000930D4A52
:10F2F000234629462846FFF739F805B0F0BD3846C1
:10F3000005B0BDE8F040FDF753BB0F230093064A5C
:10F3100006492B463846FDF7B5FAEEE7B07E0020E9
:10F32000B07D002084890508E77C0508ED7C050890
:10F330002DE9F04F8A4691B0164600211A4605463F
:10F34000FCF7CCF9234F0446AAF1080A4FF0000855
:10F350000DF12C09FAE90223494602A8CDE902235E
:10F36000CBF710FB9EB306EBC803D3E90001DDE940
:10F370000223994208BF9042CDE90401224614BFFE
:10F380000121002128460CBF4FF0010B4FF0000B6C
:10F39000FCF7A4F906A9044604A8CBF7F3FA06A9DA
:10F3A000009143463A4659462846FEF7C7FF434672
:10F3B000CDF800903A465946284608F10108FEF774
:10F3C000D5FFB8F1200FC5D111B0BDE8F08FB3461D
:10F3D000EDE700BF96890508F0B5074689B00846F5
:10F3E0000E46FCF79BF8054638B1002318491A462B
:10F3F0000120FFF79DFF09B0F0BD0846FCF7C8FFEC
:10F400001F2804461AD83046FBF76AFE01462046FC
:10F41000D8F726FA70B10E4803AE314600EBC400AF
:10F42000CBF7B0FA0B4A0096234629462846FEF74A
:10F430009DFFE0E73846FDF7BBFADCE71F230093AA
:10F44000054A06492B463846FDF71CFAD3E700BFAC
:10F45000B07D002096890508E77C0508ED7C05084D
:10F460002DE9F74F8946154600211A460746FCF755
:10F4700035F9DFF878B00646C8460024A5B305EB99
:10F480008401042240460DF061FB0028324614BF7F
:10F490000121002138460CBF4FF0010A4FF0000A4D
:10F4A000FCF71CF9AB1C064633F82430019335F801
:10F4B000243000935A46234651463846FEF73EFF15
:10F4C000B8F80230019339F8243000935A462346A5
:10F4D000514638460134FEF749FF052C08F104086F
:10F4E000CCD103B0BDE8F08FAA46E9E7A0890508B2
:10F4F0002DE9F341064608460D46FCF70FF807468E
:10F5000038B1002331491A46012002B0BDE8F0416C
:10F51000A6E72F492846FCF771FE20B902B0BDE8E6
:10F52000F041CBF7A1BA2846FCF732FF0428044685
:10F5300042D82846FBF7D4FD074670B1FCF728FFF8
:10F540004FF0010805463846FBF7CAFD48B930467A
:10F5500002B0BDE8F041FDF725BA40F2EE25804645
:10F56000F1E7FCF715FFB8F1000FF0D0A5F2EE229D
:10F5700040F2DC539A4203D8A0F2EE229A420CD910
:10F5800040F6CA030093134A134940F2EE23304673
:10F59000FDF778F902B0BDE8F0810C4B0F4A23F873
:10F5A000245003EB840300215880CDE9005023460A
:10F5B0000846FEF7DBFEEDE704230093084A064900
:10F5C0003B463046FDF75EF9E4E700BF14560020E5
:10F5D00028810508B1890508ED7C0508A089050882
:10F5E0009C8305082DE9F04F8FB00C460C9200214A
:10F5F0001A468146FCF772F8DFF824B10C9D0D9095
:10F600004FF00008052740F2DC560C9B002B00F061
:10F6100083802946102220460DF098FA00280D9A82
:10F6200014BF0121002148460CBF4FF0010A4FF0E2
:10F63000000AFCF753F8B5F90C200B92B5F90A2033
:10F640000A92AA7B099295F908200D9017FB026295
:10F65000089295F9072017FB0262079295F9062098
:10F6600017FB0262069295F9052017FB02620592CC
:10F670002A79049295F9032017FB0262039295F907
:10F68000022017FB026202926A7801922A780092A5
:10F6900043465A4651464846FEF750FEB4F90C2000
:10F6A0000B92B4F90A200A92A27B099294F90820DD
:10F6B00017FB0262089294F9072017FB0262079277
:10F6C00094F9062017FB0262069294F9052017FBB5
:10F6D000026205922279049294F9032017FB0262D8
:10F6E000039294F9022017FB02620292627801925F
:10F6F00014F8102B009243465A465146484608F1EA
:10F700000108FEF733FEB8F1200F05F110057FF474
:10F710007CAF0FB0BDE8F08FDDF830A0BEE700BFD2
:10F72000BF8905082DE9F04180468EB008460F4696
:10F73000FBF7F4FE054640B100236B491A46012051
:10F74000FFF750FF0EB0BDE8F0810846FCF720FE41
:10F750001F28064600F3BE800401781C8DF8375040
:10F76000FBF7BEFC604D074648B1FCF711FE392897
:10F7700005D89DF83730285501338DF83730384695
:10F78000FBF7AEFC074650B1FCF702FE0C2806D88A
:10F790002B1958709DF8373001338DF83730A11C84
:10F7A0000DF1370229443846FCF7F6FDFBF798FCCB
:10F7B000074650B1FCF7ECFD0C2806D82B19187140
:10F7C0009DF8373001338DF83730611D0DF1370268
:10F7D00029443846FCF7E0FDE11D0DF137022944CC
:10F7E000FCF7DAFDFBF77CFC074640B1FCF7D0FDE7
:10F7F0002B1998739DF8373001338DF83730384620
:10F80000FBF76EFC074640B1FCF7C2FD2B1958818F
:10F810009DF8373001338DF837303846FBF760FC00
:10F8200040B1FCF7B5FD2B1998819DF837300133B5
:10F830008DF837309DF837300C2B08D0102200217E
:10F8400028190DF07FF84046FDF7ACF87AE7274B12
:10F8500003EB040800271F51C8F80470F0B2E8F762
:10F860000BFA2B19C8E90207B3F90C200B92B3F974
:10F870000A200A929A7B099293F9081040F2DC5010
:10F88000052212FB0101089193F9071012FB0101F7
:10F89000079193F9061012FB0101069193F90510E7
:10F8A00012FB010105911979049193F9031012FBE0
:10F8B0000101039193F9021012FB010202925B789D
:10F8C00001932B5D00930A4A334639463846FEF7CA
:10F8D0004DFD37E71F230093064A07492B46404654
:10F8E000FCF7D0FF2EE700BFCCE1002080E700202E
:10F8F000BF890508E77C0508ED7C05082DE9F04F78
:10F90000174689B01A460C4600218146FBF7E6FEF1
:10F91000334EDFF8D4B007F16C0380463D460793C1
:10F9200094F904102F4A002392F90800884253D01A
:10F930000133092B02F10C02F6D1079B0C359D42D5
:10F9400004F10C04ECD109B0BDE8F08F29460C227B
:10F9500020460DF0FBF80028424614BF012100218B
:10F9600048460CBF4FF0010A4FF0000AFBF7B6FE05
:10F97000EA7995F9043056F8222004922A7A56F84A
:10F9800022200392AA7956F8222002926A7956F828
:10F99000222001922A68009280465A4651464846E3
:10F9A000FEF7CCFCE27994F9043056F82220049258
:10F9B000227A56F822200392A27956F82220029247
:10F9C000627956F8222001922268009251465A46E6
:10F9D0004846FEF7CBFCB0E7002FB7D1BA46E1E7C7
:10F9E00064D60408FCDC0020EE8905082DE9F0430C
:10F9F00007468BB00846FBF791FD044638B100235B
:10FA00004E491A4601200BB0BDE8F04376E70DF1F0
:10FA10001C080790C8E9010008464E1CFCF7B8FC1A
:10FA2000464B40B21A4693F9041081427ED001340D
:10FA3000092C03F10C03F6D1002425463046FBF7D0
:10FA40004FFB064630B10A220021FCF7D1FC0135FC
:10FA50000790EDB24FF000093046FBF741FB064638
:10FA600038B3FCF795FC364900228C4651F804EB7C
:10FA70007045D3B203D00132102AF7D100235CF8CD
:10FA80002320904215D1B9F1020F1FD0B9F1030F15
:10FA900021D05A1EB9F1010FD2B212D00B2A03D8CD
:10FAA0008DF821300135EDB209F10109B9F1040FEA
:10FAB000D2D1052D15D838460BB0BDE8F043FCF780
:10FAC00071BF042AF0D88DF82230EBE7052BEBD874
:10FAD0008DF82430E6E79A1E0D2AE5D88DF82330FC
:10FAE000E0E798E80700164B84E807009DF823201C
:10FAF00053F8222004929DF8242053F822200392E8
:10FB00009DF8222053F8222002929DF8212053F8DC
:10FB1000223001930021079B00930A4A9DF920306F
:10FB20000846FEF723FC0BB0BDE8F0830C2303FB73
:10FB300004248DF82000012580E700BF40590020F3
:10FB400064D60408EE8905082DE9F04F914689B086
:10FB50000C461A4600218046FBF7C0FDDFF8F4B0E2
:10FB600006464D460027B9F1000F70D029460622FF
:10FB700020460CF0EBFF0028324614BF0121002183
:10FB800040460CBF4FF0010A4FF0000AFBF7A6FDFC
:10FB900006462878EBF75EFD079020B36879EBF70F
:10FBA00059FD079B95F903205B79079395F902307E
:10FBB00095F801E040F2DC514FF0050C1CFB0313FB
:10FBC0001CFB0212297900B14079CDF804E0CDE99F
:10FBD0000232079B0093CDE904103B465A4651463A
:10FBE0004046FEF7ABFB2078EBF734FD079020B3DF
:10FBF0006079EBF72FFD079B94F903205B7907935E
:10FC000094F9023094F801E040F2DC514FF0050C19
:10FC10001CFB03131CFB0212217900B14079CDF8C3
:10FC200004E0CDE90232079B0093CDE904103B4686
:10FC30005A4651464046FEF799FB0137142F04F10E
:10FC4000060405F106058ED109B0BDE8F08FCA465D
:10FC5000C9E700BF0B8A05082DE9F041064686B0CA
:10FC600008460F46FBF75AFC054640B100235549AC
:10FC70001A460120FFF768FF06B0BDE8F08108468C
:10FC8000FCF786FB1328044600F3928006264643C1
:10FC9000781C8DF81750FBF723FA4A4D074660B1E0
:10FCA000FCF776FBC0B2EBF7C1FC30B10379AB5582
:10FCB0009DF8173001338DF817303846FBF710FAEE
:10FCC000074660B1FCF764FB0C2808D8062303FB49
:10FCD000045358709DF8173001338DF81730B11C5C
:10FCE0000DF1170229443846FCF756FBFBF7F8F9EB
:10FCF000074660B1FCF74CFB012808D8062303FB3C
:10FD0000045318719DF8173001338DF817303846B9
:10FD1000FBF7E6F978B1FCF73BFBC0B2EBF786FCEA
:10FD200048B1062303FB045302795A719DF817303A
:10FD300001338DF817309DF81720042A4FF0060381
:10FD400028D103FB045300229A80E7F761FE0623C3
:10FD50006343EE18E85CEBF77DFC96F9032096F917
:10FD600002700523804640F2DC55707913FB07577B
:10FD700013FB0255EBF76EFC437998F805200393CB
:10FD800033790097CDE901530F4873782146FCF78A
:10FD900041FE71E7052A04D103FB045300225A7186
:10FDA000D3E7062AD1D0AA190023AB519380CCE720
:10FDB00013230093054A06492B463046FCF762FDA3
:10FDC0005AE700BFE8AE00200B8A0508E77C05086B
:10FDD000ED7C05080EB400B584B005AB019053F876
:10FDE000042B0649039301A8FCF7C4FB019B0022E6
:10FDF0001A7004B05DF804EB03B070470DAB030854
:10FE0000F8B5084F4E1E054601F11F0416F8012FE4
:10FE100028463946FFF7DEFFA64205F10205F5D177
:10FE2000F8BD00BF1C8405082DE9F04306469BB0D1
:10FE300008460C4609F086F9002705461C2239467B
:10FE400002A801970CF07EFD25B3402D08D0334960
:10FE500040232A463046FCF715FD1BB0BDE8F08371
:10FE60000DF1040804F140090222214668460CF015
:10FE70009AFE102209A968468DF80270FCF7B8FABC
:10FE8000099B0DF10202934220D102344C4508F83F
:10FE9000010BE9D100213D220AA809910CF052FD85
:10FEA000002D2FD01E4B1B78B3B11E49202201A874
:10FEB0000CF04CFE80B109A81A49FFF7A1FF1A4ABD
:10FEC0001A4909AB3046FCF7DDFCC6E71A78184939
:10FED0003046FCF7D7FCC0E7164B1B7893B901A856
:10FEE000F5F7A8F970B1144B0E49012209A8DA7090
:10FEF000FFF786FF1148FBF7E5FB114809A9FCF75E
:10FF000089FDAAE70C4BDB781BB9054B1B78002B4E
:10FF1000F3D0044909A8FFF773FFEEE7248A050828
:10FF20008AE900205CE70020628A0508458205080E
:10FF3000468A05082CED00205CF700206C8A050835
:10FF40007B8A05082DE9F04707468CB00846FAF78A
:10FF5000F7FC0446A0B3384BB3F90020002A5CD06C
:10FF6000364B83FB023808EB02034FEAE278C8EB1A
:10FF70006318C8EB0816A2EB860636B2002E09A855
:10FF8000B8BF7642FCF7C2F809A80FFA88F8FAF76A
:10FF9000D7FC88EAE875A5EBE875B6B20446ADB2C1
:10FFA00088B1BDF824209DF826309DF827009DF8E3
:10FFB00028C09DF829E09DF82A90BDF82C1015E086
:10FFC0000546064680460023DFF878A0ADF82830C5
:10FFD000012019468DF82A30ADF82C3099469E46FE
:10FFE0009C461A461C46CDF824A00346B8F1000FE3
:10FFF000B4BF4FF02D084FF02B08CDE90418CDE920
:020000040804EE
:10000000000CCDE90656CDE902E90D493846FFF767
:10001000E1FE20460CB0BDE8F0878B78C87891F8F7
:1000200004C091F805E091F80690154616464FF089
:100030002B080A880989E0E7EC5B0020898888881A
:10004000F47D050800000101D0ED017AD1ED036ACD
:1000500091ED047A91ED052AD0ED005AD1ED002AF8
:1000600091ED013AD1ED023A90ED026A91ED064A26
:10007000D1ED074A91ED085A67EEA66A27EE877A16
:1000800067EE827AE2EEA56AA3EE257AE3EEA57A20
:10009000E4EE066AA4EE867AE5EE067AC0ED006A22
:1000A00080ED017AC0ED027A704700BFD0ED005AB2
:1000B0009FED4C0A35EE800A08B5FDEEC07A17EECA
:1000C000903A2033402B7BD8FAF768FDF0EE403AA7
:1000D000FDEEE57A17EE903A2033402B7FD8B0EE54
:1000E000650AFAF75BFDF0EE405A90ED015A9FED7C
:1000F0003D0A35EE000AFDEEC07A17EE903A203345
:10010000402B69D8FAF74AFDB0EE404AFDEEC57AB9
:1001100017EE903A2033402B5BD8B0EE450AFAF741
:100120003DFDF0EE404A90ED023A9FED2E0A33EE8F
:10013000000AFDEEC07A17EE903A2033402B45D8E6
:10014000FAF72CFDB0EE405AFDEEC37A17EE903A66
:100150002033402B37D8B0EE430AFAF71FFDF0EEFC
:10016000407A25EE233A67EEA56A27EEA36A25EECC
:10017000257AF0EE432AE6EEE42AE3EE646AB0EE76
:10018000463AA7EE243AA6EE247A64EE677A64EE45
:10019000233A25EE045A65EEC45AC1ED024AC1ED78
:1001A000042AC1ED066AC1ED017AC1ED083A81ED7C
:1001B000005AC1ED055A81ED033A81ED077A08BD79
:1001C000DFED093A84E7DFED087ACAE79FED065ACA
:1001D000BAE7DFED054AA6E79FED034A96E7DFEDB4
:1001E000025A82E7DB0FC93F0000000030B51C4D0A
:1001F000B0F90040B0F90220B0F904309FED196A5F
:1002000085FB04C0E417C4EBA00485FB02C085FB9A
:1002100003C5D217DB17C2EBA002C3EBA50320B2C4
:1002200012B21BB207EE102A07EE903A06EE900AC1
:10023000B8EEC77AF8EEE66AF8EEE77A85B066EED1
:10024000866A27EE067A67EE867A01A8CDED016A06
:100250008DED027ACDED037AFFF728FF05B030BDB2
:100260006766666635FA8E3CF0EEC07AB0EEE07AEC
:10027000B4EEE77AF1EE10FAB4BFB0EE676AB0EE12
:10028000476AB5EE406AF1EE10FA46D0B4EEE77A6E
:10029000F1EE10FA8CBFF0EE675AF0EE475AC5EE59
:1002A000866A9FED1F3A9FED1F6A9FED1F4A9FEDE3
:1002B0001F5ADFED1F3ADFED1F4ADFED1F5AA6EE92
:1002C000C36AE6EEA34AA6EE864AB7EE006AA6EE39
:1002D000845AA6EEA46AE6EE855AC5EE866AB4EEA6
:1002E000E77AF1EE10FA48BFDFED147AF5EEC00AB6
:1002F00048BF77EEE66AF1EE10FA48BFDFED107AFC
:10030000B5EEC00A48BF77EEE66AF1EE10FA48BFD4
:10031000F1EE666AB0EE660A7047DFED076ADEE767
:1003200039094E3DE3B59E3E88FA163E45FE7F3FB5
:1003300099FB243F69A2163EA7DFA834DB0FC93F13
:10034000DB0F4940DFED077A30EE270AFDEEC07A79
:1003500017EE903A2033402B01D8FAF71FBC9FEDDF
:10036000020A7047DB0FC93F00000000FDEEC07AB3
:1003700017EE903A2033402B01D8FAF70FBC9FEDCF
:10038000010A7047000000009FED177ADFED176A41
:1003900060EE877A08B5F4EEC07AF1EE10FA98BFF5
:1003A000B0EE670A60EE267A87EEA05AB0EE450AF4
:1003B000FFF7DCFFF0EE405AB0EE450AFFF7C2FF50
:1003C00085EE807AF7EE007A37EE276A77EE677A65
:1003D000C7EE066A87EE867AC0ED026A80ED047A7F
:1003E000C0ED036A08BD00BF3333F33EDB0F494065
:1003F000002242600260C7E79FED137ADFED136AC7
:1004000060EE877A08B5F4EEC07AF1EE10FA98BF84
:10041000B0EE670A60EE267A87EEA05AB0EE450A83
:10042000FFF7A4FFF0EE405AB0EE450AFFF78AFF4F
:10043000F7EE007AC7EEA56AB6EE007AE0EE267A0D
:1004400027EE870A08BD00BF3333F33EDB0F494078
:1004500008B50022002302608360FFF7CDFF80ED26
:10046000010A08BD08B5FFF7C7FFD0ED027A80ED9D
:10047000010AF8EE677AF4EEC07AF1EE10FA88BF5E
:10048000F0EE407AFCEEE77AC0ED027A08BD00BFDC
:10049000DFED077A08B50022002320EE270A03606B
:1004A000C2604360FFF7A8FF80ED020A08BD00BFED
:1004B00011E2C63FDFED0C7A08B520EE270AFFF700
:1004C0009BFFD0ED037A80ED020AF8EE677AF4EE36
:1004D000C07AF1EE10FA88BFF0EE407AFCEEE77ACF
:1004E000C0ED037A08BD00BF11E2C63FDFED077A19
:1004F00008B50022002320EE270A03600261436052
:100500008360FFF779FF80ED030A08BD1811FB3FF8
:10051000DFED0C7A08B520EE270AFFF76DFFD0ED6E
:10052000047A80ED030AF8EE677AF4EEC07AF1EE11
:1005300010FA88BFF0EE407AFCEEE77AC0ED047A5C
:1005400008BD00BF1811FB3FB5EE400AF1EE10FAEE
:1005500004D0F5EE400AF1EE10FA07D1364B3749D8
:10056000374A8260C0E900310C3018470139082948
:10057000F4D8DFE801F03B293220173B0E290500B3
:10058000304B0360D2073CD52F49304AC0E90112F5
:10059000EAE72F4B0360D20733D52B492D4AC0E938
:1005A0000112E1E7930731D52B4B2C492C4A82608D
:1005B000C0E90031D8E792072FD52A4B2A492B4AA8
:1005C0008260C0E90031CFE7294B0360D10718D51D
:1005D0001D49284AC0E90112C6E7910724D5264BD8
:1005E0002649274A8260C0E90031BDE7D10747BFED
:1005F0002449254A2549124A254B0360C0E90112C6
:10060000B2E724490E4AC0E90112ADE7224B234963
:10061000234A8260C0E90031A6E7224B2249234ADF
:100620008260C0E900319FE7214B2249224A826063
:10063000C0E9003198E700BFD1AE0308C9AE030896
:100640002DAE0308CD07040831AE0308ED070408FA
:100650006D07040885070408ED04040831AD03089C
:100660001105040891040408B9AC0308B504040892
:1006700091070408B50704085104040865AC030891
:1006800065040408CDAD030889030408FDAD030823
:10069000F103040881AE03084D09040891AD030875
:1006A0006D0904081509040805AD03083509040897
:1006B000F90804089DAC0308090904089FED297A8C
:1006C000DFED296A60EE877A08B5F4EEC07AF1EEC4
:1006D00010FA98BFB0EE670A60EE267A87EEA05A4D
:1006E000B0EE450AFFF742FEF0EE405AB0EE450A82
:1006F000FFF728FEF6EE007A65EEA75A0429C5EE4C
:10070000816A24D0B7EE007A37EE406AF8EE005ADC
:1007100066EE277A37EE665A20EE250AF7EE005A83
:1007200076EEA56A85EEA67A67EE277A67EE066A08
:1007300027EE000A27EE057AC0ED047AC0ED067AAE
:10074000C0ED056A80ED070A80ED087A08BDB8EEB5
:10075000006A20EE066AF7EE007A37EEE65AB0EE4F
:10076000460ADBE73333F33EDB0FC94000229FED3F
:10077000041AC26082604260026001219EE700BFED
:10078000F304353F9FED011A012197E7F304353F4C
:10079000DFED067A9FED061A002220EE270AC260DE
:1007A000826042600260012188E700BF8AD1A23FD7
:1007B0003ACD133FDFED037A9FED031A20EE270AAF
:1007C00001217BE78AD1A23F3ACD133FDFED067AC4
:1007D000002220EE270AC26082604260026001218E
:1007E000B6EE001A6AE700BF11E2C63FDFED037AFA
:1007F000012120EE270AB6EE001A5FE711E2C63F9C
:1008000090ED017AD0ED007A90ED026AD0ED036AA6
:1008100080ED010A30EE477A67EEC67AE7EE267A77
:10082000B0EE670AC0ED007A704700BFDFED197ABD
:100830009FED197A60EEA77A08B5F4EEC07AF1EE72
:1008400010FA8CBFF0EE405AF0EE675A25EE877A28
:10085000C7EE204AB0EE640AFFF788FDB0EE405ABA
:10086000B0EE640AFFF76EFDC5EE007A9FED0B0A4D
:10087000F7EE006A37EEA67A65EE805A77EEE67AF2
:10088000C7EE876AC5EE877AC0ED026AC0ED037ACB
:1008900008BD00BF3333F33EDB0F4940DB0FC940D7
:1008A0009FED137ADFED136A60EE877A08B5F4EEF8
:1008B000C07AF1EE10FA98BFB0EE670A60EE267AC1
:1008C00087EEA05AB0EE450AFFF750FDF0EE405A11
:1008D000B0EE450AFFF736FDF7EE007AC7EEA56ADF
:1008E000B0EE007AE0EE267A87EE270A08BD00BF58
:1008F0003333F33EDB0F494008B500230360FFF7B5
:10090000CFFF80ED010A08BD08B5FFF7C9FF80EDF4
:10091000010A08BDDFED067A08B5002320EE270A9C
:1009200003604360FFF7BCFF80ED020A08BD00BF13
:1009300011E2C63FDFED047A08B520EE270AFFF783
:10094000AFFF80ED020A08BD11E2C63FDFED067A77
:1009500008B5002320EE270A036043608360FFF799
:100960009FFF80ED030A08BD1811FB3FDFED047AFD
:1009700008B520EE270AFFF793FF80ED030A08BDB4
:100980001811FB3FF0B407688F4217D94D1E7E1E29
:10099000002315F8014F0821634013F0800F82EA0D
:1009A00043040ABF5B00E3B2DBB20139F5D1AE42CA
:1009B000EFD17A1C02603B70F0BC70477A1C0023B8
:1009C00002603B70F0BC70474840082310F0800F75
:1009D00082EA40010ABF4000C8B2C0B2013BF5D173
:1009E000704700BF0A44914217D030B44C1E551EC8
:1009F00041F2210114F8012F082380EA022010F4AB
:100A0000004F81EA40020ABF400090B280B2013B31
:100A1000F5D1A542EED130BC70477047F8B5164D00
:100A20006B78BE2B25D1022229464FF6FF70FFF7C7
:100A3000D9FF124FAC1C22884AB1A618BE4218D268
:100A4000052A16D92146FFF7CDFF3446F3E72146A4
:100A50000222FFF7C7FF0222A118FFF7C3FF0634E7
:100A6000074B641B1C8041F60F53C31A5842584170
:100A7000F8BD0020FCE700BF00400008006000084F
:100A80003CED00202DE9F04F91B0FAF79FFFDFF821
:100A9000DC81DFF8DCB1DFF8C4A16D4FE0F77EFE4A
:100AA0006C4B6D49A3EB08030122029303230A70E8
:100AB000019398F80030AE2B2ED1FFF7AFFFBBF8B3
:100AC000AC31ADF8103080F00100BA45C4B20ED29E
:100AD000624DA988A868C1F30B01C8F79BFEAB69FA
:100AE0001B681C35834218BF0124BD42F1D3DCB919
:100AF00098F80030AE2B02D1FFF790FF10B9052017
:100B0000F6F75EFF544B00241C70E0F727FE544BB1
:100B10001C7011B0BDE8F08FBBF8AC31ADF81030EF
:100B2000BA4538BF0124D3D3029ACDF820800023E0
:100B3000CDE90923CDE90B33CDE90D33494A0F93B4
:100B40005369002B7DDB012304A9022208A800269B
:100B50008DF838300D96FAF781FC04A902224FF681
:100B6000FF70FFF73FFFBA45054628BF0DF1180992
:100B70002DD23A4C03960DF11809A6882388039AC2
:100B80008DF81D20C6F30B06C3F30B00B11D1B0B24
:100B90000622ADF81810ADF81A00494608A88DF8DD
:100BA0001C30FAF75BFC284606224946FFF71AFF7D
:100BB000A1680546324608A8FAF750FCA168284605
:100BC0003246FFF70FFF1C34BC420546D5D305A9BA
:100BD0000222002608A8ADF81460FAF73FFC05A928
:100BE00002222846FFF7FEFE40BAC44349460222CD
:100BF00008A8ADF81840FAF731FC0C9898B90D9890
:100C00009DF8383043B900283FF472AF019B013B97
:100C100001937FF44EAF72E7124A536943F00043E9
:100C200053615369EFE70AABC0F10802314618443B
:100C30000BF088FE0AA908A8FAF77BFBCDE90C6047
:100C4000DEE7094B936003F18833936053697AE7D9
:100C5000D49805080060000828AE0020109105080F
:100C600030CB0020002002402301674500400008EF
:100C7000181B050838B50546FAF72AFC044660B18A
:100C80000C4B02229A73FFF7FDFE0B48FAF71AFD90
:100C9000BDE838400020FAF735BD08492846FBF783
:100CA000F1FD07492846FBF7EDFD064B1C70064B8E
:100CB0001C7038BDDCAB0020888A0508A17F0508C0
:100CC0008F8A0508105A0020115A002010B50749D4
:100CD000074B012402220C709A73FFF7D3FEFBF737
:100CE000EFF82046BDE81040EFF7CABEAB80002009
:100CF000DCAB002008B5FFF7C5FEBDE808400120C9
:100D0000EFF7BEBE10B44C09012250F8243001F0B8
:100D10001F0102FA01F123EA010340F824305DF8D3
:100D2000044B704710B44C09012250F8243001F0F4
:100D30001F0102FA01F10B4340F824305DF8044B27
:100D4000704700BF4B0901F01F0150F82320012319
:100D500003FA01F1114214BF18460020704700BF8A
:100D600038B5064C064DAC4206D2A16820461C346C
:100D7000FAF76AFAAC42F8D338BD00BF1091050803
:100D8000D49805082DE9F74F054601AA08465049B1
:100D9000DFF878B10AF0EAFE4FF00009012682463A
:100DA0004F464C46B046BAF1000F27D1B9F1000FBB
:100DB0002DD1002C7BD047482146FBF72BFE464B1C
:100DC0001B780BB9F8F724F9444FFFF7C9FF00204F
:100DD00038700EB1F8F734F914B12046FAF7DEFB9B
:100DE000B8F1000F16D0FAF773FB0446002862D062
:100DF000FFF748FE0020FAF785FC0BE0B9F1000F81
:100E00000BD05046FBF7C4FA84B2002C3ED12846E2
:100E1000FBF7CEFD03B0BDE8F08F31495046FBF73C
:100E2000C1F900283CD12F495046FBF7BBF90028F7
:100E300039D159465046FBF7B5F9002835D12A4932
:100E40005046FBF7AFF90028E1D0002FDFD1FAF7C9
:100E500029FBB0B1254B264D1C68264E013C14F8E9
:100E6000011F4B1EDBB2FD2BD4D82B689C42D1D284
:100E70000A2903D03046FCF749FBF0E7FAF718FCE3
:100E8000EDE71D492846FBF797FDC3E74FF0000942
:100E90000F4901AA00200AF069FE0137824682E765
:100EA0004FF00109F4E7C846F2E74E46F0E7134871
:100EB000FAF708FC88E712492846FBF7E3FC1149DA
:100EC0002846FBF7DFFC104B3C701C70A2E700BF0C
:100ED000F2730508CF8A05082CED0020115A002076
:100EE000AD8A050882780508117A050800280008EF
:100EF000042800085F8A0508B68A0508F28A0508F2
:100F0000A17F05088F8A0508105A0020207805085F
:100F1000084B09498B4202460AD2184602E01C30AF
:100F2000884205D20388C3F30B039A42F7D1704776
:100F30000020704710910508D49805082DE9F04F5E
:100F400085B0174601911A46824600213846FAF7C5
:100F5000C5FB354C07F0100306464FF0000902931D
:100F6000FAF7C7FB2379019A03F01803934202D0E2
:100F70008AB9182B0FD12C4B4FF00D0808FB0938FC
:100F8000B8F80900FFF7C4FF054678B9D8F8001093
:100F90002648FBF73FFD09F1010940F2C7139945C7
:100FA00004F10D04DCD105B0BDE8F08F2046FAF75E
:100FB000BDFAD5E902218046024401442046FAF7F1
:100FC0000DFB80F0010132460390C9B23846FAF7B2
:100FD00085FBDDE9022306460AB1002BDBD112496D
:100FE0000D2202FB0912D2F800B0BA060ED56BB979
:100FF0000F4803935946FCF789FAAA68039B4244B9
:1010000021465046FDF7ACF8FAF752FB594609481D
:10101000FCF77CFAEA680023424421465046FDF77B
:101020009FF8FAF745FBB6E7FC030508088B0508AF
:10103000178B0508188B0508F0B5052985B00546FE
:101040000C46164614D80B4F3970FAF731FB0A4993
:101050002846FBF7EEFC094922466846FEF7BAFE31
:101060006B46324610212846FFF768FFFF233B708E
:1010700005B0F0BDA10A0020CB86050860800508F8
:10108000F0B5052985B005460C46164614D80B4F19
:101090003970FAF70DFB0A492846FBF7F7FC0949B6
:1010A000224601A8FEF796FE01AB324608212846EB
:1010B000FFF744FFFF233B7005B0F0BDA00A0020FE
:1010C000CB8605086480050870B50546B0F80900B0
:1010D000FFF71EFF074B1E7804462846FAF726FA4C
:1010E0002EB1054B1B7813B9E368184470BDA36893
:1010F0001844FBE72CED0020B1F5002038B505467B
:101100000C46FFF7E1FF2B7903F0E002602A03F0C1
:10111000070329D1022BDAB20ED0042A18D03AB92B
:101120006A7901239340DBB2027814B11343037050
:1011300038BD22EA0303FAE76A79012393409BB2A0
:10114000028814B113430380F2E722EA0303FAE7AB
:101150006A79012303FA02F2036814B113430360AE
:10116000E6E723EA0203FAE7042BE1D8DFE803F01D
:101170000303050507000470DAE70480D8E704607C
:10118000D6E713B50446084601920091FFF79CFF8D
:10119000DDE900130246204602B0BDE81040FCF72E
:1011A000DFBF00BF0020704700207047012070475C
:1011B000012070470020704700207047034B4FF418
:1011C00000709B68108000200B607047E03F00209B
:1011D0002DE9F84F144B1D68ED0A1FD0134FDFF8AF
:1011E00050A00026B946B0463B68C7F82880AC1925
:1011F0006410D3F824B0E102102352464846D84781
:101200000F280BDD0A4B03F1100253F8041B0131C8
:1012100007D19342F9D12546B542E5DCE802BDE8A5
:10122000F88F661CF8E700BFAC870020EC1900209F
:10123000F0F7002030B4124A124C1378124D44607B
:10124000234403602B7815781078AB4211D8834281
:1012500004D3002030BCC1E90000704712784B6015
:10126000002BC2F180020CBF0120022030BC0A60BA
:1012700070471B1A0022012030BCC1E900327047C0
:1012800070F7002000F8002071F7002010B40B4A1E
:101290000B4C137821680344DBB2137013781B06E0
:1012A00042BF137883F080031370064B0844012279
:1012B00020601A705DF8044B704700BF70F7002083
:1012C000A8870020A80A0020043070470430704727
:1012D000054A064BD2F8900000EB4000020103EBF8
:1012E00000109B589B691847F0F700208C190020CC
:1012F0000748D0F8900000EB400030B40501054CE1
:1013000004EB001064596469A44630BC604700BF18
:10131000F0F700208C19002004307047036A1B6826
:101320001B6A5B685B7813F0010308BF43761846BD
:10133000704700BF704700BF704700BF08B5C16A63
:101340004369826A0B4443610AB108469047002012
:1013500008BD00BF41618262704700BF0123437630
:1013600000207047014803681B681847EC190020EB
:101370002DE9F04106460D461446002B33D0FFF709
:10138000F1FF0028FBD01E4A1E4B11681B689942D2
:1013900003D300242046BDE8F0811B4F1B4A3B6865
:1013A00038461B6998471A4B00221A70A4B1FB8873
:1013B0007969B1FBF3F203FB121229689B1A8B4285
:1013C00016D82B6001243B680F48D3F814802A46B6
:1013D00023463146C04704463B680B489B69984703
:1013E0002046BDE8F081FFF7BDFF0028CBD1D0E754
:1013F000022CE8D16A685B1A934238BF6B60E2E75F
:10140000A8870020AC870020EC1900208D1204086A
:10141000A80A0020704770474378007840EA03200C
:10142000094B10FB01F1994208DBB1F5000F07DA17
:101430000029B8BFFF31081200B270470348FBE72C
:1014400047F6FF70F8E700BF01FF7FFF0080FFFF56
:1014500010B52B4C2B4BD4F8942093ED026AD3EDAE
:10146000016AD3ED007AD3ED055AD3ED044A93ED2A
:10147000094A93ED075AA2F5000207EE102AB8EECA
:10148000C77AD4F89820E7EE066AA2F5000293ED39
:10149000066AE7EE267A93ED037AE5EEA74A06EEB2
:1014A000902AA7EEA47AF8EEE66AD3ED085AD3EDB7
:1014B0000B4AA4EE275AE6EEA45A93ED0A4AA5EE8B
:1014C000276AE4EE275AA5EEA66AA6EE867AB5EE5E
:1014D000407AF1EE10FA18BFBDEEC77AF5EE407A09
:1014E00018BF80ED007AF1EE10FA08D0FDEEE77A31
:1014F00017EE903A002BB8BFFF331B120B6010BDE4
:10150000F0F700205CAD00200120704701207047FB
:101510000120704770472DE9F04FDFF888815F4B5D
:10152000B8F80A20D3F89C40B8F806601302B8F85F
:101530000820E41A85B04FF0000E6EEB0E0ECDE9D8
:101540000201A2FB040102FB0E11C209B8F804005B
:1015500042EA4162CD1101045218A6FB040106FBC8
:101560000E114FF00003B8F8026043EB0505030AC3
:10157000B8F80C0043EA0163F6039B194FEA212CEB
:10158000A0FB04674FF0000100FB0E774CEB010C51
:10159000F10D41EA472111F5FA604FEAE758009052
:1015A00048F100000190DDE90067B6F5FA6F77F1C8
:1015B000000055DAA1FB016701FB08F007EB4007CB
:1015C0000520A6FB00AB00FB07BB4FEA5A0040EA30
:1015D000CB70121A4FEA9A004FEA6B0640EA8B7002
:1015E000DDE9009A65EB06051B1A4FEAAB066CEBCA
:1015F000060C2B4E4FF0FF37B1457AEB070023DA8C
:1016000040F6AC5008184FF0000148EB010800FB11
:1016100008F8A0FB000101EB4801CE00C700C71B82
:1016200046EA507661EB06064FF00B08D21946EBFE
:101630000505A0FB086708FB0177710841EAC7713F
:1016400078105B1A6CEB000C04FB0EFEA4FB04018B
:1016500001EB4E01C40F44EA41040099091B0091BB
:10166000029999B10D49D1F8A040A4FB030104FBF4
:101670000C11430D43EAC1239A1A4FEA6154029BAD
:1016800064EB0505D20B42EA45421A60039B13B195
:101690001A46009B136005B0BDE8F08FF0F70020FC
:1016A00024FAFFFFECAC00200A4B1A686423534372
:1016B00048BF03F6FF731B130360074B1A880A2306
:1016C00053433022B3FBF2F303F584531A330B6018
:1016D000704700BF00AD0020FCAC00200120704727
:1016E000704700BF704700BF01207047012070475E
:1016F00001207047704700BF30B10A4BD3ED067A26
:10170000FDEEE77AC0ED007A51B1064B9FED067A07
:10171000D3ED077A67EE877AFDEEE77AC1ED007ABE
:10172000704700BF04AD00200000C8423B499FED58
:101730003C4A91F8A53091F8A40091F8A6201B022C
:1017400003EB00431A44180291F8A83091F8A7005F
:1017500091F8A9104FEA032303EB0043194448BF53
:1017600002F17F421B022F4BB3F9140093ED027A72
:1017700005EE900A07EE902AB3F91000B3F9122093
:1017800006EE900AF8EEE77AF8EEE55A67EE847A0C
:1017900006EE102AF8EEE66AB3F90E20E7EEA56A27
:1017A00048BF01F17F41012005EE102AF8EEC75A2B
:1017B000B3F90C20B8EEC66A07EE101AB8EEC55A97
:1017C000E6EEA75AA7EE865A04EE902A93ED016A38
:1017D000B3F90220B8EEC77A06EE902A27EE047A13
:1017E000B3F90020F8EEE44AB8EEC66AE5EE075A0F
:1017F000A7EE246AF8EEE66A05EE102A26EE877A4E
:10180000B8EEC55AF6EE006AA7EEA56AA5EE267AEE
:1018100083ED066A83ED077A704700BFF0F700207A
:101820000821843604AD00202DE9F04FDFF8FCC319
:10183000DFF8FCA3DCF8AC60BAF800309AF9048059
:10184000BAF80270A6EB0326A6FB062308FB03FEEC
:101850004FEAE87902FB09EEA8FB0223A7FB068901
:1018600073444FEA89474FEA884E12EB0E0447EA69
:10187000983743EB0705002C91B075F10003CDE9D3
:101880000B0103DA14F1FF3445F100050B9A4FEA1E
:10189000E578CCE92C582B46002A00F05F81A5FBA7
:1018A000050105FB08F201EB4202CDE900010192BE
:1018B000DDE90045A00940EA856000FB08F1AA11B6
:1018C00002FB0312A0FB03011144002871F1000286
:1018D000DCF8B8E0C0F2A681020A04920A120D9266
:1018E000049A9AF90A4042EA016204920D9A02FBB4
:1018F00004F1049AE51702FB0511A4FB02450D440F
:10190000002C75F10001A346AC46C0F28681DDE9EA
:1019100000019AF90940BAF90760BAF905900F4633
:101920000099E51704FB07F700FB0577A4FB01010D
:101930003944CDE90E458A0004464FEA5B17A6F507
:10194000804647EACC6742EA9472A00000243C1922
:101950004FEA6C1106FB08F74FEAE67C03FB0C75B7
:10196000A9F58049A6FB03674FEA89392F4441EB6B
:1019700009017D0520184FEA465441EB020245EA71
:10198000D625001942EB050107910690DDE90645D1
:10199000002C75F10001C0F235819AF910400D9AC2
:1019A00002FB04FB049ADDE90601E51702FB05BB17
:1019B000A4FB02455D44002C4FEA106975F100025A
:1019C00049EA01294FEA216BC0F21881BAF80B20CD
:1019D000BAF80D609AF90F00ADF81820019A009F2F
:1019E000C11700FB02F207FB0122A0FB0701CDE9B2
:1019F0000001114401914FEA541CB1B2BDF81840E6
:101A00000022CDE90412019A049E4CEAC56CE7035A
:101A100000241CEB040C4FEA02114FEA6512DDE9C9
:101A2000004541EA14714FEA0410049CA4FB0345ED
:101A300006FB085547EB0202A6051CEB000C4FEA1B
:101A4000855041EB020240EA94201CEB0601424122
:101A500002910392DDE90212002972F10000C0F246
:101A6000C6809AF91340E51704FB08F103FB051142
:101A7000A4FB03450D44A9FB0E01CDE90001DDE9FE
:101A800002670EFB0B1101910399B2084FEAA10CFA
:101A90000099BAF9116042EA8772521801994FEA27
:101AA00006404CEB010C241845EBE075A4FB0E013D
:101AB0000EFB0511002871F10004C0F29080440B68
:101AC00044EAC144A4FB0E4549130EFB01552E46C2
:101AD000002C76F10001254679DB9AF91490AEFBD3
:101AE0000E014FEAE97A00FB0AF76C0A09FB01775D
:101AF00044EAC654A0FB0901121939444FEA66248E
:101B00008A464CEB040C00287AF10001814655DB33
:101B10004FEA194040EA0A404FEA2A44A0FB0E016E
:101B20000EFB0411002871F1000443DBC40944EAF0
:101B30004164A2184FEAE11141EB0C0C94184CEBF4
:101B40000C01A41841EB0C01C900E000821841EA25
:101B500054710B9A41EB0C01090C11600C9ADAB12B
:101B6000DA1848EB0801D21841EB0801D000C9008F
:101B7000C31841EA5271089341EB08030993DDE968
:101B80000812002972F1000309DBDDE908128B0B52
:101B900043EA82430C9A136011B0BDE8F08F43F61C
:101BA000FF73CB18099A08934FF0000343EB02022E
:101BB0000992EAE77F3041F10001B7E74FF6FF7481
:101BC00010EB04094FF0000444EB0A0AA0E740F2CE
:101BD000FF1165184FF0000141EB06067DE741F665
:101BE000FF7400194FF0000444EB010167E7CA1CC1
:101BF0000292039A42F10002039232E71F3445F148
:101C00000005E3E66FF07F416118079806914FF0F9
:101C1000000141EB00000790BFE614F11F0B45F1F6
:101C2000000C74E6FF3041F1000155E6F0F70020AA
:101C300028AD0020012070472DE9F74FDFF8B8C12B
:101C40006C4DDCF8BC402A880191C2EB2413520091
:101C5000C2EBE402B5F902405B436243B5F90440CC
:101C60001B135C43A41304EBE224CCF8C040B4F58E
:101C7000FA3E4FEAE473B5F9082043F1FF3AAEFBB0
:101C80000E8912B20EFB0AF309EB430902FB0AF1BB
:101C9000D3170EFB0311A2FB0E230B44190341EAD9
:101CA000125183461003B5F90A2012B2D31702FB72
:101CB00009F608FB0366A2FB08233344160A46EA2A
:101CC0000366EA881F12301841EB070792B2003012
:101CD00047F50047A0FB020102FB07114A10CB1792
:101CE00052EA030100F08480B5F91060B5F90E00E6
:101CF00036B2F71706FB09F108FB071100B2A6FB85
:101D000008670F4400FB0AFAC1170EFB01AAA0FBEB
:101D10000E0151444FEA414EDCF8C4104FEA4048EE
:101D2000C1F580114EEAD03E18EB06004EEB070ECF
:101D3000CF17FE07B5F90C804FEAC17C46EA510681
:101D4000002109184FEAC80747EB0E0EBCEB010152
:101D500040F6354766EB0E06A1FB070107FB0611AF
:101D600007F0F8F9B5F916204E1312B2470B47EAFF
:101D7000C14702FB06FCD31707FB03CCA2FB0723DA
:101D80006344564307FB0366A2FB07233344560E06
:101D9000B5F9142046EAC316361812B24FEA636743
:101DA00041EB0707D317514300FB0311A2FB0023AC
:101DB0000B44D10C41EA4331D814761840EB0707A5
:101DC000B5F91200320A00B242EA07620301134475
:101DD000BBF1000F02D01B0ACBF80030019B23B1EE
:101DE00004EB8404803424121C6003B0BDE8F08F3F
:101DF0000023EDE740AD0020F0F700200120704700
:101E00002DE9F041344B354EB3F8C8207489B6F94A
:101E10001450B6F90480B6F90E70B6F920C0D3F8A4
:101E2000CC30121B34896243B6F9124005EBE2351F
:101E3000E40294FBF5F4B6F9025004EBE234A4F5A5
:101E40007A6E0EFB0EF20EFB05F50EFB08FEB6F9E0
:101E50000C80F4611213574302FB08F2121402EBD8
:101E60006E32ED1205EBE7270232B6F90050B6F8F4
:101E700006E0921002F5004207EB85070EFB02F226
:101E800007FA0CF74FEAD23E02374CF25032A3EB7E
:101E9000A70742FA0CF37B4355BF5B00B3FBFEF38D
:101EA000B3FBFEF35B0078B11A1202FB02F540F6B9
:101EB000DE326A430A4D12145D4302EB254202F6FC
:101EC000CF6203EB2213036021B10A235C43083481
:101ED00024110C60BDE8F081F0F70020C4AC0020B4
:101EE00043E3FFFF024B012283F8D020704700BF7D
:101EF000F0F700204FF40063838170474FF40063D4
:101F0000838170474FF40063838170474FF400630F
:101F100083817047012380F8F03070474FF40063ED
:101F2000838170474FF40063838170474FF40063EF
:101F300083817047437D13B1012B04D070474FF468
:101F40008063838170474FF400638381704700BFD3
:101F50004368C26C70B49A61EFF31182502383F32B
:101F600012884168056C0B68846C23EA05032343DF
:101F7000D2B20B6082F31188436981681A680968DC
:101F8000C56AD0E9094622F001021A60026A1A60A5
:101F90005C600022B0F864409E60DD60CC6270BC82
:101FA00002777047024B03EB4010407F704700BF41
:101FB00050550020704700BF836930B45D699C684C
:101FC0002968246821F001012960E1681D8A21EA5D
:101FD0000501E1600168007D0C6808228240224210
:101FE0000FD1204C0222247882404A603CB11A7FF3
:101FF000012A07D1D3F8DC200132C3F8DC2030BC41
:102000007047FEE7D3F8D8200132C3F8D820EFF3A9
:102010001181502282F3128858681D6C02685C6C32
:1020200022EA05022243C9B2026081F31188D3E992
:102030000C4099685A6909689D6B1460DC6B5060AC
:10204000B3F89C009560D460C8621468188A44F0A4
:102050000104012514601D77CB68034330BCCB60BD
:10206000704700BFB1220020F0B4D2B10E460C047C
:10207000034600F1C007002519689A685D60214396
:10208000324319609A600C33BB42F5D1D0F8C030AE
:10209000C0F8C4501E43C0F8C850C0F8C060F0BCBF
:1020A00070470E040C46E3E7074BD0F8C4105B689A
:1020B000D0F8D0205B1A9A42B8BFC0F8D0300123C4
:1020C00080F8FC3000207047001000E0ECE710B50D
:1020D000074C94F8D4300BB9002010BDF3F7F6FA92
:1020E000D4F8D830C01AD0F5FA50F6D5F4E700BFCE
:1020F000F0F7002008B500210846F5F7BFFB0020E7
:1021000008BD00BF2DE9F047DDE9084589461746BF
:1021100000212022984606460AF014FC5CB1D4E95E
:1021200000326189F381C3F30F433382C2F30F435B
:10213000F28233837182484607F004F8FB061CD410
:10214000431ED0B109EB000401E0013B15D314F8A4
:1021500001CDBCF12E0FF8D1A0EB030A0AF1FF3A32
:10216000BAF1030FA8BF4FF0030A082B03F10104D3
:10217000A8BF08234C441A4606E0082802464C46ED
:10218000A8BF08224FF0000A4FF0203349463360C1
:10219000736006F10809304609F072FC164B338172
:1021A000214689F802305246484609F069FC711E02
:1021B000F31D11F8014FA4F1610019289CBF203CC8
:1021C0000C708B42F5D1484606F10B0110F8013B2B
:1021D000A3F16102192A9CBF203B00F8013C884210
:1021E000F4D11823C8F30F42F7723373A6F81A809C
:1021F000B282F561BDE8F087202020002DE9F04F84
:10220000CE4CCF482468C0F8DC4085B0002B5DD0B0
:1022100001EB4323CB4FDFF848A302930C4615464E
:102220001BE0002D5FD07B69AB4200F0CD803B69A5
:10223000AB4200F0FF80D7E90631AB424AD8A94251
:1022400000F2BC81691A2046C7F760F8029B04F5CA
:1022500000749C4205F1010538D03A6AAA42E0D8E0
:102260003E6BA5EB02084FEAD80B336B0BF1020B68
:102270009B4508F0070802D3B36B9B4508D931464C
:102280005846C7F713F80646002800F0B7813863B0
:102290003379002B40F06681D6F82890B9F1000F11
:1022A00000F0A581336BF268ABEB030B08EBCB0BB3
:1022B0003346204602EB4B224FF40071C847029B85
:1022C00004F500749C4205F10105C6D1002005B05B
:1022D000BDE8F08FA942B5D94FF400720021204625
:1022E0000AF030FBB2E74FF40072294620460AF0AC
:1022F00029FB80220C2384F8C23184F8BE213A697C
:10230000914BB96884F8B8519A4284F8B95184F86D
:10231000BA5184F8BB5184F8BC5184F8BD51C4F85B
:10232000C621C4F8CA1100F34E81884B83FB020317
:10233000D6171344C6EB63138AFB02EC8448C6EB42
:102340002C36C3EB831E80FB030CA2EB0E02B010F5
:1023500020F03F00013202439C44D817C0EBEC1C34
:10236000634484F8C021784A84F8BF314B1E9342FD
:1023700084F8C16100F33381744A754E82FB031205
:10238000D8171A44C0EB62128AFB03C1C0EB21309C
:10239000C2EB82115B1A811086FB02C621F03F015D
:1023A000013316440B43D117C1EBE616324484F8CF
:1023B000C50184F8C43184F8C3215522AA2384F8C6
:1023C000FE2184F8FF3141E752226120412300269B
:1023D00022706270A070722284F8E70184F8E631FE
:1023E000B86AE3704FF0FF3384F8E42184F8E52104
:1023F000C4F8E80184F8EC3184F8ED3184F8EE316A
:1024000084F8EF314FF4F0723146201D0AF09AFA49
:1024100055226FF05503C4F8F061C4F8F461C4F8B4
:10242000F86184F8FC6184F8FD6184F8FE2184F889
:10243000FF310BE74FF40072002120460AF082FAC8
:10244000444B454A03CBEB23C4F80300237002201E
:102450004FF0580C90264FF0080EF823A670207409
:10246000C4F8071084F801C084F80DE06375396979
:10247000BB68D7F81CC02073591A21624FF0FF3196
:1024800000233F26A1763E21A073E372E3736374B9
:10249000A374E3742375A375E3756376E3766377BA
:1024A000A377E37726762177D7F8188084F82C0075
:1024B00003CA2A4EC4F84700C4F84B1003CEACEB55
:1024C000080C9678C4F824C084F82830B2F800C00C
:1024D00084F8293084F82A3084F82B3084F82D30A1
:1024E00084F82E3084F82F3084F8313084F832307C
:1024F00084F8333001228023A4F84FC084F851605F
:10250000C4F85200C4F8561084F8302084F84030E3
:102510004FF0290C94260E200D215522AA2384F871
:1025200046E084F842C084F8436084F8440084F8AC
:10253000451084F8FE2184F8FF3187E684190020D5
:10254000F0F70020E03F0020FF03FB00832008821B
:10255000818080802C8B0508388B0508448B05080A
:10256000975545414FF40072002120460AF0EAF9E0
:10257000336CB8F1000F4AD1002B00F08D80336B23
:10258000544911222046CDE90088FFF7BBFD336C8A
:102590001A6C04F12000002A00F08E801B6B4E495B
:1025A000CDE900881122FFF7ADFD766C04F14008FB
:1025B000002E3FF44BAE4FF4E0793CE0E91A2046A0
:1025C000C6F7A4FE42E6FF23444A84F8BF3184F8EC
:1025D000C13184F8C0314B1E93427FF7CDAEFF234B
:1025E00084F8C33184F8C53184F8C431E5E649463E
:1025F0004FF4007220460AF0A5F927E6231F04F5E0
:10260000FE72374943F8041F9342FAD11EE6002BAD
:102610000CBF01220222766CC2EB0818002E3FF498
:1026200015AEB8F10108B66CF8D1002E3FF40EAE2D
:10263000A0464FF40079C14409F1200908F12008AF
:102640004FF0000B03940CE05EF81C1B336BCDE9DC
:1026500000EBFFF757FDB66C08F12008D6B1C8456E
:1026600018D03379B64606F11C0C1122A8F12000CF
:10267000002BE9D172793469336B3168019442F0EF
:102680002102CDF800C0FFF73DFDB66C08F120082F
:10269000002EE4D1039CD9E5CDE900884346F968D2
:1026A00008222046FFF72EFD766C04F120084FF437
:1026B000F079002EBFD1C9E5CDE90088434606492F
:1026C0001122FFF71FFD766C04F14008002E7FF405
:1026D00072AFBBE5248B0508288B0508FF03FB00C0
:1026E000DEADBEEF2DE9F041CBB1114F15460E46E0
:1026F00003EB020801E0CDF72FFF396800230C69D6
:102700001A4631462846A0470028F4D1CDF724FFC9
:102710000028FBD00135A84506F50076EDD1054A25
:10272000054B1268C3F8DC200020BDE8F08100BF33
:10273000C43F002084190020F0F700202DE9F0416B
:10274000B3B10F4F15460E4603EB0208396800235C
:102750008C681A4631462846A0470028F6D0CDF7A7
:10276000FBFE0028FBD00135A84506F50076EDD12B
:10277000044A054B1268C3F8DC200020BDE8F08154
:10278000C43F002084190020F0F7002008B5CDF7E1
:10279000E3FE80F00100404240B208BD38B5144667
:1027A0000D46CDF7CBFE4FF4007302682A6000207F
:1027B000238038BD002108B50846F5F75FF8C6F755
:1027C0003FFDCDF7C9FE0028FBD0034A034B12683A
:1027D000C3F8DC20002008BD84190020F0F7002099
:1027E00038B50E4B0E4D1C68D5F8DC30E31A322B91
:1027F0000BD8D5F8E030A34200D338BD00203234E6
:10280000F4F7B0FEC5F8E04038BD00210846F5F702
:1028100035F80023C5F8E03038BD00BF841900202A
:10282000F0F7002070B58CB052BA00230446ADF822
:1028300006208DF80410012202A901AE0425CDE97D
:102840000633CDE908338DF8053003930B938DF8EB
:1028500014208DF8282002960495F5F75BFB20469E
:10286000F5F776FD0CB070BD70B58CB00023044652
:1028700001258DF8062001AE0322CDE90263CDE9E2
:102880000633CDE908330B9304928DF805108DF8CB
:1028900004508DF814508DF82850F5F759FD204656
:1028A00002A9F5F737FB2046F5F752FD0CB070BDD5
:1028B00030B58DB001298DF8072001D00DB030BDA5
:1028C0000B460022044602A90DF10705CDE902528C
:1028D000CDE90622CDE9082204938DF814308DF855
:1028E00028300B92F5F716FB2046F5F731FD0DB0B9
:1028F00030BD00BF2DE9F0410446006A1D460F4679
:102900009046F5F725FD237E002B35D066692448D7
:10291000330E43710522831DC263310C320A9E704F
:1029200019705A703A68D8F800300365012D826436
:10293000E36229D0022D24D10022D8F80410826548
:102940007E68C665174D41660B44012680F8542009
:10295000E36280F86860C566134B617E206A03F10C
:102960001402002914BF19461146F5F7D3FAA36AD9
:1029700093B1E06ABDE8F0810C4B6669581F0422F0
:10298000CAE70020BDE8F081064A80F854500023D1
:10299000C0E916234366DFE7206AF5F7D9FCE8E7CC
:1029A000A80A00203D130408B40A0020AD0A002044
:1029B00030B583B0CDE90032069D416185620123C7
:1029C0006A4601A9FFF796FF03B030BD10B5044673
:1029D00094B050220649684609F052F8206A6946C8
:1029E000F5F798FA206AF5F7B3FC14B010BD00BFF4
:1029F000C81C050870B5037E204C94B0002B14BF92
:102A000005220422231D0C92A4F1080205930A92C8
:102A10001B4B01930222012305460292194A8DF8AD
:102A20000C3007938DF820308DF834308DF8483015
:102A300004920023144A006A0693CDE90E33CDE9CF
:102A400010330B93139300940E460992F5F780FC14
:102A50002B7E8BB1330E04F8073C063C320C330A54
:102A600022706370A670286A6946F5F753FA286ADF
:102A7000F5F76EFC14B070BD073CEFE7340B002097
:102A8000D4F800201D1304085D13040810B5044693
:102A90000F48D4F8B830D4F8C41094F8B020406887
:102AA000C4F8B8000B44012AC4F8BC3005D0D4F8EF
:102AB000B4300133C4F8B43010BD04F1C801201D96
:102AC000F5F728FAD4F8B4300133C4F8B43010BDA7
:102AD000001000E0F0B5826992F8BC30012B8BB099
:102AE00006461ED0023B012B23D8134DD46F0FCDC9
:102AF0008C2727706C460FC40FCD0FC495E80300D8
:102B0000B36984E80300D3E91F1203F110000091B8
:102B100069460192F5F7FEF9B0691030F5F718FC37
:102B2000B269D2F880305A88F2819A883282DB8882
:102B3000738201200BB0F0BD181D0508164BD0F8AC
:102B4000C0105A6810B50446D0F8B80071B1131A15
:102B500099420BDC94F8B030C4F8B820012B10D0A7
:102B6000D4F8B4300133C4F8B43010BDD4F8C43054
:102B7000C4F8B8200344C4F8BC3094F8B030012B3A
:102B8000EED104F1C801201DF5F7C4F9D4F8B43032
:102B90000133C4F8B43010BD001000E038B50B4D5F
:102BA000044694F82430206A012B03D00023E3610B
:102BB000012038BDC6F7F8F8C04310F00100F5D188
:102BC0002B68E2699B1A002BEBDB38BD84190020CF
:102BD0002DE9F047044692B0474D0F461646FFF7E1
:102BE000DDFF94F82410206A0622FFF761FE95F8B5
:102BF000E68001236376B8F1000F20D12046D7F894
:102C000000A0D6F80090D5F8E870FFF7C7FF94F859
:102C10002430012B47D0394BA26A1B680233E36191
:102C20003068D5F8E83001210344C5F8E83085F86C
:102C3000E6100AB19047306812B0BDE8F087D5F8C9
:102C4000E8308DF80A308422C3F3022320468DF841
:102C500009303F68D6F800808DF80820FFF79EFF06
:102C600094F82430012BD6D102AA206A8DF82C309A
:102C70008DF8403003920023032203A90190CDE98F
:102C80000C33CDE90E330897CDF8288004938DF8E6
:102C900018300793099311930592F5F73BF90198C2
:102CA000F5F756FBB7E70222206A8DF80A708DF817
:102CB0002C308DF840308DF80820032302AAC7F38A
:102CC000022703A90190CDE9078ACDE90989CDE959
:102CD0000C88CDE90E888DF80970CDF810808DF83C
:102CE0001880CDF8448003920593F5F713F9019805
:102CF000F5F72EFB8FE700BFF0F7002084190020C6
:102D000010B51C4623B9836A20469847204610BD5B
:102D1000BDE810405CE700BF38B504460D46FFF73C
:102D20003DFF94F82430012B04D0054B1B6802337F
:102D3000E36138BD206A2A461021FFF773FDF4E7EE
:102D40008419002010B5084C084BD4F8EC10C90ABF
:102D5000C3F89410FFF7E0FFD4F8E830C4F8EC3083
:102D6000002284F8E62010BDF0F70020A80A002019
:102D7000054B93F8E62022B1D3F8E830C3F30A03F9
:102D800003B17047DEE700BFF0F7002038B5044616
:102D90000A4DFFF703FF94F82410206A0622FFF77C
:102DA00087FDD5F8EC10012363762046C90AFFF7AA
:102DB000B3FF002385F8E63038BD00BFF0F70020F0
:102DC00070B5144D82B00446009395F8E630069E27
:102DD0000192866293B1D5F8E830994211D16A46E2
:102DE00001A92046FFF7F4FE95F8E63023B1D5F8A7
:102DF000E830C3F30A033BB102B070BDC5E93A1134
:102E0000EDE7FFF7C3FFEAE72046FFF79BFF02B0BD
:102E100070BD00BFF0F700200A4B10B493F8E640F5
:102E2000826234B1D3F8E8308B4207D15DF8044BAD
:102E30007047C3E93A115DF8044B70475DF8044BE5
:102E4000A4E700BFF0F7002010B5084C94F8E63076
:102E500003B910BDD4F8EC10054BC90AC3F894109F
:102E6000FFF75AFF002384F8E63010BDF0F700208A
:102E7000A80A002038B504460D46FFF78FFE06224B
:102E800094F82410206AFFF713FD94F824300122EF
:102E90009342627604D0054B1B680F33E36138BD63
:102EA000206AEA0AD821FFF7BDFCF4E78419002064
:102EB00038B583884BB10546002461042846FFF7E6
:102EC000D9FFAB880134A342F7D838BD08B590F8D4
:102ED0002430012B18BF012000D008BD006AC5F7BF
:102EE00063FFC04300F0010008BD00BF2DE9F041C1
:102EF000044694B0006A0D4690461F46F5F728FA3E
:102F00003048314B019300F1A00600F19803009680
:102F1000217E2E4A059302260123029600268DF873
:102F20000C3004920696002935D0CDE90966CDE92A
:102F30000E66CDE910662A0E052180F899208DF8DD
:102F40002060CDF82C800C978DF834308DF8483007
:102F50001396079100F19A021D4E95702B0C2D0AC5
:102F600013705570D6F8F400256AF5F735F9637ECD
:102F7000A88023BB05A92846F4F7CCFF206AF5F703
:102F8000E7F9D6F8F800F5F727F9236A988038466C
:102F900014B0BDE8F0810426CDE90911CDE90B8715
:102FA000CDE90E11CDE910118DF820108DF83430D7
:102FB0008DF84830139100F199020796CCE76946E5
:102FC000D9E700BFA80A0020E0F800201D1304087C
:102FD000F0F7002038B50446006A03681A7B92B9FE
:102FE000637E0BB9012038BD094D0A4905F1FC0289
:102FF0000223F5F793F995F8FD0000F001006076E3
:1030000080F0010038BD1B6A002BE9D0002038BDDC
:10301000F0F700204C0B002010B504462046FFF7C7
:10302000D9FF0028FAD0012010BD10B51E4C94F82D
:10303000FE30012B00F10C000CD0022B1AD0012322
:1030400004F1FF020621F5F79DF9012384F8FE3013
:10305000002010BD94F8FF3013F00403F6D00623CF
:1030600004F580720021F5F78DF9022384F8FE3013
:103070000020EEE794F8012194F8003143EA02239E
:103080000B8094F8032194F8023143EA02234B8029
:1030900094F8052194F8043143EA02238B8000233D
:1030A00084F8FE300120D4E7F0F7002010B51C4C66
:1030B00094F8A63022464BB11A4A062328210C3038
:1030C000F5F760F9002084F8A60010BD164890F8C6
:1030D000074190F8063143EA04231BB2002BB8BF26
:1030E00003339B100B8090F8094190F8083143EAB4
:1030F00004231BB2002BB8BF03339B104B8090F806
:103100000B4190F80A3143EA04231BB2002BB8BFED
:1031100003339B1001208B8082F8A600D5E700BF07
:10312000A80A0020F6F80020F0F7002010B5144C93
:1031300094F8A7304BB1134A062303210C30F5F75E
:1031400021F9002084F8A70010BD0F4B93F80C0163
:1031500093F80D2142EA00220A8093F80E0193F8B9
:103160000F2142EA00228A8093F8102193F811314E
:10317000012043EA02234B8084F8A700E4E700BF64
:10318000A80A0020FCF80020F0F700207B22F421A0
:10319000F5F778BC10B500F10C042046F5F7DEF821
:1031A00001220B212046F5F76DFC20B11D220921DB
:1031B0002046F5F767FC00F0010010BD10B500F1E6
:1031C0000C042046F5F7CAF8002221212046F5F725
:1031D00059FCFC2220212046F5F754FC40222421F2
:1031E0002046F5F74FFC0C2223212046F5F74AFC38
:1031F000002222212046F5F745FC6420F4F7D4F89C
:10320000012010BD37B500F10C05044670220021E5
:103210002846F5F737FC202201212846F5F732FC35
:10322000002202212846F5F72DFC6420F4F7BCF8B3
:1032300094F8D40088B1F4F7A3F908B12823C38027
:103240002146074B41F8083F0190C4F78DF90198DA
:10325000F4F706FC0198F4F703FC012003B030BD3D
:103260001714040838B5044690F8010100B938BDB8
:10327000F4F786F9054608B12623C3802146054B9D
:1032800041F80C3F2846C4F76FF92846BDE838409E
:10329000F4F7E6BB3D2B0408F8B544F23B33054692
:1032A000A0F82C3100F11004FFF7DCFF95F8B830DE
:1032B000072B58D195F8FD300226002B55D1374603
:1032C00080226B212046F5F7DDFB6420F4F76CF8D3
:1032D000072268212046F5F7D5FB6420F4F764F84F
:1032E00000226B212046F5F7CDFB6420F4F75CF853
:1032F00001226B212046F5F7C5FB0F20F4F754F8A7
:10330000FA001B212046F5F7BDFB0F20F4F74CF81F
:10331000F2001C212046F5F7B5FB0F20F4F744F826
:1033200000221A212046F5F7ADFB0F20F4F73CF8F8
:1033300095F8002119212046F5F7A4FB6420F4F745
:1033400033F8102237212046F5F79CFB0F20F4F7C5
:103350002BF8204601223821F5F794FBBDE8F84010
:103360000F20F4F721B80326A9E70327A8E738B50B
:1033700044F23B33A0F82C3100F110040546FFF76E
:1033800071FF80226B212046F5F77CFB6420F4F767
:103390000BF803226B212046F5F774FB95F800210A
:1033A00019212046F5F76EFB0F20F3F7FDFF0022F1
:1033B0001A212046F5F766FB18221B212046F5F757
:1033C00061FB18221C212046F5F75CFB0222372105
:1033D0002046F5F757FB20460122BDE8384038214A
:1033E000F5F750BB38B52D4C94F81231013B02462D
:1033F0000D460C30032B03D8DFE803F00C1E2835F4
:103400000123274A0221F4F7BDFF012384F812317A
:10341000002038BD94F81331DB0703D4002084F872
:103420001201F6E706231F4A0321F4F7ABFF02233C
:1034300084F812310020ECE70123194A0921F4F73E
:10344000A1FF032384F812310020E2E711220A21B0
:10345000F5F772FA94F8130110F00C00DED1042392
:1034600084F81231D5E7B2F9D6100E48FDF7D4FF33
:1034700040422880B2F9D8100B48FDF7CDFF4042FA
:103480006880B2F9DA100948FDF7C6FF0023404210
:10349000A88084F812310120BBE700BFF0F70020BC
:1034A00003F9002004F9002006F9002008F90020A3
:1034B00013221B21F5F740BA3122F421F5F73CBA6B
:1034C000064B93F82020064B92010021343283F8FA
:1034D000D01002F0FC02F421F5F72EBAC4AC0020A3
:1034E000F0F70020034B002283F8D020F4212E2295
:1034F000F5F722BAF0F7002037B500F10C040546C5
:103500002046F4F72BFF00220A212046F5F7BAFAED
:103510001420F3F749FF0F220A212046F5F7B2FAEB
:103520000A20F3F741FF01AA032310212046F4F7F4
:10353000D5FF0A20F3F738FF9DF804308033A5F853
:10354000D6309DF805308033A5F8D8309DF8063088
:103550008033A5F8DA3000220A212046F5F792FAE6
:103560000A20F3F721FF0DF1030201230221204677
:10357000F4F7B4FF01230DF1030209212046F4F70B
:10358000ADFF11220A212046F5F77CFA012003B095
:1035900030BD00BF30B5094CD4F81C3183B0591C84
:1035A000C4F81C11002501230DF107021121783800
:1035B0008DF80750F4F792FF03B030BDF0F700200C
:1035C00007B500238DF807300DF1070201230F2105
:1035D000F4F784FF28B19DF807306C2B14BF00204E
:1035E000102003B05DF804FB10B582B004466A46B3
:1035F000062322211030F4F771FF9DF805209DF875
:1036000004300099C4F8B01043EA02230120A4F862
:10361000B43002B010BD00BF70B50446806982B0FE
:103620006A46062328211030F4F758FF9DF805005C
:103630009DF801609DF800109DF803509DF8022050
:103640009DF8043041EA062143EA002342EA0522BC
:103650000120E1812282638202B070BDF0B5044690
:1036600083B094F82D11103006236A46F4F736FF24
:10367000B8B19DF800709DF801109DF802609DF8AA
:1036800003209DF804509DF8053041EA072142EAE5
:10369000062243EA0523A4F8B010A4F8B220A4F847
:1036A000B43003B0F0BD00BFF0B50446806983B00C
:1036B00090F82C1106236A461030F4F70FFFA0B1E2
:1036C0009DF800709DF801109DF802609DF80320A0
:1036D0009DF804509DF8053041EA072142EA062290
:1036E00043EA0523E1812282638203B0F0BD7FB506
:1036F00000238DF807300DF107020123E72105466D
:10370000F4F7CEFD9DF80730144E154C13F003036B
:1037100021D0052302AAE8212846F4F7C1FD9DF82F
:103720000A209DF80910130443EA01239DF80810AC
:1037300012F0800F14BF4FF07F4200220B4313435F
:1037400033609DF80C209DF80B3043EA0223238060
:10375000012004B070BD33602380F9E700AD002084
:10376000FCAC002070B505460C46FEF7B0FC2B689B
:103770005D6808B1F3F70CFE064B002283F8D420F5
:103780002846224693F8D530BDE870404921F4F729
:1037900087BD00BFF0F700202DE9F34190461F469A
:1037A0000DF10702012305460E46F4F797FE80B19E
:1037B0000220F3F7EDFD9DF8074024EA08023A43A2
:1037C000314628468DF80720F5F75CF90898F3F79D
:1037D000EBFD02B0BDE8F08173B5642300F1100485
:1037E000009301231A46054612212046FFF7D4FF15
:1037F00002220D212046F5F745F90120F3F7D4FD0B
:1038000002220E212046F5F73DF90120F3F7CCFD09
:10381000742210212046F5F735F90120F3F7C4FD95
:10382000AC2211212046F5F72DF901260120F3F7EE
:10383000BBFD44237C22122120460096FFF7ACFFFB
:1038400006231A46132120460096FFF7A5FF002302
:103850001722152120460096FFF79EFF02232046DF
:1038600000961A461821FFF797FF95F8010178B1E5
:10387000F3F786FE044608B12623C3802946074B8A
:1038800041F80C3F2046C3F76FFE2046F4F7E8F8F6
:103890000348F4F7A1FCA88202B070BD151F04080C
:1038A0008096980010B50446FFF7F6FC1022A01889
:1038B0006A21F4F701FD6420F3F776FD0448F4F77C
:1038C0008BFCA082BDE810400120F3F761BD00BF72
:1038D000002D310138B500F1100405461948F4F700
:1038E0007BFC44F23B33A5F82C31A8822846FFF735
:1038F000B9FC01226B212046F4F7DEFC7820F3F7B7
:1039000047FD204618221B21F4F7D6FC204618223A
:103910001C21F4F7D1FC204600221A21F4F7CCFC3C
:1039200095F8002120461921F4F7C6FC2046102204
:103930003721F4F7C1FC20460122BDE83840382188
:10394000F4F7BABC00127A0008B5C5F721F9D0B96E
:103950000E4B93F8212193F82011120242EA014202
:1039600093F822110A43C3F8982093F8242193F87E
:103970002311120242EA014293F825110A43C3F8C7
:103980009420012008BD0020FCE700BFF0F70020D4
:1039900010B50446C5F7FCF838B9054A0623F721E7
:1039A0002046F4F7EFFC012010BD0020FCE700BF2B
:1039B00010F9002008B5C5F7EBF870B9084A92F87D
:1039C000273192F826111B0243EA014392F828118D
:1039D0000B43C2F8A030012008BD0020FCE700BF67
:1039E000F0F7002008B5C5F7D3F870B9084A92F887
:1039F000273192F826111B0243EA014392F828115D
:103A00000B43C2F89C30012008BD0020FCE700BF3A
:103A1000F0F7002010B50446C5F7BAF808B1002049
:103A200010BD0146034A20460623F4F7ABFC0120F3
:103A300010BD00BF94F8002070B5C5F7A9F8D0B943
:103A40000E4B93F82E1193F8312193F82D6193F8D2
:103A5000305193F82F0193F82C410904120441EAE4
:103A6000062142EA052202432143C3F8B810C3F8F5
:103A7000AC20012070BD002070BD00BFF0F7002019
:103A800010B50446C5F784F808B1002010BD044AFB
:103A9000204606230421F4F775FC012010BD00BF69
:103AA0001CF9002008B5C5F773F8E0B90F4B93F87F
:103AB000332193F83211120142EA013293F83411A2
:103AC00042EA1112C3F8C42093F8362193F8351155
:103AD000120142EA013293F8371142EA1112C3F897
:103AE000BC20012008BD0020FCE700BFF0F700204B
:103AF00010B50446C5F74CF838B9054A0623F72136
:103B00002046F4F73FFC012010BD0020FCE700BF79
:103B100022F9002008B5C5F73BF8A0B90B4A92F886
:103B2000393192F838111B0243EA014392F83A11F5
:103B30000B430749B1F92010C1F10801CB40C2F88D
:103B4000CC30012008BD0020FCE700BFF0F70020CA
:103B5000C4AC002010B50446C5F71AF870B9084B7C
:103B60001B781BB1074B93F8D00030B1064A0323F2
:103B7000F6212046F4F706FC012010BD0020FCE7EA
:103B8000E8AC0020F0F7002028F9002008B5C4F7C1
:103B9000FFFF50B9064B93F8381193F8392142EAE8
:103BA0000122A3F8C820012008BD0020FCE700BFC7
:103BB000F0F7002010B50446C4F7EAFF70B9084BCF
:103BC0001B781BB1074B93F8D00030B1064A022393
:103BD000F6212046F4F7D6FB012010BD0020FCE7BB
:103BE000E8AC0020F0F7002028F9002010B50446CA
:103BF000C4F7CEFF014698B923681A78022A08D183
:103C0000196A79B92046084A0323F4F725FB0120F5
:103C100010BD054A03232046F4F7B4FB0120F7E763
:103C20000020F5E70120F3E716F90020DEE7482140
:103C3000C5F730B85821C5F72DB838B5F521054678
:103C4000F4F7E2FA70281AD007D8422819D047288A
:103C500019D0122819D000240FE0AC2817D005D8AD
:103C600000F0FD03712BF6D1062402E0AF28F2D15B
:103C700009240848F4F7B0FAA880204638BD052486
:103C8000F7E70C24F5E70D24F3E70824F1E7072410
:103C9000EFE700BF002D310138B580226B210446CB
:103CA000F4F70AFB6420F3F77FFBF5212046F4F7D5
:103CB000ABFA05460120F3F76BFB682D1BD18C2175
:103CC0002046F4F7A1FA18280DD8142834BF00258F
:103CD0000325204607226821F4F7EEFA6420F3F763
:103CE00063FB284638BDA0F15403DBB2072B34BF79
:103CF00003250025EDE70025F3E737B5044600F17D
:103D000010053748F4F768FA44F23B33A082A4F870
:103D10002C312046FFF7A6FA42F21F53A4F82C31AB
:103D20000F224E212846F4F7C7FA0F20F3F73CFB89
:103D300094F8BB30002B4ED094F800210132D3B25E
:103D40000822B2FBF3F2082AD3B240D0042A40D0B2
:103D5000022B02D0012B3ED10323224A02EB430364
:103D600093F8792002F00F024F2128460192F4F7D0
:103D7000A3FA0F20F3F718FB019A50212846F4F715
:103D80009BFA0F20F3F710FB2846EE225221F4F79E
:103D900093FA284603221421F4F78EFA28460022CB
:103DA0006321F4F789FA082228466521F4F784FA9A
:103DB000E4212846F4F728FA00F0EF0040F0600212
:103DC0006421284603B0BDE83040F4F775BA0023FB
:103DD000C3E70123C1E7002384F8BB300622C1E713
:103DE00000366E01C81C050838B500224E21054674
:103DF000F4F762FA15249620F3F7D6FAF52128464F
:103E0000F4F702FA422807D0472807D0013C14F003
:103E1000FF04F0D1204638BD0C24FBE70D24F9E760
:103E200038B580226B210546F4F746FA6420F3F793
:103E3000BBFAF5212846F4F7E7F9AC2818D005D8E5
:103E4000122817D0982817D000240FE0AF28FBD1F4
:103E5000092410226A212846F4F72EFA2846032264
:103E60006821F4F729FA6420F3F79EFA204638BD5A
:103E70000724EEE70824ECE70B24EAE738B544F220
:103E80003B330446A0F82C3104F11005FFF7EAF9A2
:103E900003226B212846F4F70FFA0F20F3F778FA84
:103EA00010226A212846F4F707FA0F20F3F770FA78
:103EB00000226C212846F4F7FFF90F20F3F768FA87
:103EC00094F8002119212846F4F7F6F90F20F3F7AA
:103ED0005FFA18221B212846F4F7EEF90F20F3F7BA
:103EE00057FA18221C212846F4F7E6F90F20F3F7B9
:103EF0004FFA102237212846F4F7DEF90F20F3F7A6
:103F000047FA012238212846F4F7D6F90F20F3F7B3
:103F10003FFA00221A212846F4F7CEF90120F3F7E0
:103F200037FA0A48F4F758F9A0822046FFF796FBC3
:103F300094F9B230013308D194F9B030013304D18F
:103F4000BDE838400620F3F73BBD38BD002D3101F8
:103F500010B504460068F3F7C5FB0120F3F724FA17
:103F60002068F3F7C5FBBDE810400A20F3F71CBA40
:103F700070B500F1100490B0B6227E2105462046AF
:103F8000F4F79AF96420F3F70FFA05F11800FFF738
:103F9000DFFF00227C212046F4F78EF90120F3F7A1
:103FA00003FA002259212046F4F786F90120F3F79D
:103FB000FBF900235E220DF10301CDE90A33CDE9BF
:103FC0000C338DF803200191012202938DF81030FB
:103FD000059307930F93404E03924FF4A47320462A
:103FE00001A908938DF824208DF838200696F3F760
:103FF00091FF2B691A6A002AFCD10A20F3F7D4F941
:10400000012259212046F4F757F90120F3F7CCF9A2
:10401000AB2240212046F4F74FF90120F3F7C4F911
:10402000032241212046F4F747F90120F3F7BCF9B8
:104030002A4B5A78022A28BF0222120162F0320269
:1040400002F0FD0242212046F4F736F90120F3F791
:10405000ABF9082243212046F4F72EF90120F3F7AB
:10406000A3F9042258212046F4F726F90120F3F79A
:104070009BF90A2253212046F4F71EF90120F3F799
:1040800093F902227C212046F4F716F90120F3F778
:104090008BF920460E227D21F4F70EF90120F3F76B
:1040A00083F995F8010128B90D48F4F795F8A8822D
:1040B00010B070BDF3F764FA044608B12623C3803C
:1040C0002946084B41F80C3F2046C3F74DFA2046DD
:1040D000F3F7C6FCE8E700BF481D05085CA6002012
:1040E000809698008D2A040810B5044682B00830E6
:1040F000FFF72EFF00212046022301AAADF804108D
:10410000F4F7CEF828B19DF80530242B14BF002019
:104110000F2002B010BD00BFF0B590F8BC30D0F851
:104120008070012B8BB0044641D013D8C36F00229E
:104130001A605A609A609A81D0F8C0300522B3F5AF
:104140007A7FC0F8D0203ED8032380F8BC3001200D
:104150000BB0F0BD023B012BF9D8294EE56F0FCE15
:104160004FF0920CEE4685F800C0AEE80F000FCE7F
:10417000AEE80F0096E80300D4E91F2304F110060F
:104180008EE803003046694601930092F3F7C2FEC1
:104190003046F4F7DDF87B88A4F8B030BB88A4F88B
:1041A000B230FB88A4F8B43001200BB0F0BD3B89DD
:1041B000A0F8B0307B89A0F8B230BB89A0F8B43049
:1041C00001200BB0F0BD1030F3F7D4FEA0B1E36FC7
:1041D000C4F884408C221A70D4E91F30094AC4F80C
:1041E000D4300E210123C4E93601C4F8E42084F858
:1041F000E03084F8BC30AAE7022384F8BC30A6E79C
:10420000181D0508CD20040810B5846904F19C0030
:10421000CEF7F6FBD4F89C305A681AB91A6822F027
:1042200001021A6010BD826910B50832174C54F8AB
:104230002200CEF7E5FB164B1A88082A23461ED02B
:1042400009D882B1042A14D0012283F83D20114BF1
:1042500000221A7010BD0C2AF6D12168CA6822F417
:104260008052CA60F0E72168CA6822F40072CA600E
:10427000EAE72168CA6822F48062CA60E4E721683C
:10428000CA6822F40062CA60DEE700BFBC8000207A
:10429000B8800020A980002008B5084A084B00EB30
:1042A000C00052F8200098420CBFA020A120C2F705
:1042B000E5FFBDE80840A220C2F7E0BF640100208E
:1042C000000002400269C3682DE9F04712EA0309C1
:1042D0002AD005460E464FF000474FF00008B9FAC5
:1042E00089F327FA03F2D2431B3B2A6109EA020948
:1042F000042B16D8DFE803F0352C231A0300B36A29
:10430000002B37D003F1FF3A1FFA8AFAC6F828804B
:10431000746A34B123682046514698476468002C7B
:10432000F8D1B9F1000FDAD1BDE8F0877068696B98
:10433000036889B29847B9F1000FD0D1F4E7B068AB
:10434000A96B036889B29847B9F1000FC7D1EBE7B1
:10435000F068E96B036889B29847B9F1000FBED1E4
:10436000E2E73069296C036889B29847B9F1000F18
:10437000B5D1D9E7E96A1FFA81FAC9E72DE9F04713
:1043800004460068237D0268022101FA03F31A4201
:1043900082B009D0A6698F4D4FF49A7202FB065283
:1043A00092F8EC1019B1436002B0BDE8F0878A4979
:1043B0008A4FDFF8348209787F68C8F800700029D6
:1043C00000F0B8809268576911683A6822F00102DB
:1043D0003A60CA6822F48072CA60814A1278002A60
:1043E000E1D04FF49A7202FB06F205EB02097D4F11
:1043F000D9F82801D9F80830DFF8F0A1C1B208399E
:10440000A7FB01710909BC322A44013120F0FF00E9
:104410001F680192CCF7FCFEDAF83C31019A0121C9
:1044200089F8EC10002B00F0B0804FF49A7303FB76
:1044300006533868D3F8E81040F080004FF0FF3C96
:10444000B1F5807F3860C7F82CC000F0A48050D848
:1044500001297DD010291CD1D7F820E0D3F81C11F8
:10446000D3F81801D3E948C92EF010033B62BB69A9
:1044700041EA090123F47F4341EA0C0143EA112395
:10448000BB613B6A23F0A00343EA001343F010032F
:104490003B624FF49A7303FB0655524BD5F8280143
:1044A000C1B20839A3FB013109090023C5F8C430A2
:1044B000013120F0FF00CCF76DFED5F828212068EF
:1044C000536846491B0C1B0443F0160353601368E2
:1044D00043F001031360AA68AB891268D5682B43C7
:1044E000D3604A68237DC8F80420022202FA03F34D
:1044F00059E7B1F5805FCCD1D7F820E0D3F81C1193
:10450000D3F81801D3E948C92EF480533B62FB6904
:1045100041EA090123F47F4341EA0C0143EA1123F4
:10452000FB613B6A23F4204343EA003343F48053A6
:104530003B62AEE7D2F82871396821F00101396099
:10454000916897890968CA6822EA0702CA6044E745
:10455000D7F820E0D3F81C11D3F81801D3E948C9E3
:104560002EF001033B62BB6941EA090123F0FF031E
:1045700041EA0C0143EA1143BB613B6A23F00A03A1
:10458000034343F001033B6283E7F1F79FF8019A8D
:10459000CAF83C0149E7D7F820E0D3F81C11D3F85A
:1045A0001801D3E948C92EF480733B62FB6941EAE4
:1045B000090123F0FF0341EA0C0143EA1143FB61C7
:1045C0003B6A23F4206343EA002343F480733B6295
:1045D0005FE700BF4C500020884A0020001000E038
:1045E000B1220020CDCCCCCC24ED0020F0F700206F
:1045F000F8B5294A294B12781B789A4247D1284BA3
:104600001C786CB3274A284B1078284F284E04EBAF
:104610004402C4EBC20403EBC40440F20D3500B302
:10462000D3F8A820B3F8ACC0D2F804E019680EEAB9
:10463000070E4CEA0E0CC2F804C0D2F800C04CF0D1
:10464000010CC2F800C0D1F8DC2332402A43C1F883
:10465000DC23CA6842F48072CA60B833A342DED158
:10466000F8BD1A68B3F804E0D2F800C0B3F8B4108B
:104670002CF0800CC2F800C0C2F82CE05062D2F8D6
:104680000CC041EA0C01D160A3F8B400E5E7C3F720
:104690005FFF0028B3D1F8BDAC30002058300020B7
:1046A000894A0020884A00208C4A00200000FFFF31
:1046B000E0E0FFFFF8B5204A204B12781B789A42C1
:1046C00035D11F4E3368002B13DD00241D481E4FCB
:1046D00025463B781BB3037F012B23D04269316809
:1046E0001368013443F00103A14200F1E4001360B8
:1046F000EFDCF0F7EBFF154BD3F84441C3F8400172
:10470000002C0BDD03F5A47303EBC40419689A882D
:10471000C86808330243A342CA60F7D1F8BDFDF769
:1047200017FCDBE780F8D450FDF712FCD6E7C3F79F
:104730000FFF0028C5D1F8BDAC3000205830002054
:10474000BCED0020C0ED0020B1220020F0F70020D9
:104750002DE9F0412E4E06EB40173A7F0AB9BDE82D
:10476000F0812C4B4FF49A7202FB00320D4600236D
:104770009178B970937004464FEA4018F4F7CCFB77
:10478000002836D106EB441026F80850F4F71EFC3A
:10479000214A06EB080312789969A2B15A68D1F848
:1047A00094300124944003F1C00110F4004F4FEA0B
:1047B000400290B202BF5A6822435A600C338B42C7
:1047C000F3D1BDE8F0815A68D1F894301032012459
:1047D000944003F1C00110F4004F4FEA400290B240
:1047E00002BF5A6822435A600C339942F3D1BDE8A4
:1047F000F0810A4A0A4B127802EB820203EB820331
:1048000023445D7B002DBDD00123BB70BAE700BF00
:10481000505500204C500020B1220020583000207C
:104820005C30002070B50A4E3368002B09DD094C5E
:104830000025237F013533B93368AB4204F12004EE
:10484000F7DC012070BD217DE068F2F709FFF3E796
:10485000804A00205055002010B504460846C3F792
:1048600035FE01462046BDE8104071E72DE9F04FC6
:104870002DED028BB74B83B01B780093FBB9B64E7E
:104880003368002B15DD0024B44821464569D0F873
:1048900094302A6822F001022A6003F1C0025960B4
:1048A0000C339A42FBD133680134A34200F1E40097
:1048B000ECDC012003B0BDEC028BBDE8F08FA84B0F
:1048C0001B6808EE103AF0F701FFA64AD2F8401133
:1048D000D2F86831401A1433B0EB430FC0F20E81A6
:1048E000DFF898A2DFF8988202F5B67955460027DE
:1048F0009D4B1B68BB42C2DDD8F81810D8F80420C5
:104900004B69D1F8D0005B68D1F8CC409BB2C01A9B
:1049100000F10046393E012104EB46062346914052
:104920009E4210D91A880A4200F0E2805A880A4250
:1049300000F0E0809A880A4200F0DE80DA880A42BD
:1049400003F10803ECD11A880A400192002A40F0D2
:104950009E801C1BA0EB6400452828BF452003EB6C
:104960004004A34280F09380944696461E4610462B
:1049700019E0B3F802B00BEA010B5A4518BF043333
:1049800015D1B3F804B00BEA010B5A4518BF063332
:104990000DD1DA880A40904203F1080307D19C4206
:1049A00008D91A880A40824218BF0233E1D09C42DB
:1049B00000F28480BEF1110F69D9CEF1150EBEF15F
:1049C000000F6FDB00F0AD800EF1FF32012393404A
:1049D0000CFA0EFE43EA0E0E644BCEF3C4300EF01A
:1049E0001F02CEF3441103EB800003EB820203EBC2
:1049F0008101CEF3842ED0F8C801D2F8C821D1F8B5
:104A0000C81103EB8E0342EA0032D3F8C80142EA30
:104A1000011343EA002383EA132282EA121202F00E
:104A20000F020F2A3ED1B3F5803F3BD240F6FF7113
:104A3000B1EB131F4FEA13126CD0C2F308025B0BE9
:104A400012FA03F32ED05A0802F512224FF6FE7125
:104A500002F5F862B2FBF3F08842019017D0DAF861
:104A600008304FF6FF7201339042CAF808301ED06A
:104A7000BDF804203E4BAA811B7801222D2BAA737E
:104A800042D0009918EE102A4846F4F767FA013729
:104A9000042F09F15C0905F1040508F120087FF4F1
:104AA00027AFECE6DAF808300133CAF80830DAF854
:104AB00004300133CAF804300021E3E79A1B2D4883
:104AC0005210013280FB0260A0EBE272012AB8BFF3
:104AD000012233F8020C561E4FF0010B0BFA06F6BA
:104AE0000CFA02FC46EA0C0C964408401E4658E7B5
:104AF000023328E7043326E7063324E7002003B017
:104B0000BDEC028BBDE8F08F1B4B019A43F82720C8
:104B10000099B7E7DAF808300133CAF80830002204
:104B2000A8E7124BCCF3C4300CF01F02CCF34411B5
:104B300003EB800003EB820203EB8101CCF3842CB6
:104B4000D0F8C801D2F8C821D1F8C81103EB8C0302
:104B500059E700BFB1220020BCED0020C0ED0020CD
:104B600084190020F0F70020804A0020C81C0508A6
:104B7000B022002056555555B422002044D10020C3
:104B800050550020F0B590F8BC30D0F88070012B63
:104B90008BB0044646D014D8C36F4FF0FF321A6072
:104BA0005A609A60DA60D0F8C0300522B3F57A7F97
:104BB000C0F8D02050D8032380F8BC3001200BB0BF
:104BC000F0BD023B012BF9D8374E90F82DC1C56FCF
:104BD0000FCE6CF07F0C85F800C06D460FC50FCE70
:104BE0000FC596E80300D4E91F2304F1100685E8F9
:104BF000030001333046694601930092F3F78AF9C6
:104C00003046F3F7A5FB7B885BBAA4F8B030BB88CD
:104C10005BBAA4F8B230FB8801205BBAA4F8B430C8
:104C20000BB0F0BD90F82C2190F82D319B1A5B1041
:104C30000133DBB207EB430237F813305BBAA0F85D
:104C4000B03053885BBAA0F8B23093885BBAA0F852
:104C5000B43001200BB0F0BD1030F3F78BF9F8B190
:104C600094F82C31E26FC4F8844063F07F03137032
:104C700094F82C1194F82D31D4E91F025B1A0733F4
:104C80000A49C4F8DC3001320123C4F8D400C4F866
:104C9000D820C4F8E41084F8E03084F8BC308DE704
:104CA000022384F8BC3089E7101F0508A9200408F6
:104CB000F0B5836993F8BC20012A8BB0064622D058
:104CC000023A012A2AD8174D93F82C41DF6F0FCDF5
:104CD00064F07F043C706C460FC40FCD0FC4B26902
:104CE00095E80300D2E91F5384E80300013302F181
:104CF0001000694601930095F3F70CF9B069103084
:104D0000F3F726FBB369D3F880305A8852BAF281A0
:104D10009A8852BA3282DB885BBA738201200BB068
:104D2000F0BD00BF101F050838B5C6F7CDFC1B202D
:104D3000F2F726FC08B12923C3801C20F2F720FCDF
:104D400008B12923C380174CD4F88C3213B1002347
:104D5000C4F88C32144BC4F8883201250023237028
:104D600084F87452C4F76EF9104A114B1278C4F8E3
:104D70008C32AA4207D0022A03D10E4A1279AA42E3
:104D80000CD0284638BD5833C4F8A432C4F734F9DF
:104D9000094B002583F82350284638BD3833C4F822
:104DA000A432F3E7D8160020DC0600209887002004
:104DB000500B0020BC3F002000ED00E008B5064B82
:104DC000186838B1F2F70AFE044B9B7813B180F0F3
:104DD0000100C0B208BD00BF4CDF002094220020BB
:104DE00008B5FFF7EBFF0028FBD11420F2F7DCFA3F
:104DF00000BFFFF7E3FF08B1C4F7F4F8FDF7F0FCDC
:104E0000F6E700BF084808B503681B6A03B1984776
:104E1000064B07491A680B685288013B13445242FB
:104E200013400B6008BD00BFEC1900200CD200201D
:104E3000A887002000B585B0694602A8FCF7FAF9FA
:104E400030B9FCF78FFA0028FBD005B05DF804FB01
:104E50000246694602A80123FCF78AFAF1E700BF7F
:104E6000F0B5104E3368044610449842154688BF8A
:104E70001D1B0A460C4B0D491B780978994283B0DB
:104E800003D00192FFF7D6FF019A09480668214630
:104E9000746A00272B46A446876203B0BDE8F04041
:104EA000604700BFAC87002070F7002071F700203A
:104EB000EC19002010B413460C46224601465DF85A
:104EC000044B1846CCE700BF70B5154E154D33782E
:104ED0002A789A4284B020D0134B1B78044603F002
:104EE000FF000BB904B070BD02A96846FCF7A2F937
:104EF00058B1DDE9023214B913443F2B05D90246FB
:104F000002A968460023FCF733FA33782878C01AE0
:104F1000B0FA80F0400904B070BD012004B070BD4B
:104F200070F7002071F70020A80A00200E490F4AF0
:104F30000B781A440133DBB210741A060B7044BFAD
:104F400000230B700A49087854BF1A461A46984243
:104F50000B788ABFC3F18003D21AD2183F2A00D837
:104F600070470020B0E700BF71F70020F0F7002085
:104F700070F7002070B5164684B039B1441E65182C
:104F800014F8010FFFF7D2FFAC42F9D1694602A82D
:104F9000FCF750F920B1DDE9003213443F2B01D872
:104FA00004B070BD02463346694602A8FCF7E0F93A
:104FB00004B070BD00B585B0694602A8FCF73AF9A7
:104FC000044A009B126801981344184405B05DF828
:104FD00004FB00BFA8870020064A074B10781A7808
:104FE0001B78904236BFC3F18003C01AC018C0F1CD
:104FF0007F00704771F7002070F70020024B18689F
:1050000000B97047FCF7AEB9AC8700202DE9F84332
:105010001F4E33681A8842B91E481F491F4A002391
:1050200003700B701360BDE8F8831D4909680029FF
:10503000F2DD01291B4F1CD0D7F81C23918854881E
:10504000A142E9D3184D4FF00008A94600E03368AB
:1050500059682B68C5F828809B6801FB04F1484615
:105060009847D7F81C3301349B88A4B2A342EED2F0
:10507000D2E7D7F81C0381884488481C001B904263
:10508000DED1094803680022DB6882629847C3E7E3
:105090000CD2002071F7002070F70020A8870020B4
:1050A000E40C0020F0F70020EC19002030B58DB0A2
:1050B0000C4601AAC221002305468DF80410029275
:1050C00002210122CDE90633CDE9083303930B9386
:1050D0008DF814208DF8282004918DF80540F3F701
:1050E00037F9284602A9F2F715FF2846F3F730F9F9
:1050F000014B1C600DB030BDD00000202DE9F04FF9
:1051000085B0CDE902039BB3DFF874A0DFF874909B
:105110001A4F039E0D46934601E0361B2AD0DAF85B
:105120000010D9F80000B5FBF1F801FB1853F41892
:105130008C4294BFC3EB0404C3EB010480452544B7
:10514000414605D00193029B186AFFF7AFFF019B10
:1051500008EB48084FEA081019463B585A4607EB37
:105160000810D3F824802346C047A3440028D4D194
:1051700000230393039805B0BDE8F08F8C1900203D
:105180001C1A0020D000002070B5124C124B24686D
:10519000124E1B680D46B1FBF3F1A14282B0C6F876
:1051A000901007D0006A0192FFF780FFD6F8904078
:1051B000019A214604EB44040948240101EB410310
:1051C0000459246900EB03102946234602B0BDE8C8
:1051D00070401847D00000201C1A0020F0F7002073
:1051E0008C19002070B582B00F4D0192069A009381
:1051F000FFF7CAFFD5F890000C4C00EB400003010C
:1052000001A9E25804EB0010566901236A46B04731
:10521000D5F8900000EB4000030104EB0010E358C8
:105220009B69984702B070BDF0F700208C190020F0
:105230002DE9F0410E4F3B68002B17DD0D4DDFF8D7
:10524000388006460024D8F80030A342214604F1F5
:10525000010402D0306AFFF729FF2B682846DB687B
:1052600098473B68A34205F13005ECDCBDE8F081CE
:10527000881900208C190020D00000200E4B70B53A
:105280001A680E4E0D463368B1FBF3F191420C469D
:1052900005D0006AFFF70AFF3368B5FBF3F104EBB2
:1052A00044040748220103FB1151825800EB04100B
:1052B0009368BDE870401847D00000201C1A0020F9
:1052C0008C1900202DE9F041104E3368002B1ADDB7
:1052D0000F4D104F8046002402E03368A34212DDD8
:1052E0003B68A342214604F1010403D0D8F8200012
:1052F000FFF7DCFE2B6828465B68984730350028AE
:10530000EBD1BDE8F0810120BDE8F08188190020D3
:105310008C190020D00000202DE9F041DFF84880F2
:10532000D8F80030002B18DD0D4C0E4F0646002536
:10533000637E5BB13B68AB42294602D0306AFFF71F
:10534000B5FE236820461B68984738B1D8F800306E
:105350000135AB4204F13004EADC0120BDE8F08104
:105360008C190020D00000208819002010B5FF22E1
:10537000044690F82410006AFDF79AFA0E4B1B6859
:1053800003F5FA73E3612046FDF708FC94F8243036
:10539000012B00D010BD206A0022A021FDF764FA85
:1053A00094F82430206A012BF4D1BDE81040182273
:1053B000B021FDF759BA00BF841900202DE9F0474C
:1053C000424E1F46D6F89430B3EBD12F92B00C4624
:1053D0009046054621D1DFF8F8A095F82430C4F3B3
:1053E0000A04C4F50060B84234BF86B2BEB2012BD5
:1053F0003CD0DAF800300233EB612846FDF7CEFBF3
:1054000038B195F82430012B23D0304612B0BDE8D6
:10541000F087002012B0BDE8F0874FEAD129FDF7F0
:10542000BDFB0028F5D095F824304FF0FF32012B5A
:10543000C6F8942043D0DFF898A0DAF800300233A1
:10544000EB612846FDF7AAFB0028E2D0C6F894904D
:10545000C3E7286AC3F7A8FCC0F30110013802288B
:10546000D3D82846FFF782FF3046CFE7002203213A
:10547000286A8DF80A40CDE90722CDE90C22CDE952
:105480000E228DF82C308DF840308DF80810042352
:105490008DF80B2004928DF818201192240A02AA8C
:1054A00003A901908DF80940CDF824800A97039252
:1054B0000593F2F72FFD0198F2F74AFF99E7286A62
:1054C0004A461321FDF7AEF9B5E700BFA80A002050
:1054D00084190020F0B5002305462A4C2A4E83B0DB
:1054E000184604E0D2F870421846002C37D0013339
:1054F000DBB203EB4302A14206EB8202F2D100EBE6
:10550000400006EB8006214BB6F87822B6F87A42C6
:10551000B6F87602B6F874621D492C8203FB00F0DF
:10552000240203FB06F3AC60C1F8F83004FB02F47C
:105530004FF480730027EC60AA80AF74EB80C1F851
:10554000F400F2F749FE2E6AB4F1807FB0800DD8E6
:105550000124104B6C7620462B6003B0F0BD204632
:10556000C5E90244AC802C8203B0F0BD0123B7240E
:105570003A4630462B7601A98DF80440F2F7CEFE6C
:10558000E6E700BF1620C200C81C050840420F0015
:10559000F0F700201C2005080348036813B19B6A3C
:1055A00003B1184701487047EC190020B0D5040832
:1055B00038B5194A194C002323601146087802288F
:1055C00001F1060122D00133062BF7D10023144D3F
:1055D000C5F81C33FFF7E0FF124BD5F81C23186009
:1055E0009AB19188528843688A1A02FB0333236078
:1055F000FBF7EEFD0C4B0D4A1B7812789A420446DD
:1056000001D0FFF717FC0A4B1C6038BD03EB4303C6
:1056100002EB4303DBE700BFC00C0020AC87002097
:10562000F0F700200CD2002070F7002071F7002066
:10563000A88700202DE9F04FDFF82883BF4CC04E2B
:1056400087B041F694620021404607F07BF94C2276
:105650000021404607F076F901254C220021404602
:1056600007F070F9C8E90744C8F8006088F80450EA
:10567000C8F82440C3F7C0FBFFF79AFF0021084693
:10568000F2F7FCF8FBF7A4FD031E009340F3F5804E
:105690004FF0000B03945D465E4608F14C04D9467A
:1056A00005E0009B06F50066B34240F3A580A54BDC
:1056B000A54A1B68C2F8DC30FDF792F8A349202206
:1056C0003046FFF7CDFBA249A048122207F059FA55
:1056D0000028E6D1B1451CD09E4F9F49DFF888A233
:1056E00005EB450307EB830701352A463846FAF7F1
:1056F00071FB2346E26943F84C7BA6EB09010120CC
:10570000C4E90391C4E908226161A060C4F828A03B
:105710001C46039BDFF85492E361374612228A4B02
:10572000991819F80B3091F82013994202F10102EF
:105730000DD04FF0000B202AF1D1009B8349203778
:10574000BB4238464FDBFFF78BFB0022E7E70BF14C
:10575000010BBBF1150FEED1D0197C492022FFF7C8
:105760007FFB7A48059005A90A22F6F741FE034619
:1057700005980193013005A90A220590F6F738FE35
:1057800081460598CDF80890013005A90A220590B8
:10579000F6F72EFE8146059805A901300A220590EC
:1057A000F6F726FE8246059805A901300A220590E3
:1057B000F6F71EFE074605980A22013000210590E3
:1057C000F6F716FE019B73B1A3F2BC72029B7F0138
:1057D00047EACA2A49EA43194AEA600049EA4223E9
:1057E00040EA0343E361642D7CD0009BB14606F59B
:1057F0000066B3423FF75BAF642D4F4672D04E4513
:105800006AD0544B5449DFF860914FF00C0A0AFB00
:10581000053A01352A465046FAF7DCFAE369C4F83E
:1058200000A0F61B0122C4E90466C4E90227C4E90A
:105830000833C4F828906C1C4C2202FB04F408EBDB
:1058400004031846002107F07DF84C22002107F0E0
:1058500079F83A4A0099414F48F80470C0E90411B8
:10586000C0E9072201260235C0F82890866042620E
:10587000009B5B00B3F1805F1EDA4C2202FB05F552
:1058800008EB05031846002107F05CF84C220021C4
:1058900007F058F8009A324948F805100346C2F15B
:1058A0000060264A5A624000C3E90400C3E90722A7
:1058B000022401215C719960D8F808502DB998F83C
:1058C000043013B1D8F8003083B900210846F1F74D
:1058D000D5FF07B0BDE8F08F6C1C002D40F0BB80F9
:1058E0000125C5E7DFF880906425A4E7C8E91155D4
:1058F0001C49C8F84050C8F83C502E462C46C86C8D
:1059000001F14C03002840D098681C64721E90423C
:10591000C3E91144DC632BD0721C90422FD0B042FB
:10592000D3D13246002AD0D0086CC66B0136C6638C
:1059300018648B6416461946E1E700BF0068214CE5
:105940003461050884190020F0F7002010FB0020C6
:10595000508B050830FB0020648B05088C8B0508F4
:105960009C8B050814000120B54E0408748B0508B3
:10597000002EAAD0B24253F80C1CD3D1324608797B
:105980000028A2D04B641964D4E7344C06460223A5
:1059900013E0E16B236349011EBF03F1FF3301F6FE
:1059A000FF7103EB1133C4E90D33C4E9046654F805
:1059B0004C1F1A4601350133C9B12279002AE8D1BA
:1059C00022692363002A3ED15F1E1A466169626321
:1059D00019B101F6FF7307EB1333A36354F84C1F9F
:1059E000821AD01801351A4601330029E5D11C4925
:1059F0001C4BCB60013A4023970F96003E248862EF
:105A00008B613F2056EA0703C1E904404A624D63B7
:105A10001FD040F2FF13F3184FF000004FEA53235A
:105A200047EB000043EAC05303F14000034403EB9B
:105A3000C202D50D5402C1E90B88C1E90703C1E9CF
:105A400000458A6041E702F6FF725F1E07EB1232E3
:105A5000BCE70123E8E7DFF81090EDE61400012031
:105A6000E03F0020E82C0508B54E04082DE9F0477A
:105A7000DFF8F0A0374F92B0FFF7C8FAFFF798FDB4
:105A80009AF800303A789A4201D0FFF7D3F9324BB6
:105A9000DFF8D490D3F800800025C9F80050B8F1A1
:105AA000000F11D02D4E6C462A4631462046FAF79B
:105AB00091F9204603F046FB20350146012220469D
:105AC000FFF758FAA845EFD89AF800303A789A428A
:105AD00001D0FFF7AFF9224B1B689B7B012B32D023
:105AE0009AF800303A789A4201D0FFF7A3F90027DC
:105AF000C9F80070B8F1000F28D0DFF860903D467B
:105B00006C462A46494609A8FAF764F92122002181
:105B1000204606F017FF202221462846FFF7A0F96D
:105B20002022064609A92046154407F02AF808B99C
:105B3000202E00D00137A845E3D8B7FA87F04009F6
:105B400012B0BDE8F087FFF75DF9C9E7012012B098
:105B5000BDE8F08771F70020AC870020A88B05080E
:105B60000CD2002070F70020A887002008B5F2F7BB
:105B7000A3FB0A20F1F70CFC012008BDF8B503686F
:105B80000F4D5E6885F8D520144602790F4642F025
:105B9000800225213046FFF7E9FF3A4626213046AC
:105BA000FFF7E4FF44F0800227213046FFF7DEFFD5
:105BB000EFF78CFDC5F8D800012085F8D400F8BDBA
:105BC000F0F70020F8B504682778032F0E46154635
:105BD00003D0BDE8F840F2F755BF6468027925218B
:105BE0002046FFF7C3FF324626212046FFF7BEFFBF
:105BF0002A4663212046FFF7B9FF8122272120464C
:105C0000FFF7B4FF0120F8BD2DE9F041046894F8D6
:105C100000C0BCF1030F884617461D461FD16468BB
:105C20000279252142F080022046FFF79FFF42467D
:105C300026212046FFF79AFF45F0800227212046C3
:105C4000FFF794FF0420F1F7AFFB72B649212B4612
:105C50003A462046F2F724FB62B6BDE8F081BDE883
:105C6000F041F2F73BBC37B500F10C040546204685
:105C7000F2F774FB00220A212046FFF7A3FF0F2250
:105C80000A212046FFF79EFF01AA03231021204688
:105C9000FFF7BAFF9DF804308033A5F8D6309DF8A1
:105CA00005308033A5F8D8309DF806308033A5F84C
:105CB000DA3000220A212046FFF784FF0DF10302AB
:105CC000012302212046FFF79FFF01230DF103026C
:105CD00009212046FFF798FF11220A212046FFF7ED
:105CE00071FF012003B030BD2DE9FF47C3681C7868
:105CF000022C0646884600F10C0704D83CB9204621
:105D000004B0BDE8F087032C38D00024F7E7012366
:105D10000DF1070202213846FFF776FF044658B11D
:105D20009DF8074014F0010406D0072302AA0321BE
:105D30003846FFF769FF04469DF80E50002CE4D06A
:105D400011220A213846FFF73DFF2B07DDD4B6F9B3
:105D5000D61002A8FBF760FBA8F80000B6F9D8102F
:105D60000DF10A00FBF758FBA8F80200B6F9DA10AB
:105D700003A8FBF751FBA8F80400C0E7DFF89490F4
:105D80004FF0020A00244D4699F8F037012B10D04D
:105D9000022B31D0002BCFD199F8D43023B9012276
:105DA00002213846FFF7EAFE012385F8F037002488
:105DB000A5E7FCF78CF90028A7D102A93846FDF722
:105DC000D1FC044618B19DF80830DA0708D4002346
:105DD000BAF1010F85F8F03797D04FF0010AD3E7F9
:105DE00099F8D43023B9072203213846FFF7C6FEBD
:105DF000022385F8F03788E7FCF769F905460028A3
:105E000083D102A93846FDF7ADFC89F8F057044666
:105E100092E700BFF0F70020704700BFBFF34F8F3D
:105E20000549064BCA6802F4E0621343CB60BFF336
:105E30004F8F00BFFDE700BF00ED00E00400FA0552
:105E4000F8B5EFF31185502383F31288D0F80031B1
:105E50001B6813F0010303D0EDB285F31188F8BD80
:105E6000D0F8A021D0F8A4110A4302F02102212A7F
:105E70000446F1D0D0E909218A424FD098BF026987
:105E8000D4F8A06195BF501A531A1A469BB298BF16
:105E900083B20027202EA26284F8B071DCD1A269FF
:105EA0005118D9D0002BD7D094F89C21012AD3D0F7
:105EB0000122D4F8940184F89C212122A4F876319F
:105EC000C4F87011C4F8A871A4F87431C4F8A02102
:105ED000C0B1DFF850C0D4F82021DFF84CE0C0F8A2
:105EE0002CC0DFF848C08763C0E90CEC2832CDF73E
:105EF0000BFA38B11023C4F8A83184F89C71C4F8A7
:105F0000A061A9E7D4F8203100224021196284F869
:105F10009C219A6842F080029A609DE7012380F8F4
:105F2000B03199E7C1E7000885E700080DE70008F0
:105F3000F8B5D0F82031DA699106044615D5586ACB
:105F4000E36AC0B2002B00F0F580216B9847D4F8CB
:105F500020311A6822F480721A609A6822F00102D5
:105F60009A609A6942F008029A61DA69D20744BFDE
:105F700001221A62DA69970744BF02221A62DA69BB
:105F8000560744BF04221A62DA69150744BF082283
:105F90001A62D4F80021002A38D0D96949060AD4F7
:105FA000DA69D20606D5626B12B19047D4F8203177
:105FB00010221A62F8BDD9691E689D680F0704F5A2
:105FC00090703BD18F0607D506F0200705F0805C66
:105FD00057EA0C0740F0E080CF0202D56F0200F1D3
:105FE000E7800F0606D505F4000506F080073D435F
:105FF00040F0AC80480602D5710600F1C28012B1B3
:106000002046FFF71DFFD4F82031C9E7D9690806FB
:10601000C3D5D4F8A0112129BFD0D4E90901814208
:1060200000F0BF80A069405CC0B298622569013170
:10603000B1FBF5F005FB1011A162AEE7604F06F46D
:10604000907C2F405CEA070CC6D011F0010F0CD0F9
:1060500016F4807F09D04FF0010CC3F820C0D4F8AB
:10606000A8C14CF0010CC4F8A8C111F0020F76D100
:1060700011F0040F0CD015F0010F09D04FF0040CF3
:10608000C3F820C0D4F8A8C14CF0020CC4F8A8C1D1
:1060900011F0080F0CD006F0200C5CEA070707D0BF
:1060A00008271F62D4F8A87147F00807C4F8A87140
:1060B000D4F8A871002FA2D089060CD506F02006CE
:1060C00005F0805556EA050205D0D4F88C2112B1AE
:1060D0009047D4F82031D4F8A8119A6801F008014B
:1060E00002F040020A4367D01A6822F490721A60E4
:1060F0009A6822F0805222F0010220219A60C4F8AE
:10610000A4119A6800215206C4F88C1124D59A680B
:10611000D4F8980122F040029A60E8B1294B8363D9
:10612000CCF7BCFCC0B1D4F89801836B9847D4F885
:10613000002164E7E3696269D054E369E1680133EF
:10614000B3FBF1F201FB1233E36100E7D4F89031C5
:10615000002B3FF454AF9847D4F800214FE715F0D7
:10616000010F95D04FF0020CC3F820C0D4F8A8C19D
:1061700011F0040F4CF0040CC4F8A8C17FF47EAFFA
:1061800086E71968202521F0400100201960C4F835
:10619000A051C4F8900132E7D4F88C31002BDAD149
:1061A0002DE7A4F87621196821F080011960F4E642
:1061B0004FF48011196222E7C4F8A821CCE700BF90
:1061C00001000010FDE60008D0F8202124232DE96D
:1061D000F041C0F8A03111688568C74E002321F056
:1061E0000101116013605360936004464079C4F864
:1061F0003431C4F8A83184F89C31C4F8A031C4F813
:106200003831C4F8A431C4F84031830203F4805318
:106210000103C4F82831030201F4005103F4806340
:10622000B242C4E94B1304BF0423C4F844312379B8
:10623000C4F8245113F001061CBF0421C4F8341122
:1062400013F002031EBFD4F8341141F00801C4F862
:106250003411C70704F590750BD5002E40F0FD8072
:106260003BB1D4F848314FF4003143F00103C4E9A5
:106270005231A24B03F12C0653F8041B8C4200F060
:10628000B4809E42F8D1030700F1C480D4F8A03155
:10629000002B00F011812423C4F8A031136823F0EF
:1062A000010313602846CBF77BFB012815D0D4F8F7
:1062B0004831002B40F00381D4F820315A6822F491
:1062C00090425A609A6822F02A029A601A6842F054
:1062D00001021A602846CBF755F82279D1075BD521
:1062E000D4F8FC30002B00F0CC80D4F80401E36338
:1062F000802120224FF4805304F13C070026C4E99A
:106300001623C4F8A000E164C4E91166C4E9146668
:106310003846CDF755F83846CDF7C6F8D4F8A481FD
:10632000C4F89871B8F1200F656630D1626972B314
:10633000E36898B258B394F89C11012927D04FF024
:10634000010EA4F87C01034638462227D4F8201118
:10635000C4F8A86184F89CE1C4F8A471DFF8A4E152
:10636000674FDFF8A4C1C4F87821C4E91BE766676A
:106370002431C4F868C0CCF7C7FF002800F0AA8019
:106380001023C4F8A83184F89C61C4F8A081E36BA1
:1063900022795B68C4F81431920770D5D4F80031C3
:1063A000002B00F08180D4F80821C4F89C30102024
:1063B00000238021C4F8A02004F19C064FF48052F1
:1063C000C4F8A400C4E92C33C4F8A830C4F8B83029
:1063D000C4F8AC10C4F8BC203046CCF7F1FF30460E
:1063E000CDF762F8002843D0FEE7002C3FF44BAF16
:1063F00094F8C431002B3FF446AFD4F8483143F051
:1064000008034FF40041C4F848310307C4F8581199
:106410007FF53CAFD4F8A031002B58D02423C4F82A
:10642000A031136823F0010313602846CBF7B8FAB4
:1064300001283FF452AFD4F84831002B43D1D4F8AF
:1064400020315A6822F490425A609A6822F022025F
:106450009A609A6842F0080237E7D4F848114FF47E
:10646000803641F00201C4F84811C4F85061F7E6E3
:10647000D4F89C30C4F89461C4F8C4505860BDE8A6
:10648000F081D4F8AC31196841F4807119609968D1
:1064900041F001019960196841F020011960196803
:1064A00041F01001196077E7D4F8AC21136843F08C
:1064B00080031360BDE8F08184F89C31EBE6284648
:1064C000CAF7A0FFF8E62846CAF79CFFB7E784F8AA
:1064D0009C31A3E7D4F8203184F89C011A6842F477
:1064E00080721A609A6842F001029A609A6842F0DB
:1064F00040029A604BE700BF00800040D0DC0020E3
:106500000DE7000889E700088DE700082DE9F8434A
:10651000BFF35F8F424B00210A46596008469A60DC
:106520000132112AD9601961F9D105225A60BFF3ED
:106530004F8FBFF36F8FBFF35F8F3A4C384E586069
:1065400000254FF001081CE0002A35D02768637A47
:10655000A17AE07A1B0643EA017343EA4203217BF6
:10656000627BB56043EA804343EA414343EA024326
:10657000013543F00103032DF76004F1100433618A
:106580001BD06368227A002BDED0276827F01F0912
:10659000A3EB0909B9F1200F38BF4FF02009484695
:1065A000002AD4D105F066FA431E08FA03F2914599
:1065B00008BF1846C2B2CAE7FEE705237360BFF3FF
:1065C0004F8FBFF36F8F184A1848D36818494FF69A
:1065D000FF04234043F0052343F47A03D360D0F84B
:1065E00094300B60CBF7A4F904F16044114B124ACC
:1065F000B0FBF2F0A4F60F341860E2680F4B1049BC
:1066000042F080720020E26058601A6842F0010295
:106610001A608B6843F480438B60BDE8F88300BF49
:1066200090ED00E0C80B002000ED00E000100240FB
:10663000D4550020A4A6002040420F00001000E026
:106640000070004008B5144B98421CD003F500635D
:10665000984218D003F54063984214D003F5806344
:10666000984210D003F5806398420CD003F5006384
:10667000984208D0CBF748F9084B9B6813F4E06FB9
:1066800000D0400008BDCBF72BF9044B9B6813F4F6
:10669000605FF7D04000F5E7002C01400010024099
:1066A0002DE9F0414FF40F728CB000215B485C4D36
:1066B0005C4F5D4E06F046F95C4B1A6E42F4006288
:1066C0001A661A6E02F400620092009A9A6D42F005
:1066D00001029A659A6D02F001020192019A9A6D87
:1066E00042F002029A659A6D02F002020292029A48
:1066F0009A6D42F004029A659A6D02F004020392C8
:10670000039A9A6D42F008029A659A6D02F00802A7
:106710000492049A9A6D42F010029A659A6D02F002
:1067200010020592059A9A6D42F020029A659A6DC0
:1067300002F020020692069A1A6E42F400521A667D
:106740001A6E02F400520792079A1A6E42F48032CF
:106750001A661A6E02F480320892089A1A6E42F48F
:1067600000321A661A6E02F400320992099A1A6E01
:1067700042F480221A661A6E02F480220A920A9A61
:106780001A6E42F480121A661B6E03F480130B9388
:106790000B9B05F53A64A8464FF080413A4600232A
:1067A00001E056F8332091420CD001330C2BF8D184
:1067B000002008F12008C0F761FDA0450BD058F873
:1067C000201CEBE706EBC30308F120081879C0F79B
:1067D00055FDA045F3D1134F134E4FF080413A467B
:1067E000002301E056F8332091420BD001330C2BEB
:1067F000F8D100202035C0F741FDA5420AD055F858
:10680000201CECE706EBC30320351879C0F736FDF2
:10681000A542F4D10CB0BDE8F08100BFD0C5002086
:1068200024E60408002C014008D4040800100240AB
:1068300001490248FDF746BDB4C7002000500140A1
:1068400001490248FDF73EBD88C7002000480140CD
:1068500001490248FDF736BD30C700200040014025
:1068600001490248FDF72EBD04C700200034014055
:10687000FFF7F6BF2DE9F843174F3C69FB681C4052
:106880000FD0DFF858904FF00048B4FA84F228FA9D
:1068900002F3DB431F2A3B6104EA030403D0002C0C
:1068A000F3D1BDE8F883D9F8041191B1013900237F
:1068B0008DB2C9F80431D9F80061002EEFD03368E9
:1068C0003046294698477668002EF8D1002CDCD156
:1068D000E7E7FD6AADB2EEE700100040D0C500204A
:1068E00001490248FDF7EEBC80C60020000C0040C4
:1068F00001490248FDF7E6BC54C6002000080040EC
:1069000001490248FDF7DEBC28C600200004004013
:1069100002494FF08040FDF7D5BC00BFFCC5002008
:1069200010B5064C06482146FDF7CCFC04F5C671AF
:106930000448BDE81040FDF7C5BC00BFD0C500202D
:10694000002C01400044014001490248FDF7BABC57
:10695000D0C50020002C014003689B0AA3F58013DA
:10696000542B0CD8064AD35C0B2B08D84279054827
:106970009B01910802228A40C158D2430A617047A4
:10698000B0D30408B030002003689B0AA3F580133D
:10699000542B19D80D4AD35C0B2B15D89B0149B148
:1069A0000B494279C9589208C868022393400343AF
:1069B000CB60704706494279C8589108C3680222E3
:1069C0008A4023EA0203C360704700BFB0D30408C3
:1069D000B030002003689B0AA3F58013542B55D8D0
:1069E0002DE9F0433A4CE45C0B2C4DD84779394EF5
:1069F00039484FEA970EA50100294BD056F805C03B
:106A000004EB840304EB4303DCF80C90BF084FF065
:106A10000208734400EB830E08FA07F747EA0907F8
:106A2000CEF80410CEF81420CCF80C70EFF3118CD3
:106A3000502383F312882C2303FB04F3C118C2589C
:106A40002AB34A6204322C2707FB04F1234F01F1D9
:106A5000140303440F4453F8041B19B1116053F895
:106A6000042C04329F42F6D100235FFA8CFC1360A1
:106A70008CF311882C2303FB04047259636A0BB353
:106A8000D36843F00103D360BDE8F083704724333B
:106A9000C218D8E756F805C004EB8403DCF80C7084
:106AA00004EB43034FF00208734408FA0EFE27EA92
:106AB0000E0700EB830ECCF80C70CEF80410CEF865
:106AC0001420B3E7D36823F00103D360DCE700BFF1
:106AD000B0D30408B0300020D0C50020F4C5002099
:106AE0002DE9F843830AA3F58013542B3BD81646AF
:106AF000424AD55C0B2D36D8414F4FEA85190446E2
:106B000057F80930834207EB85182CD0013989B238
:106B1000C8F80C1047F80900FFF794FD0023B0FBFC
:106B2000F6F2013AC8F81030C8F80830C8F8143046
:106B30004046C8F80420CAF741FE324B9C4214D0AC
:106B4000B4F1804F11D0A3F594339C420DD003F5DE
:106B500080639C4209D003F580639C4205D003F515
:106B600094339C4237D0BDE8F88398F83C30012B31
:106B7000F9D057F80930022288F83D209968224A56
:106B80000A4001219A6088F83D1007EB09021D4870
:106B9000022182F83D1083425A68996818D000F5A6
:106BA0000060834214D000F5E050834210D04F447F
:106BB00022F0007222F0700221F0800101240020F6
:106BC0005A60996087F83D4087F83C00BDE8F8833B
:106BD00022F47002EBE798F83C30012BC3D007EBAE
:106BE000090257F80930022182F83D1098680649D9
:106BF00001400120996082F83D00C6E7B0D3040847
:106C0000B0300020002C01408800CEFF30B5044693
:106C10000068830AA3F58013542B83B003D8234D57
:106C2000ED5C0B2D01D903B030BDFFF759FF2048B3
:106C300000EB8510CAF73CFE21681E4A1E4800235F
:106C400001E050F8332091420CD001330C2BF8D1E5
:106C500001210020C0F7F2FB002003B0BDE8304066
:106C6000CCF7BABC144A02EBC303012193F9050027
:106C70005C790190C0F7E2FB0198CCF7ADFC1B2CCE
:106C800008D101211920C0F7D9FB0C4B4FF000723D
:106C90001A60C8E72E2CC6D101212C20C0F7CEFBEC
:106CA000064B4FF480525A60BDE700BFB0D30408D2
:106CB000B0300020002C014008D4040800E100E0BE
:106CC000800AA0F58010542807D8054B1B5C0B2BBD
:106CD00003D8044800EB831070470020704700BFC2
:106CE000B0D30408B0300020800AA0F580105428EA
:106CF00006D8044B1B5C0B2B02D8034AD0567047B6
:106D000000207047B0D30408545D0508F8B5044668
:106D1000D0F82801464AA368C1B20839A2FB012174
:106D20000909013120F0FF001F68CAF771FAD4F891
:106D3000E8100023012904F1F80204F1BC0684F8EC
:106D4000EC301AD0042918D0102964D0402914D06E
:106D5000B1F5807F5BD0B1F5806F58D0B1F5805F21
:106D600061D0B1F5804F52D0B1F5803F0CBF6FF0CC
:106D700008006FF40060382301E06FF0080007F1AD
:106D80001805E9580140E9503846D4F8E810C9F729
:106D9000C3FFD4F8E830012B19D0042B17D0102BE7
:106DA00012D0402B13D0B3F5807F2CD0B3F5806F79
:106DB00029D0B3F5805F31D0B3F5804F23D0B3F540
:106DC000803F07F1500502D04FF4006700E008272C
:106DD000D4F82801164A2B68C1B20839A2FB012158
:106DE0003B43090910272B60324620F0FF00013198
:106DF000C4F8C470CAF7CEF9D4F82821136843F058
:106E000002031360F8BD07F11C050827E0E76FF0E7
:106E100008000423B3E76FF40060B0E707F11C0536
:106E20004FF40067D4E76FF400600423A7E700BFC6
:106E3000CDCCCCCC2DE9F04F8F4B2DED028B1C78B7
:106E400083B034B90124204603B0BDEC028BBDE809
:106E5000F08F8A4B1B6808EE103AEEF737FC884B30
:106E6000009093F82430002B00F00181DFF818B275
:106E7000DFF82C82834FCDF804B05E464FF0000956
:106E8000D8F83C31009AD31A04D4D6F8F0209342B3
:106E9000C0F2DC807C4A4FF49A7303FB092393F819
:106EA000EC3003F0FF01002B00F09880B268D6F8B8
:106EB000283110685A68B489C3681FFA82FCCCF183
:106EC000160C23EA0403BCF1070FC36040F286806E
:106ED0006C4AD6F830A193680133936000240120F6
:106EE000DAF800202546834619E05AF820E0142DF0
:106EF000AEEB02021BDC12F1080348BF02F11703DC
:106F000005EB231572461B1103F1FF3E013004FA15
:106F100003F384450BFA0EF444EA030407D38445D3
:106F2000E3D8C5F115035AF820201525ECE7152DF7
:106F300040F083805548C4F3441300EB8303C4F34B
:106F40008422D3F88053514B00EB820204F01F00DF
:106F500003EB8000D2F88023D0F88003C4F3C4345C
:106F600003EB84041202D4F8803342EA051505438A
:106F700045EA033585EA152383EA131303F00F036B
:106F80000F2B5AD140F6FF72B2EB151F4FEA1513C3
:106F90006AD0C3F308036D0B13FA05F54DD06B08E7
:106FA00003F5122303F5F8634FF6FF70B3FBF5F317
:106FB0009AB2824241D03648BA81027801202D2A05
:106FC000B87303D1334A9BB242F82930324B5C206C
:106FD00018EE102A00FB0930F1F7C0FF3046FFF72A
:106FE00095FE274B93F8243009F10109994507F1E3
:106FF000040706F59A76FFF643AF0022DDF804B0E9
:10700000C8F83C21002B3FF41DAF4FF49A7202FBED
:1070100003B39BF8B420DBF8E80012F0020FDBF8B2
:10702000082011680A6A0BF59A7B14BF42EA8002B5
:1070300002435B450A62ECD104E7124A536801330C
:107040005360B9F1000F08D00021BFE700242046AB
:1070500003B0BDEC028BBDE8F08F51460F485822BB
:1070600004F00EFD4946B1E700231A46A3E70C4A97
:10707000C2F83C31E7E600BFB122002084190020AD
:10708000EC49002044D100204C500020C81C0508C9
:10709000B0220020B42200205CF9002060D1002042
:1070A000F0F7002008B5104B03EB80039B7BC3B1C6
:1070B0000E4B5C2202FB0033D3E95B0380B107EE89
:1070C000903A9FED0B7AB8EE670A07EE900A20EE31
:1070D000070AF8EE677A80EE270A03F023F900B278
:1070E00008BD42F2107008BD44D10020F0F7002026
:1070F00000401C46F8B5294F4FF49A7505FB007502
:10710000EB7B03B9F8BD04460E46F1F705FF20BB43
:107110004FF49A7000FB04F43D1928463E53F1F7F2
:1071200055FF1F4B1B7802462BBB1E4BD5F8300179
:107130001B6801219847D5E94A245368AD89B4F802
:10714000B4101B0C1B0418432943A4F8B41050605E
:10715000136843F001031360F8BD134A134B127810
:1071600002EB820203EB820323445E7B002ECFD02E
:107170000123AB70CCE7AB68D5F82C115B79D1F863
:10718000B000084903F0FC0318440B680421984739
:10719000D5F82C318000A3F8AC00F8BD4C5000208D
:1071A000884A0020844A0020583000205C300020AB
:1071B000254B2648996D264AF0B441F080519965D7
:1071C000996D82B001F0805101910199016841F4FB
:1071D00080710160996D41F480619965996D01F448
:1071E000806100910099D3F89010FF2541F400418F
:1071F000CA245320C3F89010556254625062D3F8E9
:107200009430DB0017D4134F134E1449144D154C12
:107210001548164A00233B6033600B6001F1197179
:1072200001F5A03101F225112B602360036011608C
:1072300002B0F0BC70470D4A0D4B12689A42E2D181
:1072400002B0F0BC704700BF001002400070004068
:107250000028004004250040082500400C2500407F
:10726000102500401425004018250040002500404E
:1072700031666542800000F1804000F514500160E5
:10728000704700BF800000F1804000F51450006896
:10729000704700BF0C4A38B592F8503123B90B4BF8
:1072A00093F8F137184638BD0320FFF7EBFF0328AA
:1072B000F5D1064C0021012584F8F157FFF7DAFFDC
:1072C000002182F85011EDE7A80A0020F0F7002015
:1072D00038B505460120FFF7D5FFE8B93549022347
:1072E000C1F8F437C1F8F8374FF4A872C1F8FC3789
:1072F000B2F5A87344BF6FF4A073D3181B115B00E1
:107300002A33C1F80038DB00B3F50C7F30DA5B10AC
:10731000C1F80438012038BD274B2649A3FB0023C0
:107320009B0C0324082BC1F8F44723D023F0080258
:10733000102A2AD01B2B1BD1204A214BC1F8FC4715
:1073400002EB45050220B5F80024C1F8F807520009
:10735000A2F5AB7283FB0230D317C3EBA0035B0033
:107360002633C1F8003803EBC303B3F50C7FCEDB43
:10737000002038BD114B03EB45030220B3F8002475
:10738000C1F8F80752000123B0E70C4A02EB4505AB
:107390000220B5F80024C1F8F807102B4FEA42028A
:1073A000DDB204D0182D08BF23469FD0E0E7034686
:1073B0009CE700BFF0F7002083DE1B43C81C0508D4
:1073C000398EE33810B504460220FFF75BFF042C2A
:1073D00003464FF0010028BF0024FFF753FF9C42F3
:1073E0000AD128B10A4A936803F00303032B00D0A3
:1073F00010BDD368DB07FBD42046FFF769FF0028E8
:10740000F6D021460220FFF735FF72B6FEF706FDE3
:10741000001002402DE9F041032082B0FFF732FF57
:10742000012800F07882A248A24BD0F88820A24917
:1074300042F470028B42C0F8882005D09F4A18465B
:10744000D21A04F01DFB0346994A9D4893600168D7
:107450009C4B41F480710160D1684FF6FF00014000
:107460000B43D360C1F76CFB0220FFF70BFFFFF764
:107470002FFF954B1A6802F4C062B2F5806F4CD0B2
:10748000D3F88020914D22F48072C3F88020904977
:10749000904A8B68D2F8F477C968D2F8FC67D2F8C2
:1074A000008803F00C030C2B11D0082B13D0884A52
:1074B000894C136843F480331360216803E0236828
:1074C0005B1A642B28D813689B03F8D506E001F0FB
:1074D00003010329EBD17E4B7F4C1B687C4A9368E8
:1074E000D26803F00C030C2B3BD0042B3DD0784A20
:1074F000136843F480731360216803E023685B1A08
:10750000022B09D813685805F8D5536823F0FE43B9
:1075100043F08043536034E0FEE7D3F880106B4DB6
:107520006E4821F48071C3F88010196821F4C0619D
:1075300041F4007119602C685969322202FB04F28F
:10754000A0FB0202920C480502F1010206D500E000
:1075500022B15969490502F1FF32F9D45A4B5B69EE
:1075600095E702F00302022AC1D1594A1368536811
:1075700023F0FE4343F080435360C1F7E1FA002853
:10758000CAD1534BD3F8942042F00102C3F894209F
:10759000216803E02268521A022ABDD8D3F8942049
:1075A0009207F7D5D3F89820494942F00102C3F871
:1075B0009820226803E023689B1A022BACD8D1F8EC
:1075C00098309807F7D58B6803F00C030C2B00F06C
:1075D00069810B683E4823F080730B60226803E0EA
:1075E00023689B1A022B97D803689B01F8D4C168C3
:1075F0003B4A731E0A4047EA0313134343EA082336
:1076000043F08053C3600368314A43F080730360E2
:10761000C36843F08073C360216804E023685B1A89
:10762000022B3FF679AF13689801F7D5244B1A68FF
:1076300011070BD41A6822F00F0242F008021A60F8
:107640001B6803F00F03082B00D0FEE7204B1A68DD
:10765000920140F10F81D968DA68224801F00301F4
:107660000329D9680CBF204B204BC2F3031201320F
:10767000B3FBF2F3C1F30622154903FB02F3CA6818
:10768000C2F3416201325200B3FBF2F3834206D9E6
:107690008B688B6823F0F00343F080038B600C4A07
:1076A000936843F003039360206841F2883124E03B
:1076B00000ED00E000F6012000000008D8F70120EE
:1076C000002002400003FA0500700040D4000020B2
:1076D00000100240F0F70020D422002083DE1B437C
:1076E0000C809F0100B4C40400127A000024F4004E
:1076F00023681B1A8B4200F2D280936803F00C03BC
:107700000C2BF5D191688F4B41F4E0619160916849
:1077100021F47C5141F4E0619160916821F0F00125
:1077200091601A6802F00F02082A00F2A480864CC9
:10773000864EA36823F4E063A360A36823F4605338
:10774000A360CAF7F5F8A368C3F30313334493F8AF
:10775000083403F01F03D8402860C1F7F1F900286E
:1077600040F0D880D4F88820794B7A4922F003027F
:10777000C4F88820D4F8882022F00C02C4F88820AD
:10778000D4F8882022F03002C4F88820D4F8882069
:1077900022F0C002C4F88820D4F8882022F4407275
:1077A000C4F88820D4F8882022F44062C4F88820E5
:1077B000D4F8882022F44052C4F88820D4F88820D5
:1077C00022F44042C4F88820D4F8882022F44032C1
:1077D000C4F88820D4F89C2022F00302C4F89C202E
:1077E000D4F8882022F0407242F00072C4F8882059
:1077F000D4F8882022F04062C4F88820D4F8882089
:1078000022F0405242F00052C4F88820D4F8882078
:1078100022F0404242F00042C4F88820A26B42F4B9
:107820008072A263A26B22F48072A26359601A680C
:1078300022F4FE4242F400521A601A6842F06002DA
:107840001A600120FFF71EFDA36803F00C03082B4C
:1078500004D00C2B44D0042B22D028683A4B9B68D0
:10786000C3F303131E4496F80834D840286002B0CE
:10787000BDE8F081E9E61A6822F00F0242F0080242
:107880001A6020681A4641F28831136803F00F032A
:10789000082B3FF44CAF23681B1A8B42F5D9D4E672
:1078A0002D48DBE7CB6803F0030297427FF434AE48
:1078B000013E03F0F002B2EB061F7FF42DAE03F49D
:1078C000FE42B2EB082F7FF427AE03F07842B2F10C
:1078D000805F7FF421AE13F0CC6F3FF4A7AE1BE6C0
:1078E000E268E368184902F00302022AC3F30313B3
:1078F00008BF1948CA680133B0FBF3F3C868C0F386
:1079000041600130C2F30622400003FB02F3B3FBE7
:10791000F0F0A3E799E600210320FFF7ABFC0A4B48
:107920000E491A6E42F001021A661B6E03F0010343
:107930000193019B0B6883F30888094B1B689847E8
:10794000FEE700BF0020024000100240C81C0508EE
:10795000002000407FBB22200024F4000000FF1F15
:107960000400FF1FF8B5441E20460E4617461D466C
:10797000FCF792FC084804EBC40400EB8404B9094A
:1079800094F915002661A561BFF758FD94F915001B
:10799000BDE8F840CBF720BE640100200138FCF7B9
:1079A0007BBC00BF2DE9F0470646794850F82640D9
:1079B000002C00F08F80D4F8B451DFF8E491D5F8B2
:1079C00004C0E86A90462A6BA160E98E6261AA8EC3
:1079D000C4F8ACC1C4E903121F466E4BA06123601A
:1079E00095F800A019F91A20511C40F0BB8009EB52
:1079F0004A0393F90130013340F09F80D4F800012D
:107A0000E8B1F0F73BFA644B421E02EBC20203EB13
:107A1000820381461A7F92B92A780B2101325A7764
:107A2000197760B1FFF7BAFF234695F828205B4924
:107A30004846FFF797FF6B682833C4F81831D4F82D
:107A4000FC0000B3F0F71AFA534B421E02EBC202DD
:107A500003EB82031A7FB2B92A784FF00C0C013283
:107A60005A7783F81CC070B1FFF798FF6B68C4F8B1
:107A7000203103F12402C4F81C2195F8240048B1F8
:107A8000BFF7FCFB06E06B68C4F8203195F82400D2
:107A90000028F5D194F8BA01EFF772FD3A0794F88F
:107AA000B8911AD530B317F0110F14BF0A211A215B
:107AB000013617F0010F4FF00B0714BF40222022B0
:107AC000C6718771114394F8BB21EFF7A7FDD4F875
:107AD000FC3023B32046BDE8F08718F0020F09D030
:107AE00040B10B21721C8171C27194F8BB2102213B
:107AF000EFF794FD18F0010FE9D04846EFF740FD8D
:107B00000028E4D00C220136C671827194F8B921A4
:107B10000221EFF783FDD4F8FC30002BDAD195F881
:107B2000291095F927008909BFF788FC95F92700E6
:107B3000CBF752FD2046BDE8F08719F91A205146CF
:107B40000520F0F731F800283FF458AFD0E90123C1
:107B5000D4F80001C4F8FC20C4F8043100287FF4F4
:107B600050AF6CE751460420F0F71EF800283FF4B0
:107B70003EAFD0E90123C4F8083109EB4A03C4F849
:107B8000002193F9013001333FF438AFD5E700BF4E
:107B9000D0DC0020E0200508640100200942040830
:107BA000ACF700202DE9F04F00268FB08D4DDFF8A7
:107BB0006492002708E0022B10D108280ED001376C
:107BC000082F61D055F8209F4846FFF78DF8864B67
:107BD0001B7B012B8046EED10128F0D100242146E9
:107BE0004046EDF7D5FCEDF769FC037813B1532B54
:107BF00040F0D0800434A4B2102CF0D1F6B14FF094
:107C0000000B7A4C002104E00131B14204F1E4049C
:107C100011DAD4F808A0DAF80000FFF765F880451B
:107C2000F2D19AF805306A799A42C8D00131B1424E
:107C300004F1E404EDDBBBF1000FC0D1E9686C4B4B
:107C4000002205E00132102A03F10C0300F07383D7
:107C500058688142F6D1697952B24846EFF710FF71
:107C60004068F0F70BF9634B013800EBC00003EB01
:107C70008000037F002BA2D15A495F4AE42303FB13
:107C800006F301EB47179F500136042E8ED15B4F50
:107C9000DFF884A14FF0000BB846594B1B685B45D9
:107CA00075DDDAF80C509AF8103001932846EFF79A
:107CB0009FFE0090002D00F036832B6803F13843BF
:107CC0009B0A504A494F1668002E6CDD00243A4644
:107CD00004E00134B44202F1E40261D01168994237
:107CE000F7D1E42303FB04740BF1010B009BCAF8EA
:107CF0000430CAF818405FFA8BF215B10323EA7119
:107D0000AB71DAF80420216C3F4DA06C53000326C0
:107D10009E403143012606FA03F321642978034388
:107D2000A364002900F02781E36CDAF80C0006FA5E
:107D300002F213433146E364EFF75AFD334BDAF8AE
:107D40000C001978490141F0090101F0E901EFF750
:107D500087FC2A78002A00F00581009BD4F8940063
:107D6000012202FA03F189B2FAF77EF92046FAF706
:107D7000EFF80123BBF1040F8AF81C308AF81D309C
:107D800088F811300AF1200A08F1180885D10FB0DF
:107D9000BDE8F08F4FF0010B002E7FF432AF0EE7FD
:107DA000032C00F3F280E42202FB06F2B9188C687F
:107DB000002C00F0AE82BB500133532281F8E13039
:107DC000134B81F8E020617993F80090DFF820C030
:107DD0000C4B2068E468721C1A608E4600226346D1
:107DE00022E000BF102105084C4A0020C0ED002011
:107DF0005009002064010020C8ED00205C490020EB
:107E0000804A0020BCED0020B12200207D4A0020E5
:107E10004C55002000340140505500200132102AFA
:107E200003F10C0300F0878259688C42F6D1714649
:107E300052B2EFF725FEE423D0E9012103FB06F35C
:107E40000293FB18C3E9052110460393F0F716F8D7
:107E5000A849039B421E02EBC20201EB820492007E
:107E6000247F002C40F094800A44A34C0299095BC3
:107E70009183002800F08C800299A04C98680393AD
:107E80004A0002EBA102C2EB422202EB82425242C2
:107E900002EB420C0CEB0C1C04EB8C040068D5F8D4
:107EA00000C09749C3F894408C2404FB02F201EB14
:107EB00042023321C3E93324C3F804C0C3F8981045
:107EC000FEF7C0FB039BB9F1060F1C4600F0B9801A
:107ED000DFF858C28B4A8C49B9F1070F08BF9646A4
:107EE000624415BFE64694468C461C2118BF71219A
:107EF0004FF0E40909FB0679B0FBFEF2013A92B2B9
:107F0000B0FBFCF04FF0000C0138A9F89C00A9F878
:107F1000642004939A65A3F850C0C3F85CC0C3F80A
:107F200054C07A4BD9F80820C3F86811029B106836
:107F300003F150013944C9F7BDF8D9F8083003936B
:107F40001868026842F0800202605A79049B0C2A89
:107F500028D8DFE802F0902727278A2727278327BA
:107F600027277C00009BD4F894000121994089B216
:107F7000FAF77AF8FAE6E36CDAF80C001032964079
:107F80001E43E664EFF734FCD8E6614B03221A7017
:107F9000604B61486149624A9861C3E904120FB0BD
:107FA000BDE8F08FE42202FB0672D16802680493F8
:107FB0004FF0600ECDF818E04FF4807C4FF0010ECA
:107FC0004FF00009CDF830C0CDF81CE022F00102DE
:107FD0004FF0020C4FF00A0ECDE909ECCDF82090DD
:107FE000CDF82C90CDF83490026006AAC8F794FE24
:107FF000E42101FB0671039BC9681A68049B0129EF
:1080000000F06E81042900F06B81102900F0858159
:10801000402900F06581B1F5807F32D0B1F5806FE5
:108020002FD0B1F5805F00F08181B1F5804F28D06D
:10803000B1F5803F0CBF08214FF400614FF03809C3
:1080400022E0DFF8ECC0DFF8ECE0382150E7E42272
:1080500002FB06724FF48051D160A7E7E42202FBD5
:1080600006724FF48071D160A0E7E42202FB067231
:108070001021D1609AE7E42202FB06720121D1604F
:1080800094E708214FF00409183252F8090001431F
:1080900042F80910039A1079002840F023814FF02C
:1080A000E40909FB06790393D9F80820D9F81400EC
:1080B00011680A6842F001020A60EFF7DFFE0490DF
:1080C000FFF76CFCD9F80810039B4A79D1F800E05F
:1080D00014490C2A9CBF144830F812C04FF0E40237
:1080E00002FB067288BF4FF0000CA2F810C00022FD
:1080F00029E000BF64010020A0EE0020C040012064
:10810000F031012040771B0044950800F0F7002073
:108110007E4A0020BC4900208938030891380308B2
:108120008D38030838F90020A8D40408D0DD0600F3
:10813000882A1100A0BB0D00864500F0F1800132B5
:10814000042A00F0FB8051F832000028F4D17D4869
:108150000392D0F8440105907A4800EBC2090598D3
:10816000784AC9F848E10130C2F84401039A4FEA5D
:10817000C20E8E440498BEF80420734903934CEA5F
:10818000020CAEF804C09022FFF7ECFBE42202FBE5
:108190000676029B7169086840F002000860086872
:1081A00003F168023A4440F00A0008601046049265
:1081B000C8F7E2FF039B4FF00009C3F87490B16960
:1081C000C3F88C104FF4405010218022DA67C3F8B6
:1081D0009000C3F878901967D6F89810C3F8881003
:1081E00071685A4A4FF4007018319966C3F88000DC
:1081F000D6F89410D9664FF40061C3F88410706902
:10820000C1B20839A2FB01C10909049A013120F069
:10821000FF00C8F7BFFF029B716903F1A002086865
:10822000039BD1F804C002933A448F68C968D962AD
:10823000C3E909C7186210460392C8F79DFF029B65
:10824000424AC3F8AC908020B169C3F8C410C3E9B6
:108250002C904FF40051C3F8A890C3F8C810D6F87A
:10826000D010C3F8C01071684FF480701031C3F89B
:10827000A010C3F8B800D6F8CC10C3F8A4104FF47F
:108280008061C3F8BC107069C1B20839A2FB01312A
:108290000909039A013120F0FF00C8F77BFF7269DA
:1082A000029B1168196357689668D06811685F630C
:1082B00041F00201C3E90E601160116841F00A014A
:1082C00011600099CAF804100BF1010B0199CAF86A
:1082D0000C505FFA8BF28AF81010CAF818300DE5CE
:1082E0000821D1E60493EFF74BF9039B81465A7AB4
:1082F0000221EFF793F9049BB9F1000F02D053224A
:10830000A9F80620039A11684A6C42F400424A64B4
:10831000C5E60F4B02221A703AE64FF40061B3E64D
:108320004FEAC20E25E74FF0FF33CAE44FF4006175
:108330004FF00409A8E600235B68FFDE00239B885A
:10834000FFDE00BFF0F70020B91F0408CDCCCCCC75
:108350007E4A00200348D0F82C3213B100F5077094
:1083600018477047640100200348D0F8083213B161
:1083700000F5FC7018477047640100200348D0F8EE
:10838000E43113B100F5EA7018477047640100202A
:108390000348D0F8C03113B100F5D87018477047C2
:1083A000640100200348D0F89C3113B100F5C67079
:1083B00018477047640100200348D0F8783113B1A2
:1083C00000F5B47018477047640100200348D0F8E6
:1083D000543113B100F5A2701847704764010020B2
:1083E0000348D0F8303113B100F59070184770474A
:1083F000640100200348D0F80C310BB1FC30184761
:10840000704700BF640100200348D0F8E8300BB18A
:10841000D8301847704700BF640100200348D0F8E7
:10842000C4300BB1B4301847704700BF640100205E
:108430000348D0F8A0300BB190301847704700BF08
:10844000640100200248C36F0BB16C3018477047BD
:10845000640100200248836D0BB148301847704713
:10846000640100200248436B0BB124301847704769
:10847000640100200248036903B11847704700BF38
:10848000640100202DE9F041D0F800802B4DD8F890
:108490001820D8E90464A061317DD4F800C002231B
:1084A000074603FA01F1306841F00C014160217D7B
:1084B0008B4043F00C03CCF80430317A6B1813F87E
:1084C00001EC50F80E3023F0010340F80E30237A0F
:1084D0002B4413F8013C5CF803E02EF0010E4CF83D
:1084E00003E05CF803E04EF0020E4CF803E0C8F73E
:1084F00051FED8F81C20217A2068C8F74BFE3B6853
:1085000021685B6837685A6842F001025A60327A23
:108510002A4412F8010C3A5842F001023A50227AE9
:10852000154415F8010C0A5842F001020A505A6825
:1085300042F002025A60BDE8F08100BF0C2305083A
:10854000006870B4036AC9B99D680F490F4ED3E93A
:108550000023002A08BF0A46D0E906410CBF0020CC
:108560008020002B626006BF3346002280222562F5
:1085700060610D624B604A6170BC7047DD69002D1F
:10858000FAD01433E1E700BFF90B0020F8FF002018
:108590002DE9F04F0746DFF8F4923C68DFF8F082EF
:1085A000D4F804B0B44DB54ECB4583B000F0FF8095
:1085B000C34500F03B81B24B9B4500F04A81B14A74
:1085C000934514BF4FF0FF320322DBF80010BB8845
:1085D000208997F868A021F040014FF0010C9842E3
:1085E00084F824C0CBF8001040F004813B7BA17AD2
:1085F00099421ED0002B40F0E280A34BC2EB021246
:1086000003EBC20201921079EEF7BAFF019A2E2114
:10861000D279EFF703F8DBF8003043F00103CBF831
:108620000030DBF8003043F00203CBF800303B7B36
:10863000A372DBF8003043F04003CBF80030236A2C
:108640009A68002A00F032814FF0000C1433604623
:1086500053F8101C104401EA050E31B1626932B3BF
:10866000BEF1805F23D0B64521D053F8142C1433CB
:1086700002EA050122B1B1F1805F18D0B14216D0F3
:1086800053F80C2C0CF1010C002AE1D1237B73B1BF
:10869000BAF1000F0BD0BCF1010F00F2FB800728EC
:1086A00000F2F880236A1B7B002B00F0F380236A22
:1086B0009B684FF0000A002B66D0BAF1000F02D081
:1086C0009AF80C3013B1B868EFF70CF8226A6368B7
:1086D0001168226A5268206AD0F808E05868BEF132
:1086E000010F20F4805058601ADD7046D3F808C09E
:1086F0001CF0020FFAD000293AD031F802CBA3F8CF
:108700000CC0D3F808C01CF0010FFAD0D3F80CC08D
:108710000AB122F802CB02380128E7DC0EF0010E84
:10872000586840F480505860BEF1000F0CD0986833
:108730008007FCD5002940D0097819739968C907CA
:10874000FCD5DB6802B11370236A1B7B002B30D190
:10875000236A1B697BB1236A786F1B6998470128DC
:108760000ED0022807D10023236203B0BDE8F08FAA
:108770004FF6FF7CC3E7D4F820A0236A14332362AA
:10878000236A9B68002B98D1236A1B68002B00F09A
:108790009680236A1F68236A5A68236A22623C68AB
:1087A000D4F804B00022CB451A607FF401AF002258
:1087B0000BE7B868EEF79CFFCAE7FF21BDE7324B35
:1087C000C2EB021203EBC20201921079EEF7D8FE5F
:1087D000019A4E21D279EEF721FFDBF8003023F029
:1087E0000103CBF80030DBF8003023F00203CBF8B4
:1087F00000301CE71946B3F5807FA8BF4FF48073A3
:10880000022BB8BF0223DBF80000002B93FAA3F37E
:10881000B3FA83F308BF4FF0FF33013B20F0380079
:1088200040EAC303CBF800302181DFE6D8F80030FE
:10883000B988208997F868A023F040030122884274
:1088400084F82420C8F800303FF4D0AEC1F34F03C1
:10885000D1E7DBF80030B988228997F868A023F0C7
:10886000400301208A4284F824004FF00202CBF832
:108870000030EBD1BAE600BF0080FFFF008001208E
:10888000003C0040003C01406CDD00200030014015
:108890000038004000213846FFF752FEB868EEF776
:1088A00021FF384603B0BDE8F04FEBE5237B002BFA
:1088B0003FF4FDAEBAF1000F7FF4F4AEF7E62362A9
:1088C00053E700BF027A0A4B0168134413F8012CE6
:1088D0008B5823F001038B500A441368DB07FCD448
:1088E000027D0223934043F00C034B60704700BFAE
:1088F0000C2305082DE9F041C0EB0013784E56F823
:10890000332082B006EBC307002A00F0A68004469D
:10891000050197F87000BEF7B1FC97F87020530975
:10892000012102F01F02013B01FA02F2042B0BD8D5
:10893000DFE813F00500BD00C300CC00B7006949B3
:10894000CB6A23EA0202CA622B1B06EBC303671C35
:108950001879EEF715FEFFB210B11223C7718371BB
:108960002B1B06EBC3035879EEF70AFE804610B1C5
:108970001323C77183712B1B06EBC3039879EEF7A2
:10898000FFFD10B11423C77183712C1B06EBC405C6
:108990002E212A7A4046EEF741FEA879EEF7F0FD47
:1089A0006A7A0E21EEF73AFEE4002879EEF7E8FD48
:1089B000EA792E21EEF732FE33594B491A688B4281
:1089C00022F040021A604BD0484A93425FD002F531
:1089D000806293424ED1434A916B41F400419163CE
:1089E000916B21F4004191635A6842F480525A60BD
:1089F0001A68520629D43E491E68D1F87471D1E92B
:108A00005524D1E9580522430243D1E95A402A436B
:108A10002243D1F8705102432A4326F47F463A4359
:108A200026F0BF0632431A605868D1F85C2120F462
:108A3000706042EA144220F004000243B7F5005F80
:108A40005A6004BFB1F878211A61DA6922F4006231
:108A5000DA611A6842F040021A6002B0BDE8F081A3
:108A6000204A116C41F480511164116C21F4805141
:108A70001164B9E71F4A9342B6D11A4A116C41F406
:108A800000411164116C21F400411164ACE7154AF6
:108A9000916B41F480419163916B21F4804191632A
:108AA000A2E710498B6A23EA02028A624CE70D4969
:108AB0000B6C23EA02020A6446E70A4B996D1143E4
:108AC00099659B6D1A400192019B3DE7054BD96D5D
:108AD0001143D965DB6D1A400092009B34E700BF5B
:108AE0006CDD0020001002400030014000380040E2
:108AF000A80A0020003C014064232DE9F74F4343BE
:108B0000C74DEF580646EA18002F00F0858194689B
:108B10001CB1A379002B40F07F81642303FB065333
:108B2000D3F80C80B8F1000F04D098F80630002B71
:108B300040F07281731CDBB214B11522A271E37193
:108B4000B8F1000F04D0162288F8062088F8073004
:108B5000387EBEF793FB2046EEF7CAFD4046EEF79F
:108B6000C7FD11212046EEF77BFD11214046EEF7AF
:108B700077FD4FF009094FF0330A02E00A20EEF7C3
:108B800007FC2046EEF72AFF10B9BAF1010AF5D129
:108B90002046EEF7A7FD0520EEF7FAFB2046EEF79C
:108BA000A7FD0520EEF7F4FBB9F10109E3D120465A
:108BB000EEF798FD0520EEF7EBFB4046EEF792FD51
:108BC0004FF0640B0520EEF7E3FB0BFB06FB2046A2
:108BD000EEF78EFD05EB0B0A0520EEF7D9FB4046BC
:108BE000EEF786FD9AF812309AF81020002B14BF89
:108BF0003E211E212046EEF711FD9AF812309AF818
:108C00001120002B40460BF1180814BF3E211E21F5
:108C1000A844EEF703FD4C224946404603F092FE7D
:108C200055F80B305B68CAF81830C8F76DFE07EED0
:108C3000900ABAF814B09FED7B7A9FED7B5AF8EE5C
:108C4000677AB0EE084AC7EE275ACE4640F2145A69
:108C500007EE90BA9FED757AF8EEE77A25EE844A32
:108C6000C7EE274ADFED727AB0EE007AE5EE877A3A
:108C7000A5EE875A74EEE72A37EE856AF7EE003ADA
:108C8000BBF5C87F0EF1010C07EE90CAD5BF642377
:108C900032234FF4967078200344B8EEE77A07EE5B
:108CA000903A27EE257AF8EEE76AD8BF4FF41674AB
:108CB00086EE873ACABF4FF4827451464FF4FA7178
:108CC0000B1973EE636AFCEEE67ACDED017A07EEDE
:108CD000904AB8EEE73A07EE903A23EE243AF8EEDF
:108CE000E77AC3EE276A36EEC53A72EEE66AC3EE5D
:108CF000077A77EEE37AFCEEE77A17EE901AC6EE83
:108D0000877A77EEE37AFCEEE77A17EE903A9C1CCE
:108D1000621807EE902AF8EE677AF0EE466AE7EE00
:108D2000276AF4EEE64AF1EE10FA6EDC9DF8044094
:108D30000F2C6CD8A0F1320207EE902AF8EEE77AF9
:108D400077EEC47AC7EE876AFCEEE67A17EE904AB1
:108D5000E0B20F285BD888B2FF2858D898B2FF2815
:108D600055D8019A40EA0E73100500F07F60220486
:108D700002F47F02034313432E4A02EA012943EA25
:108D80000909642404FB065401230025C4E908539F
:108D9000C4E90A55C4E90D55C4F81C904046C9F70A
:108DA00013FC94F85930202BD9B219D194F85830CB
:108DB000012B15D0242384F85930A3691A6822F0B6
:108DC00001021A601A6822F480521A601A681A6046
:108DD0001A6842F001021A6084F8591084F8585059
:108DE00097F91A000021BEF729FB97F91A00CAF774
:108DF000F3FB97F919000021BEF720FB97F9190042
:108E000003B0BDE8F04FCAF7E7BB013180E7BCF122
:108E10000F0FB6D0E64633E703B0BDE8F08F00BFD2
:108E2000F0330020286B6E4E000016430024744976
:108E30000000704200FFFF000148C9F7BDBB00BF42
:108E4000343500200148CAF721BA00BF343500206C
:108E50000148C9F7B1BB00BFD03400200148CAF7B0
:108E600015BA00BFD03400200148C9F7A5BB00BF28
:108E70006C3400200148CAF709BA00BF6C340020E6
:108E80000148C9F799BB00BF083400200148CAF760
:108E9000FDB900BF08340020094B30B4094D0A4C1D
:108EA00003F130005A7A2AB1197A35F8112092B2BA
:108EB00024F811200C338342F4D130BC704700BF3A
:108EC000942B0020E02E012058C900202DE9F0430A
:108ED00002691778012F85B004460D4618D10B7929
:108EE000013B13714B79002B08BF682300F1100878
:108EF00003754FF0000940463B460DF1060275210F
:108F00008DF80690EFF7EAFA064600283CD1226970
:108F100002231370EB7823B90026304605B0BDE874
:108F2000F08304F11009A9784846EFF713F90646D3
:108F30000028F1D0E878EEF723FBA0612B7801330D
:108F4000DBB210B12222C37182710D21EEF788FBD2
:108F5000A069EEF7CDFB414A1368632BFCD940486A
:108F6000DFF804813F4FEFF737F9A08202E058F8AD
:108F7000047B57B34846B8470028F8D084F8B800B7
:108F80004846EFF7EBF9C8E74046EFF7E7F93B460D
:108F900049460DF105024046EFF7A0FA9DF805306D
:108FA00003F07E038DF8053008B1682B14D09DF8CE
:108FB000063003F07E03682B8DF806300FD0702B3F
:108FC000ABD1042384F8B830A7E7E878EEF7D8FAF5
:108FD000EEF780FF3E46A0E784F8B8709DE70222D6
:108FE000062384F8B820194602AA4046EFF776FA1D
:108FF000E0B19DF80D309DF80B209DF809109B0005
:10900000520002F0020203F00403134301F00102D4
:1090100013430BD0012B1DD0022B17D003F00303F9
:10902000032B13D00320EEF7CBFC76E74046012359
:109030000DF107020C21EFF751FA0028F2D09DF84C
:10904000073013F00F03EDD0042B03D0012384F875
:10905000B93062E7002384F8B9305EE78419002054
:1090600040420F00993C04081422050800B583B063
:1090700001230DF10702EFF731FA08B19DF807005F
:1090800003B05DF804FB00BF00000000000000001A
:1090900001F0FF01102A2BDB10F0070F08D010F8A9
:1090A000013B013A8B422DD010F0070F42B3F6D1AD
:1090B000F0B441EA012141EA014122F007047FF0C6
:1090C00000070023F0E80256083C85EA010586EA1D
:1090D000010685FA47F5A3FA87F586FA47F6A5FA59
:1090E00087F68EB9EED1F0BC01F0FF0102F0070265
:1090F00032B110F8013B013A83EA010313B1F8D110
:109100000020704701387047002D06BF35460338F0
:10911000073815F0010F07D1013015F4807F02BF29
:10912000013015F4C03F0130F0BC0138704700BF7A
:1091300010F8012B11F8013B012A28BF9A42F7D001
:10914000D01A7047034613F8012B002AFBD1181AD6
:10915000013870477BB972B90029BEBF00204FF0BB
:10916000004106E008BF00281CBF6FF000414FF02F
:10917000FF3000F0CDB9ADF1080C6DE904CE002947
:1091800009DB002B1ADB00F061F8DDF804E0DDE913
:10919000022304B07047404261EB4101002B1BDB0E
:1091A00000F054F8DDF804E0DDE9022304B04042A9
:1091B00061EB4101524263EB43037047524263EB60
:1091C000430300F043F8DDF804E0DDE9022304B0D6
:1091D000404261EB41017047524263EB430300F0B0
:1091E00035F8DDF804E0DDE9022304B0524263EB18
:1091F0004303704753B94AB9002908BF00281CBF70
:109200004FF0FF314FF0FF3000F082B9ADF1080CA4
:109210006DE904CE00F01AF8DDF804E0DDE9022380
:1092200004B07047430803F05533C01A830803F0B5
:10923000333300F03330184400EB101000F00F30DF
:1092400000EB002000EB0040000E70472DE9F047D6
:10925000089D04468C46002B40F083808A421746C6
:1092600047D9B2FA82F242B1C2F1200024FA00F0EA
:109270009140974040EA010C94404FEA1748230C74
:10928000BCFBF8F61FFA87FE08FB16C143EA014350
:1092900006FB0EF1994209D9FB1806F1FF3080F068
:1092A0001981994240F21681023E3B445B1AA4B2F6
:1092B000B3FBF8F008FB103344EA034400FB0EFE56
:1092C000A64509D93C1900F1FF3380F00581A64578
:1092D00040F2028102383C4440EA0640A4EB0E040E
:1092E00000261DB1D4400023C5E900433146BDE846
:1092F000F08702B9FFDEB2FA82F2002A50D1CB1B0E
:109300004FEA174E1FFA87F80126B3FBFEFC210C2B
:109310000EFB1C3341EA034108FB0CF38B4207D9D7
:1093200079180CF1FF3002D28B4200F2E9808446BA
:10933000C91AA3B2B1FBFEF00EFB101143EA0144BF
:1093400008FB00F8A04507D93C1900F1FF3302D211
:10935000A04500F2D9801846A4EB080440EA0C406E
:10936000BFE78B4209D9002D00F0B1800026C5E986
:10937000000130463146BDE8F087B3FA83F6002E8F
:109380004AD18B4202D3824200F2B880841A61EB48
:10939000030101208C46002DA8D0C5E9004CA5E7AB
:1093A000C2F1200320FA03F6974001FA02F04FEAD7
:1093B000174ED9403043030CB1FBFEF61FFA87F875
:1093C0000EFB161143EA014306FB08F1994204FA29
:1093D00002F409D9FB1806F1FF3C80F08D80994218
:1093E00040F28A80023E3B445B1A81B2B3FBFEF03E
:1093F0000EFB103341EA034100FB08F38B4207D90F
:10940000791800F1FF3C73D28B4271D9023839448C
:10941000CB1A40EA064678E7C6F1200C03FA06F4B8
:1094200022FA0CF31C4320FA0CF701FA06F34FEA78
:10943000144E21FA0CF11F433B0CB1FBFEF91FFA4D
:1094400084F80EFB191143EA014109FB08FA8A4529
:1094500002FA06F200FA06F308D9611809F1FF30A2
:1094600048D28A4546D9A9F102092144A1EB0A0153
:10947000BFB2B1FBFEF00EFB101147EA014700FB43
:1094800008F8B84507D9E71900F1FF312ED2B845E1
:109490002CD90238274440EA0940A7EB0807A0FB73
:1094A00002894F45C64649461AD317D05DB1B3EB82
:1094B0000E0267EB010707FA0CFCF2404CEA0202CD
:1094C000F740C5E9002700263146BDE8F0872E4663
:1094D00028460BE70646E9E61846FDE64345E5D291
:1094E000B8EB020E69EB04010138DFE70846D2E76A
:1094F00060468DE78146B9E7664675E730464AE73C
:10950000ACF1020C394413E702383C4424E700BFB5
:10951000704700BF11488546FDF74AFE10481149C3
:10952000114A002302E0D458C4500433C4188C42BA
:10953000F9D30E4A0E4C002301E013600432A2421C
:10954000FBD30C4A0C4C002301E013600432A2420E
:10955000FBD3FDF75FFF00F013F8FEE7F0FF0120FB
:1095600000000020C00C00206A9A0508C00C0020F2
:10957000D82E0120D8F70120D8F70120FEE70000FF
:109580002DE9804887B0E2F779F8DFF87892DFF8C4
:1095900078B2DFED8B8A9FED8B9AECF797F88A4BC8
:1095A00002901B78002B40F03181884AD2F8048069
:1095B0000193C8F1000200929A46ECF787F8844BB9
:1095C0001C68844B002605461E60002C00F0558365
:1095D00037461FE022690969DBF80030AA1A92FBBE
:1095E000F1F2013292B21CFB02FC0CF1010C1FFAE9
:1095F0008CFC0133A4F804C0E280CBF8003067454E
:109600001FD3744A136801331360714A52F8234020
:10961000002C3FD0216891F914C0BCF1FF3FF0D07D
:109620008B6843B3A288002AD4D1E1682846691A1E
:109630009847002840F08A80B4F804C0E08067456D
:10964000DFD26549E36908686449D9F80C230968E1
:10965000DB09024401FB0321009B994217DBD9F887
:1096600010335B0713D05E4BE31AB3F5007F04BFE2
:1096700067462646C5E7E3680A69EB1A93FBF2F3EF
:109680009BB2E380002B40D1B4F804C0B7E7674633
:109690002646B6E753494D4A0B6801330B605368C1
:1096A000A3EB0803C9F80C33002E42D04B4BF069F2
:1096B0001968494B444C1B680093C709F76323782A
:1096C0005468009A01FB0727002B00F0A881AAEB41
:1096D0000403BB4200F3A381F388012B23D907EED7
:1096E000900A9FED417A414BF8EE677A1A7867EE5F
:1096F000877AFCEEE77AC6ED077A0A2A1DD0D9F8F8
:1097000010330133C9F8103347E7DBF800201CFBA6
:1097100003FC0CF1010C1FFA8CFC0132A4F804C00C
:10972000CBF800206BE72E4BF31AB3F5E07F00F087
:10973000D9822E4B1A780A2AE1D1EBF7C7FFDDE96F
:1097400001231344C01A2A4B9860D8E7EBF7BEFFF9
:10975000236825614FF00102E28093F914C0254B84
:1097600086461A682448254B006819680490244BE3
:10977000AEEB0500A2EBD20EA1EBD10204991B685F
:10978000039288420EEB0002034438BF0846194991
:109790000A601B49184A0B60A168039B10600B44C8
:1097A0001946DBF80030154A0CF1010C1FFA8CFC4D
:1097B0000133A4F804C01160CBF800301FE700BFEC
:1097C00000007A440000C842C0E90020001000E018
:1097D00094D000208CE90020ACE90020A4A6002051
:1097E0000837002018C800206666663FB0220020B7
:1097F000B422002034ED002038ED002058F700207E
:1098000030ED0020F0F7002020C80020B24AB34B12
:109810001068B34A5C68126802EB000AAAEB040302
:1098200051428B42BEBF93FBF1F303FB02229244F1
:10983000AC4A1168B8BFAAEB0403994200F3408117
:10984000A94A1268934280F23281914204DAA74910
:109850000968521AA4490A60002B05DD9F4A546822
:10986000AAEB0403002BFADCA14B1B78422B00F07F
:109870008B83EBF72BFF014605469E48DFF754F933
:109880009D4B01901A889D4B1978561CB6FBF1F33D
:1098900001FB1363002B00F0AE80002A00F0B780BC
:1098A000974BD3F8CC71924B1E78282EA5EB070767
:1098B0000CD1944AFB1782FB0712C3EB6213B3F57A
:1098C000FA6F914AA8BF4FF4FA6393608F4B1B78ED
:1098D00023BB8F4B1B78022B00F0718300F2518168
:1098E000012B08D18B4B33F8022B002A40F09583D3
:1098F000894A9A42F7D1D9F8E032EB1A002B0ADDF7
:10990000864900220A7005F5C335854AA035012332
:10991000C9F8E0521370282E00F06781814BD9F806
:10992000EC221B689B1A0A2B00F36B81704B1E788C
:10993000432E00F0AF817C4B1B681A1B002AC0F23B
:109940002E83654BC3F800A0D5F7F8F890F8BC302B
:10995000032B3DD0D9F8FC32D0F8C01033B901F553
:10996000C3432833C9F80043C9F8FC32994280F058
:10997000CA815B4B1A68D0F8C800AAEB000090FBC4
:10998000F2F302FB130302EBD270B3EB600FC8BF1C
:109990009B1AD9E9C1020344C9F804331AB901F189
:1099A0003202C9F80823914212D35649323281FB60
:1099B0000301DB17C3EB2113C9F80823464AAAEBBE
:1099C0000301422E116000F031830023C9F80433F3
:1099D000424A564BD2F804801B78AAEB0802009248
:1099E000002B3FF4EAAD524B009A1B68B2EB430FD9
:1099F0003FF7E3AD9DE64F482946DFF795F83E4B2C
:109A00001A88019B03440193002A7FF449AF4A4816
:109A10002946DFF789F8019B0344019340E7294673
:109A20003046DFF781F82D4B019A5B681B1BDB1B6F
:109A30000244002B0192414A40F38C801068304A66
:109A4000851AB5F5007F00F01581294A1278422A5F
:109A50000AD12D4F364C03EB8301AE1124687E6092
:109A6000490091FBF4F1B960846BB9F8F012D9F8B0
:109A7000F472013401311F44B5F5E07F8463A9F825
:109A8000F012C9F8F47202D1002389F818332C4877
:109A90002C49036809688B4203DA2B4909680B4497
:109AA0000360B9F8F8320133A9F8F83225E60B4B18
:109AB000D3F8048000230193AAEB0803009392E7F4
:109AC000094E224D32682D68AA42BFBF204D2D6835
:109AD00052193260B6E600BFB8E90020001000E07D
:109AE000BCD1002090E9002098E900209CE90020EA
:109AF000B02200208837002050C900202D06002009
:109B0000083700201F85EB51B4220020A4A40020B8
:109B10000041002038A5002050A50020E57F00204E
:109B2000A5A4002084190020BCE90020C0E9002081
:109B3000A4A60020C8370020083800201C7600208A
:109B4000ACE90020A8E90020B4E9002094E9002055
:109B5000A0E900201268B149521AB2F5E07F02D1A3
:109B6000002289F81823AE4A12685B429342C0F281
:109B70008180AC4B1B689A42C0F21982AA4B1A78BA
:109B80008FE7033B022B3FF6B6AEA84BA748DB6836
:109B90009847A54B1E78282E02BFA54A00F0020365
:109BA0005360A44B197800F00B03052980460093FD
:109BB00000F04682A04A137808F0040853EA08032C
:109BC00014BF012300231370009B012B7FF493AE7D
:109BD0009A4A05F5C335A035C9F8E0521370984A82
:109BE0000123282E13707FF499AE964BD9F8EC22FE
:109BF0001B6892498E48097801609B1A0A2B7FF7EF
:109C00009AAE914A8F4BD1681B6852685B1A934297
:109C100000F3E7818C4B93F80280B8F1000F00F05D
:109C20007E818A4A93F8255016780720DDF7ECFFED
:109C300006F00107009020B1854B9B79022B00F0C4
:109C4000E081012D40F0E18100267F4B9FED818A6C
:109C500093F824303A464746B0461646062B00F2A3
:109C60005A81DFE813F062006601CC009900A80079
:109C7000B20090006C4B1A7809E77749774A0B6875
:109C800001330B605368684AA3EB08031278C9F8E4
:109C90000C3332E5724B66491A68724B1B880B60B5
:109CA000131B002BBFF64DAE6F496D4D08686F4911
:109CB000D9F8F43201FB00222A605D4DB9F9F012A7
:109CC000B9F9F822696003EB83035B00EA6093FB58
:109CD000F0F3AB600023A9F8F032C9F8F432A9F828
:109CE000F8322EE6B9F81423002A3FF422AD99F891
:109CF00018330133DBB29A4289F81833FFF4EFAC22
:109D0000494B1A7817E5D9F80023C9F80043A21A7D
:109D100003F5C343564C2833D208A4FB0242C9F8CA
:109D2000FC32544B120A1A6025E6002E00F0FA812C
:109D3000DDF78CFF002840F0B681009B23B1444B37
:109D40009879012800F0F080002F40F0E4803D4B2E
:109D50003D491B684A699A4280F04B813C4BDB7954
:109D6000022B00F046810B884FF00102CA700133CC
:109D700001200D460B80E6F7ADFEAB682B62032297
:109D800085F8242008E0002F76D1002E40F086814F
:109D90002D4A032382F824300120DEF7D3F8022075
:109DA000E6F7B0FE2849274B1A680B6A13440422D1
:109DB000CB6181F82420002F00F0BE81214B224A84
:109DC0001B68D2699A4280F0A6801E4B1A68204B0D
:109DD0005B88642101FB03231B49002240204B6167
:109DE0000D4681F82420CA70E6F764FE0120E6F7EC
:109DF00061FE0220E6F77EFE95F824302EE7002F64
:109E0000E3D1002E00F0BD800E4B1A680E4B9B690B
:109E10009A4240F243814FF00308B9E70837002027
:109E2000A4E90020ACE90020B0220020004100207D
:109E3000B4220020E4A60020A6A40020E57F002094
:109E4000A5A4002084190020F07F0020C8790020FC
:109E500008CB00200000FA4418C80020001000E0E1
:109E6000BCE9002024C80020A4A6002040420F0026
:109E700089B5F814BCD10020B54BB64A5B8A92F87C
:109E80000AE0B54A039307EE903A92F800C0507882
:109E9000B24AC3F5FA63F8EEE76A04930023F2ECE2
:109EA000017AF4EEC87A022B0CBF01466146F1EE4E
:109EB00010FA80F2A480F4EEE87AF1EE10FA40F2A3
:109EC0009E80039D0D4407EE105AB8EEC77AF4EE5B
:109ED000C77AF1EE10FA40F3058107EE101A049DDF
:109EE000B8EEC77A77EEE67A691A77EEC77A07EEA8
:109EF000101A67EE897AB8EEC77A87EE876AFCEEA9
:109F0000C67ACDED057A9DF814108E457FF65DAFCB
:109F10000133032BC3D14646002E40F0C080904B46
:109F20001B68C9F8EC3201E58E490B88C870013313
:109F30001FE7002F7FF449AF8A4A86491388C87902
:109F400001334FF001010128D170138000F0C1806E
:109F5000022800F0B4800028EED10120E6F7BAFD17
:109F60007F4B80481A687B4B59798368036264236E
:109F700013FB01230222836180F82420002E7FF44A
:109F800043AF774B1B6803E7774A201A00EB80004A
:109F90001268430093FBF2F3744A136069E4724A57
:109FA0007349126801FB0233724A136092E6724AE7
:109FB0001168724A5B1A724912780B6071E5714B35
:109FC00099F8DC221B789A423FF495AC05F5C3352D
:109FD00089F8DC326C4BA0350122C9F8E0521A70C6
:109FE000FDE5604A0023042082F82530E6F78AFD6B
:109FF00010E65C4B4FF0010283F824209CE76421BB
:10A0000083E7DDF76DFC614B1E7806F002063E43E8
:10A0100053D04FF00008022617E65B4A05F5C3351A
:10A02000A0350123C9F8E052137074E44E4A03EBE3
:10A03000830312685B0093FBF2F34C4AD360C4E4E1
:10A04000B9F8E8C2B9F8EA02012B40F2FF32D9F8B8
:10A05000E43218BF00226244DFF834C13B440130CF
:10A0600092B280B26345A9F8E822A9F8EA02C9F8D9
:10A07000E4327FF79FADB2FBF0F0D6F757FDD9F889
:10A08000E4323E4AA3F5C3331678A03B0022C9F858
:10A09000E432A9F8E822A9F8EA228BE50326304643
:10A0A000E6F794FB3BE72E4B1A682A4B5B8864214A
:10A0B00001FB03232B4A53613FE6B046C5E5402030
:10A0C000E6F708FD274906228B6881F824200B62F9
:10A0D0005BE6E6F7FFFC234903228B6881F8242026
:10A0E0000B6259E6039D691A07EE101AB8EEC77A9B
:10A0F000F4EEC77AF1EE10FA12D5A1F57A7137EEC7
:10A10000677A07EE901A27EE097AF8EEE77A87EE7B
:10A11000276AFCEEC67ACDED057A9DF81410F4E6B8
:10A120000021F2E6009B464601206BB1E6F7D2FC27
:10A130000C4A00235361EFE6094B0A491A680B6A7F
:10A1400013444646CB61E7E6E6F7B4FCF0E700BF10
:10A150002441002008CB002018B000209C7F002064
:10A1600084190020F07F0020A4A60020B422002043
:10A1700040420F00BCE90020B0E90020B0220020DE
:10A18000ACE90020CDC50020E57F0020C879002083
:10A190009F86010010EE102AC2F3C7537F3B162B97
:10A1A00022F000411ADC002B21DB1A4919410A4236
:10A1B0001CD0DFED197A70EE277AF5EEC07AF1EE59
:10A1C00010FA13DD002A04DD4FF4000040FA03F317
:10A1D0001A4422EA010300EE103A7047B1F1FF4F32
:10A1E00004D330EE000A70479FED0C0A7047DFED94
:10A1F0000A7A70EE277AF5EEC07AF1EE10FAF5DD04
:10A20000002AF1DB0029F7EE007A18BFB0EE670AEA
:10A21000704700BFFFFF7F00CAF249710000008055
:10A2200000B510EE103A204A23F00043934283B069
:10A2300019DDB3F1FF4F04DB30EE400A03B05DF8E7
:10A2400004FB684600F090FD00F00300012811D0E7
:10A2500002281FD0B8B1DDED010A9DED000A0120F2
:10A2600001F088FAEAE7DFED110A00F0CBFE03B057
:10A270005DF804FBDDED010A9DED000A01F07AFABC
:10A28000B1EE400ADAE7DDED010A9DED000A00F0CB
:10A29000B9FED3E7DDED010A9DED000A00F0B2FE44
:10A2A000B1EE400ACAE700BFD80F493F00000000E6
:10A2B00008B52DED028BF0EE408AB0EE608A00F01A
:10A2C00015F820B9B0EE480ABDEC028B08BDB0EE1F
:10A2D000480A00F00BF820B1F4EEC88AF1EE10FA4B
:10A2E000F0DDB0EE680ABDEC028B08BD10EE103A4E
:10A2F00033F000400ED0A0F50003B3F1FE4F0DD3B4
:10A30000074B421E9A4207D9A0F1FF40B0FA80F0F5
:10A3100040097047022070470320704704207047AF
:10A32000FEFF7F0010B485B08DED010A019BC3F3E1
:10A33000C751A1F17F021E2A2ADC501C23DB162AFA
:10A340004FEAD3740BDDC3F3160040F400009639D6
:10A35000884004B1404205B05DF8044B7047164B8D
:10A36000DDED017A03EB840393ED007A77EE277A33
:10A37000CDED037ADDED037A77EEC77A17EE903AEA
:10A3800033F000420ED1002005B05DF8044B704759
:10A39000DDED017AFDEEE77A17EE900A05B05DF883
:10A3A000044B7047C3F31600C3F3C75340F40000D7
:10A3B000C3F19603D840CCE7C88B050808B52DED4E
:10A3C000028BB0EE408A00F0CFF8144B93F90030C6
:10A3D000013314D0B4EE488AF1EE10FA0FD6B5EE80
:10A3E000C08AF1EE10FA0ADCB5EE408AF1EE10FAFE
:10A3F00008D101F039FB22239FED090A0360BDEC6F
:10A40000028B08BD01F030FBBDEC028B2123036001
:10A41000BDE80840034801F051BA00BF590C0020C4
:10A42000000080FF3461050808B52DED048BF0EEC7
:10A43000408AB0EE608A00F097F9474B93F90030FC
:10A440000133B0EE409A1FD0B4EE488AF1EE10FA14
:10A450001AD6F4EE688AF1EE10FA59D6DFED3F9A7B
:10A46000F4EE698AF1EE10FA13D1B4EE698AF1EED6
:10A4700010FA29D0B0EE480A01F0CCF920B1B4EEC0
:10A48000E98AF1EE10FA4DD4B0EE490ABDEC048B26
:10A4900008BD01F0BFF9F0B1B5EE409AF1EE10FA47
:10A4A000F2D1B0EE680A01F0B5F90028ECD0B0EEB8
:10A4B000480A01F0AFF90028E6D001F0D5FA2223CE
:10A4C0009FED269A0360DFE7B7EE009AB0EE490AE7
:10A4D000BDEC048B08BDB0EE680A01F09BF90028C2
:10A4E000DAD0B0EE480A01F095F90028D4D0B4EEE5
:10A4F000499AF1EE10FA28D601F0B6FAF5EEC08AC4
:10A500002223F1EE10FA036013D49FED159ABBE7F6
:10A51000B5EE408AF1EE10FAF7EE007A08BFB0EE21
:10A52000679AB1E701F0A0FA21239FED0E9A03602C
:10A53000AAE7B0EE480A01F0C7F9B4EE480AF1EE16
:10A5400010FAE2D09FED079A9EE701F08DFA2123E1
:10A5500089EEA99A036097E7590C002000000000DB
:10A560000000807F000080FF10EE103A33F00042C0
:10A570002DD0002B32DBB3F1FF4F3FDAB3F5000FE4
:10A5800030B432DB00256848684CC3F31601084438
:10A5900000F40002DB1582F07E527F3B0A432B441D
:10A5A00000EE102A01F10F05F7EE007A2C4030EE94
:10A5B000670A03EBD05324BBB5EE400AF1EE10FA64
:10A5C00061D1002B40F093809FED590A59E09FED37
:10A5D000597ADFED577A87EE270A704770EE407A96
:10A5E0009FED537A87EE870A7047DFED537A60EE6E
:10A5F000277A6FF0180517EE903AC4E730EE000A9C
:10A600007047B0EE007A30EE077A9FED4C3ADFEDFE
:10A610004C4ADFED4C5ADFED4C3A9FED4C5ADFEDE2
:10A620004C7ADFED4C6A4C4880EE074AC1F5571270
:10A63000084402F522720243002A07EE103A24EE83
:10A64000046AF8EEC72A26EE067AE7EE034AA7EE7A
:10A65000235AE4EE875AE5EE076AE5EE877A67EE5D
:10A66000867AE6EE877A2BDDB6EE007A20EE077A60
:10A6700027EE007A53BB77EE877AA7EEC47A30EEE6
:10A68000470A30BC7047DFED357AB6EE007AA0EEAF
:10A69000677AF0EE477A20EE007A27EE277A002BD1
:10A6A000EDD007EE903A9FED2E6ADFED2E6AF8EEC0
:10A6B000E77AA7EEC67A37EE400A97EEA60AE0E7F9
:10A6C00013BB70EE677AA7EEC40ADAE7DFED246AFF
:10A6D0009FED246A77EE877A62EEA66AE7EE846AD7
:10A6E00037EE667A37EE400A92EE860AC9E707EE41
:10A6F000903A9FED1B0A9FED1B7AF8EEE77A27EE62
:10A70000800AA7EE870ABCE79FED157ADFED156A90
:10A7100070EE677A27EE627AA7EE847A37EE400A07
:10A7200092EEA60AADE700BF20FB4A00F0FF7F00D3
:10A7300000000000000000CC0000004C9788173E8D
:10A7400025333A3E2549923E4FD01C3E298E633E2A
:10A75000ABAA2A3FCDCCCC3E305CCFFFABAAAA3E01
:10A76000D1F717378071313F2DE9F04710EE904A4D
:10A7700034F000482DED028B15D010EE105A25F064
:10A780000047B7F1FF4F10EE109A06DDBDEC028BCB
:10A79000BA48BDE8F04701F091B8B8F1FF4F08DDC5
:10A7A000B7F17E5FF2D1B7EE000ABDEC028BBDE8D7
:10A7B000F087002D10EE906AC0F2F6804FF0000A8C
:10A7C000B8F1FF4F00F00481B8F17E5F00F02A81FC
:10A7D000B6F1804F00F03F81B6F17C5F00EE105A79
:10A7E00040F00381B9F1000F80F23A8101F00AF8DC
:10A7F000B7F1FF4F00F00B81002F00F00481B7F19B
:10A800007E5F00F0FA804FEAD972013A5AEA0203F9
:10A8100000F02C81B8F19A4F40F35281984B9F423F
:10A8200040F35F82974B9F4200F30181F7EE007A7D
:10A8300030EE670ADFED946ADFED947ADFED945A2B
:10A840009FED946AB5EE007AE0EE476AB6EE007AC4
:10A85000A6EEC07AF0EE476A20EE007A27EE267A5E
:10A8600067EEC77AE0EE257AF0EE676AE0EE066AF8
:10A8700016EE903A23F47F6323F00F0307EE103AAD
:10A88000A0EE467A06EE903A77EEC77A26F47F6617
:10A8900026F00F0607EE104A06EE106A67EE877A7A
:10A8A00037EE466A07EE106AE6EE267A0AF1FF3ABC
:10A8B0005AEA020326EE877AB7EE000A77EE876A35
:10A8C000BFEE006A16EE903A0CBFB0EE468AB0EECC
:10A8D000408A002B23F0004240F3B981B2F1864F49
:10A8E00000F3F88100F0EB81B2F17C5F00F3BB81F3
:10A8F0000022104623F47F6323F00F0306EE103A84
:10A90000DFED656ADFED655A9FED653ADFED653A8B
:10A910009FED652A9FED654ADFED654A9FED655A1B
:10A9200036EE477AF0EE002A77EEC77A26EE267AE0
:10A93000A7EEA57AF7EE005AF0EE477AA6EE037A74
:10A9400067EE076AF0EE471AE6EE431AB0EE636A66
:10A95000A6EE826A77EEE17AA6EE264AE7EE277A3D
:10A96000E4EE264AA4EEA65AB0EE456AB0EE475A87
:10A97000A6EE665AF0EE456A36EEE26A27EE055A12
:10A98000C5EE066A76EEE77A37EEC77A35EEC70A85
:10A9900010EE103A1344B3F5000FC0F2BA8100EE86
:10A9A000103A20EE080A00E7B8F1974F1ADAB8F12A
:10A9B0007E5F0ADB4FEAE853C3F1960348FA03F2DD
:10A9C00002FA03F3434500F03D814FF0000AFBE635
:10A9D000B7F17E5F3FF4E7AE2FDD002E2ADB00EEFD
:10A9E000104AE2E64FF0020AEAE600F00BFFB7F188
:10A9F000FF4F02D0002F7FF402AF002EBCBFF7EE56
:10AA0000007A87EE800AB9F1000FBFF6CEAEA7F14B
:10AA10007E5757EA0A0340F00E8170EE407A87EEC7
:10AA2000A70AC2E6002E0FDB00EE105ABDE6002E8C
:10AA300000F35A819FED200AB7E6002EFADA07EEFE
:10AA4000904AB1EE670AB0E607EE105AF7EE007AC8
:10AA500087EE870AA9E607EE905A27EEA70AA4E632
:10AA6000BDEC028BBDE8F04700F0C8BA07EE905A83
:10AA700077EEE77A87EEA70A97E600BF346105080C
:10AA8000F7FF7F3F0700803FABAAAA3E3BAAB83F33
:10AA900070A5EC3600AAB83F8CBEBF351872313FA6
:10AAA0000072313F0EEADDB54CBB313355B38A3805
:10AAB000610B36BBABAA2A3E000000000000804BB1
:10AAC00019F0FF4F40F0F9805FED047A60EE277ACD
:10AAD0006FF0170117EE907A8F48FB15C7F3160732
:10AAE0007F3B87420B4447F07E5140F3DE808B482A
:10AAF000874240F3FE80DFED8A4A0133A1F5000171
:10AB0000F0EE643A0020B7EE006A06EE901A76EE98
:10AB1000867AB7EE007A87EE278A491041F0005115
:10AB200001F58021014436EEC67A07EE901A27EE31
:10AB3000082A77EEC65A9FED7B4A7B49DFED7B8A78
:10AB40009FED7B0ADFED7B0A9FED7B1ADFED7B1A21
:10AB5000DFED7B2A9FED7B3A9FED7B5A22EE026A66
:10AB600012EE100A76EEE56AF0EE445AE6EE285A46
:10AB7000084004EE100AA4EE677AF0EE407AE5EEA3
:10AB8000867AA4EE667AE7EE860A67EE086AB0EE89
:10AB9000417AA0EE867A72EE047AE7EE061A67EE44
:10ABA000A67A26EE066AF0EE085AE6EE217AB0EEB4
:10ABB000656AA4EE046A07EE103A36EE276AB8EE2C
:10ABC000C77A16EE103A0B4006EE103A76EE655A4A
:10ABD000E4EE445A77EEE57A67EE827AE6EE867A1C
:10ABE000F0EE675AE4EE065A15EE903A0B4006EE88
:10ABF000903AE4EE466A05EE903A77EEE67A67EE32
:10AC0000A27AE5EE837A77EEA37AF0EE676AE5EE54
:10AC1000856A76EEA46A76EE876A16EE903A0B4065
:10AC200006EE903A36EEC77A37EE647AA5EEC57A2C
:10AC300077EEC77A2AE6BAF1010F7FF4B6ADB1EE2E
:10AC4000400AB2E502F00102C2F1020ABCE53F4946
:10AC50008A4257DC7FF448AE76EEC76AF4EEE76AC4
:10AC6000F1EE10FA4EDAD2154FF400017E3A41FAB5
:10AC700002F21A44C2F3C751354C7F390C41C2F37A
:10AC8000160022EA040206EE902A37EE667AC1F137
:10AC9000170140F400000841002B77EE876AB8BF27
:10ACA000404216EE903AC20524E6DFED1D4A002030
:10ACB000F0EE643AB7EE006A27E700210CE79FED5B
:10ACC000256A76EEC76A37EE866AB4EEE66AF1EE7A
:10ACD00010FAC8DDDFED207A28EE270A20EE270AD9
:10ACE00063E5002EBFF6A6AE9FED1B0A20EE000A1C
:10ACF0005BE5DFED1A4ADFED1A3A4FF40010B7EECC
:10AD0000086A02E7DFED177A28EE270A20EE270A05
:10AD10004BE500F037FE44E671C41C00D6B35D007D
:10AD20000000000055326C3E00F0FFFF42F1533E40
:10AD300005A38B3EABAAAA3EB76DDB3E9A99193F9D
:10AD40004F38763FA0C39D360038763F000016434B
:10AD5000FFFF7F003CAA3833CAF2497100C0153F9B
:10AD6000DCCFD1356042A20D70B510EE103A954A95
:10AD700023F00044944286B0054668DD924A94422E
:10AD800010EE106A1ADC002BDFED907A904A24F066
:10AD90000F0440F3F180944270EE677A66D09FED25
:10ADA0008D7A77EEC76A012077EEE67AC5ED006A04
:10ADB00077EEC77AC5ED017A06B070BD864A944237
:10ADC00067DDB4F1FF4F49DAE215863AA4EBC253CE
:10ADD00007EE903ABDEEE77ADFED806AB8EEC77A0B
:10ADE00077EEC77A8DED037A67EEA67ABDEEE77A45
:10ADF000B8EEC77A77EEC77A8DED047A67EEA67A59
:10AE0000F5EE407AF1EE10FACDED057A40F0A38030
:10AE1000B5EE407AF1EE10FA14BF02230123704917
:10AE200001910221009103A8294600F06DF9002E3E
:10AE3000C2DA95ED007AD5ED017AB1EE477AF1EEFE
:10AE4000677A404285ED007AC5ED017AB4E70022C9
:10AE500085ED000A4260002006B070BD70EE407AB9
:10AE60000020C5ED017AC5ED007AA5E7DFED5D6A4A
:10AE70009FED5D7A77EEE67A012077EEC76A77EE8E
:10AE8000E67AC5ED006A77EEC77AC5ED017A06B0BD
:10AE900070BD00F0B7FCDFED556A9FED4C6A9FED89
:10AEA0004D7AF6EE007AE0EE267AFDEEE77A17EEBE
:10AEB000900AF8EEE76A1F28A6EEC60A66EE877AC1
:10AEC000B1EE666A1EDC4A4A411E24F0FF0352F8C6
:10AED0002120934216D030EE677A85ED007A30EE6D
:10AEE000470A002E30EE670A85ED010ABFF664AF0F
:10AEF000B1EE477AB1EE400A85ED007A85ED010AA0
:10AF0000404259E730EE677AE21517EE103AC3F384
:10AF1000C753C3EBD454082CDFDDDFED327A9FED4D
:10AF2000327AF0EE405AE6EE275A30EE650AA6EE87
:10AF3000270AF0EE407AD6EE877A35EEE77A17EEFA
:10AF4000103AC3F3C753D21A192A06DC85ED007AEA
:10AF5000B0EE650AC3E7032361E79FED267A9FED14
:10AF6000265AB0EE650AA6EE070A75EEC07AE6EE3E
:10AF7000077AD6EE857AAEE7944270EE277A0ED045
:10AF80009FED147A77EE876A4FF0FF3077EEE67A1E
:10AF9000C5ED006A77EE877AC5ED017A0CE7DFED43
:10AFA000116A9FED117A77EEA67A4FF0FF3077EEB7
:10AFB000876A77EEE67AC5ED006A77EE877AC5EDA7
:10AFC000017AF9E6D80F493FE3CB1640800FC93F1D
:10AFD000D00FC93F43443537800F494300008043B9
:10AFE000508C05080044353708A3852E84F9223F8C
:10AFF000D08B050800A3852E32318D24B1EEC00A16
:10B00000704700BF10EE103A23F00043B3F1485FE1
:10B010002CDAFDEEC07A17EE903A002B60D020EECD
:10B02000007ADFED314A9FED315ADFED315A9FED65
:10B03000316ADFED317ADFED316AA7EE245AE7EEAF
:10B04000055AA7EE256AE7EE067AE7EE276A67EE6D
:10B05000266A60EEC00AF6EE007AE7EE260AB7EE40
:10B06000000AD7EE270A30EE600A704720EE007A19
:10B07000DFED1D4A9FED1D5ADFED1D5A9FED1D6A44
:10B08000DFED1D7ADFED1D6A1D4AA7EE245A9342BB
:10B09000E5EE075AA5EE876AE6EE077AE7EE876ADD
:10B0A00066EE876AD5DD174A934214DC03F17F43CD
:10B0B00007EE903AB7EE006A36EE676A60EEC00AB5
:10B0C000F6EE005AE7EE260AD7EE257A77EEE00A8A
:10B0D00036EE600A7047B6EE076AF5EE027AEDE7E3
:10B0E000B7EE000A704700BF4ED747ADF6740F3178
:10B0F0007CF293B4010DD037610BB6BAABAA2A3DEE
:10B100009999993E0000483F2DE9F04F2DED048BB1
:10B11000DBB0D74C689D0791111D54F8256004934E
:10B120000992834603F1FF39C0F29D82D31E44BFCA
:10B1300013460433DB1003930133DB000893DDE98E
:10B1400008239B1A0693039B16EB0901A3EB090343
:10B1500016D401319FEDC77A699819441EAA002BB5
:10B16000A4BF50F8234007EE904A03F10103ACBF9F
:10B17000F8EEE77AF0EE477A8B42E2EC017AEED114
:10B18000002EC0F2E082049B1EA901EB830446ADB1
:10B190004FEA830C4846F7180BEB8301B9F1000F17
:10B1A000DFEDB47A09DB22465B46F3EC016A32ED4F
:10B1B000017A8B42E6EE877AF7D10130B842E5ECAE
:10B1C000017A04F10404E9D10DF1280808EB8603A3
:10B1D000083B05939FEDA99ADFEDA78A0698009694
:10B1E00009AB03EB860A0BEB0C0446AF5B465AAA8D
:10B1F00002EB8602002E12ED140A4FEA860B16DDD2
:10B2000007EB8602414660EE097AB0EE407AFDEE29
:10B21000E77A72ED016AF8EEE77ABA42A7EEE87AC9
:10B2200037EEA60ABDEEC77AA1EC017AEBD1CDE9E3
:10B23000010300F0A7FBB0EE408AB4EE000A28EE4E
:10B24000000A00F0F5FAF2EE007AA0EE678A0198A3
:10B25000029BFDEEC89A0028F8EEE97A38EE678A7C
:10B2600078DD06F1FF3CC0F1080258F82C5045FA91
:10B2700002F101FA02F2AA1A48F82C20C0F10705DF
:10B2800019EE90CA42FA05F58C44002D09EE90CAD9
:10B2900068DCB5EE408AF1EE10FA40F0B680009A14
:10B2A00006F1FF3E724510DC06F18042013A08EBE0
:10B2B000820200219C4652F80439524541EA0301BA
:10B2C000F9D16346002940F0F280009A013A58F81B
:10B2D0002220002A40F0E680059A4FF0010C52F837
:10B2E00004190CF1010C0029F9D006F1010BB4444A
:10B2F000DE460499039A8D195A441EA902F1804230
:10B3000001EB85056999013A01EB820607EB8B0B8E
:10B31000D6ED017A9FED577AF8EEE77AB9F1000F92
:10B3200006F104062946C5ED007A05F1040509DB9E
:10B330001A4601E071ED017AF2EC016AA242A6EE32
:10B34000A77AF7D10EF1010EE645ABEC017ADFDD0D
:10B3500066464CE740F09C80721E58F822502D1231
:10B36000002D96DD19EE902A002E02F1010209EE61
:10B37000902A40F38E81D8F80010002974D1012E54
:10B380001CD042464FF0010C52F8041F002979D01E
:10B390000CF10102C1F58071964248F82C100CDDC9
:10B3A00058F82210C34408EB820200E01168C1F192
:10B3B000FF0142F8041B5A45F8D1012100280CDD99
:10B3C000012800F04781022807D106F1FF3C58F818
:10B3D0002C2002F03F0248F82C20022D7FF459AFB8
:10B3E000B7EE000A30EE488A00293FF452AFCDE9AB
:10B3F000010300F0C7FA38EE408ADDE90103B5EE3B
:10B40000408AF1EE10FA3FF44AAFDDE90832B0EEBF
:10B41000480A981A02960195009E00F0B3FA9FED33
:10B42000167AB4EEC70AF1EE10FADDE90123C0F294
:10B430005781DFED127A069960EE277A0831FDEE2A
:10B44000E77A0691F8EEE77A5D1CA7EEC70AFDEEF3
:10B45000E77ABDEEC00A10EE101A48F8231017EE76
:10B46000903A48F8253039E001224FF0000C91E77E
:10B47000948F050800000000000080430000803B1E
:10B480000000C93F0CF1010CB4457FF47DAF95E796
:10B49000F6EE007AB4EEE78AF1EE10FA80F2E88078
:10B4A0000025F6E606F1010BDE46DC4621E70698AC
:10B4B00058F82E10083833462A46009E06907546E6
:10B4C00061B903F18043023B08EB8303014653F863
:10B4D0000409013D08390028F9D006910698009228
:10B4E000B7EE000A00F04EFA002D009AC0F21E815D
:10B4F0004FEA850E46AB03EB0E070EF1040C1FED71
:10B50000217A08EB0C03391D73ED017AF8EEE77A26
:10B51000434567EE807A20EE070A61ED017AF3D1A8
:10B52000002E1FED296A4FF0000420DB8F48DFED6D
:10B53000907A3946B0EE467A002303E09C4208DB5D
:10B54000B0EC017AF1EC016A01339E42E6EE877AB3
:10B55000F4DA5AAB03EB8403A54243ED287AA7F152
:10B56000040704F1010305D0002E1C46DEDADFEDEE
:10B57000807AEEE7689902291CDC002900F38B80B1
:10B580000FD132ABDFED7A7A9C443CED017A634512
:10B5900077EE877AF9D10AB1F1EE677A079BC3EDAE
:10B5A000007A19EE903A03F007005BB0BDEC048B13
:10B5B000BDE8F08F689B032BF3D1002D00F0CB800A
:10B5C0005AAB734432A913ED287A01EB850373ED6E
:10B5D000017AF0EE476A37EE277A994277EEC77A1A
:10B5E00083ED007A77EEA67AC3ED017AEFD1012DD3
:10B5F00040F3B18005F180455AAB013D9E44AD005A
:10B600002B1D1EED287A0B4433A873ED017AF0EE62
:10B61000476A37EE277A984277EEC77A83ED007A49
:10B6200077EEA67AC3ED017AEFD10835DFED507AD7
:10B630004B19083133ED017A994277EE877AF9D1C7
:10B64000002A55D10799329A339BC1ED027A0A60DC
:10B650004B60A6E706F1FF3C58F82C2002F07F0271
:10B6600048F82C20B9E6082308930023039366E5E5
:10B6700019EE902A002E02F1010209EE902AC8BFAD
:10B6800002253FF778AEF7EE007A37EEC88A02253A
:10B69000FFE5002192E632A9DFED357A01EB830365
:10B6A00033ED017A994277EE877AF9D192BB9DED1D
:10B6B000327A079B002DC3ED007A77EE677A0BDDB7
:10B6C00033A90123B1EC017A01339D4277EE877AE9
:10B6D000F8DA0AB1F1EE677A079BC3ED017A60E709
:10B6E000BDEEC00A1D4610EE101A48F82310F5E60C
:10B6F000DDED326A9DED337A079BF1EE677AF1EE6C
:10B70000666AB1EE477AC3ED027AC3ED006A83ED53
:10B71000017A46E7DDED326A079BB1EE677A002DCC
:10B7200076EEE77A83ED007ACADCD3E7689B022BDA
:10B730000DDC002B14DC7FF434AFDFED0D7A002A32
:10B740003FF42CAF28E7049B4FEA830C3CE5689B51
:10B75000032B7FF426AFDFED067A002AC8D171E70C
:10B76000DFED037A002AA2D0D4E700BF6C8F050872
:10B770000000000010EE103A23F00043B3F1485FE0
:10B7800004DAFDEEC07A17EE903A5BB360EE007A11
:10B790009FED155ADFED155A9FED156ADFED156A1D
:10B7A0009FED157AE7EE855A20EE275AA5EEA76A97
:10B7B000E6EE276AA6EEA77A30B9DFED106AE7EE6B
:10B7C000876AA6EE850A704727EE457AF6EE006A8C
:10B7D000A0EEA67ADFED0A6AD7EE270AE5EE260A82
:10B7E00030EE600A704700BFD3C92E2F342FD7B276
:10B7F0001BEF3836010D50B98988083CABAA2ABE28
:10B80000ABAA2A3E10EE103A23F0004300EE103AA5
:10B81000704700BF82B08DED010A019820F0004012
:10B82000B0F1FF4FACBF0020012002B0704700BF55
:10B8300010EE102AC2F3C7537F3B162B22F00041B3
:10B840001ADC002B1EDB1A4919410A4227D0DFED12
:10B85000197A70EE277AF5EEC07AF1EE10FA1EDD55
:10B86000002A04DA4FF4000040FA03F31A4422EAF3
:10B87000010300EE103A7047B1F1FF4F0FD330EEE5
:10B88000000A7047DFED0B7A70EE277AF5EEC07A8A
:10B89000F1EE10FA03DD002A02DB9FED070A704784
:10B8A0000029FFEE007A18BFB0EE670A704700BFAC
:10B8B000FFFF7F00CAF24971000000009FED010AFE
:10B8C000704700BF0000C07F10EE101AC1F3C753CD
:10B8D000A3F17F02162A21F0004328DC33B310B411
:10B8E000002A83B04FEAD17027DB244B1341194261
:10B8F00018D05C0811EA530307D04FF4001321EA73
:10B90000040113410B4300EE103A1D4B03EB800082
:10B91000D0ED007A37EE800A8DED010A9DED010A27
:10B9200030EE670A03B05DF8044B70477047B3F11F
:10B93000FF4FFBD330EE000A7047C1F316035B42A2
:10B940000F4A5B0A090D03F480030905194302EB52
:10B950008002D2ED006A07EE901A36EEA77A8DEDDE
:10B96000017ADDED017A77EEE67A17EE903A23F070
:10B97000004343EAC07300EE103AD3E7FFFF7F00B5
:10B98000A08F050882B08DED010A019B33F00042C3
:10B990002AD0B2F1FF4F23D213F0FF4F28D19DEDF3
:10B9A000017ADFED2A7A2A4B67EE277A9842CDEDAD
:10B9B000017A37DB019BC3F3C752193A0244FE2ACE
:10B9C0001ADD9FED240A9FED247A019B002BF0EEF7
:10B9D000407AB8BFB0EE470A20EE270A02B070479F
:10B9E00030EE000A02B070479DED010A02B07047C8
:10B9F000D20D0244FE2AE4DC002A0BDC12F1160F01
:10BA000017DA4CF250339842DBDC9FED140A9FEDBD
:10BA1000147ADAE723F0FF4343EAC25300EE103A08
:10BA200002B070479FED0D0ADDED017A27EE800A26
:10BA3000D8E7193223F0FF4343EAC253DFED097A16
:10BA400007EE103A27EE270ACCE700BF0000004CB3
:10BA5000B03CFFFFCAF24971CAF249F16042A20D3F
:10BA60006042A28D00000033014B1868704700BF90
:10BA70005C0C002018B1B0FA80F0C0F120007047D3
:10BA80000A44914200F1FF3300D1704710B511F81C
:10BA9000014B03F8014F9142F9D110BD174B10B57E
:10BAA0001C68A36BB3B9182000F094F8A06328B900
:10BAB0000246134B13484E2100F05CF8124A134B18
:10BAC000C0E90023124B83600B23838101220023F2
:10BAD000C0E90423A16B0F480A694B690E4C50431F
:10BAE00004FB0300A2FB04345A1C044444F100008C
:10BAF000C1E9042020F0004010BD00BF5C0C002014
:10BB0000AC8F0508C38F05080E33CDAB34126DE63C
:10BB1000ECDE05002DF451582D7F954CF0B508B999
:10BB2000106888B10446204614F8015B0F4617F8E8
:10BB3000016B1EB965B91560284605E0B542F6D11E
:10BB4000002BF0D114600370F0BD1C460CE015B959
:10BB500014F8013B0E4616F8015BAB42F7D1002BFF
:10BB6000F3D0002304F8013C1460EDE70123FFF754
:10BB7000D5BF00001FB514461A46094B1B68054681
:10BB8000D8684CB1074B0091CDE9013406492B46EA
:10BB900000F00EF800F096FC044B1C46F3E700BFE3
:10BBA0005C0C00203F9005084C900508CB860508EA
:10BBB0000EB403B5014603AB054853F8042B0068E7
:10BBC000019300F0EBF802B05DF804EB03B07047AE
:10BBD0005C0C0020024B0146186800F05BB800BF07
:10BBE0005C0C0020024B0146186800F003B800BF4F
:10BBF0005C0C002037B5002948D051F8043C019076
:10BC0000002BA1F10404B8BFE41800F0A3FE204A01
:10BC100001981368154633B96360146003B0BDE83A
:10BC2000304000F09DBEA3420BD9216862189342B8
:10BC300004BF1A685B68636004BF521822602C60FE
:10BC4000ECE71A465B680BB1A342FAD911685518A4
:10BC5000A5420BD1246821445418A3421160DDD1C0
:10BC60001C685B68536021441160D7E702D90C233C
:10BC70000360D3E7256861198B4204BF19685B68CC
:10BC8000636004BF491921605460C7E703B030BD49
:10BC9000BC2E0120F8B5CD1C25F0030508350C2D70
:10BCA00038BF0C25002D064601DBA94203D90C2321
:10BCB00033600020F8BD00F04DFE21490A681446AB
:10BCC0009CB9204F3B6823B92146304600F02AFB3F
:10BCD00038602946304600F025FB431C23D10C2355
:10BCE0003360304600F03CFEE3E723685B1B17D46B
:10BCF0000B2B03D923601C44256004E06368A24237
:10BD00000CBF0B605360304600F02AFE04F10B00BC
:10BD1000231D20F00700C21ACCD01B1AA350C9E77C
:10BD200022466468CCE7C41C24F00304A042E3D09C
:10BD3000211A304600F0F6FA0130DDD1CFE700BF1E
:10BD4000BC2E0120C02E01209368013B002B10B4B3
:10BD5000936008DA9469A34201DB0A2903D15DF8F4
:10BD6000044B00F0EFBA1368581C106019700846B5
:10BD70005DF8044B7047F8B506460F461446D518D3
:10BD8000AC4201D1002007E014F8011B3A463046CE
:10BD9000FFF7DAFF431CF3D1F8BD00002DE9F04FA7
:10BDA0000D469DB014469846064618B183690BB9F6
:10BDB00000F0AAFC894B9D421BD175686B6ED907B8
:10BDC00005D4AB899A0502D4A86D00F03BFDAB8980
:10BDD0001B0701D52B69EBB92946304600F004FB5F
:10BDE000C0B16B6EDC070ED54FF0FF301DB0BDE863
:10BDF000F08F7B4B9D4201D1B568DFE7794B9D42C7
:10BE000008BFF568DAE7AB899805EDD4A86D00F0B6
:10BE10001AFDE9E70023099320238DF82930CDF896
:10BE20000C803023DFF8C0818DF82A304FF00109F3
:10BE300023469A4613F8012B0AB1252AF9D1BAEB09
:10BE4000040B0BD05B46224629463046FFF793FF92
:10BE5000013000F0AA80099A5A4409929AF80030F9
:10BE6000002B00F0A28000234FF0FF32CDE9052324
:10BE70000AF1010A049307938DF853301A9354463C
:10BE8000052214F8011B5848FDF702F9049AD8B9A5
:10BE9000D10644BF20238DF85330130744BF2B2312
:10BEA0008DF853309AF800302A2B15D0079A544653
:10BEB00000204FF00A0C214611F8013B303B092BC2
:10BEC0004ED9B0B1079214E0A0EB080309FA03F3CE
:10BED00013430493A246D2E7039B191D1B680391E9
:10BEE000002BBBBF5B4242F0020207930793B8BF2F
:10BEF000049223782E2B0CD163782A2B35D1039B07
:10BF00001A1D1B680392002BB8BF4FF0FF33023499
:10BF10000593DFF8E4A0217803225046FDF7B8F836
:10BF200040B14023A0EB0A0003FA00F0049B034356
:10BF30000134049314F8011B2C488DF828100622B4
:10BF4000FDF7A6F800283FD0294B1BBB039B073306
:10BF500023F0070308330393099B3B44099367E7E6
:10BF60000CFB02320C460120A5E7002301340593A7
:10BF700019464FF00A0C204610F8012B303A092AD6
:10BF800003D9002BC5D00591C3E70CFB0121044662
:10BF90000123F0E703AB00932A46164B04A9304671
:10BFA000AFF300800746781CD6D16B6ED90705D455
:10BFB000AB899A0502D4A86D00F045FCAB895B06FD
:10BFC0003FF512AF099811E703AB00932A46094BDE
:10BFD00004A9304600F080F8E4E700BFD0900508DF
:10BFE000F0900508B09005087B900508859005083D
:10BFF0000000000077BD0408819005082DE9F04796
:10C00000164699468A680B69DDF820809342B8BFCE
:10C010001346336091F8432007460C460AB10133BA
:10C0200033602368990642BF336802333360256862
:10C0300015F0060506D104F1190AE36832689B1A67
:10C04000AB4226DC94F84320131E226818BF01235C
:10C0500092062BD404F1430249463846C0470130CA
:10C060001ED02368E568326803F00603042B08BF7E
:10C07000AD1AA36822690CBF25EAE5750025934235
:10C08000C4BF9B1AED1800261A34B5421AD10020FD
:10C0900008E00123524649463846C047013003D1E3
:10C0A0004FF0FF30BDE8F0870135C6E7E1185A1CB4
:10C0B000302081F84300224494F8451082F8431060
:10C0C0000233C7E70123224649463846C0470130BC
:10C0D000E6D00136D9E700002DE9FF470C4691462E
:10C0E000277E0C99782F80469A4604F1430207D8A0
:10C0F000622F0AD8002F00F0D880582F00F0A380BC
:10C1000004F1420684F842703AE0A7F16303152B6C
:10C11000F6D801A050F823F071C1040885C10408C5
:10C1200001C1040801C1040801C1040801C10408D7
:10C1300085C1040801C1040801C1040801C1040843
:10C1400001C1040891C20408B5C1040873C20408FF
:10C1500001C1040801C10408B3C2040801C10408F4
:10C16000B5C1040801C1040801C104087BC2040868
:10C170000B681A1D1B680A6004F1420684F84230FD
:10C180000123A3E0256808682E0600F104030AD500
:10C1900005680B60002D03DA2D236D4284F84330CF
:10C1A0005E480A2319E015F0400F05680B6018BFC0
:10C1B0002DB2EFE70B682568181D0860280601D529
:10C1C0001D6802E06906FBD51D8854486F2F0CBF1F
:10C1D00008230A23002184F843106668A660002E15
:10C1E000A2BF216821F0040121600DB9002E4DD0BD
:10C1F0001646B5FBF3F103FB1157C75D06F8017D49
:10C200002F46BB420D46F4D9082B0BD12368DF071C
:10C2100008D5236961689942DEBF302306F8013CE6
:10C2200006F1FF36921B2261CDF800A04B4603AA0F
:10C2300021464046FFF7E2FE01304CD14FF0FF307F
:10C2400004B0BDE8F087354884F8457023680E686F
:10C250001F0656F8045B0E6014D5D90744BF43F09F
:10C26000200323601DB9236823F0200323601023DB
:10C27000B0E7236843F0200323607823284884F83C
:10C280004530E3E75E0648BFADB2E6E71646BBE7DA
:10C290000B68266860691D1D0D6035061B6801D599
:10C2A000186002E07106FBD5188000232361164652
:10C2B000BAE70B681A1D0A601E68626800213046E2
:10C2C000FCF7E6FE08B1801B606063682361002311
:10C2D00084F84330A8E72369324649464046D047B0
:10C2E0000130ABD023689B0713D4E068039B9842CE
:10C2F000B8BF1846A4E70123324649464046D04716
:10C3000001309BD00135E36803995B1AAB42F2DC44
:10C31000EBE7002504F11906F5E700BF8C9005084E
:10C320009D90050838B5064D0023044608462B604D
:10C3300000F084FC431C02D12B6803B1236038BD9C
:10C34000D42E0120F8B50E461446054618B183696F
:10C350000BB900F0D9F9214B9C422BD16C68A36931
:10C36000A360A3891A072FD523696BB323692068BB
:10C37000C01A6369F6B28342374604DC2146284678
:10C3800000F02EF930BBA368013BA36023685A1C60
:10C3900022601E7063690130834204D0A389DB07E9
:10C3A00006D50A2E04D12146284600F019F988B98D
:10C3B0003846F8BD0A4B9C4201D1AC68CFE7094B27
:10C3C0009C4208BFEC68CAE72146284600F00CF8FA
:10C3D0000028CBD04FF0FF37EAE700BFD090050828
:10C3E000F0900508B0900508324B70B51D68064600
:10C3F0000C4625B1AB6913B9284600F085F92E4BE0
:10C400009C420FD16C68A389B4F90C2019072CD475
:10C41000DD0611D40923336042F04003A3814FF0BD
:10C42000FF303EE0254B9C4201D1AC68EBE7244B4A
:10C430009C4208BFEC68E6E7580712D5616B41B132
:10C4400004F14403994202D03046FFF7D3FB0023A6
:10C450006363A38923F02403A3810023636023691A
:10C460002360A38943F00803A38123694BB9A389FF
:10C4700003F42073B3F5007F03D02146304600F06B
:10C4800007FAA089B4F90C2010F001030AD00023A8
:10C49000A36063695B42A361236943B910F0800024
:10C4A000BAD170BD810758BF6369A360F4E700206B
:10C4B000F7E700BF5C0C0020D0900508F09005085D
:10C4C000B090050808B5062000F078FA012000F0C9
:10C4D000CBFB00008A892DE9F041054610070C4688
:10C4E00058D44B68002B05DC0B6C002B02DC0020C1
:10C4F000BDE8F081E66A002EF9D0002312F48052E4
:10C500002F682B6032D0606DA3895A0705D5636808
:10C51000C01A636B0BB1236CC01A00230246E66A93
:10C52000216A2846B047431CA38906D129681D29E2
:10C530002CD82A4ACA40D60728D500226260D904DE
:10C540002269226004D5421C01D12B6803B96065C1
:10C55000616B2F600029CAD004F14403994202D0D4
:10C560002846FFF747FB00206063C1E7216A0123EB
:10C570002846B047411CC7D12B68002BC4D01D2BC7
:10C5800001D0162B01D12F60B1E7A38943F04003FE
:10C59000A381ADE70F69002FA9D093070E6808BFEC
:10C5A0004B690F6018BF0023A6EB07088B60B8F13A
:10C5B000000F9CDD216AA66A43463A462846B047EA
:10C5C000002806DCA38943F04003A3814FF0FF302D
:10C5D0008EE70744A8EB0008E9E700BF0100402010
:10C5E00038B50B6905460C4613B90025284638BDF9
:10C5F00018B183690BB900F087F8144B9C421BD12A
:10C600006C68B4F90C30002BEFD0626ED00704D404
:10C61000990502D4A06D00F015F928462146FFF7D0
:10C6200059FF636EDA070546E0D4A3899B05DDD484
:10C63000A06D00F008F9D9E7054B9C4201D1AC6828
:10C64000DFE7044B9C4208BFEC68DAE7D0900508AE
:10C65000F0900508B0900508002310B50446C0E925
:10C660000033C0E90433836081814366C281836102
:10C67000194608225C3000F065F9054B6362054BF2
:10C68000A362054BE362054B2462236310BD00BF28
:10C69000F5C9040817CA04084FCA040873CA040875
:10C6A000014900F0AFB800BFE1C5040870B54A1EEB
:10C6B000682555430E4605F17401FFF7EBFA044671
:10C6C00040B10021C0E900160C30A06005F16802FD
:10C6D00000F038F9204670BD014800F0B3B800BF43
:10C6E000CC2E0120014800F0AEB800BFCC2E0120B6
:10C6F000014800F0A7B800BFCB2E0120014800F090
:10C70000A2B800BFCB2E012010B50446FFF7F0FF02
:10C71000A3691BB1BDE81040FFF7F0BFC4E91233B5
:10C720002365134B134A1B68A262A34204BF012373
:10C73000A361204600F020F86060204600F01CF85D
:10C74000A060204600F018F80022E0600421606834
:10C75000FFF782FFA06801220921FFF77DFFE06853
:10C7600002221221FFF778FF0123A361D2E700BF65
:10C77000A88F0508A1C60408F8B50746FFF7ACFF67
:10C780001E4B1E68B36913B93046FFF7BDFF48362C
:10C79000D6E90134013B03D533680BB33668F7E7BC
:10C7A000B4F90C50D5B9164BE36004F15800656636
:10C7B00000F047F8FFF796FFC4E90155C4E90455B6
:10C7C0002560A5610822294604F15C0000F0BAF852
:10C7D000C4E90D55C4E912552046F8BD6834D9E7BF
:10C7E00004213846FFF762FF044630600028D5D1A7
:10C7F000FFF778FF0C233B60EEE700BFA88F05082A
:10C800000100FFFF2DE9F8430646884600F1480481
:10C810000027D4E90195B9F1010905D52468002C58
:10C82000F7D13846BDE8F883AB89012B07D9B5F9B4
:10C830000E30013303D029463046C04707436835E0
:10C84000E9E770477047704770B50E46B1F90E10B2
:10C85000002996B014461D4607DA00232B60B389E1
:10C860001A0610D44FF480630EE06A4600F028F9EF
:10C870000028F2DB019A02F47042A2F500535A42FA
:10C880005A412A60EEE740230020236016B070BDB5
:10C890008B8973B59D0706460C4607D504F14703FF
:10C8A000236023610123636102B070BD01AB6A465E
:10C8B000FFF7CAFF009905463046FFF7EBF948B984
:10C8C000B4F90C309A05EFD423F0030343F00203CC
:10C8D000A381E3E70D4BB362A389206043F080039B
:10C8E000A381009B6361019B20615BB1B4F90E10D1
:10C8F000304600F0F7F828B1A38923F0030343F092
:10C900000103A381A0890543A581CDE7A1C6040841
:10C91000884210B501EB020402D98442234607D8AD
:10C92000431EA14208D011F8012B03F8012FF8E7AC
:10C93000024401468A4200D110BD13F8014D02F8AD
:10C94000014DF7E702440346934200D1704703F8D4
:10C95000011BF9E70148FFF775BF00BFC82E012092
:10C960000148FFF770BF00BFC82E01201F2938B54E
:10C9700004460D4604D9162303604FF0FF3038BD3E
:10C98000426C12B152F821304BB9204600F030F819
:10C990002A4601462046BDE8384000F017B8012B72
:10C9A0000AD0591C03D1162303600120E7E70024B5
:10C9B00042F82540284698470020E0E7024B014610
:10C9C0001868FFF7D3BF00BF5C0C002038B5074DD7
:10C9D00000230446084611462B6000F017F9431C5B
:10C9E00002D12B6803B1236038BD00BFD42E0120D3
:10C9F00000F0FCB810B50C46B1F90E1000F094F838
:10CA00000028ABBF636DA3891B1823F48053ACBF10
:10CA10006365A38110BD2DE9F0411F468B89DB05BD
:10CA200005460C46164605D5B1F90E100223002224
:10CA300000F068F8A389B4F90E1023F48053A381A1
:10CA400032463B462846BDE8F04100F017B810B525
:10CA50000C46B1F90E1000F055F8431CA38915BF20
:10CA6000606523F4805343F48053A38118BFA381EE
:10CA700010BDB1F90E1000F013B8000038B5074D25
:10CA800004460846114600222A601A4600F0E4F8DF
:10CA9000431C02D12B6803B1236038BDD42E012082
:10CAA00038B5064D0023044608462B6000F08EF88A
:10CAB000431C02D12B6803B1236038BDD42E012062
:10CAC00038B5074D00230446084611462B6000F098
:10CAD00085F8431C02D12B6803B1236038BD00BF29
:10CAE000D42E012038B5064D0023044608462B609D
:10CAF00000F084F8431C02D12B6803B1236038BDD9
:10CB0000D42E012038B5074D0446084611460022B0
:10CB10002A601A4600F082F8431C02D12B6803B148
:10CB2000236038BDD42E012038B5074D0446084691
:10CB3000114600222A601A4600F078F8431C02D100
:10CB40002B6803B1236038BDD42E012030B50139E4
:10CB50000024A24201D1002005E0035D01340D5DF7
:10CB6000AB42F6D0581B30BDC9B2034610F8012BBA
:10CB70001AB18A42F9D118467047002918BF00231C
:10CB8000F9E710B56AB10139841810F8013B11F8C2
:10CB9000012F934203D1A04201D0002BF5D1981A66
:10CBA00010BD1046FCE710B50139034632B111F84B
:10CBB000014F03F8014B013A002CF7D11A44002130
:10CBC000934200D110BD03F8011BF9E7024B582234
:10CBD0001A604FF0FF307047D42E0120024B5822CC
:10CBE0001A604FF0FF307047D42E0120024B5822BC
:10CBF0001A604FF0FF307047D42E0120024B5822AC
:10CC00001A600020704700BFD42E0120024B58222A
:10CC10001A604FF0FF307047D42E0120024B58228B
:10CC20001A604FF0FF307047D42E0120024B58227B
:10CC30001A604FF0FF307047D42E0120044A054996
:10CC40001368002B08BF0B46184410601846704745
:10CC5000C42E0120D8F70120024B58221A604FF051
:10CC6000FF307047D42E0120FEE700BFCD2E040810
:10CC70009D2B0408752E0408B12E0408192E0408F3
:10CC8000012D0408712D0408C12D0408492E040843
:10CC9000BD5304081913040819530408C5520408A5
:10CCA0007D5204083152040889510408F112040825
:10CCB000D1120408E551040800000000FD500408EA
:10CCC000CD12040800000000000000000A0000006F
:10CCD0000000000000000000000000000000000054
:10CCE000000000000100000000000000000102033D
:10CCF00004050505050506060606060600000050A3
:10CD00002D000000000000000000000000000000F6
:10CD10000000000000000000000000000000000013
:10CD20000000000000000000000000000000000003
:10CD300000000000000000000000000000000000F3
:10CD400000000000000000000000000000000000E3
:10CD500000000000000000000000000000000000D3
:10CD600000000000000000000000000000000000C3
:10CD700000000000000000000000000000000000B3
:10CD800000000000000000000000000000000000A3
:10CD90000000000000000000000000000000000093
:10CDA0000000000000000000000000000000000083
:10CDB0000000000000000000000000000000000073
:10CDC0000000000000000000000000000000000063
:10CDD0000000000000000000000100502D000000D5
:10CDE0000000000000000000000000000000000043
:10CDF0000000000000000000000000000000000033
:10CE00000000000000000000000000000000000022
:10CE10000000000000000000000000000000000012
:10CE20000000000000000000000000000000000002
:10CE300000000000000000000000000000000000F2
:10CE400000000000000000000000000000000000E2
:10CE500000000000000000000000000000000000D2
:10CE600000000000000000000000000000000000C2
:10CE700000000000000000000000000000000000B2
:10CE800000000000000000000000000000000000A2
:10CE90000000000000000000000000000000000092
:10CEA0000000000000000000000000000000000082
:10CEB00000000000000400502E00000000000000F0
:10CEC0000000000000000000000000000000000062
:10CED0000000000000000000000000000000000052
:10CEE0000000000000000000000000000000000042
:10CEF0000000000000000000000000000000000032
:10CF00000000000000000000000000000000000021
:10CF10000000000000000000000000000000000011
:10CF20000000000000000000000000000000000001
:10CF300000000000000000000000000000000000F1
:10CF400000000000000000000000000000000000E1
:10CF500000000000000000000000000000000000D1
:10CF600000000000000000000000000000000000C1
:10CF700000000000000000000000000000000000B1
:10CF800000000000000000000000000000000000A1
:10CF9000000500502E00000000000000000000000E
:10CFA0000000000000000000000000000000000081
:10CFB0000000000000000000000000000000000071
:10CFC0000000000000000000000000000000000061
:10CFD0000000000000000000000000000000000051
:10CFE0000000000000000000000000000000000041
:10CFF0000000000000000000000000000000000031
:10D000000000000000000000000000000000000020
:10D010000000000000000000000000000000000010
:10D020000000000000000000000000000000000000
:10D0300000000000000000000000000000000000F0
:10D0400000000000000000000000000000000000E0
:10D0500000000000000000000000000000000000D0
:10D06000000000000000000000000000000600506A
:10D070002E00000000000000000000000000000082
:10D0800000000000000000000000000000000000A0
:10D090000000000000000000000000000000000090
:10D0A0000000000000000000000000000000000080
:10D0B0000000000000000000000000000000000070
:10D0C0000000000000000000000000000000000060
:10D0D0000000000000000000000000000000000050
:10D0E0000000000000000000000000000000000040
:10D0F0000000000000000000000000000000000030
:10D10000000000000000000000000000000000001F
:10D11000000000000000000000000000000000000F
:10D1200000000000000000000000000000000000FF
:10D1300000000000000000000000000000000000EF
:10D14000000000000000000000010000000084CB8F
:10D150001200000000010000000021C310000000C8
:10D160001003000002003004010000001103000061
:10D170000400600802000000120100000800900C8A
:10D1800003000000130100001000C01004000000A4
:10D1900014020000000052471100000015020000B8
:10D1A000002090360D000000160200000800900CD0
:10D1B00003000000170200001000C010040000006F
:10D1C00018100000020030040100000019100000D7
:10D1D0000400600802000000200100000080F03E12
:10D1E0000F00000020040000001060320C0000005E
:10D1F00021010000001060320C000000210400003A
:10D200000200300401000000220200000010603221
:10D210000C0000002B0300000040C03A0E0000008C
:10D220002C0100000008302E0B0000002C0800002C
:10D230000800900C030000002D1000000800900C66
:10D24000030000002E0100002000F0140500000083
:10D250002E0800001000C010040000002F02000083
:10D260000080F03E0F0000002F0800002000F014A6
:10D2700005000000300300004000201906000000F7
:10D28000310300008000501D070000003203000041
:10D290000001802108000000330300000002B025D7
:10D2A00009000000340200002000F0140500000016
:10D2B000350200000008302E0B000000480200007C
:10D2C0000080F03E0F0000004808000000106032AF
:10D2D0000C00000049080000001060320C00000043
:10D2E00049100000002090360D0000004A1C00008C
:10D2F0008000501D070000004B1C00000001802131
:10D30000080000004C1C00000002B02509000000CD
:10D310004D1C00000004002A0A0000004E1C000002
:10D320000008302E0B000000570400001000C01051
:10D3300004000000581C00004000201906000000F6
:10D340005904000004006008020000005A1C00009C
:10D350000040C03A0E0000005B1C00000080F03E60
:10D360000F0000005C1C00000000214310000000C2
:10D370005D0400000800900C030000005E0800003F
:10D3800002003004010000005F0800000400600893
:10D390000200000000000000060000000C00000079
:10D3A000120000001800000000010000060100004B
:10D3B000010203040506FEFEFEFEFEFEFEFEFEFE6C
:10D3C000FEFEFEFEFEFEFEFEFEFEFEFEFEFEFEFE7D
:10D3D000FEFEFEFEFEFEFEFEFEFEFEFEFEFEFEFE6D
:10D3E000FEFEFEFEFEFEFEFEFEFEFEFEFEFEFEFE5D
:10D3F000FEFEFEFEFEFEFEFEFEFEFE00FE07FEFE42
:10D4000008090AFE0B000000002C01404B1B000025
:10D4100000000040601C000000040040611D00008E
:10D4200000080040621E0000000C00406332000053
:10D430000010004064360000001400406537000012
:10D44000003401404D2E0000004001405018000003
:10D45000004401405119000000480140521A0000E8
:10D460000050014054500000808D5B00001BB7004D
:10D4700000366E0101000000000000000000000006
:10D48000000000001000000000000000000000008C
:10D49000000000000001000000000000000000008B
:10D4A000000000000010000000020000000000006A
:10D4B0000004000000000000000800000000000060
:10D4C000001000009D3803086175030899380308AF
:10D4D00095380308913803088D3803088938030804
:10D4E00085380308813803089D380308257603082A
:10D4F000F1380308F538030891380308F1450408AA
:10D50000F9450308F5450308DD380308A57B040841
:10D5100025480408195E0408B51F04086D4804086E
:10D52000B54604085948040851470408A51F0408D3
:10D530009D38030831580208355802086958020816
:10D5400000000000000000000000000000000000DB
:10D550001D58020895550108B35501087155010879
:10D56000CD55010893550108295601088F5501082A
:10D5700000000000000000000000000000000000AB
:10D5800000000000A81E0120B82E0120FFFF0000AF
:10D590000000000000000800000008000008000073
:10D5A00000000000040404043838000000020102F6
:10D5B000000000000000000000000000000000006B
:10D5C0000000000300808300000000000000000055
:10D5D000000600000000000000000000010203043B
:10D5E0000402080000101010041010100210101097
:10D5F00008000000000000000000FFFF000000FF26
:10D600001E0000FF3C0000FF5A0000FF780000FFF2
:10D61000960000FFB40000FFD20000FFF00000FF02
:10D620000E0100FF2C0100FF4A0100FF010B020D5B
:10D630000A030A0B040D0A03080B040D0A03070B67
:10D64000030D0A03060A01000002030600000000A1
:10D650003D570108855D010881560108915A01086E
:10D660005D5701080000000080250000004B00000D
:10D670000096000000E1000000C2010000840300E9
:10D6800090D00300801A06000008070020A10700C0
:10D6900000100E0040420F0060E3160080841E0060
:10D6A00070B025006701FF00FF00000000050000CA
:10D6B000482405086C24050801040000842405089A
:10D6C000A824050802030000BC240508E02405087E
:10D6D00003020000F42405081825050804010000D1
:10D6E0002C25050834610508010000000000000039
:10D6F0000200000000000000030000000000000025
:10D7000004000000815F0108F14D0108294D010866
:10D71000514F01081D50010819510108CD5201084F
:10D720008D530108055F01081D5401080400010024
:10D73000020002002000030000000000144605085B
:10D7400028240508302405083C2405083024050851
:10D750003C240508DC050CFEF401F401F4014D0144
:10D7600000000000D665CF64C862C35FBE59BB53DA
:10D77000B94EB748B645B542B43FB33CA40000002B
:10D780000000000000000000000000000000000D8C
:10D79000424C48656C69F47D000000000000000008
:10D7A000000418182432000000001818303200005D
:10D7B0000000D007D007D007D0070000000000000D
:10D7C000000032006E0A0100F55402086D5502088F
:10D7D0004D55020815550208216F0208E154020850
:10D7E000F1540208000000000000000000000000EA
:10D7F0000000000000000000C82B0508FF00000129
:10D80000060900001C500508FF000001020000008E
:10D81000D82B05080001000001080100D82B0508DD
:10D820000101000001080100D82B050802010000D9
:10D8300001080100D82B05080301000001080100C0
:10D84000D82B05080400000101000100E42B0508A5
:10D850000001000001080200E42B0508010100009E
:10D8600001080200E42B0508020100000108020083
:10D87000E42B05080301000001080200F02B050855
:10D880000001000001080300F02B05080101000061
:10D8900001080300F02B0508020100000108030045
:10D8A000F02B05080301000001080300F82B050810
:10D8B0000001000001070400F82B05080101000029
:10D8C00001070400F82B050802010000010704000D
:10D8D000002C05080001000001070400002C0508C9
:10D8E0000101000001070400002C050802010000EE
:10D8F00001070400082C05080001000001070400CE
:10D90000082C05080101000001070400082C050887
:10D910000201000001070400102C050800010000AE
:10D9200001070400102C0508010100000107040094
:10D93000102C05080201000001070400182C05083E
:10D940000001000001070500182C05080101000076
:10D9500001070500182C0508020100000107050059
:10D96000242C05080001000003000600242C0508F3
:10D970000101000003000600242C0508020100003C
:10D98000030006002C2C050800010000030007001E
:10D990002C2C050801010000030007002C2C0508B1
:10D9A0000201000003000700342C050800010000FC
:10D9B00003000800342C05080101000003000800E2
:10D9C000342C050802010000030008003C2C050867
:10D9D00000010000010609003C2C050801010000BF
:10D9E000010609003C2C050802010000010609009F
:10D9F000902B0508FF01000001060A00442C0508D1
:10DA0000FF01000001060A004C2C0508FF00000180
:10DA100001060B00542C0508FF00090301000C004F
:10DA20005C2C0508FF00000101000D001C510508D9
:10DA3000FF00000103000E00642C0508FF00000138
:10DA400003000F00702C0508000100000300100007
:10DA5000702C05080101000003001100702C05085E
:10DA60000201000003001200702C050803010000F1
:10DA700003001300782C05080000080003001400C0
:10DA8000782C05080100080003001500782C050813
:10DA90000200080003001600782C050803000800A7
:10DAA00003001700782C0508040008000300180084
:10DAB000782C05080500080003001900782C0508DB
:10DAC0000600080003001A00782C0508070008006B
:10DAD00003001B00802C05080001000001001C0051
:10DAE000802C05080101000001001C00802C0508A5
:10DAF0000201000001001C00802C05080301000049
:10DB000001001C00802C05080401000001001C001D
:10DB1000802C05080501000001001C00802C050870
:10DB20000601000001001C00802C05080701000010
:10DB300001001C00BC2B050800010000BC2B0508DF
:10DB4000010100001C500508FF000A011D00000033
:10DB5000742B0508FF00000100000000802B050861
:10DB60000001070000000000802B050801010700EC
:10DB7000000000008C2B0508FF00000100000000E1
:10DB80009C2B0508FF00000100000000A82B0508E1
:10DB9000FF000001000000001C2B0508FF00000131
:10DBA0002C2B0508FF000001382B0508FF0000079B
:10DBB000482B0508FF0000075C2B0508FF00000745
:10DBC0000001020304050600C42905080000000046
:10DBD0003C230508010100007C2305080202000027
:10DBE000C829050804030000D02905080A0D000013
:10DBF000D82905080C0F0000E02905080D110000C8
:10DC0000E82905080E130000F42905080F14000088
:10DC1000002A0508111A00004C230508071B000004
:10DC20000C2A0508121F0000242A050813200000F2
:10DC3000382A0508142100004C2A05081522000086
:10DC4000602A050808240000682A0508102500003D
:10DC5000842A050816270000942A05081A280000BF
:10DC60009C2A05081B290000A42A05081C2A00007C
:10DC7000AC2A05081D2B0000B42A0508092D000058
:10DC8000C02A0508062E0000CC2A0508032F000034
:10DC9000D42A050817300000E82A050818320000C9
:10DCA000F82A050819330000102B05080B34000072
:10DCB000C42A05080535000000000000000000012E
:10DCC0000000000300000004000000050000000642
:10DCD0000000000700000008000000000000001025
:10DCE00000000020000000300000004000000000A4
:10DCF0000038014000000000000000001900000092
:10DD0000180000001A0727073507190726073407E8
:10DD10004E00002550500000F05C012070310120C1
:10DD200000058000010000000044004000000000E9
:10DD3000000000001B0000001A00000013071F076E
:10DD4000240712071E072307710000264060000009
:10DD5000F0570120F0300120000580000200000093
:10DD60000048004000000000000000001D0000000E
:10DD70001C00000028072B073B0729072A073A0742
:10DD80007200002740600000F05201207030012036
:10DD90000005800003000000004C0040000000006F
:10DDA000000000001F0000001E0000003B050000F6
:10DDB00000003A05000000007300003440600000DD
:10DDC000F04D0120F02F012000058000040000002C
:10DDD0000050004000000000000000002100000092
:10DDE000200000004205000000003C05000000008B
:10DDF0007400003540600000F0480120702F0120C1
:10DE0000000580000A0000000080004000000000C3
:10DE1000000000002300000022000000130C2A086C
:10DE20003008120C2B0831088000005B40600000B5
:10DE3000F0430120F02E01200005800014000102B3
:10DE400003041E1F280000000000000000300140F5
:10DE5000150523051605240517052505004C0000AA
:10DE600001000000003800402D0500001A052E05B5
:10DE70001B052F05006E000002000000003C004062
:10DE800023063A0624063B0625063C06006F0000E2
:10DE900000000000005400401D041F042604280454
:10DEA0001E04270429040000751F20000100000043
:10DEB0000058004019040000000000001A0400008F
:10DEC00000000000762122000200000000780040DF
:10DED0001A02380800000000250839083B08000035
:10DEE0007E5C5D0003000000008400401D032603EB
:10DEF0003608000027043708000000008152530054
:10DF0000E4250508F0250508D0250508DC250508C9
:10DF10008096980080969800702D05083461050859
:10DF2000FF000000782D0508E830050804200000F7
:10DF3000802D0508B8230508044000002C2E050894
:10DF40000827050804400000882D0508942D0508C1
:10DF500004000000982D0508F03405080420000096
:10DF6000A02D0508AC2D050804200000B02D0508E3
:10DF7000AC2D050804200000202E0508AC2D050856
:10DF800004200000BC2D0508C42D05080440000035
:10DF9000C82D05083461050804000000D42D0508CB
:10DFA0003461050809000000E02D0508346105080A
:10DFB00009000000E82D0508C42D050804400000F4
:10DFC000F42D05080827050804000000042E0508A4
:10DFD000AC2D050804200000142E05083461050846
:10DFE000FF0000001C2E0508AC2D050804200000D1
:10DFF000282E05080827050804400000382E0508CB
:10E000003461050804600000442E050834610508E9
:10E0100004600000502E050834610508046000000B
:10E020000102000003030000040400001966000858
:10E03000916100084D610008BDB70008BB61000890
:10E040009D610008B9610008AD610008A161000888
:10E0500039660008896100081166000801000000A7
:10E06000682D0508202F050802010000642D050811
:10E07000302F050803020000502D0508382F050831
:10E0800004030000482D0508482F0508050400007A
:10E09000402D0508542F050806050000342D0508FD
:10E0A0005C2F0508160600002C2D05086C2F0508AE
:10E0B00007070000282D0508802F05080808000024
:10E0C000242D0508902F05080909000068CB0020C1
:10E0D000982F05080A0A0000202D0508A42F05081E
:10E0E0000B0B0000182D0508AC2F05080C0C0000C8
:10E0F000102D0508BC2F05080D0D0000002D05088A
:10E10000D42F05080E0E000068CB0020E02F050874
:10E110000F0F000000E60408EC2F050810100000A7
:10E12000F8E50408FC2F05081111000000000000AC
:10E13000043005081212000000000000103005082D
:10E1400013130000182D05081830050814150000D9
:10E15000F82C05082830050815160000F02C0508D5
:10E160003C30050817180000000000005430050876
:10E17000020000C0030000A0040000900500008819
:10E180000500008006000074060000700600006CA8
:10E190000600006807000062070000600700005EDC
:10E1A0000700005C0700005A0700005807000056EF
:10E1B00006000064070000540700005208000051E8
:10E1C000080000500800004F0800004E0800004DF5
:10E1D0000800004C0800004B0800004A08000049F5
:10E1E00008000048080000470800004608000045F5
:10E1F00008000044080000430800004208000041F5
:10E20000080000400900803C0900003C0900803BF8
:10E210000900003B0900803A0900003A09008039F2
:10E2200009000039090080380900003809008037EA
:10E230000800003F09000037090080360900003659
:10E2400009008035090000350900803409000034D8
:10E2500009008033090000330900803209000032D0
:10E2600009008031090000310900803009000030C8
:10E270000800003E0900802F0900002F0900802EB1
:10E280000900002E0900802D0900002D0900802CB6
:10E290000900002C0900802B0A00C0270A008027F3
:10E2A0000900002B0A0040270A0000270900802AE5
:10E2B000050000780900002A0A00C0260A0080260E
:10E2C0000A0040260A0000260A00C0250A00802510
:10E2D0000A0040250A0000250A00C0240A00802404
:10E2E0000A0040240A0000240A00C0230A008023F8
:10E2F0000A0040230A0000230A00C0220A008022EC
:10E300000A0040220A0000220A00C0210A008021DF
:10E310000A0040210A0000210A00C0200A008020D3
:10E320000A0040200A0000200A00C01F0A00801FC7
:10E330000A00401F0A00001F0A00C01E0A00801EBB
:10E340000A00401E0A00001E0A00C01D0A00801DAF
:10E350000A00401D0A00001D0A00C01C0A00801CA3
:10E360000A00401C0A00001C0A00C01B0A00801B97
:10E37000090080290A00401B0A00001B0A00C01A7D
:10E380000A00801A0A00401A0A00001A0A00C0197E
:10E390000A0080190A0040190A0000190A00C01872
:10E3A0000A0080180A0040180A0000180A00C01766
:10E3B0000A0080170A0040170A0000170A00C0165A
:10E3C0000A0080160A0040160A0000160A00C0154E
:10E3D0000A0080150A0040150A0000150A00C01442
:10E3E0000A0080140A0040140A0000140A00C01336
:10E3F0000A0080130A0040130A0000130A00C0122A
:10E400000A0080120A0040120A0000120A00C0111D
:10E410000A0080110A0040110A0000110A00C01011
:10E420000A0080100A0040100A0000100A00C00F05
:10E430000A00800F0A00400F0A00000F0A00C00EF9
:10E440000A00800E0A00400E0A00000E0A00C00DED
:10E450000A00800D0A00400D0A00000D0A00C00CE1
:10E460000A00800C0A00400C0A00000C0A00C00BD5
:10E470000A00800B0A00400B0A00000B0A00C00AC9
:10E480000A00800A0A00400A0A00000A0A00C009BD
:10E490000A0080090A0040090A0000090A00C008B1
:10E4A0000A0080080A0040080A0000080A00C007A5
:10E4B0000A0080070A0040070A0000070A00C00699
:10E4C0000A0080060B0020030A0040060A0000062E
:10E4D0000A00C0050A0080050A0040050A00000580
:10E4E0000A00C0040B0000030A0080040A00400474
:10E4F000090000290A0000040A00C0030B00E00222
:10E500000A0080030B00C0020B00A0020B00800277
:10E510000B0060020B0040020B0020020B00000207
:10E520000B00E0010B00C0010B00A0010A0040033A
:10E530000800003D090080280B0080010B006001ED
:10E540000B0040010B0020010B0000010B00E0005C
:10E550000B00C0000C0010000B00A0000B0080009E
:10E560000B0060000B0040000B0020000900002899
:10E570000C0000000000000000000000000032005D
:10E5800064000000640000003200640000006400C9
:10E5900000003200320000000000000002000019FC
:10E5A0001200140001022828280A0A0F3C3C3C00F3
:10E5B00000000F0F140F0F1432326401646400283E
:10E5C0000019000000142837284B4B004B14320070
:10E5D0000000281E05140A0590012C01C800F40152
:10E5E000140014000A00F401FA00D007E8033228EE
:10E5F00032000A001400286400F50A05FF0000003C
:10E6000000640AFF0000004010000000000100004C
:10E610000800024038000000080002403C000000F2
:10E620000100000000000040110400000001000093
:10E630000800024039000000080002403C000000D1
:10E64000010000000000004012080000000100006E
:10E65000080002403A000000080002403C000000B0
:10E660000100000000000040130C00000001000049
:10E67000080002403B000000080002403C0000008F
:10E680000100000000000040150000000001000033
:10E690000800024038000000080002403C00000072
:10E6A00001000000004401401600000000010000CD
:10E6B0000800024052000000080002405300000021
:10E6C00001000000004801401700000000010000A8
:10E6D00008000240540000000800024055000000FD
:10E6E00001000000004401401C0000000001000087
:10E6F00008000240520000000800024053000000E1
:10E7000001000000004401401D0000000201000063
:10E7100008000240520000000800024053000000C0
:10E7200001000000000000401F0000000001000088
:10E730000800024038000000080002403C000000D1
:10E7400001000000000C004010000000000200006A
:10E750000800024048000000080002404C00000091
:10E7600001000000000C0040110400000002000045
:10E770000800024049000000080002404C00000070
:10E7800001000000000C0040120800000002000020
:10E79000080002404A000000080002404C0000004F
:10E7A00001000000000C0040130C000000020000FB
:10E7B000080002404B000000080002404C0000002E
:10E7C00001000000000400401404000000020000EA
:10E7D000080002403E000000080002404100000026
:10E7E00001000000000400401600000000020000CC
:10E7F000080002403D000000080002404100000007
:10E8000001000000000400401704000000020000A6
:10E81000080002403E0000000800024041000000E5
:10E8200001000000003401401F0000000002000051
:10E8300008000240310000000800024035000000DE
:10E840000100000000340140170000000204000035
:10E8500008000240310000000800024035000000BE
:10E8600001000000003401401E040000000500000B
:10E87000080002403200000008000240350000009D
:10E8800001000000002C01401700000002060000FB
:10E89000080002402A000000080002402E0000008C
:10E8A00001000000002C01401800000000060000DC
:10E8B000080002402A000000080002402E0000006C
:10E8C00001000000002C01401904000000060000B7
:10E8D000080002402B000000080002402E0000004B
:10E8E00001000000002C01401A0800000006000092
:10E8F000080002402C000000080002402E0000002A
:10E9000001000000002C01401B0000000206000076
:10E91000080002402A000000080002402E0000000B
:10E9200001000000002C01401C0400000206000051
:10E93000080002402B000000080002402E000000EA
:10E940000100000000400140110000000209000029
:10E95000080002404E000000080002404F00000086
:10E96000010000000040014012000000000900000A
:10E97000080002404E000000080002404F00000066
:10E9800001000000004001401304000000090000E5
:10E9900000000000FF000000080002404F000000DF
:10E9A000010000000000004019080000000A0000FB
:10E9B000080002403A000000080002403C0000004D
:10E9C00001000000000000401A0C0000000A0000D6
:10E9D000080002403B000000080002403C0000002C
:10E9E00001000000000800401B000000000A0000B9
:10E9F00008000240430000000800024047000000F9
:10EA000001000000000800401C040000000A000093
:10EA100008000240440000000800024047000000D7
:10EA200001000000000800401D080000000A00006E
:10EA300008000240450000000800024047000000B6
:10EA400001000000002C01401B0C0000000B000026
:10EA5000080002402D000000080002402E000000C7
:10EA6000010000000000004023040000000100003D
:10EA70000800024039000000080002403C0000008D
:10EA800001000000004401402400000000010000DB
:10EA9000080002405200000008000240530000003D
:10EAA00001000000004401402600000002010000B7
:10EAB000080002405200000008000240530000001D
:10EAC0000100000000480140270000000201000092
:10EAD00008000240540000000800024055000000F9
:10EAE0000100000000440140280000000001000077
:10EAF00008000240520000000800024053000000DD
:10EB00000100000000480140290000000001000051
:10EB100008000240540000000800024055000000B8
:10EB200001000000000000402A0800000001000071
:10EB3000080002403A000000080002403C000000CB
:10EB400001000000000000402B0C0000000100004C
:10EB5000080002403B000000080002403C000000AA
:10EB600001000000004001402E00000000010000F4
:10EB7000080002404E000000080002404F00000064
:10EB800001000000004001402F04000000010000CF
:10EB900000000000FF000000080002404F000000DD
:10EBA00001000000000400402008000000020000F6
:10EBB000080002403F000000080002404100000041
:10EBC0000100000000040040210C000000020000D1
:10EBD0000800024040000000080002404100000020
:10EBE00001000000000C00402200000000020000B4
:10EBF0000800024048000000080002404C000000ED
:10EC00000100000000040040240000000002000099
:10EC1000080002403D0000000800024041000000E2
:10EC20000100000000040040250400000002000074
:10EC3000080002403E0000000800024041000000C1
:10EC40000100000000080040260000000002000053
:10EC50000800024043000000080002404700000096
:10EC6000010000000008004027040000000200002E
:10EC70000800024044000000080002404700000075
:10EC80000100000000080040280800000002000009
:10EC90000800024045000000080002404700000054
:10ECA0000100000000080040290C000000020000E4
:10ECB0000800024046000000080002404700000033
:10ECC00001000000004001402F000000020200008F
:10ECD000080002404E000000080002404F00000003
:10ECE000010000000050014022000000000300006D
:10ECF0000800024056000000080002405A000000D0
:10ED0000010000000034014025080000020300005B
:10ED100008000240330000000800024035000000F7
:10ED20000100000000340140200400000204000043
:10ED300008000240320000000800024035000000D8
:10ED4000010000000034014021080000020400001E
:10ED500008000240330000000800024035000000B7
:10ED60000100000000340140230000000204000004
:10ED70000800024031000000080002403500000099
:10ED800001000000003401402404000002040000DF
:10ED90000800024032000000080002403500000078
:10EDA00001000000002C01402F08000002040000B8
:10EDB000080002402C000000080002402E00000065
:10EDC00001000000003401402600000000050000A2
:10EDD0000800024031000000080002403500000039
:10EDE00001000000002C0140200400000206000089
:10EDF000080002402B000000080002402E00000026
:10EE000001000000002C0140210800000206000063
:10EE1000080002402C000000080002402E00000004
:10EE200001000000002C01402D000000020600003F
:10EE3000080002402A000000080002402E000000E6
:10EE400001000000002C01402E040000020600001A
:10EE5000080002402B000000080002402E000000C5
:10EE6000010000000048014025000000000A0000E9
:10EE70000800024054000000080002405500000055
:10EE80000100000000040040270C0000000A000000
:10EE9000080002404000000008000240410000005D
:10EEA000010000000034014028040000000A0000B6
:10EEB0000800024032000000080002403500000057
:10EEC000010000000034014029080000000A000091
:10EED0000800024033000000080002403500000036
:10EEE00001000000002C014029080000020B000076
:10EEF000080002402C000000080002402E00000024
:10EF000001000000000C00403C0400000001000073
:10EF10000800024049000000080002404C000000C8
:10EF200001000000002C0140300000000002000041
:10EF3000080002402A000000080002402E000000E5
:10EF400001000000002C014031040000000200001C
:10EF5000080002402B000000080002402E000000C4
:10EF600001000000002C01403208000000020000F7
:10EF7000080002402C000000080002402E000000A3
:10EF800001000000002C0140330C000000020000D2
:10EF9000080002402D000000080002402E00000082
:10EFA00001000000000400403600000000020000E4
:10EFB000080002403D00000008000240410000003F
:10EFC00001000000000400403704000000020000BF
:10EFD000080002403E00000008000240410000001E
:10EFE000010000000004004038080000000200009A
:10EFF000080002403F0000000800024041000000FD
:10F000000100000000040040390C00000002000074
:10F0100008000240400000000800024041000000DB
:10F020000100000000340140360000000004000030
:10F0300008000240310000000800024035000000D6
:10F04000010000000034014037040000000400000B
:10F0500008000240320000000800024035000000B5
:10F0600001000000003401403808000000040000E6
:10F070000800024033000000080002403500000094
:10F080000100000000340140390C000000040000C1
:10F090000800024034000000080002403500000073
:10F0A00001000000003401403A00000002040000AA
:10F0B0000800024031000000080002403500000056
:10F0C00001000000003401403B0400000204000085
:10F0D0000800024032000000080002403500000035
:10F0E00001000000003401403C0800000204000060
:10F0F0000800024033000000080002403500000014
:10F1000001000000002C01403D000000020400004E
:10F11000080002402A000000080002402E00000003
:10F120000100000000500140320400000006000011
:10F130000800024057000000080002405A0000008A
:10F1400001000000002C0140350C00000206000008
:10F15000080002402D000000080002402E000000C0
:10F1600001000000005001403808000000060000C7
:10F170000800024058000000080002405A00000049
:10F1800001000000003401403D0C000002060000B8
:10F190000800024034000000080002403500000072
:10F1A000010000000000000001000000020000005B
:10F1B0000300000004000000280000001E00000002
:10F1C0001F0000002021222324250000645D050883
:10F1D000EC6005086C5D0508705D0508785D050844
:10F1E0003C340508302C0508805D05088C5D050859
:10F1F000985D0508A05D0508AC5D0508B85D0508CB
:10F20000C45D0508CC5D0508D45D0508E45D05080E
:10F210005C2E0508F05D0508205D0508145D0508F5
:10F22000F85D0508005E050870380508085E0508E9
:10F23000105E05081C5E0508245E05082C5E0508A6
:10F24000345E05083C5E0508485E0508585E050802
:10F25000645E05086C5E0508745E05087C5E050842
:10F26000885E0508905E05089C5E0508A85E050896
:10F2700090350508B85E0508D0290508C45E050864
:10F28000C85E0508D05E0508DC5E0508E85E050876
:10F29000F45E0508FC5E0508085F0508105F0508B8
:10F2A0001C5F05082C5F0508385F05084C5D0508E4
:10F2B00038350508485F0508505F0508585F0508A0
:10F2C000645F0508685F0508745F0508805F0508CE
:10F2D000885F0508945F0508A85F0508C05F0508FA
:10F2E000D85F0508E45F0508F05F0508FC5F0508C6
:10F2F0000860050814600508206005082C600508F2
:10F300003860050844600508506005085C60050821
:10F3100068600508706005087C6005088C60050859
:10F3200090600508A8600508B03405082B00F701B7
:10F330000000000003000600010D0400040034007A
:10F34000010008000200FB01000000000100FC01B8
:10F35000010008002F001B00000100000B00FD0150
:10F3600001000C000C00FD01010C0C001500060250
:10F370000600040016000602060104000500F9015B
:10F38000010003002D001800000B000035001800DC
:10F39000000C00001200080205000400130008021F
:10F3A00005010400140008020502040036000902E9
:10F3B000000000000700FE01000100000A00FE013D
:10F3C000000300000800FE01000500000900FE0126
:10F3D0000007000021002600000200002700260090
:10F3E000000600005000260000070000340028003E
:10F3F0000006000028002800000700001E00FF0192
:10F40000000200001F00FF01000100003B0011028C
:10F41000010004003C001302000100002000FA017A
:10F420000000000026001C020E06020022001C0242
:10F430000E0302002A0013020003000051002702FD
:10F440000100040052002802010004005700E803F4
:10F4500001000400367905085C6105087C61050837
:10F4600025F70308327905080C6205081C620508B7
:10F4700059FC0308486205085062050874620508D3
:10F48000B1C803081979050880620508AC6205084F
:10F4900039DA030812790508C0620508AC6205086C
:10F4A00029DA0308E8620508F06205080000000098
:10F4B000FDCF0308186305081C63050834630508BD
:10F4C00035C903083C6305084863050870630508EF
:10F4D0005DD103088063050890630508B8630508DB
:10F4E000D5D003082C790508C86305080000000082
:10F4F00099F20308E98A0508DC630508FC6305083E
:10F50000850D04082464050828640508000000002F
:10F5100065B70308446405084C640508746405086D
:10F520005D98030858760508A8640508C4640508B2
:10F530004D9F0308106505082865050800000000B8
:10F5400001490308506505085C65050874650508F0
:10F55000CDD703088865050890650508746405081B
:10F5600061980308A4650508AC650508C865050829
:10F57000C5CD0308E8650508000000000000000094
:10F5800029B70308EB770508F0650508AC620508A4
:10F5900045DA030804660508106605080000000047
:10F5A0006DDB0308246605083066050800000000CE
:10F5B000C5D2030848660508000000005466050827
:10F5C000E5D10308686605087466050800000000B8
:10F5D00075C903089466050800000000A0660508C8
:10F5E00051D20308B4660508B8660508CC6605085C
:10F5F00065980308D4660508E46605080000000065
:10F6000089B00308006705081067050800000000BE
:10F610000DCF030844670508346705084C670508E3
:10F6200085470308258505085C670508000000007C
:10F63000D9F303086C6705087C670508A867050807
:10F640004DD00308F3770508BC670508D86705089F
:10F6500049CF0308E0670508E867050800000000D7
:10F660002DD00308F02B0508046805081468050868
:10F6700001E6030827790508546905080000000021
:10F6800079F10308702C0508786905088C6905086C
:10F6900005CC0308CC690508D0690508E8690508A8
:10F6A00019480308046A050800000000106A0508EC
:10F6B000E9CA0308057805081C6A0508106A0508E8
:10F6C0008DCA03082C6A0508386A0508106A0508FF
:10F6D00033CA03084C6A05085C6A0508000000008C
:10F6E000894803088C6A0508986A0508AC6A050809
:10F6F000C1A20308F7770508E46A050800000000C6
:10F70000B9D303083E790508046B05080000000022
:10F71000F1F4030884780508206B05080000000058
:10F72000750C0408306B0508386B050800000000F4
:10F73000D5DB0308EE780508446B050800000000DF
:10F74000EDF903085C6B0508706B0508AC6B0508E8
:10F75000C9DC0308F5780508FC6B0508106C050882
:10F760004DEC0308803D0508D06C0508E06C0508E9
:10F770005DA50308F46C0508006D0508246D0508F7
:10F7800029FE0308306D0508386D050800000000EB
:10F79000714E0308446D05084C6D0508000000001B
:10F7A000E14C0308D17805085C6D05086C6D05080F
:10F7B000059C030825780508C86D050800000000B1
:10F7C000614603088D750508927505088275050860
:10F7D00087750508E85C0508F85C0508085D0508FC
:10F7E000742E05087C2E0508D42E0508E45C050857
:10F7F00038350508C82E0508E05C05080000000043
:10F80000AC0305085803050834030508140305086C
:10F8100004030508FC5B0508005C0508085C050896
:10F82000145C0508205C0508285C05084C230508C5
:10F83000305C0508385C0508405C05084C5C050830
:10F84000545C05085C5C05083C230508685C0508F9
:10F85000745C0508642E0508E0290508805C05082D
:10F86000845C0508885C050888310508B42A050809
:10F87000C82E05088C5C0508985C0508A45C050882
:10F88000B05C0508BC5C0508C85C0508D45C0508CC
:10F8900000000000BC770508000000000000000028
:10F8A000D86D05080000010006000000E86D05089D
:10F8B0000000010006000000F46D050800000100D2
:10F8C00004000000006E05080000010003000000B5
:10F8D0000C6E050801000000FF000000186E05080E
:10F8E00001000000FF000000246E05080100000078
:10F8F000FF000000306E050801000100FF0000005D
:10F90000406E050801000100FF000000506E050870
:10F9100001000100FF0000005C6E0508010000000E
:10F92000640000006C6E0508010000006400000027
:10F930007C6E05080100000064000000886E050868
:10F9400002000000E8030000986E050802000000B5
:10F95000E8030000A86E050802000000E8030000AC
:10F96000B86E050802000000E8030000C86E050834
:10F9700002000000E8030000D46E05080200000049
:10F98000E8030000E06E050802000000E803000044
:10F99000EC6E050802000000E8030000F86E0508A0
:10F9A00002000000E8030000046F050802000000E8
:10F9B000E8030000106F050802000000E8030000E3
:10F9C0001C6F050802000000E8030000286F05080E
:10F9D00002001900FA000000346F05080200190047
:10F9E000FA000000446F050802000000FA00000061
:10F9F000546F050802000000FA000000686F050857
:10FA0000020083FF7D0000007C6F050802000100FA
:10FA1000FA000000946F050802000000FA000000E0
:10FA2000A86F050802000000FA000000BC6F05087E
:10FA300002000000FA000000D06F0508020000007C
:10FA4000FA000000E06F050802000000FA00000064
:10FA5000F46F050802000000FA00000008700508B5
:10FA600002000000FA0000001C70050802000000FF
:10FA7000E80300003470050802000000E8030000FD
:10FA80004C70050802000000C409000064700508FD
:10FA900002000000E8030000787005080200000082
:10FAA000E80300008C70050802000000E803000075
:10FAB000A070050802000000C8000000B47005082E
:10FAC00002000000C8000000C8700508020019000C
:10FAD000FF000000DC70050804000000FA000000D0
:10FAE000E870050804000000FA000000F470050842
:10FAF00004000000FA000000007105080400000086
:10FB0000FA0000000C71050804000000FA00000073
:10FB10001871050804000000FA00000028710508AB
:10FB200004000000FA00000038710508040000001D
:10FB3000FA0000004C71050808000000FA000000FF
:10FB40005C7105080800F8F80807000000010602CB
:10FB50000304070508090A0B0C0D0E0FFFFFFFFF3A
:10FB6000FFFFFFFFFFFFFFFF0010203040500000AD
:10FB7000002C0140002A0000002C0140042B000052
:10FB8000002C0140082C0000002C01400C2D00002E
:10FB90000000004000380000000000400439000070
:10FBA00000000040083A0000000000400C3B00004C
:10FBB00000040040003D000000040040043E00003E
:10FBC00000040040083F0000000400400C4000001A
:10FBD000000800400043000000080040044400000A
:10FBE0000008004008450000000C004000480000EC
:10FBF000000C004004490000000C0040084A0000CE
:10FC0000000C00400C4B00000034014000310000AB
:10FC10000034014004320000003401400833000089
:10FC2000003401400C34000000400140004E000050
:10FC30000044014000520000004801400054000010
:10FC400000500140005600000050014004570000E1
:10FC50000050014008580000005001400C590000BD
:10FC600000000B01000A00010D01010C00020F0150
:10FC7000020E00036B01036A020005020124020266
:10FC80002502032602042704001905001804011B9D
:10FC900005011A04021D05021C04031F05031E04AE
:10FCA0000421050420040A23050A2206002E060169
:10FCB0003C06024106034706044C060508060609F1
:10FCC000060735060E4F060F5306105506135A0049
:10FCD000C0600508CB860508CB860508C860050806
:10FCE000CB860508CB860508D4600508C82E050814
:10FCF000CB86050838350508F4290508CB860508A4
:10FD0000CB860508E0600508F0600508F860050886
:10FD1000DC5E050804610508C45E0508CB8605089D
:10FD2000CB860508CB860508CB860508CB8605085B
:10FD3000CB860508485F050874350508E82E0508D8
:10FD4000D0360508CB8605080C36050800000000F3
:10FD5000FC02050802000000F00205080300000094
:10FD6000C80205080A000000BC02050803000000E4
:10FD7000A402050806000000980205080300000020
:10FD80008C02050803000000800205080300000043
:10FD9000700205080400000060020508040000006D
:10FDA000500205080400000044020508030000009A
:10FDB000080205080F000000FC0105080300000010
:10FDC0005803050815000000340305080900000069
:10FDD0001403050808000000D00005084B000000CF
:10FDE000A80005080A000000800005080A000000BD
:10FDF0007400050803000000680005080300000007
:10FE00005400050805000000480005080300000034
:10FE1000300005080600000020000508040000006E
:10FE20001400050803000000080005080300000096
:10FE3000FCFF040803000000AC03050814000000E8
:10FE4000F0FF040803000000E0FF040804000000C5
:10FE5000A8FF04080E0000009CFF04080300000037
:10FE600090FF04080300000080FF04080400000065
:10FE700074FF04080300000060FF04080500000090
:10FE800058FF0408020000004CFF040803000000B3
:10FE900038FF0408050000002CFF040803000000E0
:10FEA00018FF0408050000000CFF04080300000010
:10FEB000F0FE040807000000E0FE04080400000053
:10FEC000D8FE040802000000D0FE04080200000072
:10FED000742E050890300508742E05089C3005081E
:10FEE000BC770508A4300508A8300508B03005081F
:10FEF000BC770508B8300508C4300508CC300508C3
:10FF0000D4300508DC300508E4300508DC6F05084E
:10FF1000EC300508F4300508DC6F050800310508F1
:10FF2000083105081431050820310508DC6F050883
:10FF30002C31050830310508DC6F0508B83005089C
:10FF400034310508403105084831050850310508AD
:10FF50005C31050868310508783105087C310508F1
:10FF6000BC7705081033050880310508883105087D
:10FF70008C3105081033050898310508A0310508B3
:10FF8000DC6F0508A8310508B0310508B83105084F
:10FF9000DC6F05086C32050810330508C031050810
:10FFA000C8310508D4310508E0310508E8310508F5
:10FFB000F0310508F4310508FC3105080432050864
:10FFC0001032050818320508243205082C320508BD
:10FFD00038320508403205084C320508543205080D
:10FFE00060320508683205089C2F05087032050844
:10FFF000DC6F0508F4350508803205081033050864
:020000040805ED
:10000000883205088C320508943205089C320508B0
:10001000A4320508AC320508B0320508B432050830
:10002000DC6F0508BC320508C4320508CC3205086F
:10003000BC770508D4320508E03205080031050810
:10004000EC320508F4320508DC6F0508FC320508BF
:1000500054300508BC77050800330508F435050859
:10006000043305080C330508183305082033050848
:1000700028330508303305083C330508702305088C
:10008000BC7705084433050850330508603305087C
:1000900064330508683305086C33050874330508B4
:1000A0007C33050884330508EC6005088C330508AB
:1000B00098330508A4330508B0330508BC33050898
:1000C000C8330508D4330508E0330508EC330508C8
:1000D000BC770508F8330508043405080C34050816
:1000E0001C3405082C340508343405084034050850
:1000F0004C340508E82E0508583405086434050812
:100100006C3405087C340508903405089C340508D7
:10011000A0340508AC340508B8340508C83405080F
:10012000D8340508E4340508F43405080435050816
:100130001435050828350508303505083835050813
:100140004435050858350508643505087435050833
:100150008032050880350508903505089435050876
:10016000A0350508A4350508B03505089030050808
:10017000C0350508D0350508D8350508E03505082F
:10018000E8350508F83505080C3605081836050861
:1001900024360508303605083C3605085036050873
:1001A00064360508803605089C360508D42E0508F7
:1001B000B8360508D0360508DC360508F0360508DF
:1001C000FC3605080C3705081837050824370508DC
:1001D0002C37050838370508403705085837050813
:1001E000683705087C37050894370508A4370508E3
:1001F000B4370508C42A0508C03705084423050894
:10020000D0370508DC370508E8370508F437050856
:10021000283505080038050808380508103805088D
:1002200018380508243805082C380508383805081A
:1002300040380508483805083035050850380508A5
:1002400038370508BC770508302C050858380508EC
:10025000BC770508302C0508583805088831050892
:10026000DC6F050844230508FC2F05085C380508E9
:10027000BC7705086438050870380508D86005089B
:1002800078380508803805088C380508983805083E
:10029000AC380508C038050830360508D8380508D8
:1002A000E438050810330508EC380508F43805086B
:1002B000FC38050804390508BC7705080C39050821
:1002C0001439050888310508C03105081C390508AE
:1002D0002039050828390508303905083839050856
:1002E000403905084C3905085839050848380508CB
:1002F000643905087039050878390508DC6F050888
:100300006C320508BC77050880390508883905086E
:100310009039050810330508BC7705089839050899
:10032000A0390508C4390508A8390508B0390508F9
:10033000B839050810330508BC770508CC3905081D
:10034000D4390508DC390508E4390508E839050819
:10035000F0390508F839050810330508BC77050899
:10036000003A0508083A0508103A0508183A050841
:10037000203A05082C3A0508343A05083C3A0508A5
:10038000443A0508503A05085C3A0508683A0508F9
:10039000743A0508803A05088C3A0508983A050829
:1003A000A03A0508A83A0508B03A05081033050830
:1003B000BC770508083A0508B83A0508C43A0508A4
:1003C000CC3A05082C3A0508343A05083C3A0508A9
:1003D000443A0508503A05085C3A0508683A0508A9
:1003E000743A0508803A05088C3A0508983A0508D9
:1003F000A03A0508D43A0508B03A05089027050840
:10040000381B0000000A0003009C270508200D008F
:1004100000000A000100DC3A050820170000000A6D
:10042000001400F43A0508023200B80B0A00180064
:10043000083B0508000000C8000A000000203B053A
:10044000080318FCE8030A001200B027050802643C
:1004500000E8030A000400C4270508201300000078
:100460000A001500D4270508020000E8030A000668
:1004700000303B0508020000E8030A001A00483B70
:100480000508020000E8030A001C00FC27050820FC
:10049000130000000A0016000C280508020000E8FE
:1004A000030A000800603B0508020000E8030A0098
:1004B0000A00703B0508020000E8030A000C0084F3
:1004C0003B0508020000E8030A000E00943B050803
:1004D000020000E8030A001000DC280508200E00D6
:1004E000000023000200D02805080200009001232C
:1004F000000000A83B050803D4FE2C0123000E00D9
:10050000B83B050803D4FE2C0123000C00C83B05B2
:1005100008430400000023000400D83B050838020B
:1005200000000028000000E43B05081BF0F1100E5D
:1005300028001000F43B05081BF0F1100E280012F3
:1005400000043C05081BF0F1100E28001400143CB8
:100550000508381600000028000200203C05081895
:100560000000040028000300303C05081800007754
:100570000028000400403C05081800000400280082
:100580000500FC280508201000000028000100508C
:100590003C0508430300000028000800603C0508F3
:1005A000381600000026000000703C050818000006
:1005B000050026000100803C050818000005002603
:1005C000000300903C050818000077002600040096
:1005D000EC280508200F00000026000500A43C05BB
:1005E0000802B004A40618001200AC3C050802EE94
:1005F00002CA0818001400B83C050802EE02CA0836
:1006000018001600C43C0508010000120018000F75
:1006100000D43C0508210000000018001E00EC3C3E
:100620000508000100FF0018001000F83C05080153
:100630009CFF640018001F00043D05082100000015
:100640000018001100103D0508000000FF00180010
:1006500020002C3D05080000000D0018001D00249E
:10066000290508200C00000018000800403D05087E
:10067000200000000018000900543D05080000009B
:100680000A0018000D00683D050820000000001851
:10069000000E00843D05080000000F001800210036
:1006A000943D0508200000000018002200A43D052C
:1006B00008200000000018002300B43D05082000B9
:1006C00000000018002400C43D0508202D00000093
:1006D00018002D00DC3D0508200000000018002C4B
:1006E00000F83D050802EE02CA0818001800043E92
:1006F000050802EE02CA0818001A00103E0508207C
:100700000000000018000A00243E050804FFFF0353
:100710000018002800403E0508000000FA001800FC
:100720001C00503E05081900000500FE0108005C91
:100730003E0508020000D007FE010A00743E0508CD
:10074000020000D007FE010C00943E0508020000E4
:10075000D007FE010E00B43E05082100000000FC99
:10076000010800CC3E05082009000000050001003A
:10077000DC3E0508200800000005000000EC3E05F6
:1007800008020100401F05000200003F0508640048
:1007900000000005000400183F0508640100000087
:1007A00005000400303F0508640200000005000455
:1007B00000443F05086404000000050004005C3F9D
:1007C0000508640300000005000400703F0508648C
:1007D0000500000005000400883F050864060000CD
:1007E00000050004009C3F050864070000000500A8
:1007F0000400B03F0508640800000005000400C4C0
:100800003F0508640900000005000400D83F050802
:10081000640C00000005000400EC3F0508640A00B9
:1008200000000500040004400508640B00000005FA
:1008300000040018400508640D00000005000400D5
:100840002C400508640E000000050004004040052F
:1008500008640F000000050004005440050802EE83
:1008600002CA08060012006440050802EE02CA0827
:10087000060014007440050802EE02CA08060016BD
:1008800000804005083822000000060009004428C6
:100890000508200000000006000A008C400508380A
:1008A0002200000006000B009C40050838240000D0
:1008B0000006000C00382905082000000000060092
:1008C00008004C2905082012000000060002006004
:1008D000290508023200401F06000000B04005084C
:1008E000400400000006000400C440050840040065
:1008F000000006001800D040050840040000000673
:10090000001C00E040050843040000000600200031
:10091000F44005084202000000060028000C4105D2
:1009200008420200000006002C00244105080002D5
:1009300000C8000100040034410508000000C800A0
:10094000010005004841050802EE02CA0801000046
:10095000005C4105082015000000010006007441FC
:1009600005080200002C010100020090410508204A
:100970001400000001000700A4410508020000C89F
:100980000001000800BC4105080000003200010021
:100990000A00D8410508034CFF680102000000EC82
:1009A000410508034CFF68010200040000420508ED
:1009B000034CFF6801020008001042050802000015
:1009C000204E0B000C0020420508026400F4010BCD
:1009D00000000038420508026400F4010B00120018
:1009E00050420508026400F4010B00020068420551
:1009F00008026400F4010B000400844205080000B2
:100A000000FA000B00110094420508380A000000AB
:100A10000B000A00A4420508380B0000000B000977
:100A200000B4420508020000D0070B000600D042C7
:100A3000050820000000000B000E00E04205082021
:100A4000000000000B000F00F042050800000064E9
:100A5000000B0010000443050800000064000B00B8
:100A600008001843050800000018000B00140034AB
:100A7000430508000100FF000B0015004C4305086A
:100A8000000000FF000B0016005C4305080000009A
:100A900096000B0017007843050800000096000B35
:100AA00000180094430508020A00E8030B001A002E
:100AB000A4430508020A00E8030B001C0094260565
:100AC00008180000FF0002010000B44305081801E7
:100AD00000FF0002010100C4430508180100FF00E7
:100AE00002010200D44305081B80C1803E000100C2
:100AF00000E04305081B0083007D00010200F04375
:100B000005083800000000F701010004440508381A
:100B100000000000F7010200104405081B000080DF
:100B20003EF7010400244405080001000500F60119
:100B30000400404405082026000000EA030000509D
:100B40004405082027000000EA030100604405086E
:100B5000000000FA00EA030200704405080188FF63
:100B60007800EA03030084440508202C000000EA12
:100B7000030400904405080000006400EA03050037
:100B80009C44050803F8F80807EA030600A8440592
:100B9000084103000000EA030A00B444050802000B
:100BA00000B80BEA030800CC440508200000000050
:100BB000EA030D00E84405082028000000E90300CE
:100BC00000F44405080200005802E9030200084549
:100BD00005080200005802E90304001C450508024C
:100BE00000006400E90306003045050802000064C7
:100BF00000E9030800444505080200006400E90319
:100C00000E00604505080200006400E90310008042
:100C10004505080200006400E9031200A04505082C
:100C20000200006400E9030A00BC45050802000058
:100C30006400E9030C00D8450508000000FA00E94B
:100C4000031400E8450508000000FA00E903150058
:100C5000F8450508000000FA00E9031600084605FB
:100C60000890010800000C00000024270508301837
:100C70000000000C0009001C4605083000000000C0
:100C80000C00180030460508100100FF000C000A97
:100C90000040460508100100FF000C000B00504604
:100CA0000508100100FF000C000C005C4605081050
:100CB0000100FF000C000D007046050810000064E4
:100CC000000C000E007C46050810000064000C00BB
:100CD0000F008846050810000064000C0010009406
:100CE00046050810000064000C001100A446050829
:100CF000100000FF000C001200B0460508100000B4
:100D0000FF000C001300BC460508100000FF000C9B
:100D1000001400C8460508100000FF000C00150074
:100D2000DC46050812C800D0070C001A00EC460586
:100D30000812C800D0070C001C000047050812C8A4
:100D400000D0070C001E001047050812C800D0078D
:100D50000C0020002447050812000050C30C00229C
:100D6000003847050812000050C30C0024004C470F
:100D7000050812000050C30C0026005C470508124D
:100D8000000050C30C0028007447050810000064E0
:100D9000000C0016008447050810000064000C00D9
:100DA000170098470508100100FA000C002A00AC53
:100DB00047050810000064000C002B00B847050828
:100DC0000030007E000D006E00CC47050802640074
:100DD000D0070D006C00E4470508020000007D16F6
:100DE000000000F0470508020000007D1600020028
:100DF000FC4705080000003C00100001000C29051C
:100E00000820000000001000000010480508200322
:100E10000000001E0000002048050820040000001B
:100E20001E0001003048050820000000001E0008D8
:100E3000004448050820000000001E00020054483D
:100E4000050820000000001E00030064480508207B
:100E5000000000001E0004007C480508200500007A
:100E6000001E0005008C48050820000000001E0040
:100E70000600A448050820000000001E000700B876
:100E8000480508020000C80037000000CC480508EB
:100E9000020000640037002E00E448050802140038
:100EA000640037000200FC480508021E00F4013708
:100EB000000400144905080203000A00370024005A
:100EC0002C4905080205000F00370026004449059B
:100ED00008021E00B80B370006005C490508020036
:100EE00000F4013700080074490508020000F4010D
:100EF00037000A008C490508020000F40137000C95
:100F000000A4490508020000F40137001600BC499E
:100F10000508020000F40137001800D44905080252
:100F20000000F40137001A00EC490508020000F443
:100F30000137000E00004A050802E803D007370019
:100F40001000184A050802E803D0073700120030E5
:100F50004A0508026400C40937002A00484A050807
:100F6000026400F40137002C00604A050802E8031F
:100F7000D007370014007C4A05082006000000371F
:100F8000002000984A0508000500320037001C00C8
:100F9000AC4A0508023200E80337001E00C04A05CB
:100FA00008200000000037002100E44A050820075F
:100FB00000000037002800F84A0508200000000063
:100FC00037002200842705080000002000190000D7
:100FD00000802705080000006400190001000C4B88
:100FE0000508400400000019000200F8260508006A
:100FF00001001000F80100000C2705080000001097
:1010000000F80101000C46050888010800000E00E8
:101010000000284B050808000009000E00280034D5
:101020004B0508282E0000000E002900444B05083F
:10103000282E0000000E002A00584B050828130037
:1010400000000E004700704B05080A0000E8030E80
:10105000001400804B05080A0000E8030E0016008B
:10106000904B05080A0000E8030E001800A04B058D
:10107000080A0000E8030E001A00B04B05080A0039
:1010800000E8030E001C00C04B05080A0000E8033E
:101090000E000A00CC4B05080A0000E8030E000C05
:1010A00000D84B05080A0000E8030E000E00E44BD0
:1010B00005080A0000E8030E001000F04B05080ABE
:1010C0000000E8030E001200FC4B05080A0000E8CF
:1010D000030E001E00084C05080A0000E8030E007D
:1010E0002000144C05080A0000E8030E002200202E
:1010F0004C05080A0000E8030E0026002C4C0508E9
:101100000A0000E8030E002400384C05080800001F
:10111000FA000E003F00484C0508080000FA000ED7
:10112000004200584C0508080000FA000E00450077
:101130006C4C0508080000FA000E003C00804C05CD
:1011400008080000FA000E003E00904C0508080058
:1011500000FA000E004100A04C0508080000FA004B
:101160000E004400B44C0508080000FA000E003BD5
:1011700000C84C0508080000FA000E004000D84CDA
:101180000508080000FA000E004300E84C050808B6
:101190000000FA000E004600F84C0508080000FAAE
:1011A000000E003D000C4D0508081900FA000E0065
:1011B0004800204D0508081900FA000E00490034C7
:1011C0004D0508080000FA000E004A00484D0508C9
:1011D000080000FA000E004B00604D05080983FF6F
:1011E0007D000E004C007C4D0508080100FA000E41
:1011F000004D009C4D0508080000FA000E004E004E
:10120000B84D0508282F0000000E004F00D04D05F6
:1012100008080000FA000E005000E84D050808011B
:1012200000FA000E005100004E05082800000000E2
:101230000E003000104E050848030000000E003874
:10124000001C4E0508080000FA000E002B00344E6A
:101250000508080000FA000E002C004C4E05080896
:101260000000FA000E002D00644E0508080000FA88
:10127000000E002E00804E0508080000FA000E0047
:101280002F00984E050828290000000E003100AC00
:101290004E050848030000000E003200C04E05084D
:1012A00048030000000E003500D44E050808000079
:1012B000C8000E005200EC4E0508080A005A000E45
:1012C000005300004F0508080000C8000E0054003D
:1012D000184F0508080000C8000E0055002C4F05E7
:1012E00008080000FA000E005600404F05082800CC
:1012F0000000000E0057005C4F0508080A0050006F
:101300000E005900784F05080A0A00C8000E005A5E
:1013100000944F0508081900FF000E005800A84F60
:101320000508282B0000000E005C00B44F050828BB
:10133000000000000E005D00C04F0508080500FA1F
:10134000000E005E00D44F0508080500FA000E00EC
:101350005F00E84F0508080000FA000E006000FC7E
:101360004F0508080000FA000E0061001050050843
:10137000080000FA000E0062002450050808000072
:10138000FA000E006300385005080A0000E8030E5A
:10139000006400545005080A0000E8030E006600CF
:1013A0006C5005080A0000E8030E00680084500530
:1013B000080A000010270E006A009C5005080A0069
:1013C0000010270E006C00B05005080A000010271E
:1013D0000E006E00C45005080A000010270E0070B1
:1013E00000D85005080A0100E8030E007400EC5014
:1013F00005080A010010270E007600005105080AB2
:101400000100E8030E007200185105080A000050A0
:10141000C30E00780028510508080000FA000E00ED
:101420007A0034510508080000FA000E007B0040E5
:10143000510508080000FA000E007C004C51050818
:10144000080000FA000E007D005851050808000051
:10145000FA000E007E0064510508080000FA000E34
:10146000007F0074510508080000FA000E0080009B
:1014700084510508080000FA000E0081009851050B
:1014800008080000FA000E008200B05105080800AC
:1014900000FA000E008300CC510508200000000077
:1014A0001F000400DC51050820000000001F00059B
:1014B00000EC51050803D8DC28231F00000000526F
:1014C000050803B0B950461F000200145205080079
:1014D000000001001F00060028520508200100003E
:1014E000001F0007003452050800000001001F0023
:1014F00008004C52050800000078001F0009005C3D
:1015000052050820000000001F000A00685205086C
:1015100020000000001F000B007C520508400F0057
:1015200000001F000C008852050802000030751FE3
:10153000001C00A852050864000000001F002000E5
:10154000C452050864010000001F002000E052059D
:101550000864020000001F002000F8520508640320
:101560000000001F00200010530508640400000064
:101570001F0020002853050864050000001F0020FC
:10158000004053050864060000001F002000585367
:10159000050864070000001F002000705305086460
:1015A000080000001F00200088530508640900009F
:1015B000001F002000A4530508640A0000001F005B
:1015C0002000C0530508640B0000001F002000D855
:1015D000530508640C0000001F002000F4530508A8
:1015E000640D0000001F00200014540508640E0064
:1015F00000001F00200030540508640F0000001F89
:101600000020005054050864100000001F00200056
:101610007054050864110000001F0020008C540560
:101620000864120000001F002000B0540508641375
:101630000000001F002000D05405086414000000C2
:101640001F002000EC54050864150000001F002056
:10165000000855050820000000001B000000205570
:10166000050820200000001B000A00405505082046
:101670001A0000001B00020054550508201F00003E
:10168000001B0003006855050820200000001B0017
:1016900004007C55050820200000001B0005009474
:1016A00055050802320010271B000600B05505083A
:1016B00000000064001B000800C855050820000059
:1016C00000001B000900E455050800050064001B2C
:1016D000000B00F8550508020A00F4011B000C007D
:1016E0001456050800000064001B000E002C56056F
:1016F0000800000064001B000F004456050804FFAA
:10170000FFFFFF1B001000605605083800000000B6
:10171000FF01030078560508381E000000FF010491
:1017200000845605081800000400FF0100009456CC
:1017300005081800001E0012000D00A4560508211F
:101740000000000012000400882905082011000094
:10175000001200020094290508000000FF0012009A
:101760000300B4560508201900000012000500C44B
:101770005605080000001E0012000600D856050895
:10178000200000000012000F00EC560508200000A9
:1017900000001200100004570508201C0000000281
:1017A0000200001857050801FAFF000000020000BF
:1017B0003457050801FDFF000000020100505705E5
:1017C0000801FFFF280000020500685705084004D3
:1017D00000000000020600805705082000000000FD
:1017E00000020A00A4570508202A00000005020094
:1017F00000B8570508200000000005020100D0577E
:101800000508020A00F40105020200E85705080273
:101810000000803E0502040004580508020000E8AC
:10182000030502060024580508000000FA0005021E
:10183000080040580508000000FA00050209005C95
:101840005805081800000700F90103006C58050846
:101850005804000000110204007C580508580400D8
:101860000000120200008858050820000000001344
:10187000020000945805083800000000130202001E
:10188000A85805081800000400FA010100B858051E
:101890000838160000001C020100C858050818008E
:1018A0000004001C020200D85805081800000400BB
:1018B0001C020400E858050818000077001C020507
:1018C00000FC58050838020000001C0207001059EF
:1018D00005081BF0F1100E1C020800245905081B16
:1018E000F0F1100E1C020A00385905081BF0F11027
:1018F0000E1C020C004C59050838160000001C0292
:101900000F005C59050818000004001C0210006C50
:1019100059050818000004001C0212007C59050833
:1019200018000077001C02130090590508380200C7
:1019300000001C021500A45905081BF0F1100E1C34
:10194000021600B85905081BF0F1100E1C02180011
:10195000CC5905081BF0F1100E1C021A00E05905C5
:1019600008380000000006020200EC5905081A645D
:1019700000140506020400005A05083800000000A3
:10198000060208000C5A05081A6400140506020A2B
:1019900000205A0508380000000006020E002C5AEC
:1019A00005081A6400140506021000405A0508389C
:1019B00000000000060214004C5A05081A640014C6
:1019C0000506021600605A050838000000001D02D6
:1019D00000006C5A050818000007001D020100787D
:1019E0005A050818000004001D020200845A050868
:1019F000020000F4012C020000985A0508020000C1
:101A0000F4012C020200AC5A050803F4FC0C030E8E
:101A100002000050280508401000000020020000CD
:101A200070280508421000000020021000902805D0
:101A300008421000000020023000B02805084010C5
:101A400000000020025000C45A050801FFFF7F007B
:101A500023020C00DC5A050804FFFFFFFF230200ED
:101A600000F05A050804FFFFFFFF23020400045B97
:101A7000050804FFFFFFFF23020800144605088045
:101A8000011000002F000000185B05082021000055
:101A900000380000002C5B0508000100FA00380047
:101AA0000100445B0508000100FA003800020060F4
:101AB0005B0508000100FA0038000300785B0508A8
:101AC000000100FA0038000400905B0508000000E7
:101AD000320038000500A85B0508000100FA003854
:101AE000000600BC5B050880011000002902000010
:101AF000CC5B0508800110000029021000DC5B05AA
:101B000008800110000029022000EC5B050880011C
:101B1000100000290230000000001F003C005B00A4
:101B200079009800B600D500F400120131014F0190
:101B30006E018D01A901C801E601050223024202DE
:101B400061027F029E02BC02DB02FA021603350329
:101B5000530372039003AF03CE03EC030B04290479
:101B6000480467048304A204C004DF04FD041C05C8
:101B70003B0559057805960500FFFF01FFFF02FFB1
:101B8000FF03FFFF04FFFF0000000000FFFF010054
:101B90000000FFFF02000000FFFF03000000FFFF46
:101BA00000000000200301000000200302000000EC
:101BB0002003030000002003D007000010270000CE
:101BC000007D000000000000A00F000010270000B2
:101BD000007D0000007D0000000000FF6464C8FF7D
:101BE00064FF6364C8C864FFC8640000EC7E050835
:101BF000F87E0508047F0508107F05081C7F05088E
:101C0000287F05080001020301020000E9770508AA
:101C1000BC7E0508C07E0508C47E0508C87E050890
:101C2000CC7E0508D07E0508D47E0508D87E050840
:101C3000DC7E0508E07E0508E47E0508E87E0508F0
:101C4000E97705082C7E0508F4600508BC600508E6
:101C5000307E0508347E0508387E05083C7E050880
:101C6000407E0508447E0508C05E0508487E0508DC
:101C70002C3105084C7E0508507E0508547E050869
:101C8000587E0508607E0508687E0508707E050898
:101C9000747E05087C7E0508847E05088C7E050818
:101CA000947E05089C7E0508A47E0508AC7E050888
:101CB000B47E0508E9770508803D0508247E0508FF
:101CC000287E0508AEBE0000540C0020B82E01206E
:101CD00002000000010000001D130408580C002041
:101CE0000000000001000000010000005D13040876
:101CF000500C002000000000010000000100000066
:101D000000000000000000000000000000000000D3
:101D100001000000000000000000000000000000C2
:101D200008000000010000000000000000000000AA
:101D300000000000000000000100000000000000A2
:101D40000803040402050106C82E002E802E1A0086
:101D5000C82E002EC82E002EC82E002EC82E002EF3
:101D6000C82E002EC82E002E9032212E59F510308C
:101D7000212E6AF51A242200802E3B00C82E4447EB
:101D800022003700A400FF0FD10007AD802E00C154
:101D9000802E00C1802E00C1802E00C1802E00C187
:101DA000802E00C1802E00C1802E00C1802E00C177
:101DB000802E00C1802E00C1000000000000112410
:101DC000FCF580304042505000301224EB000330CC
:101DD000002EC1865A0EFB2F212EFCF5132463F52D
:101DE000E03C48002230F780C242E17F3A25FC8681
:101DF000F07F4133982EC2C4D66FF130F108C46F22
:101E00001124FF03122400FC6109A20836BE2AB97E
:101E10001324380064BBD1BE940A7108D54221BD99
:101E200091BCD242C14200B2FE82052F5030212E19
:101E300021F2002E002ED02EF06F0230024220261A
:101E4000E06F023103409A0A0242F037052E5EF736
:101E5000100812241EF280428384F17F0A25133079
:101E600083423B82F06F002E002ED02E1240524251
:101E7000002E124052423E84004040427E82E17F6A
:101E8000F27F982E6AD62130232E61F5EB2CE16F7C
:101E9000FFFFFFFFFFFFFFFFFFFFFFFFFFFFFFFF52
:101EA000FFFFFFFFFFFFFFFFFFFFFFFFFFFFFFFF42
:101EB000FFFFFFFF090000000A0000000B00000008
:101EC000FFFFFFFF0D0000000E0000000F000000EC
:101ED000FFFFFFFFFFFFFFFF020000000300000005
:101EE000FFFFFFFF050000000600000007000000E4
:101EF000FFFFFFFF000000000800000001000000DD
:101F0000FFFFFFFF040000000C000000FFFFFFFFC9
:101F100000000000000000000700000001000000B9
:101F200000000000000000000000000000000000B1
:101F300001000000000000001620C2005600210031
:101F4000400000011720C20056002100800000015F
:101F50001920C200500032000002000115202000AC
:101F6000190014002000000117BA20006C00360090
:101F70008000000118BA20006C003600000100014A
:101F80001540EF0068003200200000011630EF001D
:101F900085003200400000011640EF00850032004D
:101FA000400000011740EF00850032008000000172
:101FB0001770EF0085003200800000011840EF002C
:101FC000680032000001000118405E006800320025
:101FD000000100011870EF00420032000001000112
:101FE0001940EF0085003200000200011760010077
:101FF0008500320080000001186001008500320079
:10200000000100011640E0008500320000041000CD
:10201000000000000000000000000000D52F0408B0
:1020200019300408F5290408CD29040855130408BB
:10203000F528040839130408B12904080000000039
:10204000ED2E0408C9120408000000000000000082
:102050000000000000000000000000000000000080
:102060000000000000000000000000000900000067
:102070000A0000000B000000000000000D0000003E
:102080000E0000000F000000000000000000000033
:102090000200000003000000000000000500000036
:1020A0000600000007000000000000000000000023
:1020B0000800000001000000000000000400000013
:1020C0000C00000000000000A800C000D800F000D4
:1020D00000000000000000000102030406070809D8
:1020E0006545030801380308C1370308653703084D
:1020F000A5450308A53703089D4503080000000017
:1021000000000000000000000000000000000000CF
:1021100000340140000000000003000008000240FD
:1021200031000000080002403500000001000000FE
:102130000034014000040000000300001C000240C5
:1021400032000000080002403500000001000000DD
:10215000003401400008000000030000300002408D
:1021600033000000080002403500000001000000BC
:1021700000340140000C0000000300004400024055
:10218000340000000800024035000000010000009B
:10219000002C014000000000000600000800024082
:1021A0002A000000080002402E000000010000008C
:1021B000002C014000040000000600001C0002404A
:1021C0002B000000080002402E000000010000006B
:1021D000002C014000080000000600003000024012
:1021E0002C000000080002402E000000010000004A
:1021F000002C0140000C00000006000044000240DA
:102200002D000000080002402E0000000100000028
:10221000993C04083B3C0408213E0408C1350408ED
:10222000E9400408E93D04080000000000800202C3
:102230001F000000524F544F52464C54426C616391
:102240006B626F7820466C6173682020202020200C
:1022500056435020496E74657266616365000000E4
:1022600056435020436F6E6669670000526F746F6B
:1022700072666C6967687400526F746F72666C691D
:102280006768742053544D33324734377800000068
:1022900025752C25753A25733A25733A25753A2507
:1022A000753A25753A2575004D4D5800544F4256E4
:1022B00049574B44000000004346414C53475200ED
:1022C0004E45535755440000060708090A172800D1
:1022D0000D0A456E746572696E6720434C49204D46
:1022E0006F64652C20747970652027657869742780
:1022F00020746F2072657475726E2C206F722027A7
:1023000068656C7027000D0A23200000081C30440B
:10231000586C8094000000000B7E808182137C7DCD
:10232000140A00000C0D0E0F101100000304050626
:10233000070000000B80818200000000414E474CE6
:10234000450000004E4F524D414C00004641494C63
:1023500053414645000000004750532D5741495412
:10236000000000002D4E4F2D41524D2D0000000069
:102370004750532D5245534355450000484F52494D
:102380005A4F4E0052504D3A2025640054656D70EE
:102390003A2025644300000041444A2025643A2540
:1023A0006400000025732563000000004750474784
:1023B00041000000474E4747410000004750524D42
:1023C00043000000474E524D430000004750475322
:1023D0005600000024505352463130302C312C31FD
:1023E00031353230302C382C312C302A30350D0A32
:1023F0000000000024505352463130332C30302C32
:10240000362C30302C302A32330D0A0048204669F1
:10241000656C642025632025733A00005B25645DAC
:1024200000000000256400007369676E65640000A9
:10243000707265646963746F72000000656E636F2B
:1024400064696E670000000024505542582C3431F6
:102450002C312C303030332C303030312C31313580
:102460003230302C302A31450D0A000024504D54B2
:102470004B3235312C3131353230302A31460D0A6C
:102480000000000024505542582C34312C312C309F
:102490003030332C303030312C35373630302C3032
:1024A0002A32440D0A00000024504D544B3235317D
:1024B0002C35373630302A32430D0A00245055422D
:1024C000582C34312C312C303030332C30303031EA
:1024D0002C33383430302C302A32360D0A000000CC
:1024E00024504D544B3235312C33383430302A326D
:1024F000370D0A0024505542582C34312C312C30E1
:102500003030332C303030312C31393230302C30C7
:102510002A32330D0A00000024504D544B3235311D
:102520002C31393230302A32320D0A0024505542D3
:10253000582C34312C312C303030332C3030303179
:102540002C393630302C302A31360D0A000000008C
:102550002C3A3A3A3A3A3A006D34774643496E7427
:10256000660000004145524354313233343536372A
:1025700038000000456E64206F66206C6F670000B5
:102580004C4F470042424C00257300004669726D73
:10259000776172652074797065000000342E332EE7
:1025A000302D32303233303832320000257320255E
:1025B0007320282573292025730000004669726D59
:1025C00077617265207265766973696F6E000000CD
:1025D00053544D333247343758000000623432369A
:1025E0006235390031393A31363A3338000000006B
:1025F0004175672032322032303233002573202576
:10260000730000004669726D7761726520646174C1
:1026100065000000426F61726420696E666F726DC2
:102620006174696F6E0000004C6F67207374617293
:1026300074206461746574696D650000437261663D
:1026400074206E616D6500004920696E7465727654
:10265000616C00005020696E74657276616C0000D8
:102660005020726174696F0066656174757265737C
:102670000000000030782578000000006779726F54
:102680005F7363616C650000257500006163635FC3
:1026900031470000766261745F7363616C650000AE
:1026A00025752C25752C2575000000007662617457
:1026B00063656C6C766F6C746167650076626174DB
:1026C0007265660025642C256400000063757272D3
:1026D000656E7453656E736F720000006C6F6F707F
:1026E00074696D65000000006779726F5F73796EC1
:1026F000635F64656E6F6D007069645F70726F63B5
:102700006573735F64656E6F6D00000066696C745D
:1027100065725F70726F636573735F64656E6F6D12
:102720000000000072617465735F74797065000069
:1027300025642C25642C25640000000072635F7200
:10274000617465730000000072635F6578706F00EC
:102750007261746573000000726174655F6C696D0D
:1027600069747300726F6C6C5049440070697463D3
:1027700068504944000000007961775049440000E6
:102780007961775F6465616462616E640000000076
:102790006779726F5F746F5F757365006779726FC9
:1027A0005F68617264776172655F6C7066000000DB
:1027B0006779726F5F646563696D6174696F6E5F7D
:1027C000687A00006779726F5F6C7066315F747948
:1027D000706500006779726F5F6C7066315F73744B
:1027E000617469635F687A006779726F5F6C7066A5
:1027F000315F64796E5F687A000000006779726FFC
:102800005F6C7066325F7479706500006779726F13
:102810005F6C7066325F7374617469635F687A00BD
:102820006779726F5F6E6F7463685F687A0000002B
:102830006779726F5F6E6F7463685F6375746F66DC
:10284000660000006473686F745F62696469720097
:102850006779726F5F72706D5F66696C7465725FC5
:1028600062616E6B5F72706D5F736F75726365002E
:102870006779726F5F72706D5F66696C7465725FA5
:1028800062616E6B5F72706D5F726174696F000080
:102890006779726F5F72706D5F66696C7465725F85
:1028A00062616E6B5F72706D5F6C696D6974000060
:1028B0006779726F5F72706D5F66696C7465725F65
:1028C00062616E6B5F6E6F7463685F710000000021
:1028D0006163635F6C70665F687A00006163635F69
:1028E0006861726477617265000000006261726FF6
:1028F0005F68617264776172650000006D61675F97
:102900006861726477617265000000006779726FB8
:102910005F63616C5F6F6E5F66697273745F617233
:102920006D00000073657269616C72785F70726F20
:1029300076696465720000007573655F756E737902
:102940006E6365645F70776D000000006D6F746F7B
:10295000725F70776D5F70726F746F636F6C000081
:102960006D6F746F725F70776D5F72617465000078
:102970006D696E7468726F74746C65006D617874E3
:1029800068726F74746C650064656275675F6D6F03
:102990006465000064656275675F61786973000053
:1029A0006669656C64735F6D61736B006C6F6773F0
:1029B000000000004C4F4730303030302E42424C47
:1029C0000000000041524D00414C54484F4C44001F
:1029D00042454550455200004C45444C4F5700007D
:1029E00043414C49420000004F5344204449534165
:1029F000424C450054454C454D4554525900000049
:102A0000424C41434B424F5800000000424C41436E
:102A10004B424F5820455241534520283E33307396
:102A20002900000043414D45524120434F4E54522E
:102A30004F4C20310000000043414D45524120439E
:102A40004F4E54524F4C20320000000043414D4540
:102A5000524120434F4E54524F4C2033000000004F
:102A600050524541524D0000475053204245455079
:102A700020534154454C4C49544520434F554E54E6
:102A80000000000056545820504954204D4F4445F2
:102A90000000000055534552310000005553455287
:102AA0003200000055534552330000005553455243
:102AB00034000000504152414C595A45000000007A
:102AC0004750532052455343554500005452414905
:102AD0004E45520056545820434F4E54524F4C20AE
:102AE00044495341424C45004D5350204F564552A6
:102AF0005249444500000000535449434B20434F82
:102B00004D4D414E44532044495341424C450000F1
:102B1000424545504552204D55544500666C696705
:102B200068744D6F6465466C61677300737461749B
:102B300065466C61677300006661696C7361666508
:102B4000506861736500000072785369676E616C4C
:102B50005265636569766564000000007278466CB2
:102B6000696768744368616E6E656C7356616C6901
:102B7000640000004750535F6E756D536174000030
:102B80004750535F636F6F72640000004750535F9C
:102B9000616C746974756465000000004750535F90
:102BA00073706565640000004750535F67726F750E
:102BB0006E645F636F757273650000004750535F0A
:102BC000686F6D65000000006C6F6F70497465720E
:102BD0006174696F6E0000007263436F6D6D616EAA
:102BE00064000000736574706F696E74000000000B
:102BF0006D697865720000006178697350000000AB
:102C000061786973490000006178697344000000CD
:102C10006178697346000000617474697475646555
:102C2000000000006779726F524157006779726F38
:102C30004144430061636341444300006D61674167
:102C400044430000766172696F000000727373691B
:102C50000000000056626174000000004962617467
:102C6000000000007461696C7370656564000000A9
:102C70006D6F746F72000000736572766F000000F4
:102C80006465627567000000482050726F64756368
:102C9000743A426C61636B626F7820666C69676836
:102CA000742064617461207265636F726465722060
:102CB0006279204E6963686F6C6173205368657236
:102CC0006C6F636B0A48204461746120766572738F
:102CD000696F6E3A320A0053473437002573202556
:102CE000733A2025730000005254464C0000000047
:102CF0000A0805FF00000000050F0A0F14FF00007E
:102D00000405040508050F05080504050405FF0072
:102D1000140F2305FF00000005050505FF00000056
:102D20000A0AFF001932FF003202FF001E051E05CD
:102D30001E05FF0005050F0505050F1EFF0000001D
:102D40001E050505FF0000000F050F05FF00000030
:102D50000A0A0A0A0A28280A280A28280A0A0A0A3D
:102D60000A46FF003232FF00140A140A140AFF0058
:102D70004246204431000000566F6C746167650064
:102D800043757272656E7400436170616369747932
:102D9000000000006D416800506F77657200000010
:102DA000526F6C6C20616E676C650000B0000000B3
:102DB000506974636820616E676C65005661726962
:102DC0006F0000006D2F73004750532053617473E0
:102DD00000000000475053204C6F6E670000000059
:102DE000475053204C617400475053205370656521
:102DF0006400000047505320482D44697374616E8D
:102E00006365000047505320482D44697265637420
:102E1000696F6E0042462044320000004750532044
:102E200048656164696E670047505320416C74695E
:102E30007475646500000000472D466F726365205D
:102E400058000000472D466F72636520590000004E
:102E5000472D466F726365205A0000005359535442
:102E6000454D00004C4F4144000000005550444186
:102E7000544500004759524F0000000041434300B1
:102E800041545449545544450000000044495350AE
:102E90004154434800000000424154544552595F98
:102EA000564F4C5441474500424154544552595F96
:102EB00043555252454E5400424154544552595F75
:102EC000414C45525453000047505300434F4D501E
:102ED000415353004241524F000000004C454453BF
:102EE00054524950000000004553435F53454E5330
:102EF0004F520000414443494E5445524E414C000C
:102F000050494E494F424F5800000000535045452C
:102F1000445F4E45474F54494154494F4E000000CD
:102F20004759524F5F43414C494252415445440036
:102F300052585F4C4F53540052585F4C4F53545F9C
:102F40004C414E44494E470044495341524D494E2D
:102F50004700000041524D494E47000041524D4943
:102F60004E475F4750535F464958000041524D4914
:102F70004E475F4750535F4E4F5F46495800000031
:102F80004241545F435249545F4C4F570000000088
:102F90004241545F4C4F57004750535F5354415484
:102FA0005553000052585F53455400004143435F5E
:102FB00043414C4942524154494F4E004143435FC3
:102FC00043414C4942524154494F4E5F4641494C5E
:102FD0000000000052454144595F42454550000001
:102FE0004D554C54495F4245455053004449534167
:102FF000524D5F52455045415400000041524D45ED
:103000004400000053595354454D5F494E49540004
:103010004F4E5F5553420000424C41434B424F5884
:103020005F4552415345000043414D5F434F4E4E73
:10303000454354494F4E5F4F50454E0043414D5F0D
:10304000434F4E4E454354494F4E5F434C4F5345BB
:1030500000000000414C4C000A323C3D3E3F4041E4
:103060004243444546470000524553455256454465
:103070002E444154000000000D0A1B5B4B00000071
:103080001B5B324A1B5B313B3148000008200800C3
:10309000534554504F494E54000000004552524F82
:1030A0005200000052504D0054454D5000000000A9
:1030B00041444A46554E4300504153535448524FA1
:1030C00055474800435031323000000043503133FF
:1030D0003500000043503134300000004650393094
:1030E0004C0000004650393056000000434C494D1A
:1030F00042000000414C545F484F4C440000000027
:103100004B49535300000000484F42425957494E23
:10311000475634004B4F4E54524F4E494B0000001F
:103120004F4D50484F42425900000000525000009D
:10313000525059005354414E444152440000000043
:103140004D4F4445310000004D4F444532000000D2
:103150005641524941424C45000000004D4F544FEA
:1031600052495A454400000042494449524543549B
:10317000494F4E414C000000435700004343570065
:103180004D415837343536004D5350004652534B5D
:10319000594F53440000000054494D3100000000D5
:1031A00054494D3800000000325F504F494E5400E2
:1031B000335F504F494E5400345F504F494E5400D6
:1031C00044454641554C54004241524F5F4F4E4C8E
:1031D000590000004750535F4F4E4C59000000000B
:1031E000424C41434B000000574849544500000001
:1031F000524544004F52414E4745000059454C4C02
:103200004F5700004C494D455F475245454E000021
:10321000475245454E0000004D494E545F475245C8
:10322000454E00004359414E000000004C494748BC
:10323000545F424C55450000424C5545000000008B
:103240004441524B5F56494F4C4554004D41474510
:103250004E544100444545505F50494E4B000000DC
:103260005241434500000000424541434F4E00009B
:103270005354415455535F44494D4D45440000005B
:103280005344494F0000000050414C004E545343FA
:103290000000000046495253540000005345434F7C
:1032A0004E440000424F5448000000004752420084
:1032B0005247420047524257000000003139324D18
:1032C000485A00003231364D485A00003234304DF1
:1032D000485A000042455441464C49474854000072
:1032E00052414345464C49474854000041435455D8
:1032F000414C0000515549434B00000059415700D3
:1033000049324300534C4156450000004759524F43
:103310004155544F000000005354414745310000CF
:103320004B494C4C000000005354414745320000CB
:103330004155544F2D4C414E4400000044524F50D3
:103340000000000046495253545F4F52444552001A
:103350005345434F4E445F4F5244455200000000D6
:103360005054310050543200505433004F524445B1
:1033700052310000425554544552000042455353C7
:10338000454C000044414D50454400004F4E4553CC
:10339000484F5431323500004F4E4553484F543456
:1033A000320000004D554C544953484F5400000022
:1033B0005245534552564544000000004453484F7F
:1033C00054313530000000004453484F54333030FE
:1033D000000000004453484F5436303000000000D5
:1033E00050524F53484F54313030300044495341CC
:1033F000424C4544000000004359434C4554494D5C
:103400004500000042415454455259004759524F1B
:103410005F46494C544552454400000041434345F2
:103420004C45524F4D455445520000005049444CC4
:103430004F4F50004759524F5F5343414C45440052
:1034400052435F434F4D4D414E44000052435F5342
:103450004554504F494E54005343484544554C45FC
:1034600052000000535441434B0000004553435F5A
:1034700053454E534F525F44415441004553435FBF
:1034800053454E534F525F4652414D450000000098
:10349000414C5449545544450000000046465400F0
:1034A0004646545F54494D45000000004646545F6F
:1034B000465245510000000052585F4652534B5946
:1034C0005F5350490000000052585F534648535321
:1034D0005F535049000000004759524F5F52415717
:1034E000000000004455414C5F4759524F5F524124
:1034F000570000004455414C5F4759524F5F4449C3
:10350000464600004D4158373435365F5349474EE3
:10351000414C00004D4158373435365F53504943D4
:103520004C4F434B00000000534255530000000035
:1035300046504F525400000052414E474546494EB6
:103540004445520052414E474546494E4445525F1C
:103550005155414C495459004C494441525F5446DD
:10356000000000004144435F494E5445524E414CD7
:1035700000000000474F5645524E4F5200000000D9
:1035800043555252454E545F53454E534F520000DF
:1035900055534200534D415254415544494F000048
:1035A00052544800495445524D5F52454C415800D1
:1035B0004143524F5F545241494E45520000000072
:1035C00052585F5349474E414C5F4C4F5353000094
:1035D00052435F524157000052435F4441544100FF
:1035E00044594E5F4C50460052585F5350454B541F
:1035F00052554D5F535049004453484F545F525009
:103600004D5F54454C454D455452590052504D5F05
:1036100046494C544552000052504D5F534F55524D
:1036200043450000554E555345445F343800000073
:10363000414952424F524E45000000004455414C12
:103640005F4759524F5F5343414C454400000000CF
:103650004453484F545F52504D5F4552524F52535E
:1036600000000000435253465F4C494E4B5F535499
:1036700041544953544943535F55504C494E4B00B4
:10368000435253465F4C494E4B5F53544154495348
:10369000544943535F505752000000004352534671
:1036A0005F4C494E4B5F5354415449535449435323
:1036B0005F444F574E0000004750535F52455343FD
:1036C00055455F5448524F54544C455F504944004F
:1036D000465245515F53454E534F5200464545446F
:1036E000464F52574152445F4C494D4954000000E7
:1036F00046454544464F525741524400424C41438F
:103700004B424F585F4F5554505554004759524FF4
:103710005F53414D504C450052585F54494D494EFE
:1037200047000000445F4C50460000005654585F6C
:103730005452414D500000004748535400000000CF
:103740005343484544554C45525F44455445524DBA
:10375000494E49534D00000054494D494E475F4181
:10376000434355524143590052585F4558505245C2
:1037700053534C52535F53504900000052585F4519
:103780005850524553534C52535F50484153454C47
:103790004F434B0052585F53544154455F54494D79
:1037A0004500000050495443485F505245434F4D37
:1037B000500000005941575F505245434F4D500053
:1037C0005245534355455F414C54484F4C440000CB
:1037D0004F5054494F4E5F31000000004F50544944
:1037E0004F4E5F32000000005350454B31303234B1
:1037F000000000005350454B3230343800000000C8
:1038000053554D440000000053554D480000000042
:1038100058422D420000000058422D422D524A309D
:103820003100000049425553000000004A45544908
:1038300045584255530000004352534600000000D3
:103840005352584C00000000435553544F4D000054
:103850005352584C320000004553430053574954CB
:1038600043480000535049464C4153480000000073
:1038700053444341524400004D41585F414C540071
:1038800046495845445F414C54000000435552524C
:10389000454E545F414C54005245534355455F5388
:1038A000414E4954595F4F4646000000524553432C
:1038B00055455F53414E4954595F4F4E000000003B
:1038C0005245534355455F53414E4954595F465302
:1038D0005F4F4E4C590000005045444553545249E7
:1038E000414E000044594E414D49430045474E4F1B
:1038F0005300000057414153000000004D53415315
:1039000000000000474147414E0000004E4D454138
:103910000000000055424C4F580000004357300053
:103920004357393000000000435731383000000061
:103930004357323730000000435730464C4950005F
:1039400043573930464C4950000000004357313846
:1039500030464C49500000004357323730464C49FE
:1039600050000000494D50455249414C00000000B4
:103970004D4554524943000042524954495348006E
:10398000484353523034000054464D494E490000DC
:103990005446303200000000484D4335383833007B
:1039A000414B383937350000514D433538383300F5
:1039B0004C4953334D444C004D41475F4D505539B0
:1039C0003235585F414B383936330000424D503064
:1039D000383500004D53353631310000424D5032FC
:1039E000383000004C505300514D503639383800B3
:1039F000424D5033383800004450533331300000CA
:103A00004144584C333435004D5055363035300034
:103A10004D4D413834353200424D4132383000008E
:103A20004C534D333033444C484300004D505536D1
:103A3000303030004D505536353030004D5055390E
:103A40003235300049434D3230363031000000000D
:103A500049434D32303630320000000049434D3288
:103A6000303630384700000049434D323036343963
:103A70000000000049434D32303638390000000064
:103A800049434D34323630350000000049434D344F
:103A90003236383850000000424D4931363000008F
:103AA000424D4932373000004C534D3644534F009D
:103AB00046414B45000000004C334734323030441F
:103AC000000000004D505533303530004C33474432
:103AD000323000004C534D3653444F006779726FBB
:103AE0005F6F766572666C6F775F6465746563742B
:103AF000000000006779726F5F63616C69625F64E8
:103B000075726174696F6E006779726F5F63616C63
:103B100069625F6E6F6973655F6C696D69740000DF
:103B20006779726F5F6F66667365745F796177003E
:103B30006779726F5F6C7066315F64796E5F6D6913
:103B40006E5F687A000000006779726F5F6C706664
:103B5000315F64796E5F6D61785F687A00000000A4
:103B60006779726F5F6E6F746368315F687A0000A7
:103B70006779726F5F6E6F746368315F6375746FBE
:103B8000666600006779726F5F6E6F746368325F9C
:103B9000687A00006779726F5F6E6F746368325F76
:103BA0006375746F666600006163635F7472696D4C
:103BB0005F706974636800006163635F7472696D4C
:103BC0005F726F6C6C0000006163635F63616C69BE
:103BD00062726174696F6E00616C69676E5F6D61BE
:103BE000670000006D61675F616C69676E5F726F8F
:103BF0006C6C00006D61675F616C69676E5F706916
:103C0000746368006D61675F616C69676E5F79619D
:103C1000770000006D61675F62757374797065008D
:103C20006D61675F6932635F646576696365000033
:103C30006D61675F6932635F6164647265737300AD
:103C40006D61675F7370695F6465766963650000C5
:103C50006D61675F63616C6962726174696F6E0048
:103C60006261726F5F627573747970650000000045
:103C70006261726F5F7370695F6465766963650026
:103C80006261726F5F6932635F6465766963650064
:103C90006261726F5F6932635F61646472657373DE
:103CA000000000006D69645F726300006D696E5F03
:103CB000636865636B0000006D61785F63686563CE
:103CC0006B000000727373695F6368616E6E656C90
:103CD00000000000727373695F7372635F667261E4
:103CE0006D655F6572726F72730000007273736945
:103CF0005F7363616C650000727373695F6F666602
:103D000073657400727373695F696E7665727400AF
:103D1000727373695F7372635F6672616D655F6C06
:103D200070665F706572696F640000006D61785F36
:103D30006175785F6368616E6E656C73000000008A
:103D400073657269616C72785F696E7665727465AD
:103D5000640000007370656B7472756D5F736174DD
:103D60005F62696E640000007370656B7472756DDC
:103D70005F7361745F62696E645F6175746F7265B1
:103D8000736574007372786C325F756E69745F6905
:103D9000640000007372786C325F626175645F6604
:103DA00061737400736275735F626175645F6661ED
:103DB00073740000637273665F7573655F72785F1A
:103DC000736E7200637273665F666C696768745FB6
:103DD0006D6F64655F72657573650000637273660D
:103DE0005F7573655F6E65676F7469617465645F45
:103DF000626175640000000072785F6D696E5F75C6
:103E00007365630072785F6D61785F7573656300D9
:103E100073657269616C72785F68616C66647570F5
:103E20006C6578006D73705F6F766572726964653A
:103E30005F6368616E6E656C735F6D61736B0000CC
:103E400072785F736D6F6F74686E657373000000D6
:103E50006164635F64657669636500006164635FE4
:103E600076726566696E745F63616C6962726174B3
:103E7000696F6E006164635F74656D7073656E7306
:103E80006F725F63616C6962726174696F6E333007
:103E9000000000006164635F74656D7073656E732C
:103EA0006F725F63616C6962726174696F6E3131E8
:103EB00030000000696E7075745F66696C746572BD
:103EC000696E675F6D6F646500000000626C61631E
:103ED0006B626F785F6D6F6465000000626C616398
:103EE0006B626F785F64657669636500626C6163BD
:103EF0006B626F785F726174655F64656E6F6D0091
:103F0000626C61636B626F785F6C6F675F636F6D2C
:103F10006D616E6400000000626C61636B626F78BB
:103F20005F6C6F675F736574706F696E740000001B
:103F3000626C61636B626F785F6C6F675F6D6978ED
:103F400065720000626C61636B626F785F6C6F67B3
:103F50005F6174746974756465000000626C61630C
:103F60006B626F785F6C6F675F7069640000000060
:103F7000626C61636B626F785F6C6F675F677972A9
:103F80006F5F726177000000626C61636B626F78D3
:103F90005F6C6F675F6779726F000000626C6163CE
:103FA0006B626F785F6C6F675F6163630000000036
:103FB000626C61636B626F785F6C6F675F6D616786
:103FC00000000000626C61636B626F785F6C6F670A
:103FD0005F616C7400000000626C61636B626F78FB
:103FE0005F6C6F675F67707300000000626C6163F5
:103FF0006B626F785F6C6F675F6261747465727912
:1040000000000000626C61636B626F785F6C6F67C9
:104010005F72737369000000626C61636B626F783A
:104020005F6C6F675F72706D00000000626C6163AF
:104030006B626F785F6C6F675F6D6F746F72730028
:10404000626C61636B626F785F6C6F675F736572E0
:10405000766F73006D696E5F7468726F74746C65EF
:10406000000000006D61785F7468726F74746C6535
:10407000000000006D696E5F636F6D6D616E6400BE
:104080006473686F745F6275727374006473686FD1
:10409000745F62697462616E670000006473686FC8
:1040A000745F62697462616E675F74696D657200E6
:1040B0006D6F746F725F636F6E74726F6C5F6D6F34
:1040C000646500006D6F746F725F706F6C65730074
:1040D0006D6F746F725F72706D5F6C706600000060
:1040E0006D6F746F725F72706D5F666163746F7213
:1040F000000000006D61696E5F726F746F725F67C0
:104100006561725F726174696F0000007461696C4F
:104110005F726F746F725F676561725F72617469FD
:104120006F0000006661696C736166655F64656C51
:10413000617900006661696C736166655F6F6666D0
:104140005F64656C617900006661696C73616665C6
:104150005F7468726F74746C650000006661696CEE
:10416000736166655F7377697463685F6D6F6465BB
:10417000000000006661696C736166655F74687257
:104180006F74746C655F6C6F775F64656C617900E8
:104190006661696C736166655F70726F6365647593
:1041A000726500006661696C736166655F72656364
:1041B0006F766572795F64656C6179006661696CC0
:1041C000736166655F737469636B5F74687265734E
:1041D000686F6C6400000000616C69676E5F626FFD
:1041E0006172645F726F6C6C00000000616C6967E3
:1041F0006E5F626F6172645F706974636800000073
:10420000616C69676E5F626F6172645F796177008C
:104210006261745F636170616369747900000000BA
:10422000766261745F6D61785F63656C6C5F766FF9
:104230006C74616765000000766261745F66756C1E
:104240006C5F63656C6C5F766F6C746167650000B2
:10425000766261745F6D696E5F63656C6C5F766FCB
:104260006C74616765000000766261745F776172EB
:104270006E696E675F63656C6C5F766F6C746167A7
:1042800065000000766261745F68797374657265B9
:104290007369730063757272656E745F6D657465C2
:1042A00072000000626174746572795F6D65746597
:1042B00072000000766261745F6465746563745FA8
:1042C00063656C6C5F766F6C7461676500000000FD
:1042D0007573655F766261745F616C65727473009B
:1042E0007573655F636261745F616C65727473009E
:1042F000636261745F616C6572745F70657263653F
:104300006E740000766261745F6375746F66665FD9
:1043100070657263656E7400666F7263655F62617B
:1043200074746572795F63656C6C5F636F756E74CE
:1043300000000000766261745F646973706C61797B
:104340005F6C70665F706572696F6400696261744A
:104350005F6C70665F706572696F6400766261742D
:104360005F6475726174696F6E5F666F725F7761AB
:10437000726E696E67000000766261745F647572C8
:104380006174696F6E5F666F725F6372697469638F
:10439000616C0000766261745F7570646174655F62
:1043A000687A0000696261745F7570646174655F4A
:1043B000687A0000766261745F6469766964657228
:1043C00000000000766261745F6D756C7469706CDA
:1043D0006965720069626174615F7363616C650035
:1043E00069626174615F6F666673657400000000E6
:1043F0006265657065725F696E76657273696F6E0E
:10440000000000006265657065725F6F6400000007
:104410006265657065725F6672657175656E6379F8
:10442000000000006265657065725F6473686F7498
:104430005F626561636F6E5F746F6E6500000000A0
:104440006D61696E5F726F746F725F646972000094
:104450007461696C5F726F746F725F6D6F64650019
:104460007461696C5F6D6F746F725F69646C650015
:104470007461696C5F63656E7465725F7472696D97
:104480000000000073776173685F747970650000E5
:1044900073776173685F72696E6700007377617329
:1044A000685F70686173650073776173685F7472C9
:1044B000696D0000746F74616C5F626C6164655F4C
:1044C00070697463685F6C696D697400636F6C6CAC
:1044D0006563746976655F72706D5F636F72726534
:1044E0006374696F6E000000676F765F6D6F64655F
:1044F00000000000676F765F737461727475705F9F
:1045000074696D6500000000676F765F73706F6F90
:104510006C75705F74696D6500000000676F765F91
:10452000747261636B696E675F74696D650000002A
:10453000676F765F7265636F766572795F74696DB8
:1045400065000000676F765F6175746F726F7461EC
:1045500074696F6E5F74696D656F7574000000003B
:10456000676F765F6175746F726F746174696F6E77
:104570005F6261696C6F75745F74696D65000000DE
:10458000676F765F6175746F726F746174696F6E57
:104590005F6D696E5F656E7472795F74696D6500D9
:1045A000676F765F7A65726F5F7468726F74746C30
:1045B000655F74696D656F7574000000676F765F85
:1045C0006C6F73745F6865616473706565645F7454
:1045D000696D656F75740000676F765F7077725FE5
:1045E00066696C7465720000676F765F72706D5FEC
:1045F00066696C7465720000676F765F7474615FE2
:1046000066696C74657200007261746570726F66C1
:10461000696C655F6E616D650000000071756963AE
:104620006B72617465735F72635F6578706F0000B1
:10463000726F6C6C5F72635F726174650000000082
:1046400070697463685F72635F7261746500000013
:104650007961775F72635F7261746500636F6C6C20
:104660006563746976655F72635F7261746500008B
:10467000726F6C6C5F6578706F00000070697463B6
:10468000685F6578706F00007961775F6578706F3B
:1046900000000000636F6C6C6563746976655F652C
:1046A00078706F00726F6C6C5F737261746500007C
:1046B00070697463685F7372617465007961775FB4
:1046C0007372617465000000636F6C6C656374697C
:1046D00076655F737261746500000000726F6C6CC8
:1046E0005F726174655F6C696D6974007069746391
:1046F000685F726174655F6C696D697400000000C9
:104700007961775F726174655F6C696D69740000CF
:10471000636F6C6C6563746976655F6C696D6974F1
:1047200000000000726F6C6C5F616363656C5F6CAE
:10473000696D69740000000070697463685F61638B
:1047400063656C5F6C696D69740000007961775F07
:10475000616363656C5F6C696D697400636F6C6C39
:104760006563746976655F616363656C5F6C696DD1
:1047700069740000726F6C6C5F6C6576656C5F6568
:1047800078706F0070697463685F6C6576656C5FE4
:104790006578706F0000000072617465735F736DFF
:1047A0006F6F74686E657373000000006379636CEB
:1047B00069635F72696E67007265626F6F745F63D1
:1047C00068617261637465720000000073657269EC
:1047D000616C5F7570646174655F726174655F6858
:1047E0007A000000696D755F64636D5F6B70000037
:1047F000696D755F64636D5F6B6900006175746FEF
:104800005F64697361726D5F64656C61790000005B
:104810006770735F70726F76696465720000000084
:104820006770735F736261735F6D6F646500000032
:104830006770735F736261735F696E7465677269D5
:10484000747900006770735F6175746F5F636F6E7A
:10485000666967006770735F6175746F5F62617529
:10486000640000006770735F75626C6F785F7573CA
:10487000655F67616C696C656F0000006770735FEE
:1048800075626C6F785F6D6F646500006770735F51
:104890007365745F686F6D655F706F696E745F6F6D
:1048A0006E6365006770735F7573655F33645F7314
:1048B00070656564000000006770735F7265736304
:1048C00075655F616E676C65000000006770735FFF
:1048D0007265736375655F616C745F62756666654A
:1048E000720000006770735F7265736375655F695E
:1048F0006E697469616C5F616C7400006770735FEE
:104900007265736375655F64657363656E745F6418
:10491000697374006770735F7265736375655F6C4C
:10492000616E64696E675F616C7400006770735FCD
:104930007265736375655F6C616E64696E675F64F1
:10494000697374006770735F7265736375655F6721
:10495000726F756E645F7370656564006770735F16
:104960007265736375655F7468726F74746C655F8C
:10497000700000006770735F7265736375655F74C4
:1049800068726F74746C655F690000006770735FB4
:104990007265736375655F7468726F74746C655F5C
:1049A000640000006770735F7265736375655F769E
:1049B000656C6F636974795F700000006770735F86
:1049C0007265736375655F76656C6F636974795F33
:1049D000690000006770735F7265736375655F7669
:1049E000656C6F636974795F640000006770735F62
:1049F0007265736375655F7961775F7000000000B1
:104A00006770735F7265736375655F7468726F74E6
:104A1000746C655F6D696E006770735F7265736358
:104A200075655F7468726F74746C655F6D61780032
:104A30006770735F7265736375655F617363656EDD
:104A4000645F7261746500006770735F72657363A1
:104A500075655F64657363656E645F72617465003C
:104A60006770735F7265736375655F7468726F7486
:104A7000746C655F686F7665720000006770735FC5
:104A80007265736375655F73616E6974795F63687E
:104A900065636B73000000006770735F726573631A
:104AA00075655F6D696E5F73617473006770735FC6
:104AB0007265736375655F6D696E5F64746800002D
:104AC0006770735F7265736375655F616C6C6F7738
:104AD0005F61726D696E675F776974686F75745F27
:104AE000666978006770735F7265736375655F618F
:104AF0006C745F6D6F6465006770735F726573637C
:104B000075655F7573655F6D6167000073746963D8
:104B10006B5F6D6F76656D656E745F7468726573DB
:104B2000686F6C64000000007069645F6D6F64659D
:104B3000000000007069645F647465726D5F6D6F82
:104B4000646500007069645F647465726D5F6D6FA9
:104B500064655F79617700007069645F6779726F7F
:104B60005F66696C7465725F74797065000000003F
:104B700070697463685F705F6761696E0000000050
:104B800070697463685F695F6761696E0000000047
:104B900070697463685F645F6761696E000000003C
:104BA00070697463685F665F6761696E000000002A
:104BB00070697463685F625F6761696E000000001E
:104BC000726F6C6C5F705F6761696E00726F6C6CA6
:104BD0005F695F6761696E00726F6C6C5F645F67CD
:104BE00061696E00726F6C6C5F665F6761696E0011
:104BF000726F6C6C5F625F6761696E007961775F8D
:104C0000705F6761696E00007961775F695F6761F6
:104C1000696E00007961775F645F6761696E0000AB
:104C20007961775F625F6761696E00007961775FC4
:104C3000665F6761696E000070697463685F645FD6
:104C40006375746F6666000070697463685F625FA5
:104C50006375746F6666000070697463685F677976
:104C6000726F5F6375746F666600000070697463CD
:104C7000685F6572726F725F6375746F666600005D
:104C8000726F6C6C5F645F6375746F6666000000C2
:104C9000726F6C6C5F625F6375746F6666000000B4
:104CA000726F6C6C5F6779726F5F6375746F666645
:104CB00000000000726F6C6C5F6572726F725F63F0
:104CC00075746F66660000007961775F645F637575
:104CD000746F6666000000007961775F625F6375DC
:104CE000746F6666000000007961775F6779726FA4
:104CF0005F6375746F6666007961775F6572726F66
:104D0000725F6375746F6666000000007961775F9B
:104D100063775F73746F705F6761696E0000000096
:104D20007961775F6363775F73746F705F676169E1
:104D30006E0000007961775F6379636C69635F6619
:104D4000665F6761696E00007961775F636F6C6CA5
:104D50006563746976655F66665F6761696E0000AA
:104D60007961775F636F6C6C6563746976655F64A6
:104D7000796E616D69635F6761696E007961775F04
:104D8000636F6C6C6563746976655F64796E616D81
:104D900069635F6465636179000000007069746332
:104DA000685F636F6C6C6563746976655F66665F88
:104DB0006761696E000000006379636C69635F631B
:104DC000726F737374616C6B5F6D6F64650000006C
:104DD0006379636C69635F63726F737374616C6B27
:104DE0005F6761696E0000006379636C69635F638C
:104DF000726F737374616C6B5F6375746F6666005A
:104E00006572726F725F726F746174696F6E0000A9
:104E10006572726F725F6C696D6974006572726F32
:104E2000725F64656361795F74696D655F67726FF6
:104E3000756E64006572726F725F64656361795F3D
:104E400074696D655F6379636C6963006572726F25
:104E5000725F64656361795F74696D655F796177BD
:104E6000000000006572726F725F64656361795F54
:104E70006C696D69745F6379636C6963000000003D
:104E80006572726F725F64656361795F6C696D6989
:104E9000745F796177000000697465726D5F726597
:104EA0006C61785F747970650000000069746572E8
:104EB0006D5F72656C61785F6C6576656C00000093
:104EC000697465726D5F72656C61785F6375746F2C
:104ED00066660000616E676C655F6C6576656C5F29
:104EE000737472656E67746800000000616E676CB1
:104EF000655F6C6576656C5F6C696D697400000058
:104F0000686F72697A6F6E5F6C6576656C5F7374DB
:104F100072656E6774680000686F72697A6F6E5FA1
:104F20007472616E736974696F6E0000686F726984
:104F30007A6F6E5F74696C745F6566666563740032
:104F4000686F72697A6F6E5F74696C745F65787090
:104F50006572745F6D6F6465000000006163726F5D
:104F60005F747261696E65725F616E676C655F6CBC
:104F7000696D6974000000006163726F5F74726133
:104F8000696E65725F6C6F6F6B61686561645F6DA0
:104F9000730000006163726F5F747261696E6572A5
:104FA0005F6761696E0000007265736375655F6DB0
:104FB0006F6465007265736375655F666C69700028
:104FC0007265736375655F666C69705F6761696E52
:104FD000000000007265736375655F6C6576656CD3
:104FE0005F6761696E0000007265736375655F706D
:104FF000756C6C5F75705F74696D65007265736365
:1050000075655F636C696D625F74696D6500000052
:105010007265736375655F666C69705F74696D65F1
:10502000000000007265736375655F657869745F81
:1050300074696D65000000007265736375655F706B
:10504000756C6C5F75705F636F6C6C6563746976AB
:10505000650000007265736375655F636C696D62FE
:105060005F636F6C6C65637469766500726573630A
:1050700075655F686F7665725F636F6C6C6563748E
:10508000697665007265736375655F686F766572D2
:105090005F616C74697475646500000072657363A8
:1050A00075655F616C745F705F6761696E000000B9
:1050B0007265736375655F616C745F695F67616971
:1050C0006E0000007265736375655F616C745F6488
:1050D0005F6761696E0000007265736375655F6D7F
:1050E00061785F73705F72617465000072657363ED
:1050F00075655F6D61785F73705F616363656C0098
:105100007265736375655F6D61785F636F6C6C6505
:105110006374697665000000676F765F6865616437
:105120007370656564000000676F765F6761696E24
:1051300000000000676F765F705F6761696E000056
:10514000676F765F695F6761696E0000676F765FA2
:10515000645F6761696E0000676F765F665F6761B5
:10516000696E0000676F765F7474615F6761696E76
:1051700000000000676F765F7474615F6C696D6931
:1051800074000000676F765F7961775F66665F77AE
:105190006569676874000000676F765F6379636CA8
:1051A00069635F66665F7765696768740000000021
:1051B000676F765F636F6C6C6563746976655F6655
:1051C000665F77656967687400000000746C6D5FE6
:1051D000696E76657274656400000000746C6D5FC2
:1051E00068616C666475706C657800006672736BDC
:1051F000795F64656661756C745F6C617400000052
:105200006672736B795F64656661756C745F6C6FF1
:105210006E6700006672736B795F6770735F666FAD
:10522000726D6174000000006672736B795F756E59
:10523000697400006672736B795F766661735F7084
:105240007265636973696F6E00000000686F747443
:105250005F616C61726D5F696E7400007069645F9C
:10526000696E5F746C6D00007265706F72745F635D
:10527000656C6C5F766F6C746167650069627573ED
:105280005F73656E736F72006D61766C696E6B5FD4
:105290006D61685F61735F68656164696E675F64B3
:1052A000697669736F72000074656C656D65747200
:1052B000795F656E61626C655F766F6C746167655E
:1052C0000000000074656C656D657472795F656ED1
:1052D00061626C655F63757272656E7400000000D8
:1052E00074656C656D657472795F656E61626C651D
:1052F0005F6675656C00000074656C656D65747241
:10530000795F656E61626C655F6D6F64650000005A
:1053100074656C656D657472795F656E61626C65EC
:105320005F6163635F78000074656C656D657472BE
:10533000795F656E61626C655F6163635F790000D0
:1053400074656C656D657472795F656E61626C65BC
:105350005F6163635F7A000074656C656D6574728C
:10536000795F656E61626C655F7069746368000087
:1053700074656C656D657472795F656E61626C658C
:105380005F726F6C6C00000074656C656D657472A3
:10539000795F656E61626C655F68656164696E679F
:1053A0000000000074656C656D657472795F656EF0
:1053B00061626C655F616C7469747564650000009E
:1053C00074656C656D657472795F656E61626C653C
:1053D0005F766172696F000074656C656D657472EB
:1053E000795F656E61626C655F6C61745F6C6F6E36
:1053F0006700000074656C656D657472795F656E39
:1054000061626C655F67726F756E645F737065650E
:105410006400000074656C656D657472795F656E1B
:1054200061626C655F64697374616E63650000003E
:1054300074656C656D657472795F656E61626C65CB
:105440005F6573635F63757272656E740000000060
:1054500074656C656D657472795F656E61626C65AB
:105460005F6573635F766F6C746167650000000051
:1054700074656C656D657472795F656E61626C658B
:105480005F6573635F72706D0000000074656C652A
:105490006D657472795F656E61626C655F6573637B
:1054A0005F74656D706572617475726500000000EF
:1054B00074656C656D657472795F656E61626C654B
:1054C0005F74656D706572617475726500000000CF
:1054D00074656C656D657472795F656E61626C652B
:1054E0005F6361705F7573656400000074656C656F
:1054F0006D657472795F656E61626C655F61646A27
:105500007573746D656E74006C6564737472697024
:105510005F76697375616C5F6265657065720000C6
:105520006C656473747269705F76697375616C5FC2
:105530006265657065725F636F6C6F72000000007A
:105540006C656473747269705F6772625F726762C0
:10555000000000006C656473747269705F70726F34
:1055600066696C65000000006C6564737472697034
:105570005F726163655F636F6C6F72006C6564730B
:10558000747269705F626561636F6E5F636F6C6F89
:10559000720000006C656473747269705F626561AB
:1055A000636F6E5F706572696F645F6D730000009A
:1055B0006C656473747269705F626561636F6E5F5E
:1055C00070657263656E74006C6564737472697083
:1055D0005F626561636F6E5F61726D65645F6F6E60
:1055E0006C7900006C656473747269705F627269D3
:1055F0006768746E657373006C6564737472697048
:105600005F626C696E6B5F706572696F645F6D730A
:10561000000000006C656473747269705F666C6989
:10562000636B65725F726174650000006C65647322
:10563000747269705F64696D6D65725F72617465C3
:10564000000000006C656473747269705F696E7647
:1056500065727465645F666F726D6174000000004E
:105660007364636172645F6465746563745F696EBB
:1056700076657274656400007364636172645F6D63
:105680006F6465007364636172645F7370695F6205
:105690007573000073797374656D5F6873655F6D12
:1056A000687A00007461736B5F73746174697374FA
:1056B000696373006370755F6F766572636C6F63A7
:1056C0006B0000007077725F6F6E5F61726D5F6775
:1056D0007261636500000000656E61626C655F73F6
:1056E0007469636B5F61726D696E6700656E61629C
:1056F0006C655F737469636B5F636F6D6D616E641E
:10570000730000007663645F766964656F5F737928
:105710007374656D00000000646973706C6179706A
:105720006F72745F6D73705F636F6C5F61646A75D5
:1057300073740000646973706C6179706F72745F68
:105740006D73705F726F775F61646A757374000068
:10575000646973706C6179706F72745F6D73705F80
:1057600073657269616C0000646973706C61797053
:105770006F72745F6D73705F617474727300000098
:10578000646973706C6179706F72745F6D73705F50
:105790007573655F6465766963655F626C696E6B7E
:1057A000000000006573635F73656E736F725F70F6
:1057B000726F746F636F6C006573635F73656E7394
:1057C0006F725F68616C666475706C65780000006C
:1057D0006573635F73656E736F725F757064617418
:1057E000655F687A000000006573635F73656E73C0
:1057F0006F725F63757272656E745F6F66667365F4
:10580000740000006573635F73656E736F725F6829
:1058100077345F63757272656E745F6F6666736509
:10582000740000006573635F73656E736F725F6809
:1058300077345F63757272656E745F6761696E005D
:105840006573635F73656E736F725F6877345F76DD
:105850006F6C746167655F6761696E006C65645F3A
:10586000696E76657273696F6E00000070696E69AB
:105870006F5F636F6E6669670000000070696E6934
:105880006F5F626F780000007573625F6869645FC4
:10589000636463007573625F6D73635F70696E5FED
:1058A00070756C6C75700000666C6173685F737006
:1058B000695F6275730000006779726F5F315F62C4
:1058C00075737479706500006779726F5F315F730B
:1058D00070696275730000006779726F5F315F698C
:1058E00032634275730000006779726F5F315F69E0
:1058F00032635F6164647265737300006779726F0D
:105900005F315F73656E736F725F616C69676E00A4
:105910006779726F5F315F616C69676E5F726F6C20
:105920006C0000006779726F5F315F616C69676E50
:105930005F706974636800006779726F5F315F61DF
:105940006C69676E5F796177000000006779726F3C
:105950005F325F6275737479706500006779726F8A
:105960005F325F7370696275730000006779726FF0
:105970005F325F6932634275730000006779726F4E
:105980005F325F6932635F616464726573730000E4
:105990006779726F5F325F73656E736F725F616C90
:1059A00069676E006779726F5F325F616C69676EFD
:1059B0005F726F6C6C0000006779726F5F325F61BD
:1059C0006C69676E5F706974636800006779726FF5
:1059D0005F325F616C69676E5F796177000000001C
:1059E000693263315F70756C6C7570006932633158
:1059F0005F636C6F636B73706565645F6B687A007F
:105A0000693263325F70756C6C7570006932633235
:105A10005F636C6F636B73706565645F6B687A005E
:105A2000693263335F70756C6C7570006932633313
:105A30005F636C6F636B73706565645F6B687A003E
:105A4000693263345F70756C6C75700069326334F1
:105A50005F636C6F636B73706565645F6B687A001E
:105A60006D636F5F6F6E5F70613800006D636F5FB5
:105A7000736F7572636500006D636F5F646976694B
:105A8000646572007363686564756C65725F7265E6
:105A90006C61785F727800007363686564756C652B
:105AA000725F72656C61785F6F73640074696D65B5
:105AB0007A6F6E655F6F66667365745F6D696E752C
:105AC0007465730073746174735F6D696E5F617286
:105AD0006D65645F74696D655F73000073746174F4
:105AE000735F746F74616C5F666C69676874730070
:105AF00073746174735F746F74616C5F74696D65E6
:105B00005F73000073746174735F746F74616C5FB2
:105B1000646973745F6D0000706F736974696F6E90
:105B20005F616C745F736F7572636500706F73692A
:105B300074696F6E5F6261726F5F616C745F6C70CD
:105B400066000000706F736974696F6E5F626172E6
:105B50006F5F6F66667365745F6C7066000000004F
:105B6000706F736974696F6E5F6770735F616C7477
:105B70005F6C706600000000706F736974696F6E0F
:105B80005F6770735F6F66667365745F6C706600E5
:105B9000706F736974696F6E5F6770735F6D696E44
:105BA0005F73617473000000706F736974696F6E66
:105BB0005F766172696F5F6C70660000626F785F1C
:105BC000757365725F315F6E616D6500626F785FDE
:105BD000757365725F325F6E616D6500626F785FCD
:105BE000757365725F335F6E616D6500626F785FBC
:105BF000757365725F345F6E616D65004F4B0000B9
:105C00005741524E494E4700435249544943414C33
:105C1000000000004E4F542050524553454E540052
:105C2000494E4954000000004E4F4759524F000062
:105C300052584C4F53530000424144525800000008
:105C4000424F584641494C534146450052554E41FA
:105C50005741590043524153480000005448524FA5
:105C600054544C4500000000424F4F5447524143AA
:105C7000450000004E4F50524541524D000000007B
:105C8000434C4900434D5300425354005245534343
:105C900055455F535700000052504D46494C5445FE
:105CA000520000005245424F4F545F52455144004C
:105CB0004453484F545F4242414E47004E4F5F416C
:105CC00043435F43414C00004D4F544F525F50528D
:105CD0004F544F0041524D53574954434800000020
:105CE0004750532B4D414700554E434F4E46494771
:105CF0005552454400000000435553544F4D204435
:105D0000454641554C545300434F4E464947555222
:105D1000454400005350495F4D4F53490000000077
:105D20005350495F4D49534F000000005350495FA5
:105D3000545800005350495F525800005541525486
:105D40005F545800554152545F52580054494D55C4
:105D50005000000001020304050607080F1011148B
:105D600000000000465245450000000050504D0024
:105D70004D4F544F52000000534552564F00000003
:105D80004144435F42415454000000004144435F9A
:105D900043555252000000004144435F45585400AF
:105DA0004144435F52535349000000005345524958
:105DB000414C5F545800000053455249414C5F52DA
:105DC00058000000444542554700000054494D45E5
:105DD00052000000534F4E41525F545249474745CD
:105DE00052000000534F4E41525F4543484F000060
:105DF0005350495F53434B004932435F53434C0078
:105E00004932435F534441005344494F5F434B0081
:105E10005344494F5F434D44000000005344494FF1
:105E20005F4430005344494F5F4431005344494F6D
:105E30005F4432005344494F5F443300534443416D
:105E400052445F43530000005344434152445F4473
:105E50004554454354000000464C4153485F43536A
:105E6000000000004241524F5F4353004759524FD8
:105E70005F4353004F53445F4353000052585F53F6
:105E800050495F43530000005350495F43530000A3
:105E90004759524F5F455854490000004241524F04
:105EA0005F454F4300000000434F4D504153535F47
:105EB00045585449000000005553425F444554453D
:105EC000435400004F53440052585F42494E44002F
:105ED000494E564552544552000000004C45445F1F
:105EE00053545249500000005654585F504F574584
:105EF000520000005654585F435300005654585FF8
:105F000044415441000000005654585F434C4B003C
:105F1000434F4D504153535F4353000052585F422B
:105F2000494E445F504C55470000000045534353D1
:105F3000455249414C00000043414D4552415F43A9
:105F40004F4E54524F4C000052585F53504900007E
:105F500050494E494F0000005553425F4D53435F37
:105F600050494E004D434F0052585F5350495F42D5
:105F7000494E440052585F5350495F4C454400001D
:105F8000505245494E49540052585F5350495F455D
:105F90005854490052585F5350495F43433235309B
:105FA000305F54585F454E0052585F5350495F432D
:105FB00043323530305F4C4E415F454E00000000AB
:105FC00052585F5350495F4343323530305F414E42
:105FD000545F53454C000000515350495F434C4BB4
:105FE00000000000515350495F424B31494F30008F
:105FF000515350495F424B31494F31005153504941
:106000005F424B31494F3200515350495F424B314F
:10601000494F3300515350495F424B3143530000C5
:10602000515350495F424B32494F30005153504910
:106030005F424B32494F3100515350495F424B321E
:10604000494F3200515350495F424B32494F330060
:10605000515350495F424B32435300004241524F2B
:106060005F58434C5200000050554C4C55500000B6
:1060700050554C4C444F574E000000004453484F7D
:10608000545F42495442414E470000005357440078
:1060900052585F5350495F455850524553534C52E4
:1060A000535F52455345540052585F5350495F4522
:1060B0005850524553534C52535F42555359000068
:1060C00052585F50504D000052585F53455249415D
:1060D0004C000000534F465453455249414C000078
:1060E00052585F504152414C4C454C5F50574D0007
:1060F00052585F4D53500000525353495F4144433F
:106100000000000044415348424F41524400000007
:106110006168730001010101010101010101010137
:1061200002040608080808080808080808080808FB
:106130000808080800000000010101010101010137
:1061400002020202020406080808080808080808F3
:10615000080808080808080800000000636F6E6659
:1061600069677572652061646A7573746D656E74B4
:106170002066756E6374696F6E7300003C696E64AF
:1061800065783E203C66756E633E203C656E6162BC
:106190006C65206368616E6E656C3E203C73746153
:1061A00072743E203C656E643E203C76616C756581
:1061B000206368616E6E656C3E203C64656320738D
:1061C000746172743E203C64656320656E643E2099
:1061D0003C696E632073746172743E203C696E6327
:1061E00020656E643E203C737465702073697A6527
:1061F0003E203C76616C7565206D696E3E203C7674
:10620000616C7565206D61783E000000636F6E669D
:106210006967757265206D6F646573003C696E64B3
:1062200065783E203C6D6F64653E203C6175783E2C
:10623000203C73746172743E203C656E643E203C69
:106240006C6F6769633E0000626174636800000000
:106250007374617274206F7220656E6420612062B5
:1062600061746368206F6620636F6D6D616E647327
:10627000000000007374617274207C20656E6400FD
:10628000656E61626C652F64697361626C65204440
:1062900073686F7420626561636F6E20666F722031
:1062A0006120636F6E646974696F6E006C697374EA
:1062B0000D0A093C2D3E5B6E616D655D00000000BE
:1062C000656E61626C652F64697361626C652062E2
:1062D000656570657220666F72206120636F6E6401
:1062E0006974696F6E00000062696E645F727800A5
:1062F000696E6974696174652062696E64696E674C
:1063000020666F7220525820535049206F722053DC
:1063100052584C3200000000626C00007265626FDF
:106320006F7420696E746F20626F6F746C6F61643C
:10633000657200005B726F6D5D000000626F6172DC
:10634000645F6E616D650000676574202F20736562
:106350007420746865206E616D65206F66207468B6
:106360006520626F617264206D6F64656C0000006F
:106370005B626F617264206E616D655D000000009C
:10638000626F6172645F64657369676E000000002C
:10639000676574202F2073657420746865206E61B2
:1063A0006D65206F662074686520626F617264207D
:1063B00064657369676E00005B626F61726420647C
:1063C000657369676E5D0000636F6E6669677572FD
:1063D0006520636F6C6F72730000000072657365F7
:1063E0007420746F2064656661756C747320616ECF
:1063F00064207265626F6F74000000007B73686FC9
:10640000777D207B6E6F736176657D207B62617224
:10641000657D207B67726F75705F6964203C69647D
:106420003E7D0000646675007265626F6F7420695E
:106430006E746F2044465520626F6F746C6F616498
:106440006572000064696666000000006C69737420
:1064500020636F6E66696775726174696F6E206321
:1064600068616E6765732066726F6D206465666132
:10647000756C74005B6D61737465727C70726F66AD
:10648000696C657C72617465737C68617264776144
:1064900072657C616C6C5D207B64656661756C7493
:1064A000737C626172657D0073686F772F736574AA
:1064B00020444D412061737369676E6D656E74731E
:1064C000000000003C3E207C203C646576696365EA
:1064D0003E203C696E6465783E206C697374207C54
:1064E000203C6465766963653E203C696E6465782E
:1064F0003E205B3C6F7074696F6E3E7C6E6F6E65A4
:106500005D207C206C697374207C2073686F770039
:106510006473686F745F74656C656D657472795FC0
:10652000696E666F00000000646973706C617920A9
:106530006473686F742074656C656D65747279201E
:10654000696E666F20616E642073746174730000FD
:106550006473686F7470726F6700000070726F67A9
:1065600072616D204453686F74204553432873292A
:10657000000000003C696E6465783E203C636F6DEE
:106580006D616E643E2B000064756D70000000004C
:1065900064756D7020636F6E66696775726174698A
:1065A0006F6E000065736370726F67007061737364
:1065B0007468726F7567682065736320746F2073E9
:1065C000657269616C0000003C6D6F6465205B73EF
:1065D0006B2F626C2F6B692F63635D3E203C696E8D
:1065E0006465783E00000000657869740000000072
:1065F000636F6E6669677572652066656174757232
:1066000065730000666C6173685F65726173650035
:10661000657261736520666C617368206368697078
:1066200000000000666C6173685F696E666F000051
:1066300073686F7720666C61736820636869702087
:10664000696E666F00000000666C6173685F72655A
:10665000616400003C6C656E6774683E203C616458
:1066600064726573733E0000666C6173685F736388
:10667000616E00007363616E20666C6173682064F4
:10668000657669636520666F72206572726F7273DA
:1066900000000000666C6173685F77726974650062
:1066A0003C616464726573733E203C6D6573736115
:1066B00067653E006765740067657420766172697E
:1066C00061626C652076616C756500005B6E616D62
:1066D000655D0000677073706173737468726F75C5
:1066E00067680000706173737468726F7567682003
:1066F00067707320746F2073657269616C000000AD
:106700006779726F726567697374657273000000F0
:1067100064756D70206779726F20636F6E6669674C
:106720002072656769737465727320636F6E746538
:106730006E747300646973706C617920636F6D6D42
:10674000616E642068656C70000000005B736561B9
:1067500072636820737472696E675D00636F6E6642
:106760006967757265206C65647300006D616E7594
:1067700066616374757265725F6964006765742031
:106780002F2073657420746865206964206F66200B
:1067900074686520626F617264206D616E756661F8
:1067A00063747572657200005B6D616E756661631E
:1067B00074757265722069645D000000636F6E66B7
:1067C0006967757265207263206368616E6E656CBF
:1067D000206F7264657200005B3C6D61703E5D000D
:1067E0006D63755F696400006964206F662074687A
:1067F00065206D6963726F636F6E74726F6C6C6528
:1068000072000000636F6E666967757265206D695E
:10681000786572007374617475730D0A09696E701E
:1068200075740D0A09696E707574207265736574EC
:106830000D0A09696E707574203C696E7075743E3E
:10684000203C6D696E3E203C6D61783E203C72615B
:1068500074653E0D0A096C696D69740D0A096C69ED
:106860006D6974203C696E7075743E203C6D696E74
:106870003E203C6D61783E0D0A09726174650D0A17
:106880000972617465203C696E7075743E203C72BB
:106890006174653E0D0A0972756C650D0A097275A1
:1068A0006C652072657365740D0A0972756C6520DC
:1068B0003C696E6465783E205B7365747C616464DA
:1068C0007C6D756C5D203C696E7075743E203C6F0C
:1068D00075747075743E203C7765696768743E20F6
:1068E0003C6F66667365743E205B3C6D6F646573D8
:1068F0003E5D0D0A0972756C65203C696E646578B1
:106900003E205B64656C5D0D0A096F766572726985
:1069100064650D0A096F76657272696465206F6639
:10692000660D0A096F76657272696465203C76614E
:106930006C75653E0D0A096F766572726964652033
:106940003C696E7075743E203C76616C75653E7C6A
:106950006F666600636F6E666967757265206D6F3E
:10696000646520616E64207370656369616C206387
:106970006F6C6F7273000000636F6E66696775728B
:1069800065206D6F746F7273000000007374617422
:1069900075730D0A096F766572726964650D0A096F
:1069A0006F76657272696465206F66660D0A096F9D
:1069B00076657272696465203C696E6465783E2014
:1069C0003C76616C75653E7C6F6666006D73630036
:1069D00073776974636820696E746F206D736320C8
:1069E0006D6F6465000000005B3C74696D657A6FD3
:1069F0006E65206F6666736574206D696E7574656B
:106A0000733E5D00706C61795F736F756E6400003A
:106A10005B3C696E6465783E5D0000006368616E92
:106A200067652070726F66696C65000072617465DD
:106A300070726F66696C65006368616E676520726D
:106A40006174652070726F66696C6500736574703F
:106A50006F696E745F696E666F00000073686F77B0
:106A600020736574706F696E7420736D6F6F7468D6
:106A7000696E67206F7065726174696F6E616C20FA
:106A800073657474696E6773000000007265736FDC
:106A9000757263650000000073686F772F7365740B
:106AA000207265736F757263657300003C3E207CD5
:106AB000203C7265736F75726365206E616D653E13
:106AC000203C696E6465783E205B3C70696E3E7C5C
:106AD0006E6F6E655D207C2073686F77205B616CE4
:106AE0006C5D000073686F772F7365742072782077
:106AF0006661696C736166652073657474696E673D
:106B000073000000636F6E66696775726520727846
:106B1000206368616E6E656C2072616E67657300DC
:106B20007361766520616E64207265626F6F7400B8
:106B300073645F696E666F00736463617264206979
:106B40006E666F00636F6E66696775726520736548
:106B50007269616C20706F72747300007365726982
:106B6000616C706173737468726F756768000000A0
:106B7000706173737468726F75676820736572698A
:106B8000616C206461746120646174612066726F5D
:106B90006D20706F7274203120746F205643502026
:106BA0002F20706F72742032000000003C69643145
:106BB0003E205B3C62617564313E5D205B3C6D6FE5
:106BC0006465313E5D205B6E6F6E657C3C64747203
:106BD0002070696E696F3E7C72657365745D205BC1
:106BE0003C6964323E5D205B3C62617564323E5DAF
:106BF000205B3C6D6F6465323E5D0000636F6E66C6
:106C0000696775726520736572766F7300000000A6
:106C10003C736572766F3E203C63656E7465723EB0
:106C2000203C6D696E3E203C6D61783E203C2D73AA
:106C300063616C653E203C2B7363616C653E203C58
:106C40007570646174655F726174653E203C737039
:106C50006565643E203C666C6167733E0D0A09738E
:106C600074617475730D0A09666C6167730D0A09A6
:106C7000666C616773203C736572766F3E203C5B87
:106C80002B7C2D5D464C41473E202E2E2E0D0A09B1
:106C90006F766572726964650D0A096F7665727246
:106CA000696465203C76616C75653E7C6F66660D37
:106CB0000A096F76657272696465203C7365727645
:106CC0006F3E203C76616C75653E7C6F66660000A9
:106CD0006368616E67652073657474696E67000030
:106CE0005B3C6E616D653E3D3C76616C75653E5DFD
:106CF000000000007369676E6174757265000000C2
:106D0000676574202F207365742074686520626F36
:106D10006172642074797065207369676E6174753F
:106D2000726500005B7369676E61747572655D0002
:106D3000737461747573000073686F772073746186
:106D4000747573007461736B7300000073686F7700
:106D5000207461736B2073746174730073686F7750
:106D60002F7365742074696D657273003C3E207CDE
:106D7000203C70696E3E206C697374207C203C70EE
:106D8000696E3E205B61663C616C7465726E617415
:106D9000652066756E6374696F6E3E7C6E6F6E659E
:106DA0007C3C6F7074696F6E286465707265636196
:106DB000746564293E5D207C206C697374207C209E
:106DC00073686F770000000073686F7720766572D4
:106DD00073696F6E00000000524154455F50524F7E
:106DE00046494C45000000005049445F50524F4610
:106DF000494C45004C45445F50524F46494C450074
:106E00004F53445F50524F46494C450050495443FC
:106E1000485F524154450000524F4C4C5F52415420
:106E2000450000005941575F5241544500000000A1
:106E300050495443485F52435F524154450000005B
:106E4000524F4C4C5F52435F52415445000000008A
:106E50005941575F52435F52415445005049544392
:106E6000485F52435F4558504F000000524F4C4C12
:106E70005F52435F4558504F000000005941575F33
:106E800052435F4558504F0050495443485F505F4C
:106E90004741494E0000000050495443485F495F54
:106EA0004741494E0000000050495443485F445F49
:106EB0004741494E0000000050495443485F465F37
:106EC0004741494E00000000524F4C4C5F505F4715
:106ED00041494E00524F4C4C5F495F4741494E007B
:106EE000524F4C4C5F445F4741494E00524F4C4C0F
:106EF0005F465F4741494E005941575F505F4741E8
:106F0000494E00005941575F495F4741494E0000D3
:106F10005941575F445F4741494E00005941575F0F
:106F2000465F4741494E00005941575F43575F470D
:106F300041494E005941575F4343575F4741494ECE
:106F4000000000005941575F4359434C49435F4695
:106F5000460000005941575F434F4C4C454354494C
:106F600056455F46460000005941575F434F4C4C21
:106F70004543544956455F44594E00005941575FB7
:106F8000434F4C4C4543544956455F444543415952
:106F90000000000050495443485F434F4C4C454368
:106FA000544956455F46460050495443485F475947
:106FB000524F5F4355544F4646000000524F4C4CD1
:106FC0005F4759524F5F4355544F464600000000FB
:106FD0005941575F4759524F5F4355544F464600FA
:106FE00050495443485F445445524D5F4355544FB4
:106FF00046460000524F4C4C5F445445524D5F434F
:1070000055544F46460000005941575F445445527D
:107010004D5F4355544F46460000000052455343D0
:1070200055455F434C494D425F434F4C4C4543549B
:10703000495645005245534355455F484F564552C2
:107040005F434F4C4C4543544956450052455343CA
:1070500055455F484F5645525F414C54495455443D
:10706000450000005245534355455F414C545F5025
:107070005F4741494E0000005245534355455F412B
:107080004C545F495F4741494E000000524553430D
:1070900055455F414C545F445F4741494E000000F5
:1070A000414E474C455F4C4556454C5F4741494E24
:1070B00000000000484F52495A4F4E5F4C4556451C
:1070C0004C5F4741494E00004143524F5F5452418B
:1070D000494E45525F4741494E000000474F565FB9
:1070E0004741494E00000000474F565F505F4741FF
:1070F000494E0000474F565F495F4741494E0000E7
:10710000474F565F445F4741494E0000474F565F27
:10711000465F4741494E0000474F565F5454415F18
:107120004741494E00000000474F565F4359434CCA
:1071300049435F4646000000474F565F434F4C4C63
:107140004543544956455F46460000005441494C6A
:107150005F4D4F544F525F49444C45005357415384
:10716000485F50484153450074696D65722025633E
:1071700025303264204146256400232070696E204A
:107180002563253032643A2054494D256420434814
:1071900025642573202841462564290074696D659E
:1071A0007220256325303264204E4F4E45005354E3
:1071B0004D33324734375800526F746F72666C69C2
:1071C0006768740023202573202F2025732028252D
:1071D0007329202573202573202F2025732028252F
:1071E0007329204D5350204150493A2025730031D6
:1071F000312E3200623432366235390031393A315B
:10720000363A33380041756720323220323032331B
:1072100000342E332E302D323032333038323200BB
:10722000554E4B4E4F574E20434F4D4D414E442CE3
:1072300020545259202748454C502700202D202506
:1072400073000D0A092573004E4F204D41544348E9
:10725000455320464F52202725732700494E56415B
:107260004C49442054494D455A4F4E45204F4646BF
:107270005345540052657374617274696E67206976
:107280006E206D6173732073746F72616765206D1A
:107290006F6465000D0A5265626F6F74696E6700F6
:1072A00053746F72616765206E6F742070726573BE
:1072B000656E74206F72206661696C656420746FFE
:1072C00020696E697469616C697A652100232053B5
:1072D0006574706F696E7420536D6F6F7468696E3A
:1072E000673A200023204465746563746564205206
:1072F00058206672616D6520726174653A200025C0
:10730000642E253033646D73004E4F205349474E31
:10731000414C0023204163746976652066696C7472
:107320006572206375746F66663A202564487A201A
:10733000004473686F742072656164733A20257528
:10734000004473686F7420696E76616C69642070A4
:107350006B74733A202575004473686F74206469F8
:1073600072656374696F6E4368616E6765206379E7
:10737000636C65733A2025752C206D6963726F7399
:107380003A202575004D6F746F7220202020202038
:107390006552504D20202020202052504D2020208A
:1073A000202020487A202020496E76616C69640094
:1073B0003D3D3D3D3D2020203D3D3D3D3D3D3D2071
:1073C00020203D3D3D3D3D3D2020203D3D3D3D3D7E
:1073D0002020203D3D3D3D3D3D3D002535642020A4
:1073E0002025376420202025366420202025356480
:1073F000202020002533642E253032642525004EC0
:107400004F204441544100257520004473686F7437
:107410002074656C656D65747279206E6F7420657B
:107420006E61626C6564007265736F75726365206E
:10743000257320256420256325303264007265732E
:107440006F75726365202573202564204E4F4E456D
:10745000005461736B206C697374202020202020FD
:1074600020202020202020726174652F687A20203F
:107470006D61782F757320206176672F7573206D8D
:1074800061786C6F6164206176676C6F6164202045
:10749000746F74616C2F6D732020206C6174652093
:1074A00020202072756E20726571642F75730054F0
:1074B00061736B206C6973740025303264202D2059
:1074C000282531357329200025366420253764208E
:1074D000253764202534642E253164252520253464
:1074E000642E253164252520253964202536642025
:1074F0002536642025376400253664005258204321
:107500006865636B2046756E6374696F6E20253104
:10751000396420253764202532356400546F746146
:107520006C20286578636C7564696E6720534552DA
:1075300049414C2920253333642E2531642525000B
:107540005363686564756C6572207374617274202E
:107550006379636C657320256420677561726420AC
:107560006379636C65732025640047343734004DBC
:10757000435520257320436C6F636B3D25644D4854
:107580007A00504C4C5000504C4C52002D485349FE
:10759000002D4853450020282573257329002C20F1
:1075A000567265663D25642E253264562C20436F45
:1075B00072652074656D703D256464656743005392
:1075C0007461636B2073697A653A2025642C2053BB
:1075D0007461636B20616464726573733A20307800
:1075E000257800436F6E66696775726174696F6EA6
:1075F0003A2025732C2073697A653A2025642C2063
:107600006D617820617661696C61626C653A2025F4
:1076100064004465766963657320646574656374AA
:1076200065643A00205350493A2564002C002049F3
:1076300032433A2564004779726F7320646574653C
:10764000637465643A00206779726F2025640020B6
:107650006C6F636B65640020646D6100207368610A
:10766000726564002C200025733D2573002E256370
:107670000053797374656D20557074696D653A2097
:107680002564207365636F6E6473002C20437572EC
:1076900072656E742054696D653A202573004350FD
:1076A000553A256425252C206379636C652074691F
:1076B0006D653A2025642C204759524F2072617421
:1076C000653A2025642C20525820726174653A2056
:1076D00025642C2053797374656D20726174653A4A
:1076E00020256400566F6C746167653A202564201C
:1076F0002A20302E303156202825645320626174B0
:1077000074657279202D2025732900493243204564
:1077100072726F72733A2025640041726D696E67F0
:107720002064697361626C6520666C6167733A00FE
:10773000646D612070696E202563253032642025D8
:107740006400232070696E202563253032643A205E
:10775000444D412564204368616E6E656C2025644C
:10776000205265717565737420256400646D612015
:1077700070696E20256325303264204E4F4E4500DF
:10778000646D612025732025642025640023202555
:10779000732025643A20444D412564204368616E7E
:1077A0006E656C20256420526571756573742025A3
:1077B0006400646D61202573202564204E4F4E4582
:1077C000002323235741524E494E473A204E4F2023
:1077D000435553544F4D2044454641554C54532036
:1077E000464F554E44232323002D00666561747572
:1077F0007265006D61700072786661696C006D6120
:10780000737465720070726F66696C650072617482
:10781000657300686172647761726500616C6C0009
:10782000626172650076657273696F6E0073746170
:1078300072742074686520636F6D6D616E64206280
:107840006174636800626174636820737461727448
:1078500000726573657420636F6E66696775726127
:1078600074696F6E20746F2064656661756C742036
:1078700073657474696E67730064656661756C74B2
:1078800073206E6F7361766500626F6172645F6E04
:10789000616D6520257300626F6172645F6465735A
:1078A00069676E202573006D616E7566616374751E
:1078B0007265725F6964202573000D0A23206E6172
:1078C0006D653A202573007265736F757263657319
:1078D0000074696D65720066656174757265202D4E
:1078E0002573006665617475726520257300736584
:1078F0007269616C00736572766F006D697865728C
:1079000020696E707574006D697865722072756C8F
:10791000650062656570657200626561636F6E0027
:107920006D6170202573006D6F64655F636F6C6FB0
:1079300072006175780061646A66756E63007278C2
:1079400072616E67650072786661696C20257520CA
:1079500025632025640072786661696C2025752096
:10796000256300726573746F7265206F7269676951
:107970006E616C2070726F66696C652073656C65F2
:107980006374696F6E00726573746F7265206F72D5
:107990006967696E616C207261746570726F666987
:1079A0006C652073656C656374696F6E00736176D6
:1079B0006520636F6E66696775726174696F6E00CA
:1079C000656E642074686520636F6D6D616E642000
:1079D000626174636800626174636820656E64004C
:1079E00044656661756C742076616C75653A20003B
:1079F000494E56414C4944204E414D45004E4F544E
:107A000020494D504C454D454E5445442059455410
:107A10000073686F770043757272656E746C7920BD
:107A20006163746976652054696D6572733A0054B8
:107A3000494D25643A0020202020434825642573C1
:107A40003A20257320256400202020204348256407
:107A500025733A2025730020465245450050494E73
:107A6000204E4F542055534544204F4E20424F4105
:107A700052442E0050494E2054494D4552204D410C
:107A8000502046554C4C2E002320414625643A2078
:107A900054494D25642043482564257300616600E0
:107AA000494E56414C49442054494D4552204F506F
:107AB00054494F4E20464F52202563253032643AB8
:107AC000202725732700232074696D6572202563A4
:107AD000253032643A206E6F206368616E67653AC4
:107AE00020257300232074696D657220256325307D
:107AF00032643A206368616E6765642066726F6DF8
:107B000020257320746F20257300494E56414C493F
:107B10004420414C5445524E4154452046554E4315
:107B200054494F4E20464F52202563253032643A47
:107B300020272573270043757272656E746C792057
:107B400061637469766520444D413A00444D412596
:107B500064204368616E6E656C2025643A0070692C
:107B60006E00424144204445564943453A2025731E
:107B70000042414420494E4445583A202725732766
:107B800000494E56414C49442050494E3A20272541
:107B9000732700232025643A20444D412564204367
:107BA00068616E6E656C2025642052657175657321
:107BB0007420256400494E56414C494420444D41AF
:107BC000204F5054494F4E20464F522025732025B8
:107BD000643A202725732700494E56414C494420DA
:107BE000444D41204F5054494F4E20464F52205053
:107BF000494E202563253032643A2027257327001B
:107C00002320646D612025732025643A2063686118
:107C10006E6765642066726F6D20257320746F2017
:107C20002573002320646D612070696E2025632513
:107C30003032643A206368616E6765642066726FF3
:107C40006D20257320746F202573002320646D61DF
:107C50002025732025643A206E6F206368616E676B
:107C6000653A202573002320646D6120256325304B
:107C700032643A206E6F206368616E67653A202532
:107C8000730043757272656E746C792061637469F8
:107C9000766520494F207265736F75726365206148
:107CA000737369676E6D656E74733A0D0A28726539
:107CB000626F6F7420746F20757064617465290041
:107CC0002563253032643A20257300494E56414CD5
:107CD0004944205245534F55524345204E414D454E
:107CE0003A202725732700494E4445580025732024
:107CF0004E4F54204245545745454E20256420415F
:107D00004E44202564005265736F75726365206967
:107D100073206672656564000D0A4E4F54453A2023
:107D200025632530326420616C726561647920615D
:107D3000737369676E656420746F200020646973D3
:107D400061626C6564000D0A5265736F75726365DC
:107D50002069732073657420746F20256325303289
:107D6000640043757272656E742073657474696E15
:107D700067733A2000535452494E47204D5553548F
:107D800020424520312D256420434841524143542F
:107D9000455253204F5220272D2720464F52204531
:107DA0004D5054590025732073657420746F200062
:107DB000494E56414C49442056414C55450000001F
:107DC0003031323334353637383941424344454611
:107DD0004748494A4B4C4D4E4F50515253545556BB
:107DE0005758595A0000000041455452433132332C
:107DF00000000000253034752D253032752D2530DA
:107E0000327554253032753A253032753A25303284
:107E1000752E253033752563253032643A2530328E
:107E200064000000616464006D756C0053520000D2
:107E300053430000535400004352000043500000DD
:107E400043590000434300005252000052590000C1
:107E500052430000525400004155583100000000C8
:107E600041555832000000004155583300000000D1
:107E70004348390043483130000000004348313165
:107E80000000000043483132000000004348313315
:107E90000000000043483134000000004348313501
:107EA00000000000434831360000000043483137ED
:107EB000000000004348313800000000533100004A
:107EC0005332000053330000533400005335000098
:107ED0005336000053370000533800004D31000086
:107EE0004D3200004D3300004D340000554E4B4ED6
:107EF0004F574E2020000000504152544954494FE2
:107F00004E000000464C41534846532020000000DC
:107F100042424D474D542020200000004649524D1A
:107F20005741524520000000434F4E46494720200C
:107F30002000232320526F746F72666C6967687427
:107F400020437573746F6D2044656661756C74733E
:107F5000006C656176696E6720434C49206D6F64E3
:107F6000652C20756E7361766564206368616E6749
:107F70006573206C6F73740072780074780023232B
:107F8000234552524F5220494E2000436F6D6D6180
:107F90006E642062617463682073746172746564D6
:107FA000004552524F5253205745524520444554A4
:107FB0004543544544202D20504C454153452052C3
:107FC0004556494557204245464F524520434F4E5E
:107FD00054494E55494E4700436F6D6D616E6420A4
:107FE000626174636820656E64656400496E7661E1
:107FF0006C6964206F7074696F6E00726F6D0072CF
:10800000657374617274696E6720696E20524F4D9A
:1080100020626F6F746C6F61646572206D6F646550
:1080200000566572696679696E67005375636365AA
:108030007373004661696C656400494E56414C4952
:108040004420415247554D454E5420434F554E54C0
:108050000050415253494E47204641494C45440047
:108060007261746570726F66696C65202564005278
:108070004154452050524F46494C45204F5554538A
:10808000494445204F46205B302E2E25645D004537
:1080900052524F5220504C4159494E4720534F5550
:1080A0004E44004E6F20736F756E6420666F7220B1
:1080B000696E64657820256400506C6179696E672B
:1080C00020736F756E642025643A202573006D6FF0
:1080D000746F72206F766572726964652025642002
:1080E0002564006D6F746F72206F766572726964BB
:1080F00065202564206F6666006D6F746F722025A1
:10810000643A202564205B25645D006D6F746F7296
:108110002025643A20256400737461747573006FC0
:1081200076657272696465007265736574004152A8
:1081300047554D454E54204F5554204F46205241EF
:108140004E4745005573696E67206F75747075747E
:108150002025642E005573696E6720616C6C206F5A
:108160007574707574732E00494E56414C49442005
:108170004F5554505554204E554D4245522E205285
:10818000414E47453A2031202D2025642E00736B47
:1081900000626C006B69006363004572726F72204D
:1081A0007374617274696E672045534320636F6E08
:1081B0006E656374696F6E00232057484F5F414DB1
:1081C0005F492020202030782558002320434F4E3F
:1081D00046494720202020202030782558002320A1
:1081E0004759524F5F434F4E4649472030782558F4
:1081F000000D0A23204779726F2031000D0A2320D9
:108200004779726F20320042696E64696E672E2E64
:108210002E004E6F7420737570706F727465642ECB
:10822000006D63755F6964202530387825303878B3
:1082300025303878004D414E5546414354555245FE
:10824000525F49440025732043414E4E4F54204213
:1082500045204348414E4745442E20435552524500
:108260004E542056414C55453A202725732700533C
:108270006574206D616E7566616374757265725F99
:1082800069642E00424F4152445F44455349474E72
:108290000053657420626F6172645F64657369671F
:1082A0006E2E00424F4152445F4E414D4500536592
:1082B0007420626F6172645F6E616D652E0052653D
:1082C0006164696E67202575206279746573206129
:1082D000742025753A0057726F74652025752062E9
:1082E000797465732061742025752E00466C617366
:1082F0006820736563746F72733D25752C207365F8
:1083000063746F7253697A653D25752C20706167BF
:108310006573506572536563746F723D25752C20CB
:108320007061676553697A653D25752C20746F749B
:10833000616C53697A653D25750050617269746995
:108340006F6E733A00202025643A2025732025752E
:1083500020257500466C61736846532073697A6501
:108360003D25752C207573656453697A653D2575C7
:1083700000736572766F206F76657272696465202E
:10838000256420256400736572766F206F766572B0
:1083900072696465202564206F6666004348414E1B
:1083A0004E454C007265766572736564006E6F723F
:1083B0006D616C00756E737570706F7274656400BA
:1083C000496E666F20666F72204553432025643ADC
:1083D0000045534320547970653A20004B4953536C
:1083E0003841004B495353313641004B49535332C6
:1083F0003441004B49535320556C7472616C69745D
:108400006500756E6B6E6F776E004D43552053653A
:108410007269616C204E6F3A2030780025303278D6
:10842000004669726D776172652056657273696F77
:108430006E3A2025642E2530326425630046697229
:108440006D776172652056657273696F6E3A20258B
:10845000642E253032642500526F746174696F6E2A
:1084600020446972656374696F6E3A202573003326
:10847000443A202573004C6F7720766F6C746167E7
:1084800065204C696D69743A200025642E253031D1
:10849000640043757272656E74204C696D69743A3C
:1084A00020004C45442025643A202573004348456C
:1084B000434B53554D204552524F522E004E6F2084
:1084C000496E666F2E00436F6D6D616E642053655B
:1084D0006E743A20256400494E56414C494420436D
:1084E0004F4D4D414E442E2052414E47453A20318A
:1084F000202D2025642E0044697361626C65643A06
:108500000020206E6F6E650020202573004176618B
:10851000696C61626C653A0044697361626C6564A0
:1085200000456E61626C656400456E61626C6564F5
:108530003A200025732000756E617661696C616276
:108540006C650045726173696E672C20706C6561A3
:1085500073652077616974202E2E2E2000446F6E83
:10856000652E00534420636172643A20004E6F749C
:1085700020636F6E66696775726564004E6F6E6525
:1085800020696E73657274656400537461727475EA
:1085900070206661696C6564004D616E756661632B
:1085A000747572657220307825782C2025756B42A1
:1085B0002C20253032642F253034642C207625641D
:1085C0002E25642C202700270D0A46696C657379D7
:1085D0007374656D3A2000526561647900496E6973
:1085E0007469616C697A696E6700466174616C00D8
:1085F000202D206E6F20464154204D425220706144
:1086000072746974696F6E7300202D20626164203A
:1086100046415420686561646572006F722064721F
:108620006F702044545220006573635F73656E73EE
:108630006F7200496E76616C69642050696E494FB3
:10864000206E756D62657220256400506F72743102
:1086500020616E6420706F727432206172652073C5
:10866000616D6500506F727425643A2025642000A6
:10867000506F7274256420636F756C64206E6F7424
:10868000206265206F70656E65642E00506F727495
:108690002564206F70656E65642C20646566617565
:1086A0006C742062617564203D2025642E0D0A00E3
:1086B000506F72742564206F70656E65642C206243
:1086C000617564203D2025642E0D0A00506F727480
:1086D000256420697320616C7265616479206F7014
:1086E000656E2C2073657474696E672062617564B1
:1086F000203D2025642E0D0A00506F7274256420E1
:10870000697320616C7265616479206F70656E2C8D
:108710002062617564203D2025642E0D0A00506F93
:1087200072742564206D6F6465206368616E67658F
:10873000642066726F6D20256420746F2025642E7E
:108740000D0A00506F72743120626175642072618D
:108750007465206368616E6765206F766572205569
:10876000534220656E61626C65642E00466F7277BD
:10877000617264696E672C20706F7765722063790F
:10878000636C65202573746F20657869742E0049C9
:108790006E76616C696420706F7274256420256444
:1087A00000416C6C6F7765642072616E67653A207A
:1087B00030202D20257500416C6C6F776564207228
:1087C000616E67653A202564202D20256400416C88
:1087D0006C6F7765642076616C7565733A20004133
:1087E00072726179206C656E6774683A2025640046
:1087F000537472696E67206C656E6774683A2025E1
:1088000064202D20256400416C6C6F7765642076B0
:10881000616C7565733A204F46462C204F4E002000
:1088200030202575004F464600434F525255505454
:10883000454420434F4E4649473A202573203D206A
:108840002564002573202573002573202D257300D2
:108850006D697865722072756C65202575202573A9
:10886000202573202573202564202564006D6978F8
:10887000657220696E70757420257320256420252B
:1088800064202564006D69786572206F7574707559
:10889000742025733A202564006C696D6974006D3D
:1088A00069786572206C696D697420257320256470
:1088B0002025640072617465006D697865722072AC
:1088C0006174652025732025640064656C006D6902
:1088D000786572206F7665727269646520257320F1
:1088E0006F6666006D69786572206F766572726971
:1088F000646520257320256400736572766F2025DA
:108900007520257520256420256420257520257572
:1089100020257520257520257500736572766F20DA
:1089200025643A20253464757320253364204F561E
:1089300045525249444500736572766F2025643A6A
:108940002025346475732025336400666C61677379
:1089500000736572766F20666C61677320256420F2
:10896000256352455620256347454F005245560022
:108970006D6F64655F636F6C6F7220257520257560
:1089800020257500636F6C6F722025752025642C7F
:1089900025752C2575006C656420257520257300D0
:1089A000727872616E6765202575202575202575A2
:1089B0000072616E6765206D696E2F6D6178006170
:1089C000646A66756E6320257520257520257520DF
:1089D00025752025752025752025752025752025D0
:1089E0007520257520257520256420256400736574
:1089F0007269616C20256420256420256C64202523
:108A00006C6420256C6420256C64006175782025D9
:108A1000752025752025752025752025752025753F
:108A200020257500494E56414C4944204C454E473F
:108A300054483A202564202845585045435445441D
:108A40003A2025642900494E56414C494420434868
:108A50004152414354455220464F554E443A2025F9
:108A600063005349474E41545552450053657420A5
:108A70007369676E61747572652E007369676E61E4
:108A80007475726520257300736176696E67005096
:108A90004C4541534520464958204552524F525368
:108AA000205448454E202753415645270067726F92
:108AB00075705F6964004E4F20435553544F4D20ED
:108AC00044454641554C545320464F554E44000DA5
:108AD0000A2320726573657474696E672067726F0C
:108AE000757020256420746F2064656661756C74F0
:108AF0007300726573657474696E6720746F2064A7
:108B0000656661756C74730056414C55452025733C
:108B1000204552524F520023736574202573203D27
:108B2000200000002E0000002E2E00004D53444F68
:108B300053352E30000000004E4F204E414D452051
:108B40002020200046415433322020200000000025
:108B5000482050726F647563743A426C61636B6253
:108B60006F7800005254464C5F253033642E4242E9
:108B70004C00000048204C6F6720737461727420B1
:108B80006461746574696D653A0000005254464C26
:108B90005F414C4C2E42424C000000005041444486
:108BA000494E472E5458540025303878203E3E20F8
:108BB0002A2A30313233343536373839414243444A
:108BC00045462A2A000000000000004B000000CBB0
:108BD000000FC93F000F494000CB9640000FC9402D
:108BE0000053FB4000CB164100ED2F41000F4941DF
:108BF0000031624100537B41003A8A4100CB9641EB
:108C0000005CA34100EDAF41007EBC41000FC941B3
:108C100000A0D5410031E24100C2EE410053FB41CA
:108C200000F20342003A0A420083104200CB16428F
:108C300000141D42005C234200A5294200ED2F4292
:108C400000363642007E3C4200C74242000F494295
:108C5000A2000000F9000000830000006E00000088
:108C60004E00000044000000150000002900000034
:108C7000FC0000002700000057000000D1000000A9
:108C8000F500000034000000DD000000C00000001E
:108C9000DB00000062000000950000009900000069
:108CA0003C00000043000000900000004100000074
:108CB000FE0000005100000063000000AB00000057
:108CC000DE000000BB000000C500000061000000E5
:108CD000B7000000240000006E0000003A00000011
:108CE000420000004D000000D2000000E000000043
:108CF00006000000490000002E000000EA0000000D
:108D000009000000D1000000920000001C000000DB
:108D1000FE0000001D000000EB0000001C00000031
:108D2000B100000029000000A70000003E00000084
:108D3000E80000008200000035000000F50000009F
:108D40002E000000BB000000440000008400000072
:108D5000E90000009C0000007000000026000000F8
:108D6000B40000005F0000007E0000004100000031
:108D70003900000091000000D6000000390000001A
:108D8000830000005300000039000000F4000000E0
:108D90009C000000840000005F0000008B000000C9
:108DA000BD000000F9000000280000003B000000AA
:108DB0001F000000F800000097000000FF00000006
:108DC000DE00000005000000980000000F00000019
:108DD000EF0000002F000000110000008B000000D9
:108DE0005A0000000A0000006D0000001F00000093
:108DF0006D000000360000007E000000CF00000083
:108E000027000000CB00000009000000B7000000B0
:108E10004F000000460000003F0000006600000018
:108E20009E0000005F000000EA0000002D0000002E
:108E30007500000027000000BA000000C700000015
:108E4000EB000000E5000000F10000007B000000E6
:108E50003D0000000700000039000000F70000009E
:108E60008A0000005200000092000000EA000000AA
:108E70006B000000FB0000005F000000B10000007C
:108E80001F0000008D0000005D00000008000000D1
:108E90005600000003000000300000004600000003
:108EA000FC0000007B0000006B000000AB00000035
:108EB000F0000000CF000000BC0000002000000017
:108EC0009A000000F4000000360000001D000000C1
:108ED000A9000000E3000000910000006100000014
:108EE0005E000000E60000001B000000080000001B
:108EF0006500000099000000850000005F00000090
:108F000014000000A0000000680000004000000005
:108F10008D000000FF000000D8000000800000006D
:108F20004D00000073000000270000003100000029
:108F300006000000060000001500000056000000BA
:108F4000CA00000073000000A8000000C900000073
:108F500060000000E20000007B000000C000000094
:108F60008C0000006B0000000000C93F0000F039D9
:108F70000000DA370000A2330000842E0000502BDE
:108F80000000C2270000D0220000C41F0000C61B42
:108F90000000441704000000070000000900000062
:108FA0000000004B000000CB600C00205245454EF5
:108FB00054206D616C6C6F632073756363656564C9
:108FC0006564002F6D6E742F776F726B73706163C1
:108FD000652F776F726B73706163652F4743432D05
:108FE000392D706970656C696E652F6A656E6B6985
:108FF0006E732D4743432D392D706970656C696E12
:10900000652D3230305F32303230303532315F31C1
:109010003539303035333337342F7372632F6E6503
:10902000776C69622F6E65776C69622F6C69626319
:109030002F7374646C69622F72616E642E63002CEE
:109040002066756E6374696F6E3A20006173736594
:109050007274696F6E2022257322206661696C65C7
:10906000643A2066696C6520222573222C206C6985
:109070006E65202564257325730A00232D302B206F
:1090800000686C4C006566674546470030313233F6
:109090003435363738394142434445460030313261
:1090A00033343536373839616263646566000000F1
:1090B00000000000000000000000000000000000B0
:1090C00000000000000000000000000000000000A0
:1090D0000000000000000000000000000000000090
:1090E0000000000000000000000000000000000080
:1090F0000000000000000000000000000000000070
:10910000000000000000000000000000000000005F
:109110000E02010002000000EC5B0020F45B002066
:1091200000000000D4980508F05B00201302010045
:109130000400000094220020FC5B002000000000DE
:10914000D6980508F85B00202320010010000000DD
:10915000305A0020045C00200000000019B501080E
:10916000005C00200D10010070000000405900203C
:10917000185C002000000000DBBE0208145C002028
:109180000902010001000000285600208C5C00202C
:1091900000000000DA980508885C00202C0005001B
:1091A0001400000014560020945C00200000000011
:1091B000B1BA0108905C0020FD010100240000000C
:1091C000D8550020AC5C0020000000002B380308BC
:1091D000A85C002006100100300000004C4A00206E
:1091E000D45C002000000000B1AF0308D05C002078
:1091F000FB0101000100000058490020085D00202B
:10920000000000004DAF0308045D0020FC010100D8
:109210000900000024480020105D0020000000002C
:1092200055AF03080C5D0020F701010006000000A7
:10923000F8470020205D002000000000DC980508B1
:109240001C5D0020F901010004000000E847002037
:109250002C5D002000000000A1380308285D0020DC
:1092600011020100080000005C410020345D002074
:1092700000000000E2980508305D00201212010095
:109280000400000054410020405D00200000000068
:10929000EA9805083C5D002018300100300000000D
:1092A00024410020485D00200000000095B0030824
:1092B000445D0020E8030100040000001840002085
:1092C0007C5D00200000000011B00308785D0020E4
:1092D000FF21010005000000BC3F0020845D00204C
:1092E000000000003DAF0308805D0020081204006C
:1092F00014000000C83F0020905D00200000000026
:109300002DB003088C5D0020FA010100030000006D
:10931000C83C0020A85D0020000000001DB003082C
:10932000A45D0020FE010100160000003430002082
:10933000B05D002000000000D5B20308AC5D002045
:109340000B3001001E0000009C790020207D0020D1
:1093500000000000F09805081C7D00201F5001004F
:10936000240000005C790020447D00200000000003
:1093700010990508407D0020050201000A00000048
:10938000DC7800206C7D0020000000003499050886
:10939000687D00200520010008000000988700205B
:1093A00064900020000000004099050860900020B3
:1093B00037100100300000007086002070900020FF
:1093C00000000000489905086C9000201E00010074
:1093D0000900000080800020A49000200000000010
:1093E00078990508A09000201B20010014000000BF
:1093F000787D0020B490002000000000095501088D
:10940000B09000202102010068010000B07D002022
:10941000D090002000000000A95E0108C890002044
:109420002610010008000000449200203C92002019
:1094300000000000114D010838920020EC031D00CF
:10944000AE000000ACA50020B0BE0020000000006F
:1094500061500208ACBE0020EB03200000010000B8
:109460009CBD002064BF0020000000000000000040
:1094700060BF00200E0006001803000084BA002020
:1094800068C000200000000091AF030864C0002005
:109490002002010060000000F8B1002084C3002019
:1094A000000000000000000080C300203400010024
:1094B0000800000014B10020E8C3002000000000F4
:1094C0001DCE0108E4C300202A000800800000002F
:1094D00084B00020F4C3002000000000F1CD01089A
:1094E000F0C30020EA0301000E0000008CA500205C
:1094F00078C40020000000008299050874C4002090
:10950000E90301001800000020B000208CC40020F6
:10951000000000009099050888C40020190001008F
:109520000600000018B00020A8C4002000000000C1
:10953000A8990508A4C40020292014007800000080
:10954000E8AE0020B4C400200000000000000000CD
:10955000B0C400202B001200240000002CAE00201C
:1095600030C500200000000085BA01082CC500208D
:109570001230010011000000DCAB002058C50020B3
:1095800000000000AE99050854C500200A900100B3
:10959000200000005CA6002070C500200000000034
:1095A000E5B401086CC500201C0202001C0000008C
:1095B0009CAA002094C5002000000000C1B103084F
:1095C00090C500202830010016000000B8AA002035
:1095D000B4C5002000000000F1CF0108B0C5002094
:1095E000290201004000000074C9002094DF00201F
:1095F00000000000C099050890DF0020F62101005E
:109600000C00000078DF0020F8DF002000000000E0
:10961000009A0508F4DF0020F83101000200000084
:1096200074DF002008E00020000000000C9A05080C
:1096300004E00020020001000C00000068DF0020B0
:1096400010E0002000000000000000000CE00020FE
:10965000061204001800000050DF002020E0002067
:109660000000000091B203081CE000201D0202006F
:1096700006000000C8DC00203CE0002000000000E4
:109680000000000038E0002023220100100000004C
:1096900034CB002048E0002000000000109A0508AC
:1096A00044E00020101001000200000050CB002018
:1096B0005CE0002000000000209A050858E000202F
:1096C000000101000400000010C8002064E0002038
:1096D00000000000229A050860E00020020101005D
:1096E0000300000054C900206CE0002000000000CE
:1096F000A158020868E000201310010004000000D7
:1097000008D2002074E0002000000000289A05081C
:1097100070E000202F10010022000000E4D10020A2
:109720007CE00020000000002C9A050878E0002072
:109730000C40060008010000D0C90020A4E0002071
:1097400000000000A1540208A0E000203800010041
:109750000700000074C80020B0E1002000000000F5
:109760004E9A0508ACE10020012001000C00000029
:1097700008CB0020BCE1002000000000569A05083C
:10978000B8E100202530200000020000CCE10020DC
:10979000C8E900200000000000000000C4E900202B
:1097A00028020400040000000CF50020B8F6002098
:1097B000000000008DAF0308B4F60020270204006B
:1097C0000400000008F50020C0F6002000000000A2
:1097D00081AF0308BCF60020160215003F00000010
:1097E000CCEB0020C8F6002000000000E5AE030826
:1097F000C4F600201A0201004900000044ED0020D8
:109800000CF7002000000000FDB0030808F700205E
:109810001B0201001000000088F7002078F70020EC
:10982000000000006DAF030874F700201F0208005D
:1098300010000000ACF700209CF7002000000000A2
:10984000E9AE030898F7002025020C000C00000088
:10985000CCF70020C0F7002000000000D5AE0308C0
:10986000BCF70020000201000B00000060F70020A0
:10987000DCF700200000000025B00308D8F7002026
:1098800016100100040000006CF70020ECF7002027
:1098900000000000629A0508E8F7002002020100BB
:1098A000030000000400012000000120000000006F
:1098B00000000000FCFF00202C020100040000005A
:1098C00004FB00201000012000000000669A05083B
:0498D0000C00012067
:1098D4000000000001000000000001000000000082
:1098E400000001010101FFFFFFFF0000AE014A017A
:1098F4005E012C0164000000000001000A019A01CD
:10990400001E0A0000006400640000000000000063
:109914000001000100050000010203000000000036
:10992400000000000000000000000000FF7F0800AD
:109934000100640000000F00646E000003010800D1
:109944004ECC000020003200C800D007960014005E
:10995400320028004C0440060005500014000F009B
:10996400080064000100010005000A000000F40181
:1099740096000F0000050100000000000000000038
:109984000000006400000000000000000100C800A6
:109994006400140014001E000A00000000003200DD
:1099A4001414000000004646469600000000010022
:1099B4000553473437000000000000000000000099
:1099C4000000000000000000000000000000000093
:1099D4000000000000000000000000000000000083
:1099E4000000000000000000000000000000000073
:1099F4000000000000000000000000000000000063
:109A04000100000002020000080000000000000045
:109A14000000000000000000FF00000000059001AD
:109A24000000000000000000000000000000000032
:109A34000000000000000000000000000000000022
:109A44000000000000000000000000190519050CCA
:109A54001900E80364000F0A00010A001E00C4098B
:069A6400000019001900CA
:109A6A0000C20100000008000A06000200000040CF
:109A7A000100000009026400030100C03209040069
:109A8A00000103000000092111010001223600072C
:109A9A0005830308000A080B0102020201000904F7
:109AAA000100010202010005240010010524010041
:109ABA0002042402020524060102070582030800A3
:109ACA00FF09040200020A00000007050102400023
:109ADA0000070581024000000DF600089DF5000808
:109AEA005908010800000000A5E6000859F300081B
:109AFA00D1E600080000000000000000000000009D
:109B0A008DE6000899E6000881E6000875E6000877
:109B1A001A0300000000000000000000000000001E
:109B2A000000000000000000000000000403090417
:109B3A00FFFFFFFF0024F4001201000200000040B2
:109B4A0083042A57000201020301000012010002E5
:109B5A000200004083044057000201020301000092
:109B6A0012010002EF020140830456320002010290
:109B7A0003010000000000000000000001000000D6
:109B8A0000000000000000009822002000000000F1
:109B9A0001000000000000000000000000000000BA
:109BAA0000000000000000000000000000000000AB
:109BBA00000000000000000000000000010000009A
:109BCA0000000000000002400800024000000000FF
:109BDA000000000000000000000B00000000000070
:109BEA000000000000000000000002401C000240CB
:109BFA00000000000000000000000000040C00004B
:109C0A000000000000000000000000000000024008
:109C1A0030000240000000000000000000000000C8
:109C2A00080D000000000000000000000000000015
:109C3A000000024044000240000000000000000052
:109C4A00000000000C0E00000000000000000000F0
:109C5A00000000000000024058000240000000001E
:109C6A000000000000000000100F000000000000CB
:109C7A000000000000000000000002406C000240EA
:109C8A0000000000000000000000000014100000A6
:109C9A000000000000000000000000000000024078
:109CAA0080000240000000000000000000000000E8
:109CBA001811000000000000000000000000000071
:109CCA000000024094000240000000000000000072
:109CDA00000000001C6000000000000000000000FE
:109CEA0000000000000402400804024000000000D6
:109CFA000000000000000000003800000000000022
:109D0A000000000000000000000402401C040240A1
:109D1A0000000000000000000000000004390000FC
:109D2A0000000000000000000000000000040240E3
:109D3A0030040240000000000000000000000000A3
:109D4A00083A0000000000000000000000000000C7
:109D5A000004024044040240000000000000000029
:109D6A00000000000C3B00000000000000000000A2
:109D7A0000000000000402405804024000000000F5
:109D8A000000000000000000103C0000000000007D
:109D9A000000000000000000000402406C040240C1
:109DAA000000000000000000000000001461000034
:109DBA000000000000000000000000000004024053
:109DCA0080040240000000000000000000000000C3
:109DDA0018620000000000000000000000000000FF
:109DEA000004024094040240000000000000000049
:109DFA00000000001C6300000000000000000000DA
:109E0A00000000007D0000001D760008E5690008DA
:109E1A001D6B0008216C0008A16C0008616D000828
:109E2A00F9640008BD640008B56400080000000079
:109E3A000000000000000000000000000100000017
:109E4A000000000000000000000000000100000007
:109E5A000000803F0A0600020000004001000000E6
:109E6A0009072000010104C03209040000020806A3
:109E7A005005070581024000000705010240000065
:109E8A0009022000010104C0320904000002080688
:109E9A005005070581024000000705010240000045
:109EAA0009022000010104C0320904000002080668
:109EBA0050050705810200020007050102000200A1
:109ECA000A06000200000040010000000902220008
:109EDA00010100E032090400000103010200092126
:109EEA00110100012236000705830308000A000059
:109EFA0009022200010100E0320904000001030105
:109F0A000200092111010001223600070583030816
:109F1A000007000009022200010100E032090400E2
:109F2A000001030102000921110100012236000784
:109F3A0005830308000A00000A0600020000004028
:109F4A000100000009074300020104C032090400AD
:109F5A00000102020100052400100105240100018C
:109F6A0004240202052406000107058203080010E2
:109F7A0009040100020A000000070501024000006E
:109F8A00070581024000000009024300020100C0E7
:109F9A003209040000010202010005240010010533
:109FAA002401000104240202052406000107058297
:109FBA000308001009040100020A00000007050155
:109FCA0002000200070581020002000009024300A4
:109FDA00020100C032090400000102020100052446
:109FEA0000100105240100010424020205240600D0
:109FFA00010705820308001009040100020A000093
:10A00A000007050102400000070581024000000127
:10A01A0005010905A101A10005010930093109322B
:10A02A00093309350934093609371581257F750839
:10A03A0095088102050919012908150025019508C5
:10A04A0075018102C0C000000921110100012236F8
:10A05A0000000000FFFFFFFF147D00200000000049
:10A06A00E47C0020000000000F0000000200000055
:10A07A000100000000000101FFFF000001F11F3F85
:10A08A00D6010000D4A7002028A800200101010061
:10A09A0000010101000000000000803F00000000F4
:10A0AA0000000000000000000000803F00000000E7
:10A0BA000000000000000000000000000000000096
:10A0CA000000000000000000000000000000000086
:10A0DA00F50C040800000000000000000000000069
:10A0EA00FFFFFFFF00000000E4DF0020080000007F
:10A0FA0000000000D4DF002008000000010102FF78
:10A10A00FF010200ED620008D16200088D620008BA
:10A11A0000000000816200086D62000859620008B0
:10A12A000000000000000000000000000000000025
:10A13A004D6200080000000041620008956B0008AB
:10A14A00D1630008A9630008BD63000861630008C1
:10A15A004D63000839630008A17400083D620008D5
:10A16A00BD610008E1B7000871BF020800000000E5
:10A17A00000000000000000021BF020800000000EB
:10A18A0000000000000000005C2E0508642E05088F
:10A19A00000000001D590208A0860100040000000A
:10A1AA005C2E05086C2E050800000000113E03080D
:10A1BA00E803000004000000742E050800000000F7
:10A1CA0000000000916C02087D000000FF00000002
:10A1DA00103605080000000000000000D9670208D8
:10A1EA007D000000FF000000CC36050800000000DA
:10A1FA00000000006D8E02087D000000FF000000D4
:10A20A007C2E0508000000000000000059390308F0
:10A21A00E803000003000000802E0508000000008B
:10A22A0000000000255A0208D007000003000000C1
:10A23A00385D050800000000E5B901082957030840
:10A24A005F76000005000000D860050800000000E5
:10A25A0000000000B999030810270000020000005E
:10A26A008C2E05080000000000000000C13603081B
:10A27A00E803000005000000982E05080000000011
:10A28A0000000000FD700208102700000300000013
:10A29A00A82E050800000000000000005D720208F8
:10A2AA001027000003000000B82E05080000000077
:10A2BA00000000003D3B0308400D030003000000BE
:10A2CA00D02905080000000000000000610803080A
:10A2DA001027000002000000C82E05080000000038
:10A2EA0000000000C18701081027000003000000D9
:10A2FA00CC2E050800000000000000004100030801
:10A30A00A086010002000000D42E0508000000000B
:10A31A0000000000F101030850C300000200000021
:10A32A00F429050800000000000000001DD90208F9
:10A33A00A00F000002000000DC2E0508000000004B
:10A34A00000000008D9B0108102700000200000099
:10A35A00E82E0508000000000000000049F7000888
:10A36A001027000002000000F42E0508000000007B
:10A37A0000000000258B020840420F000100000087
:10A38A00002F05080000000000000000F5D80208B0
:10A39A0050C30000010000000C2F05080000000057
:10A3AA0000000000F56C0108102700000200000000
:10A3BA000011000008000240000000000012000026
:10A3CA001C000240000000000013000030000240A0
:10A3DA0000000000001400004400024000000000D9
:10A3EA00001500005800024000000000001600009E
:10A3FA006C000240000000000017000080000240CC
:10A40A000000000000180000940002400000000054
:10A41A0000210000080402400000000000220000A1
:10A42A001C04024000000000002300003004024027
:10A43A000000000000240000440402400000000064
:10A44A000025000058040240000000000026000019
:10A45A006C04024000000000002700008004024053
:10A46A0000000000002800009404024000000000E0
:10A47A00145D05080000080205030400000000003E
:10A48A00205D050801000802050404000000000020
:10A49A002C5D050800000802050304000000000006
:10A4AA00345D0508010008020504040000000000EC
:10A4BA00302C05080200FE01011005000000000012
:10A4CA0080320508030014020003000000000000A7
:10A4DA003C5D050804001F0202000800000000009D
:10A4EA00445D050805001F02020108000000000083
:10A4FA004C5D05080600250201000C00FE811300D0
:10A50A00FFFF0000FFFFFFFF010000000200000044
:10A51A0000000000280C00200800012002000000B2
:10A52A00010000001D130408240C00200000000094
:10A53A0001000000010000005D130408AC0A0020BD
:10A54A000000000000000000000000000000000001
:10A55A0000000000000000000000000001000000F0
:10A56A0000000000000000000000000000000000E1
:10A57A0001000000000000000000000000000000D0
:10A58A00000000000100000000000000D8000000E8
:10A59A00000000000500000006000000FFFFFFFFAA
:10A5AA000300000000000000050000000500010192
:10A5BA00E1F4000851F50008C10501080000000097
:10A5CA000000000021F30008E1F300080000000089
:10A5DA0000000000000000002DE6000821E6000847
:10A5EA0015E6000809E60008B52704089D270408AF
:10A5FA008D270408B51104083D270408E526040838
:10A60A00A51104082C0C0020F5200408BD1104082B
:10A61A00B9110408B1110408FD210408AD11040898
:10A62A00A91104082C220508E02E01205036012029
:10A63A00000300010001000060360120F0610120E2
:10A64A0000030001010000000062012000620120F5
:10A65A00000300010000000001FF000000000000EC
:10A66A0004010000000700000200000001000000D1
:10A67A0000020000100000000000000000000000BE
:10A68A000000000006000000050000000080020231
:10A69A001F00000053544D202020202050726F6468
:10A6AA00757420202020202020202020302E3031B8
:10A6BA00C70000000500000006FF0000600C002033
:10A6CA0000000000D0900508F0900508B090050839
:10A6DA000000000000000000000000000000000070
:10A6EA000000000000000000000000000000000060
:10A6FA000000000000000000000000000000000050
:10A70A00000000000000000000000000000000003F
:10A71A00000000000000000000000000000000002F
:0400000508000000EF
:00000001FF
